training_seed,arm,optimizer_updates,parameter_count,last_10_update_loss,training_seconds_cumulative,parameters_json
840500,SENSORY_SITE,60,4,0.6099479854106903,0.8465745839999996,"{""raw"":[2.4973604679107666,0.35718458890914917,0.08106087148189545,-0.546455979347229]}"
840500,SENSORY_SITE,120,4,0.611039799451828,1.6769781250000004,"{""raw"":[2.4608829021453857,0.6954964995384216,0.015383642166852951,-0.6528778076171875]}"
840500,SENSORY_SITE,240,4,0.6067524731159211,3.369755628999996,"{""raw"":[2.489629030227661,1.2366405725479126,-0.235393226146698,-0.7485041618347168]}"
840500,OUTPUT_SITE,60,4,0.6553244054317474,0.8306462890000033,"{""raw"":[2.1873362064361572,0.6858130097389221,0.14527949690818787,-0.4444124698638916]}"
840500,OUTPUT_SITE,120,4,0.6392597138881684,1.6651309550000013,"{""raw"":[1.6914708614349365,1.0808240175247192,0.30091986060142517,-0.38305914402008057]}"
840500,OUTPUT_SITE,240,4,0.64309002161026,3.359167330999993,"{""raw"":[1.1227539777755737,1.7298741340637207,0.31616148352622986,0.20357754826545715]}"
840500,NO_FEEDBACK,60,4,0.6565491259098053,0.802625995000005,"{""raw"":[2.1988332271575928,0.6902958750724792,-0.2074553668498993,0.18610435724258423]}"
840500,NO_FEEDBACK,120,4,0.6515354871749878,1.6111639530000108,"{""raw"":[1.6906898021697998,1.0653939247131348,-0.31784242391586304,0.19626367092132568]}"
840500,NO_FEEDBACK,240,4,0.5881342560052871,3.221894495000006,"{""raw"":[1.0580912828445435,1.7511917352676392,-0.35937681794166565,0.1298488974571228]}"
840500,GENERIC_RNN,60,4,0.6602210819721221,0.6517729519999946,"{""raw"":[0.5352246761322021,0.6576920747756958,-0.07783490419387817,0.3066803216934204]}"
840500,GENERIC_RNN,120,4,0.6438997507095336,1.3064536560000022,"{""raw"":[0.731831431388855,0.8429355621337891,-0.11805664002895355,0.4412841796875]}"
840500,GENERIC_RNN,240,4,0.6873017489910126,2.6347562310000168,"{""raw"":[0.8784525990486145,1.1258505582809448,-0.1702096313238144,0.4437536895275116]}"
840500,GRU_8,60,321,0.6308765947818756,1.0572478289999907,"{""gru.weight_ih"":[-0.09733740985393524,0.3305806517601013,0.23223155736923218,-0.05365610867738724,-0.3246511220932007,-0.08737944066524506,0.16015134751796722,0.24265635013580322,-0.41706615686416626,0.38772639632225037,-0.4956589639186859,-0.21427421271800995,0.16304974257946014,0.18999424576759338,-0.1915832757949829,0.13236546516418457,-0.05399147421121597,0.07456247508525848,-0.337077260017395,-0.09251604974269867,-0.4739263355731964,-0.25618505477905273,-0.08060260862112045,-0.2846616506576538,-0.06648445129394531,-0.3917401432991028,-0.84051913022995,-0.3552604019641876,-0.07549140602350235,0.2949691414833069,0.060057587921619415,0.4279242157936096,0.16560985147953033,0.15728874504566193,-0.30550044775009155,-0.18833179771900177,-0.2524765133857727,-0.10857561230659485,0.08356203883886337,-0.06288893520832062,-0.20981283485889435,0.11336889117956161,0.16141021251678467,-0.2114124894142151,-0.4042167663574219,-0.11308202892541885,-0.3851907551288605,-0.05796881020069122,0.05428658798336983,-0.4700916111469269,-0.0792112648487091,0.33248358964920044,0.47219228744506836,0.12107563018798828,-0.1470698118209839,-0.21707209944725037,0.05720934271812439,0.6447548270225525,-0.007433375809341669,-0.10175129771232605,0.5925363302230835,0.25012609362602234,0.13119475543498993,0.386401891708374,0.0006255260668694973,-0.029512422159314156,0.5823315978050232,-0.05498461797833443,0.5625851154327393,-0.35055679082870483,-0.1489768624305725,-0.05112892761826515],""gru.weight_hh"":[0.27762675285339355,0.5670900344848633,-0.3625532388687134,0.4397117495536804,0.11293097585439682,-0.09074729681015015,0.014296271838247776,-0.4132579267024994,-0.47019699215888977,-0.1789708435535431,0.35395246744155884,0.11268791556358337,-0.08457799255847931,0.15956144034862518,0.09533262997865677,-0.2058720588684082,0.10713936388492584,-0.41846296191215515,-0.11754700541496277,0.08197344094514847,-0.06835424154996872,-0.011838482692837715,-0.15123769640922546,-0.3703002333641052,-0.22076719999313354,0.08850142359733582,0.06903081387281418,-0.14343073964118958,0.27657854557037354,-0.11006923764944077,-0.2604080140590668,0.21963286399841309,-0.01726621948182583,-0.17377160489559174,0.14810381829738617,-0.1486326903104782,0.1294987052679062,0.3755086362361908,-0.10623063147068024,-0.3959439992904663,0.11432601511478424,0.32481181621551514,-0.16912908852100372,-0.20533126592636108,0.31092315912246704,-0.0569012388586998,0.2717815935611725,0.01146602537482977,-0.02718270570039749,-0.35505253076553345,-0.16711075603961945,0.05596796050667763,-0.17583532631397247,0.011237602680921555,-0.24313944578170776,-0.27983060479164124,-0.5265275835990906,0.11735106259584427,-0.07077907770872116,-0.45159104466438293,-0.4590178430080414,-0.36152544617652893,-0.3124476373195648,0.3811628222465515,0.028231961652636528,-0.6680113673210144,-0.03837749734520912,-0.24648256599903107,-0.39730367064476013,0.11132632195949554,-0.49200233817100525,0.15806637704372406,-0.17820554971694946,0.3840537369251251,0.18503887951374054,0.5104564428329468,0.5565842986106873,-0.5984043478965759,0.393846333026886,0.11188817024230957,0.3087638318538666,0.18371747434139252,0.23447811603546143,-0.29152315855026245,0.2143118530511856,0.16171304881572723,-0.21882762014865875,-0.2802344560623169,-0.1370297372341156,0.42105135321617126,-0.3591628670692444,-0.02138204500079155,-0.07763855159282684,-0.08592172712087631,-0.025086451321840286,0.47815820574760437,-0.15004344284534454,0.5132039785385132,-0.3945833742618561,0.5503060817718506,0.6244504451751709,-0.17620833218097687,0.17827410995960236,-0.032615453004837036,0.2067594975233078,-0.10362479090690613,-0.19916489720344543,0.39545661211013794,0.4826965928077698,-0.5609019994735718,-0.03760334104299545,-0.17396295070648193,0.32509201765060425,-0.10825134068727493,-0.4090881645679474,-0.7304508686065674,-0.2720937430858612,-0.22399935126304626,0.03211669251322746,0.2513301372528076,-0.18829824030399323,0.1842341125011444,-0.4422634243965149,0.10028640925884247,-0.04910464212298393,-0.11920566111803055,0.4484027326107025,0.02613239362835884,0.291473388671875,0.49152326583862305,0.21074225008487701,-0.3974144756793976,-0.11941533535718918,-0.06328897923231125,-0.44922953844070435,-0.05033484101295471,-0.10805962234735489,-0.10343354940414429,0.18838489055633545,0.38038283586502075,0.5327475666999817,0.42018622159957886,0.11946270614862442,-0.38501787185668945,0.2935813367366791,0.14337146282196045,0.01990867406129837,-0.0050620948895812035,0.09956943243741989,-0.12179134041070938,0.2953173816204071,-0.09862251579761505,-0.17142364382743835,-0.24359244108200073,-0.2894345819950104,0.5923889875411987,0.21906092762947083,0.34183362126350403,-0.004673696123063564,-0.38614335656166077,0.24414603412151337,0.1682732105255127,-0.16674990952014923,0.5539422631263733,0.03467285633087158,-0.20732976496219635,-0.0743047371506691,0.003092620288953185,0.28048425912857056,0.053558602929115295,0.1670795977115631,0.4991420805454254,0.03361920639872551,0.19252818822860718,0.00936036091297865,0.2215716391801834,-0.4816725552082062,0.3999134302139282,0.008193828165531158,-0.10273309051990509,0.5717846155166626,-0.09851588308811188,-0.1900029182434082,-0.37165749073028564,-0.37340810894966125,-0.364241361618042,-0.07149083912372589,-0.4886672794818878,-0.1585637331008911,-0.043808162212371826,-0.0787154957652092,0.08861729502677917],""gru.bias_ih"":[-0.04045060649514198,0.24217669665813446,0.17480523884296417,0.20797784626483917,-0.19952799379825592,-0.22978849709033966,-0.20241540670394897,0.06435491889715195,0.12118177860975266,-0.4164738059043884,0.017456267029047012,-0.5977221131324768,-0.44249311089515686,-0.363657146692276,-0.5301559567451477,-0.4824758768081665,-0.09931887686252594,-0.11822869628667831,-0.11152846366167068,0.0569310188293457,-0.12133849412202835,0.3978998363018036,0.15553177893161774,-0.3954576849937439],""gru.bias_hh"":[0.16620522737503052,-0.05312851816415787,0.30140820145606995,0.1453547328710556,0.37820979952812195,0.11220928281545639,0.1784605234861374,0.16647550463676453,0.18477317690849304,-0.15108045935630798,-0.11061188578605652,-0.5453022122383118,-0.546347439289093,-0.2662878930568695,-0.25869056582450867,-0.2718519866466522,-0.11475066095590591,-0.15552778542041779,0.4370844066143036,-0.05593256279826164,0.3129855692386627,0.21857582032680511,-0.32943686842918396,0.03633270040154457],""head.weight"":[-0.05118776485323906,0.20654405653476715,-0.03449266031384468,0.2532542645931244,0.5595096945762634,0.25803786516189575,0.27245330810546875,-0.44236505031585693],""head.bias"":[-0.1775437891483307]}"
840500,GRU_8,120,321,0.5864884912967682,2.126580243999996,"{""gru.weight_ih"":[-0.14856427907943726,0.3606894910335541,0.26615607738494873,0.037223029881715775,-0.7978057265281677,-0.2126113474369049,0.1415175348520279,0.3603721559047699,-0.17004403471946716,0.4859837591648102,-0.9088343977928162,-0.3939003646373749,0.27024227380752563,-0.0614178404211998,-0.41086268424987793,0.2362019121646881,-0.20289823412895203,-0.07938040792942047,-0.2611354887485504,-0.12150078266859055,-0.7292132377624512,-0.17656977474689484,-0.5247433185577393,-0.40426915884017944,0.15205471217632294,-0.5298823714256287,-0.9755973815917969,-0.3160930275917053,-0.11160487681627274,0.3517560362815857,0.06730865687131882,0.22188527882099152,0.19819968938827515,0.2473364621400833,-0.571112871170044,-0.47523459792137146,-0.069489985704422,-0.3008655905723572,-0.012468741275370121,0.09195946902036667,-0.4103710651397705,-0.0592343732714653,0.3203064501285553,-0.40779179334640503,-0.4679473340511322,-0.0038331318646669388,-0.47137880325317383,-0.1255555897951126,0.06277727335691452,-0.2814696729183197,-0.29191210865974426,0.3684156537055969,0.41764020919799805,-0.017512526363134384,-0.14966915547847748,-0.3262343108654022,0.16014951467514038,0.6308101415634155,0.13534031808376312,-0.20660176873207092,0.6363078355789185,0.2254679650068283,0.13325071334838867,0.4453600347042084,0.05743912234902382,-0.024009540677070618,0.9231454730033875,-0.3289809226989746,0.5342465043067932,-0.402400940656662,-0.15556859970092773,-0.025636663660407066],""gru.weight_hh"":[0.3066583573818207,0.5145358443260193,-0.3447189927101135,0.4533112645149231,0.09832721948623657,-0.060587815940380096,0.03881917893886566,-0.4233715832233429,-0.37188535928726196,-0.2874559462070465,0.33898407220840454,0.08909408003091812,-0.13536250591278076,0.13067090511322021,-0.0419633574783802,-0.1274624913930893,0.03078310936689377,-0.1736326962709427,-0.05856162682175636,0.10827086120843887,0.02014414221048355,0.004532243125140667,0.027758602052927017,-0.4155433475971222,-0.28146255016326904,-0.004397912882268429,0.09124759584665298,-0.16625182330608368,0.17450682818889618,-0.08401624113321304,-0.4199814796447754,0.21639984846115112,-0.1651480346918106,-0.24718695878982544,0.14220057427883148,-0.16879457235336304,0.018748341128230095,0.4189283847808838,-0.29649224877357483,-0.40296733379364014,0.017191972583532333,0.29576870799064636,-0.16536661982536316,-0.2622987926006317,0.24338021874427795,-0.05511735752224922,0.15414564311504364,0.017189765349030495,0.189193993806839,-0.522677481174469,-0.22080403566360474,-0.08551234751939774,-0.3845425844192505,-0.07044576108455658,-0.40573665499687195,-0.1335243433713913,-0.5418782830238342,-0.03249138593673706,-0.04732740670442581,-0.5361444354057312,-0.5600831508636475,-0.39212581515312195,-0.40548962354660034,0.5307869911193848,-0.10862897336483002,-0.7504386901855469,0.101165272295475,-0.4317634105682373,-0.45993176102638245,-0.1263013333082199,-0.6285300254821777,0.340982586145401,-0.06056033819913864,0.34905102849006653,0.0701804980635643,0.7362470030784607,0.6633239984512329,-0.625072181224823,0.4252847731113434,0.1995483785867691,0.26175761222839355,0.1955597847700119,0.2350713610649109,-0.27199268341064453,0.25042304396629333,0.3241631090641022,-0.20903295278549194,-0.3343525528907776,-0.3330119550228119,0.17398515343666077,-0.38092243671417236,-0.34559550881385803,-0.33078238368034363,-0.34796592593193054,-0.3168424665927887,0.8732573986053467,0.08431412279605865,0.4408971071243286,-0.542300283908844,0.5106759667396545,0.6008543968200684,-0.3785194456577301,0.06009107828140259,0.1368202269077301,0.3149343729019165,-0.2071656584739685,-0.2506515383720398,0.20316468179225922,0.3840126097202301,-0.9568113684654236,-0.28147950768470764,0.10611560195684433,0.6240509152412415,-0.01727808266878128,-0.5196444988250732,-0.9656031131744385,-0.12349742650985718,-0.547314465045929,0.05707743391394615,0.45367786288261414,-0.002833251841366291,0.11421127617359161,-0.6170150637626648,0.11571712046861649,-0.05256016552448273,-0.3339459002017975,0.3737032115459442,0.19124355912208557,0.19244292378425598,0.4271237552165985,0.17732474207878113,-0.41735297441482544,-0.186405748128891,-0.054327573627233505,-0.5728451013565063,-0.04608902707695961,-0.06987219303846359,-0.127360999584198,0.16479986906051636,0.40666037797927856,0.514143705368042,0.43212100863456726,0.03301699459552765,-0.4001275599002838,0.25090673565864563,0.15804816782474518,0.05653642863035202,-0.026524407789111137,0.1168920025229454,-0.13230742514133453,0.39201897382736206,-0.07887910306453705,-0.14942315220832825,-0.17629477381706238,-0.3542959690093994,0.7102420926094055,0.2959967255592346,0.37862855195999146,-0.06714494526386261,-0.4688604772090912,0.2865421175956726,0.19253678619861603,-0.19277697801589966,0.6243972182273865,0.07587439566850662,-0.18476822972297668,-0.11821533739566803,-0.042041677981615067,0.3360966145992279,0.06717409938573837,0.12399672716856003,0.5468544960021973,0.06189945340156555,0.2058270275592804,-0.03598818555474281,0.1976241171360016,-0.3283635079860687,0.36764201521873474,-0.006036716513335705,-0.0063695646822452545,0.5942232608795166,-0.08376387506723404,-0.2141072154045105,-0.3964584767818451,-0.43882501125335693,-0.40549278259277344,-0.032625384628772736,-0.5418635010719299,-0.20645086467266083,-0.056288544088602066,-0.05858869478106499,0.1261134147644043],""gru.bias_ih"":[-0.017176344990730286,0.2101714313030243,0.1820916384458542,0.2568211257457733,-0.13835278153419495,-0.20815524458885193,-0.259189635515213,0.050361018627882004,0.09808868169784546,-0.5840306878089905,0.18566805124282837,-0.5592646598815918,-0.7239637970924377,-0.6028769016265869,-0.8596557378768921,-0.8158169388771057,-0.07185869663953781,-0.10982196033000946,-0.11785276234149933,0.08843071758747101,-0.1082247942686081,0.40286993980407715,0.14530768990516663,-0.40269413590431213],""gru.bias_hh"":[0.18947948515415192,-0.08513379842042923,0.3086947202682495,0.19419799745082855,0.43938493728637695,0.1338425725698471,0.12168624997138977,0.15248169004917145,0.16168010234832764,-0.31863734126091003,0.05759992450475693,-0.5068447589874268,-0.8278180956840515,-0.5055075287818909,-0.5881903171539307,-0.6051930785179138,-0.08892196416854858,-0.14415127038955688,0.4254346191883087,-0.02558349259197712,0.3284972608089447,0.22515934705734253,-0.34123820066452026,0.030828114598989487],""head.weight"":[0.026099322363734245,0.2578897476196289,-0.03002746030688286,0.31481650471687317,0.6557881236076355,0.2760350704193115,0.36742469668388367,-0.4730595648288727],""head.bias"":[-0.17824029922485352]}"
840500,GRU_8,240,321,0.4965617895126343,4.251021832999971,"{""gru.weight_ih"":[-0.11168729513883591,0.6829811334609985,0.05041196942329407,-0.050285521894693375,-1.2305223941802979,-0.20454636216163635,0.2010139375925064,0.7901864051818848,0.07104630023241043,0.6270516514778137,-1.5169048309326172,-0.36134040355682373,0.4480525255203247,-0.530739963054657,-0.33741748332977295,0.33936673402786255,-0.48310917615890503,-0.11357608437538147,-0.4976692199707031,-0.16358287632465363,-0.23021478950977325,-0.20987960696220398,-0.9017888307571411,-0.3262439966201782,0.40396228432655334,-0.9572128653526306,-0.799317479133606,-0.346717894077301,-0.1865718513727188,0.8132343292236328,0.05813322216272354,-0.7213631868362427,0.2593989670276642,0.2162259817123413,-0.7999290227890015,-0.5108665227890015,-0.016227705404162407,-0.49035534262657166,0.04531587287783623,0.11981447041034698,-0.5841333866119385,-0.08659674227237701,0.25821927189826965,-0.6206848621368408,-0.20972183346748352,-0.004888567607849836,-0.5233218669891357,-0.07068632543087006,0.0993281751871109,-0.2864948809146881,-0.2075846642255783,0.44202306866645813,0.35596024990081787,-0.1207757517695427,-0.07714114338159561,-0.2782600224018097,0.3554205596446991,0.6354296803474426,0.16059686243534088,-0.2575552761554718,0.723511278629303,0.1428907811641693,0.13958559930324554,0.49204179644584656,-0.04810550436377525,-0.05682418867945671,1.2769421339035034,-0.20931345224380493,0.5805951356887817,-0.4575542211532593,-0.11056195944547653,-0.018833523616194725],""gru.weight_hh"":[0.2491588145494461,0.5718837380409241,-0.06342203915119171,0.3403482437133789,-0.0030684839002788067,-0.17953729629516602,-0.1262681782245636,-0.36882928013801575,-0.21014633774757385,-0.18291915953159332,0.3105344772338867,0.09794484078884125,-0.10642781108617783,0.062119416892528534,-0.00015818292740732431,-0.11579453200101852,-0.464316725730896,0.2092801183462143,0.46320512890815735,0.16452093422412872,0.1331525444984436,0.16230128705501556,0.24323676526546478,-0.6333501935005188,-0.1563073843717575,0.04985152184963226,-0.010284599848091602,-0.09354684501886368,0.2513432502746582,-0.046476855874061584,-0.31927329301834106,0.19827502965927124,-0.23965583741664886,-0.12447036802768707,0.16576352715492249,-0.12357842922210693,0.14869424700737,0.42743057012557983,-0.09780601412057877,-0.41245466470718384,0.05044988542795181,0.3093045949935913,-0.2668643891811371,-0.2542860209941864,0.24731868505477905,-0.061000630259513855,0.12813305854797363,0.021821387112140656,0.17036913335323334,-0.406928151845932,-0.33928462862968445,0.1346476972103119,-0.03709104657173157,-0.030054176226258278,-0.20233263075351715,-0.355791836977005,-0.4883410334587097,0.05809896066784859,0.006222821772098541,-0.4850543439388275,-0.4910638630390167,-0.3497052788734436,-0.2970636487007141,0.4766148328781128,-0.1444653421640396,-0.6938802599906921,0.38132545351982117,-0.35897210240364075,-0.33728110790252686,0.3915167450904846,-0.41317063570022583,0.2148825079202652,-0.17696380615234375,0.5921534895896912,0.07818832993507385,1.1029150485992432,1.1854463815689087,-0.3380780816078186,0.753119707107544,-0.07641695439815521,0.2810884416103363,-0.13334953784942627,0.1569346934556961,-0.05622968077659607,0.1822599172592163,0.9008194804191589,-0.02178359590470791,-0.5968668460845947,-0.32048359513282776,0.12291278690099716,-0.39139503240585327,-0.4590819776058197,-0.40429431200027466,-0.48923763632774353,-0.319973349571228,0.9688127040863037,0.18156948685646057,0.516775369644165,-0.6079451441764832,0.5537782311439514,0.6467865705490112,-0.4056685268878937,0.13183782994747162,0.1258123517036438,0.3697683811187744,-0.20396371185779572,-0.21732844412326813,0.09436265379190445,0.32889899611473083,-1.2054520845413208,-0.3058338165283203,0.17865829169750214,0.7877161502838135,0.25796887278556824,-0.326194703578949,-0.7876099944114685,0.14503346383571625,-0.6872637271881104,0.22991639375686646,0.3659663498401642,0.1173684298992157,0.1451350748538971,-0.655709981918335,0.1673554927110672,-0.018877634778618813,-0.41119202971458435,0.44644320011138916,0.1724197268486023,0.16528640687465668,0.37084418535232544,-0.06265497952699661,-0.3507988154888153,-0.14909255504608154,-0.039408981800079346,-0.5946045517921448,-0.06909263879060745,-0.12435551732778549,-0.09245523810386658,0.1318589597940445,0.4113769829273224,0.5233712792396545,0.4289432466030121,0.00985485315322876,-0.3730448782444,-0.06599989533424377,0.30331724882125854,0.5975785255432129,-0.15678846836090088,0.17993387579917908,-0.08973205089569092,0.7917418479919434,-0.11694125086069107,-0.10009531676769257,-0.09477549046278,-0.6381055116653442,0.8183258771896362,0.4162411689758301,0.34716901183128357,-0.06456484645605087,-0.46690720319747925,0.2855698764324188,0.2513022720813751,-0.2956274747848511,0.6677556037902832,0.15105098485946655,-0.19523870944976807,-0.09529034048318863,-0.023189149796962738,0.41668057441711426,0.07981297373771667,-0.050806205719709396,0.6064517498016357,0.0973830446600914,0.20025761425495148,-0.04880670830607414,0.20011739432811737,-0.4538261890411377,0.4313671886920929,0.3400096893310547,-0.1539890021085739,0.44847917556762695,-0.09115290641784668,-0.07937408983707428,-0.3053648769855499,-0.4354034960269928,-0.43429189920425415,0.04954094812273979,-0.5811635851860046,-0.25535282492637634,-0.05160178616642952,-0.07052867859601974,0.12545432150363922],""gru.bias_ih"":[-0.12363790720701218,0.12392634898424149,0.3459485173225403,0.26548147201538086,-0.15996922552585602,-0.20910917222499847,-0.18197770416736603,0.06230631098151207,0.1644623726606369,-0.5248274803161621,0.918137788772583,-0.5658544301986694,-0.8279690146446228,-0.6008830070495605,-1.0134063959121704,-0.9365584850311279,-0.058044880628585815,-0.13512513041496277,-0.08839226514101028,0.04442698135972023,-0.1417228728532791,0.3810408413410187,0.13927383720874786,-0.38380730152130127],""gru.bias_hh"":[0.0830179750919342,-0.17137882113456726,0.47255170345306396,0.2028583288192749,0.4177684485912323,0.13288864493370056,0.19889827072620392,0.16442696750164032,0.22805379331111908,-0.25943422317504883,0.7900696396827698,-0.5134344696998596,-0.9318233132362366,-0.503513514995575,-0.7419410347938538,-0.725934624671936,-0.06997054815292358,-0.164558544754982,0.4638941287994385,-0.07069206982851028,0.29487714171409607,0.207793727517128,-0.3983476459980011,0.05081755667924881],""head.weight"":[0.059488970786333084,0.32805564999580383,-0.03999345377087593,0.3637949228286743,0.7655063271522522,0.2846050262451172,0.47793832421302795,-0.4935134947299957],""head.bias"":[-0.18923886120319366]}"
840501,SENSORY_SITE,60,4,0.5851371586322784,0.834978373999995,"{""raw"":[2.45097279548645,0.5548092126846313,-0.07987406849861145,-0.4763410985469818]}"
840501,SENSORY_SITE,120,4,0.5677760601043701,1.6636433339999819,"{""raw"":[2.3545873165130615,0.9597981572151184,-0.23988424241542816,-0.45881539583206177]}"
840501,SENSORY_SITE,240,4,0.5711717993021012,3.358296289999995,"{""raw"":[1.9928269386291504,1.5214722156524658,-0.4271043837070465,-0.4169187843799591]}"
840501,OUTPUT_SITE,60,4,0.6335878521203995,0.8413805839999853,"{""raw"":[2.202913284301758,0.6978742480278015,-0.09025251120328903,-0.5102141499519348]}"
840501,OUTPUT_SITE,120,4,0.5855691373348236,1.6796561679999833,"{""raw"":[1.7504339218139648,1.067670464515686,-0.3510968089103699,-0.4708468019962311]}"
840501,OUTPUT_SITE,240,4,0.573964285850525,3.3467602119999924,"{""raw"":[1.2532775402069092,1.7689480781555176,-0.3454601764678955,0.2456354945898056]}"
840501,NO_FEEDBACK,60,4,0.6311131119728088,0.8068759179999923,"{""raw"":[2.2297210693359375,0.6836097240447998,-0.02143174596130848,0.016626259312033653]}"
840501,NO_FEEDBACK,120,4,0.5858781695365906,1.6078427940000033,"{""raw"":[1.7347006797790527,1.0571305751800537,-0.22975371778011322,0.18711452186107635]}"
840501,NO_FEEDBACK,240,4,0.5643590927124024,3.2410651659999914,"{""raw"":[1.2186464071273804,1.807476282119751,-0.21973666548728943,0.11810293793678284]}"
840501,GENERIC_RNN,60,4,0.6842723846435547,0.6512662879999844,"{""raw"":[0.5744414329528809,0.6660636067390442,-0.007113845087587833,0.35421022772789]}"
840501,GENERIC_RNN,120,4,0.6267345011234283,1.3067260379999759,"{""raw"":[0.8122371435165405,0.872948944568634,-0.21276012063026428,0.5558606386184692]}"
840501,GENERIC_RNN,240,4,0.5982125461101532,2.6083137029999612,"{""raw"":[0.8906378746032715,1.1806061267852783,-0.20838454365730286,0.5463354587554932]}"
840501,GRU_8,60,321,0.5944600403308868,1.0941424599999934,"{""gru.weight_ih"":[0.061931073665618896,-0.27540847659111023,0.46882954239845276,-0.5933229923248291,-0.1869606226682663,-0.40270254015922546,0.35121268033981323,-0.21677237749099731,-0.3417016267776489,0.6480215191841125,-0.20739087462425232,0.061435047537088394,-0.2716214954853058,-0.2545255720615387,0.04131297767162323,0.2815416157245636,-0.3263534605503082,-0.17086541652679443,-0.048754699528217316,0.061320602893829346,-0.07300535589456558,0.746016800403595,-0.04369166120886803,-0.30974477529525757,0.031474433839321136,0.08933628350496292,-0.0420105867087841,-0.02319812774658203,0.010568307712674141,-0.39764928817749023,0.27968430519104004,-0.44869983196258545,-0.39520496129989624,-0.09382595866918564,-0.5105296969413757,-0.12731212377548218,0.24174706637859344,-0.041034549474716187,-0.19812722504138947,-0.036781229078769684,-0.44675832986831665,-0.44740167260169983,0.5137880444526672,0.546359121799469,0.24100515246391296,0.002577215200290084,-0.3818998336791992,-0.08426563441753387,0.019272837787866592,0.08709105104207993,0.29408878087997437,-0.4727781116962433,0.06775134056806564,-0.23900344967842102,0.36127105355262756,-0.12640565633773804,-0.3210877776145935,-0.4431619644165039,-0.2273409366607666,-0.1771540492773056,0.4091370105743408,-0.12711086869239807,-0.11057841032743454,-0.40104466676712036,-0.029974941164255142,-0.27205437421798706,0.12981896102428436,0.38669824600219727,0.3952593207359314,-0.5656952261924744,-0.1860334724187851,-0.24940547347068787],""gru.weight_hh"":[0.17946042120456696,-0.2462645173072815,-0.03278759494423866,0.17554913461208344,0.042673565447330475,-0.007378913462162018,-0.035371292382478714,0.10925281047821045,0.4410956799983978,0.47166529297828674,-0.31992435455322266,-0.05721638724207878,0.221467986702919,0.042783353477716446,-0.46336695551872253,0.3025590479373932,-0.1479288637638092,0.28293105959892273,0.0433320514857769,0.21867433190345764,-0.3208354115486145,0.27870476245880127,-0.2113523781299591,-0.22625523805618286,0.11808957159519196,0.11766383051872253,-0.4721935987472534,0.1271786242723465,0.4615570604801178,0.4817337691783905,-0.098007932305336,0.16751016676425934,-0.263330340385437,0.046668704599142075,-0.2569761872291565,0.1140047013759613,0.35530605912208557,0.3833770155906677,-0.23284736275672913,0.04567406699061394,-0.2471635788679123,-0.25781047344207764,0.041664548218250275,-0.2122671902179718,-0.049911703914403915,-0.3481292426586151,-0.04774721339344978,0.075749970972538,-0.05735040083527565,0.3462134897708893,-0.2759786546230316,-0.030515694990754128,-0.08611960709095001,-0.08755171298980713,0.04840710386633873,0.2528190612792969,-0.3817579746246338,-0.1706141233444214,0.0837429016828537,0.130360946059227,0.15317142009735107,-0.022348616272211075,0.36433854699134827,-0.3285680115222931,0.3556537330150604,-0.23264414072036743,0.4265924096107483,0.24237775802612305,0.19302992522716522,-0.44326505064964294,0.13442263007164001,0.354393869638443,-0.7119084596633911,-0.11266066879034042,-0.5194496512413025,-0.247216135263443,0.41251006722450256,0.16106535494327545,-0.32701537013053894,0.10819688439369202,-0.06143392249941826,0.7069585919380188,-0.2837100625038147,0.14659197628498077,0.06318827718496323,0.8251467943191528,-0.7021905183792114,0.7044873833656311,-0.47410136461257935,0.04225597530603409,-0.4654690623283386,-0.2396332323551178,0.020408466458320618,-0.06977320462465286,-0.08930013328790665,-0.3722130060195923,-0.23876963555812836,0.07944173365831375,-0.18215951323509216,0.1785123348236084,-0.20421987771987915,0.42955538630485535,-0.29671886563301086,0.6255002617835999,-0.32408320903778076,0.6453454494476318,-0.7031779289245605,-0.28200140595436096,0.5164644718170166,0.7340890765190125,-0.5408201813697815,0.19474266469478607,-0.14316365122795105,-0.04843303561210632,0.006890918128192425,0.2951798439025879,-0.05704888328909874,-0.30206403136253357,-0.19859611988067627,-0.12225548177957535,-0.42913851141929626,0.08814848959445953,-0.3548295199871063,-0.6246356964111328,0.5132156610488892,0.6882701516151428,0.07867132872343063,-0.1842641681432724,-0.2835763692855835,0.0921839028596878,-0.17546522617340088,-0.43268927931785583,0.20349735021591187,0.1478913277387619,-0.12977540493011475,-0.5110376477241516,0.11795146018266678,-0.07107388973236084,-0.2652711272239685,0.2165570706129074,0.0012439892161637545,0.08995264768600464,-0.28794023394584656,0.5193502306938171,-0.1805528998374939,-0.3570759892463684,0.4153691530227661,0.19887696206569672,-0.13589072227478027,-0.20632241666316986,0.395138144493103,-0.4395351707935333,0.1668655425310135,0.05322637781500816,-0.04175947606563568,-0.22547787427902222,-0.07510238140821457,0.27097684144973755,-0.3821544349193573,0.05798904597759247,0.16067616641521454,-0.10400282591581345,0.09527707099914551,0.12612098455429077,-0.08363783359527588,0.004408573731780052,0.1196625679731369,-0.33373579382896423,-0.09489180892705917,0.17767414450645447,-0.2593432068824768,0.10119304805994034,0.09114836901426315,0.2346312403678894,-0.5094152688980103,0.13521073758602142,0.16309218108654022,0.25906363129615784,-0.06218429654836655,0.23168817162513733,0.12084835022687912,-0.21764728426933289,0.10630913078784943,0.0008154315873980522,0.0922694057226181,0.1921806037425995,-0.1136992946267128,0.11209198087453842,-0.21544896066188812,0.07101263105869293,-0.17787876725196838,0.060364581644535065],""gru.bias_ih"":[-0.043614715337753296,-0.044715575873851776,0.15755686163902283,0.014832164160907269,-0.3353605568408966,-0.11197398602962494,0.038358572870492935,-0.14293061196804047,0.2125725895166397,-0.718310534954071,-0.1068444699048996,-0.23037491738796234,-0.08129191398620605,-0.6694374680519104,-0.12922117114067078,-0.6625439524650574,0.26683270931243896,-0.25260984897613525,0.30621522665023804,0.0524849109351635,-0.1335143893957138,-0.24569079279899597,0.10106104612350464,0.05711549147963524],""gru.bias_hh"":[-0.007422084920108318,0.07228214293718338,0.05201389268040657,-0.26040711998939514,-0.2736643850803375,-0.2420976310968399,-0.16622088849544525,0.315650075674057,-0.10678551346063614,-0.600082278251648,0.23142969608306885,-0.2748498022556305,-0.0940873920917511,-0.6480803489685059,-0.19470489025115967,-0.6002293229103088,0.29982131719589233,0.2584207057952881,-0.09868736565113068,-0.060977764427661896,-0.22019414603710175,-0.06960340589284897,0.0569503977894783,-0.29383185505867004],""head.weight"":[0.16500093042850494,-0.3569989502429962,0.3620639145374298,-0.14970432221889496,0.16990973055362701,-0.41471630334854126,-0.0633009821176529,-0.4914601147174835],""head.bias"":[-0.26790446043014526]}"
840501,GRU_8,120,321,0.5338851869106293,2.1522523309999784,"{""gru.weight_ih"":[0.04953668639063835,-0.3907458186149597,0.36246320605278015,-0.6078166961669922,-0.3732013702392578,-0.419469952583313,0.4346788227558136,-0.3939967453479767,-0.28926801681518555,0.8292837142944336,-0.5210801362991333,-0.08930759131908417,-0.27045056223869324,-0.36171624064445496,0.031164400279521942,0.345420241355896,-0.4999755024909973,-0.30128374695777893,-0.03295370563864708,0.2265123724937439,-0.16506990790367126,0.9040442109107971,-0.21605579555034637,-0.41724225878715515,0.046455055475234985,0.09494616091251373,0.3113798201084137,-0.020503200590610504,-0.06582781672477722,-0.31122320890426636,0.32511553168296814,-0.5929051637649536,-0.5107682347297668,-0.0528772734105587,-0.8862757086753845,0.2096882313489914,0.24903421103954315,-0.171718031167984,-0.41070035099983215,-0.012102422304451466,-0.5703563094139099,-0.4123924672603607,0.4905228018760681,0.5033833980560303,0.35369187593460083,0.025989452376961708,-0.5843304395675659,-0.004946647211909294,0.04403320699930191,0.08647967129945755,0.35794752836227417,-0.5383898019790649,0.04782114550471306,-0.21168839931488037,0.4173692464828491,-0.1249174103140831,-0.4395035207271576,-0.6359571218490601,-0.21446922421455383,-0.24444973468780518,0.4819685220718384,-0.13992829620838165,-0.10145877301692963,-0.46127748489379883,-0.05209821090102196,-0.23390980064868927,0.14428545534610748,0.5172117948532104,0.24984334409236908,-0.6896675825119019,-0.23220579326152802,-0.21526560187339783],""gru.weight_hh"":[0.20607240498065948,-0.22280742228031158,-0.04524373635649681,0.2025543600320816,0.003266792744398117,-0.006162893958389759,-0.014266666024923325,0.24486222863197327,0.4506835341453552,0.4914633631706238,-0.44054585695266724,-0.06804545968770981,0.20484070479869843,0.06665685027837753,-0.4607320725917816,0.31188711524009705,-0.1374250203371048,0.23959235846996307,0.050174418836832047,0.11883696168661118,-0.28407683968544006,0.26101353764533997,-0.1924988329410553,-0.34306758642196655,0.05063120648264885,0.2002369910478592,-0.5053576231002808,0.104536272585392,0.4379075765609741,0.5241203904151917,-0.14671379327774048,0.21083255112171173,-0.25531670451164246,0.053861118853092194,-0.2892080545425415,0.09160418063402176,0.35209304094314575,0.390350341796875,-0.22749440371990204,0.04725342243909836,-0.2721893787384033,-0.2256917953491211,0.03394365310668945,-0.19369660317897797,-0.05910828709602356,-0.33401307463645935,-0.06274393945932388,0.15089300274848938,-0.12316756695508957,0.39635390043258667,-0.21383418142795563,0.015415657311677933,-0.08449437469244003,-0.07022999972105026,0.007194908801466227,0.32719433307647705,-0.42695310711860657,-0.13651014864444733,0.13636022806167603,0.0776587426662445,0.14831838011741638,-0.013018004596233368,0.33115309476852417,-0.32231348752975464,0.2365110218524933,-0.35075798630714417,0.5559577941894531,0.12183551490306854,0.47218775749206543,-0.4813387095928192,0.042279381304979324,0.11921519041061401,-0.8703159689903259,-0.12287907302379608,-0.5923366546630859,-0.36155539751052856,0.6142129302024841,0.22204099595546722,-0.41573888063430786,0.05242075026035309,-0.21388892829418182,0.8435209393501282,-0.681123673915863,0.2639762759208679,-0.017108185216784477,1.054120421409607,-0.8215920329093933,0.8546570539474487,-0.5916590094566345,-0.20472204685211182,-0.3944142758846283,-0.6673095226287842,0.3334260880947113,-0.13402414321899414,-0.16774064302444458,-0.6690703630447388,-0.5365989208221436,0.2712135314941406,-0.5465412139892578,0.3913246989250183,-0.35677480697631836,0.6773695945739746,-0.4337814450263977,0.8604282736778259,-0.5207358002662659,0.673615574836731,-0.8606768250465393,-0.28669625520706177,0.5907877087593079,0.8370448350906372,-0.6126739978790283,0.2060081958770752,-0.19563838839530945,-0.14106734097003937,0.018438803032040596,0.10908524692058563,0.06082751974463463,-0.3324173390865326,-0.0826616883277893,-0.32597389817237854,-0.5531505346298218,0.052725307643413544,-0.46979784965515137,-0.8320052623748779,0.7142771482467651,0.7468476295471191,0.01616736501455307,-0.2683490216732025,-0.28174909949302673,0.07331889122724533,-0.16572387516498566,-0.4539732336997986,0.21450400352478027,0.139528289437294,-0.12873154878616333,-0.5893509984016418,0.14407560229301453,-0.0668226107954979,-0.31941738724708557,0.22738145291805267,-0.01728389784693718,0.093459352850914,-0.26839298009872437,0.534286379814148,-0.1882360875606537,-0.32612767815589905,0.4411783814430237,0.2209324836730957,-0.15876583755016327,-0.20753899216651917,0.388869971036911,-0.3974176347255707,0.19750551879405975,0.1445184350013733,-0.15795643627643585,-0.10297390073537827,-0.1890845149755478,0.3105770945549011,-0.3675544857978821,0.19889944791793823,0.14140819013118744,-0.12500505149364471,0.13628162443637848,0.08415517210960388,-0.06398274749517441,-0.008989465422928333,0.11275806277990341,-0.4041892886161804,-0.08042667806148529,0.18270164728164673,-0.29756149649620056,0.10746297240257263,0.08305774629116058,0.24163445830345154,-0.4968193471431732,0.15656138956546783,0.10712487250566483,0.3325573801994324,0.010676579549908638,0.29967373609542847,0.09023360162973404,-0.19983799755573273,0.06531162559986115,0.08968690037727356,0.11370430141687393,0.2067382037639618,-0.2281036674976349,0.14519566297531128,-0.2347971647977829,0.09453735500574112,-0.15981823205947876,0.09323448687791824],""gru.bias_ih"":[-0.025361865758895874,-0.0427626334130764,0.1555611938238144,0.03794166445732117,-0.33483368158340454,-0.10929027199745178,0.0451619029045105,-0.12527967989444733,0.10546280443668365,-0.8729706406593323,-0.11404786258935928,-0.3996351957321167,-0.2165842354297638,-0.7930739521980286,-0.20893800258636475,-0.8333015441894531,0.264053076505661,-0.25690406560897827,0.31703463196754456,0.08877849578857422,-0.12506301701068878,-0.24590328335762024,0.13390620052814484,0.05015408992767334],""gru.bias_hh"":[0.010830771178007126,0.07423506677150726,0.05001819506287575,-0.2372976392507553,-0.27313750982284546,-0.23941394686698914,-0.159417524933815,0.3333008885383606,-0.2138952910900116,-0.7547423243522644,0.22422635555267334,-0.44411009550094604,-0.22937971353530884,-0.771716833114624,-0.274421751499176,-0.7709869146347046,0.2986725866794586,0.26194071769714355,-0.07870776206254959,-0.035064250230789185,-0.21797224879264832,-0.0748865082859993,0.09040986746549606,-0.31349578499794006],""head.weight"":[0.17136411368846893,-0.42127588391304016,0.39189857244491577,-0.22254842519760132,0.20261529088020325,-0.44322967529296875,-0.05414709448814392,-0.6560677886009216],""head.bias"":[-0.26926130056381226]}"
840501,GRU_8,240,321,0.5337374299764633,4.275018957999954,"{""gru.weight_ih"":[0.06720582395792007,-0.45900818705558777,0.2897244691848755,-0.6577579975128174,-0.5411638617515564,-0.35200709104537964,0.4789251387119293,-0.3577647805213928,-0.27717891335487366,0.6135640740394592,-0.5247871279716492,-0.6040019989013672,-0.25988566875457764,-0.51640784740448,0.12951010465621948,0.3818967938423157,-0.6201213002204895,-0.48967504501342773,-0.03196457028388977,0.3098725378513336,-0.18735681474208832,0.8927041292190552,-0.3616032302379608,-0.5829549431800842,0.0595443919301033,0.09710437059402466,0.6752920150756836,-0.05082271993160248,-0.13250479102134705,-0.1538703590631485,0.09901437908411026,-0.5000782012939453,-0.5077536702156067,-0.5490989685058594,-1.6334694623947144,0.7430971264839172,0.12563534080982208,-0.22177131474018097,-0.4140688180923462,-0.05340752750635147,-0.6850062608718872,-0.37880611419677734,0.5198661684989929,0.3731687068939209,0.05747362971305847,0.07865853607654572,-0.9508227109909058,0.37975603342056274,0.05047166720032692,0.09780628979206085,0.4682483971118927,-0.5885099172592163,0.05137059465050697,-0.12347833067178726,0.4397786557674408,-0.09364094585180283,-0.4876059591770172,-0.8311647176742554,-0.31269511580467224,0.09272821247577667,0.5425243973731995,-0.23664243519306183,-0.16105705499649048,-0.504944384098053,-0.04198150336742401,-0.20054787397384644,0.13983015716075897,0.5549983978271484,0.2190432995557785,-0.7877177000045776,-0.24643754959106445,-0.13118398189544678],""gru.weight_hh"":[0.3098268508911133,-0.24880103766918182,-0.05689712241292,0.20369960367679596,-0.0665862113237381,-0.04167310893535614,0.07255569845438004,0.2128601223230362,0.3931856155395508,0.47969070076942444,-0.5678548812866211,-0.1714995950460434,0.1839883178472519,0.0731867328286171,-0.476551353931427,0.2479034662246704,-0.16577427089214325,0.19808095693588257,0.07433543354272842,-0.06456059217453003,-0.26379677653312683,0.23294556140899658,-0.17486469447612762,-0.44509997963905334,-0.2618849575519562,0.5629851818084717,-0.819862961769104,0.12441876530647278,0.303314745426178,0.7927188873291016,-0.2775963842868805,0.5608083605766296,-0.25575268268585205,0.007329382002353668,-0.3142077326774597,-0.163876011967659,0.37842968106269836,0.368133008480072,-0.20335088670253754,-0.11829720437526703,-0.32702508568763733,-0.18309076130390167,0.010004487819969654,-0.2215612530708313,-0.10378742218017578,-0.3212917149066925,-0.06913591921329498,0.2308233380317688,-0.1278713494539261,0.37566837668418884,-0.11341387778520584,0.058629728853702545,-0.06991994380950928,-0.10281713306903839,-0.02052290551364422,0.33552828431129456,-0.5809488892555237,-0.08881731331348419,0.12109347432851791,-0.3799813985824585,0.10047675669193268,0.007119333371520042,0.2746914327144623,-0.353701114654541,0.10882202535867691,-0.5200115442276001,0.7952726483345032,-0.10018908977508545,0.7331329584121704,-0.6263364553451538,-0.00402172701433301,-0.14966000616550446,-0.8955329656600952,-0.19225049018859863,-0.59593665599823,-0.550745964050293,0.7634499073028564,0.1954444795846939,-0.4657573699951172,-0.09462638944387436,-0.460365355014801,0.9156718850135803,-0.9571492671966553,0.2822597026824951,-0.005610191263258457,1.2299586534500122,-1.0787495374679565,0.9101463556289673,-0.6879681348800659,-0.6115201115608215,-0.45198214054107666,-1.6021391153335571,0.45701488852500916,-0.4053387939929962,-0.49156099557876587,-1.14804208278656,-0.9978063702583313,0.40040260553359985,-0.9173489809036255,0.3914124071598053,-0.3721156418323517,0.9178193211555481,-0.6996721029281616,0.9603283405303955,-0.6684055328369141,0.6572626233100891,-0.9507390856742859,-0.2934827208518982,0.6040561199188232,0.8187441229820251,-0.7261666655540466,0.1671609878540039,-0.21777117252349854,-0.1197778657078743,-0.17335711419582367,-0.15754561126232147,-0.02064727060496807,-0.27297231554985046,0.15677805244922638,-0.4430178701877594,-0.5948273539543152,-0.27823689579963684,-0.35585084557533264,-1.570824384689331,0.878773033618927,0.5015226602554321,-0.04444959759712219,-0.6747228503227234,-0.28090235590934753,0.05348680540919304,-0.16533131897449493,-0.5007743239402771,0.2427915781736374,0.1383562684059143,-0.13701339066028595,-0.7108966708183289,0.163530170917511,-0.03768719360232353,-0.37566059827804565,0.2812279462814331,-0.04008589684963226,0.11270970106124878,-0.2484973967075348,0.5608279705047607,-0.22310097515583038,-0.3388536870479584,0.46960073709487915,0.17158053815364838,-0.17128781974315643,-0.22582818567752838,0.37839147448539734,-0.42866307497024536,0.28338849544525146,0.0894443690776825,-0.27629274129867554,-0.12894293665885925,-0.25927644968032837,0.2825092077255249,-0.3088078200817108,0.10270331799983978,0.08200070261955261,-0.15807688236236572,0.17450039088726044,-0.08403526246547699,-0.03927881643176079,-0.028556760400533676,0.09418115764856339,-0.5171015858650208,-0.07263918220996857,0.21575325727462769,-0.34536057710647583,0.1455434262752533,0.06899698823690414,0.2647620141506195,-0.4870448708534241,0.20468026399612427,0.09108641743659973,0.2940932512283325,0.11948021501302719,0.30572712421417236,0.10109729319810867,-0.2516433596611023,0.061078473925590515,0.06678377091884613,0.1752116084098816,0.22640183568000793,-0.3234086334705353,0.26380372047424316,-0.27132654190063477,0.11677248030900955,-0.1388925313949585,0.1264456957578659],""gru.bias_ih"":[0.024249117821455002,-0.021919339895248413,0.17633531987667084,-0.06670694798231125,-0.3240745961666107,-0.09529279917478561,0.050348345190286636,-0.1084095761179924,0.07587314397096634,-0.9601054191589355,-0.1334228664636612,-0.369425892829895,-0.384203165769577,-0.8198074698448181,-0.24985188245773315,-0.7782115340232849,0.25176215171813965,-0.25514018535614014,0.32763490080833435,0.19422230124473572,-0.12133848667144775,-0.24316830933094025,0.15745477378368378,0.06842569261789322],""gru.bias_hh"":[0.060441754758358,0.09507833421230316,0.07079225033521652,-0.3419463038444519,-0.26237842440605164,-0.22541645169258118,-0.15423107147216797,0.3501710295677185,-0.24348494410514832,-0.8418771028518677,0.20485135912895203,-0.41390079259872437,-0.39699864387512207,-0.7984503507614136,-0.3153359293937683,-0.7158969044685364,0.2864776849746704,0.2680126130580902,-0.06428757309913635,-0.004934092052280903,-0.21264684200286865,-0.08001405000686646,0.10666994005441666,-0.3124295175075531],""head.weight"":[0.16275672614574432,-0.47255951166152954,0.4142063856124878,-0.33025604486465454,0.24348822236061096,-0.46268129348754883,-0.06406829506158829,-0.805271565914154],""head.bias"":[-0.27536720037460327]}"
840502,SENSORY_SITE,60,4,0.5600591659545898,0.8262538740000167,"{""raw"":[2.489521026611328,0.5148742198944092,0.29939886927604675,-0.48291006684303284]}"
840502,SENSORY_SITE,120,4,0.5906117200851441,1.6557467100000025,"{""raw"":[2.355480909347534,0.8643057346343994,0.4110792875289917,-0.527836263179779]}"
840502,SENSORY_SITE,240,4,0.5844926297664642,3.3496502510000212,"{""raw"":[2.1219747066497803,1.4657742977142334,0.4904322326183319,-0.4962451159954071]}"
840502,OUTPUT_SITE,60,4,0.6326066553592682,0.845371453999995,"{""raw"":[2.2167270183563232,0.690714955329895,0.29737600684165955,-0.5226159691810608]}"
840502,OUTPUT_SITE,120,4,0.5749350190162659,1.6738667480000302,"{""raw"":[1.7186418771743774,1.0332987308502197,0.45877569913864136,-0.5247811079025269]}"
840502,OUTPUT_SITE,240,4,0.5714208543300628,3.3436274139999824,"{""raw"":[1.2153064012527466,1.7566641569137573,0.4542505443096161,0.1916920244693756]}"
840502,NO_FEEDBACK,60,4,0.6260503351688385,0.8004069199999932,"{""raw"":[2.1931073665618896,0.6921482682228088,0.16381657123565674,-0.16767679154872894]}"
840502,NO_FEEDBACK,120,4,0.5998850882053375,1.6035071279999684,"{""raw"":[1.7450495958328247,1.0016130208969116,0.21517589688301086,-0.2628934979438782]}"
840502,NO_FEEDBACK,240,4,0.5914489209651947,3.2416366719999914,"{""raw"":[1.211958408355713,1.5258030891418457,0.027503103017807007,-0.4219762086868286]}"
840502,GENERIC_RNN,60,4,0.6584872722625732,0.6535734159999649,"{""raw"":[0.5692690014839172,0.6659363508224487,0.03736129403114319,0.3465997576713562]}"
840502,GENERIC_RNN,120,4,0.6203110158443451,1.310225709999962,"{""raw"":[0.7821456789970398,0.8602478504180908,0.11339570581912994,0.5128934383392334]}"
840502,GENERIC_RNN,240,4,0.6235799968242646,2.610454958999938,"{""raw"":[0.892797589302063,1.1422557830810547,0.11442428827285767,0.4845764935016632]}"
840502,GRU_8,60,321,0.5724379420280457,1.054689621999998,"{""gru.weight_ih"":[-0.4393497109413147,-0.612999677658081,-0.2183697521686554,0.1962071657180786,-0.28896066546440125,-0.009505538269877434,0.7262730598449707,0.6151600480079651,0.2703768312931061,0.5994852781295776,0.2007637917995453,0.5107932090759277,0.03789268806576729,-0.0804755762219429,0.40912654995918274,-0.3931165933609009,-0.14675557613372803,-0.3074420690536499,0.02925669029355049,-0.30501240491867065,0.03688341751694679,-0.6763019561767578,-0.0359678640961647,-0.22964389622211456,0.38351675868034363,-0.1862288862466812,-0.24867947399616241,0.10977143049240112,-0.6929122805595398,-0.18217821419239044,0.07829173654317856,-0.2997227609157562,-0.3857659697532654,0.11986478418111801,-0.5804475545883179,-0.500830888748169,0.4687480032444,-0.18436649441719055,0.4959077537059784,0.4514508843421936,0.052797574549913406,-0.5636856555938721,-0.24392512440681458,-0.13645070791244507,0.3796166777610779,0.10006467998027802,-0.17376865446567535,-0.13682697713375092,0.3309628963470459,0.018423138186335564,0.03391700237989426,0.4192148745059967,0.22086571156978607,-0.19742049276828766,-0.6583704948425293,-0.16517339646816254,-0.4247421324253082,0.6557027101516724,0.18243277072906494,0.24612155556678772,-0.001404504757374525,-0.2714277505874634,0.2717803120613098,0.23595105111598969,-0.16867749392986298,0.6419386863708496,-0.35719358921051025,-0.34559351205825806,-0.3287756145000458,0.2096787393093109,0.005814280826598406,0.2249390035867691],""gru.weight_hh"":[-0.42115235328674316,0.15071351826190948,0.0555320605635643,-0.04828374460339546,0.24346844851970673,-0.2294807732105255,0.2556155025959015,-0.11300214380025864,0.3271258771419525,0.06129446625709534,-0.010987665504217148,0.09741470217704773,-0.20711325109004974,-0.009909721091389656,0.22208839654922485,-0.13022750616073608,-0.15570209920406342,0.41963982582092285,0.00176381622441113,0.1313328891992569,-0.0003864471800625324,0.15903113782405853,-0.3200055658817291,0.15463432669639587,0.015475955791771412,0.5217700600624084,-0.1477098912000656,0.4872673451900482,-0.3316447138786316,-0.015036274679005146,0.0964382141828537,-0.25553300976753235,0.02559436857700348,0.14227096736431122,0.0940786674618721,0.1466064453125,-0.4095816910266876,-0.025136210024356842,0.12456078827381134,0.10820335149765015,-0.1489987075328827,-0.16897612810134888,0.436098575592041,0.061284951865673065,-0.1720316857099533,0.053652260452508926,-0.014367189258337021,-0.23653148114681244,-0.23397640883922577,-0.09915438294410706,0.2668098211288452,-0.3116714656352997,0.3039305508136749,0.36244210600852966,0.12207655608654022,-0.19599364697933197,0.1307431310415268,0.14887219667434692,0.6077080368995667,-0.46328139305114746,0.17954552173614502,-0.09928745031356812,-0.3385653495788574,0.24649858474731445,-0.11443199962377548,-0.5780484080314636,-0.013021941296756268,-0.39148572087287903,0.03952903673052788,-0.02389567717909813,0.46769991517066956,0.18816933035850525,-0.04485592246055603,-0.19696751236915588,0.01862327754497528,-0.2326779067516327,-0.3261512815952301,-0.15489068627357483,-0.34160593152046204,-0.2600651681423187,0.28815746307373047,-0.10589423030614853,0.43885537981987,-0.10070823132991791,0.36020612716674805,0.3402761220932007,0.28744304180145264,0.22021488845348358,0.20429670810699463,-0.45688363909721375,0.5066646337509155,-0.17556962370872498,-0.20700201392173767,-0.1431296169757843,0.7260696291923523,0.4685153663158417,-0.4773331582546234,0.2246210277080536,-0.5518001914024353,0.17251455783843994,-0.14550450444221497,-0.015104168094694614,-0.533214807510376,-0.02183360606431961,0.25997447967529297,-0.17913977801799774,0.21901339292526245,-0.024096086621284485,0.3400423526763916,0.26109057664871216,0.10059279948472977,0.6175652742385864,0.48801228404045105,-0.06422033905982971,-0.011367766186594963,0.054047685116529465,0.17911167442798615,0.31252115964889526,-0.16475944221019745,0.12629295885562897,0.25895020365715027,-0.09992080926895142,0.061169080436229706,0.19325366616249084,0.3667515516281128,0.0979141965508461,0.6901940703392029,0.5569128394126892,-0.10074764490127563,0.1418544054031372,-0.40161049365997314,0.6776322722434998,0.13890592753887177,-0.024279756471514702,-0.13766750693321228,0.11549457162618637,-0.12002551555633545,0.25225868821144104,-0.11122994124889374,-0.2461353838443756,0.3310199975967407,-0.47490552067756653,0.2670663893222809,0.12379219383001328,0.3463764786720276,-0.49739572405815125,0.09264172613620758,-0.4067852199077606,-0.08788856863975525,0.2239832729101181,-0.10453806072473526,0.2067248821258545,0.09648577123880386,0.31364738941192627,-0.1544850617647171,0.20419757068157196,-0.45513737201690674,-0.10337711125612259,-0.23033647239208221,-0.25647780299186707,-0.16134430468082428,0.14959146082401276,-0.2670081853866577,0.2432829886674881,-0.049778085201978683,-0.13237617909908295,0.11498036980628967,-0.27131137251853943,0.120671845972538,0.18946146965026855,0.03174864500761032,0.48000621795654297,0.028603585436940193,0.10925967991352081,-0.2518993020057678,0.17644408345222473,-0.23226678371429443,-0.2601802945137024,-0.038459811359643936,-0.09761617332696915,0.01784335821866989,-0.14323367178440094,0.017785383388400078,-0.2874813377857208,0.3317584991455078,-0.018944596871733665,-0.6522780656814575,0.5172095894813538,-0.24008263647556305,0.25403082370758057,0.3322941064834595,0.23628461360931396],""gru.bias_ih"":[0.10226602852344513,0.2774231433868408,0.3727914094924927,-0.03317299857735634,-0.1492253690958023,-0.03141917288303375,-0.1385129988193512,0.13196970522403717,-0.43726304173469543,0.1346646249294281,-0.2889994978904724,-0.22240468859672546,0.3501874804496765,-0.5821568369865417,-0.12221400439739227,-0.7675378322601318,-0.16310623288154602,0.2948058247566223,0.08868716657161713,-0.1863752007484436,-0.129347026348114,-0.13169653713703156,-0.18908235430717468,-0.16992917656898499],""gru.bias_hh"":[0.02728228084743023,-0.23665457963943481,-0.23279432952404022,0.2799426317214966,0.24042804539203644,0.3701832592487335,-0.31373903155326843,-0.0858655497431755,-0.3065902590751648,0.5543051958084106,-0.22365319728851318,-0.7267590761184692,0.539393424987793,-0.009503406472504139,-0.3645996153354645,-0.6143183708190918,-0.3543984889984131,-0.2799842357635498,-0.23472470045089722,0.37011775374412537,-0.132562056183815,-0.14947867393493652,-0.26178354024887085,-0.33696064352989197],""head.weight"":[0.17094510793685913,0.1675802618265152,-0.5383924841880798,0.6684847474098206,0.026697151362895966,0.12278582900762558,-0.16743694245815277,0.1528095155954361],""head.bias"":[0.03103787638247013]}"
840502,GRU_8,120,321,0.534793683886528,2.1156464990000003,"{""gru.weight_ih"":[-0.4565940797328949,-0.7643475532531738,0.02365499921143055,0.12573707103729248,-0.15413135290145874,0.1707334816455841,0.8954432606697083,0.606795072555542,0.1850953847169876,0.7310799360275269,0.19544720649719238,0.4397470951080322,-0.012919910252094269,-0.04162110760807991,0.40648189187049866,-0.4015044867992401,-0.0819755494594574,-0.1657220870256424,0.10086294263601303,-0.49586933851242065,0.2050134241580963,-0.7472978234291077,-0.017219310626387596,-0.31802764534950256,0.36924615502357483,-0.3282853066921234,0.012735249474644661,-0.2064516544342041,-1.2738665342330933,-0.058892544358968735,0.0886053740978241,-0.45858529210090637,-0.3620116710662842,0.08101986348628998,-0.7457802891731262,-0.5499929785728455,0.4468105137348175,-0.21727313101291656,0.7417116165161133,0.8573776483535767,-0.01000027172267437,-0.2471889704465866,-0.3879573345184326,-0.37217673659324646,0.6720938682556152,0.11218171566724777,-0.23067811131477356,0.008449050597846508,0.41860875487327576,0.011850372888147831,0.15797880291938782,0.693453311920166,0.12546497583389282,-0.235887348651886,-0.7944087982177734,-0.1786661148071289,-0.39201289415359497,0.752513587474823,0.2139747142791748,0.21628569066524506,-0.024693110957741737,-0.31447282433509827,0.32138121128082275,0.3461991846561432,-0.10704436153173447,0.7448397874832153,-0.45044776797294617,-0.42244401574134827,-0.27070796489715576,0.3139551877975464,-0.09204500913619995,0.17978376150131226],""gru.weight_hh"":[-0.40330660343170166,-0.07095995545387268,-0.08709871768951416,0.054330840706825256,0.2689743638038635,-0.05997903645038605,0.15048065781593323,-0.08285664021968842,0.3763303756713867,-0.6389603614807129,-0.14744889736175537,0.24996601045131683,-0.1437261998653412,0.22610603272914886,0.0702308937907219,-0.05799635872244835,-0.16562820971012115,0.500588059425354,0.02244071662425995,0.16274219751358032,-0.015770496800541878,0.10761242359876633,-0.3364828824996948,0.12100682407617569,0.020655978471040726,0.6225640177726746,-0.11984901130199432,0.4969715178012848,-0.3537559509277344,-0.05633187294006348,0.0868629738688469,-0.2711893320083618,-0.035394858568906784,0.21732129156589508,0.09464041888713837,0.13583022356033325,-0.5153648257255554,-0.08281081914901733,0.12371920049190521,0.057587236166000366,-0.2577991485595703,-0.6639331579208374,0.337764173746109,0.1432669311761856,-0.15132907032966614,0.1835324764251709,-0.1628841608762741,-0.32291871309280396,-0.09906342625617981,0.07890456169843674,0.13409069180488586,-0.1658470630645752,0.33994317054748535,0.5563086271286011,0.013533949851989746,-0.06587708741426468,0.11464963853359222,-0.1381523758172989,0.7467391490936279,-0.5777421593666077,0.1784776896238327,-0.07688971608877182,-0.31392407417297363,0.24210241436958313,0.1386636197566986,-0.5671324133872986,-0.10542801022529602,-0.28425878286361694,0.3294733464717865,0.22511067986488342,0.4656837582588196,0.4280397593975067,0.00819823145866394,0.17362001538276672,-0.06863995641469955,-0.15449470281600952,-0.42385467886924744,-0.05677814036607742,-0.4745461642742157,-0.20039787888526917,0.40131711959838867,0.041515052318573,0.48327958583831787,-0.15486691892147064,0.424569308757782,0.36947277188301086,0.37185004353523254,0.3319019079208374,0.18613985180854797,-0.42210307717323303,0.6112189888954163,-0.2856275141239166,-0.2904411852359772,-0.19253702461719513,0.927974283695221,0.4739382266998291,-0.06300899386405945,0.3111155033111572,-0.7572585940361023,0.4180747866630554,0.03216269612312317,0.34122538566589355,-0.7029477953910828,0.34671643376350403,0.614834189414978,0.08040495216846466,-0.027353329584002495,0.2520597279071808,0.5567938685417175,0.6852607131004333,-0.10681314766407013,0.9637006521224976,0.7028088569641113,0.4286254048347473,-0.3122346103191376,0.36102327704429626,0.22292178869247437,0.4931719899177551,-0.3239452838897705,0.296294629573822,0.45306408405303955,-0.17279833555221558,0.1258799433708191,0.17767086625099182,0.454167902469635,0.19899336993694305,0.8480748534202576,0.7340786457061768,-0.07889677584171295,0.1850295215845108,-0.453110009431839,0.7453482747077942,0.1159386932849884,0.012036935426294804,-0.18122245371341705,0.129555806517601,-0.03945900499820709,0.6794224977493286,-0.15512464940547943,-0.20549991726875305,0.49854621291160583,-0.5192500948905945,0.2728542983531952,0.16145221889019012,0.31527191400527954,-0.7105440497398376,0.11207998543977737,-0.45296064019203186,-0.08584459871053696,0.2558076083660126,-0.08898385614156723,0.20307183265686035,0.12420385330915451,0.4537452757358551,-0.17321014404296875,0.25339171290397644,-0.4651627540588379,-0.1171727254986763,-0.25637322664260864,-0.24914203584194183,-0.1732061207294464,0.19051288068294525,-0.28778642416000366,0.2497078776359558,-0.0818743109703064,-0.16503995656967163,0.13349874317646027,-0.2757735252380371,0.206065833568573,-0.059719301760196686,-0.020306535065174103,0.5842845439910889,-0.08858388662338257,0.26783737540245056,-0.35325703024864197,0.2640366554260254,-0.2597131133079529,-0.34470847249031067,-0.06003105267882347,-0.11614542454481125,0.028676046058535576,-0.12284712493419647,0.021340036764740944,-0.29714128375053406,0.3299970328807831,0.007507933769375086,-0.6104714870452881,0.4878344237804413,-0.23974609375,0.2149597555398941,0.3818725049495697,0.23763108253479004],""gru.bias_ih"":[0.13017220795154572,0.36863628029823303,0.4003312885761261,-0.028597965836524963,-0.10289498418569565,0.1489909142255783,-0.14469851553440094,0.1148749515414238,-0.5809754133224487,0.2760118544101715,-0.41824665665626526,-0.3141188621520996,0.18589699268341064,-0.5869208574295044,-0.12799568474292755,-0.986338198184967,-0.1437520980834961,0.24202781915664673,0.09717616438865662,-0.1918184906244278,-0.14009110629558563,-0.14535024762153625,-0.18079020082950592,-0.17080383002758026],""gru.bias_hh"":[0.05518846586346626,-0.1454414427280426,-0.20525449514389038,0.2845176160335541,0.2867584824562073,0.5505931973457336,-0.31992462277412415,-0.10296029597520828,-0.4503026604652405,0.6956521272659302,-0.35290035605430603,-0.8184735178947449,0.3751028776168823,-0.014267410151660442,-0.3703813850879669,-0.833118736743927,-0.346393883228302,-0.316908597946167,-0.235894113779068,0.3720017075538635,-0.14116515219211578,-0.18353746831417084,-0.25035569071769714,-0.35499536991119385],""head.weight"":[0.20962512493133545,0.32344499230384827,-0.6538556218147278,0.7706176042556763,0.03892352059483528,0.1680232435464859,-0.2109348028898239,0.18004663288593292],""head.bias"":[0.031259212642908096]}"
840502,GRU_8,240,321,0.49694550335407256,4.252359578999986,"{""gru.weight_ih"":[-0.5876277685165405,-1.0846141576766968,0.12279409170150757,-0.003628694685176015,-0.028784405440092087,0.3003244400024414,1.0668524503707886,0.5827342867851257,0.1493505984544754,1.0030392408370972,0.13924439251422882,0.30608540773391724,-0.3054176867008209,0.2658122777938843,0.38723352551460266,-0.7917251586914062,0.0008117794059216976,-0.0705115869641304,0.09830329567193985,-0.706404447555542,0.2916841506958008,-0.9620861411094666,-0.024831753224134445,-0.24212072789669037,0.3761390447616577,-0.6476589441299438,0.2943699359893799,-0.23081785440444946,-1.4501571655273438,-0.09690672904253006,0.06012748181819916,-0.6325015425682068,-0.30017271637916565,-0.024955570697784424,-1.0038965940475464,-0.5557105541229248,0.4162602424621582,-0.41271185874938965,0.847392201423645,0.9759413003921509,-0.293110191822052,-0.3493613004684448,-0.38279178738594055,-0.4283071756362915,0.7607706189155579,0.04527805745601654,-0.330228716135025,-0.03169861063361168,0.6311900615692139,-0.06541256606578827,-0.011351182125508785,0.7376016974449158,0.06980031728744507,-0.30227401852607727,-0.9981687068939209,-0.18608665466308594,-0.30528196692466736,0.9566643834114075,0.2148076295852661,0.10849890857934952,-0.11735997349023819,-0.08467879146337509,0.30611729621887207,0.8155436515808105,-0.04832585155963898,0.7179851531982422,-0.6510159373283386,-0.3424529433250427,-0.17905296385288239,0.495560884475708,-0.12715327739715576,0.07056408375501633],""gru.weight_hh"":[-0.3182510733604431,0.1455574631690979,-0.14913910627365112,0.0011588032357394695,0.5467029213905334,-0.0027447224128991365,0.19876183569431305,0.034838926047086716,0.33998361229896545,-0.8936963677406311,-0.23949629068374634,0.35362404584884644,-0.4233078360557556,0.2776493430137634,-0.026333820074796677,-0.14745427668094635,-0.1671505868434906,0.5002983808517456,0.11519341915845871,0.12124462425708771,-0.025733143091201782,0.08331387490034103,-0.3269440531730652,0.11637008935213089,0.013043438084423542,0.5717708468437195,0.08943458646535873,0.387241929769516,-0.46682876348495483,-0.0878545269370079,0.13174302875995636,-0.26766228675842285,-0.2665689289569855,0.40330660343170166,0.10655094683170319,0.08316211402416229,-0.7988198399543762,-0.2838529050350189,-0.20309919118881226,-0.2538294196128845,-0.3884771764278412,-0.5564674139022827,0.21310696005821228,0.18804362416267395,0.042521823197603226,0.10869932174682617,-0.1883590817451477,-0.47114235162734985,0.02587801404297352,0.21159981191158295,0.10064757615327835,-0.14946573972702026,0.3853159248828888,0.6932816505432129,0.014514838345348835,0.05765716731548309,0.1787293553352356,-0.08504074066877365,0.7299635410308838,-0.61239093542099,0.30824270844459534,0.008560863323509693,-0.32593056559562683,0.29546406865119934,0.3927624225616455,-0.47439247369766235,-0.3230014145374298,-0.12640893459320068,0.639072597026825,0.48387715220451355,0.3684735894203186,0.6512507200241089,-0.03253375366330147,0.21178938448429108,0.028844162821769714,-0.28056132793426514,-0.2674099802970886,-0.09908808022737503,-0.3758651316165924,-0.20318657159805298,0.5306880474090576,0.171645388007164,0.5510486364364624,-0.28481435775756836,0.6190905570983887,0.4536880850791931,0.4585493206977844,0.49479901790618896,0.1967163234949112,-0.37104251980781555,0.7330515384674072,-0.46300768852233887,-0.3116389811038971,-0.19529017806053162,1.032165288925171,0.4960770010948181,0.270035058259964,-0.004229182377457619,-0.7253162264823914,0.48217302560806274,-0.039665959775447845,0.6433410048484802,-0.7495942711830139,0.699744462966919,0.6862536072731018,-0.15822969377040863,0.11202846467494965,0.11628594249486923,0.4758342206478119,1.0596691370010376,-0.0626809298992157,1.0384944677352905,0.6992257237434387,0.6461767554283142,-0.4718514382839203,0.49691635370254517,-0.0595347099006176,0.3927403390407562,-0.4021787643432617,0.25785285234451294,0.5481724143028259,0.013093404471874237,0.20864912867546082,0.040209438651800156,0.7205041646957397,0.24028818309307098,1.0730353593826294,0.9124833941459656,-0.09917079657316208,0.12361981719732285,-0.30319944024086,0.698490560054779,0.009161819703876972,0.016816396266222,-0.17122241854667664,0.13390135765075684,-0.04805373027920723,0.934108555316925,-0.12328702211380005,-0.2538950443267822,0.5862191319465637,-0.5741312503814697,0.28934618830680847,0.15769773721694946,0.3386836349964142,-0.7264607548713684,-0.030880562961101532,-0.3840785622596741,0.028583064675331116,0.29549166560173035,-0.11752686649560928,0.2234971672296524,0.1167214959859848,0.40620994567871094,-0.011335273273289204,0.1913548707962036,-0.5994654893875122,-0.12981662154197693,-0.24604421854019165,-0.25019243359565735,-0.2507261037826538,0.624843180179596,-0.2902355194091797,0.16594034433364868,-0.0660533457994461,-0.3732422888278961,0.17065224051475525,-0.37394076585769653,0.2146388292312622,-0.29811015725135803,0.02125493995845318,0.6758632659912109,-0.5157507658004761,0.2896120846271515,-0.40302836894989014,0.28795504570007324,-0.276250958442688,-0.2553400993347168,-0.1710314005613327,-0.10215584933757782,0.1270483285188675,-0.15531893074512482,0.009566103108227253,-0.323073148727417,0.2684207260608673,0.04267421364784241,-0.5404927134513855,0.42958375811576843,-0.3058471083641052,0.1206469014286995,0.44522491097450256,0.20169785618782043],""gru.bias_ih"":[-0.02750648744404316,0.43726977705955505,0.4158616065979004,-0.024159952998161316,0.1598833203315735,0.2441370040178299,-0.17713722586631775,0.02731667086482048,-0.6170216202735901,0.3261614739894867,-0.5745841860771179,-0.39390063285827637,-0.05518138408660889,-0.6081533432006836,-0.142095685005188,-1.1567091941833496,-0.09602838009595871,0.29720959067344666,0.0532650500535965,-0.1525542438030243,-0.16292831301689148,-0.1387929469347,-0.20932433009147644,-0.13190017640590668],""gru.bias_hh"":[-0.10249023139476776,-0.07680784165859222,-0.18972410261631012,0.2889557182788849,0.549536943435669,0.6457394361495972,-0.35236331820487976,-0.19051863253116608,-0.48634907603263855,0.7458018064498901,-0.5092379450798035,-0.8982555866241455,0.13402439653873444,-0.035499878227710724,-0.38448137044906616,-1.0034897327423096,-0.30811965465545654,-0.28714510798454285,-0.2857857048511505,0.407240629196167,-0.16313795745372772,-0.19139179587364197,-0.27527153491973877,-0.34122174978256226],""head.weight"":[0.22669003903865814,0.4469347894191742,-0.7413962483406067,0.8644571304321289,-0.04118989035487175,0.1258610635995865,-0.24477823078632355,0.1877298504114151],""head.bias"":[0.048109110444784164]}"
840503,SENSORY_SITE,60,4,0.5916166186332703,0.8583922919999907,"{""raw"":[2.5094196796417236,0.4839332103729248,-0.14155666530132294,-0.4764592945575714]}"
840503,SENSORY_SITE,120,4,0.585702183842659,1.6945663719999828,"{""raw"":[2.389601707458496,0.827244758605957,-0.24380238354206085,-0.5550195574760437]}"
840503,SENSORY_SITE,240,4,0.5991057693958283,3.3662639959999794,"{""raw"":[2.3219118118286133,1.3910480737686157,-0.26282998919487,-0.6042875051498413]}"
840503,OUTPUT_SITE,60,4,0.6438172340393067,0.8377503310000307,"{""raw"":[2.2129907608032227,0.7114860415458679,-0.12032930552959442,-0.36855703592300415]}"
840503,OUTPUT_SITE,120,4,0.5927260875701904,1.6705161680000558,"{""raw"":[1.7576912641525269,1.0318458080291748,-0.36254751682281494,-0.33361223340034485]}"
840503,OUTPUT_SITE,240,4,0.6208561480045318,3.3541325079999993,"{""raw"":[1.202104091644287,1.6050573587417603,-0.378473699092865,-0.12510058283805847]}"
840503,NO_FEEDBACK,60,4,0.648856008052826,0.8311352950001236,"{""raw"":[2.1739253997802734,0.7223322987556458,-0.1516023427248001,0.16312143206596375]}"
840503,NO_FEEDBACK,120,4,0.5985197573900223,1.6366854200002052,"{""raw"":[1.683138370513916,1.09294855594635,-0.1829448938369751,0.14970211684703827]}"
840503,NO_FEEDBACK,240,4,0.6025338292121887,3.2418555840002057,"{""raw"":[1.1576635837554932,1.652816891670227,-0.14989688992500305,0.0965176597237587]}"
840503,GENERIC_RNN,60,4,0.6646617710590362,0.6531772079999598,"{""raw"":[0.5603590607643127,0.6553241610527039,-0.009110473096370697,0.3390069603919983]}"
840503,GENERIC_RNN,120,4,0.6519301295280456,1.330691704999893,"{""raw"":[0.7379527688026428,0.8409606218338013,-0.12398838996887207,0.46206510066986084]}"
840503,GENERIC_RNN,240,4,0.6531651556491852,2.63550129299999,"{""raw"":[0.8598728775978088,1.0845842361450195,-0.0837799459695816,0.4587589204311371]}"
840503,GRU_8,60,321,0.5574976921081543,1.0667917529999755,"{""gru.weight_ih"":[0.35051754117012024,-0.03445974737405777,0.40828612446784973,0.16652542352676392,-0.07776782661676407,-0.1263757199048996,-0.3505643606185913,-0.1730247586965561,0.029597178101539612,-0.26014024019241333,0.2530052959918976,-0.11788850277662277,0.07278203964233398,0.35760602355003357,0.006465313024818897,-0.2395157665014267,-0.179592564702034,-0.2066090852022171,0.018355758860707283,-0.1349320411682129,0.09707467257976532,-0.25328484177589417,0.18467290699481964,-0.10868050158023834,-0.11821422725915909,-0.6383956074714661,0.30886268615722656,-0.1038370132446289,-0.2749066650867462,-0.10080365836620331,-0.510121762752533,-0.10685763508081436,0.6554474234580994,-0.228745236992836,-0.18370021879673004,0.05599294230341911,-0.05491253361105919,-0.5399459004402161,0.10771191865205765,-0.06024865806102753,0.20540931820869446,-0.5122644901275635,-0.4616703689098358,-0.1445583552122116,0.621170163154602,-0.269512802362442,-0.5453503131866455,0.2878880202770233,0.4204382002353668,0.1244976669549942,-0.28980115056037903,-0.41637834906578064,0.24948056042194366,-0.354524701833725,-0.3572351932525635,-0.3011975884437561,-0.096955806016922,0.3564240336418152,-0.23501692712306976,0.3209407925605774,0.46386003494262695,-0.3386906683444977,0.4101565182209015,-0.020165130496025085,0.40002915263175964,-0.265590637922287,-0.3497265577316284,-0.26051634550094604,-0.17270442843437195,0.5048552751541138,-0.21217010915279388,-0.22389227151870728],""gru.weight_hh"":[0.46638819575309753,-0.023600449785590172,0.2621036767959595,0.2875199019908905,0.3010164201259613,-0.08134184032678604,-0.022029586136341095,0.15419776737689972,0.04546568542718887,0.040722791105508804,0.13983184099197388,0.2644236087799072,0.3793785870075226,-0.18022966384887695,-0.03235664218664169,-0.1345430314540863,-0.324451744556427,-0.11033647507429123,-0.1304246336221695,-0.35470154881477356,-0.0931173712015152,-0.3432055711746216,0.008343248628079891,0.13594204187393188,-0.03339875489473343,-0.41957148909568787,-0.32851463556289673,-0.15828725695610046,-0.39699360728263855,-0.18181023001670837,-0.0827706903219223,0.14976327121257782,-0.2106180191040039,0.20128940045833588,-0.034800540655851364,0.27326682209968567,-0.34244289994239807,0.24449457228183746,-0.2502800226211548,-0.1694476306438446,-0.053273312747478485,0.11924084275960922,0.2945001721382141,-0.25718021392822266,-0.0338888019323349,0.2739848792552948,-0.00015399069525301456,0.11571048945188522,-0.16134075820446014,0.052424076944589615,-0.15649114549160004,-0.1106439158320427,0.21696659922599792,-0.38010096549987793,-0.26244789361953735,0.5912338495254517,0.06361649930477142,0.2872615456581116,-0.11719498038291931,0.13274650275707245,0.22965461015701294,-0.26081010699272156,-0.03189050033688545,-0.21082328259944916,0.015694405883550644,-0.17520712316036224,-0.54278165102005,0.04354647919535637,0.0822795182466507,-0.37212881445884705,-0.010623155161738396,0.8191096782684326,0.5410921573638916,0.22135905921459198,-0.255849689245224,-0.39187493920326233,-0.007430709898471832,-0.28661248087882996,0.15121598541736603,0.1430974304676056,0.6317383646965027,-0.5008347630500793,-0.3656178116798401,0.02039382793009281,0.5422224402427673,-0.0759095698595047,-0.4274462163448334,0.7682169079780579,0.31494757533073425,-0.2890719473361969,0.10925170034170151,-0.4519082009792328,0.08521762490272522,-0.36080384254455566,0.1854601800441742,-0.10841844230890274,0.09874100238084793,0.1462692767381668,-0.18514616787433624,-0.40499311685562134,-0.1382841318845749,-0.6454779505729675,0.45241373777389526,-0.06993485987186432,0.01222249399870634,0.19447965919971466,-0.0581551156938076,-0.31212204694747925,-0.2880108952522278,0.00037560693453997374,0.3371213674545288,-0.15924732387065887,0.432280957698822,-0.49660003185272217,-0.43562090396881104,0.14162947237491608,0.44179052114486694,-0.4017390012741089,0.19481153786182404,0.16562341153621674,0.32221072912216187,-0.46465378999710083,-0.33096906542778015,0.16908088326454163,0.26007282733917236,-0.10634800791740417,-0.47205302119255066,0.717117190361023,-0.09803412109613419,-0.28869661688804626,-0.25752177834510803,0.31495150923728943,0.3067035675048828,-0.06410182267427444,0.27996939420700073,0.5277790427207947,0.10216690599918365,0.09402241557836533,0.22880661487579346,-0.30148783326148987,0.1183716282248497,-0.3468192517757416,0.09135477244853973,0.10477762669324875,0.18089646100997925,-0.012273197062313557,-0.19919808208942413,0.2783445119857788,0.1511090099811554,0.1382572203874588,0.0034897341392934322,0.017063215374946594,0.15317769348621368,0.17897456884384155,0.2828408181667328,0.23728935420513153,-0.1539137214422226,0.22013726830482483,-0.04734243080019951,0.2691199481487274,0.2597138583660126,0.2596643269062042,0.13352610170841217,0.05786909908056259,0.13231125473976135,0.2196890264749527,0.24306094646453857,0.34336715936660767,-0.3285883665084839,-0.26980236172676086,0.20455528795719147,0.2375258356332779,-0.34062308073043823,0.08495022356510162,-0.024452222511172295,-0.35863879323005676,-0.21242688596248627,0.3114287257194519,0.321772962808609,-0.1214839294552803,0.16907009482383728,-0.178595170378685,0.1960935741662979,-0.1567307412624359,0.27841129899024963,0.008306046947836876,0.3397645950317383,-0.20055422186851501,-0.020442020148038864,-0.22395840287208557,0.2107321321964264,0.33661386370658875],""gru.bias_ih"":[-0.05306465923786163,-0.1834038347005844,-0.04505439102649689,-0.2012818306684494,0.4141363203525543,-0.230325385928154,0.16875311732292175,-0.062157124280929565,-0.15319421887397766,-0.6919876933097839,0.18245622515678406,-0.5227192044258118,-0.5036106109619141,0.48361968994140625,-0.37374505400657654,0.37367913126945496,-0.28118035197257996,0.31167858839035034,0.08105438202619553,0.3400523066520691,0.15075965225696564,0.2892473638057709,-0.021539583802223206,-0.30859509110450745],""gru.bias_hh"":[0.32840192317962646,-0.1847221404314041,-0.1113416850566864,-0.016573764383792877,0.22153545916080475,-0.22459284961223602,0.09564702212810516,0.411958783864975,-0.598823070526123,-0.7086630463600159,-0.26026615500450134,-0.2365562468767166,-0.47379156947135925,0.2877073884010315,-0.04201032221317291,-0.04226858913898468,0.31076928973197937,-0.14106692373752594,0.12006005644798279,-0.31620925664901733,-0.16997772455215454,0.18994535505771637,-0.07289712131023407,0.1994912177324295],""head.weight"":[0.29592496156692505,-0.40944111347198486,-0.28752973675727844,0.27710434794425964,0.5095961689949036,-0.26193660497665405,-0.3798561990261078,0.2980617880821228],""head.bias"":[0.05865585431456566]}"
840503,GRU_8,120,321,0.5261786550283432,2.1244094599999244,"{""gru.weight_ih"":[0.3316199481487274,-0.23722849786281586,0.3783602714538574,0.20789630711078644,-0.036320727318525314,-0.14054907858371735,-0.37543785572052,-0.2040587067604065,0.018918363377451897,-0.3450448513031006,0.1993114948272705,-0.13086603581905365,0.01356352400034666,0.23584219813346863,0.1073441207408905,-0.25528040528297424,-0.2187347561120987,0.0182352215051651,0.014139997772872448,-0.24314144253730774,0.0873458981513977,-0.18456842005252838,0.046179622411727905,0.07038886845111847,-0.19262337684631348,-0.8484956622123718,0.3274533450603485,-0.10966994613409042,-0.34797921776771545,-0.15874379873275757,-0.6200321912765503,-0.1707894504070282,0.7053715586662292,-0.20262335240840912,-0.26386600732803345,-0.19484442472457886,-0.023783957585692406,-0.6812756657600403,-0.1401139795780182,0.009148887358605862,0.21437999606132507,-0.5259676575660706,-0.49371927976608276,-0.1937020868062973,0.5859034657478333,-0.40884947776794434,-0.8206688165664673,0.32225704193115234,0.5145378708839417,0.1416705846786499,-0.2849675714969635,-0.4734637141227722,0.19720903038978577,-0.39292076230049133,-0.40139347314834595,-0.4002128839492798,-0.11089771240949631,0.4021836519241333,-0.18771563470363617,0.36487171053886414,0.5180956721305847,-0.2941379249095917,0.3988795578479767,-0.05822133645415306,0.4210142195224762,-0.2136814296245575,-0.3983055353164673,-0.3543701767921448,-0.2171921730041504,0.5509543418884277,-0.2597384452819824,-0.21593257784843445],""gru.weight_hh"":[0.4445330500602722,0.09194256365299225,0.3858722448348999,0.30329442024230957,0.34513989090919495,-0.11426950246095657,0.11350493133068085,0.24039073288440704,0.1409512311220169,0.04527721181511879,0.09887333959341049,0.26598700881004333,0.38654667139053345,-0.18754972517490387,-0.06057695671916008,-0.10142640769481659,-0.3826863467693329,-0.07360395044088364,-0.09306575357913971,-0.3661203980445862,-0.10830768942832947,-0.3379344046115875,0.02893259935081005,0.1044057160615921,-0.1615041345357895,-0.39544370770454407,-0.28772199153900146,-0.17262132465839386,-0.448208749294281,-0.15247830748558044,-0.04223547503352165,0.06791836023330688,-0.4822997450828552,0.09268481284379959,0.09956664592027664,0.373587965965271,-0.2468416839838028,0.33859142661094666,-0.31538909673690796,-0.37057584524154663,-0.11786160618066788,0.0007177004590630531,0.2698631286621094,-0.20585821568965912,9.716855129227042e-05,0.29925456643104553,-0.15439294278621674,0.042932286858558655,-0.12517347931861877,0.08865468949079514,-0.19253657758235931,-0.08609088510274887,0.22079241275787354,-0.3491038680076599,-0.28071749210357666,0.6293914318084717,-0.012329954653978348,0.2007015347480774,0.025210384279489517,0.44982263445854187,0.6833767890930176,-0.18007014691829681,-0.0888199731707573,-0.40126967430114746,0.19898414611816406,-0.22368356585502625,-0.7086625099182129,0.04799175634980202,0.10401061177253723,-0.5703520774841309,-0.06377489864826202,1.186178207397461,0.5231139659881592,0.23335351049900055,-0.23111160099506378,-0.4395204484462738,-0.0516129769384861,-0.31651127338409424,0.2614313066005707,0.20216283202171326,0.713770866394043,-0.5951362252235413,-0.5302374362945557,0.013448173180222511,0.5544559359550476,-0.161086767911911,-0.5114290714263916,0.8752226233482361,0.1123729944229126,-0.11352439969778061,0.1940932422876358,-0.5495077967643738,-0.15404494106769562,-0.29865530133247375,0.4324715733528137,-0.1350191831588745,-0.2781260013580322,0.3763783276081085,0.1328245997428894,-0.5848860740661621,-0.3707374036312103,-0.4489102065563202,0.8357385993003845,-0.14630603790283203,0.01298448909074068,0.2852671146392822,-0.10653563588857651,-0.41572344303131104,-0.4296814501285553,0.03134661540389061,0.32317110896110535,-0.18830358982086182,0.3954373598098755,-0.5252137184143066,-0.48673710227012634,0.10245881229639053,0.3775913119316101,-0.44659408926963806,0.17630945146083832,0.16400501132011414,0.3579760193824768,-0.5562233924865723,-0.3826034963130951,0.21646805107593536,0.2909528911113739,-0.39609116315841675,-0.5087192058563232,0.783549964427948,0.06593131273984909,-0.26389384269714355,-0.23333637416362762,0.3334023058414459,0.4026542007923126,-0.11807982623577118,0.33813831210136414,0.657465398311615,0.0329047292470932,0.10613664984703064,0.24868565797805786,-0.3171093463897705,0.08522883802652359,-0.3393264412879944,0.13559949398040771,0.08077402412891388,0.18329589068889618,0.006857660133391619,-0.18503816425800323,0.274272084236145,0.14147840440273285,0.14797702431678772,0.04901329427957535,0.025363968685269356,0.25148439407348633,0.14649024605751038,0.2533099055290222,0.25454795360565186,-0.09251121431589127,0.2021588832139969,-0.09861457347869873,0.3007425367832184,0.3999474346637726,0.28587377071380615,0.12403704971075058,0.06237618997693062,0.1833793967962265,0.1967075616121292,0.25157126784324646,0.4166520833969116,-0.44021907448768616,-0.32986968755722046,0.18461887538433075,0.24103423953056335,-0.366847425699234,0.09217546880245209,-0.11052698642015457,-0.42783308029174805,-0.2273133397102356,0.3372979760169983,0.35131093859672546,-0.12836012244224548,0.16297391057014465,-0.1759447455406189,0.2710336744785309,-0.14652703702449799,0.48312780261039734,-0.01692536659538746,0.35887375473976135,-0.16349543631076813,0.13946694135665894,-0.2697955369949341,0.25542429089546204,0.478142648935318],""gru.bias_ih"":[-0.004772630054503679,-0.18156051635742188,-0.05096180737018585,-0.19821830093860626,0.49706459045410156,-0.1958436667919159,0.2159087359905243,0.11203043907880783,-0.13749268651008606,-0.7415601015090942,0.10951016843318939,-0.5270280241966248,-0.39184853434562683,0.5765931606292725,-0.4275261163711548,0.4368298351764679,-0.284551203250885,0.3037775158882141,0.07675577700138092,0.33876749873161316,0.15103062987327576,0.28545325994491577,-0.023062726482748985,-0.3123621642589569],""gru.bias_hh"":[0.37669387459754944,-0.18287882208824158,-0.11724911630153656,-0.013510219752788544,0.3044637143611908,-0.19011113047599792,0.1428026556968689,0.5861462354660034,-0.5831213593482971,-0.7582354545593262,-0.3332121968269348,-0.24086511135101318,-0.36202946305274963,0.38068079948425293,-0.09579136967658997,0.020882166922092438,0.3155011534690857,-0.15045291185379028,0.12014582753181458,-0.31900903582572937,-0.1708328276872635,0.18609243631362915,-0.07367248088121414,0.1947694569826126],""head.weight"":[0.42732009291648865,-0.4548153281211853,-0.34368979930877686,0.2977679669857025,0.5542498826980591,-0.26694270968437195,-0.4737246036529541,0.32659927010536194],""head.bias"":[0.062153544276952744]}"
840503,GRU_8,240,321,0.5133123427629471,4.249596087999819,"{""gru.weight_ih"":[0.3520205020904541,-0.5454663634300232,0.292713463306427,0.347808837890625,-0.11659005284309387,-0.4382305443286896,-0.4044380784034729,-0.10326419025659561,0.017672386020421982,-0.48852625489234924,0.17162562906742096,0.0026815365999937057,-0.08209620416164398,0.3025844395160675,0.06510686874389648,-0.2124689668416977,-0.26501360535621643,0.14356598258018494,-0.01880061998963356,-0.23403771221637726,-0.2068287879228592,-0.3124431073665619,0.0008667786605656147,-0.12209364771842957,-0.10460874438285828,-1.213916540145874,0.22564861178398132,-0.07537681609392166,-0.5876396298408508,-0.45172959566116333,-0.5812572240829468,-0.15510307252407074,0.742414653301239,-0.0841246172785759,-0.5355061292648315,-0.6233186721801758,0.06389009952545166,-0.9812530875205994,-0.440507173538208,-0.0751563087105751,0.2888299822807312,-0.8901525735855103,-0.47904258966445923,-0.28391972184181213,0.44541022181510925,-0.5817558765411377,-1.0906217098236084,0.23131640255451202,0.6236640214920044,0.23956897854804993,-0.5026747584342957,-0.609692394733429,0.26319923996925354,-0.3560327887535095,-0.49186721444129944,-0.3455740511417389,-0.04820947349071503,0.5227611660957336,-0.2132733017206192,0.23848851025104523,0.5995824933052063,-0.23623989522457123,0.1303315907716751,-0.06453727930784225,0.3845488429069519,-0.05247465893626213,-0.5319738388061523,-0.309840589761734,-0.27378106117248535,0.6039494872093201,-0.1330745965242386,-0.33065828680992126],""gru.weight_hh"":[0.30729585886001587,0.1884683072566986,0.4604247510433197,0.2832423448562622,0.37644967436790466,-0.2358836829662323,0.25296249985694885,0.31467509269714355,-0.25779226422309875,-0.20757348835468292,0.05352756381034851,0.35003772377967834,0.1430731564760208,0.03507449850440025,-0.3172452747821808,-0.4025648832321167,-0.31630170345306396,0.11466488987207413,-0.0905962884426117,-0.3753775656223297,-0.09180086851119995,-0.33921656012535095,0.04106239229440689,0.13500748574733734,-0.16739001870155334,-0.36646533012390137,-0.2722003757953644,-0.22433868050575256,-0.38901418447494507,-0.2278444468975067,0.03773726522922516,0.17309366166591644,-0.7371891736984253,0.12732645869255066,0.14145830273628235,0.36700868606567383,-0.21806077659130096,0.31350433826446533,-0.3375428318977356,-0.5699372887611389,-0.5562414526939392,-0.3806505501270294,0.15367776155471802,-0.08684533089399338,-0.15949685871601105,0.4905678331851959,-0.5711719989776611,-0.29115116596221924,-0.325274795293808,0.23112162947654724,-0.2169201821088791,-0.012895738705992699,-0.07467446476221085,-0.014101128093898296,-0.39601466059684753,0.15482687950134277,-0.32855427265167236,0.22079260647296906,0.151785209774971,0.44850173592567444,0.7893700003623962,-0.2805800139904022,0.0007009799592196941,-0.5987750887870789,0.27344876527786255,-0.17384573817253113,-0.8405606746673584,-0.051290858536958694,-0.013059769757091999,-0.5160703063011169,-0.03449611738324165,1.5479745864868164,0.014928482472896576,0.29257360100746155,-0.14296768605709076,-0.4912038743495941,-0.2337644100189209,-0.1516251415014267,0.3044264614582062,-0.1911708116531372,0.6507112979888916,-0.7955843806266785,-0.5806720852851868,0.05275212973356247,0.5943459868431091,-0.20231492817401886,-0.5718281269073486,0.8216055035591125,-0.5486587285995483,0.13894669711589813,0.460883766412735,-0.773980975151062,-0.6657301187515259,-0.06494039297103882,0.8549307584762573,-0.27380135655403137,-0.8896819949150085,0.5322962403297424,0.5303470492362976,-0.8571736812591553,-0.8142006397247314,-0.07061703503131866,1.2119709253311157,-0.025528188794851303,0.1375257521867752,0.7859812378883362,0.44461771845817566,-0.27318939566612244,-0.1644502729177475,0.48605844378471375,0.7537010312080383,0.0741240382194519,-0.14227576553821564,-0.8805147409439087,-0.38426849246025085,0.15115389227867126,0.2323751598596573,-0.4645184278488159,0.12681229412555695,-0.06691069155931473,0.2841710150241852,-0.6342379450798035,-0.40152430534362793,0.20975275337696075,0.1690288931131363,-0.2718125879764557,-0.5196511149406433,0.8348759412765503,0.05677555873990059,-0.08527882397174835,-0.2630539536476135,0.3015056550502777,0.40981096029281616,-0.17995651066303253,0.39771637320518494,0.631754994392395,0.16368818283081055,0.337593138217926,0.2440153956413269,-0.3722662627696991,0.15519246459007263,-0.42242369055747986,0.2818852365016937,0.20402464270591736,0.2983059585094452,0.2541565001010895,-0.17855437099933624,0.2233458161354065,0.19335541129112244,0.10370227694511414,0.1922679990530014,0.11109120398759842,0.15328143537044525,0.09319685399532318,0.2244890332221985,0.2553832530975342,-0.1656155288219452,0.20834271609783173,-0.16164962947368622,0.20944806933403015,0.45886552333831787,0.5585471987724304,0.11943937093019485,0.017752688378095627,0.15333665907382965,0.19340163469314575,0.35753244161605835,0.41244614124298096,-0.7698062658309937,-0.5769361853599548,0.2181139439344406,0.26345112919807434,-0.4565020501613617,0.12164250016212463,-0.2572162449359894,-0.6025025844573975,-0.152943953871727,0.6320325136184692,0.364166796207428,-0.18258437514305115,0.22268150746822357,-0.229084312915802,0.4620015025138855,-0.06345515698194504,0.49225687980651855,0.12661834061145782,0.31634920835494995,-0.1866168975830078,0.20225872099399567,-0.3540717363357544,0.2775176763534546,0.47575387358665466],""gru.bias_ih"":[0.01576150767505169,-0.09698998183012009,-0.03108968399465084,-0.255874902009964,0.5433835983276367,-0.11219499260187149,0.520950198173523,0.1809409111738205,-0.19836753606796265,-0.7935587763786316,-0.0007114366162568331,-0.5250371694564819,-0.3362017571926117,1.1781617403030396,-0.513097882270813,0.4042893350124359,-0.23025569319725037,0.3015892207622528,0.08250152319669724,0.3382032513618469,0.20626229047775269,0.22916817665100098,0.0008644972112961113,-0.2699861228466034],""gru.bias_hh"":[0.397227942943573,-0.09830828756093979,-0.09737696498632431,-0.07116684317588806,0.3507826328277588,-0.10646245628595352,0.447843998670578,0.6550564169883728,-0.6439960598945618,-0.8102341294288635,-0.4434339106082916,-0.23887412250041962,-0.3063826858997345,0.9822492003440857,-0.18136297166347504,-0.011658260598778725,0.35835492610931396,-0.16027405858039856,0.14178048074245453,-0.3248072564601898,-0.1152912825345993,0.13605470955371857,-0.03597299009561539,0.24343620240688324],""head.weight"":[0.5971676707267761,-0.5337867736816406,-0.40521305799484253,0.3328038454055786,0.6085844039916992,-0.25654181838035583,-0.5653876066207886,0.340351939201355],""head.bias"":[0.07188200205564499]}"
840504,SENSORY_SITE,60,4,0.6214516878128051,0.8316957539999521,"{""raw"":[2.4633874893188477,0.5150651335716248,-0.20382075011730194,-0.465092271566391]}"
840504,SENSORY_SITE,120,4,0.5857078552246093,1.7227884629999437,"{""raw"":[2.300092935562134,0.9061271548271179,-0.25878745317459106,-0.49302938580513]}"
840504,SENSORY_SITE,240,4,0.6030335187911987,3.3850177060000277,"{""raw"":[2.0654959678649902,1.4271122217178345,-0.35570669174194336,-0.5682726502418518]}"
840504,OUTPUT_SITE,60,4,0.6259411036968231,0.834151537999972,"{""raw"":[2.1986544132232666,0.7255093455314636,0.17497076094150543,-0.49911636114120483]}"
840504,OUTPUT_SITE,120,4,0.6135471642017365,1.6938651209999875,"{""raw"":[1.7998865842819214,1.14024019241333,0.32927486300468445,-0.3449450135231018]}"
840504,OUTPUT_SITE,240,4,0.6159636020660401,3.366643204000056,"{""raw"":[1.2278285026550293,1.7431890964508057,0.27800634503364563,0.15287381410598755]}"
840504,NO_FEEDBACK,60,4,0.6256766617298126,0.8089582089999823,"{""raw"":[2.168012857437134,0.6764552593231201,0.030513981357216835,0.07824293524026871]}"
840504,NO_FEEDBACK,120,4,0.6179505228996277,1.6077112920000047,"{""raw"":[1.7864609956741333,1.0611754655838013,0.2734447121620178,-0.04201033338904381]}"
840504,NO_FEEDBACK,240,4,0.6015797615051269,3.2107254480000904,"{""raw"":[1.233672857284546,1.691609501838684,0.297501802444458,-0.1011638417840004]}"
840504,GENERIC_RNN,60,4,0.6704900860786438,0.6510920850000019,"{""raw"":[0.5618093013763428,0.6609451174736023,-0.0116483885794878,0.339290052652359]}"
840504,GENERIC_RNN,120,4,0.6618696510791778,1.3243002980000824,"{""raw"":[0.7594290971755981,0.8791020512580872,0.06933914870023727,0.47534608840942383]}"
840504,GENERIC_RNN,240,4,0.6419719815254211,2.629592004000031,"{""raw"":[0.8860561847686768,1.1738940477371216,0.030093783512711525,0.46416333317756653]}"
840504,GRU_8,60,321,0.5599339008331299,1.070322585999989,"{""gru.weight_ih"":[0.2866584062576294,-0.1770937442779541,0.09432491660118103,0.198582261800766,0.08093421161174774,-0.029330560937523842,0.08195384591817856,0.12445671856403351,-0.315144419670105,0.4430423676967621,-0.189964160323143,-0.31578531861305237,0.14906060695648193,-0.14995451271533966,0.2507014274597168,-0.4235806465148926,-0.10542843490839005,-0.01571623980998993,-0.27558955550193787,0.5265928506851196,-0.2281424105167389,0.3385440409183502,-0.16906006634235382,-0.45571088790893555,0.19650547206401825,-0.08798596262931824,-0.07308989018201828,-0.0005543712759390473,-0.664117693901062,-0.05828274413943291,0.05701162666082382,-0.6577507853507996,0.23013244569301605,-0.2822326719760895,-0.5033977627754211,0.14899002015590668,0.40000560879707336,-0.1845725178718567,-0.4794333875179291,0.020134786143898964,-0.2318742424249649,0.034983254969120026,0.21362321078777313,-0.3455636501312256,-0.568018913269043,-0.32605502009391785,-0.19127237796783447,0.29638683795928955,-0.5644460916519165,-0.02658342383801937,-0.13486893475055695,0.4608840346336365,-0.11839685589075089,-0.18517392873764038,-0.48943373560905457,0.09312653541564941,0.02720765955746174,-0.175678551197052,-0.126196950674057,-0.10153235495090485,-0.5180904269218445,0.5025314688682556,-0.25192195177078247,0.44476258754730225,0.17253488302230835,0.2707223892211914,0.15295886993408203,-0.4011366665363312,0.020307507365942,-0.5068814158439636,-0.22834278643131256,-0.23052208125591278],""gru.weight_hh"":[-0.28701668977737427,0.39061489701271057,-0.04730071872472763,0.3384729027748108,-0.3027649521827698,0.1517312377691269,0.08650052547454834,-0.025476085022091866,-0.1154097318649292,0.40507808327674866,-0.03310991823673248,-0.05026821047067642,0.12171868979930878,0.26487642526626587,0.34855473041534424,-0.11104510724544525,0.10151254385709763,0.15433591604232788,0.204319030046463,-0.02939843386411667,0.1634356826543808,-0.011960511095821857,0.16315880417823792,0.18191589415073395,0.10402467101812363,-0.1046038344502449,-0.12115845084190369,-0.24692340195178986,-0.0035980092361569405,0.02685721032321453,-0.2108066976070404,-0.11140969395637512,0.20585331320762634,-0.2944062352180481,0.00705206673592329,0.09740827977657318,0.3261287808418274,-0.2696034908294678,0.0007294368697330356,0.38496026396751404,0.03423115983605385,0.07859891653060913,0.624093770980835,-0.07841973751783371,0.37134671211242676,-0.44887322187423706,-0.2864939570426941,0.16368480026721954,-0.3593275249004364,0.1298447847366333,-0.2269374579191208,0.10049986094236374,-0.2807896137237549,-0.25719690322875977,0.2722184658050537,-0.09470777958631516,0.02192740887403488,-0.16612845659255981,0.28126198053359985,-0.24797561764717102,0.027059275656938553,0.20081493258476257,-0.26147082448005676,-0.14164738357067108,0.37452784180641174,-0.2505604922771454,0.32290467619895935,-0.34768950939178467,0.6141446232795715,0.29608288407325745,-0.25639843940734863,0.47889915108680725,0.07211875170469284,0.22867681086063385,-0.14982441067695618,0.04839946702122688,0.004477763548493385,-0.30860039591789246,-0.09373795986175537,0.2113366723060608,0.2787741422653198,-0.001771576702594757,-0.10951018333435059,-0.1817333847284317,-0.09056776762008667,0.3342774510383606,0.026582766324281693,0.09914873540401459,-0.1311894655227661,0.6480647325515747,-0.21273377537727356,-0.2919738292694092,-0.44753098487854004,0.10173559933900833,0.6985661387443542,-0.22905214130878448,0.2195320874452591,-0.2259521335363388,0.05668124929070473,0.3457207977771759,0.5654855370521545,-0.5137734413146973,-0.4333817958831787,0.28112152218818665,-0.2987508773803711,0.0023877304047346115,-0.40168383717536926,-0.37487465143203735,0.3125436007976532,0.056953150779008865,0.025465242564678192,-0.11036277562379837,0.200201153755188,-0.8093377351760864,0.696262001991272,0.28869467973709106,0.4945318400859833,-0.30425187945365906,-0.15813980996608734,0.44858115911483765,-0.05968891456723213,0.2753832936286926,-0.7271489500999451,-0.13253900408744812,-0.3044080138206482,0.22371278703212738,0.32536664605140686,0.4685973525047302,0.08618617802858353,-0.3388981819152832,0.25991496443748474,-0.32769444584846497,-0.17502324283123016,-0.10894294083118439,-0.334118515253067,0.20518116652965546,0.08296769112348557,0.4033392369747162,-0.22162748873233795,-0.02744186669588089,-0.3431752622127533,-0.18742895126342773,0.18615810573101044,0.23530976474285126,0.39191654324531555,-0.5890238881111145,0.46142148971557617,-0.26618680357933044,0.2640778422355652,0.15208515524864197,0.04297376796603203,0.11169779300689697,-0.12880153954029083,-0.10805033147335052,0.1553761512041092,-0.4030066430568695,0.4954918324947357,0.07229943573474884,-0.17407576739788055,0.34970101714134216,-0.03675911948084831,-0.24221335351467133,0.36115872859954834,-0.16438928246498108,-0.17594216763973236,0.27982717752456665,-0.3272249400615692,-0.004487727768719196,0.17843304574489594,-0.08794829994440079,-0.7173131108283997,-0.2598807215690613,0.1622050404548645,-0.18388326466083527,0.13042323291301727,-0.0364256389439106,0.2684148848056793,0.20667646825313568,0.1804526299238205,-0.2999221682548523,0.05739346891641617,0.30758750438690186,0.11271250993013382,0.33952581882476807,0.3705314099788666,-0.5578988194465637,0.5721638798713684,0.07981828600168228,0.4786268174648285,-0.34636080265045166,-0.4636751115322113,0.25604531168937683],""gru.bias_ih"":[0.1721573919057846,-0.20592108368873596,-0.21170265972614288,0.15470276772975922,-0.1536286473274231,0.04117971658706665,0.22862593829631805,-0.24967516958713531,-0.2497129738330841,0.06233367696404457,-0.6312977075576782,-0.0440448522567749,-0.21541129052639008,-0.20994803309440613,-0.37829047441482544,-0.12071411311626434,-0.1968882530927658,-0.1200966015458107,0.19839422404766083,0.26522696018218994,-0.27672576904296875,0.19256553053855896,0.1265532374382019,-0.3078283369541168],""gru.bias_hh"":[-0.2560327351093292,-0.32943668961524963,0.32160505652427673,0.10818951576948166,0.07944724708795547,0.21687199175357819,0.059137728065252304,-0.04941197857260704,-0.5026795864105225,-0.10596129298210144,-0.20452184975147247,-0.10638776421546936,-0.38309726119041443,-0.42960792779922485,0.0003093950217589736,-0.4833933413028717,-0.02285688929259777,0.33495980501174927,0.061111267656087875,0.10302313417196274,0.1926795244216919,-0.28841251134872437,-0.16711896657943726,-0.31276801228523254],""head.weight"":[-0.3836812973022461,0.4403667449951172,-0.5236930251121521,-0.2966374456882477,-0.4163861870765686,0.4572332501411438,-0.03964826837182045,-0.323708713054657],""head.bias"":[-0.185115784406662]}"
840504,GRU_8,120,321,0.5355872720479965,2.1364807509999935,"{""gru.weight_ih"":[0.3005216717720032,-0.4100041389465332,0.09931961447000504,0.21674348413944244,0.056325096637010574,-0.12903784215450287,-0.0012413621880114079,-0.3434217572212219,-0.14263059198856354,0.43459245562553406,-0.2812011241912842,-0.16218626499176025,0.1236867681145668,0.004583975300192833,0.2996838390827179,-0.4724978804588318,-0.11801474541425705,-0.06761810928583145,-0.313347190618515,0.5952225923538208,-0.1819678097963333,0.3146868348121643,-0.30442750453948975,-0.44092807173728943,0.13436709344387054,-0.19707229733467102,-0.0014163960004225373,-0.1586262434720993,-1.0791205167770386,0.02504570595920086,-0.05721128359436989,-0.9621390104293823,0.44198352098464966,-0.3978732228279114,-0.6681711673736572,0.2153642326593399,0.364605575799942,-0.28637614846229553,-0.5850770473480225,-0.007824279367923737,-0.29006218910217285,0.1494879275560379,0.3443927466869354,-0.5155635476112366,-0.644066333770752,-0.33240464329719543,-0.241239532828331,0.31896042823791504,-0.6086114048957825,-0.024152439087629318,-0.2357161045074463,0.4725586175918579,-0.032025743275880814,-0.33904367685317993,-0.6283826231956482,0.092807337641716,-0.026344366371631622,-0.21189235150814056,-0.09745543450117111,-0.17632851004600525,-0.5456550121307373,0.5727552175521851,-0.21470299363136292,0.5140178203582764,0.11982204020023346,0.39193591475486755,0.17257192730903625,-0.3525787591934204,-0.14027929306030273,-0.5735828280448914,-0.2443842589855194,-0.3495602607727051],""gru.weight_hh"":[-0.2923972010612488,0.5063180923461914,-0.09591082483530045,0.3593505620956421,-0.3045707643032074,0.12280838936567307,0.08873963356018066,-0.026197584345936775,-0.16748207807540894,0.7684130668640137,-0.08263707906007767,0.05120031163096428,0.15493059158325195,0.17196014523506165,0.3342449963092804,-0.1388126164674759,-0.0018832804635167122,0.5081222057342529,-0.11853485554456711,-0.08071489632129669,0.02476278878748417,0.1158394142985344,0.27926987409591675,0.09686987102031708,0.05405620485544205,-0.03565675765275955,-0.3770260512828827,-0.26648250222206116,-0.07306072860956192,0.13677874207496643,-0.206072136759758,-0.16155286133289337,0.1878131628036499,-0.33703142404556274,0.08861105144023895,0.11023879796266556,0.3208310306072235,-0.19785019755363464,-0.020071182399988174,0.35826605558395386,0.04017242416739464,0.08304762095212936,0.6149252653121948,-0.08020979911088943,0.3777863383293152,-0.49068203568458557,-0.2776382863521576,0.1705121397972107,-0.38497310876846313,-0.22333142161369324,-0.04045312479138374,0.11663596332073212,-0.3394586741924286,-0.19664782285690308,0.2517995834350586,-0.15920262038707733,0.009461751207709312,-0.11533423513174057,0.18029144406318665,-0.2404092252254486,0.012686173431575298,0.20532874763011932,-0.26142260432243347,-0.1507674902677536,0.43255484104156494,-0.2684621512889862,0.16992250084877014,-0.5240162014961243,0.5814810991287231,0.38855886459350586,-0.17462854087352753,0.5211610198020935,-0.060503505170345306,0.308775931596756,-0.26757779717445374,0.020078936591744423,-0.19474035501480103,-0.21769407391548157,-0.22911684215068817,0.027673041447997093,0.12618733942508698,0.25272056460380554,-0.3856104016304016,-0.45694661140441895,-0.34496593475341797,0.5385735630989075,0.17906245589256287,-0.02866160124540329,-0.06612350046634674,0.6886288523674011,-0.3282575011253357,-0.5213797688484192,-0.593998908996582,0.14071540534496307,1.008168339729309,-0.12606848776340485,0.43497878313064575,-0.44095999002456665,0.1840774267911911,0.3803079426288605,0.6797242760658264,-0.6160810589790344,-0.5402978658676147,0.49144747853279114,-0.2858942747116089,0.053206708282232285,-0.6067236065864563,-0.6286830902099609,0.1935642659664154,0.1402280628681183,0.2207752913236618,-0.07332083582878113,0.35414329171180725,-1.0482960939407349,0.7843185663223267,0.3546290099620819,0.6245037317276001,-0.34256511926651,-0.351971298456192,0.5482350587844849,-0.035494837909936905,0.3208613693714142,-0.8240253329277039,-0.20182985067367554,-0.3778766095638275,0.21801695227622986,0.4847022593021393,0.5234922766685486,0.10552157461643219,-0.4211580157279968,0.39050233364105225,-0.30078890919685364,-0.15899033844470978,-0.18001358211040497,-0.3394854962825775,0.22026023268699646,0.10485634952783585,0.7574256658554077,-0.2887774407863617,0.021028190851211548,-0.29849955439567566,-0.328560471534729,0.2525639235973358,0.2853342294692993,0.4056524634361267,-0.8888596296310425,0.5874212384223938,-0.24786482751369476,0.22143825888633728,0.13713482022285461,0.025988252833485603,0.0998014584183693,-0.11860667914152145,-0.13921493291854858,0.2240365892648697,-0.40383079648017883,0.518886148929596,0.049522094428539276,-0.17665070295333862,0.3591073751449585,-0.0388312041759491,-0.31695428490638733,0.3886655867099762,-0.17025910317897797,-0.18948481976985931,0.30760061740875244,-0.3333017826080322,-0.014155605807900429,0.16540537774562836,-0.0751916766166687,-0.8051615953445435,-0.2798559069633484,0.14392006397247314,-0.09843793511390686,0.12776575982570648,-0.049713801592588425,0.2960720658302307,0.46896085143089294,0.20483361184597015,-0.23736201226711273,0.16078080236911774,0.12565220892429352,0.09678462147712708,0.397765189409256,0.388743132352829,-0.5274618864059448,0.6263571381568909,0.11299421638250351,0.4945286512374878,-0.4331686198711395,-0.4480252265930176,0.275576114654541],""gru.bias_ih"":[0.18746034801006317,-0.12015953660011292,-0.1557616889476776,0.18686963617801666,-0.13243462145328522,0.0329778827726841,0.25527188181877136,-0.2363184094429016,-0.41729027032852173,0.5160060524940491,-0.594093382358551,-0.16981184482574463,-0.3212353587150574,-0.39878636598587036,-0.33376625180244446,-0.24683302640914917,-0.18682461977005005,-0.12262596935033798,0.20658275485038757,0.2599177956581116,-0.272945374250412,0.20108562707901,0.1335141509771347,-0.29616788029670715],""gru.bias_hh"":[-0.2407297044992447,-0.24367505311965942,0.37754616141319275,0.1403564065694809,0.10064121335744858,0.20867012441158295,0.08578366786241531,-0.036055151373147964,-0.6702569127082825,0.34771114587783813,-0.16731758415699005,-0.23215478658676147,-0.4889214038848877,-0.6184462308883667,0.044833626598119736,-0.6095120906829834,-0.01834145560860634,0.33706194162368774,0.0711606815457344,0.09252837300300598,0.1929808259010315,-0.29074063897132874,-0.1542872190475464,-0.30308839678764343],""head.weight"":[-0.40987807512283325,0.5110564827919006,-0.7105269432067871,-0.31480786204338074,-0.45790743827819824,0.5547733306884766,-0.02668219432234764,-0.34427982568740845],""head.bias"":[-0.18222008645534515]}"
840504,GRU_8,240,321,0.47182161509990694,4.2696850410000025,"{""gru.weight_ih"":[0.32957515120506287,-0.6025713086128235,0.22102057933807373,0.2856261134147644,0.4281817078590393,-0.46564263105392456,-0.07980582863092422,-0.55754154920578,-0.11166033148765564,0.432547003030777,-0.3671984076499939,-0.16915571689605713,0.04242595657706261,0.013072485104203224,0.370005339384079,-0.5851861834526062,-0.19287961721420288,0.2627600133419037,-0.23017676174640656,0.562526285648346,-0.22252516448497772,0.32526448369026184,-0.37890294194221497,-0.6740520596504211,0.09060901403427124,-0.30937647819519043,-0.034078434109687805,-0.03986765071749687,-1.3073091506958008,-0.03450147807598114,0.0034135188907384872,-1.4081895351409912,0.5787451863288879,-0.36635690927505493,-0.7658892869949341,0.2626137137413025,0.3974430561065674,-0.3363078832626343,-0.7181516289710999,-0.015475058928132057,-0.3688916862010956,0.138705775141716,0.3517407178878784,-0.7117094397544861,-0.5987485647201538,-0.347883939743042,-0.32427364587783813,0.19463154673576355,-0.7038989663124084,-0.03458008915185928,-0.04993796721100807,0.43288010358810425,0.043780840933322906,-0.45810362696647644,-0.8275731205940247,-0.008750949054956436,0.12698039412498474,-0.26141440868377686,-0.18529805541038513,-0.07868841290473938,-0.5955385565757751,0.6552112698554993,-0.07059899717569351,0.6847953200340271,0.1956675946712494,0.15297140181064606,0.23289723694324493,-0.13526920974254608,-0.22651295363903046,-0.7146620750427246,-0.16170740127563477,-0.172735333442688],""gru.weight_hh"":[-0.23945344984531403,0.6563349962234497,-0.2774200141429901,0.29748520255088806,-0.17301054298877716,0.1696116179227829,0.17194649577140808,0.03826476261019707,-0.2713981568813324,1.2128597497940063,0.25541386008262634,0.2536768615245819,0.3099100589752197,-0.027158593758940697,0.3108168840408325,-0.3174060881137848,0.12364958226680756,0.7061989307403564,-0.3690757751464844,-0.4084784984588623,0.2007412165403366,0.23575398325920105,0.5479364991188049,0.26541265845298767,0.038122668862342834,0.02759903110563755,-0.7268027067184448,-0.2887471616268158,-0.12170008569955826,0.17222478985786438,-0.18806883692741394,-0.17130804061889648,0.2289220094680786,0.07537559419870377,0.04123595729470253,0.08235765248537064,0.32706931233406067,-0.3188997507095337,0.15551850199699402,0.40966808795928955,0.006671850569546223,0.5169261693954468,0.4418458044528961,-0.09867881238460541,0.3717873692512512,-0.5737650394439697,-0.21002940833568573,0.1436573565006256,-0.43551740050315857,-0.20923657715320587,-0.0670820102095604,0.1650845855474472,-0.46766844391822815,-0.223414346575737,0.3449168801307678,-0.20459292829036713,0.01849360391497612,-0.26696380972862244,0.05178225785493851,-0.25576576590538025,0.07433964312076569,0.3245924115180969,-0.29581987857818604,-0.13972978293895721,0.45709362626075745,-0.43594688177108765,0.13080820441246033,-0.5873590707778931,0.6501095294952393,0.4601825177669525,-0.20547659695148468,0.5071134567260742,-0.020598800852894783,0.10346397757530212,-0.19702687859535217,0.1347379982471466,-0.31117933988571167,-0.32491469383239746,-0.4240036904811859,0.02296151965856552,0.0301321130245924,0.08489418774843216,-0.6167275905609131,-0.6207455992698669,-0.47665655612945557,0.6804733276367188,0.017387282103300095,-0.11734999716281891,0.01682160422205925,0.6388177275657654,-0.4748827815055847,-0.698631227016449,-0.464466392993927,0.2258748710155487,1.115335464477539,-0.021013587713241577,0.6133780479431152,-0.6419203877449036,0.3165968358516693,0.5336996912956238,0.9479231834411621,-0.7202318906784058,-0.8303807973861694,0.683416485786438,-0.1715175062417984,-0.04640495404601097,-0.6074939966201782,-0.7201367616653442,0.30342817306518555,0.15882325172424316,0.38182532787323,0.03393443301320076,0.5088559985160828,-1.2238816022872925,0.7601146697998047,0.3913881182670593,0.7382743954658508,-0.35863053798675537,-0.34813329577445984,0.7304219603538513,0.032323334366083145,0.23444077372550964,-0.7049561738967896,-0.107087142765522,-0.3393711447715759,0.15035082399845123,0.6533217430114746,0.6057478189468384,0.08099822700023651,-0.1553688645362854,0.3745238184928894,-0.29390382766723633,-0.19189144670963287,-0.23602420091629028,-0.2912711799144745,0.20375551283359528,0.16497169435024261,1.3747215270996094,-0.1307058334350586,0.07091004401445389,-0.20937010645866394,-0.5854779481887817,0.42480647563934326,0.3442075252532959,0.33427155017852783,-0.6302858591079712,0.5850334763526917,-0.19529908895492554,0.15675239264965057,0.08023931831121445,0.09499266743659973,0.046629928052425385,-0.11597584933042526,-0.08491917699575424,0.2466317117214203,-0.4214513599872589,0.5383488535881042,0.0663137286901474,-0.16030308604240417,0.3583870530128479,-0.04028598591685295,-0.17754597961902618,0.33290576934814453,-0.18426553905010223,-0.19082921743392944,0.30239996314048767,-0.284993439912796,-0.011147973127663136,0.1944734901189804,-0.5604647397994995,-0.8062193393707275,-0.2802489101886749,0.1271662563085556,0.03370099142193794,0.0412561409175396,-0.028502270579338074,0.29140788316726685,0.8158474564552307,0.3060988485813141,-0.2381024956703186,0.32321301102638245,0.08205928653478622,0.04701495170593262,0.3876596689224243,0.3847944736480713,0.11702126264572144,0.49825549125671387,0.07689808309078217,0.5952817797660828,-0.4853381812572479,-0.30053576827049255,0.29660364985466003],""gru.bias_ih"":[0.1057584285736084,0.11646458506584167,-0.4307056665420532,0.1766592264175415,-0.18543702363967896,0.04016736522316933,0.2874071002006531,-0.2642332911491394,-0.5273560881614685,0.7833616137504578,-0.5591788291931152,-0.3524243235588074,-0.26512885093688965,-0.6294094324111938,-0.3923369348049164,-0.3709266483783722,-0.17880627512931824,-0.14098741114139557,0.22371168434619904,0.24582578241825104,-0.2853968143463135,0.21382029354572296,0.15186801552772522,-0.29297563433647156],""gru.bias_hh"":[-0.3224317133426666,-0.00705090444535017,0.1026020348072052,0.13014598190784454,0.04763884097337723,0.21585960686206818,0.11791882663965225,-0.06397020071744919,-0.7803229689598083,0.615066647529602,-0.13240307569503784,-0.4147672653198242,-0.4328148066997528,-0.8490692973136902,-0.013737132772803307,-0.7336060404777527,-0.0016185871791094542,0.3411010801792145,0.12306233495473862,0.07002639025449753,0.17885370552539825,-0.30871424078941345,-0.13029605150222778,-0.33263862133026123],""head.weight"":[-0.43778809905052185,0.527521014213562,-0.9218410849571228,-0.32381710410118103,-0.4915023446083069,0.6562780141830444,-0.02396448329091072,-0.3596208989620209],""head.bias"":[-0.17519521713256836]}"
840505,SENSORY_SITE,60,4,0.5939642071723938,0.8397174569999635,"{""raw"":[2.5119664669036865,0.3818858861923218,-0.28229424357414246,-0.5219611525535583]}"
840505,SENSORY_SITE,120,4,0.6143893301486969,1.6938844559999353,"{""raw"":[2.4687485694885254,0.7467740774154663,-0.3884936571121216,-0.5964213609695435]}"
840505,SENSORY_SITE,240,4,0.6020800769329071,3.349826080999975,"{""raw"":[2.4699294567108154,1.2779383659362793,-0.35581132769584656,-0.7080481648445129]}"
840505,OUTPUT_SITE,60,4,0.6449446678161621,0.8310307049999608,"{""raw"":[2.235170841217041,0.7015834450721741,0.023600339889526367,-0.5979262590408325]}"
840505,OUTPUT_SITE,120,4,0.6040257632732391,1.6597143709999216,"{""raw"":[1.7412210702896118,1.0915319919586182,0.15285708010196686,-0.6815493106842041]}"
840505,OUTPUT_SITE,240,4,0.6075267970561982,3.324455658999881,"{""raw"":[1.1098928451538086,1.7491525411605835,0.1814235895872116,-0.11350460350513458]}"
840505,NO_FEEDBACK,60,4,0.6923428654670716,0.8086123730000168,"{""raw"":[2.2180335521698,0.662871778011322,0.2069614678621292,-0.014249375090003014]}"
840505,NO_FEEDBACK,120,4,0.6282844126224518,1.6354577050000074,"{""raw"":[1.7465401887893677,1.0510046482086182,0.33411046862602234,-0.005734291858971119]}"
840505,NO_FEEDBACK,240,4,0.6475436866283417,3.241612537000094,"{""raw"":[1.1105128526687622,1.670781135559082,0.3265775442123413,0.07318548113107681]}"
840505,GENERIC_RNN,60,4,0.6719994902610779,0.6489050410000488,"{""raw"":[0.5594010949134827,0.6553241610527039,-0.07456299662590027,0.3325417935848236]}"
840505,GENERIC_RNN,120,4,0.6415815055370331,1.3261189980000978,"{""raw"":[0.7619975805282593,0.8393600583076477,-0.11098520457744598,0.46926194429397583]}"
840505,GENERIC_RNN,240,4,0.6449183762073517,2.6329413740000973,"{""raw"":[0.8736960291862488,1.1555335521697998,-0.1340627819299698,0.46564000844955444]}"
840505,GRU_8,60,321,0.6032761573791504,1.0695718730000578,"{""gru.weight_ih"":[-0.14904408156871796,0.233237624168396,0.06138770282268524,0.22160547971725464,0.28189292550086975,-0.0012738974764943123,-0.36528000235557556,-0.37654033303260803,-0.14906176924705505,-0.42858651280403137,-0.15816730260849,-0.28741854429244995,-0.0443841889500618,-0.07256816327571869,-0.014216026291251183,0.37303611636161804,-0.4440436363220215,0.19978174567222595,-0.3974733352661133,0.13865287601947784,0.19067898392677307,-0.4628641605377197,0.05631270632147789,-0.11600372940301895,-0.09981057792901993,-0.21988148987293243,-0.31391629576683044,0.19158142805099487,-0.411559134721756,-0.31488609313964844,0.1130361407995224,-0.753381609916687,-0.06782759726047516,-0.050253525376319885,-0.29471561312675476,0.14116409420967102,-0.27959883213043213,-0.3527168035507202,0.10977984219789505,0.22980982065200806,-0.04332806169986725,-0.02156761847436428,-0.054476458579301834,-0.2338835448026657,0.07889070361852646,-0.08722421526908875,-0.7148844003677368,0.2812736928462982,0.18627285957336426,0.1952258199453354,0.2795262634754181,0.2367221564054489,-0.16079971194267273,-0.09123609215021133,0.3486534357070923,-0.28921231627464294,0.43399980664253235,0.3809747099876404,-0.33122092485427856,0.14549502730369568,0.14843352138996124,0.2973562479019165,-0.06935500353574753,0.01307045016437769,0.03626275807619095,-0.35970279574394226,-0.5567227005958557,-0.22953267395496368,-0.4292764365673065,0.5541658997535706,-0.10859957337379456,0.28312456607818604],""gru.weight_hh"":[-0.0276163499802351,0.07560618966817856,0.27952179312705994,-0.1757313758134842,0.2929302155971527,0.3402707874774933,0.1505330502986908,-0.059852052479982376,0.15131127834320068,0.2763119637966156,-0.036332614719867706,0.10989738255739212,0.26475396752357483,0.18354929983615875,0.0574905164539814,0.21940277516841888,-0.09191511571407318,-0.03549054637551308,0.07444828748703003,-0.0252386461943388,-0.011231527663767338,-0.13342466950416565,0.23146261274814606,-0.13962793350219727,0.2597378194332123,-0.18323074281215668,-0.003669733414426446,-0.09826570749282837,0.06898442655801773,0.22433437407016754,-0.21826313436031342,-0.29713526368141174,0.42977821826934814,-0.20202377438545227,-0.011353632435202599,-0.09074752777814865,0.23951146006584167,-0.13832183182239532,0.09466308355331421,-0.02258395031094551,0.1176883652806282,0.00836452841758728,0.36173707246780396,0.27174270153045654,0.040379468351602554,-0.13571015000343323,-0.14645172655582428,0.2912658751010895,-0.23656241595745087,0.07576122134923935,-0.3374228775501251,0.15912482142448425,-0.16547420620918274,-0.26719167828559875,-0.026616057381033897,-0.3323054015636444,-0.2307199239730835,0.3307040333747864,-0.27607065439224243,0.05073291063308716,0.08602547645568848,0.09311172366142273,-0.1410771757364273,0.09403976052999496,-0.2506664991378784,0.3086693286895752,0.09443774819374084,0.3752363920211792,-0.3865487575531006,0.3119518458843231,-0.07270542532205582,-0.120387502014637,0.12235066294670105,0.14955517649650574,-0.017363814637064934,-0.18557623028755188,-0.014383162371814251,-0.33400148153305054,0.21630604565143585,-0.046462155878543854,-0.48397544026374817,0.013443214818835258,-0.5200735926628113,-0.885290801525116,-0.2113233059644699,0.41407570242881775,0.20379707217216492,-0.025705983862280846,-0.009871179237961769,-0.09734149277210236,-0.45566609501838684,-0.5271655321121216,0.39480963349342346,0.22239966690540314,-0.1283809095621109,0.10474759340286255,0.4067607820034027,0.6475644111633301,0.597769558429718,0.298576295375824,-0.15969732403755188,-0.20982198417186737,-0.31716713309288025,0.714450478553772,-0.20947079360485077,0.30402737855911255,-0.2649368941783905,0.3987063467502594,-0.4440838694572449,0.12355171889066696,-0.18023140728473663,-0.17416289448738098,0.3874610364437103,0.7099120616912842,0.27252745628356934,-0.22527945041656494,-0.0492895171046257,0.3997166156768799,-0.4273744225502014,0.45176365971565247,0.2213752567768097,0.760586142539978,0.4188059866428375,-0.34272411465644836,0.05625220015645027,0.32098662853240967,0.03479328379034996,0.04399858042597771,-0.35279303789138794,0.112920381128788,-0.019287260249257088,0.19392378628253937,-0.2119750678539276,-0.3139406442642212,0.34608352184295654,0.1564246565103531,0.4538426697254181,-0.20517463982105255,-0.19286209344863892,0.1045256182551384,0.1721818894147873,0.039619140326976776,-0.2439633011817932,0.18684615194797516,0.4199802279472351,0.35234948992729187,-0.12188716977834702,0.1356949657201767,-0.15789540112018585,-0.007431884296238422,-0.34015974402427673,0.14654645323753357,-0.037190355360507965,0.18934142589569092,-0.18235671520233154,0.3285854160785675,-0.027838967740535736,0.22271102666854858,0.06435372680425644,-0.24668395519256592,-0.14623159170150757,0.1562192440032959,0.38946372270584106,0.17919355630874634,-0.05978582426905632,0.0594884417951107,-0.33939075469970703,-0.029212871566414833,0.031620532274246216,0.13045847415924072,-0.3320840895175934,-0.4187275171279907,-0.07871785759925842,0.2742061913013458,-0.036565378308296204,-0.15228131413459778,0.20634983479976654,0.18713971972465515,-0.33735713362693787,0.025261394679546356,0.24360649287700653,-0.0729978084564209,-0.18856289982795715,-0.395514577627182,0.19449931383132935,0.20053692162036896,0.0017619174905121326,-0.13601569831371307,0.1788702756166458,0.33384621143341064,0.027386685833334923,0.15704205632209778],""gru.bias_ih"":[-0.2626841366291046,0.37984931468963623,-0.18279875814914703,-0.24438565969467163,0.14051170647144318,-0.1753825545310974,0.04707222804427147,-0.35099148750305176,0.09116111695766449,0.21390500664710999,-0.6460404396057129,-0.5616218447685242,0.29335132241249084,0.1212339699268341,-0.2733484208583832,-0.353325754404068,-0.03880861774086952,-0.021750038489699364,0.22568990290164948,0.28569620847702026,-0.03128966689109802,-0.1395670771598816,0.10541592538356781,-0.13760647177696228],""gru.bias_hh"":[0.29186004400253296,-0.01628981903195381,0.27537158131599426,0.11866778880357742,-0.024080095812678337,0.13517296314239502,0.14586403965950012,-0.36555567383766174,0.006060904357582331,-0.26754850149154663,-0.5950031280517578,-0.12682728469371796,-0.2821093797683716,-0.3282790184020996,-0.5623325109481812,0.005375552456825972,-0.05581960082054138,0.016479888930916786,-0.06035616248846054,-0.1702762395143509,0.19739361107349396,-0.2537114918231964,0.18238353729248047,-0.24891597032546997],""head.weight"":[0.0672387033700943,0.3581027090549469,0.15197473764419556,0.4252387285232544,0.29264041781425476,-0.17288897931575775,-0.4414062201976776,0.47245362401008606],""head.bias"":[-0.034715842455625534]}"
840505,GRU_8,120,321,0.54905406832695,2.134553326000031,"{""gru.weight_ih"":[-0.12183988094329834,0.30667778849601746,0.10061191767454147,0.16047585010528564,-0.10972051322460175,0.13572131097316742,-0.5755674242973328,-0.8257662653923035,-0.015300527215003967,-0.4340362548828125,0.1591794341802597,-0.37642917037010193,-0.03180784732103348,-0.2769526243209839,0.09070489555597305,0.4098767638206482,-0.3871426582336426,0.3586513102054596,-0.4769324064254761,0.04681313410401344,0.5193227529525757,-0.5110606551170349,0.1808682680130005,-0.0019762436859309673,-0.16183602809906006,-0.27037400007247925,-0.08551685512065887,0.0462261438369751,-0.8847423791885376,-0.2394445687532425,-0.06377456337213516,-1.036592960357666,0.017290877178311348,-0.03848881274461746,-0.5221592783927917,0.011875725351274014,-0.43023934960365295,-0.4005124270915985,0.43364399671554565,0.24704256653785706,-0.03444647789001465,-0.021748574450612068,-0.09737391769886017,-0.34709328413009644,0.28819042444229126,-0.20126716792583466,-1.0240787267684937,0.6980334520339966,0.2408914864063263,0.03272227570414543,0.2270093560218811,0.31741172075271606,-0.3139220178127289,-0.04495155066251755,0.48518654704093933,-0.32822588086128235,0.43291881680488586,0.431672602891922,-0.3819551169872284,0.10111808776855469,0.2099267840385437,0.3602575361728668,-0.14632631838321686,-0.025141073390841484,-0.01335079688578844,-0.6075012683868408,-0.6409479975700378,-0.17885634303092957,-0.4586140215396881,0.6457648873329163,-0.19118888676166534,0.1804695576429367],""gru.weight_hh"":[-0.012247762642800808,0.023222455754876137,0.2994844615459442,-0.19272421300411224,0.3680965304374695,0.2954159379005432,0.142497256398201,-0.0700882226228714,0.1808931678533554,0.6133866906166077,0.22903859615325928,0.2748534381389618,0.34942173957824707,0.12673905491828918,0.013258177787065506,0.3269400894641876,-0.005280291195958853,0.09938082844018936,0.3604278266429901,0.06057256832718849,0.06687580794095993,-0.35641345381736755,0.20258532464504242,-0.09338599443435669,0.2739447355270386,-0.6201221346855164,-0.04836643114686012,-0.17340879142284393,0.1587403416633606,0.12382559478282928,-0.16576504707336426,-0.5119197964668274,0.4241270124912262,-0.10844574123620987,0.004286283627152443,-0.06311213970184326,0.24500977993011475,-0.11945898085832596,0.06481899321079254,0.028702152892947197,0.14009250700473785,0.013626057654619217,0.38684383034706116,0.28319430351257324,0.06914462894201279,-0.15792237222194672,-0.16495347023010254,0.29948294162750244,-0.1600833684206009,0.07021133601665497,-0.21726101636886597,0.1437983363866806,-0.1003156453371048,-0.41190752387046814,-0.14042975008487701,-0.31882038712501526,-0.1421692967414856,0.18828867375850677,-0.21144220232963562,0.03316131606698036,0.17840202152729034,-0.02974632941186428,-0.17706359922885895,0.029759058728814125,-0.19626696407794952,0.8245866298675537,0.2816583514213562,0.399219274520874,-0.4028021991252899,0.33768177032470703,-0.2089933604001999,0.08999980241060257,0.17764149606227875,0.20561431348323822,0.07658840715885162,-0.4988996386528015,-0.03476731851696968,-0.6709508895874023,0.11672678589820862,0.10547339916229248,-0.43322986364364624,0.1482599824666977,-0.4553999602794647,-1.1781599521636963,-0.5100604891777039,0.3665928542613983,0.08915874361991882,0.1369035542011261,-0.09032590687274933,-0.37392061948776245,-0.5979049205780029,-0.7497678399085999,0.1490052342414856,0.2675085663795471,-0.055573735386133194,0.04506715387105942,0.47897017002105713,1.157784104347229,0.8771608471870422,0.49435853958129883,-0.08977463841438293,-0.3280167281627655,-0.52873694896698,1.049580693244934,-0.21364890038967133,0.4409736394882202,-0.21750806272029877,0.4523448646068573,-0.44758275151252747,0.14382950961589813,-0.18525299429893494,-0.14351332187652588,0.45917806029319763,1.1887966394424438,0.5138075351715088,-0.11809191852807999,0.017469298094511032,0.42873552441596985,-0.5703414678573608,0.6953009963035583,0.4167121946811676,1.3887168169021606,0.8178558349609375,-0.03859928250312805,0.45719558000564575,0.009264733642339706,-0.2590184211730957,0.4489702880382538,-0.40819230675697327,0.23372460901737213,-0.05961913615465164,0.23447151482105255,-0.21913538873195648,-0.22925490140914917,0.36436620354652405,0.19727542996406555,0.42132577300071716,0.02176821045577526,-0.18356099724769592,0.1846156120300293,0.22327710688114166,0.11215930432081223,-0.26561984419822693,0.2898470461368561,0.35774534940719604,0.5756636261940002,-0.12722553312778473,0.16229991614818573,-0.14788782596588135,0.06667730212211609,-0.3931812345981598,0.23843605816364288,-0.08208451420068741,0.24269576370716095,-0.21903885900974274,0.34796756505966187,-0.03289436548948288,0.27918922901153564,0.07317356765270233,-0.2305290848016739,-0.17411483824253082,0.19326643645763397,0.36662402749061584,0.1961173266172409,-0.06347806751728058,0.09891901165246964,-0.33249539136886597,-0.016622260212898254,0.006304731592535973,0.09641087055206299,-0.37040191888809204,-0.4288903772830963,-0.11948061734437943,0.30296504497528076,0.011772592552006245,-0.17929041385650635,0.2519535422325134,0.05065462738275528,-0.3288500905036926,-0.016106456518173218,0.2246057093143463,-0.12878122925758362,-0.17883630096912384,-0.4537709951400757,0.1241702139377594,0.3488934338092804,-0.051834359765052795,-0.09338882565498352,0.1590992659330368,0.4519941210746765,0.04748977720737457,0.22341091930866241],""gru.bias_ih"":[-0.25180184841156006,0.4312766194343567,-0.09534856677055359,-0.15911400318145752,0.13643863797187805,-0.16604305803775787,0.06608390063047409,-0.30314046144485474,-0.16825413703918457,0.04259607195854187,-0.9331121444702148,-0.6631259322166443,0.1936618983745575,0.11815711110830307,-0.48053643107414246,-0.35862672328948975,-0.048373330384492874,-0.03119480423629284,0.19043810665607452,0.27596336603164673,-0.03346583619713783,-0.13221247494220734,0.1080770269036293,-0.15702514350414276],""gru.bias_hh"":[0.3027423322200775,0.03513750806450844,0.3628217875957489,0.20393945276737213,-0.028153153136372566,0.14451245963573456,0.16487571597099304,-0.31770461797714233,-0.25335440039634705,-0.43885743618011475,-0.8820748329162598,-0.22833135724067688,-0.3817988336086273,-0.33135589957237244,-0.7695205807685852,7.444876246154308e-05,-0.06721408665180206,0.015457753092050552,-0.10975287854671478,-0.18249134719371796,0.19213299453258514,-0.25576671957969666,0.19296608865261078,-0.2733381986618042],""head.weight"":[0.100679911673069,0.5007952451705933,0.21597756445407867,0.47270098328590393,0.3783292770385742,-0.17104968428611755,-0.5249993801116943,0.5485504865646362],""head.bias"":[-0.03750773146748543]}"
840505,GRU_8,240,321,0.53203045129776,4.291533617000098,"{""gru.weight_ih"":[-0.12235737591981888,0.2980969250202179,0.1945609599351883,0.07386216521263123,-0.5220183730125427,0.14001142978668213,-0.9041623473167419,-1.5813047885894775,-0.0410119891166687,-0.4841131567955017,0.09725870937108994,-0.4870036244392395,-0.03814321383833885,-0.5521153211593628,-0.06164226308465004,0.4589787423610687,-0.28665801882743835,0.3776227831840515,-0.5409572720527649,-0.26060011982917786,0.8432909250259399,-0.45828187465667725,0.19933104515075684,0.22353780269622803,-0.18390244245529175,-0.3121768534183502,-0.04117579013109207,0.44861581921577454,-1.420844554901123,-0.3797305226325989,-0.19270576536655426,-1.5969884395599365,-0.48319390416145325,0.1814243346452713,-0.9163306355476379,-0.3953404724597931,-0.5063008666038513,-0.4173831343650818,0.3763591945171356,0.31944435834884644,-0.17360636591911316,-0.2948656678199768,-0.08289111405611038,-0.4317474067211151,0.2416502684354782,-0.2564728856086731,-1.1465601921081543,0.782924473285675,0.26381659507751465,-0.01110848132520914,0.16147586703300476,0.3711484670639038,-0.3450668156147003,-0.21590590476989746,0.7028554677963257,-0.05947555601596832,0.38247522711753845,0.49669602513313293,-0.2793545722961426,-0.046253710985183716,0.2532212734222412,0.4620649218559265,-0.29697751998901367,-0.09149499982595444,-0.10873257368803024,-1.1117981672286987,-0.7213461995124817,-0.30591094493865967,-0.37056389451026917,0.6779232621192932,-0.24111419916152954,-0.024713732302188873],""gru.weight_hh"":[-0.011437250301241875,0.04370645433664322,0.37288618087768555,-0.09983887523412704,0.4412310719490051,0.2753523588180542,0.1524507999420166,-0.10143429785966873,0.11828012019395828,0.6477765440940857,0.2714036703109741,0.4304087162017822,0.3097017705440521,0.043578218668699265,0.10754518955945969,0.32130181789398193,0.0010819886811077595,0.16223189234733582,0.15361443161964417,-0.06921028345823288,-0.6619651317596436,-0.08512415736913681,0.27069810032844543,0.09683723002672195,0.23662710189819336,-0.8635295629501343,-0.1475500762462616,-0.0010540429502725601,0.1533743292093277,0.1393454670906067,0.06519327312707901,-0.812006413936615,0.3933483362197876,-0.07551643997430801,-0.037961333990097046,-0.0319538339972496,0.16085617244243622,-0.05819106101989746,0.1610148847103119,0.03686283901333809,0.09955040365457535,-0.25351423025131226,0.43567243218421936,0.31270188093185425,0.27099764347076416,-0.3287709057331085,-0.15219475328922272,0.20619931817054749,-0.09544642269611359,0.20419518649578094,-0.12072344124317169,0.11840274184942245,-0.197431743144989,-0.5089977979660034,-0.2488204538822174,-0.21654511988162994,-0.06525332480669022,0.05056608468294144,-0.11850421130657196,0.0748865082859993,0.3251717686653137,-0.2246209979057312,-0.20276647806167603,-0.04201686382293701,-0.1710580289363861,0.9087128639221191,0.3399997353553772,0.2680574059486389,-0.3914892077445984,0.32084476947784424,-0.26806893944740295,0.16346202790737152,-0.0939391478896141,-0.2412756085395813,-0.11017489433288574,-1.2381095886230469,-0.5086706876754761,-0.9189699292182922,0.39103174209594727,0.1606561690568924,-0.5497888326644897,0.11122529953718185,-0.8930029273033142,-1.402173638343811,-1.179388165473938,0.9772345423698425,0.46187084913253784,0.41985929012298584,-0.3638142943382263,-0.9708577990531921,-1.0760962963104248,-1.4607038497924805,-0.9327558875083923,0.7190078496932983,0.27457594871520996,0.06590360403060913,0.4864484965801239,1.4298056364059448,0.7704336047172546,0.21386243402957916,-0.07479782402515411,-0.13198339939117432,-0.6370044946670532,1.4078483581542969,-0.30797556042671204,0.470528244972229,-0.17252562940120697,1.03398597240448,-0.8115400671958923,-0.23170387744903564,0.23459948599338531,-0.46005716919898987,0.4621164798736572,1.3009979724884033,0.4448793828487396,-0.2774571180343628,0.007726840674877167,0.5955223441123962,-0.6138390302658081,0.8093586564064026,0.4524584114551544,1.5792219638824463,0.8991114497184753,-0.03891926631331444,0.528201699256897,-0.02531757391989231,-0.3566029369831085,0.7198635935783386,-0.4389694035053253,0.441273033618927,-0.0811368077993393,0.30648085474967957,-0.2032690793275833,-0.11406021565198898,0.41107240319252014,0.24079231917858124,0.37706324458122253,0.4263247847557068,-0.21827280521392822,0.35029295086860657,0.22924664616584778,0.3055260181427002,-0.10672956705093384,0.38579902052879333,0.38390371203422546,0.7092866897583008,-0.06675029546022415,0.21497869491577148,-0.03866531699895859,0.0799219161272049,-0.4489819407463074,0.24909448623657227,-0.14558441936969757,0.3302251696586609,-0.28461238741874695,0.4210645258426666,0.06463933736085892,0.38806894421577454,0.13642321527004242,-0.2535427212715149,-0.19753621518611908,0.323103666305542,0.35624921321868896,0.26622745394706726,-0.03802037611603737,0.17143692076206207,-0.2937649190425873,-0.030392950400710106,-0.039372652769088745,0.28577667474746704,-0.5021260380744934,-0.38689711689949036,-0.2719361484050751,0.5466572642326355,0.1501929759979248,-0.15071532130241394,0.2797325849533081,-0.12841828167438507,-0.32925108075141907,-0.09606331586837769,0.15452270209789276,-0.19124461710453033,-0.21806497871875763,-0.4701845943927765,0.054143067449331284,0.586991012096405,-0.10756870359182358,0.0029378386680036783,0.09139728546142578,0.6388694643974304,0.17361627519130707,0.22160577774047852],""gru.bias_ih"":[-0.1887001097202301,0.6706963181495667,-0.22909803688526154,-0.02393014170229435,0.16908898949623108,-0.08545449376106262,0.031095679849386215,-0.22794193029403687,-0.28445112705230713,0.3897266089916229,-0.7831687331199646,-0.5508264899253845,-0.115620918571949,0.9730538725852966,-0.7061532735824585,-0.4471319019794464,-0.04593787342309952,0.003939768765121698,0.21864557266235352,0.31608685851097107,-0.011440698057413101,-0.1049550399184227,0.05643872171640396,-0.13756094872951508],""gru.bias_hh"":[0.36584410071372986,0.2745572328567505,0.22907216846942902,0.3391231596469879,0.004497205372899771,0.2251010239124298,0.12988753616809845,-0.24250613152980804,-0.36955147981643677,-0.09172680974006653,-0.7321314215660095,-0.11603183299303055,-0.6910815238952637,0.523540735244751,-0.9951373338699341,-0.08843069523572922,-0.062237728387117386,0.06395047903060913,-0.12793727219104767,-0.14544416964054108,0.20952634513378143,-0.2621444761753082,0.15490496158599854,-0.2603766620159149],""head.weight"":[0.1320866197347641,0.6691882610321045,0.29655739665031433,0.5444096326828003,0.5140356421470642,-0.16606344282627106,-0.585150957107544,0.5819953083992004],""head.bias"":[-0.011254108510911465]}"
840506,SENSORY_SITE,60,4,0.5645469069480896,0.8355976680000055,"{""raw"":[2.4771370887756348,0.42564287781715393,0.3273738622665405,-0.4537627696990967]}"
840506,SENSORY_SITE,120,4,0.5737419962882996,1.6706546730000014,"{""raw"":[2.3076932430267334,0.7529529333114624,0.45380064845085144,-0.5118082761764526]}"
840506,SENSORY_SITE,240,4,0.5771619319915772,3.38530500600001,"{""raw"":[2.163553476333618,1.3091413974761963,0.4986417889595032,-0.5392295718193054]}"
840506,OUTPUT_SITE,60,4,0.6015762150287628,0.831442956000032,"{""raw"":[2.223484516143799,0.678943932056427,0.2281639128923416,-0.6105911135673523]}"
840506,OUTPUT_SITE,120,4,0.5744791448116302,1.6757617079999534,"{""raw"":[1.777854084968567,1.0712069272994995,0.41902467608451843,-0.577262818813324]}"
840506,OUTPUT_SITE,240,4,0.5463652998209,3.368130789999924,"{""raw"":[1.22604238986969,1.714780330657959,0.5593599081039429,0.027311313897371292]}"
840506,NO_FEEDBACK,60,4,0.5966415733098984,0.8079927510000289,"{""raw"":[2.1676011085510254,0.6382461786270142,0.06969285756349564,0.10486172139644623]}"
840506,NO_FEEDBACK,120,4,0.5638758361339569,1.608798541000084,"{""raw"":[1.7130578756332397,1.052438497543335,0.3345988392829895,-0.14503560960292816]}"
840506,NO_FEEDBACK,240,4,0.5138441860675812,3.2113608010000405,"{""raw"":[1.1707767248153687,1.741247296333313,0.3019443154335022,-0.2015058547258377]}"
840506,GENERIC_RNN,60,4,0.6629479169845581,0.6515129580000689,"{""raw"":[0.5309875011444092,0.642122745513916,0.13010217249393463,0.30717235803604126]}"
840506,GENERIC_RNN,120,4,0.6136598020792008,1.325712164000251,"{""raw"":[0.7435620427131653,0.8085801601409912,0.16707083582878113,0.4525974988937378]}"
840506,GENERIC_RNN,240,4,0.6274882793426514,2.6324106580003246,"{""raw"":[0.86100834608078,1.0677123069763184,0.17674219608306885,0.4171322286128998]}"
840506,GRU_8,60,321,0.5456931889057159,1.0670210839999186,"{""gru.weight_ih"":[0.4244554340839386,-0.3946267068386078,0.3793244957923889,0.4296131730079651,0.01569955050945282,0.4769291281700134,0.1074165552854538,0.08726136386394501,0.005452405661344528,-0.08801501989364624,0.3428853452205658,-0.26959696412086487,0.05221208557486534,-0.4895438849925995,-0.48731091618537903,-0.04351481795310974,-0.11239728331565857,0.21331040561199188,0.5553877949714661,0.05750221386551857,-0.2211170196533203,0.1231367215514183,0.05994367599487305,0.15360644459724426,0.18112269043922424,-0.5282204151153564,0.015110685490071774,0.019098415970802307,0.46137067675590515,-0.0063060587272048,-0.05659770593047142,-0.21074752509593964,0.38548949360847473,-0.21098963916301727,-0.1979430913925171,0.3652985990047455,0.05430680885910988,0.003782903775572777,-0.248125359416008,0.10902956873178482,-0.13536135852336884,-0.4361584782600403,0.3578687012195587,-0.540676474571228,-0.47742679715156555,0.09901772439479828,-0.22009862959384918,0.7647507786750793,-0.322786808013916,-0.12722313404083252,0.2061433643102646,0.10879218578338623,0.03904205188155174,0.05452746897935867,0.42999178171157837,0.30399319529533386,0.3583843410015106,-0.598272442817688,-0.34172147512435913,0.10908441245555878,0.6254653334617615,-0.02646377496421337,0.35333332419395447,0.4904361665248871,0.01975584216415882,0.10018310695886612,0.5807693600654602,-0.2530290484428406,-0.0935971811413765,-0.4690377712249756,-0.1372331827878952,-0.5005888342857361],""gru.weight_hh"":[0.17067980766296387,0.1298101395368576,-0.28569355607032776,0.11608154326677322,-0.34396645426750183,0.19680176675319672,-0.003740809392184019,0.08434053510427475,-0.18702000379562378,0.17321451008319855,-0.28457292914390564,-0.12103872001171112,0.27320125699043274,-0.11172822117805481,0.0636114627122879,-0.029749343171715736,-0.37290701270103455,-0.16846095025539398,0.1323484182357788,0.07110513746738434,0.16689719259738922,0.21719810366630554,0.23640330135822296,-0.2759730815887451,0.10488816350698471,-0.08538605272769928,-0.3497261106967926,-0.02133253403007984,-0.22749949991703033,0.16214604675769806,-0.43816447257995605,0.14570309221744537,0.014441330917179585,0.19976837933063507,-0.2602223753929138,0.22544622421264648,-0.4349192976951599,-0.2707085609436035,0.03517255559563637,0.46659836173057556,-0.281573086977005,0.24767038226127625,-0.21491338312625885,-0.15444207191467285,0.5704101324081421,0.07841996103525162,0.16221415996551514,-0.36323192715644836,0.31103527545928955,-0.13111083209514618,-0.16861943900585175,0.03581209108233452,-0.09537453204393387,-0.20193079113960266,0.21061870455741882,-0.11273142695426941,0.12354736775159836,0.1288142055273056,-0.4763309061527252,0.5507574081420898,-0.29227617383003235,0.10206235945224762,-0.22212304174900055,0.40026503801345825,0.13975879549980164,0.19704553484916687,-0.420757919549942,-0.004765057936310768,-0.06685686856508255,-0.0720977708697319,-0.23207062482833862,0.28458303213119507,-0.45003581047058105,-0.4375201463699341,0.09204595535993576,0.4103679656982422,0.1973220556974411,0.1987437903881073,0.3263060450553894,-0.11878295242786407,0.28218770027160645,0.13474906980991364,-0.011308216489851475,0.03629084676504135,0.1312534213066101,-0.30289220809936523,-0.6260204315185547,0.24752768874168396,0.2538027763366699,0.42993107438087463,0.25051963329315186,-0.29433032870292664,-0.17848120629787445,0.045994892716407776,-0.21971024572849274,-0.3404112160205841,0.5688497424125671,0.4166511595249176,-0.6078559160232544,-0.07824749499559402,-0.04035944491624832,-0.21108859777450562,-0.4170483350753784,0.43849197030067444,0.4722493886947632,0.14721615612506866,0.21107570827007294,0.03824766352772713,-0.4496680796146393,-0.515907883644104,-0.13992886245250702,-0.08436122536659241,0.32652315497398376,-0.011760134249925613,-0.46980032324790955,0.38623544573783875,-0.003959047142416239,-0.31019797921180725,-0.697347104549408,0.22333335876464844,0.47701916098594666,0.6849731206893921,-0.21216097474098206,0.22664891183376312,-0.14242790639400482,-0.5985279679298401,-0.8099278211593628,0.21683453023433685,0.24208873510360718,-0.23375269770622253,0.02069532684981823,0.6185521483421326,-0.3206973373889923,0.2334515005350113,0.12106169015169144,0.2751966416835785,-0.0554591603577137,-0.2868964970111847,-0.18771111965179443,-0.0101872393861413,0.03860664367675781,0.04182266816496849,-0.019132530316710472,0.12924644351005554,0.23496225476264954,0.35690468549728394,0.25311994552612305,-0.5047851204872131,0.08986570686101913,-0.2745871841907501,-0.23762038350105286,0.07456830143928528,0.02359178476035595,0.29153621196746826,-0.3910178244113922,0.169036865234375,-0.3462183177471161,0.2544155418872833,-0.06550530344247818,-0.13634565472602844,-0.03207002580165863,0.1869485080242157,-0.06674835085868835,-0.007571469061076641,-0.15031154453754425,0.30908283591270447,0.13363024592399597,-0.3316537141799927,-0.13113902509212494,-0.20649868249893188,0.3044968247413635,-0.13921155035495758,-0.1158611923456192,0.11087409406900406,-0.20902763307094574,0.05173349380493164,-0.32258906960487366,0.013149647042155266,-0.21754422783851624,-0.29004359245300293,0.27231457829475403,0.2827744781970978,0.27672335505485535,-0.0668007880449295,0.30817368626594543,0.11211740225553513,0.14161105453968048,0.20678600668907166,-0.3252793550491333,-0.1580529808998108,-0.4275434911251068,-0.11328238993883133],""gru.bias_ih"":[-0.13430435955524445,-0.20083525776863098,0.19779984652996063,-0.09466623514890671,-0.5476782917976379,-0.18225833773612976,0.05297156423330307,0.14792859554290771,0.05043664947152138,0.358248233795166,-0.8225491642951965,-0.23539455235004425,-0.28139811754226685,-0.35888534784317017,-0.35628804564476013,-0.7905938625335693,-0.14939862489700317,-0.22910209000110626,0.1405082792043686,-0.022119920700788498,0.14862720668315887,0.0013978162314742804,0.34306231141090393,-0.10829333961009979],""gru.bias_hh"":[-0.1874760538339615,0.1375678926706314,0.1779385656118393,-0.2303398996591568,-0.03204039856791496,0.3368489444255829,0.14252083003520966,-0.35432159900665283,-0.1687987893819809,-0.019126933068037033,-0.2269243597984314,-0.29838278889656067,-0.5850988626480103,-0.2781159281730652,0.1893390566110611,-0.707871675491333,-0.2918255031108856,-0.1352967917919159,0.35636693239212036,0.007573348470032215,0.004862739704549313,0.3731081187725067,0.12808042764663696,0.20572073757648468],""head.weight"":[-0.07669974118471146,-0.07751627266407013,0.31736743450164795,-0.4833471179008484,0.33755677938461304,0.29649534821510315,0.3217688798904419,-0.30690857768058777],""head.bias"":[-0.26917871832847595]}"
840506,GRU_8,120,321,0.5544954270124436,2.1212907110000003,"{""gru.weight_ih"":[0.4449979066848755,-0.5900501012802124,0.34123796224594116,0.38976433873176575,-0.025146422907710075,0.4543880820274353,0.11205120384693146,0.19707609713077545,0.10522051155567169,-0.10548564791679382,0.20514549314975739,-0.515312135219574,0.10476459562778473,-0.6281506419181824,-0.5596044063568115,-0.0038650508504360914,-0.12330321222543716,0.2631240487098694,0.613856315612793,-0.07612713426351547,-0.2939099669456482,0.18663273751735687,-0.20785367488861084,0.08504485338926315,0.44335317611694336,-0.9382668733596802,-0.17907662689685822,0.013757643289864063,0.46384197473526,0.03759670630097389,-0.043550580739974976,-0.2789997458457947,0.3279736638069153,-0.26463598012924194,-0.42272138595581055,0.5827756524085999,0.09120114892721176,-0.07703320682048798,-0.2393181473016739,0.12699554860591888,-0.2437928318977356,-0.5209576487541199,0.46461936831474304,-0.6466643214225769,-0.5661404728889465,0.08210567384958267,-0.34674277901649475,0.96941077709198,-0.3882933557033539,-0.3547332286834717,0.3306553363800049,0.10868575423955917,0.01171095110476017,-0.05280988663434982,0.47290581464767456,0.4090878665447235,0.3285386860370636,-0.614458441734314,-0.5057849884033203,0.26109063625335693,0.6685516834259033,0.06652632355690002,0.26761528849601746,0.5378795862197876,0.031102143228054047,0.19200193881988525,0.6208302974700928,-0.1668243110179901,-0.15441006422042847,-0.6135332584381104,-0.14416347444057465,-0.5133285522460938],""gru.weight_hh"":[0.07464388757944107,0.05722395330667496,-0.19821186363697052,-0.041637271642684937,-0.382819801568985,0.23492485284805298,0.012171512469649315,0.1253378987312317,-0.1765093058347702,0.1500948965549469,-0.2818011939525604,-0.04854392260313034,0.22971928119659424,-0.11621135473251343,0.05129660665988922,0.02008606120944023,-0.5145242810249329,-0.22498425841331482,0.22410808503627777,-0.04210508614778519,0.2631038725376129,0.3521273732185364,0.3984632194042206,-0.4173595607280731,0.1134876012802124,-0.09578969329595566,-0.43227076530456543,-0.07653991132974625,-0.4699437916278839,0.033825673162937164,-0.5404697060585022,0.4120146334171295,0.1342598795890808,0.28577324748039246,-0.333748996257782,0.1933145821094513,-0.5404254198074341,-0.3932296633720398,-0.12548351287841797,0.5715659260749817,-0.3239956498146057,0.2448229193687439,-0.15115810930728912,-0.36871102452278137,0.5808275938034058,0.1165502667427063,0.18278200924396515,-0.4003613293170929,0.2902967929840088,-0.13788926601409912,-0.14414241909980774,-0.0871356874704361,-0.16089138388633728,-0.21010780334472656,0.18667319416999817,-0.03393375128507614,0.1555672585964203,0.07585714757442474,-0.5128344893455505,0.4548743963241577,-0.35802116990089417,0.08819251507520676,-0.290865421295166,0.480365514755249,0.4906022846698761,0.04699308052659035,-0.6486744284629822,0.12556657195091248,-0.25498440861701965,-0.2710705101490021,-0.44863641262054443,0.4911808669567108,-0.4805397391319275,-0.43418464064598083,0.11375844478607178,0.35228458046913147,0.23936209082603455,0.27399328351020813,0.34883612394332886,-0.1743232011795044,0.36481723189353943,0.21879132091999054,-0.05974185839295387,0.03282533213496208,0.04337841272354126,-0.44887563586235046,-0.7860445976257324,0.35539647936820984,-0.08278947323560715,0.38595229387283325,0.4535234570503235,-0.6163689494132996,0.019925855100154877,0.2782632112503052,-0.016212256625294685,-0.5444342494010925,0.8056010007858276,0.5940185189247131,-0.710081160068512,-0.08187846094369888,-0.0949869379401207,-0.3775593638420105,-0.6105361580848694,0.48338818550109863,0.8016708493232727,0.19709137082099915,0.032601356506347656,0.1414225548505783,-0.5423447489738464,-0.6923220157623291,-0.2995857000350952,0.0328400619328022,0.7252389192581177,0.037417713552713394,-0.6418328881263733,0.4909787178039551,-0.1155451163649559,-0.5252478122711182,-0.9849892854690552,0.3447076678276062,0.6086762547492981,0.8772544860839844,-0.2628834843635559,0.045647166669368744,-0.029949720948934555,-0.6538069248199463,-0.9583873748779297,0.17487388849258423,0.35206374526023865,-0.24065831303596497,-0.05667557194828987,0.9329105019569397,-0.15095920860767365,0.25347238779067993,0.13970734179019928,0.1238994374871254,-0.051348526030778885,-0.2871321737766266,-0.20071375370025635,-0.0003932954277843237,0.030766421929001808,0.03295296058058739,-0.02200581319630146,0.15361064672470093,0.1874530017375946,0.3723222613334656,0.2937600314617157,-0.7404335141181946,0.007155322469770908,-0.27992063760757446,-0.2482362538576126,0.18203166127204895,0.11419853568077087,0.27812230587005615,-0.45417627692222595,0.4337717592716217,-0.2488931119441986,0.25673869252204895,-0.07602880895137787,-0.22288504242897034,-0.09895235300064087,0.19325539469718933,-0.013573991134762764,-0.1889776587486267,-0.19955338537693024,0.3236939311027527,0.14757990837097168,-0.2887703478336334,-0.15978316962718964,-0.1981068253517151,0.34994950890541077,-0.27169668674468994,-0.12133210897445679,0.13219760358333588,-0.20931394398212433,0.04196445271372795,-0.3636333644390106,0.012536032125353813,-0.1722673773765564,-0.42812013626098633,0.19045095145702362,0.28680169582366943,0.27090829610824585,0.03247671201825142,0.39135241508483887,0.09683168679475784,0.06867758184671402,0.4415024518966675,-0.2607261538505554,-0.1739201694726944,-0.42654749751091003,-0.16025541722774506],""gru.bias_ih"":[-0.05682849884033203,-0.1823674738407135,0.2606068551540375,-0.07323998212814331,-0.6225472092628479,-0.17544221878051758,0.06217304989695549,0.21662095189094543,0.21633687615394592,0.3551473617553711,-0.9662837386131287,-0.11527204513549805,-0.4655342102050781,-0.5066452622413635,-0.4300876259803772,-1.0071234703063965,-0.1645830124616623,-0.22724264860153198,0.12896746397018433,-0.001107488526031375,0.1435163915157318,-0.005713959224522114,0.3471500277519226,-0.10574503242969513],""gru.bias_hh"":[-0.11000020802021027,0.1560356765985489,0.24074560403823853,-0.20891371369361877,-0.10690916329622269,0.3436650335788727,0.1517222821712494,-0.28562915325164795,-0.0028985226526856422,-0.02222772315144539,-0.3706585168838501,-0.1782602220773697,-0.7692349553108215,-0.42587584257125854,0.11553965508937836,-0.9244011044502258,-0.3013918399810791,-0.1348012387752533,0.3476819097995758,0.012522164732217789,0.003496333956718445,0.3687533140182495,0.1343284398317337,0.2161463052034378],""head.weight"":[-0.09865773469209671,-0.06655643880367279,0.3621289134025574,-0.5692377686500549,0.38943052291870117,0.33518922328948975,0.3373650312423706,-0.41216734051704407],""head.bias"":[-0.2757602334022522]}"
840506,GRU_8,240,321,0.492203825712204,4.246162328999873,"{""gru.weight_ih"":[0.8826494216918945,-1.321993112564087,0.6337881684303284,0.2822060286998749,0.42907285690307617,0.5899296998977661,0.2463231086730957,-0.14305321872234344,0.2118038386106491,-0.26798492670059204,-0.2331928163766861,-0.716392993927002,0.13615918159484863,-0.8336520195007324,-0.5037751197814941,0.13786061108112335,-0.38829103112220764,0.3199583888053894,0.7857705354690552,-0.3702371120452881,-0.23076651990413666,0.331062376499176,-0.8548908233642578,0.24721410870552063,0.3591957986354828,-1.0177537202835083,-0.4320381283760071,-0.002729234518483281,0.3930935561656952,0.05278150737285614,-0.018947355449199677,-0.32091203331947327,0.09051275253295898,-0.7271552681922913,-0.7687573432922363,0.6332471370697021,0.06946220993995667,-0.14044959843158722,-0.08331127464771271,0.06921327114105225,-0.2764013409614563,-0.40370410680770874,0.5477309226989746,-0.7072506546974182,-0.4796409010887146,0.04701612517237663,-0.4966929256916046,1.157664179801941,-0.5142052173614502,-0.1931086778640747,0.5793914794921875,0.10342270135879517,-0.1510389745235443,-0.318638414144516,0.5593551397323608,0.37907859683036804,0.3050762712955475,-0.6680711507797241,-0.367963969707489,0.46489208936691284,0.8049342036247253,0.029416004195809364,0.24891921877861023,0.652298629283905,-0.04632297158241272,0.21847431361675262,0.7052420973777771,-0.2216404229402542,-0.1824425607919693,-0.9773696064949036,-0.05261639878153801,-0.4676401913166046],""gru.weight_hh"":[0.1409631222486496,-0.3091318905353546,0.0013233805075287819,-0.06612565368413925,-0.07131781429052353,0.6374902129173279,0.24562184512615204,-0.18846742808818817,-0.04972876235842705,0.034438636153936386,-0.22730711102485657,0.2894720733165741,0.24822662770748138,-0.08867873251438141,0.0029867198318243027,-0.02328459545969963,-0.6502716541290283,-0.3574262857437134,0.20574194192886353,0.2000093013048172,0.45087119936943054,0.5361399054527283,0.6783042550086975,-0.6015903353691101,0.13700054585933685,-0.1291981339454651,-0.5237764716148376,0.03985965996980667,-0.6568763256072998,-0.04690498113632202,-0.6448618769645691,0.6074795126914978,0.25624459981918335,0.22429001331329346,-0.3385481536388397,0.08457441627979279,-0.5040112137794495,-0.3172367215156555,-0.12156087160110474,0.5291368365287781,-0.2491500973701477,0.23452743887901306,-0.230444073677063,-0.15218931436538696,0.7542904019355774,0.15220361948013306,0.17343944311141968,-0.5939657092094421,0.3179621994495392,-0.15063044428825378,-0.17592506110668182,-0.08845178037881851,-0.12932012975215912,-0.18246693909168243,0.18923422694206238,-0.10300833731889725,0.28076305985450745,-0.11102639138698578,-0.4179832339286804,0.13994427025318146,-0.21065710484981537,0.38862359523773193,-0.20862433314323425,0.2721918523311615,1.1003164052963257,-0.20687149465084076,-0.8982775807380676,-0.16032740473747253,-0.35162389278411865,-0.3184893727302551,-0.2960958480834961,0.6571895480155945,-0.7994486689567566,-0.49683645367622375,0.19935502111911774,0.03483225405216217,0.32458749413490295,0.4715633690357208,0.564579427242279,-0.2546568810939789,0.25549590587615967,0.3063327372074127,-0.17113228142261505,0.23786024749279022,-0.1863987296819687,-0.7699437737464905,-1.058673620223999,0.6156564950942993,-0.4075372815132141,0.4918496608734131,0.5029492974281311,-1.0317646265029907,0.018860429525375366,0.31628432869911194,0.10114320367574692,-0.5567800402641296,0.8717976808547974,0.6931584477424622,-0.6024295091629028,-0.16525232791900635,-0.06982224434614182,-0.3767263889312744,-0.7703825235366821,0.3949442207813263,0.9793532490730286,0.21471667289733887,0.14715859293937683,0.07329857349395752,-0.4586801528930664,-0.5922363996505737,-0.3114114999771118,-0.07744354009628296,1.1396701335906982,0.06960490345954895,-0.5604104399681091,0.3911992013454437,-0.08341009169816971,-0.4135017991065979,-1.1686474084854126,0.26685115694999695,0.5234138369560242,1.0703037977218628,-0.26525282859802246,-0.06950255483388901,0.12225601077079773,-0.8001081943511963,-1.1187019348144531,0.0872076004743576,0.7826924920082092,-0.39027470350265503,0.059613801538944244,1.2929705381393433,0.08296191692352295,0.435685932636261,0.09479332715272903,-0.11313049495220184,-0.08950876444578171,-0.25242990255355835,-0.2414882630109787,-0.049485575407743454,-0.03809807449579239,-0.012986506335437298,-0.02775380201637745,0.2782699465751648,0.08837908506393433,0.4146295189857483,0.2967211902141571,-0.9501937627792358,-0.07747769355773926,-0.33981913328170776,-0.25772741436958313,0.27035945653915405,0.3773062825202942,0.211501806974411,-0.4938989281654358,0.5568307638168335,-0.21394844353199005,0.317501425743103,-0.12971429526805878,-0.2351102977991104,-0.20452331006526947,0.23302292823791504,-0.012662558816373348,-0.2456454187631607,-0.23638737201690674,0.27827513217926025,0.1694849729537964,-0.25048401951789856,-0.11847211420536041,-0.20840929448604584,0.3547857403755188,-0.2902166545391083,-0.09252023696899414,0.1474733203649521,-0.22840763628482819,-0.015327412635087967,-0.38884344696998596,0.015161530114710331,-0.1588486284017563,-0.4375065267086029,0.19018089771270752,0.2852676510810852,0.2774340510368347,0.012403406202793121,0.46580183506011963,0.04759185388684273,0.08348053693771362,0.5907739996910095,-0.2122824490070343,-0.10815457254648209,-0.4063768982887268,-0.23578907549381256],""gru.bias_ih"":[0.14564518630504608,-0.1134403645992279,0.3015712797641754,-0.051541462540626526,-0.6071306467056274,-0.20046161115169525,0.056334979832172394,0.22293169796466827,0.5264504551887512,0.5333377718925476,-1.0381611585617065,-0.11073491722345352,-0.6403866410255432,-0.8428424596786499,-0.5603810548782349,-1.3003370761871338,-0.16385117173194885,-0.22617332637310028,0.11179240792989731,0.05267753824591637,0.13191565871238708,-0.016853922978043556,0.3460626006126404,-0.08785746991634369],""gru.bias_hh"":[0.09247350692749023,0.22496278584003448,0.2817099988460541,-0.18721522390842438,-0.09149257838726044,0.3186456859111786,0.1458842009305954,-0.2793184518814087,0.3072149455547333,0.15596254169940948,-0.4425353705883026,-0.17372305691242218,-0.9440875053405762,-0.7620728015899658,-0.01475360058248043,-1.2176145315170288,-0.31205374002456665,-0.1385626494884491,0.33119097352027893,0.04007629305124283,0.002577207051217556,0.3564954698085785,0.14266660809516907,0.22289815545082092],""head.weight"":[-0.12460967898368835,-0.06259828060865402,0.411458283662796,-0.6561211943626404,0.4774244427680969,0.39686521887779236,0.36713531613349915,-0.6030588746070862],""head.bias"":[-0.2766254246234894]}"
840507,SENSORY_SITE,60,4,0.6041543424129486,0.8305986679999933,"{""raw"":[2.4790568351745605,0.3890348970890045,-0.2081844061613083,-0.5217108726501465]}"
840507,SENSORY_SITE,120,4,0.5692390680313111,1.7000480449999316,"{""raw"":[2.385533094406128,0.7491226196289062,-0.2558773159980774,-0.5922530293464661]}"
840507,SENSORY_SITE,240,4,0.6221672475337983,3.3602267909998034,"{""raw"":[2.2019965648651123,1.279237151145935,-0.21236619353294373,-0.7042289972305298]}"
840507,OUTPUT_SITE,60,4,0.6770232081413269,0.8308588380000685,"{""raw"":[2.2015459537506104,0.6676322221755981,-0.34262219071388245,-0.4821315407752991]}"
840507,OUTPUT_SITE,120,4,0.624546355009079,1.6633865469999307,"{""raw"":[1.7598236799240112,1.1013630628585815,-0.39295998215675354,-0.44790470600128174]}"
840507,OUTPUT_SITE,240,4,0.593754443526268,3.333943083999941,"{""raw"":[1.2073309421539307,1.730651617050171,-0.4465857148170471,0.02060019038617611]}"
840507,NO_FEEDBACK,60,4,0.6884526968002319,0.8105845000000897,"{""raw"":[2.1978912353515625,0.7181493043899536,0.08756565302610397,-0.22298181056976318]}"
840507,NO_FEEDBACK,120,4,0.6490492403507233,1.6477561310002216,"{""raw"":[1.7294447422027588,1.1350107192993164,0.017107047140598297,-0.3841729462146759]}"
840507,NO_FEEDBACK,240,4,0.6197537004947662,3.2625687139999684,"{""raw"":[1.2155709266662598,1.6443605422973633,-0.03543424233794212,-0.6263542175292969]}"
840507,GENERIC_RNN,60,4,0.6889677464962005,0.6542620830001624,"{""raw"":[0.5205689072608948,0.6444340944290161,0.0343378409743309,0.28485849499702454]}"
840507,GENERIC_RNN,120,4,0.6479134142398835,1.3100497930001325,"{""raw"":[0.7800301909446716,0.8388572335243225,-0.1794564425945282,0.5010256767272949]}"
840507,GENERIC_RNN,240,4,0.6534899413585663,2.643062581000237,"{""raw"":[0.8655340671539307,1.1626111268997192,-0.2148747444152832,0.4951191246509552]}"
840507,GRU_8,60,321,0.6199583351612091,1.0678650019999623,"{""gru.weight_ih"":[-0.6592082977294922,0.10050211101770401,-0.3737238347530365,-0.5086397528648376,-0.499727338552475,-0.09053122252225876,0.11591532081365585,0.023335229605436325,0.2931717038154602,0.46146851778030396,-0.023182936012744904,-0.13359878957271576,0.08207377046346664,-0.07389498502016068,-0.09872684627771378,0.7239206433296204,0.01597767509520054,-0.15778331458568573,0.01833210326731205,-0.2807503044605255,0.08122513443231583,-0.058202579617500305,0.2698928117752075,0.27925023436546326,-0.3457689583301544,0.19333641231060028,0.021897107362747192,0.3259645700454712,-0.5938924551010132,-0.5627437829971313,0.05961677432060242,-0.523392379283905,-0.5380760431289673,0.14076301455497742,-0.7079168558120728,-0.1097676157951355,0.42675045132637024,0.1931685507297516,-0.11572723835706711,-0.06560099124908447,-0.5350706577301025,-0.1413012593984604,0.34617021679878235,-0.21641598641872406,-0.6911228895187378,0.09774472564458847,0.17446322739124298,-0.1920519322156906,0.33299148082733154,0.5134737491607666,-0.07021519541740417,0.43741539120674133,-0.14571216702461243,0.02638975717127323,-0.4103463292121887,0.22183282673358917,0.17337927222251892,-0.33869707584381104,-0.101315937936306,-0.44497206807136536,0.24873055517673492,-0.23716458678245544,0.03332001715898514,0.5731006860733032,-0.0016155149787664413,0.04663843289017677,-0.2932222783565521,0.18726055324077606,-0.2519181966781616,0.05163715407252312,-0.25568777322769165,0.14828965067863464],""gru.weight_hh"":[-0.2781708240509033,-0.356394499540329,0.1353955715894699,0.25361400842666626,0.22749699652194977,0.08561594784259796,0.49913129210472107,0.4593270719051361,0.17810159921646118,-0.5767892003059387,0.2405119091272354,0.3782554566860199,-0.0939200147986412,-0.23316539824008942,-0.36933061480522156,-0.014931055717170238,0.05358336493372917,0.3042171895503998,0.043736834079027176,0.25095412135124207,-0.20160530507564545,-0.09368744492530823,-0.27605074644088745,-0.3722020089626312,0.1016993522644043,0.6416460871696472,-0.029230685904622078,-0.22307859361171722,0.19057504832744598,-0.13514621555805206,-0.278948575258255,0.1105075553059578,0.016295243054628372,-0.5300295352935791,-0.14822807908058167,-0.04298087954521179,-0.06327085196971893,0.25763487815856934,0.09512865543365479,0.0702449306845665,0.184225395321846,0.12512482702732086,-0.47352302074432373,-0.5468844175338745,-0.32581886649131775,0.2372663915157318,-0.12179424613714218,-0.5558311343193054,-0.24692605435848236,-0.08265315741300583,0.2128029465675354,0.3664335012435913,-0.006125854793936014,0.3578789234161377,-0.3961324691772461,-0.022985726594924927,-0.30275067687034607,-0.022864481434226036,-0.3422861695289612,-0.09329313039779663,-0.019755149260163307,-0.21244670450687408,0.06285548210144043,-0.2972410321235657,0.31055623292922974,-0.025942806154489517,-0.06490834802389145,0.02164418250322342,-0.031427234411239624,0.4711429178714752,-0.09530273824930191,-0.2638307213783264,-0.16198411583900452,-0.13319072127342224,0.45957791805267334,0.3167349398136139,-0.35680463910102844,-0.06513132154941559,0.24159011244773865,-0.11696477234363556,-0.037089426070451736,-0.16533729434013367,0.27461639046669006,0.24636727571487427,-0.461182564496994,-0.44138696789741516,-0.005179096013307571,-0.30670198798179626,-0.23911303281784058,-0.1755548119544983,0.6617822051048279,0.1599101424217224,-0.18675333261489868,0.030487144365906715,0.25289344787597656,-0.010098956525325775,-0.03966683894395828,0.005928866099566221,0.4403889775276184,0.21439681947231293,-0.37871962785720825,-0.13296394050121307,-0.028894204646348953,0.28014448285102844,-0.296114057302475,-0.04256227985024452,0.3907211124897003,0.19471020996570587,-0.112041175365448,-0.06329325586557388,-0.21309277415275574,-0.07021333277225494,0.19495326280593872,-0.15129351615905762,0.17655453085899353,0.07775542140007019,-0.18543671071529388,-0.08479680866003036,-0.03325416147708893,-0.3451688885688782,-0.3236791789531708,0.20651903748512268,-0.14182721078395844,-0.20888040959835052,0.30325278639793396,0.09682102501392365,-0.19455775618553162,-0.12200184911489487,-0.027946747839450836,0.6187684535980225,0.1402963250875473,0.1928614228963852,-0.24537916481494904,0.2350945770740509,0.06721173226833344,-0.44027000665664673,-0.08180262893438339,-0.06657011806964874,-0.3226253092288971,0.07407119125127792,0.11068442463874817,0.0870591476559639,-0.31087905168533325,0.04554731026291847,-0.33200541138648987,0.045971326529979706,0.3483511805534363,-0.009741373360157013,0.029853137210011482,0.08268822729587555,0.16258861124515533,-0.06933876872062683,-0.12767340242862701,-0.1527324765920639,0.12477409094572067,0.0003208525013178587,0.09826430678367615,0.13471047580242157,-0.17567135393619537,0.15841640532016754,0.10558442771434784,0.49371954798698425,-0.21680444478988647,-0.40206387639045715,-0.08397766202688217,0.11799407750368118,0.2242933213710785,0.057018887251615524,0.1514582484960556,0.4942127764225006,-0.48543283343315125,-0.32591599225997925,0.13636016845703125,0.48071327805519104,0.37148481607437134,-0.5031766891479492,-0.11567088961601257,-0.26065918803215027,0.2522270977497101,-0.23198610544204712,0.14938969910144806,0.1059187799692154,0.08937854319810867,-0.16913346946239471,-0.2501526176929474,0.01630878448486328,-0.2595176696777344,0.2287960648536682,-0.07762527465820312,-0.22947536408901215,-0.06774446368217468,0.11145097017288208],""gru.bias_ih"":[-0.10668188333511353,0.01188812404870987,0.1820198893547058,-0.37506985664367676,-0.11974626034498215,0.5269090533256531,0.0339096337556839,0.23798514902591705,-0.4184599220752716,0.029845502227544785,-0.284473717212677,-0.1659693419933319,0.19198042154312134,-0.33687976002693176,-0.07334164530038834,-0.12839441001415253,0.20983338356018066,0.15337695181369781,-0.2212800830602646,-0.35786956548690796,-0.20030859112739563,-0.22184213995933533,0.15593582391738892,-0.20809178054332733],""gru.bias_hh"":[-0.19598890841007233,-0.07055794447660446,-0.23419377207756042,0.12826362252235413,0.07377967238426208,-0.09033289551734924,0.011100086383521557,-0.020131748169660568,0.04915328323841095,-0.21928749978542328,-0.16040492057800293,-0.4598374664783478,-0.1206386536359787,-0.5615705847740173,0.07161537557840347,0.14093245565891266,-0.16723570227622986,-0.10959935188293457,-0.10893464088439941,0.011651980690658092,-0.2702638506889343,0.15689048171043396,0.04715783894062042,0.34904149174690247],""head.weight"":[0.2894536256790161,0.446325421333313,-0.20988816022872925,-0.33517593145370483,0.33177855610847473,0.37755703926086426,-0.3176391124725342,0.11320025473833084],""head.bias"":[-0.07605423033237457]}"
840507,GRU_8,120,321,0.5517350852489471,2.1304801309998993,"{""gru.weight_ih"":[-0.7022112011909485,-0.09086939692497253,-0.4905233383178711,-0.4992266893386841,-0.7872565984725952,0.03536473214626312,0.14117640256881714,-0.058372627943754196,0.16250291466712952,0.4856691062450409,0.07452750205993652,-0.2721707224845886,0.11916543543338776,-0.44909897446632385,-0.16167159378528595,0.9350392818450928,-0.38716036081314087,-0.4782368838787079,-0.01328310091048479,-0.2980765700340271,0.07833200693130493,-0.043782789260149,0.23490872979164124,0.399672269821167,-0.46739625930786133,0.07595966011285782,0.49329444766044617,0.38061508536338806,-0.8249067664146423,-0.732787549495697,0.15674136579036713,-0.7113228440284729,-0.7397567629814148,0.1272926926612854,-0.9034942388534546,0.0463688001036644,0.46322664618492126,0.13353922963142395,-0.18399588763713837,-0.018888430669903755,-0.7153778672218323,-0.14206014573574066,0.3558059334754944,-0.2550105154514313,-0.8064922094345093,0.1045866385102272,0.17745988070964813,-0.1475287675857544,0.3964802920818329,0.5964017510414124,-0.11109264940023422,0.5142696499824524,-0.14444617927074432,-0.0910702720284462,-0.44483262300491333,0.20386531949043274,0.3211040198802948,-0.41052985191345215,-0.1038714051246643,-0.4438593089580536,0.2997276782989502,-0.2525136172771454,0.10311482101678848,0.6822502613067627,0.028405649587512016,-0.010776937939226627,-0.3430008292198181,0.2067994326353073,-0.3114549219608307,0.06306974589824677,-0.2820046544075012,0.2613402307033539],""gru.weight_hh"":[-0.5358031392097473,-0.5160707831382751,0.22150270640850067,0.27783843874931335,0.18052618205547333,-0.005150754004716873,0.5522747039794922,0.4912170469760895,0.1274741142988205,-0.5595476627349854,0.315082848072052,0.35868415236473083,-0.021518107503652573,-0.14307793974876404,-0.45297113060951233,0.05023064836859703,0.10326047986745834,0.28420934081077576,0.02125336043536663,0.24698328971862793,-0.2307855486869812,-0.10523813217878342,-0.23572172224521637,-0.3863515853881836,0.15888765454292297,0.5646086931228638,-0.09381087124347687,-0.22035713493824005,0.11523611843585968,-0.16983260214328766,-0.19765806198120117,0.037419840693473816,0.005718494299799204,-0.65587317943573,-0.1349121332168579,-0.07127559185028076,-0.12751762568950653,0.20718753337860107,0.1610351949930191,0.08025091886520386,0.14895032346248627,-0.12194221466779709,-0.4699672758579254,-0.46003779768943787,-0.4983599781990051,-0.027650587260723114,0.0809176117181778,-0.6024989485740662,-0.2359163612127304,-0.10780675709247589,0.2190183699131012,0.3486204743385315,-0.03819479048252106,0.35884425044059753,-0.35766860842704773,-0.029559096321463585,-0.310914009809494,-0.0036690004635602236,-0.33351263403892517,-0.09527892619371414,0.004539600107818842,-0.19501689076423645,0.021957408636808395,-0.29047322273254395,0.6443380117416382,0.49220556020736694,-0.49786636233329773,-0.293039470911026,0.5778100490570068,0.8542580604553223,-0.7053546905517578,-0.14330613613128662,-0.44915518164634705,-0.3461241126060486,0.9658657312393188,0.6982771158218384,-0.40409916639328003,-0.2997548580169678,0.27565258741378784,-0.00869588553905487,-0.2223075032234192,-0.38863605260849,0.6139808297157288,0.5684610605239868,-0.6121000051498413,-0.6824842691421509,0.133646160364151,-0.31498244404792786,-0.5750243663787842,-0.08143877238035202,0.8382904529571533,0.448925256729126,0.12051629275083542,0.05591588467359543,-0.044999703764915466,0.1351054608821869,-0.18434977531433105,-0.04984278976917267,0.6274245381355286,0.47920581698417664,-0.1748003363609314,-0.2780808210372925,-0.14410404860973358,0.3162763714790344,-0.5087714195251465,-0.09016139805316925,0.6482254266738892,0.46118852496147156,0.16274671256542206,-0.13584460318088531,-0.4440690577030182,0.0525084063410759,0.06112902611494064,-0.2939612567424774,0.3458879888057709,0.3219757676124573,-0.007495438680052757,-0.23604822158813477,-0.11317753791809082,-0.27454718947410583,-0.27882546186447144,0.25463810563087463,-0.14990374445915222,-0.29102054238319397,0.3364233672618866,0.15000121295452118,-0.21912886202335358,-0.1255093514919281,0.10025477409362793,0.7490071058273315,0.059844374656677246,0.19927404820919037,-0.2301769107580185,0.26520630717277527,0.053931448608636856,-0.47770243883132935,0.005761841312050819,-0.02974356897175312,-0.37084245681762695,0.08237603306770325,0.08991514146327972,0.08097867667675018,-0.2832184433937073,0.0035755340941250324,-0.3726101815700531,0.0676858201622963,0.3719402551651001,-0.019980572164058685,0.06119824945926666,0.11273185163736343,0.11971673369407654,-0.046856362372636795,-0.17735141515731812,-0.19517205655574799,0.15664193034172058,0.005753094330430031,0.10404684394598007,0.11908277124166489,-0.18439161777496338,0.17667953670024872,0.15727651119232178,0.5635034441947937,-0.24968086183071136,-0.4213912785053253,-0.07774689793586731,0.16562949120998383,0.21471071243286133,0.04572627320885658,0.2838599979877472,0.5429129004478455,-0.582832396030426,-0.3225160241127014,0.09030911326408386,0.4807714819908142,0.43414124846458435,-0.5980611443519592,-0.15415237843990326,-0.3039359450340271,0.26886624097824097,-0.2224951982498169,0.13799001276493073,0.07744280993938446,0.10810866206884384,-0.165394589304924,-0.24894210696220398,0.04494358226656914,-0.25565147399902344,0.21843364834785461,-0.06268294155597687,-0.20407666265964508,-0.0902252346277237,0.11495563387870789],""gru.bias_ih"":[-0.09267929196357727,-0.00988562498241663,0.20073089003562927,-0.33998557925224304,-0.040300268679857254,0.5633861422538757,0.058064054697752,0.23000633716583252,-0.42578911781311035,-0.12256990373134613,-0.22039072215557098,-0.45542779564857483,-0.05760981887578964,-0.7296770811080933,-0.35539746284484863,-0.16365911066532135,0.2007465958595276,0.16031809151172638,-0.22998443245887756,-0.35452672839164734,-0.19368179142475128,-0.2204524278640747,0.1544613242149353,-0.20902301371097565],""gru.bias_hh"":[-0.1819862574338913,-0.0923316553235054,-0.21548277139663696,0.16334789991378784,0.15322569012641907,-0.053855884820222855,0.03525450453162193,-0.02811058610677719,0.041823968291282654,-0.37170282006263733,-0.09632189571857452,-0.749295711517334,-0.37022891640663147,-0.954367995262146,-0.21044041216373444,0.10566774755716324,-0.18663275241851807,-0.10895271599292755,-0.11773477494716644,0.006031491328030825,-0.26166802644729614,0.17555728554725647,0.04580410197377205,0.3481096625328064],""head.weight"":[0.34709736704826355,0.5768032073974609,-0.2442968785762787,-0.36262047290802,0.36893430352211,0.46121010184288025,-0.3759530484676361,0.1174393892288208],""head.bias"":[-0.07822497934103012]}"
840507,GRU_8,240,321,0.5734293669462204,4.2516773790000855,"{""gru.weight_ih"":[-0.8203963041305542,-0.25617295503616333,-0.45457348227500916,-0.47845980525016785,-1.0803278684616089,0.1103997454047203,0.15021418035030365,-0.34714749455451965,0.30973362922668457,0.5111042261123657,-0.010614210739731789,-0.29181626439094543,0.11902409791946411,-0.8574899435043335,-0.11813372373580933,0.8026860952377319,-0.7773844599723816,-0.6003435850143433,-0.04520546272397041,-0.42236921191215515,0.20121267437934875,-0.040027640759944916,0.23200134932994843,0.4000769853591919,-0.7254664897918701,0.03095453791320324,0.5835791826248169,0.30890953540802,-1.0131216049194336,-0.6916462779045105,0.30124592781066895,-0.8837935924530029,-0.7105732560157776,0.03980764001607895,-1.0402806997299194,0.013422807678580284,0.4276380240917206,0.08016988635063171,-0.09108088910579681,-0.10823240131139755,-0.7925378084182739,0.011932211928069592,0.30824586749076843,-0.29397448897361755,-0.6392611861228943,0.11672141402959824,0.18454314768314362,0.01367652416229248,0.4371455907821655,0.5465741753578186,-0.37115857005119324,0.5480197668075562,-0.19149382412433624,-0.14188379049301147,-0.4497571587562561,0.23605631291866302,0.38004499673843384,-0.45468711853027344,-0.09979095309972763,-0.4386451244354248,0.3434130549430847,-0.26311999559402466,0.10764157772064209,0.7469983100891113,-0.014970463700592518,-0.11909730732440948,-0.39737188816070557,0.24566534161567688,-0.3169521391391754,0.0783839151263237,-0.2495691478252411,0.3887389600276947],""gru.weight_hh"":[-0.75809246301651,-0.6707248091697693,0.29286351799964905,0.2651749849319458,0.07915183156728745,-0.13731706142425537,0.5953165292739868,0.5378017425537109,0.1474049836397171,-0.5571516156196594,0.29465776681900024,0.31786444783210754,-0.01620863936841488,-0.11944719403982162,-0.48636290431022644,0.09500917047262192,0.21967826783657074,0.42187419533729553,-0.03210396319627762,0.22301773726940155,-0.1928657442331314,-0.030858607962727547,-0.2733044922351837,-0.403001993894577,0.13858361542224884,0.5548353791236877,-0.09195408970117569,-0.23777255415916443,0.11521102488040924,-0.16806530952453613,-0.19182109832763672,0.04349881783127785,0.04532387852668762,-0.6785630583763123,-0.12137779593467712,-0.08427869528532028,-0.11712316423654556,0.20595389604568481,0.13393893837928772,0.1022253930568695,0.24738076329231262,-0.23350054025650024,-0.4933861196041107,-0.3911893367767334,-0.5453624129295349,-0.032911598682403564,0.18519027531147003,-0.7775993943214417,-0.16313372552394867,-0.05046132206916809,0.19104774296283722,0.28074121475219727,-0.0217556394636631,0.42319822311401367,-0.39079660177230835,-0.025074059143662453,-0.33269795775413513,-0.06420474499464035,-0.30930355191230774,-0.08333420753479004,-0.0008647932554595172,-0.21826933324337006,0.011151711456477642,-0.2911810278892517,1.0748717784881592,0.6822203397750854,-0.6519100666046143,-0.19696734845638275,0.856535017490387,0.9730032682418823,-0.9828251004219055,-0.21063478291034698,-0.6525781154632568,-0.4442325234413147,1.3112794160842896,0.9648263454437256,-0.40038374066352844,-0.37226545810699463,0.23018896579742432,0.019783031195402145,-0.3408582806587219,-0.45077306032180786,0.7488648891448975,0.7244957089424133,-0.6327420473098755,-0.6989139914512634,0.11969887465238571,-0.2917536199092865,-0.6799086332321167,-0.1689576804637909,1.0076338052749634,0.5878005623817444,0.13136106729507446,0.00553861353546381,-0.0428815633058548,0.05200883746147156,-0.2119642049074173,-0.01793034002184868,0.6788246035575867,0.5501137971878052,0.03466707468032837,-0.21789540350437164,-0.26160621643066406,0.3369530141353607,-0.4484690725803375,-0.04291726276278496,0.685249924659729,0.5300699472427368,0.31397271156311035,-0.03158199414610863,-0.5774202346801758,0.06605769693851471,0.0069189900532364845,-0.2130872905254364,0.4181269705295563,0.4291055202484131,0.2908121943473816,-0.18056640028953552,-0.25632333755493164,-0.16328085958957672,-0.07735087722539902,0.42809179425239563,-0.3824378252029419,-0.5848404765129089,0.2965434491634369,0.4223037362098694,-0.19435377418994904,-0.1840597689151764,0.23028214275836945,0.9134936332702637,-0.04140867665410042,0.19177605211734772,-0.17505495250225067,0.39949271082878113,0.05041278898715973,-0.525513768196106,0.1414562165737152,0.0463668555021286,-0.40757855772972107,0.0929986983537674,0.1291665881872177,0.17010928690433502,-0.2948085069656372,-0.05488035827875137,-0.45007771253585815,0.02727777510881424,0.4080033004283905,-0.034741081297397614,0.05768740177154541,0.06555743515491486,0.0960722342133522,0.01037085521966219,-0.219838947057724,-0.2275724858045578,0.173455610871315,0.006446817424148321,0.08891605585813522,0.08621154725551605,-0.18390832841396332,0.19469575583934784,0.2126741260290146,0.5994346141815186,-0.2582612633705139,-0.42174962162971497,-0.047835614532232285,0.20358137786388397,0.18159128725528717,0.042340926826000214,0.4163762032985687,0.6084319353103638,-0.6390194296836853,-0.2958908677101135,0.1365199089050293,0.6142537593841553,0.4401404559612274,-0.6753252148628235,-0.21657171845436096,-0.3326977491378784,0.2734198272228241,-0.22850829362869263,0.10959094017744064,0.05267491191625595,0.15062345564365387,-0.16157962381839752,-0.24472926557064056,0.03746672719717026,-0.23739497363567352,0.20670266449451447,-0.04220716655254364,-0.20276182889938354,-0.13975398242473602,0.1405133754014969],""gru.bias_ih"":[-0.01686427742242813,0.03522879257798195,0.21952210366725922,-0.32193946838378906,-0.010498861782252789,0.6019202470779419,0.10248817503452301,0.22552376985549927,-0.6472187638282776,-0.2748149633407593,-0.2688579261302948,-0.543599009513855,-0.21061871945858002,-0.9016881585121155,-0.6100154519081116,0.046291835606098175,0.1632002592086792,0.14874738454818726,-0.2303176373243332,-0.3470157980918884,-0.1981133222579956,-0.2441401332616806,0.1635875254869461,-0.209885835647583],""gru.bias_hh"":[-0.10617125779390335,-0.047217220067977905,-0.19669155776500702,0.1813940554857254,0.18302710354328156,-0.015321476384997368,0.07967863976955414,-0.032593101263046265,-0.17960576713085175,-0.5239476561546326,-0.14478906989097595,-0.8374670147895813,-0.5232375860214233,-1.1263797283172607,-0.4650583863258362,0.31561872363090515,-0.2161320149898529,-0.12271768599748611,-0.12001799046993256,0.005849513225257397,-0.26588892936706543,0.16146081686019897,0.05373155698180199,0.3480587601661682],""head.weight"":[0.4224984645843506,0.6774665117263794,-0.2635321319103241,-0.3814302384853363,0.4090849757194519,0.5356265902519226,-0.4359610378742218,0.12182103842496872],""head.bias"":[-0.08417011052370071]}"
840508,SENSORY_SITE,60,4,0.5909721672534942,0.8327890439999237,"{""raw"":[2.4333271980285645,0.31490224599838257,0.028604304417967796,-0.534077525138855]}"
840508,SENSORY_SITE,120,4,0.5796357274055481,1.6697461729998224,"{""raw"":[2.364469528198242,0.7228509187698364,0.18814386427402496,-0.5603863000869751]}"
840508,SENSORY_SITE,240,4,0.6232886791229248,3.360184251999698,"{""raw"":[2.171107053756714,1.2948678731918335,0.3291139304637909,-0.5942209959030151]}"
840508,OUTPUT_SITE,60,4,0.6798435688018799,0.8357157480001263,"{""raw"":[2.1859047412872314,0.7051466703414917,0.05046674236655235,-0.4616221487522125]}"
840508,OUTPUT_SITE,120,4,0.6340863883495331,1.6675415849999524,"{""raw"":[1.6688467264175415,1.1322962045669556,0.293131023645401,-0.23991240561008453]}"
840508,OUTPUT_SITE,240,4,0.6213969469070435,3.365052504000033,"{""raw"":[1.1222394704818726,1.822962999343872,0.2912522256374359,0.39456549286842346]}"
840508,NO_FEEDBACK,60,4,0.6878090977668763,0.8080264190001003,"{""raw"":[2.179163694381714,0.7501695156097412,0.02125071920454502,-0.21670210361480713]}"
840508,NO_FEEDBACK,120,4,0.6109270274639129,1.6121453780001218,"{""raw"":[1.6369171142578125,1.1932328939437866,0.02240573614835739,-0.36890700459480286]}"
840508,NO_FEEDBACK,240,4,0.5733994871377945,3.232187754999984,"{""raw"":[1.0851513147354126,1.8086507320404053,-0.11425954848527908,-0.5508126020431519]}"
840508,GENERIC_RNN,60,4,0.7207964718341827,0.6487065409997967,"{""raw"":[0.539533257484436,0.6450865864753723,0.06780984997749329,0.30732080340385437]}"
840508,GENERIC_RNN,120,4,0.6728712677955627,1.300858327999748,"{""raw"":[0.7392811179161072,0.841923713684082,-0.07846327871084213,0.442719042301178]}"
840508,GENERIC_RNN,240,4,0.6724740326404571,2.634568785999619,"{""raw"":[0.8590328097343445,1.1566123962402344,-0.08504525572061539,0.4438786506652832]}"
840508,GRU_8,60,321,0.6146866619586945,1.0669230820000166,"{""gru.weight_ih"":[0.3738511800765991,-0.10936980694532394,0.12495359778404236,-0.4925604462623596,-0.03326881304383278,-0.24057379364967346,-0.04416849836707115,-0.18466009199619293,0.2623279094696045,0.006160200107842684,-0.3637654781341553,-0.17830651998519897,-0.3705282509326935,-0.13441701233386993,0.0931415781378746,-0.527055025100708,0.14701548218727112,0.3890356421470642,-0.5636016726493835,-0.19181174039840698,-0.36326590180397034,0.4134695529937744,-0.018948744982481003,0.17453616857528687,-0.2887760400772095,0.08315081894397736,0.08618536591529846,0.07311274856328964,-0.6028634905815125,-0.01932532899081707,0.05701229348778725,0.3073318600654602,0.21510496735572815,-0.055912602692842484,-0.24002961814403534,0.20184117555618286,-0.2084578424692154,0.43169981241226196,0.3767283260822296,-0.010006282478570938,0.183817520737648,0.8450586199760437,0.24929456412792206,-0.3425526022911072,-0.3586045205593109,0.5124598741531372,-0.19689570367336273,-0.6253277063369751,-0.35040345788002014,-0.2907800078392029,-0.06088554859161377,0.5966432690620422,0.0768059715628624,0.024497125297784805,0.13183416426181793,-0.07652450352907181,0.3037746250629425,0.5926620364189148,0.2622937560081482,0.18221794068813324,-0.043377529829740524,0.2794193923473358,0.19983536005020142,-0.08834012597799301,0.004217352718114853,-0.1520937830209732,0.6610809564590454,-0.2181728035211563,-0.08679360151290894,-0.16005468368530273,0.5257606506347656,0.10975830256938934],""gru.weight_hh"":[-0.005575939081609249,0.5858237743377686,-0.09037046879529953,0.5255786180496216,0.07240860164165497,0.13564494252204895,0.3785540461540222,0.01904992014169693,-0.04016386717557907,-0.372036874294281,-0.3306049406528473,-0.1903793215751648,0.5076072812080383,-0.033314116299152374,-0.2781018018722534,0.2072698026895523,0.14676088094711304,-0.2755950689315796,0.17224109172821045,0.3258403539657593,0.18259625136852264,0.28956669569015503,-0.051978837698698044,-0.244537353515625,-0.33313336968421936,0.431907594203949,0.35654011368751526,0.21637968719005585,0.16641011834144592,0.19492107629776,0.3741641342639923,-0.12977494299411774,-0.00420606043189764,0.09792092442512512,-0.1387006938457489,-0.10423260182142258,-0.1679501235485077,-0.09838931262493134,-0.09721934795379639,0.11350902169942856,0.07910043001174927,0.252844899892807,0.15099452435970306,0.16992029547691345,0.5030757188796997,0.06712008267641068,0.13371752202510834,-0.25224119424819946,0.4345458149909973,0.1313394010066986,0.2606928050518036,-0.08266784250736237,-0.0007719082059338689,-0.2467031031847,-0.45861589908599854,-0.1961405724287033,0.011807041242718697,0.3662574589252472,0.21355144679546356,0.1890370398759842,0.07573827356100082,0.2605733573436737,0.06070718541741371,0.06189132109284401,0.009634638205170631,0.11051636189222336,0.6096495389938354,0.36105722188949585,0.46753597259521484,-0.19291730225086212,-0.21594613790512085,0.09667818248271942,-0.16215355694293976,-0.30588632822036743,0.17904016375541687,0.21193577349185944,0.2916933596134186,0.5200265049934387,0.2323930859565735,0.14843568205833435,0.5801345109939575,-0.30841341614723206,0.2463136464357376,-0.39668524265289307,-0.13576418161392212,0.1662590652704239,0.377340704202652,-0.6192104816436768,-0.693006157875061,0.31942862272262573,0.3535206615924835,0.08488333225250244,0.15039482712745667,0.4005085825920105,-0.24758024513721466,0.11113402247428894,0.2602161169052124,0.36808550357818604,0.12449685484170914,0.15659506618976593,-0.28220367431640625,-0.10419735312461853,-0.03314829617738724,-0.5144054889678955,-0.052076105028390884,0.3025227189064026,-0.16347011923789978,0.3408656418323517,-0.2738344371318817,-0.4570125639438629,0.25900620222091675,-0.3118557631969452,0.027953360229730606,0.0773375853896141,-0.18696631491184235,0.1405990868806839,0.3345155119895935,-0.05583889037370682,0.01644050143659115,0.4039713740348816,-0.11760452389717102,-0.3226793706417084,-0.3174974322319031,-0.3566606342792511,-0.10222157090902328,0.08251602947711945,-0.5735219717025757,0.34211626648902893,0.35219743847846985,0.16598092019557953,0.11126505583524704,-0.42818859219551086,0.45348432660102844,-0.11065619438886642,0.025346893817186356,-0.3614823818206787,-0.32860296964645386,0.48840460181236267,-0.08055143803358078,0.612625241279602,-0.012798727490007877,-0.3072037100791931,0.30086880922317505,0.0833064541220665,-0.18940240144729614,0.5994395017623901,0.006309990771114826,-0.09820035845041275,-0.3536248505115509,-0.32097214460372925,0.19578589498996735,-0.28702738881111145,-0.14665256440639496,0.10142908990383148,0.11440391838550568,0.0162140391767025,0.1746230274438858,0.11947786062955856,0.1767771989107132,0.09892641007900238,-0.0323028489947319,0.08074129372835159,-0.12214792519807816,-0.2946891784667969,-0.16955843567848206,-0.14307427406311035,0.26048529148101807,0.11716172844171524,0.28807422518730164,-0.0956127718091011,0.07085340470075607,-0.2915615737438202,0.10667985677719116,-0.2927258014678955,0.3948480188846588,0.09033794701099396,-0.38599181175231934,0.017700202763080597,0.3313857316970825,0.34900981187820435,-0.33183565735816956,0.23066021502017975,0.1205524429678917,-0.14595867693424225,0.3932170867919922,-0.4145424962043762,-0.28857657313346863,0.05669723078608513,0.2870424687862396,-0.15219593048095703,-0.15292099118232727,-0.28902867436408997],""gru.bias_ih"":[-0.30306151509284973,-0.01955862157046795,-0.06656857579946518,-0.39806124567985535,0.14957842230796814,0.33994060754776,-0.159543976187706,-0.03271641954779625,-0.0839567556977272,-0.40071573853492737,-0.42712339758872986,-0.19915670156478882,0.4964797794818878,0.47080883383750916,-0.191385418176651,0.15004611015319824,0.12293636798858643,0.16422167420387268,-0.3327036499977112,0.02502012811601162,0.1984086036682129,-0.06402848660945892,0.09982313960790634,-0.06520026177167892],""gru.bias_hh"":[-0.006573773454874754,0.19781705737113953,0.3280733525753021,0.01722308062016964,0.04409009963274002,-0.09027240425348282,-0.19168798625469208,-0.2030552476644516,-0.1347806602716446,-0.33725613355636597,-0.4616428315639496,-0.4820535480976105,0.06408102065324783,0.06680041551589966,-0.5751562714576721,0.05988512188196182,-0.28101012110710144,-0.27547305822372437,-0.00036585438647307456,0.1931057870388031,-0.2727473974227905,-0.325077623128891,-0.08284857124090195,-0.2448725551366806],""head.weight"":[-0.26717448234558105,0.44109252095222473,0.12966272234916687,0.4982928931713104,0.09378232806921005,-0.009699416346848011,0.3600325882434845,-0.13789625465869904],""head.bias"":[-0.007892250083386898]}"
840508,GRU_8,120,321,0.5628553748130798,2.1295518300001675,"{""gru.weight_ih"":[0.3720436096191406,0.11704619973897934,0.059260983020067215,-0.38511940836906433,-0.464185893535614,-0.37304332852363586,0.11472935974597931,-0.4258015751838684,0.16839155554771423,0.0481141060590744,-0.6868475079536438,-0.3958697021007538,-0.39630454778671265,-0.05570736899971962,-0.08089227974414825,-0.534325361251831,0.25771820545196533,0.45513203740119934,-0.473969042301178,-0.6766186952590942,-0.4894194006919861,0.6191778182983398,-0.39628636837005615,0.21255409717559814,-0.20827405154705048,-0.08705739676952362,0.10670560598373413,0.11702239513397217,-0.8138895034790039,-0.11172279715538025,0.13456687331199646,0.2305699586868286,0.0658760815858841,0.016280461102724075,-0.4336257874965668,0.05582309141755104,-0.21789133548736572,0.4314420521259308,0.2890224754810333,-0.005560095421969891,0.17480763792991638,0.8023228049278259,0.3327091634273529,-0.6426660418510437,-0.7174570560455322,0.8268296718597412,-0.29369696974754333,-1.0680822134017944,-0.38245126605033875,-0.37044990062713623,0.05093131214380264,0.6792116761207581,0.04916546121239662,-0.03276481479406357,0.19540978968143463,-0.1420084834098816,0.30764472484588623,0.6406113505363464,0.3179508149623871,0.14025993645191193,-0.020998286083340645,0.24329960346221924,0.34029874205589294,-0.08221319317817688,-0.07517268508672714,-0.27276891469955444,0.7309346795082092,-0.20101526379585266,-0.0979015976190567,-0.2573482394218445,0.7107469439506531,0.11070162057876587],""gru.weight_hh"":[-0.21135947108268738,0.6362622380256653,-0.23322707414627075,0.582455575466156,0.10682069510221481,0.0607210136950016,0.3492008447647095,-0.04097621142864227,0.05456025153398514,-0.5411719083786011,-0.3324792981147766,-0.35238105058670044,0.30867770314216614,0.3125256299972534,-0.3616331219673157,0.38119977712631226,0.1563224196434021,-0.3275102376937866,0.10966552793979645,0.2787734568119049,0.006443602032959461,0.30343759059906006,-0.06348781287670135,-0.26572492718696594,-0.23026488721370697,0.26540425419807434,0.2062445878982544,0.028022173792123795,0.11055965721607208,0.281272828578949,0.3066217303276062,-0.09201797842979431,0.02470037341117859,0.03534918650984764,-0.1943504363298416,-0.16345669329166412,-0.18462103605270386,-0.09304982423782349,-0.16602633893489838,0.14715343713760376,0.045418255031108856,0.2605820298194885,0.150945782661438,0.1881714016199112,0.5182363986968994,0.06266562640666962,0.14166399836540222,-0.264111191034317,0.6080198884010315,0.023761825636029243,0.2891561686992645,-0.20918861031532288,-0.15987861156463623,-0.21159468591213226,-0.6466202735900879,-0.11151544004678726,0.0030173687264323235,0.41142508387565613,0.27225539088249207,0.22912248969078064,0.07642119377851486,0.24831390380859375,0.10613467544317245,-0.014568665064871311,-0.10382851213216782,0.14586800336837769,0.7007485628128052,0.391860693693161,0.2389077991247177,0.018945736810564995,-0.10266883671283722,0.05875007435679436,-0.12603895366191864,-0.39067378640174866,0.250357449054718,0.0907982736825943,0.026752328500151634,0.8234680891036987,0.24436859786510468,0.27356794476509094,0.7363789677619934,-0.4101504683494568,0.3976489007472992,-0.5680220127105713,-0.2553698420524597,0.39001867175102234,0.3903636336326599,-0.6088709235191345,-0.6801172494888306,0.20080333948135376,0.2830941081047058,-0.03449423238635063,-0.09270656108856201,0.6773116588592529,-0.33036690950393677,0.26395776867866516,0.37786784768104553,0.2825021743774414,0.0761304497718811,-0.06286392360925674,-0.27016085386276245,-0.13561837375164032,-0.1531221717596054,-0.5241009593009949,0.02149694785475731,0.2960625886917114,-0.21696197986602783,0.2949601113796234,-0.34523656964302063,-0.4155571162700653,0.30128178000450134,-0.38417214155197144,0.463945597410202,-0.27742597460746765,-0.3690398037433624,-0.2483656108379364,0.0804058238863945,0.30161505937576294,-0.2976238429546356,0.8497636914253235,0.14521966874599457,-0.7220115065574646,-0.5632150769233704,-0.7275205850601196,-0.23900246620178223,0.32077065110206604,-0.891949474811554,0.7564017176628113,0.3652594983577728,0.19756776094436646,0.1924654096364975,-0.37425440549850464,0.5164065361022949,-0.11798737198114395,0.06306525319814682,-0.3511959910392761,-0.4094618260860443,0.5556840896606445,-0.18507802486419678,0.6703314185142517,-0.013749148696660995,-0.3440258502960205,0.3277060091495514,-0.0014902028487995267,-0.2268994003534317,0.6302582621574402,-0.015832524746656418,-0.06783415377140045,-0.3761029839515686,-0.3196435868740082,0.2459942251443863,-0.3262701630592346,-0.2127538025379181,0.15075565874576569,0.04722041264176369,0.04907216876745224,0.15202052891254425,0.10707005858421326,0.22620904445648193,0.03967642784118652,-0.04526160657405853,0.13439331948757172,-0.06895123422145844,-0.2457495927810669,-0.1555173546075821,-0.14107145369052887,0.3229406177997589,0.09912575781345367,0.30895769596099854,-0.11862116307020187,0.06556355953216553,-0.33176180720329285,0.09095889329910278,-0.28433725237846375,0.36937347054481506,0.11029595136642456,-0.4978930652141571,0.11266456544399261,0.2700197100639343,0.45214277505874634,-0.34388047456741333,0.20869091153144836,0.2408498078584671,-0.24641644954681396,0.4414524734020233,-0.46576040983200073,-0.3003469407558441,-0.010647491551935673,0.2824651896953583,-0.13618209958076477,-0.19464409351348877,-0.25103506445884705],""gru.bias_ih"":[-0.2396225780248642,-0.0952669158577919,-0.02445094659924507,-0.3840171992778778,0.1600579172372818,0.34475183486938477,-0.1843070387840271,-0.028071822598576546,-0.30155783891677856,-0.7427107691764832,-0.8257684111595154,-0.5194876790046692,0.5406275987625122,0.4416100084781647,-0.3042965829372406,0.10376671701669693,0.10244566202163696,0.208768829703331,-0.3244369328022003,0.05709720775485039,0.1844201236963272,-0.06756747514009476,0.14469106495380402,-0.06348473578691483],""gru.bias_hh"":[0.05686509981751442,0.12210876494646072,0.37019088864326477,0.0312671959400177,0.05456961691379547,-0.08546116948127747,-0.21645104885101318,-0.19841061532497406,-0.35238170623779297,-0.6792512536048889,-0.8602879047393799,-0.802384614944458,0.10822868347167969,0.037601619958877563,-0.6880673170089722,0.013605770654976368,-0.29972517490386963,-0.22737456858158112,0.009058590047061443,0.2201823592185974,-0.2894621789455414,-0.3318445086479187,-0.05003901571035385,-0.25683802366256714],""head.weight"":[-0.3362506330013275,0.5336085557937622,0.15459011495113373,0.5988097786903381,0.10210201144218445,-0.018788546323776245,0.48680543899536133,-0.20556950569152832],""head.bias"":[-0.00565004488453269]}"
840508,GRU_8,240,321,0.5408127397298813,4.258436041000323,"{""gru.weight_ih"":[0.24172785878181458,0.37490326166152954,0.08641700446605682,-0.40332499146461487,-0.9660072922706604,-0.2919590175151825,0.22064262628555298,-0.8960299491882324,0.26984500885009766,0.1093362495303154,-1.4441640377044678,-0.5231545567512512,-0.4833090901374817,0.09151078760623932,-0.43918484449386597,-0.5730636715888977,0.6593711972236633,0.5084206461906433,-0.22317162156105042,-1.4995696544647217,-0.14466223120689392,0.8005286455154419,-1.5662448406219482,0.14214961230754852,-0.45678579807281494,-0.4608685076236725,0.3361131548881531,0.09596487879753113,-0.9647892713546753,0.034713275730609894,0.13111093640327454,0.08839435130357742,0.2969922423362732,0.002795713720843196,-0.577293336391449,-0.004085305612534285,-0.2848415672779083,0.22879675030708313,0.48976030945777893,0.013494945131242275,-0.13825848698616028,0.606137216091156,0.4123362600803375,-0.8880172967910767,-0.8744853138923645,1.174437165260315,-0.24969245493412018,-0.9698587656021118,-0.3971128463745117,-0.46271803975105286,0.18769848346710205,0.7645294070243835,-0.088517926633358,-0.12331762909889221,0.2615644335746765,-0.3147192597389221,0.2678335905075073,0.6667172908782959,0.32124021649360657,0.05173268914222717,0.05112623795866966,0.25625237822532654,0.6989212036132812,-0.05103186145424843,-0.38836342096328735,-0.44697609543800354,0.767258882522583,-0.259244829416275,-0.3013879954814911,-0.34348034858703613,0.9190698862075806,0.4109642207622528],""gru.weight_hh"":[-0.45958590507507324,0.8398392200469971,-0.28867030143737793,0.7349715828895569,0.2909977436065674,-0.41762813925743103,0.4450433552265167,-0.20168204605579376,0.22088077664375305,-0.5171195268630981,-0.11260492354631424,-0.30599576234817505,0.2637082636356354,0.5504627227783203,-0.25577232241630554,0.1665918081998825,0.11605481803417206,-0.27749842405319214,0.29691174626350403,0.35936760902404785,-0.07715590298175812,0.3304629921913147,0.14908984303474426,-0.5261498689651489,-0.1836339831352234,0.08997766673564911,0.27895814180374146,-0.12747564911842346,-0.06407320499420166,0.5111696720123291,0.27867797017097473,-0.16344405710697174,-0.42690932750701904,-0.10760395228862762,-0.31493282318115234,-0.3418193459510803,-0.4638836085796356,-0.054408274590969086,-0.2662564516067505,0.3176484704017639,0.2059156745672226,0.3007308542728424,0.1301272064447403,0.27249881625175476,0.7893064618110657,0.00279655447229743,0.1213935986161232,-0.30484700202941895,0.9164959192276001,0.23449893295764923,0.48211202025413513,0.006968796718865633,0.30848753452301025,-0.33209100365638733,-0.43276700377464294,-0.4494728147983551,0.5997419357299805,0.3032093048095703,0.35403987765312195,-0.005772545002400875,0.060895539820194244,0.32284998893737793,0.11088450253009796,-0.22349096834659576,-0.5954989790916443,0.3500891625881195,1.2710400819778442,0.6514124274253845,-0.001271334826014936,0.11565644294023514,0.39497292041778564,-0.5688230395317078,-0.17112340033054352,-0.2647519111633301,0.46809089183807373,0.23646147549152374,0.05189139023423195,0.9652109742164612,0.41402575373649597,0.19140321016311646,0.8976840376853943,-0.4162342846393585,0.7658120393753052,-0.5945236682891846,0.036919187754392624,0.2524860203266144,0.38302960991859436,-0.9266496300697327,-0.7025341391563416,0.1846700757741928,0.34815600514411926,-0.0480656661093235,-0.18188297748565674,0.8005535006523132,-0.3415869474411011,0.26432257890701294,0.9231902360916138,0.39612406492233276,-0.04356223717331886,-0.2796325981616974,-0.21809309720993042,-0.666718065738678,-0.04002385586500168,-1.190071940422058,0.39775383472442627,0.41883352398872375,-0.34736430644989014,0.1365455836057663,-0.5897621512413025,-0.6013420820236206,0.4802829623222351,-1.448371410369873,0.7611050605773926,-0.5449926257133484,-0.4213835895061493,-0.5012229084968567,-0.16989877820014954,0.9401239156723022,-0.5802786946296692,1.2274129390716553,0.5050288438796997,-0.8502611517906189,-0.32038456201553345,-0.7823771238327026,-0.1230662539601326,0.6410294771194458,-1.0180633068084717,0.9309796094894409,0.5651001930236816,0.3015541136264801,0.17262423038482666,-0.19071291387081146,0.9138760566711426,-0.23876722157001495,-0.07794352620840073,-0.2548743188381195,-0.5909332633018494,0.6056108474731445,-0.20452404022216797,0.6991802453994751,-0.02813352644443512,-0.3583260178565979,0.4386758804321289,-0.10239109396934509,-0.3237193822860718,0.6418686509132385,0.07001643627882004,-0.03894520550966263,-0.4547109007835388,-0.2821393609046936,0.39378878474235535,-0.46843641996383667,-0.5158759951591492,0.27330929040908813,0.11356622725725174,0.17777593433856964,0.10772650688886642,0.11436772346496582,0.46920347213745117,-0.08561793714761734,0.32873180508613586,0.2923808693885803,0.052984219044446945,-0.030867431312799454,0.15691924095153809,-0.18340283632278442,0.42475876212120056,-0.021009311079978943,0.1779402643442154,-0.19442522525787354,0.09446901828050613,-0.47575345635414124,-0.14266404509544373,-0.2074016034603119,0.41419026255607605,0.12286990880966187,-0.8267828226089478,0.06282434612512589,0.33418017625808716,0.4879401922225952,-0.5857860445976257,0.2726844251155853,0.4050615131855011,-0.30071189999580383,0.4204738140106201,-0.4775279462337494,-0.3622993230819702,-0.03431778401136398,0.2797209918498993,-0.09174197912216187,-0.2482537031173706,-0.13852180540561676],""gru.bias_ih"":[-0.15761330723762512,-0.12588797509670258,-0.01188612636178732,-0.3590519428253174,0.17620351910591125,0.3684581220149994,-0.09883943200111389,-0.11705659329891205,-0.1738567352294922,-0.9162179231643677,-0.8883593082427979,-0.6877374053001404,1.0796947479248047,0.808952271938324,-0.3605532646179199,-0.18411119282245636,0.15292079746723175,0.18845121562480927,-0.3462730348110199,0.011791031807661057,0.17872415482997894,-0.0876050665974617,0.09477577358484268,-0.08418608456850052],""gru.bias_hh"":[0.13887430727481842,0.09148766100406647,0.3827558755874634,0.05623241886496544,0.07071523368358612,-0.06175493821501732,-0.13098344206809998,-0.2873953580856323,-0.22468066215515137,-0.8527584075927734,-0.9228788018226624,-0.9706342816352844,0.6472957730293274,0.40494394302368164,-0.7443243861198425,-0.2742721438407898,-0.242998406291008,-0.24241837859153748,-0.009692898020148277,0.1899978667497635,-0.3186596930027008,-0.3721960484981537,-0.0925009548664093,-0.28576865792274475],""head.weight"":[-0.3852754235267639,0.6081750988960266,0.20257703959941864,0.6776851415634155,0.09668494760990143,-0.0005079825059510767,0.6373409628868103,-0.29043588042259216],""head.bias"":[-0.02539011836051941]}"
840509,SENSORY_SITE,60,4,0.5322615653276443,0.8404765429999941,"{""raw"":[2.432941436767578,0.5986160635948181,0.03161066770553589,-0.5068694353103638]}"
840509,SENSORY_SITE,120,4,0.5272235810756684,1.6738605059999259,"{""raw"":[2.3816983699798584,0.997083842754364,-0.06651613861322403,-0.5562547445297241]}"
840509,SENSORY_SITE,240,4,0.512606218457222,3.364838296999949,"{""raw"":[2.2471909523010254,1.54319167137146,-0.18904238939285278,-0.6178334951400757]}"
840509,OUTPUT_SITE,60,4,0.6141372859477997,0.8396888780000893,"{""raw"":[2.1815781593322754,0.6800748705863953,0.16888311505317688,-0.20761431753635406]}"
840509,OUTPUT_SITE,120,4,0.5537927329540253,1.6692988390001062,"{""raw"":[1.6985042095184326,1.083903193473816,0.12663179636001587,-0.0969206690788269]}"
840509,OUTPUT_SITE,240,4,0.5602692782878875,3.339215211000152,"{""raw"":[1.1115267276763916,1.6395355463027954,0.13899566233158112,0.29419946670532227]}"
840509,NO_FEEDBACK,60,4,0.6124699950218201,0.8014093769999135,"{""raw"":[2.2331831455230713,0.6959832310676575,-0.07352375239133835,-0.11295538395643234]}"
840509,NO_FEEDBACK,120,4,0.5162058383226394,1.6095509189999575,"{""raw"":[1.7078311443328857,1.0642812252044678,0.03384249657392502,-0.22311706840991974]}"
840509,NO_FEEDBACK,240,4,0.5269935697317123,3.2521801649999134,"{""raw"":[1.178359866142273,1.6267939805984497,-0.18267393112182617,-0.3181103765964508]}"
840509,GENERIC_RNN,60,4,0.6310473263263703,0.6470599179999112,"{""raw"":[0.53798907995224,0.6370415091514587,0.010078939609229565,0.3163689076900482]}"
840509,GENERIC_RNN,120,4,0.5748550057411194,1.2937954209998566,"{""raw"":[0.7756910920143127,0.8041732907295227,0.05590411648154259,0.5139464735984802]}"
840509,GENERIC_RNN,240,4,0.5749567776918412,2.596716968999772,"{""raw"":[0.8978391289710999,1.081394910812378,0.0024599148891866207,0.5395013093948364]}"
840509,GRU_8,60,321,0.5403997272253036,1.0883205440001689,"{""gru.weight_ih"":[-0.12993350625038147,-0.6220831871032715,-0.41932618618011475,0.2960207164287567,-0.12462406605482101,0.14842449128627777,-0.21116819977760315,0.09498421102762222,-0.2570265531539917,0.31909921765327454,-0.39504188299179077,-0.04033340513706207,-0.4007715880870819,0.02120310626924038,0.0009216293692588806,0.6027801036834717,-0.35045433044433594,-0.12243365496397018,-0.4765967130661011,-0.3456886112689972,0.038081731647253036,-0.19269703328609467,-0.0445609912276268,0.07351983338594437,0.47433608770370483,-0.10883067548274994,-0.17759807407855988,-0.4725313186645508,-0.3731485605239868,0.19471204280853271,-0.03734055906534195,-0.1594563126564026,0.24686592817306519,0.06802545487880707,-0.07220377773046494,0.28613775968551636,-0.3893852233886719,-0.052709419280290604,-0.000758999609388411,0.5217236280441284,-0.21407786011695862,-0.3243556022644043,-0.03803519532084465,-0.2348533421754837,-0.05608697980642319,0.3280443847179413,-0.17320851981639862,-0.3785798251628876,0.36494314670562744,-0.251485139131546,0.04762567579746246,0.3620602786540985,0.48327794671058655,0.06603806465864182,0.36350828409194946,0.2559657394886017,0.2569023668766022,0.3054339587688446,0.30767393112182617,0.35264119505882263,0.07627236843109131,0.20616555213928223,-0.2718062698841095,0.28583812713623047,-0.37641918659210205,-0.2662438154220581,0.5693701505661011,-0.18439167737960815,0.33201226592063904,-0.3847663700580597,0.2814125418663025,-0.40718093514442444],""gru.weight_hh"":[0.02440645545721054,-0.17855606973171234,0.21774615347385406,-0.22827650606632233,0.5217971205711365,-0.05263257026672363,0.1414337158203125,0.4219056963920593,0.29656726121902466,0.48053109645843506,0.25581231713294983,-0.2598727345466614,0.16419455409049988,0.42715615034103394,-0.288494735956192,-0.06529461592435837,0.26416751742362976,0.020967969670891762,0.0032534890342503786,0.23603838682174683,0.054576463997364044,-0.3532025218009949,-0.0598638579249382,-0.3128095269203186,-0.19749991595745087,-0.010800532065331936,-0.348884254693985,-0.23692035675048828,0.4826411306858063,0.3681406080722809,-0.21856659650802612,-0.06807540357112885,0.061512064188718796,0.09297407418489456,0.18595676124095917,-0.3808748424053192,0.23623938858509064,-0.44648024439811707,-0.15793795883655548,0.028254976496100426,0.45731809735298157,0.38023996353149414,0.08732365071773529,0.32426974177360535,0.22351573407649994,0.4598313271999359,0.07406686246395111,0.07827804237604141,-0.2987179756164551,0.02096100151538849,-0.34112489223480225,-0.42463403940200806,-0.4765069782733917,-0.2944076657295227,-0.5141029953956604,0.1707184612751007,0.04773104935884476,-0.2527826726436615,0.007784155197441578,-0.31990113854408264,-0.4848690629005432,-0.09793093800544739,-0.35661619901657104,0.11274699121713638,-0.006628001108765602,-0.34256473183631897,-0.18186242878437042,-0.07514523714780807,-0.3260650038719177,-0.287578821182251,-0.07849552482366562,-0.09173965454101562,0.6266908049583435,0.13454672694206238,0.3943953216075897,-0.07173403352499008,-0.055447667837142944,-0.21467579901218414,0.11666020005941391,-0.40046441555023193,0.029299912974238396,0.13581396639347076,0.12956517934799194,-0.06465352326631546,-0.5030046105384827,0.6207671761512756,-0.41968950629234314,-0.07818810641765594,0.4395274817943573,0.19779159128665924,0.14900855720043182,-0.4505603313446045,-0.48616504669189453,0.46794188022613525,0.20244836807250977,0.11092489212751389,0.04418492317199707,-0.14944499731063843,-0.5752485990524292,0.35964953899383545,0.1747225970029831,-0.46465304493904114,0.2734029293060303,0.22174043953418732,-0.06540466099977493,-0.48219144344329834,-0.5284591913223267,-0.5327418446540833,-0.05908506363630295,-0.6252656579017639,-0.6126033067703247,-0.023650070652365685,-0.2646201252937317,0.3105246424674988,0.3139280080795288,-0.4200739562511444,0.09603016078472137,0.41212722659111023,-0.5600944757461548,0.43764662742614746,-0.27169716358184814,-0.266829252243042,-0.21054936945438385,-0.3744458556175232,-0.37253275513648987,0.3537212610244751,-0.6492615342140198,-0.05544930323958397,0.4340044856071472,0.15542657673358917,0.34320080280303955,0.09246085584163666,0.24458423256874084,0.09661737084388733,0.0965149775147438,-0.23122239112854004,0.08457424491643906,-0.12821215391159058,-0.2104644775390625,0.02104884944856167,-0.07014978677034378,-0.24049267172813416,-0.22170478105545044,0.12931637465953827,0.08055326342582703,0.4193459153175354,0.35697901248931885,-0.18411466479301453,0.4990960657596588,0.3056582510471344,-0.04773784056305885,0.2491510808467865,-0.06080646440386772,0.19977237284183502,0.10074084252119064,0.25928762555122375,0.1446901559829712,0.09549584239721298,0.3359585702419281,-0.26175981760025024,-0.4667234420776367,-0.08336665481328964,-0.2738610506057739,-0.029727213084697723,-0.05715532228350639,-0.16783936321735382,-0.4726494550704956,0.566938579082489,-0.08317252993583679,0.09280745685100555,0.42362067103385925,0.3069761097431183,0.2578846216201782,-0.000852509867399931,-0.10817071795463562,-0.16149811446666718,0.2630031406879425,0.03588130697607994,0.24168574810028076,0.5277702212333679,0.2847844958305359,-0.008612268604338169,0.09512846916913986,-0.0005067710299044847,-0.4458039700984955,-0.0030064925085753202,-0.20370188355445862,0.03328702971339226,-0.5408788919448853,-0.44280049204826355,-0.20441624522209167,0.0894339382648468],""gru.bias_ih"":[-0.13101941347122192,-0.31322142481803894,0.038903187960386276,0.010154297575354576,0.0783505067229271,0.07028459757566452,-0.17754043638706207,-0.010117142461240292,-0.2800772488117218,-0.012205210514366627,-0.3578507900238037,-0.283845990896225,0.7082923650741577,0.005188686773180962,-0.7640107870101929,-0.5490567088127136,-0.14269602298736572,-0.10523145645856857,-0.1313772201538086,0.28663137555122375,-0.005952600389719009,-0.39231395721435547,0.15579745173454285,-0.1429702192544937],""gru.bias_hh"":[-0.12506139278411865,-0.5785917043685913,-0.06270631402730942,-0.20849721133708954,0.21729221940040588,-0.0634383037686348,0.008399775251746178,0.14452150464057922,-0.2482246309518814,-0.039480481296777725,-0.2372937798500061,-0.3209635317325592,0.5221157670021057,0.3793683350086212,-0.6686851382255554,-0.4184204041957855,0.107150599360466,0.058368489146232605,0.08970491588115692,0.163375586271286,0.3358347415924072,0.27545320987701416,-0.4311387240886688,0.34058842062950134],""head.weight"":[0.5035677552223206,0.08144475519657135,0.2955454885959625,0.1672067940235138,-0.0952068641781807,0.38791394233703613,0.6125439405441284,-0.39684462547302246],""head.bias"":[0.1457219272851944]}"
840509,GRU_8,120,321,0.49450200200080874,2.15367308600014,"{""gru.weight_ih"":[-0.062435999512672424,-0.8847842216491699,-0.38321250677108765,0.2756563723087311,-0.00020829885033890605,0.14154459536075592,-0.1711425930261612,0.24235185980796814,-0.3086656332015991,0.3334360122680664,-0.5378034710884094,-0.031371790915727615,-0.4299297034740448,0.1799844354391098,-0.14493653178215027,0.6290112733840942,-0.3694499731063843,-0.1680491864681244,-0.5450272560119629,-0.4467896521091461,-0.007991928607225418,-0.2500182092189789,-0.0972290113568306,0.002820819616317749,0.4517473876476288,-0.19765423238277435,-0.23745325207710266,-0.6333798170089722,-0.5822900533676147,0.5111141204833984,-0.04612729325890541,-0.23646242916584015,0.46838781237602234,-0.025281338021159172,-0.19248415529727936,0.49674537777900696,-0.35398051142692566,-0.13724298775196075,0.08639281988143921,0.6493454575538635,-0.32768070697784424,-0.4031229615211487,-0.08321929723024368,-0.3101141154766083,0.005554927513003349,0.2512590289115906,-0.2631770670413971,-0.34955281019210815,0.40008533000946045,-0.27696916460990906,0.05351593345403671,0.44694358110427856,0.5375158190727234,0.0028357882983982563,0.3957897424697876,0.24943065643310547,0.23729240894317627,0.39379215240478516,0.35001900792121887,0.3441605269908905,0.09514113515615463,0.23481965065002441,-0.4830784499645233,0.31344741582870483,-0.40321049094200134,-0.2898883521556854,0.6441066861152649,-0.19337446987628937,0.349231094121933,-0.47051921486854553,0.312784343957901,-0.42906227707862854],""gru.weight_hh"":[0.030863875523209572,-0.041861798614263535,0.27633270621299744,-0.12162091583013535,0.47000372409820557,-0.10613762587308884,0.20231075584888458,0.3837878108024597,0.35778340697288513,0.44355201721191406,0.28239956498146057,-0.29626432061195374,0.1675969809293747,0.5653060674667358,-0.287230908870697,-0.09072333574295044,0.15633805096149445,-0.024651406332850456,-0.053485602140426636,0.337925523519516,0.18739250302314758,-0.42754316329956055,-0.07320720702409744,-0.25703924894332886,-0.18366804718971252,0.09769246727228165,-0.24215322732925415,-0.2169809639453888,0.5085973739624023,0.38559797406196594,-0.2035585641860962,-0.0847591683268547,-0.0474374033510685,0.010574464686214924,0.12387266755104065,-0.4158880412578583,0.4458739757537842,-0.48701927065849304,-0.28179803490638733,0.14357315003871918,0.45402660965919495,0.42912548780441284,0.16530603170394897,0.35502925515174866,0.328285276889801,0.47540929913520813,0.06152612715959549,0.07914504408836365,-0.32956069707870483,0.014028280973434448,-0.3686496615409851,-0.3976765275001526,-0.49921518564224243,-0.34849813580513,-0.5209976434707642,0.2210514396429062,-0.02118854410946369,-0.2696244418621063,-0.024092452600598335,-0.2957081198692322,-0.47552162408828735,-0.15594977140426636,-0.3836091160774231,0.19273339211940765,-0.02154449187219143,-0.36927783489227295,-0.22350239753723145,-0.17443819344043732,-0.45585736632347107,-0.29022306203842163,-0.13187965750694275,-0.061355672776699066,1.1299904584884644,0.5098906755447388,0.6957706212997437,0.1513078361749649,-0.23519347608089447,0.01849769428372383,0.4490278661251068,-0.7983309626579285,0.38565054535865784,0.36489003896713257,0.26385700702667236,0.016299495473504066,-0.8339524865150452,0.7537891268730164,-0.1821245700120926,-0.3606107831001282,0.6290269494056702,0.33517488837242126,0.30487364530563354,-0.44873571395874023,-0.6736164093017578,0.5865908265113831,0.38886284828186035,-0.11669313162565231,0.09983736276626587,0.05443556606769562,-0.5105907320976257,0.47326454520225525,0.00583804352208972,-0.5098252892494202,0.3883553147315979,0.1566421389579773,-0.14973881840705872,-0.47929272055625916,-0.5820450782775879,-0.6336885690689087,-0.07465679198503494,-0.7426226139068604,-0.6853052377700806,0.055692169815301895,-0.15130890905857086,0.29952967166900635,0.40228572487831116,-0.5008240342140198,-0.14715741574764252,0.5851108431816101,-0.5128160119056702,0.35575976967811584,-0.17615054547786713,-0.28271886706352234,-0.20470371842384338,-0.4857034683227539,-0.5541112422943115,0.4791407585144043,-0.6182287335395813,-0.10704215615987778,0.45014166831970215,0.17023317515850067,0.3674890398979187,0.09099355340003967,0.2929770052433014,0.1325446218252182,0.09409280121326447,-0.2470443695783615,0.11529262363910675,-0.07208775728940964,-0.15408125519752502,0.03134309500455856,0.011228748597204685,-0.1690039336681366,-0.2246914952993393,0.11916207522153854,0.11134577542543411,0.44880425930023193,0.41122981905937195,-0.19052228331565857,0.5721042156219482,0.36083856225013733,-0.05585366114974022,0.22466756403446198,-0.03948551043868065,0.23072731494903564,0.14033626019954681,0.24698130786418915,0.20918692648410797,0.19359038770198822,0.32409635186195374,-0.2717560827732086,-0.516657829284668,-0.08751621842384338,-0.2755514085292816,-0.12657716870307922,0.1537688970565796,-0.13352073729038239,-0.6444149017333984,0.7011059522628784,-0.05948016420006752,0.12595383822917938,0.46787893772125244,0.3261677324771881,0.30453556776046753,0.020066464319825172,-0.101525217294693,-0.20180167257785797,0.304378479719162,0.055086296051740646,0.2782365083694458,0.49940207600593567,0.30431118607521057,0.052491333335638046,0.1077512577176094,-0.047515518963336945,-0.4737432897090912,-0.024631286039948463,-0.22787755727767944,0.051518090069293976,-0.5589029788970947,-0.4893392026424408,-0.20286935567855835,0.12527349591255188],""gru.bias_ih"":[-0.05211533233523369,-0.3777846395969391,0.15128198266029358,0.024738583713769913,0.12953729927539825,0.09733019024133682,-0.16571876406669617,0.00950282160192728,-0.4243928790092468,0.11695779860019684,-0.3650844991207123,-0.3780539035797119,0.7702709436416626,0.01159103587269783,-1.0000014305114746,-0.7455137968063354,-0.14031721651554108,-0.1047302708029747,-0.1281047910451889,0.2803036570549011,-0.009758138097822666,-0.38531023263931274,0.1449262499809265,-0.13875241577625275],""gru.bias_hh"":[-0.0461573451757431,-0.6431550979614258,0.04967246577143669,-0.19391295313835144,0.2684789299964905,-0.036392711102962494,0.02022145316004753,0.164141446352005,-0.3925402760505676,0.08968253433704376,-0.24452748894691467,-0.41517144441604614,0.5840943455696106,0.38577067852020264,-0.9046757221221924,-0.6148774027824402,0.11081843823194504,0.07683522999286652,0.08999980986118317,0.16649670898914337,0.33825668692588806,0.2914218008518219,-0.4520590901374817,0.34905150532722473],""head.weight"":[0.5550016760826111,0.10620296746492386,0.3481529951095581,0.19174230098724365,-0.07308129966259003,0.4176784157752991,0.6819282174110413,-0.48140642046928406],""head.bias"":[0.14272572100162506]}"
840509,GRU_8,240,321,0.46448521614074706,4.278729794000071,"{""gru.weight_ih"":[-0.09838201850652695,-1.1726176738739014,-0.27776575088500977,0.2916705310344696,0.07639917731285095,0.21268366277217865,-0.003279726719483733,0.4135912358760834,-0.3053700923919678,0.25141191482543945,-0.8087521195411682,0.05112744867801666,-0.5431047677993774,0.22529642283916473,-0.1183815598487854,0.6617865562438965,-0.4144899249076843,-0.2013174444437027,-0.7635486125946045,-0.5807018280029297,0.0609302781522274,-0.42219820618629456,-0.15967948734760284,0.09598446637392044,0.3583679497241974,-0.34761568903923035,-0.22981005907058716,-0.7566614151000977,-0.6097586750984192,0.4182194769382477,-0.0892329141497612,-0.32910773158073425,0.4482742249965668,-0.11519226431846619,-0.28998926281929016,0.4690750241279602,-0.4509568512439728,-0.3280625641345978,0.07139791548252106,0.7475627064704895,-0.44833818078041077,-0.43115419149398804,-0.13961875438690186,-0.4051779806613922,0.09435620903968811,0.053933072835206985,-0.4522886574268341,-0.24353457987308502,0.4571684002876282,-0.28039872646331787,0.027886174619197845,0.5371885299682617,0.5616686344146729,0.0009611445711925626,0.4754103720188141,0.3137533962726593,0.2223133146762848,0.5205540657043457,0.3833543658256531,0.29486674070358276,0.08852201700210571,0.11444741487503052,-0.593073308467865,0.36643046140670776,-0.40439051389694214,-0.29059281945228577,0.7711225152015686,-0.18121524155139923,0.2820608913898468,-0.6282535791397095,0.2907294034957886,-0.37273216247558594],""gru.weight_hh"":[0.18310154974460602,-0.03334133327007294,0.29776474833488464,-0.13198062777519226,0.32892298698425293,0.0033508939668536186,0.3204475939273834,0.23499159514904022,0.4378579258918762,0.46249234676361084,0.3421804904937744,-0.2598807215690613,0.0886467918753624,0.6986443996429443,-0.219143807888031,-0.16720405220985413,0.13837449252605438,0.15958110988140106,-0.017690395936369896,0.391133576631546,0.13421157002449036,-0.43080592155456543,-0.05203796178102493,-0.2371860146522522,-0.03347671031951904,-0.002095812698826194,-0.22099214792251587,-0.21068377792835236,0.46266651153564453,0.5018003582954407,-0.10557515174150467,-0.2329528033733368,-0.10233116149902344,0.02364276722073555,0.17662495374679565,-0.33309412002563477,0.5129655003547668,-0.5136027932167053,-0.28360748291015625,0.15569020807743073,0.4994284212589264,0.3942759931087494,0.1480971872806549,0.2993110120296478,0.34809792041778564,0.5489644408226013,0.05128142237663269,0.04299294948577881,-0.2035837322473526,0.03686423599720001,-0.2727123200893402,-0.40022504329681396,-0.5496763586997986,-0.26859045028686523,-0.42878085374832153,0.12433788180351257,0.06497449427843094,-0.23397929966449738,0.06105327606201172,-0.24936173856258392,-0.5739197134971619,-0.1283426135778427,-0.2913079857826233,0.12182416021823883,0.010259531438350677,-0.5251423716545105,-0.29646217823028564,-0.19813160598278046,-0.457177072763443,-0.3108999729156494,-0.12680046260356903,-0.09625691920518875,1.1259931325912476,0.5689325332641602,0.6840313673019409,0.07925828546285629,-0.19641247391700745,0.11015782505273819,0.3749110698699951,-0.7668567895889282,0.5423107147216797,0.42039892077445984,0.335085391998291,0.0008107363246381283,-0.8448403477668762,0.8646641373634338,-0.17398518323898315,-0.4263654053211212,0.7264186143875122,0.44949400424957275,0.40576833486557007,-0.45607703924179077,-0.7148007154464722,0.6474825739860535,0.4247368276119232,-0.17595940828323364,0.060251299291849136,-0.17039568722248077,-0.6694839596748352,0.45166605710983276,0.09789876639842987,-0.6344128251075745,0.3546939790248871,0.17314332723617554,-0.21429333090782166,-0.5834334492683411,-0.6270512938499451,-0.7057230472564697,9.853346273303032e-05,-0.8656811714172363,-0.7447174787521362,0.1044463962316513,-0.021250266581773758,0.2790519893169403,0.5536362528800964,-0.4851670563220978,-0.24341653287410736,0.7339000105857849,-0.4211275577545166,0.24636156857013702,-0.037636496126651764,-0.3401498794555664,-0.11914163082838058,-0.4351515471935272,-0.6136530041694641,0.557309627532959,-0.5080085396766663,-0.24616658687591553,0.4405575692653656,0.16696365177631378,0.3356398940086365,0.08232326060533524,0.2869197428226471,0.1651795208454132,0.08536496013402939,-0.24839161336421967,0.12898628413677216,-0.12683738768100739,-0.16702266037464142,-0.013118873350322247,0.013142780400812626,-0.11200029402971268,-0.2282644659280777,0.10173628479242325,0.12039376050233841,0.4439549744129181,0.4087374210357666,-0.22294335067272186,0.576450765132904,0.42125120759010315,-0.05778956413269043,0.21175256371498108,-0.09083890169858932,0.20395012199878693,0.059652719646692276,0.24993762373924255,0.24280822277069092,0.1846616119146347,0.28578513860702515,-0.23616155982017517,-0.517109215259552,-0.19281478226184845,-0.2770719528198242,-0.24671238660812378,0.42835313081741333,-0.04994973912835121,-0.7783042192459106,0.7110133767127991,-0.025837939232587814,0.12800179421901703,0.49131256341934204,0.3080982267856598,0.3372858464717865,0.06976276636123657,-0.10366036742925644,-0.2404845803976059,0.25093555450439453,0.030305754393339157,0.21066898107528687,0.4760092496871948,0.3184962570667267,0.05770517885684967,0.0644083097577095,-0.010970464907586575,-0.4301784932613373,-0.005827473476529121,-0.15621353685855865,0.08620010316371918,-0.5628610253334045,-0.49989748001098633,-0.1614902913570404,0.09549017995595932],""gru.bias_ih"":[-0.14800012111663818,-0.4604325592517853,0.14549268782138824,-0.0731218233704567,0.20154285430908203,0.07630067318677902,-0.25012803077697754,-0.04324498772621155,-0.4306255877017975,0.08396628499031067,-0.4024931490421295,-0.4269382655620575,0.8772907853126526,0.11643968522548676,-1.1405292749404907,-0.8087309002876282,-0.13767172396183014,-0.12578068673610687,-0.13637857139110565,0.33599910140037537,-0.03747265040874481,-0.38609936833381653,0.1566571146249771,-0.14513519406318665],""gru.bias_hh"":[-0.1420421451330185,-0.725803017616272,0.04388313367962837,-0.29177331924438477,0.3404844105243683,-0.05742223933339119,-0.06418804824352264,0.11139358580112457,-0.3987729847431183,0.056691039353609085,-0.2819361984729767,-0.4640558063983917,0.6911141872406006,0.4906194508075714,-1.045203447341919,-0.6780945062637329,0.11735132336616516,0.05674300715327263,0.07470858097076416,0.22762568295001984,0.3238629102706909,0.2956918478012085,-0.43616318702697754,0.33667707443237305],""head.weight"":[0.5756950378417969,0.13728713989257812,0.38180792331695557,0.20437677204608917,-0.034997910261154175,0.43945908546447754,0.7309315800666809,-0.5092678070068359],""head.bias"":[0.14147590100765228]}"
840510,SENSORY_SITE,60,4,0.6320377230644226,0.8313010829999143,"{""raw"":[2.4482600688934326,0.5830503702163696,0.07481002807617188,-0.5092638731002808]}"
840510,SENSORY_SITE,120,4,0.607986432313919,1.6673132929997792,"{""raw"":[2.345055103302002,0.9904446601867676,0.2595081627368927,-0.524225652217865]}"
840510,SENSORY_SITE,240,4,0.6045141339302063,3.3643747969998685,"{""raw"":[2.1455352306365967,1.5861178636550903,0.34921973943710327,-0.4935850203037262]}"
840510,OUTPUT_SITE,60,4,0.6490087866783142,0.8410907519999284,"{""raw"":[2.21144437789917,0.685007631778717,0.21358609199523926,-0.4797613024711609]}"
840510,OUTPUT_SITE,120,4,0.63013836145401,1.6764940409999838,"{""raw"":[1.7347785234451294,1.0880314111709595,0.40517833828926086,-0.38480740785598755]}"
840510,OUTPUT_SITE,240,4,0.6275186598300934,3.337138832000022,"{""raw"":[1.2371370792388916,1.7648725509643555,0.41007155179977417,0.3236788213253021]}"
840510,NO_FEEDBACK,60,4,0.6946220993995667,0.8181399599999111,"{""raw"":[2.190046548843384,0.7267172932624817,0.18472665548324585,-0.22320334613323212]}"
840510,NO_FEEDBACK,120,4,0.6202952653169632,1.6285335459998578,"{""raw"":[1.7453184127807617,1.1219066381454468,0.15310415625572205,-0.26092302799224854]}"
840510,NO_FEEDBACK,240,4,0.6218910157680512,3.2633221329995763,"{""raw"":[1.2668113708496094,1.738133430480957,0.07273298501968384,-0.35660362243652344]}"
840510,GENERIC_RNN,60,4,0.67741938829422,0.65310449699993,"{""raw"":[0.5542530417442322,0.649459719657898,-0.0022201465908437967,0.3242911100387573]}"
840510,GENERIC_RNN,120,4,0.6928680598735809,1.301848992000032,"{""raw"":[0.7895075678825378,0.8576512336730957,0.0766509622335434,0.49300673604011536]}"
840510,GENERIC_RNN,240,4,0.6474098026752472,2.604827701000005,"{""raw"":[0.9084546566009521,1.1645238399505615,0.1148642972111702,0.4394816756248474]}"
840510,GRU_8,60,321,0.5843543767929077,1.0649139170000126,"{""gru.weight_ih"":[0.19817312061786652,0.22769339382648468,-0.03796950727701187,0.037011537700891495,-0.056155137717723846,0.34424057602882385,-0.13371095061302185,-0.6165297627449036,-0.31981173157691956,-0.3309326767921448,0.3031040132045746,-0.2335941344499588,-0.21308977901935577,-0.3158712387084961,-0.37088051438331604,-0.17886647582054138,0.1842949539422989,-0.21777689456939697,0.02465023472905159,0.28936800360679626,0.23053818941116333,-0.13597537577152252,-0.30360376834869385,0.12906210124492645,-0.3060964345932007,-0.20285609364509583,0.30417826771736145,-0.0988219752907753,-0.025654630735516548,0.07926352322101593,-0.17480283975601196,-0.6028192639350891,0.020881636068224907,0.27983924746513367,-0.6893012523651123,-0.24995900690555573,-0.11366471648216248,-0.4747639298439026,0.09850839525461197,0.22526748478412628,0.5205705761909485,0.4620170593261719,0.35301536321640015,-0.35286828875541687,-0.5406378507614136,-0.2973903715610504,-0.3949873447418213,-0.1276147961616516,-0.25928568840026855,-0.13484440743923187,-0.10061962902545929,0.3399391770362854,-0.17953820526599884,0.5266480445861816,-0.5727820992469788,-0.19067123532295227,-0.17537619173526764,0.5951628684997559,-0.33773815631866455,-0.24247710406780243,0.4072146415710449,0.05803772434592247,0.39037027955055237,0.11861039698123932,-0.052714429795742035,0.36720985174179077,-0.17528173327445984,0.378379762172699,-0.17966388165950775,0.31857770681381226,0.25771763920783997,-0.1577075570821762],""gru.weight_hh"":[0.3810044527053833,0.38782766461372375,0.3001098930835724,0.2590258717536926,-0.07151347398757935,-0.03798246383666992,-0.185616597533226,0.3821370601654053,-0.4770744740962982,-0.07241719216108322,-0.37129393219947815,0.5003258585929871,0.20159479975700378,0.2162550389766693,-0.20177467167377472,-0.054724570363759995,-0.2447635382413864,0.5790350437164307,-0.508478581905365,0.10392625629901886,0.044174909591674805,-0.2615273892879486,-0.18174655735492706,-0.14027947187423706,-0.1385645717382431,0.1969652771949768,-0.07686197012662888,-0.5292143821716309,-0.0786551833152771,-0.2067682147026062,0.06987938284873962,-0.18074265122413635,-0.022893624380230904,0.32403579354286194,-0.014494470320641994,-0.3053417205810547,0.17376679182052612,-0.38353583216667175,-0.06939830631017685,0.021559882909059525,0.17000938951969147,-0.061991289258003235,0.3106137216091156,0.16549807786941528,-0.010304341092705727,0.1978251338005066,-0.23841474950313568,0.26908114552497864,-0.033926595002412796,-0.08232682198286057,0.3245801627635956,-0.13429230451583862,-0.05697917938232422,-0.03710148483514786,0.24937990307807922,0.04599190130829811,0.16848379373550415,0.22186672687530518,-0.14515049755573273,0.3780161142349243,-0.23987451195716858,-0.34307998418807983,0.23314668238162994,0.28616994619369507,-0.07418914139270782,0.15063893795013428,-0.13976261019706726,0.18709205090999603,0.16461406648159027,0.28325384855270386,-0.09994444996118546,0.34291142225265503,0.4691898822784424,0.1382201910018921,0.2757873237133026,0.3354983627796173,-0.2849460542201996,0.3199325203895569,-0.1320018768310547,0.188626229763031,-0.08082679659128189,0.2239200472831726,0.018345456570386887,0.2859806716442108,-0.05748499557375908,0.16484226286411285,-0.18268299102783203,0.6075714826583862,0.1793155074119568,-0.12023775279521942,0.4277629256248474,-0.4117761254310608,-0.00459640147164464,0.25534048676490784,-0.17411407828330994,0.16344070434570312,0.5495216250419617,-0.48656728863716125,-0.3974490165710449,0.5639708638191223,-0.12808990478515625,0.25381696224212646,-0.6813390851020813,0.6651082634925842,-0.2785869240760803,-0.03896297514438629,-0.4303072690963745,0.279424250125885,0.10267902165651321,-0.285938024520874,0.15488788485527039,0.02394433133304119,0.05101853981614113,0.020320583134889603,0.1645326167345047,-0.7182164192199707,-0.042597446590662,-0.2309066355228424,-0.07722277194261551,0.07843700051307678,-0.3221704661846161,0.2590753138065338,-0.602737545967102,0.46315568685531616,0.011165881529450417,0.47458893060684204,-0.10295185446739197,0.5179674625396729,-0.060967594385147095,0.09766212105751038,0.30055806040763855,-0.27661827206611633,0.12780840694904327,-0.04717386141419411,-0.04189096391201019,-0.07827678322792053,-0.39360225200653076,0.11574839800596237,-0.2614707052707672,0.056545790284872055,0.49097609519958496,-0.29194438457489014,0.21872787177562714,-0.31845495104789734,-0.16570627689361572,0.12000826001167297,0.2281019687652588,-0.5510285496711731,0.03824063390493393,-0.1056230366230011,0.14818765223026276,-0.36641979217529297,-0.1590876281261444,-0.18753626942634583,-0.3275241255760193,0.350429505109787,-0.07709980756044388,-0.20756809413433075,0.09631610661745071,-0.19691695272922516,-0.2318880707025528,0.07176107913255692,-0.524508535861969,0.5128617286682129,0.1849733144044876,0.419172078371048,0.24709972739219666,0.14260052144527435,-0.35274526476860046,-0.2832641899585724,0.15096914768218994,-0.3736170530319214,-0.3261406421661377,-0.3768828213214874,-0.25695809721946716,0.1776711791753769,-0.3046629726886749,-0.319847971200943,0.35176557302474976,-0.078494593501091,-0.2406054437160492,-0.4552988111972809,-0.010921715758740902,-0.20665468275547028,-0.04964851588010788,0.11186294257640839,-0.5894174575805664,0.3184266984462738,-0.021360348910093307,0.29866692423820496,-0.10686179250478745,-0.009895110502839088],""gru.bias_ih"":[0.1323312222957611,0.12327904254198074,-0.22380951046943665,0.3566020727157593,0.07235390692949295,0.17591145634651184,-0.09658894687891006,0.030091211199760437,-0.34855154156684875,-0.18605510890483856,-0.4789251685142517,0.21231789886951447,-0.7570415735244751,0.24812756478786469,-0.42151084542274475,-0.008534262888133526,-0.1842661052942276,-0.056703731417655945,0.03371301293373108,0.2596050500869751,0.09257879108190536,-0.1468074768781662,0.3799302577972412,-0.19636821746826172],""gru.bias_hh"":[-0.11317583173513412,0.41001012921333313,-0.294537752866745,0.1495353877544403,-0.09169667959213257,0.21648406982421875,0.1911729872226715,0.346333771944046,-0.03403211757540703,-0.4199703335762024,-0.16393040120601654,0.2565290629863739,-0.824307918548584,0.6913303136825562,-0.17189930379390717,0.0668109878897667,0.06855249404907227,0.09401731193065643,-0.25438979268074036,-0.37612059712409973,-0.2461535632610321,0.030463695526123047,-0.037182364612817764,0.15433825552463531],""head.weight"":[-0.21506527066230774,0.27330881357192993,-0.43393632769584656,0.6606854200363159,0.5720410943031311,-0.1764606237411499,-0.22569598257541656,0.2788334786891937],""head.bias"":[0.061461880803108215]}"
840510,GRU_8,120,321,0.5717042267322541,2.126492168999988,"{""gru.weight_ih"":[0.14017976820468903,0.044052522629499435,-0.15274487435817719,0.19720609486103058,-0.059457264840602875,0.3701794743537903,-0.11173749715089798,-1.0387132167816162,-0.3880765438079834,-0.3122837245464325,0.4516882300376892,-0.20499306917190552,-0.3508627414703369,-0.6016796231269836,-0.3924676179885864,-0.1898713856935501,0.09255574643611908,-0.19072888791561127,0.053480468690395355,0.06194227561354637,0.2933867573738098,-0.16358917951583862,-0.7837120890617371,0.10324302315711975,-0.2828987240791321,-0.2688117027282715,0.38629159331321716,-0.014854054898023605,-0.16504012048244476,0.13282069563865662,-0.15837018191814423,-0.7035403251647949,0.07762900739908218,0.3045203983783722,-0.9981181025505066,-0.30838194489479065,-0.05913378298282623,-0.6020461916923523,0.059995368123054504,0.221378892660141,0.5133565664291382,0.5039101839065552,0.4101382791996002,-0.3872392475605011,-0.5792055726051331,-0.4409814476966858,-0.5071079134941101,0.05797504633665085,-0.28710708022117615,-0.30078011751174927,-0.09091350436210632,0.5211891531944275,-0.11852520704269409,0.5950344204902649,-0.5955846309661865,-0.2941088378429413,-0.12640519440174103,0.5865738391876221,-0.3229677677154541,-0.3591175675392151,0.564694881439209,0.11809641867876053,0.3999464809894562,0.11327315866947174,-0.08822457492351532,0.40746232867240906,-0.21957726776599884,0.45509395003318787,-0.2715419828891754,0.37564900517463684,0.28091612458229065,-0.13867837190628052],""gru.weight_hh"":[0.38822677731513977,0.4001673758029938,0.3703465759754181,0.15364210307598114,-0.16824032366275787,-0.04501107707619667,-0.15270212292671204,0.28908708691596985,-0.49938520789146423,-0.04254867136478424,-0.43121227622032166,0.3803318738937378,0.2644817531108856,0.27512288093566895,-0.20616759359836578,-0.008002601563930511,-0.2959461510181427,0.5695593953132629,-0.48288530111312866,0.084379181265831,-0.02772144228219986,-0.37980368733406067,-0.08507157117128372,-0.17684639990329742,-0.1540345847606659,0.2850998640060425,-0.06206831708550453,-0.788774311542511,-0.043337248265743256,-0.14727415144443512,0.1045917272567749,-0.2447778880596161,0.046308182179927826,0.4208689033985138,0.03709776699542999,-0.41003096103668213,0.15553835034370422,-0.3458137512207031,-0.11726165562868118,-0.04707636311650276,0.21052582561969757,-0.011421188712120056,0.3306978642940521,0.1533082127571106,-0.001702349167317152,0.19717921316623688,-0.26560115814208984,0.23777712881565094,-0.06618792563676834,0.013745325617492199,0.28048720955848694,-0.10542597621679306,0.020523423328995705,-0.04926718398928642,0.24228012561798096,0.06906712800264359,0.1533031165599823,0.20533007383346558,-0.1600416898727417,0.46494361758232117,-0.25270405411720276,-0.43402549624443054,0.2139236330986023,0.3399561047554016,-0.08483386784791946,0.15237584710121155,-0.22386109828948975,0.4224255084991455,0.23363079130649567,0.29792267084121704,-0.3829197883605957,0.5665358901023865,0.6144945025444031,-0.020427703857421875,0.25342392921447754,0.510698139667511,-0.21792565286159515,0.5029193162918091,-0.2970726490020752,0.3900686502456665,-0.08790352940559387,0.19934141635894775,-0.044901292771101,0.4760802090167999,-0.012428123503923416,0.1593731939792633,-0.39055880904197693,0.8259704113006592,0.2881682217121124,-0.0941595658659935,0.5010995864868164,-0.5471490025520325,-0.066717229783535,0.21238014101982117,-0.1673174649477005,0.016624387353658676,0.845562219619751,-0.6564013957977295,-0.3290945291519165,0.6703084111213684,-0.15589997172355652,0.4511011838912964,-0.9023603200912476,0.7824196815490723,-0.3015059530735016,-0.009085049852728844,-0.4169427752494812,0.31628289818763733,0.09361138939857483,-0.32198190689086914,0.20526666939258575,-0.06206902489066124,0.15959608554840088,-0.08556686341762543,0.20100250840187073,-0.7835509181022644,-0.05165106803178787,-0.08734461665153503,-0.20977047085762024,0.13191469013690948,-0.42279666662216187,0.39816710352897644,-0.7296127080917358,0.5981791019439697,0.16209152340888977,0.44134390354156494,-0.33941444754600525,0.8034456372261047,-0.047768205404281616,0.15019352734088898,0.31560274958610535,-0.31798598170280457,0.12998586893081665,-0.035902682691812515,-0.05613172426819801,-0.10078927129507065,-0.40879181027412415,0.14030088484287262,-0.3388303518295288,-0.007230294868350029,0.5730000734329224,-0.24514982104301453,0.20980247855186462,-0.2615355849266052,-0.13561053574085236,0.16687428951263428,0.2887731194496155,-0.7219271659851074,0.0033409351017326117,-0.07757692784070969,0.14655038714408875,-0.44338375329971313,-0.1777365654706955,-0.35750579833984375,-0.30040058493614197,0.5234237909317017,-0.21521779894828796,-0.26542970538139343,0.13799415528774261,-0.1883212924003601,-0.23983897268772125,0.050018373876810074,-0.5682423114776611,0.5797030925750732,0.22466398775577545,0.40561211109161377,0.264193594455719,0.18885287642478943,-0.3475662171840668,-0.19780604541301727,0.14363066852092743,-0.42837440967559814,-0.2413175255060196,-0.3652287721633911,-0.2728923261165619,0.18743398785591125,-0.2951846420764923,-0.3410434126853943,0.38770103454589844,-0.11034239828586578,-0.2886926531791687,-0.4533216953277588,-0.007456948980689049,-0.22530287504196167,-0.05809713900089264,0.09551756083965302,-0.6246598362922668,0.38036051392555237,0.03399641811847687,0.29444822669029236,-0.1132175624370575,0.036427244544029236],""gru.bias_ih"":[0.18450897932052612,0.1106429398059845,-0.1521361768245697,0.3987397253513336,0.08968334645032883,0.17080822587013245,-0.07916451245546341,0.02150609903037548,-0.46259936690330505,-0.41284534335136414,-0.6114014983177185,0.37113824486732483,-1.0539578199386597,0.3184276223182678,-0.6970422863960266,-0.027947071939706802,-0.17810499668121338,-0.08751805871725082,0.04355527088046074,0.26833677291870117,0.08163771033287048,-0.15252646803855896,0.38175705075263977,-0.2119142860174179],""gru.bias_hh"":[-0.06099815294146538,0.39737406373023987,-0.22286447882652283,0.19167307019233704,-0.07436725497245789,0.21138083934783936,0.20859746634960175,0.3377487063407898,-0.14807987213134766,-0.6467607021331787,-0.2964067757129669,0.41534939408302307,-1.1212241649627686,0.761630117893219,-0.44743087887763977,0.04739817976951599,0.07239557057619095,0.06701761484146118,-0.23174187541007996,-0.3687237501144409,-0.27328622341156006,0.02359105832874775,-0.034033048897981644,0.13308213651180267],""head.weight"":[-0.2415737807750702,0.35958778858184814,-0.5130196809768677,0.7253767848014832,0.7300945520401001,-0.17550203204154968,-0.2337954044342041,0.3117937445640564],""head.bias"":[0.059710174798965454]}"
840510,GRU_8,240,321,0.5218360543251037,4.2749863789998415,"{""gru.weight_ih"":[0.08296509087085724,0.005174565128982067,-0.013615261763334274,0.48958808183670044,0.06331026554107666,0.08588714152574539,-0.2108713537454605,-1.4610415697097778,-0.2295396476984024,-0.17570433020591736,0.9416244626045227,-0.19941483438014984,-0.5275925397872925,-0.852710485458374,-0.3386882543563843,-0.19280000030994415,0.16040955483913422,-0.3501965403556824,0.09966249763965607,-0.29461950063705444,0.26318851113319397,-0.4169696569442749,-1.4216068983078003,0.05106902867555618,-0.23429889976978302,-0.26035815477371216,0.3769160509109497,0.1667633205652237,-0.2771957814693451,0.16203829646110535,-0.13373810052871704,-0.8037678003311157,0.07557491213083267,0.22873172163963318,-1.2194130420684814,-0.22844569385051727,0.0016986815026029944,-0.7266802787780762,-0.025810454040765762,0.2508077025413513,0.5374870896339417,0.46902692317962646,0.5360849499702454,-0.36387598514556885,-0.7109368443489075,-0.6846008896827698,-0.7889885306358337,0.3009346127510071,-0.31190139055252075,-0.3626444935798645,-0.0924673080444336,0.8553362488746643,-0.04183031991124153,0.40261268615722656,-0.6144025325775146,-0.34109383821487427,-0.14482320845127106,0.5482189655303955,-0.47492337226867676,-0.3220011591911316,0.7959450483322144,0.1793013960123062,0.3172973692417145,0.1175156980752945,0.003377150511369109,0.4934498369693756,-0.26876407861709595,0.5323572158813477,-0.29434934258461,0.44439947605133057,0.3580414652824402,-0.1872069239616394],""gru.weight_hh"":[0.3611077070236206,0.4757348895072937,0.24102535843849182,0.07184422016143799,-0.01160352397710085,0.08863445371389389,-0.28438788652420044,0.45719239115715027,-0.41580915451049805,-0.04470187798142433,-0.2721206843852997,0.004601791501045227,0.1972418874502182,0.5437402725219727,-0.15740150213241577,-0.07060446590185165,-0.27249670028686523,0.6448445320129395,-0.5467541813850403,0.0765119194984436,0.05524681881070137,-0.323973149061203,-0.19974684715270996,0.017647085711359978,-0.2692306637763977,0.2872324287891388,-0.07460026443004608,-0.9296340346336365,0.0012921022716909647,-0.1609499305486679,0.2677961587905884,-0.354227215051651,0.2365838587284088,0.3889886736869812,0.09004440158605576,-0.2173013687133789,0.17437341809272766,-0.29821670055389404,-0.19916629791259766,-0.03422423079609871,0.16469572484493256,-0.018399590626358986,0.422206312417984,0.050262026488780975,-0.09901668131351471,0.06510362029075623,-0.09496463090181351,0.07925765216350555,-0.06561169028282166,-0.016331655904650688,0.27909979224205017,0.003679621731862426,-0.02419421263039112,-0.07322422415018082,0.25813037157058716,0.08432801067829132,0.30616316199302673,0.12838999927043915,-0.08904853463172913,0.7397736310958862,-0.31600821018218994,-0.3487725257873535,0.19785133004188538,0.3324299156665802,-0.003525752807036042,0.07355041801929474,-0.20019805431365967,0.8115220665931702,0.15990884602069855,0.09623153507709503,-0.3341553211212158,0.6054736375808716,0.6686578989028931,-0.2824766933917999,0.4407385587692261,0.8831606507301331,-0.329542875289917,0.38078024983406067,-0.1523619443178177,0.17033450305461884,-0.01899578981101513,0.15280623733997345,-0.043897636234760284,0.7525777220726013,-0.057832252234220505,0.06774892657995224,-0.456332266330719,0.9368433952331543,0.027343135327100754,-0.010208099149167538,0.35954296588897705,-0.3805609345436096,0.022355826571583748,0.10905932635068893,-0.1378132551908493,0.11522863060235977,1.0857099294662476,-0.8793153166770935,-0.14143836498260498,1.029863953590393,-0.2987821102142334,0.4250062108039856,-0.8234249353408813,0.6443995237350464,-0.48657289147377014,0.1072254404425621,-0.5272468328475952,0.29779186844825745,0.13569135963916779,-0.44139960408210754,0.21072328090667725,0.06290838122367859,0.2445879727602005,-0.1349112093448639,0.29249027371406555,-0.9374893307685852,-0.12357575446367264,-0.05846577137708664,-0.14521563053131104,-0.14607220888137817,-0.48385554552078247,0.5071302652359009,-0.9065489768981934,0.819023072719574,0.2833259105682373,0.24365173280239105,-0.5238754153251648,1.06293785572052,-0.04447462037205696,0.14500465989112854,0.2976492643356323,-0.2323051244020462,0.15112926065921783,-0.042525630444288254,-0.06472219526767731,-0.11362285912036896,-0.29798611998558044,0.1559474915266037,-0.18733511865139008,-0.3402564227581024,0.5188272595405579,0.030728977173566818,0.217590793967247,-0.3440279960632324,-0.11996236443519592,0.13133913278579712,0.33529579639434814,-0.7516438364982605,-0.02616032026708126,-0.04830591380596161,0.17171885073184967,-0.5397952795028687,-0.20311029255390167,-0.4181295931339264,-0.2951548397541046,0.8683343529701233,-0.2688254117965698,-0.41159796714782715,0.1707921028137207,-0.15810242295265198,-0.1467098742723465,0.04113798215985298,-0.4618731737136841,0.47945329546928406,0.17164607346057892,0.470174640417099,0.2870940864086151,0.13443197309970856,-0.34149640798568726,0.0731593444943428,0.13406306505203247,-0.7714964151382446,-0.1033095046877861,-0.2972871661186218,-0.3104420304298401,0.21082063019275665,-0.2904183268547058,-0.3731195628643036,0.4159288704395294,-0.08997002989053726,-0.3146129548549652,-0.4596065580844879,-0.005419014487415552,-0.2536240816116333,-0.057065099477767944,0.12502558529376984,-0.6304854154586792,0.2926775813102722,0.049502018839120865,0.30432358384132385,-0.12994977831840515,0.09691794961690903],""gru.bias_ih"":[0.096133753657341,0.08840427547693253,-0.20762333273887634,0.4629736542701721,-0.10591527819633484,0.3963656425476074,-0.05899075046181679,-0.14257444441318512,-0.4557112753391266,-0.4911436140537262,-0.6390137076377869,0.5094780325889587,-1.2104754447937012,0.587083101272583,-0.7082597613334656,0.11157982051372528,-0.18966048955917358,-0.08586038649082184,0.03174804151058197,0.2858569622039795,0.11095017939805984,-0.14386223256587982,0.37995946407318115,-0.21534335613250732],""gru.bias_hh"":[-0.14937332272529602,0.3751353621482849,-0.27835166454315186,0.2559070587158203,-0.2699658274650574,0.43693822622299194,0.2287711352109909,0.17366816103458405,-0.14119166135787964,-0.7250590920448303,-0.3240188956260681,0.5536888837814331,-1.27774178981781,1.030285358428955,-0.4586482346057892,0.1869250386953354,0.05877264216542244,0.07492273300886154,-0.22891011834144592,-0.3617318868637085,-0.2549070119857788,0.03376340493559837,-0.0363023467361927,0.11585254967212677],""head.weight"":[-0.26630181074142456,0.4550394117832184,-0.5846307277679443,0.750684916973114,0.8782060146331787,-0.17240294814109802,-0.23924677073955536,0.3416779041290283],""head.bias"":[0.06411619484424591]}"
840511,SENSORY_SITE,60,4,0.5990933179855347,0.8425835389999463,"{""raw"":[2.470397472381592,0.5030374526977539,-0.23359918594360352,-0.5109110474586487]}"
840511,SENSORY_SITE,120,4,0.5772529006004333,1.677724078999944,"{""raw"":[2.3645272254943848,0.8901588320732117,-0.22041253745555878,-0.5862501263618469]}"
840511,SENSORY_SITE,240,4,0.6040279865264893,3.345791997999811,"{""raw"":[2.313621759414673,1.4542536735534668,-0.28943273425102234,-0.6408984065055847]}"
840511,OUTPUT_SITE,60,4,0.6494011282920837,0.8390718330000198,"{""raw"":[2.2297120094299316,0.6761165261268616,0.17755797505378723,-0.4763782024383545]}"
840511,OUTPUT_SITE,120,4,0.6353595554828644,1.6757905810000864,"{""raw"":[1.7540454864501953,1.0633666515350342,0.33210834860801697,-0.38990986347198486]}"
840511,OUTPUT_SITE,240,4,0.5911478459835052,3.344135582000206,"{""raw"":[1.2503148317337036,1.6424546241760254,0.29947629570961,-0.030723026022315025]}"
840511,NO_FEEDBACK,60,4,0.6905392110347748,0.8266428730000825,"{""raw"":[2.225494861602783,0.7200191617012024,0.1363939493894577,-0.09634191542863846]}"
840511,NO_FEEDBACK,120,4,0.6474615871906281,1.6254812100000038,"{""raw"":[1.6985441446304321,1.1027557849884033,0.20225687325000763,-0.12380371242761612]}"
840511,NO_FEEDBACK,240,4,0.5910261511802674,3.2409081729999514,"{""raw"":[1.1879907846450806,1.728480577468872,0.12392006069421768,-0.20113269984722137]}"
840511,GENERIC_RNN,60,4,0.6586488962173462,0.6765227040000354,"{""raw"":[0.5502456426620483,0.6524173021316528,0.041929200291633606,0.32212889194488525]}"
840511,GENERIC_RNN,120,4,0.6787038683891297,1.3226481670000112,"{""raw"":[0.7586060166358948,0.8445665240287781,0.0925065279006958,0.46608343720436096]}"
840511,GENERIC_RNN,240,4,0.6166870713233947,2.621630287999807,"{""raw"":[0.869025468826294,1.1258198022842407,0.17612004280090332,0.46329742670059204]}"
840511,GRU_8,60,321,0.5939380377531052,1.0665054590001262,"{""gru.weight_ih"":[-0.4481583833694458,0.05564625561237335,0.13790857791900635,0.10983186960220337,-0.37207555770874023,0.16842953860759735,0.052894286811351776,0.22952941060066223,-0.17187686264514923,0.34824666380882263,-0.04148620367050171,-0.26623690128326416,-0.2740200459957123,-0.6550262570381165,0.22810125350952148,-0.08382998406887054,0.14572228491306305,-0.2630358636379242,-0.5340819954872131,0.048234086483716965,0.2840908467769623,0.10171974450349808,-0.22318339347839355,-0.43599268794059753,0.26909029483795166,-0.18670187890529633,-0.5704683065414429,-0.14304094016551971,0.0637296810746193,0.5831287503242493,0.018770992755889893,-0.11552111059427261,0.1542227417230606,-0.5668352246284485,-0.21595075726509094,0.29157784581184387,-0.05080658942461014,-0.6507028937339783,0.44288620352745056,0.2501395344734192,-0.7346810698509216,-0.5709359645843506,-0.2805221974849701,-0.4164777398109436,0.15407845377922058,0.2788981795310974,-0.4354570209980011,-0.08846918493509293,0.44634342193603516,-0.2687205672264099,-0.10312758386135101,-0.17985540628433228,-0.0955849140882492,0.04047580435872078,0.0012942927423864603,0.4048357903957367,-0.16855259239673615,-0.1906985491514206,-0.34735995531082153,-0.17206768691539764,-0.5486235022544861,-0.11564022302627563,-0.009913958609104156,-0.6191056966781616,0.3591781258583069,0.12101853638887405,0.48176154494285583,0.36376306414604187,0.30265626311302185,0.4908927381038666,-0.17220553755760193,0.30565738677978516],""gru.weight_hh"":[0.2992522120475769,-0.23935920000076294,-0.30543386936187744,-0.3940117061138153,0.15945084393024445,0.26994481682777405,0.05651880428195,-0.11155533045530319,-0.12564535439014435,0.09427927434444427,0.5041359066963196,0.38496580719947815,-0.3366115391254425,0.08401694893836975,0.19757352769374847,0.001663688919506967,-0.15480613708496094,0.11010366678237915,-0.2790125906467438,-0.2008553296327591,-0.023208633065223694,0.15637455880641937,-0.13053031265735626,-0.3357792794704437,0.09443611651659012,0.08089423924684525,0.17566733062267303,0.04076498746871948,-0.3373490571975708,-0.5035184621810913,-0.09838350117206573,-0.257284939289093,-0.06660659611225128,0.2930697500705719,-0.10919277369976044,-0.1321716159582138,-0.20327939093112946,0.37537646293640137,-0.26726752519607544,-0.39977261424064636,0.2981100380420685,0.1918814778327942,-0.06534422188997269,-0.3333433270454407,-0.21682921051979065,0.07324133068323135,0.007042425684630871,0.009272764436900616,0.052313558757305145,0.007749201264232397,-0.2827332317829132,0.08146895468235016,0.009613651782274246,0.13690495491027832,-0.028801681473851204,0.4156111776828766,0.0057226307690143585,-0.14270469546318054,0.27281028032302856,0.2014746218919754,0.37850791215896606,-0.2694668471813202,0.03172820433974266,0.12217927724123001,-0.33351564407348633,0.2876734733581543,-0.03118077851831913,0.14391180872917175,-0.09893320500850677,0.3907305896282196,-0.6723524928092957,-0.24799329042434692,0.4630243480205536,0.36344242095947266,-0.464076966047287,-0.3780888020992279,-0.1708832085132599,0.028452502563595772,-0.08953537791967392,-0.2082088589668274,-0.28586962819099426,-0.3799327313899994,-0.04461035132408142,-0.1187543272972107,0.5382072329521179,0.0865396112203598,-0.5231321454048157,-0.2226748764514923,0.02860366925597191,-0.24714535474777222,0.20958998799324036,-0.12241567671298981,-0.5982662439346313,-0.7550756335258484,0.023138556629419327,0.010402007959783077,0.5176328420639038,0.06765051186084747,0.07550656795501709,-0.5501602292060852,-0.6655184626579285,-0.3623379170894623,0.7191919088363647,0.13837279379367828,-0.40861448645591736,0.03123084083199501,-0.27892613410949707,0.03170447051525116,-0.17554393410682678,0.44825881719589233,-0.4562435746192932,-0.6484764218330383,0.2541234493255615,0.06876857578754425,-0.3463132679462433,-0.8518368601799011,-0.7964218854904175,-0.36713412404060364,-0.07271388918161392,0.12415818125009537,0.32721903920173645,0.41287508606910706,-0.28541478514671326,-0.04667998105287552,-0.1623290628194809,0.3014741539955139,-0.6147434711456299,-0.155593141913414,0.2272564321756363,0.26842355728149414,0.029691854491829872,-0.025265097618103027,-0.06332908570766449,-0.3615191578865051,0.4903433620929718,0.06379707902669907,-0.29100316762924194,0.18565794825553894,0.13588614761829376,-0.19404470920562744,-0.17872336506843567,0.17616797983646393,-0.4538194239139557,-0.3526502251625061,0.19969996809959412,0.31116044521331787,-0.2938739061355591,0.28528544306755066,0.04408055543899536,-0.06768262386322021,-0.5323238968849182,0.17450836300849915,0.028739627450704575,0.3361581563949585,0.11493688076734543,-0.1077118068933487,-0.3441240191459656,0.5286962389945984,-0.014928482472896576,-0.07691711187362671,0.0943632423877716,-0.014573932625353336,-0.03902648016810417,0.26150017976760864,0.1134716272354126,0.18344400823116302,0.038948774337768555,-0.3175000250339508,-0.36791765689849854,0.02617933228611946,-0.223613902926445,-0.2704232335090637,0.3323615491390228,0.37600332498550415,0.07172584533691406,0.05165467783808708,0.4159500002861023,0.2603861689567566,-0.12092731148004532,-0.21384620666503906,-0.1419965773820877,0.028273630887269974,0.2033923715353012,-0.28105759620666504,0.2867994010448456,-0.22693312168121338,0.386704683303833,-0.17014168202877045,-0.22929812967777252,-0.4667665660381317,0.4283045530319214,0.305168092250824],""gru.bias_ih"":[-0.2154378741979599,-0.1911538690328598,0.15501776337623596,0.31786853075027466,-0.00832491833716631,-0.2889145612716675,0.24649576842784882,0.23384858667850494,-0.24018977582454681,-0.4885084629058838,-0.15437857806682587,-0.10044198483228683,-0.4286593496799469,-0.07724922895431519,-0.15451130270957947,-0.3318878710269928,-0.07501646131277084,-0.012654416263103485,0.03422851487994194,0.21557752788066864,0.25036731362342834,-0.23524798452854156,0.25289174914360046,0.27189964056015015],""gru.bias_hh"":[-0.361427903175354,0.11703074723482132,-0.09182339161634445,-0.2267041802406311,-0.35049915313720703,-0.12697333097457886,0.016698775812983513,0.32239681482315063,-0.43467965722084045,-0.0377345085144043,0.06431339681148529,0.30199187994003296,-0.3563099801540375,0.03544266149401665,-0.2323646992444992,-0.2250063121318817,-0.18374790251255035,-0.3366592526435852,0.29229265451431274,-0.00921962782740593,0.091573566198349,0.15833024680614471,-0.17628267407417297,-0.04187246412038803],""head.weight"":[0.3565421998500824,-0.37223854660987854,-0.1769661158323288,-0.1647426038980484,-0.32264000177383423,-0.5017659068107605,0.1387447863817215,0.2874000072479248],""head.bias"":[0.001596616581082344]}"
840511,GRU_8,120,321,0.5448477506637573,2.129017665000248,"{""gru.weight_ih"":[-0.4362374246120453,-0.1714533269405365,0.2957891821861267,0.13705170154571533,-0.5169172883033752,0.12889224290847778,0.03693724796175957,0.24505789577960968,-0.18979202210903168,0.38440096378326416,-0.15074139833450317,-0.5075189471244812,-0.29802507162094116,-0.9952092170715332,0.18919189274311066,-0.08128131926059723,0.022199129685759544,0.05461787059903145,-0.5290030241012573,-0.11252477765083313,0.38024404644966125,0.15967091917991638,-0.6160605549812317,-0.5381184816360474,0.3270045220851898,-0.3657051920890808,-0.8112837076187134,-0.12990032136440277,-0.04347677901387215,0.5183411240577698,0.03820234164595604,-0.12823815643787384,0.13884054124355316,-0.6818444728851318,-0.3041750192642212,0.47134867310523987,-0.1308460384607315,-0.8626443147659302,0.699790358543396,0.3626883327960968,-0.9172545671463013,-0.7772896885871887,-0.2690407633781433,-0.6422488689422607,0.32770901918411255,0.2770449221134186,-0.4892241656780243,-0.09197723865509033,0.4745660126209259,-0.31989043951034546,-0.18703190982341766,-0.21807409822940826,-0.07878395915031433,-0.02037985622882843,-0.029171982780098915,0.4595787823200226,-0.2705656588077545,-0.2446020096540451,-0.38570737838745117,-0.19883213937282562,-0.6026526689529419,-0.050201527774333954,0.12555822730064392,-0.6308258771896362,0.38991421461105347,0.40995243191719055,0.5108493566513062,0.4919363260269165,0.17020243406295776,0.5411372780799866,-0.19661745429039001,0.18067732453346252],""gru.weight_hh"":[0.30565115809440613,-0.259406715631485,-0.3727232813835144,-0.4314287602901459,0.1264466941356659,0.33270180225372314,0.13778714835643768,-0.0665808767080307,-0.13410016894340515,0.09668105095624924,0.5178998112678528,0.4128589630126953,-0.3297402858734131,0.08002245426177979,0.16833464801311493,-0.009136241860687733,-0.1653813272714615,0.1024291068315506,-0.268665075302124,-0.19456277787685394,-0.011227866634726524,0.1513805240392685,-0.13406334817409515,-0.3364649713039398,0.06950806081295013,0.09161649644374847,0.3125264048576355,0.11323215067386627,-0.31714552640914917,-0.47153690457344055,-0.2765861451625824,-0.30839991569519043,-0.026551395654678345,0.35275015234947205,-0.14343905448913574,-0.10324554145336151,-0.25301867723464966,0.43746593594551086,-0.2980901896953583,-0.44295939803123474,0.3041764199733734,0.14360779523849487,-0.1290629506111145,-0.4084654748439789,-0.23217055201530457,0.08646281063556671,0.1411639004945755,0.14482125639915466,-0.03128288313746452,0.04318204149603844,-0.4093683958053589,0.10049751400947571,0.0109745804220438,0.4526616334915161,-0.03121027536690235,0.40947556495666504,-0.0433899387717247,0.05349934846162796,0.2526000142097473,0.40221694111824036,0.41744816303253174,-0.1793060153722763,-0.11061352491378784,0.031167829409241676,-0.5310239195823669,0.8516252636909485,0.0001630058977752924,0.5696384906768799,0.06650847941637039,0.7210249900817871,-1.0468018054962158,-0.5382213592529297,0.7177760004997253,0.7386970520019531,-0.5648397207260132,-0.4741095304489136,-0.38048580288887024,0.09610842913389206,-0.11597798019647598,-0.3448454737663269,-0.28141510486602783,-0.31243863701820374,-0.05127524957060814,-0.12363193184137344,0.5497375130653381,0.09572518616914749,-0.5442818403244019,-0.24935884773731232,0.23327921330928802,-0.2884540557861328,0.11071038991212845,-0.344054251909256,-0.8996602892875671,-0.891208827495575,0.19420482218265533,0.07522032409906387,0.8262131214141846,-0.13718290627002716,-0.2124682366847992,-0.9028010368347168,-1.0352675914764404,-0.49685901403427124,0.9640787243843079,0.29040536284446716,-0.5799306631088257,0.5169110298156738,-0.3180442452430725,0.330769807100296,-0.07417503744363785,0.7902987599372864,-0.740378737449646,-0.9112834930419922,0.6096737384796143,0.045947056263685226,-0.6464536786079407,-1.1276698112487793,-1.2159745693206787,-0.5542421936988831,0.1254957914352417,0.13787278532981873,0.49214377999305725,0.6337541341781616,-0.4344237744808197,-0.06235821545124054,-0.326671838760376,0.4178009033203125,-0.7130350470542908,-0.24852627515792847,0.24835868179798126,0.2574632167816162,0.07295187562704086,-0.008652015589177608,-0.07480944693088531,-0.4481206238269806,0.5068299174308777,0.045921873301267624,-0.3148770332336426,0.19881555438041687,0.13379664719104767,-0.17213758826255798,-0.16402564942836761,0.2455352544784546,-0.49844124913215637,-0.37385326623916626,0.18197324872016907,0.311523973941803,-0.2728365957736969,0.3019290566444397,0.06157496199011803,-0.05450788512825966,-0.5601847171783447,0.15894684195518494,0.005889780353754759,0.35031217336654663,0.09994335472583771,-0.09205013513565063,-0.3321510851383209,0.5910704731941223,-0.04891854152083397,-0.08778317272663116,0.06959245353937149,-0.017860235646367073,-0.08164593577384949,0.2433822751045227,0.11623390763998032,0.2724415957927704,0.06091190502047539,-0.30157604813575745,-0.34999173879623413,0.03504209220409393,-0.31603294610977173,-0.3471814692020416,0.30660784244537354,0.45368489623069763,0.11016388982534409,0.11137154698371887,0.4626818597316742,0.24577508866786957,0.05125105753540993,-0.19346444308757782,-0.14297163486480713,-0.2626121938228607,0.17587915062904358,-0.3191262185573578,0.286836713552475,-0.24091807007789612,0.47126415371894836,-0.1496296525001526,-0.20639128983020782,-0.6066157817840576,0.39569705724716187,0.29617002606391907],""gru.bias_ih"":[-0.21227969229221344,-0.18058563768863678,0.16305682063102722,0.3358362317085266,-0.03398820385336876,-0.2771720290184021,0.23808333277702332,0.232235386967659,-0.26273220777511597,-0.7688788771629333,-0.21290020644664764,-0.22727325558662415,-0.5385327339172363,-0.15770871937274933,-0.2707426846027374,-0.5443691611289978,-0.050820864737033844,-0.013248223811388016,0.04052833095192909,0.2174125760793686,0.24472534656524658,-0.2763385474681854,0.27756887674331665,0.28525227308273315],""gru.bias_hh"":[-0.35826972126960754,0.1275990605354309,-0.0837843045592308,-0.2087363749742508,-0.37616246938705444,-0.11523085087537766,0.008286352269351482,0.32078367471694946,-0.457222044467926,-0.31810468435287476,0.005791767966002226,0.17516063153743744,-0.4661831855773926,-0.045016802847385406,-0.34859609603881836,-0.43748772144317627,-0.16567982733249664,-0.33840277791023254,0.3002949655056,-0.013333684764802456,0.08700165152549744,0.11427357792854309,-0.1614159792661667,-0.01906808279454708],""head.weight"":[0.40520021319389343,-0.3956199586391449,-0.18773671984672546,-0.19730956852436066,-0.3614007830619812,-0.5975639820098877,0.23305417597293854,0.3341815173625946],""head.bias"":[0.0037536676973104477]}"
840511,GRU_8,240,321,0.5554520159959793,4.2633802530000935,"{""gru.weight_ih"":[-0.38027793169021606,-0.46162059903144836,0.601014256477356,0.16579076647758484,-0.6126385927200317,0.10074469447135925,0.009105201810598373,0.26295796036720276,-0.09052197635173798,0.38790223002433777,-0.1097811907529831,-0.6102532148361206,-0.3557957410812378,-1.255334734916687,0.11445175111293793,-0.034088488668203354,-0.08573123067617416,0.5721521377563477,-0.5484064817428589,-0.4379047155380249,0.472719669342041,0.2110113501548767,-0.9257978200912476,-0.5354900360107422,0.3279287815093994,-0.5208047032356262,-0.7912507653236389,-0.11408280581235886,-0.12215922027826309,0.43336963653564453,0.09355854988098145,-0.14182530343532562,0.1678881198167801,-0.7410427331924438,-0.41532838344573975,0.6080044507980347,-0.26007598638534546,-1.1434046030044556,0.8347852230072021,0.37067046761512756,-1.0919370651245117,-0.7000349760055542,-0.2830424904823303,-0.82033371925354,0.4484812319278717,0.23970870673656464,-0.5339959859848022,0.026977142319083214,0.490291565656662,-0.40098732709884644,-0.24375632405281067,-0.2690718472003937,-0.16911402344703674,-0.02832200936973095,-0.08427324891090393,0.4860352873802185,-0.41055649518966675,-0.32207366824150085,-0.5695282220840454,-0.21027889847755432,-0.6696890592575073,0.050944358110427856,0.3713231086730957,-0.6340774297714233,0.4568619728088379,0.541436493396759,0.5738393068313599,0.6599913239479065,0.03851216658949852,0.6082150936126709,-0.08846890181303024,0.027100928127765656],""gru.weight_hh"":[0.353377103805542,-0.36978667974472046,-0.4850873053073883,-0.5485035181045532,0.05892792344093323,0.3221983313560486,0.374221533536911,0.06669895350933075,-0.14794819056987762,0.10256548970937729,0.5254877209663391,0.43597009778022766,-0.3280099332332611,0.09792585670948029,0.1453978270292282,-0.01835249736905098,-0.13757698237895966,0.04949779435992241,-0.26047995686531067,-0.20441722869873047,0.009574813768267632,0.10452541708946228,-0.10548414289951324,-0.29110124707221985,0.03438808023929596,0.10044428706169128,0.31305646896362305,0.15205076336860657,-0.2973114550113678,-0.3734697699546814,-0.450589656829834,-0.33115270733833313,-0.11412185430526733,0.4044688642024994,-0.13626739382743835,-0.030893642455339432,-0.23169170320034027,0.5090086460113525,-0.3778216242790222,-0.4798744022846222,0.28018611669540405,-0.061065301299095154,-0.21616798639297485,-0.6174299716949463,-0.1875622570514679,0.1314067542552948,0.49721166491508484,0.44177764654159546,-0.12076976895332336,0.0920516848564148,-0.4587518274784088,0.1773192137479782,0.020433221012353897,0.7422392964363098,-0.023141421377658844,0.3669240176677704,-0.04251406714320183,0.13339760899543762,0.18954944610595703,0.4681472182273865,0.38199618458747864,-0.14607678353786469,-0.17505988478660583,0.0101500628516078,-0.5404598712921143,1.2437379360198975,-0.11448315531015396,0.7407253980636597,0.048737503588199615,0.8663820624351501,-1.2665202617645264,-0.6881051659584045,0.9243731498718262,1.0111312866210938,-0.6128512024879456,-0.4709864556789398,-0.4390753209590912,0.034590043127536774,-0.24632661044597626,-0.43857747316360474,-0.20038193464279175,-0.32355567812919617,-0.0676303431391716,-0.034154944121837616,0.5695177912712097,-0.05983772873878479,-0.6191710233688354,-0.19933494925498962,0.4241316318511963,-0.25880149006843567,0.16462062299251556,-0.48908931016921997,-1.2920982837677002,-0.9834491610527039,0.44919925928115845,0.06971506029367447,1.2867305278778076,-0.18186235427856445,-0.7394397854804993,-1.1698797941207886,-1.573033332824707,-0.5401790738105774,1.0925172567367554,0.3124198913574219,-0.5656601190567017,0.7708927989006042,-0.45809391140937805,0.4717431962490082,-0.09539226442575455,0.9079256653785706,-0.9149726033210754,-0.9697623252868652,1.192905306816101,0.15658943355083466,-0.9837227463722229,-1.3291891813278198,-1.96514892578125,-0.8069281578063965,0.2845226526260376,0.03905997425317764,0.6286217570304871,0.7116891145706177,-0.5713372230529785,-0.15585015714168549,-0.3731875717639923,0.40724191069602966,-0.8420913219451904,-0.2547949552536011,0.3528529405593872,0.2527447044849396,0.06029142811894417,-0.020900052040815353,-0.2040724754333496,-0.6024438142776489,0.5937498211860657,0.048076145350933075,-0.3313044607639313,0.21531005203723907,0.13717135787010193,-0.14341939985752106,-0.14835993945598602,0.28902605175971985,-0.5461663007736206,-0.39210137724876404,0.177073135972023,0.3178398013114929,-0.2319776713848114,0.3311918079853058,0.07436294853687286,-0.096172034740448,-0.6082568764686584,0.14685995876789093,0.011806662194430828,0.3677222430706024,0.09984744340181351,-0.07049121707677841,-0.33646664023399353,0.6039557456970215,-0.07229750603437424,-0.09730871766805649,0.013679690659046173,-0.052192214876413345,-0.14387688040733337,0.2319876253604889,0.15581277012825012,0.3836579918861389,0.08524399250745773,-0.27819982171058655,-0.4972691535949707,0.041374459862709045,-0.3371639549732208,-0.37170058488845825,0.4826195538043976,0.707275927066803,0.0441276840865612,0.1182129830121994,0.5359488725662231,0.24303781986236572,0.13173234462738037,-0.2115122377872467,-0.18405532836914062,-0.56691974401474,0.10274939239025116,-0.3202885389328003,0.27964988350868225,-0.25494515895843506,0.5434887409210205,-0.1477370262145996,-0.2005324512720108,-0.701192319393158,0.395488977432251,0.2970539927482605],""gru.bias_ih"":[-0.16548894345760345,-0.17295923829078674,0.18181948363780975,0.34726884961128235,-0.007815789431333542,-0.16869591176509857,0.27550405263900757,0.21710443496704102,-0.4224075376987457,-0.982168436050415,-0.21661342680454254,-0.3309497535228729,-0.773582398891449,-0.20934715867042542,-0.5046553015708923,-0.6837460994720459,-0.04807140305638313,-0.014111965894699097,0.04317951202392578,0.2166374921798706,0.2824864387512207,-0.28360122442245483,0.2574879229068756,0.2893187999725342],""gru.bias_hh"":[-0.311478853225708,0.13522545993328094,-0.06502169370651245,-0.1973036825656891,-0.34999001026153564,-0.006754738278687,0.045707155019044876,0.30565255880355835,-0.6168975234031677,-0.5313941240310669,0.0020785352680832148,0.07148408144712448,-0.7012327313423157,-0.0966552123427391,-0.5825086832046509,-0.5768646597862244,-0.1708487868309021,-0.33890971541404724,0.3028944134712219,-0.017377620562911034,0.12220314145088196,0.11078401654958725,-0.1982339769601822,-0.008718617260456085],""head.weight"":[0.46222466230392456,-0.42721831798553467,-0.2107425332069397,-0.25406163930892944,-0.4200569987297058,-0.6723693609237671,0.37840723991394043,0.38618898391723633],""head.bias"":[0.00039876808295957744]}"
840512,SENSORY_SITE,60,4,0.6374580383300781,0.864798377999989,"{""raw"":[2.472583055496216,0.4892619252204895,0.24337303638458252,-0.48399725556373596]}"
840512,SENSORY_SITE,120,4,0.5995170056819916,1.699182788999849,"{""raw"":[2.3577256202697754,0.8691228628158569,0.2807902693748474,-0.5263480544090271]}"
840512,SENSORY_SITE,240,4,0.6036922991275787,3.3606481579998615,"{""raw"":[2.163810968399048,1.4415189027786255,0.4494082033634186,-0.492439866065979]}"
840512,OUTPUT_SITE,60,4,0.6439065784215927,0.860511251999867,"{""raw"":[2.1895899772644043,0.6762192845344543,-0.025413421913981438,-0.22451941668987274]}"
840512,OUTPUT_SITE,120,4,0.6502079665660858,1.694233667999896,"{""raw"":[1.7723643779754639,1.0431511402130127,-0.08072008937597275,-0.16053178906440735]}"
840512,OUTPUT_SITE,240,4,0.5508120477199554,3.366210716999774,"{""raw"":[1.2317886352539062,1.5906833410263062,-0.2115536481142044,0.3231015205383301]}"
840512,NO_FEEDBACK,60,4,0.68214111328125,0.8006685440002173,"{""raw"":[2.1889562606811523,0.7173823118209839,0.05912090092897415,0.15926814079284668]}"
840512,NO_FEEDBACK,120,4,0.6502690970897674,1.5994916290002266,"{""raw"":[1.7316654920578003,1.0740993022918701,0.07707010954618454,0.31309783458709717]}"
840512,NO_FEEDBACK,240,4,0.5785618245601654,3.2087050780002073,"{""raw"":[1.1790845394134521,1.6534711122512817,0.2369425892829895,0.5337308049201965]}"
840512,GENERIC_RNN,60,4,0.7008300423622131,0.6785460830000432,"{""raw"":[0.5637297034263611,0.6640061736106873,-0.00544501980766654,0.3383144438266754]}"
840512,GENERIC_RNN,120,4,0.6536397516727448,1.3235977880001428,"{""raw"":[0.7646435499191284,0.8887085914611816,0.11486811190843582,0.48472580313682556]}"
840512,GENERIC_RNN,240,4,0.6541114330291748,2.627374251000134,"{""raw"":[0.8787664771080017,1.1668914556503296,0.13799291849136353,0.4634714424610138]}"
840512,GRU_8,60,321,0.6349535703659057,1.0623122920000299,"{""gru.weight_ih"":[0.4964148700237274,0.05480372533202171,0.0981239452958107,0.13911162316799164,0.29398176074028015,-0.28873851895332336,-0.18291231989860535,-0.034875307232141495,-0.06159139424562454,0.14026768505573273,-0.3087767958641052,-0.00681931059807539,-0.156850203871727,0.014479126781225204,0.21857523918151855,-0.5515900254249573,-0.35430875420570374,-0.267709344625473,-0.19940122961997986,-0.6788741946220398,0.1660928577184677,-0.5676364898681641,0.31090158224105835,-0.02844749577343464,0.014627190306782722,-0.2979053258895874,-0.05871168524026871,-0.493522971868515,0.16680969297885895,0.16854065656661987,0.024062806740403175,-0.1868487447500229,0.3669643998146057,0.3561977744102478,0.0952533483505249,-0.03223390877246857,0.014726200141012669,0.516164243221283,-0.054637499153614044,-0.2982752323150635,-0.11075697839260101,0.3655523955821991,-0.09602328389883041,-0.607339084148407,-0.0016798507422208786,-0.14430655539035797,-0.4284643530845642,0.15046006441116333,0.6654790639877319,-0.20507404208183289,-0.10105788707733154,-0.17161966860294342,-0.40895313024520874,0.031073838472366333,0.6850462555885315,0.276863694190979,0.38427257537841797,0.07249630242586136,0.02593790926039219,-0.13619892299175262,0.0810413658618927,0.07573091983795166,0.047333553433418274,-0.20574061572551727,-0.3125416040420532,-0.29585379362106323,0.5487859845161438,-0.027219917625188828,0.26253142952919006,0.2735646367073059,0.18736176192760468,0.34010764956474304],""gru.weight_hh"":[0.4145742654800415,-0.21231473982334137,0.0395127609372139,0.03013988770544529,-0.031208164989948273,-0.30852392315864563,0.1366555243730545,-0.17195996642112732,0.0729142427444458,-0.1094028577208519,-0.031555142253637314,-0.2513956129550934,0.09642680734395981,0.21885360777378082,0.21371208131313324,0.4183115065097809,0.1390673667192459,0.14643977582454681,0.11363545060157776,0.23203539848327637,-0.4816226065158844,-0.4122207462787628,0.39780136942863464,-0.10703077912330627,0.42580801248550415,0.07158420234918594,0.2300492376089096,0.1513153612613678,0.0168518777936697,0.15208524465560913,0.23934122920036316,0.27049779891967773,-0.3660314083099365,-0.07061178237199783,-0.3569609224796295,-0.4353100657463074,-0.2301643341779709,0.14453062415122986,0.028803793713450432,0.039880067110061646,-0.16192220151424408,-0.21032659709453583,-0.276769757270813,-0.13433782756328583,-0.06558423489332199,0.0352616012096405,-0.23573721945285797,0.30734941363334656,-0.21076275408267975,-0.10792548209428787,-0.10655581951141357,-0.03548813983798027,0.0726483017206192,-0.2565111219882965,-0.33488011360168457,0.1957666128873825,-0.3287973403930664,0.3616245985031128,0.01820260100066662,-0.007664491888135672,-0.01843675784766674,-0.008090655319392681,-0.10190292447805405,-0.2799636423587799,-0.44263705611228943,0.5807381868362427,-0.2002873420715332,-0.07799076288938522,-0.22280752658843994,-0.3877027630805969,-0.446442186832428,-0.4182979464530945,0.43334680795669556,-0.34613698720932007,0.4931650459766388,0.24658165872097015,0.5187568068504333,-0.03663799911737442,0.27183014154434204,0.011540934443473816,-0.31748270988464355,0.3579126000404358,0.020657150074839592,0.24381348490715027,-0.269140362739563,-0.6375775337219238,-0.09576530754566193,0.3314945697784424,0.1913118213415146,-0.1045595034956932,-0.08939354866743088,-0.18401174247264862,0.17679139971733093,0.21802149713039398,0.3324168026447296,0.20717833936214447,0.10000008344650269,0.13791228830814362,0.31682103872299194,-0.11889895051717758,0.06133232265710831,0.474909245967865,-0.13024868071079254,-0.04294365271925926,0.5993508696556091,-0.1897999793291092,0.01856112852692604,0.061645813286304474,-0.5336997509002686,0.10590416193008423,0.46113792061805725,-0.06047951802611351,0.07104849070310593,0.5203980803489685,-0.10387968271970749,0.28894850611686707,-0.7706595659255981,-0.3426090478897095,0.11084911972284317,0.14109471440315247,0.10382236540317535,0.02584914118051529,0.014982974156737328,-0.06164419651031494,-0.44494733214378357,-0.5987922549247742,0.44161131978034973,0.4725306034088135,0.15470707416534424,-0.16073034703731537,0.3611481785774231,-0.1107950434088707,0.3174252510070801,-0.05196112394332886,0.5032690167427063,-0.1095418855547905,-0.19837266206741333,-0.2636503577232361,-0.30561739206314087,0.09220598638057709,0.37902751564979553,0.30113840103149414,-0.11659309267997742,-0.31509119272232056,0.0008879442466422915,-0.08529871702194214,-0.10407350957393646,0.3695444166660309,0.2938627004623413,0.11150873452425003,0.08568805456161499,-0.11100439727306366,-0.09140671044588089,0.04113876819610596,-0.04829520732164383,0.050028204917907715,0.2700783312320709,-0.17514343559741974,-0.39600855112075806,-0.02755720354616642,0.08724459260702133,-0.13656647503376007,-0.07813574373722076,0.4680251479148865,-0.1432313770055771,-0.16270498931407928,0.4693355858325958,-0.07193125039339066,0.037124358117580414,-0.20772498846054077,-0.12456801533699036,-0.22193428874015808,-0.0784444808959961,-0.04215231165289879,-0.48600897192955017,-0.12327428162097931,0.37533918023109436,0.2560119032859802,0.3011157810688019,0.046927906572818756,-0.1040436252951622,0.12263064831495285,0.31417936086654663,0.11635357141494751,-0.02805894799530506,0.30074477195739746,0.01186771597713232,-0.0926404669880867,-0.10864230245351791,0.29517579078674316,0.1911051720380783,-0.21983931958675385],""gru.bias_ih"":[-0.20050249993801117,-0.06660108268260956,-0.19231145083904266,-0.15881726145744324,-0.17938227951526642,0.1782122105360031,0.25497525930404663,-0.3135538101196289,-0.7467658519744873,-0.003666925709694624,-0.5798507928848267,0.5509949326515198,-0.12015550583600998,-0.3361283838748932,-0.22383300960063934,-0.21265165507793427,-0.11873243749141693,-0.32356444001197815,0.21001607179641724,0.15708589553833008,0.3669965863227844,0.21129587292671204,-0.04895761236548424,0.17237251996994019],""gru.bias_hh"":[0.39022883772850037,-0.019261516630649567,-0.293574720621109,0.30919626355171204,0.029997773468494415,-0.07712552696466446,-0.061823051422834396,-0.30279892683029175,-0.5791500210762024,-0.10589585453271866,-0.11846631020307541,0.03802570700645447,0.18311937153339386,-0.3587280511856079,-0.3392312228679657,-0.34880387783050537,0.38530924916267395,-0.3351614773273468,-0.08470501005649567,-0.362170934677124,-0.24715568125247955,0.1919616460800171,-0.18567512929439545,-0.30269578099250793],""head.weight"":[0.3020556569099426,-0.202956885099411,0.1761782020330429,-0.017969992011785507,0.11427071690559387,-0.25615859031677246,0.3977201581001282,0.37053221464157104],""head.bias"":[-0.08012891560792923]}"
840512,GRU_8,120,321,0.5783990561962128,2.130130876000095,"{""gru.weight_ih"":[0.5598995685577393,-0.09660235792398453,0.057096902281045914,0.12075033038854599,0.12384060770273209,-0.34574493765830994,-0.18681740760803223,0.03413501754403114,0.0650525912642479,0.17266550660133362,-0.16914191842079163,0.41950592398643494,-0.20410950481891632,-0.09247972816228867,0.39267057180404663,-0.6044608950614929,-0.5511112213134766,-0.07296755164861679,-0.2599408030509949,-1.1790108680725098,0.2914125621318817,-0.6515220403671265,0.3715169429779053,-0.04596645012497902,0.04652833938598633,-0.524928867816925,-0.429518461227417,-0.6022878289222717,0.09428846091032028,0.5129953026771545,0.041308216750621796,-0.4011337459087372,0.4805256128311157,0.2739238142967224,-0.3074912130832672,-0.02743016928434372,0.005037280730903149,0.4512086808681488,-0.04960692301392555,-0.39222338795661926,-0.22984245419502258,0.5395448803901672,-0.08196257799863815,-0.8379666805267334,0.15528042614459991,-0.1378396451473236,-0.6677732467651367,0.3413989245891571,0.7445544004440308,-0.18927602469921112,-0.11158756166696548,-0.2311776727437973,-0.4410903751850128,-0.10788838565349579,0.7763447165489197,0.29989728331565857,0.3852667808532715,0.07411640882492065,0.016856076195836067,-0.6004587411880493,0.12397225201129913,0.0694505125284195,-0.11413223296403885,-0.2835288941860199,-0.3450659215450287,-0.3054075837135315,0.6463474035263062,-0.022336285561323166,0.21991567313671112,0.3754117488861084,0.2057889699935913,0.4552892744541168],""gru.weight_hh"":[0.4298362731933594,-0.22531665861606598,0.047877125442028046,0.4328615963459015,0.05124751478433609,-0.2733299136161804,0.13320612907409668,-0.2090136706829071,0.05526719614863396,-0.13644753396511078,-0.04971883073449135,-0.1379116177558899,0.13531790673732758,0.27329137921333313,0.13530217111110687,0.38320192694664,0.4704154431819916,-0.23405563831329346,0.5120776891708374,0.07171671837568283,-0.20686477422714233,-0.2011561393737793,0.34591490030288696,0.12084034085273743,0.5411005020141602,-0.07150917500257492,0.3429467976093292,-0.276064932346344,0.06957806646823883,0.13685020804405212,0.4396647810935974,0.6280115246772766,-0.35793009400367737,-0.11057040840387344,-0.35757941007614136,-0.7183022499084473,-0.24005785584449768,0.16050565242767334,0.030497225001454353,0.1348041296005249,-0.1247519850730896,-0.2399439811706543,-0.2579881548881531,-0.34082451462745667,-0.07235784083604813,0.02982899732887745,-0.18174409866333008,0.440201997756958,-0.15458470582962036,-0.14530400931835175,-0.13459065556526184,-0.32496973872184753,0.054843537509441376,-0.23158417642116547,-0.2757875919342041,0.3336522579193115,-0.3656804859638214,0.37665414810180664,-0.015047779306769371,-0.23649433255195618,-0.0706988051533699,-0.009350769221782684,-0.13934503495693207,-0.2920805811882019,-0.7863556146621704,1.1653286218643188,-0.6408632397651672,0.23448988795280457,-0.592276930809021,-0.14208166301250458,-0.7874682545661926,-0.911991536617279,0.5660723447799683,-0.3727155923843384,0.6781527996063232,0.19074195623397827,0.5539093017578125,-0.274003267288208,0.5585545897483826,0.2958049476146698,-0.30727431178092957,0.48995572328567505,0.009870306588709354,0.6578447222709656,-0.35331791639328003,-0.919970691204071,0.12849080562591553,0.42241036891937256,0.2620790898799896,-0.3502480685710907,-0.013312656432390213,0.05774606391787529,0.3419007360935211,0.5809342265129089,0.2601947784423828,0.2892600893974304,0.021541055291891098,0.5024999380111694,0.14391180872917175,0.07778434455394745,-0.15634799003601074,0.44487956166267395,-0.12146618217229843,-0.2538689970970154,0.6899213194847107,-0.08596497774124146,0.07701434940099716,0.3058316707611084,-0.5243611931800842,-0.2486593872308731,0.7092496752738953,0.06877433508634567,0.11364815384149551,0.6291272640228271,-0.08486343920230865,0.5155457854270935,-0.852458655834198,-0.6243158578872681,0.3201689124107361,0.2657959759235382,0.23443853855133057,0.11629749089479446,0.06686820834875107,0.2127998322248459,-0.48002371191978455,-1.0470130443572998,0.7634995579719543,0.6246665120124817,0.20507240295410156,-0.18261216580867767,0.41867518424987793,0.3249841332435608,0.4118933379650116,-0.05376701429486275,0.5511937141418457,-0.11677722632884979,-0.25173020362854004,-0.23821571469306946,-0.3519332706928253,0.04031825438141823,0.3484571576118469,0.31127986311912537,-0.16979806125164032,-0.3874949514865875,0.0820695087313652,-0.11672285199165344,-0.014765449799597263,0.8100156188011169,0.394347608089447,0.08823952078819275,0.1780354380607605,-0.07347588986158371,-0.16518692672252655,0.10795202851295471,-0.11527685075998306,0.5102455019950867,0.3110004961490631,-0.10623081028461456,-0.6341936588287354,-0.38680657744407654,0.10157311707735062,-0.12087446451187134,-0.0653543546795845,0.7766859531402588,-0.11002011597156525,-0.16060537099838257,0.4684208631515503,-0.13786743581295013,0.012275701388716698,-0.20425142347812653,-0.150351881980896,-0.4178491532802582,-0.11149951070547104,-0.03362933546304703,-0.516107976436615,-0.12628591060638428,0.4385371506214142,0.24359090626239777,0.36264288425445557,0.4680842459201813,-0.014034872874617577,0.08972140401601791,0.4440479278564453,0.14432059228420258,0.03226165100932121,0.29484838247299194,0.06934285163879395,0.05021803081035614,-0.08468092978000641,0.2537772059440613,0.2746787965297699,-0.1468549519777298],""gru.bias_ih"":[-0.15891847014427185,-0.01633792743086815,0.14088118076324463,-0.09306011348962784,-0.1504955142736435,0.19229507446289062,0.31418025493621826,-0.32872819900512695,-0.7361275553703308,-0.10899234563112259,-0.8281739950180054,0.9829348921775818,-0.2940565049648285,-0.498183012008667,-0.3780701756477356,-0.4788958430290222,-0.10129258781671524,-0.3319827616214752,0.22396977245807648,0.17393805086612701,0.3774240016937256,0.19279645383358002,-0.028027880936861038,0.18330802023410797],""gru.bias_hh"":[0.4318128824234009,0.031001631170511246,0.03961793705821037,0.3749534785747528,0.05888458341360092,-0.06304271519184113,-0.002618153113871813,-0.3179733157157898,-0.5685117244720459,-0.21122123301029205,-0.3667893707752228,0.4699658751487732,0.009218399412930012,-0.5207826495170593,-0.49346843361854553,-0.6150478720664978,0.41350066661834717,-0.3469368517398834,-0.058613188564777374,-0.3607897162437439,-0.25019627809524536,0.18649844825267792,-0.1723855882883072,-0.31611084938049316],""head.weight"":[0.39044687151908875,-0.2311316877603531,0.2567853033542633,0.05476870760321617,0.15481916069984436,-0.2882242500782013,0.524911642074585,0.5143613815307617],""head.bias"":[-0.07264017313718796]}"
840512,GRU_8,240,321,0.506437999010086,4.2579159580002965,"{""gru.weight_ih"":[0.597034215927124,-0.2525428533554077,-0.1564328968524933,0.006132735405117273,-0.09333042800426483,-0.6800563931465149,-0.14044253528118134,0.13245044648647308,0.19098396599292755,0.33687880635261536,0.3800012469291687,0.3840309977531433,-0.20695330202579498,0.13593077659606934,0.6948997974395752,-0.5948238372802734,-0.6361561417579651,0.06512220203876495,-0.2297939658164978,-1.4748433828353882,0.3046201765537262,-0.7774502635002136,0.5641752481460571,0.21804045140743256,0.07143288105726242,-0.7632067799568176,-0.7209040522575378,-0.9113302826881409,-0.06511988490819931,0.5853029489517212,0.05505576357245445,-0.540874183177948,0.4049600064754486,0.17989987134933472,-0.33840593695640564,-0.056617021560668945,-5.041982512921095e-05,0.3576246500015259,-0.16680306196212769,-0.27862560749053955,-0.27327343821525574,0.7791887521743774,-0.03578004613518715,-1.1263445615768433,0.2742771506309509,0.05081417039036751,-0.8826649188995361,0.26337382197380066,0.801987886428833,-0.2568681240081787,-0.3737814426422119,-0.31555530428886414,-0.542689323425293,-0.0804286003112793,0.8655197024345398,0.30133914947509766,0.27167001366615295,0.03548901155591011,0.11527001857757568,-0.43557581305503845,0.15074416995048523,0.010722347535192966,-0.21358928084373474,-0.31525763869285583,-0.38493481278419495,-0.15467268228530884,0.7832252979278564,-0.08939682692289352,-0.024202609434723854,0.4991331100463867,0.14733584225177765,0.25949540734291077],""gru.weight_hh"":[0.31387609243392944,-0.22292906045913696,-0.11638093739748001,0.4281766712665558,-0.0036914595402777195,-0.36918357014656067,0.0446312241256237,-0.3127109110355377,-0.1564999669790268,-0.021813731640577316,-0.17221449315547943,0.21639689803123474,0.14186766743659973,0.3566901981830597,-0.099075548350811,0.15124286711215973,0.6211378574371338,-0.3913872539997101,0.6201851963996887,-0.1378358006477356,-0.30843043327331543,-0.3485795855522156,0.46759429574012756,0.2589529752731323,0.6525453329086304,-0.39924734830856323,0.43418943881988525,-0.8719286918640137,-0.09760715067386627,0.25756534934043884,0.32725611329078674,0.8190168142318726,-0.38006117939949036,-0.2099193036556244,-0.22459331154823303,-0.9721775054931641,-0.25597289204597473,0.12874063849449158,0.1271204799413681,0.38003745675086975,-0.11935678869485855,-0.3168889880180359,-0.23989638686180115,-0.7207582592964172,-0.15595373511314392,0.05218582600355148,-0.14926767349243164,0.6402559876441956,-0.5115064382553101,0.02543005347251892,-0.2590940594673157,-0.170014888048172,-0.028260206803679466,-0.43223705887794495,-0.22244830429553986,0.3505863547325134,-0.39837005734443665,0.3590567708015442,0.08411108702421188,-0.08421818166971207,0.022075869143009186,-0.04334500432014465,-0.10590037703514099,-0.16878005862236023,-1.3501332998275757,2.0111916065216064,-1.0390570163726807,0.6963823437690735,-0.5358757972717285,0.13476203382015228,-1.0637683868408203,-1.2392085790634155,0.4992869794368744,-0.694937527179718,0.9556582570075989,0.5581619739532471,0.8877092003822327,-0.14069464802742004,0.529405415058136,0.2989938259124756,-0.44273054599761963,0.5069212913513184,-0.0714954286813736,0.9564736485481262,-0.2956823408603668,-0.9619284868240356,0.026420047506690025,0.30227041244506836,0.2849590480327606,-0.41681230068206787,-0.043208468705415726,-0.2057410478591919,0.26100805401802063,0.7212231159210205,0.24585656821727753,0.32628002762794495,-0.35777756571769714,0.7370467782020569,-0.004256379324942827,0.23502279818058014,-0.3430870473384857,0.5147156715393066,-0.2698024809360504,-0.3673284947872162,0.8898356556892395,-0.1169232502579689,0.3810345530509949,0.6443644762039185,-0.12417756021022797,-0.6183643937110901,0.9778420925140381,0.21887503564357758,0.07892011851072311,0.5721409916877747,0.005955181084573269,0.6206916570663452,-0.8273748755455017,-0.7895211577415466,0.3955067992210388,0.3494054079055786,0.20643647015094757,0.2575516104698181,-0.10556921362876892,0.33730053901672363,-0.6125971078872681,-1.1523503065109253,0.7802289128303528,0.502420961856842,0.19266900420188904,-0.23092986643314362,0.2733666002750397,0.22506366670131683,0.366458535194397,-0.0276703629642725,0.4240240752696991,-0.21899300813674927,-0.3899509906768799,-0.1556522399187088,-0.34899261593818665,0.270161896944046,0.35732460021972656,0.29850125312805176,-0.1479339599609375,-0.38419508934020996,0.11817852407693863,-0.1678452342748642,-0.14721308648586273,0.7392328381538391,0.3772396743297577,0.07272611558437347,0.11983057856559753,-0.13634534180164337,-0.14698532223701477,0.10385163128376007,0.029960639774799347,1.060195803642273,0.6010792255401611,-0.15796557068824768,-0.7071540355682373,-0.4526565670967102,0.13786739110946655,-0.11570534110069275,-0.07431183010339737,0.9747070074081421,-0.041935618966817856,-0.2083786576986313,0.48252299427986145,-0.17004022002220154,-0.0032637841068208218,-0.2304883748292923,-0.13308008015155792,-0.6151288151741028,-0.16246281564235687,-0.002454993315041065,-0.5219203233718872,-0.0348704494535923,0.50428307056427,0.2112451046705246,0.22761332988739014,0.3456358313560486,-0.061501119285821915,0.06869571655988693,0.4424785375595093,0.10160662233829498,0.1184869259595871,0.29357701539993286,-0.014939429238438606,-0.16244228184223175,-0.16001836955547333,0.2589567303657532,0.28559544682502747,-0.2122463583946228],""gru.bias_ih"":[-0.21634094417095184,0.0024358853697776794,0.023591812700033188,0.03147364407777786,-0.12029800564050674,0.22180095314979553,0.1245640367269516,-0.29604676365852356,-0.5690921545028687,0.1722114235162735,-0.8473119139671326,1.1666826009750366,-0.2939883768558502,-0.4282478094100952,-0.36494988203048706,-0.7167195677757263,-0.08903735876083374,-0.3342467248439789,0.2238795906305313,0.20755362510681152,0.3858809173107147,0.1978788673877716,-0.06156007573008537,0.1759938895702362],""gru.bias_hh"":[0.3743903338909149,0.04977542534470558,-0.07767144590616226,0.49948713183403015,0.08908212184906006,-0.03353681042790413,-0.19223439693450928,-0.2852918803691864,-0.40147635340690613,0.06998254358768463,-0.38592731952667236,0.6537135243415833,0.009286527521908283,-0.4508473575115204,-0.480348140001297,-0.8528715372085571,0.42836716771125793,-0.35578861832618713,-0.06273973733186722,-0.3188107907772064,-0.2586529850959778,0.20285697281360626,-0.19565290212631226,-0.35622864961624146],""head.weight"":[0.4756753146648407,-0.2366805225610733,0.297418475151062,0.0943121537566185,0.17830894887447357,-0.3006742000579834,0.6273172497749329,0.5901252627372742],""head.bias"":[-0.07440438121557236]}"
840513,SENSORY_SITE,60,4,0.6160066962242127,0.8645516670000859,"{""raw"":[2.4716074466705322,0.4564600884914398,-0.2297418862581253,-0.502050518989563]}"
840513,SENSORY_SITE,120,4,0.5952786564826965,1.6990557080001167,"{""raw"":[2.380841016769409,0.8485609889030457,-0.29395565390586853,-0.5543879866600037]}"
840513,SENSORY_SITE,240,4,0.5956291317939758,3.3609444230001486,"{""raw"":[2.2033236026763916,1.3516509532928467,-0.307679146528244,-0.6785123348236084]}"
840513,OUTPUT_SITE,60,4,0.694504976272583,0.8362965050000071,"{""raw"":[2.206598997116089,0.7423568367958069,0.01113075576722622,-0.32065314054489136]}"
840513,OUTPUT_SITE,120,4,0.6621206343173981,1.6714456710001002,"{""raw"":[1.724939227104187,1.0798754692077637,-0.2889586091041565,-0.25299397110939026]}"
840513,OUTPUT_SITE,240,4,0.5581421345472336,3.3528770040000495,"{""raw"":[1.058349609375,1.639474630355835,-0.5413683652877808,0.3362952470779419]}"
840513,NO_FEEDBACK,60,4,0.7152928113937378,0.798098952999851,"{""raw"":[2.200957775115967,0.6976186633110046,-0.024027151986956596,-0.015109121799468994]}"
840513,NO_FEEDBACK,120,4,0.629213297367096,1.628156957000101,"{""raw"":[1.7082983255386353,1.078398585319519,-0.20174415409564972,0.2451532781124115]}"
840513,NO_FEEDBACK,240,4,0.6114069044589996,3.230456536999668,"{""raw"":[1.109435796737671,1.7395031452178955,-0.07661084830760956,0.33479294180870056]}"
840513,GENERIC_RNN,60,4,0.7083938539028167,0.6565412079999646,"{""raw"":[0.5345823168754578,0.6444800496101379,-0.09545116126537323,0.3100028932094574]}"
840513,GENERIC_RNN,120,4,0.6536484479904174,1.339064794000251,"{""raw"":[0.7015758156776428,0.8208217620849609,-0.08701642602682114,0.3894664943218231]}"
840513,GENERIC_RNN,240,4,0.6553313255310058,2.6375244589996214,"{""raw"":[0.855801522731781,1.1169428825378418,-0.11944562196731567,0.4210582971572876]}"
840513,GRU_8,60,321,0.6198351919651032,1.0720294540001305,"{""gru.weight_ih"":[-0.5006777048110962,0.2877325117588043,0.39293935894966125,-0.43898579478263855,0.007325055077672005,-0.029668280854821205,0.13361243903636932,0.0550641231238842,0.24089489877223969,-0.19540907442569733,-0.01465432159602642,-0.24971400201320648,-0.24518294632434845,-0.07636846601963043,0.37803176045417786,0.028120681643486023,0.1785861849784851,-0.024584030732512474,0.028430338948965073,0.5797904133796692,-0.21175667643547058,-0.4440658688545227,-0.5304983258247375,0.07072634994983673,-0.08650773018598557,-0.3430536687374115,0.3157603442668915,0.229434996843338,-0.05839788168668747,-0.5007891058921814,-0.2952060401439667,-0.07697458565235138,0.14374427497386932,0.353549063205719,-0.4582357108592987,-0.3933080732822418,0.32423099875450134,-0.09607259184122086,-0.11161306500434875,0.041629858314991,-0.15869882702827454,-0.5683496594429016,0.2791954278945923,-0.3721601963043213,-0.3548262119293213,-0.3582463264465332,-0.270133912563324,0.45284712314605713,0.5299443006515503,0.02074206806719303,-0.2653380036354065,-0.3008818030357361,0.5144098401069641,0.007501314394176006,0.47799038887023926,0.0789327472448349,0.17861251533031464,0.5339059829711914,-0.31205910444259644,0.17474469542503357,-0.47691309452056885,0.33640480041503906,-0.01654771901667118,0.2776165008544922,-0.17548535764217377,0.31802141666412354,-0.4397721588611603,0.08449529111385345,-0.2957090437412262,-0.3208754062652588,-0.22186607122421265,-0.2771018147468567],""gru.weight_hh"":[-0.40039747953414917,-0.12751555442810059,0.12961840629577637,0.03269360587000847,-0.11340130865573883,-0.10502881556749344,0.40127813816070557,-0.0764637440443039,-0.3278493583202362,-0.05041544511914253,-0.13121624290943146,-0.5025672912597656,-0.012892965227365494,0.14952339231967926,0.4904141426086426,-0.05413530766963959,0.30013322830200195,-0.25165191292762756,0.24532510340213776,0.19048206508159637,0.13380375504493713,-0.003883466124534607,-0.32140660285949707,0.09590481966733932,0.035184748470783234,0.19454878568649292,-0.039710883051157,-0.2060336321592331,-0.2803462743759155,0.20181480050086975,0.17982524633407593,0.22722826898097992,-0.017030106857419014,-0.05782027542591095,-0.00902434904128313,0.20008395612239838,-0.0926857739686966,0.49653512239456177,-0.32643184065818787,-0.36886894702911377,0.1830064058303833,0.41345182061195374,0.014359933324158192,0.10210056602954865,-0.08682305365800858,0.034865736961364746,0.5103599429130554,-0.05752965435385704,-0.16053460538387299,-0.06487026065587997,0.2322814166545868,0.2822708487510681,0.07052277773618698,-0.21842503547668457,0.027437826618552208,-0.11114421486854553,-0.13316260278224945,0.1897488832473755,-0.05512598156929016,0.2860775887966156,0.27812662720680237,-0.00024020401178859174,0.03547637537121773,0.11351388692855835,0.10700953006744385,0.2798280119895935,-0.2526836097240448,-0.02047952637076378,-0.124384306371212,-0.016936730593442917,-0.2086176723241806,-0.18455955386161804,-0.147981196641922,0.6126153469085693,-0.40637534856796265,-0.6089853644371033,-0.06983008980751038,-0.5361260175704956,0.22544503211975098,0.14600029587745667,0.6285080909729004,-0.08756258338689804,0.16376355290412903,-0.275868684053421,-0.29224860668182373,0.4946042597293854,-0.48288482427597046,-0.19938518106937408,0.11060970276594162,0.5789578557014465,-0.49019065499305725,-0.5261251926422119,-0.134968563914299,-0.2266203910112381,0.6431255340576172,-0.2717168927192688,-0.3069946765899658,0.4464690685272217,0.2508779764175415,-0.022787921130657196,0.15507210791110992,0.10019536316394806,0.05823964625597,-0.13382749259471893,0.5425289273262024,0.369498610496521,-0.4313623309135437,-0.07552488893270493,0.006346324924379587,0.0756739005446434,0.4116894006729126,-0.7459499835968018,0.015120010823011398,0.2742319405078888,-0.3597855567932129,-0.47559604048728943,0.05640557408332825,-0.04655224457383156,0.14218474924564362,-0.4069080352783203,0.47485843300819397,0.3198450803756714,0.4486089050769806,0.3684442937374115,-0.3982377052307129,0.25463929772377014,-0.5253902077674866,-0.6415761709213257,0.07916327565908432,0.0705813616514206,-0.23070672154426575,0.2031201720237732,-0.28934359550476074,-0.38959968090057373,0.1255158632993698,0.00493193231523037,-0.387540727853775,0.15192250907421112,0.1985771209001541,-0.19031600654125214,0.09836113452911377,-0.1115003451704979,0.19181117415428162,0.22062775492668152,0.02937738038599491,0.050769973546266556,0.32068443298339844,0.15022903680801392,-0.005790041293948889,-0.05024224892258644,-0.5433319807052612,0.15388897061347961,-0.04684676602482796,0.19850997626781464,0.013538070023059845,-0.08119047433137894,-0.0892835408449173,0.13198833167552948,-0.4067060351371765,-0.19082720577716827,-0.1809173971414566,-0.06213296577334404,0.28142908215522766,0.29228445887565613,-0.1781938225030899,-0.3016849458217621,0.32161885499954224,0.33150795102119446,0.012642248533666134,0.1373615860939026,0.3645871877670288,0.2642916142940521,-0.07526456564664841,0.015124054625630379,-0.05821932107210159,0.1875690519809723,-0.24368764460086823,-0.04418908804655075,0.16491205990314484,-0.1765810251235962,0.13273407518863678,0.1319238245487213,-0.0033493577502667904,-0.27171751856803894,0.03822631388902664,-0.0034668068401515484,-0.233755424618721,-0.0574771910905838,-0.25376275181770325,-0.3631271719932556,-0.05122876167297363,0.22655533254146576],""gru.bias_ih"":[-0.10353629291057587,-0.013791156932711601,-0.13077832758426666,-0.17349784076213837,-0.30196234583854675,-0.22308020293712616,0.1030087023973465,-0.07811242341995239,0.11529640853404999,-0.07714387774467468,-0.09278780966997147,-0.19750314950942993,-0.33879852294921875,-0.796647310256958,-0.1996680349111557,-0.12990067899227142,-0.04946862906217575,-0.2545280456542969,-0.29522842168807983,0.15485306084156036,0.2049373835325241,-0.0851459875702858,-0.1745499223470688,0.27401435375213623],""gru.bias_hh"":[0.11757225543260574,0.24270790815353394,0.10765622556209564,-0.2366863340139389,-0.5446485280990601,-0.20921747386455536,0.297791987657547,-0.09651622176170349,-0.07339535653591156,-0.21337252855300903,-0.1511383205652237,-0.1687885969877243,-0.16172371804714203,-0.4102934002876282,-0.4633070230484009,-0.36995139718055725,-0.3431353271007538,0.0809447392821312,0.3079385757446289,0.21480891108512878,-0.24533456563949585,-0.27980366349220276,0.3123069703578949,0.323008269071579],""head.weight"":[0.13276536762714386,-0.36803334951400757,0.4106287360191345,0.2850436270236969,-0.3120918571949005,0.16921745240688324,-0.6560615301132202,-0.3415312170982361],""head.bias"":[0.20935416221618652]}"
840513,GRU_8,120,321,0.5437226295471191,2.1350807020002094,"{""gru.weight_ih"":[-0.5619204044342041,0.36935120820999146,0.5214781165122986,-0.4774206578731537,-0.2461305558681488,0.08161665499210358,0.17156141996383667,-0.021961964666843414,0.26765790581703186,-0.15485279262065887,-0.21252936124801636,-0.2966083586215973,-0.2289787083864212,-0.12712149322032928,0.43133509159088135,-0.031934965401887894,0.027542361989617348,-0.23995715379714966,-0.041618335992097855,0.6598401069641113,-0.2499394714832306,-0.49730584025382996,-0.5987098217010498,0.08757835626602173,-0.17714479565620422,-0.7469460964202881,0.3678957521915436,0.319905549287796,-0.17089492082595825,-0.7054940462112427,-0.29842710494995117,-0.13731254637241364,0.2687527537345886,0.4343436360359192,-0.751071572303772,-0.6403868198394775,0.2784160375595093,-0.22123970091342926,-0.11979246884584427,0.014628473669290543,-0.22718685865402222,-0.4820406436920166,0.1840062290430069,-0.6738124489784241,-0.4934800863265991,-0.395028680562973,-0.3183577358722687,0.5306709408760071,0.5402398109436035,0.13106612861156464,-0.606037437915802,-0.34655386209487915,0.4930582642555237,0.1284152716398239,0.5471982955932617,0.1467016190290451,0.3180755376815796,0.5796606540679932,-0.26474055647850037,-0.12143253535032272,-0.5127838253974915,0.29845234751701355,0.03439413011074066,0.3290528655052185,-0.1426500380039215,0.4570904076099396,-0.5020776987075806,0.04421444237232208,-0.25694382190704346,-0.36900827288627625,-0.26382192969322205,-0.25129976868629456],""gru.weight_hh"":[-0.6429590582847595,-0.08692365139722824,0.1826189011335373,0.08340584486722946,0.03935268148779869,-0.12145663052797318,0.5106852054595947,-0.032984014600515366,-0.4789266586303711,-0.03165106102824211,-0.07769255340099335,-0.4582749307155609,-0.002862377092242241,0.2014962136745453,0.5441603064537048,-0.03686719015240669,0.3207891285419464,-0.2880440354347229,0.25449809432029724,0.2021443396806717,0.13340549170970917,-0.017605774104595184,-0.35962411761283875,0.11572261899709702,0.1034766361117363,0.16888731718063354,-0.029129350557923317,-0.3096466362476349,-0.31301531195640564,0.21556530892848969,0.16942206025123596,0.19890667498111725,0.017203377559781075,-0.10181160271167755,0.03762977197766304,0.22486695647239685,-0.11756732314825058,0.5160560011863708,-0.410739928483963,-0.3681800067424774,0.15755683183670044,0.44944995641708374,-0.037319622933864594,0.06127535551786423,-0.06544805318117142,-0.005332513712346554,0.7017229199409485,-0.032446928322315216,-0.3187544047832489,0.021495506167411804,0.1187213659286499,0.29342156648635864,0.22104276716709137,-0.31511521339416504,0.20317745208740234,-0.02353822998702526,-0.1628040224313736,0.2002342790365219,-0.03996593877673149,0.2863041162490845,0.2771342992782593,0.0172047708183527,0.0834689810872078,0.10331158339977264,-0.0019059863407164812,0.19539687037467957,-0.19471047818660736,0.011147075332701206,-0.10333475470542908,-0.08577628433704376,-0.22917315363883972,0.10765030980110168,-0.3001873791217804,0.8316307067871094,-0.6217854619026184,-0.8404899835586548,-0.04940075799822807,-0.6738986968994141,0.4718467891216278,0.29376888275146484,0.6817740201950073,-0.18867890536785126,0.28748151659965515,-0.26150721311569214,-0.4080412983894348,0.6678222417831421,-0.5820644497871399,-0.3500552773475647,-0.14502502977848053,0.8760769367218018,-0.7226964831352234,-0.8444387912750244,-0.05480515584349632,-0.3830239772796631,0.944917619228363,-0.10730691254138947,-0.4211624264717102,0.48845043778419495,0.2807137072086334,-0.09963032603263855,0.13686417043209076,0.1781606674194336,0.13738086819648743,-0.25130918622016907,0.45064735412597656,0.3085591197013855,-0.33949974179267883,-0.08765313029289246,-0.2250388264656067,0.3011203110218048,0.3915506899356842,-0.9516587257385254,-0.2477860003709793,0.467458575963974,-0.4646099805831909,-0.7361660003662109,0.03855537623167038,-0.07609182596206665,0.36151573061943054,-0.36906397342681885,0.5973899364471436,0.18236710131168365,0.5750642418861389,0.3710985779762268,-0.5805192589759827,0.4525108337402344,-0.5887417793273926,-0.8512502908706665,0.33539843559265137,0.07238475978374481,-0.46587473154067993,0.12351403385400772,-0.2796539068222046,-0.5698734521865845,0.1386469304561615,0.06886470317840576,-0.4585593640804291,0.16004517674446106,0.22640228271484375,-0.15409637987613678,0.09711291640996933,-0.06528052687644958,0.220065176486969,0.21820607781410217,0.05567995458841324,0.009698006324470043,0.3532141149044037,0.17948782444000244,-0.012501738034188747,-0.041419558227062225,-0.6682271957397461,0.1547473669052124,0.039229847490787506,0.1954653561115265,-0.07068954408168793,-0.135719433426857,-0.05583716556429863,0.01686771959066391,-0.40194422006607056,-0.14277327060699463,-0.26934298872947693,-0.020303882658481598,0.27118340134620667,0.2921120524406433,-0.14272132515907288,-0.2977207899093628,0.42895492911338806,0.33699625730514526,0.04273619502782822,0.09893454611301422,0.43244343996047974,0.2911190986633301,-0.09914852678775787,0.05158145725727081,-0.18498823046684265,0.16679838299751282,-0.3964380919933319,0.008429190143942833,0.22330938279628754,-0.16481639444828033,0.13735438883304596,0.20391997694969177,0.11514503508806229,-0.29222244024276733,0.004282309208065271,0.013707541860640049,-0.23604874312877655,-0.05412474647164345,-0.23930326104164124,-0.3635096848011017,-0.005486653186380863,0.2301405519247055],""gru.bias_ih"":[-0.014733530580997467,0.048977699130773544,-0.1127978041768074,-0.223486989736557,-0.2905890941619873,-0.20303134620189667,0.17363350093364716,-0.0778360515832901,0.6476652026176453,-0.11349163204431534,-0.21820129454135895,-0.17290766537189484,-0.5399767160415649,-1.0132652521133423,-0.29013657569885254,-0.24795205891132355,-0.051192354410886765,-0.24467529356479645,-0.2980395555496216,0.16021814942359924,0.2173173874616623,-0.09189929813146591,-0.15944939851760864,0.27756819128990173],""gru.bias_hh"":[0.20637507736682892,0.30547672510147095,0.1256367266178131,-0.28667548298835754,-0.5332754850387573,-0.18916861712932587,0.3684166967868805,-0.0962398499250412,0.4589734971523285,-0.24972020089626312,-0.2765518128871918,-0.14419309794902802,-0.3629019856452942,-0.6269115805625916,-0.5537753105163574,-0.4880028963088989,-0.37212908267974854,0.10041265189647675,0.31316596269607544,0.2214839905500412,-0.23248539865016937,-0.29020828008651733,0.32672056555747986,0.33351269364356995],""head.weight"":[0.170754075050354,-0.4118310511112213,0.477076917886734,0.32677602767944336,-0.34335747361183167,0.21491053700447083,-0.8135068416595459,-0.3693174719810486],""head.bias"":[0.19949765503406525]}"
840513,GRU_8,240,321,0.49309317469596864,4.250745575000224,"{""gru.weight_ih"":[-0.8317235708236694,0.38298913836479187,0.2503633499145508,-0.5515422821044922,-0.7021763920783997,0.14486606419086456,0.27994436025619507,0.05187860503792763,0.15386006236076355,-0.1300888955593109,-0.17802885174751282,-0.39218559861183167,-0.14576581120491028,-0.5940715670585632,0.554120659828186,-0.18688416481018066,-0.10884226113557816,-0.22238676249980927,-0.1274065524339676,0.6257612109184265,-0.4054526388645172,-0.5725337266921997,-0.785855233669281,0.28449228405952454,-0.42366892099380493,-0.6448313593864441,0.41477665305137634,0.38585302233695984,-0.24671542644500732,-0.7240489721298218,-0.252797931432724,-0.22749432921409607,0.5628767609596252,0.4304966628551483,-0.98952317237854,-0.7067474126815796,0.22526544332504272,-0.31006425619125366,0.03899570181965828,0.07419046014547348,-0.3204107880592346,-0.48041442036628723,0.009061183780431747,-1.0144461393356323,-0.39824172854423523,-0.41687095165252686,-0.386068195104599,0.7677271962165833,0.44182783365249634,0.36363348364830017,-0.7980573773384094,-0.3942352831363678,0.3330064117908478,0.23261113464832306,0.7029902338981628,0.3643733561038971,0.16044282913208008,0.6423435807228088,-0.0781511515378952,-0.23492032289505005,-0.5777727961540222,0.2341998964548111,0.048691526055336,0.479484885931015,-0.15732093155384064,0.4359670877456665,-0.6040988564491272,-0.062540203332901,-0.2251356691122055,-0.43398597836494446,-0.43781691789627075,-0.15610355138778687],""gru.weight_hh"":[-0.8469908237457275,0.09782414138317108,-0.14328429102897644,0.16865763068199158,0.6776834726333618,-0.6327165365219116,0.8519574403762817,0.5158179402351379,-0.5125458240509033,-0.1267874389886856,-0.2172958105802536,-0.4007672667503357,-0.022191135212779045,0.10818740725517273,0.45532703399658203,0.06233080103993416,0.153381809592247,-0.22450031340122223,0.36722180247306824,0.20267003774642944,0.07420677691698074,-0.008080203086137772,-0.07732467353343964,0.011709642596542835,0.13045375049114227,0.07782656699419022,0.05603977292776108,-0.2946159839630127,-0.280597448348999,0.2168942242860794,0.19866175949573517,0.16400590538978577,0.00031828208011575043,-0.3405517339706421,0.130995973944664,0.356008917093277,-0.24595655500888824,0.5594605207443237,-0.5927923321723938,-0.3660249412059784,0.34013524651527405,0.46408694982528687,-0.11875256150960922,0.006930239498615265,0.009951596148312092,-0.09592080861330032,0.4316631555557251,0.028101366013288498,-0.23814189434051514,0.07351232320070267,-0.18965522944927216,0.32626113295555115,0.556743323802948,-0.6496199369430542,0.23156331479549408,0.24464163184165955,-0.22223147749900818,0.16557924449443817,0.015293044038116932,0.3197120428085327,0.2640758156776428,0.10861527919769287,0.020477494224905968,0.09125681221485138,-0.5498524904251099,-0.20103415846824646,-0.2727701961994171,0.3655320107936859,-0.08353164047002792,-0.12740479409694672,-0.3204663097858429,0.6949849128723145,-0.32949259877204895,1.0641820430755615,-0.7221912145614624,-1.1223158836364746,-0.2249125987291336,-0.6427461504936218,0.5864492058753967,0.29284587502479553,0.8632581233978271,-0.709935188293457,0.3673887252807617,-0.1514699012041092,-0.5783910751342773,0.8924837708473206,-0.934097945690155,-0.37925946712493896,-0.03496386110782623,1.1244361400604248,-0.9505698084831238,-1.1489959955215454,-0.1501580774784088,-0.4831680357456207,1.0658262968063354,0.007305161561816931,-0.6515625715255737,0.42672663927078247,0.5319525003433228,-0.060599908232688904,0.012107891030609608,0.45273998379707336,0.09283778071403503,-0.5332493782043457,-0.17050184309482574,0.1359548270702362,-0.4465814232826233,0.10427823662757874,-0.36827951669692993,0.5169476270675659,0.4912111163139343,-1.0421744585037231,-0.4935216009616852,0.5665513277053833,-0.37109991908073425,-0.9006969332695007,-0.16956166923046112,0.086641825735569,0.3764497637748718,-0.4849686026573181,0.8521689176559448,-0.2963075637817383,0.824767529964447,0.33968186378479004,-1.0139204263687134,0.7722370624542236,-0.8169103264808655,-1.1422263383865356,1.1257669925689697,0.10695574432611465,-0.7607969045639038,-0.12758944928646088,-0.10599435120820999,-0.8649012446403503,-0.33112484216690063,0.19393779337406158,-0.527184247970581,0.16142858564853668,0.14351718127727509,-0.12369529157876968,0.09985502064228058,-0.08124831318855286,0.2070833295583725,0.27133908867836,-0.08271265774965286,0.05244369059801102,0.4166013300418854,0.1963294893503189,-0.033626604825258255,-0.055714331567287445,-0.3023841083049774,0.0999203473329544,0.10422652214765549,0.16784627735614777,-0.00852139201015234,-0.09927017986774445,-0.021736834198236465,0.012512119486927986,-0.41874271631240845,-0.16335099935531616,-0.37252914905548096,0.051262352615594864,0.16260209679603577,0.2800700068473816,-0.029917296022176743,-0.37738385796546936,0.5909498929977417,0.3985699415206909,-0.16573278605937958,0.08423547446727753,0.5685607194900513,0.3446922302246094,-0.16931383311748505,0.14236313104629517,0.036294691264629364,0.10106665641069412,-0.5262491106987,0.042242180556058884,0.21431992948055267,-0.1791754513978958,0.12833869457244873,0.2657111883163452,0.057286012917757034,-0.2570168673992157,-0.03954986482858658,0.0006007726769894361,-0.24927839636802673,-0.02285115048289299,-0.21699771285057068,-0.3485334515571594,0.0008286017691716552,0.25536373257637024],""gru.bias_ih"":[0.3162234127521515,0.0795186311006546,-0.1464136391878128,-0.1956958770751953,-0.19428318738937378,-0.15637898445129395,0.1878507137298584,-0.0781770795583725,1.2716950178146362,-0.26082563400268555,-0.23192337155342102,-0.24500125646591187,-0.596214771270752,-1.2584869861602783,-0.4267979860305786,-0.2551976442337036,0.014897560700774193,-0.25229302048683167,-0.3042335510253906,0.1956772655248642,0.22068354487419128,-0.10204005241394043,-0.1512128859758377,0.2776375114917755],""gru.bias_hh"":[0.5373319983482361,0.33601778745651245,0.0920208990573883,-0.258884459733963,-0.4369696080684662,-0.14251625537872314,0.38263407349586487,-0.0965808779001236,1.0830034017562866,-0.3970542848110199,-0.29027363657951355,-0.21628662943840027,-0.41913992166519165,-0.8721323609352112,-0.6904363036155701,-0.49524858593940735,-0.35422250628471375,0.10538426041603088,0.3025059401988983,0.24316027760505676,-0.23023974895477295,-0.3069649636745453,0.3351854085922241,0.3499094843864441],""head.weight"":[0.2164490669965744,-0.4473002254962921,0.5530301332473755,0.3757481873035431,-0.38267138600349426,0.23841439187526703,-0.9806367754936218,-0.40426328778266907],""head.bias"":[0.19475461542606354]}"
840514,SENSORY_SITE,60,4,0.5904849290847778,0.8370457499999588,"{""raw"":[2.441622495651245,0.5846079587936401,-0.02447769232094288,-0.5402721166610718]}"
840514,SENSORY_SITE,120,4,0.6103070974349976,1.6640798299997073,"{""raw"":[2.348376512527466,0.936600923538208,-0.11847969144582748,-0.6298232078552246]}"
840514,SENSORY_SITE,240,4,0.6041562855243683,3.3518922029995224,"{""raw"":[2.2277402877807617,1.499192476272583,0.09242799133062363,-0.7052870988845825]}"
840514,OUTPUT_SITE,60,4,0.6970233738422393,0.836950034999802,"{""raw"":[2.2010207176208496,0.7163003087043762,-0.19258232414722443,-0.45606499910354614]}"
840514,OUTPUT_SITE,120,4,0.6422462463378906,1.67434915400014,"{""raw"":[1.742747187614441,1.1123223304748535,-0.32403451204299927,-0.4008699655532837]}"
840514,OUTPUT_SITE,240,4,0.6261446595191955,3.372255491999681,"{""raw"":[1.2442340850830078,1.6952400207519531,-0.38813430070877075,0.03297379985451698]}"
840514,NO_FEEDBACK,60,4,0.6225526392459869,0.8029709559996832,"{""raw"":[2.2225656509399414,0.671947181224823,-0.12087856233119965,0.18547376990318298]}"
840514,NO_FEEDBACK,120,4,0.635817950963974,1.6140114589996983,"{""raw"":[1.805604100227356,1.1392849683761597,-0.134540393948555,0.31411394476890564]}"
840514,NO_FEEDBACK,240,4,0.6083051204681397,3.224642131999758,"{""raw"":[1.2111215591430664,1.7114813327789307,0.02317971922457218,0.4264567792415619]}"
840514,GENERIC_RNN,60,4,0.7189882874488831,0.6513319190001994,"{""raw"":[0.5572899580001831,0.6530420184135437,0.04723937064409256,0.32998189330101013]}"
840514,GENERIC_RNN,120,4,0.6874693870544434,1.3323572060003812,"{""raw"":[0.7815005779266357,0.8667880892753601,0.0038118285592645407,0.5065301060676575]}"
840514,GENERIC_RNN,240,4,0.6653286993503571,2.640122959000223,"{""raw"":[0.8928518295288086,1.1792768239974976,0.005073464009910822,0.5119639039039612]}"
840514,GRU_8,60,321,0.609422791004181,1.0720897099994318,"{""gru.weight_ih"":[0.19363568723201752,-0.48469623923301697,0.36972400546073914,-0.30441486835479736,-0.29525068402290344,-0.2479708194732666,0.08662186563014984,-0.24885188043117523,-0.012332838028669357,0.26070138812065125,0.33229726552963257,0.3477272391319275,-0.13839150965213776,-0.3366239368915558,0.4289432764053345,-0.343569278717041,0.1928500384092331,-0.03308232128620148,0.06164070591330528,-0.1909063458442688,0.0733102336525917,-0.026413114741444588,0.2306162416934967,-0.07663595676422119,-0.22891171276569366,-0.2579828202724457,-0.24071818590164185,-0.17495909333229065,-0.14888998866081238,0.05509396269917488,-0.17093604803085327,-0.6211017370223999,0.23561467230319977,-0.5588353872299194,-0.39634737372398376,-0.17509421706199646,-0.08670996874570847,-0.13724684715270996,0.08765768259763718,0.19440673291683197,-0.2965983748435974,-0.3532329201698303,0.14650630950927734,0.20628994703292847,-0.09487853944301605,0.454082190990448,0.1941787600517273,-0.19886663556098938,0.49631014466285706,-0.16309937834739685,0.05049820989370346,-0.5001987218856812,-0.06865362077951431,-0.0990665927529335,0.5163365006446838,0.09167958050966263,-0.2236160933971405,-0.1492670327425003,-0.04269542172551155,-0.26155155897140503,-0.5269108414649963,-0.031318895518779755,-0.08458013832569122,0.40297234058380127,-0.23698027431964874,0.33560559153556824,0.01557503268122673,0.2172580063343048,0.04189526289701462,0.12207237631082535,0.01326368935406208,0.24972650408744812],""gru.weight_hh"":[-0.16384007036685944,0.12495129555463791,-0.06273236125707626,0.00987531803548336,-0.4480855166912079,0.43098244071006775,-0.3247185945510864,0.2712637484073639,0.4023944139480591,-0.432587593793869,-0.11016404628753662,-0.20076687633991241,0.2674109935760498,0.3423793315887451,-0.18910442292690277,-0.037282414734363556,-0.2623455226421356,-0.17235176265239716,-0.0884586051106453,-0.37849751114845276,-0.12207802385091782,-0.3039020597934723,0.23952066898345947,0.006123545579612255,-0.1082838773727417,-0.3024594187736511,-0.2908049523830414,-0.22431738674640656,-0.4331320822238922,0.4688851535320282,-0.27411624789237976,0.3412177562713623,0.045099932700395584,-0.10148703306913376,-0.059822626411914825,-0.3540831506252289,0.19821283221244812,0.3905766010284424,0.0730208307504654,-0.1312408596277237,-0.4312208592891693,0.1425691694021225,0.26409587264060974,-0.10065314173698425,0.2627716362476349,0.23468777537345886,0.19186794757843018,0.21624058485031128,0.23921923339366913,-0.14172719419002533,0.46120285987854004,-0.39219266176223755,0.31143516302108765,-0.36867985129356384,0.20143230259418488,-0.05544169619679451,0.18547573685646057,-0.014621436595916748,-0.006503887474536896,-0.03771858662366867,-0.10658954828977585,-0.059725597500801086,0.1370362639427185,-0.061665743589401245,0.4120853543281555,0.25077345967292786,0.8103687167167664,-0.33413800597190857,-0.053724173456430435,-0.2961385250091553,0.4946545958518982,-0.45838332176208496,0.3977369964122772,-0.01398534420877695,0.6059100031852722,-0.08409951627254486,0.08385493606328964,0.1355687379837036,0.3069714903831482,-0.3174767792224884,0.5003559589385986,-0.3514407277107239,0.16064392030239105,-0.10658404976129532,-0.3506137728691101,0.5476866364479065,-0.3005238473415375,-0.28205612301826477,0.06971219182014465,0.31134334206581116,-0.22221973538398743,-0.1849813312292099,0.08748507499694824,0.10340780019760132,-0.19496014714241028,-0.107406847178936,0.6326676607131958,-0.05692477896809578,0.2342531532049179,-0.15602615475654602,-0.0760594978928566,0.23537443578243256,0.0016313722589984536,-0.2486879676580429,-0.021333014592528343,-0.041024792939424515,0.004893810488283634,-0.013197177089750767,0.21591688692569733,-0.44686782360076904,0.21585750579833984,-0.022732295095920563,-0.07067025452852249,0.23473069071769714,0.25960680842399597,0.4700159728527069,0.402529239654541,-0.30017775297164917,0.3190540075302124,-0.1292067915201187,0.0009219949133694172,-0.4688835144042969,-0.404145747423172,-0.15762075781822205,-0.3595545291900635,0.27545681595802307,-0.11328553408384323,0.12434736639261246,0.3672080934047699,-0.33597004413604736,0.3257621228694916,0.055111516267061234,-0.11957918107509613,0.2707262337207794,-0.37470003962516785,-0.20196419954299927,-0.6123395562171936,-0.1669808030128479,-0.3843812346458435,0.18275347352027893,0.42361924052238464,-0.2071482539176941,0.31695300340652466,-0.1529882699251175,0.5142631530761719,-0.06518558412790298,0.3152315020561218,0.024165518581867218,-0.08852479606866837,-0.11212090402841568,0.22706785798072815,0.3299824893474579,-0.36947333812713623,0.07861027866601944,-0.21715180575847626,-0.34110143780708313,0.22599737346172333,-0.3177456557750702,0.23685984313488007,-0.2942815124988556,-0.47887036204338074,-0.09017280489206314,-0.43078798055648804,-0.25464990735054016,0.12973955273628235,0.1209084689617157,0.30229300260543823,0.05630087852478027,0.2982700765132904,-0.05149684473872185,0.08468563109636307,0.0673123374581337,-0.2920015752315521,-0.1724143922328949,-0.13814789056777954,-0.3630070388317108,0.04127432405948639,-0.057683322578668594,-0.3339545428752899,0.005116364918649197,0.10060016065835953,0.09422196447849274,-0.23261111974716187,0.08212684839963913,-0.06828111410140991,-0.05520164221525192,0.20832234621047974,0.13647665083408356,0.06590154767036438,0.28614044189453125,-0.3803010582923889,0.21987323462963104],""gru.bias_ih"":[-0.03877337649464607,-0.2141425758600235,-0.01883973926305771,-0.04916970059275627,0.1074434295296669,-0.10645134747028351,-0.46968087553977966,-0.1777905970811844,-0.6394681930541992,-0.21987424790859222,-0.11843385547399521,-0.2518499791622162,-0.7633154988288879,-0.4234599769115448,-0.13228526711463928,-0.0466541163623333,-0.14344631135463715,-0.11092086136341095,-0.19411034882068634,0.18815888464450836,-0.16452094912528992,0.33934345841407776,-0.15651480853557587,0.19933877885341644],""gru.bias_hh"":[0.37637975811958313,-0.1093866154551506,-0.17648406326770782,-0.040475089102983475,0.0412992425262928,0.10790184140205383,-0.4666285216808319,0.27875617146492004,-0.48223546147346497,-0.6627040505409241,-0.29351720213890076,-0.07314196228981018,-0.14059311151504517,-0.05985477194190025,-0.11995137482881546,0.38305947184562683,-0.0849958062171936,0.29310342669487,-0.2833128571510315,-0.30804264545440674,0.05344149470329285,-0.23772165179252625,-0.05011337250471115,-0.014533036388456821],""head.weight"":[0.6091487407684326,-0.38240325450897217,0.2714298367500305,-0.10276458412408829,-0.16417968273162842,0.48164302110671997,0.07821143418550491,0.060799356549978256],""head.bias"":[-0.03702588379383087]}"
840514,GRU_8,120,321,0.5356666922569275,2.1382111259995327,"{""gru.weight_ih"":[0.10903533548116684,-0.8744906783103943,0.4166232943534851,-0.429159551858902,-0.693332850933075,-0.1771247237920761,0.04183955863118172,-0.4791952669620514,0.06739536672830582,0.2883604168891907,0.5322341918945312,0.6032528877258301,-0.21376655995845795,-0.7067996859550476,0.46054941415786743,-0.40076178312301636,0.025909315794706345,0.017524121329188347,0.05293120816349983,-0.30323484539985657,0.09781862050294876,-0.0057158032432198524,0.5115903615951538,-0.12021401524543762,-0.23339059948921204,-0.37900879979133606,-0.24464932084083557,-0.20064523816108704,-0.24729856848716736,0.11761396378278732,-0.30959945917129517,-0.8415080308914185,0.4325663447380066,-0.9277564883232117,-0.6371859312057495,-0.6846375465393066,-0.1314389556646347,-0.294177383184433,0.18892407417297363,0.157794788479805,-0.36685609817504883,-0.37196946144104004,0.23536981642246246,0.2553863227367401,-0.328281968832016,0.4508405923843384,-0.015037487260997295,-0.1659509241580963,0.5469780564308167,-0.13667231798171997,0.007502671331167221,-0.5697188973426819,-0.12956805527210236,-0.0963788703083992,0.5497033596038818,0.09129274636507034,-0.37105298042297363,-0.19035501778125763,-0.28134095668792725,-0.5648089051246643,-0.5717051029205322,-0.0396822951734066,-0.06521064788103104,0.4497714042663574,-0.17825347185134888,0.3486587703227997,0.0250959824770689,0.37077009677886963,0.09557225555181503,0.15522056818008423,0.31272101402282715,0.3658581078052521],""gru.weight_hh"":[-0.1272883266210556,0.10898982733488083,-0.029602795839309692,-0.15035267174243927,-0.4443757236003876,0.4431406855583191,-0.36430978775024414,0.25513216853141785,0.4590344727039337,-0.48707321286201477,-0.09378306567668915,-0.37403741478919983,0.23883230984210968,0.4119816720485687,-0.2906029224395752,-0.009962426498532295,-0.2439386546611786,-0.1845603883266449,-0.07922457903623581,-0.5136634111404419,-0.10531967878341675,-0.31999245285987854,0.24968843162059784,0.00410731416195631,-0.07327823340892792,-0.38701823353767395,-0.19683508574962616,-0.3788505494594574,-0.4753095209598541,0.503503143787384,-0.2571094334125519,0.4737466871738434,0.037307582795619965,-0.12301597744226456,-0.1076946035027504,-0.5824689269065857,0.18694846332073212,0.41267824172973633,0.031945958733558655,-0.07073706388473511,-0.42016711831092834,0.13191884756088257,0.25453874468803406,-0.1657102406024933,0.26817676424980164,0.2458011358976364,0.1899591088294983,0.22712913155555725,0.2598820626735687,-0.15823952853679657,0.490665465593338,-0.4536481499671936,0.3021338880062103,-0.36029520630836487,0.1964980512857437,-0.05551685392856598,0.12665945291519165,0.012998544611036777,-0.0188065767288208,0.033938199281692505,-0.09534167498350143,-0.08884137868881226,0.1649772673845291,-0.049407709389925,0.4596010148525238,0.3122788369655609,0.903531014919281,-0.36567795276641846,0.012451368384063244,-0.3526075780391693,0.5269770622253418,-0.5632172226905823,0.49290427565574646,-0.032607339322566986,0.7495356798171997,-0.0780244767665863,0.10256693512201309,0.07563742250204086,0.39041978120803833,-0.4432348608970642,0.7256941795349121,-0.5418972969055176,0.478130042552948,-0.31652459502220154,-0.5033429861068726,0.6918579936027527,-0.3905031085014343,-0.24732571840286255,-0.3911518156528473,0.8740924596786499,-0.6095401644706726,-0.6401541233062744,0.7491293549537659,-0.4114326238632202,-0.19994410872459412,-0.03579755127429962,0.800864577293396,-0.15083611011505127,0.4718972444534302,-0.249191015958786,-0.13457725942134857,0.2647816240787506,0.0055269584991037846,-0.3394005000591278,-0.01558439340442419,0.04358985275030136,0.013577349483966827,-0.06730632483959198,0.3153310716152191,-0.5256165266036987,0.2690494656562805,-0.17321094870567322,-0.4686150848865509,0.3617989122867584,-0.2391512393951416,-0.05240404233336449,0.5763222575187683,-0.2721984088420868,0.06887900829315186,0.44671398401260376,0.12477424740791321,-0.5892378091812134,-0.29627084732055664,-0.2610463500022888,-0.46899092197418213,0.43369215726852417,-0.3804914057254791,0.33722880482673645,0.45182183384895325,-0.36013057827949524,0.3755846619606018,0.11780348420143127,-0.15097419917583466,0.28817468881607056,-0.394829660654068,-0.22403870522975922,-0.723731279373169,-0.09766960889101028,-0.44306936860084534,0.15820947289466858,0.47369351983070374,-0.23940636217594147,0.32687345147132874,-0.1449722945690155,0.508414089679718,-0.023107459768652916,0.34300553798675537,0.17643657326698303,-0.08395151048898697,-0.13078777492046356,0.2079022377729416,0.273136705160141,-0.3935052156448364,0.17543217539787292,-0.23055428266525269,-0.17604798078536987,0.26713040471076965,-0.3654410243034363,0.22217918932437897,-0.4230867326259613,-0.6146641969680786,-0.028757130727171898,-0.5011664628982544,-0.29504749178886414,0.18634818494319916,0.08862762153148651,0.3263382613658905,0.07569542527198792,0.31981223821640015,-0.07259010523557663,0.10365043580532074,0.1067645475268364,-0.3124352991580963,-0.1632329672574997,-0.14296536147594452,-0.3666421175003052,-0.11558832228183746,-0.016143135726451874,-0.44434866309165955,-0.015299895778298378,0.1534862071275711,0.04857903718948364,-0.17826183140277863,0.11823617666959763,-0.08873753994703293,-0.1261570155620575,0.1909734308719635,-0.017372658476233482,0.057823676615953445,0.3066783845424652,-0.355183482170105,0.27053236961364746],""gru.bias_ih"":[-0.013515187427401543,-0.17713969945907593,-0.03128655627369881,-0.021990254521369934,0.21417726576328278,-0.10756874829530716,-0.4570005536079407,-0.1895022690296173,-0.7581849694252014,-0.41428887844085693,-0.08057969808578491,-0.019534658640623093,-0.8840938210487366,-0.5505791902542114,0.22149395942687988,0.11689958721399307,-0.12729807198047638,-0.12908872961997986,-0.19233016669750214,0.1739988476037979,-0.17397668957710266,0.3546951413154602,-0.16669337451457977,0.21041391789913177],""gru.bias_hh"":[0.4016379714012146,-0.07238372415304184,-0.18893086910247803,-0.013295639306306839,0.14803306758403778,0.10678444057703018,-0.4539481997489929,0.2670445442199707,-0.6009523272514343,-0.857118546962738,-0.2556630074977875,0.15917342901229858,-0.2613714635372162,-0.1869741529226303,0.2338278591632843,0.5466131567955017,-0.07115040719509125,0.2800630033016205,-0.28829118609428406,-0.34802502393722534,0.04897947981953621,-0.22616542875766754,-0.06666314601898193,-0.0011260255705565214],""head.weight"":[0.69948410987854,-0.46918076276779175,0.3131726086139679,-0.1586807817220688,-0.213539719581604,0.5337225198745728,0.07593394815921783,0.08333958685398102],""head.bias"":[-0.02104875259101391]}"
840514,GRU_8,240,321,0.5008736819028854,4.268175545999668,"{""gru.weight_ih"":[0.04769467934966087,-1.4345942735671997,0.3588986396789551,-0.47342774271965027,-1.1698133945465088,-0.2175954282283783,-0.0028416765853762627,-0.7998136878013611,-0.01698792539536953,0.33848702907562256,0.6796981692314148,0.453659325838089,-0.3722686171531677,-1.4204378128051758,0.4039745330810547,-0.4808170199394226,-0.1036120057106018,0.12054675817489624,-0.05015858635306358,-0.6029075384140015,0.017779866233468056,0.034922730177640915,0.8732300996780396,-0.20358027517795563,-0.1970428228378296,-0.5799271464347839,-0.37915360927581787,-0.170888289809227,-0.3644406199455261,0.061570074409246445,-0.4353591799736023,-1.020634412765503,0.4052877426147461,-0.8605824708938599,-0.8845006227493286,-0.5739848613739014,-0.08806522190570831,-0.45378145575523376,0.13366426527500153,0.14872001111507416,-0.5095496773719788,-0.48951849341392517,0.5118219256401062,0.24413341283798218,-0.10706593096256256,0.19292952120304108,-0.14849689602851868,-0.2764357626438141,0.5920886993408203,-0.08956889808177948,-0.10480210930109024,-0.6665838360786438,-0.14390401542186737,0.09199290722608566,0.5774109959602356,0.17961372435092926,-0.40901386737823486,-0.30232200026512146,-0.14308983087539673,-0.70362788438797,-0.5929334759712219,-0.154843270778656,0.04178837314248085,0.5161731243133545,-0.19442643225193024,0.21420930325984955,-0.0008110406342893839,0.5337006449699402,0.10789013653993607,0.31924501061439514,0.26103201508522034,0.729335606098175],""gru.weight_hh"":[-0.19638563692569733,0.22981658577919006,-0.052001964300870895,-0.11729814857244492,-0.3539317548274994,0.32085785269737244,-0.40325117111206055,0.07039696723222733,0.4375043511390686,-0.36794647574424744,-0.015648245811462402,-0.35470956563949585,0.35985755920410156,0.22701457142829895,-0.29697081446647644,-0.19309033453464508,-0.33749157190322876,-0.06869503110647202,-0.07228092104196548,-0.6159654855728149,-0.029918799176812172,-0.46657177805900574,0.26367390155792236,-0.08694308996200562,-0.5368032455444336,-0.4819171130657196,-0.1906106173992157,-0.8113962411880493,-0.31999531388282776,0.36408689618110657,-0.25083664059638977,1.1620330810546875,-0.03751176968216896,0.03924648091197014,-0.09353965520858765,-0.589716911315918,0.2784422039985657,0.23315700888633728,0.019109882414340973,-0.18041397631168365,-0.347024530172348,0.13932906091213226,0.31157955527305603,-0.08257101476192474,0.23866908252239227,0.20929576456546783,0.2067032754421234,0.17273031175136566,0.23144513368606567,-0.11226563155651093,0.6403963565826416,-0.5000084042549133,0.35466277599334717,-0.4470992982387543,0.18029284477233887,-0.06032583490014076,-0.23758956789970398,-0.14834463596343994,-0.4312589466571808,-0.14005234837532043,-0.2688019275665283,0.15376892685890198,-0.10296640545129776,0.20831772685050964,0.3465161621570587,0.5340264439582825,0.8364989161491394,-0.30255207419395447,0.17935802042484283,-0.4904423952102661,0.5359274744987488,-0.7828115224838257,0.4895608723163605,0.04961756616830826,0.8394956588745117,0.15743176639080048,0.16549697518348694,-0.04166175425052643,0.4777053892612457,-0.5988075733184814,0.7849997878074646,-0.5632192492485046,0.7904775738716125,-0.3608108162879944,-0.49808403849601746,0.6719316840171814,-0.4624268412590027,-0.2352195531129837,-0.3806157112121582,0.6860310435295105,-0.7457603216171265,-0.8765654563903809,0.6622681021690369,-0.10976806282997131,-0.37055838108062744,0.44740918278694153,0.7881672978401184,-0.09960173070430756,0.5748190879821777,-0.22132207453250885,-0.08247987180948257,0.21054962277412415,-0.011728992685675621,-0.5124508738517761,-0.11068189144134521,0.260079026222229,-0.12591764330863953,-0.11394146084785461,0.4949009120464325,-0.6409409642219543,0.27953511476516724,-0.40030637383461,-0.6176789402961731,0.1834929883480072,-0.8047882318496704,-0.6826854944229126,0.4793326258659363,-0.15495851635932922,-0.1896555870771408,0.35248899459838867,0.016792938113212585,-0.4654976427555084,-0.7138642072677612,-0.10927028954029083,-0.4173668324947357,0.5041503310203552,-0.9061499238014221,0.41518545150756836,0.4826352894306183,-0.38237059116363525,0.37253338098526,0.2207840383052826,-0.1893640011548996,0.35006484389305115,-0.4305768311023712,-0.2447429597377777,-0.6851462125778198,-0.08782058954238892,-0.4602106809616089,0.06871664524078369,0.46788227558135986,-0.2568085193634033,0.3391902446746826,-0.18481327593326569,0.5648261904716492,-0.05169776827096939,0.3474957048892975,0.3074460029602051,-0.1116023138165474,-0.0697893500328064,0.19106623530387878,0.2827762961387634,-0.05904250591993332,0.28079894185066223,-0.31612980365753174,0.24554657936096191,0.038354866206645966,-0.19991816580295563,0.17286799848079681,-1.1534701585769653,-0.6615892052650452,0.03311312943696976,-0.5235597491264343,-0.3758769929409027,0.24974502623081207,0.00911097601056099,0.3601841628551483,0.056308209896087646,0.25275909900665283,-0.07232559472322464,0.10100091248750687,0.14067400991916656,-0.3028716742992401,-0.1650148183107376,-0.14750772714614868,-0.33906883001327515,-0.23249253630638123,0.024636458605527878,-0.5910376310348511,-0.0428987555205822,0.21499627828598022,-0.025927510112524033,-0.09227988868951797,0.1276916265487671,-0.06274686008691788,-0.28429752588272095,0.2664324641227722,-0.8115105032920837,0.39885586500167847,0.11492631584405899,-0.2339765578508377,0.8395817875862122],""gru.bias_ih"":[-0.030015399679541588,-0.3113856315612793,-0.04754691198468208,0.09770233929157257,0.1935700923204422,-0.158828005194664,-0.47088366746902466,0.3248991370201111,-0.8449053168296814,-0.5833689570426941,-0.14035581052303314,0.14994904398918152,-0.9481948018074036,-0.6288739442825317,0.6603302955627441,0.35841184854507446,-0.06978809833526611,-0.1680554896593094,-0.17830322682857513,0.2707245945930481,-0.23824267089366913,0.38346564769744873,-0.20680305361747742,0.056711699813604355],""gru.bias_hh"":[0.3851377069950104,-0.206629678606987,-0.2051912248134613,0.10639695823192596,0.12742595374584198,0.05552522465586662,-0.4678313136100769,0.7814458012580872,-0.6876726746559143,-1.0261985063552856,-0.3154391646385193,0.32865697145462036,-0.3254723846912384,-0.2652689516544342,0.6726642847061157,0.7881253361701965,-0.025277694687247276,0.24815483391284943,-0.2885632812976837,-0.32781073451042175,0.004508309531956911,-0.20027631521224976,-0.08743663132190704,-0.17742648720741272],""head.weight"":[0.7970207333564758,-0.5634880065917969,0.3495958745479584,-0.12602388858795166,-0.271325021982193,0.5937578678131104,0.06545797735452652,0.09216686338186264],""head.bias"":[0.0011178525164723396]}"
840515,SENSORY_SITE,60,4,0.5772773712873459,0.8291571260001547,"{""raw"":[2.5087828636169434,0.5378733277320862,-0.25961217284202576,-0.47375959157943726]}"
840515,SENSORY_SITE,120,4,0.5816575586795807,1.6878981680000607,"{""raw"":[2.4030210971832275,0.9311357736587524,-0.3751986026763916,-0.5094560980796814]}"
840515,SENSORY_SITE,240,4,0.5653222888708115,3.3458686649997844,"{""raw"":[2.1922738552093506,1.500905990600586,-0.5001637935638428,-0.5529373288154602]}"
840515,OUTPUT_SITE,60,4,0.6486201703548431,0.8337057919999893,"{""raw"":[2.203498601913452,0.6802009344100952,-0.2709389328956604,-0.4999236464500427]}"
840515,OUTPUT_SITE,120,4,0.5774942755699157,1.67033458100002,"{""raw"":[1.7302085161209106,1.0697424411773682,-0.4396122395992279,-0.45032191276550293]}"
840515,OUTPUT_SITE,240,4,0.5724210858345031,3.335125748999758,"{""raw"":[1.22542405128479,1.7942991256713867,-0.41710522770881653,0.37588194012641907]}"
840515,NO_FEEDBACK,60,4,0.6070259183645248,0.8017678320001664,"{""raw"":[2.2566699981689453,0.6300567388534546,-0.22192995250225067,0.07792462408542633]}"
840515,NO_FEEDBACK,120,4,0.6079845070838928,1.6319258330003663,"{""raw"":[1.8033674955368042,0.9782114624977112,-0.29057392477989197,0.08965012431144714]}"
840515,NO_FEEDBACK,240,4,0.5861196905374527,3.2369281600000477,"{""raw"":[1.236081838607788,1.673237681388855,-0.3568442165851593,0.05241815373301506]}"
840515,GENERIC_RNN,60,4,0.6311670184135437,0.6523952090000193,"{""raw"":[0.5618784427642822,0.6551177501678467,0.00659066392108798,0.3419821858406067]}"
840515,GENERIC_RNN,120,4,0.6296119213104248,1.3084567930000617,"{""raw"":[0.7627617120742798,0.8360083699226379,-0.10680346190929413,0.49665388464927673]}"
840515,GENERIC_RNN,240,4,0.6277519941329956,2.644303043999969,"{""raw"":[0.8384804129600525,1.1648435592651367,-0.11934636533260345,0.46642911434173584]}"
840515,GRU_8,60,321,0.5951297491788864,1.0663917459998515,"{""gru.weight_ih"":[0.03753495216369629,-0.14847998321056366,-0.2123672366142273,-0.37663131952285767,-0.4364573061466217,0.011959588155150414,0.023204613476991653,-0.2456194907426834,0.32965829968452454,-0.21566706895828247,0.18366236984729767,0.1050582006573677,0.3491271138191223,-0.3639432191848755,-0.06767565757036209,0.15804190933704376,0.16807565093040466,-0.13731856644153595,-0.02159881591796875,0.31056010723114014,0.4964946210384369,-0.530301034450531,0.26799285411834717,-0.2197757363319397,0.1090531125664711,-0.13324140012264252,-0.0996590107679367,-0.6360193490982056,-0.4023362398147583,0.17024819552898407,-0.46301084756851196,-0.19617679715156555,0.6080767512321472,0.008992466144263744,-0.5916453003883362,-0.08860300481319427,-0.06273016333580017,-0.37348464131355286,-0.39014601707458496,0.12118276208639145,0.003003431251272559,-0.27129581570625305,0.0026286791544407606,-0.559100866317749,-0.18872837722301483,-0.18743348121643066,0.0283184964209795,-0.4699711203575134,-0.47467851638793945,0.1497209519147873,-0.340576708316803,0.2935951054096222,0.4023817777633667,0.020986931398510933,0.4499315023422241,0.37673789262771606,0.5049715042114258,-0.49738842248916626,-0.1624075323343277,-0.4363139867782593,-0.5113824605941772,0.007623213808983564,-0.09610898792743683,-0.0069391168653965,0.15387392044067383,0.36701518297195435,0.6296856999397278,-0.0036163446493446827,0.012778774835169315,0.018661458045244217,-0.03331876918673515,0.05880133807659149],""gru.weight_hh"":[0.058542970567941666,-0.21272383630275726,-0.16539745032787323,-0.2288518249988556,0.17385782301425934,0.17478756606578827,0.19617398083209991,-0.19607360661029816,0.25299006700515747,-0.37264108657836914,0.01670844480395317,0.523208498954773,-0.05962711200118065,0.16680698096752167,-0.41964927315711975,-0.1634589433670044,0.29298636317253113,-0.21992671489715576,0.2132330685853958,0.059878572821617126,-0.05609118193387985,0.300535649061203,0.07033482939004898,0.14623428881168365,0.242359459400177,-0.21234026551246643,0.0803423523902893,0.1471012681722641,0.03876643627882004,-0.2499098777770996,-0.3922185003757477,-0.2648697793483734,-0.2296386957168579,0.23507054150104523,0.11960946768522263,-0.2446269690990448,0.2720315456390381,0.11328397691249847,0.28886061906814575,0.27945849299430847,-0.327497661113739,0.00733124278485775,-0.3264721930027008,-0.0491846539080143,-0.2527967095375061,0.011094590649008751,0.21491344273090363,-0.05323311686515808,0.21368037164211273,-0.2203623205423355,-0.1684263050556183,-0.23018643260002136,0.18337291479110718,-0.09508726000785828,0.4827176034450531,0.032966893166303635,0.16762955486774445,-0.044854965060949326,-0.010560995899140835,0.2971407175064087,0.19690296053886414,-0.22326675057411194,0.04103371500968933,-0.19900032877922058,-0.3066657483577728,-0.5401522517204285,0.010363509878516197,0.15287545323371887,0.3979751169681549,-0.14601323008537292,-0.6723259687423706,0.09085876494646072,-0.5578183531761169,0.32493770122528076,0.23277480900287628,-0.0958443358540535,-0.30964234471321106,0.062372203916311264,0.4146873652935028,0.2667560279369354,-0.626876175403595,-0.3368833065032959,0.30721569061279297,0.09826366603374481,-0.1268732249736786,0.3004791736602783,0.1367463320493698,0.33183297514915466,-0.19026963412761688,0.010752128437161446,0.10279261320829391,-0.0034644161351025105,0.45456451177597046,0.46125560998916626,0.23487161099910736,0.149971142411232,-0.35901200771331787,-0.2807254195213318,0.1788642257452011,0.30739322304725647,0.4398725926876068,0.5639819502830505,-0.34380412101745605,0.11388251930475235,0.4016322195529938,0.0633280873298645,-0.3415752351284027,0.38389334082603455,0.20921722054481506,-0.3671942949295044,-0.5563595294952393,-0.22714880108833313,-0.6501721143722534,0.2247525155544281,0.34866663813591003,-0.24504810571670532,-0.02193429321050644,0.3441596031188965,-0.3562687039375305,0.26711976528167725,0.6924833655357361,-0.010821972042322159,-0.5043482780456543,-0.03678273782134056,0.0667743980884552,-0.5030264258384705,-0.30462098121643066,-0.5445220470428467,0.2665325999259949,-0.11908493936061859,-0.030545707792043686,0.022303294390439987,0.27300021052360535,-0.21939590573310852,-0.0760219469666481,-0.4536931812763214,-0.1473444104194641,-0.022533748298883438,-0.059789761900901794,-0.03768783062696457,0.06372451037168503,-0.2701513171195984,0.2635759711265564,0.005491205956786871,-0.26539215445518494,0.0622623972594738,0.00340859591960907,-0.365881085395813,-0.10634654015302658,-0.308071106672287,0.1850423663854599,0.39676183462142944,-0.1960529386997223,0.2885224223136902,-0.28583183884620667,0.16959667205810547,-0.16453398764133453,0.3962032198905945,-0.13459748029708862,0.2001630812883377,-0.28186798095703125,-0.34604018926620483,0.27803918719291687,0.24540725350379944,0.25182121992111206,0.05915190279483795,-0.3819849193096161,-0.2833585739135742,-0.05957009643316269,0.3426622450351715,0.17547132074832916,-0.42382076382637024,0.18167859315872192,-0.008607982657849789,-0.09064561128616333,-0.011410295963287354,0.0797363743185997,0.3740379810333252,0.06022391468286514,-0.16733457148075104,-0.4000699520111084,-0.18337410688400269,-0.02352037839591503,0.21590499579906464,-0.2355538159608841,-0.07102740556001663,0.19615128636360168,-0.16576312482357025,0.06825362890958786,-0.14867562055587769,-0.24130024015903473,0.09294792264699936],""gru.bias_ih"":[0.20804956555366516,-0.21890893578529358,-0.20111210644245148,0.25903061032295227,0.33026450872421265,0.04989926889538765,-0.06195329502224922,-0.3904463052749634,-0.2688572406768799,0.0603182390332222,-0.15027761459350586,-0.7328300476074219,-0.5976108908653259,0.22433142364025116,-0.2735688388347626,0.07086911797523499,0.2516597509384155,0.2143317610025406,-0.1564795821905136,-0.2584231495857239,-0.1430128812789917,-0.0012233078014105558,-0.14984703063964844,-0.15790854394435883],""gru.bias_hh"":[-0.025926373898983,0.04359035566449165,0.05697128176689148,-0.21283981204032898,-0.02316734753549099,0.2215336114168167,0.3568321764469147,-0.4244983196258545,-0.2601441740989685,0.22100457549095154,-0.21266283094882965,-0.33106529712677,-0.3358473777770996,-0.0121944984421134,-0.6223973631858826,0.41187456250190735,0.0963570773601532,-0.11731743067502975,-0.07459208369255066,0.3561655879020691,-0.057835355401039124,-0.022456644102931023,0.2083677500486374,0.33955618739128113],""head.weight"":[-0.33735284209251404,0.22233812510967255,0.25949978828430176,-0.20168577134609222,-0.15669040381908417,0.07241532951593399,0.4324638247489929,-0.1776486486196518],""head.bias"":[-0.009253379888832569]}"
840515,GRU_8,120,321,0.49946356415748594,2.131907829999534,"{""gru.weight_ih"":[0.038059983402490616,-0.3707403242588043,-0.21500585973262787,-0.5005292296409607,-0.6932596564292908,0.0597396157681942,-0.10330604761838913,-0.622135579586029,0.33169689774513245,-0.5432929992675781,0.27887192368507385,0.047494467347860336,0.36977842450141907,-0.5642803311347961,-0.17956657707691193,0.14931753277778625,0.1959131807088852,-0.013414319604635239,0.0036543039605021477,0.09133000671863556,0.43756693601608276,-0.5814597606658936,0.24576500058174133,-0.4688040018081665,0.14842066168785095,-0.24993513524532318,-0.30155396461486816,-0.7277638912200928,-0.45931315422058105,0.3602242171764374,-0.3862319886684418,-0.2897614538669586,0.7147581577301025,0.10656599700450897,-0.9882612824440002,-0.2210652083158493,0.05869840830564499,-0.6607544422149658,-0.7304388880729675,-0.054927315562963486,-0.07608173042535782,-0.3250982463359833,0.11121346801519394,-0.7520120739936829,-0.2940368056297302,-0.19094768166542053,0.03291182219982147,-0.5625143051147461,-0.5606614947319031,0.22503754496574402,-0.431637704372406,0.3424164652824402,0.4338783919811249,-0.05874701589345932,0.5711613893508911,0.37301933765411377,0.5172227621078491,-0.7835001945495605,-0.11421563476324081,-0.48987871408462524,-0.5957778692245483,0.08237938582897186,-0.0585169792175293,-0.016226528212428093,0.28868567943573,0.7961574196815491,0.6932756304740906,-0.031278789043426514,0.08107233792543411,-0.0007037705508992076,-0.051445815712213516,-0.15017972886562347],""gru.weight_hh"":[0.05275435745716095,-0.20473887026309967,-0.16104048490524292,-0.21247170865535736,0.18117013573646545,0.21000631153583527,0.20392169058322906,-0.19019658863544464,0.29219719767570496,-0.3539702892303467,0.01663156785070896,0.5480524897575378,-0.05102561414241791,0.7189375162124634,-0.4572358727455139,-0.2836838662624359,0.30532050132751465,-0.17586031556129456,0.2226594090461731,0.06185083091259003,-0.07049260288476944,0.41720396280288696,0.10191734880208969,0.12388227880001068,0.3228662610054016,-0.33384889364242554,0.06864912062883377,0.21201260387897491,0.10476180166006088,0.1597459465265274,-0.5796304941177368,-0.34216976165771484,-0.14865203201770782,0.3057398796081543,0.06212633475661278,-0.2332087606191635,0.22834248840808868,-0.041149307042360306,0.3263242244720459,0.24423077702522278,-0.3106022775173187,0.17500849068164825,-0.3119511306285858,-0.2548789381980896,-0.4380882680416107,0.1641118824481964,0.38106775283813477,-0.1812383532524109,0.3086305558681488,-0.13749292492866516,-0.24248918890953064,-0.22031046450138092,0.13387662172317505,-0.28261250257492065,0.5365012288093567,-0.005202706903219223,0.23554068803787231,-0.094159796833992,-0.11461549997329712,0.48808443546295166,0.2269415557384491,-0.5250879526138306,-0.008706358261406422,-0.1741664558649063,-0.4314059913158417,-0.782571017742157,0.042212434113025665,0.34963884949684143,0.5733046531677246,-0.3116864860057831,-0.8214272856712341,0.2907595634460449,-0.7546035051345825,0.48462754487991333,0.34025976061820984,-0.2746916711330414,-0.46378105878829956,-0.0061787450686097145,0.6429827809333801,0.3175636827945709,-0.793418824672699,-0.3840124309062958,0.33752283453941345,0.018810218200087547,-0.16073139011859894,0.15059883892536163,0.3251585364341736,0.4848804473876953,-0.24771040678024292,-0.19531060755252838,0.062295541167259216,0.15464045107364655,0.6940106153488159,0.2576577067375183,0.13143262267112732,0.4121204614639282,-0.098625048995018,-0.7231547236442566,-0.08620508760213852,0.671312153339386,0.7786554098129272,0.5364204049110413,-0.6484962105751038,0.08421855419874191,0.7138573527336121,0.28963130712509155,-0.439653605222702,0.47147563099861145,0.2480156421661377,-0.042785972356796265,-0.6551443338394165,-0.5971660017967224,-0.6350343227386475,0.160610169172287,0.3190300464630127,-0.10874142497777939,0.12558387219905853,0.2081412374973297,-0.4298281669616699,0.3801518678665161,0.7388227581977844,0.013080923818051815,-0.5249326229095459,0.0342559851706028,0.08016680181026459,-0.4923977553844452,-0.32640087604522705,-0.5572032928466797,0.2657495439052582,-0.16740833222866058,-0.03489267826080322,0.1032278761267662,0.30283311009407043,-0.0935032069683075,-0.1259259432554245,-0.4498644769191742,-0.14065980911254883,0.00979060959070921,-0.06038391962647438,-0.14496302604675293,0.019666820764541626,-0.49172869324684143,0.3377665877342224,0.020690985023975372,-0.23663777112960815,0.12404926866292953,-0.014555652625858784,-0.4188973009586334,-0.1405249834060669,-0.5606744885444641,0.23543395102024078,0.3852768540382385,-0.24178752303123474,0.06904003024101257,-0.25438329577445984,0.3000286817550659,-0.011105980724096298,0.8818578124046326,-0.40161988139152527,0.20709842443466187,-0.320165753364563,-0.40296638011932373,0.318678617477417,0.29159533977508545,0.30706727504730225,0.3710205852985382,-0.476660817861557,-0.29193201661109924,-0.19408170878887177,0.38308432698249817,0.35120710730552673,-0.5746849179267883,0.21668364107608795,0.3058437407016754,-0.07184718549251556,0.0018009268678724766,0.11695439368486404,0.44646140933036804,0.03477039560675621,-0.23600657284259796,-0.46240678429603577,-0.46640390157699585,0.07856552302837372,0.2152843028306961,-0.2135397046804428,-0.07996127754449844,0.1670999974012375,-0.10120267421007156,0.07370603829622269,-0.17986240983009338,-0.2661570608615875,0.08846648037433624],""gru.bias_ih"":[0.2093638777732849,-0.09461160004138947,-0.15967662632465363,0.3540818393230438,0.3976042568683624,0.2653301954269409,0.008426439948379993,-0.40047794580459595,-0.5011889934539795,0.00970316119492054,-0.357180118560791,-1.0541791915893555,-0.6328086853027344,0.6207068562507629,-0.4979569613933563,0.0982467532157898,0.24432238936424255,0.21152059733867645,-0.13712577521800995,-0.28244253993034363,-0.15680529177188873,-0.05638841912150383,-0.13189764320850372,-0.16041335463523865],""gru.bias_hh"":[-0.02461206540465355,0.16788768768310547,0.09840671718120575,-0.1177886500954628,0.044172488152980804,0.4369644224643707,0.4272119104862213,-0.43452996015548706,-0.4924758970737457,0.17038947343826294,-0.4195653200149536,-0.6524143218994141,-0.37104532122612,0.3841807246208191,-0.8467856049537659,0.4392522871494293,0.08984284102916718,-0.1284189522266388,-0.06354223191738129,0.3369874656200409,-0.07409611344337463,-0.08237536996603012,0.23089833557605743,0.3487640619277954],""head.weight"":[-0.3811357319355011,0.2859276831150055,0.31326523423194885,-0.4273267984390259,-0.20997144281864166,0.0490843839943409,0.5393335819244385,-0.1792576014995575],""head.bias"":[-0.004724828526377678]}"
840515,GRU_8,240,321,0.514481607079506,4.2550781619994495,"{""gru.weight_ih"":[0.07846085727214813,-0.2703801393508911,-0.3153418004512787,-0.648356556892395,-0.5367019772529602,-0.00870309118181467,-0.20831844210624695,-0.6438195109367371,0.20698879659175873,-0.7118058204650879,0.3542453944683075,-0.0252628605812788,0.5250224471092224,-0.9755799770355225,-0.16934019327163696,0.2503935694694519,0.24847570061683655,-0.00989292562007904,0.07257414609193802,-0.2423330843448639,0.4509316384792328,-0.6507455706596375,0.18442729115486145,-0.44666412472724915,0.1361140012741089,-0.26021748781204224,-0.1506427824497223,-0.8848806023597717,-0.5383989214897156,0.45230749249458313,-0.15414710342884064,-0.2754194438457489,0.6631487607955933,0.09517446160316467,-1.153519630432129,-0.15575504302978516,0.03711004555225372,-0.6465224027633667,-0.6388744115829468,-0.09417831897735596,0.09595753252506256,-0.28342345356941223,0.21155567467212677,-0.9331830739974976,-0.22420403361320496,-0.2015794813632965,0.02060190588235855,-0.5166375637054443,-0.6456882357597351,0.1589452624320984,-0.41785669326782227,0.4222732484340668,0.18671917915344238,-0.04189201071858406,0.6698793768882751,0.4193131923675537,0.5392794013023376,-1.0930311679840088,0.04948488622903824,-0.5325753092765808,-0.6465908288955688,0.37679436802864075,-0.09432446956634521,-0.007592837791889906,0.46839576959609985,0.740119457244873,0.7985293865203857,-0.29773494601249695,0.11608408391475677,-0.02887560985982418,-0.17684230208396912,-0.11676052212715149],""gru.weight_hh"":[0.07755491882562637,-0.23538199067115784,-0.15259437263011932,-0.14331325888633728,0.25155407190322876,0.23907393217086792,0.09605541825294495,-0.18247206509113312,0.33715230226516724,-0.3032573461532593,0.029948025941848755,0.5679320693016052,-0.01604129746556282,0.7001516222953796,-0.4574413597583771,-0.2419746369123459,0.32124677300453186,-0.24844256043434143,0.2211187779903412,0.13663311302661896,0.046476997435092926,0.3782770037651062,-0.0011911594774574041,0.22217154502868652,0.3575597107410431,-0.40125471353530884,0.07298297435045242,0.24583105742931366,0.21160417795181274,0.11342689394950867,-0.6475153565406799,-0.24722115695476532,-0.222053661942482,0.19596950709819794,0.1444741189479828,-0.24811838567256927,0.29827484488487244,0.0018386091105639935,0.29526370763778687,0.2816790044307709,-0.297397643327713,-0.007086453028023243,-0.2480880171060562,-0.288897842168808,-0.356836199760437,0.1958663910627365,0.3034302294254303,-0.17232060432434082,0.22971516847610474,-0.19818776845932007,-0.1931057721376419,-0.22993464767932892,0.15850310027599335,-0.2359439730644226,0.5572542548179626,0.0022926630917936563,0.17784367501735687,-0.062385328114032745,-0.10453341156244278,0.4438832998275757,0.1888708472251892,-0.6448662877082825,0.06709729880094528,-0.07114154100418091,-0.5450575351715088,-0.6982553601264954,0.2584454119205475,0.14836792647838593,0.5566886067390442,-0.5327425599098206,-0.7106912136077881,0.44919076561927795,-0.8074020147323608,0.675419807434082,0.43484681844711304,-0.3523971438407898,-0.49557167291641235,0.09317902475595474,0.7250528335571289,0.1965610235929489,-0.6238133311271667,-0.3643180727958679,0.2626212239265442,0.10585208982229233,-0.08734744042158127,0.03458310663700104,0.24777387082576752,0.557244598865509,-0.3179650902748108,0.005151480436325073,0.24426929652690887,0.058129388839006424,0.7313383221626282,0.22802112996578217,0.18498103320598602,0.44631248712539673,-0.18241898715496063,-0.4363574981689453,0.07187598198652267,0.5689289569854736,0.7846083045005798,0.6610373854637146,-0.6228346824645996,0.022823825478553772,0.7708491086959839,0.521048903465271,-0.4228404760360718,0.4251452088356018,0.12191399186849594,0.04558210447430611,-0.5842787027359009,-0.7199761271476746,-0.7068588733673096,0.39729803800582886,0.4844405949115753,-0.1855688989162445,0.08828461170196533,0.27994731068611145,-0.3441880941390991,0.30089783668518066,0.7801446914672852,0.03510274365544319,-0.5428734421730042,0.0382026731967926,0.02137136645615101,-0.3098079264163971,-0.3430885672569275,-0.7064884305000305,0.2716509997844696,-0.12870578467845917,-0.03936740756034851,0.055948466062545776,0.24787990748882294,-0.11353125423192978,-0.05005423352122307,-0.4367589056491852,-0.1429821252822876,-0.05354776605963707,-0.11068321019411087,-0.12650297582149506,-0.02491760440170765,-0.4845646023750305,0.34632450342178345,-0.007471540942788124,-0.2463388592004776,0.02790696918964386,-0.010292043909430504,-0.39066413044929504,-0.04903546720743179,-0.5211578011512756,0.1325785219669342,0.34389829635620117,-0.1819266676902771,0.1819257140159607,-0.2674846649169922,0.3175484240055084,-0.015526900067925453,0.8228469491004944,-0.40579938888549805,0.2706497609615326,-0.26080575585365295,-0.42466166615486145,0.31224876642227173,0.30384448170661926,0.34753990173339844,0.3533831834793091,-0.5280765891075134,-0.26796069741249084,-0.050147175788879395,0.33748626708984375,0.2943498492240906,-0.5523282289505005,0.2502571940422058,0.37144988775253296,-0.13548900187015533,-0.06722857058048248,0.0661168098449707,0.4159773290157318,0.041085805743932724,-0.24120262265205383,-0.4713965952396393,-0.43650388717651367,0.09804916381835938,0.19412381947040558,-0.22903494536876678,-0.06999939680099487,0.18242935836315155,-0.13145825266838074,0.06937585771083832,-0.2296161651611328,-0.24075615406036377,0.10100120306015015],""gru.bias_ih"":[0.1808633655309677,-0.15138763189315796,-0.27168920636177063,0.26662614941596985,0.2914283871650696,0.1961866319179535,-0.07549022883176804,-0.41598784923553467,-0.6584832668304443,0.11852499842643738,-0.44483575224876404,-1.1255247592926025,-0.647468626499176,0.7293637990951538,-0.44043976068496704,0.26459378004074097,0.30264124274253845,0.22090639173984528,-0.23417164385318756,-0.2055053412914276,-0.11829397827386856,-0.017914947122335434,-0.16714008152484894,-0.17411278188228607],""gru.bias_hh"":[-0.05311262980103493,0.11111164093017578,-0.013605916872620583,-0.20524431765079498,-0.06200334429740906,0.3678208589553833,0.3432953357696533,-0.4500398635864258,-0.6497702598571777,0.27921122312545776,-0.5072209239006042,-0.723760724067688,-0.3857054114341736,0.49283820390701294,-0.7892680764198303,0.6055993437767029,0.1452798694372177,-0.09809015691280365,-0.14337646961212158,0.4124090373516083,-0.0667240098118782,-0.0540299266576767,0.19542911648750305,0.33917003870010376],""head.weight"":[-0.4403947591781616,0.2863278388977051,0.3609165847301483,-0.5684607028961182,-0.2182866781949997,0.09011022001504898,0.5795043110847473,-0.1847660392522812],""head.bias"":[-0.025577764958143234]}"
840516,SENSORY_SITE,60,4,0.5781230896711349,0.8375293360000455,"{""raw"":[2.4397473335266113,0.4730137586593628,0.27554091811180115,-0.5313095450401306]}"
840516,SENSORY_SITE,120,4,0.5913690388202667,1.6692457550001905,"{""raw"":[2.3103415966033936,0.8128437399864197,0.446137934923172,-0.6259039044380188]}"
840516,SENSORY_SITE,240,4,0.5835494339466095,3.339096344000552,"{""raw"":[2.111610174179077,1.422188401222229,0.5179744362831116,-0.6518064141273499]}"
840516,OUTPUT_SITE,60,4,0.652210783958435,0.8615951609998547,"{""raw"":[2.1982524394989014,0.7149760723114014,0.2715948820114136,-0.47642385959625244]}"
840516,OUTPUT_SITE,120,4,0.6574455320835113,1.7068146219996834,"{""raw"":[1.753558874130249,1.126964807510376,0.37559038400650024,-0.40350303053855896]}"
840516,OUTPUT_SITE,240,4,0.5726806700229645,3.3717372899997713,"{""raw"":[1.2119081020355225,1.7491787672042847,0.45138019323349,0.0950952023267746]}"
840516,NO_FEEDBACK,60,4,0.6976570010185241,0.8331408760000159,"{""raw"":[2.1722705364227295,0.7344576120376587,0.23801256716251373,-0.1865129917860031]}"
840516,NO_FEEDBACK,120,4,0.6139897972345352,1.6391722050001931,"{""raw"":[1.6986291408538818,1.1210505962371826,0.1908869743347168,-0.1872175931930542]}"
840516,NO_FEEDBACK,240,4,0.5784628093242645,3.2497113300003093,"{""raw"":[1.1293072700500488,1.755539059638977,0.20550666749477386,-0.2543359100818634]}"
840516,GENERIC_RNN,60,4,0.6757348716259003,0.648069878000058,"{""raw"":[0.5263122320175171,0.6440654993057251,0.06656961143016815,0.29167258739471436]}"
840516,GENERIC_RNN,120,4,0.6660238146781922,1.2969990809999103,"{""raw"":[0.7361694574356079,0.8411517143249512,0.15099607408046722,0.4453071057796478]}"
840516,GENERIC_RNN,240,4,0.6543646037578583,2.608939625999767,"{""raw"":[0.8426316976547241,1.1135482788085938,0.15295031666755676,0.4021608233451843]}"
840516,GRU_8,60,321,0.6540340423583985,1.0676005830003987,"{""gru.weight_ih"":[0.17989014089107513,-0.17455574870109558,0.11914625018835068,0.4154268801212311,-0.08388210833072662,0.7506007552146912,-0.15401962399482727,-0.06597615778446198,-0.3134119212627411,0.3081776797771454,0.0913170874118805,0.19017189741134644,-0.27072399854660034,-0.20846371352672577,-0.05267787724733353,-0.4648822546005249,0.23198136687278748,-0.25635144114494324,0.03148339316248894,-0.20346158742904663,0.3914091885089874,-0.34427616000175476,0.06457660347223282,-0.09787227213382721,0.16900402307510376,-0.42729631066322327,-0.4184463918209076,0.003359248861670494,-0.38927751779556274,-0.1302662342786789,-0.18586008250713348,-0.1266597956418991,-0.12621796131134033,0.10481318086385727,-0.509758472442627,-0.29966622591018677,-0.19523127377033234,-0.2774624526500702,0.29695621132850647,0.2902793884277344,0.17217491567134857,-0.3543317914009094,-0.5178913474082947,0.2808457612991333,0.1106148511171341,-0.26998063921928406,0.5501644611358643,-0.1551341861486435,0.2543666660785675,-0.189080610871315,0.12775596976280212,0.4989551901817322,0.03906414285302162,0.23789328336715698,0.5886891484260559,0.4339422881603241,-0.06945839524269104,0.5913690328598022,0.004794752225279808,-0.0689595490694046,-0.22311003506183624,-0.32043758034706116,-0.6823678016662598,-0.05297349393367767,0.2854709029197693,-0.2829071879386902,-0.21005189418792725,-0.4940415322780609,0.16496360301971436,0.04550471156835556,-0.11612888425588608,0.20639437437057495],""gru.weight_hh"":[0.032999373972415924,0.0050581092946231365,0.022138329222798347,-0.03640364482998848,0.5434272289276123,0.21990635991096497,0.06314917653799057,-0.22817157208919525,0.23903563618659973,0.03394497185945511,0.5328369140625,0.08850105851888657,-0.2993350923061371,-0.42605268955230713,-0.26137998700141907,0.35248616337776184,0.16871757805347443,0.22983050346374512,0.15168535709381104,-0.12347961217164993,-0.2728147804737091,0.5285524725914001,-0.3520113229751587,0.09370938688516617,0.2822396457195282,-0.1728275716304779,-0.1594773530960083,0.14315778017044067,0.2431974858045578,0.03963330760598183,-0.07625949382781982,0.14101992547512054,0.07540768384933472,-0.42280465364456177,0.24569694697856903,-0.33478933572769165,0.38242748379707336,-0.05163225904107094,0.23550701141357422,0.06367705017328262,-0.11587334424257278,0.0665731206536293,-0.38490399718284607,0.1736956238746643,-0.12482885271310806,-0.17235277593135834,0.34971314668655396,-0.2761949300765991,-0.12081897258758545,-0.0011604225728660822,-0.3964845836162567,-0.23239783942699432,-0.3079240322113037,-0.6916095614433289,-0.059205956757068634,0.5147468447685242,-0.21835507452487946,0.046838440001010895,0.4405933618545532,0.3274628818035126,0.1913357824087143,-0.168055459856987,-0.23106446862220764,0.09476395696401596,0.0393541194498539,-0.7430140376091003,-0.4523616433143616,-0.58536297082901,0.2601509094238281,-0.43376508355140686,0.4010865390300751,-0.1533161997795105,-0.49510303139686584,-0.5367177724838257,-0.5960512161254883,-0.5711026191711426,0.03835155442357063,-0.1984144151210785,0.11840572208166122,-0.39756667613983154,-0.5249061584472656,-0.5111736059188843,0.22065648436546326,-0.658500075340271,-0.5978602170944214,-0.0407567024230957,0.061685290187597275,0.18637412786483765,-0.6825821995735168,-0.6583602428436279,-0.4759637713432312,-0.5220447778701782,-0.4317161440849304,-0.14975501596927643,0.36661988496780396,0.19697418808937073,0.1259993463754654,-0.18789160251617432,0.12631070613861084,-0.03204796090722084,-0.03018282726407051,-0.5622141361236572,0.3241387903690338,0.32014501094818115,0.0402848906815052,-0.3252362906932831,0.06179597228765488,0.19536878168582916,0.03823849558830261,-0.4138283133506775,0.21724027395248413,0.242934450507164,-0.04231312498450279,0.32418563961982727,0.4993727207183838,0.2961135804653168,-0.2569761872291565,-0.1253841370344162,-0.2865798771381378,-0.007890934124588966,-0.10495523363351822,-0.17001204192638397,-0.013118228875100613,-0.11262618005275726,-0.1741466522216797,0.20851081609725952,-0.006489559542387724,0.18786072731018066,-0.04840966314077377,0.1680617481470108,0.4000379741191864,0.22152917087078094,-0.1792180985212326,-0.0776330977678299,-0.39198794960975647,-0.1983836144208908,0.1882006973028183,-0.1646234542131424,0.2570022940635681,-0.047475289553403854,-0.0039215548895299435,0.07876836508512497,0.004193439148366451,-0.09963087737560272,0.015321430750191212,-0.06310610473155975,0.37713518738746643,0.3373292088508606,-0.2988102436065674,0.11233121156692505,-0.012548219412565231,0.10338301956653595,0.21440382301807404,0.3047404885292053,0.44344425201416016,0.29173240065574646,-0.03510723263025284,0.0031940764747560024,-0.1720401793718338,-0.07487380504608154,-0.057835932821035385,0.15647219121456146,-0.08461916446685791,-0.13243725895881653,-0.18225209414958954,-0.034867603331804276,-0.10763093829154968,-0.09833984076976776,-0.31301045417785645,0.0006031288648955524,0.03391599655151367,0.13535894453525543,0.43630853295326233,0.05268961936235428,0.22424893081188202,-0.48089540004730225,-0.04254905879497528,0.20144447684288025,0.046086885035037994,0.17498654127120972,0.17644710838794708,0.07460992783308029,-0.07688205689191818,-0.316280335187912,0.0030279261991381645,-0.053830649703741074,-0.32763737440109253,-0.08245966583490372,-0.09444020688533783,-0.248779758810997,-0.12700045108795166,-0.5241297483444214],""gru.bias_ih"":[0.30257225036621094,-0.3179579973220825,0.18676649034023285,-0.09890526533126831,0.0760146901011467,0.17237460613250732,0.011976861394941807,0.2743939161300659,-0.09686709195375443,-0.829100489616394,-0.3306193947792053,-0.48666292428970337,-0.4566609859466553,0.10290677100419998,0.38520321249961853,0.22706466913223267,0.2482472062110901,0.13262000679969788,0.16143681108951569,0.08775913715362549,0.1591159701347351,0.2856844961643219,-0.2127581089735031,-0.08029968291521072],""gru.bias_hh"":[0.2619822025299072,0.05696975812315941,-0.15620334446430206,0.30915746092796326,0.016240185126662254,0.17254021763801575,-0.3397299349308014,-0.19754260778427124,-0.5833629965782166,-0.2554744780063629,-0.7293974161148071,-0.22764673829078674,-0.3742104768753052,0.3370574116706848,0.02841680496931076,0.1666160672903061,-0.20616908371448517,0.29814186692237854,-0.11901997774839401,0.10590270906686783,-0.07944510132074356,0.13205060362815857,-0.09949322789907455,0.15504299104213715],""head.weight"":[0.11104821413755417,0.24268098175525665,0.46523576974868774,0.1894034445285797,-0.2733565866947174,-0.21747174859046936,-0.04219648241996765,-0.02000494860112667],""head.bias"":[-0.0570368617773056]}"
840516,GRU_8,120,321,0.568137013912201,2.132818164000412,"{""gru.weight_ih"":[0.23359669744968414,-0.7946076989173889,0.011017945595085621,0.6751968264579773,-0.2645445466041565,0.6589134335517883,-0.0874294862151146,-0.7673904895782471,-0.44274577498435974,0.4514829218387604,-0.3808615803718567,0.01544491108506918,-0.07491045445203781,-0.1720590442419052,-0.059277839958667755,-0.4684348404407501,0.09108885377645493,-0.21618247032165527,-0.2486903816461563,0.27174025774002075,0.8604812622070312,-0.34296345710754395,0.020253285765647888,-0.19640116393566132,0.25586050748825073,-0.5436112284660339,-0.42899131774902344,0.07288312911987305,-0.6551795601844788,-0.24762727320194244,-0.1102602407336235,-0.2930378317832947,-0.04464614763855934,0.18918588757514954,-0.7953014373779297,-0.5262665748596191,-0.026539521291851997,-0.6425679326057434,0.5665328502655029,0.3326475918292999,0.17457832396030426,-0.5216150283813477,-0.7386384010314941,0.06884334981441498,0.23835425078868866,-0.2722487449645996,0.5430428981781006,-0.12356312572956085,0.35736706852912903,-0.18631725013256073,0.05078185722231865,0.650219738483429,0.016759425401687622,0.42662525177001953,0.6826774477958679,0.42522361874580383,-0.03958938643336296,0.7255594730377197,0.040099721401929855,-0.22144685685634613,-0.5366385579109192,-0.3297828733921051,-0.7363713979721069,-0.09997040778398514,0.28039315342903137,-0.4281919300556183,-0.3292123079299927,-0.6208521723747253,0.5612069368362427,0.043311070650815964,-0.10729383677244186,0.19435912370681763],""gru.weight_hh"":[0.0989723801612854,0.016441483050584793,-0.09758789092302322,-0.06709076464176178,0.6509865522384644,0.27975383400917053,-0.0961676761507988,-0.09663721919059753,0.2805207073688507,0.011825808323919773,0.6108728647232056,0.18213534355163574,-0.08913277089595795,-0.28789958357810974,-0.4329616129398346,0.2184525579214096,0.20479772984981537,0.22205880284309387,0.07648208737373352,-0.1265885829925537,-0.1269136369228363,0.6171756386756897,-0.5461407899856567,0.1370469182729721,0.31309229135513306,-0.22316816449165344,-0.15806949138641357,0.17988084256649017,0.5086327791213989,0.2042325884103775,-0.3651072382926941,-0.015608319081366062,0.14121367037296295,-0.3700779676437378,0.343403697013855,-0.26653048396110535,0.4490569531917572,0.05558992177248001,0.08399408310651779,-0.11014698445796967,-0.06588327139616013,0.11651870608329773,-0.38979804515838623,0.18970277905464172,-0.14837436378002167,-0.17558883130550385,0.3177632987499237,-0.23691678047180176,0.010860266163945198,0.22917485237121582,-0.17559418082237244,-0.1235165223479271,-0.8326350450515747,-1.087390661239624,0.24868366122245789,0.7681083083152771,-0.23391234874725342,0.026871219277381897,0.4205038845539093,0.3100177049636841,0.26355618238449097,-0.1602419763803482,-0.22649289667606354,0.08894076943397522,-0.06540873646736145,-0.9420326352119446,-0.5609951019287109,-0.7024320960044861,0.2584446370601654,-0.5701763033866882,0.4749385118484497,-0.08145877718925476,-0.720693826675415,-0.8502353429794312,-0.8727463483810425,-0.8198078274726868,0.07363996654748917,-0.3521791398525238,0.2496243268251419,-0.32200857996940613,-0.5582287907600403,-0.6254419684410095,0.2550096809864044,-0.6654987931251526,-0.6904458403587341,-0.2995457947254181,0.06328222900629044,0.3620780408382416,-0.9326349496841431,-0.9873749017715454,-0.8506709933280945,-0.8409041166305542,-0.2751106023788452,-0.17747211456298828,0.36161381006240845,0.279125452041626,0.2882084846496582,-0.1504410207271576,0.5002278089523315,0.24389132857322693,-0.3152333199977875,-1.0776095390319824,0.028554832562804222,0.605529248714447,-0.1206631287932396,-0.5326119065284729,-0.07104422897100449,0.05186833068728447,0.030524326488375664,-0.6334884762763977,0.4079000949859619,0.3713764250278473,0.22630631923675537,0.5210161209106445,0.6899033188819885,0.6125278472900391,-0.3142452538013458,-0.0010241884738206863,-0.7942672371864319,0.04710889235138893,-0.08601807802915573,-0.13825686275959015,-0.0065094055607914925,-0.09192205220460892,-0.18583332002162933,0.1853303164243698,0.035530440509319305,0.19328419864177704,-0.021931154653429985,0.1555379182100296,0.4852612614631653,0.2768315374851227,-0.07840274274349213,-0.009844706393778324,-0.5171415209770203,-0.31737542152404785,0.2742924690246582,-0.09488262981176376,0.33474865555763245,0.031240470707416534,-0.029481617733836174,0.11448764055967331,-0.12665551900863647,-0.14920154213905334,0.08342056721448898,-0.0362900011241436,0.5313887000083923,0.4326905608177185,-0.2753300368785858,0.18144762516021729,-0.18031951785087585,-0.020746726542711258,0.24423234164714813,0.24850201606750488,0.6114023923873901,0.3836139738559723,0.11155370622873306,0.14156784117221832,-0.43470945954322815,-0.29716411232948303,-0.11520952731370926,0.14237409830093384,-0.2572888731956482,-0.23349767923355103,-0.2105971872806549,-0.1065506860613823,0.0957769975066185,0.08959000557661057,-0.32293546199798584,-0.020613830536603928,0.004531497601419687,0.123800128698349,0.5371270179748535,0.059068117290735245,0.23119397461414337,-0.4729952812194824,0.04901197925209999,0.4150524139404297,0.0929175466299057,0.21755355596542358,-0.22030945122241974,-0.020070254802703857,0.027282891795039177,-0.15343555808067322,-0.011828876100480556,-0.05786491185426712,-0.3337404131889343,-0.09467783570289612,-0.09865245968103409,-0.24872292578220367,-0.11084405332803726,-0.5308769941329956],""gru.bias_ih"":[0.4848392903804779,-0.31135886907577515,0.32736822962760925,-0.05169565603137016,0.11583255976438522,0.2078944742679596,0.0019421553006395698,0.2768000364303589,-0.37368273735046387,-1.1738736629486084,-0.6136897206306458,-0.5714690685272217,-0.8633761405944824,-0.09082870930433273,0.6124082803726196,0.22711172699928284,0.22617433965206146,0.10990115255117416,0.13865864276885986,0.05670742318034172,0.17086057364940643,0.2885074317455292,-0.1607508510351181,-0.08171572536230087],""gru.bias_hh"":[0.4442492425441742,0.06356892734766006,-0.015601594001054764,0.3563670814037323,0.05605807527899742,0.20806008577346802,-0.34976452589035034,-0.1951364129781723,-0.860178530216217,-0.6002470254898071,-1.0124677419662476,-0.31245294213294983,-0.7809256315231323,0.14332203567028046,0.25562193989753723,0.16666312515735626,-0.22514785826206207,0.3146969676017761,-0.13416913151741028,0.08982302993535995,-0.03976774588227272,0.14045844972133636,-0.008114170283079147,0.1523689329624176],""head.weight"":[0.1925683319568634,0.3567092716693878,0.5558014512062073,0.2583853304386139,-0.5627791881561279,-0.24308152496814728,-0.07779983431100845,-0.009731285274028778],""head.bias"":[-0.06133834645152092]}"
840516,GRU_8,240,321,0.6012194633483887,4.257897957000523,"{""gru.weight_ih"":[0.2699272930622101,-1.245111346244812,-0.0795750692486763,0.9046527147293091,-0.5103135704994202,0.5586967468261719,-0.46906694769859314,-1.3362009525299072,-0.4341750144958496,0.6136669516563416,-0.7550264596939087,0.13526271283626556,-0.07057081162929535,-0.21059304475784302,-0.06192101910710335,-0.43850815296173096,0.3881235122680664,0.01569485105574131,-0.5834066867828369,0.3795528709888458,1.0347397327423096,-0.37214741110801697,-0.037046167999506,-0.6900864243507385,-0.016560494899749756,-0.8815690875053406,-0.5911304354667664,-0.4692252576351166,-1.0313440561294556,0.22091881930828094,-0.2769184708595276,-0.4914969801902771,0.28106164932250977,-0.18114441633224487,-1.0877066850662231,-0.7506960034370422,0.12078700959682465,-1.4097235202789307,0.8046802878379822,0.3525291383266449,0.07735484093427658,-1.0868114233016968,-0.897100031375885,-0.12515577673912048,-0.005576450843364,-0.2587493360042572,0.49246352910995483,0.057637110352516174,0.5345204472541809,-0.37011510133743286,0.07046850770711899,0.9373952746391296,-0.03374733775854111,0.4349290728569031,0.9256362915039062,0.35189226269721985,0.050584789365530014,0.9288950562477112,-0.24986442923545837,-0.14375105500221252,-1.1174198389053345,-0.33989420533180237,-0.6640311479568481,-0.1373913437128067,0.40648144483566284,-0.35415390133857727,-0.4516849219799042,-0.571122944355011,0.6968182325363159,0.08276615291833878,-0.12860409915447235,-0.007917921058833599],""gru.weight_hh"":[0.0379142127931118,-0.05318621173501015,-0.12205597758293152,-0.177415132522583,0.7213044166564941,0.37808194756507874,0.02961975894868374,-0.3585922122001648,0.15076202154159546,-0.15181903541088104,0.45434772968292236,0.030832698568701744,-0.0805145725607872,-0.5188151001930237,-0.36754950881004333,0.3979922831058502,0.3674265742301941,0.24606837332248688,0.2527024447917938,0.03895208239555359,-0.18334390223026276,0.5679764747619629,-0.6805813312530518,-0.3434402048587799,0.43913376331329346,-0.1780346930027008,0.024611566215753555,0.25994667410850525,0.3195410668849945,0.040050357580184937,-0.6074952483177185,-0.09248334169387817,0.050458140671253204,-0.5390179753303528,0.36999645829200745,-0.40846964716911316,0.33539751172065735,-0.18450815975666046,0.3046032786369324,0.05933748930692673,0.14152155816555023,0.22408604621887207,-0.1726091206073761,0.34097370505332947,-0.3927496671676636,-0.31409716606140137,0.19678086042404175,-0.40104734897613525,0.11445952951908112,0.40700995922088623,-0.052626535296440125,-0.03210849687457085,-0.9895301461219788,-1.2391458749771118,0.6900119185447693,0.9805373549461365,-0.5659350156784058,-0.3586643934249878,0.013846289366483688,0.05048992857336998,0.7194020748138428,0.07407483458518982,-0.33155640959739685,0.24647194147109985,0.01790381595492363,-1.0919805765151978,-0.6826582551002502,-0.4113155007362366,0.4477848410606384,-0.5336864590644836,0.4984462559223175,-0.425314724445343,-0.2352599799633026,-0.4833921492099762,-0.3332225978374481,-0.4020436406135559,-0.4103465974330902,-0.8131091594696045,0.7238203287124634,-0.585610568523407,-0.044356733560562134,-0.41603630781173706,0.6961702704429626,-0.19629885256290436,-1.068784475326538,-0.7463194131851196,-0.055760327726602554,0.17293237149715424,-1.0963222980499268,-1.2173587083816528,-1.0828852653503418,-0.9780932068824768,-0.06271044164896011,-0.07009410113096237,0.34702733159065247,-0.04390415549278259,0.730607271194458,0.014784814789891243,0.8071668148040771,0.7244480848312378,-0.5644121170043945,-1.425371766090393,-0.26474297046661377,0.5034061074256897,-0.26256638765335083,-0.6324655413627625,-0.5470260977745056,0.09204545617103577,0.7342085242271423,-0.2221108376979828,0.2939458191394806,0.32105305790901184,0.13757722079753876,0.4312398135662079,0.5011729598045349,0.5523479580879211,0.0021683303639292717,0.4867519736289978,-1.1785106658935547,-0.23277150094509125,0.011936990544199944,0.049498893320560455,0.16917510330677032,0.04473292455077171,-0.3490806221961975,0.2045280784368515,-0.14313606917858124,0.2048979252576828,-0.01710965670645237,0.19992026686668396,0.5119326114654541,0.2384641021490097,-0.20110006630420685,-0.17787176370620728,-0.5667751431465149,-0.000810171477496624,0.14369213581085205,-0.1178780123591423,0.20989806950092316,-0.07141556590795517,-0.04325643554329872,0.0257278922945261,-0.18043728172779083,0.1360657513141632,0.10833510011434555,0.035750217735767365,0.6075270771980286,0.3952278792858124,-0.4364408850669861,0.0130796879529953,-0.276008278131485,0.3036450445652008,0.3465861678123474,0.31523701548576355,0.7123866677284241,0.4371854364871979,-0.028027623891830444,-0.02007957175374031,-0.5583623051643372,-0.01456737145781517,0.10037797689437866,0.18671762943267822,-0.07692872732877731,-0.06169523298740387,-0.25055697560310364,-0.048664629459381104,0.17660818994045258,-0.23279643058776855,-0.3021819293498993,0.003384253242984414,0.022304121404886246,0.10003486275672913,0.4754481911659241,0.04476282000541687,0.29764726758003235,-0.42647913098335266,0.14150415360927582,0.6740699410438538,0.174175426363945,0.2831437289714813,-0.37818124890327454,-0.25764384865760803,0.43639031052589417,-0.07294005900621414,-0.11705474555492401,-0.15007247030735016,-0.42754220962524414,-0.10612987726926804,0.12827374041080475,-0.16484078764915466,-0.1976262480020523,-0.5321208238601685],""gru.bias_ih"":[0.5903626084327698,-0.5113325715065002,0.3054235875606537,-0.06557699292898178,-0.20650680363178253,0.1452726125717163,0.14709433913230896,0.3194309175014496,-0.2664101719856262,-1.694424033164978,-0.78544682264328,-0.37770703434944153,-0.7846941947937012,0.2213200330734253,1.095886468887329,0.23972243070602417,0.0932566225528717,0.04339250177145004,0.04308146610856056,-0.05708802118897438,0.16858190298080444,0.27260899543762207,-0.0927441343665123,-0.05696350708603859],""gru.bias_hh"":[0.5497724413871765,-0.13640466332435608,-0.037546247243881226,0.34248560667037964,-0.2662813067436218,0.14543822407722473,-0.2046123445034027,-0.1525055319070816,-0.7529056072235107,-1.120797038078308,-1.1842243671417236,-0.11869069933891296,-0.7022436857223511,0.4554708003997803,0.7391001582145691,0.17927373945713043,-0.34372320771217346,0.2933330237865448,-0.21481744945049286,0.012526015751063824,-0.013384835794568062,0.13020087778568268,0.20489558577537537,0.18430329859256744],""head.weight"":[0.18368232250213623,0.45415371656417847,0.6075572967529297,0.27075597643852234,-0.8042680025100708,-0.2403610497713089,-0.17174950242042542,0.043936990201473236],""head.bias"":[-0.04348950833082199]}"
840517,SENSORY_SITE,60,4,0.6283888697624207,0.826972671999954,"{""raw"":[2.442448854446411,0.45650678873062134,0.15273116528987885,-0.5478183627128601]}"
840517,SENSORY_SITE,120,4,0.6089300155639649,1.6618022570000335,"{""raw"":[2.353560447692871,0.8637779355049133,0.27137520909309387,-0.5973408818244934]}"
840517,SENSORY_SITE,240,4,0.5828537613153457,3.361519210999802,"{""raw"":[2.064175844192505,1.4595451354980469,0.38205286860466003,-0.6256154775619507]}"
840517,OUTPUT_SITE,60,4,0.7002263009548187,0.8361222890001727,"{""raw"":[2.1937825679779053,0.6325179934501648,0.17218564450740814,-0.421798437833786]}"
840517,OUTPUT_SITE,120,4,0.6243810772895813,1.6753990389999558,"{""raw"":[1.7033716440200806,1.051386833190918,0.3344585597515106,-0.31455716490745544]}"
840517,OUTPUT_SITE,240,4,0.6087525427341461,3.3441099130002385,"{""raw"":[1.1076277494430542,1.6798675060272217,0.2659364640712738,0.1395849883556366]}"
840517,NO_FEEDBACK,60,4,0.6821619749069214,0.7995327909999332,"{""raw"":[2.196786880493164,0.7095126509666443,0.12552857398986816,-0.26451119780540466]}"
840517,NO_FEEDBACK,120,4,0.6351148664951325,1.6116338349999637,"{""raw"":[1.7083208560943604,1.1098264455795288,0.01596762426197529,-0.34991246461868286]}"
840517,NO_FEEDBACK,240,4,0.5881566405296326,3.2377755859998842,"{""raw"":[1.119451642036438,1.7227375507354736,-0.12286537140607834,-0.5676480531692505]}"
840517,GENERIC_RNN,60,4,0.6891665518283844,0.6548377099998675,"{""raw"":[0.5427672863006592,0.6490052342414856,0.0190250426530838,0.312796026468277]}"
840517,GENERIC_RNN,120,4,0.653325742483139,1.3019361679999975,"{""raw"":[0.748712420463562,0.85381019115448,0.0938304215669632,0.46006834506988525]}"
840517,GENERIC_RNN,240,4,0.6145697176456452,2.599460339000018,"{""raw"":[0.8664560317993164,1.2056399583816528,0.10835915803909302,0.5107821226119995]}"
840517,GRU_8,60,321,0.6300922989845276,1.066114457999788,"{""gru.weight_ih"":[-0.5619758367538452,0.38742583990097046,0.3341098129749298,-0.5841976404190063,-0.02051401510834694,-0.26020127534866333,-0.25327762961387634,-0.03255751356482506,0.10830967128276825,-0.14556246995925903,0.06280117481946945,0.3220895826816559,0.382041871547699,-0.4600851535797119,0.058901313692331314,-0.6230475306510925,0.6983586549758911,-0.169294536113739,0.5097970366477966,-0.0270320326089859,0.44378939270973206,-0.16443882882595062,-0.16563169658184052,-0.010427759028971195,0.02179085463285446,-0.11694680154323578,0.29212823510169983,-0.3169955611228943,-0.08862048387527466,0.2185286283493042,-0.12870705127716064,-0.48022696375846863,0.010739665478467941,0.006647750735282898,-0.2827925384044647,0.3878193795681,-0.2631435692310333,-0.18773001432418823,0.3517438769340515,-0.08006221801042557,0.3953588306903839,-0.1899830549955368,-0.11328449845314026,-0.175752192735672,-0.2244309037923813,-0.20538797974586487,-0.20051220059394836,0.281684011220932,0.2035481035709381,-0.030520956963300705,-0.05358767509460449,-0.21614530682563782,-0.18230658769607544,0.20075088739395142,0.6876713633537292,0.09626290947198868,0.1850799173116684,0.4918476939201355,0.017875175923109055,0.07045355439186096,-0.31614866852760315,0.08838215470314026,-0.35558173060417175,-0.011093421839177608,0.30105826258659363,-0.23350398242473602,-0.2725915014743805,0.1497334986925125,-0.3175778090953827,-0.5872295498847961,0.17565180361270905,-0.39761796593666077],""gru.weight_hh"":[0.199093759059906,-0.1091453805565834,0.004052066709846258,0.020606933161616325,-0.14774036407470703,-0.3153887093067169,0.006613633595407009,0.3552575409412384,-0.16347092390060425,-0.16078346967697144,-0.2724326252937317,0.13782979547977448,0.030116548761725426,0.2758990228176117,-0.18807508051395416,-0.1892871856689453,-0.11073092371225357,-0.35704505443573,-0.010853665880858898,-0.3196069002151489,-0.19946174323558807,0.034438133239746094,-0.1159415915608406,0.2673807144165039,0.147340327501297,0.404287725687027,0.1755395233631134,0.2425907999277115,-0.14150363206863403,-0.12307322025299072,-0.03441120684146881,0.049216728657484055,-0.4088424742221832,-0.21152466535568237,-0.19368889927864075,-0.32726433873176575,0.12571460008621216,0.06287625432014465,-0.003254357725381851,0.1366952508687973,0.24669958651065826,-0.283867746591568,-0.17403925955295563,0.1708650141954422,-0.021802442148327827,-0.07370233535766602,0.026420174166560173,0.3237360715866089,-0.34973442554473877,0.1768023520708084,0.3707370162010193,-0.10190710425376892,0.13402976095676422,0.37486299872398376,0.017356451600790024,-0.2075551152229309,0.40249836444854736,0.12151622027158737,-0.08022288233041763,-0.07663566619157791,0.37487149238586426,-0.479682058095932,0.030285486951470375,-0.4275403916835785,0.35501277446746826,-0.12679803371429443,0.37955692410469055,0.19014257192611694,-0.17041823267936707,0.38551250100135803,-0.7968627214431763,-0.3385964035987854,0.03447456285357475,0.15111245214939117,0.35856860876083374,0.18055111169815063,-0.6059932112693787,0.32126325368881226,-0.377157598733902,-0.4634213447570801,0.7204577326774597,-0.12135427445173264,0.5032514333724976,0.06481227278709412,-0.10655058920383453,0.16991876065731049,-0.561821460723877,-0.5318412780761719,0.9027566909790039,0.1420072764158249,0.03027023933827877,0.18850389122962952,0.10895130783319473,-0.5574588179588318,-0.4698726236820221,-0.3692745864391327,0.648934543132782,0.4774237871170044,-0.040330592542886734,0.6467764973640442,-0.010773196816444397,-0.6380025744438171,-0.40835466980934143,-0.40436553955078125,-0.2212563008069992,0.34505265951156616,-0.4829397201538086,-0.40875184535980225,0.22521337866783142,0.3675805628299713,0.36694106459617615,0.19548572599887848,0.14898723363876343,0.517318069934845,-0.09347527474164963,0.1819538027048111,0.46118223667144775,-0.42733970284461975,-0.4328201413154602,0.11436736583709717,0.5777053236961365,-0.2816929519176483,0.4534258246421814,0.5638073682785034,0.06297177076339722,-0.1323477327823639,-0.6646175384521484,-0.317607581615448,-0.11293651163578033,-0.12934309244155884,0.11070139706134796,0.116655632853508,0.24151642620563507,0.330457478761673,0.0777430310845375,-0.4834820330142975,-0.30868664383888245,0.31628912687301636,-0.4062894880771637,-0.23670390248298645,0.07219192385673523,-0.3137414753437042,-0.26080453395843506,0.08070852607488632,0.3043787181377411,0.2900431454181671,0.04589023441076279,0.13558024168014526,-0.3278186619281769,-0.15343375504016876,0.024905839934945107,-0.4121864140033722,0.16391773521900177,0.06619323045015335,0.3076016902923584,0.21282202005386353,0.07526085525751114,0.2088724672794342,0.25920480489730835,-0.14312325417995453,0.12611494958400726,0.1731114238500595,-0.48957502841949463,-0.42173850536346436,-0.19301213324069977,-0.05451007932424545,-0.25058817863464355,0.24624688923358917,0.2419644594192505,-0.14778077602386475,-0.0879732221364975,-0.20928619801998138,-0.02395564503967762,-0.0376642681658268,-0.18260307610034943,0.0018416399834677577,-0.013546919450163841,0.37714579701423645,-0.6519408822059631,0.08651077002286911,0.148042693734169,-0.33125925064086914,-0.08905055373907089,-0.03890611231327057,-0.08998555690050125,0.026010464876890182,0.06157634034752846,-0.03879707306623459,-0.055660881102085114,-0.2141573280096054,0.1868276745080948,0.007012310437858105],""gru.bias_ih"":[-0.2535119354724884,-0.031238466501235962,0.22838270664215088,-0.15151099860668182,0.09894837439060211,-0.36560532450675964,0.23141351342201233,-0.5709050893783569,-0.043683022260665894,-0.029759300872683525,-0.6028767228126526,0.039072439074516296,-0.13706307113170624,0.11770125478506088,-0.16649121046066284,-0.351054847240448,-0.0021650667767971754,-0.21511046588420868,-0.027232736349105835,-0.28541719913482666,-0.15862180292606354,0.34939277172088623,0.1953953355550766,0.20766237378120422],""gru.bias_hh"":[-0.17162007093429565,0.38257506489753723,0.3151082694530487,-0.17664627730846405,0.0750642642378807,-0.3374602496623993,0.14302895963191986,-0.3092218041419983,-0.39462441205978394,0.05489231273531914,-0.6658139824867249,-0.02374957501888275,-0.4936542212963104,0.5640649199485779,-0.21762427687644958,-0.3212859034538269,-0.2947748005390167,0.3348511755466461,-0.06719500571489334,-0.23710386455059052,-0.13973189890384674,0.09627557545900345,0.0901394933462143,0.042673077434301376],""head.weight"":[0.1727413386106491,-0.34871724247932434,0.38026681542396545,0.03386718034744263,-0.20608028769493103,-0.3095508813858032,-0.28397050499916077,-0.5102407932281494],""head.bias"":[0.16298115253448486]}"
840517,GRU_8,120,321,0.5653600811958313,2.1585863369999174,"{""gru.weight_ih"":[-0.6385207772254944,0.3809199631214142,0.5096598863601685,-0.6837213039398193,-0.17238502204418182,-0.21532754600048065,-0.562798023223877,-0.5086464881896973,0.4435647130012512,-0.1657731533050537,0.28691357374191284,0.7016556262969971,0.35090118646621704,-0.7856609225273132,0.20378389954566956,-0.704358696937561,0.9434740543365479,-0.22915680706501007,0.5288870334625244,-0.43606871366500854,0.4867298901081085,-0.20208516716957092,-0.3127804100513458,-0.07688690721988678,-0.15771028399467468,-0.48399707674980164,0.573840320110321,-0.3736926019191742,-0.17016597092151642,0.4726974070072174,-0.07301389425992966,-0.7574178576469421,0.11216779798269272,-0.2420484721660614,-0.742627739906311,0.662293016910553,-0.2017642706632614,-0.3865625262260437,0.09549665451049805,-0.031778305768966675,0.3983539342880249,-0.34098950028419495,-0.09875287115573883,-0.3208894729614258,-0.3857032358646393,-0.19443778693675995,-0.39312437176704407,0.3518467843532562,0.27920591831207275,-0.11153744161128998,-0.2199568748474121,-0.26729702949523926,-0.20415781438350677,0.22951263189315796,0.7988927364349365,0.00978931412100792,0.1390628069639206,0.6127746105194092,-0.16782322525978088,-0.28155001997947693,-0.42065855860710144,0.07460982352495193,-0.327594131231308,-0.046554192900657654,0.3744368553161621,-0.29980990290641785,-0.3616442084312439,0.1300441026687622,-0.43257519602775574,-0.6616901159286499,0.2466816008090973,-0.2818765640258789],""gru.weight_hh"":[0.12209326028823853,-0.07263368368148804,0.07166361808776855,-0.005197426769882441,-0.18866407871246338,-0.28556373715400696,-0.05668940022587776,0.32628366351127625,-0.19588354229927063,-0.05611032247543335,-0.26726725697517395,0.1254538744688034,0.03215691074728966,0.2986817955970764,-0.18899278342723846,-0.1929381936788559,-0.14063210785388947,-0.2708452641963959,0.2056015282869339,-0.2903328835964203,-0.41997501254081726,-0.005740939173847437,-0.37830492854118347,0.0588519424200058,-0.08527357131242752,0.15486711263656616,0.47654303908348083,0.11276695877313614,-0.431537389755249,0.057582274079322815,-0.32115375995635986,-0.1177421510219574,-0.25922831892967224,-0.2834720015525818,-0.12405160814523697,-0.2586645483970642,0.05699845775961876,0.07005690038204193,-0.100864477455616,0.010762601159512997,0.11606424301862717,-0.25277814269065857,-0.21791358292102814,0.07686131447553635,0.001366261625662446,-0.037403203547000885,0.044823501259088516,0.39493486285209656,-4.042265936732292e-05,0.13398097455501556,0.3966134488582611,0.09623203426599503,0.11041820794343948,0.36054757237434387,0.07216542214155197,-0.28059425950050354,0.4452337920665741,0.19280119240283966,-0.101260244846344,-0.0398767814040184,0.44286566972732544,-0.5064852833747864,0.07624134421348572,-0.4170498847961426,0.6562331914901733,-0.3022530674934387,0.5946816205978394,0.5980246663093567,-0.37366732954978943,-0.1248374879360199,-1.0150153636932373,-0.5695099830627441,0.4870905876159668,0.03719717264175415,0.6213361620903015,0.5088258981704712,-0.7733351588249207,0.008494607172906399,-0.6222987174987793,-0.7024996876716614,1.1022354364395142,-0.22768644988536835,0.6097671985626221,0.3444283604621887,-0.12483459711074829,-0.16150297224521637,-0.6254693269729614,-0.6812706589698792,1.3070663213729858,-0.0804135650396347,0.26973581314086914,0.6180139780044556,-0.0756765678524971,-0.9324317574501038,-0.6757796406745911,-0.6382202506065369,0.6582410335540771,0.845481812953949,-0.21128539741039276,0.7730337977409363,0.1726168990135193,-0.8977501392364502,-0.4950861632823944,-0.3602065443992615,-0.37761062383651733,0.42706766724586487,-0.6273760199546814,-0.4866410195827484,0.2794365882873535,0.40495893359184265,0.43931692838668823,0.30597326159477234,0.18885383009910583,0.839784562587738,-0.17046841979026794,0.3480648398399353,0.6244608759880066,-0.7366923093795776,-0.6140449643135071,0.07329064607620239,0.7849891185760498,-0.2783730924129486,0.51598060131073,0.7673561573028564,0.07419998198747635,-0.3865741193294525,-0.7734158039093018,-0.43305402994155884,-0.031015334650874138,-0.13807055354118347,0.0466495007276535,0.15740947425365448,0.29531213641166687,0.2969438135623932,0.15332373976707458,-0.46709930896759033,-0.3510168492794037,0.36276012659072876,-0.419792503118515,-0.2560548484325409,0.0735827386379242,-0.3035442531108856,-0.26804208755493164,0.09075095504522324,0.4664094150066376,0.17480920255184174,0.06755030900239944,0.22264020144939423,-0.3181796371936798,-0.21325059235095978,0.06145702674984932,-0.4473745822906494,0.3554583787918091,0.13646720349788666,0.055378176271915436,0.34221115708351135,0.2653800845146179,0.11289720982313156,0.5314911007881165,-0.017823204398155212,0.05640730261802673,0.26594874262809753,-0.5127812027931213,-0.45442190766334534,-0.1875559687614441,-0.032384634017944336,-0.2628270089626312,0.2605007588863373,0.21357564628124237,-0.14098979532718658,-0.0819348469376564,-0.22337974607944489,-0.03297822177410126,-0.0271601565182209,-0.19666017591953278,0.0029754703864455223,-0.06749393045902252,0.4502389430999756,-0.7439277768135071,0.05476061999797821,0.18512006103992462,-0.3176768124103546,-0.05859776958823204,0.021186165511608124,-0.14483362436294556,0.09496788680553436,0.04675736650824547,-0.06533560901880264,-0.052416712045669556,-0.19883397221565247,0.17255902290344238,0.02134431153535843],""gru.bias_ih"":[-0.24169769883155823,-0.016550149768590927,0.24722084403038025,-0.04339843988418579,0.15914016962051392,-0.3651295006275177,0.285697340965271,-0.6082018613815308,-0.01016569696366787,-0.1030164286494255,-0.7934901118278503,0.07030712068080902,-0.35495126247406006,0.1902463436126709,-0.44295933842658997,-0.5107629895210266,-0.008972318843007088,-0.2140243798494339,-0.03644881770014763,-0.3196391761302948,-0.15174667537212372,0.3447476029396057,0.1946236491203308,0.21373824775218964],""gru.bias_hh"":[-0.15980574488639832,0.3972633481025696,0.3339463770389557,-0.06853374093770981,0.13525603711605072,-0.33698442578315735,0.19731295108795166,-0.3465188145637512,-0.36110708117485046,-0.01836480386555195,-0.8564273715019226,0.007485107518732548,-0.7115429043769836,0.6366099715232849,-0.4940923750400543,-0.4809940457344055,-0.3156103491783142,0.34091442823410034,-0.08206891268491745,-0.3079225420951843,-0.1364787220954895,0.09984750300645828,0.08116185665130615,0.045156389474868774],""head.weight"":[0.23304350674152374,-0.4336940050125122,0.4972566068172455,0.06514834612607956,-0.2537805736064911,-0.31695806980133057,-0.3292301297187805,-0.5736235976219177],""head.bias"":[0.16466408967971802]}"
840517,GRU_8,240,321,0.5232863903045655,4.2791125490001605,"{""gru.weight_ih"":[-0.7645604014396667,0.3594708740711212,0.5345443487167358,-0.8153799176216125,-0.4438447654247284,-0.2369549423456192,-0.7460386753082275,-1.0261386632919312,0.6329506039619446,-0.40082648396492004,0.4250659942626953,0.7497272491455078,0.32657334208488464,-1.212904691696167,0.22157227993011475,-0.7677450776100159,1.5825670957565308,-0.19115763902664185,0.5804579854011536,-0.8293935060501099,0.41496989130973816,-0.28383684158325195,-0.7981010675430298,-0.1637668013572693,-0.30391404032707214,-0.9192785024642944,0.6378042101860046,-0.3901742100715637,-0.2562621533870697,0.4391113817691803,0.1129460334777832,-1.0263525247573853,0.009419422596693039,-0.3822445869445801,-1.1429353952407837,0.7140807509422302,-0.14649921655654907,-0.7624367475509644,-0.5586158037185669,0.010428153909742832,0.3822764754295349,-0.33207663893699646,-0.1972535401582718,-0.3209835886955261,-0.6072133183479309,-0.09231125563383102,-0.5698823928833008,0.3349922001361847,0.34974515438079834,-0.10118475556373596,-0.251760333776474,-0.3091098666191101,-0.34087899327278137,0.2368186116218567,0.9067222476005554,0.029351504519581795,0.07138119637966156,0.7066642045974731,-0.12368214875459671,-0.3598597049713135,-0.5407620072364807,0.030085738748311996,-0.18400989472866058,-0.04856700450181961,0.5638964772224426,-0.35756999254226685,-0.45036759972572327,0.033832162618637085,-0.3908454179763794,-0.7143762111663818,0.2756178379058838,-0.2693067193031311],""gru.weight_hh"":[0.08989765495061874,-0.05040187016129494,0.04447445273399353,0.012596460059285164,-0.10759887844324112,-0.20009924471378326,-0.029492804780602455,0.355133593082428,-0.17384734749794006,0.15434511005878448,-0.28988009691238403,0.1479395031929016,0.12323477119207382,0.3397665321826935,-0.1873929500579834,-0.19531197845935822,-0.23640738427639008,0.20645976066589355,0.23368823528289795,-0.3470457196235657,-0.28607839345932007,0.01023312471807003,-0.5454786419868469,-0.05722326785326004,-0.08834868669509888,-0.2855117917060852,0.5329481363296509,0.12219198048114777,-0.45803001523017883,0.3249094486236572,-0.37000253796577454,-0.06035332754254341,-0.41274306178092957,-0.2613163888454437,-0.17141775786876678,-0.21531221270561218,0.14637236297130585,0.0685982033610344,-0.10704288631677628,0.07889213413000107,-0.037425920367240906,-0.41351574659347534,-0.2434893697500229,-0.09282692521810532,-0.033427704125642776,0.15317529439926147,0.015730489045381546,0.45571714639663696,0.34111401438713074,0.12376122921705246,0.35943058133125305,0.5528866052627563,0.18658781051635742,0.2746201753616333,0.19403919577598572,-0.23556645214557648,0.6712028980255127,0.4164023995399475,-0.1079367995262146,0.09391903877258301,0.6094003319740295,-0.5387017726898193,0.1612836867570877,-0.42594364285469055,0.690027117729187,-0.24009999632835388,0.6573396325111389,0.7465073466300964,-0.3933833837509155,-0.9595264196395874,-1.1112724542617798,-0.6745966076850891,1.024049162864685,0.1216263547539711,0.7147905826568604,0.8671481013298035,-0.713040292263031,-0.37821170687675476,-0.5296830534934998,-0.750102162361145,1.249035120010376,-0.024873388931155205,0.5379768013954163,0.5284575819969177,0.050144121050834656,-0.5058768391609192,-0.419382780790329,-0.6264103651046753,1.307196021080017,-0.021000366657972336,0.3225181996822357,0.7477437853813171,-0.0930798351764679,-1.4662115573883057,-0.7460961937904358,-0.7177396416664124,1.1612136363983154,1.6142191886901855,-0.6244099140167236,1.031665563583374,0.7443614602088928,-0.8168811202049255,0.04696906358003616,-0.019871389493346214,-0.720050036907196,0.5221729874610901,-0.8523256182670593,-0.6977280378341675,0.24187001585960388,0.5234645009040833,0.4962942600250244,0.47426289319992065,0.14598561823368073,1.059904932975769,-0.23313331604003906,0.37622106075286865,0.7282842397689819,-0.8168513178825378,-0.5276743769645691,0.13879334926605225,0.8535704612731934,-0.1327395737171173,0.46324002742767334,0.9207543730735779,0.1743517965078354,-0.5959503650665283,-0.6428543329238892,-0.3886284828186035,-0.03897126391530037,-0.105560801923275,0.05245111510157585,0.15847080945968628,0.2792304754257202,0.22355525195598602,0.13059265911579132,-0.4931202828884125,-0.3464054763317108,0.4565500020980835,-0.4697713851928711,-0.2574782371520996,0.12501260638237,-0.2786516547203064,-0.24894312024116516,0.10215659439563751,0.5450490117073059,0.15542884171009064,0.15973228216171265,0.2608949840068817,-0.362796425819397,-0.33164161443710327,0.08098317682743073,-0.48815369606018066,0.14292578399181366,0.307650089263916,-0.040890276432037354,0.25748756527900696,0.29602476954460144,-0.059152763336896896,0.5142499208450317,-0.00751792686060071,-0.0005089043988846242,0.30528584122657776,-0.5702127814292908,-0.4693267047405243,-0.15031783282756805,0.02304067090153694,-0.2931019365787506,0.2677309513092041,0.18788984417915344,-0.20574699342250824,-0.04262450709939003,-0.24764502048492432,-0.06767702102661133,0.011313503608107567,-0.23487843573093414,-0.007396354805678129,-0.10201181471347809,0.46644747257232666,-0.7933289408683777,0.03282056003808975,0.19878605008125305,-0.3038468062877655,-0.06335914880037308,0.019810548052191734,-0.13724179565906525,0.22348827123641968,-0.06410080939531326,-0.0583651140332222,0.027084043249487877,-0.1641247272491455,0.23657934367656708,0.06944157928228378],""gru.bias_ih"":[-0.2691941261291504,-0.03130028769373894,0.2606101930141449,-0.08005949854850769,0.14225676655769348,-0.33180126547813416,0.23776817321777344,-0.6302171945571899,-0.059192437678575516,-0.19124117493629456,-0.9249202609062195,0.0409073680639267,-0.32762664556503296,0.49138569831848145,-0.5435118675231934,-0.5866386890411377,-0.009766548871994019,-0.21829216182231903,-0.022858360782265663,-0.33456629514694214,-0.15951131284236908,0.33655232191085815,0.18721647560596466,0.20659121870994568],""gru.bias_hh"":[-0.1873021274805069,0.3825131952762604,0.34733566641807556,-0.10519479215145111,0.11837263405323029,-0.3036561906337738,0.1493837684392929,-0.3685342073440552,-0.41013380885124207,-0.10658960044384003,-0.9878575205802917,-0.02191464975476265,-0.6842178702354431,0.9377489686012268,-0.5946446061134338,-0.5568697452545166,-0.3250063359737396,0.3433980643749237,-0.07761839777231216,-0.34455153346061707,-0.1469889134168625,0.10992784798145294,0.0679396316409111,0.041323017328977585],""head.weight"":[0.27594858407974243,-0.5139105916023254,0.6168357133865356,0.08531041443347931,-0.3138621151447296,-0.3296315371990204,-0.372358500957489,-0.6190186142921448],""head.bias"":[0.17008188366889954]}"
840518,SENSORY_SITE,60,4,0.5822585344314575,0.8442012530001648,"{""raw"":[2.433833360671997,0.4755861163139343,0.16960261762142181,-0.5414847135543823]}"
840518,SENSORY_SITE,120,4,0.5806625276803971,1.6754900910001993,"{""raw"":[2.305544853210449,0.8586018681526184,0.24470405280590057,-0.6143676042556763]}"
840518,SENSORY_SITE,240,4,0.5954826921224594,3.376483629999939,"{""raw"":[2.1980409622192383,1.4369133710861206,0.36010220646858215,-0.6660333871841431]}"
840518,OUTPUT_SITE,60,4,0.6581427752971649,0.8362360399997328,"{""raw"":[2.1885600090026855,0.714320957660675,-0.1386631280183792,-0.5385349988937378]}"
840518,OUTPUT_SITE,120,4,0.6233457207679749,1.6731738290000067,"{""raw"":[1.704850196838379,1.1418966054916382,-0.12094292044639587,-0.40675076842308044]}"
840518,OUTPUT_SITE,240,4,0.6002937734127045,3.340336873999888,"{""raw"":[1.1266577243804932,1.7351657152175903,-0.1012057363986969,0.03711189702153206]}"
840518,NO_FEEDBACK,60,4,0.6522674918174743,0.802975037000067,"{""raw"":[2.1805129051208496,0.7050994038581848,-0.004945119842886925,-0.03432655334472656]}"
840518,NO_FEEDBACK,120,4,0.6170918107032776,1.6055540819999692,"{""raw"":[1.6767284870147705,1.1022124290466309,-0.07786010950803757,0.12917986512184143]}"
840518,NO_FEEDBACK,240,4,0.5807848274707794,3.2395713340003454,"{""raw"":[1.1297968626022339,1.6916007995605469,0.06155867874622345,0.261888712644577]}"
840518,GENERIC_RNN,60,4,0.6616889834403992,0.6545324149999487,"{""raw"":[0.5444158911705017,0.6592051982879639,0.07311996072530746,0.3204953670501709]}"
840518,GENERIC_RNN,120,4,0.7053710639476776,1.3020839109998406,"{""raw"":[0.6812661290168762,0.8301512598991394,0.08928738534450531,0.38071247935295105]}"
840518,GENERIC_RNN,240,4,0.6263530015945434,2.6053207829997405,"{""raw"":[0.8677547574043274,1.0841459035873413,0.13227656483650208,0.4413882791996002]}"
840518,GRU_8,60,321,0.6122499942779541,1.069322044000046,"{""gru.weight_ih"":[-0.6883276700973511,-0.500053346157074,0.011513645760715008,0.38875845074653625,0.025910085067152977,-0.17612622678279877,0.18704135715961456,0.37158042192459106,0.0069952309131622314,0.4359050691127777,-0.12405886501073837,-0.1358921378850937,-0.4341214597225189,-0.26438459753990173,-0.14942319691181183,0.3937554359436035,0.032385896891355515,-0.26609399914741516,0.16242633759975433,-0.07583420723676682,0.29093489050865173,-0.196383997797966,-0.2867245376110077,0.06373167783021927,-0.005123076494783163,-0.2109743058681488,-0.07072966545820236,-0.6073361039161682,-0.17229339480400085,-0.08486687391996384,-0.4776609539985657,-0.4014447331428528,0.6935283541679382,0.2045775055885315,-0.6614012122154236,-0.2165936827659607,-0.486522376537323,-0.09557697921991348,0.012822847813367844,-0.1475401520729065,-0.09372546523809433,0.2794319987297058,0.7237292528152466,0.11864447593688965,-0.7224775552749634,-0.39701271057128906,-0.4400780498981476,0.08339822292327881,0.5470407605171204,0.3195509612560272,0.3096892535686493,0.19317807257175446,0.3839101195335388,-0.00891075935214758,0.2514241337776184,0.32516226172447205,0.09568186104297638,0.4552331864833832,-0.21681663393974304,0.19308854639530182,-0.3254278004169464,-0.5440482497215271,-0.21972884237766266,-0.5733204483985901,-0.006882327143102884,-0.130254328250885,0.3410852551460266,-0.31574374437332153,-0.18192966282367706,-0.2505938410758972,-0.274125874042511,0.5120327472686768],""gru.weight_hh"":[-0.45722848176956177,-0.29641053080558777,-0.07390083372592926,-0.16055239737033844,0.11136305332183838,0.13409706950187683,0.2987518906593323,0.34689584374427795,-0.21419428288936615,0.18367606401443481,0.36053749918937683,0.03725627064704895,0.27842575311660767,0.06923391669988632,0.32457655668258667,-0.15433739125728607,0.5191934108734131,0.20160134136676788,-0.1112697646021843,-0.28060925006866455,0.2230544537305832,0.12399838864803314,0.03522583842277527,0.25679558515548706,-0.236084446310997,-0.3531215488910675,-0.11641831696033478,-0.11850936710834503,-0.192969411611557,-0.010926077142357826,0.01949082501232624,-0.13073743879795074,-0.34779608249664307,-0.11680209636688232,-0.19373027980327606,-0.04168614745140076,0.058875225484371185,-0.1411406546831131,0.2396886795759201,-0.21468102931976318,-0.16445443034172058,0.4530888795852661,0.23405016958713531,-0.280543714761734,-0.0491931326687336,0.0347488671541214,0.08762349933385849,-0.1815406233072281,0.2522321045398712,0.07253065705299377,-0.2928045094013214,-0.07693438231945038,-0.1880827248096466,-0.47154659032821655,0.26645320653915405,-0.15764838457107544,-0.3861299753189087,0.00352862267754972,0.04916476085782051,0.005197567865252495,0.11306756734848022,-0.0458088293671608,-0.34639695286750793,-0.1311236470937729,0.41749808192253113,0.2040412575006485,-0.9007672071456909,-0.28473228216171265,-0.08210977911949158,-0.02696675807237625,-0.2927141785621643,0.4125818610191345,0.4266212582588196,0.2544923722743988,0.3846362829208374,0.4165778160095215,-0.23242226243019104,-0.5293572545051575,-0.1606544703245163,-0.3927956223487854,0.25276508927345276,0.2090810239315033,-0.09935956448316574,0.1674974411725998,-0.4516986310482025,-0.4938816428184509,0.28471434116363525,0.37523236870765686,-0.6347430348396301,-0.007754516322165728,-0.6659925580024719,-0.3556761145591736,0.2517681419849396,-0.07767977565526962,0.05656081438064575,0.013843605294823647,0.26045048236846924,-0.06214336305856705,-0.18134886026382446,0.5259492993354797,-0.16369672119617462,-0.7097941637039185,0.36890923976898193,-0.32196566462516785,0.01673137955367565,0.2984733283519745,-0.24732249975204468,-0.5252236723899841,-0.3915442228317261,-0.21756310760974884,-0.40243101119995117,0.3884790241718292,-0.7962165474891663,-0.45008838176727295,-0.021802574396133423,-0.44923025369644165,0.4230644106864929,0.7608063220977783,-0.3399260640144348,0.4485248327255249,-0.27527937293052673,0.14897207915782928,0.048171479254961014,0.20565108954906464,0.10468938201665878,-0.17186570167541504,-0.13737113773822784,-0.7290357947349548,0.12813080847263336,0.6428776979446411,-0.11252431571483612,-0.028970658779144287,0.17328496277332306,-0.27008169889450073,-0.18364836275577545,-0.41031602025032043,-0.008466191589832306,-0.08907268941402435,-0.237732395529747,0.21426594257354736,-0.02952871285378933,0.009630224667489529,0.2090909779071808,-0.2804967164993286,0.43740952014923096,0.1311483383178711,-0.25990402698516846,0.4380156695842743,0.038123663514852524,-0.38934358954429626,-0.17932440340518951,0.14925585687160492,0.3702249526977539,-0.21088376641273499,0.27984777092933655,0.4139999747276306,-0.052053265273571014,-0.43512415885925293,-0.07578007131814957,-0.3614482283592224,-0.2909245789051056,-0.2407410591840744,0.0491131916642189,0.10420011729001999,-0.05195681378245354,0.3661126494407654,-0.2100275456905365,0.4081513285636902,-0.44744449853897095,-0.2625878155231476,-0.11445236206054688,-0.09014218300580978,-0.15491259098052979,0.0057755447924137115,-0.3593536615371704,0.599797785282135,0.5791957378387451,-0.023674525320529938,-0.08986679464578629,-0.05924684554338455,-0.013810515403747559,-0.44536110758781433,0.08195126056671143,-0.3014751970767975,-0.5183916687965393,0.285688191652298,0.2756780982017517,0.10661561787128448,-0.0760997086763382,-0.06636486202478409,-0.046004798263311386,-0.07189897447824478],""gru.bias_ih"":[0.09221077710390091,-0.2622099220752716,0.29721173644065857,-0.20595696568489075,0.1839873343706131,-0.08447165042161942,0.1802811622619629,-0.20778019726276398,-0.7838730216026306,0.20013467967510223,-0.07583315670490265,-0.2724546492099762,0.030215656384825706,-0.6589729189872742,0.030631909146904945,0.4932067394256592,0.11710622161626816,-0.13371558487415314,0.3900304436683655,0.20603860914707184,0.14936463534832,0.14041386544704437,0.03208605572581291,-0.2564769387245178],""gru.bias_hh"":[-0.19904223084449768,-0.21450281143188477,-0.2348496913909912,0.3585164248943329,-0.3915177285671234,-0.07784748822450638,-0.08408315479755402,-0.03518842160701752,-0.8715929985046387,-0.22831940650939941,0.0406772643327713,-0.3767297863960266,0.0011204646434634924,-0.22644543647766113,-0.16081735491752625,0.7224350571632385,-0.2529323399066925,0.3630462884902954,0.3182656466960907,0.09213504940271378,-0.030002737417817116,-0.10808240622282028,0.21948115527629852,0.21685348451137543],""head.weight"":[0.36876386404037476,0.19631855189800262,0.30572426319122314,0.2507861256599426,-0.22272752225399017,-0.4092339277267456,0.3614044189453125,-0.19368764758110046],""head.bias"":[-0.1872863471508026]}"
840518,GRU_8,120,321,0.4923263221979141,2.131688757000063,"{""gru.weight_ih"":[-0.660241425037384,-0.734693706035614,0.12967891991138458,0.5064948797225952,-0.05154140293598175,-0.20704945921897888,0.19619593024253845,0.345420777797699,0.008582965470850468,0.4829135537147522,-0.3552790880203247,-0.2638515830039978,-0.44307610392570496,-0.5972543358802795,-0.10821966081857681,0.6358415484428406,-0.41971853375434875,-0.3170102536678314,0.6625258922576904,-0.7038569450378418,0.11768126487731934,-0.2734403908252716,-0.2872103154659271,0.32630956172943115,0.006545878481119871,-0.32136741280555725,-0.17174774408340454,-0.923427164554596,-0.3155374526977539,0.014940336346626282,-0.5344539880752563,-0.41656050086021423,0.8401920795440674,0.22972171008586884,-0.6937496066093445,-0.2568838596343994,-0.5174899697303772,-0.12119320034980774,0.30348411202430725,-0.05685169994831085,-0.23967622220516205,0.1637101024389267,0.8375492095947266,0.044760722666978836,-0.843981921672821,-0.36265993118286133,-0.8572773337364197,0.03462040796875954,0.6793448328971863,0.3282848298549652,0.20638439059257507,0.25440868735313416,0.39867913722991943,-0.07200278341770172,0.29669812321662903,0.36554795503616333,0.19238997995853424,0.5042120814323425,-0.22079434990882874,0.15228401124477386,-0.36710304021835327,-0.6027271747589111,-0.30481985211372375,-0.6933022141456604,0.0018683758098632097,-0.10801070928573608,0.49651792645454407,-0.3638764023780823,-0.22946889698505402,-0.29656797647476196,-0.26198112964630127,0.7968485951423645],""gru.weight_hh"":[-0.516764223575592,-0.4279029667377472,0.018702855333685875,-0.0540199801325798,0.09974226355552673,0.07598204165697098,0.3779708445072174,0.8703417181968689,-0.2238469272851944,0.27341407537460327,0.366213858127594,0.06705301254987717,0.2724551856517792,-0.02390180341899395,0.4589451551437378,-0.3294917047023773,0.5259087085723877,0.25691917538642883,-0.10480549186468124,-0.2817172706127167,0.2190111130475998,0.11864317953586578,0.04896053671836853,0.23062540590763092,-0.36109158396720886,-0.3550550639629364,-0.1281266063451767,-0.1409289538860321,-0.1669234037399292,0.07591841369867325,-0.018986385315656662,-0.18544209003448486,-0.37259936332702637,-0.07018963992595673,-0.14249952137470245,-0.009149918332695961,0.05144691839814186,-0.21073538064956665,0.35405731201171875,-0.09214901179075241,-0.3038603365421295,0.5911524295806885,0.27668818831443787,-0.23221349716186523,-0.017830191180109978,-0.010769437067210674,0.23117998242378235,-0.26972442865371704,-0.009701990522444248,-0.012857472524046898,-0.33760160207748413,-0.11141408234834671,0.003708980977535248,-0.3495218753814697,0.29792726039886475,-0.11791756749153137,-0.2789924740791321,-0.09258643537759781,0.0781424343585968,0.04237344488501549,0.047196369618177414,-0.10864882171154022,-0.4151047468185425,0.2647224962711334,0.3664771318435669,0.1389990746974945,-1.2027223110198975,-0.5098928213119507,-0.06325696408748627,0.03644281625747681,-0.4547273516654968,0.04852518066763878,0.5393263697624207,0.5315154790878296,0.3438790440559387,0.4628823697566986,-0.32708004117012024,-0.8025456070899963,0.18763411045074463,-0.888866662979126,0.4145009517669678,0.3015148937702179,-0.27375465631484985,0.07169833034276962,-0.5368189811706543,-0.6074184775352478,0.3449425995349884,-0.10198929160833359,-0.6396640539169312,-0.07319091260433197,-0.8637586832046509,-0.5045979619026184,0.19592051208019257,-0.03698296844959259,-0.12342598289251328,0.10172240436077118,0.4679815173149109,0.14639423787593842,-0.2722855806350708,0.5753300786018372,-0.29901060461997986,-1.0450280904769897,0.6729482412338257,-0.914595901966095,-0.07758402824401855,0.11393025517463684,-0.48696818947792053,-0.690803587436676,-0.41815581917762756,-0.16246217489242554,-0.5276510119438171,0.42086896300315857,-0.928804337978363,-0.6134696006774902,-0.198138028383255,-0.6692536473274231,0.4987613558769226,0.9329184889793396,-0.6772555112838745,0.5169370174407959,-0.4062788486480713,0.1636938601732254,0.11008831113576889,0.25715163350105286,0.30215656757354736,-0.15294422209262848,-0.04744863137602806,-1.1288886070251465,0.16823190450668335,0.8504197001457214,-0.13268235325813293,-0.041472069919109344,0.16327038407325745,-0.3402020335197449,-0.08162965625524521,-0.7497103810310364,0.0018384447321295738,-0.024804972112178802,-0.24343538284301758,0.22584526240825653,-0.03898422792553902,-0.06654293090105057,0.3469173014163971,-0.46696391701698303,0.5074359178543091,0.1857636719942093,-0.2592334449291229,0.4476047158241272,0.014491721987724304,-0.4407687783241272,-0.10410123318433762,0.14823099970817566,0.40182265639305115,-0.13920721411705017,0.2815963625907898,0.41392025351524353,-0.060379695147275925,-0.4430639147758484,-0.02762278914451599,-0.44899988174438477,-0.42048323154449463,-0.2903873026371002,0.05069195106625557,0.09447031468153,-0.01592372916638851,0.4715641438961029,-0.3135533928871155,0.40127095580101013,-0.499866247177124,-0.44518396258354187,-0.111368827521801,-0.09299387782812119,-0.13131065666675568,0.09419288486242294,-0.4653896391391754,0.8301888108253479,0.5898163318634033,0.09319710731506348,-0.10292577743530273,-0.0666177049279213,-0.021390298381447792,-0.5081532001495361,0.15866662561893463,-0.5645484924316406,-0.3764086961746216,0.2673490047454834,0.3002541661262512,0.14299322664737701,-0.15109650790691376,-0.1679888814687729,-0.08757657557725906,0.2700977027416229],""gru.bias_ih"":[0.1455145925283432,-0.2556779980659485,0.3065178394317627,-0.2037612795829773,0.2296125590801239,-0.02187024988234043,0.19315274059772491,-0.2120617777109146,-1.032982349395752,0.1489201784133911,-0.22940805554389954,-0.44367730617523193,-0.10562589019536972,-0.905995786190033,-0.055574413388967514,0.9008516073226929,0.12337655574083328,-0.14938119053840637,0.38331955671310425,0.2028690129518509,0.15098707377910614,0.146675243973732,0.019681589677929878,-0.2634771168231964],""gru.bias_hh"":[-0.1457383930683136,-0.20797085762023926,-0.22554366290569305,0.36071228981018066,-0.3458924889564514,-0.015246090479195118,-0.07121153920888901,-0.03946997597813606,-1.1207023859024048,-0.2795339822769165,-0.11289767175912857,-0.5479525327682495,-0.1347210705280304,-0.47346821427345276,-0.24702364206314087,1.1300798654556274,-0.2594119608402252,0.35716214776039124,0.3137812614440918,0.09465114027261734,-0.019573912024497986,-0.11224759370088577,0.21675269305706024,0.21094632148742676],""head.weight"":[0.5191466212272644,0.2820816934108734,0.31459707021713257,0.27852392196655273,-0.26060429215431213,-0.5575465559959412,0.5342757701873779,-0.24053896963596344],""head.bias"":[-0.18816664814949036]}"
840518,GRU_8,240,321,0.4975165128707886,4.258750473000475,"{""gru.weight_ih"":[-0.5185670852661133,-0.971461832523346,0.13368767499923706,0.6449955701828003,-0.10855193436145782,-0.28943103551864624,0.23298439383506775,0.34016817808151245,0.10377003997564316,0.5388508439064026,-0.6456987857818604,-0.32909080386161804,-0.5559030771255493,-1.067986011505127,0.08480208367109299,0.8994010090827942,-0.889227032661438,-0.3718684911727905,1.0560545921325684,-1.3001972436904907,0.057469554245471954,-0.3171572983264923,0.0283206719905138,0.44743072986602783,-0.03902260959148407,-0.3758792281150818,-0.12235283106565475,-1.137271761894226,-0.42970913648605347,0.09372903406620026,-0.5758102536201477,-0.40952596068382263,1.1443672180175781,0.19871658086776733,-0.6796924471855164,-0.185262992978096,-0.4656546711921692,-0.12267211079597473,0.5893259048461914,-0.04343586787581444,-0.3336118459701538,0.24119804799556732,0.7879470586776733,0.08141671121120453,-0.7050384879112244,-0.1855180561542511,-0.8018301129341125,-0.0006489307852461934,0.7459695935249329,0.2868911325931549,0.06287389248609543,0.3453413248062134,0.3756730556488037,-0.17761042714118958,0.3318308889865875,0.4778438210487366,0.12991659343242645,0.5375179648399353,-0.21902014315128326,-0.0034160150680691004,-0.42561671137809753,-0.8239455819129944,-0.2577979862689972,-0.8187519311904907,0.06373568624258041,0.030392775312066078,0.5291700959205627,-0.40662696957588196,-0.35153883695602417,-0.29258492588996887,-0.1947786957025528,0.9357516169548035],""gru.weight_hh"":[-0.6392618417739868,-0.4878074526786804,0.12556599080562592,0.06083777919411659,0.1307445764541626,0.057311173528432846,0.4590558409690857,1.3189654350280762,-0.21390730142593384,0.3668549656867981,0.35109779238700867,0.06486979126930237,0.25667092204093933,-0.07271433621644974,0.4801129698753357,-0.4047998785972595,0.640998125076294,0.30636462569236755,-0.08466743677854538,-0.260363906621933,0.16588173806667328,0.012873873114585876,0.08599087595939636,0.38494202494621277,-0.40852537751197815,-0.33515486121177673,-0.12108035385608673,-0.13345672190189362,-0.2074635773897171,0.08785904198884964,-0.024366440251469612,0.029907459393143654,-0.3353762924671173,-0.09247384965419769,-0.17940476536750793,-0.08359184861183167,-0.02436324954032898,-0.12636025249958038,0.1836179792881012,-0.051729269325733185,-0.3877977132797241,0.703237771987915,0.2561003863811493,-0.19669046998023987,-0.024471674114465714,-0.12123209238052368,0.3674243986606598,-0.08810301870107651,-0.1306653767824173,0.03573419526219368,-0.33191725611686707,-0.03161292523145676,0.04337792098522186,-0.39757096767425537,0.4813571572303772,0.028297098353505135,-0.3194959759712219,-0.15464046597480774,0.23324833810329437,0.11774924397468567,-0.08721049129962921,0.046987712383270264,-0.7441443204879761,0.8959711194038391,0.37510284781455994,0.07319018989801407,-1.3681877851486206,-0.6268599033355713,-0.12705938518047333,0.03072095476090908,-0.44031116366386414,-0.025609780102968216,0.585293710231781,0.8145769834518433,0.3674645721912384,0.582656979560852,-0.45194169878959656,-1.0809582471847534,0.5920175313949585,-0.8071609735488892,0.46865198016166687,0.3423517048358917,-0.10743898898363113,0.2308390885591507,-0.7341527342796326,-0.7295047640800476,0.4762982726097107,-0.31393641233444214,-0.5794735550880432,-0.0011099728289991617,-0.9144694209098816,-0.5238043665885925,0.07249532639980316,-0.07514829188585281,-0.12494513392448425,0.28986334800720215,0.7208814024925232,0.19649705290794373,-0.27241331338882446,0.6709112524986267,-0.6827331781387329,-1.333433985710144,0.9178034663200378,-1.390536904335022,-0.046765297651290894,0.07888787984848022,-0.5771548748016357,-0.7316932082176208,-0.5841973423957825,-0.21188800036907196,-0.5138416290283203,0.7642383575439453,-0.8580499887466431,-0.5856286287307739,-0.12325691431760788,-0.6379786133766174,0.39771586656570435,0.8708297610282898,-0.7668845057487488,0.755835771560669,-0.5096471905708313,0.20114433765411377,0.15693582594394684,0.31246116757392883,0.4377118647098541,-0.14528724551200867,0.02252461388707161,-1.227996826171875,0.21989206969738007,1.0200443267822266,-0.15908443927764893,-0.052719004452228546,0.16422806680202484,-0.42775431275367737,-0.0029882253147661686,-1.0363608598709106,0.0060247089713811874,0.020024923607707024,-0.24777734279632568,0.2245715707540512,-0.060715675354003906,-0.07755643129348755,0.3750855624675751,-0.6124566197395325,0.4697628617286682,0.21016107499599457,-0.24708373844623566,0.44890284538269043,-0.003836095565930009,-0.4009473919868469,-0.24009360373020172,0.3033216595649719,0.39406412839889526,-0.09166182577610016,0.3084354102611542,0.4176619052886963,-0.10353328287601471,-0.3835812509059906,-0.17990687489509583,-0.43608567118644714,-0.4671652615070343,-0.32623204588890076,0.04724555090069771,0.08743119239807129,0.0035081899259239435,0.521657407283783,-0.3146272301673889,0.20628802478313446,-0.4929703176021576,-0.6090347766876221,-0.12946394085884094,-0.1014152243733406,-0.11858928948640823,0.12202250957489014,-0.4873459041118622,0.9534173011779785,0.646443784236908,0.27904197573661804,-0.11977991461753845,-0.05680054798722267,-0.020455852150917053,-0.6802796125411987,0.28441551327705383,-0.8342299461364746,-0.36585667729377747,0.2628875970840454,0.36549219489097595,0.16328372061252594,-0.2903628349304199,-0.1152225062251091,-0.35646799206733704,0.8747656941413879],""gru.bias_ih"":[0.2290041297674179,-0.24947914481163025,0.3089793026447296,-0.20320235192775726,0.18491239845752716,-0.02189013361930847,0.24948257207870483,-0.10642991214990616,-1.2098931074142456,0.15070930123329163,-0.1325984001159668,-0.5743830800056458,-0.15199622511863708,-1.074902892112732,-0.1651916652917862,1.2532614469528198,0.1338874250650406,-0.1491350680589676,0.387666255235672,0.21548253297805786,0.13816386461257935,0.1295669823884964,0.024491412565112114,-0.2749801576137543],""gru.bias_hh"":[-0.06224888563156128,-0.20177215337753296,-0.22308212518692017,0.3612711429595947,-0.39059269428253174,-0.015265976078808308,-0.014881682582199574,0.0661618784070015,-1.2976131439208984,-0.2777448892593384,-0.016088014468550682,-0.6786582469940186,-0.18109142780303955,-0.6423758864402771,-0.3566408157348633,1.4824894666671753,-0.2605041563510895,0.3659965693950653,0.3221750855445862,0.11331202834844589,-0.013705117627978325,-0.14994093775749207,0.22638769447803497,0.22650891542434692],""head.weight"":[0.6261093616485596,0.35852760076522827,0.3251149654388428,0.29989948868751526,-0.2829658091068268,-0.6789807677268982,0.6791706085205078,-0.2531116306781769],""head.bias"":[-0.1841677874326706]}"
840519,SENSORY_SITE,60,4,0.5681097447872162,0.8609004620001315,"{""raw"":[2.465322256088257,0.5214366316795349,0.28191787004470825,-0.4993080198764801]}"
840519,SENSORY_SITE,120,4,0.5730933785438538,1.6932846290001748,"{""raw"":[2.3473470211029053,0.8888773918151855,0.2553642690181732,-0.5807308554649353]}"
840519,SENSORY_SITE,240,4,0.5731661677360534,3.3601101009998047,"{""raw"":[2.20542311668396,1.4575029611587524,0.2972344160079956,-0.6347650289535522]}"
840519,OUTPUT_SITE,60,4,0.6553890645503998,0.8348070399998733,"{""raw"":[2.187748432159424,0.7048983573913574,0.27003636956214905,-0.41316530108451843]}"
840519,OUTPUT_SITE,120,4,0.6003340780735016,1.6707665809998957,"{""raw"":[1.690144658088684,1.0715786218643188,0.4794938564300537,-0.27981507778167725]}"
840519,OUTPUT_SITE,240,4,0.5889799177646637,3.3392427930000395,"{""raw"":[1.1520744562149048,1.730168342590332,0.4489155411720276,0.32946455478668213]}"
840519,NO_FEEDBACK,60,4,0.6054264426231384,0.8392927939996184,"{""raw"":[2.151169538497925,0.677520751953125,0.2867673635482788,-0.08674247562885284]}"
840519,NO_FEEDBACK,120,4,0.5774422943592071,1.6469699999995555,"{""raw"":[1.7039575576782227,1.0874642133712769,0.32646727561950684,-0.07162249088287354]}"
840519,NO_FEEDBACK,240,4,0.5944474309682846,3.2531629259991632,"{""raw"":[1.1498407125473022,1.7023011445999146,0.5227791666984558,0.10333650559186935]}"
840519,GENERIC_RNN,60,4,0.6678903937339783,0.6806652920001284,"{""raw"":[0.5623735189437866,0.6623859405517578,0.027985157445073128,0.34387415647506714]}"
840519,GENERIC_RNN,120,4,0.6548398792743683,1.3326171690000592,"{""raw"":[0.7103990912437439,0.8429111242294312,0.09591567516326904,0.42602548003196716]}"
840519,GENERIC_RNN,240,4,0.6286407232284545,2.630767005000166,"{""raw"":[0.8125520348548889,1.115584373474121,0.10826921463012695,0.366147518157959]}"
840519,GRU_8,60,321,0.6403206706047058,1.0561120420001089,"{""gru.weight_ih"":[0.5667414665222168,0.5140746235847473,0.02774200029671192,-0.21493637561798096,0.24425974488258362,0.46025076508522034,0.3925665020942688,0.15655755996704102,0.25549349188804626,0.13177599012851715,-0.5820198059082031,-0.07777056843042374,-0.03536899760365486,0.21534334123134613,-0.15223176777362823,-0.06969225406646729,0.13270577788352966,0.15813200175762177,0.08808466047048569,0.07747872173786163,0.18502789735794067,-0.13103453814983368,-0.38922062516212463,0.03802213445305824,-0.10369979590177536,-0.9148440361022949,0.054475411772727966,-0.04454414173960686,0.1397254914045334,0.3807844817638397,-0.023102136328816414,-0.22692085802555084,-0.3556479513645172,0.4968692362308502,-0.35317063331604004,-0.6380106806755066,-0.28753218054771423,-0.4418323338031769,0.3668117821216583,-0.03304847329854965,0.12794744968414307,0.25451338291168213,-0.06889738887548447,0.36775466799736023,-0.05702323839068413,-0.13475923240184784,-0.7302199006080627,0.5518876910209656,-0.647136390209198,-0.1849920004606247,-0.01583074778318405,-0.11280562728643417,-0.05844129994511604,-0.4724370837211609,-0.6942391991615295,0.06285762786865234,0.17151981592178345,0.29688453674316406,-0.27945056557655334,-0.007716177962720394,-0.29925769567489624,-0.288575679063797,-0.3255167603492737,-0.01676759123802185,-0.0697464644908905,0.09821014851331711,-0.13133153319358826,-0.024683546274900436,0.18452206254005432,-0.7563686966896057,-0.46240103244781494,0.12485045939683914],""gru.weight_hh"":[-0.31229373812675476,-0.4218509793281555,-0.2729392945766449,-0.13588151335716248,-0.15723010897636414,0.2970830798149109,0.18338893353939056,-0.30734363198280334,0.15883423388004303,-0.21564644575119019,0.13604947924613953,0.029237626120448112,0.2090255320072174,0.12380622327327728,0.1677107959985733,-0.32998836040496826,-0.39653468132019043,0.2574307918548584,-0.038655832409858704,0.22924922406673431,-0.17247842252254486,0.02206771820783615,0.13427504897117615,-0.35982003808021545,-0.020158814266324043,-0.20072734355926514,0.3103483021259308,-0.4126936197280884,0.18681681156158447,-0.06456103920936584,-0.18847276270389557,0.08834671229124069,-0.3176225423812866,-0.20884905755519867,-0.29758578538894653,0.196980819106102,-0.13597191870212555,-0.00640907883644104,0.23559659719467163,-0.22787141799926758,0.059723787009716034,0.23942731320858002,-0.18152642250061035,0.08504138886928558,-0.25391706824302673,-0.061813678592443466,0.13960334658622742,0.11592476069927216,-0.4326481223106384,-0.06910857558250427,0.19343484938144684,-0.1805172860622406,0.12777593731880188,0.35033339262008667,0.35996705293655396,-0.1130511537194252,-0.5561461448669434,-0.13337239623069763,0.2702811360359192,0.06338127702474594,-0.3204408288002014,0.19531337916851044,-0.2577662765979767,-0.3728811740875244,-0.4206875264644623,0.01378071028739214,0.2259954959154129,-0.2682945132255554,0.19521747529506683,0.42723023891448975,0.5870441198348999,-0.4155079424381256,0.01727014034986496,0.1816737949848175,0.12433683127164841,0.27419376373291016,0.4924735724925995,0.03047287091612816,0.13745535910129547,0.21883705258369446,0.3162681758403778,0.0936393216252327,0.09368773549795151,-0.5110459923744202,-0.01116710714995861,0.13435013592243195,0.6276428699493408,-0.3783109486103058,0.29011982679367065,0.5716185569763184,0.21283119916915894,-0.386256605386734,0.5039403438568115,0.09444445371627808,-0.4327721893787384,0.4285871088504791,0.04841356724500656,-0.4525740146636963,0.0542316697537899,0.39991262555122375,-0.14192990958690643,0.3717164397239685,0.46048974990844727,-0.07286304980516434,0.23079030215740204,0.38352063298225403,0.25987017154693604,0.0930003747344017,0.03741825744509697,-0.06898839771747589,-0.014628876931965351,-0.13622455298900604,0.2489762008190155,0.22372561693191528,0.21511363983154297,-0.4722702205181122,0.16094142198562622,-0.35054510831832886,-0.594195544719696,0.39378634095191956,-0.030799953266978264,-0.07789163291454315,-0.29577237367630005,-0.3764569163322449,-0.18168416619300842,0.5838879942893982,0.5518618226051331,-0.6318193674087524,0.246919184923172,0.14589759707450867,0.456118643283844,-0.0038294061087071896,-0.1746005415916443,0.0668758898973465,0.39366015791893005,0.734769880771637,-0.0682593435049057,-0.3992917537689209,-0.23335833847522736,0.18112115561962128,0.07107134163379669,0.27477285265922546,0.22999991476535797,0.2371148020029068,0.20015111565589905,-0.018979517742991447,0.036448247730731964,-0.4374689757823944,0.4001263678073883,0.3070872724056244,-0.055499251931905746,0.2973191738128662,-0.34187203645706177,-0.3100377023220062,-0.25140178203582764,-0.4444355368614197,-0.02507537417113781,-0.11361252516508102,0.3889077305793762,-0.05391427502036095,-0.08735246956348419,-0.0796855017542839,0.38680413365364075,-0.3483491837978363,0.3348240554332733,0.03869163990020752,-0.12640351057052612,0.31991738080978394,0.09623875468969345,-0.26922693848609924,0.44473257660865784,-0.028025737032294273,0.06028779223561287,0.248214453458786,0.3009535074234009,0.1558723896741867,-0.02720545418560505,0.1474500447511673,-0.10532815754413605,0.06487983465194702,-0.05581531673669815,-0.2991563379764557,0.115119069814682,0.03981447219848633,0.5641106963157654,0.03561295568943024,-0.07908361405134201,-0.12644517421722412,0.054209429770708084,0.2211390733718872,0.36816832423210144,0.3927730321884155],""gru.bias_ih"":[-0.12817543745040894,0.05175298824906349,0.06838177889585495,-0.2890135943889618,-0.12569214403629303,-0.058649659156799316,-0.2000104784965515,-0.1896277368068695,0.011260965839028358,-0.17797626554965973,-0.4805133640766144,-0.042442671954631805,-0.717824399471283,-0.1902933567762375,-0.09244102239608765,-0.4960522949695587,0.14038430154323578,0.140376016497612,-0.11485934257507324,-0.10622178018093109,-0.07769303023815155,-0.37585505843162537,-0.3430405557155609,0.12123868614435196],""gru.bias_hh"":[-0.06352458149194717,0.038972124457359314,-0.027813971042633057,-0.008067191578447819,0.29099512100219727,0.04321376979351044,-0.5648059248924255,-0.25729769468307495,-0.3975541293621063,-0.3073813319206238,-0.5493415594100952,-0.041845567524433136,-0.16262026131153107,-0.06163928285241127,0.3362886905670166,0.03833376616239548,-0.12180126458406448,-0.11732184141874313,-0.12753412127494812,0.06337887793779373,-0.11017493903636932,0.1594494879245758,-0.15079790353775024,-0.02856253646314144],""head.weight"":[-0.2577592730522156,-0.12041032314300537,-0.5188086628913879,0.1100694015622139,-0.25433477759361267,-0.07535672187805176,-0.11819261312484741,-0.2461944967508316],""head.bias"":[-0.22512155771255493]}"
840519,GRU_8,120,321,0.544459193944931,2.1068936680001116,"{""gru.weight_ih"":[0.7287119626998901,0.12214101105928421,-0.07678216695785522,-0.08098483085632324,0.30979296565055847,0.8256201148033142,0.46796560287475586,-0.0643332302570343,0.12585121393203735,0.2809823453426361,-0.8454059958457947,0.050534285604953766,-0.023419193923473358,0.10153046995401382,-0.19638924300670624,-0.09143257141113281,0.09229811280965805,-0.11766764521598816,0.07895254343748093,0.11684475839138031,0.20532986521720886,-0.34409746527671814,-0.9641014933586121,-0.2848937511444092,-0.06511333584785461,-1.1879873275756836,-0.0017782036447897553,-0.04780754819512367,0.038569580763578415,0.32700803875923157,-0.001070309430360794,-0.3420645296573639,-0.5734940767288208,0.6253668665885925,-0.4529549181461334,-0.8005276918411255,-0.23951014876365662,-0.547956645488739,0.43308767676353455,-0.023199722170829773,0.12801265716552734,0.45824769139289856,-0.023915812373161316,0.24798829853534698,-0.17877888679504395,-0.2356293499469757,-1.0673846006393433,0.7385189533233643,-0.7653530240058899,-0.31601500511169434,-0.013342846184968948,-0.252901554107666,-0.02057892270386219,-0.7354366183280945,-0.7549567222595215,0.02583506517112255,0.0209859199821949,0.4280567467212677,-0.2633672058582306,0.07392584532499313,-0.3648426830768585,-0.34308645129203796,-0.43154749274253845,-0.05922820046544075,-0.1642177402973175,0.018455222249031067,-0.1579342931509018,-0.08511102199554443,0.39754918217658997,-0.7385924458503723,-0.5448948740959167,0.33030200004577637],""gru.weight_hh"":[-0.3317393362522125,-0.21283653378486633,-0.28978148102760315,-0.5078639388084412,-0.10622864961624146,0.08839381486177444,-0.12843859195709229,-0.4889169931411743,0.09266620874404907,-0.2950124442577362,-0.09259346127510071,0.11662213504314423,0.1331123411655426,0.12380916625261307,0.16281284391880035,-0.3998822271823883,-0.35959261655807495,0.33608314394950867,-0.009877359494566917,0.11443224549293518,-0.1334563046693802,0.006720563396811485,0.10634700953960419,-0.3531688451766968,-0.1238468661904335,-0.3128524124622345,0.2512170076370239,-0.39105233550071716,0.09596466273069382,-0.18997378647327423,-0.2818397581577301,-0.04628145322203636,-0.31262898445129395,-0.1738605499267578,-0.291888564825058,0.13136006891727448,-0.12502136826515198,-0.019267823547124863,0.21869626641273499,-0.24948129057884216,0.11269193142652512,0.31260523200035095,-0.1301206350326538,-0.058457449078559875,-0.21518397331237793,-0.08524508029222488,0.11024629324674606,0.15969732403755188,-0.45613715052604675,-0.07291293889284134,0.1696300059556961,-0.1913074105978012,0.09963679313659668,0.3024376630783081,0.31308040022850037,-0.13109265267848969,-0.3419695198535919,0.27813103795051575,0.43542036414146423,-0.3797691762447357,-0.07187685370445251,0.0989580750465393,-0.5276029706001282,-0.2980957329273224,-0.3523080050945282,0.1515657901763916,0.3677299916744232,-0.24407446384429932,0.3555354177951813,0.719032347202301,0.853783369064331,-0.42233046889305115,0.05788377672433853,0.18597412109375,0.23918624222278595,0.4632916748523712,0.9034202098846436,0.21718396246433258,0.32985928654670715,0.257053017616272,0.5184172987937927,0.3412725627422333,0.2583259642124176,-0.6686568260192871,0.244642972946167,0.25893285870552063,0.7581767439842224,-0.19605779647827148,0.41828855872154236,0.7315544486045837,0.5629612803459167,-0.5364936590194702,0.7784934639930725,0.3274407982826233,-0.20560583472251892,0.4772825837135315,0.007003715727478266,-0.3881547152996063,0.08315061777830124,0.48077815771102905,0.029075931757688522,0.6077491044998169,0.6720719933509827,-0.1263829469680786,0.11595610529184341,0.37579646706581116,0.19009557366371155,0.2006279081106186,0.0708925873041153,-0.025825152173638344,0.00263779005035758,-0.20549368858337402,0.3938027322292328,0.27006620168685913,0.18718434870243073,-0.5816671848297119,0.08977071940898895,-0.5199142098426819,-0.7089714407920837,0.5584564805030823,-0.22853624820709229,-0.16309240460395813,-0.4244667589664459,-0.09784568846225739,-0.24507448077201843,0.6169489026069641,0.5206543803215027,-0.9504116773605347,0.36627885699272156,-0.051350969821214676,0.4254506230354309,0.20556698739528656,-0.25820013880729675,0.14465007185935974,0.56490558385849,1.1320674419403076,-0.006231595296412706,-0.332760751247406,-0.17058207094669342,0.09831857681274414,0.11827467381954193,0.2833712100982666,0.2404356151819229,0.32269278168678284,0.25853797793388367,0.01832048036158085,0.060003865510225296,-0.4521847665309906,0.42172738909721375,0.3171749711036682,-0.036147188395261765,0.3898718059062958,-0.47465115785598755,-0.35191601514816284,-0.2918698787689209,-0.43849489092826843,-0.04333045333623886,-0.13969211280345917,0.34250974655151367,-0.27363091707229614,-0.04503493383526802,-0.05388246476650238,0.40376418828964233,-0.35996073484420776,0.34798380732536316,0.043956972658634186,-0.11302100867033005,0.38841959834098816,0.15262068808078766,-0.24701133370399475,0.4632362127304077,-0.03810753673315048,0.0661529004573822,0.2532568573951721,0.3183145523071289,0.24321649968624115,-0.0516500398516655,0.027750128880143166,-0.13357724249362946,0.1287529021501541,-0.11687187850475311,-0.2988211214542389,0.14411774277687073,0.05850819870829582,0.6966989040374756,-0.1780446320772171,-0.14117904007434845,0.05258253961801529,-0.0967554897069931,0.254148006439209,0.5209736824035645,0.7912176251411438],""gru.bias_ih"":[0.09156119078397751,0.04250774160027504,0.09572523087263107,-0.22061648964881897,-0.10828828066587448,-0.021715009585022926,-0.14980800449848175,-0.04318813607096672,-0.2685088515281677,-0.6087714433670044,-0.6203321814537048,-0.25901931524276733,-1.0013881921768188,-0.25695696473121643,0.1456546038389206,-0.5363059043884277,0.11199042201042175,0.13741867244243622,-0.11186736077070236,-0.09456482529640198,-0.0778115913271904,-0.37769970297813416,-0.34755030274391174,0.12461838871240616],""gru.bias_hh"":[0.15621207654476166,0.029726868495345116,-0.0004705502069555223,0.060329876840114594,0.3083988428115845,0.08014840632677078,-0.5146034955978394,-0.11085806041955948,-0.6773238182067871,-0.7381764650344849,-0.6891604065895081,-0.25842222571372986,-0.44618409872055054,-0.1283029466867447,0.5743842720985413,-0.001919580390676856,-0.18068674206733704,-0.12262705713510513,-0.13477067649364471,0.07821955531835556,-0.11316411197185516,0.15922528505325317,-0.1532934159040451,-0.04138115793466568],""head.weight"":[-0.36665454506874084,-0.22766335308551788,-0.5856139063835144,0.20035341382026672,-0.32333657145500183,-0.08064102381467819,-0.12153705209493637,-0.3674739897251129],""head.bias"":[-0.22415724396705627]}"
840519,GRU_8,240,321,0.49958957731723785,4.221435592999967,"{""gru.weight_ih"":[1.318104863166809,-0.40062034130096436,0.041784513741731644,0.06982838362455368,0.3517342507839203,0.5503044724464417,0.5668706297874451,-0.348470002412796,0.05894658342003822,0.5798360705375671,-1.130539059638977,0.2023102194070816,-0.021035393700003624,-0.08817925304174423,-0.15491871535778046,-0.15738914906978607,0.09338238090276718,-0.23733361065387726,0.062203459441661835,-0.01940692774951458,0.4539130628108978,-0.16279174387454987,-1.3678544759750366,-0.19533739984035492,-0.15618790686130524,-1.4142991304397583,-0.03692911937832832,-0.09356959909200668,-0.05982883274555206,0.6997185349464417,-0.04955361410975456,-0.4381197690963745,-0.4061540365219116,0.7304788827896118,-0.6873427629470825,-0.9876554012298584,-0.2496149241924286,-0.5837021470069885,0.6168344616889954,-0.014357443898916245,0.12784035503864288,0.6183090209960938,0.10013371706008911,0.21029430627822876,0.008834609761834145,-0.3071792721748352,-1.2091941833496094,0.7118822932243347,-0.955698549747467,-0.22876228392124176,-0.013859148137271404,-0.46428367495536804,0.10505914688110352,-0.5427128672599792,-0.8330851793289185,0.13671526312828064,0.08503285050392151,0.5479822754859924,-0.5667806267738342,-0.0588688887655735,-0.4499455690383911,-0.23841680586338043,-0.31055957078933716,-0.11137913912534714,-0.09867443889379501,-0.06684628129005432,-0.13267384469509125,-0.2685914933681488,0.5390008091926575,-0.799970269203186,-0.36501461267471313,0.3423886001110077],""gru.weight_hh"":[-0.2880842685699463,-0.455035001039505,-0.45619529485702515,-0.2244075983762741,-0.27709275484085083,0.019412890076637268,-0.04453549534082413,-0.2697606682777405,0.21793588995933533,-0.1270318478345871,-0.011459835804998875,0.1555316299200058,0.23490123450756073,0.15588675439357758,0.19337143003940582,-0.30868521332740784,-0.3133838474750519,0.37543949484825134,0.026228688657283783,0.08375269919633865,-0.11612322181463242,0.02117443084716797,0.13417311012744904,-0.33437851071357727,-0.009526614099740982,-0.5512790679931641,0.11455786973237991,-0.09728431701660156,-0.22019197046756744,-0.14185667037963867,0.25955063104629517,0.11079514771699905,-0.3267134428024292,-0.1931183636188507,-0.3148769736289978,0.16669395565986633,-0.15199612081050873,-0.02739740163087845,0.23476265370845795,-0.2699658274650574,0.17764638364315033,0.37222814559936523,-0.0569409504532814,-0.19758257269859314,-0.18610720336437225,-0.09396350383758545,0.10511313378810883,0.24658532440662384,-0.6242241263389587,-0.22652389109134674,-0.04283216968178749,-0.2193605601787567,-0.19017334282398224,-0.009888868778944016,0.23370137810707092,-0.0813646912574768,-0.3234730064868927,0.03734980896115303,0.3068467080593109,-0.19394785165786743,-0.2097848802804947,0.009805481880903244,-0.5156540274620056,-0.15528759360313416,-0.2932834327220917,0.22936615347862244,0.5010363459587097,-0.29349958896636963,0.45677754282951355,0.7932527661323547,0.8814603686332703,-0.5082501173019409,-0.120795339345932,0.00034278666134923697,0.3429427444934845,0.5852656364440918,1.1262180805206299,0.3856474459171295,0.4124358892440796,0.1440790593624115,0.4303009808063507,0.08803962916135788,0.2579912841320038,-0.5768294334411621,0.18417222797870636,0.3255099058151245,0.885915994644165,-0.3082694411277771,0.3285038471221924,1.0613467693328857,0.6996369957923889,-0.8071536421775818,1.0902899503707886,0.24236375093460083,-0.3650433123111725,0.23179103434085846,-0.11039359122514725,-0.496221125125885,0.04594353213906288,0.5300582051277161,0.07553072273731232,0.6218606233596802,0.6122473478317261,-0.24209952354431152,-0.10824356973171234,0.3045031726360321,0.08823733031749725,0.2797756493091583,0.10777604579925537,-0.02844334952533245,-0.10677777230739594,-0.36015430092811584,0.2689816951751709,0.08443625271320343,-0.1852741539478302,-0.4202084243297577,-0.19355785846710205,-1.440657615661621,-1.0325984954833984,0.5637072324752808,-0.2583017349243164,-0.11059408634901047,-0.384965717792511,-0.09809237718582153,-0.18683986365795135,0.6923270225524902,0.6174941658973694,-1.134446382522583,0.5338006019592285,-0.03707151114940643,0.38017070293426514,0.28942835330963135,-0.28665590286254883,0.13984894752502441,0.6925063729286194,1.2939372062683105,-0.10825321078300476,-0.4876455068588257,-0.16123171150684357,0.014302247203886509,0.07219946384429932,0.25773918628692627,0.19267216324806213,0.24447278678417206,0.22202447056770325,-0.0182585958391428,0.06644106656312943,-0.48637840151786804,0.4128779470920563,0.3067629039287567,-0.05092281475663185,0.334366112947464,-0.32415705919265747,-0.24799756705760956,-0.3559457063674927,-0.31496724486351013,-0.10742086172103882,-0.1422370821237564,0.44447919726371765,-0.09001996368169785,-0.11661101877689362,-0.12197843194007874,0.41861891746520996,-0.42247724533081055,0.33638331294059753,0.03336093947291374,-0.14542673528194427,0.29940399527549744,0.17286059260368347,-0.1677185446023941,0.5282511711120605,-0.12050112336874008,0.12367890775203705,0.2643892765045166,0.30742147564888,0.1916423887014389,0.06737326830625534,-0.09533684700727463,-0.24709127843379974,0.3701176643371582,-0.2781462073326111,-0.3064731955528259,0.32038331031799316,0.24956385791301727,0.8906996250152588,-0.11411868780851364,-0.13386744260787964,0.05567014589905739,-0.11581763625144958,0.21474561095237732,0.6233561635017395,0.9094318151473999],""gru.bias_ih"":[0.1413666009902954,0.03990720212459564,0.07128218561410904,-0.307358056306839,-0.10740986466407776,-0.005762644112110138,0.19958536326885223,0.0320773720741272,-0.3639160692691803,-1.0655356645584106,-0.8750243782997131,-0.17598605155944824,-1.051276683807373,-0.2991541028022766,0.5087031722068787,-0.5868913531303406,0.1192263811826706,0.1337318867444992,-0.10416250675916672,-0.10232052206993103,-0.07686944305896759,-0.39161697030067444,-0.3489643335342407,0.18429723381996155],""gru.bias_hh"":[0.20601749420166016,0.027126315981149673,-0.02491356059908867,-0.026411673054099083,0.309277206659317,0.09610078483819962,-0.1652102917432785,-0.035592544823884964,-0.7727304697036743,-1.194940447807312,-0.9438526034355164,-0.17538899183273315,-0.4960724115371704,-0.17050011456012726,0.9374328255653381,-0.052505236119031906,-0.19730105996131897,-0.11233799904584885,-0.13293473422527313,0.09206366539001465,-0.11033926159143448,0.14629104733467102,-0.1541898250579834,-0.021119052544236183],""head.weight"":[-0.4491908550262451,-0.2985571324825287,-0.6403538584709167,0.2872171103954315,-0.35727056860923767,-0.08448254317045212,-0.1195497065782547,-0.4609321057796478],""head.bias"":[-0.22346961498260498]}"
840520,SENSORY_SITE,60,4,0.5849369764328003,0.8364020390000064,"{""raw"":[2.468327045440674,0.4268014430999756,0.13995985686779022,-0.5130916237831116]}"
840520,SENSORY_SITE,120,4,0.578535509109497,1.7012396640000134,"{""raw"":[2.3786063194274902,0.8191846609115601,0.2099505364894867,-0.578768789768219]}"
840520,SENSORY_SITE,240,4,0.5510085672140121,3.3701074150004047,"{""raw"":[2.2122645378112793,1.3797680139541626,0.25112637877464294,-0.6575022339820862]}"
840520,OUTPUT_SITE,60,4,0.614268296957016,0.8404038739998896,"{""raw"":[2.185488224029541,0.7193891406059265,0.2358383685350418,-0.40633079409599304]}"
840520,OUTPUT_SITE,120,4,0.6163584649562835,1.7132144999998786,"{""raw"":[1.6935296058654785,1.1495282649993896,0.2811841368675232,-0.2446713000535965]}"
840520,OUTPUT_SITE,240,4,0.5585250347852707,3.406001203999722,"{""raw"":[1.1177698373794556,1.7295336723327637,0.2559784948825836,0.13784052431583405]}"
840520,NO_FEEDBACK,60,4,0.6269515633583069,0.8104569159999073,"{""raw"":[2.1704795360565186,0.7223538756370544,0.12761802971363068,-0.20449534058570862]}"
840520,NO_FEEDBACK,120,4,0.580892014503479,1.615422788999922,"{""raw"":[1.7141945362091064,1.1469334363937378,-0.0011391565203666687,-0.25944361090660095]}"
840520,NO_FEEDBACK,240,4,0.599315482378006,3.2230714580001063,"{""raw"":[1.123335361480713,1.7508891820907593,-0.05990462750196457,-0.47430384159088135]}"
840520,GENERIC_RNN,60,4,0.6514864265918732,0.6765750799997932,"{""raw"":[0.5459383726119995,0.6501216888427734,-0.009172674268484116,0.3195391893386841]}"
840520,GENERIC_RNN,120,4,0.6311295092105865,1.327910660999919,"{""raw"":[0.7279186248779297,0.8585825562477112,0.029651442542672157,0.4551708698272705]}"
840520,GENERIC_RNN,240,4,0.6132513821125031,2.6300698689995556,"{""raw"":[0.8458065390586853,1.163696527481079,0.01574372500181198,0.46774378418922424]}"
840520,GRU_8,60,321,0.6246189892292022,1.0688612529998522,"{""gru.weight_ih"":[-0.07411932200193405,0.18884725868701935,-0.10347390919923782,0.10740721225738525,-0.12145329266786575,-0.0616757906973362,-0.3378913998603821,0.3186550438404083,0.44811710715293884,0.2026415765285492,-0.40674400329589844,-0.22219517827033997,-0.11871746927499771,-0.17265485227108002,-0.010253424756228924,0.2820247411727905,-0.5222866535186768,0.19439668953418732,0.4127937853336334,-0.33779823780059814,0.08258077502250671,-0.3398831784725189,-0.042636651545763016,-0.0442085787653923,0.17879433929920197,0.05028637498617172,-0.3900590240955353,-0.463907390832901,-0.3752838373184204,0.4480648934841156,0.27800729870796204,0.12013935297727585,0.2976672649383545,0.32469600439071655,0.41377416253089905,-0.2912004590034485,0.36785250902175903,-0.6630595326423645,-0.35165050625801086,0.1907479465007782,-0.591779887676239,0.040381480008363724,-0.1970723271369934,-0.7626538872718811,0.5077568292617798,0.05618705227971077,-0.4535573124885559,0.07781024277210236,-0.49847012758255005,0.36910268664360046,-0.22466501593589783,0.629348874092102,0.28675034642219543,-0.11549859493970871,0.023809554055333138,-0.304563045501709,-0.16013343632221222,0.11370793730020523,-0.43807390332221985,-0.0847436934709549,-0.4163130819797516,0.27679622173309326,-0.06044824421405792,0.5600293874740601,-0.2116542011499405,0.3127123713493347,-0.5035768151283264,-0.1126764714717865,-0.4645490348339081,0.5386313796043396,-0.2324599325656891,-0.08954520523548126],""gru.weight_hh"":[0.014578096568584442,0.19269943237304688,0.37775301933288574,0.1655024290084839,-0.07510187476873398,0.17287108302116394,0.43221330642700195,0.17326073348522186,-0.22876429557800293,-0.014314351603388786,0.169132262468338,0.044053103774785995,-0.025161733850836754,0.24920129776000977,-0.047648973762989044,-0.2920900881290436,-0.3470500409603119,0.02228151634335518,0.01809869334101677,0.3869084417819977,-0.48196807503700256,0.2868041396141052,-0.09946107119321823,-0.35778963565826416,0.2660199701786041,-0.3867976665496826,-0.18327218294143677,0.028426066040992737,-0.032481979578733444,0.3384939730167389,0.08827849477529526,0.2382093369960785,0.26695677638053894,0.22871987521648407,-0.20248515903949738,-0.18408828973770142,-0.33119142055511475,-0.0025721213314682245,-0.17641910910606384,0.20005422830581665,0.11080870777368546,0.1859239786863327,0.26610517501831055,-0.1971425712108612,0.04854773357510567,-0.30687418580055237,-0.15709391236305237,0.3189747929573059,0.002032740507274866,0.04478764533996582,-0.24180008471012115,0.07829612493515015,0.10318386554718018,0.18356169760227203,0.09304339438676834,0.3113464117050171,-0.07041264325380325,-0.3785194456577301,-0.2906495928764343,-0.39057841897010803,0.13065972924232483,0.17420785129070282,-0.24866868555545807,0.13990752398967743,-0.26681751012802124,-0.26389479637145996,-0.027156159281730652,0.09613502770662308,0.502565860748291,-0.46189093589782715,0.34778329730033875,-0.19411340355873108,-0.23105597496032715,0.7660866379737854,-0.3135243058204651,-0.48729991912841797,-0.10952480137348175,0.17467524111270905,-0.3638918399810791,0.16207601130008698,0.12751513719558716,0.04863249510526657,-0.0699513629078865,-0.1530294269323349,-0.3964897096157074,-0.109745092689991,0.12580932676792145,-0.03671552240848541,0.487009733915329,-0.32379281520843506,-0.3065823018550873,0.14793528616428375,-0.04323936253786087,-0.0003844015300273895,0.32146939635276794,0.16850470006465912,-0.14695902168750763,-0.42277783155441284,0.014151955023407936,-0.18431957066059113,0.3458332121372223,-0.6031758785247803,0.1739743947982788,-0.4203675091266632,0.03818872943520546,0.14923135936260223,-0.38279402256011963,-0.272346556186676,0.2581973075866699,-0.6218705177307129,0.3022419512271881,-0.13438346982002258,-0.5203711986541748,0.32045748829841614,0.18769869208335876,0.10870346426963806,0.12145242094993591,-0.34263601899147034,0.12593823671340942,0.3052888512611389,0.20548580586910248,0.4116937518119812,-0.3988913297653198,-0.22633887827396393,0.364963173866272,-0.3225992023944855,-0.04188704490661621,-0.4937323331832886,-0.2284238487482071,-0.00880781002342701,-0.1669807732105255,0.03052450343966484,0.09481402486562729,0.11158674210309982,0.7014447450637817,-0.4645155668258667,-0.022709185257554054,0.2727227807044983,0.030574383214116096,0.1721702516078949,0.050892844796180725,-0.15872013568878174,0.02768569067120552,0.013030974194407463,0.06896626204252243,-0.13374119997024536,-0.13692472875118256,-0.17428255081176758,-0.2673042416572571,-0.11238269507884979,-0.4249459207057953,-0.08630114048719406,0.2988089621067047,-0.14619936048984528,-0.02553844451904297,0.004423557315021753,-0.46382659673690796,0.34191110730171204,-0.007570142392069101,-0.015297851525247097,0.15840330719947815,0.03536593168973923,0.37860414385795593,0.06088385358452797,0.028986260294914246,-0.11261317133903503,0.36575889587402344,-0.3011862337589264,-0.006388000212609768,-0.1918133795261383,0.15855446457862854,0.08826101571321487,-0.2576630711555481,0.25231310725212097,-0.30686327815055847,0.2260434627532959,0.2128487229347229,-0.32218846678733826,0.3290660083293915,0.0323648676276207,0.22112299501895905,-0.18021397292613983,0.15156473219394684,-0.49125176668167114,0.02699030563235283,0.3705681562423706,-0.16345921158790588,0.1701679229736328,0.1822054386138916,-0.05362647771835327,-0.014098446816205978,0.4149724245071411],""gru.bias_ih"":[-0.36645838618278503,0.2679217755794525,0.3292996883392334,0.254169225692749,0.39759254455566406,-0.2736908197402954,0.26732340455055237,-0.09878295660018921,-0.17321835458278656,-0.204133078455925,0.3577486574649811,-0.07315169274806976,-0.04416739195585251,-0.5911441445350647,-0.7797641754150391,-0.26944902539253235,0.057597819715738297,-0.024061398580670357,-0.10671775788068771,-0.16775746643543243,-0.18345767259597778,0.2818879187107086,0.1641688048839569,0.14514216780662537],""gru.bias_hh"":[-0.13376200199127197,-0.20020893216133118,0.17905643582344055,0.10743731260299683,0.11412613093852997,-0.13650473952293396,0.16647987067699432,-0.20027895271778107,-0.5762478113174438,0.11645223200321198,0.06371881067752838,-0.0009161513298749924,-0.15331001579761505,-0.4505651891231537,-0.5823719501495361,-0.1208447590470314,0.13127660751342773,-0.19483733177185059,0.254390150308609,-0.06642834097146988,0.009774742648005486,0.30260494351387024,-0.10813738405704498,-0.06898893415927887],""head.weight"":[-0.06955210119485855,0.2469753921031952,0.026203008368611336,0.057563818991184235,-0.23444323241710663,0.1911320686340332,-0.3982538878917694,0.2972639501094818],""head.bias"":[-0.09980180114507675]}"
840520,GRU_8,120,321,0.5066513508558274,2.1447087949996444,"{""gru.weight_ih"":[-0.149269238114357,-0.45657214522361755,0.032538119703531265,0.07758081704378128,0.015774711966514587,0.01684456504881382,-0.2914615869522095,0.8645052313804626,0.4958309531211853,0.20291906595230103,-0.6134104132652283,-0.43909114599227905,-0.09995011985301971,-0.6078771948814392,0.09390542656183243,0.31777071952819824,-0.6741456389427185,0.2149655520915985,0.35707780718803406,-0.8414587378501892,0.2239505499601364,-0.35302436351776123,-0.3679744005203247,0.26994654536247253,0.05981782078742981,-0.23920950293540955,-0.3646852374076843,-0.7817090749740601,-0.7102680206298828,0.654546320438385,0.3731392025947571,-0.0963774248957634,0.435648113489151,0.5210292935371399,0.27046671509742737,-0.6529672145843506,0.36766740679740906,-0.8829923272132874,-0.41692280769348145,0.07531611621379852,-0.8136692643165588,-0.011829097755253315,-0.22162891924381256,-0.9604493975639343,0.6016101837158203,0.003320221323519945,-0.7947467565536499,-0.05614433437585831,-0.7021270394325256,0.38648977875709534,-0.35753485560417175,0.67925626039505,0.16216881573200226,-0.21016284823417664,0.08213374763727188,-0.031110087409615517,0.218972310423851,0.21928401291370392,-0.5885474681854248,-0.31608670949935913,-0.4934471547603607,0.2575589716434479,-0.029951006174087524,0.625557541847229,-0.05342269688844681,0.27030524611473083,-0.7291302680969238,-0.25652608275413513,-0.42650723457336426,0.5882027745246887,-0.3832491636276245,-0.13688331842422485],""gru.weight_hh"":[-0.09619136899709702,0.31427517533302307,0.47628623247146606,0.16725188493728638,-0.1720190793275833,0.2441953420639038,0.29868289828300476,0.272396445274353,-0.20097458362579346,-0.03799271956086159,0.2596065402030945,-0.08624103665351868,-0.04123455286026001,0.29851341247558594,-0.12345987558364868,-0.35405510663986206,-0.18499025702476501,-0.1968173235654831,0.30147069692611694,-0.11507704854011536,-0.5983396768569946,0.49813997745513916,-0.1900990903377533,-0.5689482688903809,0.37533074617385864,-0.352523535490036,-0.5094456076622009,0.10859295725822449,0.0806296318769455,0.21453642845153809,0.2908360958099365,0.22954538464546204,0.2097807675600052,0.2709484398365021,-0.16021853685379028,-0.13668181002140045,-0.3609158396720886,0.011287433095276356,-0.24770140647888184,0.24002747237682343,0.10217656195163727,0.20832419395446777,0.252994567155838,-0.15532298386096954,0.05044420436024666,-0.3173711895942688,-0.15434275567531586,0.3611075282096863,-0.13542668521404266,0.2679608464241028,-0.20745931565761566,0.2806258797645569,0.039424605667591095,0.20608071982860565,-0.012116159312427044,0.483088880777359,-0.09790728986263275,-0.3793628215789795,-0.08915404975414276,-0.6781619787216187,-0.03862985968589783,0.37837448716163635,-0.5450835824012756,0.1865469068288803,-0.47348302602767944,-0.5390703082084656,0.4083572328090668,0.16943110525608063,0.6051714420318604,-0.6352399587631226,0.277227520942688,-0.4522051215171814,-0.48168447613716125,1.1361873149871826,-0.21970900893211365,-0.28718119859695435,-0.26209577918052673,0.25795722007751465,-0.5629231333732605,0.3941241502761841,0.037257108837366104,0.19511276483535767,0.4159581959247589,-0.02824859321117401,-0.7865267395973206,0.3167418837547302,0.040395643562078476,0.4407244324684143,0.6701802611351013,-0.6555585861206055,0.00682864710688591,-0.37405893206596375,0.3026878833770752,-0.27527308464050293,0.5749133229255676,-0.47841185331344604,-0.23864556849002838,-0.5889646410942078,0.20921960473060608,-0.14934949576854706,0.47434520721435547,-0.75833660364151,0.2213328331708908,-0.6350988745689392,-0.007901935838162899,-0.022549020126461983,-0.061505790799856186,-0.2562384605407715,0.4055821895599365,-0.8070871233940125,0.34637048840522766,-0.3631145656108856,-0.785692572593689,0.569771409034729,0.20958806574344635,0.4502740502357483,0.17800238728523254,-0.5908461809158325,0.0437588095664978,0.41544508934020996,0.205874964594841,0.27308833599090576,0.009866155683994293,-0.401519775390625,0.515743613243103,-0.4763473570346832,0.049025095999240875,-0.7620142698287964,-0.15304942429065704,-0.19831375777721405,-0.14379115402698517,-0.11798281222581863,0.13410362601280212,0.1298140585422516,0.8070895075798035,-0.6542966961860657,-0.05913615599274635,0.32936012744903564,-0.10009601712226868,0.3168693482875824,0.05925823003053665,-0.21011516451835632,0.09020888060331345,0.11231095343828201,-0.03507116436958313,-0.18657654523849487,0.14073915779590607,-0.33165180683135986,-0.37832576036453247,0.01862199604511261,-0.7722904086112976,-0.19673389196395874,0.39086276292800903,-0.055825330317020416,-0.3581995368003845,0.09738658368587494,-0.3914630115032196,0.24539758265018463,0.2502387464046478,0.1779421716928482,0.15843529999256134,-0.0026201496366411448,0.4138670265674591,0.024411829188466072,0.03073405660688877,-0.1055685356259346,0.3471808135509491,-0.37681087851524353,-0.009384424425661564,-0.14317883551120758,0.0990811213850975,0.13724179565906525,-0.2690364122390747,0.2500191628932953,-0.3439147174358368,0.34873899817466736,0.21804912388324738,-0.4472598433494568,0.43562421202659607,-0.07109614461660385,0.2166759967803955,-0.1474575400352478,0.13833722472190857,-0.6457218527793884,-0.021253235638141632,0.4949568510055542,-0.3023409843444824,0.29877960681915283,0.1560869961977005,-0.0816747173666954,-0.010586446151137352,0.635333240032196],""gru.bias_ih"":[-0.2849932014942169,0.3247640132904053,0.5991877913475037,0.19859831035137177,0.40332597494125366,-0.28191325068473816,0.2743891775608063,0.11113976687192917,-0.5474732518196106,-0.25052410364151,0.9239814281463623,-0.102181077003479,-0.253204882144928,-0.8287431597709656,-1.1520304679870605,-0.3217565417289734,0.11552416533231735,-0.07873119413852692,-0.10725869238376617,-0.20315665006637573,-0.17924360930919647,0.27238285541534424,0.19573518633842468,0.12874911725521088],""gru.bias_hh"":[-0.052296802401542664,-0.14336656033992767,0.4489445388317108,0.05186647176742554,0.11985966563224792,-0.14472715556621552,0.17354564368724823,0.009643827565014362,-0.9505026936531067,0.07006122171878815,0.6299514770507812,-0.029945505782961845,-0.3623475134372711,-0.6881642937660217,-0.9546382427215576,-0.17315241694450378,0.18155032396316528,-0.2508895993232727,0.2983352541923523,-0.08650009334087372,0.01421008724719286,0.2943834066390991,-0.08608141541481018,-0.09221842139959335],""head.weight"":[-0.12125638872385025,0.32139694690704346,0.018201928585767746,0.07586946338415146,-0.2832145392894745,0.21957167983055115,-0.6165383458137512,0.39744412899017334],""head.bias"":[-0.10270991176366806]}"
840520,GRU_8,240,321,0.451283210515976,4.278967500999386,"{""gru.weight_ih"":[-0.3454478681087494,-0.9026584029197693,0.13453753292560577,0.030615435913205147,-0.12157118320465088,0.06809285283088684,-0.21237044036388397,1.2225673198699951,0.4992560148239136,0.17879223823547363,0.0566246435046196,-0.8870502710342407,-0.08142551779747009,-0.864109992980957,-0.03408394381403923,0.3433409035205841,-0.7761293649673462,-0.15190324187278748,0.35708194971084595,-1.2009178400039673,0.18230921030044556,-0.4217768907546997,-0.552682638168335,0.3529542088508606,0.027715804055333138,-0.44986820220947266,-0.33387231826782227,-1.052221655845642,-1.0171011686325073,0.6426527500152588,0.15392562747001648,-0.7121463418006897,0.1950145810842514,0.9776020050048828,-0.05118539184331894,-0.6047310829162598,0.4058241844177246,-1.0728516578674316,-0.5822568535804749,0.02845911681652069,-0.9805147051811218,-0.15846775472164154,-0.13433057069778442,-1.1069432497024536,0.5583051443099976,0.10826285928487778,-1.1211460828781128,-0.203977569937706,-0.9868399500846863,0.33355048298835754,-0.2355070859193802,0.7654193639755249,0.37530264258384705,-0.2616864740848541,0.1862771362066269,-0.3026967942714691,0.42555996775627136,0.44140520691871643,-0.45883187651634216,-0.3193605840206146,-0.5642340183258057,0.2915360629558563,0.08513344079256058,0.6934735178947449,0.09771138429641724,0.18222732841968536,-0.9890238046646118,-0.4051740765571594,-0.21365560591220856,0.6661111116409302,-0.28428906202316284,-0.32054752111434937],""gru.weight_hh"":[-0.17083021998405457,0.46935364603996277,0.07052551209926605,-0.10170738399028778,-0.2217111885547638,0.2209021896123886,0.17793014645576477,0.3067150413990021,-0.1625288873910904,-0.012659337371587753,0.3046252727508545,-0.13431908190250397,0.02162916585803032,0.2825053930282593,-0.12039041519165039,-0.36819782853126526,-0.11870982497930527,-0.11845971643924713,0.30388814210891724,-0.07245611399412155,-0.9443680047988892,0.8718518614768982,-0.24281567335128784,-0.1786717027425766,0.9235702753067017,-0.6641399264335632,-1.0578794479370117,0.1914329081773758,0.1972062736749649,0.14981374144554138,0.6500374674797058,0.04089914262294769,0.2599816918373108,0.3580232560634613,-0.27623358368873596,-0.21948732435703278,-0.24059166014194489,-0.08492519706487656,-0.16433081030845642,0.14223527908325195,0.16863761842250824,0.20948277413845062,0.1951952874660492,-0.1316618025302887,0.0985121876001358,-0.3429557979106903,0.1204918622970581,0.32984963059425354,-0.06245952099561691,0.6403731107711792,-0.5457417964935303,0.26520419120788574,0.16529454290866852,0.09140687435865402,-0.02331671305000782,0.4691157042980194,-0.1581665724515915,-0.1108371838927269,-0.1946231722831726,-0.7705565690994263,0.07647015154361725,0.3038285970687866,-0.6610242128372192,0.24062588810920715,-0.6182023286819458,-0.563536524772644,0.8453066349029541,0.004041150212287903,0.625444769859314,-0.6770570874214172,0.26476040482521057,-0.502796471118927,-0.5666319131851196,1.355732798576355,-0.012696034274995327,-0.41874268651008606,-0.2834974527359009,0.23963046073913574,-0.5861433148384094,0.4615650773048401,0.27729475498199463,-0.2026403248310089,0.8230301141738892,0.1797187626361847,-0.738129734992981,0.2955711781978607,0.3474581241607666,0.41771093010902405,0.578942596912384,-0.5585237145423889,0.07797319442033768,-0.5028523802757263,0.5511528253555298,-0.5658426880836487,0.5823990106582642,-0.619909405708313,-0.20843786001205444,-0.6317168474197388,0.2645821273326874,-0.4038916826248169,0.6477795839309692,-0.8698386549949646,0.35392290353775024,-0.9194580912590027,0.09645164012908936,-0.12608905136585236,-0.237041175365448,-0.3751550316810608,0.630450963973999,-1.0033406019210815,0.4886120855808258,-0.5814124345779419,-0.7524963021278381,0.7270842790603638,0.01555110514163971,0.6391593813896179,0.29148203134536743,-0.7775396704673767,0.0672251358628273,0.5817369222640991,0.3037152886390686,0.3020075559616089,-0.05640257149934769,-0.8216882944107056,0.8559501767158508,-0.8002889752388,0.20523884892463684,-1.0718004703521729,-0.11701376736164093,-0.4932423532009125,-0.3662831485271454,-0.0112001933157444,0.19269104301929474,0.08704928308725357,0.8262577652931213,-0.7464922070503235,-0.13341499865055084,0.35813668370246887,-0.17189599573612213,0.30450713634490967,-0.010813088156282902,-0.1982007473707199,0.033820923417806625,0.12156891077756882,-0.34848788380622864,0.04221139848232269,0.7272593379020691,-0.6846104264259338,-0.31248214840888977,0.0025470464024692774,-0.997795820236206,-0.3033994138240814,0.5387851595878601,-0.10275404155254364,-0.7682787179946899,0.10669924318790436,-0.47451046109199524,0.30543118715286255,0.20876097679138184,0.16966764628887177,0.14182187616825104,-0.027022451162338257,0.38973328471183777,-0.0334421806037426,0.043922193348407745,-0.1195933073759079,0.2920888066291809,-0.4328194260597229,0.013877052813768387,-0.12301571667194366,0.07479988038539886,0.31990763545036316,-0.31254374980926514,0.28115445375442505,-0.3399347960948944,0.5275552272796631,0.1467454582452774,-0.6268531084060669,0.3560957610607147,-0.062493328005075455,0.17759396135807037,-0.12648792564868927,0.07221708446741104,-0.7251689434051514,-0.050257496535778046,0.6494442820549011,-0.3837284743785858,0.20551909506320953,0.1105228140950203,-0.07160130888223648,-0.008524511940777302,0.6825324892997742],""gru.bias_ih"":[-0.24539715051651,0.3262953460216522,0.7733598947525024,0.31931665539741516,0.37376219034194946,-0.2595160901546478,0.1980734020471573,0.10219752043485641,-0.7436525821685791,-0.29896435141563416,1.2017011642456055,-0.23785415291786194,-0.26687315106391907,-0.8425145149230957,-1.3691574335098267,-0.3578238785266876,0.12823310494422913,-0.08862842619419098,-0.19773389399051666,-0.1237092912197113,-0.18865430355072021,0.28255629539489746,0.19908028841018677,0.1622273474931717],""gru.bias_hh"":[-0.012700745835900307,-0.14183516800403595,0.6231166124343872,0.17258481681346893,0.09029587358236313,-0.12232997268438339,0.09722989052534103,0.0007016006857156754,-1.1466820240020752,0.02162092737853527,0.9076714515686035,-0.1656186282634735,-0.3760157525539398,-0.7019356489181519,-1.1717653274536133,-0.20921966433525085,0.1712024062871933,-0.2572605311870575,0.18963882327079773,-0.010395755991339684,0.005577404052019119,0.3036578297615051,-0.0812731459736824,-0.07358435541391373],""head.weight"":[-0.1642570197582245,0.37259936332702637,0.008555020205676556,0.10759849101305008,-0.3241285979747772,0.24761828780174255,-0.7908048033714294,0.49247878789901733],""head.bias"":[-0.09866965562105179]}"
840521,SENSORY_SITE,60,4,0.6241319835186004,0.8605604149998953,"{""raw"":[2.4529964923858643,0.3788755536079407,-0.18312636017799377,-0.5343664884567261]}"
840521,SENSORY_SITE,120,4,0.5984253644943237,1.6827058280000529,"{""raw"":[2.3771917819976807,0.7490271925926208,-0.18075159192085266,-0.6329897046089172]}"
840521,SENSORY_SITE,240,4,0.6010407328605651,3.3448641229999225,"{""raw"":[2.246162176132202,1.3082022666931152,-0.1764468252658844,-0.7187832593917847]}"
840521,OUTPUT_SITE,60,4,0.7116496086120605,0.8326178769998478,"{""raw"":[2.20462703704834,0.7366785407066345,0.03636628016829491,-0.5043653249740601]}"
840521,OUTPUT_SITE,120,4,0.671847403049469,1.672379089999879,"{""raw"":[1.7514082193374634,1.1056958436965942,0.12347584962844849,-0.5561432838439941]}"
840521,OUTPUT_SITE,240,4,0.6045208066701889,3.3355024249999587,"{""raw"":[1.114563226699829,1.6332453489303589,0.2633514106273651,-0.36577320098876953]}"
840521,NO_FEEDBACK,60,4,0.6930778503417969,0.8038331639997978,"{""raw"":[2.199475049972534,0.6925332546234131,0.14798134565353394,-0.21612177789211273]}"
840521,NO_FEEDBACK,120,4,0.645163044333458,1.639069625999639,"{""raw"":[1.7582284212112427,1.0073739290237427,0.08965188264846802,-0.2292443960905075]}"
840521,NO_FEEDBACK,240,4,0.5651501595973969,3.2476483269997516,"{""raw"":[1.1485638618469238,1.552825689315796,-0.021604014560580254,-0.38098978996276855]}"
840521,GENERIC_RNN,60,4,0.6505883872509003,0.6514151680001419,"{""raw"":[0.5413652062416077,0.6557572484016418,0.004426165483891964,0.3177180886268616]}"
840521,GENERIC_RNN,120,4,0.6439202487468719,1.327381247000119,"{""raw"":[0.7008440494537354,0.8427317142486572,-0.09194862842559814,0.4142617881298065]}"
840521,GENERIC_RNN,240,4,0.6660187065601348,2.630118535000179,"{""raw"":[0.7962163090705872,1.1116868257522583,-0.10863332450389862,0.38401171565055847]}"
840521,GRU_8,60,321,0.5705504179000854,1.0702118800001017,"{""gru.weight_ih"":[0.17772510647773743,-0.0046872287057340145,0.3197786509990692,-0.5821542143821716,-0.1372615545988083,-0.21712340414524078,-0.5778256058692932,0.4087711572647095,-0.012920517474412918,0.2738308310508728,0.47642213106155396,0.3334960639476776,0.10901950299739838,-0.3017069101333618,0.060850292444229126,0.2919708788394928,-0.4235227704048157,0.3748846650123596,-0.4285324811935425,0.22440075874328613,-0.057944003492593765,0.23731538653373718,0.007010013796389103,0.21021901071071625,-0.2385852187871933,-0.36172977089881897,0.06327631324529648,0.09470050036907196,-0.6457792520523071,-0.007059793453663588,0.22371217608451843,-0.40087565779685974,-0.012095029465854168,-0.14098601043224335,0.021068284288048744,0.22516973316669464,-0.006931346375495195,-0.5220150947570801,0.1367053985595703,-0.24382536113262177,-0.0595620758831501,-0.13791169226169586,-0.33895343542099,-0.05247553810477257,0.1333765685558319,-0.0038784644566476345,0.44995662569999695,-0.022642705589532852,-0.4378455579280853,-0.2146379053592682,-0.06899640709161758,-0.350104957818985,0.1394016295671463,-0.15724952518939972,-0.5984753966331482,0.3773455321788788,-0.14638087153434753,0.03657873347401619,-0.3861287832260132,-0.3413533568382263,-0.5354575514793396,-0.15327101945877075,-0.1666431576013565,-0.38847509026527405,-0.03928632289171219,-0.3473692238330841,0.2880900502204895,0.08094320446252823,0.42293596267700195,-0.0892246663570404,-0.10731914639472961,-0.2654156982898712],""gru.weight_hh"":[-0.1171814501285553,0.08885268121957779,-0.2669283449649811,0.0009793139761313796,-0.35851654410362244,-0.35110604763031006,0.02110215090215206,-0.10034943372011185,0.11758334189653397,0.0665540099143982,0.155917227268219,0.20499595999717712,0.3005826771259308,0.15254968404769897,-0.33688169717788696,0.3672000765800476,-0.06871210038661957,-0.10597079992294312,0.08936647325754166,-0.13139985501766205,-0.2956598103046417,0.3175552487373352,0.10307406634092331,-0.21536995470523834,-0.25811731815338135,-0.016189228743314743,-0.02826530858874321,-0.20688709616661072,0.09965753555297852,-0.024531731382012367,-0.3580045998096466,-0.0038093768525868654,-0.24810464680194855,0.4884893298149109,0.2762377858161926,0.17849314212799072,-0.16574716567993164,0.3981402516365051,-0.4476793706417084,-0.043990135192871094,0.22210434079170227,-0.10973110049962997,-0.09153098613023758,0.053539860993623734,-0.08248360455036163,-0.3855501115322113,0.01625707373023033,-0.2208491563796997,0.05801321938633919,-0.09751636534929276,0.24860750138759613,-0.34748485684394836,-0.05804728716611862,0.35323840379714966,-0.26475590467453003,0.14126639068126678,0.19426603615283966,0.10740290582180023,0.06127198413014412,0.10992135107517242,0.07209424674510956,-0.018133392557501793,0.2884828746318817,0.14106474816799164,0.16103219985961914,-0.5262978076934814,-0.5611726641654968,-0.08534403145313263,-0.3811798095703125,0.10827261209487915,0.12117240577936172,-0.10841114819049835,-0.22805187106132507,0.14104245603084564,0.11698170751333237,-0.0016450348775833845,0.2486754059791565,0.19124014675617218,0.47229042649269104,-0.2185581922531128,0.35541531443595886,-0.4061366617679596,0.3734999895095825,-0.6410613656044006,-0.07107439637184143,-0.28668999671936035,0.2911876440048218,0.37765341997146606,-0.25649335980415344,0.14079421758651733,0.13675402104854584,-0.30646562576293945,-0.12446780502796173,-0.0013042385689914227,-0.28248560428619385,-0.584149956703186,-0.057029835879802704,-0.4046443998813629,-0.36899110674858093,-0.46115681529045105,0.39372530579566956,-0.2315620332956314,0.5442538261413574,-0.19902516901493073,-0.3148849904537201,-0.1803860068321228,-0.09297896176576614,0.16011229157447815,0.1672000288963318,-0.44527468085289,0.16567140817642212,-0.14598049223423004,0.2763589024543762,-0.23747020959854126,-0.20467866957187653,0.09772505611181259,0.07259750366210938,-0.18999944627285004,0.29344865679740906,-0.03365172818303108,-0.6451481580734253,0.5683337450027466,-0.21991126239299774,-0.1082894578576088,-0.4498990476131439,0.37620025873184204,-0.5219565033912659,-0.34697818756103516,0.16390399634838104,0.4057912528514862,0.38739877939224243,-0.3536306619644165,-0.21779868006706238,0.16293130815029144,0.04556212201714516,0.2004116028547287,-0.01173228956758976,0.30999985337257385,0.020688584074378014,-0.24968917667865753,0.2124178409576416,0.5511942505836487,0.0022391723468899727,-0.1408143937587738,-0.2509816288948059,-0.11334962397813797,0.5012282133102417,-0.38291504979133606,0.0014456419739872217,-0.08216200023889542,-0.227050319314003,-0.0295864325016737,0.3464183509349823,0.35554417967796326,0.06723004579544067,0.33496004343032837,0.513335108757019,0.39212003350257874,-0.17968060076236725,0.3513805568218231,0.35508495569229126,0.23789530992507935,0.4596089720726013,-0.038264840841293335,0.0852629765868187,0.5618699789047241,-0.33430367708206177,0.38689595460891724,0.37928152084350586,-0.14402875304222107,0.4116602838039398,-0.35262539982795715,0.17044508457183838,0.015160717070102692,0.0024144179187715054,-0.3342214822769165,-0.04842410981655121,-0.07500410079956055,-0.18626351654529572,0.3805186450481415,0.15956538915634155,-0.43681761622428894,0.06080828234553337,-0.07242269068956375,-0.1830964982509613,0.15618659555912018,-0.17499777674674988,0.4448774755001068,0.24144823849201202,-0.3705614507198334,-0.05328182131052017,0.2028825879096985],""gru.bias_ih"":[-0.1252468377351761,0.049522168934345245,0.11254604905843735,-0.11093078553676605,0.5091816186904907,-0.062039319425821304,0.05127592384815216,-0.05345512554049492,0.09998307377099991,-0.6814457774162292,-0.18357066810131073,0.7015301585197449,-0.5078935623168945,-0.4072335660457611,-0.33152514696121216,0.5431141257286072,-0.06798626482486725,0.10834087431430817,-0.14639531075954437,0.16236260533332825,-0.26867544651031494,0.12930931150913239,-0.1874919831752777,-0.3434533178806305],""gru.bias_hh"":[0.1241053119301796,-0.02001502551138401,-0.23363980650901794,0.3205336332321167,0.6241550445556641,-0.023067886009812355,-0.17361000180244446,0.24828852713108063,0.009875895455479622,-0.7702404856681824,-0.222451850771904,0.7564908862113953,-0.5783016085624695,-0.7304458618164062,-0.4081183075904846,0.1640719324350357,-0.1709619015455246,0.3651415705680847,0.3547133803367615,-0.40257981419563293,0.03148980811238289,-0.08236628025770187,-0.20113414525985718,0.2517680525779724],""head.weight"":[-0.24375499784946442,-0.3218453824520111,-0.4915998578071594,-0.1219421997666359,-0.22833943367004395,-0.5998820662498474,0.4073435366153717,0.26935893297195435],""head.bias"":[0.1957874596118927]}"
840521,GRU_8,120,321,0.525039541721344,2.1352652090000674,"{""gru.weight_ih"":[0.14131952822208405,-0.11149482429027557,0.442912220954895,-0.681491494178772,-0.32858073711395264,-0.13388220965862274,-0.6221925616264343,0.4565976560115814,0.08661527931690216,0.3281435966491699,0.6908634901046753,0.15130214393138885,0.12792839109897614,-0.6040149331092834,-0.09502703696489334,0.3009929656982422,-0.5224869847297668,0.35205113887786865,-0.5067044496536255,0.07414323836565018,0.0333101712167263,0.2169763743877411,0.04612390697002411,0.06559521704912186,-0.2735176086425781,-0.5350340008735657,0.11594962328672409,0.10280264914035797,-0.7633276581764221,-0.02941863238811493,0.23586758971214294,-0.6163676381111145,-0.05275605618953705,-0.05326283723115921,-0.2576201856136322,0.2198149710893631,-0.0010940057691186666,-0.6869322061538696,-0.025121891871094704,-0.1872408539056778,-0.21304064989089966,-0.24094724655151367,-0.27160945534706116,-0.12644276022911072,0.09484303742647171,-0.025219837203621864,0.3750309348106384,-0.12677805125713348,-0.49717482924461365,-0.26234903931617737,0.013980243355035782,-0.4216945469379425,0.08890388160943985,-0.05861736461520195,-0.6476054787635803,0.3543805181980133,-0.08253972232341766,-0.03719283640384674,-0.19544194638729095,-0.3916044235229492,-0.6959403157234192,-0.17676898837089539,-0.05708622187376022,-0.4800187051296234,-0.10923802852630615,-0.24029891192913055,0.33619433641433716,0.1207847148180008,0.3332744240760803,-0.09360022097826004,-0.0721970796585083,-0.2651495337486267],""gru.weight_hh"":[-0.16604575514793396,0.05229857936501503,-0.28795838356018066,0.20846129953861237,-0.2858718931674957,-0.5116431713104248,0.09530320018529892,0.052982937544584274,0.14825813472270966,0.059694670140743256,0.07251139730215073,0.28758421540260315,0.33496686816215515,0.10039689391851425,-0.3092332184314728,0.415113240480423,-0.02294130250811577,-0.1341204196214676,0.1073465645313263,-0.05252077057957649,-0.27929332852363586,0.24046088755130768,0.19083765149116516,-0.15782997012138367,-0.2721910774707794,0.3413859009742737,0.21080000698566437,-0.19050002098083496,0.13966608047485352,0.16882137954235077,-0.7230486273765564,-0.07118832319974899,-0.10343365371227264,0.5573866367340088,0.2835804522037506,0.47023627161979675,0.06832557171583176,0.5234773755073547,-0.5045333504676819,0.16097570955753326,0.17036202549934387,-0.08704982697963715,-0.07733145356178284,0.27037808299064636,0.007729538716375828,-0.40330466628074646,0.01655801199376583,-0.08308789134025574,0.07061918824911118,-0.1014227494597435,0.20377770066261292,-0.2654407024383545,-0.03406215459108353,0.28334611654281616,-0.23377586901187897,0.18038436770439148,0.0898546427488327,0.19302813708782196,0.13071587681770325,0.30413782596588135,0.10984309017658234,0.05227568373084068,0.2155984342098236,0.17216059565544128,0.08618851751089096,-0.5976877808570862,-0.7617796063423157,-0.14538870751857758,-0.4089809060096741,0.07383990287780762,0.1093989759683609,-0.1472269594669342,-0.13543085753917694,0.0608859620988369,0.07160253077745438,-0.058492280542850494,0.29878824949264526,0.20708392560482025,0.5149962902069092,-0.18810738623142242,0.4607210159301758,-0.40728604793548584,0.38530877232551575,-0.8570902347564697,-0.015155530534684658,-0.2107423096895218,0.291361927986145,0.2629525065422058,-0.34993505477905273,0.23351708054542542,-0.06828819215297699,-0.3803766965866089,-0.15871039032936096,-0.01780613884329796,-0.39161956310272217,-0.8396297097206116,0.15045972168445587,-0.43699759244918823,-0.4355945289134979,-0.48689451813697815,0.541605532169342,-0.07309601455926895,0.4914933145046234,-0.14094801247119904,-0.14736740291118622,-0.27718397974967957,-0.16177807748317719,0.14192698895931244,0.2849794924259186,-0.36677247285842896,0.21145221590995789,-0.053582701832056046,0.3459877073764801,-0.3136861026287079,-0.27524682879447937,0.0986306294798851,0.13108232617378235,-0.1790570765733719,0.3381533920764923,0.02526683546602726,-0.5805619955062866,0.7215243577957153,-0.24197602272033691,-0.2709047496318817,-0.3979738652706146,0.49774277210235596,-0.6897822022438049,-0.5456611514091492,0.1912102997303009,0.40057381987571716,0.3726726174354553,-0.3620172142982483,-0.22251614928245544,0.09662420302629471,0.08107870072126389,0.20191749930381775,0.00561115238815546,0.3225083649158478,-0.012803060002624989,-0.21811072528362274,0.22307169437408447,0.5357311964035034,0.0030959155410528183,-0.1349867433309555,-0.2082313448190689,-0.13692820072174072,0.47616884112358093,-0.4271512031555176,-0.01292805653065443,-0.14167799055576324,-0.1747572124004364,-0.03952036052942276,0.25644031167030334,0.4804452955722809,0.206718310713768,0.813845694065094,0.6756792068481445,0.36984845995903015,-0.21783921122550964,0.5753880739212036,0.3665725588798523,0.2697359621524811,0.4133754074573517,0.1411447823047638,0.1395907998085022,0.4960445463657379,-0.31521373987197876,0.48886317014694214,0.4194982051849365,-0.14165526628494263,0.40010783076286316,-0.3850850760936737,0.16780801117420197,-0.0030532218515872955,0.018607497215270996,-0.3500378429889679,-0.05987415462732315,-0.07024873048067093,-0.15544572472572327,0.40489906072616577,0.17119474709033966,-0.3829291760921478,0.044307369738817215,-0.059792742133140564,-0.22790764272212982,0.17044489085674286,-0.19070620834827423,0.6209913492202759,0.2690744698047638,-0.4292781352996826,-0.054559268057346344,0.27211830019950867],""gru.bias_ih"":[-0.1570996791124344,0.04168730601668358,0.08820303529500961,0.052326902747154236,0.46949493885040283,-0.057644039392471313,0.04938560351729393,0.01453173067420721,0.10594062507152557,-0.8797533512115479,-0.21342402696609497,1.0028966665267944,-0.6439729928970337,-0.592765212059021,-0.45102348923683167,0.693343997001648,-0.06842733174562454,0.11337538063526154,-0.15623034536838531,0.20772062242031097,-0.24229860305786133,0.12944342195987701,-0.18881748616695404,-0.33634793758392334],""gru.bias_hh"":[0.09225244075059891,-0.027849888429045677,-0.25798287987709045,0.48379144072532654,0.5844684839248657,-0.01867261342704296,-0.1755003035068512,0.31627535820007324,0.015833452343940735,-0.968548059463501,-0.252305269241333,1.0578573942184448,-0.7143810391426086,-0.9159774780273438,-0.5276167392730713,0.314301997423172,-0.16959746181964874,0.3783121407032013,0.343498557806015,-0.34828096628189087,0.05882249400019646,-0.07724861800670624,-0.20471180975437164,0.2622097134590149],""head.weight"":[-0.30424582958221436,-0.340991735458374,-0.540177047252655,-0.08268847316503525,-0.2633931338787079,-0.7238323092460632,0.4184632897377014,0.28366249799728394],""head.bias"":[0.1977909952402115]}"
840521,GRU_8,240,321,0.48906536102294923,4.2562932440003465,"{""gru.weight_ih"":[0.3681434094905853,-0.12164697051048279,0.3143620789051056,-0.7626030445098877,-0.5563046336174011,0.013355478644371033,-0.5877020955085754,0.687335193157196,0.15022806823253632,0.24787403643131256,0.9879184365272522,0.13751381635665894,0.30312439799308777,-1.3608126640319824,-0.05208965390920639,0.4168400466442108,-0.7195301055908203,0.17637766897678375,-0.5499379634857178,0.03887661173939705,0.09196475148200989,0.20057961344718933,0.1418675184249878,0.010191070847213268,-0.4153882563114166,-0.8812301158905029,0.31082743406295776,0.1270638257265091,-0.8867016434669495,0.006675392389297485,0.3619343936443329,-1.0048010349273682,-0.32191070914268494,0.09844878315925598,-0.35679325461387634,0.23276731371879578,0.014264210127294064,-0.8851757049560547,-0.11599384248256683,-0.12915799021720886,-0.4050711393356323,-0.3025786280632019,-0.18900878727436066,-0.20590028166770935,0.14972828328609467,-0.06479941308498383,0.3141217529773712,-0.12471610307693481,-0.5364112854003906,-0.37964487075805664,0.15598613023757935,-0.47522616386413574,0.11525709927082062,0.04182296246290207,-0.697968065738678,0.4123808443546295,0.03888001665472984,0.013976389542222023,-0.13776496052742004,-0.5807939767837524,-0.8723816275596619,-0.1909373253583908,-0.025757066905498505,-0.5802005529403687,-0.1382192075252533,-0.081458181142807,0.3769841194152832,0.13217738270759583,0.19664081931114197,-0.07414555549621582,-0.08726852387189865,-0.31555256247520447],""gru.weight_hh"":[-0.30699509382247925,-0.012718386016786098,-0.09043347090482712,0.12472335249185562,-0.3797950744628906,-0.467269629240036,0.16747820377349854,-0.02955889143049717,0.1761971414089203,0.014629044570028782,0.05094262212514877,0.3052713871002197,0.3481161594390869,-0.0055310409516096115,-0.24356280267238617,0.4516269862651825,0.04258587956428528,-0.13158753514289856,0.39204826951026917,-0.0715249702334404,-0.27323707938194275,0.23483477532863617,0.24026229977607727,-0.1460402011871338,-0.3060110807418823,0.44320833683013916,0.3701830804347992,-0.20011726021766663,0.10529519617557526,0.19024038314819336,-0.804471492767334,-0.11440854519605637,-0.13480578362941742,0.5756837129592896,0.17791932821273804,0.4489981532096863,0.05920800194144249,0.5723657608032227,-0.5582045316696167,0.07607975602149963,-0.07026135921478271,-0.052046384662389755,0.04110288992524147,0.3245760202407837,0.01839764043688774,-0.3300299644470215,-0.011666507460176945,-0.08036047220230103,0.06461213529109955,-0.11658931523561478,0.31205499172210693,-0.23211634159088135,-0.013034163974225521,0.23413269221782684,-0.18986910581588745,0.21133415400981903,-0.14229917526245117,0.19816537201404572,0.13547801971435547,0.39567258954048157,0.05159468203783035,-0.09242164343595505,0.22860218584537506,0.1768728494644165,-0.20918278396129608,-0.6706483364105225,-1.072608232498169,-0.2514769434928894,-0.5939003229141235,-0.03486781567335129,0.041755225509405136,-0.3410116136074066,-0.1400456577539444,-0.012849362567067146,0.025467272847890854,-0.09591852873563766,0.2773068845272064,0.17114874720573425,0.5739455819129944,-0.18079909682273865,0.5902551412582397,-0.1105617806315422,0.6908631324768066,-0.9867817759513855,0.22795701026916504,0.06972619146108627,0.06891100853681564,-0.038660693913698196,-0.35434964299201965,0.1728433519601822,-0.11383622139692307,-0.35438355803489685,-0.15647031366825104,-0.043902404606342316,-0.3394987881183624,-0.8812353014945984,0.3493225872516632,-0.45196962356567383,-0.4689132869243622,-0.4120887219905853,0.7188828587532043,0.04766445234417915,0.4783536195755005,-0.06407663971185684,-0.04940415546298027,-0.3851482570171356,-0.2565273940563202,0.07601640373468399,0.32951292395591736,-0.3186580538749695,0.2622433304786682,-0.03693903237581253,0.35251280665397644,-0.41541266441345215,-0.3865242004394531,0.13428552448749542,0.12701457738876343,-0.24658140540122986,0.4161849617958069,0.08144344389438629,-0.5023097991943359,0.7151110172271729,-0.16154412925243378,-0.3525521159172058,-0.36176976561546326,0.5274555683135986,-0.6820821166038513,-0.6488088965415955,0.23630477488040924,0.4488820433616638,0.44458428025245667,-0.34450680017471313,-0.20239105820655823,0.059460557997226715,0.07329501956701279,0.2009013593196869,0.09972863644361496,0.310951828956604,0.0016402334440499544,-0.21099257469177246,0.25798332691192627,0.5208376049995422,0.030540814623236656,-0.11757275462150574,-0.13665908575057983,-0.1569768786430359,0.5483636856079102,-0.47791504859924316,-0.04306066036224365,-0.21388089656829834,-0.12739060819149017,-0.04850012809038162,0.28868594765663147,0.5116894245147705,0.2634105682373047,0.9254976511001587,0.8121829032897949,0.49290573596954346,-0.23727065324783325,0.6305878162384033,0.5647919178009033,0.30072343349456787,0.4181954264640808,0.2253248244524002,0.27731016278266907,0.539007842540741,-0.3073080778121948,0.5637912154197693,0.5393109321594238,-0.1333516240119934,0.4699557423591614,-0.3844587206840515,0.2226727157831192,0.004780451767146587,0.03895147889852524,-0.3339660167694092,-0.10769695788621902,-0.05254315957427025,-0.1684528887271881,0.43348363041877747,0.17529526352882385,-0.3180443346500397,0.013137069530785084,-0.05614220350980759,-0.3135337233543396,0.16060473024845123,-0.27274468541145325,0.6829919219017029,0.2410837709903717,-0.5161288976669312,-0.04670461267232895,0.28963586688041687],""gru.bias_ih"":[-0.2074146568775177,0.01320655457675457,0.0767032578587532,0.09947942197322845,0.47767382860183716,-0.03206273168325424,0.03855862095952034,0.046872563660144806,0.22596503794193268,-1.0063745975494385,0.06634515523910522,1.0351332426071167,-0.7715541124343872,-0.7606637477874756,-0.5513904094696045,0.6602302193641663,-0.03450295329093933,0.09637120366096497,-0.1664862185716629,0.19172273576259613,-0.2271592915058136,0.12644396722316742,-0.1799076944589615,-0.3302379846572876],""gru.bias_hh"":[0.04193740710616112,-0.05633062869310379,-0.26948264241218567,0.5309436321258545,0.592647910118103,0.0069087110459804535,-0.18632720410823822,0.34861621260643005,0.13585782051086426,-1.0951693058013916,0.02746390737593174,1.090093970298767,-0.8419622182846069,-1.0838767290115356,-0.6279838681221008,0.28118839859962463,-0.12720923125743866,0.36944377422332764,0.34051045775413513,-0.35732197761535645,0.0686294287443161,-0.07596128433942795,-0.1990305781364441,0.26874619722366333],""head.weight"":[-0.37387707829475403,-0.3686339855194092,-0.6256382465362549,-0.04681839421391487,-0.31430789828300476,-0.873991847038269,0.43368589878082275,0.2980816960334778],""head.bias"":[0.19475571811199188]}"
840522,SENSORY_SITE,60,4,0.6019799530506134,0.8390979970002377,"{""raw"":[2.4756600856781006,0.5245351791381836,-0.04652581363916397,-0.5578346848487854]}"
840522,SENSORY_SITE,120,4,0.5775953263044358,1.6707854520002456,"{""raw"":[2.472069501876831,0.9262263774871826,-0.10044562071561813,-0.6358089447021484]}"
840522,SENSORY_SITE,240,4,0.6139781773090363,3.3612315380004816,"{""raw"":[2.4061145782470703,1.436639428138733,-0.3090684711933136,-0.7483711838722229]}"
840522,OUTPUT_SITE,60,4,0.6085826575756073,0.835757581999701,"{""raw"":[2.199342727661133,0.7018622756004333,0.23849616944789886,-0.41314399242401123]}"
840522,OUTPUT_SITE,120,4,0.6303687810897827,1.667564535999702,"{""raw"":[1.7646095752716064,1.1099390983581543,0.24442991614341736,-0.3530636429786682]}"
840522,OUTPUT_SITE,240,4,0.6180995643138886,3.368716239999742,"{""raw"":[1.2832527160644531,1.7230168581008911,0.20771320164203644,0.1351846307516098]}"
840522,NO_FEEDBACK,60,4,0.6504613518714905,0.8074534170002039,"{""raw"":[2.2056210041046143,0.6984521746635437,0.21540556848049164,-0.08668321371078491]}"
840522,NO_FEEDBACK,120,4,0.6331193149089813,1.6106487060002337,"{""raw"":[1.7968496084213257,1.1260632276535034,0.14000864326953888,-0.05991518124938011]}"
840522,NO_FEEDBACK,240,4,0.632725840806961,3.208463627000185,"{""raw"":[1.19936203956604,1.6877201795578003,0.1005328968167305,-0.26604509353637695]}"
840522,GENERIC_RNN,60,4,0.7082039177417755,0.655240459999618,"{""raw"":[0.5103349089622498,0.6385546326637268,-0.06062718480825424,0.2707809805870056]}"
840522,GENERIC_RNN,120,4,0.663805878162384,1.3404534169993667,"{""raw"":[0.7960095405578613,0.8333637714385986,-0.06760592758655548,0.4893839955329895]}"
840522,GENERIC_RNN,240,4,0.7056735873222351,2.6456603319994088,"{""raw"":[0.8953090906143188,1.1148532629013062,-0.1044342890381813,0.4036649763584137]}"
840522,GRU_8,60,321,0.5771343499422074,1.0703747970000563,"{""gru.weight_ih"":[-0.38823044300079346,-0.1453283131122589,-0.2872881293296814,0.23373818397521973,0.18695956468582153,-0.08152468502521515,0.2795543670654297,-0.1318666785955429,-0.11211532354354858,-0.18974561989307404,-0.46493327617645264,-0.6365693807601929,-0.447889119386673,-0.4262615144252777,0.2055147886276245,0.2717667818069458,0.20676785707473755,-0.14594228565692902,-0.2846958041191101,0.1471550017595291,0.39142554998397827,0.36774975061416626,0.053532905876636505,-0.34642380475997925,0.48118484020233154,-0.126273974776268,-0.07259921729564667,0.11999981850385666,0.09724613279104233,-0.12107762694358826,-0.11751266568899155,-0.19216564297676086,0.293336421251297,-0.2159845232963562,-0.5542873740196228,0.20337243378162384,-0.389373779296875,-0.24783965945243835,0.2559884190559387,-0.4100419878959656,0.2337343543767929,0.3624289631843567,0.3713169991970062,-0.4924582540988922,-0.48156657814979553,0.13996590673923492,-0.050124771893024445,-0.3740987479686737,0.5190314650535583,-0.3283177614212036,0.5353822112083435,-0.5477622151374817,0.09933885186910629,-0.36936187744140625,0.2682357430458069,0.2509477734565735,0.17011766135692596,0.5174443125724792,0.6440134644508362,-0.26791271567344666,0.08651701360940933,0.2579224109649658,0.18305179476737976,0.20582249760627747,0.36531269550323486,0.5097464323043823,0.5155758261680603,-0.17042578756809235,-0.08240680396556854,-0.497950941324234,-0.18158507347106934,-0.12385807186365128],""gru.weight_hh"":[-0.45991697907447815,0.343445360660553,-0.19138970971107483,-0.42524585127830505,-0.41954296827316284,-0.15133513510227203,-0.7024683952331543,0.019873986020684242,0.09329848736524582,-0.2475181519985199,0.06302295625209808,0.24230583012104034,0.15224578976631165,0.27448752522468567,0.5033595561981201,-0.05298479273915291,-0.2758849561214447,0.24137334525585175,-0.14193454384803772,-0.1718762367963791,0.21788211166858673,-0.16827647387981415,-0.2816694378852844,-0.1983823925256729,-0.2607513666152954,0.42136871814727783,-0.37214624881744385,0.08924491703510284,-0.09862320870161057,-0.011847475543618202,-0.1210993230342865,0.07730739563703537,-0.08592267334461212,0.08563385158777237,0.09612749516963959,0.011800093576312065,-0.0020734877325594425,0.02625846303999424,-0.04908131808042526,0.45058825612068176,0.17804907262325287,-0.28564751148223877,0.052779670804739,-0.2064935564994812,0.10118681937456131,-0.07183598726987839,-0.16463834047317505,0.15920507907867432,-0.1563146710395813,0.23535111546516418,0.08067959547042847,-0.25675076246261597,0.2533935308456421,0.020339788869023323,0.21710918843746185,0.23673181235790253,-0.27994537353515625,-0.2768951952457428,-0.40083223581314087,0.19582517445087433,-0.05831271409988403,0.21617819368839264,0.166038379073143,0.017012882977724075,-0.1576683074235916,0.22916686534881592,0.3269002437591553,-0.5361852049827576,-0.08383746445178986,-0.603018581867218,0.0069368574768304825,0.7748076915740967,-0.19039808213710785,0.07640580087900162,0.4646660387516022,0.303036093711853,0.17292171716690063,-0.29738321900367737,-0.0093463696539402,0.40674686431884766,-0.20571185648441315,-0.039399027824401855,0.5123149156570435,0.459931343793869,-0.067418172955513,-0.3462502658367157,-0.0010625517461448908,0.027418142184615135,-0.3044726252555847,-0.3694227337837219,0.24989362061023712,-0.1353323608636856,-0.310333788394928,-0.34981051087379456,0.3756214678287506,0.2972795367240906,0.21797677874565125,0.16691836714744568,0.45040416717529297,0.12045478075742722,0.28239428997039795,-0.1699521690607071,0.37229254841804504,-0.05554462596774101,0.30627521872520447,-0.2037922441959381,0.33440661430358887,-0.1595952808856964,-0.053964246064424515,0.04281098023056984,0.40837714076042175,-0.08101463317871094,-0.5244244337081909,0.23637117445468903,-0.22863800823688507,-0.25903549790382385,-0.0018850965425372124,0.001911222469061613,-0.2096162587404251,0.20633536577224731,-0.2547372281551361,0.32246333360671997,-0.18940840661525726,-0.4118818938732147,-0.38638073205947876,-0.41595056653022766,-0.3669295310974121,0.7005217671394348,0.18296250700950623,0.11579836905002594,0.19068123400211334,0.3394634425640106,0.04962235316634178,-0.1458400934934616,0.35253724455833435,-0.1623494029045105,0.3183474838733673,-0.20678846538066864,0.1491294801235199,-0.17312827706336975,0.21842557191848755,-0.012696115300059319,-0.39082199335098267,0.06586690247058868,0.06799011677503586,0.001745518995448947,-0.26717203855514526,-0.07080154865980148,0.1230873167514801,0.2660936117172241,0.48029372096061707,-0.012197259813547134,-0.21928423643112183,-0.3759065270423889,0.08389295637607574,0.2067710906267166,0.20388305187225342,0.026371408253908157,0.32244300842285156,-0.5191018581390381,0.09895922243595123,-0.3326963186264038,0.14689001441001892,0.008695196360349655,-0.04391252249479294,0.179738387465477,0.5407444834709167,-0.3787481188774109,-0.22184541821479797,0.10617431998252869,0.3500259518623352,0.25568458437919617,0.058958712965250015,-0.17910394072532654,0.3698212206363678,0.09338946640491486,-0.28958559036254883,0.2935250699520111,0.034317340701818466,0.21796777844429016,0.3081916272640228,-0.38057589530944824,-0.06698697060346603,0.06672550737857819,0.1479209065437317,0.4141741394996643,0.18295083940029144,-0.2798721492290497,0.3292255699634552,-0.06721323728561401,-0.1152968630194664,0.3178621828556061],""gru.bias_ih"":[-0.16406159102916718,-0.15606163442134857,-0.32609209418296814,0.051522478461265564,-0.07616659253835678,0.12289149314165115,-0.1923869103193283,0.10212646424770355,-0.20489731431007385,-0.7570499181747437,-0.6615251898765564,-0.18638397753238678,-0.3737472891807556,-0.3510409891605377,0.01674136146903038,-0.5566825866699219,0.20615604519844055,-0.20466093719005585,-0.25810927152633667,-0.04244593530893326,-0.2290755957365036,0.10127365589141846,0.25041666626930237,-0.20257310569286346],""gru.bias_hh"":[0.4806725084781647,-0.05856629088521004,0.18622730672359467,-0.2232774794101715,0.24962736666202545,-0.31305205821990967,-0.30961254239082336,0.3814358413219452,-0.3859805166721344,-0.5098809003829956,-0.7880173325538635,-0.053750354796648026,-0.7085785269737244,-0.348942369222641,0.20322909951210022,-0.06584957242012024,-0.016924427822232246,-0.20595914125442505,0.012958700768649578,-0.1961289346218109,-0.36918169260025024,0.19525448977947235,-0.04836001247167587,-0.137176975607872],""head.weight"":[0.3764203190803528,-0.3119290769100189,0.3813401162624359,0.27915695309638977,0.3401850461959839,0.298886239528656,0.618122935295105,-0.20409712195396423],""head.bias"":[0.042586810886859894]}"
840522,GRU_8,120,321,0.5658806413412094,2.1248840850000192,"{""gru.weight_ih"":[-0.4478638172149658,-0.2403515726327896,-0.30973899364471436,0.26330435276031494,0.23479880392551422,-0.09315014630556107,0.29927781224250793,-0.3766053020954132,-0.13941709697246552,-0.16385194659233093,-0.782170832157135,-0.6499983668327332,-0.47397351264953613,-0.5352910161018372,0.2426450401544571,0.2751939296722412,0.1922149658203125,-0.16773033142089844,-0.34547871351242065,0.31174367666244507,0.404338002204895,0.6322708129882812,-0.11930181831121445,-0.4814337491989136,0.4655016362667084,-0.19488702714443207,-0.0018069252837449312,0.11911287903785706,0.04634728655219078,-0.0925554558634758,-0.08399125933647156,-0.3178834021091461,0.34341487288475037,-0.29046979546546936,-0.7951355576515198,0.3937000036239624,-0.40638241171836853,-0.2460963875055313,0.3003733158111572,-0.43734753131866455,0.2167777568101883,0.5753405690193176,0.4301956593990326,-0.6494280695915222,-0.5627707839012146,0.2611999809741974,-0.3319954574108124,-0.6350985765457153,0.624964714050293,-0.5295599699020386,0.38921502232551575,-0.6094077229499817,0.14853163063526154,-0.3513399660587311,0.3351995646953583,0.1511894315481186,0.1145518496632576,0.5558558702468872,0.648797869682312,-0.4158799350261688,0.1320890188217163,0.18117426335811615,0.09711798280477524,0.25403648614883423,0.34135913848876953,0.44441619515419006,0.5423325896263123,-0.24423402547836304,-0.15786120295524597,-0.6121518611907959,-0.18311086297035217,-0.021154478192329407],""gru.weight_hh"":[-0.4835415482521057,0.39787572622299194,-0.2405242919921875,-0.5316440463066101,-0.43101760745048523,-0.17670679092407227,-0.904121994972229,0.11060039699077606,0.08902657777070999,-0.2317638248205185,0.06587184220552444,0.3048624098300934,0.1513626128435135,0.3170706033706665,0.5508014559745789,-0.1297428160905838,-0.2748276889324188,0.23449881374835968,-0.14828358590602875,-0.17487764358520508,0.2169029414653778,-0.17081400752067566,-0.28374844789505005,-0.18090851604938507,-0.2642269432544708,0.391074001789093,-0.3670051097869873,0.04716436564922333,-0.10435833781957626,-0.09996242076158524,-0.13213734328746796,0.1964307725429535,-0.05215083435177803,0.044708698987960815,0.11909635365009308,0.009504972025752068,0.020266398787498474,0.0488034188747406,-0.046506576240062714,0.45498284697532654,0.16071507334709167,-0.2953720986843109,0.007264791987836361,-0.22085703909397125,0.05622359737753868,-0.07486891746520996,-0.19102832674980164,0.15072885155677795,-0.1658286303281784,0.24320557713508606,0.06651995331048965,-0.3121921122074127,0.239374041557312,-0.004380872938781977,0.18764254450798035,0.24003233015537262,-0.35947492718696594,-0.23701518774032593,-0.42790836095809937,0.28006500005722046,-0.07832271605730057,0.19392667710781097,0.19502019882202148,0.008723611012101173,-0.12243984639644623,0.3192485570907593,0.6473858952522278,-0.43427586555480957,0.17550039291381836,-0.6027079820632935,0.006479909177869558,0.9070082306861877,-0.17966163158416748,0.11429795622825623,0.7107407450675964,0.367970734834671,0.42757487297058105,-0.2939578592777252,-0.031857263296842575,0.49139562249183655,-0.1714329719543457,-0.03163456544280052,0.7159459590911865,0.5519394278526306,0.13093656301498413,-0.3603140115737915,0.18720830976963043,0.09852685779333115,-0.09139390289783478,-0.6776908040046692,0.40277060866355896,0.10337769240140915,-0.2907331585884094,-0.24670198559761047,0.8873360753059387,0.06623058021068573,0.26364028453826904,0.14286965131759644,0.5180039405822754,0.11987092345952988,0.2972455620765686,-0.14696937799453735,0.4055995047092438,-0.08496280014514923,0.48949408531188965,-0.2934526801109314,0.4616282284259796,-0.1105402484536171,0.025547606870532036,0.14281781017780304,0.5438792705535889,-0.22023683786392212,-0.6178522109985352,0.3125152289867401,-0.2956681251525879,-0.43819379806518555,-0.053787071257829666,-0.1536809802055359,-0.35324323177337646,0.43399620056152344,-0.4807493984699249,0.6008381843566895,-0.40860238671302795,-0.7444410920143127,-0.5688971281051636,-0.6588678359985352,-0.9167138338088989,1.0790561437606812,0.09509768337011337,0.1597917079925537,0.1830304116010666,0.38291528820991516,0.03451990708708763,-0.21496210992336273,0.4478660225868225,-0.14132264256477356,0.3334633708000183,-0.21490027010440826,0.15030673146247864,-0.2168993204832077,0.2200450897216797,-0.013736143708229065,-0.46245646476745605,0.08268114924430847,0.058717235922813416,-0.0005883518606424332,-0.27268344163894653,-0.04889127239584923,0.11504846811294556,0.2543504238128662,0.5287905931472778,-0.0238660778850317,-0.2704794704914093,-0.34447312355041504,0.06291317939758301,0.29300597310066223,0.1839023232460022,0.06262514740228653,0.3886311650276184,-0.5897743105888367,0.08308281004428864,-0.3275107741355896,0.14629293978214264,0.02590188942849636,-0.04652692750096321,0.16211551427841187,0.5738850831985474,-0.3706989288330078,-0.2400752753019333,0.10886863619089127,0.34154537320137024,0.26951155066490173,0.04997103288769722,-0.19282536208629608,0.40465402603149414,0.08565106987953186,-0.3183608949184418,0.3031957447528839,0.03196494281291962,0.253357857465744,0.3056035339832306,-0.37484636902809143,-0.02935204468667507,0.05820721015334129,0.1856524795293808,0.3910994231700897,0.20030182600021362,-0.3529294431209564,0.34116655588150024,-0.13217315077781677,-0.17779363691806793,0.3826921284198761],""gru.bias_ih"":[-0.15980897843837738,-0.1432020664215088,-0.3229890465736389,0.029921643435955048,-0.08115208894014359,0.1512957215309143,-0.19407020509243011,0.11824581772089005,-0.47585245966911316,-0.9376636743545532,-0.8087950944900513,-0.07105893641710281,-0.4039386212825775,-0.3617083430290222,-0.038806114345788956,-0.4792070984840393,0.19020403921604156,-0.19807109236717224,-0.2605697810649872,-0.03533262386918068,-0.22916701436042786,0.1018625870347023,0.2602505087852478,-0.22215339541435242],""gru.bias_hh"":[0.4849250614643097,-0.04570670425891876,0.18933020532131195,-0.24487832188606262,0.24464190006256104,-0.28464797139167786,-0.3112957775592804,0.3975552022457123,-0.6569355726242065,-0.6904946565628052,-0.9352872371673584,0.06157469376921654,-0.7387698888778687,-0.3596097230911255,0.14768154919147491,0.011625771410763264,-0.03128380700945854,-0.20528216660022736,0.015215338207781315,-0.17394155263900757,-0.37306126952171326,0.1975657343864441,-0.043958671391010284,-0.16410203278064728],""head.weight"":[0.44988712668418884,-0.35961514711380005,0.41420114040374756,0.3167818486690521,0.35171738266944885,0.31594833731651306,0.7326773405075073,-0.2380719929933548],""head.bias"":[0.037641339004039764]}"
840522,GRU_8,240,321,0.5459939330816269,4.252452079999898,"{""gru.weight_ih"":[-0.9509729743003845,-0.4044366180896759,-0.36923035979270935,0.29994335770606995,0.09129326790571213,-0.22301732003688812,0.3139004707336426,-0.5199406147003174,0.015513681806623936,-0.12006906419992447,-1.0871162414550781,-0.7470730543136597,-0.5150217413902283,-0.632354736328125,0.3206774592399597,0.2976444661617279,-0.07569415867328644,-0.16695068776607513,-0.35569602251052856,0.38172754645347595,0.3818627595901489,0.7836722135543823,-0.08669413626194,-0.34120461344718933,0.3948012888431549,-0.25983256101608276,0.15668639540672302,0.10413726419210434,0.011533405631780624,0.0038119989912956953,-0.19842249155044556,-0.7187879085540771,1.05006742477417,-0.6278398633003235,-0.899234414100647,0.5423669219017029,-0.42849448323249817,-0.2694125473499298,0.3893479108810425,-0.47968417406082153,0.2301064431667328,0.7794153690338135,0.4836449921131134,-0.7857256531715393,-0.4744258522987366,0.5405725836753845,-0.4900555908679962,-0.6089922189712524,0.7824825644493103,-0.6932181715965271,0.438384085893631,-0.6511422395706177,0.17588502168655396,-0.3192264437675476,0.4272838532924652,0.11324029415845871,0.1262088119983673,0.5823488831520081,0.6500504016876221,-0.7512059807777405,0.18599441647529602,0.1571275293827057,0.0763765498995781,0.3074904978275299,0.36781972646713257,0.38769692182540894,0.560791552066803,-0.32218536734580994,-0.13385333120822906,-0.6261102557182312,-0.38314303755760193,0.018662746995687485],""gru.weight_hh"":[-0.5220997929573059,0.316849023103714,-0.28200992941856384,-0.57171231508255,-0.43873098492622375,-0.23160137236118317,-0.9742516875267029,0.0050681475549936295,-0.0021688230335712433,0.012668377719819546,0.027964875102043152,0.36840349435806274,0.1364179104566574,0.256862074136734,0.4685763716697693,-0.16771306097507477,-0.15791811048984528,0.16353324055671692,-0.03387996181845665,-0.12231338024139404,0.2782253623008728,-0.038592495024204254,-0.2713848948478699,-0.16280420124530792,-0.31701552867889404,0.2702925503253937,-0.5361732840538025,0.08779057115316391,-0.2604519724845886,-0.3009175658226013,-0.06793608516454697,0.18418516218662262,0.007784522138535976,-0.16234934329986572,0.13008777797222137,0.02051163837313652,0.002694380935281515,0.13675469160079956,-0.021376488730311394,0.38740190863609314,0.1917964518070221,-0.32475271821022034,-0.0421191044151783,-0.3175845146179199,0.00012815016089007258,-0.09925177693367004,-0.2207317054271698,0.15158052742481232,-0.19119605422019958,0.211154967546463,-0.15656206011772156,-0.713421106338501,0.07615989446640015,-0.08206978440284729,0.12107118964195251,0.17272867262363434,-0.1436772495508194,-0.28528720140457153,-0.36112523078918457,0.6250770688056946,-0.012241855263710022,0.13793757557868958,0.38370606303215027,-0.020915869623422623,0.005538033787161112,0.3143487870693207,0.9672592878341675,-0.4891338646411896,0.4214061200618744,-0.49658653140068054,0.08147869259119034,0.9867937564849854,-0.11664929986000061,0.11307451128959656,0.9902894496917725,0.3172672688961029,0.6645259261131287,-0.22989925742149353,0.0013189684832468629,0.5291791558265686,0.5953574776649475,-0.67256760597229,1.5032238960266113,0.9694397449493408,0.7148546576499939,0.19123874604701996,0.8054152131080627,-0.2550291121006012,0.18252170085906982,-0.9383978247642517,0.5368255376815796,0.6786017417907715,-0.3908824324607849,-0.14895284175872803,1.4306563138961792,-0.17827844619750977,0.33485740423202515,0.11226236075162888,0.6628576517105103,0.3852452039718628,0.3541533648967743,-0.013435442000627518,0.4335465431213379,-0.13467372953891754,0.6105309128761292,-0.3403920829296112,0.4898347556591034,0.2991194725036621,0.11784953624010086,0.2562442123889923,0.6779701113700867,-0.44516515731811523,-0.5732855200767517,0.2614668607711792,-0.2098858654499054,-0.5987361073493958,-0.01117577962577343,-0.13335266709327698,-0.4006219506263733,0.6641197800636292,-0.4261271357536316,0.49759215116500854,-0.363849014043808,-0.7812208533287048,-0.5574126839637756,-0.7261031866073608,-1.0221006870269775,1.4085530042648315,0.14860643446445465,0.27994421124458313,0.31026387214660645,0.39304694533348083,0.1441347748041153,-0.187020942568779,0.5027205348014832,0.024289768189191818,0.3021571636199951,-0.26886650919914246,0.08492482453584671,-0.37363916635513306,0.15847615897655487,-0.02942471019923687,-0.48940274119377136,0.053312044590711594,0.0678781270980835,0.0320967398583889,-0.2125249207019806,0.02733970619738102,0.16483527421951294,0.27979931235313416,0.557334303855896,0.004634395707398653,-0.4786684811115265,-0.11419150978326797,0.023364776745438576,0.639616072177887,0.18808616697788239,-0.01679539680480957,0.32218754291534424,-0.6335236430168152,0.08896023035049438,-0.293146550655365,0.21384045481681824,0.09426780790090561,0.010536717250943184,0.18059612810611725,0.5767790675163269,-0.31535011529922485,-0.25789088010787964,0.14705955982208252,0.3664173483848572,0.3124651610851288,0.07619212567806244,-0.20541784167289734,0.4035109877586365,0.12180829048156738,-0.29103440046310425,0.36891990900039673,0.14776544272899628,0.41120645403862,0.405987411737442,-0.36400410532951355,-0.006326225120574236,0.1424746960401535,0.2558631896972656,0.2531972825527191,0.1668289601802826,-0.6124054193496704,0.2843888998031616,-0.10629543662071228,-0.007541990838944912,0.3398398458957672],""gru.bias_ih"":[-0.1460506170988083,-0.14628906548023224,-0.3211142122745514,0.1366562396287918,-0.03973010554909706,0.18931779265403748,-0.11911159008741379,0.0954572781920433,-0.6851246356964111,-1.0645993947982788,-0.5671793222427368,0.17007221281528473,-0.34420955181121826,-0.3704826235771179,-0.1110895499587059,-0.5781113505363464,0.1415703445672989,-0.1534687578678131,-0.2936808168888092,-0.12513156235218048,-0.26113390922546387,0.07697999477386475,0.21027836203575134,-0.18206241726875305],""gru.bias_hh"":[0.49868351221084595,-0.04879375547170639,0.19120509922504425,-0.13814368844032288,0.28606387972831726,-0.2466258853673935,-0.23633736371994019,0.3747667074203491,-0.8662076592445374,-0.8174304962158203,-0.693671464920044,0.30270591378211975,-0.6790407299995422,-0.3683840036392212,0.07539815455675125,-0.08727817237377167,-0.10899671912193298,-0.16990280151367188,-0.01208111084997654,-0.2073575109243393,-0.40921807289123535,0.1758085936307907,-0.10344786196947098,-0.11616609990596771],""head.weight"":[0.577697217464447,-0.3918272852897644,0.5032223463058472,0.3901823163032532,0.4085945785045624,0.36484700441360474,0.816961407661438,-0.22338983416557312],""head.bias"":[0.0088422866538167]}"
840523,SENSORY_SITE,60,4,0.6074391663074493,0.8351352120001252,"{""raw"":[2.4638774394989014,0.5662132501602173,0.10972563177347183,-0.5222768187522888]}"
840523,SENSORY_SITE,120,4,0.6437793254852295,1.6950477100000398,"{""raw"":[2.367779493331909,0.9482604265213013,0.07430612295866013,-0.5764528512954712]}"
840523,SENSORY_SITE,240,4,0.6493815898895263,3.373731378000059,"{""raw"":[2.271231174468994,1.512467861175537,-0.20725750923156738,-0.5984076261520386]}"
840523,OUTPUT_SITE,60,4,0.6803754508495331,0.83787583000003,"{""raw"":[2.1662063598632812,0.7495154142379761,-0.0734994187951088,-0.40824294090270996]}"
840523,OUTPUT_SITE,120,4,0.6427387893199921,1.6764164159998245,"{""raw"":[1.7359946966171265,1.1550060510635376,-0.2644542455673218,-0.16592130064964294]}"
840523,OUTPUT_SITE,240,4,0.6385793507099151,3.3554626279996,"{""raw"":[1.1872034072875977,1.7418874502182007,-0.32200202345848083,0.1281135231256485]}"
840523,NO_FEEDBACK,60,4,0.7036180675029755,0.8095421219999253,"{""raw"":[2.1849446296691895,0.7143226861953735,-0.06548311561346054,0.21969369053840637]}"
840523,NO_FEEDBACK,120,4,0.6235702097415924,1.6175035800000046,"{""raw"":[1.7326430082321167,1.1250087022781372,-0.01810869760811329,0.3145556151866913]}"
840523,NO_FEEDBACK,240,4,0.6364031970500946,3.253871912000136,"{""raw"":[1.235913634300232,1.7053011655807495,0.1911388635635376,0.5628343820571899]}"
840523,GENERIC_RNN,60,4,0.7044921159744263,0.6506262889999448,"{""raw"":[0.5568643808364868,0.6587268114089966,-0.011782136745750904,0.3262600004673004]}"
840523,GENERIC_RNN,120,4,0.7259283423423767,1.306862082999828,"{""raw"":[0.7466321587562561,0.863354504108429,0.08498386293649673,0.43885037302970886]}"
840523,GENERIC_RNN,240,4,0.6724102616310119,2.6351753690000237,"{""raw"":[0.9464762210845947,1.1572911739349365,-0.12593379616737366,0.4960370659828186]}"
840523,GRU_8,60,321,0.6225460529327392,1.0623812069999303,"{""gru.weight_ih"":[-0.7099363803863525,-0.18280598521232605,-0.28271034359931946,-0.24118420481681824,0.23559243977069855,0.19746370613574982,0.2268977165222168,-0.463162899017334,-0.03639977425336838,-0.25100958347320557,-0.13313031196594238,-0.2436797171831131,-0.23547245562076569,0.004659978672862053,-0.16538307070732117,0.266009658575058,0.06852637976408005,0.09546110779047012,0.07310178130865097,-0.36385753750801086,0.49708858132362366,0.4477171003818512,0.054034389555454254,0.09397025406360626,-0.49741077423095703,-0.4393003284931183,0.5820068120956421,-0.2669246196746826,0.42521387338638306,0.473149836063385,0.18256789445877075,-0.4236617684364319,-0.14177632331848145,-0.18398766219615936,-0.35729873180389404,0.014605863951146603,-0.5208107233047485,-0.503228485584259,0.4854060113430023,0.01744401454925537,0.23382528126239777,-0.4343329071998596,-0.17293336987495422,-0.07449112087488174,0.006365461274981499,0.08620566874742508,-0.14247263967990875,-0.2122679352760315,-0.5780391693115234,-0.26281601190567017,-0.1906057447195053,0.1892557144165039,-0.016974149271845818,-0.025548219680786133,-0.2461639642715454,0.2792624533176422,-0.43520572781562805,-0.5680780410766602,-0.17882157862186432,0.14004680514335632,-0.33205646276474,-0.16426214575767517,0.06748487055301666,0.037466421723365784,-0.34867551922798157,0.2399040311574936,0.1265609860420227,-0.010312139987945557,0.20523694157600403,-0.4998820424079895,0.34577375650405884,-0.5386521220207214],""gru.weight_hh"":[0.10879994183778763,0.06900782883167267,-0.07211147993803024,0.40338194370269775,-0.18520766496658325,-0.10456795990467072,-0.13922587037086487,-0.035810306668281555,-0.04946117475628853,-0.23689094185829163,-0.243401899933815,0.06074267625808716,0.1791502833366394,0.2346043586730957,-0.28550001978874207,-0.31810393929481506,-0.256695955991745,0.3348136246204376,-0.2349800169467926,-0.08985289931297302,-0.20497313141822815,0.1960298866033554,0.22602419555187225,0.18195770680904388,0.3902425467967987,-0.4212936460971832,0.35016870498657227,0.16660375893115997,-0.09339307248592377,0.05143498629331589,-0.2020331621170044,0.2275940328836441,-0.04697789251804352,-0.14583265781402588,-0.07789058238267899,0.13261426985263824,0.0002134938258677721,0.3109148144721985,-0.22474844753742218,0.14868026971817017,-0.017439574003219604,0.17201979458332062,-0.2977914810180664,0.029361555352807045,0.012829508632421494,-0.3137955665588379,0.5192887187004089,-0.004842064809054136,0.11971413344144821,-0.2650831937789917,0.3006443381309509,-0.18844081461429596,-0.17739687860012054,-0.07230434566736221,0.12252368777990341,0.1904771625995636,-0.02361936680972576,0.23282462358474731,-0.07205180823802948,-0.16437983512878418,-0.54237300157547,0.043210383504629135,0.2533920705318451,-0.05248292535543442,-0.856562077999115,0.5613692998886108,0.15908464789390564,-0.3785066306591034,-0.381285697221756,0.3137471675872803,0.6969277262687683,-0.8193486928939819,0.3489743769168854,0.12669575214385986,0.026472359895706177,-0.22750206291675568,-0.34519872069358826,0.47197288274765015,-0.1356266289949417,-0.01914198137819767,0.042329613119363785,-0.5091100931167603,0.36407965421676636,0.22766490280628204,0.14075355231761932,0.05288605019450188,-0.3518143892288208,0.06745181232690811,-0.3233121633529663,0.21946710348129272,-0.009976865723729134,-0.26739686727523804,-0.7913618683815002,0.2994731366634369,0.5300915837287903,-0.5525354146957397,-0.5452643632888794,0.44871753454208374,-0.13487446308135986,-0.5590518712997437,-0.29306501150131226,0.15882451832294464,0.491042822599411,-0.47887200117111206,0.1064973995089531,0.07729072123765945,0.21900632977485657,0.0910119116306305,0.08391629159450531,0.4237653315067291,-0.5725827813148499,-0.39405590295791626,-0.2587447166442871,-0.15508772432804108,0.16634677350521088,0.3016836643218994,-0.3224387466907501,0.5705288648605347,0.058546315878629684,-0.1469285488128662,-0.4705711901187897,-0.5836238861083984,0.204889714717865,0.22641457617282867,0.09264890849590302,0.22370585799217224,-0.23464077711105347,-0.14157161116600037,0.10845880955457687,-0.3945293426513672,0.0666537806391716,0.27063891291618347,-0.13297118246555328,-0.12566788494586945,-0.18400833010673523,0.399858295917511,0.3315674364566803,0.020246656611561775,-0.08287835121154785,-0.2845182418823242,0.3334628939628601,-0.01629798859357834,-0.06319620460271835,-0.13250072300434113,-0.1763322353363037,0.08658479899168015,-0.217518612742424,-0.09788603335618973,0.29447799921035767,-0.19166861474514008,-0.43699103593826294,-0.2477971762418747,0.08496466279029846,-0.09562206268310547,-0.273657888174057,0.5097469091415405,0.2075454443693161,-0.18099363148212433,0.05855245515704155,0.07096628099679947,-0.08166073262691498,-0.08475976437330246,0.12461791932582855,0.24988439679145813,-0.21188011765480042,0.06542924791574478,-0.21685652434825897,0.2348615825176239,-0.01532310526818037,-0.09862672537565231,-0.15515074133872986,-0.37453413009643555,-0.2474117875099182,0.16509276628494263,0.0606268011033535,0.10350076109170914,0.13245543837547302,-0.1452409029006958,-0.1049693301320076,-0.1979691982269287,0.2132989466190338,-0.11498457938432693,-0.2282782644033432,-0.3986828923225403,0.006089325062930584,0.05669347941875458,0.30879220366477966,0.2455148845911026,0.4095350205898285,0.044907744973897934,0.039280619472265244,-0.024615231901407242],""gru.bias_ih"":[-0.03243958577513695,-0.20875418186187744,0.04195298254489899,0.1988690197467804,-0.17118334770202637,0.32014116644859314,-0.1808389276266098,-0.11220789700746536,-0.31019437313079834,-0.032291073352098465,-0.17478305101394653,-0.49726131558418274,0.0995248407125473,0.00026444997638463974,0.2370159924030304,-0.32952946424484253,0.047358881682157516,-0.038358721882104874,-0.06672629714012146,-0.004868067800998688,-0.005282481200993061,-0.14313553273677826,0.0035786526277661324,0.28693512082099915],""gru.bias_hh"":[0.14966151118278503,-0.18739792704582214,-0.15321576595306396,-0.3219388425350189,0.1570282280445099,0.22954444587230682,-0.05403560400009155,0.19267813861370087,0.061830561608076096,0.43559324741363525,-0.403473824262619,-0.3663257658481598,0.10936422646045685,-0.4700653851032257,-0.3783515691757202,-0.49236753582954407,0.3689489960670471,0.14826266467571259,-0.1277678906917572,0.2522961497306824,0.2032550424337387,0.14185304939746857,0.30608314275741577,-0.049950700253248215],""head.weight"":[-0.28713980317115784,0.105128213763237,-0.3700641095638275,-0.40019601583480835,-0.19490058720111847,0.2758077383041382,0.042808499187231064,-0.2261907458305359],""head.bias"":[0.09307955950498581]}"
840523,GRU_8,120,321,0.6164869725704193,2.1247728380000694,"{""gru.weight_ih"":[-0.9335962533950806,-0.5508283972740173,0.0313371941447258,-0.2131214290857315,0.31431251764297485,0.04252633452415466,0.2656994163990021,-0.4284634590148926,-0.0698099285364151,-0.30206388235092163,-0.25931602716445923,-0.024717459455132484,-0.40546733140945435,-0.29874080419540405,0.04003538936376572,0.29794004559516907,-0.2628737986087799,0.10409274697303772,0.11011596024036407,-0.5965298414230347,0.4481871724128723,0.32900166511535645,-0.5721328258514404,0.15606583654880524,-0.551125168800354,-0.6590765118598938,0.7111775875091553,-0.28287273645401,0.3426668345928192,0.755865216255188,0.23596012592315674,-0.586144208908081,-0.4807853102684021,-0.20575904846191406,-0.5762515068054199,0.21251901984214783,-0.6427074670791626,-0.8307250738143921,0.7545033097267151,0.09783143550157547,0.23339608311653137,-0.633038341999054,-0.1837732344865799,-0.1017666682600975,-0.23036585748195648,0.041485827416181564,-0.38193294405937195,-0.44824808835983276,-0.7246846556663513,-0.34532371163368225,0.028985237702727318,0.2213595062494278,-0.07169859856367111,-0.11672945320606232,-0.30428192019462585,0.3254998028278351,-0.4150274991989136,-0.6086310148239136,-0.0992039367556572,0.3043556213378906,-0.4482042193412781,-0.12754324078559875,0.31164243817329407,0.07130253314971924,-0.3999054431915283,0.21963268518447876,0.16769087314605713,-0.11700721085071564,0.10349436849355698,-0.6598778963088989,0.4386212229728699,-0.3744848072528839],""gru.weight_hh"":[-0.01281056273728609,0.06587103009223938,-0.17634916305541992,0.370283305644989,-0.2537756562232971,0.06908578425645828,0.008589531295001507,-0.1414620280265808,-0.004806688986718655,-0.23167578876018524,-0.22211210429668427,0.06116126477718353,0.19208692014217377,0.21436399221420288,-0.30783581733703613,-0.2903764545917511,-0.2528715431690216,0.34291836619377136,-0.23790541291236877,-0.10117093473672867,-0.22203963994979858,0.1986231952905655,0.20455895364284515,0.17967937886714935,0.31998276710510254,-0.44158151745796204,0.33931994438171387,0.16578270494937897,-0.09774216264486313,0.07438088953495026,-0.145854189991951,0.19093680381774902,-0.1345554143190384,-0.17270173132419586,-0.04775160178542137,0.1536661684513092,0.037317197769880295,0.29781562089920044,-0.18244417011737823,0.1328326165676117,-0.02737082727253437,0.18248052895069122,-0.29790499806404114,0.025575712323188782,-0.04076002910733223,-0.2702648341655731,0.5208280682563782,-0.024392910301685333,0.10955813527107239,-0.2537159025669098,0.3073386549949646,-0.21155457198619843,-0.2637418806552887,-0.03354884311556816,0.10446244478225708,0.1623154878616333,-0.16362902522087097,0.2854353189468384,-0.06391654908657074,-0.24341121315956116,-0.8041520118713379,0.29708585143089294,0.23858994245529175,-0.25722554326057434,-1.0937832593917847,0.7045535445213318,0.19085222482681274,-0.7038631439208984,-0.7340933084487915,0.4216602146625519,0.6496358513832092,-1.0758086442947388,0.15487448871135712,0.19907934963703156,-0.010665335692465305,-0.3419397473335266,-0.5973680019378662,0.688680112361908,-0.08852691203355789,-0.2615482807159424,0.26973551511764526,-0.6851802468299866,0.6993631720542908,0.4980027973651886,0.5734043717384338,-0.018595319241285324,-0.5268750190734863,0.1879836618900299,-0.5725438594818115,0.40576833486557007,-0.08640875667333603,-0.4948003590106964,-1.1608060598373413,0.4849766492843628,0.6134929060935974,-0.8394960761070251,-0.891422688961029,0.657012939453125,-0.2823237478733063,-0.937100350856781,-0.7404004335403442,0.4377219080924988,0.6057869791984558,-0.85603266954422,0.22379186749458313,0.040468715131282806,0.26141539216041565,0.1557064950466156,0.28568217158317566,0.4396041929721832,-0.6303918361663818,-0.2821227014064789,-0.174812912940979,-0.21689020097255707,0.3095439672470093,0.3545975685119629,0.04920026659965515,0.6120051145553589,-0.005329107865691185,-0.21384528279304504,-0.45536574721336365,-0.8624122738838196,0.4626649022102356,0.4129280745983124,0.5315314531326294,0.351239413022995,-0.48113352060317993,-0.2688766121864319,0.096856489777565,-0.4028068482875824,0.010172463953495026,0.30664512515068054,-0.0603487603366375,-0.1436367630958557,-0.08526761829853058,0.4108733534812927,0.33834779262542725,0.028842125087976456,-0.07831539958715439,-0.2987728714942932,0.28819212317466736,0.010792643763124943,-0.08921093493700027,-0.145353764295578,-0.16175557672977448,0.07213932275772095,-0.2002382129430771,-0.07306728512048721,0.3603785037994385,-0.21781788766384125,-0.4379935562610626,-0.22720757126808167,0.046105336397886276,-0.12195803970098495,-0.27188363671302795,0.5337454676628113,0.25961318612098694,-0.19387377798557281,0.1031956598162651,0.06329138576984406,-0.14250940084457397,-0.0984305739402771,0.1064370647072792,0.25655803084373474,-0.17768928408622742,0.019994061440229416,-0.1547374278306961,0.23776887357234955,-0.020060617476701736,-0.0892564132809639,-0.15955722332000732,-0.39020010828971863,-0.28919753432273865,0.18269748985767365,0.05412669852375984,0.09078468382358551,0.12658239901065826,-0.13069546222686768,-0.09949491918087006,-0.22625546157360077,0.13031959533691406,-0.09113466739654541,-0.24897681176662445,-0.41936859488487244,-0.012655244208872318,0.012872163206338882,0.27597448229789734,0.2990841567516327,0.5843617916107178,-0.050096962600946426,0.11251654475927353,0.018906623125076294],""gru.bias_ih"":[-0.014810961671173573,-0.21769988536834717,0.035563912242650986,0.2135883867740631,-0.15169265866279602,0.32913193106651306,-0.1993059515953064,-0.18445947766304016,-0.5453166365623474,-0.09691762179136276,-0.3281739056110382,-0.5795164704322815,0.005434468854218721,-0.0795428454875946,-0.04634365439414978,-0.6490424275398254,0.08300098031759262,-0.05398710444569588,-0.0601750910282135,0.017950642853975296,0.031778547912836075,-0.15093213319778442,-0.013760467991232872,0.33931633830070496],""gru.bias_hh"":[0.16729013621807098,-0.19634363055229187,-0.15960481762886047,-0.3072195053100586,0.17651891708374023,0.23853527009487152,-0.07250254601240158,0.12042659521102905,-0.17329168319702148,0.37096673250198364,-0.5568647980690002,-0.4485808312892914,0.015273857861757278,-0.5498724579811096,-0.6617112755775452,-0.8118804693222046,0.42382171750068665,0.12901520729064941,-0.12879487872123718,0.2696912884712219,0.24507005512714386,0.13598918914794922,0.2894890606403351,-0.008277500048279762],""head.weight"":[-0.36814528703689575,0.12874439358711243,-0.4258415102958679,-0.46849608421325684,-0.3259280025959015,0.32511571049690247,0.07286327332258224,-0.2952953577041626],""head.bias"":[0.09351196885108948]}"
840523,GRU_8,240,321,0.608127772808075,4.247029632000022,"{""gru.weight_ih"":[-1.0254693031311035,-0.9301761388778687,-0.020672010257840157,-0.20673832297325134,0.2297523468732834,-0.015216046012938023,0.32048559188842773,-0.39609941840171814,-0.1759127676486969,-0.30645233392715454,-0.5348548293113708,0.10213480144739151,-0.4256901741027832,-0.736939013004303,0.14023135602474213,0.3682745099067688,-0.7586816549301147,-0.0715627446770668,0.16907687485218048,-1.0421725511550903,0.40136733651161194,0.4980756342411041,-1.2099597454071045,0.006485302932560444,-0.3626979887485504,-0.8473968505859375,0.5520764589309692,-0.27336785197257996,0.23785953223705292,0.7430368661880493,0.4551457166671753,-0.8160679340362549,-0.8517178893089294,-0.13072849810123444,-0.8460649251937866,0.14162567257881165,-0.4630557596683502,-1.0700372457504272,0.6797130703926086,0.2261166125535965,0.24338261783123016,-0.553960919380188,-0.10603099316358566,-0.1570003479719162,-0.6579875349998474,0.06624824553728104,-0.6588448882102966,-0.8354192972183228,-0.7981991171836853,-0.5353903770446777,0.039542246609926224,0.2389880120754242,-0.04649766534566879,-0.13520361483097076,-0.38648536801338196,0.3407471179962158,-0.23089808225631714,-0.6185994148254395,-0.143325075507164,0.4760355055332184,-0.47908076643943787,-0.010706229135394096,0.4993531107902527,0.10935851186513901,-0.4640175998210907,0.09416782855987549,0.20708400011062622,-0.2496064007282257,-0.05121451988816261,-0.7382965087890625,0.5252881050109863,-0.20503388345241547],""gru.weight_hh"":[0.01823466457426548,0.11332543194293976,-0.034056082367897034,0.3786008954048157,-0.27417823672294617,0.03755348548293114,-0.004581361543387175,-0.14205102622509003,0.018038636073470116,-0.21619853377342224,-0.2690238058567047,0.03592178225517273,0.1484999656677246,0.22087082266807556,-0.2976604402065277,-0.2669669985771179,-0.22255565226078033,0.3575562834739685,-0.2606217563152313,-0.10844297707080841,-0.23906339704990387,0.17469027638435364,0.21751658618450165,0.21429242193698883,0.25846442580223083,-0.5101317763328552,0.42335596680641174,0.2564487159252167,0.013804974034428596,0.08844028413295746,-0.16690075397491455,0.1473124474287033,-0.1396983116865158,-0.18658006191253662,0.1567654311656952,0.40507203340530396,0.35422268509864807,0.28597596287727356,-0.1891411542892456,0.1441940814256668,0.04400632902979851,0.17321330308914185,-0.2868484556674957,0.06922388076782227,-0.053220756351947784,-0.18325215578079224,0.5384683012962341,-0.02417486533522606,0.12059690803289413,-0.24033057689666748,0.27517274022102356,-0.22905418276786804,-0.4054581820964813,0.07664236426353455,0.1424783170223236,0.09862323105335236,-0.013232201337814331,0.0994863212108612,0.027935663238167763,0.04369848966598511,-0.8142490386962891,0.4231392741203308,0.2597290277481079,-0.3099476993083954,-1.0412707328796387,0.6001251339912415,0.32697799801826477,-0.8091301918029785,-0.7554044127464294,0.41682180762290955,0.5708801746368408,-1.2154678106307983,0.13743630051612854,0.18098291754722595,-0.04538411274552345,-0.3550138473510742,-0.679927408695221,0.8970668911933899,-0.01812012493610382,-0.4704180955886841,0.48579666018486023,-0.5616174340248108,1.3688288927078247,0.7159961462020874,0.7082379460334778,-0.2784101963043213,-0.8691057562828064,0.41548800468444824,-0.5925707221031189,0.4351099729537964,-0.0530637688934803,-0.5797767639160156,-1.2934941053390503,0.5957967638969421,0.6383209228515625,-1.01264488697052,-0.8540085554122925,0.3826615512371063,-0.38389426469802856,-0.8902195692062378,-0.8372331261634827,0.8231939673423767,0.7463167309761047,-1.2293790578842163,0.2048918753862381,0.06617526710033417,0.3550986349582672,0.16337929666042328,0.22147759795188904,0.43747490644454956,-0.6829538345336914,-0.24161267280578613,0.16248613595962524,-0.2770490050315857,0.7071422338485718,0.7212742567062378,0.5865453481674194,0.38104966282844543,-0.13245096802711487,0.04615696147084236,-0.05058538541197777,-0.9188002943992615,0.9456510543823242,0.8421397805213928,0.9949107766151428,0.2169637382030487,-0.7905034422874451,-0.05317096784710884,0.1267814040184021,-0.39892086386680603,0.10112237185239792,0.34212931990623474,0.017208317294716835,-0.27269312739372253,-0.1235302984714508,0.46607834100723267,0.3414660692214966,0.042983103543519974,-0.1160241886973381,-0.3433123230934143,0.17997343838214874,0.06622884422540665,-0.0708501785993576,-0.17130735516548157,-0.2016310691833496,0.05501628294587135,-0.18154069781303406,-0.06040037423372269,0.4149051904678345,-0.22554819285869598,-0.4503439664840698,-0.2496819645166397,-0.008742904290556908,-0.16676269471645355,-0.13734978437423706,0.6206057667732239,0.4003129005432129,-0.28874605894088745,0.042233530431985855,0.06744911521673203,-0.21504539251327515,-0.14295533299446106,0.2369634062051773,0.36645743250846863,0.01695101708173752,-0.1333857625722885,-0.20849676430225372,0.2691124677658081,0.008582890033721924,-0.07581058889627457,-0.18188358843326569,-0.40801945328712463,-0.3470027446746826,0.2176622450351715,0.06848495453596115,0.0861986055970192,0.15119434893131256,-0.11951809376478195,-0.14978468418121338,-0.26684924960136414,0.009826716035604477,-0.005302225239574909,-0.21804413199424744,-0.4671615660190582,-0.07061199098825455,-0.013707577250897884,0.332708477973938,0.39550018310546875,0.7621390223503113,-0.20502936840057373,0.06444838643074036,0.11247694492340088],""gru.bias_ih"":[-0.022302480414509773,-0.20206263661384583,0.06555572897195816,0.1973048597574234,-0.11625871062278748,0.35468199849128723,-0.1905854493379593,-0.15287843346595764,-0.8227792978286743,-0.19040517508983612,-0.4946548640727997,-0.7447081208229065,-0.19874729216098785,-0.156145378947258,-0.20262300968170166,-0.7422313094139099,0.06509656459093094,-0.061381056904792786,-0.08109457045793533,-0.004246624186635017,0.03981640934944153,-0.14707082509994507,-0.0178823284804821,0.35675743222236633],""gru.bias_hh"":[0.15979865193367004,-0.18070638179779053,-0.1296130269765854,-0.3235030770301819,0.21195293962955475,0.2640853524208069,-0.06378211081027985,0.15200760960578918,-0.4507540464401245,0.2774793803691864,-0.7233455777168274,-0.6137725114822388,-0.1889079064130783,-0.6264749765396118,-0.8179904818534851,-0.9050693511962891,0.4236818552017212,0.1217290461063385,-0.15703053772449493,0.24724061787128448,0.25136125087738037,0.14355793595314026,0.2882344126701355,-0.005108843557536602],""head.weight"":[-0.4474719762802124,0.15280702710151672,-0.5048640966415405,-0.528080403804779,-0.4388352632522583,0.3594677746295929,0.11523380875587463,-0.3544229567050934],""head.bias"":[0.109712615609169]}"
840524,SENSORY_SITE,60,4,0.601710844039917,0.8393567090001852,"{""raw"":[2.5230984687805176,0.4286029040813446,0.2512569725513458,-0.4756903648376465]}"
840524,SENSORY_SITE,120,4,0.5742989122867584,1.6716215040000293,"{""raw"":[2.4150798320770264,0.7756264805793762,0.3485257029533386,-0.550564706325531]}"
840524,SENSORY_SITE,240,4,0.575366222858429,3.332141496999782,"{""raw"":[2.25414776802063,1.325430989265442,0.4614376723766327,-0.6122776865959167]}"
840524,OUTPUT_SITE,60,4,0.6783199369907379,0.872201374000042,"{""raw"":[2.2034401893615723,0.7046763896942139,0.2085781693458557,-0.3167635202407837]}"
840524,OUTPUT_SITE,120,4,0.6105365872383117,1.7120481289999816,"{""raw"":[1.780376672744751,1.0434437990188599,0.3600037395954132,-0.30612263083457947]}"
840524,OUTPUT_SITE,240,4,0.5814715594053268,3.388224171000047,"{""raw"":[1.1716493368148804,1.6793322563171387,0.36306852102279663,0.2481912523508072]}"
840524,NO_FEEDBACK,60,4,0.6464880704879761,0.8292047500000308,"{""raw"":[2.20093035697937,0.7372632026672363,0.12326880544424057,-0.1568857580423355]}"
840524,NO_FEEDBACK,120,4,0.6286265552043915,1.6322889990000249,"{""raw"":[1.735485315322876,1.0460330247879028,0.0883030816912651,-0.2546587884426117]}"
840524,NO_FEEDBACK,240,4,0.5944621711969376,3.239708708000137,"{""raw"":[1.1525671482086182,1.61276376247406,0.014002127572894096,-0.42934298515319824]}"
840524,GENERIC_RNN,60,4,0.6741292417049408,0.6559925869999006,"{""raw"":[0.5435070991516113,0.6571733951568604,0.0159904845058918,0.3149757385253906]}"
840524,GENERIC_RNN,120,4,0.649300891160965,1.3074091699999144,"{""raw"":[0.7696909308433533,0.8591926097869873,0.12375475466251373,0.49149441719055176]}"
840524,GENERIC_RNN,240,4,0.6450293183326721,2.6387865869997427,"{""raw"":[0.8658689856529236,1.1451054811477661,0.1268596351146698,0.4737858176231384]}"
840524,GRU_8,60,321,0.591957288980484,1.0656989569999382,"{""gru.weight_ih"":[-0.20629313588142395,0.37829720973968506,-0.42279836535453796,0.3664723336696625,-0.07201015949249268,0.05536605417728424,-0.09690377116203308,-0.2506357729434967,0.000488226767629385,-0.5636096000671387,-0.3802284896373749,-0.31683361530303955,-0.06351707130670547,-0.18861395120620728,-0.3510141372680664,0.21397864818572998,-0.3363662362098694,0.03561057895421982,0.426349014043808,-0.2225964367389679,-0.27454251050949097,0.18870119750499725,0.30725419521331787,0.015605425462126732,0.26278212666511536,-0.32774507999420166,-0.2286815643310547,-0.3819349408149719,-0.600212574005127,0.46603620052337646,-0.3686048090457916,-0.3453405201435089,0.3675733804702759,-0.015719681978225708,-0.07272736728191376,-0.18998220562934875,0.18317580223083496,-0.5650392770767212,0.17043668031692505,0.1388012021780014,-0.2320346236228943,-0.03316798806190491,-0.04715526103973389,-0.38284504413604736,-0.4180072844028473,-0.34297364950180054,-0.2721014618873596,0.7807177305221558,0.0853099450469017,-0.3934173583984375,0.3590777814388275,-0.32859909534454346,-0.21873489022254944,0.09182478487491608,0.3078833520412445,0.20032720267772675,0.517636239528656,-0.38057780265808105,-0.12387759238481522,-0.2733352482318878,-0.6048575043678284,-0.06429790705442429,0.3420429527759552,-0.3710537850856781,-0.0006891717202961445,0.02707136794924736,0.4128730595111847,0.12980394065380096,-0.04283473640680313,-0.1764826625585556,-0.50789874792099,-0.0728696659207344],""gru.weight_hh"":[0.41623589396476746,0.1609959900379181,-0.11337853223085403,0.10611368715763092,0.04744243994355202,-0.11349768191576004,-0.12088289111852646,-0.024553736671805382,-0.41796359419822693,-0.33774426579475403,-0.2981106638908386,0.2446168214082718,-0.09804295748472214,-0.19882960617542267,0.3595738112926483,-0.15216119587421417,0.15106301009655,0.10267950594425201,-0.3182115852832794,0.393794983625412,0.45602354407310486,-0.1980898380279541,-0.009251663461327553,-0.1175292432308197,0.3310219645500183,0.20160189270973206,0.2850341498851776,0.35522282123565674,0.5878358483314514,-0.23694129288196564,0.08272693306207657,0.3583827018737793,-0.31510430574417114,-0.43094176054000854,-0.3307269513607025,0.3272489309310913,-0.47010159492492676,0.008652569726109505,0.03632647544145584,-0.08511941879987717,0.15221725404262543,-0.3795280456542969,0.08798722177743912,-0.3010706305503845,-0.0647144764661789,0.07224869728088379,0.25322139263153076,-0.44829481840133667,-0.06634236872196198,-0.15916457772254944,0.15017232298851013,-0.029185494408011436,-0.18584975600242615,0.06756458431482315,0.04088590294122696,0.0866122767329216,-0.11620507389307022,-0.11528939008712769,-0.059696126729249954,0.3106730878353119,-0.25115785002708435,0.4529817998409271,0.5537658333778381,0.16598322987556458,-0.3185133635997772,-0.02307771146297455,-0.2766555845737457,-0.03749769181013107,0.22657930850982666,-0.1441994458436966,0.3240581154823303,0.48692840337753296,0.0040308088064193726,-0.2712279260158539,-0.033825408667325974,-0.2148786336183548,-0.3356234133243561,-0.40124163031578064,0.5875822901725769,-0.30853360891342163,0.16664522886276245,-0.06140340864658356,0.4939593970775604,0.12688320875167847,-0.34679514169692993,-0.5769491195678711,0.05708811432123184,0.24025613069534302,-0.4895608723163605,-0.10650002211332321,0.3273701071739197,-0.21627789735794067,-0.20761454105377197,-0.023766696453094482,0.4257906377315521,0.5644152164459229,-0.5687106251716614,-0.10685167461633682,-0.20217114686965942,0.42660680413246155,0.46294188499450684,-0.2891087234020233,-0.06781294196844101,-0.16294151544570923,-0.35141104459762573,0.076833076775074,-0.16671273112297058,-0.056366678327322006,0.2820168733596802,-0.32706397771835327,-0.601689875125885,0.451679527759552,-0.8495960831642151,0.17593373358249664,-0.10164418071508408,0.09647024422883987,0.254720002412796,-0.19526122510433197,0.07882668077945709,0.18447329103946686,-0.06804012507200241,-0.14945395290851593,0.1168496385216713,-0.21340593695640564,-0.6024923920631409,-0.5511279106140137,0.3734724819660187,-0.11434990912675858,-0.13799932599067688,-0.010271269828081131,0.27644601464271545,0.024705614894628525,-0.47075486183166504,-0.4166328012943268,0.42387762665748596,-0.22967205941677094,0.3466305136680603,0.11215867847204208,0.2707929313182831,0.31510990858078003,0.6049792766571045,-0.16007903218269348,-0.1943177729845047,0.42961156368255615,0.36564111709594727,-0.26237598061561584,-0.0741383358836174,-0.23203270137310028,-0.12604963779449463,-0.07274387031793594,0.18321941792964935,-0.07179101556539536,-0.19559304416179657,0.540292501449585,0.16680847108364105,0.18684515357017517,0.010016432963311672,0.4377296268939972,-0.30365967750549316,0.2513699531555176,0.07590308785438538,0.04098479822278023,-0.18070095777511597,0.32355302572250366,0.6950499415397644,-0.045743368566036224,-0.08032479882240295,0.15218910574913025,0.2601420283317566,0.43978196382522583,0.08272327482700348,0.39533892273902893,0.42261311411857605,0.28759968280792236,-0.4558492600917816,0.13979943096637726,-0.07790695875883102,-0.7063009142875671,0.28584930300712585,0.1332099288702011,-0.011042803525924683,-0.03331776708364487,0.08268048614263535,-0.14688020944595337,-0.41323035955429077,0.5862637162208557,0.5037056803703308,0.04624486714601517,0.3544491231441498,-0.05378347635269165,-0.6633945107460022,-0.2987914979457855],""gru.bias_ih"":[0.45807552337646484,0.07770675420761108,0.21350160241127014,0.15683923661708832,0.253130704164505,1.2321252143010497e-05,-0.15316852927207947,0.13127057254314423,0.002413494512438774,-0.23258519172668457,-0.4022980332374573,-0.4152442216873169,-0.256775438785553,-0.5540859699249268,-0.6498296856880188,-0.17776712775230408,0.23702068626880646,0.03831535577774048,-0.031319063156843185,-0.162614643573761,-0.05137834697961807,0.183360755443573,-0.012379768304526806,0.05429738387465477],""gru.bias_hh"":[0.45023757219314575,0.1872432380914688,-0.3279733657836914,-0.2504735589027405,-0.2222275286912918,0.284241259098053,-0.2988426685333252,0.39348384737968445,0.000330580398440361,-0.022459235042333603,0.19805790483951569,-0.6874397993087769,-0.1284203827381134,-0.33339864015579224,-0.30212441086769104,-0.08341661095619202,0.006744717713445425,-0.10696824640035629,-0.22187061607837677,0.3688003420829773,-0.19898810982704163,-0.211015984416008,0.1519489735364914,-0.37324270606040955],""head.weight"":[0.18965008854866028,-0.5541534423828125,0.12131289392709732,-0.5996517539024353,-0.44801974296569824,-0.2934457063674927,0.4089615046977997,-0.12346507608890533],""head.bias"":[-0.022673223167657852]}"
840524,GRU_8,120,321,0.547532570362091,2.1306095849998883,"{""gru.weight_ih"":[-0.15928566455841064,0.698917031288147,-0.2305261343717575,0.30815115571022034,-0.36220234632492065,-0.08590076863765717,-0.15551888942718506,0.13792450726032257,0.24044549465179443,-0.566156268119812,-0.631220817565918,-0.36042317748069763,-0.048529524356126785,-0.5923581719398499,-0.45265352725982666,0.3810088336467743,-0.856052041053772,-0.020384427160024643,0.4679708778858185,-0.7566800713539124,-0.28611522912979126,0.20241035521030426,0.26155051589012146,0.017330914735794067,0.3160666227340698,-0.3936544954776764,-0.10247579216957092,-0.4561917185783386,-0.9386612772941589,0.5034377574920654,-0.328084260225296,-0.4586256742477417,0.3332439959049225,0.008650317788124084,-0.13670587539672852,-0.23854157328605652,0.2622014880180359,-0.8093820810317993,0.11712784320116043,0.1557920277118683,-0.30865585803985596,0.007209965027868748,0.003780662314966321,-0.6407310962677002,-0.49590909481048584,-0.46020740270614624,-0.27958300709724426,0.7898484468460083,0.12197625637054443,-0.49346649646759033,0.4203188419342041,-0.3806629478931427,-0.21405130624771118,0.19596266746520996,0.40834853053092957,0.03267666697502136,0.72151780128479,-0.45273521542549133,-0.07555723190307617,-0.23908236622810364,-0.623147189617157,-0.07903662323951721,0.37409278750419617,-0.43473657965660095,0.161078542470932,0.025694405660033226,0.481917142868042,0.05455871671438217,-0.02982763946056366,-0.21440701186656952,-0.6068426966667175,-0.03350295498967171],""gru.weight_hh"":[0.6553230285644531,0.04089363291859627,0.09339519590139389,-0.06178200989961624,-0.0008638247381895781,-0.21887293457984924,0.012778363190591335,-0.30416086316108704,-0.5571101903915405,-0.32035812735557556,-0.40141186118125916,0.3957400619983673,-0.0026510492898523808,0.058491479605436325,0.17522819340229034,-0.15354859828948975,0.3037879168987274,-0.24251119792461395,-0.1986716091632843,0.16782602667808533,0.3111652433872223,-0.3436295986175537,0.18694600462913513,-0.3936077058315277,0.33984842896461487,0.28311723470687866,0.26368260383605957,0.4125659763813019,0.6248204708099365,-0.1953968107700348,-0.032297417521476746,0.41465193033218384,-0.44140103459358215,-0.4913420081138611,-0.5197817087173462,0.4412408769130707,-0.4402432441711426,0.08332202583551407,-0.08858374506235123,0.002794463885948062,0.11826270818710327,-0.32544225454330444,0.04004332423210144,-0.2429078221321106,-0.010719981044530869,0.10905763506889343,0.15507924556732178,-0.3520393669605255,-0.12036094814538956,-0.2731463611125946,0.038161423057317734,0.011484479531645775,-0.23240315914154053,0.049100447446107864,0.0028027985244989395,0.12118759006261826,-0.17795909941196442,-0.225427508354187,-0.09070385247468948,0.3063475489616394,-0.2138630747795105,0.43320876359939575,0.43955838680267334,0.17827823758125305,-0.34251001477241516,-0.20519481599330902,-0.29046785831451416,-0.08329163491725922,0.05560240149497986,-0.19779424369335175,0.4325367212295532,0.38942602276802063,-0.0497903898358345,-0.45253103971481323,-0.1641283929347992,-0.19338098168373108,-0.5030520558357239,-0.47501328587532043,0.5438933968544006,-0.2435055524110794,0.32256415486335754,0.03987077251076698,0.37863439321517944,0.2757304906845093,-0.36612996459007263,-0.31987473368644714,-0.0844041258096695,0.2399788498878479,-0.6792166233062744,0.04790113493800163,0.2514342665672302,-0.1937507688999176,-0.21983598172664642,-0.05500084534287453,0.358225554227829,0.822714626789093,-0.6977807879447937,-0.10539278388023376,-0.27594661712646484,0.49887409806251526,0.6317970752716064,-0.2414858043193817,-0.19999496638774872,0.03330860659480095,-0.3356124758720398,0.19529594480991364,-0.07744691520929337,-0.10854259133338928,0.2659499943256378,-0.4165598154067993,-0.6007723212242126,0.6493591070175171,-1.0103875398635864,0.247776597738266,-0.18103410303592682,0.17032000422477722,0.4087752103805542,-0.12241822481155396,-0.061382900923490524,0.4095975160598755,-0.22979742288589478,-0.5616390109062195,-0.11219894886016846,-0.17664441466331482,-1.0127073526382446,-0.6781454682350159,0.5900659561157227,-0.16008342802524567,-0.10331342369318008,0.16629450023174286,0.37596726417541504,-0.06011061742901802,-0.47468772530555725,-0.4373936355113983,0.5521531105041504,-0.18969973921775818,0.4427914023399353,0.21383152902126312,0.3468734622001648,0.2853122055530548,0.6018419861793518,-0.16341464221477509,-0.1499495953321457,0.4021921753883362,0.47169753909111023,-0.04926937818527222,0.10220292210578918,-0.4008251428604126,-0.10589480400085449,-0.10513556003570557,0.3275720477104187,-0.04514158144593239,-0.160690575838089,0.6451101899147034,0.20300334692001343,0.18548189103603363,0.022811347618699074,0.4576117694377899,-0.32261618971824646,0.2123713344335556,0.14256058633327484,0.3101670444011688,-0.150111123919487,0.360574871301651,0.7150987386703491,0.002929233480244875,-0.15086530148983002,0.21581631898880005,0.2665989100933075,0.5003527402877808,0.08975516259670258,0.4020719528198242,0.4084509313106537,0.3036336302757263,-0.4256722033023834,0.10766230523586273,-0.1195552721619606,-0.9376951456069946,0.2479376494884491,0.08100662380456924,-0.049115657806396484,-0.09921708703041077,0.14895935356616974,-0.14938177168369293,-0.2979549467563629,0.7633470296859741,0.5700078010559082,0.030632758513092995,0.3361535370349884,-0.03866063058376312,-0.6512332558631897,-0.2927839159965515],""gru.bias_ih"":[0.5333633422851562,0.08793804049491882,0.26286277174949646,0.1599738746881485,0.22083309292793274,-0.03916554898023605,-0.15297532081604004,0.09608075767755508,0.08510175347328186,-0.21444201469421387,-0.17582738399505615,-0.6141461730003357,-0.25762778520584106,-0.8278408050537109,-0.8294270038604736,-0.07554791867733002,0.23479005694389343,0.07971592247486115,-0.023027200251817703,-0.15516069531440735,-0.03338559716939926,0.1879652887582779,-0.03022783063352108,0.08668959140777588],""gru.bias_hh"":[0.5255253911018372,0.19747453927993774,-0.2786121666431427,-0.2473389208316803,-0.2545250654220581,0.2450634390115738,-0.29864948987960815,0.35829398036003113,0.08301883935928345,-0.004316004458814859,0.424528568983078,-0.8863415718078613,-0.1292727142572403,-0.6071534156799316,-0.4817214608192444,0.018802644684910774,0.0029955427162349224,-0.0768217071890831,-0.2175835818052292,0.38158515095710754,-0.19113729894161224,-0.21037863194942474,0.1426701545715332,-0.3403116464614868],""head.weight"":[0.20022422075271606,-0.660351037979126,0.14862272143363953,-0.7201694846153259,-0.5116541385650635,-0.3496668338775635,0.5662932991981506,-0.1293567419052124],""head.bias"":[-0.02686808817088604]}"
840524,GRU_8,240,321,0.4841783374547958,4.270485291999819,"{""gru.weight_ih"":[-0.16254687309265137,1.0361186265945435,-0.010628478601574898,0.20792897045612335,-0.6386091113090515,-0.19657002389431,-0.3783012926578522,0.5816327333450317,0.5201039910316467,-0.603485643863678,-0.9416224360466003,-0.22776482999324799,-0.06349340081214905,-1.096379041671753,-0.4704636037349701,0.49197912216186523,-1.3790966272354126,-0.07103446125984192,0.5378252267837524,-1.1402159929275513,-0.20214232802391052,0.21259938180446625,0.14016090333461761,0.03160254284739494,0.35640978813171387,-0.4445188045501709,-0.051816102117300034,-0.5841208100318909,-1.1258450746536255,0.6042994260787964,-0.1370130330324173,-0.79683917760849,0.38750824332237244,-0.017817789688706398,-0.198226660490036,-0.1544841080904007,0.27278372645378113,-1.036841630935669,0.16921046376228333,0.15451371669769287,-0.41767048835754395,0.06626125425100327,-0.1673111468553543,-0.966549277305603,-0.5064257383346558,-0.7108268737792969,-0.253079354763031,0.7030904293060303,0.16525763273239136,-0.31217291951179504,0.4075655937194824,-0.5006005167961121,-0.053671736270189285,0.3233901858329773,0.6241390705108643,0.32157111167907715,0.5429967641830444,-0.5231348276138306,-0.06976335495710373,-0.07271146774291992,-0.6516948938369751,0.055762358009815216,0.40338650345802307,-0.5045411586761475,0.19170770049095154,0.1526213139295578,0.5757721662521362,0.016723453998565674,-0.12180490791797638,-0.27323994040489197,-0.5573862195014954,-0.0019980333745479584],""gru.weight_hh"":[1.0156437158584595,-0.027009068056941032,0.42269057035446167,-0.3418848216533661,-0.47657710313796997,-0.2541414201259613,0.28376397490501404,-0.8288738131523132,-0.564223051071167,-0.2586364448070526,-0.3118017017841339,0.45256149768829346,0.035705309361219406,0.2029983401298523,0.10163155943155289,-0.11335822194814682,0.611352801322937,-0.48850172758102417,-0.04930725321173668,-0.09960378706455231,-0.31089654564857483,-0.22637146711349487,0.4249878227710724,-1.0388964414596558,0.4227770268917084,0.23306091129779816,0.3960306644439697,0.3352242708206177,0.6029902100563049,-0.21486884355545044,0.04405822977423668,0.3615926504135132,-0.41736140847206116,-0.5864551663398743,-0.46014294028282166,0.45425549149513245,-0.3768787384033203,-0.017789671197533607,-0.08372165262699127,0.04135788977146149,0.1432734876871109,-0.291219562292099,0.15636847913265228,-0.22602295875549316,0.04012218862771988,0.03699259087443352,0.12881411612033844,-0.25900742411613464,0.0022137598134577274,-0.33779141306877136,0.2735641598701477,-0.07714338600635529,-0.26083841919898987,-0.09745823591947556,0.1414572298526764,0.11034050583839417,-0.07724940776824951,-0.16122455894947052,0.010045560076832771,0.3011760711669922,-0.2844325602054596,0.3985411822795868,0.43648019433021545,0.2309231013059616,-0.09508837014436722,-0.3034287393093109,-0.04380010440945625,-0.08412814885377884,-0.20878766477108002,-0.2740768492221832,0.6000959873199463,0.324688196182251,0.020069485530257225,-0.6628369092941284,-0.06717852503061295,-0.283281534910202,-0.5406650304794312,-0.6334754824638367,0.7083806395530701,-0.3505360782146454,0.8086617588996887,-0.06992718577384949,0.5820980668067932,0.3394933044910431,-0.5911346673965454,-0.3899868428707123,-0.0003662428352981806,0.2061941772699356,-0.7470687031745911,-0.1493474841117859,0.296274334192276,-0.33128780126571655,-0.1889987587928772,-0.09719797968864441,0.37546685338020325,0.8010470867156982,-0.7483001351356506,-0.34044361114501953,-0.2931396961212158,0.4855542778968811,0.8177596926689148,-0.31085094809532166,-0.23056767880916595,0.07572963088750839,-0.2348301112651825,0.1650783270597458,0.22948479652404785,-0.1749485284090042,0.18572844564914703,-0.38113611936569214,-0.5276418924331665,0.5634158849716187,-1.0429924726486206,0.1477394849061966,-0.15884990990161896,0.19927744567394257,0.5675535202026367,-0.03141685202717781,-0.2009200155735016,0.4239928722381592,-0.32537513971328735,-0.8305085897445679,-0.26766419410705566,-0.14253082871437073,-1.0298813581466675,-0.737080991268158,0.7077996134757996,-0.2853723466396332,-0.0004973554750904441,0.5309036374092102,0.657667875289917,-0.005049907602369785,-0.49877357482910156,-0.3519287705421448,0.6674331426620483,-0.182745561003685,0.44377774000167847,0.23667877912521362,0.403399795293808,0.2904162108898163,0.6902404427528381,-0.04745945334434509,-0.1751926690340042,0.3156163692474365,0.8603667616844177,0.497331440448761,0.6919409036636353,-0.21890659630298615,-0.15546688437461853,0.17327602207660675,0.5767703652381897,0.07145872712135315,-0.13945616781711578,0.6597357988357544,0.2574026584625244,0.15536858141422272,0.06080126389861107,0.49167966842651367,-0.3267641067504883,0.1516575813293457,0.10266675800085068,0.3715357184410095,-0.16946353018283844,0.41699445247650146,0.8021432161331177,0.07863668352365494,-0.23600366711616516,0.2439129650592804,0.24207636713981628,0.525805652141571,0.06853014975786209,0.3600352704524994,0.4147935211658478,0.36059409379959106,-0.48071596026420593,0.06209314987063408,-0.07254471629858017,-0.9762963652610779,0.294182151556015,0.06655441969633102,-0.16608946025371552,-0.21129487454891205,0.2863549590110779,-0.10838449001312256,-0.30664291977882385,0.7635186314582825,0.6041285395622253,0.05831403285264969,0.3968064486980438,0.03437475115060806,-0.667795717716217,-0.3280876874923706],""gru.bias_ih"":[0.5580174922943115,0.08568350225687027,0.5470633506774902,0.14591719210147858,0.22967630624771118,-0.11726001650094986,-0.16549113392829895,0.09803353250026703,0.2554212808609009,-0.15239845216274261,0.4045383334159851,-0.8143748044967651,-0.29740461707115173,-1.036145567893982,-0.9390482306480408,0.10281281173229218,0.2500711977481842,0.12032996863126755,-0.008516105823218822,-0.14815981686115265,-0.030408399179577827,0.1788875162601471,-0.034165821969509125,0.10659697651863098],""gru.bias_hh"":[0.5501795411109924,0.19522002339363098,0.0055883536115288734,-0.2613956332206726,-0.24568189680576324,0.1669689416885376,-0.3111652135848999,0.3602466583251953,0.25333836674690247,0.05772751197218895,1.0048946142196655,-1.0865706205368042,-0.16904962062835693,-0.8154579401016235,-0.5913428068161011,0.197163388133049,0.028161177411675453,-0.05468073487281799,-0.2148062288761139,0.39039766788482666,-0.19427300989627838,-0.219766765832901,0.14968524873256683,-0.3157767653465271],""head.weight"":[0.18054154515266418,-0.8687276244163513,0.12847453355789185,-0.8343104124069214,-0.5788304209709167,-0.403291791677475,0.7333594560623169,-0.16979935765266418],""head.bias"":[-0.030312035232782364]}"
840525,SENSORY_SITE,60,4,0.6107763350009918,0.8326868700002592,"{""raw"":[2.507716655731201,0.38261497020721436,0.26497411727905273,-0.5069065690040588]}"
840525,SENSORY_SITE,120,4,0.6190255463123322,1.6629709530002401,"{""raw"":[2.435084342956543,0.6953852772712708,0.21679840981960297,-0.6339216828346252]}"
840525,SENSORY_SITE,240,4,0.630171275138855,3.3516326230000573,"{""raw"":[2.430330753326416,1.2486006021499634,0.3057178258895874,-0.7317119240760803]}"
840525,OUTPUT_SITE,60,4,0.720308804512024,0.8322277510000049,"{""raw"":[2.190117120742798,0.7293477058410645,-0.2344655841588974,-0.48662030696868896]}"
840525,OUTPUT_SITE,120,4,0.6619907438755035,1.6682028769997146,"{""raw"":[1.7132253646850586,1.0966492891311646,-0.20279686152935028,-0.5780118107795715]}"
840525,OUTPUT_SITE,240,4,0.6313972651958466,3.3332345819993634,"{""raw"":[1.1836720705032349,1.6753793954849243,-0.308045893907547,-0.11910182237625122]}"
840525,NO_FEEDBACK,60,4,0.7041021585464478,0.8096829200000002,"{""raw"":[2.172765016555786,0.7068457007408142,-0.16935555636882782,0.08149415999650955]}"
840525,NO_FEEDBACK,120,4,0.6649650752544403,1.6167167529998778,"{""raw"":[1.6842094659805298,1.0910578966140747,-0.17597894370555878,0.20353840291500092]}"
840525,NO_FEEDBACK,240,4,0.6306516170501709,3.2577647900003512,"{""raw"":[1.129628300666809,1.6683416366577148,0.019873401150107384,0.3647403419017792]}"
840525,GENERIC_RNN,60,4,0.6809719741344452,0.654030125999725,"{""raw"":[0.5296380519866943,0.6382225155830383,0.07664124667644501,0.2973192036151886]}"
840525,GENERIC_RNN,120,4,0.681299489736557,1.3120587499997214,"{""raw"":[0.712104082107544,0.8134389519691467,0.06420409679412842,0.40765082836151123]}"
840525,GENERIC_RNN,240,4,0.6564472854137421,2.6179423699994686,"{""raw"":[0.8224717378616333,1.0689563751220703,0.03518921881914139,0.3605208098888397]}"
840525,GRU_8,60,321,0.6185530304908753,1.0600787480000236,"{""gru.weight_ih"":[0.18957673013210297,0.3477269411087036,0.02658018469810486,0.23778018355369568,-0.4985470175743103,-0.27791035175323486,0.04904920235276222,-0.21524998545646667,-0.1609475463628769,-0.4292300045490265,0.09755778312683105,0.32795464992523193,-0.24967853724956512,-0.11926398426294327,0.0015204297378659248,0.05959454923868179,0.34499743580818176,-0.0110193882137537,-0.129228413105011,-0.3070787191390991,-0.30162063241004944,0.12477652728557587,-0.4279128909111023,-0.1777089536190033,-0.5624380111694336,-0.29828041791915894,0.7101914882659912,0.2734765112400055,0.026125412434339523,-0.7081060409545898,-0.035440705716609955,-0.5108934640884399,-0.13598616421222687,0.2573379576206207,-0.23597615957260132,-0.6450474262237549,-0.09373003244400024,-0.10955632477998734,0.03668919950723648,0.0033627517987042665,0.21763716638088226,0.3302946090698242,0.10068520903587341,-0.6625354290008545,-0.17268933355808258,0.420074999332428,-0.40086209774017334,-0.049478717148303986,-0.5750024914741516,-0.5275511145591736,-0.3953883647918701,-0.2703368663787842,0.0822812095284462,-0.0024271500296890736,-0.35495102405548096,-0.22360184788703918,0.04627736657857895,0.3012153208255768,-0.18369890749454498,0.0029722191393375397,0.36867961287498474,0.38256603479385376,-0.10603121668100357,-0.3807819187641144,-0.26087504625320435,-0.2771543860435486,-0.6838250160217285,-0.11233711987733841,0.07004570960998535,0.39970487356185913,-0.20097634196281433,0.14801110327243805],""gru.weight_hh"":[-0.2407156229019165,0.3448486924171448,-0.2025887668132782,-0.07356704771518707,-0.3395003378391266,-0.12170553207397461,-0.3484754264354706,0.3397703766822815,-0.26228252053260803,-0.39390426874160767,-0.3332356810569763,-0.029245957732200623,0.3372505009174347,0.3271860182285309,-0.19673556089401245,-0.41017746925354004,-0.27046579122543335,-0.24429748952388763,-0.3468773365020752,0.05761544778943062,0.18795420229434967,-0.03866112232208252,-0.29955556988716125,-0.034848496317863464,0.4200887382030487,-0.0026390727143734694,0.2124917060136795,-0.22397230565547943,0.009286100044846535,-0.0558287538588047,-0.03131662681698799,0.2730397880077362,0.03873685002326965,0.083582304418087,-0.05856690555810928,-0.39119598269462585,-0.14083299040794373,-0.07324691116809845,-0.0003721932880580425,-0.2353702187538147,0.0879288986325264,-0.17834244668483734,-0.28559616208076477,0.5880585312843323,0.09812995791435242,0.2846035361289978,0.41502395272254944,-0.6147522926330566,0.23650246858596802,-0.1709730476140976,0.10772432386875153,0.35519593954086304,0.27950364351272583,-0.07299847155809402,0.6171947717666626,-0.07001149654388428,-0.19514352083206177,-0.0018699713982641697,0.22122043371200562,-0.004620338324457407,0.24490967392921448,0.44086000323295593,0.2582103908061981,-0.15682412683963776,-0.03641505911946297,-0.22687073051929474,-0.7059957385063171,0.13751110434532166,0.3845873177051544,-0.45023858547210693,-0.7294145822525024,-0.054863717406988144,0.24392075836658478,-0.17130538821220398,-0.2363193780183792,0.48446470499038696,-0.06907762587070465,0.48131632804870605,0.1066642552614212,-0.6342467069625854,-0.4490475058555603,-0.223926842212677,-0.16507698595523834,0.22156502306461334,0.4526368975639343,-0.3327075242996216,-0.11030086874961853,-0.32774507999420166,0.4247948229312897,0.19288627803325653,0.2912946939468384,-0.10583449900150299,-0.0022905615624040365,0.5392604470252991,0.010460944846272469,-0.2968986928462982,-0.4012477695941925,-0.4882892072200775,-0.4613403081893921,0.611560046672821,0.1991851031780243,0.11650246381759644,-0.12156899273395538,0.07657565921545029,-0.2162550687789917,-0.4028008282184601,-0.32901838421821594,0.6359155774116516,0.09260202944278717,-0.14148300886154175,0.10390082001686096,-0.26016589999198914,-0.2874870002269745,0.16451619565486908,-0.29345446825027466,0.1687740534543991,0.04336264729499817,-0.1364838182926178,0.1351012885570526,-0.684097945690155,0.37004005908966064,0.1233673021197319,0.2930847406387329,0.09717702120542526,0.07114925235509872,0.15673501789569855,0.3572852611541748,-0.5548793077468872,-0.2596636116504669,-0.1453211009502411,0.13784660398960114,0.22305552661418915,0.0077404482290148735,0.10655630379915237,0.4401888847351074,0.014179986901581287,0.19065959751605988,0.2516512870788574,-0.09694778919219971,-0.0506863035261631,-0.21398504078388214,0.28375673294067383,-0.03908194974064827,-0.35133281350135803,0.2664766013622284,0.09660816192626953,0.06501328200101852,0.2225036472082138,0.12262638658285141,0.05068742856383324,0.1443830281496048,0.10385362058877945,-0.5690038800239563,-0.3554591238498688,-0.00036311557050794363,0.18710000813007355,0.3961353003978729,0.12072202563285828,0.07866036146879196,0.09224527329206467,-0.5052217245101929,-0.08279328793287277,-0.008239203132689,-0.18074214458465576,0.15383701026439667,0.17015568912029266,-0.5941002368927002,0.07810705900192261,0.011567305773496628,0.3126930594444275,-0.027256321161985397,0.1977788358926773,0.13508936762809753,-0.29946190118789673,0.5558013916015625,0.35136735439300537,0.31631290912628174,0.26527294516563416,0.22808867692947388,-0.2838819622993469,0.13211531937122345,-0.21646665036678314,0.1599940061569214,-0.2873126268386841,-0.0915699303150177,0.015068289823830128,-0.45954442024230957,0.08645476400852203,0.40307632088661194,0.262526273727417,-0.47335484623908997,-0.06573092192411423],""gru.bias_ih"":[-0.10810434818267822,-0.18170468509197235,-0.5373600125312805,-0.16732703149318695,0.1698465645313263,-0.06358537822961807,0.1694686859846115,0.39466479420661926,-0.16219837963581085,0.05083250626921654,-0.35438692569732666,-0.4822443723678589,-0.4989481568336487,-0.18127714097499847,-0.696419894695282,-0.1854870766401291,0.2070949822664261,0.2456304132938385,0.12691038846969604,-0.3001222014427185,-0.24664373695850372,-0.14433886110782623,-0.2921938896179199,0.2715024948120117],""gru.bias_hh"":[0.2671247124671936,-0.42334994673728943,-0.39869675040245056,0.37784481048583984,-0.0742269977927208,-0.457489550113678,0.29128357768058777,0.23007544875144958,-0.32026439905166626,-0.054049741476774216,0.021626964211463928,-0.3208635151386261,-0.5632737278938293,-0.04722344130277634,-0.2649316191673279,-0.2785568833351135,-0.28963515162467957,-0.05709241330623627,0.08837743103504181,-0.13203495740890503,-0.13665065169334412,0.07627950608730316,0.12279912084341049,0.28854382038116455],""head.weight"":[-0.23701289296150208,-0.15614719688892365,-0.43224912881851196,0.2447529286146164,0.13840827345848083,-0.334432989358902,-0.3613422214984894,0.2543701231479645],""head.bias"":[0.154899463057518]}"
840525,GRU_8,120,321,0.5741337358951568,2.1589787060001413,"{""gru.weight_ih"":[0.2686643898487091,0.5078409314155579,-0.15689316391944885,0.3577153980731964,-1.1680041551589966,-0.2507142424583435,0.030799437314271927,-0.37531578540802,-0.5649595260620117,-0.438218891620636,-0.0503266267478466,0.43563446402549744,-0.2754613161087036,-0.6600038409233093,-0.1427096128463745,-0.015824921429157257,0.47200527787208557,-0.29792651534080505,-0.06876249611377716,-0.7618082165718079,-0.34316638112068176,0.27810749411582947,-0.9453642964363098,-0.44194743037223816,-0.47492438554763794,-0.4424750804901123,0.885426938533783,0.3179768919944763,-0.05922815203666687,-0.9296257495880127,-0.007774871774017811,-0.8207337856292725,0.04353737086057663,0.3172571361064911,-0.30214762687683105,-0.7690035104751587,-0.14802002906799316,-0.43897441029548645,0.4892098307609558,0.028654007241129875,0.11541638523340225,0.2697688937187195,0.23056715726852417,-0.9847176671028137,-0.5576642155647278,0.6655871868133545,-0.5827061533927917,-0.3645986020565033,-0.6363828778266907,-0.6733280420303345,-0.11958463490009308,-0.3353033661842346,0.170613631606102,0.028348449617624283,-0.412384033203125,-0.3143765330314636,0.1727210283279419,0.3775728642940521,-0.26252850890159607,0.09889386594295502,0.47197094559669495,0.3101295232772827,-0.3440242409706116,-0.4688028395175934,-0.14984452724456787,-0.5056096315383911,-0.7362414598464966,-0.2542279362678528,0.3248593211174011,0.4919970631599426,-0.14041273295879364,0.01701015792787075],""gru.weight_hh"":[-0.28885677456855774,0.4067576825618744,-0.2915404736995697,-0.13928496837615967,-0.2698826789855957,0.020620010793209076,-0.4688809812068939,0.375479131937027,-0.36713987588882446,-0.5003970265388489,-0.642427384853363,0.04036932438611984,0.45499420166015625,0.3186846077442169,-0.18338622152805328,-0.38831591606140137,-0.09458491951227188,-0.11033689230680466,-0.27624842524528503,-0.020301232114434242,0.10555949807167053,0.196833074092865,-0.06273636966943741,-0.23687288165092468,0.35136163234710693,-0.01017757784575224,0.18901942670345306,-0.22067804634571075,0.009514340199530125,-0.0979895368218422,-0.0522155836224556,0.2922431230545044,0.09866496175527573,0.07659639418125153,-0.1286696344614029,-0.3842867314815521,-0.13514462113380432,0.038994159549474716,0.14333641529083252,-0.35032719373703003,0.14797070622444153,-0.07143059372901917,-0.13242943584918976,0.5278559327125549,0.026688074693083763,0.36612606048583984,0.5900400876998901,-0.721835732460022,0.382565975189209,-0.24577173590660095,0.1351204663515091,0.44880664348602295,0.2392873764038086,0.029086517170071602,0.8993310928344727,-0.2558845579624176,-0.010319260880351067,0.21643632650375366,0.41279473900794983,-0.18866348266601562,0.04942930489778519,0.7485470175743103,0.5241865515708923,-0.3820175230503082,-0.20407788455486298,-0.689079225063324,-1.3398003578186035,0.5284196734428406,0.9332878589630127,-0.4510614573955536,-0.9375459551811218,0.025481993332505226,0.44255974888801575,-0.3240791857242584,-0.29546523094177246,0.7600744962692261,-0.0009215492755174637,0.7370086312294006,0.38350316882133484,-0.9357290267944336,-0.6580022573471069,-0.8638796210289001,-0.7138011455535889,0.8541525602340698,0.9015940427780151,-0.41769590973854065,-0.22347904741764069,-0.23337292671203613,0.5690675973892212,0.0896841436624527,0.2124263495206833,0.1070944219827652,0.08035144209861755,0.699589729309082,0.16039270162582397,-0.4862353801727295,-0.8291143774986267,-1.1635807752609253,-1.1309943199157715,1.1847244501113892,0.7468457221984863,-0.22532247006893158,-0.5402328372001648,0.4763583540916443,-0.1068817526102066,-0.7072070837020874,-0.5128270983695984,0.8649879693984985,0.22553682327270508,0.10465318709611893,0.18638460338115692,-0.3943682610988617,0.05185790732502937,0.44810596108436584,-0.056657951325178146,0.015587088651955128,-0.22162573039531708,0.3081902861595154,0.558201789855957,-1.1601879596710205,0.706354558467865,0.21424272656440735,0.40147316455841064,0.12053252756595612,-0.11238877475261688,0.5236666798591614,0.6944807767868042,-0.9931981563568115,-0.3715130388736725,-0.2289847582578659,0.2223276048898697,0.2917408049106598,-0.04505285620689392,-0.19598083198070526,0.333434522151947,0.09582578390836716,0.3116917908191681,0.2709859013557434,0.0005215473938733339,-0.05562848597764969,-0.2561708986759186,0.30786749720573425,0.061533406376838684,-0.39232057332992554,0.2832673192024231,0.09595116972923279,0.11211641877889633,0.22758668661117554,0.0979706346988678,0.02180626429617405,0.1848345398902893,0.09677761048078537,-0.6173350214958191,-0.3744789958000183,-0.06117192283272743,0.19709071516990662,0.42366212606430054,0.11623058468103409,0.030278215184807777,0.11269449442625046,-0.48015347123146057,-0.07476601004600525,-0.05351740121841431,-0.18862521648406982,0.17576320469379425,0.2358350157737732,-0.5843946933746338,0.06576741486787796,0.07792691886425018,0.3616683781147003,0.03536076471209526,0.16747766733169556,0.09505532681941986,-0.24384036660194397,0.7014477849006653,0.3078818917274475,0.4416714608669281,0.23665647208690643,0.3717070519924164,-0.2415597289800644,0.040869977325201035,-0.30491191148757935,0.3593238592147827,-0.34709057211875916,-0.14815758168697357,0.041238587349653244,-0.5315280556678772,0.05467425659298897,0.4398486018180847,0.3031410276889801,-0.6253764629364014,-0.02535407245159149],""gru.bias_ih"":[-0.0932762548327446,-0.08956225216388702,-0.5185577869415283,-0.1464281678199768,0.15750324726104736,-0.03804023563861847,0.11678626388311386,0.5697444081306458,-0.27541404962539673,-0.21666580438613892,-0.34552624821662903,-0.7378968000411987,-0.31212931871414185,-0.39513200521469116,-0.8005956411361694,-0.39800164103507996,0.21769936382770538,0.24563375115394592,0.13562549650669098,-0.29356661438941956,-0.2496592402458191,-0.13046282529830933,-0.30788978934288025,0.27637261152267456],""gru.bias_hh"":[0.28195276856422424,-0.33120760321617126,-0.37989479303359985,0.3987436890602112,-0.08657030016183853,-0.43194422125816345,0.23860114812850952,0.4051550030708313,-0.4334801435470581,-0.32154813408851624,0.030487725511193275,-0.5765159726142883,-0.3764548897743225,-0.26107823848724365,-0.3691073954105377,-0.4910714328289032,-0.2832304835319519,-0.07168406248092651,0.09027665108442307,-0.13031867146492004,-0.1396995186805725,0.0942273736000061,0.10692527890205383,0.3035789132118225],""head.weight"":[-0.31887000799179077,-0.19703496992588043,-0.49421995878219604,0.2673170268535614,0.1737595796585083,-0.3936842679977417,-0.5121321082115173,0.3125510811805725],""head.bias"":[0.14799509942531586]}"
840525,GRU_8,240,321,0.5392592132091523,4.2875390380002045,"{""gru.weight_ih"":[0.6011534333229065,0.5679598450660706,0.11315526068210602,0.2386976033449173,-1.87062668800354,-0.1903567910194397,-0.2043093591928482,-0.5976990461349487,-0.9189091324806213,-0.46464404463768005,-0.21084152162075043,0.544209361076355,-0.4545864462852478,-0.9122537970542908,-0.30765604972839355,-0.22576561570167542,0.5429757237434387,-0.3668909966945648,-0.20226939022541046,-1.0892508029937744,-0.3652232587337494,0.6091563701629639,-1.530242919921875,-0.48148977756500244,-0.46574535965919495,-0.6307972073554993,0.8780002593994141,0.36095303297042847,-0.10413064062595367,-0.833580493927002,-0.04350777715444565,-1.1273382902145386,0.02628502808511257,0.3234526216983795,-0.3361661732196808,-0.8272161483764648,-0.34776052832603455,-0.9567409753799438,0.47288960218429565,-0.020198490470647812,-0.12492695450782776,0.4495243430137634,0.17911460995674133,-1.3283827304840088,-0.6509751081466675,0.7317503690719604,-0.7107564210891724,-0.4084431231021881,-0.7281107902526855,-0.6462443470954895,-0.12258894741535187,-0.37538889050483704,0.4498821794986725,0.05268533527851105,-0.45821189880371094,-0.32310646772384644,0.29509854316711426,0.43124017119407654,-0.452169805765152,0.11739494651556015,0.5623111128807068,0.35939398407936096,-0.6150015592575073,-0.6088923215866089,-0.02648322284221649,-0.7045813202857971,-0.861378014087677,-0.21496301889419556,0.3972323536872864,0.5956205725669861,-0.19572170078754425,-0.039593107998371124],""gru.weight_hh"":[-0.5477295517921448,0.3547951281070709,-0.3138466477394104,-0.12190733850002289,-0.2526959776878357,-0.2687130868434906,-0.9511083364486694,0.7153177261352539,-0.4183328151702881,-0.645512044429779,-0.7354139685630798,0.11828359216451645,0.5282673239707947,0.3297032415866852,-0.12664465606212616,-0.3077387809753418,0.013335811905562878,0.04357083886861801,-0.17021524906158447,-0.12732477486133575,0.049075208604335785,0.44985613226890564,0.12562334537506104,-0.3486229479312897,0.277464359998703,-0.004028459545224905,0.15850438177585602,-0.22063381969928741,0.018764518201351166,-0.09194719046354294,-0.020625261589884758,0.2887636721134186,0.1802849918603897,0.11002683639526367,-0.015445730648934841,-0.42211419343948364,-0.21155992150306702,0.030448906123638153,0.2445106953382492,-0.33279407024383545,-0.03614690154790878,0.189011812210083,-0.18643496930599213,0.4363207519054413,0.1835116595029831,0.7488161325454712,0.4480845332145691,-0.6139035224914551,0.4343274235725403,-0.29501426219940186,0.20870019495487213,0.4362793266773224,0.1433616280555725,-0.09205828607082367,1.0671089887619019,-0.2351163625717163,-0.032753244042396545,0.3177400827407837,0.6369078755378723,-0.3908393979072571,-0.17454944550991058,0.6260677576065063,0.5803418159484863,-0.20423005521297455,-0.2801046371459961,-0.8203088045120239,-1.6743625402450562,0.6681467294692993,1.3532401323318481,-0.22372101247310638,-0.7667008638381958,-0.05454835668206215,0.4942149221897125,-0.5424368381500244,-0.23561255633831024,1.0180495977401733,0.051793381571769714,0.5972526669502258,0.3421325981616974,-0.9260066747665405,-0.6714098453521729,-0.9946759343147278,-0.8880648016929626,1.0249642133712769,1.1322427988052368,-0.24428553879261017,-0.07321177423000336,-0.31093236804008484,0.780022382736206,0.03652030602097511,0.5027616024017334,0.1700611263513565,-0.08612114936113358,0.6888419985771179,0.18893089890480042,-0.5030909776687622,-0.8204323053359985,-1.2044624090194702,-1.201094627380371,1.204329490661621,0.8492755889892578,-0.05922526866197586,-0.3300902545452118,0.3968222737312317,0.15373222529888153,-0.5113150477409363,0.16600722074508667,0.4480333924293518,-0.1319011002779007,-0.029420403763651848,-0.13599702715873718,0.39067694544792175,0.18141472339630127,0.4173682630062103,-0.07750731706619263,0.052351586520671844,-0.10164009779691696,0.486966609954834,0.5546402335166931,-1.151329755783081,0.7349982261657715,0.20075908303260803,0.26898542046546936,0.19235274195671082,0.07448609918355942,0.7062997817993164,0.6556286215782166,-0.9834213852882385,-0.4001119136810303,-0.3100068271160126,0.14074407517910004,0.36044204235076904,-0.06041335314512253,-0.49924254417419434,0.45799925923347473,-0.03903135284781456,0.4318033754825592,0.286475270986557,0.04868285730481148,-0.05303708463907242,-0.2694800794124603,0.35210981965065,0.04731877148151398,-0.4418751299381256,0.3446853458881378,0.08785133063793182,0.11391168087720871,0.23395094275474548,0.0849294662475586,0.015066953375935555,0.29516035318374634,0.04470011964440346,-0.6234018802642822,-0.4016471803188324,-0.07137316465377808,0.20618866384029388,0.42817384004592896,0.10746341198682785,0.07519258558750153,0.13559666275978088,-0.5056653618812561,-0.030523546040058136,-0.00626967940479517,-0.21838690340518951,0.17717042565345764,0.3409103453159332,-0.6401073932647705,0.1321142166852951,0.002623958745971322,0.43936434388160706,0.04437136650085449,0.1277519017457962,0.12147001177072525,-0.10186653584241867,0.5343928337097168,0.377193808555603,0.545367956161499,0.191121444106102,0.42047661542892456,-0.21558508276939392,-0.06727667152881622,-0.5929926633834839,0.6917034983634949,-0.5239927172660828,-0.22519806027412415,0.12476297467947006,-0.5256308913230896,0.006783745717257261,0.472068727016449,0.4869388937950134,-0.8180960416793823,0.06292107701301575],""gru.bias_ih"":[-0.08369674533605576,-0.057261381298303604,-0.48959100246429443,-0.14151568710803986,0.1684620976448059,-0.040542930364608765,0.23909059166908264,0.8510496020317078,-0.32516446709632874,-0.4680229127407074,-0.45013752579689026,-0.7995554804801941,-0.36814334988594055,0.1487630307674408,-0.9312725067138672,-0.5982727408409119,0.20965352654457092,0.2310762256383896,0.1335994154214859,-0.275332510471344,-0.22205574810504913,-0.11228673160076141,-0.33248642086982727,0.2778044641017914],""gru.bias_hh"":[0.291532427072525,-0.2989068627357483,-0.35092806816101074,0.4036562442779541,-0.07561144977807999,-0.43444687128067017,0.3609052896499634,0.6864601969718933,-0.4832305610179901,-0.5729053616523743,-0.0741235762834549,-0.6381746530532837,-0.4324689209461212,0.28281691670417786,-0.49978435039520264,-0.6913426518440247,-0.30664724111557007,-0.1164470762014389,0.08639921247959137,-0.11536265164613724,-0.11613339930772781,0.115076445043087,0.1001608818769455,0.3246654272079468],""head.weight"":[-0.3867671489715576,-0.24239355325698853,-0.5454633831977844,0.2842095196247101,0.19355885684490204,-0.47770553827285767,-0.6368343830108643,0.3656049966812134],""head.bias"":[0.1499018520116806]}"
840526,SENSORY_SITE,60,4,0.6133940786123275,0.8429741639997133,"{""raw"":[2.4168412685394287,0.5301058292388916,0.145414799451828,-0.5452589988708496]}"
840526,SENSORY_SITE,120,4,0.623505276441574,1.6787521229995264,"{""raw"":[2.3212084770202637,0.9396153092384338,0.10657492280006409,-0.5918077230453491]}"
840526,SENSORY_SITE,240,4,0.5871126890182495,3.367341290999775,"{""raw"":[2.1053714752197266,1.5066710710525513,0.0965697169303894,-0.6415836215019226]}"
840526,OUTPUT_SITE,60,4,0.6519419133663178,0.8255232119998936,"{""raw"":[2.1873037815093994,0.6950872540473938,-0.215676948428154,-0.49466297030448914]}"
840526,OUTPUT_SITE,120,4,0.6470005691051484,1.6586463369998796,"{""raw"":[1.7060402631759644,1.039400339126587,-0.3075455129146576,-0.6341825127601624]}"
840526,OUTPUT_SITE,240,4,0.5898472368717194,3.3323322909999433,"{""raw"":[1.1183016300201416,1.7372087240219116,-0.3872450590133667,-0.0007391627877950668]}"
840526,NO_FEEDBACK,60,4,0.6624939501285553,0.805479336000019,"{""raw"":[2.2047958374023438,0.6899462938308716,-0.01918138563632965,0.16601698100566864]}"
840526,NO_FEEDBACK,120,4,0.5993047893047333,1.6061085449998131,"{""raw"":[1.706960678100586,0.9789882898330688,-0.026821669191122055,0.29839012026786804]}"
840526,NO_FEEDBACK,240,4,0.5893154561519622,3.244673499999749,"{""raw"":[1.043179988861084,1.5087213516235352,0.09082099050283432,0.5625042915344238]}"
840526,GENERIC_RNN,60,4,0.6567529797554016,0.6549781270002768,"{""raw"":[0.5543179512023926,0.6602582335472107,-0.023539045825600624,0.3296400308609009]}"
840526,GENERIC_RNN,120,4,0.6674269288778305,1.3051714990002097,"{""raw"":[0.7285711765289307,0.8558634519577026,-0.08581959456205368,0.4379099905490875]}"
840526,GENERIC_RNN,240,4,0.6052828133106232,2.610712162000823,"{""raw"":[0.8800814747810364,1.137808918952942,-0.08217459172010422,0.4457371234893799]}"
840526,GRU_8,60,321,0.6010932385921478,1.0694850000002134,"{""gru.weight_ih"":[0.5026306509971619,-0.5124325752258301,0.11937406659126282,-0.15053707361221313,0.3560071885585785,-0.2010566145181656,-0.47217637300491333,0.1879567950963974,-0.006561262998729944,-0.18927627801895142,0.1451169103384018,-0.066401906311512,0.14574070274829865,-0.7757893204689026,0.3112453818321228,0.3626369833946228,-0.25302034616470337,0.1606360822916031,-0.14548137784004211,0.14695504307746887,0.0931282564997673,-0.46941977739334106,0.32754987478256226,-0.011130644008517265,-0.06810815632343292,-0.7028017044067383,0.5339412093162537,0.10435666143894196,0.3623220920562744,-0.2578771710395813,-0.053315095603466034,-0.21115152537822723,0.025122392922639847,-0.17994344234466553,-0.048278406262397766,0.08553548157215118,-0.1922985166311264,-0.6946713924407959,0.2605426013469696,-0.13454847037792206,0.21284206211566925,-0.1714475303888321,-0.0009060881566256285,-0.33165672421455383,0.009658576920628548,0.05556283891201019,-0.22403769195079803,-0.10773798823356628,-0.6308902502059937,0.01632825657725334,-0.3674609661102295,0.008840381167829037,0.30053094029426575,0.036394402384757996,0.3880394399166107,0.10164688527584076,0.12204190343618393,-0.12276097387075424,-0.48920559883117676,-0.13448621332645416,0.6404068470001221,0.014983532950282097,-0.024947868660092354,-0.05736593157052994,-0.11760304123163223,-0.24699479341506958,0.5855557322502136,-0.023222431540489197,0.19301794469356537,0.07794257253408432,0.07612742483615875,-0.14481283724308014],""gru.weight_hh"":[-0.019564814865589142,0.25994083285331726,0.018836097791790962,0.19604626297950745,0.17318953573703766,0.241154745221138,0.5320824384689331,-0.4260002076625824,-0.03371032327413559,-0.2063402235507965,0.37231022119522095,0.18080276250839233,-0.11145894229412079,-0.08318060636520386,-0.09543952345848083,-0.2131025344133377,0.5002219080924988,-0.3280297815799713,-0.38276180624961853,-0.31172844767570496,-0.29151856899261475,-0.04505297914147377,0.1685473620891571,0.2532678246498108,-0.16063235700130463,0.2248973548412323,-0.3442338705062866,0.04573950543999672,-0.30713340640068054,0.06003155931830406,-0.060429468750953674,-0.4853566884994507,-0.035263605415821075,-0.3799855411052704,-0.037555668503046036,0.054621193557977676,0.5377728939056396,-0.2644653618335724,-0.2498268038034439,0.09114530682563782,-0.41985318064689636,-0.20185412466526031,0.3696613013744354,0.29186779260635376,0.39002352952957153,-0.046293992549180984,0.029887059703469276,0.014047184959053993,0.13328391313552856,0.34809285402297974,0.11414483934640884,-0.11463654786348343,-0.05117519944906235,-0.21829935908317566,-0.18331091105937958,0.053455792367458344,-0.163514643907547,-0.2032538205385208,0.14365921914577484,-0.2247941493988037,-0.04165670648217201,0.04022503271698952,-0.44000405073165894,0.15516811609268188,-0.2655866742134094,-0.4324181079864502,-0.020411645993590355,-0.43168550729751587,0.4241960048675537,-0.0666736289858818,0.02761680819094181,0.10691966861486435,0.045896977186203,0.1656714379787445,0.08637017756700516,0.46888044476509094,-0.07168222218751907,0.033906757831573486,0.26197704672813416,0.15613870322704315,-0.23456603288650513,-0.061303164809942245,0.17872299253940582,-0.48951202630996704,-0.03611983731389046,-0.6672552227973938,0.05897180363535881,-0.06867249310016632,-0.04571175575256348,-0.33450987935066223,-0.07252715528011322,-0.06907110661268234,0.18413463234901428,0.08946279436349869,-0.26729974150657654,0.340938925743103,-0.5609886050224304,0.17513050138950348,0.28284987807273865,-0.601731538772583,0.22752836346626282,-0.6540142297744751,0.14348651468753815,0.12833543121814728,-0.10002559423446655,-0.10502242296934128,-0.10723429173231125,0.2953967750072479,0.36675241589546204,-0.12830738723278046,0.3051093518733978,0.08626420050859451,-0.08553092926740646,-0.4160594642162323,0.3088500201702118,-0.6130529046058655,0.09947989135980606,-0.48712125420570374,-0.28412824869155884,-0.5258851051330566,-0.34567928314208984,0.4089014232158661,0.38909125328063965,0.2432059645652771,0.2777129113674164,0.32518306374549866,-0.07781194895505905,-0.23774148523807526,0.43082794547080994,0.12362723797559738,0.23536045849323273,-0.13268202543258667,-0.6444265246391296,0.21731489896774292,0.1275482177734375,0.21907375752925873,0.20567390322685242,0.2801026403903961,-0.20475375652313232,-0.1934708207845688,-0.0042251101695001125,0.18404920399188995,0.05098862573504448,0.011885203421115875,-0.5221482515335083,0.07684288173913956,0.27053019404411316,-0.08688873052597046,0.006142885889858007,0.0822286531329155,0.012708735652267933,0.18594788014888763,-0.46389496326446533,0.25282368063926697,0.042768120765686035,-0.21014919877052307,0.31802573800086975,0.18986062705516815,0.048718467354774475,-0.14844226837158203,-0.22200031578540802,0.006135751958936453,0.31693774461746216,-0.25673413276672363,0.16525056958198547,-0.06337814033031464,-0.024500321596860886,-0.3237649202346802,-0.03957849740982056,0.030473042279481888,-0.17934198677539825,0.1617920696735382,-0.26884889602661133,-0.31684473156929016,-0.002028524875640869,-0.0671989694237709,-0.5542231202125549,-0.23723256587982178,0.013048715889453888,-0.3175472617149353,0.07908018678426743,-0.2200460284948349,0.36783266067504883,-0.2433760017156601,-0.3198758065700531,-0.21953298151493073,-0.1747927963733673,-0.1323784440755844,0.2770167291164398,-0.21595552563667297,0.31811559200286865,-0.4790009558200836],""gru.bias_ih"":[-0.3139037787914276,-0.2039220631122589,0.12412335723638535,-0.19616250693798065,-0.5596174597740173,-0.1724550575017929,0.04122519865632057,0.13451464474201202,-0.6787787675857544,0.29377153515815735,-0.14489606022834778,0.3147469162940979,-0.08973608165979385,0.08713255822658539,-0.49858739972114563,-0.14780297875404358,0.1772955358028412,0.3584526777267456,-0.04567908123135567,0.1823209673166275,-0.028870051726698875,0.31801384687423706,0.1334163397550583,0.11347916722297668],""gru.bias_hh"":[0.22911077737808228,0.19125095009803772,-0.14669442176818848,-0.09338682889938354,0.05751468986272812,0.0075281099416315556,-0.17342188954353333,0.27687186002731323,-0.6295291185379028,0.5071659684181213,-0.3667149841785431,0.23536983132362366,-0.04381946474313736,-0.2887040972709656,-0.19527873396873474,0.21476435661315918,-0.17148450016975403,0.06104161962866783,-0.3131578266620636,0.2298126518726349,0.1538507342338562,-0.18527378141880035,0.055691078305244446,-0.018514040857553482],""head.weight"":[-0.41453081369400024,-0.18138223886489868,0.42596134543418884,0.03332383930683136,0.5111821889877319,-0.16558507084846497,0.34168916940689087,0.19484329223632812],""head.bias"":[0.1447289139032364]}"
840526,GRU_8,120,321,0.5580092817544937,2.1336691250002104,"{""gru.weight_ih"":[0.5189341306686401,-0.9092382788658142,0.325822114944458,-0.16651169955730438,0.34456008672714233,0.09079296886920929,-0.5271228551864624,0.08948834985494614,0.20601896941661835,-0.2156611829996109,0.4917568266391754,-0.0824015811085701,0.06975176185369492,-1.2577530145645142,0.46418723464012146,0.38867974281311035,-0.3838082551956177,0.21213920414447784,-0.29166650772094727,-0.34696412086486816,0.2284226417541504,-0.4758930206298828,0.30019888281822205,-0.10444953292608261,-0.024073056876659393,-0.9247498512268066,0.5833596587181091,0.11907617747783661,0.3176608085632324,-0.6015244722366333,-0.07727866619825363,-0.28580155968666077,0.1766471415758133,-0.32155686616897583,-0.11187047511339188,0.43990254402160645,-0.3034346103668213,-1.0625241994857788,0.5071497559547424,-0.17058707773685455,0.21535173058509827,-0.2601735591888428,0.009731197729706764,-0.48384609818458557,-0.07877453416585922,0.04527256265282631,-0.24646292626857758,-0.1088157668709755,-0.6969172358512878,0.17051368951797485,-0.17977863550186157,-0.0029999844264239073,0.34720125794410706,0.13396517932415009,0.43456584215164185,0.019101303070783615,0.10925692319869995,-0.1566915363073349,-0.3688865005970001,-0.07469993829727173,0.6874085664749146,-0.16898903250694275,-0.25416621565818787,-0.08218606561422348,-0.03819109499454498,-0.246090829372406,0.6917500495910645,-0.07785850018262863,0.2706751525402069,0.09525000303983688,0.10179678350687027,-0.040074918419122696],""gru.weight_hh"":[-0.22172117233276367,0.24520613253116608,0.08255568891763687,0.26115521788597107,0.430326372385025,0.19072720408439636,0.6732511520385742,-0.3597918450832367,-0.19096477329730988,-0.1973913311958313,0.43456342816352844,0.18016228079795837,-0.08209482580423355,-0.1106681227684021,0.009463583119213581,-0.0944327712059021,0.4230650067329407,-0.30883848667144775,-0.3445560932159424,-0.31321048736572266,-0.25804439187049866,-0.07247447222471237,0.29233232140541077,0.28599128127098083,-0.11608046293258667,0.24864748120307922,-0.35470321774482727,0.027130553498864174,-0.3840383291244507,0.02539762668311596,-0.05396367236971855,-0.3674459457397461,-0.1769278645515442,-0.5155633091926575,0.06338498741388321,-0.01138587947934866,0.6982715725898743,-0.37815728783607483,-0.18678350746631622,-0.02114615961909294,-0.48480042815208435,-0.2157297432422638,0.3813599646091461,0.2968798577785492,0.5221852660179138,-0.04108693450689316,0.057381901890039444,0.0002500719274394214,0.05303620547056198,0.44818925857543945,0.08961927890777588,-0.04682153835892677,0.06783374398946762,-0.24031198024749756,-0.12267745286226273,-0.07247886061668396,-0.12290642410516739,-0.18682213127613068,0.1116778776049614,-0.21356022357940674,-0.052208732813596725,0.05820833519101143,-0.48382124304771423,0.14042352139949799,-0.3541392982006073,-0.6243906617164612,0.08668345212936401,-0.48028287291526794,0.5128405690193176,-0.2829679846763611,0.03963857516646385,0.040015824139118195,0.375833660364151,0.1809474229812622,-0.05907146632671356,0.462109237909317,-0.4103025197982788,0.0847301036119461,-0.0567796528339386,0.0008069057948887348,-0.4107772409915924,-0.25820183753967285,0.33100661635398865,-0.6108008027076721,0.13214753568172455,-0.8895332217216492,0.1686706840991974,-0.09558475017547607,-0.3195548951625824,-0.2709752321243286,0.19705311954021454,-0.08132103830575943,0.4454256296157837,-0.084908626973629,0.022496670484542847,0.5847284197807312,-0.8103267550468445,0.09393713623285294,0.4729262590408325,-0.48538222908973694,0.5012571215629578,-0.9492844939231873,0.33349519968032837,0.19872741401195526,-0.014283960685133934,-0.30602556467056274,-0.11014851927757263,0.22385655343532562,0.10148432850837708,-0.21577315032482147,0.11091404408216476,0.052512556314468384,-0.06877607107162476,-0.6793316602706909,0.3562471568584442,-0.7467801570892334,0.003075515618547797,-0.6406447291374207,-0.44987547397613525,-0.8562960624694824,-0.3543354272842407,0.43490326404571533,0.34590062499046326,0.27889740467071533,0.2950729727745056,0.33726534247398376,-0.07914209365844727,-0.2474854290485382,0.5323032140731812,0.206311896443367,0.23803366720676422,-0.14156001806259155,-0.8914383053779602,0.213921457529068,0.20481646060943604,0.2841640114784241,0.20236645638942719,0.2955951988697052,-0.18961068987846375,-0.19655442237854004,-0.046711623668670654,0.1724778413772583,0.11303585022687912,0.04110586643218994,-0.5450619459152222,0.05146272853016853,0.266372948884964,-0.08529236912727356,0.07361598312854767,0.08832109719514847,-0.023438971489667892,0.1690090149641037,-0.48082470893859863,0.26974815130233765,0.05763133987784386,-0.21476230025291443,0.3096848428249359,0.17525894939899445,0.1137268990278244,-0.11117121577262878,-0.3116768002510071,-0.049539946019649506,0.3148035407066345,-0.2357785999774933,0.36182084679603577,-0.04576414078474045,-0.05491827055811882,-0.370380163192749,0.04880033805966377,0.042654454708099365,-0.19654032588005066,0.15282176434993744,-0.38259264826774597,-0.31592899560928345,-0.032243598252534866,-0.06511420756578445,-0.6837844848632812,-0.29032382369041443,0.056714195758104324,-0.3090602457523346,0.24953480064868927,-0.23056599497795105,0.42917579412460327,-0.18375523388385773,-0.3549802899360657,-0.2165810763835907,-0.15546217560768127,-0.13215969502925873,0.2951798737049103,-0.22373376786708832,0.36567145586013794,-0.45773518085479736],""gru.bias_ih"":[-0.2676393985748291,-0.1975691318511963,0.13343127071857452,-0.18441295623779297,-0.6367236375808716,-0.17164038121700287,0.14451749622821808,0.15115126967430115,-0.8598145246505737,0.32075703144073486,-0.31556686758995056,0.42504367232322693,-0.07949400693178177,-0.14805461466312408,-0.7580193281173706,-0.12426779419183731,0.2206992506980896,0.3625803589820862,-0.04752173274755478,0.19021521508693695,-0.07828259468078613,0.3248538672924042,0.12123280763626099,0.11748133599758148],""gru.bias_hh"":[0.2753751575946808,0.19760388135910034,-0.1373865008354187,-0.08163734525442123,-0.019591564312577248,0.00834281463176012,-0.07012958079576492,0.2935085892677307,-0.8105648756027222,0.534151554107666,-0.5373858213424683,0.3456666171550751,-0.03357740119099617,-0.5238912105560303,-0.4547107517719269,0.23829953372478485,-0.13915212452411652,0.0664510726928711,-0.3234513998031616,0.23977705836296082,0.14064791798591614,-0.18608398735523224,0.035997409373521805,-0.016355000436306],""head.weight"":[-0.5181634426116943,-0.19053147733211517,0.47066670656204224,0.03164181485772133,0.6083135604858398,-0.17771156132221222,0.43320921063423157,0.22950904071331024],""head.bias"":[0.14348915219306946]}"
840526,GRU_8,240,321,0.5387257516384125,4.2706407070005525,"{""gru.weight_ih"":[0.8042333126068115,-1.1727015972137451,0.048043616116046906,-0.19144439697265625,0.3110455870628357,0.33310914039611816,-0.5735741853713989,-0.16616849601268768,0.27105727791786194,-0.05490409582853317,0.5401220321655273,0.06717763096094131,0.09103991836309433,-1.7169568538665771,0.25583451986312866,0.4214732348918915,-0.49407967925071716,0.1719592958688736,-0.5375489592552185,-0.9836320281028748,-0.0551774837076664,-0.4769970774650574,0.3694491386413574,-0.344952791929245,0.10529971122741699,-1.1101645231246948,0.4282018840312958,0.10870561003684998,0.2986617684364319,-0.5807007551193237,-0.0524074025452137,-0.3469632565975189,0.04175684228539467,-0.38190963864326477,-0.14335224032402039,0.4908777177333832,-0.24925611913204193,-1.3571826219558716,0.3508022129535675,-0.1708173155784607,0.20048782229423523,-0.2624439597129822,-0.044551700353622437,-0.6024960279464722,-0.05751046538352966,-0.2168012410402298,-0.2771243453025818,-0.18954429030418396,-0.8022683262825012,0.18063482642173767,-0.12804289162158966,-0.007976614870131016,0.3622979521751404,0.3067079484462738,0.4852663576602936,0.0885806456208229,0.07431919872760773,-0.16535794734954834,-0.3647894859313965,-0.18356509506702423,0.7421476244926453,-0.05982943996787071,-0.3052771985530853,-0.10598046332597733,0.010668061673641205,-0.2482738047838211,0.9148286581039429,-0.005105561576783657,0.333474338054657,0.10779508203268051,0.043691884726285934,0.2280600219964981],""gru.weight_hh"":[-0.016183607280254364,0.383304238319397,-0.31972935795783997,0.4533664286136627,0.31833362579345703,0.5570421814918518,0.3746150732040405,-0.6447924375534058,-0.22449995577335358,-0.14548636972904205,0.4456448256969452,0.23424668610095978,-0.11059930175542831,-0.10811176151037216,0.17413079738616943,0.11535888910293579,0.46105244755744934,-0.2619416117668152,-0.34751710295677185,-0.31244757771492004,-0.3200654983520508,-0.08577583730220795,0.37761637568473816,0.38178661465644836,-0.3813028633594513,0.3136674463748932,-0.17647704482078552,0.1188005805015564,-0.13365212082862854,-0.041965510696172714,0.051739566028118134,-0.31121107935905457,0.10721825063228607,-0.2359546273946762,-0.3429717421531677,0.2093973606824875,0.3936719298362732,0.05024997889995575,-0.42943087220191956,-0.3658483326435089,-0.48587462306022644,-0.23482781648635864,0.3717377483844757,0.2923104166984558,0.5233159065246582,-0.03230258449912071,0.020930757746100426,-0.012982942163944244,0.2830466628074646,0.36868205666542053,-0.06934061646461487,-0.11951760947704315,0.05560539662837982,-0.12202681601047516,-0.5524335503578186,-0.699887216091156,-0.05164540559053421,-0.21190544962882996,0.06613747030496597,-0.20362025499343872,0.08993440866470337,0.11996755003929138,-0.7201589941978455,-0.07215578109025955,-0.16704531013965607,-0.6364172101020813,-0.03955818712711334,-0.5995394587516785,0.31368744373321533,-0.21919459104537964,-0.09612579643726349,-0.0756273940205574,0.39192578196525574,0.3157317042350769,-0.22249005734920502,0.6372420787811279,-0.5890294909477234,0.0923292264342308,-0.05519680678844452,-0.16380879282951355,-0.35485702753067017,-0.42339351773262024,0.339942991733551,-0.7618123888969421,0.05568873509764671,-0.9463436603546143,0.030015448108315468,-0.30728453397750854,-0.33381327986717224,-0.3377348482608795,0.21316270530223846,-0.19892407953739166,0.42576834559440613,-0.15226005017757416,0.07837433367967606,0.5946603417396545,-0.7161216735839844,-0.0358465202152729,0.3089067339897156,-0.6016087532043457,0.39529991149902344,-0.9017162322998047,0.20603983104228973,0.08634218573570251,0.01695048250257969,-0.3778076767921448,-0.11244230717420578,0.14964349567890167,0.026155764237046242,-0.2326526939868927,0.01621158793568611,0.01384094636887312,-0.07420021295547485,-0.8779846429824829,0.4677203297615051,-0.9348945021629333,-0.059432920068502426,-0.7944719195365906,-0.3827518820762634,-0.8501710295677185,-0.26163774728775024,0.8741763830184937,-0.17839762568473816,0.9710817337036133,0.033668745309114456,0.6628279685974121,-0.16546349227428436,-0.38976433873176575,0.7332113981246948,0.28324633836746216,0.22201983630657196,-0.1797664761543274,-1.1087687015533447,0.17722970247268677,0.24318838119506836,0.3678680956363678,0.2609596848487854,0.3228972256183624,-0.1748395711183548,-0.20490221679210663,-0.1553100049495697,0.16381751000881195,0.2531094551086426,0.14623309671878815,-0.5927983522415161,0.01883748732507229,0.26837044954299927,-0.08586826175451279,0.14018085598945618,0.09530550986528397,-0.08111788332462311,0.10708604007959366,-0.44037359952926636,0.33062049746513367,-0.03595779836177826,-0.1637457013130188,0.30755704641342163,0.2544434666633606,-0.10979369282722473,-0.2741504907608032,-0.4719560444355011,-0.16895021498203278,0.35691624879837036,-0.23134560883045197,0.6218085289001465,-0.01162541750818491,-0.10278594493865967,-0.45561522245407104,0.08116335421800613,0.05541699379682541,-0.20478171110153198,0.1558285653591156,-0.4144291281700134,-0.31561988592147827,-0.039243731647729874,-0.07779792696237564,-0.7512115240097046,-0.2995598614215851,0.09463435411453247,-0.27589789032936096,0.1687239706516266,-0.24452295899391174,0.6305079460144043,0.09169314801692963,-0.3909206688404083,-0.199324831366539,-0.10552740097045898,-0.14565367996692657,0.23026560246944427,-0.2668532431125641,0.5877673029899597,-0.27740156650543213],""gru.bias_ih"":[-0.04439772665500641,-0.15923535823822021,0.14023639261722565,-0.11215216666460037,-0.34286338090896606,-0.17502152919769287,0.09691279381513596,0.16941572725772858,-1.0332125425338745,0.45039618015289307,-0.5041170716285706,0.3544563353061676,-0.22163176536560059,-0.2906067669391632,-1.0095759630203247,0.4174647331237793,0.2050645649433136,0.35844364762306213,-0.04108282923698425,0.2413080781698227,-0.065707728266716,0.332643061876297,0.13992789387702942,0.11490443348884583],""gru.bias_hh"":[0.49861687421798706,0.23593765497207642,-0.13058139383792877,-0.009376658126711845,0.27426877617836,0.004961637780070305,-0.11773420125246048,0.31177330017089844,-0.9839627146720886,0.6637905240058899,-0.7259361743927002,0.27507928013801575,-0.1757151484489441,-0.6664432883262634,-0.706267237663269,0.7800322771072388,-0.15773837268352509,0.0661238357424736,-0.3275494873523712,0.2948478162288666,0.15097136795520782,-0.18413986265659332,0.03446344658732414,-0.030812090262770653],""head.weight"":[-0.6385949850082397,-0.19877150654792786,0.5295713543891907,0.0252494215965271,0.6915682554244995,-0.1947932094335556,0.565149188041687,0.2539166510105133],""head.bias"":[0.1448209285736084]}"
840527,SENSORY_SITE,60,4,0.5978484749794006,0.8586584200000971,"{""raw"":[2.4827582836151123,0.41842275857925415,-0.19025777280330658,-0.5364844799041748]}"
840527,SENSORY_SITE,120,4,0.5706519573926926,1.6914709169996058,"{""raw"":[2.4347987174987793,0.8235357403755188,-0.19644701480865479,-0.6057461500167847]}"
840527,SENSORY_SITE,240,4,0.5892226278781891,3.362378545998922,"{""raw"":[2.33532977104187,1.3137880563735962,-0.2699486315250397,-0.7309508919715881]}"
840527,OUTPUT_SITE,60,4,0.6741649687290192,0.8370573359992477,"{""raw"":[2.1851673126220703,0.6813259124755859,-0.1289457231760025,-0.6458421945571899]}"
840527,OUTPUT_SITE,120,4,0.6462840557098388,1.6724485849996427,"{""raw"":[1.701021671295166,1.003525972366333,-0.35724663734436035,-0.7463988661766052]}"
840527,OUTPUT_SITE,240,4,0.6071618229150773,3.340460629999029,"{""raw"":[1.1132614612579346,1.6694337129592896,-0.31778162717819214,-0.6229101419448853]}"
840527,NO_FEEDBACK,60,4,0.6768827438354492,0.8365845389996593,"{""raw"":[2.170696496963501,0.7030436992645264,0.06574185192584991,-0.05022536963224411]}"
840527,NO_FEEDBACK,120,4,0.6608071982860565,1.640663495000581,"{""raw"":[1.6590121984481812,0.9525837898254395,0.1122441217303276,-0.2464175522327423]}"
840527,NO_FEEDBACK,240,4,0.5964116454124451,3.2568645000013703,"{""raw"":[1.054005742073059,1.499879240989685,-0.11591470241546631,-0.5199025869369507]}"
840527,GENERIC_RNN,60,4,0.6527602910995484,0.6541058340008021,"{""raw"":[0.5326874852180481,0.6463333368301392,-0.02261338010430336,0.3086742162704468]}"
840527,GENERIC_RNN,120,4,0.6637023210525512,1.3347566660004304,"{""raw"":[0.629353404045105,0.7816275954246521,-0.035774242132902145,0.2961001992225647]}"
840527,GENERIC_RNN,240,4,0.6396623432636261,2.6385649990013462,"{""raw"":[0.7854188084602356,0.9829551577568054,-0.01669802889227867,0.2238718867301941]}"
840527,GRU_8,60,321,0.5814580380916595,1.061361164999198,"{""gru.weight_ih"":[0.21931061148643494,0.017496231943368912,0.17705047130584717,0.3096308410167694,0.5289385318756104,0.6285714507102966,0.12659218907356262,-0.019825056195259094,-0.045464858412742615,0.5191463232040405,0.08409536629915237,-0.11798322945833206,0.4581582248210907,-0.21232108771800995,-0.023521998897194862,0.3847734332084656,-0.4692436158657074,0.014659016393125057,-0.02702678181231022,-0.11264880746603012,-0.07629365473985672,-0.3419216275215149,-0.049721818417310715,0.4214848279953003,-0.3068423271179199,-0.3503333032131195,0.4028652012348175,0.4933185279369354,-0.40775296092033386,-0.7540416717529297,-0.01585020124912262,-0.3554215431213379,-0.048506975173950195,0.25508490204811096,-0.6527755260467529,-0.14962124824523926,0.17452752590179443,-0.23013320565223694,-0.5094473958015442,0.01005757600069046,-0.05777857080101967,-0.45021137595176697,0.18496297299861908,0.2707253694534302,0.10169249773025513,-0.13593466579914093,-0.2713925838470459,0.16742868721485138,-0.029103783890604973,-0.34714475274086,-0.3814197778701782,0.3120068311691284,-0.10661762952804565,-0.020382331684231758,0.44575634598731995,0.08027572184801102,0.23508302867412567,-0.48866838216781616,0.13280999660491943,-0.05769101530313492,-0.49111640453338623,0.2759009301662445,-0.20560313761234283,-0.5725744962692261,-0.08396333456039429,-0.3677726984024048,0.007698285859078169,-0.22785508632659912,0.28820163011550903,0.6017205119132996,0.3852842450141907,0.14909498393535614],""gru.weight_hh"":[0.37672966718673706,-0.037554893642663956,0.06118525192141533,0.10646484047174454,-0.06329574435949326,-0.415312796831131,0.02139529027044773,0.4341566860675812,0.015372957102954388,-0.02674322947859764,0.4091425836086273,-0.22990275919437408,-0.1651422679424286,-0.34972620010375977,0.09751252084970474,0.8198403716087341,0.06648042798042297,0.22559596598148346,0.1305878460407257,-0.03973012417554855,0.31242480874061584,0.11703171581029892,0.09961570054292679,0.08491983264684677,0.24754834175109863,-0.06683482229709625,0.2274402678012848,0.07925055921077728,0.1702941507101059,0.06003567948937416,0.06274282932281494,0.39697909355163574,-0.004192240536212921,-0.1578202247619629,0.14705146849155426,0.24573534727096558,0.08429143577814102,0.06634356826543808,-0.05862213298678398,0.40777015686035156,0.19391462206840515,-0.08937446027994156,0.2161094695329666,-0.0961221382021904,-0.20144568383693695,-0.13615383207798004,0.15940621495246887,0.32060110569000244,-0.2632030248641968,0.04112658649682999,-0.2598383128643036,-0.06720782071352005,0.02220858447253704,0.4202764928340912,-0.041403722018003464,-0.42518097162246704,-0.4158232510089874,0.12468872219324112,0.05589992552995682,0.450635701417923,0.03870178759098053,-0.05323999375104904,0.1287674754858017,-0.1285991370677948,0.2855997085571289,0.3057559132575989,0.19066733121871948,-0.03218112140893936,-0.07191749662160873,0.18405205011367798,0.379891961812973,0.054491158574819565,0.2630179524421692,-0.825378954410553,-0.7796099781990051,0.2462574690580368,0.0784001350402832,0.6690739393234253,-0.041589997708797455,-0.5867486000061035,-0.2962524890899658,0.006507092621177435,0.15515661239624023,0.2720569670200348,0.13135270774364471,0.42862167954444885,-0.6040120124816895,0.44817590713500977,0.2335464507341385,-0.12307290732860565,0.04233596473932266,0.6690342426300049,0.18764573335647583,0.6110635995864868,-0.32762324810028076,-0.11467725038528442,-0.17021305859088898,-0.46633580327033997,0.036047302186489105,0.6892879605293274,0.1878889501094818,0.4845992922782898,-0.21334362030029297,-0.6703774333000183,0.08063456416130066,0.43583548069000244,0.19704684615135193,0.4698777198791504,0.6732124090194702,0.19425712525844574,-0.2674831449985504,-0.02199062705039978,0.18354810774326324,0.10780700296163559,-0.193438321352005,0.018897663801908493,-0.3618747591972351,-0.6024430394172668,0.3658890426158905,0.0264165997505188,-0.009675917215645313,-0.04217973351478577,0.43957430124282837,0.3514133393764496,-0.39714059233665466,-0.015200394205749035,-0.006599747575819492,0.3183668553829193,-0.11204113066196442,-0.3410290777683258,-0.05117557942867279,0.05485628917813301,0.45040810108184814,-0.08732802420854568,-0.46489331126213074,-0.42779022455215454,-0.12128891795873642,-0.335725337266922,0.19730697572231293,0.3014783263206482,0.2638275623321533,0.09579727053642273,-0.050357621163129807,-0.05064648762345314,-0.20077498257160187,-0.045726705342531204,-0.2823106348514557,0.14781786501407623,-0.3185424208641052,0.12344095855951309,0.2889435291290283,-0.002168071223422885,0.3192283809185028,-0.14377188682556152,0.09067655354738235,0.35482165217399597,0.40427228808403015,0.015078645199537277,-0.2749709486961365,-0.15419034659862518,0.042313266545534134,-0.08714509010314941,0.014913860708475113,-0.06715397536754608,0.3661253750324249,0.35675251483917236,0.1126679852604866,-0.2663404941558838,0.1662725955247879,-0.15964281558990479,0.28740230202674866,0.20592018961906433,0.30202820897102356,0.29364192485809326,0.056273169815540314,-0.5248423218727112,0.13352082669734955,-0.18767455220222473,-0.08848076313734055,-0.08529314398765564,0.023244231939315796,0.1345839947462082,-0.023940326645970345,0.1019504964351654,0.39330047369003296,0.17443445324897766,0.08794952183961868,0.16472329199314117,-0.0713474452495575,0.023290682584047318,-0.1410457044839859,0.4023260772228241],""gru.bias_ih"":[-0.08304070681333542,0.20916368067264557,-0.03663569688796997,0.0846388190984726,-0.04184466227889061,0.36968308687210083,-0.11004158109426498,0.12405206263065338,-0.45948654413223267,0.08528365194797516,-0.10101000964641571,0.2958468794822693,-0.6107449531555176,-0.5702164173126221,0.5256548523902893,-0.525455892086029,0.21467570960521698,0.030202224850654602,-0.16036346554756165,-0.32785770297050476,-0.17099474370479584,-0.2765447199344635,0.10753931850194931,0.06498626619577408],""gru.bias_hh"":[0.30580008029937744,-0.050031375139951706,-0.01970723085105419,0.3497869074344635,-0.06340253353118896,-0.051346555352211,-0.1905837059020996,-0.029690593481063843,-0.427778035402298,0.2818838357925415,-0.3917645812034607,-0.07588415592908859,-0.06642808020114899,-0.6488139629364014,0.3976777493953705,-0.40779823064804077,-0.13567478954792023,0.2777305245399475,0.012449643574655056,-0.15222607553005219,-0.36343732476234436,-0.22577513754367828,0.26361069083213806,0.029762418940663338],""head.weight"":[-0.15673021972179413,0.0740317702293396,0.3676678538322449,-0.21129293739795685,-0.20802433788776398,-0.2482096254825592,-0.13342171907424927,0.5803231596946716],""head.bias"":[-0.112999327480793]}"
840527,GRU_8,120,321,0.5564529716968536,2.130615458998818,"{""gru.weight_ih"":[0.23510675132274628,-0.005030198488384485,0.214677095413208,0.27216216921806335,0.7436742782592773,0.509494960308075,0.14328695833683014,-0.03770951181650162,-0.08129043132066727,0.6521671414375305,-0.0860920324921608,-0.35599803924560547,0.5142801403999329,-0.3986905813217163,-0.23083151876926422,0.4570084810256958,-0.7050684690475464,-0.35817044973373413,-0.028416261076927185,-0.14371336996555328,0.03382211551070213,-0.34334880113601685,-0.07216811180114746,0.6476761698722839,-0.304106742143631,-0.3672820031642914,0.5737708210945129,0.6806495785713196,-0.7769576907157898,-0.8011625409126282,-0.018934303894639015,-0.47430619597435,0.0415329709649086,0.5279011726379395,-0.8744282722473145,-0.28281813859939575,0.25796690583229065,-0.3432837724685669,-0.7013038396835327,0.033185772597789764,-0.16386547684669495,-0.43669554591178894,0.18260784447193146,0.21888358891010284,0.12905536592006683,-0.12575587630271912,-0.44861337542533875,0.2889568507671356,-0.05581352114677429,-0.36498382687568665,-0.5298961997032166,0.4734188914299011,-0.13284045457839966,-0.3350767195224762,0.49452364444732666,0.03058445267379284,0.24922212958335876,-0.6301011443138123,0.15191268920898438,-0.03461640328168869,-0.5468659996986389,0.2945079505443573,-0.02864995039999485,-0.6278495192527771,-0.13947096467018127,-0.30447113513946533,0.011086799204349518,-0.2308705598115921,0.5665830969810486,0.6305503249168396,0.3686418831348419,0.08030490577220917],""gru.weight_hh"":[0.323757529258728,-0.13925552368164062,0.057178299874067307,0.08870988339185715,-0.07562053203582764,-0.43135595321655273,0.042339637875556946,0.43443402647972107,0.16307827830314636,0.10001307725906372,0.23925548791885376,-0.2623402178287506,-0.1451365202665329,-0.3514174818992615,0.11666370928287506,0.7101094126701355,0.09214848279953003,0.28179892897605896,0.14650866389274597,-0.024154994636774063,0.32163047790527344,0.13401539623737335,0.06857418268918991,0.1061268225312233,0.36746349930763245,-0.23622295260429382,0.17209920287132263,0.10579193383455276,0.20995447039604187,0.09533999115228653,0.052607353776693344,0.28042367100715637,0.15806889533996582,-0.18564721941947937,0.08006557822227478,0.2643123269081116,0.10157575458288193,0.09192550927400589,-0.09498535841703415,0.3875109553337097,0.44474175572395325,-0.25776949524879456,0.1020631417632103,-0.052194807678461075,-0.13106168806552887,-0.0749029815196991,0.12995588779449463,0.14138540625572205,-0.3111197054386139,-0.08597782999277115,-0.22469249367713928,-0.06422233581542969,0.02416524477303028,0.42243364453315735,-0.026960808783769608,-0.4321726858615875,-0.5734459757804871,0.1003899872303009,0.040650490671396255,0.36604639887809753,-0.04423966258764267,-0.15408284962177277,0.2350357621908188,-0.15930677950382233,0.24000301957130432,0.4516432583332062,0.2933391034603119,-0.2704814672470093,-0.2408512532711029,-0.03044186532497406,0.40712815523147583,0.11421884596347809,0.32135725021362305,-1.1180912256240845,-0.7661729454994202,0.5165024399757385,0.23432710766792297,0.8689475059509277,0.09363400191068649,-0.6788574457168579,-0.39863550662994385,-0.016133790835738182,0.33032482862472534,0.30508512258529663,0.13099806010723114,0.4588298201560974,-0.6751130819320679,0.5712902545928955,0.3955957591533661,-0.40172094106674194,0.0008831694722175598,0.9879838228225708,0.39113807678222656,0.8490883111953735,-0.5093786716461182,-0.17902593314647675,0.023642126470804214,-0.8844960331916809,-0.06300301849842072,0.9753591418266296,0.3750810921192169,0.7132145762443542,-0.21514704823493958,-0.8676477074623108,0.13613636791706085,0.31701207160949707,0.3155253529548645,0.5817630887031555,0.7635015845298767,0.30105483531951904,-0.3433557450771332,-0.03616632893681526,0.3176593482494354,0.22908398509025574,-0.2547549605369568,-0.07465659826993942,-0.5182673335075378,-0.7168474197387695,0.41992273926734924,0.04160044342279434,-0.12691450119018555,-0.13373343646526337,0.6675153970718384,0.2596455514431,-0.5168552398681641,-0.08293621242046356,-0.034944117069244385,0.46768492460250854,-0.05434577167034149,-0.3239864408969879,-0.07020464539527893,0.07654949277639389,0.47263938188552856,-0.06546708941459656,-0.4805717170238495,-0.4432253837585449,0.17383374273777008,-0.28692758083343506,0.06041393429040909,0.3197963237762451,0.26000356674194336,0.1273525059223175,-0.1562170535326004,-0.006293691694736481,-0.18440960347652435,0.07315555214881897,-0.27320146560668945,0.13849569857120514,-0.3367649018764496,0.1150386705994606,0.26804521679878235,0.05058479309082031,0.31310251355171204,-0.2707985043525696,0.10345805436372757,0.3787152171134949,0.4336516261100769,0.03916844353079796,-0.2516924738883972,-0.1963575780391693,-0.03321636840701103,-0.2215699553489685,0.05961046367883682,-0.057038791477680206,0.3773749768733978,0.3624613285064697,0.14808830618858337,-0.3078634738922119,0.12481769174337387,-0.35132890939712524,0.32161685824394226,0.23034995794296265,0.333849161863327,0.31981632113456726,0.09601939469575882,-0.571703314781189,0.035664670169353485,-0.3277643918991089,-0.042195070534944534,-0.09301262348890305,0.01072784885764122,0.12443242967128754,0.005181465297937393,0.0972108319401741,0.49263864755630493,0.36329397559165955,0.07325320690870285,0.16668014228343964,-0.08090367913246155,0.02980787679553032,-0.20946699380874634,0.5099440217018127],""gru.bias_ih"":[-0.05775497481226921,0.3079390227794647,-0.06086692586541176,0.08740565180778503,-0.03038422204554081,0.3971342444419861,-0.11730905622243881,0.22770093381404877,-0.3893859386444092,0.0039918385446071625,-0.24743182957172394,0.17040978372097015,-0.6563713550567627,-0.7385845184326172,0.6437050104141235,-0.4968768060207367,0.20666679739952087,0.09141138941049576,-0.16175130009651184,-0.31952622532844543,-0.17875626683235168,-0.2876844108104706,0.1053967997431755,0.06144879013299942],""gru.bias_hh"":[0.3310858905315399,0.04874400794506073,-0.04393845796585083,0.3525536060333252,-0.05194211006164551,-0.02389541082084179,-0.1978512406349182,0.07395827025175095,-0.3576774299144745,0.2005920708179474,-0.5381863117218018,-0.20132125914096832,-0.1120542511343956,-0.8171820640563965,0.5157279372215271,-0.3792191445827484,-0.1478327065706253,0.3125248849391937,0.012629242613911629,-0.16225196421146393,-0.37929877638816833,-0.2397068291902542,0.2589743435382843,0.019150814041495323],""head.weight"":[-0.19266493618488312,0.22157074511051178,0.4176003038883209,-0.23786480724811554,-0.25512194633483887,-0.27947548031806946,-0.14767274260520935,0.6688258647918701],""head.bias"":[-0.11663138121366501]}"
840527,GRU_8,240,321,0.5117372691631317,4.259402793998902,"{""gru.weight_ih"":[0.24117301404476166,0.24281097948551178,0.24982362985610962,0.49264928698539734,0.7905285954475403,0.4867936074733734,0.12600664794445038,-0.09598532319068909,0.11523568630218506,0.8338208198547363,-0.07158190757036209,-0.41459083557128906,0.5980090498924255,-0.708038866519928,-0.30595651268959045,0.5218634009361267,-0.9216238260269165,-0.5990329384803772,0.034687381237745285,-0.027240093797445297,0.397007554769516,-0.22404183447360992,-0.1818074733018875,0.885217547416687,-0.3100588321685791,-0.7069264054298401,0.411079466342926,0.7644028663635254,-1.2032426595687866,-0.6028928756713867,-0.039953820407390594,-0.6836426258087158,0.3549664318561554,0.4777757525444031,-0.9435980916023254,-0.22619125247001648,0.31983694434165955,-0.4532398283481598,-0.6585662961006165,-0.016011616215109825,-0.23764637112617493,-0.4701058268547058,0.07436986267566681,-0.11623156070709229,0.05981753021478653,-0.2840295135974884,-0.7460821866989136,0.466422975063324,-0.14467409253120422,-0.5105109214782715,-0.6549174785614014,0.5739262700080872,-0.18290087580680847,-0.39108356833457947,0.5946322083473206,-0.012662529945373535,0.22288230061531067,-0.7790002226829529,0.16349761188030243,0.12149552255868912,-0.623868465423584,0.47519180178642273,0.11370831727981567,-0.7021819353103638,-0.10468748211860657,-0.21398912370204926,0.13031329214572906,-0.27790361642837524,0.939041256904602,0.7082428336143494,0.2945222854614258,0.02850787527859211],""gru.weight_hh"":[-0.030138375237584114,-0.30951568484306335,0.14980821311473846,-0.0003689448640216142,-0.1048189178109169,-0.4893433749675751,0.18193860352039337,0.3739892542362213,0.059758611023426056,-0.032307203859090805,0.19208648800849915,-0.4879990518093109,-0.15992587804794312,-0.5247522592544556,0.33443403244018555,0.38132742047309875,0.0078930938616395,0.1834062933921814,0.2686094343662262,-0.015096920542418957,0.3180201053619385,0.13959817588329315,0.04993739351630211,0.19633950293064117,0.23996195197105408,-0.28986966609954834,0.18762609362602234,0.09373370558023453,0.22546140849590302,0.0988444983959198,0.1697755753993988,0.18614786863327026,0.06770454347133636,-0.3062675893306732,0.1665981560945511,0.2724081575870514,0.11076889932155609,0.12597538530826569,-0.0630253404378891,0.435895174741745,0.6589608192443848,-0.317495733499527,-0.021365510299801826,-0.025132162496447563,-0.08981112390756607,-0.04528471454977989,0.0715319961309433,0.026307396590709686,-0.6304576992988586,-0.4600755274295807,-0.08235300332307816,-0.13403205573558807,-0.023601649329066277,0.37881195545196533,0.1470239907503128,-0.5075790286064148,-0.9368947744369507,-0.12449613958597183,0.2407943457365036,0.09975134581327438,-0.21866370737552643,-0.32794180512428284,0.648402988910675,-0.5345984697341919,0.24111752212047577,0.5809788107872009,0.16734322905540466,-0.7883651256561279,-0.6793440580368042,-0.2826809585094452,0.6981450915336609,-0.34251078963279724,0.16508446633815765,-1.0679913759231567,-0.5286953449249268,0.5936447978019714,0.19515837728977203,0.9240877628326416,0.4330970346927643,-0.3605884909629822,-0.6697230339050293,0.11256036162376404,0.7501378059387207,0.1170925721526146,-0.08660154044628143,0.32038894295692444,-0.5596375465393066,0.9145176410675049,0.2597646415233612,-0.6141065955162048,0.13283176720142365,1.0568898916244507,0.5390138030052185,0.9703776836395264,-0.41359943151474,-0.18337714672088623,-0.01869773305952549,-1.0233759880065918,0.01723613031208515,1.1156916618347168,0.4903159439563751,0.8367145657539368,-0.14569377899169922,-0.7576755285263062,0.20912790298461914,0.09909621626138687,0.3706974983215332,0.7122281789779663,0.9180272221565247,0.3828832507133484,-0.41156256198883057,0.33802539110183716,0.8006714582443237,0.847430944442749,-0.6864906549453735,-0.4927157759666443,-0.9815865159034729,-0.9812727570533752,0.8289032578468323,-0.376601904630661,-0.37324851751327515,-0.422682523727417,1.067989468574524,0.0963762104511261,-0.7354634404182434,-0.15538352727890015,0.1946403831243515,0.6992620825767517,0.20599710941314697,-0.03318014368414879,-0.2556283175945282,0.09437388926744461,0.4742402732372284,-0.0704813227057457,-0.5989014506340027,-0.41984763741493225,0.3957076072692871,-0.28275734186172485,-0.016137994825839996,0.3216506242752075,0.17602360248565674,0.10010875761508942,-0.4628146290779114,0.22352686524391174,-0.21580973267555237,0.0674908235669136,-0.20236420631408691,0.15370602905750275,-0.32911139726638794,0.13837379217147827,0.24428322911262512,0.13062651455402374,0.3383205235004425,-0.11136151850223541,0.1402946263551712,0.3947531580924988,0.41317373514175415,0.04668271169066429,-0.2630964517593384,-0.09896725416183472,0.05357228219509125,-0.12476584315299988,0.020757274702191353,-0.047069817781448364,0.380571186542511,0.3533846437931061,0.13560719788074493,-0.31285279989242554,0.139326810836792,-0.4161369800567627,0.34796059131622314,0.285707950592041,0.3987841010093689,0.38836511969566345,0.13477742671966553,-0.5582135319709778,-0.34093424677848816,-0.7229002118110657,0.16971640288829803,-0.09969643503427505,0.013351727277040482,0.1805415153503418,0.221953347325325,0.003277738345786929,0.5271551609039307,0.398356169462204,0.1341046243906021,0.22176937758922577,-0.03987686708569527,0.10381893068552017,-0.3068011701107025,0.6553032398223877],""gru.bias_ih"":[0.0030038116965442896,0.3463839888572693,-0.07841406762599945,0.07198888808488846,-0.07207139581441879,0.4218082129955292,-0.06709688901901245,0.32836028933525085,-0.07348378747701645,-0.18778294324874878,-0.3642325699329376,-0.08922441303730011,-0.7638052701950073,-0.7614673972129822,1.1448806524276733,-0.4935849606990814,0.21165014803409576,0.08593463897705078,-0.21640528738498688,-0.3180396556854248,-0.14426688849925995,-0.29341959953308105,0.04872041940689087,-0.019367020577192307],""gru.bias_hh"":[0.39184463024139404,0.08718886226415634,-0.06148562580347061,0.3371366858482361,-0.09362927824258804,0.0007783384062349796,-0.14763911068439484,0.17461752891540527,-0.04177527874708176,0.008817319758236408,-0.6549872159957886,-0.46095550060272217,-0.21948817372322083,-0.8400649428367615,1.0169036388397217,-0.37592729926109314,-0.1480971723794937,0.3084653615951538,-0.02732127532362938,-0.19242462515830994,-0.3569423258304596,-0.2561183571815491,0.22805778682231903,-0.08373760432004929],""head.weight"":[-0.2403499037027359,0.3397732079029083,0.5197147727012634,-0.25835365056991577,-0.30038216710090637,-0.3013988733291626,-0.16454772651195526,0.8230118751525879],""head.bias"":[-0.14039863646030426]}"
840528,SENSORY_SITE,60,4,0.5970472693443298,0.8395611199997575,"{""raw"":[2.4521868228912354,0.6069971323013306,-0.37513467669487,-0.519025444984436]}"
840528,SENSORY_SITE,120,4,0.5951359391212463,1.6940892109994365,"{""raw"":[2.3275227546691895,1.0120148658752441,-0.4615490436553955,-0.5481078028678894]}"
840528,SENSORY_SITE,240,4,0.5872178852558136,3.3559183819995724,"{""raw"":[2.109173536300659,1.5977873802185059,-0.43050166964530945,-0.5698592066764832]}"
840528,OUTPUT_SITE,60,4,0.6265655905008316,0.8322958760003303,"{""raw"":[2.2248189449310303,0.7033002972602844,-0.2117166817188263,-0.4619688093662262]}"
840528,OUTPUT_SITE,120,4,0.6072493463754653,1.6878708330011705,"{""raw"":[1.753090739250183,1.0433788299560547,-0.38334861397743225,-0.49506306648254395]}"
840528,OUTPUT_SITE,240,4,0.6049725949764252,3.349292445000856,"{""raw"":[1.1820148229599,1.6606435775756836,-0.49625322222709656,-0.023812877014279366]}"
840528,NO_FEEDBACK,60,4,0.6479055345058441,0.7994580840000935,"{""raw"":[2.2200796604156494,0.686470091342926,-0.14837925136089325,-0.06802823394536972]}"
840528,NO_FEEDBACK,120,4,0.633888441324234,1.6015710920000856,"{""raw"":[1.7488285303115845,0.9695683717727661,-0.31766554713249207,-0.002276225248351693]}"
840528,NO_FEEDBACK,240,4,0.5751613736152649,3.2055172129995526,"{""raw"":[1.1848995685577393,1.5598043203353882,-0.44008710980415344,-0.02850298210978508]}"
840528,GENERIC_RNN,60,4,0.6561049461364746,0.6816310030001205,"{""raw"":[0.5403382182121277,0.6527816653251648,-0.04082772880792618,0.3078799545764923]}"
840528,GENERIC_RNN,120,4,0.650570172071457,1.336161880000077,"{""raw"":[0.7639474868774414,0.847643256187439,-0.18653666973114014,0.47531527280807495]}"
840528,GENERIC_RNN,240,4,0.6619567334651947,2.639415091999922,"{""raw"":[0.9164633750915527,1.1269371509552002,-0.22191868722438812,0.48189494013786316]}"
840528,GRU_8,60,321,0.669821560382843,1.0698728309998842,"{""gru.weight_ih"":[-0.5419233441352844,-0.0942360982298851,0.3714771866798401,-0.0860104188323021,-0.13721133768558502,0.3690974712371826,-0.3352850675582886,0.07747902721166611,0.057545192539691925,-0.07189465314149857,-0.20685669779777527,0.24516797065734863,-0.23939892649650574,-0.03953501582145691,-0.1265944540500641,0.034711889922618866,0.24757523834705353,0.169271782040596,0.6152360439300537,0.20865492522716522,-0.19000624120235443,-0.13040530681610107,-0.49911782145500183,0.17770051956176758,0.3816486895084381,0.39147165417671204,-0.250118613243103,0.33595022559165955,-0.3488686978816986,-0.22530758380889893,-0.2261216789484024,-0.47271794080734253,0.1803719699382782,-0.40317875146865845,0.17600250244140625,-0.033395059406757355,0.1460142284631729,-0.8383122682571411,-0.023104367777705193,0.09951682388782501,-0.7847046256065369,-0.17451564967632294,-0.34083637595176697,0.0008329346310347319,0.28489938378334045,-0.004824425093829632,-0.323805570602417,0.1268126368522644,0.08336586505174637,0.35034486651420593,-0.06368041783571243,-0.3009951412677765,0.4148195683956146,-0.02822720631957054,-0.30458852648735046,-0.07246655970811844,-0.23215563595294952,0.4281986653804779,0.12039843946695328,-0.02324669249355793,-0.48006123304367065,0.28646790981292725,-0.3200452923774719,0.544842004776001,-0.11628635227680206,0.09923684597015381,0.3006323277950287,0.02837119996547699,0.32020053267478943,-0.6096890568733215,0.12847481667995453,-0.22126895189285278],""gru.weight_hh"":[0.07611220329999924,0.37328091263771057,0.24228458106517792,0.17420509457588196,-0.11910496652126312,-0.09313269704580307,0.3047234117984772,0.35646048188209534,0.05009041726589203,0.11880102008581161,-0.3108387887477875,-0.03259488567709923,-0.036758165806531906,-0.3222418427467346,-0.06511035561561584,0.267310231924057,-0.37618160247802734,-0.09491270780563354,-0.11747931689023972,0.005071017425507307,0.06884534657001495,0.13981230556964874,-0.05907190963625908,0.13461418449878693,0.3051566183567047,0.19028808176517487,0.013579830527305603,0.3087017834186554,0.41009852290153503,0.05367724969983101,-0.013070577755570412,-0.027525410056114197,-0.22917816042900085,0.2557573616504669,0.2581203877925873,0.16867688298225403,0.4641498029232025,-0.042492691427469254,0.25482505559921265,-0.010617868974804878,-0.1452767550945282,0.37749022245407104,-0.3422125279903412,-0.30318859219551086,-0.2423761934041977,-0.022976499050855637,-0.2857503592967987,0.03655308112502098,0.4111001789569855,-0.2903572916984558,-0.20773860812187195,0.037901587784290314,0.2039594203233719,0.5021171569824219,-0.27840083837509155,-0.4014004170894623,-0.2800070345401764,0.16589272022247314,-0.14384818077087402,-0.0856134444475174,0.216978058218956,0.2999821901321411,0.09980831295251846,-0.26255983114242554,0.03892404958605766,-0.4433712065219879,0.1550854593515396,-0.18479077517986298,-0.000479426933452487,-0.08525097370147705,-0.04474543035030365,0.29302266240119934,0.1967332363128662,-0.2687680423259735,0.5932102799415588,-0.07925210148096085,0.06363853067159653,-0.3668724298477173,-0.6563242077827454,-0.22267211973667145,-0.38495534658432007,-0.483580619096756,-0.11668647080659866,0.4117474853992462,-0.027224009856581688,0.7093759179115295,0.046070460230112076,-0.41101422905921936,0.1427885890007019,0.026638295501470566,0.24083641171455383,-0.03500354662537575,-0.07939078658819199,0.5250536203384399,0.11326580494642258,-0.2592422366142273,0.12280131131410599,0.2857195734977722,0.49838316440582275,-0.20049947500228882,0.1431191861629486,0.16270634531974792,-0.34780195355415344,0.18607866764068604,0.28315773606300354,0.296150803565979,-0.31060707569122314,-0.02670399285852909,0.3326014578342438,0.42504510283470154,-0.09331275522708893,-0.4016425609588623,0.09538029134273529,-0.25710803270339966,-0.09169639647006989,-0.22440463304519653,-0.2356598973274231,0.4566839039325714,0.2134343683719635,-0.6814981698989868,-0.10285733640193939,-0.011473412625491619,0.01723741553723812,-0.27413639426231384,0.41008010506629944,0.3648369312286377,-0.25605207681655884,-0.6006341576576233,0.058062124997377396,0.024656057357788086,-0.2220924198627472,0.05308285728096962,0.3047911822795868,-0.40241169929504395,0.323551207780838,0.2629699409008026,0.5562143325805664,0.06802719086408615,0.2752853035926819,-0.11306978762149811,0.031601160764694214,0.16384094953536987,-0.2993275821208954,0.028965871781110764,0.07067250460386276,0.2569161057472229,-0.3189995288848877,0.10129760950803757,0.29688161611557007,-0.08793694525957108,0.08801569044589996,-0.2619948983192444,0.07723041623830795,-0.08810858428478241,-0.02179502695798874,-0.31609198451042175,0.051385071128606796,0.5612735748291016,-0.3658805787563324,-0.4542621970176697,0.020687047392129898,0.5189899802207947,0.2794402241706848,0.27382892370224,-0.20639801025390625,-0.16048689186573029,0.2763889729976654,0.2252161055803299,0.4109886586666107,-0.20718538761138916,-0.16995927691459656,0.15192507207393646,0.10561729222536087,0.254317045211792,0.11461593955755234,-0.21319669485092163,-0.0863879919052124,-0.1835380494594574,-0.19603896141052246,0.06154320016503334,0.09335681051015854,0.03727953881025314,0.21304304897785187,0.13481265306472778,-0.13697026669979095,0.3851810395717621,-0.2774050831794739,0.06754477322101593,0.47558537125587463,-0.1873851716518402,-0.2745823562145233,0.3479562997817993],""gru.bias_ih"":[0.06129573658108711,-0.046555858105421066,0.3240027129650116,0.09636317938566208,-0.06968216598033905,-0.2270079404115677,0.09675553441047668,0.13366001844406128,0.4368840456008911,0.06845033168792725,-0.3644315004348755,-0.4218135476112366,-0.4350481927394867,-0.5268984436988831,-0.36649805307388306,-0.4492295980453491,-0.16140151023864746,0.23142512142658234,-0.12955904006958008,0.1512397825717926,-0.19406317174434662,-0.037764083594083786,0.054695405066013336,0.27607420086860657],""gru.bias_hh"":[-0.21413671970367432,0.11450807750225067,0.2163718193769455,0.36657440662384033,0.13843324780464172,0.04461635276675224,0.19325204193592072,0.13732990622520447,-0.1710980236530304,0.008220386691391468,-0.49825015664100647,-0.2625979483127594,-0.23149745166301727,-0.4633191227912903,-0.23294726014137268,-0.3197759985923767,0.3330889046192169,-0.24023418128490448,0.31651628017425537,0.20119397342205048,-0.07444603741168976,-0.2550894320011139,0.17383228242397308,0.1618383824825287],""head.weight"":[-0.16566453874111176,-0.1952940672636032,-0.09080666303634644,0.0793147161602974,-0.2122049331665039,0.4771082103252411,0.31765487790107727,-0.13980957865715027],""head.bias"":[-0.01578950509428978]}"
840528,GRU_8,120,321,0.5310900211334229,2.1397621249998338,"{""gru.weight_ih"":[-0.5581302046775818,-0.07279311865568161,0.5836755633354187,0.03195352479815483,-0.32220330834388733,0.4944218099117279,-0.6747375726699829,-0.011498876847326756,0.22835341095924377,-0.2528388500213623,-0.6951048374176025,0.5490142107009888,-0.42764467000961304,-0.3837364614009857,0.2914695143699646,-0.03451041504740715,0.03971012309193611,0.48354873061180115,0.652194082736969,0.1937664896249771,-0.1879127025604248,-0.3903174102306366,-0.8625558018684387,0.4918079376220703,0.4204064607620239,0.40822306275367737,-0.3808269798755646,0.308946430683136,-0.487051784992218,-0.20629584789276123,-0.48973333835601807,-0.9353501200675964,0.7183172106742859,-0.4631582200527191,-0.04158783331513405,0.29568618535995483,-0.020355962216854095,-1.0769450664520264,0.02139405906200409,-0.012629928067326546,-0.960276186466217,0.04324925318360329,-0.4096601605415344,-0.1034141257405281,0.42603644728660583,-0.14422562718391418,-0.5409278273582458,0.3569701313972473,0.04999535158276558,0.399056613445282,0.014072990976274014,-0.4096857011318207,0.5120139718055725,0.25375792384147644,-0.6329049468040466,-0.15681031346321106,0.15214762091636658,0.6016778349876404,0.1854526400566101,0.007405646611005068,-0.5870751738548279,0.30520737171173096,-0.17606015503406525,0.6207165122032166,-0.08909282833337784,0.07852756232023239,0.3703591823577881,0.09751024842262268,0.2823469340801239,-0.7778295874595642,0.1415686160326004,-0.046801794320344925],""gru.weight_hh"":[0.06780966371297836,0.3666256368160248,0.19032016396522522,0.2042178362607956,-0.14617280662059784,-0.057991888374090195,0.3624749183654785,0.32279694080352783,-0.11363471299409866,-0.08230067044496536,-0.586409330368042,0.06914759427309036,-0.1161951795220375,-0.15514498949050903,-0.04366292059421539,0.1182527244091034,-0.27514612674713135,0.13345041871070862,0.11803518980741501,0.004195654299110174,0.056054215878248215,0.08454117178916931,0.0910516157746315,0.20644327998161316,0.15649424493312836,0.12373608350753784,-0.2627718448638916,0.6094992756843567,0.20060575008392334,0.19378338754177094,0.31822529435157776,-0.1917407065629959,-0.26089566946029663,0.21718233823776245,-0.06822396069765091,0.5451167225837708,0.14913354814052582,0.2070690095424652,0.7184257507324219,-0.18317978084087372,-0.17945371568202972,0.33491280674934387,-0.4919801652431488,-0.22704797983169556,-0.3111899197101593,0.04533635452389717,-0.1693660467863083,-0.025416625663638115,0.3836159110069275,-0.3186118006706238,-0.26779189705848694,0.04722544550895691,0.20245888829231262,0.5188246369361877,-0.2943556010723114,-0.418375700712204,-0.4508204758167267,0.016331197693943977,-0.4618971645832062,0.2337397336959839,0.008220215328037739,0.5785225629806519,0.38848984241485596,-0.5225967764854431,0.036138929426670074,-0.3841874301433563,0.2835471034049988,-0.3662218749523163,0.07796919345855713,-0.14163905382156372,-0.1227516382932663,0.3538215756416321,0.15659603476524353,-0.1792173534631729,0.723668098449707,-0.2599200904369354,0.20347821712493896,-0.3819587528705597,-0.7111619710922241,-0.2714877128601074,-0.9045854210853577,-1.1448907852172852,-0.7279475331306458,0.8914957642555237,-0.5346159338951111,1.2806682586669922,0.4379543364048004,-1.0283725261688232,-0.11709880828857422,-0.4048866331577301,-0.09462809562683105,0.13607752323150635,-0.2987246513366699,0.838921308517456,0.17282937467098236,-0.6306614875793457,0.031302906572818756,0.3188335597515106,0.5921961069107056,-0.4656461775302887,0.2626579999923706,0.19730272889137268,-0.5008654594421387,0.07075896859169006,0.12900963425636292,0.1277063935995102,-0.5590764284133911,0.1342555731534958,0.2222840040922165,0.6004666090011597,0.03265240788459778,-0.6431198716163635,-0.04177072271704674,-0.5281490683555603,-0.1555289328098297,-0.31511709094047546,-0.2265407294034958,0.5987854599952698,0.11280142515897751,-0.8917683362960815,-0.43476060032844543,-0.3122819662094116,-0.18217436969280243,-0.2893146574497223,0.3665015697479248,0.6611935496330261,-0.30856388807296753,-0.90037602186203,0.07175619900226593,0.05409151688218117,-0.18213915824890137,0.05624553933739662,0.3038257956504822,-0.4019598662853241,0.3486458659172058,0.2618148624897003,0.6280556321144104,0.1766941100358963,0.3938821256160736,-0.08788048475980759,0.002162181306630373,0.17193037271499634,-0.1781264841556549,0.02644949220120907,0.14322833716869354,0.3886852562427521,-0.29723060131073,0.19973117113113403,0.2196444869041443,-0.013141064904630184,0.2940584123134613,-0.31703856587409973,-0.030529726296663284,-0.2998897135257721,-0.29146134853363037,-0.20796652138233185,-0.011056974530220032,0.6579478979110718,-0.3540046811103821,-0.5255593657493591,0.08169393241405487,0.623465359210968,0.42124029994010925,0.2819159924983978,-0.21870896220207214,-0.17871932685375214,0.3627373278141022,0.2467193305492401,0.3667212426662445,-0.2909447252750397,-0.2945391535758972,0.1721317023038864,0.09064480662345886,0.28988751769065857,0.09926659613847733,-0.24197396636009216,-0.09025214612483978,-0.2023327797651291,-0.24781228601932526,0.07329750806093216,0.0906384214758873,0.05011845752596855,0.2015484720468521,0.130780890583992,0.060397520661354065,0.6093927621841431,-0.003166917944326997,0.04090169817209244,0.4758879840373993,-0.34026607871055603,-0.18896405398845673,0.5010398030281067],""gru.bias_ih"":[0.05655285716056824,-0.06684309244155884,0.35820409655570984,0.16606998443603516,0.06603463739156723,-0.21374674141407013,0.08922028541564941,0.10904315859079361,0.4446287155151367,-0.0974329486489296,-0.25788000226020813,-0.8239762783050537,-0.7066298723220825,-0.8950057029724121,-0.616270899772644,-0.7593745589256287,-0.16702091693878174,0.2357543259859085,-0.1177234873175621,0.1477208435535431,-0.17716066539287567,-0.04124459996819496,0.04910510033369064,0.3291977643966675],""gru.bias_hh"":[-0.21887966990470886,0.0942208394408226,0.25057321786880493,0.4362811744213104,0.2741500437259674,0.057877589017152786,0.18571677803993225,0.11271306127309799,-0.1633535474538803,-0.15766295790672302,-0.3916986882686615,-0.6647607088088989,-0.5030792951583862,-0.8314263820648193,-0.4827198386192322,-0.6299209594726562,0.3336593508720398,-0.22842702269554138,0.34126007556915283,0.19548243284225464,-0.049953892827034,-0.25706788897514343,0.1775948703289032,0.23048289120197296],""head.weight"":[-0.19015701115131378,-0.2829147279262543,-0.2910667359828949,0.14695189893245697,-0.2744807302951813,0.5595702528953552,0.38252967596054077,-0.19985252618789673],""head.bias"":[-0.011400749906897545]}"
840528,GRU_8,240,321,0.5009023100137711,4.289594622999971,"{""gru.weight_ih"":[-0.51664799451828,-0.20883354544639587,1.0052649974822998,0.0881287008523941,-0.34967678785324097,0.31142914295196533,-0.9187912940979004,-0.5261467695236206,0.06912989169359207,-0.5584591627120972,-1.3655225038528442,0.23426511883735657,-0.3958396911621094,-1.0601811408996582,0.2756638824939728,-0.06795655936002731,-0.18969449400901794,0.4356623589992523,0.7222268581390381,0.11314322799444199,-0.17271165549755096,-0.40014326572418213,-0.9417787194252014,0.5108953714370728,0.4107508361339569,0.44618093967437744,-0.45232775807380676,0.5473243594169617,-0.7724838852882385,-0.23132142424583435,-0.34252601861953735,-0.741157591342926,0.6458826661109924,-0.37222984433174133,-0.20652125775814056,0.026498937979340553,0.112619549036026,-1.4943710565567017,-0.17200787365436554,0.02779417671263218,-1.0410431623458862,-0.014857900328934193,-0.3841480314731598,-0.16511575877666473,0.16740782558918,-0.07546593248844147,-0.6740718483924866,0.38494694232940674,0.032258398830890656,0.2978656589984894,0.2498328685760498,-0.5085089206695557,0.3234288692474365,0.460856169462204,-0.6508228182792664,-0.3932085335254669,0.21875232458114624,0.9597527384757996,0.27716609835624695,0.1845685839653015,-0.6847174763679504,0.10486163944005966,0.027476077899336815,0.6963950395584106,-0.033691611140966415,0.04162869229912758,0.4386085867881775,0.16275684535503387,0.4323391616344452,-0.9492285251617432,0.155761256814003,0.07447190582752228],""gru.weight_hh"":[0.30260083079338074,0.5244747400283813,0.4454851448535919,0.4423297047615051,-0.10638950765132904,0.15445050597190857,0.5773987770080566,0.24822546541690826,-0.16816848516464233,-0.14545513689517975,-0.6879205703735352,-0.020168326795101166,-0.1718720942735672,-0.3172333836555481,-0.05948316305875778,0.3200998604297638,-0.2707654535770416,0.1823682188987732,0.48421794176101685,-0.10665181279182434,0.11774951219558716,-0.13222670555114746,0.03205101937055588,0.5190528035163879,-0.3094734251499176,0.29712504148483276,-0.3466735780239105,-0.10542530566453934,0.4459104537963867,-0.3430366814136505,-0.3153606057167053,0.1531098186969757,-0.011744131334125996,0.37628331780433655,0.25944405794143677,0.7129684686660767,0.1723329722881317,0.2712607681751251,0.9304174184799194,0.06589009612798691,-0.13604804873466492,0.5258556604385376,-0.47039616107940674,-0.2547849416732788,-0.24753338098526,0.038825493305921555,-0.19898486137390137,-0.02068520151078701,0.486962229013443,-0.21955518424510956,-0.15093590319156647,0.10755597800016403,0.24041123688220978,0.5417883992195129,-0.25881126523017883,-0.410469651222229,-0.19937103986740112,0.15770144760608673,-0.5326333045959473,0.35600945353507996,0.007627812679857016,0.6411912441253662,0.4930074214935303,-0.49603211879730225,0.2237273007631302,-0.24369333684444427,0.5015427470207214,-0.18899987637996674,0.23740345239639282,-0.047461144626140594,0.36634668707847595,0.6441781520843506,0.0678505152463913,0.07980922609567642,1.1423417329788208,-0.4539271593093872,0.49101921916007996,-0.2867617905139923,-0.748851478099823,-0.24622943997383118,-0.8259948492050171,-0.8034796714782715,-0.7623809576034546,0.8885155320167542,-0.42100390791893005,1.524960994720459,0.3640769124031067,-1.4220566749572754,-0.2378506362438202,-0.2799096405506134,0.3484390676021576,-0.259975790977478,0.06185629963874817,0.718197226524353,-0.21471406519412994,-0.5632237792015076,-0.3401043713092804,0.5621684193611145,0.8715147376060486,-0.9394883513450623,0.5785338282585144,0.11916802823543549,-0.8763177990913391,0.10141945630311966,0.12198612093925476,0.20262756943702698,-0.4324621558189392,0.014346959069371223,0.3281943202018738,0.5805646181106567,-0.09737368673086166,-0.6439564228057861,-0.08041641861200333,-0.43028703331947327,0.2746407985687256,-0.6149500608444214,0.0424051359295845,0.5277538895606995,-0.11862653493881226,-0.8486981391906738,-0.30767956376075745,-0.18321922421455383,-0.17093755304813385,-0.3022145628929138,0.4046759307384491,0.7920869588851929,-0.3604623079299927,-1.01054048538208,0.20635752379894257,0.16845917701721191,0.004295978229492903,0.15380516648292542,0.35668230056762695,-0.34229767322540283,0.4430343806743622,0.27764707803726196,0.785582423210144,0.3184506893157959,0.6131834387779236,0.007856191135942936,0.09490516781806946,0.2760755121707916,-0.11004482954740524,-0.005855034105479717,0.34359005093574524,0.8772045969963074,0.3433799147605896,0.1471956968307495,0.5615386366844177,0.12980033457279205,0.2168978452682495,-0.3885011672973633,0.3748863637447357,-0.22191940248012543,-0.16430781781673431,0.1599237471818924,0.01587362214922905,0.9331116080284119,-0.14748942852020264,-0.6197051405906677,0.27329912781715393,0.8003039360046387,0.7197011113166809,0.37897104024887085,-0.12481353431940079,-0.08867190033197403,0.4623393416404724,0.2630206346511841,0.38216376304626465,-0.30150455236434937,-0.2750587463378906,0.17945949733257294,0.09320218116044998,0.3129414916038513,0.09315524995326996,-0.25358647108078003,-0.004294791724532843,-0.18116769194602966,-0.21915070712566376,0.13690727949142456,0.08614116907119751,0.11120258271694183,0.272322416305542,0.13334617018699646,-0.025078468024730682,0.4274907410144806,0.0049773044884204865,0.05124082788825035,0.4273349344730377,-0.462057501077652,-0.15489746630191803,0.6466746926307678],""gru.bias_ih"":[0.03384728729724884,0.05980541184544563,0.4451126754283905,0.30586451292037964,0.2824791371822357,-0.21007348597049713,0.1071285828948021,0.16680417954921722,0.7811672687530518,-0.08871236443519592,-0.47327950596809387,-1.2120620012283325,-0.735153317451477,-1.1679233312606812,-0.7570317983627319,-0.9147065877914429,-0.19350142776966095,0.18673156201839447,-0.14275872707366943,0.1470297873020172,-0.20134146511554718,-0.04093979671597481,0.05406704172492027,0.3653344511985779],""gru.bias_hh"":[-0.24158518016338348,0.22086931765079498,0.3374817967414856,0.5760756731033325,0.4905945956707001,0.061550941318273544,0.20362509787082672,0.1704740822315216,0.17318524420261383,-0.14894238114356995,-0.6070985198020935,-1.0528466701507568,-0.5316027402877808,-1.1043438911437988,-0.6234806776046753,-0.7852530479431152,0.3348328471183777,-0.27194634079933167,0.31937918066978455,0.18461717665195465,-0.0369657501578331,-0.25907376408576965,0.1945798248052597,0.2796258330345154],""head.weight"":[-0.19626742601394653,-0.3807002604007721,-0.4472116529941559,0.22240053117275238,-0.3366261124610901,0.6252384185791016,0.4442874789237976,-0.240624338388443],""head.bias"":[-0.004497717600315809]}"
840529,SENSORY_SITE,60,4,0.5799862802028656,0.8351826669993443,"{""raw"":[2.4226653575897217,0.5143709778785706,-0.14693516492843628,-0.5301867127418518]}"
840529,SENSORY_SITE,120,4,0.5494316160678864,1.6896329579998337,"{""raw"":[2.4080634117126465,0.9167520999908447,-0.2668389081954956,-0.5452955365180969]}"
840529,SENSORY_SITE,240,4,0.5896079421043396,3.3537563269994735,"{""raw"":[2.1989634037017822,1.457145094871521,-0.28384023904800415,-0.6256703734397888]}"
840529,OUTPUT_SITE,60,4,0.623885664343834,0.8332623709999325,"{""raw"":[2.209218978881836,0.6941069960594177,0.11017265170812607,-0.4239540696144104]}"
840529,OUTPUT_SITE,120,4,0.5765365362167358,1.674827288000074,"{""raw"":[1.773853063583374,1.0780210494995117,0.2594631612300873,-0.239174947142601]}"
840529,OUTPUT_SITE,240,4,0.5705591022968293,3.3467278270006773,"{""raw"":[1.2185142040252686,1.7304879426956177,0.2676796615123749,0.4064846932888031]}"
840529,NO_FEEDBACK,60,4,0.5839947253465653,0.7994989620000297,"{""raw"":[2.2145304679870605,0.7220953702926636,0.10975279659032822,-0.01597459428012371]}"
840529,NO_FEEDBACK,120,4,0.6137225806713105,1.6313014610002483,"{""raw"":[1.7505085468292236,1.1016128063201904,0.23348714411258698,-0.04324858635663986]}"
840529,NO_FEEDBACK,240,4,0.6093821942806243,3.257047877000332,"{""raw"":[1.1508245468139648,1.7737610340118408,0.24896496534347534,0.07967878878116608]}"
840529,GENERIC_RNN,60,4,0.6557268559932709,0.6538435809999328,"{""raw"":[0.5547512173652649,0.6577242016792297,0.03330715373158455,0.32967808842658997]}"
840529,GENERIC_RNN,120,4,0.6511081874370575,1.3350215789995445,"{""raw"":[0.7220987677574158,0.8305278420448303,-0.07376842945814133,0.40833061933517456]}"
840529,GENERIC_RNN,240,4,0.650379991531372,2.632108334000236,"{""raw"":[0.8791493773460388,1.0980764627456665,-0.12536470592021942,0.37493106722831726]}"
840529,GRU_8,60,321,0.548372408747673,1.0555824519994985,"{""gru.weight_ih"":[-0.47057032585144043,-0.47737476229667664,0.04045116528868675,0.01696903072297573,-0.39965593814849854,-0.6115188598632812,-0.01921464316546917,0.34819430112838745,0.11144095659255981,-0.5457764863967896,-0.2204141914844513,-0.4429749548435211,0.04612233117222786,-0.0671430230140686,-0.10504473000764847,-0.359276682138443,0.057329338043928146,0.14610017836093903,0.225645512342453,0.14235453307628632,-0.3791736960411072,0.19624674320220947,-0.3838137686252594,-0.09811937808990479,-0.0348452590405941,-0.2006983757019043,-0.13906075060367584,0.41870221495628357,-0.26743245124816895,-0.5866938233375549,0.19589583575725555,-0.5072236061096191,-0.17696279287338257,-0.19397090375423431,-0.12021306902170181,0.5149878263473511,-0.19128790497779846,-0.6725811958312988,0.5532238483428955,0.08043228089809418,0.13494914770126343,0.1141834408044815,-0.17168694734573364,-0.10840489715337753,0.1567823886871338,-0.057673096656799316,-0.13774672150611877,0.07959306240081787,-0.6332658529281616,-0.17745673656463623,-0.3406178951263428,0.46418631076812744,-0.2081807255744934,0.25970566272735596,-0.5611526966094971,-0.10846339911222458,0.17015305161476135,-0.012983467429876328,-0.2764120399951935,-0.05923542007803917,0.5861749649047852,0.0050310795195400715,0.2709297239780426,-0.08846423029899597,-0.03856046125292778,0.4396091103553772,0.009032336995005608,0.0019243706483393908,0.3259970545768738,0.6254122257232666,0.31344980001449585,0.020579654723405838],""gru.weight_hh"":[-0.13431532680988312,-0.4920094609260559,-0.1319013386964798,0.37718498706817627,0.3138166069984436,-0.23779679834842682,0.03539614379405975,-0.44193968176841736,0.29995933175086975,-0.35321110486984253,-0.14271466434001923,0.17072592675685883,-0.31632187962532043,0.05070795118808746,0.12129514664411545,-0.3647654056549072,0.22568511962890625,-0.21952314674854279,-0.11273261904716492,0.3289501368999481,-0.07792970538139343,0.38681530952453613,0.014616468921303749,-0.18492597341537476,-0.1656063348054886,-0.4145999550819397,0.25887444615364075,0.010808451101183891,0.046152520924806595,-0.02185514010488987,0.18210336565971375,-0.15044109523296356,-0.3085729479789734,0.05276857689023018,-0.40859246253967285,0.22955913841724396,0.3753935396671295,-0.09596254676580429,-0.25419938564300537,0.24738670885562897,0.18186794221401215,-0.09825743734836578,0.36011311411857605,-0.23538866639137268,0.2791866362094879,-0.2648307681083679,-0.14187665283679962,-0.33185502886772156,-0.19552423059940338,0.0003899156581610441,-0.16932611167430878,0.16289672255516052,-0.1731361746788025,-0.5115823149681091,0.18007108569145203,0.3189193308353424,-0.1265944242477417,0.2234068065881729,0.3488430380821228,0.08239460736513138,0.10193803161382675,-0.4728052616119385,-0.12507778406143188,0.004365053027868271,-0.31006914377212524,-0.02738262712955475,-0.6812365055084229,0.735653281211853,0.25990450382232666,-0.2822297215461731,-0.46678245067596436,-0.05636270344257355,0.3352665901184082,-0.5179107785224915,-0.29500865936279297,0.4705250859260559,-0.1240788996219635,-0.05834899842739105,-0.3185402452945709,-0.6717126369476318,0.21862079203128815,-0.2298598289489746,-0.06313232332468033,0.3564605712890625,-0.027670107781887054,-0.2646552324295044,-0.14749233424663544,-0.13093993067741394,-0.48698750138282776,0.3802879750728607,0.0645495355129242,0.004254661500453949,0.020861830562353134,0.24772167205810547,0.34132006764411926,0.22299157083034515,-0.23057693243026733,0.09530403465032578,-0.3917064070701599,0.21304185688495636,0.210174098610878,0.08253780752420425,0.17603740096092224,0.5587911605834961,0.48268982768058777,-0.004420503042638302,0.615757167339325,-0.5516215562820435,-0.5238198041915894,0.026447996497154236,0.5337489247322083,-0.304843544960022,-0.15831342339515686,0.4222199618816376,-0.0620172880589962,0.22381363809108734,0.0025978984776884317,-0.3293956518173218,0.166175976395607,-0.0745493471622467,0.06382951140403748,-0.2631928026676178,-0.10777309536933899,0.19029703736305237,0.6785062551498413,-0.2918558418750763,-0.3804236352443695,0.06810469925403595,0.12867502868175507,-0.463817298412323,-0.03238846734166145,0.08676090836524963,0.09347517043352127,-0.01116466149687767,0.15972086787223816,-0.24110765755176544,0.08712901920080185,0.1182006299495697,-0.2294667512178421,0.1190018504858017,-0.10175695270299911,0.039285968989133835,0.19463886320590973,0.6334854960441589,0.053544994443655014,0.10011595487594604,-0.3032185733318329,0.12389727681875229,0.2949640154838562,0.6547901630401611,-0.14259137213230133,-0.3096821904182434,0.2949974834918976,-0.16316184401512146,0.12861387431621552,0.27126798033714294,0.17704229056835175,-0.035391975194215775,0.1021159440279007,-0.5176710486412048,-0.1719026267528534,0.2352888435125351,0.06719794124364853,-0.10665038973093033,0.07286853343248367,-0.3704257905483246,0.16807332634925842,0.04283517971634865,0.03454640880227089,0.14688265323638916,-0.21731527149677277,-0.07247789204120636,0.3140876591205597,0.011102592572569847,0.27775946259498596,0.04705192148685455,-0.2552442252635956,0.30835798382759094,0.28300440311431885,-0.2685081958770752,-0.2248486429452896,-0.0257880836725235,0.06769192963838577,-0.06420999765396118,-0.17386674880981445,0.36392152309417725,-0.29552435874938965,-0.26397955417633057,-0.213788241147995,-0.4824892282485962,0.28431499004364014,0.4237176477909088],""gru.bias_ih"":[-0.14527280628681183,-0.14267705380916595,-0.2960609793663025,-0.20372669398784637,-0.0440499410033226,-0.3328074514865875,-0.050571464002132416,-0.2559971213340759,-0.21252427995204926,-0.4364352822303772,0.23437543213367462,-0.028685437515378,-0.1598246991634369,0.3135247528553009,-0.17642533779144287,-0.5052449107170105,0.09340641647577286,0.12473001331090927,0.14877639710903168,-0.39156097173690796,-0.32676005363464355,0.08564985543489456,0.05313882976770401,-0.04534265771508217],""gru.bias_hh"":[-0.014729809015989304,0.09417673945426941,0.06834039837121964,-0.18995197117328644,-0.5154026746749878,-0.11765803396701813,-0.3134917914867401,0.21838831901550293,-0.6192101836204529,-0.1832042634487152,-0.15181316435337067,0.28620225191116333,-0.2527274787425995,0.2901821732521057,-0.3062587082386017,-0.415629506111145,0.03185731917619705,-0.0058976090513169765,0.2383805215358734,0.022812621667981148,-0.020147083327174187,-0.11104924231767654,0.32721319794654846,0.33905836939811707],""head.weight"":[-0.4662572145462036,0.6825207471847534,-0.038330305367708206,-0.007271779701113701,0.2025613635778427,-0.018016651272773743,0.03337009251117706,0.6389292478561401],""head.bias"":[0.03396891430020332]}"
840529,GRU_8,120,321,0.505582931637764,2.1187266599990835,"{""gru.weight_ih"":[-0.3661960959434509,-0.7366167306900024,0.0648113340139389,0.1745731681585312,-0.7627519965171814,-0.6037620902061462,0.11502262949943542,0.07221362739801407,0.15876273810863495,-0.5994014143943787,-0.3219969570636749,-0.4919741451740265,0.22555170953273773,-0.24642589688301086,0.20386597514152527,-0.29096078872680664,0.21776852011680603,0.20535045862197876,0.2847273647785187,0.17668849229812622,-0.4685918390750885,0.30567413568496704,-0.5640915036201477,-0.13315477967262268,-0.028219394385814667,-0.269195556640625,-0.020950820297002792,0.40386417508125305,-0.3042439818382263,-0.5958797335624695,0.3888859152793884,-0.9511600732803345,-0.03869127854704857,-0.4508826434612274,-0.23245365917682648,0.5779321193695068,0.017821229994297028,-0.9167541861534119,0.6124570965766907,-0.05093377083539963,-0.18929462134838104,0.3146084249019623,-0.20921726524829865,-0.08969861268997192,0.126357302069664,-0.03288779407739639,-0.2848086655139923,0.21546240150928497,-0.7314280271530151,-0.1719387024641037,-0.33467140793800354,0.5535961985588074,-0.23061108589172363,0.23141194880008698,-0.5848607420921326,-0.29362940788269043,0.2760125696659088,-0.17325085401535034,-0.32226574420928955,0.10648514330387115,0.7337813973426819,-0.12042318284511566,0.5353319048881531,-0.07779213786125183,-0.1353837251663208,0.6214906573295593,0.06087421253323555,0.016608385369181633,0.26162171363830566,0.6996312141418457,0.34012749791145325,-0.01583641767501831],""gru.weight_hh"":[-0.19477947056293488,-0.48015671968460083,-0.12499288469552994,0.385212779045105,0.509560227394104,-0.13072828948497772,0.04047277197241783,-0.41736549139022827,0.24710550904273987,-0.3177518844604492,-0.07213760167360306,0.16992001235485077,-0.18383464217185974,0.3187065124511719,0.15766102075576782,-0.3910941183567047,0.22114714980125427,-0.09132784605026245,0.23438727855682373,0.1592959761619568,-0.13724559545516968,0.8464513421058655,0.21749942004680634,-0.45743080973625183,-0.12122499942779541,-0.4854162037372589,0.29438990354537964,0.06778023391962051,0.00609515979886055,-0.12430054694414139,0.15382887423038483,-0.22112451493740082,-0.5202202796936035,0.4033719003200531,-0.1856885403394699,-0.049869146198034286,0.6086050271987915,0.5266981720924377,0.050414636731147766,0.5270764827728271,0.19499976933002472,0.028432466089725494,0.5340641140937805,-0.5637897253036499,0.1901765912771225,-0.07819850742816925,0.23843564093112946,-0.11943521350622177,-0.17466314136981964,-0.058625541627407074,-0.18294477462768555,0.15035656094551086,-0.18436747789382935,-0.5459043979644775,0.16229578852653503,0.35368141531944275,-0.1570771038532257,0.22112223505973816,0.34255141019821167,0.046742502599954605,0.162736713886261,-0.4004720151424408,-0.11818134039640427,0.07902885228395462,-0.42369261384010315,0.05277540162205696,-0.8406630158424377,0.7904365658760071,0.4395439624786377,-0.35853007435798645,-0.5026516318321228,0.0505957156419754,0.3253702223300934,-0.5878982543945312,-0.32210832834243774,0.6939414143562317,-0.03903447091579437,-0.09548239409923553,-0.4255790710449219,-0.7734488844871521,0.07725078612565994,-0.11844088137149811,-0.052268512547016144,0.31361475586891174,0.17172349989414215,-0.06993816792964935,0.040301136672496796,0.0041434271261096,-0.5281603336334229,0.3983522653579712,0.059208180755376816,-0.13729707896709442,0.05546148121356964,0.15383446216583252,0.34953346848487854,0.38879984617233276,-0.10991035401821136,0.22514066100120544,-0.4218485653400421,0.12810611724853516,0.25386402010917664,0.12006044387817383,0.22207941114902496,0.5701935291290283,0.39241790771484375,0.2109326273202896,0.8832852840423584,-0.7771649360656738,-0.4702281951904297,0.21003766357898712,0.8237544894218445,-0.20311370491981506,-0.127735897898674,0.399338036775589,-0.11891587823629379,0.2713468670845032,-0.028383677825331688,-0.4798199236392975,0.0936739444732666,-0.08875465393066406,-0.06527937203645706,-0.14445993304252625,-0.2639978528022766,0.1428057700395584,0.9191163778305054,-0.33032602071762085,-0.3381650447845459,0.22299766540527344,0.16530907154083252,-0.47350895404815674,0.02608303353190422,0.09596090763807297,0.03727717697620392,0.0754283145070076,0.18736641108989716,-0.351192444562912,0.09608672559261322,0.08978336304426193,-0.271135538816452,0.1028393879532814,-0.10530707985162735,-0.06479429453611374,0.16833513975143433,0.7154501080513,0.04284437745809555,0.2083141952753067,-0.17173832654953003,0.15878154337406158,0.30591630935668945,0.822529137134552,-0.08502151072025299,-0.4487746059894562,0.21116220951080322,-0.14392656087875366,0.10387333482503891,0.4168655574321747,0.29509440064430237,-0.028403403237462044,0.06266698241233826,-0.5774316787719727,-0.4488632082939148,0.4520910084247589,0.12946084141731262,-0.12273666262626648,0.381470263004303,0.1337108314037323,0.2705731987953186,0.12389993667602539,-0.08558791875839233,0.1866232454776764,-0.14265887439250946,-0.0015169023536145687,0.4674950838088989,0.4556267559528351,0.2546103596687317,-0.15020868182182312,-0.23283496499061584,0.2841027081012726,0.2865120768547058,-0.2863495945930481,-0.24386611580848694,-0.0007525190012529492,0.061403293162584305,-0.0496852844953537,-0.1911945939064026,0.3537384569644928,-0.3808504343032837,-0.29284271597862244,-0.18589885532855988,-0.6038455367088318,0.25407674908638,0.5905569195747375],""gru.bias_ih"":[-0.12421771883964539,-0.10790641605854034,-0.15998534858226776,-0.17727617919445038,0.18048977851867676,-0.21650062501430511,-0.046457916498184204,-0.23203065991401672,-0.3278748393058777,-0.5648142099380493,0.37327051162719727,0.28964653611183167,-0.11317861080169678,0.7449014782905579,-0.20432411134243011,-0.5262275338172913,0.1062338724732399,0.1137567088007927,0.19990858435630798,-0.44362926483154297,-0.36280927062034607,0.0635775625705719,0.06037392467260361,-0.06157802790403366],""gru.bias_hh"":[0.0063252258114516735,0.12894737720489502,0.20441599190235138,-0.16350145637989044,-0.29086288809776306,-0.0013511907309293747,-0.30937817692756653,0.24235481023788452,-0.734560489654541,-0.3115832507610321,-0.012918038293719292,0.6045341491699219,-0.20608137547969818,0.7215588688850403,-0.3341575860977173,-0.4366118907928467,0.05029517412185669,-0.014884143136441708,0.2919374406337738,-0.033184267580509186,-0.011824225075542927,-0.13141083717346191,0.33797088265419006,0.3204231262207031],""head.weight"":[-0.5508769154548645,0.8014306426048279,-0.07405373454093933,-0.013278426602482796,0.27719995379447937,-0.018871894106268883,0.0356864370405674,0.7474793195724487],""head.bias"":[0.02429337613284588]}"
840529,GRU_8,240,321,0.47430149018764495,4.240091202998769,"{""gru.weight_ih"":[-0.3392924964427948,-1.0489394664764404,0.1259842962026596,0.21323366463184357,-1.2131259441375732,-0.4425867199897766,0.027661707252264023,0.313613623380661,0.2732528746128082,-0.11687692999839783,-0.4537023603916168,-0.6769765019416809,0.7043314576148987,0.20000876486301422,0.3128165006637573,-0.2906634509563446,0.37281614542007446,0.17958852648735046,0.41512325406074524,0.18938598036766052,-0.6091091632843018,0.35889384150505066,-0.7810413241386414,-0.19738776981830597,0.017575087025761604,-0.3487980365753174,-0.04538317397236824,0.30070608854293823,-0.43224287033081055,-0.714555025100708,0.08990921825170517,-1.5561139583587646,0.06003246456384659,-0.6956526041030884,-0.2899152934551239,0.4314630627632141,0.501625657081604,-0.9043484926223755,0.5123934149742126,-0.008480135351419449,-0.1689223200082779,0.2831093370914459,-0.40299952030181885,-0.19992414116859436,0.27402573823928833,0.03762777894735336,-0.4804976284503937,0.2748301923274994,-0.8759405612945557,-0.1543692797422409,-0.20461001992225647,0.662614107131958,-0.31255680322647095,0.07298833876848221,-0.7168192863464355,-0.10341591387987137,0.3223915696144104,-0.32307901978492737,-0.4246836006641388,0.1823263317346573,0.8957639932632446,0.12622126936912537,0.49254465103149414,-0.11595582216978073,0.05527755990624428,0.7707135677337646,0.1363794505596161,0.03359174355864525,0.15322422981262207,0.7868295907974243,0.2685108184814453,-0.15154282748699188],""gru.weight_hh"":[-0.3028568625450134,-0.4792669415473938,-0.1655920445919037,0.41789108514785767,0.7869284749031067,0.0023437608033418655,0.021282894536852837,-0.34146884083747864,0.030828434973955154,-0.21821801364421844,-0.09624095261096954,0.19853965938091278,0.22212283313274384,0.47456657886505127,0.23184490203857422,-0.2915174067020416,0.124151811003685,0.007798952981829643,0.4027050733566284,0.01127602532505989,-0.010648670606315136,1.059066653251648,0.4240598976612091,-0.3922814428806305,-0.10077662020921707,-0.505496621131897,0.24494916200637817,0.12566091120243073,0.017613088712096214,-0.07181365042924881,0.1352613866329193,-0.30295029282569885,-0.7286466360092163,0.4688464403152466,-0.28031715750694275,-0.13026870787143707,0.6375723481178284,0.7889651656150818,0.08406361192464828,0.8531244993209839,0.2715722918510437,0.0502282977104187,1.0858193635940552,-0.8064076900482178,0.150472491979599,0.01579972542822361,0.608299732208252,-0.10872457176446915,-0.16797545552253723,-0.05090852081775665,-0.20007255673408508,0.125854030251503,-0.17142358422279358,-0.32542937994003296,0.14074724912643433,0.2802411913871765,-0.21249957382678986,0.23166826367378235,0.25251445174217224,0.04623933136463165,0.298901230096817,-0.37975141406059265,-0.12105763703584671,0.10560287535190582,-0.44308093190193176,0.0013680995907634497,-1.056604266166687,0.9129602313041687,0.3804592490196228,-0.6028646230697632,-0.6246617436408997,0.08572305738925934,0.4303935170173645,-0.7036413550376892,-0.18353581428527832,0.7720094323158264,-0.10166484862565994,-0.09893346577882767,-0.5037849545478821,-0.9565303921699524,-0.09754009544849396,-0.0275766309350729,-0.1829918622970581,-0.08542712032794952,0.41921767592430115,0.09086449444293976,0.29331865906715393,0.3019838333129883,-0.5000349283218384,0.4471251666545868,0.27038171887397766,-0.1581055223941803,0.23099595308303833,0.6194195747375488,0.5260578989982605,0.2817304730415344,-0.10336194187402725,0.22290536761283875,-1.1293307542800903,0.12813173234462738,-0.07570227235555649,-0.3708951771259308,0.1588476300239563,0.6617290377616882,0.3994385004043579,0.23573395609855652,0.6776306629180908,-1.013590693473816,-0.5648586750030518,0.29397258162498474,0.8141218423843384,-0.16843010485172272,-0.12464585900306702,0.5795202255249023,-0.09663888067007065,0.09871721267700195,-0.029270097613334656,-0.456074595451355,0.25314974784851074,-0.005744770634919405,-0.1564585417509079,-0.04680076614022255,-0.7226965427398682,0.1222357451915741,1.0256624221801758,-0.5024232268333435,-0.38313814997673035,0.4061959683895111,0.17381329834461212,-0.47697684168815613,0.12190746515989304,0.06842000782489777,0.05334051325917244,0.13540081679821014,0.23462402820587158,-0.4105120301246643,0.11690712720155716,0.1291850507259369,-0.3078738749027252,0.08927195519208908,-0.14286239445209503,-0.06160375475883484,0.15857458114624023,0.7182236909866333,0.033647336065769196,0.1624048501253128,-0.05834793671965599,0.11445942521095276,0.320492148399353,1.095009207725525,-0.03888671472668648,-0.4629754424095154,0.24086757004261017,-0.18627499043941498,0.1717863380908966,0.41864442825317383,0.27115949988365173,-0.0592569075524807,0.11663909256458282,-0.5735504031181335,-0.6358664631843567,0.4301689565181732,0.20807461440563202,-0.12365365028381348,0.4567394554615021,0.5822141170501709,0.28023818135261536,0.19443176686763763,-0.2079639732837677,0.13471877574920654,0.05427892878651619,-0.013007177971303463,0.6594069600105286,1.014085292816162,0.27462515234947205,-0.2199203372001648,-0.25762060284614563,0.3125399947166443,0.2725505530834198,-0.3143188953399658,-0.215049147605896,0.19357140362262726,0.04963589087128639,-0.0795552209019661,-0.17291906476020813,0.3781977593898773,-0.49632182717323303,-0.2770954668521881,-0.21033640205860138,-0.6979784965515137,0.2091042399406433,0.6019594669342041],""gru.bias_ih"":[-0.14085689187049866,-0.1323118805885315,-0.05360866338014603,-0.2157333940267563,0.1268523633480072,-0.032111089676618576,-0.049636147916316986,-0.24707813560962677,-0.4381715953350067,-0.5559567213058472,0.6392289996147156,0.6179351210594177,-0.1293640285730362,0.9328721761703491,-0.11384927481412888,-0.5984855890274048,0.12548114359378815,0.09066106379032135,0.2539843022823334,-0.387813538312912,-0.36928150057792664,0.06899172067642212,0.06120121106505394,-0.10087829828262329],""gru.bias_hh"":[-0.010313945822417736,0.10454193502664566,0.3107927143573761,-0.20195867121219635,-0.34450024366378784,0.18303833901882172,-0.3125564754009247,0.22730733454227448,-0.8448574542999268,-0.302726149559021,0.2530403435230255,0.9328226447105408,-0.2222667634487152,0.9095295667648315,-0.24368275701999664,-0.5088700652122498,0.07578781247138977,-0.015562992542982101,0.36534827947616577,0.040429405868053436,-0.0036672132555395365,-0.10269905626773834,0.33863934874534607,0.2844919264316559],""head.weight"":[-0.6273695826530457,0.9071609377861023,-0.12715893983840942,-0.010590511374175549,0.28958186507225037,-0.04413658753037453,0.031838998198509216,0.8632717132568359],""head.bias"":[0.01635972037911415]}"
840530,SENSORY_SITE,60,4,0.5906380712985992,0.8382772120007758,"{""raw"":[2.465991258621216,0.3688170313835144,-0.18805010616779327,-0.5154106020927429]}"
840530,SENSORY_SITE,120,4,0.5952726066112518,1.665127040001039,"{""raw"":[2.367722272872925,0.746399998664856,-0.15921171009540558,-0.5860365629196167]}"
840530,SENSORY_SITE,240,4,0.587374696135521,3.361915419001434,"{""raw"":[2.23219633102417,1.2534881830215454,-0.07805424183607101,-0.7160420417785645]}"
840530,OUTPUT_SITE,60,4,0.6376894980669021,0.8329975409998269,"{""raw"":[2.1812899112701416,0.6725289821624756,-0.1585984081029892,-0.4335862994194031]}"
840530,OUTPUT_SITE,120,4,0.6354750633239746,1.6689601239999092,"{""raw"":[1.7493586540222168,1.036389946937561,-0.3008583188056946,-0.4136560559272766]}"
840530,OUTPUT_SITE,240,4,0.5513839811086655,3.368488038999317,"{""raw"":[1.189566969871521,1.6299240589141846,-0.29874369502067566,-0.13375627994537354]}"
840530,NO_FEEDBACK,60,4,0.6794902741909027,0.8055082099998572,"{""raw"":[2.206260919570923,0.7068884372711182,-0.10157433897256851,0.11563682556152344]}"
840530,NO_FEEDBACK,120,4,0.6430375456809998,1.6132359609997593,"{""raw"":[1.7575627565383911,1.0472902059555054,-0.13646946847438812,0.1813301146030426]}"
840530,NO_FEEDBACK,240,4,0.6100158095359802,3.2267987129999938,"{""raw"":[1.1514922380447388,1.5405734777450562,-0.003257575910538435,0.3061455488204956]}"
840530,GENERIC_RNN,60,4,0.649052518606186,0.6566863770000282,"{""raw"":[0.5464568138122559,0.6530769467353821,-0.0009777783416211605,0.3212108314037323]}"
840530,GENERIC_RNN,120,4,0.598186981678009,1.3410341219998827,"{""raw"":[0.70891934633255,0.8255624771118164,-0.09396615624427795,0.4090881645679474]}"
840530,GENERIC_RNN,240,4,0.6565747261047363,2.647499793999941,"{""raw"":[0.8298326730728149,1.0686262845993042,-0.08935924619436264,0.3754942715167999]}"
840530,GRU_8,60,321,0.5622137099504471,1.0704801259997794,"{""gru.weight_ih"":[0.4210163652896881,-0.26147884130477905,-0.05319646745920181,-0.45528361201286316,-0.10675155371427536,0.0647137314081192,-0.4630967974662781,0.011410844512283802,-0.21383537352085114,-0.14394265413284302,0.2666364312171936,0.17334386706352234,0.3565743565559387,-0.5974602103233337,0.17915800213813782,0.67050701379776,0.3401767909526825,0.32139381766319275,0.08764484524726868,-0.11830361932516098,-0.21842309832572937,-0.06148674711585045,-0.41317105293273926,0.24098500609397888,-0.426614910364151,0.453095406293869,-0.19968615472316742,0.025506898760795593,-0.6072251200675964,-0.21635612845420837,0.22305886447429657,-0.06932462751865387,-0.20495827496051788,-0.1849968582391739,0.030638957396149635,0.31119537353515625,0.22969602048397064,-0.40935641527175903,-0.6568154692649841,-0.39023497700691223,-0.6547284722328186,0.5005632638931274,0.12311505526304245,-0.7467296123504639,-0.027626510709524155,-0.1684320718050003,-0.040730834007263184,0.4174775183200836,0.039320822805166245,-0.3200125992298126,-0.26322686672210693,-0.455876886844635,0.31132885813713074,-0.2851237654685974,-0.2974679470062256,0.3282807767391205,-0.38975757360458374,-0.09218131005764008,-0.07367891818284988,0.16028788685798645,-0.328203022480011,0.3834596574306488,0.1390874832868576,0.6932490468025208,-0.0004349430091679096,0.0022741053253412247,0.4290504455566406,-0.15273991227149963,-0.008849617093801498,-0.6320969462394714,-0.09867912530899048,0.07822735607624054],""gru.weight_hh"":[0.04379555955529213,-0.3709000051021576,0.35302093625068665,-0.4870125651359558,0.2582704424858093,0.2533916234970093,0.37120187282562256,-0.44563305377960205,-0.17491665482521057,-0.05776509270071983,0.3248584568500519,-0.139281764626503,0.2853580117225647,-0.33925941586494446,0.09499078243970871,-0.16489626467227936,0.14828340709209442,-0.09008868038654327,-0.2564946413040161,0.434074729681015,0.10986021161079407,-0.2319214940071106,-0.2712826430797577,-0.01855081133544445,-0.08419661223888397,0.3056741952896118,0.007461969740688801,0.11927607655525208,0.267544150352478,-0.055210575461387634,0.02270594611763954,-0.4350298047065735,0.25929751992225647,0.19889913499355316,-0.32279542088508606,0.023005973547697067,-0.3262864351272583,0.2863800823688507,0.13617992401123047,-0.2746477723121643,-0.007271251641213894,-0.29522550106048584,-0.13325932621955872,-0.02134595438838005,-0.189979687333107,-0.007622120436280966,-0.35035860538482666,-0.6611210703849792,-0.10103347152471542,0.0939549058675766,-0.28271418809890747,-0.07088463753461838,-0.20860430598258972,0.4914068579673767,0.14797040820121765,-0.20517662167549133,-0.2806076407432556,-0.3626704514026642,0.05506398156285286,-0.15342968702316284,0.10108015686273575,0.37000569701194763,-0.2530738115310669,-0.6290017366409302,0.22531664371490479,-0.19886517524719238,-0.13235731422901154,0.5641074776649475,-0.17005108296871185,-0.2338372766971588,0.22586803138256073,0.18897955119609833,-0.3226989507675171,-0.49044471979141235,-0.22678039968013763,0.6526201963424683,-0.012126147747039795,-0.35319197177886963,-0.5119054913520813,0.45825642347335815,-0.1704339236021042,-0.20829470455646515,-0.09628719836473465,0.27702009677886963,0.2760719954967499,-0.6480727195739746,-0.24035604298114777,0.32895320653915405,0.19162891805171967,-0.19935573637485504,0.24546971917152405,0.06951938569545746,-0.2894262671470642,-0.24302680790424347,0.2628017067909241,0.010824708268046379,-0.06829767674207687,0.47326743602752686,-0.194135382771492,0.24574312567710876,-0.07898978143930435,-0.09368953108787537,-0.43525925278663635,0.5986922979354858,-0.1929328441619873,-0.60198974609375,-0.424214631319046,0.18773575127124786,-0.789342999458313,0.6209269762039185,0.4170532524585724,-0.3257702887058258,-0.41433411836624146,-0.2520999610424042,-0.3781299293041229,0.039786580950021744,0.021826516836881638,-0.2776448130607605,-0.4568203389644623,0.2087860256433487,-0.12391570955514908,-0.5291531682014465,-0.22196322679519653,-0.027620481327176094,-0.8252149820327759,0.5547518134117126,-0.15137071907520294,-0.185719296336174,0.27793943881988525,0.3013646602630615,0.011018255725502968,0.20455743372440338,0.1033996045589447,-0.34393930435180664,-0.30969423055648804,0.49754729866981506,-0.19210763275623322,0.07971135526895523,0.3709791600704193,-0.15163640677928925,-0.16912473738193512,-0.37792468070983887,-0.23106573522090912,0.5057328939437866,-0.07702106237411499,-0.004227872937917709,-0.2256840467453003,-0.08707205951213837,0.023920495063066483,-0.0798824280500412,-0.16313132643699646,0.3394697308540344,0.1804153323173523,-0.40071308612823486,0.26436442136764526,-0.3968847692012787,-0.11535286158323288,0.2003536820411682,0.30367475748062134,-0.07614880055189133,0.11632278561592102,-0.16880889236927032,0.37731075286865234,0.3439507782459259,0.10235176235437393,-0.5136717557907104,-0.1924276053905487,0.16343972086906433,0.45445185899734497,-0.22690479457378387,0.02532244473695755,-0.04712732881307602,-0.09946062415838242,0.1961837112903595,-0.06578633934259415,0.04038429632782936,-0.2745639383792877,0.16243930160999298,-0.40876105427742004,-0.08265435695648193,-0.2662888169288635,0.5579684376716614,0.2756565809249878,-0.08729001134634018,0.023943651467561722,0.22067512571811676,-0.0255746990442276,0.045307621359825134,0.4668750762939453,-0.35706204175949097,-0.19675442576408386,0.6341540217399597],""gru.bias_ih"":[0.2980993688106537,-0.2187867909669876,-0.2828744649887085,0.299307256937027,0.30139103531837463,-0.3768957257270813,0.09448958188295364,-0.013461580500006676,-0.1335391402244568,-0.7927634119987488,-0.6407787799835205,0.3404533267021179,-0.3684256076812744,-0.3019888401031494,-0.5447145700454712,-0.589905858039856,0.32892221212387085,0.2573968172073364,0.35892707109451294,-0.18686987459659576,0.283407062292099,-0.26890525221824646,0.24258357286453247,0.09477940201759338],""gru.bias_hh"":[0.17657193541526794,0.07818318158388138,0.35292068123817444,0.22530382871627808,-0.16242727637290955,0.06657557189464569,-0.35291701555252075,-0.23605987429618835,0.07428810000419617,-0.24771885573863983,-0.3436291217803955,-0.04936744645237923,-0.2254868596792221,-0.08760259300470352,-0.06381186842918396,-0.6442550420761108,-0.25366663932800293,0.31216493248939514,0.37151169776916504,0.09786693751811981,-0.2591140866279602,0.20094938576221466,0.18994298577308655,-0.15635530650615692],""head.weight"":[-0.15153245627880096,-0.12997153401374817,-0.24139510095119476,0.09704490005970001,-0.20527015626430511,0.32298579812049866,0.3591114580631256,-0.522835373878479],""head.bias"":[0.09032773971557617]}"
840530,GRU_8,120,321,0.5783635139465332,2.1297027009995873,"{""gru.weight_ih"":[0.4520837664604187,-0.244624063372612,-0.040220048278570175,-0.579131007194519,-0.4192577600479126,0.2690420150756836,-0.5249704718589783,-0.07175468653440475,-0.11644401401281357,-0.1277008056640625,0.33782270550727844,0.1993364840745926,0.41579028964042664,-0.8841565847396851,0.21557433903217316,0.7887241244316101,0.35375484824180603,0.1646958887577057,0.09925810247659683,-0.35826462507247925,-0.20832177996635437,-0.02890230529010296,-0.6960787773132324,0.25856247544288635,-0.44371578097343445,0.45486247539520264,-0.2896471917629242,-0.032433558255434036,-0.7222640514373779,-0.20570535957813263,0.19476750493049622,-0.12617363035678864,-0.20983116328716278,-0.18384583294391632,0.021178442984819412,0.35962697863578796,0.2100733071565628,-0.5463904738426208,-0.7224600911140442,-0.510908842086792,-0.8861215710639954,0.5776411890983582,0.11107512563467026,-0.8572500348091125,-0.2181546688079834,-0.16698038578033447,-0.14586414396762848,0.34222695231437683,0.004767887759953737,-0.4181049168109894,-0.2949935793876648,-0.5655704736709595,0.31082987785339355,-0.2535102963447571,-0.3551334738731384,0.344462126493454,-0.3876400887966156,-0.07399313151836395,-0.008661966770887375,0.22896115481853485,-0.3984684348106384,0.41420769691467285,0.24136756360530853,0.742911696434021,0.008674529381096363,-0.17352110147476196,0.4774399995803833,-0.12203577905893326,-0.04235295206308365,-0.7151862978935242,-0.15537723898887634,0.130785271525383],""gru.weight_hh"":[0.06724745780229568,-0.3373165428638458,0.39808058738708496,-0.5146424770355225,0.2741124629974365,0.2868441939353943,0.40309661626815796,-0.48479270935058594,-0.21862322092056274,-0.08946455270051956,0.30291032791137695,-0.12596966326236725,0.29106926918029785,-0.26002854108810425,0.120356485247612,-0.24688862264156342,0.1236317902803421,-0.09001515805721283,-0.2558881342411041,0.4405195415019989,0.15282855927944183,-0.26095253229141235,-0.2650989890098572,-0.014980969950556755,-0.09416871517896652,0.3055506646633148,0.008764716796576977,0.12677131593227386,0.27018094062805176,-0.05528641864657402,0.029606396332383156,-0.4559958875179291,0.28894665837287903,0.1440669298171997,-0.3652135729789734,0.007769035175442696,-0.42234885692596436,0.3822120726108551,0.12662163376808167,-0.291571706533432,0.11768621951341629,-0.21270565688610077,-0.034970611333847046,-0.24354566633701324,-0.14075343310832977,0.03645090013742447,-0.3105178475379944,-0.6867457628250122,-0.13398151099681854,0.08096902817487717,-0.28959745168685913,-0.07196497917175293,-0.19792486727237701,0.5007902979850769,0.11755909770727158,-0.17260316014289856,-0.29583701491355896,-0.3660079538822174,0.08828343451023102,-0.18299375474452972,0.13098010420799255,0.4251193404197693,-0.2636895775794983,-0.6198074221611023,0.19234003126621246,-0.28009265661239624,-0.23749573528766632,0.6100563406944275,-0.25118038058280945,-0.29310500621795654,0.1379203200340271,0.2573438286781311,-0.40979617834091187,-0.5944019556045532,-0.3679577708244324,0.7298113107681274,-0.03039914183318615,-0.3303729295730591,-0.758859395980835,0.605094850063324,-0.2796289920806885,-0.3565150201320648,-0.2894759774208069,0.3761610984802246,0.2730109393596649,-0.6775379776954651,-0.43330469727516174,0.4163118898868561,0.22457410395145416,-0.1925181746482849,0.3405156135559082,0.03771868720650673,-0.3804638087749481,-0.21012137830257416,0.32319942116737366,-0.02179575338959694,-0.27839094400405884,0.47935375571250916,-0.2172698676586151,0.341776579618454,0.12251224368810654,-0.2137388437986374,-0.7955614328384399,0.8555389046669006,-0.17014624178409576,-0.7422766089439392,-0.600762128829956,0.11023365706205368,-0.9212954044342041,0.7352085113525391,0.441378116607666,-0.3843187391757965,-0.42896634340286255,-0.1842360645532608,-0.3363295793533325,-0.014536471106112003,0.2767984867095947,-0.3979208469390869,-0.7540315389633179,0.42474251985549927,-0.10445324331521988,-0.6214216351509094,-0.3796465992927551,-0.05358070507645607,-0.9244416952133179,0.5821214318275452,-0.36584267020225525,-0.11262024194002151,0.2731662392616272,0.2930128276348114,-0.0017726542428135872,0.2128428816795349,0.09952421486377716,-0.36176568269729614,-0.3295336663722992,0.5436208844184875,-0.23634551465511322,0.0917087197303772,0.37758371233940125,-0.12141431868076324,-0.10502663254737854,-0.4502401649951935,-0.22560681402683258,0.5239211916923523,-0.1042606383562088,0.0003347907622810453,-0.22500208020210266,-0.06547269970178604,0.06315732002258301,-0.12603236734867096,-0.1647816151380539,0.3665046691894531,0.15895268321037292,-0.40844306349754333,0.25814831256866455,-0.3816673159599304,-0.12260887771844864,0.2119738906621933,0.3173404335975647,-0.11265743523836136,0.0492086298763752,-0.1682462990283966,0.36857154965400696,0.4072868824005127,0.16700759530067444,-0.6011672616004944,-0.19352823495864868,0.19361981749534607,0.6270415782928467,-0.2063184678554535,0.036507848650217056,-0.1730794906616211,-0.1493815779685974,0.1974179446697235,-0.13185231387615204,0.1486719250679016,-0.24130889773368835,0.16421270370483398,-0.4042891561985016,-0.10441278666257858,-0.2916013300418854,0.5825265049934387,0.28112131357192993,-0.10874330997467041,-0.028101827949285507,0.24729570746421814,-0.009433545172214508,0.07472028583288193,0.5794419646263123,-0.46849462389945984,-0.20701271295547485,0.7149695754051208],""gru.bias_ih"":[0.34243878722190857,-0.21835088729858398,-0.2825879454612732,0.3028906583786011,0.2946303188800812,-0.3063020408153534,0.09949064254760742,0.04455384612083435,-0.22312237322330475,-1.004637360572815,-0.8104854226112366,0.4228271543979645,-0.49229609966278076,-0.3365107476711273,-0.7133987545967102,-0.8350039124488831,0.317842036485672,0.2436881810426712,0.35092678666114807,-0.18699097633361816,0.2768581211566925,-0.2816700041294098,0.24368850886821747,0.090655118227005],""gru.bias_hh"":[0.22091148793697357,0.0786190927028656,0.35320720076560974,0.22888725996017456,-0.16918796300888062,0.13716931641101837,-0.3479158282279968,-0.1780444234609604,-0.015295155346393585,-0.45959287881851196,-0.5133360028266907,0.033006440848112106,-0.3493574261665344,-0.1221245750784874,-0.23249587416648865,-0.8893530964851379,-0.26860010623931885,0.31328654289245605,0.36910274624824524,0.09855752438306808,-0.2707531154155731,0.186081200838089,0.1936163753271103,-0.15629936754703522],""head.weight"":[-0.16459816694259644,-0.15586526691913605,-0.2544158101081848,0.10046245157718658,-0.2607625126838684,0.40863028168678284,0.4033786356449127,-0.654505729675293],""head.bias"":[0.09786037355661392]}"
840530,GRU_8,240,321,0.4994015097618103,4.2471810669995875,"{""gru.weight_ih"":[0.4808524250984192,0.006291859317570925,-0.2937503159046173,-0.6399175524711609,-0.6947840452194214,0.1875694990158081,-0.5863306522369385,-0.2651047110557556,-0.12003140151500702,-0.09406014531850815,0.5093326568603516,0.30134502053260803,0.5615664720535278,-1.241703987121582,0.15230947732925415,0.44229263067245483,0.2517929971218109,-0.18171395361423492,0.2378564476966858,-0.7986388206481934,-0.29122394323349,0.13616175949573517,-1.3380720615386963,0.14958477020263672,-0.4394147992134094,0.343269407749176,-0.5906437635421753,-0.005357476882636547,-0.8749481439590454,-0.27825722098350525,0.18885883688926697,-0.18213194608688354,-0.04242948070168495,-0.11857602745294571,-0.15542368590831757,0.19514113664627075,0.5466137528419495,-0.8329595327377319,-0.9169102311134338,-0.5078057050704956,-1.0276689529418945,0.5714268684387207,0.26848530769348145,-1.1718465089797974,-0.771185576915741,-0.0752183124423027,-0.2391090989112854,0.12786374986171722,-0.054718904197216034,-0.28924474120140076,-0.5266889929771423,-0.705386757850647,0.3630226254463196,-0.3337338864803314,-0.41090625524520874,0.3759509325027466,-0.4016411602497101,-0.017195535823702812,-0.07698442786931992,0.509151816368103,-0.4573347866535187,0.32612472772598267,0.4498496949672699,0.7713848948478699,0.09156076610088348,-0.23952201008796692,0.5684912204742432,-0.1128382459282875,-0.10655229538679123,-0.8195624947547913,-0.2484903484582901,0.21301457285881042],""gru.weight_hh"":[0.29138103127479553,0.06989938765764236,0.7553892731666565,-0.7667227387428284,0.6631467938423157,0.05591471865773201,0.4486810564994812,-0.4080982208251953,-0.17187336087226868,-0.07132383435964584,0.3087107539176941,-0.2298821657896042,0.5608116984367371,-0.24995915591716766,-0.031776078045368195,-0.12978783249855042,0.08405505865812302,-0.07892022281885147,-0.24708305299282074,0.4483380615711212,0.277892529964447,-0.4099494516849518,-0.25326836109161377,0.08956467360258102,-0.1368931084871292,0.28936949372291565,-0.0009135759901255369,0.212400883436203,0.2672402262687683,-0.16929024457931519,0.06172032281756401,-0.519953191280365,0.4470827281475067,0.20066159963607788,-0.32066211104393005,-0.2821846008300781,-0.5404382944107056,0.45905163884162903,0.10289308428764343,-0.25150614976882935,0.3875134289264679,0.11063963919878006,0.23742923140525818,-0.7260954976081848,-0.5462743639945984,0.12238240987062454,-0.1708531230688095,-0.5846885442733765,-0.03339869901537895,0.11206023395061493,-0.2680293619632721,-0.157276451587677,-0.07177182286977768,0.4436517655849457,0.009459619410336018,-0.040586959570646286,-0.08774116635322571,-0.22514411807060242,0.23176778852939606,-0.43892988562583923,0.40606650710105896,0.42923644185066223,-0.3962453603744507,-0.44536492228507996,-0.05685887113213539,-0.03469002619385719,0.03317664563655853,0.5635195970535278,0.16246722638607025,-0.6613371968269348,0.30347976088523865,0.5873448848724365,-0.5008872747421265,-0.6371950507164001,-0.3927493095397949,0.8602191805839539,0.32097890973091125,-0.5834373831748962,-0.8868740797042847,0.7864723801612854,-0.32289573550224304,-0.46087753772735596,-0.3904089629650116,0.49703630805015564,0.4270470440387726,-0.6022544503211975,-0.5830512046813965,0.35238686203956604,0.14042219519615173,0.06288149952888489,0.7963938117027283,-0.013741416856646538,-0.4358406662940979,-0.30309003591537476,0.7161023616790771,0.07234453409910202,-0.27624544501304626,0.5626021027565002,-0.14422494173049927,0.21771350502967834,0.7741941809654236,0.08841869235038757,-1.8586550951004028,1.3637828826904297,-0.18583419919013977,-0.826306164264679,-0.7698498368263245,0.16265948116779327,-1.0183149576187134,0.689826250076294,0.4669731855392456,-0.38227924704551697,-0.12893207371234894,0.19668912887573242,0.06406126171350479,-0.4136880040168762,1.1459225416183472,-0.40547168254852295,-1.4401801824569702,1.0178641080856323,-0.0025772051885724068,-0.5963972210884094,-0.46174442768096924,-0.11312726885080338,-0.7984774112701416,0.4341892898082733,-0.6455930471420288,0.062151238322257996,0.4044967293739319,0.31750771403312683,0.005662115756422281,0.0032928837463259697,0.062465179711580276,-0.10417850315570831,-0.4250713288784027,0.6464136838912964,-0.18915127217769623,0.10828488320112228,0.362008273601532,-0.2130448967218399,-0.033614084124565125,-0.3218792676925659,-0.32416585087776184,0.6393440961837769,-0.12206616997718811,0.022313060238957405,-0.20618011057376862,-0.06356783956289291,0.14905360341072083,-0.21150293946266174,-0.16352900862693787,0.4170047342777252,0.014802545309066772,-0.4445173144340515,0.23686006665229797,-0.21321626007556915,-0.08353628218173981,0.10711389034986496,0.3894175887107849,-0.21187743544578552,-0.05056774616241455,-0.17882904410362244,0.3487747609615326,0.5649598836898804,0.31969743967056274,-0.7925145030021667,-0.18663616478443146,0.22510294616222382,0.7608729600906372,-0.21828308701515198,0.035620711743831635,-0.41052156686782837,-0.2992708384990692,0.426108181476593,-0.15268062055110931,0.10974150896072388,-0.22657684981822968,0.17388933897018433,-0.3893166184425354,-0.10019385814666748,-0.34119462966918945,0.5464873909950256,0.31400230526924133,-0.1375325471162796,-0.11723996698856354,0.2390662133693695,-0.018136130645871162,0.1209796667098999,0.8882776498794556,-0.45063143968582153,-0.26759621500968933,0.8185189366340637],""gru.bias_ih"":[0.5003963112831116,-0.2599131762981415,-0.26622191071510315,0.30315345525741577,0.33402642607688904,-0.17344829440116882,0.09486939013004303,0.14778657257556915,0.22750303149223328,-1.0238075256347656,-0.941538393497467,1.2107778787612915,-0.47968554496765137,-0.33589109778404236,-0.659381091594696,-1.1029324531555176,0.2859567403793335,0.17468224465847015,0.349021852016449,-0.17018289864063263,0.24615497887134552,-0.28965601325035095,0.25533151626586914,0.06586205959320068],""gru.bias_hh"":[0.37886911630630493,0.037056781351566315,0.3695732355117798,0.22915016114711761,-0.12979164719581604,0.2700231969356537,-0.3525370657444,-0.07481171190738678,0.435330331325531,-0.4787631630897522,-0.6443889737129211,0.8209570646286011,-0.33674687147140503,-0.12150490283966064,-0.17847834527492523,-1.1572819948196411,-0.3060751259326935,0.25073277950286865,0.37447455525398254,0.11967721581459045,-0.29157841205596924,0.1910194456577301,0.2099645435810089,-0.1726493388414383],""head.weight"":[-0.18639801442623138,-0.19413498044013977,-0.27688291668891907,0.11662659794092178,-0.328464537858963,0.484416663646698,0.4509594738483429,-0.8261451721191406],""head.bias"":[0.10127656161785126]}"
840531,SENSORY_SITE,60,4,0.6209938526153564,0.8379400390001592,"{""raw"":[2.5052363872528076,0.4701884090900421,-0.08450047671794891,-0.4969492256641388]}"
840531,SENSORY_SITE,120,4,0.5699245274066925,1.7048516200002268,"{""raw"":[2.4169082641601562,0.8289329409599304,-0.24731257557868958,-0.5509993433952332]}"
840531,SENSORY_SITE,240,4,0.5435804903507233,3.3630682439996917,"{""raw"":[2.304373025894165,1.4024240970611572,-0.39232906699180603,-0.5661184787750244]}"
840531,OUTPUT_SITE,60,4,0.5772979617118835,0.844563166999933,"{""raw"":[2.2035863399505615,0.7087008953094482,0.1158965602517128,-0.4601084887981415]}"
840531,OUTPUT_SITE,120,4,0.6522906720638275,1.675656917999845,"{""raw"":[1.7208961248397827,1.0887356996536255,0.36571553349494934,-0.37073731422424316]}"
840531,OUTPUT_SITE,240,4,0.5794003784656525,3.3451522929985913,"{""raw"":[1.1953952312469482,1.7235996723175049,0.3342994451522827,0.07145959883928299]}"
840531,NO_FEEDBACK,60,4,0.6066646695137023,0.8062623369995663,"{""raw"":[2.2172954082489014,0.6850144863128662,0.0012984481872990727,0.013560169376432896]}"
840531,NO_FEEDBACK,120,4,0.5770967245101929,1.6367831719998094,"{""raw"":[1.7900325059890747,1.0575722455978394,-0.14151565730571747,0.2387908697128296]}"
840531,NO_FEEDBACK,240,4,0.5926190376281738,3.2380638859999635,"{""raw"":[1.2987691164016724,1.6540178060531616,-0.0522618405520916,0.3725767433643341]}"
840531,GENERIC_RNN,60,4,0.6878552377223969,0.6501809539997794,"{""raw"":[0.5706624984741211,0.6562888026237488,-0.052606239914894104,0.35315239429473877]}"
840531,GENERIC_RNN,120,4,0.5674380630254745,1.3045562010000822,"{""raw"":[0.7621197700500488,0.8362404108047485,-0.07484427839517593,0.47807517647743225]}"
840531,GENERIC_RNN,240,4,0.6110412001609802,2.6303976180000745,"{""raw"":[0.8417934775352478,1.1304287910461426,-0.10426953434944153,0.4012981951236725]}"
840531,GRU_8,60,321,0.5785908043384552,1.0615827109999145,"{""gru.weight_ih"":[-0.10369931161403656,0.04187473654747009,-0.09439737349748611,-0.11188852787017822,0.2513624131679535,-0.08272051811218262,-0.17350155115127563,-0.5771471261978149,-0.13558033108711243,-0.10089891403913498,0.06506851315498352,-0.009668514132499695,-0.13414616882801056,-0.4009604752063751,-0.10355602204799652,-0.08535107970237732,0.0835430845618248,0.1383112221956253,0.1062975823879242,-0.004391200840473175,-0.5691489577293396,-0.3568366765975952,-0.20555315911769867,0.1613422930240631,0.1319759637117386,-0.3797701299190521,0.00034360482823103666,0.5664461851119995,-0.5588874816894531,-0.5704209208488464,0.11823483556509018,-0.22650745511054993,0.09938918799161911,0.03615977242588997,-0.18102265894412994,-0.2596905827522278,-0.4253261089324951,0.013800282962620258,0.15062201023101807,0.23359081149101257,-0.7228823304176331,-0.3048810660839081,0.13076908886432648,0.07834760844707489,-0.3648947775363922,-0.11394137889146805,0.39244163036346436,0.360576868057251,0.526319682598114,0.007403089199215174,0.038730476051568985,0.484022319316864,-0.2464883178472519,-0.017261719331145287,0.32823508977890015,0.14067411422729492,0.16520436108112335,0.6213094592094421,-0.07506163418292999,0.16723349690437317,-0.07136133313179016,-0.36483141779899597,-0.25280115008354187,0.49902963638305664,-0.01492818258702755,0.20946601033210754,0.50789874792099,-0.2087908238172531,0.13730254769325256,-0.1792156845331192,-0.07826875150203705,-0.2613152265548706],""gru.weight_hh"":[-0.1661214679479599,0.03101963736116886,0.023719273507595062,-0.058674346655607224,-0.05513649806380272,-0.331566721200943,-0.3895120918750763,-0.15082433819770813,-0.2088504582643509,-0.04785662889480591,-0.06467645615339279,0.06659006327390671,0.23517730832099915,-0.11897774040699005,-0.48603999614715576,-0.13745731115341187,-0.33526644110679626,-0.058686163276433945,0.25750893354415894,-0.20345918834209442,0.096866175532341,0.2508780360221863,0.2276696115732193,0.10072822123765945,0.49340835213661194,0.07922399789094925,-0.06832548975944519,-0.2060532122850418,0.18685182929039001,-0.1612432450056076,-0.09242889285087585,-0.23536202311515808,0.30043500661849976,0.2082231342792511,0.05116350203752518,-0.049918048083782196,0.5511565804481506,0.2433411180973053,0.22687171399593353,-0.11274147778749466,-0.031059011816978455,0.011515162885189056,-0.22941233217716217,0.017314305528998375,-0.17138104140758514,0.013354540802538395,-0.4264237582683563,-0.03178835287690163,-0.3886704444885254,-0.26595231890678406,-0.4439558684825897,-0.5974112749099731,-0.2327447235584259,-0.46096622943878174,0.19416022300720215,0.2681901752948761,0.2646825909614563,-0.3282112777233124,-0.18320849537849426,0.13577157258987427,-0.11817268282175064,-0.027508558705449104,-0.49293553829193115,0.031807299703359604,0.6923548579216003,-0.1699167639017105,0.004891574382781982,-0.5517898797988892,0.6446628570556641,-0.260412335395813,-0.3768216371536255,-0.18607719242572784,0.15843963623046875,-0.49081799387931824,-0.9143961071968079,-0.7183129787445068,0.06357501447200775,-0.6385056972503662,-0.3741048276424408,-0.23047508299350739,0.6264551877975464,0.07402867078781128,-0.208716481924057,0.2177046537399292,0.19936609268188477,-0.035892780870199203,0.2836129665374756,-0.29191941022872925,0.006055128760635853,-0.5029866099357605,-0.48339587450027466,-0.28887829184532166,0.2590254843235016,-0.335943341255188,-0.7433468103408813,-0.38985711336135864,0.0886547863483429,0.5347180962562561,0.38761106133461,0.3763783276081085,0.16200199723243713,-0.017383594065904617,0.385092169046402,-0.10399433970451355,0.11843452602624893,-0.1750836819410324,-0.6787499785423279,-0.3600361943244934,0.2170732319355011,-0.3913710117340088,-0.38765329122543335,-0.814806342124939,0.5469234585762024,-0.0037668016739189625,-0.23410417139530182,-0.29572606086730957,0.4482666552066803,-0.16785189509391785,-0.5354983806610107,-0.5837472081184387,-0.1394020915031433,0.5082963109016418,0.500792920589447,0.39129960536956787,-0.08384174108505249,0.1002165824174881,-0.14172644913196564,0.005088150501251221,0.2713963985443115,0.3141201138496399,-0.11958595365285873,-0.09838730096817017,0.3339499235153198,0.4771776497364044,0.0674639493227005,-0.21371009945869446,-0.09851358830928802,0.2608799338340759,-0.1628267765045166,0.3362901210784912,0.18194423615932465,0.15434066951274872,-0.1539263278245926,-0.028965294361114502,0.21465906500816345,0.503207802772522,0.07199777662754059,0.35810375213623047,0.08542925119400024,0.5495188236236572,0.3889279067516327,-0.0976971983909607,-0.12031978368759155,0.19633997976779938,-0.18918433785438538,-0.06842951476573944,-0.16131484508514404,-0.09758026897907257,0.058361101895570755,0.056423332542181015,0.24175991117954254,0.0444696880877018,-0.1491064876317978,-0.24795135855674744,0.2882538139820099,0.12855418026447296,-0.07351783663034439,-0.1957506537437439,0.2263871431350708,-0.1381605863571167,-0.1158352941274643,0.06953105330467224,-0.01888067089021206,0.38704147934913635,0.28608793020248413,0.3833954334259033,0.029763583093881607,0.6543142199516296,-0.10497751832008362,0.25784802436828613,-0.1313765048980713,0.186201810836792,0.04321267828345299,0.1300714910030365,0.20499101281166077,0.06595326215028763,-0.02400495857000351,0.0444670133292675,0.06278505176305771,0.10843445360660553,-0.46332940459251404,-0.2608843743801117],""gru.bias_ih"":[-0.36996009945869446,0.22150523960590363,0.2187783271074295,0.04892180860042572,-0.25017279386520386,0.264652281999588,0.0948336124420166,0.23765835165977478,-0.46411770582199097,0.0012584499781951308,-0.49027878046035767,-0.6591671705245972,0.5010397434234619,-0.2687349319458008,-0.32076096534729004,-0.2046535164117813,-0.2694942355155945,0.1799173355102539,-0.05890611559152603,0.15647059679031372,-0.31454208493232727,0.169684499502182,0.06322111189365387,0.17805080115795135],""gru.bias_hh"":[-0.022143077105283737,-0.1425626128911972,0.06303331255912781,-0.4734465777873993,0.1235237792134285,-0.21779893338680267,0.21289651095867157,-0.19155773520469666,-0.2003178894519806,0.03641771897673607,-0.4170054793357849,-0.14559556543827057,0.10278315842151642,-0.3037804663181305,-0.7482513189315796,0.33064937591552734,-0.10229281336069107,-0.1812242567539215,0.33639955520629883,-0.06774477660655975,0.3267008662223816,-0.2054743617773056,-0.07877301424741745,0.3569587171077728],""head.weight"":[0.1572992205619812,0.3865739703178406,0.1530657410621643,0.2635740041732788,-0.25341156125068665,0.5231770277023315,0.3137478232383728,-0.16973242163658142],""head.bias"":[-0.025200292468070984]}"
840531,GRU_8,120,321,0.5485981225967407,2.1180461710001737,"{""gru.weight_ih"":[-0.1369936168193817,-0.16371239721775055,-0.008692109026014805,-0.15992829203605652,0.14514492452144623,-0.011223693378269672,0.06309111416339874,-1.1707159280776978,-0.31880125403404236,-0.12560376524925232,0.3276974856853485,-0.10945701599121094,-0.1767888367176056,-0.5625305771827698,-0.31122756004333496,-0.0958314836025238,-0.25692257285118103,0.20672038197517395,0.39736804366111755,-0.4953671097755432,-0.6479754447937012,-0.3984326124191284,-0.02720015123486519,0.046645451337099075,0.07803543657064438,-0.5109744071960449,0.3402104675769806,0.6570734977722168,-0.7500219345092773,-0.7312429547309875,0.1284043788909912,-0.37657350301742554,0.1147206649184227,0.06501540541648865,-0.31376415491104126,-0.4889889061450958,-0.47926202416419983,-0.026334987953305244,0.23881122469902039,0.1560942828655243,-0.9207285642623901,-0.35781851410865784,0.11609451472759247,-0.07008260488510132,-0.2799111008644104,-0.13601559400558472,0.30894914269447327,0.6555397510528564,0.597249448299408,0.04602079093456268,0.03358307480812073,0.546299159526825,-0.11627905070781708,-0.19024981558322906,0.5055223107337952,-0.07167172431945801,0.18061910569667816,0.6660165190696716,0.08485457301139832,0.06837405264377594,-0.10006682574748993,-0.4553638696670532,-0.23693789541721344,0.5927319526672363,0.08646413683891296,0.10608471930027008,0.6618592739105225,-0.16499607264995575,0.09319206327199936,-0.21789973974227905,0.07399388402700424,-0.37111642956733704],""gru.weight_hh"":[-0.1523997038602829,0.014123296365141869,0.05425786226987839,-0.055889423936605453,-0.043770745396614075,-0.27689048647880554,-0.33308517932891846,-0.1686811000108719,-0.1957322508096695,-0.05934953689575195,-0.07517874985933304,0.04501531645655632,0.27801787853240967,-0.14704932272434235,-0.4533710479736328,-0.18409627676010132,-0.36151501536369324,-0.27280715107917786,0.14786632359027863,-0.3233424425125122,0.12998636066913605,0.0634331926703453,0.044240228831768036,0.1149316132068634,0.44350454211235046,0.054954081773757935,-0.17124071717262268,-0.21663625538349152,0.1643943041563034,-0.21476057171821594,-0.15631264448165894,-0.13916750252246857,0.26235127449035645,0.09293287992477417,-0.04757637903094292,-0.09310679137706757,0.6348128914833069,0.12393394112586975,0.13509175181388855,-0.07407710701227188,-0.006095139309763908,-0.029749710112810135,-0.1886690855026245,0.003126027062535286,-0.14288893342018127,0.036347489804029465,-0.3632461726665497,-0.06353393197059631,-0.3145599067211151,-0.3472946286201477,-0.4852277934551239,-0.6066687703132629,-0.23268549144268036,-0.4363521337509155,0.18667344748973846,0.34637704491615295,0.24454079568386078,-0.3352530896663666,-0.21089741587638855,0.12775592505931854,-0.13258400559425354,-0.09204694628715515,-0.5729677677154541,0.05043618008494377,1.0004839897155762,-0.00011311238631606102,0.3773749768733978,-0.4026753008365631,0.561202347278595,0.01519223116338253,-0.12291625142097473,-0.41568422317504883,0.1333930939435959,-0.7483912110328674,-1.021202564239502,-0.957974374294281,0.36606454849243164,-0.7511672973632812,-0.5400916337966919,-0.21391944587230682,0.8766912221908569,0.22520102560520172,-0.429338663816452,0.10795852541923523,0.5174816846847534,-0.11934472620487213,0.2559570372104645,-0.5413581132888794,-0.08300407975912094,-0.7947472333908081,-0.6705776453018188,-0.5240504145622253,0.4920477569103241,-0.5381379723548889,-0.9634442329406738,-0.34444305300712585,0.15906260907649994,0.6798274517059326,0.3671833276748657,0.4429011940956116,0.1877424269914627,0.05580832436680794,0.4374502897262573,-0.10413682460784912,0.1956561803817749,-0.35528111457824707,-0.7552323341369629,-0.5476856827735901,0.4194174110889435,-0.4772781431674957,-0.5060125589370728,-0.8848031759262085,0.8108235001564026,-0.023953724652528763,-0.20754608511924744,-0.37882786989212036,0.685563325881958,-0.14954306185245514,-0.49790769815444946,-0.8452565670013428,0.04328553006052971,0.679234504699707,0.5670201182365417,0.3548477292060852,0.1121692955493927,0.12113238871097565,0.05552932247519493,-0.21797600388526917,0.27433615922927856,0.3666015863418579,-0.11604722589254379,-0.07571827620267868,0.3029763102531433,0.5175782442092896,0.10033069550991058,-0.1988162398338318,-0.14061301946640015,0.20880334079265594,-0.23518382012844086,0.31890255212783813,0.1291055530309677,0.06777317076921463,-0.31646570563316345,0.043447259813547134,0.2232590913772583,0.6196242570877075,0.11801966279745102,0.4131062626838684,0.01700361631810665,0.6242415308952332,0.47546762228012085,-0.09559253603219986,-0.13481071591377258,0.22278794646263123,-0.21195267140865326,-0.05883185192942619,-0.20086896419525146,-0.10797861963510513,0.007713723927736282,0.09010090678930283,0.2394227832555771,0.012326162308454514,-0.15135347843170166,-0.25846338272094727,0.3010420501232147,0.09829456359148026,-0.09480315446853638,-0.19762267172336578,0.21368034183979034,-0.07967712730169296,-0.1451827883720398,0.09135277569293976,-0.07908361405134201,0.3840045928955078,0.24480897188186646,0.426774263381958,0.007766989059746265,0.8131555914878845,-0.10571873188018799,0.34759321808815,-0.259833425283432,0.2279886156320572,0.07090166956186295,0.19018974900245667,0.18873053789138794,0.06107757240533829,-0.051665131002664566,0.03834332153201103,0.05243238806724548,0.05024946108460426,-0.5327761173248291,-0.24207782745361328],""gru.bias_ih"":[-0.3719504475593567,0.19269251823425293,0.20946215093135834,0.08786636590957642,-0.22339503467082977,0.26079049706459045,0.1669156551361084,0.24652661383152008,-0.5774257183074951,-0.010776150971651077,-0.8221395015716553,-0.68382728099823,0.4680950939655304,-0.37836501002311707,-0.5706977844238281,-0.4005570113658905,-0.26060375571250916,0.21178992092609406,-0.06931199133396149,0.17431433498859406,-0.31524068117141724,0.18269677460193634,0.0772402212023735,0.18521007895469666],""gru.bias_hh"":[-0.024133507162332535,-0.1713753342628479,0.05371708795428276,-0.43450209498405457,0.1503015011548996,-0.22166073322296143,0.2849785387516022,-0.18268947303295135,-0.31362584233283997,0.024383118376135826,-0.7488662004470825,-0.17025545239448547,0.06983856111764908,-0.41341057419776917,-0.9981883764266968,0.13474592566490173,-0.09735868871212006,-0.14698141813278198,0.33178508281707764,-0.05490503087639809,0.3288029432296753,-0.19227905571460724,-0.05599286034703255,0.36613520979881287],""head.weight"":[0.17263643443584442,0.459636390209198,0.20887865126132965,0.30287083983421326,-0.2681751847267151,0.6397579908370972,0.45053112506866455,-0.17910629510879517],""head.bias"":[-0.025744395330548286]}"
840531,GRU_8,240,321,0.5070191830396652,4.248401586998739,"{""gru.weight_ih"":[-0.2125438004732132,-0.4064250588417053,0.3806965947151184,-0.1633048951625824,0.36845213174819946,-0.01833290234208107,0.22757650911808014,-1.685518503189087,-0.3571702241897583,-0.12873539328575134,0.5287961959838867,-0.07663733512163162,-0.2570478916168213,-0.8039703369140625,-0.5133580565452576,-0.11405918002128601,-0.8550112843513489,0.48936599493026733,0.3454015552997589,-1.2982341051101685,-0.646946907043457,-0.44486135244369507,0.2234410047531128,-0.17789915204048157,-0.3159223198890686,-0.9844003319740295,0.8284837603569031,0.7090572118759155,-0.9286922216415405,-0.7256889939308167,0.2163054347038269,-0.5383024215698242,0.033255405724048615,0.0615658164024353,-0.4257230758666992,-0.6100998520851135,-0.5463550686836243,-0.08476129174232483,0.10259939730167389,-0.08614901453256607,-1.1432238817214966,-0.40173229575157166,0.06350284069776535,-0.23503613471984863,-0.038248952478170395,-0.15393181145191193,-0.08627628535032272,1.021409511566162,0.7334436774253845,0.08858367055654526,-0.30776485800743103,0.5907724499702454,-0.17857255041599274,-0.22974024713039398,0.7022704482078552,-0.34849151968955994,0.15559205412864685,0.718468964099884,0.10256334394216537,0.052062682807445526,-0.13324610888957977,-0.5353509187698364,-0.17610792815685272,0.658766508102417,0.010389339178800583,0.03018154203891754,0.826626181602478,-0.32141751050949097,0.042836856096982956,-0.27297261357307434,0.22031357884407043,-0.7148830890655518],""gru.weight_hh"":[-0.15688492357730865,0.018115291371941566,0.2413153350353241,-0.00447690486907959,-0.09106772392988205,-0.15578554570674896,-0.10125450044870377,-0.25957414507865906,-0.3118598461151123,0.02705446630716324,-0.15626157820224762,0.1701543629169464,0.2547515034675598,-0.30630770325660706,-0.5447599291801453,-0.4146236181259155,-0.2675532400608063,-0.5539699196815491,0.21184350550174713,-0.48342186212539673,0.07892589271068573,-0.06413088738918304,-0.09593281149864197,-0.09566657990217209,0.39138200879096985,0.15068919956684113,-0.17551212012767792,0.00010895682498812675,0.12227803468704224,-0.10093721002340317,-0.07347725331783295,-0.15197212994098663,0.21305978298187256,-0.05934450030326843,-0.18964174389839172,-0.18711638450622559,0.7248435020446777,-0.027503766119480133,-0.006251545622944832,0.012195101007819176,-0.09255756437778473,0.05713583901524544,0.08608517795801163,0.09326934814453125,-0.2884511649608612,0.03478548303246498,-0.11707281321287155,-0.032652828842401505,0.11270647495985031,-0.2577601671218872,-0.41210034489631653,-0.5649038553237915,-0.2276928871870041,-0.2054223269224167,0.3918248116970062,0.729008674621582,0.18893827497959137,-0.2582706809043884,-0.33249691128730774,0.16895729303359985,-0.21148592233657837,-0.15189123153686523,-0.7359762787818909,0.1256830245256424,2.015230894088745,0.23404264450073242,1.0088716745376587,-0.34328311681747437,0.3691307306289673,0.5165978074073792,0.4452943503856659,-0.3283609449863434,0.2219984233379364,-0.8417261242866516,-1.074280858039856,-1.115393042564392,0.6925318241119385,-0.7656469345092773,-0.5832695364952087,-0.18670779466629028,0.8673824071884155,0.27009621262550354,-0.5019655823707581,-0.17617614567279816,0.7166467308998108,-0.3677583932876587,0.17326004803180695,-0.5802702307701111,-0.09582832455635071,-1.0107905864715576,-0.8239848017692566,-0.7047779560089111,0.4757497310638428,-0.5905091762542725,-1.122656226158142,-0.172251895070076,0.40979161858558655,0.8500656485557556,0.25769731402397156,0.5397375226020813,0.13607940077781677,0.29861706495285034,0.4525894224643707,0.1542070358991623,0.29110246896743774,-0.5478441119194031,-0.7973423600196838,-0.8039041757583618,0.5330547094345093,-0.5510932803153992,-0.6227490305900574,-0.829268753528595,1.0645939111709595,0.04487881064414978,0.033856891095638275,-0.3957088589668274,0.7346551418304443,-0.009465677663683891,-0.31779882311820984,-1.0742690563201904,-0.6377013921737671,1.4176839590072632,0.7392579913139343,0.5003016591072083,-0.053754791617393494,-0.09229962527751923,0.529420018196106,0.30971378087997437,0.3301667273044586,0.4152400493621826,-0.3084501028060913,-0.12766782939434052,0.3708043694496155,0.4575269818305969,-0.023899104446172714,-0.08138564229011536,-0.10940492898225784,0.15522992610931396,-0.25302791595458984,0.28949040174484253,0.12389639765024185,0.19537073373794556,-0.28006479144096375,0.17717446386814117,0.1965143084526062,0.6797813177108765,0.30036869645118713,0.49996301531791687,-0.0967179611325264,0.6182594895362854,0.5315013527870178,-0.21637463569641113,-0.11666097491979599,0.21710120141506195,-0.18974041938781738,-0.06418443471193314,-0.2301914393901825,0.02392023615539074,0.08834931254386902,0.18011610209941864,0.23522312939167023,-0.042796213179826736,-0.15558083355426788,-0.28447359800338745,0.32477742433547974,0.0017523954156786203,-0.15763399004936218,-0.21303986012935638,0.3331521451473236,-0.016786929219961166,-0.17221754789352417,0.06907051801681519,-0.08240944147109985,0.6028264760971069,0.3451544940471649,0.5985066890716553,0.13578958809375763,0.9128825068473816,-0.08514404296875,0.4055320918560028,-0.34262433648109436,0.45345601439476013,0.1908712387084961,0.2973199188709259,0.14618097245693207,0.12860138714313507,-0.22140184044837952,0.05476906895637512,0.02493075281381607,-0.061137378215789795,-0.6871935725212097,-0.14069101214408875],""gru.bias_ih"":[-0.33519667387008667,0.17818735539913177,0.1839555948972702,0.10717824846506119,-0.1662198007106781,0.43467098474502563,0.2380460947751999,0.24236765503883362,-0.6170036792755127,-0.0733335018157959,-0.9940499663352966,-0.6588840484619141,0.41732752323150635,-0.418741375207901,-0.7405458092689514,-0.030691497027873993,-0.3137889504432678,0.20799046754837036,-0.07366818934679031,0.17035749554634094,-0.3106973171234131,0.13262224197387695,0.0009850598871707916,0.17337384819984436],""gru.bias_hh"":[0.012620216235518456,-0.18588049709796906,0.028210483491420746,-0.415190190076828,0.20747673511505127,-0.04778019338846207,0.3561089038848877,-0.18684843182563782,-0.3532033860683441,-0.03817427158355713,-0.9207766652107239,-0.14531244337558746,0.019071005284786224,-0.4537869393825531,-1.1680365800857544,0.5046112537384033,-0.16130957007408142,-0.16349664330482483,0.3647213876247406,-0.06490060687065125,0.33629757165908813,-0.2444033920764923,-0.10990609973669052,0.3667067289352417],""head.weight"":[0.20353922247886658,0.5019015669822693,0.28344884514808655,0.32272082567214966,-0.27438873052597046,0.7832737565040588,0.612949550151825,-0.1796487271785736],""head.bias"":[-0.03367235139012337]}"
