seed,delay,arm,block_start_step,block_end_step,mean_realized_reward
30,1,ELIGIBILITY_TRACE_32,0,500,0.524
30,1,EXACT_FIFO_32,0,500,0.52
30,1,EXACT_FIFO_128,0,500,0.52
30,1,EXACT_FIFO_512,0,500,0.52
30,1,EXACT_FIFO_2048,0,500,0.52
30,1,NO_TRACE_CURRENT_32,0,500,0.52
30,1,EXACT_REPLAY,0,500,0.52
30,1,ELIGIBILITY_TRACE_32,500,1000,0.482
30,1,EXACT_FIFO_32,500,1000,0.48
30,1,EXACT_FIFO_128,500,1000,0.48
30,1,EXACT_FIFO_512,500,1000,0.48
30,1,EXACT_FIFO_2048,500,1000,0.48
30,1,NO_TRACE_CURRENT_32,500,1000,0.482
30,1,EXACT_REPLAY,500,1000,0.48
30,1,ELIGIBILITY_TRACE_32,1000,1500,0.498
30,1,EXACT_FIFO_32,1000,1500,0.5
30,1,EXACT_FIFO_128,1000,1500,0.5
30,1,EXACT_FIFO_512,1000,1500,0.5
30,1,EXACT_FIFO_2048,1000,1500,0.5
30,1,NO_TRACE_CURRENT_32,1000,1500,0.498
30,1,EXACT_REPLAY,1000,1500,0.5
30,1,ELIGIBILITY_TRACE_32,1500,2000,0.512
30,1,EXACT_FIFO_32,1500,2000,0.52
30,1,EXACT_FIFO_128,1500,2000,0.52
30,1,EXACT_FIFO_512,1500,2000,0.52
30,1,EXACT_FIFO_2048,1500,2000,0.52
30,1,NO_TRACE_CURRENT_32,1500,2000,0.514
30,1,EXACT_REPLAY,1500,2000,0.52
30,1,ELIGIBILITY_TRACE_32,2000,2500,0.482
30,1,EXACT_FIFO_32,2000,2500,0.494
30,1,EXACT_FIFO_128,2000,2500,0.494
30,1,EXACT_FIFO_512,2000,2500,0.494
30,1,EXACT_FIFO_2048,2000,2500,0.494
30,1,NO_TRACE_CURRENT_32,2000,2500,0.48
30,1,EXACT_REPLAY,2000,2500,0.494
30,1,ELIGIBILITY_TRACE_32,2500,3000,0.546
30,1,EXACT_FIFO_32,2500,3000,0.564
30,1,EXACT_FIFO_128,2500,3000,0.564
30,1,EXACT_FIFO_512,2500,3000,0.564
30,1,EXACT_FIFO_2048,2500,3000,0.564
30,1,NO_TRACE_CURRENT_32,2500,3000,0.544
30,1,EXACT_REPLAY,2500,3000,0.564
30,1,ELIGIBILITY_TRACE_32,3000,3500,0.486
30,1,EXACT_FIFO_32,3000,3500,0.506
30,1,EXACT_FIFO_128,3000,3500,0.506
30,1,EXACT_FIFO_512,3000,3500,0.506
30,1,EXACT_FIFO_2048,3000,3500,0.506
30,1,NO_TRACE_CURRENT_32,3000,3500,0.488
30,1,EXACT_REPLAY,3000,3500,0.506
30,1,ELIGIBILITY_TRACE_32,3500,4000,0.482
30,1,EXACT_FIFO_32,3500,4000,0.514
30,1,EXACT_FIFO_128,3500,4000,0.514
30,1,EXACT_FIFO_512,3500,4000,0.514
30,1,EXACT_FIFO_2048,3500,4000,0.514
30,1,NO_TRACE_CURRENT_32,3500,4000,0.482
30,1,EXACT_REPLAY,3500,4000,0.514
30,1,ELIGIBILITY_TRACE_32,4000,4500,0.522
30,1,EXACT_FIFO_32,4000,4500,0.546
30,1,EXACT_FIFO_128,4000,4500,0.546
30,1,EXACT_FIFO_512,4000,4500,0.546
30,1,EXACT_FIFO_2048,4000,4500,0.546
30,1,NO_TRACE_CURRENT_32,4000,4500,0.512
30,1,EXACT_REPLAY,4000,4500,0.546
30,1,ELIGIBILITY_TRACE_32,4500,5000,0.53
30,1,EXACT_FIFO_32,4500,5000,0.55
30,1,EXACT_FIFO_128,4500,5000,0.55
30,1,EXACT_FIFO_512,4500,5000,0.55
30,1,EXACT_FIFO_2048,4500,5000,0.55
30,1,NO_TRACE_CURRENT_32,4500,5000,0.518
30,1,EXACT_REPLAY,4500,5000,0.55
30,1,ELIGIBILITY_TRACE_32,5000,5500,0.504
30,1,EXACT_FIFO_32,5000,5500,0.52
30,1,EXACT_FIFO_128,5000,5500,0.52
30,1,EXACT_FIFO_512,5000,5500,0.52
30,1,EXACT_FIFO_2048,5000,5500,0.52
30,1,NO_TRACE_CURRENT_32,5000,5500,0.486
30,1,EXACT_REPLAY,5000,5500,0.52
30,1,ELIGIBILITY_TRACE_32,5500,6000,0.51
30,1,EXACT_FIFO_32,5500,6000,0.54
30,1,EXACT_FIFO_128,5500,6000,0.54
30,1,EXACT_FIFO_512,5500,6000,0.54
30,1,EXACT_FIFO_2048,5500,6000,0.54
30,1,NO_TRACE_CURRENT_32,5500,6000,0.498
30,1,EXACT_REPLAY,5500,6000,0.54
30,4,ELIGIBILITY_TRACE_32,0,500,0.522
30,4,EXACT_FIFO_32,0,500,0.526
30,4,EXACT_FIFO_128,0,500,0.52
30,4,EXACT_FIFO_512,0,500,0.52
30,4,EXACT_FIFO_2048,0,500,0.52
30,4,NO_TRACE_CURRENT_32,0,500,0.524
30,4,EXACT_REPLAY,0,500,0.52
30,4,ELIGIBILITY_TRACE_32,500,1000,0.48
30,4,EXACT_FIFO_32,500,1000,0.48
30,4,EXACT_FIFO_128,500,1000,0.48
30,4,EXACT_FIFO_512,500,1000,0.48
30,4,EXACT_FIFO_2048,500,1000,0.48
30,4,NO_TRACE_CURRENT_32,500,1000,0.48
30,4,EXACT_REPLAY,500,1000,0.48
30,4,ELIGIBILITY_TRACE_32,1000,1500,0.498
30,4,EXACT_FIFO_32,1000,1500,0.496
30,4,EXACT_FIFO_128,1000,1500,0.5
30,4,EXACT_FIFO_512,1000,1500,0.5
30,4,EXACT_FIFO_2048,1000,1500,0.5
30,4,NO_TRACE_CURRENT_32,1000,1500,0.49
30,4,EXACT_REPLAY,1000,1500,0.5
30,4,ELIGIBILITY_TRACE_32,1500,2000,0.512
30,4,EXACT_FIFO_32,1500,2000,0.51
30,4,EXACT_FIFO_128,1500,2000,0.52
30,4,EXACT_FIFO_512,1500,2000,0.52
30,4,EXACT_FIFO_2048,1500,2000,0.52
30,4,NO_TRACE_CURRENT_32,1500,2000,0.51
30,4,EXACT_REPLAY,1500,2000,0.52
30,4,ELIGIBILITY_TRACE_32,2000,2500,0.482
30,4,EXACT_FIFO_32,2000,2500,0.478
30,4,EXACT_FIFO_128,2000,2500,0.494
30,4,EXACT_FIFO_512,2000,2500,0.494
30,4,EXACT_FIFO_2048,2000,2500,0.494
30,4,NO_TRACE_CURRENT_32,2000,2500,0.48
30,4,EXACT_REPLAY,2000,2500,0.494
30,4,ELIGIBILITY_TRACE_32,2500,3000,0.544
30,4,EXACT_FIFO_32,2500,3000,0.538
30,4,EXACT_FIFO_128,2500,3000,0.564
30,4,EXACT_FIFO_512,2500,3000,0.564
30,4,EXACT_FIFO_2048,2500,3000,0.564
30,4,NO_TRACE_CURRENT_32,2500,3000,0.54
30,4,EXACT_REPLAY,2500,3000,0.564
30,4,ELIGIBILITY_TRACE_32,3000,3500,0.488
30,4,EXACT_FIFO_32,3000,3500,0.488
30,4,EXACT_FIFO_128,3000,3500,0.506
30,4,EXACT_FIFO_512,3000,3500,0.506
30,4,EXACT_FIFO_2048,3000,3500,0.506
30,4,NO_TRACE_CURRENT_32,3000,3500,0.488
30,4,EXACT_REPLAY,3000,3500,0.506
30,4,ELIGIBILITY_TRACE_32,3500,4000,0.482
30,4,EXACT_FIFO_32,3500,4000,0.484
30,4,EXACT_FIFO_128,3500,4000,0.514
30,4,EXACT_FIFO_512,3500,4000,0.514
30,4,EXACT_FIFO_2048,3500,4000,0.514
30,4,NO_TRACE_CURRENT_32,3500,4000,0.482
30,4,EXACT_REPLAY,3500,4000,0.514
30,4,ELIGIBILITY_TRACE_32,4000,4500,0.522
30,4,EXACT_FIFO_32,4000,4500,0.512
30,4,EXACT_FIFO_128,4000,4500,0.546
30,4,EXACT_FIFO_512,4000,4500,0.546
30,4,EXACT_FIFO_2048,4000,4500,0.546
30,4,NO_TRACE_CURRENT_32,4000,4500,0.518
30,4,EXACT_REPLAY,4000,4500,0.546
30,4,ELIGIBILITY_TRACE_32,4500,5000,0.534
30,4,EXACT_FIFO_32,4500,5000,0.522
30,4,EXACT_FIFO_128,4500,5000,0.548
30,4,EXACT_FIFO_512,4500,5000,0.548
30,4,EXACT_FIFO_2048,4500,5000,0.548
30,4,NO_TRACE_CURRENT_32,4500,5000,0.528
30,4,EXACT_REPLAY,4500,5000,0.548
30,4,ELIGIBILITY_TRACE_32,5000,5500,0.496
30,4,EXACT_FIFO_32,5000,5500,0.488
30,4,EXACT_FIFO_128,5000,5500,0.52
30,4,EXACT_FIFO_512,5000,5500,0.52
30,4,EXACT_FIFO_2048,5000,5500,0.52
30,4,NO_TRACE_CURRENT_32,5000,5500,0.486
30,4,EXACT_REPLAY,5000,5500,0.52
30,4,ELIGIBILITY_TRACE_32,5500,6000,0.506
30,4,EXACT_FIFO_32,5500,6000,0.502
30,4,EXACT_FIFO_128,5500,6000,0.54
30,4,EXACT_FIFO_512,5500,6000,0.54
30,4,EXACT_FIFO_2048,5500,6000,0.54
30,4,NO_TRACE_CURRENT_32,5500,6000,0.5
30,4,EXACT_REPLAY,5500,6000,0.54
30,16,ELIGIBILITY_TRACE_32,0,500,0.524
30,16,EXACT_FIFO_32,0,500,0.526
30,16,EXACT_FIFO_128,0,500,0.526
30,16,EXACT_FIFO_512,0,500,0.522
30,16,EXACT_FIFO_2048,0,500,0.522
30,16,NO_TRACE_CURRENT_32,0,500,0.526
30,16,EXACT_REPLAY,0,500,0.522
30,16,ELIGIBILITY_TRACE_32,500,1000,0.482
30,16,EXACT_FIFO_32,500,1000,0.48
30,16,EXACT_FIFO_128,500,1000,0.48
30,16,EXACT_FIFO_512,500,1000,0.482
30,16,EXACT_FIFO_2048,500,1000,0.482
30,16,NO_TRACE_CURRENT_32,500,1000,0.48
30,16,EXACT_REPLAY,500,1000,0.482
30,16,ELIGIBILITY_TRACE_32,1000,1500,0.496
30,16,EXACT_FIFO_32,1000,1500,0.496
30,16,EXACT_FIFO_128,1000,1500,0.496
30,16,EXACT_FIFO_512,1000,1500,0.5
30,16,EXACT_FIFO_2048,1000,1500,0.5
30,16,NO_TRACE_CURRENT_32,1000,1500,0.492
30,16,EXACT_REPLAY,1000,1500,0.5
30,16,ELIGIBILITY_TRACE_32,1500,2000,0.514
30,16,EXACT_FIFO_32,1500,2000,0.51
30,16,EXACT_FIFO_128,1500,2000,0.51
30,16,EXACT_FIFO_512,1500,2000,0.52
30,16,EXACT_FIFO_2048,1500,2000,0.52
30,16,NO_TRACE_CURRENT_32,1500,2000,0.506
30,16,EXACT_REPLAY,1500,2000,0.52
30,16,ELIGIBILITY_TRACE_32,2000,2500,0.476
30,16,EXACT_FIFO_32,2000,2500,0.478
30,16,EXACT_FIFO_128,2000,2500,0.478
30,16,EXACT_FIFO_512,2000,2500,0.494
30,16,EXACT_FIFO_2048,2000,2500,0.494
30,16,NO_TRACE_CURRENT_32,2000,2500,0.478
30,16,EXACT_REPLAY,2000,2500,0.494
30,16,ELIGIBILITY_TRACE_32,2500,3000,0.544
30,16,EXACT_FIFO_32,2500,3000,0.538
30,16,EXACT_FIFO_128,2500,3000,0.538
30,16,EXACT_FIFO_512,2500,3000,0.566
30,16,EXACT_FIFO_2048,2500,3000,0.566
30,16,NO_TRACE_CURRENT_32,2500,3000,0.546
30,16,EXACT_REPLAY,2500,3000,0.566
30,16,ELIGIBILITY_TRACE_32,3000,3500,0.486
30,16,EXACT_FIFO_32,3000,3500,0.488
30,16,EXACT_FIFO_128,3000,3500,0.488
30,16,EXACT_FIFO_512,3000,3500,0.506
30,16,EXACT_FIFO_2048,3000,3500,0.506
30,16,NO_TRACE_CURRENT_32,3000,3500,0.488
30,16,EXACT_REPLAY,3000,3500,0.506
30,16,ELIGIBILITY_TRACE_32,3500,4000,0.482
30,16,EXACT_FIFO_32,3500,4000,0.484
30,16,EXACT_FIFO_128,3500,4000,0.484
30,16,EXACT_FIFO_512,3500,4000,0.51
30,16,EXACT_FIFO_2048,3500,4000,0.51
30,16,NO_TRACE_CURRENT_32,3500,4000,0.482
30,16,EXACT_REPLAY,3500,4000,0.51
30,16,ELIGIBILITY_TRACE_32,4000,4500,0.52
30,16,EXACT_FIFO_32,4000,4500,0.512
30,16,EXACT_FIFO_128,4000,4500,0.512
30,16,EXACT_FIFO_512,4000,4500,0.548
30,16,EXACT_FIFO_2048,4000,4500,0.548
30,16,NO_TRACE_CURRENT_32,4000,4500,0.516
30,16,EXACT_REPLAY,4000,4500,0.548
30,16,ELIGIBILITY_TRACE_32,4500,5000,0.532
30,16,EXACT_FIFO_32,4500,5000,0.522
30,16,EXACT_FIFO_128,4500,5000,0.522
30,16,EXACT_FIFO_512,4500,5000,0.55
30,16,EXACT_FIFO_2048,4500,5000,0.55
30,16,NO_TRACE_CURRENT_32,4500,5000,0.532
30,16,EXACT_REPLAY,4500,5000,0.55
30,16,ELIGIBILITY_TRACE_32,5000,5500,0.49
30,16,EXACT_FIFO_32,5000,5500,0.488
30,16,EXACT_FIFO_128,5000,5500,0.488
30,16,EXACT_FIFO_512,5000,5500,0.52
30,16,EXACT_FIFO_2048,5000,5500,0.52
30,16,NO_TRACE_CURRENT_32,5000,5500,0.492
30,16,EXACT_REPLAY,5000,5500,0.52
30,16,ELIGIBILITY_TRACE_32,5500,6000,0.504
30,16,EXACT_FIFO_32,5500,6000,0.502
30,16,EXACT_FIFO_128,5500,6000,0.502
30,16,EXACT_FIFO_512,5500,6000,0.54
30,16,EXACT_FIFO_2048,5500,6000,0.54
30,16,NO_TRACE_CURRENT_32,5500,6000,0.504
30,16,EXACT_REPLAY,5500,6000,0.54
30,64,ELIGIBILITY_TRACE_32,0,500,0.53
30,64,EXACT_FIFO_32,0,500,0.526
30,64,EXACT_FIFO_128,0,500,0.526
30,64,EXACT_FIFO_512,0,500,0.526
30,64,EXACT_FIFO_2048,0,500,0.522
30,64,NO_TRACE_CURRENT_32,0,500,0.526
30,64,EXACT_REPLAY,0,500,0.522
30,64,ELIGIBILITY_TRACE_32,500,1000,0.482
30,64,EXACT_FIFO_32,500,1000,0.48
30,64,EXACT_FIFO_128,500,1000,0.48
30,64,EXACT_FIFO_512,500,1000,0.48
30,64,EXACT_FIFO_2048,500,1000,0.482
30,64,NO_TRACE_CURRENT_32,500,1000,0.482
30,64,EXACT_REPLAY,500,1000,0.482
30,64,ELIGIBILITY_TRACE_32,1000,1500,0.498
30,64,EXACT_FIFO_32,1000,1500,0.496
30,64,EXACT_FIFO_128,1000,1500,0.496
30,64,EXACT_FIFO_512,1000,1500,0.496
30,64,EXACT_FIFO_2048,1000,1500,0.5
30,64,NO_TRACE_CURRENT_32,1000,1500,0.492
30,64,EXACT_REPLAY,1000,1500,0.5
30,64,ELIGIBILITY_TRACE_32,1500,2000,0.506
30,64,EXACT_FIFO_32,1500,2000,0.51
30,64,EXACT_FIFO_128,1500,2000,0.51
30,64,EXACT_FIFO_512,1500,2000,0.51
30,64,EXACT_FIFO_2048,1500,2000,0.516
30,64,NO_TRACE_CURRENT_32,1500,2000,0.506
30,64,EXACT_REPLAY,1500,2000,0.516
30,64,ELIGIBILITY_TRACE_32,2000,2500,0.478
30,64,EXACT_FIFO_32,2000,2500,0.478
30,64,EXACT_FIFO_128,2000,2500,0.478
30,64,EXACT_FIFO_512,2000,2500,0.478
30,64,EXACT_FIFO_2048,2000,2500,0.492
30,64,NO_TRACE_CURRENT_32,2000,2500,0.476
30,64,EXACT_REPLAY,2000,2500,0.492
30,64,ELIGIBILITY_TRACE_32,2500,3000,0.538
30,64,EXACT_FIFO_32,2500,3000,0.538
30,64,EXACT_FIFO_128,2500,3000,0.538
30,64,EXACT_FIFO_512,2500,3000,0.538
30,64,EXACT_FIFO_2048,2500,3000,0.562
30,64,NO_TRACE_CURRENT_32,2500,3000,0.54
30,64,EXACT_REPLAY,2500,3000,0.562
30,64,ELIGIBILITY_TRACE_32,3000,3500,0.488
30,64,EXACT_FIFO_32,3000,3500,0.488
30,64,EXACT_FIFO_128,3000,3500,0.488
30,64,EXACT_FIFO_512,3000,3500,0.488
30,64,EXACT_FIFO_2048,3000,3500,0.506
30,64,NO_TRACE_CURRENT_32,3000,3500,0.48
30,64,EXACT_REPLAY,3000,3500,0.506
30,64,ELIGIBILITY_TRACE_32,3500,4000,0.48
30,64,EXACT_FIFO_32,3500,4000,0.484
30,64,EXACT_FIFO_128,3500,4000,0.484
30,64,EXACT_FIFO_512,3500,4000,0.484
30,64,EXACT_FIFO_2048,3500,4000,0.51
30,64,NO_TRACE_CURRENT_32,3500,4000,0.478
30,64,EXACT_REPLAY,3500,4000,0.51
30,64,ELIGIBILITY_TRACE_32,4000,4500,0.516
30,64,EXACT_FIFO_32,4000,4500,0.512
30,64,EXACT_FIFO_128,4000,4500,0.512
30,64,EXACT_FIFO_512,4000,4500,0.512
30,64,EXACT_FIFO_2048,4000,4500,0.546
30,64,NO_TRACE_CURRENT_32,4000,4500,0.516
30,64,EXACT_REPLAY,4000,4500,0.546
30,64,ELIGIBILITY_TRACE_32,4500,5000,0.516
30,64,EXACT_FIFO_32,4500,5000,0.522
30,64,EXACT_FIFO_128,4500,5000,0.522
30,64,EXACT_FIFO_512,4500,5000,0.522
30,64,EXACT_FIFO_2048,4500,5000,0.546
30,64,NO_TRACE_CURRENT_32,4500,5000,0.52
30,64,EXACT_REPLAY,4500,5000,0.546
30,64,ELIGIBILITY_TRACE_32,5000,5500,0.49
30,64,EXACT_FIFO_32,5000,5500,0.488
30,64,EXACT_FIFO_128,5000,5500,0.488
30,64,EXACT_FIFO_512,5000,5500,0.488
30,64,EXACT_FIFO_2048,5000,5500,0.52
30,64,NO_TRACE_CURRENT_32,5000,5500,0.484
30,64,EXACT_REPLAY,5000,5500,0.52
30,64,ELIGIBILITY_TRACE_32,5500,6000,0.5
30,64,EXACT_FIFO_32,5500,6000,0.502
30,64,EXACT_FIFO_128,5500,6000,0.502
30,64,EXACT_FIFO_512,5500,6000,0.502
30,64,EXACT_FIFO_2048,5500,6000,0.54
30,64,NO_TRACE_CURRENT_32,5500,6000,0.498
30,64,EXACT_REPLAY,5500,6000,0.54
31,1,ELIGIBILITY_TRACE_32,0,500,0.506
31,1,EXACT_FIFO_32,0,500,0.508
31,1,EXACT_FIFO_128,0,500,0.508
31,1,EXACT_FIFO_512,0,500,0.508
31,1,EXACT_FIFO_2048,0,500,0.508
31,1,NO_TRACE_CURRENT_32,0,500,0.506
31,1,EXACT_REPLAY,0,500,0.508
31,1,ELIGIBILITY_TRACE_32,500,1000,0.496
31,1,EXACT_FIFO_32,500,1000,0.496
31,1,EXACT_FIFO_128,500,1000,0.496
31,1,EXACT_FIFO_512,500,1000,0.496
31,1,EXACT_FIFO_2048,500,1000,0.496
31,1,NO_TRACE_CURRENT_32,500,1000,0.494
31,1,EXACT_REPLAY,500,1000,0.496
31,1,ELIGIBILITY_TRACE_32,1000,1500,0.484
31,1,EXACT_FIFO_32,1000,1500,0.494
31,1,EXACT_FIFO_128,1000,1500,0.494
31,1,EXACT_FIFO_512,1000,1500,0.494
31,1,EXACT_FIFO_2048,1000,1500,0.494
31,1,NO_TRACE_CURRENT_32,1000,1500,0.482
31,1,EXACT_REPLAY,1000,1500,0.494
31,1,ELIGIBILITY_TRACE_32,1500,2000,0.512
31,1,EXACT_FIFO_32,1500,2000,0.526
31,1,EXACT_FIFO_128,1500,2000,0.526
31,1,EXACT_FIFO_512,1500,2000,0.526
31,1,EXACT_FIFO_2048,1500,2000,0.526
31,1,NO_TRACE_CURRENT_32,1500,2000,0.512
31,1,EXACT_REPLAY,1500,2000,0.526
31,1,ELIGIBILITY_TRACE_32,2000,2500,0.51
31,1,EXACT_FIFO_32,2000,2500,0.514
31,1,EXACT_FIFO_128,2000,2500,0.514
31,1,EXACT_FIFO_512,2000,2500,0.514
31,1,EXACT_FIFO_2048,2000,2500,0.514
31,1,NO_TRACE_CURRENT_32,2000,2500,0.502
31,1,EXACT_REPLAY,2000,2500,0.514
31,1,ELIGIBILITY_TRACE_32,2500,3000,0.44
31,1,EXACT_FIFO_32,2500,3000,0.476
31,1,EXACT_FIFO_128,2500,3000,0.476
31,1,EXACT_FIFO_512,2500,3000,0.476
31,1,EXACT_FIFO_2048,2500,3000,0.476
31,1,NO_TRACE_CURRENT_32,2500,3000,0.43
31,1,EXACT_REPLAY,2500,3000,0.476
31,1,ELIGIBILITY_TRACE_32,3000,3500,0.508
31,1,EXACT_FIFO_32,3000,3500,0.554
31,1,EXACT_FIFO_128,3000,3500,0.554
31,1,EXACT_FIFO_512,3000,3500,0.554
31,1,EXACT_FIFO_2048,3000,3500,0.554
31,1,NO_TRACE_CURRENT_32,3000,3500,0.51
31,1,EXACT_REPLAY,3000,3500,0.554
31,1,ELIGIBILITY_TRACE_32,3500,4000,0.512
31,1,EXACT_FIFO_32,3500,4000,0.536
31,1,EXACT_FIFO_128,3500,4000,0.536
31,1,EXACT_FIFO_512,3500,4000,0.536
31,1,EXACT_FIFO_2048,3500,4000,0.536
31,1,NO_TRACE_CURRENT_32,3500,4000,0.5
31,1,EXACT_REPLAY,3500,4000,0.536
31,1,ELIGIBILITY_TRACE_32,4000,4500,0.48
31,1,EXACT_FIFO_32,4000,4500,0.5
31,1,EXACT_FIFO_128,4000,4500,0.5
31,1,EXACT_FIFO_512,4000,4500,0.5
31,1,EXACT_FIFO_2048,4000,4500,0.5
31,1,NO_TRACE_CURRENT_32,4000,4500,0.468
31,1,EXACT_REPLAY,4000,4500,0.5
31,1,ELIGIBILITY_TRACE_32,4500,5000,0.536
31,1,EXACT_FIFO_32,4500,5000,0.568
31,1,EXACT_FIFO_128,4500,5000,0.568
31,1,EXACT_FIFO_512,4500,5000,0.568
31,1,EXACT_FIFO_2048,4500,5000,0.568
31,1,NO_TRACE_CURRENT_32,4500,5000,0.53
31,1,EXACT_REPLAY,4500,5000,0.568
31,1,ELIGIBILITY_TRACE_32,5000,5500,0.552
31,1,EXACT_FIFO_32,5000,5500,0.59
31,1,EXACT_FIFO_128,5000,5500,0.59
31,1,EXACT_FIFO_512,5000,5500,0.59
31,1,EXACT_FIFO_2048,5000,5500,0.59
31,1,NO_TRACE_CURRENT_32,5000,5500,0.536
31,1,EXACT_REPLAY,5000,5500,0.59
31,1,ELIGIBILITY_TRACE_32,5500,6000,0.51
31,1,EXACT_FIFO_32,5500,6000,0.556
31,1,EXACT_FIFO_128,5500,6000,0.556
31,1,EXACT_FIFO_512,5500,6000,0.556
31,1,EXACT_FIFO_2048,5500,6000,0.556
31,1,NO_TRACE_CURRENT_32,5500,6000,0.5
31,1,EXACT_REPLAY,5500,6000,0.556
31,4,ELIGIBILITY_TRACE_32,0,500,0.506
31,4,EXACT_FIFO_32,0,500,0.504
31,4,EXACT_FIFO_128,0,500,0.508
31,4,EXACT_FIFO_512,0,500,0.508
31,4,EXACT_FIFO_2048,0,500,0.508
31,4,NO_TRACE_CURRENT_32,0,500,0.504
31,4,EXACT_REPLAY,0,500,0.508
31,4,ELIGIBILITY_TRACE_32,500,1000,0.494
31,4,EXACT_FIFO_32,500,1000,0.496
31,4,EXACT_FIFO_128,500,1000,0.496
31,4,EXACT_FIFO_512,500,1000,0.496
31,4,EXACT_FIFO_2048,500,1000,0.496
31,4,NO_TRACE_CURRENT_32,500,1000,0.5
31,4,EXACT_REPLAY,500,1000,0.496
31,4,ELIGIBILITY_TRACE_32,1000,1500,0.482
31,4,EXACT_FIFO_32,1000,1500,0.482
31,4,EXACT_FIFO_128,1000,1500,0.494
31,4,EXACT_FIFO_512,1000,1500,0.494
31,4,EXACT_FIFO_2048,1000,1500,0.494
31,4,NO_TRACE_CURRENT_32,1000,1500,0.484
31,4,EXACT_REPLAY,1000,1500,0.494
31,4,ELIGIBILITY_TRACE_32,1500,2000,0.51
31,4,EXACT_FIFO_32,1500,2000,0.516
31,4,EXACT_FIFO_128,1500,2000,0.526
31,4,EXACT_FIFO_512,1500,2000,0.526
31,4,EXACT_FIFO_2048,1500,2000,0.526
31,4,NO_TRACE_CURRENT_32,1500,2000,0.514
31,4,EXACT_REPLAY,1500,2000,0.526
31,4,ELIGIBILITY_TRACE_32,2000,2500,0.508
31,4,EXACT_FIFO_32,2000,2500,0.506
31,4,EXACT_FIFO_128,2000,2500,0.514
31,4,EXACT_FIFO_512,2000,2500,0.514
31,4,EXACT_FIFO_2048,2000,2500,0.514
31,4,NO_TRACE_CURRENT_32,2000,2500,0.508
31,4,EXACT_REPLAY,2000,2500,0.514
31,4,ELIGIBILITY_TRACE_32,2500,3000,0.44
31,4,EXACT_FIFO_32,2500,3000,0.44
31,4,EXACT_FIFO_128,2500,3000,0.476
31,4,EXACT_FIFO_512,2500,3000,0.476
31,4,EXACT_FIFO_2048,2500,3000,0.476
31,4,NO_TRACE_CURRENT_32,2500,3000,0.438
31,4,EXACT_REPLAY,2500,3000,0.476
31,4,ELIGIBILITY_TRACE_32,3000,3500,0.51
31,4,EXACT_FIFO_32,3000,3500,0.51
31,4,EXACT_FIFO_128,3000,3500,0.556
31,4,EXACT_FIFO_512,3000,3500,0.556
31,4,EXACT_FIFO_2048,3000,3500,0.556
31,4,NO_TRACE_CURRENT_32,3000,3500,0.518
31,4,EXACT_REPLAY,3000,3500,0.556
31,4,ELIGIBILITY_TRACE_32,3500,4000,0.516
31,4,EXACT_FIFO_32,3500,4000,0.508
31,4,EXACT_FIFO_128,3500,4000,0.536
31,4,EXACT_FIFO_512,3500,4000,0.536
31,4,EXACT_FIFO_2048,3500,4000,0.536
31,4,NO_TRACE_CURRENT_32,3500,4000,0.508
31,4,EXACT_REPLAY,3500,4000,0.536
31,4,ELIGIBILITY_TRACE_32,4000,4500,0.48
31,4,EXACT_FIFO_32,4000,4500,0.468
31,4,EXACT_FIFO_128,4000,4500,0.498
31,4,EXACT_FIFO_512,4000,4500,0.498
31,4,EXACT_FIFO_2048,4000,4500,0.498
31,4,NO_TRACE_CURRENT_32,4000,4500,0.466
31,4,EXACT_REPLAY,4000,4500,0.498
31,4,ELIGIBILITY_TRACE_32,4500,5000,0.54
31,4,EXACT_FIFO_32,4500,5000,0.536
31,4,EXACT_FIFO_128,4500,5000,0.568
31,4,EXACT_FIFO_512,4500,5000,0.568
31,4,EXACT_FIFO_2048,4500,5000,0.568
31,4,NO_TRACE_CURRENT_32,4500,5000,0.536
31,4,EXACT_REPLAY,4500,5000,0.568
31,4,ELIGIBILITY_TRACE_32,5000,5500,0.552
31,4,EXACT_FIFO_32,5000,5500,0.54
31,4,EXACT_FIFO_128,5000,5500,0.59
31,4,EXACT_FIFO_512,5000,5500,0.59
31,4,EXACT_FIFO_2048,5000,5500,0.59
31,4,NO_TRACE_CURRENT_32,5000,5500,0.53
31,4,EXACT_REPLAY,5000,5500,0.59
31,4,ELIGIBILITY_TRACE_32,5500,6000,0.506
31,4,EXACT_FIFO_32,5500,6000,0.496
31,4,EXACT_FIFO_128,5500,6000,0.556
31,4,EXACT_FIFO_512,5500,6000,0.556
31,4,EXACT_FIFO_2048,5500,6000,0.556
31,4,NO_TRACE_CURRENT_32,5500,6000,0.49
31,4,EXACT_REPLAY,5500,6000,0.556
31,16,ELIGIBILITY_TRACE_32,0,500,0.504
31,16,EXACT_FIFO_32,0,500,0.504
31,16,EXACT_FIFO_128,0,500,0.504
31,16,EXACT_FIFO_512,0,500,0.506
31,16,EXACT_FIFO_2048,0,500,0.506
31,16,NO_TRACE_CURRENT_32,0,500,0.502
31,16,EXACT_REPLAY,0,500,0.506
31,16,ELIGIBILITY_TRACE_32,500,1000,0.496
31,16,EXACT_FIFO_32,500,1000,0.496
31,16,EXACT_FIFO_128,500,1000,0.496
31,16,EXACT_FIFO_512,500,1000,0.494
31,16,EXACT_FIFO_2048,500,1000,0.494
31,16,NO_TRACE_CURRENT_32,500,1000,0.496
31,16,EXACT_REPLAY,500,1000,0.494
31,16,ELIGIBILITY_TRACE_32,1000,1500,0.482
31,16,EXACT_FIFO_32,1000,1500,0.482
31,16,EXACT_FIFO_128,1000,1500,0.482
31,16,EXACT_FIFO_512,1000,1500,0.494
31,16,EXACT_FIFO_2048,1000,1500,0.494
31,16,NO_TRACE_CURRENT_32,1000,1500,0.484
31,16,EXACT_REPLAY,1000,1500,0.494
31,16,ELIGIBILITY_TRACE_32,1500,2000,0.514
31,16,EXACT_FIFO_32,1500,2000,0.516
31,16,EXACT_FIFO_128,1500,2000,0.516
31,16,EXACT_FIFO_512,1500,2000,0.526
31,16,EXACT_FIFO_2048,1500,2000,0.526
31,16,NO_TRACE_CURRENT_32,1500,2000,0.51
31,16,EXACT_REPLAY,1500,2000,0.526
31,16,ELIGIBILITY_TRACE_32,2000,2500,0.506
31,16,EXACT_FIFO_32,2000,2500,0.506
31,16,EXACT_FIFO_128,2000,2500,0.506
31,16,EXACT_FIFO_512,2000,2500,0.514
31,16,EXACT_FIFO_2048,2000,2500,0.514
31,16,NO_TRACE_CURRENT_32,2000,2500,0.504
31,16,EXACT_REPLAY,2000,2500,0.514
31,16,ELIGIBILITY_TRACE_32,2500,3000,0.45
31,16,EXACT_FIFO_32,2500,3000,0.44
31,16,EXACT_FIFO_128,2500,3000,0.44
31,16,EXACT_FIFO_512,2500,3000,0.478
31,16,EXACT_FIFO_2048,2500,3000,0.478
31,16,NO_TRACE_CURRENT_32,2500,3000,0.446
31,16,EXACT_REPLAY,2500,3000,0.478
31,16,ELIGIBILITY_TRACE_32,3000,3500,0.51
31,16,EXACT_FIFO_32,3000,3500,0.51
31,16,EXACT_FIFO_128,3000,3500,0.51
31,16,EXACT_FIFO_512,3000,3500,0.554
31,16,EXACT_FIFO_2048,3000,3500,0.554
31,16,NO_TRACE_CURRENT_32,3000,3500,0.52
31,16,EXACT_REPLAY,3000,3500,0.554
31,16,ELIGIBILITY_TRACE_32,3500,4000,0.518
31,16,EXACT_FIFO_32,3500,4000,0.508
31,16,EXACT_FIFO_128,3500,4000,0.508
31,16,EXACT_FIFO_512,3500,4000,0.536
31,16,EXACT_FIFO_2048,3500,4000,0.536
31,16,NO_TRACE_CURRENT_32,3500,4000,0.512
31,16,EXACT_REPLAY,3500,4000,0.536
31,16,ELIGIBILITY_TRACE_32,4000,4500,0.484
31,16,EXACT_FIFO_32,4000,4500,0.468
31,16,EXACT_FIFO_128,4000,4500,0.468
31,16,EXACT_FIFO_512,4000,4500,0.498
31,16,EXACT_FIFO_2048,4000,4500,0.498
31,16,NO_TRACE_CURRENT_32,4000,4500,0.478
31,16,EXACT_REPLAY,4000,4500,0.498
31,16,ELIGIBILITY_TRACE_32,4500,5000,0.54
31,16,EXACT_FIFO_32,4500,5000,0.536
31,16,EXACT_FIFO_128,4500,5000,0.536
31,16,EXACT_FIFO_512,4500,5000,0.568
31,16,EXACT_FIFO_2048,4500,5000,0.568
31,16,NO_TRACE_CURRENT_32,4500,5000,0.536
31,16,EXACT_REPLAY,4500,5000,0.568
31,16,ELIGIBILITY_TRACE_32,5000,5500,0.55
31,16,EXACT_FIFO_32,5000,5500,0.54
31,16,EXACT_FIFO_128,5000,5500,0.54
31,16,EXACT_FIFO_512,5000,5500,0.588
31,16,EXACT_FIFO_2048,5000,5500,0.588
31,16,NO_TRACE_CURRENT_32,5000,5500,0.536
31,16,EXACT_REPLAY,5000,5500,0.588
31,16,ELIGIBILITY_TRACE_32,5500,6000,0.51
31,16,EXACT_FIFO_32,5500,6000,0.496
31,16,EXACT_FIFO_128,5500,6000,0.496
31,16,EXACT_FIFO_512,5500,6000,0.556
31,16,EXACT_FIFO_2048,5500,6000,0.556
31,16,NO_TRACE_CURRENT_32,5500,6000,0.508
31,16,EXACT_REPLAY,5500,6000,0.556
31,64,ELIGIBILITY_TRACE_32,0,500,0.5
31,64,EXACT_FIFO_32,0,500,0.504
31,64,EXACT_FIFO_128,0,500,0.504
31,64,EXACT_FIFO_512,0,500,0.504
31,64,EXACT_FIFO_2048,0,500,0.506
31,64,NO_TRACE_CURRENT_32,0,500,0.504
31,64,EXACT_REPLAY,0,500,0.506
31,64,ELIGIBILITY_TRACE_32,500,1000,0.498
31,64,EXACT_FIFO_32,500,1000,0.496
31,64,EXACT_FIFO_128,500,1000,0.496
31,64,EXACT_FIFO_512,500,1000,0.496
31,64,EXACT_FIFO_2048,500,1000,0.498
31,64,NO_TRACE_CURRENT_32,500,1000,0.498
31,64,EXACT_REPLAY,500,1000,0.498
31,64,ELIGIBILITY_TRACE_32,1000,1500,0.484
31,64,EXACT_FIFO_32,1000,1500,0.482
31,64,EXACT_FIFO_128,1000,1500,0.482
31,64,EXACT_FIFO_512,1000,1500,0.482
31,64,EXACT_FIFO_2048,1000,1500,0.494
31,64,NO_TRACE_CURRENT_32,1000,1500,0.482
31,64,EXACT_REPLAY,1000,1500,0.494
31,64,ELIGIBILITY_TRACE_32,1500,2000,0.518
31,64,EXACT_FIFO_32,1500,2000,0.516
31,64,EXACT_FIFO_128,1500,2000,0.516
31,64,EXACT_FIFO_512,1500,2000,0.516
31,64,EXACT_FIFO_2048,1500,2000,0.524
31,64,NO_TRACE_CURRENT_32,1500,2000,0.512
31,64,EXACT_REPLAY,1500,2000,0.524
31,64,ELIGIBILITY_TRACE_32,2000,2500,0.506
31,64,EXACT_FIFO_32,2000,2500,0.506
31,64,EXACT_FIFO_128,2000,2500,0.506
31,64,EXACT_FIFO_512,2000,2500,0.506
31,64,EXACT_FIFO_2048,2000,2500,0.514
31,64,NO_TRACE_CURRENT_32,2000,2500,0.502
31,64,EXACT_REPLAY,2000,2500,0.514
31,64,ELIGIBILITY_TRACE_32,2500,3000,0.436
31,64,EXACT_FIFO_32,2500,3000,0.44
31,64,EXACT_FIFO_128,2500,3000,0.44
31,64,EXACT_FIFO_512,2500,3000,0.44
31,64,EXACT_FIFO_2048,2500,3000,0.476
31,64,NO_TRACE_CURRENT_32,2500,3000,0.438
31,64,EXACT_REPLAY,2500,3000,0.476
31,64,ELIGIBILITY_TRACE_32,3000,3500,0.516
31,64,EXACT_FIFO_32,3000,3500,0.51
31,64,EXACT_FIFO_128,3000,3500,0.51
31,64,EXACT_FIFO_512,3000,3500,0.51
31,64,EXACT_FIFO_2048,3000,3500,0.556
31,64,NO_TRACE_CURRENT_32,3000,3500,0.508
31,64,EXACT_REPLAY,3000,3500,0.556
31,64,ELIGIBILITY_TRACE_32,3500,4000,0.508
31,64,EXACT_FIFO_32,3500,4000,0.508
31,64,EXACT_FIFO_128,3500,4000,0.508
31,64,EXACT_FIFO_512,3500,4000,0.508
31,64,EXACT_FIFO_2048,3500,4000,0.538
31,64,NO_TRACE_CURRENT_32,3500,4000,0.504
31,64,EXACT_REPLAY,3500,4000,0.538
31,64,ELIGIBILITY_TRACE_32,4000,4500,0.474
31,64,EXACT_FIFO_32,4000,4500,0.468
31,64,EXACT_FIFO_128,4000,4500,0.468
31,64,EXACT_FIFO_512,4000,4500,0.468
31,64,EXACT_FIFO_2048,4000,4500,0.5
31,64,NO_TRACE_CURRENT_32,4000,4500,0.462
31,64,EXACT_REPLAY,4000,4500,0.5
31,64,ELIGIBILITY_TRACE_32,4500,5000,0.542
31,64,EXACT_FIFO_32,4500,5000,0.536
31,64,EXACT_FIFO_128,4500,5000,0.536
31,64,EXACT_FIFO_512,4500,5000,0.536
31,64,EXACT_FIFO_2048,4500,5000,0.568
31,64,NO_TRACE_CURRENT_32,4500,5000,0.54
31,64,EXACT_REPLAY,4500,5000,0.568
31,64,ELIGIBILITY_TRACE_32,5000,5500,0.546
31,64,EXACT_FIFO_32,5000,5500,0.54
31,64,EXACT_FIFO_128,5000,5500,0.54
31,64,EXACT_FIFO_512,5000,5500,0.54
31,64,EXACT_FIFO_2048,5000,5500,0.59
31,64,NO_TRACE_CURRENT_32,5000,5500,0.536
31,64,EXACT_REPLAY,5000,5500,0.59
31,64,ELIGIBILITY_TRACE_32,5500,6000,0.514
31,64,EXACT_FIFO_32,5500,6000,0.496
31,64,EXACT_FIFO_128,5500,6000,0.496
31,64,EXACT_FIFO_512,5500,6000,0.496
31,64,EXACT_FIFO_2048,5500,6000,0.556
31,64,NO_TRACE_CURRENT_32,5500,6000,0.5
31,64,EXACT_REPLAY,5500,6000,0.556
32,1,ELIGIBILITY_TRACE_32,0,500,0.496
32,1,EXACT_FIFO_32,0,500,0.498
32,1,EXACT_FIFO_128,0,500,0.498
32,1,EXACT_FIFO_512,0,500,0.498
32,1,EXACT_FIFO_2048,0,500,0.498
32,1,NO_TRACE_CURRENT_32,0,500,0.494
32,1,EXACT_REPLAY,0,500,0.498
32,1,ELIGIBILITY_TRACE_32,500,1000,0.52
32,1,EXACT_FIFO_32,500,1000,0.52
32,1,EXACT_FIFO_128,500,1000,0.52
32,1,EXACT_FIFO_512,500,1000,0.52
32,1,EXACT_FIFO_2048,500,1000,0.52
32,1,NO_TRACE_CURRENT_32,500,1000,0.516
32,1,EXACT_REPLAY,500,1000,0.52
32,1,ELIGIBILITY_TRACE_32,1000,1500,0.476
32,1,EXACT_FIFO_32,1000,1500,0.48
32,1,EXACT_FIFO_128,1000,1500,0.48
32,1,EXACT_FIFO_512,1000,1500,0.48
32,1,EXACT_FIFO_2048,1000,1500,0.48
32,1,NO_TRACE_CURRENT_32,1000,1500,0.476
32,1,EXACT_REPLAY,1000,1500,0.48
32,1,ELIGIBILITY_TRACE_32,1500,2000,0.516
32,1,EXACT_FIFO_32,1500,2000,0.524
32,1,EXACT_FIFO_128,1500,2000,0.524
32,1,EXACT_FIFO_512,1500,2000,0.524
32,1,EXACT_FIFO_2048,1500,2000,0.524
32,1,NO_TRACE_CURRENT_32,1500,2000,0.514
32,1,EXACT_REPLAY,1500,2000,0.524
32,1,ELIGIBILITY_TRACE_32,2000,2500,0.48
32,1,EXACT_FIFO_32,2000,2500,0.494
32,1,EXACT_FIFO_128,2000,2500,0.494
32,1,EXACT_FIFO_512,2000,2500,0.494
32,1,EXACT_FIFO_2048,2000,2500,0.494
32,1,NO_TRACE_CURRENT_32,2000,2500,0.482
32,1,EXACT_REPLAY,2000,2500,0.494
32,1,ELIGIBILITY_TRACE_32,2500,3000,0.51
32,1,EXACT_FIFO_32,2500,3000,0.522
32,1,EXACT_FIFO_128,2500,3000,0.522
32,1,EXACT_FIFO_512,2500,3000,0.522
32,1,EXACT_FIFO_2048,2500,3000,0.522
32,1,NO_TRACE_CURRENT_32,2500,3000,0.508
32,1,EXACT_REPLAY,2500,3000,0.522
32,1,ELIGIBILITY_TRACE_32,3000,3500,0.46
32,1,EXACT_FIFO_32,3000,3500,0.49
32,1,EXACT_FIFO_128,3000,3500,0.49
32,1,EXACT_FIFO_512,3000,3500,0.49
32,1,EXACT_FIFO_2048,3000,3500,0.49
32,1,NO_TRACE_CURRENT_32,3000,3500,0.46
32,1,EXACT_REPLAY,3000,3500,0.49
32,1,ELIGIBILITY_TRACE_32,3500,4000,0.48
32,1,EXACT_FIFO_32,3500,4000,0.508
32,1,EXACT_FIFO_128,3500,4000,0.508
32,1,EXACT_FIFO_512,3500,4000,0.508
32,1,EXACT_FIFO_2048,3500,4000,0.508
32,1,NO_TRACE_CURRENT_32,3500,4000,0.478
32,1,EXACT_REPLAY,3500,4000,0.508
32,1,ELIGIBILITY_TRACE_32,4000,4500,0.52
32,1,EXACT_FIFO_32,4000,4500,0.55
32,1,EXACT_FIFO_128,4000,4500,0.55
32,1,EXACT_FIFO_512,4000,4500,0.55
32,1,EXACT_FIFO_2048,4000,4500,0.55
32,1,NO_TRACE_CURRENT_32,4000,4500,0.514
32,1,EXACT_REPLAY,4000,4500,0.55
32,1,ELIGIBILITY_TRACE_32,4500,5000,0.532
32,1,EXACT_FIFO_32,4500,5000,0.554
32,1,EXACT_FIFO_128,4500,5000,0.554
32,1,EXACT_FIFO_512,4500,5000,0.554
32,1,EXACT_FIFO_2048,4500,5000,0.554
32,1,NO_TRACE_CURRENT_32,4500,5000,0.532
32,1,EXACT_REPLAY,4500,5000,0.554
32,1,ELIGIBILITY_TRACE_32,5000,5500,0.518
32,1,EXACT_FIFO_32,5000,5500,0.54
32,1,EXACT_FIFO_128,5000,5500,0.54
32,1,EXACT_FIFO_512,5000,5500,0.54
32,1,EXACT_FIFO_2048,5000,5500,0.54
32,1,NO_TRACE_CURRENT_32,5000,5500,0.506
32,1,EXACT_REPLAY,5000,5500,0.54
32,1,ELIGIBILITY_TRACE_32,5500,6000,0.49
32,1,EXACT_FIFO_32,5500,6000,0.518
32,1,EXACT_FIFO_128,5500,6000,0.518
32,1,EXACT_FIFO_512,5500,6000,0.518
32,1,EXACT_FIFO_2048,5500,6000,0.518
32,1,NO_TRACE_CURRENT_32,5500,6000,0.488
32,1,EXACT_REPLAY,5500,6000,0.518
32,4,ELIGIBILITY_TRACE_32,0,500,0.494
32,4,EXACT_FIFO_32,0,500,0.496
32,4,EXACT_FIFO_128,0,500,0.498
32,4,EXACT_FIFO_512,0,500,0.498
32,4,EXACT_FIFO_2048,0,500,0.498
32,4,NO_TRACE_CURRENT_32,0,500,0.498
32,4,EXACT_REPLAY,0,500,0.498
32,4,ELIGIBILITY_TRACE_32,500,1000,0.516
32,4,EXACT_FIFO_32,500,1000,0.518
32,4,EXACT_FIFO_128,500,1000,0.52
32,4,EXACT_FIFO_512,500,1000,0.52
32,4,EXACT_FIFO_2048,500,1000,0.52
32,4,NO_TRACE_CURRENT_32,500,1000,0.516
32,4,EXACT_REPLAY,500,1000,0.52
32,4,ELIGIBILITY_TRACE_32,1000,1500,0.476
32,4,EXACT_FIFO_32,1000,1500,0.474
32,4,EXACT_FIFO_128,1000,1500,0.48
32,4,EXACT_FIFO_512,1000,1500,0.48
32,4,EXACT_FIFO_2048,1000,1500,0.48
32,4,NO_TRACE_CURRENT_32,1000,1500,0.474
32,4,EXACT_REPLAY,1000,1500,0.48
32,4,ELIGIBILITY_TRACE_32,1500,2000,0.516
32,4,EXACT_FIFO_32,1500,2000,0.508
32,4,EXACT_FIFO_128,1500,2000,0.522
32,4,EXACT_FIFO_512,1500,2000,0.522
32,4,EXACT_FIFO_2048,1500,2000,0.522
32,4,NO_TRACE_CURRENT_32,1500,2000,0.518
32,4,EXACT_REPLAY,1500,2000,0.522
32,4,ELIGIBILITY_TRACE_32,2000,2500,0.482
32,4,EXACT_FIFO_32,2000,2500,0.478
32,4,EXACT_FIFO_128,2000,2500,0.494
32,4,EXACT_FIFO_512,2000,2500,0.494
32,4,EXACT_FIFO_2048,2000,2500,0.494
32,4,NO_TRACE_CURRENT_32,2000,2500,0.484
32,4,EXACT_REPLAY,2000,2500,0.494
32,4,ELIGIBILITY_TRACE_32,2500,3000,0.512
32,4,EXACT_FIFO_32,2500,3000,0.506
32,4,EXACT_FIFO_128,2500,3000,0.524
32,4,EXACT_FIFO_512,2500,3000,0.524
32,4,EXACT_FIFO_2048,2500,3000,0.524
32,4,NO_TRACE_CURRENT_32,2500,3000,0.508
32,4,EXACT_REPLAY,2500,3000,0.524
32,4,ELIGIBILITY_TRACE_32,3000,3500,0.462
32,4,EXACT_FIFO_32,3000,3500,0.442
32,4,EXACT_FIFO_128,3000,3500,0.49
32,4,EXACT_FIFO_512,3000,3500,0.49
32,4,EXACT_FIFO_2048,3000,3500,0.49
32,4,NO_TRACE_CURRENT_32,3000,3500,0.446
32,4,EXACT_REPLAY,3000,3500,0.49
32,4,ELIGIBILITY_TRACE_32,3500,4000,0.48
32,4,EXACT_FIFO_32,3500,4000,0.466
32,4,EXACT_FIFO_128,3500,4000,0.508
32,4,EXACT_FIFO_512,3500,4000,0.508
32,4,EXACT_FIFO_2048,3500,4000,0.508
32,4,NO_TRACE_CURRENT_32,3500,4000,0.472
32,4,EXACT_REPLAY,3500,4000,0.508
32,4,ELIGIBILITY_TRACE_32,4000,4500,0.518
32,4,EXACT_FIFO_32,4000,4500,0.512
32,4,EXACT_FIFO_128,4000,4500,0.55
32,4,EXACT_FIFO_512,4000,4500,0.55
32,4,EXACT_FIFO_2048,4000,4500,0.55
32,4,NO_TRACE_CURRENT_32,4000,4500,0.518
32,4,EXACT_REPLAY,4000,4500,0.55
32,4,ELIGIBILITY_TRACE_32,4500,5000,0.528
32,4,EXACT_FIFO_32,4500,5000,0.53
32,4,EXACT_FIFO_128,4500,5000,0.554
32,4,EXACT_FIFO_512,4500,5000,0.554
32,4,EXACT_FIFO_2048,4500,5000,0.554
32,4,NO_TRACE_CURRENT_32,4500,5000,0.53
32,4,EXACT_REPLAY,4500,5000,0.554
32,4,ELIGIBILITY_TRACE_32,5000,5500,0.516
32,4,EXACT_FIFO_32,5000,5500,0.49
32,4,EXACT_FIFO_128,5000,5500,0.54
32,4,EXACT_FIFO_512,5000,5500,0.54
32,4,EXACT_FIFO_2048,5000,5500,0.54
32,4,NO_TRACE_CURRENT_32,5000,5500,0.51
32,4,EXACT_REPLAY,5000,5500,0.54
32,4,ELIGIBILITY_TRACE_32,5500,6000,0.492
32,4,EXACT_FIFO_32,5500,6000,0.482
32,4,EXACT_FIFO_128,5500,6000,0.518
32,4,EXACT_FIFO_512,5500,6000,0.518
32,4,EXACT_FIFO_2048,5500,6000,0.518
32,4,NO_TRACE_CURRENT_32,5500,6000,0.49
32,4,EXACT_REPLAY,5500,6000,0.518
32,16,ELIGIBILITY_TRACE_32,0,500,0.496
32,16,EXACT_FIFO_32,0,500,0.496
32,16,EXACT_FIFO_128,0,500,0.496
32,16,EXACT_FIFO_512,0,500,0.496
32,16,EXACT_FIFO_2048,0,500,0.496
32,16,NO_TRACE_CURRENT_32,0,500,0.5
32,16,EXACT_REPLAY,0,500,0.496
32,16,ELIGIBILITY_TRACE_32,500,1000,0.518
32,16,EXACT_FIFO_32,500,1000,0.518
32,16,EXACT_FIFO_128,500,1000,0.518
32,16,EXACT_FIFO_512,500,1000,0.518
32,16,EXACT_FIFO_2048,500,1000,0.518
32,16,NO_TRACE_CURRENT_32,500,1000,0.52
32,16,EXACT_REPLAY,500,1000,0.518
32,16,ELIGIBILITY_TRACE_32,1000,1500,0.476
32,16,EXACT_FIFO_32,1000,1500,0.474
32,16,EXACT_FIFO_128,1000,1500,0.474
32,16,EXACT_FIFO_512,1000,1500,0.48
32,16,EXACT_FIFO_2048,1000,1500,0.48
32,16,NO_TRACE_CURRENT_32,1000,1500,0.472
32,16,EXACT_REPLAY,1000,1500,0.48
32,16,ELIGIBILITY_TRACE_32,1500,2000,0.514
32,16,EXACT_FIFO_32,1500,2000,0.508
32,16,EXACT_FIFO_128,1500,2000,0.508
32,16,EXACT_FIFO_512,1500,2000,0.522
32,16,EXACT_FIFO_2048,1500,2000,0.522
32,16,NO_TRACE_CURRENT_32,1500,2000,0.512
32,16,EXACT_REPLAY,1500,2000,0.522
32,16,ELIGIBILITY_TRACE_32,2000,2500,0.484
32,16,EXACT_FIFO_32,2000,2500,0.478
32,16,EXACT_FIFO_128,2000,2500,0.478
32,16,EXACT_FIFO_512,2000,2500,0.494
32,16,EXACT_FIFO_2048,2000,2500,0.494
32,16,NO_TRACE_CURRENT_32,2000,2500,0.486
32,16,EXACT_REPLAY,2000,2500,0.494
32,16,ELIGIBILITY_TRACE_32,2500,3000,0.508
32,16,EXACT_FIFO_32,2500,3000,0.506
32,16,EXACT_FIFO_128,2500,3000,0.506
32,16,EXACT_FIFO_512,2500,3000,0.524
32,16,EXACT_FIFO_2048,2500,3000,0.524
32,16,NO_TRACE_CURRENT_32,2500,3000,0.51
32,16,EXACT_REPLAY,2500,3000,0.524
32,16,ELIGIBILITY_TRACE_32,3000,3500,0.456
32,16,EXACT_FIFO_32,3000,3500,0.442
32,16,EXACT_FIFO_128,3000,3500,0.442
32,16,EXACT_FIFO_512,3000,3500,0.49
32,16,EXACT_FIFO_2048,3000,3500,0.49
32,16,NO_TRACE_CURRENT_32,3000,3500,0.454
32,16,EXACT_REPLAY,3000,3500,0.49
32,16,ELIGIBILITY_TRACE_32,3500,4000,0.48
32,16,EXACT_FIFO_32,3500,4000,0.466
32,16,EXACT_FIFO_128,3500,4000,0.466
32,16,EXACT_FIFO_512,3500,4000,0.508
32,16,EXACT_FIFO_2048,3500,4000,0.508
32,16,NO_TRACE_CURRENT_32,3500,4000,0.47
32,16,EXACT_REPLAY,3500,4000,0.508
32,16,ELIGIBILITY_TRACE_32,4000,4500,0.516
32,16,EXACT_FIFO_32,4000,4500,0.512
32,16,EXACT_FIFO_128,4000,4500,0.512
32,16,EXACT_FIFO_512,4000,4500,0.548
32,16,EXACT_FIFO_2048,4000,4500,0.548
32,16,NO_TRACE_CURRENT_32,4000,4500,0.52
32,16,EXACT_REPLAY,4000,4500,0.548
32,16,ELIGIBILITY_TRACE_32,4500,5000,0.534
32,16,EXACT_FIFO_32,4500,5000,0.53
32,16,EXACT_FIFO_128,4500,5000,0.53
32,16,EXACT_FIFO_512,4500,5000,0.552
32,16,EXACT_FIFO_2048,4500,5000,0.552
32,16,NO_TRACE_CURRENT_32,4500,5000,0.528
32,16,EXACT_REPLAY,4500,5000,0.552
32,16,ELIGIBILITY_TRACE_32,5000,5500,0.512
32,16,EXACT_FIFO_32,5000,5500,0.49
32,16,EXACT_FIFO_128,5000,5500,0.49
32,16,EXACT_FIFO_512,5000,5500,0.54
32,16,EXACT_FIFO_2048,5000,5500,0.54
32,16,NO_TRACE_CURRENT_32,5000,5500,0.504
32,16,EXACT_REPLAY,5000,5500,0.54
32,16,ELIGIBILITY_TRACE_32,5500,6000,0.492
32,16,EXACT_FIFO_32,5500,6000,0.482
32,16,EXACT_FIFO_128,5500,6000,0.482
32,16,EXACT_FIFO_512,5500,6000,0.518
32,16,EXACT_FIFO_2048,5500,6000,0.518
32,16,NO_TRACE_CURRENT_32,5500,6000,0.482
32,16,EXACT_REPLAY,5500,6000,0.518
32,64,ELIGIBILITY_TRACE_32,0,500,0.494
32,64,EXACT_FIFO_32,0,500,0.496
32,64,EXACT_FIFO_128,0,500,0.496
32,64,EXACT_FIFO_512,0,500,0.496
32,64,EXACT_FIFO_2048,0,500,0.494
32,64,NO_TRACE_CURRENT_32,0,500,0.496
32,64,EXACT_REPLAY,0,500,0.494
32,64,ELIGIBILITY_TRACE_32,500,1000,0.516
32,64,EXACT_FIFO_32,500,1000,0.518
32,64,EXACT_FIFO_128,500,1000,0.518
32,64,EXACT_FIFO_512,500,1000,0.518
32,64,EXACT_FIFO_2048,500,1000,0.518
32,64,NO_TRACE_CURRENT_32,500,1000,0.516
32,64,EXACT_REPLAY,500,1000,0.518
32,64,ELIGIBILITY_TRACE_32,1000,1500,0.472
32,64,EXACT_FIFO_32,1000,1500,0.474
32,64,EXACT_FIFO_128,1000,1500,0.474
32,64,EXACT_FIFO_512,1000,1500,0.474
32,64,EXACT_FIFO_2048,1000,1500,0.478
32,64,NO_TRACE_CURRENT_32,1000,1500,0.474
32,64,EXACT_REPLAY,1000,1500,0.478
32,64,ELIGIBILITY_TRACE_32,1500,2000,0.51
32,64,EXACT_FIFO_32,1500,2000,0.508
32,64,EXACT_FIFO_128,1500,2000,0.508
32,64,EXACT_FIFO_512,1500,2000,0.508
32,64,EXACT_FIFO_2048,1500,2000,0.522
32,64,NO_TRACE_CURRENT_32,1500,2000,0.508
32,64,EXACT_REPLAY,1500,2000,0.522
32,64,ELIGIBILITY_TRACE_32,2000,2500,0.48
32,64,EXACT_FIFO_32,2000,2500,0.478
32,64,EXACT_FIFO_128,2000,2500,0.478
32,64,EXACT_FIFO_512,2000,2500,0.478
32,64,EXACT_FIFO_2048,2000,2500,0.494
32,64,NO_TRACE_CURRENT_32,2000,2500,0.482
32,64,EXACT_REPLAY,2000,2500,0.494
32,64,ELIGIBILITY_TRACE_32,2500,3000,0.506
32,64,EXACT_FIFO_32,2500,3000,0.506
32,64,EXACT_FIFO_128,2500,3000,0.506
32,64,EXACT_FIFO_512,2500,3000,0.506
32,64,EXACT_FIFO_2048,2500,3000,0.522
32,64,NO_TRACE_CURRENT_32,2500,3000,0.502
32,64,EXACT_REPLAY,2500,3000,0.522
32,64,ELIGIBILITY_TRACE_32,3000,3500,0.446
32,64,EXACT_FIFO_32,3000,3500,0.442
32,64,EXACT_FIFO_128,3000,3500,0.442
32,64,EXACT_FIFO_512,3000,3500,0.442
32,64,EXACT_FIFO_2048,3000,3500,0.496
32,64,NO_TRACE_CURRENT_32,3000,3500,0.442
32,64,EXACT_REPLAY,3000,3500,0.496
32,64,ELIGIBILITY_TRACE_32,3500,4000,0.464
32,64,EXACT_FIFO_32,3500,4000,0.466
32,64,EXACT_FIFO_128,3500,4000,0.466
32,64,EXACT_FIFO_512,3500,4000,0.466
32,64,EXACT_FIFO_2048,3500,4000,0.506
32,64,NO_TRACE_CURRENT_32,3500,4000,0.462
32,64,EXACT_REPLAY,3500,4000,0.506
32,64,ELIGIBILITY_TRACE_32,4000,4500,0.52
32,64,EXACT_FIFO_32,4000,4500,0.512
32,64,EXACT_FIFO_128,4000,4500,0.512
32,64,EXACT_FIFO_512,4000,4500,0.512
32,64,EXACT_FIFO_2048,4000,4500,0.548
32,64,NO_TRACE_CURRENT_32,4000,4500,0.506
32,64,EXACT_REPLAY,4000,4500,0.548
32,64,ELIGIBILITY_TRACE_32,4500,5000,0.524
32,64,EXACT_FIFO_32,4500,5000,0.53
32,64,EXACT_FIFO_128,4500,5000,0.53
32,64,EXACT_FIFO_512,4500,5000,0.53
32,64,EXACT_FIFO_2048,4500,5000,0.552
32,64,NO_TRACE_CURRENT_32,4500,5000,0.522
32,64,EXACT_REPLAY,4500,5000,0.552
32,64,ELIGIBILITY_TRACE_32,5000,5500,0.498
32,64,EXACT_FIFO_32,5000,5500,0.49
32,64,EXACT_FIFO_128,5000,5500,0.49
32,64,EXACT_FIFO_512,5000,5500,0.49
32,64,EXACT_FIFO_2048,5000,5500,0.54
32,64,NO_TRACE_CURRENT_32,5000,5500,0.49
32,64,EXACT_REPLAY,5000,5500,0.54
32,64,ELIGIBILITY_TRACE_32,5500,6000,0.492
32,64,EXACT_FIFO_32,5500,6000,0.482
32,64,EXACT_FIFO_128,5500,6000,0.482
32,64,EXACT_FIFO_512,5500,6000,0.482
32,64,EXACT_FIFO_2048,5500,6000,0.518
32,64,NO_TRACE_CURRENT_32,5500,6000,0.48
32,64,EXACT_REPLAY,5500,6000,0.518
33,1,ELIGIBILITY_TRACE_32,0,500,0.502
33,1,EXACT_FIFO_32,0,500,0.506
33,1,EXACT_FIFO_128,0,500,0.506
33,1,EXACT_FIFO_512,0,500,0.506
33,1,EXACT_FIFO_2048,0,500,0.506
33,1,NO_TRACE_CURRENT_32,0,500,0.5
33,1,EXACT_REPLAY,0,500,0.506
33,1,ELIGIBILITY_TRACE_32,500,1000,0.49
33,1,EXACT_FIFO_32,500,1000,0.504
33,1,EXACT_FIFO_128,500,1000,0.504
33,1,EXACT_FIFO_512,500,1000,0.504
33,1,EXACT_FIFO_2048,500,1000,0.504
33,1,NO_TRACE_CURRENT_32,500,1000,0.496
33,1,EXACT_REPLAY,500,1000,0.504
33,1,ELIGIBILITY_TRACE_32,1000,1500,0.476
33,1,EXACT_FIFO_32,1000,1500,0.49
33,1,EXACT_FIFO_128,1000,1500,0.49
33,1,EXACT_FIFO_512,1000,1500,0.49
33,1,EXACT_FIFO_2048,1000,1500,0.49
33,1,NO_TRACE_CURRENT_32,1000,1500,0.476
33,1,EXACT_REPLAY,1000,1500,0.49
33,1,ELIGIBILITY_TRACE_32,1500,2000,0.488
33,1,EXACT_FIFO_32,1500,2000,0.508
33,1,EXACT_FIFO_128,1500,2000,0.508
33,1,EXACT_FIFO_512,1500,2000,0.508
33,1,EXACT_FIFO_2048,1500,2000,0.508
33,1,NO_TRACE_CURRENT_32,1500,2000,0.48
33,1,EXACT_REPLAY,1500,2000,0.508
33,1,ELIGIBILITY_TRACE_32,2000,2500,0.472
33,1,EXACT_FIFO_32,2000,2500,0.504
33,1,EXACT_FIFO_128,2000,2500,0.504
33,1,EXACT_FIFO_512,2000,2500,0.504
33,1,EXACT_FIFO_2048,2000,2500,0.504
33,1,NO_TRACE_CURRENT_32,2000,2500,0.466
33,1,EXACT_REPLAY,2000,2500,0.504
33,1,ELIGIBILITY_TRACE_32,2500,3000,0.524
33,1,EXACT_FIFO_32,2500,3000,0.548
33,1,EXACT_FIFO_128,2500,3000,0.548
33,1,EXACT_FIFO_512,2500,3000,0.548
33,1,EXACT_FIFO_2048,2500,3000,0.548
33,1,NO_TRACE_CURRENT_32,2500,3000,0.51
33,1,EXACT_REPLAY,2500,3000,0.548
33,1,ELIGIBILITY_TRACE_32,3000,3500,0.494
33,1,EXACT_FIFO_32,3000,3500,0.518
33,1,EXACT_FIFO_128,3000,3500,0.518
33,1,EXACT_FIFO_512,3000,3500,0.518
33,1,EXACT_FIFO_2048,3000,3500,0.518
33,1,NO_TRACE_CURRENT_32,3000,3500,0.482
33,1,EXACT_REPLAY,3000,3500,0.518
33,1,ELIGIBILITY_TRACE_32,3500,4000,0.51
33,1,EXACT_FIFO_32,3500,4000,0.538
33,1,EXACT_FIFO_128,3500,4000,0.538
33,1,EXACT_FIFO_512,3500,4000,0.538
33,1,EXACT_FIFO_2048,3500,4000,0.538
33,1,NO_TRACE_CURRENT_32,3500,4000,0.492
33,1,EXACT_REPLAY,3500,4000,0.538
33,1,ELIGIBILITY_TRACE_32,4000,4500,0.518
33,1,EXACT_FIFO_32,4000,4500,0.544
33,1,EXACT_FIFO_128,4000,4500,0.544
33,1,EXACT_FIFO_512,4000,4500,0.544
33,1,EXACT_FIFO_2048,4000,4500,0.544
33,1,NO_TRACE_CURRENT_32,4000,4500,0.502
33,1,EXACT_REPLAY,4000,4500,0.544
33,1,ELIGIBILITY_TRACE_32,4500,5000,0.542
33,1,EXACT_FIFO_32,4500,5000,0.574
33,1,EXACT_FIFO_128,4500,5000,0.574
33,1,EXACT_FIFO_512,4500,5000,0.574
33,1,EXACT_FIFO_2048,4500,5000,0.574
33,1,NO_TRACE_CURRENT_32,4500,5000,0.51
33,1,EXACT_REPLAY,4500,5000,0.574
33,1,ELIGIBILITY_TRACE_32,5000,5500,0.512
33,1,EXACT_FIFO_32,5000,5500,0.552
33,1,EXACT_FIFO_128,5000,5500,0.552
33,1,EXACT_FIFO_512,5000,5500,0.552
33,1,EXACT_FIFO_2048,5000,5500,0.552
33,1,NO_TRACE_CURRENT_32,5000,5500,0.498
33,1,EXACT_REPLAY,5000,5500,0.552
33,1,ELIGIBILITY_TRACE_32,5500,6000,0.526
33,1,EXACT_FIFO_32,5500,6000,0.58
33,1,EXACT_FIFO_128,5500,6000,0.58
33,1,EXACT_FIFO_512,5500,6000,0.58
33,1,EXACT_FIFO_2048,5500,6000,0.58
33,1,NO_TRACE_CURRENT_32,5500,6000,0.506
33,1,EXACT_REPLAY,5500,6000,0.58
33,4,ELIGIBILITY_TRACE_32,0,500,0.5
33,4,EXACT_FIFO_32,0,500,0.498
33,4,EXACT_FIFO_128,0,500,0.506
33,4,EXACT_FIFO_512,0,500,0.506
33,4,EXACT_FIFO_2048,0,500,0.506
33,4,NO_TRACE_CURRENT_32,0,500,0.5
33,4,EXACT_REPLAY,0,500,0.506
33,4,ELIGIBILITY_TRACE_32,500,1000,0.49
33,4,EXACT_FIFO_32,500,1000,0.49
33,4,EXACT_FIFO_128,500,1000,0.504
33,4,EXACT_FIFO_512,500,1000,0.504
33,4,EXACT_FIFO_2048,500,1000,0.504
33,4,NO_TRACE_CURRENT_32,500,1000,0.492
33,4,EXACT_REPLAY,500,1000,0.504
33,4,ELIGIBILITY_TRACE_32,1000,1500,0.476
33,4,EXACT_FIFO_32,1000,1500,0.474
33,4,EXACT_FIFO_128,1000,1500,0.49
33,4,EXACT_FIFO_512,1000,1500,0.49
33,4,EXACT_FIFO_2048,1000,1500,0.49
33,4,NO_TRACE_CURRENT_32,1000,1500,0.474
33,4,EXACT_REPLAY,1000,1500,0.49
33,4,ELIGIBILITY_TRACE_32,1500,2000,0.492
33,4,EXACT_FIFO_32,1500,2000,0.486
33,4,EXACT_FIFO_128,1500,2000,0.508
33,4,EXACT_FIFO_512,1500,2000,0.508
33,4,EXACT_FIFO_2048,1500,2000,0.508
33,4,NO_TRACE_CURRENT_32,1500,2000,0.478
33,4,EXACT_REPLAY,1500,2000,0.508
33,4,ELIGIBILITY_TRACE_32,2000,2500,0.474
33,4,EXACT_FIFO_32,2000,2500,0.472
33,4,EXACT_FIFO_128,2000,2500,0.502
33,4,EXACT_FIFO_512,2000,2500,0.502
33,4,EXACT_FIFO_2048,2000,2500,0.502
33,4,NO_TRACE_CURRENT_32,2000,2500,0.468
33,4,EXACT_REPLAY,2000,2500,0.502
33,4,ELIGIBILITY_TRACE_32,2500,3000,0.518
33,4,EXACT_FIFO_32,2500,3000,0.516
33,4,EXACT_FIFO_128,2500,3000,0.548
33,4,EXACT_FIFO_512,2500,3000,0.548
33,4,EXACT_FIFO_2048,2500,3000,0.548
33,4,NO_TRACE_CURRENT_32,2500,3000,0.512
33,4,EXACT_REPLAY,2500,3000,0.548
33,4,ELIGIBILITY_TRACE_32,3000,3500,0.492
33,4,EXACT_FIFO_32,3000,3500,0.48
33,4,EXACT_FIFO_128,3000,3500,0.518
33,4,EXACT_FIFO_512,3000,3500,0.518
33,4,EXACT_FIFO_2048,3000,3500,0.518
33,4,NO_TRACE_CURRENT_32,3000,3500,0.478
33,4,EXACT_REPLAY,3000,3500,0.518
33,4,ELIGIBILITY_TRACE_32,3500,4000,0.506
33,4,EXACT_FIFO_32,3500,4000,0.5
33,4,EXACT_FIFO_128,3500,4000,0.54
33,4,EXACT_FIFO_512,3500,4000,0.54
33,4,EXACT_FIFO_2048,3500,4000,0.54
33,4,NO_TRACE_CURRENT_32,3500,4000,0.498
33,4,EXACT_REPLAY,3500,4000,0.54
33,4,ELIGIBILITY_TRACE_32,4000,4500,0.522
33,4,EXACT_FIFO_32,4000,4500,0.514
33,4,EXACT_FIFO_128,4000,4500,0.544
33,4,EXACT_FIFO_512,4000,4500,0.544
33,4,EXACT_FIFO_2048,4000,4500,0.544
33,4,NO_TRACE_CURRENT_32,4000,4500,0.518
33,4,EXACT_REPLAY,4000,4500,0.544
33,4,ELIGIBILITY_TRACE_32,4500,5000,0.542
33,4,EXACT_FIFO_32,4500,5000,0.518
33,4,EXACT_FIFO_128,4500,5000,0.572
33,4,EXACT_FIFO_512,4500,5000,0.572
33,4,EXACT_FIFO_2048,4500,5000,0.572
33,4,NO_TRACE_CURRENT_32,4500,5000,0.53
33,4,EXACT_REPLAY,4500,5000,0.572
33,4,ELIGIBILITY_TRACE_32,5000,5500,0.512
33,4,EXACT_FIFO_32,5000,5500,0.494
33,4,EXACT_FIFO_128,5000,5500,0.552
33,4,EXACT_FIFO_512,5000,5500,0.552
33,4,EXACT_FIFO_2048,5000,5500,0.552
33,4,NO_TRACE_CURRENT_32,5000,5500,0.504
33,4,EXACT_REPLAY,5000,5500,0.552
33,4,ELIGIBILITY_TRACE_32,5500,6000,0.526
33,4,EXACT_FIFO_32,5500,6000,0.51
33,4,EXACT_FIFO_128,5500,6000,0.58
33,4,EXACT_FIFO_512,5500,6000,0.58
33,4,EXACT_FIFO_2048,5500,6000,0.58
33,4,NO_TRACE_CURRENT_32,5500,6000,0.516
33,4,EXACT_REPLAY,5500,6000,0.58
33,16,ELIGIBILITY_TRACE_32,0,500,0.498
33,16,EXACT_FIFO_32,0,500,0.498
33,16,EXACT_FIFO_128,0,500,0.498
33,16,EXACT_FIFO_512,0,500,0.506
33,16,EXACT_FIFO_2048,0,500,0.506
33,16,NO_TRACE_CURRENT_32,0,500,0.498
33,16,EXACT_REPLAY,0,500,0.506
33,16,ELIGIBILITY_TRACE_32,500,1000,0.492
33,16,EXACT_FIFO_32,500,1000,0.49
33,16,EXACT_FIFO_128,500,1000,0.49
33,16,EXACT_FIFO_512,500,1000,0.504
33,16,EXACT_FIFO_2048,500,1000,0.504
33,16,NO_TRACE_CURRENT_32,500,1000,0.49
33,16,EXACT_REPLAY,500,1000,0.504
33,16,ELIGIBILITY_TRACE_32,1000,1500,0.478
33,16,EXACT_FIFO_32,1000,1500,0.474
33,16,EXACT_FIFO_128,1000,1500,0.474
33,16,EXACT_FIFO_512,1000,1500,0.49
33,16,EXACT_FIFO_2048,1000,1500,0.49
33,16,NO_TRACE_CURRENT_32,1000,1500,0.48
33,16,EXACT_REPLAY,1000,1500,0.49
33,16,ELIGIBILITY_TRACE_32,1500,2000,0.492
33,16,EXACT_FIFO_32,1500,2000,0.486
33,16,EXACT_FIFO_128,1500,2000,0.486
33,16,EXACT_FIFO_512,1500,2000,0.508
33,16,EXACT_FIFO_2048,1500,2000,0.508
33,16,NO_TRACE_CURRENT_32,1500,2000,0.486
33,16,EXACT_REPLAY,1500,2000,0.508
33,16,ELIGIBILITY_TRACE_32,2000,2500,0.476
33,16,EXACT_FIFO_32,2000,2500,0.472
33,16,EXACT_FIFO_128,2000,2500,0.472
33,16,EXACT_FIFO_512,2000,2500,0.502
33,16,EXACT_FIFO_2048,2000,2500,0.502
33,16,NO_TRACE_CURRENT_32,2000,2500,0.474
33,16,EXACT_REPLAY,2000,2500,0.502
33,16,ELIGIBILITY_TRACE_32,2500,3000,0.518
33,16,EXACT_FIFO_32,2500,3000,0.516
33,16,EXACT_FIFO_128,2500,3000,0.516
33,16,EXACT_FIFO_512,2500,3000,0.548
33,16,EXACT_FIFO_2048,2500,3000,0.548
33,16,NO_TRACE_CURRENT_32,2500,3000,0.512
33,16,EXACT_REPLAY,2500,3000,0.548
33,16,ELIGIBILITY_TRACE_32,3000,3500,0.488
33,16,EXACT_FIFO_32,3000,3500,0.48
33,16,EXACT_FIFO_128,3000,3500,0.48
33,16,EXACT_FIFO_512,3000,3500,0.518
33,16,EXACT_FIFO_2048,3000,3500,0.518
33,16,NO_TRACE_CURRENT_32,3000,3500,0.484
33,16,EXACT_REPLAY,3000,3500,0.518
33,16,ELIGIBILITY_TRACE_32,3500,4000,0.506
33,16,EXACT_FIFO_32,3500,4000,0.5
33,16,EXACT_FIFO_128,3500,4000,0.5
33,16,EXACT_FIFO_512,3500,4000,0.54
33,16,EXACT_FIFO_2048,3500,4000,0.54
33,16,NO_TRACE_CURRENT_32,3500,4000,0.502
33,16,EXACT_REPLAY,3500,4000,0.54
33,16,ELIGIBILITY_TRACE_32,4000,4500,0.516
33,16,EXACT_FIFO_32,4000,4500,0.514
33,16,EXACT_FIFO_128,4000,4500,0.514
33,16,EXACT_FIFO_512,4000,4500,0.544
33,16,EXACT_FIFO_2048,4000,4500,0.544
33,16,NO_TRACE_CURRENT_32,4000,4500,0.506
33,16,EXACT_REPLAY,4000,4500,0.544
33,16,ELIGIBILITY_TRACE_32,4500,5000,0.538
33,16,EXACT_FIFO_32,4500,5000,0.518
33,16,EXACT_FIFO_128,4500,5000,0.518
33,16,EXACT_FIFO_512,4500,5000,0.572
33,16,EXACT_FIFO_2048,4500,5000,0.572
33,16,NO_TRACE_CURRENT_32,4500,5000,0.518
33,16,EXACT_REPLAY,4500,5000,0.572
33,16,ELIGIBILITY_TRACE_32,5000,5500,0.498
33,16,EXACT_FIFO_32,5000,5500,0.494
33,16,EXACT_FIFO_128,5000,5500,0.494
33,16,EXACT_FIFO_512,5000,5500,0.552
33,16,EXACT_FIFO_2048,5000,5500,0.552
33,16,NO_TRACE_CURRENT_32,5000,5500,0.5
33,16,EXACT_REPLAY,5000,5500,0.552
33,16,ELIGIBILITY_TRACE_32,5500,6000,0.518
33,16,EXACT_FIFO_32,5500,6000,0.51
33,16,EXACT_FIFO_128,5500,6000,0.51
33,16,EXACT_FIFO_512,5500,6000,0.58
33,16,EXACT_FIFO_2048,5500,6000,0.58
33,16,NO_TRACE_CURRENT_32,5500,6000,0.51
33,16,EXACT_REPLAY,5500,6000,0.58
33,64,ELIGIBILITY_TRACE_32,0,500,0.5
33,64,EXACT_FIFO_32,0,500,0.498
33,64,EXACT_FIFO_128,0,500,0.498
33,64,EXACT_FIFO_512,0,500,0.498
33,64,EXACT_FIFO_2048,0,500,0.506
33,64,NO_TRACE_CURRENT_32,0,500,0.502
33,64,EXACT_REPLAY,0,500,0.506
33,64,ELIGIBILITY_TRACE_32,500,1000,0.494
33,64,EXACT_FIFO_32,500,1000,0.49
33,64,EXACT_FIFO_128,500,1000,0.49
33,64,EXACT_FIFO_512,500,1000,0.49
33,64,EXACT_FIFO_2048,500,1000,0.502
33,64,NO_TRACE_CURRENT_32,500,1000,0.486
33,64,EXACT_REPLAY,500,1000,0.502
33,64,ELIGIBILITY_TRACE_32,1000,1500,0.478
33,64,EXACT_FIFO_32,1000,1500,0.474
33,64,EXACT_FIFO_128,1000,1500,0.474
33,64,EXACT_FIFO_512,1000,1500,0.474
33,64,EXACT_FIFO_2048,1000,1500,0.488
33,64,NO_TRACE_CURRENT_32,1000,1500,0.476
33,64,EXACT_REPLAY,1000,1500,0.488
33,64,ELIGIBILITY_TRACE_32,1500,2000,0.486
33,64,EXACT_FIFO_32,1500,2000,0.486
33,64,EXACT_FIFO_128,1500,2000,0.486
33,64,EXACT_FIFO_512,1500,2000,0.486
33,64,EXACT_FIFO_2048,1500,2000,0.506
33,64,NO_TRACE_CURRENT_32,1500,2000,0.482
33,64,EXACT_REPLAY,1500,2000,0.506
33,64,ELIGIBILITY_TRACE_32,2000,2500,0.472
33,64,EXACT_FIFO_32,2000,2500,0.472
33,64,EXACT_FIFO_128,2000,2500,0.472
33,64,EXACT_FIFO_512,2000,2500,0.472
33,64,EXACT_FIFO_2048,2000,2500,0.502
33,64,NO_TRACE_CURRENT_32,2000,2500,0.474
33,64,EXACT_REPLAY,2000,2500,0.502
33,64,ELIGIBILITY_TRACE_32,2500,3000,0.522
33,64,EXACT_FIFO_32,2500,3000,0.516
33,64,EXACT_FIFO_128,2500,3000,0.516
33,64,EXACT_FIFO_512,2500,3000,0.516
33,64,EXACT_FIFO_2048,2500,3000,0.548
33,64,NO_TRACE_CURRENT_32,2500,3000,0.518
33,64,EXACT_REPLAY,2500,3000,0.548
33,64,ELIGIBILITY_TRACE_32,3000,3500,0.488
33,64,EXACT_FIFO_32,3000,3500,0.48
33,64,EXACT_FIFO_128,3000,3500,0.48
33,64,EXACT_FIFO_512,3000,3500,0.48
33,64,EXACT_FIFO_2048,3000,3500,0.52
33,64,NO_TRACE_CURRENT_32,3000,3500,0.484
33,64,EXACT_REPLAY,3000,3500,0.52
33,64,ELIGIBILITY_TRACE_32,3500,4000,0.506
33,64,EXACT_FIFO_32,3500,4000,0.5
33,64,EXACT_FIFO_128,3500,4000,0.5
33,64,EXACT_FIFO_512,3500,4000,0.5
33,64,EXACT_FIFO_2048,3500,4000,0.54
33,64,NO_TRACE_CURRENT_32,3500,4000,0.5
33,64,EXACT_REPLAY,3500,4000,0.54
33,64,ELIGIBILITY_TRACE_32,4000,4500,0.514
33,64,EXACT_FIFO_32,4000,4500,0.514
33,64,EXACT_FIFO_128,4000,4500,0.514
33,64,EXACT_FIFO_512,4000,4500,0.514
33,64,EXACT_FIFO_2048,4000,4500,0.544
33,64,NO_TRACE_CURRENT_32,4000,4500,0.516
33,64,EXACT_REPLAY,4000,4500,0.544
33,64,ELIGIBILITY_TRACE_32,4500,5000,0.53
33,64,EXACT_FIFO_32,4500,5000,0.518
33,64,EXACT_FIFO_128,4500,5000,0.518
33,64,EXACT_FIFO_512,4500,5000,0.518
33,64,EXACT_FIFO_2048,4500,5000,0.572
33,64,NO_TRACE_CURRENT_32,4500,5000,0.526
33,64,EXACT_REPLAY,4500,5000,0.572
33,64,ELIGIBILITY_TRACE_32,5000,5500,0.502
33,64,EXACT_FIFO_32,5000,5500,0.494
33,64,EXACT_FIFO_128,5000,5500,0.494
33,64,EXACT_FIFO_512,5000,5500,0.494
33,64,EXACT_FIFO_2048,5000,5500,0.552
33,64,NO_TRACE_CURRENT_32,5000,5500,0.502
33,64,EXACT_REPLAY,5000,5500,0.552
33,64,ELIGIBILITY_TRACE_32,5500,6000,0.518
33,64,EXACT_FIFO_32,5500,6000,0.51
33,64,EXACT_FIFO_128,5500,6000,0.51
33,64,EXACT_FIFO_512,5500,6000,0.51
33,64,EXACT_FIFO_2048,5500,6000,0.58
33,64,NO_TRACE_CURRENT_32,5500,6000,0.508
33,64,EXACT_REPLAY,5500,6000,0.58
34,1,ELIGIBILITY_TRACE_32,0,500,0.488
34,1,EXACT_FIFO_32,0,500,0.494
34,1,EXACT_FIFO_128,0,500,0.494
34,1,EXACT_FIFO_512,0,500,0.494
34,1,EXACT_FIFO_2048,0,500,0.494
34,1,NO_TRACE_CURRENT_32,0,500,0.49
34,1,EXACT_REPLAY,0,500,0.494
34,1,ELIGIBILITY_TRACE_32,500,1000,0.49
34,1,EXACT_FIFO_32,500,1000,0.5
34,1,EXACT_FIFO_128,500,1000,0.5
34,1,EXACT_FIFO_512,500,1000,0.5
34,1,EXACT_FIFO_2048,500,1000,0.5
34,1,NO_TRACE_CURRENT_32,500,1000,0.492
34,1,EXACT_REPLAY,500,1000,0.5
34,1,ELIGIBILITY_TRACE_32,1000,1500,0.474
34,1,EXACT_FIFO_32,1000,1500,0.486
34,1,EXACT_FIFO_128,1000,1500,0.486
34,1,EXACT_FIFO_512,1000,1500,0.486
34,1,EXACT_FIFO_2048,1000,1500,0.486
34,1,NO_TRACE_CURRENT_32,1000,1500,0.47
34,1,EXACT_REPLAY,1000,1500,0.486
34,1,ELIGIBILITY_TRACE_32,1500,2000,0.536
34,1,EXACT_FIFO_32,1500,2000,0.556
34,1,EXACT_FIFO_128,1500,2000,0.556
34,1,EXACT_FIFO_512,1500,2000,0.556
34,1,EXACT_FIFO_2048,1500,2000,0.556
34,1,NO_TRACE_CURRENT_32,1500,2000,0.54
34,1,EXACT_REPLAY,1500,2000,0.556
34,1,ELIGIBILITY_TRACE_32,2000,2500,0.51
34,1,EXACT_FIFO_32,2000,2500,0.54
34,1,EXACT_FIFO_128,2000,2500,0.54
34,1,EXACT_FIFO_512,2000,2500,0.54
34,1,EXACT_FIFO_2048,2000,2500,0.54
34,1,NO_TRACE_CURRENT_32,2000,2500,0.512
34,1,EXACT_REPLAY,2000,2500,0.54
34,1,ELIGIBILITY_TRACE_32,2500,3000,0.524
34,1,EXACT_FIFO_32,2500,3000,0.56
34,1,EXACT_FIFO_128,2500,3000,0.56
34,1,EXACT_FIFO_512,2500,3000,0.56
34,1,EXACT_FIFO_2048,2500,3000,0.56
34,1,NO_TRACE_CURRENT_32,2500,3000,0.534
34,1,EXACT_REPLAY,2500,3000,0.56
34,1,ELIGIBILITY_TRACE_32,3000,3500,0.542
34,1,EXACT_FIFO_32,3000,3500,0.542
34,1,EXACT_FIFO_128,3000,3500,0.542
34,1,EXACT_FIFO_512,3000,3500,0.542
34,1,EXACT_FIFO_2048,3000,3500,0.542
34,1,NO_TRACE_CURRENT_32,3000,3500,0.528
34,1,EXACT_REPLAY,3000,3500,0.542
34,1,ELIGIBILITY_TRACE_32,3500,4000,0.54
34,1,EXACT_FIFO_32,3500,4000,0.582
34,1,EXACT_FIFO_128,3500,4000,0.582
34,1,EXACT_FIFO_512,3500,4000,0.582
34,1,EXACT_FIFO_2048,3500,4000,0.582
34,1,NO_TRACE_CURRENT_32,3500,4000,0.528
34,1,EXACT_REPLAY,3500,4000,0.582
34,1,ELIGIBILITY_TRACE_32,4000,4500,0.486
34,1,EXACT_FIFO_32,4000,4500,0.522
34,1,EXACT_FIFO_128,4000,4500,0.522
34,1,EXACT_FIFO_512,4000,4500,0.522
34,1,EXACT_FIFO_2048,4000,4500,0.522
34,1,NO_TRACE_CURRENT_32,4000,4500,0.474
34,1,EXACT_REPLAY,4000,4500,0.522
34,1,ELIGIBILITY_TRACE_32,4500,5000,0.512
34,1,EXACT_FIFO_32,4500,5000,0.554
34,1,EXACT_FIFO_128,4500,5000,0.554
34,1,EXACT_FIFO_512,4500,5000,0.554
34,1,EXACT_FIFO_2048,4500,5000,0.554
34,1,NO_TRACE_CURRENT_32,4500,5000,0.502
34,1,EXACT_REPLAY,4500,5000,0.554
34,1,ELIGIBILITY_TRACE_32,5000,5500,0.524
34,1,EXACT_FIFO_32,5000,5500,0.564
34,1,EXACT_FIFO_128,5000,5500,0.564
34,1,EXACT_FIFO_512,5000,5500,0.564
34,1,EXACT_FIFO_2048,5000,5500,0.564
34,1,NO_TRACE_CURRENT_32,5000,5500,0.512
34,1,EXACT_REPLAY,5000,5500,0.564
34,1,ELIGIBILITY_TRACE_32,5500,6000,0.568
34,1,EXACT_FIFO_32,5500,6000,0.604
34,1,EXACT_FIFO_128,5500,6000,0.604
34,1,EXACT_FIFO_512,5500,6000,0.604
34,1,EXACT_FIFO_2048,5500,6000,0.604
34,1,NO_TRACE_CURRENT_32,5500,6000,0.558
34,1,EXACT_REPLAY,5500,6000,0.604
34,4,ELIGIBILITY_TRACE_32,0,500,0.488
34,4,EXACT_FIFO_32,0,500,0.488
34,4,EXACT_FIFO_128,0,500,0.494
34,4,EXACT_FIFO_512,0,500,0.494
34,4,EXACT_FIFO_2048,0,500,0.494
34,4,NO_TRACE_CURRENT_32,0,500,0.488
34,4,EXACT_REPLAY,0,500,0.494
34,4,ELIGIBILITY_TRACE_32,500,1000,0.49
34,4,EXACT_FIFO_32,500,1000,0.492
34,4,EXACT_FIFO_128,500,1000,0.5
34,4,EXACT_FIFO_512,500,1000,0.5
34,4,EXACT_FIFO_2048,500,1000,0.5
34,4,NO_TRACE_CURRENT_32,500,1000,0.488
34,4,EXACT_REPLAY,500,1000,0.5
34,4,ELIGIBILITY_TRACE_32,1000,1500,0.472
34,4,EXACT_FIFO_32,1000,1500,0.466
34,4,EXACT_FIFO_128,1000,1500,0.484
34,4,EXACT_FIFO_512,1000,1500,0.484
34,4,EXACT_FIFO_2048,1000,1500,0.484
34,4,NO_TRACE_CURRENT_32,1000,1500,0.468
34,4,EXACT_REPLAY,1000,1500,0.484
34,4,ELIGIBILITY_TRACE_32,1500,2000,0.538
34,4,EXACT_FIFO_32,1500,2000,0.534
34,4,EXACT_FIFO_128,1500,2000,0.554
34,4,EXACT_FIFO_512,1500,2000,0.554
34,4,EXACT_FIFO_2048,1500,2000,0.554
34,4,NO_TRACE_CURRENT_32,1500,2000,0.534
34,4,EXACT_REPLAY,1500,2000,0.554
34,4,ELIGIBILITY_TRACE_32,2000,2500,0.506
34,4,EXACT_FIFO_32,2000,2500,0.502
34,4,EXACT_FIFO_128,2000,2500,0.542
34,4,EXACT_FIFO_512,2000,2500,0.542
34,4,EXACT_FIFO_2048,2000,2500,0.542
34,4,NO_TRACE_CURRENT_32,2000,2500,0.5
34,4,EXACT_REPLAY,2000,2500,0.542
34,4,ELIGIBILITY_TRACE_32,2500,3000,0.526
34,4,EXACT_FIFO_32,2500,3000,0.528
34,4,EXACT_FIFO_128,2500,3000,0.56
34,4,EXACT_FIFO_512,2500,3000,0.56
34,4,EXACT_FIFO_2048,2500,3000,0.56
34,4,NO_TRACE_CURRENT_32,2500,3000,0.528
34,4,EXACT_REPLAY,2500,3000,0.56
34,4,ELIGIBILITY_TRACE_32,3000,3500,0.54
34,4,EXACT_FIFO_32,3000,3500,0.53
34,4,EXACT_FIFO_128,3000,3500,0.542
34,4,EXACT_FIFO_512,3000,3500,0.542
34,4,EXACT_FIFO_2048,3000,3500,0.542
34,4,NO_TRACE_CURRENT_32,3000,3500,0.526
34,4,EXACT_REPLAY,3000,3500,0.542
34,4,ELIGIBILITY_TRACE_32,3500,4000,0.538
34,4,EXACT_FIFO_32,3500,4000,0.528
34,4,EXACT_FIFO_128,3500,4000,0.582
34,4,EXACT_FIFO_512,3500,4000,0.582
34,4,EXACT_FIFO_2048,3500,4000,0.582
34,4,NO_TRACE_CURRENT_32,3500,4000,0.532
34,4,EXACT_REPLAY,3500,4000,0.582
34,4,ELIGIBILITY_TRACE_32,4000,4500,0.484
34,4,EXACT_FIFO_32,4000,4500,0.474
34,4,EXACT_FIFO_128,4000,4500,0.522
34,4,EXACT_FIFO_512,4000,4500,0.522
34,4,EXACT_FIFO_2048,4000,4500,0.522
34,4,NO_TRACE_CURRENT_32,4000,4500,0.476
34,4,EXACT_REPLAY,4000,4500,0.522
34,4,ELIGIBILITY_TRACE_32,4500,5000,0.514
34,4,EXACT_FIFO_32,4500,5000,0.512
34,4,EXACT_FIFO_128,4500,5000,0.554
34,4,EXACT_FIFO_512,4500,5000,0.554
34,4,EXACT_FIFO_2048,4500,5000,0.554
34,4,NO_TRACE_CURRENT_32,4500,5000,0.51
34,4,EXACT_REPLAY,4500,5000,0.554
34,4,ELIGIBILITY_TRACE_32,5000,5500,0.516
34,4,EXACT_FIFO_32,5000,5500,0.508
34,4,EXACT_FIFO_128,5000,5500,0.564
34,4,EXACT_FIFO_512,5000,5500,0.564
34,4,EXACT_FIFO_2048,5000,5500,0.564
34,4,NO_TRACE_CURRENT_32,5000,5500,0.506
34,4,EXACT_REPLAY,5000,5500,0.564
34,4,ELIGIBILITY_TRACE_32,5500,6000,0.564
34,4,EXACT_FIFO_32,5500,6000,0.55
34,4,EXACT_FIFO_128,5500,6000,0.604
34,4,EXACT_FIFO_512,5500,6000,0.604
34,4,EXACT_FIFO_2048,5500,6000,0.604
34,4,NO_TRACE_CURRENT_32,5500,6000,0.54
34,4,EXACT_REPLAY,5500,6000,0.604
34,16,ELIGIBILITY_TRACE_32,0,500,0.49
34,16,EXACT_FIFO_32,0,500,0.488
34,16,EXACT_FIFO_128,0,500,0.488
34,16,EXACT_FIFO_512,0,500,0.494
34,16,EXACT_FIFO_2048,0,500,0.494
34,16,NO_TRACE_CURRENT_32,0,500,0.488
34,16,EXACT_REPLAY,0,500,0.494
34,16,ELIGIBILITY_TRACE_32,500,1000,0.494
34,16,EXACT_FIFO_32,500,1000,0.492
34,16,EXACT_FIFO_128,500,1000,0.492
34,16,EXACT_FIFO_512,500,1000,0.5
34,16,EXACT_FIFO_2048,500,1000,0.5
34,16,NO_TRACE_CURRENT_32,500,1000,0.488
34,16,EXACT_REPLAY,500,1000,0.5
34,16,ELIGIBILITY_TRACE_32,1000,1500,0.47
34,16,EXACT_FIFO_32,1000,1500,0.466
34,16,EXACT_FIFO_128,1000,1500,0.466
34,16,EXACT_FIFO_512,1000,1500,0.484
34,16,EXACT_FIFO_2048,1000,1500,0.484
34,16,NO_TRACE_CURRENT_32,1000,1500,0.464
34,16,EXACT_REPLAY,1000,1500,0.484
34,16,ELIGIBILITY_TRACE_32,1500,2000,0.536
34,16,EXACT_FIFO_32,1500,2000,0.534
34,16,EXACT_FIFO_128,1500,2000,0.534
34,16,EXACT_FIFO_512,1500,2000,0.554
34,16,EXACT_FIFO_2048,1500,2000,0.554
34,16,NO_TRACE_CURRENT_32,1500,2000,0.538
34,16,EXACT_REPLAY,1500,2000,0.554
34,16,ELIGIBILITY_TRACE_32,2000,2500,0.506
34,16,EXACT_FIFO_32,2000,2500,0.502
34,16,EXACT_FIFO_128,2000,2500,0.502
34,16,EXACT_FIFO_512,2000,2500,0.542
34,16,EXACT_FIFO_2048,2000,2500,0.542
34,16,NO_TRACE_CURRENT_32,2000,2500,0.494
34,16,EXACT_REPLAY,2000,2500,0.542
34,16,ELIGIBILITY_TRACE_32,2500,3000,0.528
34,16,EXACT_FIFO_32,2500,3000,0.528
34,16,EXACT_FIFO_128,2500,3000,0.528
34,16,EXACT_FIFO_512,2500,3000,0.56
34,16,EXACT_FIFO_2048,2500,3000,0.56
34,16,NO_TRACE_CURRENT_32,2500,3000,0.524
34,16,EXACT_REPLAY,2500,3000,0.56
34,16,ELIGIBILITY_TRACE_32,3000,3500,0.538
34,16,EXACT_FIFO_32,3000,3500,0.53
34,16,EXACT_FIFO_128,3000,3500,0.53
34,16,EXACT_FIFO_512,3000,3500,0.542
34,16,EXACT_FIFO_2048,3000,3500,0.542
34,16,NO_TRACE_CURRENT_32,3000,3500,0.524
34,16,EXACT_REPLAY,3000,3500,0.542
34,16,ELIGIBILITY_TRACE_32,3500,4000,0.528
34,16,EXACT_FIFO_32,3500,4000,0.528
34,16,EXACT_FIFO_128,3500,4000,0.528
34,16,EXACT_FIFO_512,3500,4000,0.586
34,16,EXACT_FIFO_2048,3500,4000,0.586
34,16,NO_TRACE_CURRENT_32,3500,4000,0.52
34,16,EXACT_REPLAY,3500,4000,0.586
34,16,ELIGIBILITY_TRACE_32,4000,4500,0.48
34,16,EXACT_FIFO_32,4000,4500,0.474
34,16,EXACT_FIFO_128,4000,4500,0.474
34,16,EXACT_FIFO_512,4000,4500,0.522
34,16,EXACT_FIFO_2048,4000,4500,0.522
34,16,NO_TRACE_CURRENT_32,4000,4500,0.476
34,16,EXACT_REPLAY,4000,4500,0.522
34,16,ELIGIBILITY_TRACE_32,4500,5000,0.514
34,16,EXACT_FIFO_32,4500,5000,0.512
34,16,EXACT_FIFO_128,4500,5000,0.512
34,16,EXACT_FIFO_512,4500,5000,0.554
34,16,EXACT_FIFO_2048,4500,5000,0.554
34,16,NO_TRACE_CURRENT_32,4500,5000,0.5
34,16,EXACT_REPLAY,4500,5000,0.554
34,16,ELIGIBILITY_TRACE_32,5000,5500,0.516
34,16,EXACT_FIFO_32,5000,5500,0.508
34,16,EXACT_FIFO_128,5000,5500,0.508
34,16,EXACT_FIFO_512,5000,5500,0.564
34,16,EXACT_FIFO_2048,5000,5500,0.564
34,16,NO_TRACE_CURRENT_32,5000,5500,0.502
34,16,EXACT_REPLAY,5000,5500,0.564
34,16,ELIGIBILITY_TRACE_32,5500,6000,0.566
34,16,EXACT_FIFO_32,5500,6000,0.55
34,16,EXACT_FIFO_128,5500,6000,0.55
34,16,EXACT_FIFO_512,5500,6000,0.606
34,16,EXACT_FIFO_2048,5500,6000,0.606
34,16,NO_TRACE_CURRENT_32,5500,6000,0.544
34,16,EXACT_REPLAY,5500,6000,0.606
34,64,ELIGIBILITY_TRACE_32,0,500,0.486
34,64,EXACT_FIFO_32,0,500,0.488
34,64,EXACT_FIFO_128,0,500,0.488
34,64,EXACT_FIFO_512,0,500,0.488
34,64,EXACT_FIFO_2048,0,500,0.49
34,64,NO_TRACE_CURRENT_32,0,500,0.482
34,64,EXACT_REPLAY,0,500,0.49
34,64,ELIGIBILITY_TRACE_32,500,1000,0.486
34,64,EXACT_FIFO_32,500,1000,0.492
34,64,EXACT_FIFO_128,500,1000,0.492
34,64,EXACT_FIFO_512,500,1000,0.492
34,64,EXACT_FIFO_2048,500,1000,0.498
34,64,NO_TRACE_CURRENT_32,500,1000,0.49
34,64,EXACT_REPLAY,500,1000,0.498
34,64,ELIGIBILITY_TRACE_32,1000,1500,0.466
34,64,EXACT_FIFO_32,1000,1500,0.466
34,64,EXACT_FIFO_128,1000,1500,0.466
34,64,EXACT_FIFO_512,1000,1500,0.466
34,64,EXACT_FIFO_2048,1000,1500,0.486
34,64,NO_TRACE_CURRENT_32,1000,1500,0.462
34,64,EXACT_REPLAY,1000,1500,0.486
34,64,ELIGIBILITY_TRACE_32,1500,2000,0.544
34,64,EXACT_FIFO_32,1500,2000,0.534
34,64,EXACT_FIFO_128,1500,2000,0.534
34,64,EXACT_FIFO_512,1500,2000,0.534
34,64,EXACT_FIFO_2048,1500,2000,0.554
34,64,NO_TRACE_CURRENT_32,1500,2000,0.53
34,64,EXACT_REPLAY,1500,2000,0.554
34,64,ELIGIBILITY_TRACE_32,2000,2500,0.496
34,64,EXACT_FIFO_32,2000,2500,0.502
34,64,EXACT_FIFO_128,2000,2500,0.502
34,64,EXACT_FIFO_512,2000,2500,0.502
34,64,EXACT_FIFO_2048,2000,2500,0.54
34,64,NO_TRACE_CURRENT_32,2000,2500,0.494
34,64,EXACT_REPLAY,2000,2500,0.54
34,64,ELIGIBILITY_TRACE_32,2500,3000,0.526
34,64,EXACT_FIFO_32,2500,3000,0.528
34,64,EXACT_FIFO_128,2500,3000,0.528
34,64,EXACT_FIFO_512,2500,3000,0.528
34,64,EXACT_FIFO_2048,2500,3000,0.562
34,64,NO_TRACE_CURRENT_32,2500,3000,0.532
34,64,EXACT_REPLAY,2500,3000,0.562
34,64,ELIGIBILITY_TRACE_32,3000,3500,0.542
34,64,EXACT_FIFO_32,3000,3500,0.53
34,64,EXACT_FIFO_128,3000,3500,0.53
34,64,EXACT_FIFO_512,3000,3500,0.53
34,64,EXACT_FIFO_2048,3000,3500,0.542
34,64,NO_TRACE_CURRENT_32,3000,3500,0.524
34,64,EXACT_REPLAY,3000,3500,0.542
34,64,ELIGIBILITY_TRACE_32,3500,4000,0.526
34,64,EXACT_FIFO_32,3500,4000,0.528
34,64,EXACT_FIFO_128,3500,4000,0.528
34,64,EXACT_FIFO_512,3500,4000,0.528
34,64,EXACT_FIFO_2048,3500,4000,0.582
34,64,NO_TRACE_CURRENT_32,3500,4000,0.534
34,64,EXACT_REPLAY,3500,4000,0.582
34,64,ELIGIBILITY_TRACE_32,4000,4500,0.476
34,64,EXACT_FIFO_32,4000,4500,0.474
34,64,EXACT_FIFO_128,4000,4500,0.474
34,64,EXACT_FIFO_512,4000,4500,0.474
34,64,EXACT_FIFO_2048,4000,4500,0.522
34,64,NO_TRACE_CURRENT_32,4000,4500,0.478
34,64,EXACT_REPLAY,4000,4500,0.522
34,64,ELIGIBILITY_TRACE_32,4500,5000,0.512
34,64,EXACT_FIFO_32,4500,5000,0.512
34,64,EXACT_FIFO_128,4500,5000,0.512
34,64,EXACT_FIFO_512,4500,5000,0.512
34,64,EXACT_FIFO_2048,4500,5000,0.552
34,64,NO_TRACE_CURRENT_32,4500,5000,0.504
34,64,EXACT_REPLAY,4500,5000,0.552
34,64,ELIGIBILITY_TRACE_32,5000,5500,0.51
34,64,EXACT_FIFO_32,5000,5500,0.508
34,64,EXACT_FIFO_128,5000,5500,0.508
34,64,EXACT_FIFO_512,5000,5500,0.508
34,64,EXACT_FIFO_2048,5000,5500,0.564
34,64,NO_TRACE_CURRENT_32,5000,5500,0.508
34,64,EXACT_REPLAY,5000,5500,0.564
34,64,ELIGIBILITY_TRACE_32,5500,6000,0.56
34,64,EXACT_FIFO_32,5500,6000,0.55
34,64,EXACT_FIFO_128,5500,6000,0.55
34,64,EXACT_FIFO_512,5500,6000,0.55
34,64,EXACT_FIFO_2048,5500,6000,0.604
34,64,NO_TRACE_CURRENT_32,5500,6000,0.552
34,64,EXACT_REPLAY,5500,6000,0.604
35,1,ELIGIBILITY_TRACE_32,0,500,0.504
35,1,EXACT_FIFO_32,0,500,0.506
35,1,EXACT_FIFO_128,0,500,0.506
35,1,EXACT_FIFO_512,0,500,0.506
35,1,EXACT_FIFO_2048,0,500,0.506
35,1,NO_TRACE_CURRENT_32,0,500,0.504
35,1,EXACT_REPLAY,0,500,0.506
35,1,ELIGIBILITY_TRACE_32,500,1000,0.51
35,1,EXACT_FIFO_32,500,1000,0.51
35,1,EXACT_FIFO_128,500,1000,0.51
35,1,EXACT_FIFO_512,500,1000,0.51
35,1,EXACT_FIFO_2048,500,1000,0.51
35,1,NO_TRACE_CURRENT_32,500,1000,0.51
35,1,EXACT_REPLAY,500,1000,0.51
35,1,ELIGIBILITY_TRACE_32,1000,1500,0.518
35,1,EXACT_FIFO_32,1000,1500,0.532
35,1,EXACT_FIFO_128,1000,1500,0.532
35,1,EXACT_FIFO_512,1000,1500,0.532
35,1,EXACT_FIFO_2048,1000,1500,0.532
35,1,NO_TRACE_CURRENT_32,1000,1500,0.52
35,1,EXACT_REPLAY,1000,1500,0.532
35,1,ELIGIBILITY_TRACE_32,1500,2000,0.536
35,1,EXACT_FIFO_32,1500,2000,0.546
35,1,EXACT_FIFO_128,1500,2000,0.546
35,1,EXACT_FIFO_512,1500,2000,0.546
35,1,EXACT_FIFO_2048,1500,2000,0.546
35,1,NO_TRACE_CURRENT_32,1500,2000,0.532
35,1,EXACT_REPLAY,1500,2000,0.546
35,1,ELIGIBILITY_TRACE_32,2000,2500,0.476
35,1,EXACT_FIFO_32,2000,2500,0.492
35,1,EXACT_FIFO_128,2000,2500,0.492
35,1,EXACT_FIFO_512,2000,2500,0.492
35,1,EXACT_FIFO_2048,2000,2500,0.492
35,1,NO_TRACE_CURRENT_32,2000,2500,0.472
35,1,EXACT_REPLAY,2000,2500,0.492
35,1,ELIGIBILITY_TRACE_32,2500,3000,0.492
35,1,EXACT_FIFO_32,2500,3000,0.506
35,1,EXACT_FIFO_128,2500,3000,0.506
35,1,EXACT_FIFO_512,2500,3000,0.506
35,1,EXACT_FIFO_2048,2500,3000,0.506
35,1,NO_TRACE_CURRENT_32,2500,3000,0.494
35,1,EXACT_REPLAY,2500,3000,0.506
35,1,ELIGIBILITY_TRACE_32,3000,3500,0.52
35,1,EXACT_FIFO_32,3000,3500,0.55
35,1,EXACT_FIFO_128,3000,3500,0.55
35,1,EXACT_FIFO_512,3000,3500,0.55
35,1,EXACT_FIFO_2048,3000,3500,0.55
35,1,NO_TRACE_CURRENT_32,3000,3500,0.514
35,1,EXACT_REPLAY,3000,3500,0.55
35,1,ELIGIBILITY_TRACE_32,3500,4000,0.502
35,1,EXACT_FIFO_32,3500,4000,0.536
35,1,EXACT_FIFO_128,3500,4000,0.536
35,1,EXACT_FIFO_512,3500,4000,0.536
35,1,EXACT_FIFO_2048,3500,4000,0.536
35,1,NO_TRACE_CURRENT_32,3500,4000,0.498
35,1,EXACT_REPLAY,3500,4000,0.536
35,1,ELIGIBILITY_TRACE_32,4000,4500,0.506
35,1,EXACT_FIFO_32,4000,4500,0.538
35,1,EXACT_FIFO_128,4000,4500,0.538
35,1,EXACT_FIFO_512,4000,4500,0.538
35,1,EXACT_FIFO_2048,4000,4500,0.538
35,1,NO_TRACE_CURRENT_32,4000,4500,0.486
35,1,EXACT_REPLAY,4000,4500,0.538
35,1,ELIGIBILITY_TRACE_32,4500,5000,0.492
35,1,EXACT_FIFO_32,4500,5000,0.514
35,1,EXACT_FIFO_128,4500,5000,0.514
35,1,EXACT_FIFO_512,4500,5000,0.514
35,1,EXACT_FIFO_2048,4500,5000,0.514
35,1,NO_TRACE_CURRENT_32,4500,5000,0.478
35,1,EXACT_REPLAY,4500,5000,0.514
35,1,ELIGIBILITY_TRACE_32,5000,5500,0.562
35,1,EXACT_FIFO_32,5000,5500,0.592
35,1,EXACT_FIFO_128,5000,5500,0.592
35,1,EXACT_FIFO_512,5000,5500,0.592
35,1,EXACT_FIFO_2048,5000,5500,0.592
35,1,NO_TRACE_CURRENT_32,5000,5500,0.54
35,1,EXACT_REPLAY,5000,5500,0.592
35,1,ELIGIBILITY_TRACE_32,5500,6000,0.51
35,1,EXACT_FIFO_32,5500,6000,0.528
35,1,EXACT_FIFO_128,5500,6000,0.528
35,1,EXACT_FIFO_512,5500,6000,0.528
35,1,EXACT_FIFO_2048,5500,6000,0.528
35,1,NO_TRACE_CURRENT_32,5500,6000,0.508
35,1,EXACT_REPLAY,5500,6000,0.528
35,4,ELIGIBILITY_TRACE_32,0,500,0.504
35,4,EXACT_FIFO_32,0,500,0.504
35,4,EXACT_FIFO_128,0,500,0.506
35,4,EXACT_FIFO_512,0,500,0.506
35,4,EXACT_FIFO_2048,0,500,0.506
35,4,NO_TRACE_CURRENT_32,0,500,0.504
35,4,EXACT_REPLAY,0,500,0.506
35,4,ELIGIBILITY_TRACE_32,500,1000,0.512
35,4,EXACT_FIFO_32,500,1000,0.512
35,4,EXACT_FIFO_128,500,1000,0.512
35,4,EXACT_FIFO_512,500,1000,0.512
35,4,EXACT_FIFO_2048,500,1000,0.512
35,4,NO_TRACE_CURRENT_32,500,1000,0.512
35,4,EXACT_REPLAY,500,1000,0.512
35,4,ELIGIBILITY_TRACE_32,1000,1500,0.52
35,4,EXACT_FIFO_32,1000,1500,0.522
35,4,EXACT_FIFO_128,1000,1500,0.532
35,4,EXACT_FIFO_512,1000,1500,0.532
35,4,EXACT_FIFO_2048,1000,1500,0.532
35,4,NO_TRACE_CURRENT_32,1000,1500,0.52
35,4,EXACT_REPLAY,1000,1500,0.532
35,4,ELIGIBILITY_TRACE_32,1500,2000,0.54
35,4,EXACT_FIFO_32,1500,2000,0.53
35,4,EXACT_FIFO_128,1500,2000,0.546
35,4,EXACT_FIFO_512,1500,2000,0.546
35,4,EXACT_FIFO_2048,1500,2000,0.546
35,4,NO_TRACE_CURRENT_32,1500,2000,0.532
35,4,EXACT_REPLAY,1500,2000,0.546
35,4,ELIGIBILITY_TRACE_32,2000,2500,0.476
35,4,EXACT_FIFO_32,2000,2500,0.474
35,4,EXACT_FIFO_128,2000,2500,0.492
35,4,EXACT_FIFO_512,2000,2500,0.492
35,4,EXACT_FIFO_2048,2000,2500,0.492
35,4,NO_TRACE_CURRENT_32,2000,2500,0.476
35,4,EXACT_REPLAY,2000,2500,0.492
35,4,ELIGIBILITY_TRACE_32,2500,3000,0.492
35,4,EXACT_FIFO_32,2500,3000,0.498
35,4,EXACT_FIFO_128,2500,3000,0.506
35,4,EXACT_FIFO_512,2500,3000,0.506
35,4,EXACT_FIFO_2048,2500,3000,0.506
35,4,NO_TRACE_CURRENT_32,2500,3000,0.496
35,4,EXACT_REPLAY,2500,3000,0.506
35,4,ELIGIBILITY_TRACE_32,3000,3500,0.522
35,4,EXACT_FIFO_32,3000,3500,0.514
35,4,EXACT_FIFO_128,3000,3500,0.548
35,4,EXACT_FIFO_512,3000,3500,0.548
35,4,EXACT_FIFO_2048,3000,3500,0.548
35,4,NO_TRACE_CURRENT_32,3000,3500,0.516
35,4,EXACT_REPLAY,3000,3500,0.548
35,4,ELIGIBILITY_TRACE_32,3500,4000,0.508
35,4,EXACT_FIFO_32,3500,4000,0.494
35,4,EXACT_FIFO_128,3500,4000,0.536
35,4,EXACT_FIFO_512,3500,4000,0.536
35,4,EXACT_FIFO_2048,3500,4000,0.536
35,4,NO_TRACE_CURRENT_32,3500,4000,0.49
35,4,EXACT_REPLAY,3500,4000,0.536
35,4,ELIGIBILITY_TRACE_32,4000,4500,0.508
35,4,EXACT_FIFO_32,4000,4500,0.488
35,4,EXACT_FIFO_128,4000,4500,0.538
35,4,EXACT_FIFO_512,4000,4500,0.538
35,4,EXACT_FIFO_2048,4000,4500,0.538
35,4,NO_TRACE_CURRENT_32,4000,4500,0.492
35,4,EXACT_REPLAY,4000,4500,0.538
35,4,ELIGIBILITY_TRACE_32,4500,5000,0.494
35,4,EXACT_FIFO_32,4500,5000,0.482
35,4,EXACT_FIFO_128,4500,5000,0.514
35,4,EXACT_FIFO_512,4500,5000,0.514
35,4,EXACT_FIFO_2048,4500,5000,0.514
35,4,NO_TRACE_CURRENT_32,4500,5000,0.482
35,4,EXACT_REPLAY,4500,5000,0.514
35,4,ELIGIBILITY_TRACE_32,5000,5500,0.564
35,4,EXACT_FIFO_32,5000,5500,0.544
35,4,EXACT_FIFO_128,5000,5500,0.592
35,4,EXACT_FIFO_512,5000,5500,0.592
35,4,EXACT_FIFO_2048,5000,5500,0.592
35,4,NO_TRACE_CURRENT_32,5000,5500,0.548
35,4,EXACT_REPLAY,5000,5500,0.592
35,4,ELIGIBILITY_TRACE_32,5500,6000,0.508
35,4,EXACT_FIFO_32,5500,6000,0.506
35,4,EXACT_FIFO_128,5500,6000,0.528
35,4,EXACT_FIFO_512,5500,6000,0.528
35,4,EXACT_FIFO_2048,5500,6000,0.528
35,4,NO_TRACE_CURRENT_32,5500,6000,0.506
35,4,EXACT_REPLAY,5500,6000,0.528
35,16,ELIGIBILITY_TRACE_32,0,500,0.504
35,16,EXACT_FIFO_32,0,500,0.504
35,16,EXACT_FIFO_128,0,500,0.504
35,16,EXACT_FIFO_512,0,500,0.508
35,16,EXACT_FIFO_2048,0,500,0.508
35,16,NO_TRACE_CURRENT_32,0,500,0.502
35,16,EXACT_REPLAY,0,500,0.508
35,16,ELIGIBILITY_TRACE_32,500,1000,0.512
35,16,EXACT_FIFO_32,500,1000,0.512
35,16,EXACT_FIFO_128,500,1000,0.512
35,16,EXACT_FIFO_512,500,1000,0.512
35,16,EXACT_FIFO_2048,500,1000,0.512
35,16,NO_TRACE_CURRENT_32,500,1000,0.512
35,16,EXACT_REPLAY,500,1000,0.512
35,16,ELIGIBILITY_TRACE_32,1000,1500,0.518
35,16,EXACT_FIFO_32,1000,1500,0.522
35,16,EXACT_FIFO_128,1000,1500,0.522
35,16,EXACT_FIFO_512,1000,1500,0.532
35,16,EXACT_FIFO_2048,1000,1500,0.532
35,16,NO_TRACE_CURRENT_32,1000,1500,0.518
35,16,EXACT_REPLAY,1000,1500,0.532
35,16,ELIGIBILITY_TRACE_32,1500,2000,0.534
35,16,EXACT_FIFO_32,1500,2000,0.53
35,16,EXACT_FIFO_128,1500,2000,0.53
35,16,EXACT_FIFO_512,1500,2000,0.546
35,16,EXACT_FIFO_2048,1500,2000,0.546
35,16,NO_TRACE_CURRENT_32,1500,2000,0.53
35,16,EXACT_REPLAY,1500,2000,0.546
35,16,ELIGIBILITY_TRACE_32,2000,2500,0.48
35,16,EXACT_FIFO_32,2000,2500,0.474
35,16,EXACT_FIFO_128,2000,2500,0.474
35,16,EXACT_FIFO_512,2000,2500,0.494
35,16,EXACT_FIFO_2048,2000,2500,0.494
35,16,NO_TRACE_CURRENT_32,2000,2500,0.47
35,16,EXACT_REPLAY,2000,2500,0.494
35,16,ELIGIBILITY_TRACE_32,2500,3000,0.492
35,16,EXACT_FIFO_32,2500,3000,0.498
35,16,EXACT_FIFO_128,2500,3000,0.498
35,16,EXACT_FIFO_512,2500,3000,0.506
35,16,EXACT_FIFO_2048,2500,3000,0.506
35,16,NO_TRACE_CURRENT_32,2500,3000,0.49
35,16,EXACT_REPLAY,2500,3000,0.506
35,16,ELIGIBILITY_TRACE_32,3000,3500,0.516
35,16,EXACT_FIFO_32,3000,3500,0.514
35,16,EXACT_FIFO_128,3000,3500,0.514
35,16,EXACT_FIFO_512,3000,3500,0.548
35,16,EXACT_FIFO_2048,3000,3500,0.548
35,16,NO_TRACE_CURRENT_32,3000,3500,0.51
35,16,EXACT_REPLAY,3000,3500,0.548
35,16,ELIGIBILITY_TRACE_32,3500,4000,0.5
35,16,EXACT_FIFO_32,3500,4000,0.494
35,16,EXACT_FIFO_128,3500,4000,0.494
35,16,EXACT_FIFO_512,3500,4000,0.536
35,16,EXACT_FIFO_2048,3500,4000,0.536
35,16,NO_TRACE_CURRENT_32,3500,4000,0.486
35,16,EXACT_REPLAY,3500,4000,0.536
35,16,ELIGIBILITY_TRACE_32,4000,4500,0.504
35,16,EXACT_FIFO_32,4000,4500,0.488
35,16,EXACT_FIFO_128,4000,4500,0.488
35,16,EXACT_FIFO_512,4000,4500,0.538
35,16,EXACT_FIFO_2048,4000,4500,0.538
35,16,NO_TRACE_CURRENT_32,4000,4500,0.484
35,16,EXACT_REPLAY,4000,4500,0.538
35,16,ELIGIBILITY_TRACE_32,4500,5000,0.49
35,16,EXACT_FIFO_32,4500,5000,0.482
35,16,EXACT_FIFO_128,4500,5000,0.482
35,16,EXACT_FIFO_512,4500,5000,0.514
35,16,EXACT_FIFO_2048,4500,5000,0.514
35,16,NO_TRACE_CURRENT_32,4500,5000,0.472
35,16,EXACT_REPLAY,4500,5000,0.514
35,16,ELIGIBILITY_TRACE_32,5000,5500,0.558
35,16,EXACT_FIFO_32,5000,5500,0.544
35,16,EXACT_FIFO_128,5000,5500,0.544
35,16,EXACT_FIFO_512,5000,5500,0.592
35,16,EXACT_FIFO_2048,5000,5500,0.592
35,16,NO_TRACE_CURRENT_32,5000,5500,0.532
35,16,EXACT_REPLAY,5000,5500,0.592
35,16,ELIGIBILITY_TRACE_32,5500,6000,0.502
35,16,EXACT_FIFO_32,5500,6000,0.506
35,16,EXACT_FIFO_128,5500,6000,0.506
35,16,EXACT_FIFO_512,5500,6000,0.528
35,16,EXACT_FIFO_2048,5500,6000,0.528
35,16,NO_TRACE_CURRENT_32,5500,6000,0.502
35,16,EXACT_REPLAY,5500,6000,0.528
35,64,ELIGIBILITY_TRACE_32,0,500,0.504
35,64,EXACT_FIFO_32,0,500,0.504
35,64,EXACT_FIFO_128,0,500,0.504
35,64,EXACT_FIFO_512,0,500,0.504
35,64,EXACT_FIFO_2048,0,500,0.508
35,64,NO_TRACE_CURRENT_32,0,500,0.504
35,64,EXACT_REPLAY,0,500,0.508
35,64,ELIGIBILITY_TRACE_32,500,1000,0.51
35,64,EXACT_FIFO_32,500,1000,0.512
35,64,EXACT_FIFO_128,500,1000,0.512
35,64,EXACT_FIFO_512,500,1000,0.512
35,64,EXACT_FIFO_2048,500,1000,0.508
35,64,NO_TRACE_CURRENT_32,500,1000,0.512
35,64,EXACT_REPLAY,500,1000,0.508
35,64,ELIGIBILITY_TRACE_32,1000,1500,0.526
35,64,EXACT_FIFO_32,1000,1500,0.522
35,64,EXACT_FIFO_128,1000,1500,0.522
35,64,EXACT_FIFO_512,1000,1500,0.522
35,64,EXACT_FIFO_2048,1000,1500,0.532
35,64,NO_TRACE_CURRENT_32,1000,1500,0.522
35,64,EXACT_REPLAY,1000,1500,0.532
35,64,ELIGIBILITY_TRACE_32,1500,2000,0.534
35,64,EXACT_FIFO_32,1500,2000,0.53
35,64,EXACT_FIFO_128,1500,2000,0.53
35,64,EXACT_FIFO_512,1500,2000,0.53
35,64,EXACT_FIFO_2048,1500,2000,0.544
35,64,NO_TRACE_CURRENT_32,1500,2000,0.534
35,64,EXACT_REPLAY,1500,2000,0.544
35,64,ELIGIBILITY_TRACE_32,2000,2500,0.476
35,64,EXACT_FIFO_32,2000,2500,0.474
35,64,EXACT_FIFO_128,2000,2500,0.474
35,64,EXACT_FIFO_512,2000,2500,0.474
35,64,EXACT_FIFO_2048,2000,2500,0.494
35,64,NO_TRACE_CURRENT_32,2000,2500,0.478
35,64,EXACT_REPLAY,2000,2500,0.494
35,64,ELIGIBILITY_TRACE_32,2500,3000,0.484
35,64,EXACT_FIFO_32,2500,3000,0.498
35,64,EXACT_FIFO_128,2500,3000,0.498
35,64,EXACT_FIFO_512,2500,3000,0.498
35,64,EXACT_FIFO_2048,2500,3000,0.506
35,64,NO_TRACE_CURRENT_32,2500,3000,0.492
35,64,EXACT_REPLAY,2500,3000,0.506
35,64,ELIGIBILITY_TRACE_32,3000,3500,0.514
35,64,EXACT_FIFO_32,3000,3500,0.514
35,64,EXACT_FIFO_128,3000,3500,0.514
35,64,EXACT_FIFO_512,3000,3500,0.514
35,64,EXACT_FIFO_2048,3000,3500,0.546
35,64,NO_TRACE_CURRENT_32,3000,3500,0.516
35,64,EXACT_REPLAY,3000,3500,0.546
35,64,ELIGIBILITY_TRACE_32,3500,4000,0.494
35,64,EXACT_FIFO_32,3500,4000,0.494
35,64,EXACT_FIFO_128,3500,4000,0.494
35,64,EXACT_FIFO_512,3500,4000,0.494
35,64,EXACT_FIFO_2048,3500,4000,0.532
35,64,NO_TRACE_CURRENT_32,3500,4000,0.496
35,64,EXACT_REPLAY,3500,4000,0.532
35,64,ELIGIBILITY_TRACE_32,4000,4500,0.486
35,64,EXACT_FIFO_32,4000,4500,0.488
35,64,EXACT_FIFO_128,4000,4500,0.488
35,64,EXACT_FIFO_512,4000,4500,0.488
35,64,EXACT_FIFO_2048,4000,4500,0.536
35,64,NO_TRACE_CURRENT_32,4000,4500,0.484
35,64,EXACT_REPLAY,4000,4500,0.536
35,64,ELIGIBILITY_TRACE_32,4500,5000,0.484
35,64,EXACT_FIFO_32,4500,5000,0.482
35,64,EXACT_FIFO_128,4500,5000,0.482
35,64,EXACT_FIFO_512,4500,5000,0.482
35,64,EXACT_FIFO_2048,4500,5000,0.514
35,64,NO_TRACE_CURRENT_32,4500,5000,0.476
35,64,EXACT_REPLAY,4500,5000,0.514
35,64,ELIGIBILITY_TRACE_32,5000,5500,0.556
35,64,EXACT_FIFO_32,5000,5500,0.544
35,64,EXACT_FIFO_128,5000,5500,0.544
35,64,EXACT_FIFO_512,5000,5500,0.544
35,64,EXACT_FIFO_2048,5000,5500,0.592
35,64,NO_TRACE_CURRENT_32,5000,5500,0.542
35,64,EXACT_REPLAY,5000,5500,0.592
35,64,ELIGIBILITY_TRACE_32,5500,6000,0.506
35,64,EXACT_FIFO_32,5500,6000,0.506
35,64,EXACT_FIFO_128,5500,6000,0.506
35,64,EXACT_FIFO_512,5500,6000,0.506
35,64,EXACT_FIFO_2048,5500,6000,0.528
35,64,NO_TRACE_CURRENT_32,5500,6000,0.506
35,64,EXACT_REPLAY,5500,6000,0.528
36,1,ELIGIBILITY_TRACE_32,0,500,0.518
36,1,EXACT_FIFO_32,0,500,0.52
36,1,EXACT_FIFO_128,0,500,0.52
36,1,EXACT_FIFO_512,0,500,0.52
36,1,EXACT_FIFO_2048,0,500,0.52
36,1,NO_TRACE_CURRENT_32,0,500,0.518
36,1,EXACT_REPLAY,0,500,0.52
36,1,ELIGIBILITY_TRACE_32,500,1000,0.52
36,1,EXACT_FIFO_32,500,1000,0.52
36,1,EXACT_FIFO_128,500,1000,0.52
36,1,EXACT_FIFO_512,500,1000,0.52
36,1,EXACT_FIFO_2048,500,1000,0.52
36,1,NO_TRACE_CURRENT_32,500,1000,0.518
36,1,EXACT_REPLAY,500,1000,0.52
36,1,ELIGIBILITY_TRACE_32,1000,1500,0.494
36,1,EXACT_FIFO_32,1000,1500,0.51
36,1,EXACT_FIFO_128,1000,1500,0.51
36,1,EXACT_FIFO_512,1000,1500,0.51
36,1,EXACT_FIFO_2048,1000,1500,0.51
36,1,NO_TRACE_CURRENT_32,1000,1500,0.49
36,1,EXACT_REPLAY,1000,1500,0.51
36,1,ELIGIBILITY_TRACE_32,1500,2000,0.526
36,1,EXACT_FIFO_32,1500,2000,0.532
36,1,EXACT_FIFO_128,1500,2000,0.532
36,1,EXACT_FIFO_512,1500,2000,0.532
36,1,EXACT_FIFO_2048,1500,2000,0.532
36,1,NO_TRACE_CURRENT_32,1500,2000,0.522
36,1,EXACT_REPLAY,1500,2000,0.532
36,1,ELIGIBILITY_TRACE_32,2000,2500,0.51
36,1,EXACT_FIFO_32,2000,2500,0.532
36,1,EXACT_FIFO_128,2000,2500,0.532
36,1,EXACT_FIFO_512,2000,2500,0.532
36,1,EXACT_FIFO_2048,2000,2500,0.532
36,1,NO_TRACE_CURRENT_32,2000,2500,0.506
36,1,EXACT_REPLAY,2000,2500,0.532
36,1,ELIGIBILITY_TRACE_32,2500,3000,0.536
36,1,EXACT_FIFO_32,2500,3000,0.558
36,1,EXACT_FIFO_128,2500,3000,0.558
36,1,EXACT_FIFO_512,2500,3000,0.558
36,1,EXACT_FIFO_2048,2500,3000,0.558
36,1,NO_TRACE_CURRENT_32,2500,3000,0.526
36,1,EXACT_REPLAY,2500,3000,0.558
36,1,ELIGIBILITY_TRACE_32,3000,3500,0.524
36,1,EXACT_FIFO_32,3000,3500,0.558
36,1,EXACT_FIFO_128,3000,3500,0.558
36,1,EXACT_FIFO_512,3000,3500,0.558
36,1,EXACT_FIFO_2048,3000,3500,0.558
36,1,NO_TRACE_CURRENT_32,3000,3500,0.512
36,1,EXACT_REPLAY,3000,3500,0.558
36,1,ELIGIBILITY_TRACE_32,3500,4000,0.528
36,1,EXACT_FIFO_32,3500,4000,0.572
36,1,EXACT_FIFO_128,3500,4000,0.572
36,1,EXACT_FIFO_512,3500,4000,0.572
36,1,EXACT_FIFO_2048,3500,4000,0.572
36,1,NO_TRACE_CURRENT_32,3500,4000,0.52
36,1,EXACT_REPLAY,3500,4000,0.572
36,1,ELIGIBILITY_TRACE_32,4000,4500,0.548
36,1,EXACT_FIFO_32,4000,4500,0.586
36,1,EXACT_FIFO_128,4000,4500,0.586
36,1,EXACT_FIFO_512,4000,4500,0.586
36,1,EXACT_FIFO_2048,4000,4500,0.586
36,1,NO_TRACE_CURRENT_32,4000,4500,0.528
36,1,EXACT_REPLAY,4000,4500,0.586
36,1,ELIGIBILITY_TRACE_32,4500,5000,0.538
36,1,EXACT_FIFO_32,4500,5000,0.566
36,1,EXACT_FIFO_128,4500,5000,0.566
36,1,EXACT_FIFO_512,4500,5000,0.566
36,1,EXACT_FIFO_2048,4500,5000,0.566
36,1,NO_TRACE_CURRENT_32,4500,5000,0.508
36,1,EXACT_REPLAY,4500,5000,0.566
36,1,ELIGIBILITY_TRACE_32,5000,5500,0.496
36,1,EXACT_FIFO_32,5000,5500,0.54
36,1,EXACT_FIFO_128,5000,5500,0.54
36,1,EXACT_FIFO_512,5000,5500,0.54
36,1,EXACT_FIFO_2048,5000,5500,0.54
36,1,NO_TRACE_CURRENT_32,5000,5500,0.488
36,1,EXACT_REPLAY,5000,5500,0.54
36,1,ELIGIBILITY_TRACE_32,5500,6000,0.5
36,1,EXACT_FIFO_32,5500,6000,0.57
36,1,EXACT_FIFO_128,5500,6000,0.57
36,1,EXACT_FIFO_512,5500,6000,0.57
36,1,EXACT_FIFO_2048,5500,6000,0.57
36,1,NO_TRACE_CURRENT_32,5500,6000,0.486
36,1,EXACT_REPLAY,5500,6000,0.57
36,4,ELIGIBILITY_TRACE_32,0,500,0.518
36,4,EXACT_FIFO_32,0,500,0.516
36,4,EXACT_FIFO_128,0,500,0.52
36,4,EXACT_FIFO_512,0,500,0.52
36,4,EXACT_FIFO_2048,0,500,0.52
36,4,NO_TRACE_CURRENT_32,0,500,0.518
36,4,EXACT_REPLAY,0,500,0.52
36,4,ELIGIBILITY_TRACE_32,500,1000,0.52
36,4,EXACT_FIFO_32,500,1000,0.518
36,4,EXACT_FIFO_128,500,1000,0.52
36,4,EXACT_FIFO_512,500,1000,0.52
36,4,EXACT_FIFO_2048,500,1000,0.52
36,4,NO_TRACE_CURRENT_32,500,1000,0.514
36,4,EXACT_REPLAY,500,1000,0.52
36,4,ELIGIBILITY_TRACE_32,1000,1500,0.492
36,4,EXACT_FIFO_32,1000,1500,0.49
36,4,EXACT_FIFO_128,1000,1500,0.51
36,4,EXACT_FIFO_512,1000,1500,0.51
36,4,EXACT_FIFO_2048,1000,1500,0.51
36,4,NO_TRACE_CURRENT_32,1000,1500,0.486
36,4,EXACT_REPLAY,1000,1500,0.51
36,4,ELIGIBILITY_TRACE_32,1500,2000,0.524
36,4,EXACT_FIFO_32,1500,2000,0.514
36,4,EXACT_FIFO_128,1500,2000,0.532
36,4,EXACT_FIFO_512,1500,2000,0.532
36,4,EXACT_FIFO_2048,1500,2000,0.532
36,4,NO_TRACE_CURRENT_32,1500,2000,0.512
36,4,EXACT_REPLAY,1500,2000,0.532
36,4,ELIGIBILITY_TRACE_32,2000,2500,0.514
36,4,EXACT_FIFO_32,2000,2500,0.51
36,4,EXACT_FIFO_128,2000,2500,0.532
36,4,EXACT_FIFO_512,2000,2500,0.532
36,4,EXACT_FIFO_2048,2000,2500,0.532
36,4,NO_TRACE_CURRENT_32,2000,2500,0.504
36,4,EXACT_REPLAY,2000,2500,0.532
36,4,ELIGIBILITY_TRACE_32,2500,3000,0.534
36,4,EXACT_FIFO_32,2500,3000,0.518
36,4,EXACT_FIFO_128,2500,3000,0.558
36,4,EXACT_FIFO_512,2500,3000,0.558
36,4,EXACT_FIFO_2048,2500,3000,0.558
36,4,NO_TRACE_CURRENT_32,2500,3000,0.516
36,4,EXACT_REPLAY,2500,3000,0.558
36,4,ELIGIBILITY_TRACE_32,3000,3500,0.524
36,4,EXACT_FIFO_32,3000,3500,0.51
36,4,EXACT_FIFO_128,3000,3500,0.556
36,4,EXACT_FIFO_512,3000,3500,0.556
36,4,EXACT_FIFO_2048,3000,3500,0.556
36,4,NO_TRACE_CURRENT_32,3000,3500,0.512
36,4,EXACT_REPLAY,3000,3500,0.556
36,4,ELIGIBILITY_TRACE_32,3500,4000,0.528
36,4,EXACT_FIFO_32,3500,4000,0.514
36,4,EXACT_FIFO_128,3500,4000,0.572
36,4,EXACT_FIFO_512,3500,4000,0.572
36,4,EXACT_FIFO_2048,3500,4000,0.572
36,4,NO_TRACE_CURRENT_32,3500,4000,0.51
36,4,EXACT_REPLAY,3500,4000,0.572
36,4,ELIGIBILITY_TRACE_32,4000,4500,0.548
36,4,EXACT_FIFO_32,4000,4500,0.516
36,4,EXACT_FIFO_128,4000,4500,0.586
36,4,EXACT_FIFO_512,4000,4500,0.586
36,4,EXACT_FIFO_2048,4000,4500,0.586
36,4,NO_TRACE_CURRENT_32,4000,4500,0.518
36,4,EXACT_REPLAY,4000,4500,0.586
36,4,ELIGIBILITY_TRACE_32,4500,5000,0.53
36,4,EXACT_FIFO_32,4500,5000,0.502
36,4,EXACT_FIFO_128,4500,5000,0.568
36,4,EXACT_FIFO_512,4500,5000,0.568
36,4,EXACT_FIFO_2048,4500,5000,0.568
36,4,NO_TRACE_CURRENT_32,4500,5000,0.5
36,4,EXACT_REPLAY,4500,5000,0.568
36,4,ELIGIBILITY_TRACE_32,5000,5500,0.496
36,4,EXACT_FIFO_32,5000,5500,0.486
36,4,EXACT_FIFO_128,5000,5500,0.54
36,4,EXACT_FIFO_512,5000,5500,0.54
36,4,EXACT_FIFO_2048,5000,5500,0.54
36,4,NO_TRACE_CURRENT_32,5000,5500,0.486
36,4,EXACT_REPLAY,5000,5500,0.54
36,4,ELIGIBILITY_TRACE_32,5500,6000,0.504
36,4,EXACT_FIFO_32,5500,6000,0.484
36,4,EXACT_FIFO_128,5500,6000,0.57
36,4,EXACT_FIFO_512,5500,6000,0.57
36,4,EXACT_FIFO_2048,5500,6000,0.57
36,4,NO_TRACE_CURRENT_32,5500,6000,0.48
36,4,EXACT_REPLAY,5500,6000,0.57
36,16,ELIGIBILITY_TRACE_32,0,500,0.514
36,16,EXACT_FIFO_32,0,500,0.516
36,16,EXACT_FIFO_128,0,500,0.516
36,16,EXACT_FIFO_512,0,500,0.52
36,16,EXACT_FIFO_2048,0,500,0.52
36,16,NO_TRACE_CURRENT_32,0,500,0.518
36,16,EXACT_REPLAY,0,500,0.52
36,16,ELIGIBILITY_TRACE_32,500,1000,0.516
36,16,EXACT_FIFO_32,500,1000,0.518
36,16,EXACT_FIFO_128,500,1000,0.518
36,16,EXACT_FIFO_512,500,1000,0.52
36,16,EXACT_FIFO_2048,500,1000,0.52
36,16,NO_TRACE_CURRENT_32,500,1000,0.516
36,16,EXACT_REPLAY,500,1000,0.52
36,16,ELIGIBILITY_TRACE_32,1000,1500,0.492
36,16,EXACT_FIFO_32,1000,1500,0.49
36,16,EXACT_FIFO_128,1000,1500,0.49
36,16,EXACT_FIFO_512,1000,1500,0.51
36,16,EXACT_FIFO_2048,1000,1500,0.51
36,16,NO_TRACE_CURRENT_32,1000,1500,0.488
36,16,EXACT_REPLAY,1000,1500,0.51
36,16,ELIGIBILITY_TRACE_32,1500,2000,0.518
36,16,EXACT_FIFO_32,1500,2000,0.514
36,16,EXACT_FIFO_128,1500,2000,0.514
36,16,EXACT_FIFO_512,1500,2000,0.532
36,16,EXACT_FIFO_2048,1500,2000,0.532
36,16,NO_TRACE_CURRENT_32,1500,2000,0.51
36,16,EXACT_REPLAY,1500,2000,0.532
36,16,ELIGIBILITY_TRACE_32,2000,2500,0.516
36,16,EXACT_FIFO_32,2000,2500,0.51
36,16,EXACT_FIFO_128,2000,2500,0.51
36,16,EXACT_FIFO_512,2000,2500,0.532
36,16,EXACT_FIFO_2048,2000,2500,0.532
36,16,NO_TRACE_CURRENT_32,2000,2500,0.51
36,16,EXACT_REPLAY,2000,2500,0.532
36,16,ELIGIBILITY_TRACE_32,2500,3000,0.534
36,16,EXACT_FIFO_32,2500,3000,0.518
36,16,EXACT_FIFO_128,2500,3000,0.518
36,16,EXACT_FIFO_512,2500,3000,0.558
36,16,EXACT_FIFO_2048,2500,3000,0.558
36,16,NO_TRACE_CURRENT_32,2500,3000,0.518
36,16,EXACT_REPLAY,2500,3000,0.558
36,16,ELIGIBILITY_TRACE_32,3000,3500,0.516
36,16,EXACT_FIFO_32,3000,3500,0.51
36,16,EXACT_FIFO_128,3000,3500,0.51
36,16,EXACT_FIFO_512,3000,3500,0.556
36,16,EXACT_FIFO_2048,3000,3500,0.556
36,16,NO_TRACE_CURRENT_32,3000,3500,0.506
36,16,EXACT_REPLAY,3000,3500,0.556
36,16,ELIGIBILITY_TRACE_32,3500,4000,0.52
36,16,EXACT_FIFO_32,3500,4000,0.514
36,16,EXACT_FIFO_128,3500,4000,0.514
36,16,EXACT_FIFO_512,3500,4000,0.57
36,16,EXACT_FIFO_2048,3500,4000,0.57
36,16,NO_TRACE_CURRENT_32,3500,4000,0.506
36,16,EXACT_REPLAY,3500,4000,0.57
36,16,ELIGIBILITY_TRACE_32,4000,4500,0.544
36,16,EXACT_FIFO_32,4000,4500,0.516
36,16,EXACT_FIFO_128,4000,4500,0.516
36,16,EXACT_FIFO_512,4000,4500,0.586
36,16,EXACT_FIFO_2048,4000,4500,0.586
36,16,NO_TRACE_CURRENT_32,4000,4500,0.514
36,16,EXACT_REPLAY,4000,4500,0.586
36,16,ELIGIBILITY_TRACE_32,4500,5000,0.52
36,16,EXACT_FIFO_32,4500,5000,0.502
36,16,EXACT_FIFO_128,4500,5000,0.502
36,16,EXACT_FIFO_512,4500,5000,0.568
36,16,EXACT_FIFO_2048,4500,5000,0.568
36,16,NO_TRACE_CURRENT_32,4500,5000,0.5
36,16,EXACT_REPLAY,4500,5000,0.568
36,16,ELIGIBILITY_TRACE_32,5000,5500,0.494
36,16,EXACT_FIFO_32,5000,5500,0.486
36,16,EXACT_FIFO_128,5000,5500,0.486
36,16,EXACT_FIFO_512,5000,5500,0.54
36,16,EXACT_FIFO_2048,5000,5500,0.54
36,16,NO_TRACE_CURRENT_32,5000,5500,0.488
36,16,EXACT_REPLAY,5000,5500,0.54
36,16,ELIGIBILITY_TRACE_32,5500,6000,0.492
36,16,EXACT_FIFO_32,5500,6000,0.484
36,16,EXACT_FIFO_128,5500,6000,0.484
36,16,EXACT_FIFO_512,5500,6000,0.57
36,16,EXACT_FIFO_2048,5500,6000,0.57
36,16,NO_TRACE_CURRENT_32,5500,6000,0.484
36,16,EXACT_REPLAY,5500,6000,0.57
36,64,ELIGIBILITY_TRACE_32,0,500,0.516
36,64,EXACT_FIFO_32,0,500,0.516
36,64,EXACT_FIFO_128,0,500,0.516
36,64,EXACT_FIFO_512,0,500,0.516
36,64,EXACT_FIFO_2048,0,500,0.518
36,64,NO_TRACE_CURRENT_32,0,500,0.516
36,64,EXACT_REPLAY,0,500,0.518
36,64,ELIGIBILITY_TRACE_32,500,1000,0.518
36,64,EXACT_FIFO_32,500,1000,0.518
36,64,EXACT_FIFO_128,500,1000,0.518
36,64,EXACT_FIFO_512,500,1000,0.518
36,64,EXACT_FIFO_2048,500,1000,0.52
36,64,NO_TRACE_CURRENT_32,500,1000,0.518
36,64,EXACT_REPLAY,500,1000,0.52
36,64,ELIGIBILITY_TRACE_32,1000,1500,0.492
36,64,EXACT_FIFO_32,1000,1500,0.49
36,64,EXACT_FIFO_128,1000,1500,0.49
36,64,EXACT_FIFO_512,1000,1500,0.49
36,64,EXACT_FIFO_2048,1000,1500,0.51
36,64,NO_TRACE_CURRENT_32,1000,1500,0.486
36,64,EXACT_REPLAY,1000,1500,0.51
36,64,ELIGIBILITY_TRACE_32,1500,2000,0.526
36,64,EXACT_FIFO_32,1500,2000,0.514
36,64,EXACT_FIFO_128,1500,2000,0.514
36,64,EXACT_FIFO_512,1500,2000,0.514
36,64,EXACT_FIFO_2048,1500,2000,0.53
36,64,NO_TRACE_CURRENT_32,1500,2000,0.514
36,64,EXACT_REPLAY,1500,2000,0.53
36,64,ELIGIBILITY_TRACE_32,2000,2500,0.514
36,64,EXACT_FIFO_32,2000,2500,0.51
36,64,EXACT_FIFO_128,2000,2500,0.51
36,64,EXACT_FIFO_512,2000,2500,0.51
36,64,EXACT_FIFO_2048,2000,2500,0.534
36,64,NO_TRACE_CURRENT_32,2000,2500,0.51
36,64,EXACT_REPLAY,2000,2500,0.534
36,64,ELIGIBILITY_TRACE_32,2500,3000,0.528
36,64,EXACT_FIFO_32,2500,3000,0.518
36,64,EXACT_FIFO_128,2500,3000,0.518
36,64,EXACT_FIFO_512,2500,3000,0.518
36,64,EXACT_FIFO_2048,2500,3000,0.558
36,64,NO_TRACE_CURRENT_32,2500,3000,0.516
36,64,EXACT_REPLAY,2500,3000,0.558
36,64,ELIGIBILITY_TRACE_32,3000,3500,0.516
36,64,EXACT_FIFO_32,3000,3500,0.51
36,64,EXACT_FIFO_128,3000,3500,0.51
36,64,EXACT_FIFO_512,3000,3500,0.51
36,64,EXACT_FIFO_2048,3000,3500,0.556
36,64,NO_TRACE_CURRENT_32,3000,3500,0.508
36,64,EXACT_REPLAY,3000,3500,0.556
36,64,ELIGIBILITY_TRACE_32,3500,4000,0.516
36,64,EXACT_FIFO_32,3500,4000,0.514
36,64,EXACT_FIFO_128,3500,4000,0.514
36,64,EXACT_FIFO_512,3500,4000,0.514
36,64,EXACT_FIFO_2048,3500,4000,0.568
36,64,NO_TRACE_CURRENT_32,3500,4000,0.51
36,64,EXACT_REPLAY,3500,4000,0.568
36,64,ELIGIBILITY_TRACE_32,4000,4500,0.532
36,64,EXACT_FIFO_32,4000,4500,0.516
36,64,EXACT_FIFO_128,4000,4500,0.516
36,64,EXACT_FIFO_512,4000,4500,0.516
36,64,EXACT_FIFO_2048,4000,4500,0.586
36,64,NO_TRACE_CURRENT_32,4000,4500,0.51
36,64,EXACT_REPLAY,4000,4500,0.586
36,64,ELIGIBILITY_TRACE_32,4500,5000,0.518
36,64,EXACT_FIFO_32,4500,5000,0.502
36,64,EXACT_FIFO_128,4500,5000,0.502
36,64,EXACT_FIFO_512,4500,5000,0.502
36,64,EXACT_FIFO_2048,4500,5000,0.568
36,64,NO_TRACE_CURRENT_32,4500,5000,0.5
36,64,EXACT_REPLAY,4500,5000,0.568
36,64,ELIGIBILITY_TRACE_32,5000,5500,0.492
36,64,EXACT_FIFO_32,5000,5500,0.486
36,64,EXACT_FIFO_128,5000,5500,0.486
36,64,EXACT_FIFO_512,5000,5500,0.486
36,64,EXACT_FIFO_2048,5000,5500,0.54
36,64,NO_TRACE_CURRENT_32,5000,5500,0.482
36,64,EXACT_REPLAY,5000,5500,0.54
36,64,ELIGIBILITY_TRACE_32,5500,6000,0.49
36,64,EXACT_FIFO_32,5500,6000,0.484
36,64,EXACT_FIFO_128,5500,6000,0.484
36,64,EXACT_FIFO_512,5500,6000,0.484
36,64,EXACT_FIFO_2048,5500,6000,0.57
36,64,NO_TRACE_CURRENT_32,5500,6000,0.476
36,64,EXACT_REPLAY,5500,6000,0.57
37,1,ELIGIBILITY_TRACE_32,0,500,0.54
37,1,EXACT_FIFO_32,0,500,0.538
37,1,EXACT_FIFO_128,0,500,0.538
37,1,EXACT_FIFO_512,0,500,0.538
37,1,EXACT_FIFO_2048,0,500,0.538
37,1,NO_TRACE_CURRENT_32,0,500,0.54
37,1,EXACT_REPLAY,0,500,0.538
37,1,ELIGIBILITY_TRACE_32,500,1000,0.46
37,1,EXACT_FIFO_32,500,1000,0.466
37,1,EXACT_FIFO_128,500,1000,0.466
37,1,EXACT_FIFO_512,500,1000,0.466
37,1,EXACT_FIFO_2048,500,1000,0.466
37,1,NO_TRACE_CURRENT_32,500,1000,0.458
37,1,EXACT_REPLAY,500,1000,0.466
37,1,ELIGIBILITY_TRACE_32,1000,1500,0.498
37,1,EXACT_FIFO_32,1000,1500,0.502
37,1,EXACT_FIFO_128,1000,1500,0.502
37,1,EXACT_FIFO_512,1000,1500,0.502
37,1,EXACT_FIFO_2048,1000,1500,0.502
37,1,NO_TRACE_CURRENT_32,1000,1500,0.498
37,1,EXACT_REPLAY,1000,1500,0.502
37,1,ELIGIBILITY_TRACE_32,1500,2000,0.462
37,1,EXACT_FIFO_32,1500,2000,0.47
37,1,EXACT_FIFO_128,1500,2000,0.47
37,1,EXACT_FIFO_512,1500,2000,0.47
37,1,EXACT_FIFO_2048,1500,2000,0.47
37,1,NO_TRACE_CURRENT_32,1500,2000,0.46
37,1,EXACT_REPLAY,1500,2000,0.47
37,1,ELIGIBILITY_TRACE_32,2000,2500,0.456
37,1,EXACT_FIFO_32,2000,2500,0.47
37,1,EXACT_FIFO_128,2000,2500,0.47
37,1,EXACT_FIFO_512,2000,2500,0.47
37,1,EXACT_FIFO_2048,2000,2500,0.47
37,1,NO_TRACE_CURRENT_32,2000,2500,0.454
37,1,EXACT_REPLAY,2000,2500,0.47
37,1,ELIGIBILITY_TRACE_32,2500,3000,0.498
37,1,EXACT_FIFO_32,2500,3000,0.518
37,1,EXACT_FIFO_128,2500,3000,0.518
37,1,EXACT_FIFO_512,2500,3000,0.518
37,1,EXACT_FIFO_2048,2500,3000,0.518
37,1,NO_TRACE_CURRENT_32,2500,3000,0.498
37,1,EXACT_REPLAY,2500,3000,0.518
37,1,ELIGIBILITY_TRACE_32,3000,3500,0.55
37,1,EXACT_FIFO_32,3000,3500,0.564
37,1,EXACT_FIFO_128,3000,3500,0.564
37,1,EXACT_FIFO_512,3000,3500,0.564
37,1,EXACT_FIFO_2048,3000,3500,0.564
37,1,NO_TRACE_CURRENT_32,3000,3500,0.542
37,1,EXACT_REPLAY,3000,3500,0.564
37,1,ELIGIBILITY_TRACE_32,3500,4000,0.528
37,1,EXACT_FIFO_32,3500,4000,0.536
37,1,EXACT_FIFO_128,3500,4000,0.536
37,1,EXACT_FIFO_512,3500,4000,0.536
37,1,EXACT_FIFO_2048,3500,4000,0.536
37,1,NO_TRACE_CURRENT_32,3500,4000,0.53
37,1,EXACT_REPLAY,3500,4000,0.536
37,1,ELIGIBILITY_TRACE_32,4000,4500,0.476
37,1,EXACT_FIFO_32,4000,4500,0.506
37,1,EXACT_FIFO_128,4000,4500,0.506
37,1,EXACT_FIFO_512,4000,4500,0.506
37,1,EXACT_FIFO_2048,4000,4500,0.506
37,1,NO_TRACE_CURRENT_32,4000,4500,0.474
37,1,EXACT_REPLAY,4000,4500,0.506
37,1,ELIGIBILITY_TRACE_32,4500,5000,0.51
37,1,EXACT_FIFO_32,4500,5000,0.524
37,1,EXACT_FIFO_128,4500,5000,0.524
37,1,EXACT_FIFO_512,4500,5000,0.524
37,1,EXACT_FIFO_2048,4500,5000,0.524
37,1,NO_TRACE_CURRENT_32,4500,5000,0.508
37,1,EXACT_REPLAY,4500,5000,0.524
37,1,ELIGIBILITY_TRACE_32,5000,5500,0.466
37,1,EXACT_FIFO_32,5000,5500,0.502
37,1,EXACT_FIFO_128,5000,5500,0.502
37,1,EXACT_FIFO_512,5000,5500,0.502
37,1,EXACT_FIFO_2048,5000,5500,0.502
37,1,NO_TRACE_CURRENT_32,5000,5500,0.464
37,1,EXACT_REPLAY,5000,5500,0.502
37,1,ELIGIBILITY_TRACE_32,5500,6000,0.512
37,1,EXACT_FIFO_32,5500,6000,0.53
37,1,EXACT_FIFO_128,5500,6000,0.53
37,1,EXACT_FIFO_512,5500,6000,0.53
37,1,EXACT_FIFO_2048,5500,6000,0.53
37,1,NO_TRACE_CURRENT_32,5500,6000,0.494
37,1,EXACT_REPLAY,5500,6000,0.53
37,4,ELIGIBILITY_TRACE_32,0,500,0.538
37,4,EXACT_FIFO_32,0,500,0.54
37,4,EXACT_FIFO_128,0,500,0.538
37,4,EXACT_FIFO_512,0,500,0.538
37,4,EXACT_FIFO_2048,0,500,0.538
37,4,NO_TRACE_CURRENT_32,0,500,0.54
37,4,EXACT_REPLAY,0,500,0.538
37,4,ELIGIBILITY_TRACE_32,500,1000,0.462
37,4,EXACT_FIFO_32,500,1000,0.46
37,4,EXACT_FIFO_128,500,1000,0.466
37,4,EXACT_FIFO_512,500,1000,0.466
37,4,EXACT_FIFO_2048,500,1000,0.466
37,4,NO_TRACE_CURRENT_32,500,1000,0.462
37,4,EXACT_REPLAY,500,1000,0.466
37,4,ELIGIBILITY_TRACE_32,1000,1500,0.498
37,4,EXACT_FIFO_32,1000,1500,0.498
37,4,EXACT_FIFO_128,1000,1500,0.504
37,4,EXACT_FIFO_512,1000,1500,0.504
37,4,EXACT_FIFO_2048,1000,1500,0.504
37,4,NO_TRACE_CURRENT_32,1000,1500,0.5
37,4,EXACT_REPLAY,1000,1500,0.504
37,4,ELIGIBILITY_TRACE_32,1500,2000,0.462
37,4,EXACT_FIFO_32,1500,2000,0.462
37,4,EXACT_FIFO_128,1500,2000,0.468
37,4,EXACT_FIFO_512,1500,2000,0.468
37,4,EXACT_FIFO_2048,1500,2000,0.468
37,4,NO_TRACE_CURRENT_32,1500,2000,0.466
37,4,EXACT_REPLAY,1500,2000,0.468
37,4,ELIGIBILITY_TRACE_32,2000,2500,0.464
37,4,EXACT_FIFO_32,2000,2500,0.452
37,4,EXACT_FIFO_128,2000,2500,0.472
37,4,EXACT_FIFO_512,2000,2500,0.472
37,4,EXACT_FIFO_2048,2000,2500,0.472
37,4,NO_TRACE_CURRENT_32,2000,2500,0.458
37,4,EXACT_REPLAY,2000,2500,0.472
37,4,ELIGIBILITY_TRACE_32,2500,3000,0.498
37,4,EXACT_FIFO_32,2500,3000,0.498
37,4,EXACT_FIFO_128,2500,3000,0.518
37,4,EXACT_FIFO_512,2500,3000,0.518
37,4,EXACT_FIFO_2048,2500,3000,0.518
37,4,NO_TRACE_CURRENT_32,2500,3000,0.498
37,4,EXACT_REPLAY,2500,3000,0.518
37,4,ELIGIBILITY_TRACE_32,3000,3500,0.55
37,4,EXACT_FIFO_32,3000,3500,0.548
37,4,EXACT_FIFO_128,3000,3500,0.564
37,4,EXACT_FIFO_512,3000,3500,0.564
37,4,EXACT_FIFO_2048,3000,3500,0.564
37,4,NO_TRACE_CURRENT_32,3000,3500,0.546
37,4,EXACT_REPLAY,3000,3500,0.564
37,4,ELIGIBILITY_TRACE_32,3500,4000,0.53
37,4,EXACT_FIFO_32,3500,4000,0.528
37,4,EXACT_FIFO_128,3500,4000,0.536
37,4,EXACT_FIFO_512,3500,4000,0.536
37,4,EXACT_FIFO_2048,3500,4000,0.536
37,4,NO_TRACE_CURRENT_32,3500,4000,0.528
37,4,EXACT_REPLAY,3500,4000,0.536
37,4,ELIGIBILITY_TRACE_32,4000,4500,0.474
37,4,EXACT_FIFO_32,4000,4500,0.47
37,4,EXACT_FIFO_128,4000,4500,0.506
37,4,EXACT_FIFO_512,4000,4500,0.506
37,4,EXACT_FIFO_2048,4000,4500,0.506
37,4,NO_TRACE_CURRENT_32,4000,4500,0.472
37,4,EXACT_REPLAY,4000,4500,0.506
37,4,ELIGIBILITY_TRACE_32,4500,5000,0.512
37,4,EXACT_FIFO_32,4500,5000,0.508
37,4,EXACT_FIFO_128,4500,5000,0.524
37,4,EXACT_FIFO_512,4500,5000,0.524
37,4,EXACT_FIFO_2048,4500,5000,0.524
37,4,NO_TRACE_CURRENT_32,4500,5000,0.506
37,4,EXACT_REPLAY,4500,5000,0.524
37,4,ELIGIBILITY_TRACE_32,5000,5500,0.464
37,4,EXACT_FIFO_32,5000,5500,0.464
37,4,EXACT_FIFO_128,5000,5500,0.502
37,4,EXACT_FIFO_512,5000,5500,0.502
37,4,EXACT_FIFO_2048,5000,5500,0.502
37,4,NO_TRACE_CURRENT_32,5000,5500,0.47
37,4,EXACT_REPLAY,5000,5500,0.502
37,4,ELIGIBILITY_TRACE_32,5500,6000,0.512
37,4,EXACT_FIFO_32,5500,6000,0.504
37,4,EXACT_FIFO_128,5500,6000,0.524
37,4,EXACT_FIFO_512,5500,6000,0.524
37,4,EXACT_FIFO_2048,5500,6000,0.524
37,4,NO_TRACE_CURRENT_32,5500,6000,0.508
37,4,EXACT_REPLAY,5500,6000,0.524
37,16,ELIGIBILITY_TRACE_32,0,500,0.538
37,16,EXACT_FIFO_32,0,500,0.54
37,16,EXACT_FIFO_128,0,500,0.54
37,16,EXACT_FIFO_512,0,500,0.538
37,16,EXACT_FIFO_2048,0,500,0.538
37,16,NO_TRACE_CURRENT_32,0,500,0.54
37,16,EXACT_REPLAY,0,500,0.538
37,16,ELIGIBILITY_TRACE_32,500,1000,0.46
37,16,EXACT_FIFO_32,500,1000,0.46
37,16,EXACT_FIFO_128,500,1000,0.46
37,16,EXACT_FIFO_512,500,1000,0.466
37,16,EXACT_FIFO_2048,500,1000,0.466
37,16,NO_TRACE_CURRENT_32,500,1000,0.462
37,16,EXACT_REPLAY,500,1000,0.466
37,16,ELIGIBILITY_TRACE_32,1000,1500,0.498
37,16,EXACT_FIFO_32,1000,1500,0.498
37,16,EXACT_FIFO_128,1000,1500,0.498
37,16,EXACT_FIFO_512,1000,1500,0.504
37,16,EXACT_FIFO_2048,1000,1500,0.504
37,16,NO_TRACE_CURRENT_32,1000,1500,0.5
37,16,EXACT_REPLAY,1000,1500,0.504
37,16,ELIGIBILITY_TRACE_32,1500,2000,0.46
37,16,EXACT_FIFO_32,1500,2000,0.462
37,16,EXACT_FIFO_128,1500,2000,0.462
37,16,EXACT_FIFO_512,1500,2000,0.47
37,16,EXACT_FIFO_2048,1500,2000,0.47
37,16,NO_TRACE_CURRENT_32,1500,2000,0.46
37,16,EXACT_REPLAY,1500,2000,0.47
37,16,ELIGIBILITY_TRACE_32,2000,2500,0.458
37,16,EXACT_FIFO_32,2000,2500,0.452
37,16,EXACT_FIFO_128,2000,2500,0.452
37,16,EXACT_FIFO_512,2000,2500,0.472
37,16,EXACT_FIFO_2048,2000,2500,0.472
37,16,NO_TRACE_CURRENT_32,2000,2500,0.456
37,16,EXACT_REPLAY,2000,2500,0.472
37,16,ELIGIBILITY_TRACE_32,2500,3000,0.498
37,16,EXACT_FIFO_32,2500,3000,0.498
37,16,EXACT_FIFO_128,2500,3000,0.498
37,16,EXACT_FIFO_512,2500,3000,0.518
37,16,EXACT_FIFO_2048,2500,3000,0.518
37,16,NO_TRACE_CURRENT_32,2500,3000,0.496
37,16,EXACT_REPLAY,2500,3000,0.518
37,16,ELIGIBILITY_TRACE_32,3000,3500,0.548
37,16,EXACT_FIFO_32,3000,3500,0.548
37,16,EXACT_FIFO_128,3000,3500,0.548
37,16,EXACT_FIFO_512,3000,3500,0.564
37,16,EXACT_FIFO_2048,3000,3500,0.564
37,16,NO_TRACE_CURRENT_32,3000,3500,0.546
37,16,EXACT_REPLAY,3000,3500,0.564
37,16,ELIGIBILITY_TRACE_32,3500,4000,0.526
37,16,EXACT_FIFO_32,3500,4000,0.528
37,16,EXACT_FIFO_128,3500,4000,0.528
37,16,EXACT_FIFO_512,3500,4000,0.538
37,16,EXACT_FIFO_2048,3500,4000,0.538
37,16,NO_TRACE_CURRENT_32,3500,4000,0.524
37,16,EXACT_REPLAY,3500,4000,0.538
37,16,ELIGIBILITY_TRACE_32,4000,4500,0.472
37,16,EXACT_FIFO_32,4000,4500,0.47
37,16,EXACT_FIFO_128,4000,4500,0.47
37,16,EXACT_FIFO_512,4000,4500,0.506
37,16,EXACT_FIFO_2048,4000,4500,0.506
37,16,NO_TRACE_CURRENT_32,4000,4500,0.466
37,16,EXACT_REPLAY,4000,4500,0.506
37,16,ELIGIBILITY_TRACE_32,4500,5000,0.506
37,16,EXACT_FIFO_32,4500,5000,0.508
37,16,EXACT_FIFO_128,4500,5000,0.508
37,16,EXACT_FIFO_512,4500,5000,0.524
37,16,EXACT_FIFO_2048,4500,5000,0.524
37,16,NO_TRACE_CURRENT_32,4500,5000,0.51
37,16,EXACT_REPLAY,4500,5000,0.524
37,16,ELIGIBILITY_TRACE_32,5000,5500,0.464
37,16,EXACT_FIFO_32,5000,5500,0.464
37,16,EXACT_FIFO_128,5000,5500,0.464
37,16,EXACT_FIFO_512,5000,5500,0.502
37,16,EXACT_FIFO_2048,5000,5500,0.502
37,16,NO_TRACE_CURRENT_32,5000,5500,0.47
37,16,EXACT_REPLAY,5000,5500,0.502
37,16,ELIGIBILITY_TRACE_32,5500,6000,0.506
37,16,EXACT_FIFO_32,5500,6000,0.504
37,16,EXACT_FIFO_128,5500,6000,0.504
37,16,EXACT_FIFO_512,5500,6000,0.53
37,16,EXACT_FIFO_2048,5500,6000,0.53
37,16,NO_TRACE_CURRENT_32,5500,6000,0.5
37,16,EXACT_REPLAY,5500,6000,0.53
37,64,ELIGIBILITY_TRACE_32,0,500,0.538
37,64,EXACT_FIFO_32,0,500,0.54
37,64,EXACT_FIFO_128,0,500,0.54
37,64,EXACT_FIFO_512,0,500,0.54
37,64,EXACT_FIFO_2048,0,500,0.54
37,64,NO_TRACE_CURRENT_32,0,500,0.538
37,64,EXACT_REPLAY,0,500,0.54
37,64,ELIGIBILITY_TRACE_32,500,1000,0.458
37,64,EXACT_FIFO_32,500,1000,0.46
37,64,EXACT_FIFO_128,500,1000,0.46
37,64,EXACT_FIFO_512,500,1000,0.46
37,64,EXACT_FIFO_2048,500,1000,0.466
37,64,NO_TRACE_CURRENT_32,500,1000,0.462
37,64,EXACT_REPLAY,500,1000,0.466
37,64,ELIGIBILITY_TRACE_32,1000,1500,0.496
37,64,EXACT_FIFO_32,1000,1500,0.498
37,64,EXACT_FIFO_128,1000,1500,0.498
37,64,EXACT_FIFO_512,1000,1500,0.498
37,64,EXACT_FIFO_2048,1000,1500,0.502
37,64,NO_TRACE_CURRENT_32,1000,1500,0.5
37,64,EXACT_REPLAY,1000,1500,0.502
37,64,ELIGIBILITY_TRACE_32,1500,2000,0.464
37,64,EXACT_FIFO_32,1500,2000,0.462
37,64,EXACT_FIFO_128,1500,2000,0.462
37,64,EXACT_FIFO_512,1500,2000,0.462
37,64,EXACT_FIFO_2048,1500,2000,0.468
37,64,NO_TRACE_CURRENT_32,1500,2000,0.46
37,64,EXACT_REPLAY,1500,2000,0.468
37,64,ELIGIBILITY_TRACE_32,2000,2500,0.458
37,64,EXACT_FIFO_32,2000,2500,0.452
37,64,EXACT_FIFO_128,2000,2500,0.452
37,64,EXACT_FIFO_512,2000,2500,0.452
37,64,EXACT_FIFO_2048,2000,2500,0.47
37,64,NO_TRACE_CURRENT_32,2000,2500,0.458
37,64,EXACT_REPLAY,2000,2500,0.47
37,64,ELIGIBILITY_TRACE_32,2500,3000,0.498
37,64,EXACT_FIFO_32,2500,3000,0.498
37,64,EXACT_FIFO_128,2500,3000,0.498
37,64,EXACT_FIFO_512,2500,3000,0.498
37,64,EXACT_FIFO_2048,2500,3000,0.522
37,64,NO_TRACE_CURRENT_32,2500,3000,0.498
37,64,EXACT_REPLAY,2500,3000,0.522
37,64,ELIGIBILITY_TRACE_32,3000,3500,0.544
37,64,EXACT_FIFO_32,3000,3500,0.548
37,64,EXACT_FIFO_128,3000,3500,0.548
37,64,EXACT_FIFO_512,3000,3500,0.548
37,64,EXACT_FIFO_2048,3000,3500,0.564
37,64,NO_TRACE_CURRENT_32,3000,3500,0.544
37,64,EXACT_REPLAY,3000,3500,0.564
37,64,ELIGIBILITY_TRACE_32,3500,4000,0.522
37,64,EXACT_FIFO_32,3500,4000,0.528
37,64,EXACT_FIFO_128,3500,4000,0.528
37,64,EXACT_FIFO_512,3500,4000,0.528
37,64,EXACT_FIFO_2048,3500,4000,0.536
37,64,NO_TRACE_CURRENT_32,3500,4000,0.524
37,64,EXACT_REPLAY,3500,4000,0.536
37,64,ELIGIBILITY_TRACE_32,4000,4500,0.474
37,64,EXACT_FIFO_32,4000,4500,0.47
37,64,EXACT_FIFO_128,4000,4500,0.47
37,64,EXACT_FIFO_512,4000,4500,0.47
37,64,EXACT_FIFO_2048,4000,4500,0.502
37,64,NO_TRACE_CURRENT_32,4000,4500,0.47
37,64,EXACT_REPLAY,4000,4500,0.502
37,64,ELIGIBILITY_TRACE_32,4500,5000,0.498
37,64,EXACT_FIFO_32,4500,5000,0.508
37,64,EXACT_FIFO_128,4500,5000,0.508
37,64,EXACT_FIFO_512,4500,5000,0.508
37,64,EXACT_FIFO_2048,4500,5000,0.524
37,64,NO_TRACE_CURRENT_32,4500,5000,0.5
37,64,EXACT_REPLAY,4500,5000,0.524
37,64,ELIGIBILITY_TRACE_32,5000,5500,0.46
37,64,EXACT_FIFO_32,5000,5500,0.464
37,64,EXACT_FIFO_128,5000,5500,0.464
37,64,EXACT_FIFO_512,5000,5500,0.464
37,64,EXACT_FIFO_2048,5000,5500,0.502
37,64,NO_TRACE_CURRENT_32,5000,5500,0.466
37,64,EXACT_REPLAY,5000,5500,0.502
37,64,ELIGIBILITY_TRACE_32,5500,6000,0.5
37,64,EXACT_FIFO_32,5500,6000,0.504
37,64,EXACT_FIFO_128,5500,6000,0.504
37,64,EXACT_FIFO_512,5500,6000,0.504
37,64,EXACT_FIFO_2048,5500,6000,0.526
37,64,NO_TRACE_CURRENT_32,5500,6000,0.508
37,64,EXACT_REPLAY,5500,6000,0.526
38,1,ELIGIBILITY_TRACE_32,0,500,0.508
38,1,EXACT_FIFO_32,0,500,0.506
38,1,EXACT_FIFO_128,0,500,0.506
38,1,EXACT_FIFO_512,0,500,0.506
38,1,EXACT_FIFO_2048,0,500,0.506
38,1,NO_TRACE_CURRENT_32,0,500,0.508
38,1,EXACT_REPLAY,0,500,0.506
38,1,ELIGIBILITY_TRACE_32,500,1000,0.524
38,1,EXACT_FIFO_32,500,1000,0.534
38,1,EXACT_FIFO_128,500,1000,0.534
38,1,EXACT_FIFO_512,500,1000,0.534
38,1,EXACT_FIFO_2048,500,1000,0.534
38,1,NO_TRACE_CURRENT_32,500,1000,0.52
38,1,EXACT_REPLAY,500,1000,0.534
38,1,ELIGIBILITY_TRACE_32,1000,1500,0.496
38,1,EXACT_FIFO_32,1000,1500,0.512
38,1,EXACT_FIFO_128,1000,1500,0.512
38,1,EXACT_FIFO_512,1000,1500,0.512
38,1,EXACT_FIFO_2048,1000,1500,0.512
38,1,NO_TRACE_CURRENT_32,1000,1500,0.498
38,1,EXACT_REPLAY,1000,1500,0.512
38,1,ELIGIBILITY_TRACE_32,1500,2000,0.5
38,1,EXACT_FIFO_32,1500,2000,0.508
38,1,EXACT_FIFO_128,1500,2000,0.508
38,1,EXACT_FIFO_512,1500,2000,0.508
38,1,EXACT_FIFO_2048,1500,2000,0.508
38,1,NO_TRACE_CURRENT_32,1500,2000,0.498
38,1,EXACT_REPLAY,1500,2000,0.508
38,1,ELIGIBILITY_TRACE_32,2000,2500,0.482
38,1,EXACT_FIFO_32,2000,2500,0.5
38,1,EXACT_FIFO_128,2000,2500,0.5
38,1,EXACT_FIFO_512,2000,2500,0.5
38,1,EXACT_FIFO_2048,2000,2500,0.5
38,1,NO_TRACE_CURRENT_32,2000,2500,0.488
38,1,EXACT_REPLAY,2000,2500,0.5
38,1,ELIGIBILITY_TRACE_32,2500,3000,0.496
38,1,EXACT_FIFO_32,2500,3000,0.51
38,1,EXACT_FIFO_128,2500,3000,0.51
38,1,EXACT_FIFO_512,2500,3000,0.51
38,1,EXACT_FIFO_2048,2500,3000,0.51
38,1,NO_TRACE_CURRENT_32,2500,3000,0.506
38,1,EXACT_REPLAY,2500,3000,0.51
38,1,ELIGIBILITY_TRACE_32,3000,3500,0.52
38,1,EXACT_FIFO_32,3000,3500,0.538
38,1,EXACT_FIFO_128,3000,3500,0.538
38,1,EXACT_FIFO_512,3000,3500,0.538
38,1,EXACT_FIFO_2048,3000,3500,0.538
38,1,NO_TRACE_CURRENT_32,3000,3500,0.518
38,1,EXACT_REPLAY,3000,3500,0.538
38,1,ELIGIBILITY_TRACE_32,3500,4000,0.544
38,1,EXACT_FIFO_32,3500,4000,0.56
38,1,EXACT_FIFO_128,3500,4000,0.56
38,1,EXACT_FIFO_512,3500,4000,0.56
38,1,EXACT_FIFO_2048,3500,4000,0.56
38,1,NO_TRACE_CURRENT_32,3500,4000,0.532
38,1,EXACT_REPLAY,3500,4000,0.56
38,1,ELIGIBILITY_TRACE_32,4000,4500,0.476
38,1,EXACT_FIFO_32,4000,4500,0.53
38,1,EXACT_FIFO_128,4000,4500,0.53
38,1,EXACT_FIFO_512,4000,4500,0.53
38,1,EXACT_FIFO_2048,4000,4500,0.53
38,1,NO_TRACE_CURRENT_32,4000,4500,0.466
38,1,EXACT_REPLAY,4000,4500,0.53
38,1,ELIGIBILITY_TRACE_32,4500,5000,0.534
38,1,EXACT_FIFO_32,4500,5000,0.56
38,1,EXACT_FIFO_128,4500,5000,0.56
38,1,EXACT_FIFO_512,4500,5000,0.56
38,1,EXACT_FIFO_2048,4500,5000,0.56
38,1,NO_TRACE_CURRENT_32,4500,5000,0.524
38,1,EXACT_REPLAY,4500,5000,0.56
38,1,ELIGIBILITY_TRACE_32,5000,5500,0.496
38,1,EXACT_FIFO_32,5000,5500,0.518
38,1,EXACT_FIFO_128,5000,5500,0.518
38,1,EXACT_FIFO_512,5000,5500,0.518
38,1,EXACT_FIFO_2048,5000,5500,0.518
38,1,NO_TRACE_CURRENT_32,5000,5500,0.484
38,1,EXACT_REPLAY,5000,5500,0.518
38,1,ELIGIBILITY_TRACE_32,5500,6000,0.532
38,1,EXACT_FIFO_32,5500,6000,0.558
38,1,EXACT_FIFO_128,5500,6000,0.558
38,1,EXACT_FIFO_512,5500,6000,0.558
38,1,EXACT_FIFO_2048,5500,6000,0.558
38,1,NO_TRACE_CURRENT_32,5500,6000,0.53
38,1,EXACT_REPLAY,5500,6000,0.558
38,4,ELIGIBILITY_TRACE_32,0,500,0.506
38,4,EXACT_FIFO_32,0,500,0.506
38,4,EXACT_FIFO_128,0,500,0.506
38,4,EXACT_FIFO_512,0,500,0.506
38,4,EXACT_FIFO_2048,0,500,0.506
38,4,NO_TRACE_CURRENT_32,0,500,0.506
38,4,EXACT_REPLAY,0,500,0.506
38,4,ELIGIBILITY_TRACE_32,500,1000,0.522
38,4,EXACT_FIFO_32,500,1000,0.52
38,4,EXACT_FIFO_128,500,1000,0.534
38,4,EXACT_FIFO_512,500,1000,0.534
38,4,EXACT_FIFO_2048,500,1000,0.534
38,4,NO_TRACE_CURRENT_32,500,1000,0.518
38,4,EXACT_REPLAY,500,1000,0.534
38,4,ELIGIBILITY_TRACE_32,1000,1500,0.494
38,4,EXACT_FIFO_32,1000,1500,0.498
38,4,EXACT_FIFO_128,1000,1500,0.512
38,4,EXACT_FIFO_512,1000,1500,0.512
38,4,EXACT_FIFO_2048,1000,1500,0.512
38,4,NO_TRACE_CURRENT_32,1000,1500,0.49
38,4,EXACT_REPLAY,1000,1500,0.512
38,4,ELIGIBILITY_TRACE_32,1500,2000,0.5
38,4,EXACT_FIFO_32,1500,2000,0.502
38,4,EXACT_FIFO_128,1500,2000,0.51
38,4,EXACT_FIFO_512,1500,2000,0.51
38,4,EXACT_FIFO_2048,1500,2000,0.51
38,4,NO_TRACE_CURRENT_32,1500,2000,0.502
38,4,EXACT_REPLAY,1500,2000,0.51
38,4,ELIGIBILITY_TRACE_32,2000,2500,0.482
38,4,EXACT_FIFO_32,2000,2500,0.476
38,4,EXACT_FIFO_128,2000,2500,0.5
38,4,EXACT_FIFO_512,2000,2500,0.5
38,4,EXACT_FIFO_2048,2000,2500,0.5
38,4,NO_TRACE_CURRENT_32,2000,2500,0.48
38,4,EXACT_REPLAY,2000,2500,0.5
38,4,ELIGIBILITY_TRACE_32,2500,3000,0.498
38,4,EXACT_FIFO_32,2500,3000,0.502
38,4,EXACT_FIFO_128,2500,3000,0.51
38,4,EXACT_FIFO_512,2500,3000,0.51
38,4,EXACT_FIFO_2048,2500,3000,0.51
38,4,NO_TRACE_CURRENT_32,2500,3000,0.498
38,4,EXACT_REPLAY,2500,3000,0.51
38,4,ELIGIBILITY_TRACE_32,3000,3500,0.518
38,4,EXACT_FIFO_32,3000,3500,0.518
38,4,EXACT_FIFO_128,3000,3500,0.538
38,4,EXACT_FIFO_512,3000,3500,0.538
38,4,EXACT_FIFO_2048,3000,3500,0.538
38,4,NO_TRACE_CURRENT_32,3000,3500,0.512
38,4,EXACT_REPLAY,3000,3500,0.538
38,4,ELIGIBILITY_TRACE_32,3500,4000,0.544
38,4,EXACT_FIFO_32,3500,4000,0.53
38,4,EXACT_FIFO_128,3500,4000,0.562
38,4,EXACT_FIFO_512,3500,4000,0.562
38,4,EXACT_FIFO_2048,3500,4000,0.562
38,4,NO_TRACE_CURRENT_32,3500,4000,0.53
38,4,EXACT_REPLAY,3500,4000,0.562
38,4,ELIGIBILITY_TRACE_32,4000,4500,0.472
38,4,EXACT_FIFO_32,4000,4500,0.46
38,4,EXACT_FIFO_128,4000,4500,0.53
38,4,EXACT_FIFO_512,4000,4500,0.53
38,4,EXACT_FIFO_2048,4000,4500,0.53
38,4,NO_TRACE_CURRENT_32,4000,4500,0.468
38,4,EXACT_REPLAY,4000,4500,0.53
38,4,ELIGIBILITY_TRACE_32,4500,5000,0.532
38,4,EXACT_FIFO_32,4500,5000,0.524
38,4,EXACT_FIFO_128,4500,5000,0.56
38,4,EXACT_FIFO_512,4500,5000,0.56
38,4,EXACT_FIFO_2048,4500,5000,0.56
38,4,NO_TRACE_CURRENT_32,4500,5000,0.518
38,4,EXACT_REPLAY,4500,5000,0.56
38,4,ELIGIBILITY_TRACE_32,5000,5500,0.49
38,4,EXACT_FIFO_32,5000,5500,0.482
38,4,EXACT_FIFO_128,5000,5500,0.518
38,4,EXACT_FIFO_512,5000,5500,0.518
38,4,EXACT_FIFO_2048,5000,5500,0.518
38,4,NO_TRACE_CURRENT_32,5000,5500,0.482
38,4,EXACT_REPLAY,5000,5500,0.518
38,4,ELIGIBILITY_TRACE_32,5500,6000,0.534
38,4,EXACT_FIFO_32,5500,6000,0.526
38,4,EXACT_FIFO_128,5500,6000,0.558
38,4,EXACT_FIFO_512,5500,6000,0.558
38,4,EXACT_FIFO_2048,5500,6000,0.558
38,4,NO_TRACE_CURRENT_32,5500,6000,0.526
38,4,EXACT_REPLAY,5500,6000,0.558
38,16,ELIGIBILITY_TRACE_32,0,500,0.506
38,16,EXACT_FIFO_32,0,500,0.506
38,16,EXACT_FIFO_128,0,500,0.506
38,16,EXACT_FIFO_512,0,500,0.506
38,16,EXACT_FIFO_2048,0,500,0.506
38,16,NO_TRACE_CURRENT_32,0,500,0.508
38,16,EXACT_REPLAY,0,500,0.506
38,16,ELIGIBILITY_TRACE_32,500,1000,0.522
38,16,EXACT_FIFO_32,500,1000,0.52
38,16,EXACT_FIFO_128,500,1000,0.52
38,16,EXACT_FIFO_512,500,1000,0.534
38,16,EXACT_FIFO_2048,500,1000,0.534
38,16,NO_TRACE_CURRENT_32,500,1000,0.52
38,16,EXACT_REPLAY,500,1000,0.534
38,16,ELIGIBILITY_TRACE_32,1000,1500,0.496
38,16,EXACT_FIFO_32,1000,1500,0.498
38,16,EXACT_FIFO_128,1000,1500,0.498
38,16,EXACT_FIFO_512,1000,1500,0.512
38,16,EXACT_FIFO_2048,1000,1500,0.512
38,16,NO_TRACE_CURRENT_32,1000,1500,0.504
38,16,EXACT_REPLAY,1000,1500,0.512
38,16,ELIGIBILITY_TRACE_32,1500,2000,0.5
38,16,EXACT_FIFO_32,1500,2000,0.502
38,16,EXACT_FIFO_128,1500,2000,0.502
38,16,EXACT_FIFO_512,1500,2000,0.508
38,16,EXACT_FIFO_2048,1500,2000,0.508
38,16,NO_TRACE_CURRENT_32,1500,2000,0.502
38,16,EXACT_REPLAY,1500,2000,0.508
38,16,ELIGIBILITY_TRACE_32,2000,2500,0.482
38,16,EXACT_FIFO_32,2000,2500,0.476
38,16,EXACT_FIFO_128,2000,2500,0.476
38,16,EXACT_FIFO_512,2000,2500,0.5
38,16,EXACT_FIFO_2048,2000,2500,0.5
38,16,NO_TRACE_CURRENT_32,2000,2500,0.48
38,16,EXACT_REPLAY,2000,2500,0.5
38,16,ELIGIBILITY_TRACE_32,2500,3000,0.5
38,16,EXACT_FIFO_32,2500,3000,0.502
38,16,EXACT_FIFO_128,2500,3000,0.502
38,16,EXACT_FIFO_512,2500,3000,0.51
38,16,EXACT_FIFO_2048,2500,3000,0.51
38,16,NO_TRACE_CURRENT_32,2500,3000,0.506
38,16,EXACT_REPLAY,2500,3000,0.51
38,16,ELIGIBILITY_TRACE_32,3000,3500,0.516
38,16,EXACT_FIFO_32,3000,3500,0.518
38,16,EXACT_FIFO_128,3000,3500,0.518
38,16,EXACT_FIFO_512,3000,3500,0.538
38,16,EXACT_FIFO_2048,3000,3500,0.538
38,16,NO_TRACE_CURRENT_32,3000,3500,0.512
38,16,EXACT_REPLAY,3000,3500,0.538
38,16,ELIGIBILITY_TRACE_32,3500,4000,0.54
38,16,EXACT_FIFO_32,3500,4000,0.53
38,16,EXACT_FIFO_128,3500,4000,0.53
38,16,EXACT_FIFO_512,3500,4000,0.562
38,16,EXACT_FIFO_2048,3500,4000,0.562
38,16,NO_TRACE_CURRENT_32,3500,4000,0.538
38,16,EXACT_REPLAY,3500,4000,0.562
38,16,ELIGIBILITY_TRACE_32,4000,4500,0.472
38,16,EXACT_FIFO_32,4000,4500,0.46
38,16,EXACT_FIFO_128,4000,4500,0.46
38,16,EXACT_FIFO_512,4000,4500,0.528
38,16,EXACT_FIFO_2048,4000,4500,0.528
38,16,NO_TRACE_CURRENT_32,4000,4500,0.464
38,16,EXACT_REPLAY,4000,4500,0.528
38,16,ELIGIBILITY_TRACE_32,4500,5000,0.532
38,16,EXACT_FIFO_32,4500,5000,0.524
38,16,EXACT_FIFO_128,4500,5000,0.524
38,16,EXACT_FIFO_512,4500,5000,0.56
38,16,EXACT_FIFO_2048,4500,5000,0.56
38,16,NO_TRACE_CURRENT_32,4500,5000,0.524
38,16,EXACT_REPLAY,4500,5000,0.56
38,16,ELIGIBILITY_TRACE_32,5000,5500,0.496
38,16,EXACT_FIFO_32,5000,5500,0.482
38,16,EXACT_FIFO_128,5000,5500,0.482
38,16,EXACT_FIFO_512,5000,5500,0.518
38,16,EXACT_FIFO_2048,5000,5500,0.518
38,16,NO_TRACE_CURRENT_32,5000,5500,0.484
38,16,EXACT_REPLAY,5000,5500,0.518
38,16,ELIGIBILITY_TRACE_32,5500,6000,0.534
38,16,EXACT_FIFO_32,5500,6000,0.526
38,16,EXACT_FIFO_128,5500,6000,0.526
38,16,EXACT_FIFO_512,5500,6000,0.558
38,16,EXACT_FIFO_2048,5500,6000,0.558
38,16,NO_TRACE_CURRENT_32,5500,6000,0.524
38,16,EXACT_REPLAY,5500,6000,0.558
38,64,ELIGIBILITY_TRACE_32,0,500,0.506
38,64,EXACT_FIFO_32,0,500,0.506
38,64,EXACT_FIFO_128,0,500,0.506
38,64,EXACT_FIFO_512,0,500,0.506
38,64,EXACT_FIFO_2048,0,500,0.51
38,64,NO_TRACE_CURRENT_32,0,500,0.506
38,64,EXACT_REPLAY,0,500,0.51
38,64,ELIGIBILITY_TRACE_32,500,1000,0.522
38,64,EXACT_FIFO_32,500,1000,0.52
38,64,EXACT_FIFO_128,500,1000,0.52
38,64,EXACT_FIFO_512,500,1000,0.52
38,64,EXACT_FIFO_2048,500,1000,0.534
38,64,NO_TRACE_CURRENT_32,500,1000,0.52
38,64,EXACT_REPLAY,500,1000,0.534
38,64,ELIGIBILITY_TRACE_32,1000,1500,0.496
38,64,EXACT_FIFO_32,1000,1500,0.498
38,64,EXACT_FIFO_128,1000,1500,0.498
38,64,EXACT_FIFO_512,1000,1500,0.498
38,64,EXACT_FIFO_2048,1000,1500,0.51
38,64,NO_TRACE_CURRENT_32,1000,1500,0.502
38,64,EXACT_REPLAY,1000,1500,0.51
38,64,ELIGIBILITY_TRACE_32,1500,2000,0.502
38,64,EXACT_FIFO_32,1500,2000,0.502
38,64,EXACT_FIFO_128,1500,2000,0.502
38,64,EXACT_FIFO_512,1500,2000,0.502
38,64,EXACT_FIFO_2048,1500,2000,0.51
38,64,NO_TRACE_CURRENT_32,1500,2000,0.494
38,64,EXACT_REPLAY,1500,2000,0.51
38,64,ELIGIBILITY_TRACE_32,2000,2500,0.472
38,64,EXACT_FIFO_32,2000,2500,0.476
38,64,EXACT_FIFO_128,2000,2500,0.476
38,64,EXACT_FIFO_512,2000,2500,0.476
38,64,EXACT_FIFO_2048,2000,2500,0.502
38,64,NO_TRACE_CURRENT_32,2000,2500,0.486
38,64,EXACT_REPLAY,2000,2500,0.502
38,64,ELIGIBILITY_TRACE_32,2500,3000,0.496
38,64,EXACT_FIFO_32,2500,3000,0.502
38,64,EXACT_FIFO_128,2500,3000,0.502
38,64,EXACT_FIFO_512,2500,3000,0.502
38,64,EXACT_FIFO_2048,2500,3000,0.512
38,64,NO_TRACE_CURRENT_32,2500,3000,0.5
38,64,EXACT_REPLAY,2500,3000,0.512
38,64,ELIGIBILITY_TRACE_32,3000,3500,0.508
38,64,EXACT_FIFO_32,3000,3500,0.518
38,64,EXACT_FIFO_128,3000,3500,0.518
38,64,EXACT_FIFO_512,3000,3500,0.518
38,64,EXACT_FIFO_2048,3000,3500,0.538
38,64,NO_TRACE_CURRENT_32,3000,3500,0.502
38,64,EXACT_REPLAY,3000,3500,0.538
38,64,ELIGIBILITY_TRACE_32,3500,4000,0.538
38,64,EXACT_FIFO_32,3500,4000,0.53
38,64,EXACT_FIFO_128,3500,4000,0.53
38,64,EXACT_FIFO_512,3500,4000,0.53
38,64,EXACT_FIFO_2048,3500,4000,0.56
38,64,NO_TRACE_CURRENT_32,3500,4000,0.53
38,64,EXACT_REPLAY,3500,4000,0.56
38,64,ELIGIBILITY_TRACE_32,4000,4500,0.464
38,64,EXACT_FIFO_32,4000,4500,0.46
38,64,EXACT_FIFO_128,4000,4500,0.46
38,64,EXACT_FIFO_512,4000,4500,0.46
38,64,EXACT_FIFO_2048,4000,4500,0.528
38,64,NO_TRACE_CURRENT_32,4000,4500,0.466
38,64,EXACT_REPLAY,4000,4500,0.528
38,64,ELIGIBILITY_TRACE_32,4500,5000,0.522
38,64,EXACT_FIFO_32,4500,5000,0.524
38,64,EXACT_FIFO_128,4500,5000,0.524
38,64,EXACT_FIFO_512,4500,5000,0.524
38,64,EXACT_FIFO_2048,4500,5000,0.56
38,64,NO_TRACE_CURRENT_32,4500,5000,0.518
38,64,EXACT_REPLAY,4500,5000,0.56
38,64,ELIGIBILITY_TRACE_32,5000,5500,0.486
38,64,EXACT_FIFO_32,5000,5500,0.482
38,64,EXACT_FIFO_128,5000,5500,0.482
38,64,EXACT_FIFO_512,5000,5500,0.482
38,64,EXACT_FIFO_2048,5000,5500,0.518
38,64,NO_TRACE_CURRENT_32,5000,5500,0.482
38,64,EXACT_REPLAY,5000,5500,0.518
38,64,ELIGIBILITY_TRACE_32,5500,6000,0.526
38,64,EXACT_FIFO_32,5500,6000,0.526
38,64,EXACT_FIFO_128,5500,6000,0.526
38,64,EXACT_FIFO_512,5500,6000,0.526
38,64,EXACT_FIFO_2048,5500,6000,0.556
38,64,NO_TRACE_CURRENT_32,5500,6000,0.526
38,64,EXACT_REPLAY,5500,6000,0.556
39,1,ELIGIBILITY_TRACE_32,0,500,0.52
39,1,EXACT_FIFO_32,0,500,0.524
39,1,EXACT_FIFO_128,0,500,0.524
39,1,EXACT_FIFO_512,0,500,0.524
39,1,EXACT_FIFO_2048,0,500,0.524
39,1,NO_TRACE_CURRENT_32,0,500,0.522
39,1,EXACT_REPLAY,0,500,0.524
39,1,ELIGIBILITY_TRACE_32,500,1000,0.512
39,1,EXACT_FIFO_32,500,1000,0.522
39,1,EXACT_FIFO_128,500,1000,0.522
39,1,EXACT_FIFO_512,500,1000,0.522
39,1,EXACT_FIFO_2048,500,1000,0.522
39,1,NO_TRACE_CURRENT_32,500,1000,0.506
39,1,EXACT_REPLAY,500,1000,0.522
39,1,ELIGIBILITY_TRACE_32,1000,1500,0.466
39,1,EXACT_FIFO_32,1000,1500,0.482
39,1,EXACT_FIFO_128,1000,1500,0.482
39,1,EXACT_FIFO_512,1000,1500,0.482
39,1,EXACT_FIFO_2048,1000,1500,0.482
39,1,NO_TRACE_CURRENT_32,1000,1500,0.47
39,1,EXACT_REPLAY,1000,1500,0.482
39,1,ELIGIBILITY_TRACE_32,1500,2000,0.488
39,1,EXACT_FIFO_32,1500,2000,0.506
39,1,EXACT_FIFO_128,1500,2000,0.506
39,1,EXACT_FIFO_512,1500,2000,0.506
39,1,EXACT_FIFO_2048,1500,2000,0.506
39,1,NO_TRACE_CURRENT_32,1500,2000,0.482
39,1,EXACT_REPLAY,1500,2000,0.506
39,1,ELIGIBILITY_TRACE_32,2000,2500,0.542
39,1,EXACT_FIFO_32,2000,2500,0.564
39,1,EXACT_FIFO_128,2000,2500,0.564
39,1,EXACT_FIFO_512,2000,2500,0.564
39,1,EXACT_FIFO_2048,2000,2500,0.564
39,1,NO_TRACE_CURRENT_32,2000,2500,0.536
39,1,EXACT_REPLAY,2000,2500,0.564
39,1,ELIGIBILITY_TRACE_32,2500,3000,0.506
39,1,EXACT_FIFO_32,2500,3000,0.546
39,1,EXACT_FIFO_128,2500,3000,0.546
39,1,EXACT_FIFO_512,2500,3000,0.546
39,1,EXACT_FIFO_2048,2500,3000,0.546
39,1,NO_TRACE_CURRENT_32,2500,3000,0.502
39,1,EXACT_REPLAY,2500,3000,0.546
39,1,ELIGIBILITY_TRACE_32,3000,3500,0.472
39,1,EXACT_FIFO_32,3000,3500,0.502
39,1,EXACT_FIFO_128,3000,3500,0.502
39,1,EXACT_FIFO_512,3000,3500,0.502
39,1,EXACT_FIFO_2048,3000,3500,0.502
39,1,NO_TRACE_CURRENT_32,3000,3500,0.466
39,1,EXACT_REPLAY,3000,3500,0.502
39,1,ELIGIBILITY_TRACE_32,3500,4000,0.54
39,1,EXACT_FIFO_32,3500,4000,0.57
39,1,EXACT_FIFO_128,3500,4000,0.57
39,1,EXACT_FIFO_512,3500,4000,0.57
39,1,EXACT_FIFO_2048,3500,4000,0.57
39,1,NO_TRACE_CURRENT_32,3500,4000,0.52
39,1,EXACT_REPLAY,3500,4000,0.57
39,1,ELIGIBILITY_TRACE_32,4000,4500,0.506
39,1,EXACT_FIFO_32,4000,4500,0.55
39,1,EXACT_FIFO_128,4000,4500,0.55
39,1,EXACT_FIFO_512,4000,4500,0.55
39,1,EXACT_FIFO_2048,4000,4500,0.55
39,1,NO_TRACE_CURRENT_32,4000,4500,0.488
39,1,EXACT_REPLAY,4000,4500,0.55
39,1,ELIGIBILITY_TRACE_32,4500,5000,0.472
39,1,EXACT_FIFO_32,4500,5000,0.514
39,1,EXACT_FIFO_128,4500,5000,0.514
39,1,EXACT_FIFO_512,4500,5000,0.514
39,1,EXACT_FIFO_2048,4500,5000,0.514
39,1,NO_TRACE_CURRENT_32,4500,5000,0.468
39,1,EXACT_REPLAY,4500,5000,0.514
39,1,ELIGIBILITY_TRACE_32,5000,5500,0.534
39,1,EXACT_FIFO_32,5000,5500,0.594
39,1,EXACT_FIFO_128,5000,5500,0.594
39,1,EXACT_FIFO_512,5000,5500,0.594
39,1,EXACT_FIFO_2048,5000,5500,0.594
39,1,NO_TRACE_CURRENT_32,5000,5500,0.51
39,1,EXACT_REPLAY,5000,5500,0.594
39,1,ELIGIBILITY_TRACE_32,5500,6000,0.516
39,1,EXACT_FIFO_32,5500,6000,0.564
39,1,EXACT_FIFO_128,5500,6000,0.564
39,1,EXACT_FIFO_512,5500,6000,0.564
39,1,EXACT_FIFO_2048,5500,6000,0.564
39,1,NO_TRACE_CURRENT_32,5500,6000,0.498
39,1,EXACT_REPLAY,5500,6000,0.564
39,4,ELIGIBILITY_TRACE_32,0,500,0.52
39,4,EXACT_FIFO_32,0,500,0.524
39,4,EXACT_FIFO_128,0,500,0.522
39,4,EXACT_FIFO_512,0,500,0.522
39,4,EXACT_FIFO_2048,0,500,0.522
39,4,NO_TRACE_CURRENT_32,0,500,0.522
39,4,EXACT_REPLAY,0,500,0.522
39,4,ELIGIBILITY_TRACE_32,500,1000,0.512
39,4,EXACT_FIFO_32,500,1000,0.512
39,4,EXACT_FIFO_128,500,1000,0.522
39,4,EXACT_FIFO_512,500,1000,0.522
39,4,EXACT_FIFO_2048,500,1000,0.522
39,4,NO_TRACE_CURRENT_32,500,1000,0.508
39,4,EXACT_REPLAY,500,1000,0.522
39,4,ELIGIBILITY_TRACE_32,1000,1500,0.468
39,4,EXACT_FIFO_32,1000,1500,0.47
39,4,EXACT_FIFO_128,1000,1500,0.482
39,4,EXACT_FIFO_512,1000,1500,0.482
39,4,EXACT_FIFO_2048,1000,1500,0.482
39,4,NO_TRACE_CURRENT_32,1000,1500,0.464
39,4,EXACT_REPLAY,1000,1500,0.482
39,4,ELIGIBILITY_TRACE_32,1500,2000,0.488
39,4,EXACT_FIFO_32,1500,2000,0.484
39,4,EXACT_FIFO_128,1500,2000,0.506
39,4,EXACT_FIFO_512,1500,2000,0.506
39,4,EXACT_FIFO_2048,1500,2000,0.506
39,4,NO_TRACE_CURRENT_32,1500,2000,0.488
39,4,EXACT_REPLAY,1500,2000,0.506
39,4,ELIGIBILITY_TRACE_32,2000,2500,0.54
39,4,EXACT_FIFO_32,2000,2500,0.538
39,4,EXACT_FIFO_128,2000,2500,0.564
39,4,EXACT_FIFO_512,2000,2500,0.564
39,4,EXACT_FIFO_2048,2000,2500,0.564
39,4,NO_TRACE_CURRENT_32,2000,2500,0.536
39,4,EXACT_REPLAY,2000,2500,0.564
39,4,ELIGIBILITY_TRACE_32,2500,3000,0.504
39,4,EXACT_FIFO_32,2500,3000,0.508
39,4,EXACT_FIFO_128,2500,3000,0.544
39,4,EXACT_FIFO_512,2500,3000,0.544
39,4,EXACT_FIFO_2048,2500,3000,0.544
39,4,NO_TRACE_CURRENT_32,2500,3000,0.5
39,4,EXACT_REPLAY,2500,3000,0.544
39,4,ELIGIBILITY_TRACE_32,3000,3500,0.468
39,4,EXACT_FIFO_32,3000,3500,0.464
39,4,EXACT_FIFO_128,3000,3500,0.5
39,4,EXACT_FIFO_512,3000,3500,0.5
39,4,EXACT_FIFO_2048,3000,3500,0.5
39,4,NO_TRACE_CURRENT_32,3000,3500,0.46
39,4,EXACT_REPLAY,3000,3500,0.5
39,4,ELIGIBILITY_TRACE_32,3500,4000,0.54
39,4,EXACT_FIFO_32,3500,4000,0.518
39,4,EXACT_FIFO_128,3500,4000,0.57
39,4,EXACT_FIFO_512,3500,4000,0.57
39,4,EXACT_FIFO_2048,3500,4000,0.57
39,4,NO_TRACE_CURRENT_32,3500,4000,0.516
39,4,EXACT_REPLAY,3500,4000,0.57
39,4,ELIGIBILITY_TRACE_32,4000,4500,0.504
39,4,EXACT_FIFO_32,4000,4500,0.488
39,4,EXACT_FIFO_128,4000,4500,0.55
39,4,EXACT_FIFO_512,4000,4500,0.55
39,4,EXACT_FIFO_2048,4000,4500,0.55
39,4,NO_TRACE_CURRENT_32,4000,4500,0.486
39,4,EXACT_REPLAY,4000,4500,0.55
39,4,ELIGIBILITY_TRACE_32,4500,5000,0.468
39,4,EXACT_FIFO_32,4500,5000,0.468
39,4,EXACT_FIFO_128,4500,5000,0.514
39,4,EXACT_FIFO_512,4500,5000,0.514
39,4,EXACT_FIFO_2048,4500,5000,0.514
39,4,NO_TRACE_CURRENT_32,4500,5000,0.462
39,4,EXACT_REPLAY,4500,5000,0.514
39,4,ELIGIBILITY_TRACE_32,5000,5500,0.532
39,4,EXACT_FIFO_32,5000,5500,0.506
39,4,EXACT_FIFO_128,5000,5500,0.594
39,4,EXACT_FIFO_512,5000,5500,0.594
39,4,EXACT_FIFO_2048,5000,5500,0.594
39,4,NO_TRACE_CURRENT_32,5000,5500,0.5
39,4,EXACT_REPLAY,5000,5500,0.594
39,4,ELIGIBILITY_TRACE_32,5500,6000,0.514
39,4,EXACT_FIFO_32,5500,6000,0.498
39,4,EXACT_FIFO_128,5500,6000,0.564
39,4,EXACT_FIFO_512,5500,6000,0.564
39,4,EXACT_FIFO_2048,5500,6000,0.564
39,4,NO_TRACE_CURRENT_32,5500,6000,0.494
39,4,EXACT_REPLAY,5500,6000,0.564
39,16,ELIGIBILITY_TRACE_32,0,500,0.522
39,16,EXACT_FIFO_32,0,500,0.524
39,16,EXACT_FIFO_128,0,500,0.524
39,16,EXACT_FIFO_512,0,500,0.52
39,16,EXACT_FIFO_2048,0,500,0.52
39,16,NO_TRACE_CURRENT_32,0,500,0.524
39,16,EXACT_REPLAY,0,500,0.52
39,16,ELIGIBILITY_TRACE_32,500,1000,0.512
39,16,EXACT_FIFO_32,500,1000,0.512
39,16,EXACT_FIFO_128,500,1000,0.512
39,16,EXACT_FIFO_512,500,1000,0.522
39,16,EXACT_FIFO_2048,500,1000,0.522
39,16,NO_TRACE_CURRENT_32,500,1000,0.508
39,16,EXACT_REPLAY,500,1000,0.522
39,16,ELIGIBILITY_TRACE_32,1000,1500,0.468
39,16,EXACT_FIFO_32,1000,1500,0.47
39,16,EXACT_FIFO_128,1000,1500,0.47
39,16,EXACT_FIFO_512,1000,1500,0.482
39,16,EXACT_FIFO_2048,1000,1500,0.482
39,16,NO_TRACE_CURRENT_32,1000,1500,0.468
39,16,EXACT_REPLAY,1000,1500,0.482
39,16,ELIGIBILITY_TRACE_32,1500,2000,0.482
39,16,EXACT_FIFO_32,1500,2000,0.484
39,16,EXACT_FIFO_128,1500,2000,0.484
39,16,EXACT_FIFO_512,1500,2000,0.506
39,16,EXACT_FIFO_2048,1500,2000,0.506
39,16,NO_TRACE_CURRENT_32,1500,2000,0.48
39,16,EXACT_REPLAY,1500,2000,0.506
39,16,ELIGIBILITY_TRACE_32,2000,2500,0.536
39,16,EXACT_FIFO_32,2000,2500,0.538
39,16,EXACT_FIFO_128,2000,2500,0.538
39,16,EXACT_FIFO_512,2000,2500,0.566
39,16,EXACT_FIFO_2048,2000,2500,0.566
39,16,NO_TRACE_CURRENT_32,2000,2500,0.544
39,16,EXACT_REPLAY,2000,2500,0.566
39,16,ELIGIBILITY_TRACE_32,2500,3000,0.506
39,16,EXACT_FIFO_32,2500,3000,0.508
39,16,EXACT_FIFO_128,2500,3000,0.508
39,16,EXACT_FIFO_512,2500,3000,0.546
39,16,EXACT_FIFO_2048,2500,3000,0.546
39,16,NO_TRACE_CURRENT_32,2500,3000,0.506
39,16,EXACT_REPLAY,2500,3000,0.546
39,16,ELIGIBILITY_TRACE_32,3000,3500,0.472
39,16,EXACT_FIFO_32,3000,3500,0.464
39,16,EXACT_FIFO_128,3000,3500,0.464
39,16,EXACT_FIFO_512,3000,3500,0.5
39,16,EXACT_FIFO_2048,3000,3500,0.5
39,16,NO_TRACE_CURRENT_32,3000,3500,0.466
39,16,EXACT_REPLAY,3000,3500,0.5
39,16,ELIGIBILITY_TRACE_32,3500,4000,0.542
39,16,EXACT_FIFO_32,3500,4000,0.518
39,16,EXACT_FIFO_128,3500,4000,0.518
39,16,EXACT_FIFO_512,3500,4000,0.568
39,16,EXACT_FIFO_2048,3500,4000,0.568
39,16,NO_TRACE_CURRENT_32,3500,4000,0.518
39,16,EXACT_REPLAY,3500,4000,0.568
39,16,ELIGIBILITY_TRACE_32,4000,4500,0.506
39,16,EXACT_FIFO_32,4000,4500,0.488
39,16,EXACT_FIFO_128,4000,4500,0.488
39,16,EXACT_FIFO_512,4000,4500,0.55
39,16,EXACT_FIFO_2048,4000,4500,0.55
39,16,NO_TRACE_CURRENT_32,4000,4500,0.492
39,16,EXACT_REPLAY,4000,4500,0.55
39,16,ELIGIBILITY_TRACE_32,4500,5000,0.466
39,16,EXACT_FIFO_32,4500,5000,0.468
39,16,EXACT_FIFO_128,4500,5000,0.468
39,16,EXACT_FIFO_512,4500,5000,0.514
39,16,EXACT_FIFO_2048,4500,5000,0.514
39,16,NO_TRACE_CURRENT_32,4500,5000,0.47
39,16,EXACT_REPLAY,4500,5000,0.514
39,16,ELIGIBILITY_TRACE_32,5000,5500,0.518
39,16,EXACT_FIFO_32,5000,5500,0.506
39,16,EXACT_FIFO_128,5000,5500,0.506
39,16,EXACT_FIFO_512,5000,5500,0.594
39,16,EXACT_FIFO_2048,5000,5500,0.594
39,16,NO_TRACE_CURRENT_32,5000,5500,0.508
39,16,EXACT_REPLAY,5000,5500,0.594
39,16,ELIGIBILITY_TRACE_32,5500,6000,0.508
39,16,EXACT_FIFO_32,5500,6000,0.498
39,16,EXACT_FIFO_128,5500,6000,0.498
39,16,EXACT_FIFO_512,5500,6000,0.562
39,16,EXACT_FIFO_2048,5500,6000,0.562
39,16,NO_TRACE_CURRENT_32,5500,6000,0.498
39,16,EXACT_REPLAY,5500,6000,0.562
39,64,ELIGIBILITY_TRACE_32,0,500,0.522
39,64,EXACT_FIFO_32,0,500,0.524
39,64,EXACT_FIFO_128,0,500,0.524
39,64,EXACT_FIFO_512,0,500,0.524
39,64,EXACT_FIFO_2048,0,500,0.52
39,64,NO_TRACE_CURRENT_32,0,500,0.518
39,64,EXACT_REPLAY,0,500,0.52
39,64,ELIGIBILITY_TRACE_32,500,1000,0.514
39,64,EXACT_FIFO_32,500,1000,0.512
39,64,EXACT_FIFO_128,500,1000,0.512
39,64,EXACT_FIFO_512,500,1000,0.512
39,64,EXACT_FIFO_2048,500,1000,0.52
39,64,NO_TRACE_CURRENT_32,500,1000,0.512
39,64,EXACT_REPLAY,500,1000,0.52
39,64,ELIGIBILITY_TRACE_32,1000,1500,0.462
39,64,EXACT_FIFO_32,1000,1500,0.47
39,64,EXACT_FIFO_128,1000,1500,0.47
39,64,EXACT_FIFO_512,1000,1500,0.47
39,64,EXACT_FIFO_2048,1000,1500,0.48
39,64,NO_TRACE_CURRENT_32,1000,1500,0.47
39,64,EXACT_REPLAY,1000,1500,0.48
39,64,ELIGIBILITY_TRACE_32,1500,2000,0.482
39,64,EXACT_FIFO_32,1500,2000,0.484
39,64,EXACT_FIFO_128,1500,2000,0.484
39,64,EXACT_FIFO_512,1500,2000,0.484
39,64,EXACT_FIFO_2048,1500,2000,0.504
39,64,NO_TRACE_CURRENT_32,1500,2000,0.482
39,64,EXACT_REPLAY,1500,2000,0.504
39,64,ELIGIBILITY_TRACE_32,2000,2500,0.544
39,64,EXACT_FIFO_32,2000,2500,0.538
39,64,EXACT_FIFO_128,2000,2500,0.538
39,64,EXACT_FIFO_512,2000,2500,0.538
39,64,EXACT_FIFO_2048,2000,2500,0.562
39,64,NO_TRACE_CURRENT_32,2000,2500,0.534
39,64,EXACT_REPLAY,2000,2500,0.562
39,64,ELIGIBILITY_TRACE_32,2500,3000,0.512
39,64,EXACT_FIFO_32,2500,3000,0.508
39,64,EXACT_FIFO_128,2500,3000,0.508
39,64,EXACT_FIFO_512,2500,3000,0.508
39,64,EXACT_FIFO_2048,2500,3000,0.542
39,64,NO_TRACE_CURRENT_32,2500,3000,0.514
39,64,EXACT_REPLAY,2500,3000,0.542
39,64,ELIGIBILITY_TRACE_32,3000,3500,0.466
39,64,EXACT_FIFO_32,3000,3500,0.464
39,64,EXACT_FIFO_128,3000,3500,0.464
39,64,EXACT_FIFO_512,3000,3500,0.464
39,64,EXACT_FIFO_2048,3000,3500,0.498
39,64,NO_TRACE_CURRENT_32,3000,3500,0.462
39,64,EXACT_REPLAY,3000,3500,0.498
39,64,ELIGIBILITY_TRACE_32,3500,4000,0.532
39,64,EXACT_FIFO_32,3500,4000,0.518
39,64,EXACT_FIFO_128,3500,4000,0.518
39,64,EXACT_FIFO_512,3500,4000,0.518
39,64,EXACT_FIFO_2048,3500,4000,0.566
39,64,NO_TRACE_CURRENT_32,3500,4000,0.518
39,64,EXACT_REPLAY,3500,4000,0.566
39,64,ELIGIBILITY_TRACE_32,4000,4500,0.5
39,64,EXACT_FIFO_32,4000,4500,0.488
39,64,EXACT_FIFO_128,4000,4500,0.488
39,64,EXACT_FIFO_512,4000,4500,0.488
39,64,EXACT_FIFO_2048,4000,4500,0.55
39,64,NO_TRACE_CURRENT_32,4000,4500,0.49
39,64,EXACT_REPLAY,4000,4500,0.55
39,64,ELIGIBILITY_TRACE_32,4500,5000,0.474
39,64,EXACT_FIFO_32,4500,5000,0.468
39,64,EXACT_FIFO_128,4500,5000,0.468
39,64,EXACT_FIFO_512,4500,5000,0.468
39,64,EXACT_FIFO_2048,4500,5000,0.512
39,64,NO_TRACE_CURRENT_32,4500,5000,0.464
39,64,EXACT_REPLAY,4500,5000,0.512
39,64,ELIGIBILITY_TRACE_32,5000,5500,0.516
39,64,EXACT_FIFO_32,5000,5500,0.506
39,64,EXACT_FIFO_128,5000,5500,0.506
39,64,EXACT_FIFO_512,5000,5500,0.506
39,64,EXACT_FIFO_2048,5000,5500,0.594
39,64,NO_TRACE_CURRENT_32,5000,5500,0.51
39,64,EXACT_REPLAY,5000,5500,0.594
39,64,ELIGIBILITY_TRACE_32,5500,6000,0.504
39,64,EXACT_FIFO_32,5500,6000,0.498
39,64,EXACT_FIFO_128,5500,6000,0.498
39,64,EXACT_FIFO_512,5500,6000,0.498
39,64,EXACT_FIFO_2048,5500,6000,0.562
39,64,NO_TRACE_CURRENT_32,5500,6000,0.498
39,64,EXACT_REPLAY,5500,6000,0.562
40,1,ELIGIBILITY_TRACE_32,0,500,0.528
40,1,EXACT_FIFO_32,0,500,0.524
40,1,EXACT_FIFO_128,0,500,0.524
40,1,EXACT_FIFO_512,0,500,0.524
40,1,EXACT_FIFO_2048,0,500,0.524
40,1,NO_TRACE_CURRENT_32,0,500,0.526
40,1,EXACT_REPLAY,0,500,0.524
40,1,ELIGIBILITY_TRACE_32,500,1000,0.496
40,1,EXACT_FIFO_32,500,1000,0.498
40,1,EXACT_FIFO_128,500,1000,0.498
40,1,EXACT_FIFO_512,500,1000,0.498
40,1,EXACT_FIFO_2048,500,1000,0.498
40,1,NO_TRACE_CURRENT_32,500,1000,0.498
40,1,EXACT_REPLAY,500,1000,0.498
40,1,ELIGIBILITY_TRACE_32,1000,1500,0.446
40,1,EXACT_FIFO_32,1000,1500,0.462
40,1,EXACT_FIFO_128,1000,1500,0.462
40,1,EXACT_FIFO_512,1000,1500,0.462
40,1,EXACT_FIFO_2048,1000,1500,0.462
40,1,NO_TRACE_CURRENT_32,1000,1500,0.446
40,1,EXACT_REPLAY,1000,1500,0.462
40,1,ELIGIBILITY_TRACE_32,1500,2000,0.52
40,1,EXACT_FIFO_32,1500,2000,0.542
40,1,EXACT_FIFO_128,1500,2000,0.542
40,1,EXACT_FIFO_512,1500,2000,0.542
40,1,EXACT_FIFO_2048,1500,2000,0.542
40,1,NO_TRACE_CURRENT_32,1500,2000,0.518
40,1,EXACT_REPLAY,1500,2000,0.542
40,1,ELIGIBILITY_TRACE_32,2000,2500,0.472
40,1,EXACT_FIFO_32,2000,2500,0.49
40,1,EXACT_FIFO_128,2000,2500,0.49
40,1,EXACT_FIFO_512,2000,2500,0.49
40,1,EXACT_FIFO_2048,2000,2500,0.49
40,1,NO_TRACE_CURRENT_32,2000,2500,0.472
40,1,EXACT_REPLAY,2000,2500,0.49
40,1,ELIGIBILITY_TRACE_32,2500,3000,0.47
40,1,EXACT_FIFO_32,2500,3000,0.486
40,1,EXACT_FIFO_128,2500,3000,0.486
40,1,EXACT_FIFO_512,2500,3000,0.486
40,1,EXACT_FIFO_2048,2500,3000,0.486
40,1,NO_TRACE_CURRENT_32,2500,3000,0.468
40,1,EXACT_REPLAY,2500,3000,0.486
40,1,ELIGIBILITY_TRACE_32,3000,3500,0.492
40,1,EXACT_FIFO_32,3000,3500,0.512
40,1,EXACT_FIFO_128,3000,3500,0.512
40,1,EXACT_FIFO_512,3000,3500,0.512
40,1,EXACT_FIFO_2048,3000,3500,0.512
40,1,NO_TRACE_CURRENT_32,3000,3500,0.486
40,1,EXACT_REPLAY,3000,3500,0.512
40,1,ELIGIBILITY_TRACE_32,3500,4000,0.524
40,1,EXACT_FIFO_32,3500,4000,0.556
40,1,EXACT_FIFO_128,3500,4000,0.556
40,1,EXACT_FIFO_512,3500,4000,0.556
40,1,EXACT_FIFO_2048,3500,4000,0.556
40,1,NO_TRACE_CURRENT_32,3500,4000,0.524
40,1,EXACT_REPLAY,3500,4000,0.556
40,1,ELIGIBILITY_TRACE_32,4000,4500,0.532
40,1,EXACT_FIFO_32,4000,4500,0.556
40,1,EXACT_FIFO_128,4000,4500,0.556
40,1,EXACT_FIFO_512,4000,4500,0.556
40,1,EXACT_FIFO_2048,4000,4500,0.556
40,1,NO_TRACE_CURRENT_32,4000,4500,0.516
40,1,EXACT_REPLAY,4000,4500,0.556
40,1,ELIGIBILITY_TRACE_32,4500,5000,0.512
40,1,EXACT_FIFO_32,4500,5000,0.556
40,1,EXACT_FIFO_128,4500,5000,0.556
40,1,EXACT_FIFO_512,4500,5000,0.556
40,1,EXACT_FIFO_2048,4500,5000,0.556
40,1,NO_TRACE_CURRENT_32,4500,5000,0.506
40,1,EXACT_REPLAY,4500,5000,0.556
40,1,ELIGIBILITY_TRACE_32,5000,5500,0.484
40,1,EXACT_FIFO_32,5000,5500,0.538
40,1,EXACT_FIFO_128,5000,5500,0.538
40,1,EXACT_FIFO_512,5000,5500,0.538
40,1,EXACT_FIFO_2048,5000,5500,0.538
40,1,NO_TRACE_CURRENT_32,5000,5500,0.482
40,1,EXACT_REPLAY,5000,5500,0.538
40,1,ELIGIBILITY_TRACE_32,5500,6000,0.514
40,1,EXACT_FIFO_32,5500,6000,0.556
40,1,EXACT_FIFO_128,5500,6000,0.556
40,1,EXACT_FIFO_512,5500,6000,0.556
40,1,EXACT_FIFO_2048,5500,6000,0.556
40,1,NO_TRACE_CURRENT_32,5500,6000,0.5
40,1,EXACT_REPLAY,5500,6000,0.556
40,4,ELIGIBILITY_TRACE_32,0,500,0.528
40,4,EXACT_FIFO_32,0,500,0.526
40,4,EXACT_FIFO_128,0,500,0.524
40,4,EXACT_FIFO_512,0,500,0.524
40,4,EXACT_FIFO_2048,0,500,0.524
40,4,NO_TRACE_CURRENT_32,0,500,0.524
40,4,EXACT_REPLAY,0,500,0.524
40,4,ELIGIBILITY_TRACE_32,500,1000,0.496
40,4,EXACT_FIFO_32,500,1000,0.5
40,4,EXACT_FIFO_128,500,1000,0.498
40,4,EXACT_FIFO_512,500,1000,0.498
40,4,EXACT_FIFO_2048,500,1000,0.498
40,4,NO_TRACE_CURRENT_32,500,1000,0.494
40,4,EXACT_REPLAY,500,1000,0.498
40,4,ELIGIBILITY_TRACE_32,1000,1500,0.448
40,4,EXACT_FIFO_32,1000,1500,0.444
40,4,EXACT_FIFO_128,1000,1500,0.46
40,4,EXACT_FIFO_512,1000,1500,0.46
40,4,EXACT_FIFO_2048,1000,1500,0.46
40,4,NO_TRACE_CURRENT_32,1000,1500,0.444
40,4,EXACT_REPLAY,1000,1500,0.46
40,4,ELIGIBILITY_TRACE_32,1500,2000,0.524
40,4,EXACT_FIFO_32,1500,2000,0.518
40,4,EXACT_FIFO_128,1500,2000,0.542
40,4,EXACT_FIFO_512,1500,2000,0.542
40,4,EXACT_FIFO_2048,1500,2000,0.542
40,4,NO_TRACE_CURRENT_32,1500,2000,0.522
40,4,EXACT_REPLAY,1500,2000,0.542
40,4,ELIGIBILITY_TRACE_32,2000,2500,0.472
40,4,EXACT_FIFO_32,2000,2500,0.468
40,4,EXACT_FIFO_128,2000,2500,0.49
40,4,EXACT_FIFO_512,2000,2500,0.49
40,4,EXACT_FIFO_2048,2000,2500,0.49
40,4,NO_TRACE_CURRENT_32,2000,2500,0.476
40,4,EXACT_REPLAY,2000,2500,0.49
40,4,ELIGIBILITY_TRACE_32,2500,3000,0.466
40,4,EXACT_FIFO_32,2500,3000,0.462
40,4,EXACT_FIFO_128,2500,3000,0.486
40,4,EXACT_FIFO_512,2500,3000,0.486
40,4,EXACT_FIFO_2048,2500,3000,0.486
40,4,NO_TRACE_CURRENT_32,2500,3000,0.462
40,4,EXACT_REPLAY,2500,3000,0.486
40,4,ELIGIBILITY_TRACE_32,3000,3500,0.492
40,4,EXACT_FIFO_32,3000,3500,0.49
40,4,EXACT_FIFO_128,3000,3500,0.512
40,4,EXACT_FIFO_512,3000,3500,0.512
40,4,EXACT_FIFO_2048,3000,3500,0.512
40,4,NO_TRACE_CURRENT_32,3000,3500,0.484
40,4,EXACT_REPLAY,3000,3500,0.512
40,4,ELIGIBILITY_TRACE_32,3500,4000,0.524
40,4,EXACT_FIFO_32,3500,4000,0.516
40,4,EXACT_FIFO_128,3500,4000,0.556
40,4,EXACT_FIFO_512,3500,4000,0.556
40,4,EXACT_FIFO_2048,3500,4000,0.556
40,4,NO_TRACE_CURRENT_32,3500,4000,0.516
40,4,EXACT_REPLAY,3500,4000,0.556
40,4,ELIGIBILITY_TRACE_32,4000,4500,0.536
40,4,EXACT_FIFO_32,4000,4500,0.52
40,4,EXACT_FIFO_128,4000,4500,0.556
40,4,EXACT_FIFO_512,4000,4500,0.556
40,4,EXACT_FIFO_2048,4000,4500,0.556
40,4,NO_TRACE_CURRENT_32,4000,4500,0.516
40,4,EXACT_REPLAY,4000,4500,0.556
40,4,ELIGIBILITY_TRACE_32,4500,5000,0.512
40,4,EXACT_FIFO_32,4500,5000,0.502
40,4,EXACT_FIFO_128,4500,5000,0.556
40,4,EXACT_FIFO_512,4500,5000,0.556
40,4,EXACT_FIFO_2048,4500,5000,0.556
40,4,NO_TRACE_CURRENT_32,4500,5000,0.512
40,4,EXACT_REPLAY,4500,5000,0.556
40,4,ELIGIBILITY_TRACE_32,5000,5500,0.484
40,4,EXACT_FIFO_32,5000,5500,0.484
40,4,EXACT_FIFO_128,5000,5500,0.54
40,4,EXACT_FIFO_512,5000,5500,0.54
40,4,EXACT_FIFO_2048,5000,5500,0.54
40,4,NO_TRACE_CURRENT_32,5000,5500,0.482
40,4,EXACT_REPLAY,5000,5500,0.54
40,4,ELIGIBILITY_TRACE_32,5500,6000,0.512
40,4,EXACT_FIFO_32,5500,6000,0.51
40,4,EXACT_FIFO_128,5500,6000,0.556
40,4,EXACT_FIFO_512,5500,6000,0.556
40,4,EXACT_FIFO_2048,5500,6000,0.556
40,4,NO_TRACE_CURRENT_32,5500,6000,0.504
40,4,EXACT_REPLAY,5500,6000,0.556
40,16,ELIGIBILITY_TRACE_32,0,500,0.526
40,16,EXACT_FIFO_32,0,500,0.526
40,16,EXACT_FIFO_128,0,500,0.526
40,16,EXACT_FIFO_512,0,500,0.524
40,16,EXACT_FIFO_2048,0,500,0.524
40,16,NO_TRACE_CURRENT_32,0,500,0.518
40,16,EXACT_REPLAY,0,500,0.524
40,16,ELIGIBILITY_TRACE_32,500,1000,0.498
40,16,EXACT_FIFO_32,500,1000,0.5
40,16,EXACT_FIFO_128,500,1000,0.5
40,16,EXACT_FIFO_512,500,1000,0.498
40,16,EXACT_FIFO_2048,500,1000,0.498
40,16,NO_TRACE_CURRENT_32,500,1000,0.5
40,16,EXACT_REPLAY,500,1000,0.498
40,16,ELIGIBILITY_TRACE_32,1000,1500,0.448
40,16,EXACT_FIFO_32,1000,1500,0.444
40,16,EXACT_FIFO_128,1000,1500,0.444
40,16,EXACT_FIFO_512,1000,1500,0.462
40,16,EXACT_FIFO_2048,1000,1500,0.462
40,16,NO_TRACE_CURRENT_32,1000,1500,0.446
40,16,EXACT_REPLAY,1000,1500,0.462
40,16,ELIGIBILITY_TRACE_32,1500,2000,0.518
40,16,EXACT_FIFO_32,1500,2000,0.518
40,16,EXACT_FIFO_128,1500,2000,0.518
40,16,EXACT_FIFO_512,1500,2000,0.542
40,16,EXACT_FIFO_2048,1500,2000,0.542
40,16,NO_TRACE_CURRENT_32,1500,2000,0.522
40,16,EXACT_REPLAY,1500,2000,0.542
40,16,ELIGIBILITY_TRACE_32,2000,2500,0.472
40,16,EXACT_FIFO_32,2000,2500,0.468
40,16,EXACT_FIFO_128,2000,2500,0.468
40,16,EXACT_FIFO_512,2000,2500,0.49
40,16,EXACT_FIFO_2048,2000,2500,0.49
40,16,NO_TRACE_CURRENT_32,2000,2500,0.48
40,16,EXACT_REPLAY,2000,2500,0.49
40,16,ELIGIBILITY_TRACE_32,2500,3000,0.464
40,16,EXACT_FIFO_32,2500,3000,0.462
40,16,EXACT_FIFO_128,2500,3000,0.462
40,16,EXACT_FIFO_512,2500,3000,0.486
40,16,EXACT_FIFO_2048,2500,3000,0.486
40,16,NO_TRACE_CURRENT_32,2500,3000,0.468
40,16,EXACT_REPLAY,2500,3000,0.486
40,16,ELIGIBILITY_TRACE_32,3000,3500,0.5
40,16,EXACT_FIFO_32,3000,3500,0.49
40,16,EXACT_FIFO_128,3000,3500,0.49
40,16,EXACT_FIFO_512,3000,3500,0.512
40,16,EXACT_FIFO_2048,3000,3500,0.512
40,16,NO_TRACE_CURRENT_32,3000,3500,0.488
40,16,EXACT_REPLAY,3000,3500,0.512
40,16,ELIGIBILITY_TRACE_32,3500,4000,0.52
40,16,EXACT_FIFO_32,3500,4000,0.516
40,16,EXACT_FIFO_128,3500,4000,0.516
40,16,EXACT_FIFO_512,3500,4000,0.554
40,16,EXACT_FIFO_2048,3500,4000,0.554
40,16,NO_TRACE_CURRENT_32,3500,4000,0.52
40,16,EXACT_REPLAY,3500,4000,0.554
40,16,ELIGIBILITY_TRACE_32,4000,4500,0.528
40,16,EXACT_FIFO_32,4000,4500,0.52
40,16,EXACT_FIFO_128,4000,4500,0.52
40,16,EXACT_FIFO_512,4000,4500,0.556
40,16,EXACT_FIFO_2048,4000,4500,0.556
40,16,NO_TRACE_CURRENT_32,4000,4500,0.518
40,16,EXACT_REPLAY,4000,4500,0.556
40,16,ELIGIBILITY_TRACE_32,4500,5000,0.508
40,16,EXACT_FIFO_32,4500,5000,0.502
40,16,EXACT_FIFO_128,4500,5000,0.502
40,16,EXACT_FIFO_512,4500,5000,0.554
40,16,EXACT_FIFO_2048,4500,5000,0.554
40,16,NO_TRACE_CURRENT_32,4500,5000,0.508
40,16,EXACT_REPLAY,4500,5000,0.554
40,16,ELIGIBILITY_TRACE_32,5000,5500,0.49
40,16,EXACT_FIFO_32,5000,5500,0.484
40,16,EXACT_FIFO_128,5000,5500,0.484
40,16,EXACT_FIFO_512,5000,5500,0.54
40,16,EXACT_FIFO_2048,5000,5500,0.54
40,16,NO_TRACE_CURRENT_32,5000,5500,0.484
40,16,EXACT_REPLAY,5000,5500,0.54
40,16,ELIGIBILITY_TRACE_32,5500,6000,0.512
40,16,EXACT_FIFO_32,5500,6000,0.51
40,16,EXACT_FIFO_128,5500,6000,0.51
40,16,EXACT_FIFO_512,5500,6000,0.556
40,16,EXACT_FIFO_2048,5500,6000,0.556
40,16,NO_TRACE_CURRENT_32,5500,6000,0.504
40,16,EXACT_REPLAY,5500,6000,0.556
40,64,ELIGIBILITY_TRACE_32,0,500,0.526
40,64,EXACT_FIFO_32,0,500,0.526
40,64,EXACT_FIFO_128,0,500,0.526
40,64,EXACT_FIFO_512,0,500,0.526
40,64,EXACT_FIFO_2048,0,500,0.526
40,64,NO_TRACE_CURRENT_32,0,500,0.524
40,64,EXACT_REPLAY,0,500,0.526
40,64,ELIGIBILITY_TRACE_32,500,1000,0.498
40,64,EXACT_FIFO_32,500,1000,0.5
40,64,EXACT_FIFO_128,500,1000,0.5
40,64,EXACT_FIFO_512,500,1000,0.5
40,64,EXACT_FIFO_2048,500,1000,0.494
40,64,NO_TRACE_CURRENT_32,500,1000,0.494
40,64,EXACT_REPLAY,500,1000,0.494
40,64,ELIGIBILITY_TRACE_32,1000,1500,0.444
40,64,EXACT_FIFO_32,1000,1500,0.444
40,64,EXACT_FIFO_128,1000,1500,0.444
40,64,EXACT_FIFO_512,1000,1500,0.444
40,64,EXACT_FIFO_2048,1000,1500,0.46
40,64,NO_TRACE_CURRENT_32,1000,1500,0.444
40,64,EXACT_REPLAY,1000,1500,0.46
40,64,ELIGIBILITY_TRACE_32,1500,2000,0.516
40,64,EXACT_FIFO_32,1500,2000,0.518
40,64,EXACT_FIFO_128,1500,2000,0.518
40,64,EXACT_FIFO_512,1500,2000,0.518
40,64,EXACT_FIFO_2048,1500,2000,0.544
40,64,NO_TRACE_CURRENT_32,1500,2000,0.518
40,64,EXACT_REPLAY,1500,2000,0.544
40,64,ELIGIBILITY_TRACE_32,2000,2500,0.476
40,64,EXACT_FIFO_32,2000,2500,0.468
40,64,EXACT_FIFO_128,2000,2500,0.468
40,64,EXACT_FIFO_512,2000,2500,0.468
40,64,EXACT_FIFO_2048,2000,2500,0.49
40,64,NO_TRACE_CURRENT_32,2000,2500,0.472
40,64,EXACT_REPLAY,2000,2500,0.49
40,64,ELIGIBILITY_TRACE_32,2500,3000,0.466
40,64,EXACT_FIFO_32,2500,3000,0.462
40,64,EXACT_FIFO_128,2500,3000,0.462
40,64,EXACT_FIFO_512,2500,3000,0.462
40,64,EXACT_FIFO_2048,2500,3000,0.484
40,64,NO_TRACE_CURRENT_32,2500,3000,0.454
40,64,EXACT_REPLAY,2500,3000,0.484
40,64,ELIGIBILITY_TRACE_32,3000,3500,0.492
40,64,EXACT_FIFO_32,3000,3500,0.49
40,64,EXACT_FIFO_128,3000,3500,0.49
40,64,EXACT_FIFO_512,3000,3500,0.49
40,64,EXACT_FIFO_2048,3000,3500,0.512
40,64,NO_TRACE_CURRENT_32,3000,3500,0.486
40,64,EXACT_REPLAY,3000,3500,0.512
40,64,ELIGIBILITY_TRACE_32,3500,4000,0.512
40,64,EXACT_FIFO_32,3500,4000,0.516
40,64,EXACT_FIFO_128,3500,4000,0.516
40,64,EXACT_FIFO_512,3500,4000,0.516
40,64,EXACT_FIFO_2048,3500,4000,0.556
40,64,NO_TRACE_CURRENT_32,3500,4000,0.514
40,64,EXACT_REPLAY,3500,4000,0.556
40,64,ELIGIBILITY_TRACE_32,4000,4500,0.518
40,64,EXACT_FIFO_32,4000,4500,0.52
40,64,EXACT_FIFO_128,4000,4500,0.52
40,64,EXACT_FIFO_512,4000,4500,0.52
40,64,EXACT_FIFO_2048,4000,4500,0.556
40,64,NO_TRACE_CURRENT_32,4000,4500,0.516
40,64,EXACT_REPLAY,4000,4500,0.556
40,64,ELIGIBILITY_TRACE_32,4500,5000,0.504
40,64,EXACT_FIFO_32,4500,5000,0.502
40,64,EXACT_FIFO_128,4500,5000,0.502
40,64,EXACT_FIFO_512,4500,5000,0.502
40,64,EXACT_FIFO_2048,4500,5000,0.554
40,64,NO_TRACE_CURRENT_32,4500,5000,0.502
40,64,EXACT_REPLAY,4500,5000,0.554
40,64,ELIGIBILITY_TRACE_32,5000,5500,0.488
40,64,EXACT_FIFO_32,5000,5500,0.484
40,64,EXACT_FIFO_128,5000,5500,0.484
40,64,EXACT_FIFO_512,5000,5500,0.484
40,64,EXACT_FIFO_2048,5000,5500,0.538
40,64,NO_TRACE_CURRENT_32,5000,5500,0.484
40,64,EXACT_REPLAY,5000,5500,0.538
40,64,ELIGIBILITY_TRACE_32,5500,6000,0.5
40,64,EXACT_FIFO_32,5500,6000,0.51
40,64,EXACT_FIFO_128,5500,6000,0.51
40,64,EXACT_FIFO_512,5500,6000,0.51
40,64,EXACT_FIFO_2048,5500,6000,0.556
40,64,NO_TRACE_CURRENT_32,5500,6000,0.504
40,64,EXACT_REPLAY,5500,6000,0.556
41,1,ELIGIBILITY_TRACE_32,0,500,0.52
41,1,EXACT_FIFO_32,0,500,0.524
41,1,EXACT_FIFO_128,0,500,0.524
41,1,EXACT_FIFO_512,0,500,0.524
41,1,EXACT_FIFO_2048,0,500,0.524
41,1,NO_TRACE_CURRENT_32,0,500,0.516
41,1,EXACT_REPLAY,0,500,0.524
41,1,ELIGIBILITY_TRACE_32,500,1000,0.534
41,1,EXACT_FIFO_32,500,1000,0.532
41,1,EXACT_FIFO_128,500,1000,0.532
41,1,EXACT_FIFO_512,500,1000,0.532
41,1,EXACT_FIFO_2048,500,1000,0.532
41,1,NO_TRACE_CURRENT_32,500,1000,0.526
41,1,EXACT_REPLAY,500,1000,0.532
41,1,ELIGIBILITY_TRACE_32,1000,1500,0.438
41,1,EXACT_FIFO_32,1000,1500,0.458
41,1,EXACT_FIFO_128,1000,1500,0.458
41,1,EXACT_FIFO_512,1000,1500,0.458
41,1,EXACT_FIFO_2048,1000,1500,0.458
41,1,NO_TRACE_CURRENT_32,1000,1500,0.442
41,1,EXACT_REPLAY,1000,1500,0.458
41,1,ELIGIBILITY_TRACE_32,1500,2000,0.496
41,1,EXACT_FIFO_32,1500,2000,0.514
41,1,EXACT_FIFO_128,1500,2000,0.514
41,1,EXACT_FIFO_512,1500,2000,0.514
41,1,EXACT_FIFO_2048,1500,2000,0.514
41,1,NO_TRACE_CURRENT_32,1500,2000,0.492
41,1,EXACT_REPLAY,1500,2000,0.514
41,1,ELIGIBILITY_TRACE_32,2000,2500,0.478
41,1,EXACT_FIFO_32,2000,2500,0.506
41,1,EXACT_FIFO_128,2000,2500,0.506
41,1,EXACT_FIFO_512,2000,2500,0.506
41,1,EXACT_FIFO_2048,2000,2500,0.506
41,1,NO_TRACE_CURRENT_32,2000,2500,0.466
41,1,EXACT_REPLAY,2000,2500,0.506
41,1,ELIGIBILITY_TRACE_32,2500,3000,0.524
41,1,EXACT_FIFO_32,2500,3000,0.544
41,1,EXACT_FIFO_128,2500,3000,0.544
41,1,EXACT_FIFO_512,2500,3000,0.544
41,1,EXACT_FIFO_2048,2500,3000,0.544
41,1,NO_TRACE_CURRENT_32,2500,3000,0.514
41,1,EXACT_REPLAY,2500,3000,0.544
41,1,ELIGIBILITY_TRACE_32,3000,3500,0.504
41,1,EXACT_FIFO_32,3000,3500,0.534
41,1,EXACT_FIFO_128,3000,3500,0.534
41,1,EXACT_FIFO_512,3000,3500,0.534
41,1,EXACT_FIFO_2048,3000,3500,0.534
41,1,NO_TRACE_CURRENT_32,3000,3500,0.488
41,1,EXACT_REPLAY,3000,3500,0.534
41,1,ELIGIBILITY_TRACE_32,3500,4000,0.5
41,1,EXACT_FIFO_32,3500,4000,0.528
41,1,EXACT_FIFO_128,3500,4000,0.528
41,1,EXACT_FIFO_512,3500,4000,0.528
41,1,EXACT_FIFO_2048,3500,4000,0.528
41,1,NO_TRACE_CURRENT_32,3500,4000,0.492
41,1,EXACT_REPLAY,3500,4000,0.528
41,1,ELIGIBILITY_TRACE_32,4000,4500,0.508
41,1,EXACT_FIFO_32,4000,4500,0.552
41,1,EXACT_FIFO_128,4000,4500,0.552
41,1,EXACT_FIFO_512,4000,4500,0.552
41,1,EXACT_FIFO_2048,4000,4500,0.552
41,1,NO_TRACE_CURRENT_32,4000,4500,0.492
41,1,EXACT_REPLAY,4000,4500,0.552
41,1,ELIGIBILITY_TRACE_32,4500,5000,0.518
41,1,EXACT_FIFO_32,4500,5000,0.534
41,1,EXACT_FIFO_128,4500,5000,0.534
41,1,EXACT_FIFO_512,4500,5000,0.534
41,1,EXACT_FIFO_2048,4500,5000,0.534
41,1,NO_TRACE_CURRENT_32,4500,5000,0.51
41,1,EXACT_REPLAY,4500,5000,0.534
41,1,ELIGIBILITY_TRACE_32,5000,5500,0.508
41,1,EXACT_FIFO_32,5000,5500,0.56
41,1,EXACT_FIFO_128,5000,5500,0.56
41,1,EXACT_FIFO_512,5000,5500,0.56
41,1,EXACT_FIFO_2048,5000,5500,0.56
41,1,NO_TRACE_CURRENT_32,5000,5500,0.484
41,1,EXACT_REPLAY,5000,5500,0.56
41,1,ELIGIBILITY_TRACE_32,5500,6000,0.514
41,1,EXACT_FIFO_32,5500,6000,0.578
41,1,EXACT_FIFO_128,5500,6000,0.578
41,1,EXACT_FIFO_512,5500,6000,0.578
41,1,EXACT_FIFO_2048,5500,6000,0.578
41,1,NO_TRACE_CURRENT_32,5500,6000,0.486
41,1,EXACT_REPLAY,5500,6000,0.578
41,4,ELIGIBILITY_TRACE_32,0,500,0.52
41,4,EXACT_FIFO_32,0,500,0.518
41,4,EXACT_FIFO_128,0,500,0.524
41,4,EXACT_FIFO_512,0,500,0.524
41,4,EXACT_FIFO_2048,0,500,0.524
41,4,NO_TRACE_CURRENT_32,0,500,0.518
41,4,EXACT_REPLAY,0,500,0.524
41,4,ELIGIBILITY_TRACE_32,500,1000,0.532
41,4,EXACT_FIFO_32,500,1000,0.528
41,4,EXACT_FIFO_128,500,1000,0.532
41,4,EXACT_FIFO_512,500,1000,0.532
41,4,EXACT_FIFO_2048,500,1000,0.532
41,4,NO_TRACE_CURRENT_32,500,1000,0.526
41,4,EXACT_REPLAY,500,1000,0.532
41,4,ELIGIBILITY_TRACE_32,1000,1500,0.434
41,4,EXACT_FIFO_32,1000,1500,0.434
41,4,EXACT_FIFO_128,1000,1500,0.458
41,4,EXACT_FIFO_512,1000,1500,0.458
41,4,EXACT_FIFO_2048,1000,1500,0.458
41,4,NO_TRACE_CURRENT_32,1000,1500,0.432
41,4,EXACT_REPLAY,1000,1500,0.458
41,4,ELIGIBILITY_TRACE_32,1500,2000,0.496
41,4,EXACT_FIFO_32,1500,2000,0.49
41,4,EXACT_FIFO_128,1500,2000,0.514
41,4,EXACT_FIFO_512,1500,2000,0.514
41,4,EXACT_FIFO_2048,1500,2000,0.514
41,4,NO_TRACE_CURRENT_32,1500,2000,0.488
41,4,EXACT_REPLAY,1500,2000,0.514
41,4,ELIGIBILITY_TRACE_32,2000,2500,0.478
41,4,EXACT_FIFO_32,2000,2500,0.464
41,4,EXACT_FIFO_128,2000,2500,0.506
41,4,EXACT_FIFO_512,2000,2500,0.506
41,4,EXACT_FIFO_2048,2000,2500,0.506
41,4,NO_TRACE_CURRENT_32,2000,2500,0.466
41,4,EXACT_REPLAY,2000,2500,0.506
41,4,ELIGIBILITY_TRACE_32,2500,3000,0.522
41,4,EXACT_FIFO_32,2500,3000,0.514
41,4,EXACT_FIFO_128,2500,3000,0.542
41,4,EXACT_FIFO_512,2500,3000,0.542
41,4,EXACT_FIFO_2048,2500,3000,0.542
41,4,NO_TRACE_CURRENT_32,2500,3000,0.516
41,4,EXACT_REPLAY,2500,3000,0.542
41,4,ELIGIBILITY_TRACE_32,3000,3500,0.504
41,4,EXACT_FIFO_32,3000,3500,0.496
41,4,EXACT_FIFO_128,3000,3500,0.534
41,4,EXACT_FIFO_512,3000,3500,0.534
41,4,EXACT_FIFO_2048,3000,3500,0.534
41,4,NO_TRACE_CURRENT_32,3000,3500,0.502
41,4,EXACT_REPLAY,3000,3500,0.534
41,4,ELIGIBILITY_TRACE_32,3500,4000,0.506
41,4,EXACT_FIFO_32,3500,4000,0.494
41,4,EXACT_FIFO_128,3500,4000,0.528
41,4,EXACT_FIFO_512,3500,4000,0.528
41,4,EXACT_FIFO_2048,3500,4000,0.528
41,4,NO_TRACE_CURRENT_32,3500,4000,0.498
41,4,EXACT_REPLAY,3500,4000,0.528
41,4,ELIGIBILITY_TRACE_32,4000,4500,0.506
41,4,EXACT_FIFO_32,4000,4500,0.498
41,4,EXACT_FIFO_128,4000,4500,0.552
41,4,EXACT_FIFO_512,4000,4500,0.552
41,4,EXACT_FIFO_2048,4000,4500,0.552
41,4,NO_TRACE_CURRENT_32,4000,4500,0.498
41,4,EXACT_REPLAY,4000,4500,0.552
41,4,ELIGIBILITY_TRACE_32,4500,5000,0.516
41,4,EXACT_FIFO_32,4500,5000,0.512
41,4,EXACT_FIFO_128,4500,5000,0.532
41,4,EXACT_FIFO_512,4500,5000,0.532
41,4,EXACT_FIFO_2048,4500,5000,0.532
41,4,NO_TRACE_CURRENT_32,4500,5000,0.51
41,4,EXACT_REPLAY,4500,5000,0.532
41,4,ELIGIBILITY_TRACE_32,5000,5500,0.51
41,4,EXACT_FIFO_32,5000,5500,0.492
41,4,EXACT_FIFO_128,5000,5500,0.56
41,4,EXACT_FIFO_512,5000,5500,0.56
41,4,EXACT_FIFO_2048,5000,5500,0.56
41,4,NO_TRACE_CURRENT_32,5000,5500,0.488
41,4,EXACT_REPLAY,5000,5500,0.56
41,4,ELIGIBILITY_TRACE_32,5500,6000,0.518
41,4,EXACT_FIFO_32,5500,6000,0.488
41,4,EXACT_FIFO_128,5500,6000,0.576
41,4,EXACT_FIFO_512,5500,6000,0.576
41,4,EXACT_FIFO_2048,5500,6000,0.576
41,4,NO_TRACE_CURRENT_32,5500,6000,0.492
41,4,EXACT_REPLAY,5500,6000,0.576
41,16,ELIGIBILITY_TRACE_32,0,500,0.518
41,16,EXACT_FIFO_32,0,500,0.518
41,16,EXACT_FIFO_128,0,500,0.518
41,16,EXACT_FIFO_512,0,500,0.524
41,16,EXACT_FIFO_2048,0,500,0.524
41,16,NO_TRACE_CURRENT_32,0,500,0.518
41,16,EXACT_REPLAY,0,500,0.524
41,16,ELIGIBILITY_TRACE_32,500,1000,0.534
41,16,EXACT_FIFO_32,500,1000,0.528
41,16,EXACT_FIFO_128,500,1000,0.528
41,16,EXACT_FIFO_512,500,1000,0.532
41,16,EXACT_FIFO_2048,500,1000,0.532
41,16,NO_TRACE_CURRENT_32,500,1000,0.526
41,16,EXACT_REPLAY,500,1000,0.532
41,16,ELIGIBILITY_TRACE_32,1000,1500,0.438
41,16,EXACT_FIFO_32,1000,1500,0.434
41,16,EXACT_FIFO_128,1000,1500,0.434
41,16,EXACT_FIFO_512,1000,1500,0.458
41,16,EXACT_FIFO_2048,1000,1500,0.458
41,16,NO_TRACE_CURRENT_32,1000,1500,0.43
41,16,EXACT_REPLAY,1000,1500,0.458
41,16,ELIGIBILITY_TRACE_32,1500,2000,0.49
41,16,EXACT_FIFO_32,1500,2000,0.49
41,16,EXACT_FIFO_128,1500,2000,0.49
41,16,EXACT_FIFO_512,1500,2000,0.514
41,16,EXACT_FIFO_2048,1500,2000,0.514
41,16,NO_TRACE_CURRENT_32,1500,2000,0.492
41,16,EXACT_REPLAY,1500,2000,0.514
41,16,ELIGIBILITY_TRACE_32,2000,2500,0.474
41,16,EXACT_FIFO_32,2000,2500,0.464
41,16,EXACT_FIFO_128,2000,2500,0.464
41,16,EXACT_FIFO_512,2000,2500,0.506
41,16,EXACT_FIFO_2048,2000,2500,0.506
41,16,NO_TRACE_CURRENT_32,2000,2500,0.466
41,16,EXACT_REPLAY,2000,2500,0.506
41,16,ELIGIBILITY_TRACE_32,2500,3000,0.526
41,16,EXACT_FIFO_32,2500,3000,0.514
41,16,EXACT_FIFO_128,2500,3000,0.514
41,16,EXACT_FIFO_512,2500,3000,0.544
41,16,EXACT_FIFO_2048,2500,3000,0.544
41,16,NO_TRACE_CURRENT_32,2500,3000,0.524
41,16,EXACT_REPLAY,2500,3000,0.544
41,16,ELIGIBILITY_TRACE_32,3000,3500,0.51
41,16,EXACT_FIFO_32,3000,3500,0.496
41,16,EXACT_FIFO_128,3000,3500,0.496
41,16,EXACT_FIFO_512,3000,3500,0.534
41,16,EXACT_FIFO_2048,3000,3500,0.534
41,16,NO_TRACE_CURRENT_32,3000,3500,0.494
41,16,EXACT_REPLAY,3000,3500,0.534
41,16,ELIGIBILITY_TRACE_32,3500,4000,0.512
41,16,EXACT_FIFO_32,3500,4000,0.494
41,16,EXACT_FIFO_128,3500,4000,0.494
41,16,EXACT_FIFO_512,3500,4000,0.53
41,16,EXACT_FIFO_2048,3500,4000,0.53
41,16,NO_TRACE_CURRENT_32,3500,4000,0.498
41,16,EXACT_REPLAY,3500,4000,0.53
41,16,ELIGIBILITY_TRACE_32,4000,4500,0.51
41,16,EXACT_FIFO_32,4000,4500,0.498
41,16,EXACT_FIFO_128,4000,4500,0.498
41,16,EXACT_FIFO_512,4000,4500,0.552
41,16,EXACT_FIFO_2048,4000,4500,0.552
41,16,NO_TRACE_CURRENT_32,4000,4500,0.498
41,16,EXACT_REPLAY,4000,4500,0.552
41,16,ELIGIBILITY_TRACE_32,4500,5000,0.516
41,16,EXACT_FIFO_32,4500,5000,0.512
41,16,EXACT_FIFO_128,4500,5000,0.512
41,16,EXACT_FIFO_512,4500,5000,0.532
41,16,EXACT_FIFO_2048,4500,5000,0.532
41,16,NO_TRACE_CURRENT_32,4500,5000,0.51
41,16,EXACT_REPLAY,4500,5000,0.532
41,16,ELIGIBILITY_TRACE_32,5000,5500,0.512
41,16,EXACT_FIFO_32,5000,5500,0.492
41,16,EXACT_FIFO_128,5000,5500,0.492
41,16,EXACT_FIFO_512,5000,5500,0.56
41,16,EXACT_FIFO_2048,5000,5500,0.56
41,16,NO_TRACE_CURRENT_32,5000,5500,0.494
41,16,EXACT_REPLAY,5000,5500,0.56
41,16,ELIGIBILITY_TRACE_32,5500,6000,0.512
41,16,EXACT_FIFO_32,5500,6000,0.488
41,16,EXACT_FIFO_128,5500,6000,0.488
41,16,EXACT_FIFO_512,5500,6000,0.576
41,16,EXACT_FIFO_2048,5500,6000,0.576
41,16,NO_TRACE_CURRENT_32,5500,6000,0.494
41,16,EXACT_REPLAY,5500,6000,0.576
41,64,ELIGIBILITY_TRACE_32,0,500,0.516
41,64,EXACT_FIFO_32,0,500,0.518
41,64,EXACT_FIFO_128,0,500,0.518
41,64,EXACT_FIFO_512,0,500,0.518
41,64,EXACT_FIFO_2048,0,500,0.526
41,64,NO_TRACE_CURRENT_32,0,500,0.52
41,64,EXACT_REPLAY,0,500,0.526
41,64,ELIGIBILITY_TRACE_32,500,1000,0.53
41,64,EXACT_FIFO_32,500,1000,0.528
41,64,EXACT_FIFO_128,500,1000,0.528
41,64,EXACT_FIFO_512,500,1000,0.528
41,64,EXACT_FIFO_2048,500,1000,0.532
41,64,NO_TRACE_CURRENT_32,500,1000,0.528
41,64,EXACT_REPLAY,500,1000,0.532
41,64,ELIGIBILITY_TRACE_32,1000,1500,0.436
41,64,EXACT_FIFO_32,1000,1500,0.434
41,64,EXACT_FIFO_128,1000,1500,0.434
41,64,EXACT_FIFO_512,1000,1500,0.434
41,64,EXACT_FIFO_2048,1000,1500,0.458
41,64,NO_TRACE_CURRENT_32,1000,1500,0.43
41,64,EXACT_REPLAY,1000,1500,0.458
41,64,ELIGIBILITY_TRACE_32,1500,2000,0.488
41,64,EXACT_FIFO_32,1500,2000,0.49
41,64,EXACT_FIFO_128,1500,2000,0.49
41,64,EXACT_FIFO_512,1500,2000,0.49
41,64,EXACT_FIFO_2048,1500,2000,0.514
41,64,NO_TRACE_CURRENT_32,1500,2000,0.486
41,64,EXACT_REPLAY,1500,2000,0.514
41,64,ELIGIBILITY_TRACE_32,2000,2500,0.468
41,64,EXACT_FIFO_32,2000,2500,0.464
41,64,EXACT_FIFO_128,2000,2500,0.464
41,64,EXACT_FIFO_512,2000,2500,0.464
41,64,EXACT_FIFO_2048,2000,2500,0.506
41,64,NO_TRACE_CURRENT_32,2000,2500,0.466
41,64,EXACT_REPLAY,2000,2500,0.506
41,64,ELIGIBILITY_TRACE_32,2500,3000,0.522
41,64,EXACT_FIFO_32,2500,3000,0.514
41,64,EXACT_FIFO_128,2500,3000,0.514
41,64,EXACT_FIFO_512,2500,3000,0.514
41,64,EXACT_FIFO_2048,2500,3000,0.542
41,64,NO_TRACE_CURRENT_32,2500,3000,0.528
41,64,EXACT_REPLAY,2500,3000,0.542
41,64,ELIGIBILITY_TRACE_32,3000,3500,0.494
41,64,EXACT_FIFO_32,3000,3500,0.496
41,64,EXACT_FIFO_128,3000,3500,0.496
41,64,EXACT_FIFO_512,3000,3500,0.496
41,64,EXACT_FIFO_2048,3000,3500,0.53
41,64,NO_TRACE_CURRENT_32,3000,3500,0.5
41,64,EXACT_REPLAY,3000,3500,0.53
41,64,ELIGIBILITY_TRACE_32,3500,4000,0.5
41,64,EXACT_FIFO_32,3500,4000,0.494
41,64,EXACT_FIFO_128,3500,4000,0.494
41,64,EXACT_FIFO_512,3500,4000,0.494
41,64,EXACT_FIFO_2048,3500,4000,0.53
41,64,NO_TRACE_CURRENT_32,3500,4000,0.498
41,64,EXACT_REPLAY,3500,4000,0.53
41,64,ELIGIBILITY_TRACE_32,4000,4500,0.504
41,64,EXACT_FIFO_32,4000,4500,0.498
41,64,EXACT_FIFO_128,4000,4500,0.498
41,64,EXACT_FIFO_512,4000,4500,0.498
41,64,EXACT_FIFO_2048,4000,4500,0.55
41,64,NO_TRACE_CURRENT_32,4000,4500,0.496
41,64,EXACT_REPLAY,4000,4500,0.55
41,64,ELIGIBILITY_TRACE_32,4500,5000,0.514
41,64,EXACT_FIFO_32,4500,5000,0.512
41,64,EXACT_FIFO_128,4500,5000,0.512
41,64,EXACT_FIFO_512,4500,5000,0.512
41,64,EXACT_FIFO_2048,4500,5000,0.532
41,64,NO_TRACE_CURRENT_32,4500,5000,0.508
41,64,EXACT_REPLAY,4500,5000,0.532
41,64,ELIGIBILITY_TRACE_32,5000,5500,0.498
41,64,EXACT_FIFO_32,5000,5500,0.492
41,64,EXACT_FIFO_128,5000,5500,0.492
41,64,EXACT_FIFO_512,5000,5500,0.492
41,64,EXACT_FIFO_2048,5000,5500,0.56
41,64,NO_TRACE_CURRENT_32,5000,5500,0.494
41,64,EXACT_REPLAY,5000,5500,0.56
41,64,ELIGIBILITY_TRACE_32,5500,6000,0.504
41,64,EXACT_FIFO_32,5500,6000,0.488
41,64,EXACT_FIFO_128,5500,6000,0.488
41,64,EXACT_FIFO_512,5500,6000,0.488
41,64,EXACT_FIFO_2048,5500,6000,0.576
41,64,NO_TRACE_CURRENT_32,5500,6000,0.492
41,64,EXACT_REPLAY,5500,6000,0.576
42,1,ELIGIBILITY_TRACE_32,0,500,0.528
42,1,EXACT_FIFO_32,0,500,0.53
42,1,EXACT_FIFO_128,0,500,0.53
42,1,EXACT_FIFO_512,0,500,0.53
42,1,EXACT_FIFO_2048,0,500,0.53
42,1,NO_TRACE_CURRENT_32,0,500,0.526
42,1,EXACT_REPLAY,0,500,0.53
42,1,ELIGIBILITY_TRACE_32,500,1000,0.49
42,1,EXACT_FIFO_32,500,1000,0.488
42,1,EXACT_FIFO_128,500,1000,0.488
42,1,EXACT_FIFO_512,500,1000,0.488
42,1,EXACT_FIFO_2048,500,1000,0.488
42,1,NO_TRACE_CURRENT_32,500,1000,0.478
42,1,EXACT_REPLAY,500,1000,0.488
42,1,ELIGIBILITY_TRACE_32,1000,1500,0.52
42,1,EXACT_FIFO_32,1000,1500,0.528
42,1,EXACT_FIFO_128,1000,1500,0.528
42,1,EXACT_FIFO_512,1000,1500,0.528
42,1,EXACT_FIFO_2048,1000,1500,0.528
42,1,NO_TRACE_CURRENT_32,1000,1500,0.52
42,1,EXACT_REPLAY,1000,1500,0.528
42,1,ELIGIBILITY_TRACE_32,1500,2000,0.546
42,1,EXACT_FIFO_32,1500,2000,0.562
42,1,EXACT_FIFO_128,1500,2000,0.562
42,1,EXACT_FIFO_512,1500,2000,0.562
42,1,EXACT_FIFO_2048,1500,2000,0.562
42,1,NO_TRACE_CURRENT_32,1500,2000,0.536
42,1,EXACT_REPLAY,1500,2000,0.562
42,1,ELIGIBILITY_TRACE_32,2000,2500,0.494
42,1,EXACT_FIFO_32,2000,2500,0.524
42,1,EXACT_FIFO_128,2000,2500,0.524
42,1,EXACT_FIFO_512,2000,2500,0.524
42,1,EXACT_FIFO_2048,2000,2500,0.524
42,1,NO_TRACE_CURRENT_32,2000,2500,0.482
42,1,EXACT_REPLAY,2000,2500,0.524
42,1,ELIGIBILITY_TRACE_32,2500,3000,0.54
42,1,EXACT_FIFO_32,2500,3000,0.552
42,1,EXACT_FIFO_128,2500,3000,0.552
42,1,EXACT_FIFO_512,2500,3000,0.552
42,1,EXACT_FIFO_2048,2500,3000,0.552
42,1,NO_TRACE_CURRENT_32,2500,3000,0.536
42,1,EXACT_REPLAY,2500,3000,0.552
42,1,ELIGIBILITY_TRACE_32,3000,3500,0.504
42,1,EXACT_FIFO_32,3000,3500,0.532
42,1,EXACT_FIFO_128,3000,3500,0.532
42,1,EXACT_FIFO_512,3000,3500,0.532
42,1,EXACT_FIFO_2048,3000,3500,0.532
42,1,NO_TRACE_CURRENT_32,3000,3500,0.488
42,1,EXACT_REPLAY,3000,3500,0.532
42,1,ELIGIBILITY_TRACE_32,3500,4000,0.474
42,1,EXACT_FIFO_32,3500,4000,0.5
42,1,EXACT_FIFO_128,3500,4000,0.5
42,1,EXACT_FIFO_512,3500,4000,0.5
42,1,EXACT_FIFO_2048,3500,4000,0.5
42,1,NO_TRACE_CURRENT_32,3500,4000,0.468
42,1,EXACT_REPLAY,3500,4000,0.5
42,1,ELIGIBILITY_TRACE_32,4000,4500,0.51
42,1,EXACT_FIFO_32,4000,4500,0.54
42,1,EXACT_FIFO_128,4000,4500,0.54
42,1,EXACT_FIFO_512,4000,4500,0.54
42,1,EXACT_FIFO_2048,4000,4500,0.54
42,1,NO_TRACE_CURRENT_32,4000,4500,0.494
42,1,EXACT_REPLAY,4000,4500,0.54
42,1,ELIGIBILITY_TRACE_32,4500,5000,0.52
42,1,EXACT_FIFO_32,4500,5000,0.544
42,1,EXACT_FIFO_128,4500,5000,0.544
42,1,EXACT_FIFO_512,4500,5000,0.544
42,1,EXACT_FIFO_2048,4500,5000,0.544
42,1,NO_TRACE_CURRENT_32,4500,5000,0.498
42,1,EXACT_REPLAY,4500,5000,0.544
42,1,ELIGIBILITY_TRACE_32,5000,5500,0.522
42,1,EXACT_FIFO_32,5000,5500,0.554
42,1,EXACT_FIFO_128,5000,5500,0.554
42,1,EXACT_FIFO_512,5000,5500,0.554
42,1,EXACT_FIFO_2048,5000,5500,0.554
42,1,NO_TRACE_CURRENT_32,5000,5500,0.5
42,1,EXACT_REPLAY,5000,5500,0.554
42,1,ELIGIBILITY_TRACE_32,5500,6000,0.55
42,1,EXACT_FIFO_32,5500,6000,0.58
42,1,EXACT_FIFO_128,5500,6000,0.58
42,1,EXACT_FIFO_512,5500,6000,0.58
42,1,EXACT_FIFO_2048,5500,6000,0.58
42,1,NO_TRACE_CURRENT_32,5500,6000,0.53
42,1,EXACT_REPLAY,5500,6000,0.58
42,4,ELIGIBILITY_TRACE_32,0,500,0.526
42,4,EXACT_FIFO_32,0,500,0.524
42,4,EXACT_FIFO_128,0,500,0.53
42,4,EXACT_FIFO_512,0,500,0.53
42,4,EXACT_FIFO_2048,0,500,0.53
42,4,NO_TRACE_CURRENT_32,0,500,0.524
42,4,EXACT_REPLAY,0,500,0.53
42,4,ELIGIBILITY_TRACE_32,500,1000,0.49
42,4,EXACT_FIFO_32,500,1000,0.476
42,4,EXACT_FIFO_128,500,1000,0.49
42,4,EXACT_FIFO_512,500,1000,0.49
42,4,EXACT_FIFO_2048,500,1000,0.49
42,4,NO_TRACE_CURRENT_32,500,1000,0.484
42,4,EXACT_REPLAY,500,1000,0.49
42,4,ELIGIBILITY_TRACE_32,1000,1500,0.518
42,4,EXACT_FIFO_32,1000,1500,0.516
42,4,EXACT_FIFO_128,1000,1500,0.526
42,4,EXACT_FIFO_512,1000,1500,0.526
42,4,EXACT_FIFO_2048,1000,1500,0.526
42,4,NO_TRACE_CURRENT_32,1000,1500,0.516
42,4,EXACT_REPLAY,1000,1500,0.526
42,4,ELIGIBILITY_TRACE_32,1500,2000,0.548
42,4,EXACT_FIFO_32,1500,2000,0.54
42,4,EXACT_FIFO_128,1500,2000,0.562
42,4,EXACT_FIFO_512,1500,2000,0.562
42,4,EXACT_FIFO_2048,1500,2000,0.562
42,4,NO_TRACE_CURRENT_32,1500,2000,0.544
42,4,EXACT_REPLAY,1500,2000,0.562
42,4,ELIGIBILITY_TRACE_32,2000,2500,0.504
42,4,EXACT_FIFO_32,2000,2500,0.482
42,4,EXACT_FIFO_128,2000,2500,0.526
42,4,EXACT_FIFO_512,2000,2500,0.526
42,4,EXACT_FIFO_2048,2000,2500,0.526
42,4,NO_TRACE_CURRENT_32,2000,2500,0.488
42,4,EXACT_REPLAY,2000,2500,0.526
42,4,ELIGIBILITY_TRACE_32,2500,3000,0.536
42,4,EXACT_FIFO_32,2500,3000,0.536
42,4,EXACT_FIFO_128,2500,3000,0.552
42,4,EXACT_FIFO_512,2500,3000,0.552
42,4,EXACT_FIFO_2048,2500,3000,0.552
42,4,NO_TRACE_CURRENT_32,2500,3000,0.534
42,4,EXACT_REPLAY,2500,3000,0.552
42,4,ELIGIBILITY_TRACE_32,3000,3500,0.5
42,4,EXACT_FIFO_32,3000,3500,0.492
42,4,EXACT_FIFO_128,3000,3500,0.532
42,4,EXACT_FIFO_512,3000,3500,0.532
42,4,EXACT_FIFO_2048,3000,3500,0.532
42,4,NO_TRACE_CURRENT_32,3000,3500,0.492
42,4,EXACT_REPLAY,3000,3500,0.532
42,4,ELIGIBILITY_TRACE_32,3500,4000,0.474
42,4,EXACT_FIFO_32,3500,4000,0.468
42,4,EXACT_FIFO_128,3500,4000,0.5
42,4,EXACT_FIFO_512,3500,4000,0.5
42,4,EXACT_FIFO_2048,3500,4000,0.5
42,4,NO_TRACE_CURRENT_32,3500,4000,0.462
42,4,EXACT_REPLAY,3500,4000,0.5
42,4,ELIGIBILITY_TRACE_32,4000,4500,0.51
42,4,EXACT_FIFO_32,4000,4500,0.49
42,4,EXACT_FIFO_128,4000,4500,0.54
42,4,EXACT_FIFO_512,4000,4500,0.54
42,4,EXACT_FIFO_2048,4000,4500,0.54
42,4,NO_TRACE_CURRENT_32,4000,4500,0.498
42,4,EXACT_REPLAY,4000,4500,0.54
42,4,ELIGIBILITY_TRACE_32,4500,5000,0.514
42,4,EXACT_FIFO_32,4500,5000,0.502
42,4,EXACT_FIFO_128,4500,5000,0.544
42,4,EXACT_FIFO_512,4500,5000,0.544
42,4,EXACT_FIFO_2048,4500,5000,0.544
42,4,NO_TRACE_CURRENT_32,4500,5000,0.508
42,4,EXACT_REPLAY,4500,5000,0.544
42,4,ELIGIBILITY_TRACE_32,5000,5500,0.522
42,4,EXACT_FIFO_32,5000,5500,0.494
42,4,EXACT_FIFO_128,5000,5500,0.554
42,4,EXACT_FIFO_512,5000,5500,0.554
42,4,EXACT_FIFO_2048,5000,5500,0.554
42,4,NO_TRACE_CURRENT_32,5000,5500,0.49
42,4,EXACT_REPLAY,5000,5500,0.554
42,4,ELIGIBILITY_TRACE_32,5500,6000,0.552
42,4,EXACT_FIFO_32,5500,6000,0.534
42,4,EXACT_FIFO_128,5500,6000,0.58
42,4,EXACT_FIFO_512,5500,6000,0.58
42,4,EXACT_FIFO_2048,5500,6000,0.58
42,4,NO_TRACE_CURRENT_32,5500,6000,0.53
42,4,EXACT_REPLAY,5500,6000,0.58
42,16,ELIGIBILITY_TRACE_32,0,500,0.526
42,16,EXACT_FIFO_32,0,500,0.524
42,16,EXACT_FIFO_128,0,500,0.524
42,16,EXACT_FIFO_512,0,500,0.528
42,16,EXACT_FIFO_2048,0,500,0.528
42,16,NO_TRACE_CURRENT_32,0,500,0.528
42,16,EXACT_REPLAY,0,500,0.528
42,16,ELIGIBILITY_TRACE_32,500,1000,0.484
42,16,EXACT_FIFO_32,500,1000,0.476
42,16,EXACT_FIFO_128,500,1000,0.476
42,16,EXACT_FIFO_512,500,1000,0.49
42,16,EXACT_FIFO_2048,500,1000,0.49
42,16,NO_TRACE_CURRENT_32,500,1000,0.486
42,16,EXACT_REPLAY,500,1000,0.49
42,16,ELIGIBILITY_TRACE_32,1000,1500,0.52
42,16,EXACT_FIFO_32,1000,1500,0.516
42,16,EXACT_FIFO_128,1000,1500,0.516
42,16,EXACT_FIFO_512,1000,1500,0.53
42,16,EXACT_FIFO_2048,1000,1500,0.53
42,16,NO_TRACE_CURRENT_32,1000,1500,0.516
42,16,EXACT_REPLAY,1000,1500,0.53
42,16,ELIGIBILITY_TRACE_32,1500,2000,0.55
42,16,EXACT_FIFO_32,1500,2000,0.54
42,16,EXACT_FIFO_128,1500,2000,0.54
42,16,EXACT_FIFO_512,1500,2000,0.562
42,16,EXACT_FIFO_2048,1500,2000,0.562
42,16,NO_TRACE_CURRENT_32,1500,2000,0.548
42,16,EXACT_REPLAY,1500,2000,0.562
42,16,ELIGIBILITY_TRACE_32,2000,2500,0.498
42,16,EXACT_FIFO_32,2000,2500,0.482
42,16,EXACT_FIFO_128,2000,2500,0.482
42,16,EXACT_FIFO_512,2000,2500,0.524
42,16,EXACT_FIFO_2048,2000,2500,0.524
42,16,NO_TRACE_CURRENT_32,2000,2500,0.488
42,16,EXACT_REPLAY,2000,2500,0.524
42,16,ELIGIBILITY_TRACE_32,2500,3000,0.536
42,16,EXACT_FIFO_32,2500,3000,0.536
42,16,EXACT_FIFO_128,2500,3000,0.536
42,16,EXACT_FIFO_512,2500,3000,0.552
42,16,EXACT_FIFO_2048,2500,3000,0.552
42,16,NO_TRACE_CURRENT_32,2500,3000,0.544
42,16,EXACT_REPLAY,2500,3000,0.552
42,16,ELIGIBILITY_TRACE_32,3000,3500,0.5
42,16,EXACT_FIFO_32,3000,3500,0.492
42,16,EXACT_FIFO_128,3000,3500,0.492
42,16,EXACT_FIFO_512,3000,3500,0.532
42,16,EXACT_FIFO_2048,3000,3500,0.532
42,16,NO_TRACE_CURRENT_32,3000,3500,0.494
42,16,EXACT_REPLAY,3000,3500,0.532
42,16,ELIGIBILITY_TRACE_32,3500,4000,0.47
42,16,EXACT_FIFO_32,3500,4000,0.468
42,16,EXACT_FIFO_128,3500,4000,0.468
42,16,EXACT_FIFO_512,3500,4000,0.5
42,16,EXACT_FIFO_2048,3500,4000,0.5
42,16,NO_TRACE_CURRENT_32,3500,4000,0.474
42,16,EXACT_REPLAY,3500,4000,0.5
42,16,ELIGIBILITY_TRACE_32,4000,4500,0.512
42,16,EXACT_FIFO_32,4000,4500,0.49
42,16,EXACT_FIFO_128,4000,4500,0.49
42,16,EXACT_FIFO_512,4000,4500,0.542
42,16,EXACT_FIFO_2048,4000,4500,0.542
42,16,NO_TRACE_CURRENT_32,4000,4500,0.49
42,16,EXACT_REPLAY,4000,4500,0.542
42,16,ELIGIBILITY_TRACE_32,4500,5000,0.512
42,16,EXACT_FIFO_32,4500,5000,0.502
42,16,EXACT_FIFO_128,4500,5000,0.502
42,16,EXACT_FIFO_512,4500,5000,0.544
42,16,EXACT_FIFO_2048,4500,5000,0.544
42,16,NO_TRACE_CURRENT_32,4500,5000,0.51
42,16,EXACT_REPLAY,4500,5000,0.544
42,16,ELIGIBILITY_TRACE_32,5000,5500,0.514
42,16,EXACT_FIFO_32,5000,5500,0.494
42,16,EXACT_FIFO_128,5000,5500,0.494
42,16,EXACT_FIFO_512,5000,5500,0.554
42,16,EXACT_FIFO_2048,5000,5500,0.554
42,16,NO_TRACE_CURRENT_32,5000,5500,0.496
42,16,EXACT_REPLAY,5000,5500,0.554
42,16,ELIGIBILITY_TRACE_32,5500,6000,0.542
42,16,EXACT_FIFO_32,5500,6000,0.534
42,16,EXACT_FIFO_128,5500,6000,0.534
42,16,EXACT_FIFO_512,5500,6000,0.578
42,16,EXACT_FIFO_2048,5500,6000,0.578
42,16,NO_TRACE_CURRENT_32,5500,6000,0.538
42,16,EXACT_REPLAY,5500,6000,0.578
42,64,ELIGIBILITY_TRACE_32,0,500,0.524
42,64,EXACT_FIFO_32,0,500,0.524
42,64,EXACT_FIFO_128,0,500,0.524
42,64,EXACT_FIFO_512,0,500,0.524
42,64,EXACT_FIFO_2048,0,500,0.53
42,64,NO_TRACE_CURRENT_32,0,500,0.524
42,64,EXACT_REPLAY,0,500,0.53
42,64,ELIGIBILITY_TRACE_32,500,1000,0.48
42,64,EXACT_FIFO_32,500,1000,0.476
42,64,EXACT_FIFO_128,500,1000,0.476
42,64,EXACT_FIFO_512,500,1000,0.476
42,64,EXACT_FIFO_2048,500,1000,0.488
42,64,NO_TRACE_CURRENT_32,500,1000,0.476
42,64,EXACT_REPLAY,500,1000,0.488
42,64,ELIGIBILITY_TRACE_32,1000,1500,0.522
42,64,EXACT_FIFO_32,1000,1500,0.516
42,64,EXACT_FIFO_128,1000,1500,0.516
42,64,EXACT_FIFO_512,1000,1500,0.516
42,64,EXACT_FIFO_2048,1000,1500,0.526
42,64,NO_TRACE_CURRENT_32,1000,1500,0.514
42,64,EXACT_REPLAY,1000,1500,0.526
42,64,ELIGIBILITY_TRACE_32,1500,2000,0.544
42,64,EXACT_FIFO_32,1500,2000,0.54
42,64,EXACT_FIFO_128,1500,2000,0.54
42,64,EXACT_FIFO_512,1500,2000,0.54
42,64,EXACT_FIFO_2048,1500,2000,0.562
42,64,NO_TRACE_CURRENT_32,1500,2000,0.53
42,64,EXACT_REPLAY,1500,2000,0.562
42,64,ELIGIBILITY_TRACE_32,2000,2500,0.496
42,64,EXACT_FIFO_32,2000,2500,0.482
42,64,EXACT_FIFO_128,2000,2500,0.482
42,64,EXACT_FIFO_512,2000,2500,0.482
42,64,EXACT_FIFO_2048,2000,2500,0.522
42,64,NO_TRACE_CURRENT_32,2000,2500,0.476
42,64,EXACT_REPLAY,2000,2500,0.522
42,64,ELIGIBILITY_TRACE_32,2500,3000,0.538
42,64,EXACT_FIFO_32,2500,3000,0.536
42,64,EXACT_FIFO_128,2500,3000,0.536
42,64,EXACT_FIFO_512,2500,3000,0.536
42,64,EXACT_FIFO_2048,2500,3000,0.55
42,64,NO_TRACE_CURRENT_32,2500,3000,0.54
42,64,EXACT_REPLAY,2500,3000,0.55
42,64,ELIGIBILITY_TRACE_32,3000,3500,0.5
42,64,EXACT_FIFO_32,3000,3500,0.492
42,64,EXACT_FIFO_128,3000,3500,0.492
42,64,EXACT_FIFO_512,3000,3500,0.492
42,64,EXACT_FIFO_2048,3000,3500,0.53
42,64,NO_TRACE_CURRENT_32,3000,3500,0.484
42,64,EXACT_REPLAY,3000,3500,0.53
42,64,ELIGIBILITY_TRACE_32,3500,4000,0.464
42,64,EXACT_FIFO_32,3500,4000,0.468
42,64,EXACT_FIFO_128,3500,4000,0.468
42,64,EXACT_FIFO_512,3500,4000,0.468
42,64,EXACT_FIFO_2048,3500,4000,0.498
42,64,NO_TRACE_CURRENT_32,3500,4000,0.462
42,64,EXACT_REPLAY,3500,4000,0.498
42,64,ELIGIBILITY_TRACE_32,4000,4500,0.51
42,64,EXACT_FIFO_32,4000,4500,0.49
42,64,EXACT_FIFO_128,4000,4500,0.49
42,64,EXACT_FIFO_512,4000,4500,0.49
42,64,EXACT_FIFO_2048,4000,4500,0.542
42,64,NO_TRACE_CURRENT_32,4000,4500,0.496
42,64,EXACT_REPLAY,4000,4500,0.542
42,64,ELIGIBILITY_TRACE_32,4500,5000,0.512
42,64,EXACT_FIFO_32,4500,5000,0.502
42,64,EXACT_FIFO_128,4500,5000,0.502
42,64,EXACT_FIFO_512,4500,5000,0.502
42,64,EXACT_FIFO_2048,4500,5000,0.544
42,64,NO_TRACE_CURRENT_32,4500,5000,0.502
42,64,EXACT_REPLAY,4500,5000,0.544
42,64,ELIGIBILITY_TRACE_32,5000,5500,0.516
42,64,EXACT_FIFO_32,5000,5500,0.494
42,64,EXACT_FIFO_128,5000,5500,0.494
42,64,EXACT_FIFO_512,5000,5500,0.494
42,64,EXACT_FIFO_2048,5000,5500,0.56
42,64,NO_TRACE_CURRENT_32,5000,5500,0.494
42,64,EXACT_REPLAY,5000,5500,0.56
42,64,ELIGIBILITY_TRACE_32,5500,6000,0.546
42,64,EXACT_FIFO_32,5500,6000,0.534
42,64,EXACT_FIFO_128,5500,6000,0.534
42,64,EXACT_FIFO_512,5500,6000,0.534
42,64,EXACT_FIFO_2048,5500,6000,0.578
42,64,NO_TRACE_CURRENT_32,5500,6000,0.526
42,64,EXACT_REPLAY,5500,6000,0.578
43,1,ELIGIBILITY_TRACE_32,0,500,0.496
43,1,EXACT_FIFO_32,0,500,0.494
43,1,EXACT_FIFO_128,0,500,0.494
43,1,EXACT_FIFO_512,0,500,0.494
43,1,EXACT_FIFO_2048,0,500,0.494
43,1,NO_TRACE_CURRENT_32,0,500,0.494
43,1,EXACT_REPLAY,0,500,0.494
43,1,ELIGIBILITY_TRACE_32,500,1000,0.528
43,1,EXACT_FIFO_32,500,1000,0.526
43,1,EXACT_FIFO_128,500,1000,0.526
43,1,EXACT_FIFO_512,500,1000,0.526
43,1,EXACT_FIFO_2048,500,1000,0.526
43,1,NO_TRACE_CURRENT_32,500,1000,0.526
43,1,EXACT_REPLAY,500,1000,0.526
43,1,ELIGIBILITY_TRACE_32,1000,1500,0.488
43,1,EXACT_FIFO_32,1000,1500,0.496
43,1,EXACT_FIFO_128,1000,1500,0.496
43,1,EXACT_FIFO_512,1000,1500,0.496
43,1,EXACT_FIFO_2048,1000,1500,0.496
43,1,NO_TRACE_CURRENT_32,1000,1500,0.486
43,1,EXACT_REPLAY,1000,1500,0.496
43,1,ELIGIBILITY_TRACE_32,1500,2000,0.514
43,1,EXACT_FIFO_32,1500,2000,0.514
43,1,EXACT_FIFO_128,1500,2000,0.514
43,1,EXACT_FIFO_512,1500,2000,0.514
43,1,EXACT_FIFO_2048,1500,2000,0.514
43,1,NO_TRACE_CURRENT_32,1500,2000,0.508
43,1,EXACT_REPLAY,1500,2000,0.514
43,1,ELIGIBILITY_TRACE_32,2000,2500,0.518
43,1,EXACT_FIFO_32,2000,2500,0.528
43,1,EXACT_FIFO_128,2000,2500,0.528
43,1,EXACT_FIFO_512,2000,2500,0.528
43,1,EXACT_FIFO_2048,2000,2500,0.528
43,1,NO_TRACE_CURRENT_32,2000,2500,0.526
43,1,EXACT_REPLAY,2000,2500,0.528
43,1,ELIGIBILITY_TRACE_32,2500,3000,0.49
43,1,EXACT_FIFO_32,2500,3000,0.496
43,1,EXACT_FIFO_128,2500,3000,0.496
43,1,EXACT_FIFO_512,2500,3000,0.496
43,1,EXACT_FIFO_2048,2500,3000,0.496
43,1,NO_TRACE_CURRENT_32,2500,3000,0.472
43,1,EXACT_REPLAY,2500,3000,0.496
43,1,ELIGIBILITY_TRACE_32,3000,3500,0.52
43,1,EXACT_FIFO_32,3000,3500,0.528
43,1,EXACT_FIFO_128,3000,3500,0.528
43,1,EXACT_FIFO_512,3000,3500,0.528
43,1,EXACT_FIFO_2048,3000,3500,0.528
43,1,NO_TRACE_CURRENT_32,3000,3500,0.508
43,1,EXACT_REPLAY,3000,3500,0.528
43,1,ELIGIBILITY_TRACE_32,3500,4000,0.476
43,1,EXACT_FIFO_32,3500,4000,0.484
43,1,EXACT_FIFO_128,3500,4000,0.484
43,1,EXACT_FIFO_512,3500,4000,0.484
43,1,EXACT_FIFO_2048,3500,4000,0.484
43,1,NO_TRACE_CURRENT_32,3500,4000,0.464
43,1,EXACT_REPLAY,3500,4000,0.484
43,1,ELIGIBILITY_TRACE_32,4000,4500,0.512
43,1,EXACT_FIFO_32,4000,4500,0.552
43,1,EXACT_FIFO_128,4000,4500,0.552
43,1,EXACT_FIFO_512,4000,4500,0.552
43,1,EXACT_FIFO_2048,4000,4500,0.552
43,1,NO_TRACE_CURRENT_32,4000,4500,0.502
43,1,EXACT_REPLAY,4000,4500,0.552
43,1,ELIGIBILITY_TRACE_32,4500,5000,0.502
43,1,EXACT_FIFO_32,4500,5000,0.526
43,1,EXACT_FIFO_128,4500,5000,0.526
43,1,EXACT_FIFO_512,4500,5000,0.526
43,1,EXACT_FIFO_2048,4500,5000,0.526
43,1,NO_TRACE_CURRENT_32,4500,5000,0.494
43,1,EXACT_REPLAY,4500,5000,0.526
43,1,ELIGIBILITY_TRACE_32,5000,5500,0.486
43,1,EXACT_FIFO_32,5000,5500,0.522
43,1,EXACT_FIFO_128,5000,5500,0.522
43,1,EXACT_FIFO_512,5000,5500,0.522
43,1,EXACT_FIFO_2048,5000,5500,0.522
43,1,NO_TRACE_CURRENT_32,5000,5500,0.48
43,1,EXACT_REPLAY,5000,5500,0.522
43,1,ELIGIBILITY_TRACE_32,5500,6000,0.49
43,1,EXACT_FIFO_32,5500,6000,0.512
43,1,EXACT_FIFO_128,5500,6000,0.512
43,1,EXACT_FIFO_512,5500,6000,0.512
43,1,EXACT_FIFO_2048,5500,6000,0.512
43,1,NO_TRACE_CURRENT_32,5500,6000,0.476
43,1,EXACT_REPLAY,5500,6000,0.512
43,4,ELIGIBILITY_TRACE_32,0,500,0.496
43,4,EXACT_FIFO_32,0,500,0.494
43,4,EXACT_FIFO_128,0,500,0.494
43,4,EXACT_FIFO_512,0,500,0.494
43,4,EXACT_FIFO_2048,0,500,0.494
43,4,NO_TRACE_CURRENT_32,0,500,0.494
43,4,EXACT_REPLAY,0,500,0.494
43,4,ELIGIBILITY_TRACE_32,500,1000,0.528
43,4,EXACT_FIFO_32,500,1000,0.526
43,4,EXACT_FIFO_128,500,1000,0.526
43,4,EXACT_FIFO_512,500,1000,0.526
43,4,EXACT_FIFO_2048,500,1000,0.526
43,4,NO_TRACE_CURRENT_32,500,1000,0.526
43,4,EXACT_REPLAY,500,1000,0.526
43,4,ELIGIBILITY_TRACE_32,1000,1500,0.488
43,4,EXACT_FIFO_32,1000,1500,0.488
43,4,EXACT_FIFO_128,1000,1500,0.496
43,4,EXACT_FIFO_512,1000,1500,0.496
43,4,EXACT_FIFO_2048,1000,1500,0.496
43,4,NO_TRACE_CURRENT_32,1000,1500,0.488
43,4,EXACT_REPLAY,1000,1500,0.496
43,4,ELIGIBILITY_TRACE_32,1500,2000,0.516
43,4,EXACT_FIFO_32,1500,2000,0.512
43,4,EXACT_FIFO_128,1500,2000,0.514
43,4,EXACT_FIFO_512,1500,2000,0.514
43,4,EXACT_FIFO_2048,1500,2000,0.514
43,4,NO_TRACE_CURRENT_32,1500,2000,0.506
43,4,EXACT_REPLAY,1500,2000,0.514
43,4,ELIGIBILITY_TRACE_32,2000,2500,0.52
43,4,EXACT_FIFO_32,2000,2500,0.524
43,4,EXACT_FIFO_128,2000,2500,0.528
43,4,EXACT_FIFO_512,2000,2500,0.528
43,4,EXACT_FIFO_2048,2000,2500,0.528
43,4,NO_TRACE_CURRENT_32,2000,2500,0.522
43,4,EXACT_REPLAY,2000,2500,0.528
43,4,ELIGIBILITY_TRACE_32,2500,3000,0.486
43,4,EXACT_FIFO_32,2500,3000,0.478
43,4,EXACT_FIFO_128,2500,3000,0.494
43,4,EXACT_FIFO_512,2500,3000,0.494
43,4,EXACT_FIFO_2048,2500,3000,0.494
43,4,NO_TRACE_CURRENT_32,2500,3000,0.48
43,4,EXACT_REPLAY,2500,3000,0.494
43,4,ELIGIBILITY_TRACE_32,3000,3500,0.522
43,4,EXACT_FIFO_32,3000,3500,0.516
43,4,EXACT_FIFO_128,3000,3500,0.528
43,4,EXACT_FIFO_512,3000,3500,0.528
43,4,EXACT_FIFO_2048,3000,3500,0.528
43,4,NO_TRACE_CURRENT_32,3000,3500,0.524
43,4,EXACT_REPLAY,3000,3500,0.528
43,4,ELIGIBILITY_TRACE_32,3500,4000,0.476
43,4,EXACT_FIFO_32,3500,4000,0.462
43,4,EXACT_FIFO_128,3500,4000,0.484
43,4,EXACT_FIFO_512,3500,4000,0.484
43,4,EXACT_FIFO_2048,3500,4000,0.484
43,4,NO_TRACE_CURRENT_32,3500,4000,0.46
43,4,EXACT_REPLAY,3500,4000,0.484
43,4,ELIGIBILITY_TRACE_32,4000,4500,0.512
43,4,EXACT_FIFO_32,4000,4500,0.506
43,4,EXACT_FIFO_128,4000,4500,0.552
43,4,EXACT_FIFO_512,4000,4500,0.552
43,4,EXACT_FIFO_2048,4000,4500,0.552
43,4,NO_TRACE_CURRENT_32,4000,4500,0.512
43,4,EXACT_REPLAY,4000,4500,0.552
43,4,ELIGIBILITY_TRACE_32,4500,5000,0.502
43,4,EXACT_FIFO_32,4500,5000,0.502
43,4,EXACT_FIFO_128,4500,5000,0.526
43,4,EXACT_FIFO_512,4500,5000,0.526
43,4,EXACT_FIFO_2048,4500,5000,0.526
43,4,NO_TRACE_CURRENT_32,4500,5000,0.496
43,4,EXACT_REPLAY,4500,5000,0.526
43,4,ELIGIBILITY_TRACE_32,5000,5500,0.486
43,4,EXACT_FIFO_32,5000,5500,0.478
43,4,EXACT_FIFO_128,5000,5500,0.522
43,4,EXACT_FIFO_512,5000,5500,0.522
43,4,EXACT_FIFO_2048,5000,5500,0.522
43,4,NO_TRACE_CURRENT_32,5000,5500,0.478
43,4,EXACT_REPLAY,5000,5500,0.522
43,4,ELIGIBILITY_TRACE_32,5500,6000,0.486
43,4,EXACT_FIFO_32,5500,6000,0.472
43,4,EXACT_FIFO_128,5500,6000,0.514
43,4,EXACT_FIFO_512,5500,6000,0.514
43,4,EXACT_FIFO_2048,5500,6000,0.514
43,4,NO_TRACE_CURRENT_32,5500,6000,0.466
43,4,EXACT_REPLAY,5500,6000,0.514
43,16,ELIGIBILITY_TRACE_32,0,500,0.492
43,16,EXACT_FIFO_32,0,500,0.494
43,16,EXACT_FIFO_128,0,500,0.494
43,16,EXACT_FIFO_512,0,500,0.494
43,16,EXACT_FIFO_2048,0,500,0.494
43,16,NO_TRACE_CURRENT_32,0,500,0.49
43,16,EXACT_REPLAY,0,500,0.494
43,16,ELIGIBILITY_TRACE_32,500,1000,0.528
43,16,EXACT_FIFO_32,500,1000,0.526
43,16,EXACT_FIFO_128,500,1000,0.526
43,16,EXACT_FIFO_512,500,1000,0.526
43,16,EXACT_FIFO_2048,500,1000,0.526
43,16,NO_TRACE_CURRENT_32,500,1000,0.524
43,16,EXACT_REPLAY,500,1000,0.526
43,16,ELIGIBILITY_TRACE_32,1000,1500,0.49
43,16,EXACT_FIFO_32,1000,1500,0.488
43,16,EXACT_FIFO_128,1000,1500,0.488
43,16,EXACT_FIFO_512,1000,1500,0.496
43,16,EXACT_FIFO_2048,1000,1500,0.496
43,16,NO_TRACE_CURRENT_32,1000,1500,0.49
43,16,EXACT_REPLAY,1000,1500,0.496
43,16,ELIGIBILITY_TRACE_32,1500,2000,0.514
43,16,EXACT_FIFO_32,1500,2000,0.512
43,16,EXACT_FIFO_128,1500,2000,0.512
43,16,EXACT_FIFO_512,1500,2000,0.512
43,16,EXACT_FIFO_2048,1500,2000,0.512
43,16,NO_TRACE_CURRENT_32,1500,2000,0.51
43,16,EXACT_REPLAY,1500,2000,0.512
43,16,ELIGIBILITY_TRACE_32,2000,2500,0.522
43,16,EXACT_FIFO_32,2000,2500,0.524
43,16,EXACT_FIFO_128,2000,2500,0.524
43,16,EXACT_FIFO_512,2000,2500,0.528
43,16,EXACT_FIFO_2048,2000,2500,0.528
43,16,NO_TRACE_CURRENT_32,2000,2500,0.526
43,16,EXACT_REPLAY,2000,2500,0.528
43,16,ELIGIBILITY_TRACE_32,2500,3000,0.488
43,16,EXACT_FIFO_32,2500,3000,0.478
43,16,EXACT_FIFO_128,2500,3000,0.478
43,16,EXACT_FIFO_512,2500,3000,0.494
43,16,EXACT_FIFO_2048,2500,3000,0.494
43,16,NO_TRACE_CURRENT_32,2500,3000,0.478
43,16,EXACT_REPLAY,2500,3000,0.494
43,16,ELIGIBILITY_TRACE_32,3000,3500,0.53
43,16,EXACT_FIFO_32,3000,3500,0.516
43,16,EXACT_FIFO_128,3000,3500,0.516
43,16,EXACT_FIFO_512,3000,3500,0.53
43,16,EXACT_FIFO_2048,3000,3500,0.53
43,16,NO_TRACE_CURRENT_32,3000,3500,0.518
43,16,EXACT_REPLAY,3000,3500,0.53
43,16,ELIGIBILITY_TRACE_32,3500,4000,0.478
43,16,EXACT_FIFO_32,3500,4000,0.462
43,16,EXACT_FIFO_128,3500,4000,0.462
43,16,EXACT_FIFO_512,3500,4000,0.484
43,16,EXACT_FIFO_2048,3500,4000,0.484
43,16,NO_TRACE_CURRENT_32,3500,4000,0.462
43,16,EXACT_REPLAY,3500,4000,0.484
43,16,ELIGIBILITY_TRACE_32,4000,4500,0.51
43,16,EXACT_FIFO_32,4000,4500,0.506
43,16,EXACT_FIFO_128,4000,4500,0.506
43,16,EXACT_FIFO_512,4000,4500,0.55
43,16,EXACT_FIFO_2048,4000,4500,0.55
43,16,NO_TRACE_CURRENT_32,4000,4500,0.504
43,16,EXACT_REPLAY,4000,4500,0.55
43,16,ELIGIBILITY_TRACE_32,4500,5000,0.504
43,16,EXACT_FIFO_32,4500,5000,0.502
43,16,EXACT_FIFO_128,4500,5000,0.502
43,16,EXACT_FIFO_512,4500,5000,0.526
43,16,EXACT_FIFO_2048,4500,5000,0.526
43,16,NO_TRACE_CURRENT_32,4500,5000,0.502
43,16,EXACT_REPLAY,4500,5000,0.526
43,16,ELIGIBILITY_TRACE_32,5000,5500,0.48
43,16,EXACT_FIFO_32,5000,5500,0.478
43,16,EXACT_FIFO_128,5000,5500,0.478
43,16,EXACT_FIFO_512,5000,5500,0.522
43,16,EXACT_FIFO_2048,5000,5500,0.522
43,16,NO_TRACE_CURRENT_32,5000,5500,0.48
43,16,EXACT_REPLAY,5000,5500,0.522
43,16,ELIGIBILITY_TRACE_32,5500,6000,0.48
43,16,EXACT_FIFO_32,5500,6000,0.472
43,16,EXACT_FIFO_128,5500,6000,0.472
43,16,EXACT_FIFO_512,5500,6000,0.514
43,16,EXACT_FIFO_2048,5500,6000,0.514
43,16,NO_TRACE_CURRENT_32,5500,6000,0.474
43,16,EXACT_REPLAY,5500,6000,0.514
43,64,ELIGIBILITY_TRACE_32,0,500,0.494
43,64,EXACT_FIFO_32,0,500,0.494
43,64,EXACT_FIFO_128,0,500,0.494
43,64,EXACT_FIFO_512,0,500,0.494
43,64,EXACT_FIFO_2048,0,500,0.494
43,64,NO_TRACE_CURRENT_32,0,500,0.492
43,64,EXACT_REPLAY,0,500,0.494
43,64,ELIGIBILITY_TRACE_32,500,1000,0.522
43,64,EXACT_FIFO_32,500,1000,0.526
43,64,EXACT_FIFO_128,500,1000,0.526
43,64,EXACT_FIFO_512,500,1000,0.526
43,64,EXACT_FIFO_2048,500,1000,0.526
43,64,NO_TRACE_CURRENT_32,500,1000,0.526
43,64,EXACT_REPLAY,500,1000,0.526
43,64,ELIGIBILITY_TRACE_32,1000,1500,0.492
43,64,EXACT_FIFO_32,1000,1500,0.488
43,64,EXACT_FIFO_128,1000,1500,0.488
43,64,EXACT_FIFO_512,1000,1500,0.488
43,64,EXACT_FIFO_2048,1000,1500,0.496
43,64,NO_TRACE_CURRENT_32,1000,1500,0.488
43,64,EXACT_REPLAY,1000,1500,0.496
43,64,ELIGIBILITY_TRACE_32,1500,2000,0.508
43,64,EXACT_FIFO_32,1500,2000,0.512
43,64,EXACT_FIFO_128,1500,2000,0.512
43,64,EXACT_FIFO_512,1500,2000,0.512
43,64,EXACT_FIFO_2048,1500,2000,0.512
43,64,NO_TRACE_CURRENT_32,1500,2000,0.506
43,64,EXACT_REPLAY,1500,2000,0.512
43,64,ELIGIBILITY_TRACE_32,2000,2500,0.52
43,64,EXACT_FIFO_32,2000,2500,0.524
43,64,EXACT_FIFO_128,2000,2500,0.524
43,64,EXACT_FIFO_512,2000,2500,0.524
43,64,EXACT_FIFO_2048,2000,2500,0.528
43,64,NO_TRACE_CURRENT_32,2000,2500,0.524
43,64,EXACT_REPLAY,2000,2500,0.528
43,64,ELIGIBILITY_TRACE_32,2500,3000,0.48
43,64,EXACT_FIFO_32,2500,3000,0.478
43,64,EXACT_FIFO_128,2500,3000,0.478
43,64,EXACT_FIFO_512,2500,3000,0.478
43,64,EXACT_FIFO_2048,2500,3000,0.492
43,64,NO_TRACE_CURRENT_32,2500,3000,0.482
43,64,EXACT_REPLAY,2500,3000,0.492
43,64,ELIGIBILITY_TRACE_32,3000,3500,0.512
43,64,EXACT_FIFO_32,3000,3500,0.516
43,64,EXACT_FIFO_128,3000,3500,0.516
43,64,EXACT_FIFO_512,3000,3500,0.516
43,64,EXACT_FIFO_2048,3000,3500,0.53
43,64,NO_TRACE_CURRENT_32,3000,3500,0.516
43,64,EXACT_REPLAY,3000,3500,0.53
43,64,ELIGIBILITY_TRACE_32,3500,4000,0.464
43,64,EXACT_FIFO_32,3500,4000,0.462
43,64,EXACT_FIFO_128,3500,4000,0.462
43,64,EXACT_FIFO_512,3500,4000,0.462
43,64,EXACT_FIFO_2048,3500,4000,0.484
43,64,NO_TRACE_CURRENT_32,3500,4000,0.464
43,64,EXACT_REPLAY,3500,4000,0.484
43,64,ELIGIBILITY_TRACE_32,4000,4500,0.504
43,64,EXACT_FIFO_32,4000,4500,0.506
43,64,EXACT_FIFO_128,4000,4500,0.506
43,64,EXACT_FIFO_512,4000,4500,0.506
43,64,EXACT_FIFO_2048,4000,4500,0.554
43,64,NO_TRACE_CURRENT_32,4000,4500,0.506
43,64,EXACT_REPLAY,4000,4500,0.554
43,64,ELIGIBILITY_TRACE_32,4500,5000,0.504
43,64,EXACT_FIFO_32,4500,5000,0.502
43,64,EXACT_FIFO_128,4500,5000,0.502
43,64,EXACT_FIFO_512,4500,5000,0.502
43,64,EXACT_FIFO_2048,4500,5000,0.524
43,64,NO_TRACE_CURRENT_32,4500,5000,0.506
43,64,EXACT_REPLAY,4500,5000,0.524
43,64,ELIGIBILITY_TRACE_32,5000,5500,0.484
43,64,EXACT_FIFO_32,5000,5500,0.478
43,64,EXACT_FIFO_128,5000,5500,0.478
43,64,EXACT_FIFO_512,5000,5500,0.478
43,64,EXACT_FIFO_2048,5000,5500,0.522
43,64,NO_TRACE_CURRENT_32,5000,5500,0.476
43,64,EXACT_REPLAY,5000,5500,0.522
43,64,ELIGIBILITY_TRACE_32,5500,6000,0.472
43,64,EXACT_FIFO_32,5500,6000,0.472
43,64,EXACT_FIFO_128,5500,6000,0.472
43,64,EXACT_FIFO_512,5500,6000,0.472
43,64,EXACT_FIFO_2048,5500,6000,0.512
43,64,NO_TRACE_CURRENT_32,5500,6000,0.48
43,64,EXACT_REPLAY,5500,6000,0.512
44,1,ELIGIBILITY_TRACE_32,0,500,0.502
44,1,EXACT_FIFO_32,0,500,0.504
44,1,EXACT_FIFO_128,0,500,0.504
44,1,EXACT_FIFO_512,0,500,0.504
44,1,EXACT_FIFO_2048,0,500,0.504
44,1,NO_TRACE_CURRENT_32,0,500,0.504
44,1,EXACT_REPLAY,0,500,0.504
44,1,ELIGIBILITY_TRACE_32,500,1000,0.52
44,1,EXACT_FIFO_32,500,1000,0.522
44,1,EXACT_FIFO_128,500,1000,0.522
44,1,EXACT_FIFO_512,500,1000,0.522
44,1,EXACT_FIFO_2048,500,1000,0.522
44,1,NO_TRACE_CURRENT_32,500,1000,0.522
44,1,EXACT_REPLAY,500,1000,0.522
44,1,ELIGIBILITY_TRACE_32,1000,1500,0.502
44,1,EXACT_FIFO_32,1000,1500,0.516
44,1,EXACT_FIFO_128,1000,1500,0.516
44,1,EXACT_FIFO_512,1000,1500,0.516
44,1,EXACT_FIFO_2048,1000,1500,0.516
44,1,NO_TRACE_CURRENT_32,1000,1500,0.506
44,1,EXACT_REPLAY,1000,1500,0.516
44,1,ELIGIBILITY_TRACE_32,1500,2000,0.482
44,1,EXACT_FIFO_32,1500,2000,0.488
44,1,EXACT_FIFO_128,1500,2000,0.488
44,1,EXACT_FIFO_512,1500,2000,0.488
44,1,EXACT_FIFO_2048,1500,2000,0.488
44,1,NO_TRACE_CURRENT_32,1500,2000,0.474
44,1,EXACT_REPLAY,1500,2000,0.488
44,1,ELIGIBILITY_TRACE_32,2000,2500,0.524
44,1,EXACT_FIFO_32,2000,2500,0.526
44,1,EXACT_FIFO_128,2000,2500,0.526
44,1,EXACT_FIFO_512,2000,2500,0.526
44,1,EXACT_FIFO_2048,2000,2500,0.526
44,1,NO_TRACE_CURRENT_32,2000,2500,0.526
44,1,EXACT_REPLAY,2000,2500,0.526
44,1,ELIGIBILITY_TRACE_32,2500,3000,0.486
44,1,EXACT_FIFO_32,2500,3000,0.492
44,1,EXACT_FIFO_128,2500,3000,0.492
44,1,EXACT_FIFO_512,2500,3000,0.492
44,1,EXACT_FIFO_2048,2500,3000,0.492
44,1,NO_TRACE_CURRENT_32,2500,3000,0.492
44,1,EXACT_REPLAY,2500,3000,0.492
44,1,ELIGIBILITY_TRACE_32,3000,3500,0.518
44,1,EXACT_FIFO_32,3000,3500,0.528
44,1,EXACT_FIFO_128,3000,3500,0.528
44,1,EXACT_FIFO_512,3000,3500,0.528
44,1,EXACT_FIFO_2048,3000,3500,0.528
44,1,NO_TRACE_CURRENT_32,3000,3500,0.518
44,1,EXACT_REPLAY,3000,3500,0.528
44,1,ELIGIBILITY_TRACE_32,3500,4000,0.514
44,1,EXACT_FIFO_32,3500,4000,0.522
44,1,EXACT_FIFO_128,3500,4000,0.522
44,1,EXACT_FIFO_512,3500,4000,0.522
44,1,EXACT_FIFO_2048,3500,4000,0.522
44,1,NO_TRACE_CURRENT_32,3500,4000,0.516
44,1,EXACT_REPLAY,3500,4000,0.522
44,1,ELIGIBILITY_TRACE_32,4000,4500,0.49
44,1,EXACT_FIFO_32,4000,4500,0.516
44,1,EXACT_FIFO_128,4000,4500,0.516
44,1,EXACT_FIFO_512,4000,4500,0.516
44,1,EXACT_FIFO_2048,4000,4500,0.516
44,1,NO_TRACE_CURRENT_32,4000,4500,0.496
44,1,EXACT_REPLAY,4000,4500,0.516
44,1,ELIGIBILITY_TRACE_32,4500,5000,0.49
44,1,EXACT_FIFO_32,4500,5000,0.498
44,1,EXACT_FIFO_128,4500,5000,0.498
44,1,EXACT_FIFO_512,4500,5000,0.498
44,1,EXACT_FIFO_2048,4500,5000,0.498
44,1,NO_TRACE_CURRENT_32,4500,5000,0.494
44,1,EXACT_REPLAY,4500,5000,0.498
44,1,ELIGIBILITY_TRACE_32,5000,5500,0.494
44,1,EXACT_FIFO_32,5000,5500,0.494
44,1,EXACT_FIFO_128,5000,5500,0.494
44,1,EXACT_FIFO_512,5000,5500,0.494
44,1,EXACT_FIFO_2048,5000,5500,0.494
44,1,NO_TRACE_CURRENT_32,5000,5500,0.494
44,1,EXACT_REPLAY,5000,5500,0.494
44,1,ELIGIBILITY_TRACE_32,5500,6000,0.506
44,1,EXACT_FIFO_32,5500,6000,0.524
44,1,EXACT_FIFO_128,5500,6000,0.524
44,1,EXACT_FIFO_512,5500,6000,0.524
44,1,EXACT_FIFO_2048,5500,6000,0.524
44,1,NO_TRACE_CURRENT_32,5500,6000,0.502
44,1,EXACT_REPLAY,5500,6000,0.524
44,4,ELIGIBILITY_TRACE_32,0,500,0.502
44,4,EXACT_FIFO_32,0,500,0.504
44,4,EXACT_FIFO_128,0,500,0.504
44,4,EXACT_FIFO_512,0,500,0.504
44,4,EXACT_FIFO_2048,0,500,0.504
44,4,NO_TRACE_CURRENT_32,0,500,0.504
44,4,EXACT_REPLAY,0,500,0.504
44,4,ELIGIBILITY_TRACE_32,500,1000,0.522
44,4,EXACT_FIFO_32,500,1000,0.522
44,4,EXACT_FIFO_128,500,1000,0.522
44,4,EXACT_FIFO_512,500,1000,0.522
44,4,EXACT_FIFO_2048,500,1000,0.522
44,4,NO_TRACE_CURRENT_32,500,1000,0.522
44,4,EXACT_REPLAY,500,1000,0.522
44,4,ELIGIBILITY_TRACE_32,1000,1500,0.502
44,4,EXACT_FIFO_32,1000,1500,0.502
44,4,EXACT_FIFO_128,1000,1500,0.518
44,4,EXACT_FIFO_512,1000,1500,0.518
44,4,EXACT_FIFO_2048,1000,1500,0.518
44,4,NO_TRACE_CURRENT_32,1000,1500,0.506
44,4,EXACT_REPLAY,1000,1500,0.518
44,4,ELIGIBILITY_TRACE_32,1500,2000,0.476
44,4,EXACT_FIFO_32,1500,2000,0.474
44,4,EXACT_FIFO_128,1500,2000,0.488
44,4,EXACT_FIFO_512,1500,2000,0.488
44,4,EXACT_FIFO_2048,1500,2000,0.488
44,4,NO_TRACE_CURRENT_32,1500,2000,0.484
44,4,EXACT_REPLAY,1500,2000,0.488
44,4,ELIGIBILITY_TRACE_32,2000,2500,0.526
44,4,EXACT_FIFO_32,2000,2500,0.524
44,4,EXACT_FIFO_128,2000,2500,0.526
44,4,EXACT_FIFO_512,2000,2500,0.526
44,4,EXACT_FIFO_2048,2000,2500,0.526
44,4,NO_TRACE_CURRENT_32,2000,2500,0.516
44,4,EXACT_REPLAY,2000,2500,0.526
44,4,ELIGIBILITY_TRACE_32,2500,3000,0.486
44,4,EXACT_FIFO_32,2500,3000,0.486
44,4,EXACT_FIFO_128,2500,3000,0.492
44,4,EXACT_FIFO_512,2500,3000,0.492
44,4,EXACT_FIFO_2048,2500,3000,0.492
44,4,NO_TRACE_CURRENT_32,2500,3000,0.488
44,4,EXACT_REPLAY,2500,3000,0.492
44,4,ELIGIBILITY_TRACE_32,3000,3500,0.518
44,4,EXACT_FIFO_32,3000,3500,0.518
44,4,EXACT_FIFO_128,3000,3500,0.526
44,4,EXACT_FIFO_512,3000,3500,0.526
44,4,EXACT_FIFO_2048,3000,3500,0.526
44,4,NO_TRACE_CURRENT_32,3000,3500,0.522
44,4,EXACT_REPLAY,3000,3500,0.526
44,4,ELIGIBILITY_TRACE_32,3500,4000,0.52
44,4,EXACT_FIFO_32,3500,4000,0.52
44,4,EXACT_FIFO_128,3500,4000,0.522
44,4,EXACT_FIFO_512,3500,4000,0.522
44,4,EXACT_FIFO_2048,3500,4000,0.522
44,4,NO_TRACE_CURRENT_32,3500,4000,0.516
44,4,EXACT_REPLAY,3500,4000,0.522
44,4,ELIGIBILITY_TRACE_32,4000,4500,0.488
44,4,EXACT_FIFO_32,4000,4500,0.484
44,4,EXACT_FIFO_128,4000,4500,0.516
44,4,EXACT_FIFO_512,4000,4500,0.516
44,4,EXACT_FIFO_2048,4000,4500,0.516
44,4,NO_TRACE_CURRENT_32,4000,4500,0.488
44,4,EXACT_REPLAY,4000,4500,0.516
44,4,ELIGIBILITY_TRACE_32,4500,5000,0.496
44,4,EXACT_FIFO_32,4500,5000,0.486
44,4,EXACT_FIFO_128,4500,5000,0.498
44,4,EXACT_FIFO_512,4500,5000,0.498
44,4,EXACT_FIFO_2048,4500,5000,0.498
44,4,NO_TRACE_CURRENT_32,4500,5000,0.486
44,4,EXACT_REPLAY,4500,5000,0.498
44,4,ELIGIBILITY_TRACE_32,5000,5500,0.494
44,4,EXACT_FIFO_32,5000,5500,0.494
44,4,EXACT_FIFO_128,5000,5500,0.494
44,4,EXACT_FIFO_512,5000,5500,0.494
44,4,EXACT_FIFO_2048,5000,5500,0.494
44,4,NO_TRACE_CURRENT_32,5000,5500,0.496
44,4,EXACT_REPLAY,5000,5500,0.494
44,4,ELIGIBILITY_TRACE_32,5500,6000,0.508
44,4,EXACT_FIFO_32,5500,6000,0.504
44,4,EXACT_FIFO_128,5500,6000,0.524
44,4,EXACT_FIFO_512,5500,6000,0.524
44,4,EXACT_FIFO_2048,5500,6000,0.524
44,4,NO_TRACE_CURRENT_32,5500,6000,0.514
44,4,EXACT_REPLAY,5500,6000,0.524
44,16,ELIGIBILITY_TRACE_32,0,500,0.504
44,16,EXACT_FIFO_32,0,500,0.504
44,16,EXACT_FIFO_128,0,500,0.504
44,16,EXACT_FIFO_512,0,500,0.504
44,16,EXACT_FIFO_2048,0,500,0.504
44,16,NO_TRACE_CURRENT_32,0,500,0.504
44,16,EXACT_REPLAY,0,500,0.504
44,16,ELIGIBILITY_TRACE_32,500,1000,0.522
44,16,EXACT_FIFO_32,500,1000,0.522
44,16,EXACT_FIFO_128,500,1000,0.522
44,16,EXACT_FIFO_512,500,1000,0.522
44,16,EXACT_FIFO_2048,500,1000,0.522
44,16,NO_TRACE_CURRENT_32,500,1000,0.52
44,16,EXACT_REPLAY,500,1000,0.522
44,16,ELIGIBILITY_TRACE_32,1000,1500,0.508
44,16,EXACT_FIFO_32,1000,1500,0.502
44,16,EXACT_FIFO_128,1000,1500,0.502
44,16,EXACT_FIFO_512,1000,1500,0.516
44,16,EXACT_FIFO_2048,1000,1500,0.516
44,16,NO_TRACE_CURRENT_32,1000,1500,0.502
44,16,EXACT_REPLAY,1000,1500,0.516
44,16,ELIGIBILITY_TRACE_32,1500,2000,0.476
44,16,EXACT_FIFO_32,1500,2000,0.474
44,16,EXACT_FIFO_128,1500,2000,0.474
44,16,EXACT_FIFO_512,1500,2000,0.488
44,16,EXACT_FIFO_2048,1500,2000,0.488
44,16,NO_TRACE_CURRENT_32,1500,2000,0.478
44,16,EXACT_REPLAY,1500,2000,0.488
44,16,ELIGIBILITY_TRACE_32,2000,2500,0.522
44,16,EXACT_FIFO_32,2000,2500,0.524
44,16,EXACT_FIFO_128,2000,2500,0.524
44,16,EXACT_FIFO_512,2000,2500,0.524
44,16,EXACT_FIFO_2048,2000,2500,0.524
44,16,NO_TRACE_CURRENT_32,2000,2500,0.518
44,16,EXACT_REPLAY,2000,2500,0.524
44,16,ELIGIBILITY_TRACE_32,2500,3000,0.486
44,16,EXACT_FIFO_32,2500,3000,0.486
44,16,EXACT_FIFO_128,2500,3000,0.486
44,16,EXACT_FIFO_512,2500,3000,0.494
44,16,EXACT_FIFO_2048,2500,3000,0.494
44,16,NO_TRACE_CURRENT_32,2500,3000,0.484
44,16,EXACT_REPLAY,2500,3000,0.494
44,16,ELIGIBILITY_TRACE_32,3000,3500,0.52
44,16,EXACT_FIFO_32,3000,3500,0.518
44,16,EXACT_FIFO_128,3000,3500,0.518
44,16,EXACT_FIFO_512,3000,3500,0.528
44,16,EXACT_FIFO_2048,3000,3500,0.528
44,16,NO_TRACE_CURRENT_32,3000,3500,0.512
44,16,EXACT_REPLAY,3000,3500,0.528
44,16,ELIGIBILITY_TRACE_32,3500,4000,0.52
44,16,EXACT_FIFO_32,3500,4000,0.52
44,16,EXACT_FIFO_128,3500,4000,0.52
44,16,EXACT_FIFO_512,3500,4000,0.522
44,16,EXACT_FIFO_2048,3500,4000,0.522
44,16,NO_TRACE_CURRENT_32,3500,4000,0.516
44,16,EXACT_REPLAY,3500,4000,0.522
44,16,ELIGIBILITY_TRACE_32,4000,4500,0.492
44,16,EXACT_FIFO_32,4000,4500,0.484
44,16,EXACT_FIFO_128,4000,4500,0.484
44,16,EXACT_FIFO_512,4000,4500,0.514
44,16,EXACT_FIFO_2048,4000,4500,0.514
44,16,NO_TRACE_CURRENT_32,4000,4500,0.474
44,16,EXACT_REPLAY,4000,4500,0.514
44,16,ELIGIBILITY_TRACE_32,4500,5000,0.49
44,16,EXACT_FIFO_32,4500,5000,0.486
44,16,EXACT_FIFO_128,4500,5000,0.486
44,16,EXACT_FIFO_512,4500,5000,0.496
44,16,EXACT_FIFO_2048,4500,5000,0.496
44,16,NO_TRACE_CURRENT_32,4500,5000,0.484
44,16,EXACT_REPLAY,4500,5000,0.496
44,16,ELIGIBILITY_TRACE_32,5000,5500,0.496
44,16,EXACT_FIFO_32,5000,5500,0.494
44,16,EXACT_FIFO_128,5000,5500,0.494
44,16,EXACT_FIFO_512,5000,5500,0.494
44,16,EXACT_FIFO_2048,5000,5500,0.494
44,16,NO_TRACE_CURRENT_32,5000,5500,0.486
44,16,EXACT_REPLAY,5000,5500,0.494
44,16,ELIGIBILITY_TRACE_32,5500,6000,0.508
44,16,EXACT_FIFO_32,5500,6000,0.504
44,16,EXACT_FIFO_128,5500,6000,0.504
44,16,EXACT_FIFO_512,5500,6000,0.524
44,16,EXACT_FIFO_2048,5500,6000,0.524
44,16,NO_TRACE_CURRENT_32,5500,6000,0.504
44,16,EXACT_REPLAY,5500,6000,0.524
44,64,ELIGIBILITY_TRACE_32,0,500,0.504
44,64,EXACT_FIFO_32,0,500,0.504
44,64,EXACT_FIFO_128,0,500,0.504
44,64,EXACT_FIFO_512,0,500,0.504
44,64,EXACT_FIFO_2048,0,500,0.504
44,64,NO_TRACE_CURRENT_32,0,500,0.506
44,64,EXACT_REPLAY,0,500,0.504
44,64,ELIGIBILITY_TRACE_32,500,1000,0.518
44,64,EXACT_FIFO_32,500,1000,0.522
44,64,EXACT_FIFO_128,500,1000,0.522
44,64,EXACT_FIFO_512,500,1000,0.522
44,64,EXACT_FIFO_2048,500,1000,0.522
44,64,NO_TRACE_CURRENT_32,500,1000,0.52
44,64,EXACT_REPLAY,500,1000,0.522
44,64,ELIGIBILITY_TRACE_32,1000,1500,0.502
44,64,EXACT_FIFO_32,1000,1500,0.502
44,64,EXACT_FIFO_128,1000,1500,0.502
44,64,EXACT_FIFO_512,1000,1500,0.502
44,64,EXACT_FIFO_2048,1000,1500,0.512
44,64,NO_TRACE_CURRENT_32,1000,1500,0.506
44,64,EXACT_REPLAY,1000,1500,0.512
44,64,ELIGIBILITY_TRACE_32,1500,2000,0.476
44,64,EXACT_FIFO_32,1500,2000,0.474
44,64,EXACT_FIFO_128,1500,2000,0.474
44,64,EXACT_FIFO_512,1500,2000,0.474
44,64,EXACT_FIFO_2048,1500,2000,0.488
44,64,NO_TRACE_CURRENT_32,1500,2000,0.478
44,64,EXACT_REPLAY,1500,2000,0.488
44,64,ELIGIBILITY_TRACE_32,2000,2500,0.522
44,64,EXACT_FIFO_32,2000,2500,0.524
44,64,EXACT_FIFO_128,2000,2500,0.524
44,64,EXACT_FIFO_512,2000,2500,0.524
44,64,EXACT_FIFO_2048,2000,2500,0.526
44,64,NO_TRACE_CURRENT_32,2000,2500,0.518
44,64,EXACT_REPLAY,2000,2500,0.526
44,64,ELIGIBILITY_TRACE_32,2500,3000,0.486
44,64,EXACT_FIFO_32,2500,3000,0.486
44,64,EXACT_FIFO_128,2500,3000,0.486
44,64,EXACT_FIFO_512,2500,3000,0.486
44,64,EXACT_FIFO_2048,2500,3000,0.492
44,64,NO_TRACE_CURRENT_32,2500,3000,0.486
44,64,EXACT_REPLAY,2500,3000,0.492
44,64,ELIGIBILITY_TRACE_32,3000,3500,0.522
44,64,EXACT_FIFO_32,3000,3500,0.518
44,64,EXACT_FIFO_128,3000,3500,0.518
44,64,EXACT_FIFO_512,3000,3500,0.518
44,64,EXACT_FIFO_2048,3000,3500,0.53
44,64,NO_TRACE_CURRENT_32,3000,3500,0.518
44,64,EXACT_REPLAY,3000,3500,0.53
44,64,ELIGIBILITY_TRACE_32,3500,4000,0.524
44,64,EXACT_FIFO_32,3500,4000,0.52
44,64,EXACT_FIFO_128,3500,4000,0.52
44,64,EXACT_FIFO_512,3500,4000,0.52
44,64,EXACT_FIFO_2048,3500,4000,0.522
44,64,NO_TRACE_CURRENT_32,3500,4000,0.518
44,64,EXACT_REPLAY,3500,4000,0.522
44,64,ELIGIBILITY_TRACE_32,4000,4500,0.49
44,64,EXACT_FIFO_32,4000,4500,0.484
44,64,EXACT_FIFO_128,4000,4500,0.484
44,64,EXACT_FIFO_512,4000,4500,0.484
44,64,EXACT_FIFO_2048,4000,4500,0.514
44,64,NO_TRACE_CURRENT_32,4000,4500,0.49
44,64,EXACT_REPLAY,4000,4500,0.514
44,64,ELIGIBILITY_TRACE_32,4500,5000,0.492
44,64,EXACT_FIFO_32,4500,5000,0.486
44,64,EXACT_FIFO_128,4500,5000,0.486
44,64,EXACT_FIFO_512,4500,5000,0.486
44,64,EXACT_FIFO_2048,4500,5000,0.5
44,64,NO_TRACE_CURRENT_32,4500,5000,0.484
44,64,EXACT_REPLAY,4500,5000,0.5
44,64,ELIGIBILITY_TRACE_32,5000,5500,0.494
44,64,EXACT_FIFO_32,5000,5500,0.494
44,64,EXACT_FIFO_128,5000,5500,0.494
44,64,EXACT_FIFO_512,5000,5500,0.494
44,64,EXACT_FIFO_2048,5000,5500,0.494
44,64,NO_TRACE_CURRENT_32,5000,5500,0.496
44,64,EXACT_REPLAY,5000,5500,0.494
44,64,ELIGIBILITY_TRACE_32,5500,6000,0.508
44,64,EXACT_FIFO_32,5500,6000,0.504
44,64,EXACT_FIFO_128,5500,6000,0.504
44,64,EXACT_FIFO_512,5500,6000,0.504
44,64,EXACT_FIFO_2048,5500,6000,0.524
44,64,NO_TRACE_CURRENT_32,5500,6000,0.506
44,64,EXACT_REPLAY,5500,6000,0.524
45,1,ELIGIBILITY_TRACE_32,0,500,0.548
45,1,EXACT_FIFO_32,0,500,0.55
45,1,EXACT_FIFO_128,0,500,0.55
45,1,EXACT_FIFO_512,0,500,0.55
45,1,EXACT_FIFO_2048,0,500,0.55
45,1,NO_TRACE_CURRENT_32,0,500,0.55
45,1,EXACT_REPLAY,0,500,0.55
45,1,ELIGIBILITY_TRACE_32,500,1000,0.52
45,1,EXACT_FIFO_32,500,1000,0.53
45,1,EXACT_FIFO_128,500,1000,0.53
45,1,EXACT_FIFO_512,500,1000,0.53
45,1,EXACT_FIFO_2048,500,1000,0.53
45,1,NO_TRACE_CURRENT_32,500,1000,0.512
45,1,EXACT_REPLAY,500,1000,0.53
45,1,ELIGIBILITY_TRACE_32,1000,1500,0.53
45,1,EXACT_FIFO_32,1000,1500,0.54
45,1,EXACT_FIFO_128,1000,1500,0.54
45,1,EXACT_FIFO_512,1000,1500,0.54
45,1,EXACT_FIFO_2048,1000,1500,0.54
45,1,NO_TRACE_CURRENT_32,1000,1500,0.524
45,1,EXACT_REPLAY,1000,1500,0.54
45,1,ELIGIBILITY_TRACE_32,1500,2000,0.556
45,1,EXACT_FIFO_32,1500,2000,0.576
45,1,EXACT_FIFO_128,1500,2000,0.576
45,1,EXACT_FIFO_512,1500,2000,0.576
45,1,EXACT_FIFO_2048,1500,2000,0.576
45,1,NO_TRACE_CURRENT_32,1500,2000,0.55
45,1,EXACT_REPLAY,1500,2000,0.576
45,1,ELIGIBILITY_TRACE_32,2000,2500,0.52
45,1,EXACT_FIFO_32,2000,2500,0.54
45,1,EXACT_FIFO_128,2000,2500,0.54
45,1,EXACT_FIFO_512,2000,2500,0.54
45,1,EXACT_FIFO_2048,2000,2500,0.54
45,1,NO_TRACE_CURRENT_32,2000,2500,0.516
45,1,EXACT_REPLAY,2000,2500,0.54
45,1,ELIGIBILITY_TRACE_32,2500,3000,0.528
45,1,EXACT_FIFO_32,2500,3000,0.546
45,1,EXACT_FIFO_128,2500,3000,0.546
45,1,EXACT_FIFO_512,2500,3000,0.546
45,1,EXACT_FIFO_2048,2500,3000,0.546
45,1,NO_TRACE_CURRENT_32,2500,3000,0.512
45,1,EXACT_REPLAY,2500,3000,0.546
45,1,ELIGIBILITY_TRACE_32,3000,3500,0.468
45,1,EXACT_FIFO_32,3000,3500,0.508
45,1,EXACT_FIFO_128,3000,3500,0.508
45,1,EXACT_FIFO_512,3000,3500,0.508
45,1,EXACT_FIFO_2048,3000,3500,0.508
45,1,NO_TRACE_CURRENT_32,3000,3500,0.458
45,1,EXACT_REPLAY,3000,3500,0.508
45,1,ELIGIBILITY_TRACE_32,3500,4000,0.52
45,1,EXACT_FIFO_32,3500,4000,0.542
45,1,EXACT_FIFO_128,3500,4000,0.542
45,1,EXACT_FIFO_512,3500,4000,0.542
45,1,EXACT_FIFO_2048,3500,4000,0.542
45,1,NO_TRACE_CURRENT_32,3500,4000,0.512
45,1,EXACT_REPLAY,3500,4000,0.542
45,1,ELIGIBILITY_TRACE_32,4000,4500,0.518
45,1,EXACT_FIFO_32,4000,4500,0.544
45,1,EXACT_FIFO_128,4000,4500,0.544
45,1,EXACT_FIFO_512,4000,4500,0.544
45,1,EXACT_FIFO_2048,4000,4500,0.544
45,1,NO_TRACE_CURRENT_32,4000,4500,0.514
45,1,EXACT_REPLAY,4000,4500,0.544
45,1,ELIGIBILITY_TRACE_32,4500,5000,0.516
45,1,EXACT_FIFO_32,4500,5000,0.54
45,1,EXACT_FIFO_128,4500,5000,0.54
45,1,EXACT_FIFO_512,4500,5000,0.54
45,1,EXACT_FIFO_2048,4500,5000,0.54
45,1,NO_TRACE_CURRENT_32,4500,5000,0.512
45,1,EXACT_REPLAY,4500,5000,0.54
45,1,ELIGIBILITY_TRACE_32,5000,5500,0.536
45,1,EXACT_FIFO_32,5000,5500,0.58
45,1,EXACT_FIFO_128,5000,5500,0.58
45,1,EXACT_FIFO_512,5000,5500,0.58
45,1,EXACT_FIFO_2048,5000,5500,0.58
45,1,NO_TRACE_CURRENT_32,5000,5500,0.534
45,1,EXACT_REPLAY,5000,5500,0.58
45,1,ELIGIBILITY_TRACE_32,5500,6000,0.558
45,1,EXACT_FIFO_32,5500,6000,0.59
45,1,EXACT_FIFO_128,5500,6000,0.59
45,1,EXACT_FIFO_512,5500,6000,0.59
45,1,EXACT_FIFO_2048,5500,6000,0.59
45,1,NO_TRACE_CURRENT_32,5500,6000,0.544
45,1,EXACT_REPLAY,5500,6000,0.59
45,4,ELIGIBILITY_TRACE_32,0,500,0.548
45,4,EXACT_FIFO_32,0,500,0.546
45,4,EXACT_FIFO_128,0,500,0.548
45,4,EXACT_FIFO_512,0,500,0.548
45,4,EXACT_FIFO_2048,0,500,0.548
45,4,NO_TRACE_CURRENT_32,0,500,0.55
45,4,EXACT_REPLAY,0,500,0.548
45,4,ELIGIBILITY_TRACE_32,500,1000,0.52
45,4,EXACT_FIFO_32,500,1000,0.518
45,4,EXACT_FIFO_128,500,1000,0.528
45,4,EXACT_FIFO_512,500,1000,0.528
45,4,EXACT_FIFO_2048,500,1000,0.528
45,4,NO_TRACE_CURRENT_32,500,1000,0.512
45,4,EXACT_REPLAY,500,1000,0.528
45,4,ELIGIBILITY_TRACE_32,1000,1500,0.528
45,4,EXACT_FIFO_32,1000,1500,0.532
45,4,EXACT_FIFO_128,1000,1500,0.54
45,4,EXACT_FIFO_512,1000,1500,0.54
45,4,EXACT_FIFO_2048,1000,1500,0.54
45,4,NO_TRACE_CURRENT_32,1000,1500,0.526
45,4,EXACT_REPLAY,1000,1500,0.54
45,4,ELIGIBILITY_TRACE_32,1500,2000,0.554
45,4,EXACT_FIFO_32,1500,2000,0.544
45,4,EXACT_FIFO_128,1500,2000,0.576
45,4,EXACT_FIFO_512,1500,2000,0.576
45,4,EXACT_FIFO_2048,1500,2000,0.576
45,4,NO_TRACE_CURRENT_32,1500,2000,0.548
45,4,EXACT_REPLAY,1500,2000,0.576
45,4,ELIGIBILITY_TRACE_32,2000,2500,0.52
45,4,EXACT_FIFO_32,2000,2500,0.514
45,4,EXACT_FIFO_128,2000,2500,0.54
45,4,EXACT_FIFO_512,2000,2500,0.54
45,4,EXACT_FIFO_2048,2000,2500,0.54
45,4,NO_TRACE_CURRENT_32,2000,2500,0.514
45,4,EXACT_REPLAY,2000,2500,0.54
45,4,ELIGIBILITY_TRACE_32,2500,3000,0.526
45,4,EXACT_FIFO_32,2500,3000,0.52
45,4,EXACT_FIFO_128,2500,3000,0.546
45,4,EXACT_FIFO_512,2500,3000,0.546
45,4,EXACT_FIFO_2048,2500,3000,0.546
45,4,NO_TRACE_CURRENT_32,2500,3000,0.506
45,4,EXACT_REPLAY,2500,3000,0.546
45,4,ELIGIBILITY_TRACE_32,3000,3500,0.468
45,4,EXACT_FIFO_32,3000,3500,0.464
45,4,EXACT_FIFO_128,3000,3500,0.506
45,4,EXACT_FIFO_512,3000,3500,0.506
45,4,EXACT_FIFO_2048,3000,3500,0.506
45,4,NO_TRACE_CURRENT_32,3000,3500,0.466
45,4,EXACT_REPLAY,3000,3500,0.506
45,4,ELIGIBILITY_TRACE_32,3500,4000,0.52
45,4,EXACT_FIFO_32,3500,4000,0.52
45,4,EXACT_FIFO_128,3500,4000,0.542
45,4,EXACT_FIFO_512,3500,4000,0.542
45,4,EXACT_FIFO_2048,3500,4000,0.542
45,4,NO_TRACE_CURRENT_32,3500,4000,0.512
45,4,EXACT_REPLAY,3500,4000,0.542
45,4,ELIGIBILITY_TRACE_32,4000,4500,0.516
45,4,EXACT_FIFO_32,4000,4500,0.516
45,4,EXACT_FIFO_128,4000,4500,0.544
45,4,EXACT_FIFO_512,4000,4500,0.544
45,4,EXACT_FIFO_2048,4000,4500,0.544
45,4,NO_TRACE_CURRENT_32,4000,4500,0.506
45,4,EXACT_REPLAY,4000,4500,0.544
45,4,ELIGIBILITY_TRACE_32,4500,5000,0.52
45,4,EXACT_FIFO_32,4500,5000,0.514
45,4,EXACT_FIFO_128,4500,5000,0.54
45,4,EXACT_FIFO_512,4500,5000,0.54
45,4,EXACT_FIFO_2048,4500,5000,0.54
45,4,NO_TRACE_CURRENT_32,4500,5000,0.514
45,4,EXACT_REPLAY,4500,5000,0.54
45,4,ELIGIBILITY_TRACE_32,5000,5500,0.542
45,4,EXACT_FIFO_32,5000,5500,0.532
45,4,EXACT_FIFO_128,5000,5500,0.58
45,4,EXACT_FIFO_512,5000,5500,0.58
45,4,EXACT_FIFO_2048,5000,5500,0.58
45,4,NO_TRACE_CURRENT_32,5000,5500,0.534
45,4,EXACT_REPLAY,5000,5500,0.58
45,4,ELIGIBILITY_TRACE_32,5500,6000,0.554
45,4,EXACT_FIFO_32,5500,6000,0.544
45,4,EXACT_FIFO_128,5500,6000,0.59
45,4,EXACT_FIFO_512,5500,6000,0.59
45,4,EXACT_FIFO_2048,5500,6000,0.59
45,4,NO_TRACE_CURRENT_32,5500,6000,0.538
45,4,EXACT_REPLAY,5500,6000,0.59
45,16,ELIGIBILITY_TRACE_32,0,500,0.55
45,16,EXACT_FIFO_32,0,500,0.546
45,16,EXACT_FIFO_128,0,500,0.546
45,16,EXACT_FIFO_512,0,500,0.548
45,16,EXACT_FIFO_2048,0,500,0.548
45,16,NO_TRACE_CURRENT_32,0,500,0.55
45,16,EXACT_REPLAY,0,500,0.548
45,16,ELIGIBILITY_TRACE_32,500,1000,0.518
45,16,EXACT_FIFO_32,500,1000,0.518
45,16,EXACT_FIFO_128,500,1000,0.518
45,16,EXACT_FIFO_512,500,1000,0.528
45,16,EXACT_FIFO_2048,500,1000,0.528
45,16,NO_TRACE_CURRENT_32,500,1000,0.514
45,16,EXACT_REPLAY,500,1000,0.528
45,16,ELIGIBILITY_TRACE_32,1000,1500,0.532
45,16,EXACT_FIFO_32,1000,1500,0.532
45,16,EXACT_FIFO_128,1000,1500,0.532
45,16,EXACT_FIFO_512,1000,1500,0.54
45,16,EXACT_FIFO_2048,1000,1500,0.54
45,16,NO_TRACE_CURRENT_32,1000,1500,0.534
45,16,EXACT_REPLAY,1000,1500,0.54
45,16,ELIGIBILITY_TRACE_32,1500,2000,0.552
45,16,EXACT_FIFO_32,1500,2000,0.544
45,16,EXACT_FIFO_128,1500,2000,0.544
45,16,EXACT_FIFO_512,1500,2000,0.574
45,16,EXACT_FIFO_2048,1500,2000,0.574
45,16,NO_TRACE_CURRENT_32,1500,2000,0.558
45,16,EXACT_REPLAY,1500,2000,0.574
45,16,ELIGIBILITY_TRACE_32,2000,2500,0.524
45,16,EXACT_FIFO_32,2000,2500,0.514
45,16,EXACT_FIFO_128,2000,2500,0.514
45,16,EXACT_FIFO_512,2000,2500,0.54
45,16,EXACT_FIFO_2048,2000,2500,0.54
45,16,NO_TRACE_CURRENT_32,2000,2500,0.518
45,16,EXACT_REPLAY,2000,2500,0.54
45,16,ELIGIBILITY_TRACE_32,2500,3000,0.528
45,16,EXACT_FIFO_32,2500,3000,0.52
45,16,EXACT_FIFO_128,2500,3000,0.52
45,16,EXACT_FIFO_512,2500,3000,0.546
45,16,EXACT_FIFO_2048,2500,3000,0.546
45,16,NO_TRACE_CURRENT_32,2500,3000,0.526
45,16,EXACT_REPLAY,2500,3000,0.546
45,16,ELIGIBILITY_TRACE_32,3000,3500,0.47
45,16,EXACT_FIFO_32,3000,3500,0.464
45,16,EXACT_FIFO_128,3000,3500,0.464
45,16,EXACT_FIFO_512,3000,3500,0.504
45,16,EXACT_FIFO_2048,3000,3500,0.504
45,16,NO_TRACE_CURRENT_32,3000,3500,0.468
45,16,EXACT_REPLAY,3000,3500,0.504
45,16,ELIGIBILITY_TRACE_32,3500,4000,0.522
45,16,EXACT_FIFO_32,3500,4000,0.52
45,16,EXACT_FIFO_128,3500,4000,0.52
45,16,EXACT_FIFO_512,3500,4000,0.542
45,16,EXACT_FIFO_2048,3500,4000,0.542
45,16,NO_TRACE_CURRENT_32,3500,4000,0.524
45,16,EXACT_REPLAY,3500,4000,0.542
45,16,ELIGIBILITY_TRACE_32,4000,4500,0.514
45,16,EXACT_FIFO_32,4000,4500,0.516
45,16,EXACT_FIFO_128,4000,4500,0.516
45,16,EXACT_FIFO_512,4000,4500,0.544
45,16,EXACT_FIFO_2048,4000,4500,0.544
45,16,NO_TRACE_CURRENT_32,4000,4500,0.52
45,16,EXACT_REPLAY,4000,4500,0.544
45,16,ELIGIBILITY_TRACE_32,4500,5000,0.516
45,16,EXACT_FIFO_32,4500,5000,0.514
45,16,EXACT_FIFO_128,4500,5000,0.514
45,16,EXACT_FIFO_512,4500,5000,0.54
45,16,EXACT_FIFO_2048,4500,5000,0.54
45,16,NO_TRACE_CURRENT_32,4500,5000,0.516
45,16,EXACT_REPLAY,4500,5000,0.54
45,16,ELIGIBILITY_TRACE_32,5000,5500,0.54
45,16,EXACT_FIFO_32,5000,5500,0.532
45,16,EXACT_FIFO_128,5000,5500,0.532
45,16,EXACT_FIFO_512,5000,5500,0.58
45,16,EXACT_FIFO_2048,5000,5500,0.58
45,16,NO_TRACE_CURRENT_32,5000,5500,0.544
45,16,EXACT_REPLAY,5000,5500,0.58
45,16,ELIGIBILITY_TRACE_32,5500,6000,0.55
45,16,EXACT_FIFO_32,5500,6000,0.544
45,16,EXACT_FIFO_128,5500,6000,0.544
45,16,EXACT_FIFO_512,5500,6000,0.588
45,16,EXACT_FIFO_2048,5500,6000,0.588
45,16,NO_TRACE_CURRENT_32,5500,6000,0.56
45,16,EXACT_REPLAY,5500,6000,0.588
45,64,ELIGIBILITY_TRACE_32,0,500,0.546
45,64,EXACT_FIFO_32,0,500,0.546
45,64,EXACT_FIFO_128,0,500,0.546
45,64,EXACT_FIFO_512,0,500,0.546
45,64,EXACT_FIFO_2048,0,500,0.548
45,64,NO_TRACE_CURRENT_32,0,500,0.546
45,64,EXACT_REPLAY,0,500,0.548
45,64,ELIGIBILITY_TRACE_32,500,1000,0.52
45,64,EXACT_FIFO_32,500,1000,0.518
45,64,EXACT_FIFO_128,500,1000,0.518
45,64,EXACT_FIFO_512,500,1000,0.518
45,64,EXACT_FIFO_2048,500,1000,0.52
45,64,NO_TRACE_CURRENT_32,500,1000,0.518
45,64,EXACT_REPLAY,500,1000,0.52
45,64,ELIGIBILITY_TRACE_32,1000,1500,0.53
45,64,EXACT_FIFO_32,1000,1500,0.532
45,64,EXACT_FIFO_128,1000,1500,0.532
45,64,EXACT_FIFO_512,1000,1500,0.532
45,64,EXACT_FIFO_2048,1000,1500,0.54
45,64,NO_TRACE_CURRENT_32,1000,1500,0.53
45,64,EXACT_REPLAY,1000,1500,0.54
45,64,ELIGIBILITY_TRACE_32,1500,2000,0.548
45,64,EXACT_FIFO_32,1500,2000,0.544
45,64,EXACT_FIFO_128,1500,2000,0.544
45,64,EXACT_FIFO_512,1500,2000,0.544
45,64,EXACT_FIFO_2048,1500,2000,0.576
45,64,NO_TRACE_CURRENT_32,1500,2000,0.542
45,64,EXACT_REPLAY,1500,2000,0.576
45,64,ELIGIBILITY_TRACE_32,2000,2500,0.514
45,64,EXACT_FIFO_32,2000,2500,0.514
45,64,EXACT_FIFO_128,2000,2500,0.514
45,64,EXACT_FIFO_512,2000,2500,0.514
45,64,EXACT_FIFO_2048,2000,2500,0.54
45,64,NO_TRACE_CURRENT_32,2000,2500,0.51
45,64,EXACT_REPLAY,2000,2500,0.54
45,64,ELIGIBILITY_TRACE_32,2500,3000,0.52
45,64,EXACT_FIFO_32,2500,3000,0.52
45,64,EXACT_FIFO_128,2500,3000,0.52
45,64,EXACT_FIFO_512,2500,3000,0.52
45,64,EXACT_FIFO_2048,2500,3000,0.546
45,64,NO_TRACE_CURRENT_32,2500,3000,0.518
45,64,EXACT_REPLAY,2500,3000,0.546
45,64,ELIGIBILITY_TRACE_32,3000,3500,0.468
45,64,EXACT_FIFO_32,3000,3500,0.464
45,64,EXACT_FIFO_128,3000,3500,0.464
45,64,EXACT_FIFO_512,3000,3500,0.464
45,64,EXACT_FIFO_2048,3000,3500,0.508
45,64,NO_TRACE_CURRENT_32,3000,3500,0.466
45,64,EXACT_REPLAY,3000,3500,0.508
45,64,ELIGIBILITY_TRACE_32,3500,4000,0.52
45,64,EXACT_FIFO_32,3500,4000,0.52
45,64,EXACT_FIFO_128,3500,4000,0.52
45,64,EXACT_FIFO_512,3500,4000,0.52
45,64,EXACT_FIFO_2048,3500,4000,0.542
45,64,NO_TRACE_CURRENT_32,3500,4000,0.518
45,64,EXACT_REPLAY,3500,4000,0.542
45,64,ELIGIBILITY_TRACE_32,4000,4500,0.516
45,64,EXACT_FIFO_32,4000,4500,0.516
45,64,EXACT_FIFO_128,4000,4500,0.516
45,64,EXACT_FIFO_512,4000,4500,0.516
45,64,EXACT_FIFO_2048,4000,4500,0.542
45,64,NO_TRACE_CURRENT_32,4000,4500,0.524
45,64,EXACT_REPLAY,4000,4500,0.542
45,64,ELIGIBILITY_TRACE_32,4500,5000,0.516
45,64,EXACT_FIFO_32,4500,5000,0.514
45,64,EXACT_FIFO_128,4500,5000,0.514
45,64,EXACT_FIFO_512,4500,5000,0.514
45,64,EXACT_FIFO_2048,4500,5000,0.542
45,64,NO_TRACE_CURRENT_32,4500,5000,0.512
45,64,EXACT_REPLAY,4500,5000,0.542
45,64,ELIGIBILITY_TRACE_32,5000,5500,0.528
45,64,EXACT_FIFO_32,5000,5500,0.532
45,64,EXACT_FIFO_128,5000,5500,0.532
45,64,EXACT_FIFO_512,5000,5500,0.532
45,64,EXACT_FIFO_2048,5000,5500,0.578
45,64,NO_TRACE_CURRENT_32,5000,5500,0.538
45,64,EXACT_REPLAY,5000,5500,0.578
45,64,ELIGIBILITY_TRACE_32,5500,6000,0.542
45,64,EXACT_FIFO_32,5500,6000,0.544
45,64,EXACT_FIFO_128,5500,6000,0.544
45,64,EXACT_FIFO_512,5500,6000,0.544
45,64,EXACT_FIFO_2048,5500,6000,0.59
45,64,NO_TRACE_CURRENT_32,5500,6000,0.548
45,64,EXACT_REPLAY,5500,6000,0.59
46,1,ELIGIBILITY_TRACE_32,0,500,0.512
46,1,EXACT_FIFO_32,0,500,0.51
46,1,EXACT_FIFO_128,0,500,0.51
46,1,EXACT_FIFO_512,0,500,0.51
46,1,EXACT_FIFO_2048,0,500,0.51
46,1,NO_TRACE_CURRENT_32,0,500,0.514
46,1,EXACT_REPLAY,0,500,0.51
46,1,ELIGIBILITY_TRACE_32,500,1000,0.478
46,1,EXACT_FIFO_32,500,1000,0.488
46,1,EXACT_FIFO_128,500,1000,0.488
46,1,EXACT_FIFO_512,500,1000,0.488
46,1,EXACT_FIFO_2048,500,1000,0.488
46,1,NO_TRACE_CURRENT_32,500,1000,0.476
46,1,EXACT_REPLAY,500,1000,0.488
46,1,ELIGIBILITY_TRACE_32,1000,1500,0.516
46,1,EXACT_FIFO_32,1000,1500,0.514
46,1,EXACT_FIFO_128,1000,1500,0.514
46,1,EXACT_FIFO_512,1000,1500,0.514
46,1,EXACT_FIFO_2048,1000,1500,0.514
46,1,NO_TRACE_CURRENT_32,1000,1500,0.516
46,1,EXACT_REPLAY,1000,1500,0.514
46,1,ELIGIBILITY_TRACE_32,1500,2000,0.514
46,1,EXACT_FIFO_32,1500,2000,0.518
46,1,EXACT_FIFO_128,1500,2000,0.518
46,1,EXACT_FIFO_512,1500,2000,0.518
46,1,EXACT_FIFO_2048,1500,2000,0.518
46,1,NO_TRACE_CURRENT_32,1500,2000,0.51
46,1,EXACT_REPLAY,1500,2000,0.518
46,1,ELIGIBILITY_TRACE_32,2000,2500,0.524
46,1,EXACT_FIFO_32,2000,2500,0.528
46,1,EXACT_FIFO_128,2000,2500,0.528
46,1,EXACT_FIFO_512,2000,2500,0.528
46,1,EXACT_FIFO_2048,2000,2500,0.528
46,1,NO_TRACE_CURRENT_32,2000,2500,0.522
46,1,EXACT_REPLAY,2000,2500,0.528
46,1,ELIGIBILITY_TRACE_32,2500,3000,0.486
46,1,EXACT_FIFO_32,2500,3000,0.502
46,1,EXACT_FIFO_128,2500,3000,0.502
46,1,EXACT_FIFO_512,2500,3000,0.502
46,1,EXACT_FIFO_2048,2500,3000,0.502
46,1,NO_TRACE_CURRENT_32,2500,3000,0.484
46,1,EXACT_REPLAY,2500,3000,0.502
46,1,ELIGIBILITY_TRACE_32,3000,3500,0.522
46,1,EXACT_FIFO_32,3000,3500,0.534
46,1,EXACT_FIFO_128,3000,3500,0.534
46,1,EXACT_FIFO_512,3000,3500,0.534
46,1,EXACT_FIFO_2048,3000,3500,0.534
46,1,NO_TRACE_CURRENT_32,3000,3500,0.512
46,1,EXACT_REPLAY,3000,3500,0.534
46,1,ELIGIBILITY_TRACE_32,3500,4000,0.496
46,1,EXACT_FIFO_32,3500,4000,0.512
46,1,EXACT_FIFO_128,3500,4000,0.512
46,1,EXACT_FIFO_512,3500,4000,0.512
46,1,EXACT_FIFO_2048,3500,4000,0.512
46,1,NO_TRACE_CURRENT_32,3500,4000,0.49
46,1,EXACT_REPLAY,3500,4000,0.512
46,1,ELIGIBILITY_TRACE_32,4000,4500,0.482
46,1,EXACT_FIFO_32,4000,4500,0.516
46,1,EXACT_FIFO_128,4000,4500,0.516
46,1,EXACT_FIFO_512,4000,4500,0.516
46,1,EXACT_FIFO_2048,4000,4500,0.516
46,1,NO_TRACE_CURRENT_32,4000,4500,0.48
46,1,EXACT_REPLAY,4000,4500,0.516
46,1,ELIGIBILITY_TRACE_32,4500,5000,0.524
46,1,EXACT_FIFO_32,4500,5000,0.552
46,1,EXACT_FIFO_128,4500,5000,0.552
46,1,EXACT_FIFO_512,4500,5000,0.552
46,1,EXACT_FIFO_2048,4500,5000,0.552
46,1,NO_TRACE_CURRENT_32,4500,5000,0.522
46,1,EXACT_REPLAY,4500,5000,0.552
46,1,ELIGIBILITY_TRACE_32,5000,5500,0.524
46,1,EXACT_FIFO_32,5000,5500,0.56
46,1,EXACT_FIFO_128,5000,5500,0.56
46,1,EXACT_FIFO_512,5000,5500,0.56
46,1,EXACT_FIFO_2048,5000,5500,0.56
46,1,NO_TRACE_CURRENT_32,5000,5500,0.514
46,1,EXACT_REPLAY,5000,5500,0.56
46,1,ELIGIBILITY_TRACE_32,5500,6000,0.492
46,1,EXACT_FIFO_32,5500,6000,0.524
46,1,EXACT_FIFO_128,5500,6000,0.524
46,1,EXACT_FIFO_512,5500,6000,0.524
46,1,EXACT_FIFO_2048,5500,6000,0.524
46,1,NO_TRACE_CURRENT_32,5500,6000,0.496
46,1,EXACT_REPLAY,5500,6000,0.524
46,4,ELIGIBILITY_TRACE_32,0,500,0.512
46,4,EXACT_FIFO_32,0,500,0.508
46,4,EXACT_FIFO_128,0,500,0.512
46,4,EXACT_FIFO_512,0,500,0.512
46,4,EXACT_FIFO_2048,0,500,0.512
46,4,NO_TRACE_CURRENT_32,0,500,0.508
46,4,EXACT_REPLAY,0,500,0.512
46,4,ELIGIBILITY_TRACE_32,500,1000,0.478
46,4,EXACT_FIFO_32,500,1000,0.478
46,4,EXACT_FIFO_128,500,1000,0.486
46,4,EXACT_FIFO_512,500,1000,0.486
46,4,EXACT_FIFO_2048,500,1000,0.486
46,4,NO_TRACE_CURRENT_32,500,1000,0.478
46,4,EXACT_REPLAY,500,1000,0.486
46,4,ELIGIBILITY_TRACE_32,1000,1500,0.516
46,4,EXACT_FIFO_32,1000,1500,0.514
46,4,EXACT_FIFO_128,1000,1500,0.516
46,4,EXACT_FIFO_512,1000,1500,0.516
46,4,EXACT_FIFO_2048,1000,1500,0.516
46,4,NO_TRACE_CURRENT_32,1000,1500,0.512
46,4,EXACT_REPLAY,1000,1500,0.516
46,4,ELIGIBILITY_TRACE_32,1500,2000,0.51
46,4,EXACT_FIFO_32,1500,2000,0.51
46,4,EXACT_FIFO_128,1500,2000,0.518
46,4,EXACT_FIFO_512,1500,2000,0.518
46,4,EXACT_FIFO_2048,1500,2000,0.518
46,4,NO_TRACE_CURRENT_32,1500,2000,0.516
46,4,EXACT_REPLAY,1500,2000,0.518
46,4,ELIGIBILITY_TRACE_32,2000,2500,0.524
46,4,EXACT_FIFO_32,2000,2500,0.524
46,4,EXACT_FIFO_128,2000,2500,0.528
46,4,EXACT_FIFO_512,2000,2500,0.528
46,4,EXACT_FIFO_2048,2000,2500,0.528
46,4,NO_TRACE_CURRENT_32,2000,2500,0.526
46,4,EXACT_REPLAY,2000,2500,0.528
46,4,ELIGIBILITY_TRACE_32,2500,3000,0.484
46,4,EXACT_FIFO_32,2500,3000,0.484
46,4,EXACT_FIFO_128,2500,3000,0.502
46,4,EXACT_FIFO_512,2500,3000,0.502
46,4,EXACT_FIFO_2048,2500,3000,0.502
46,4,NO_TRACE_CURRENT_32,2500,3000,0.478
46,4,EXACT_REPLAY,2500,3000,0.502
46,4,ELIGIBILITY_TRACE_32,3000,3500,0.518
46,4,EXACT_FIFO_32,3000,3500,0.518
46,4,EXACT_FIFO_128,3000,3500,0.534
46,4,EXACT_FIFO_512,3000,3500,0.534
46,4,EXACT_FIFO_2048,3000,3500,0.534
46,4,NO_TRACE_CURRENT_32,3000,3500,0.516
46,4,EXACT_REPLAY,3000,3500,0.534
46,4,ELIGIBILITY_TRACE_32,3500,4000,0.494
46,4,EXACT_FIFO_32,3500,4000,0.494
46,4,EXACT_FIFO_128,3500,4000,0.512
46,4,EXACT_FIFO_512,3500,4000,0.512
46,4,EXACT_FIFO_2048,3500,4000,0.512
46,4,NO_TRACE_CURRENT_32,3500,4000,0.494
46,4,EXACT_REPLAY,3500,4000,0.512
46,4,ELIGIBILITY_TRACE_32,4000,4500,0.48
46,4,EXACT_FIFO_32,4000,4500,0.484
46,4,EXACT_FIFO_128,4000,4500,0.516
46,4,EXACT_FIFO_512,4000,4500,0.516
46,4,EXACT_FIFO_2048,4000,4500,0.516
46,4,NO_TRACE_CURRENT_32,4000,4500,0.476
46,4,EXACT_REPLAY,4000,4500,0.516
46,4,ELIGIBILITY_TRACE_32,4500,5000,0.528
46,4,EXACT_FIFO_32,4500,5000,0.518
46,4,EXACT_FIFO_128,4500,5000,0.552
46,4,EXACT_FIFO_512,4500,5000,0.552
46,4,EXACT_FIFO_2048,4500,5000,0.552
46,4,NO_TRACE_CURRENT_32,4500,5000,0.528
46,4,EXACT_REPLAY,4500,5000,0.552
46,4,ELIGIBILITY_TRACE_32,5000,5500,0.52
46,4,EXACT_FIFO_32,5000,5500,0.522
46,4,EXACT_FIFO_128,5000,5500,0.56
46,4,EXACT_FIFO_512,5000,5500,0.56
46,4,EXACT_FIFO_2048,5000,5500,0.56
46,4,NO_TRACE_CURRENT_32,5000,5500,0.516
46,4,EXACT_REPLAY,5000,5500,0.56
46,4,ELIGIBILITY_TRACE_32,5500,6000,0.49
46,4,EXACT_FIFO_32,5500,6000,0.492
46,4,EXACT_FIFO_128,5500,6000,0.524
46,4,EXACT_FIFO_512,5500,6000,0.524
46,4,EXACT_FIFO_2048,5500,6000,0.524
46,4,NO_TRACE_CURRENT_32,5500,6000,0.494
46,4,EXACT_REPLAY,5500,6000,0.524
46,16,ELIGIBILITY_TRACE_32,0,500,0.508
46,16,EXACT_FIFO_32,0,500,0.508
46,16,EXACT_FIFO_128,0,500,0.508
46,16,EXACT_FIFO_512,0,500,0.51
46,16,EXACT_FIFO_2048,0,500,0.51
46,16,NO_TRACE_CURRENT_32,0,500,0.512
46,16,EXACT_REPLAY,0,500,0.51
46,16,ELIGIBILITY_TRACE_32,500,1000,0.476
46,16,EXACT_FIFO_32,500,1000,0.478
46,16,EXACT_FIFO_128,500,1000,0.478
46,16,EXACT_FIFO_512,500,1000,0.486
46,16,EXACT_FIFO_2048,500,1000,0.486
46,16,NO_TRACE_CURRENT_32,500,1000,0.476
46,16,EXACT_REPLAY,500,1000,0.486
46,16,ELIGIBILITY_TRACE_32,1000,1500,0.514
46,16,EXACT_FIFO_32,1000,1500,0.514
46,16,EXACT_FIFO_128,1000,1500,0.514
46,16,EXACT_FIFO_512,1000,1500,0.516
46,16,EXACT_FIFO_2048,1000,1500,0.516
46,16,NO_TRACE_CURRENT_32,1000,1500,0.52
46,16,EXACT_REPLAY,1000,1500,0.516
46,16,ELIGIBILITY_TRACE_32,1500,2000,0.512
46,16,EXACT_FIFO_32,1500,2000,0.51
46,16,EXACT_FIFO_128,1500,2000,0.51
46,16,EXACT_FIFO_512,1500,2000,0.518
46,16,EXACT_FIFO_2048,1500,2000,0.518
46,16,NO_TRACE_CURRENT_32,1500,2000,0.512
46,16,EXACT_REPLAY,1500,2000,0.518
46,16,ELIGIBILITY_TRACE_32,2000,2500,0.52
46,16,EXACT_FIFO_32,2000,2500,0.524
46,16,EXACT_FIFO_128,2000,2500,0.524
46,16,EXACT_FIFO_512,2000,2500,0.528
46,16,EXACT_FIFO_2048,2000,2500,0.528
46,16,NO_TRACE_CURRENT_32,2000,2500,0.516
46,16,EXACT_REPLAY,2000,2500,0.528
46,16,ELIGIBILITY_TRACE_32,2500,3000,0.48
46,16,EXACT_FIFO_32,2500,3000,0.484
46,16,EXACT_FIFO_128,2500,3000,0.484
46,16,EXACT_FIFO_512,2500,3000,0.502
46,16,EXACT_FIFO_2048,2500,3000,0.502
46,16,NO_TRACE_CURRENT_32,2500,3000,0.48
46,16,EXACT_REPLAY,2500,3000,0.502
46,16,ELIGIBILITY_TRACE_32,3000,3500,0.512
46,16,EXACT_FIFO_32,3000,3500,0.518
46,16,EXACT_FIFO_128,3000,3500,0.518
46,16,EXACT_FIFO_512,3000,3500,0.528
46,16,EXACT_FIFO_2048,3000,3500,0.528
46,16,NO_TRACE_CURRENT_32,3000,3500,0.508
46,16,EXACT_REPLAY,3000,3500,0.528
46,16,ELIGIBILITY_TRACE_32,3500,4000,0.49
46,16,EXACT_FIFO_32,3500,4000,0.494
46,16,EXACT_FIFO_128,3500,4000,0.494
46,16,EXACT_FIFO_512,3500,4000,0.512
46,16,EXACT_FIFO_2048,3500,4000,0.512
46,16,NO_TRACE_CURRENT_32,3500,4000,0.484
46,16,EXACT_REPLAY,3500,4000,0.512
46,16,ELIGIBILITY_TRACE_32,4000,4500,0.484
46,16,EXACT_FIFO_32,4000,4500,0.484
46,16,EXACT_FIFO_128,4000,4500,0.484
46,16,EXACT_FIFO_512,4000,4500,0.514
46,16,EXACT_FIFO_2048,4000,4500,0.514
46,16,NO_TRACE_CURRENT_32,4000,4500,0.48
46,16,EXACT_REPLAY,4000,4500,0.514
46,16,ELIGIBILITY_TRACE_32,4500,5000,0.52
46,16,EXACT_FIFO_32,4500,5000,0.518
46,16,EXACT_FIFO_128,4500,5000,0.518
46,16,EXACT_FIFO_512,4500,5000,0.552
46,16,EXACT_FIFO_2048,4500,5000,0.552
46,16,NO_TRACE_CURRENT_32,4500,5000,0.524
46,16,EXACT_REPLAY,4500,5000,0.552
46,16,ELIGIBILITY_TRACE_32,5000,5500,0.522
46,16,EXACT_FIFO_32,5000,5500,0.522
46,16,EXACT_FIFO_128,5000,5500,0.522
46,16,EXACT_FIFO_512,5000,5500,0.558
46,16,EXACT_FIFO_2048,5000,5500,0.558
46,16,NO_TRACE_CURRENT_32,5000,5500,0.52
46,16,EXACT_REPLAY,5000,5500,0.558
46,16,ELIGIBILITY_TRACE_32,5500,6000,0.498
46,16,EXACT_FIFO_32,5500,6000,0.492
46,16,EXACT_FIFO_128,5500,6000,0.492
46,16,EXACT_FIFO_512,5500,6000,0.522
46,16,EXACT_FIFO_2048,5500,6000,0.522
46,16,NO_TRACE_CURRENT_32,5500,6000,0.486
46,16,EXACT_REPLAY,5500,6000,0.522
46,64,ELIGIBILITY_TRACE_32,0,500,0.512
46,64,EXACT_FIFO_32,0,500,0.508
46,64,EXACT_FIFO_128,0,500,0.508
46,64,EXACT_FIFO_512,0,500,0.508
46,64,EXACT_FIFO_2048,0,500,0.51
46,64,NO_TRACE_CURRENT_32,0,500,0.508
46,64,EXACT_REPLAY,0,500,0.51
46,64,ELIGIBILITY_TRACE_32,500,1000,0.476
46,64,EXACT_FIFO_32,500,1000,0.478
46,64,EXACT_FIFO_128,500,1000,0.478
46,64,EXACT_FIFO_512,500,1000,0.478
46,64,EXACT_FIFO_2048,500,1000,0.486
46,64,NO_TRACE_CURRENT_32,500,1000,0.476
46,64,EXACT_REPLAY,500,1000,0.486
46,64,ELIGIBILITY_TRACE_32,1000,1500,0.516
46,64,EXACT_FIFO_32,1000,1500,0.514
46,64,EXACT_FIFO_128,1000,1500,0.514
46,64,EXACT_FIFO_512,1000,1500,0.514
46,64,EXACT_FIFO_2048,1000,1500,0.514
46,64,NO_TRACE_CURRENT_32,1000,1500,0.514
46,64,EXACT_REPLAY,1000,1500,0.514
46,64,ELIGIBILITY_TRACE_32,1500,2000,0.514
46,64,EXACT_FIFO_32,1500,2000,0.51
46,64,EXACT_FIFO_128,1500,2000,0.51
46,64,EXACT_FIFO_512,1500,2000,0.51
46,64,EXACT_FIFO_2048,1500,2000,0.518
46,64,NO_TRACE_CURRENT_32,1500,2000,0.518
46,64,EXACT_REPLAY,1500,2000,0.518
46,64,ELIGIBILITY_TRACE_32,2000,2500,0.528
46,64,EXACT_FIFO_32,2000,2500,0.524
46,64,EXACT_FIFO_128,2000,2500,0.524
46,64,EXACT_FIFO_512,2000,2500,0.524
46,64,EXACT_FIFO_2048,2000,2500,0.526
46,64,NO_TRACE_CURRENT_32,2000,2500,0.524
46,64,EXACT_REPLAY,2000,2500,0.526
46,64,ELIGIBILITY_TRACE_32,2500,3000,0.49
46,64,EXACT_FIFO_32,2500,3000,0.484
46,64,EXACT_FIFO_128,2500,3000,0.484
46,64,EXACT_FIFO_512,2500,3000,0.484
46,64,EXACT_FIFO_2048,2500,3000,0.5
46,64,NO_TRACE_CURRENT_32,2500,3000,0.474
46,64,EXACT_REPLAY,2500,3000,0.5
46,64,ELIGIBILITY_TRACE_32,3000,3500,0.52
46,64,EXACT_FIFO_32,3000,3500,0.518
46,64,EXACT_FIFO_128,3000,3500,0.518
46,64,EXACT_FIFO_512,3000,3500,0.518
46,64,EXACT_FIFO_2048,3000,3500,0.53
46,64,NO_TRACE_CURRENT_32,3000,3500,0.51
46,64,EXACT_REPLAY,3000,3500,0.53
46,64,ELIGIBILITY_TRACE_32,3500,4000,0.498
46,64,EXACT_FIFO_32,3500,4000,0.494
46,64,EXACT_FIFO_128,3500,4000,0.494
46,64,EXACT_FIFO_512,3500,4000,0.494
46,64,EXACT_FIFO_2048,3500,4000,0.512
46,64,NO_TRACE_CURRENT_32,3500,4000,0.488
46,64,EXACT_REPLAY,3500,4000,0.512
46,64,ELIGIBILITY_TRACE_32,4000,4500,0.486
46,64,EXACT_FIFO_32,4000,4500,0.484
46,64,EXACT_FIFO_128,4000,4500,0.484
46,64,EXACT_FIFO_512,4000,4500,0.484
46,64,EXACT_FIFO_2048,4000,4500,0.514
46,64,NO_TRACE_CURRENT_32,4000,4500,0.48
46,64,EXACT_REPLAY,4000,4500,0.514
46,64,ELIGIBILITY_TRACE_32,4500,5000,0.524
46,64,EXACT_FIFO_32,4500,5000,0.518
46,64,EXACT_FIFO_128,4500,5000,0.518
46,64,EXACT_FIFO_512,4500,5000,0.518
46,64,EXACT_FIFO_2048,4500,5000,0.552
46,64,NO_TRACE_CURRENT_32,4500,5000,0.522
46,64,EXACT_REPLAY,4500,5000,0.552
46,64,ELIGIBILITY_TRACE_32,5000,5500,0.524
46,64,EXACT_FIFO_32,5000,5500,0.522
46,64,EXACT_FIFO_128,5000,5500,0.522
46,64,EXACT_FIFO_512,5000,5500,0.522
46,64,EXACT_FIFO_2048,5000,5500,0.56
46,64,NO_TRACE_CURRENT_32,5000,5500,0.514
46,64,EXACT_REPLAY,5000,5500,0.56
46,64,ELIGIBILITY_TRACE_32,5500,6000,0.504
46,64,EXACT_FIFO_32,5500,6000,0.492
46,64,EXACT_FIFO_128,5500,6000,0.492
46,64,EXACT_FIFO_512,5500,6000,0.492
46,64,EXACT_FIFO_2048,5500,6000,0.524
46,64,NO_TRACE_CURRENT_32,5500,6000,0.49
46,64,EXACT_REPLAY,5500,6000,0.524
47,1,ELIGIBILITY_TRACE_32,0,500,0.492
47,1,EXACT_FIFO_32,0,500,0.494
47,1,EXACT_FIFO_128,0,500,0.494
47,1,EXACT_FIFO_512,0,500,0.494
47,1,EXACT_FIFO_2048,0,500,0.494
47,1,NO_TRACE_CURRENT_32,0,500,0.49
47,1,EXACT_REPLAY,0,500,0.494
47,1,ELIGIBILITY_TRACE_32,500,1000,0.544
47,1,EXACT_FIFO_32,500,1000,0.546
47,1,EXACT_FIFO_128,500,1000,0.546
47,1,EXACT_FIFO_512,500,1000,0.546
47,1,EXACT_FIFO_2048,500,1000,0.546
47,1,NO_TRACE_CURRENT_32,500,1000,0.54
47,1,EXACT_REPLAY,500,1000,0.546
47,1,ELIGIBILITY_TRACE_32,1000,1500,0.498
47,1,EXACT_FIFO_32,1000,1500,0.512
47,1,EXACT_FIFO_128,1000,1500,0.512
47,1,EXACT_FIFO_512,1000,1500,0.512
47,1,EXACT_FIFO_2048,1000,1500,0.512
47,1,NO_TRACE_CURRENT_32,1000,1500,0.496
47,1,EXACT_REPLAY,1000,1500,0.512
47,1,ELIGIBILITY_TRACE_32,1500,2000,0.488
47,1,EXACT_FIFO_32,1500,2000,0.49
47,1,EXACT_FIFO_128,1500,2000,0.49
47,1,EXACT_FIFO_512,1500,2000,0.49
47,1,EXACT_FIFO_2048,1500,2000,0.49
47,1,NO_TRACE_CURRENT_32,1500,2000,0.482
47,1,EXACT_REPLAY,1500,2000,0.49
47,1,ELIGIBILITY_TRACE_32,2000,2500,0.488
47,1,EXACT_FIFO_32,2000,2500,0.504
47,1,EXACT_FIFO_128,2000,2500,0.504
47,1,EXACT_FIFO_512,2000,2500,0.504
47,1,EXACT_FIFO_2048,2000,2500,0.504
47,1,NO_TRACE_CURRENT_32,2000,2500,0.482
47,1,EXACT_REPLAY,2000,2500,0.504
47,1,ELIGIBILITY_TRACE_32,2500,3000,0.468
47,1,EXACT_FIFO_32,2500,3000,0.482
47,1,EXACT_FIFO_128,2500,3000,0.482
47,1,EXACT_FIFO_512,2500,3000,0.482
47,1,EXACT_FIFO_2048,2500,3000,0.482
47,1,NO_TRACE_CURRENT_32,2500,3000,0.466
47,1,EXACT_REPLAY,2500,3000,0.482
47,1,ELIGIBILITY_TRACE_32,3000,3500,0.486
47,1,EXACT_FIFO_32,3000,3500,0.494
47,1,EXACT_FIFO_128,3000,3500,0.494
47,1,EXACT_FIFO_512,3000,3500,0.494
47,1,EXACT_FIFO_2048,3000,3500,0.494
47,1,NO_TRACE_CURRENT_32,3000,3500,0.482
47,1,EXACT_REPLAY,3000,3500,0.494
47,1,ELIGIBILITY_TRACE_32,3500,4000,0.506
47,1,EXACT_FIFO_32,3500,4000,0.53
47,1,EXACT_FIFO_128,3500,4000,0.53
47,1,EXACT_FIFO_512,3500,4000,0.53
47,1,EXACT_FIFO_2048,3500,4000,0.53
47,1,NO_TRACE_CURRENT_32,3500,4000,0.502
47,1,EXACT_REPLAY,3500,4000,0.53
47,1,ELIGIBILITY_TRACE_32,4000,4500,0.528
47,1,EXACT_FIFO_32,4000,4500,0.554
47,1,EXACT_FIFO_128,4000,4500,0.554
47,1,EXACT_FIFO_512,4000,4500,0.554
47,1,EXACT_FIFO_2048,4000,4500,0.554
47,1,NO_TRACE_CURRENT_32,4000,4500,0.516
47,1,EXACT_REPLAY,4000,4500,0.554
47,1,ELIGIBILITY_TRACE_32,4500,5000,0.508
47,1,EXACT_FIFO_32,4500,5000,0.532
47,1,EXACT_FIFO_128,4500,5000,0.532
47,1,EXACT_FIFO_512,4500,5000,0.532
47,1,EXACT_FIFO_2048,4500,5000,0.532
47,1,NO_TRACE_CURRENT_32,4500,5000,0.498
47,1,EXACT_REPLAY,4500,5000,0.532
47,1,ELIGIBILITY_TRACE_32,5000,5500,0.498
47,1,EXACT_FIFO_32,5000,5500,0.522
47,1,EXACT_FIFO_128,5000,5500,0.522
47,1,EXACT_FIFO_512,5000,5500,0.522
47,1,EXACT_FIFO_2048,5000,5500,0.522
47,1,NO_TRACE_CURRENT_32,5000,5500,0.488
47,1,EXACT_REPLAY,5000,5500,0.522
47,1,ELIGIBILITY_TRACE_32,5500,6000,0.484
47,1,EXACT_FIFO_32,5500,6000,0.51
47,1,EXACT_FIFO_128,5500,6000,0.51
47,1,EXACT_FIFO_512,5500,6000,0.51
47,1,EXACT_FIFO_2048,5500,6000,0.51
47,1,NO_TRACE_CURRENT_32,5500,6000,0.476
47,1,EXACT_REPLAY,5500,6000,0.51
47,4,ELIGIBILITY_TRACE_32,0,500,0.492
47,4,EXACT_FIFO_32,0,500,0.49
47,4,EXACT_FIFO_128,0,500,0.494
47,4,EXACT_FIFO_512,0,500,0.494
47,4,EXACT_FIFO_2048,0,500,0.494
47,4,NO_TRACE_CURRENT_32,0,500,0.492
47,4,EXACT_REPLAY,0,500,0.494
47,4,ELIGIBILITY_TRACE_32,500,1000,0.546
47,4,EXACT_FIFO_32,500,1000,0.538
47,4,EXACT_FIFO_128,500,1000,0.546
47,4,EXACT_FIFO_512,500,1000,0.546
47,4,EXACT_FIFO_2048,500,1000,0.546
47,4,NO_TRACE_CURRENT_32,500,1000,0.54
47,4,EXACT_REPLAY,500,1000,0.546
47,4,ELIGIBILITY_TRACE_32,1000,1500,0.498
47,4,EXACT_FIFO_32,1000,1500,0.498
47,4,EXACT_FIFO_128,1000,1500,0.512
47,4,EXACT_FIFO_512,1000,1500,0.512
47,4,EXACT_FIFO_2048,1000,1500,0.512
47,4,NO_TRACE_CURRENT_32,1000,1500,0.498
47,4,EXACT_REPLAY,1000,1500,0.512
47,4,ELIGIBILITY_TRACE_32,1500,2000,0.488
47,4,EXACT_FIFO_32,1500,2000,0.486
47,4,EXACT_FIFO_128,1500,2000,0.49
47,4,EXACT_FIFO_512,1500,2000,0.49
47,4,EXACT_FIFO_2048,1500,2000,0.49
47,4,NO_TRACE_CURRENT_32,1500,2000,0.484
47,4,EXACT_REPLAY,1500,2000,0.49
47,4,ELIGIBILITY_TRACE_32,2000,2500,0.49
47,4,EXACT_FIFO_32,2000,2500,0.486
47,4,EXACT_FIFO_128,2000,2500,0.506
47,4,EXACT_FIFO_512,2000,2500,0.506
47,4,EXACT_FIFO_2048,2000,2500,0.506
47,4,NO_TRACE_CURRENT_32,2000,2500,0.488
47,4,EXACT_REPLAY,2000,2500,0.506
47,4,ELIGIBILITY_TRACE_32,2500,3000,0.468
47,4,EXACT_FIFO_32,2500,3000,0.464
47,4,EXACT_FIFO_128,2500,3000,0.478
47,4,EXACT_FIFO_512,2500,3000,0.478
47,4,EXACT_FIFO_2048,2500,3000,0.478
47,4,NO_TRACE_CURRENT_32,2500,3000,0.464
47,4,EXACT_REPLAY,2500,3000,0.478
47,4,ELIGIBILITY_TRACE_32,3000,3500,0.488
47,4,EXACT_FIFO_32,3000,3500,0.482
47,4,EXACT_FIFO_128,3000,3500,0.494
47,4,EXACT_FIFO_512,3000,3500,0.494
47,4,EXACT_FIFO_2048,3000,3500,0.494
47,4,NO_TRACE_CURRENT_32,3000,3500,0.472
47,4,EXACT_REPLAY,3000,3500,0.494
47,4,ELIGIBILITY_TRACE_32,3500,4000,0.512
47,4,EXACT_FIFO_32,3500,4000,0.506
47,4,EXACT_FIFO_128,3500,4000,0.53
47,4,EXACT_FIFO_512,3500,4000,0.53
47,4,EXACT_FIFO_2048,3500,4000,0.53
47,4,NO_TRACE_CURRENT_32,3500,4000,0.506
47,4,EXACT_REPLAY,3500,4000,0.53
47,4,ELIGIBILITY_TRACE_32,4000,4500,0.53
47,4,EXACT_FIFO_32,4000,4500,0.518
47,4,EXACT_FIFO_128,4000,4500,0.554
47,4,EXACT_FIFO_512,4000,4500,0.554
47,4,EXACT_FIFO_2048,4000,4500,0.554
47,4,NO_TRACE_CURRENT_32,4000,4500,0.514
47,4,EXACT_REPLAY,4000,4500,0.554
47,4,ELIGIBILITY_TRACE_32,4500,5000,0.51
47,4,EXACT_FIFO_32,4500,5000,0.506
47,4,EXACT_FIFO_128,4500,5000,0.532
47,4,EXACT_FIFO_512,4500,5000,0.532
47,4,EXACT_FIFO_2048,4500,5000,0.532
47,4,NO_TRACE_CURRENT_32,4500,5000,0.502
47,4,EXACT_REPLAY,4500,5000,0.532
47,4,ELIGIBILITY_TRACE_32,5000,5500,0.496
47,4,EXACT_FIFO_32,5000,5500,0.492
47,4,EXACT_FIFO_128,5000,5500,0.522
47,4,EXACT_FIFO_512,5000,5500,0.522
47,4,EXACT_FIFO_2048,5000,5500,0.522
47,4,NO_TRACE_CURRENT_32,5000,5500,0.49
47,4,EXACT_REPLAY,5000,5500,0.522
47,4,ELIGIBILITY_TRACE_32,5500,6000,0.478
47,4,EXACT_FIFO_32,5500,6000,0.47
47,4,EXACT_FIFO_128,5500,6000,0.51
47,4,EXACT_FIFO_512,5500,6000,0.51
47,4,EXACT_FIFO_2048,5500,6000,0.51
47,4,NO_TRACE_CURRENT_32,5500,6000,0.464
47,4,EXACT_REPLAY,5500,6000,0.51
47,16,ELIGIBILITY_TRACE_32,0,500,0.494
47,16,EXACT_FIFO_32,0,500,0.49
47,16,EXACT_FIFO_128,0,500,0.49
47,16,EXACT_FIFO_512,0,500,0.494
47,16,EXACT_FIFO_2048,0,500,0.494
47,16,NO_TRACE_CURRENT_32,0,500,0.488
47,16,EXACT_REPLAY,0,500,0.494
47,16,ELIGIBILITY_TRACE_32,500,1000,0.544
47,16,EXACT_FIFO_32,500,1000,0.538
47,16,EXACT_FIFO_128,500,1000,0.538
47,16,EXACT_FIFO_512,500,1000,0.55
47,16,EXACT_FIFO_2048,500,1000,0.55
47,16,NO_TRACE_CURRENT_32,500,1000,0.54
47,16,EXACT_REPLAY,500,1000,0.55
47,16,ELIGIBILITY_TRACE_32,1000,1500,0.496
47,16,EXACT_FIFO_32,1000,1500,0.498
47,16,EXACT_FIFO_128,1000,1500,0.498
47,16,EXACT_FIFO_512,1000,1500,0.512
47,16,EXACT_FIFO_2048,1000,1500,0.512
47,16,NO_TRACE_CURRENT_32,1000,1500,0.494
47,16,EXACT_REPLAY,1000,1500,0.512
47,16,ELIGIBILITY_TRACE_32,1500,2000,0.494
47,16,EXACT_FIFO_32,1500,2000,0.486
47,16,EXACT_FIFO_128,1500,2000,0.486
47,16,EXACT_FIFO_512,1500,2000,0.488
47,16,EXACT_FIFO_2048,1500,2000,0.488
47,16,NO_TRACE_CURRENT_32,1500,2000,0.49
47,16,EXACT_REPLAY,1500,2000,0.488
47,16,ELIGIBILITY_TRACE_32,2000,2500,0.486
47,16,EXACT_FIFO_32,2000,2500,0.486
47,16,EXACT_FIFO_128,2000,2500,0.486
47,16,EXACT_FIFO_512,2000,2500,0.506
47,16,EXACT_FIFO_2048,2000,2500,0.506
47,16,NO_TRACE_CURRENT_32,2000,2500,0.478
47,16,EXACT_REPLAY,2000,2500,0.506
47,16,ELIGIBILITY_TRACE_32,2500,3000,0.466
47,16,EXACT_FIFO_32,2500,3000,0.464
47,16,EXACT_FIFO_128,2500,3000,0.464
47,16,EXACT_FIFO_512,2500,3000,0.48
47,16,EXACT_FIFO_2048,2500,3000,0.48
47,16,NO_TRACE_CURRENT_32,2500,3000,0.462
47,16,EXACT_REPLAY,2500,3000,0.48
47,16,ELIGIBILITY_TRACE_32,3000,3500,0.486
47,16,EXACT_FIFO_32,3000,3500,0.482
47,16,EXACT_FIFO_128,3000,3500,0.482
47,16,EXACT_FIFO_512,3000,3500,0.496
47,16,EXACT_FIFO_2048,3000,3500,0.496
47,16,NO_TRACE_CURRENT_32,3000,3500,0.48
47,16,EXACT_REPLAY,3000,3500,0.496
47,16,ELIGIBILITY_TRACE_32,3500,4000,0.504
47,16,EXACT_FIFO_32,3500,4000,0.506
47,16,EXACT_FIFO_128,3500,4000,0.506
47,16,EXACT_FIFO_512,3500,4000,0.53
47,16,EXACT_FIFO_2048,3500,4000,0.53
47,16,NO_TRACE_CURRENT_32,3500,4000,0.498
47,16,EXACT_REPLAY,3500,4000,0.53
47,16,ELIGIBILITY_TRACE_32,4000,4500,0.52
47,16,EXACT_FIFO_32,4000,4500,0.518
47,16,EXACT_FIFO_128,4000,4500,0.518
47,16,EXACT_FIFO_512,4000,4500,0.554
47,16,EXACT_FIFO_2048,4000,4500,0.554
47,16,NO_TRACE_CURRENT_32,4000,4500,0.516
47,16,EXACT_REPLAY,4000,4500,0.554
47,16,ELIGIBILITY_TRACE_32,4500,5000,0.51
47,16,EXACT_FIFO_32,4500,5000,0.506
47,16,EXACT_FIFO_128,4500,5000,0.506
47,16,EXACT_FIFO_512,4500,5000,0.532
47,16,EXACT_FIFO_2048,4500,5000,0.532
47,16,NO_TRACE_CURRENT_32,4500,5000,0.504
47,16,EXACT_REPLAY,4500,5000,0.532
47,16,ELIGIBILITY_TRACE_32,5000,5500,0.494
47,16,EXACT_FIFO_32,5000,5500,0.492
47,16,EXACT_FIFO_128,5000,5500,0.492
47,16,EXACT_FIFO_512,5000,5500,0.522
47,16,EXACT_FIFO_2048,5000,5500,0.522
47,16,NO_TRACE_CURRENT_32,5000,5500,0.488
47,16,EXACT_REPLAY,5000,5500,0.522
47,16,ELIGIBILITY_TRACE_32,5500,6000,0.472
47,16,EXACT_FIFO_32,5500,6000,0.47
47,16,EXACT_FIFO_128,5500,6000,0.47
47,16,EXACT_FIFO_512,5500,6000,0.51
47,16,EXACT_FIFO_2048,5500,6000,0.51
47,16,NO_TRACE_CURRENT_32,5500,6000,0.464
47,16,EXACT_REPLAY,5500,6000,0.51
47,64,ELIGIBILITY_TRACE_32,0,500,0.49
47,64,EXACT_FIFO_32,0,500,0.49
47,64,EXACT_FIFO_128,0,500,0.49
47,64,EXACT_FIFO_512,0,500,0.49
47,64,EXACT_FIFO_2048,0,500,0.494
47,64,NO_TRACE_CURRENT_32,0,500,0.488
47,64,EXACT_REPLAY,0,500,0.494
47,64,ELIGIBILITY_TRACE_32,500,1000,0.54
47,64,EXACT_FIFO_32,500,1000,0.538
47,64,EXACT_FIFO_128,500,1000,0.538
47,64,EXACT_FIFO_512,500,1000,0.538
47,64,EXACT_FIFO_2048,500,1000,0.544
47,64,NO_TRACE_CURRENT_32,500,1000,0.542
47,64,EXACT_REPLAY,500,1000,0.544
47,64,ELIGIBILITY_TRACE_32,1000,1500,0.496
47,64,EXACT_FIFO_32,1000,1500,0.498
47,64,EXACT_FIFO_128,1000,1500,0.498
47,64,EXACT_FIFO_512,1000,1500,0.498
47,64,EXACT_FIFO_2048,1000,1500,0.512
47,64,NO_TRACE_CURRENT_32,1000,1500,0.498
47,64,EXACT_REPLAY,1000,1500,0.512
47,64,ELIGIBILITY_TRACE_32,1500,2000,0.49
47,64,EXACT_FIFO_32,1500,2000,0.486
47,64,EXACT_FIFO_128,1500,2000,0.486
47,64,EXACT_FIFO_512,1500,2000,0.486
47,64,EXACT_FIFO_2048,1500,2000,0.49
47,64,NO_TRACE_CURRENT_32,1500,2000,0.486
47,64,EXACT_REPLAY,1500,2000,0.49
47,64,ELIGIBILITY_TRACE_32,2000,2500,0.49
47,64,EXACT_FIFO_32,2000,2500,0.486
47,64,EXACT_FIFO_128,2000,2500,0.486
47,64,EXACT_FIFO_512,2000,2500,0.486
47,64,EXACT_FIFO_2048,2000,2500,0.508
47,64,NO_TRACE_CURRENT_32,2000,2500,0.484
47,64,EXACT_REPLAY,2000,2500,0.508
47,64,ELIGIBILITY_TRACE_32,2500,3000,0.47
47,64,EXACT_FIFO_32,2500,3000,0.464
47,64,EXACT_FIFO_128,2500,3000,0.464
47,64,EXACT_FIFO_512,2500,3000,0.464
47,64,EXACT_FIFO_2048,2500,3000,0.478
47,64,NO_TRACE_CURRENT_32,2500,3000,0.468
47,64,EXACT_REPLAY,2500,3000,0.478
47,64,ELIGIBILITY_TRACE_32,3000,3500,0.484
47,64,EXACT_FIFO_32,3000,3500,0.482
47,64,EXACT_FIFO_128,3000,3500,0.482
47,64,EXACT_FIFO_512,3000,3500,0.482
47,64,EXACT_FIFO_2048,3000,3500,0.496
47,64,NO_TRACE_CURRENT_32,3000,3500,0.482
47,64,EXACT_REPLAY,3000,3500,0.496
47,64,ELIGIBILITY_TRACE_32,3500,4000,0.51
47,64,EXACT_FIFO_32,3500,4000,0.506
47,64,EXACT_FIFO_128,3500,4000,0.506
47,64,EXACT_FIFO_512,3500,4000,0.506
47,64,EXACT_FIFO_2048,3500,4000,0.53
47,64,NO_TRACE_CURRENT_32,3500,4000,0.508
47,64,EXACT_REPLAY,3500,4000,0.53
47,64,ELIGIBILITY_TRACE_32,4000,4500,0.528
47,64,EXACT_FIFO_32,4000,4500,0.518
47,64,EXACT_FIFO_128,4000,4500,0.518
47,64,EXACT_FIFO_512,4000,4500,0.518
47,64,EXACT_FIFO_2048,4000,4500,0.554
47,64,NO_TRACE_CURRENT_32,4000,4500,0.518
47,64,EXACT_REPLAY,4000,4500,0.554
47,64,ELIGIBILITY_TRACE_32,4500,5000,0.51
47,64,EXACT_FIFO_32,4500,5000,0.506
47,64,EXACT_FIFO_128,4500,5000,0.506
47,64,EXACT_FIFO_512,4500,5000,0.506
47,64,EXACT_FIFO_2048,4500,5000,0.53
47,64,NO_TRACE_CURRENT_32,4500,5000,0.498
47,64,EXACT_REPLAY,4500,5000,0.53
47,64,ELIGIBILITY_TRACE_32,5000,5500,0.494
47,64,EXACT_FIFO_32,5000,5500,0.492
47,64,EXACT_FIFO_128,5000,5500,0.492
47,64,EXACT_FIFO_512,5000,5500,0.492
47,64,EXACT_FIFO_2048,5000,5500,0.522
47,64,NO_TRACE_CURRENT_32,5000,5500,0.494
47,64,EXACT_REPLAY,5000,5500,0.522
47,64,ELIGIBILITY_TRACE_32,5500,6000,0.474
47,64,EXACT_FIFO_32,5500,6000,0.47
47,64,EXACT_FIFO_128,5500,6000,0.47
47,64,EXACT_FIFO_512,5500,6000,0.47
47,64,EXACT_FIFO_2048,5500,6000,0.51
47,64,NO_TRACE_CURRENT_32,5500,6000,0.474
47,64,EXACT_REPLAY,5500,6000,0.51
48,1,ELIGIBILITY_TRACE_32,0,500,0.514
48,1,EXACT_FIFO_32,0,500,0.518
48,1,EXACT_FIFO_128,0,500,0.518
48,1,EXACT_FIFO_512,0,500,0.518
48,1,EXACT_FIFO_2048,0,500,0.518
48,1,NO_TRACE_CURRENT_32,0,500,0.51
48,1,EXACT_REPLAY,0,500,0.518
48,1,ELIGIBILITY_TRACE_32,500,1000,0.524
48,1,EXACT_FIFO_32,500,1000,0.534
48,1,EXACT_FIFO_128,500,1000,0.534
48,1,EXACT_FIFO_512,500,1000,0.534
48,1,EXACT_FIFO_2048,500,1000,0.534
48,1,NO_TRACE_CURRENT_32,500,1000,0.52
48,1,EXACT_REPLAY,500,1000,0.534
48,1,ELIGIBILITY_TRACE_32,1000,1500,0.506
48,1,EXACT_FIFO_32,1000,1500,0.522
48,1,EXACT_FIFO_128,1000,1500,0.522
48,1,EXACT_FIFO_512,1000,1500,0.522
48,1,EXACT_FIFO_2048,1000,1500,0.522
48,1,NO_TRACE_CURRENT_32,1000,1500,0.512
48,1,EXACT_REPLAY,1000,1500,0.522
48,1,ELIGIBILITY_TRACE_32,1500,2000,0.46
48,1,EXACT_FIFO_32,1500,2000,0.48
48,1,EXACT_FIFO_128,1500,2000,0.48
48,1,EXACT_FIFO_512,1500,2000,0.48
48,1,EXACT_FIFO_2048,1500,2000,0.48
48,1,NO_TRACE_CURRENT_32,1500,2000,0.454
48,1,EXACT_REPLAY,1500,2000,0.48
48,1,ELIGIBILITY_TRACE_32,2000,2500,0.504
48,1,EXACT_FIFO_32,2000,2500,0.544
48,1,EXACT_FIFO_128,2000,2500,0.544
48,1,EXACT_FIFO_512,2000,2500,0.544
48,1,EXACT_FIFO_2048,2000,2500,0.544
48,1,NO_TRACE_CURRENT_32,2000,2500,0.502
48,1,EXACT_REPLAY,2000,2500,0.544
48,1,ELIGIBILITY_TRACE_32,2500,3000,0.536
48,1,EXACT_FIFO_32,2500,3000,0.564
48,1,EXACT_FIFO_128,2500,3000,0.564
48,1,EXACT_FIFO_512,2500,3000,0.564
48,1,EXACT_FIFO_2048,2500,3000,0.564
48,1,NO_TRACE_CURRENT_32,2500,3000,0.522
48,1,EXACT_REPLAY,2500,3000,0.564
48,1,ELIGIBILITY_TRACE_32,3000,3500,0.506
48,1,EXACT_FIFO_32,3000,3500,0.528
48,1,EXACT_FIFO_128,3000,3500,0.528
48,1,EXACT_FIFO_512,3000,3500,0.528
48,1,EXACT_FIFO_2048,3000,3500,0.528
48,1,NO_TRACE_CURRENT_32,3000,3500,0.496
48,1,EXACT_REPLAY,3000,3500,0.528
48,1,ELIGIBILITY_TRACE_32,3500,4000,0.5
48,1,EXACT_FIFO_32,3500,4000,0.522
48,1,EXACT_FIFO_128,3500,4000,0.522
48,1,EXACT_FIFO_512,3500,4000,0.522
48,1,EXACT_FIFO_2048,3500,4000,0.522
48,1,NO_TRACE_CURRENT_32,3500,4000,0.488
48,1,EXACT_REPLAY,3500,4000,0.522
48,1,ELIGIBILITY_TRACE_32,4000,4500,0.504
48,1,EXACT_FIFO_32,4000,4500,0.53
48,1,EXACT_FIFO_128,4000,4500,0.53
48,1,EXACT_FIFO_512,4000,4500,0.53
48,1,EXACT_FIFO_2048,4000,4500,0.53
48,1,NO_TRACE_CURRENT_32,4000,4500,0.486
48,1,EXACT_REPLAY,4000,4500,0.53
48,1,ELIGIBILITY_TRACE_32,4500,5000,0.526
48,1,EXACT_FIFO_32,4500,5000,0.544
48,1,EXACT_FIFO_128,4500,5000,0.544
48,1,EXACT_FIFO_512,4500,5000,0.544
48,1,EXACT_FIFO_2048,4500,5000,0.544
48,1,NO_TRACE_CURRENT_32,4500,5000,0.522
48,1,EXACT_REPLAY,4500,5000,0.544
48,1,ELIGIBILITY_TRACE_32,5000,5500,0.5
48,1,EXACT_FIFO_32,5000,5500,0.54
48,1,EXACT_FIFO_128,5000,5500,0.54
48,1,EXACT_FIFO_512,5000,5500,0.54
48,1,EXACT_FIFO_2048,5000,5500,0.54
48,1,NO_TRACE_CURRENT_32,5000,5500,0.482
48,1,EXACT_REPLAY,5000,5500,0.54
48,1,ELIGIBILITY_TRACE_32,5500,6000,0.502
48,1,EXACT_FIFO_32,5500,6000,0.56
48,1,EXACT_FIFO_128,5500,6000,0.56
48,1,EXACT_FIFO_512,5500,6000,0.56
48,1,EXACT_FIFO_2048,5500,6000,0.56
48,1,NO_TRACE_CURRENT_32,5500,6000,0.494
48,1,EXACT_REPLAY,5500,6000,0.56
48,4,ELIGIBILITY_TRACE_32,0,500,0.514
48,4,EXACT_FIFO_32,0,500,0.514
48,4,EXACT_FIFO_128,0,500,0.518
48,4,EXACT_FIFO_512,0,500,0.518
48,4,EXACT_FIFO_2048,0,500,0.518
48,4,NO_TRACE_CURRENT_32,0,500,0.512
48,4,EXACT_REPLAY,0,500,0.518
48,4,ELIGIBILITY_TRACE_32,500,1000,0.526
48,4,EXACT_FIFO_32,500,1000,0.522
48,4,EXACT_FIFO_128,500,1000,0.534
48,4,EXACT_FIFO_512,500,1000,0.534
48,4,EXACT_FIFO_2048,500,1000,0.534
48,4,NO_TRACE_CURRENT_32,500,1000,0.522
48,4,EXACT_REPLAY,500,1000,0.534
48,4,ELIGIBILITY_TRACE_32,1000,1500,0.512
48,4,EXACT_FIFO_32,1000,1500,0.51
48,4,EXACT_FIFO_128,1000,1500,0.518
48,4,EXACT_FIFO_512,1000,1500,0.518
48,4,EXACT_FIFO_2048,1000,1500,0.518
48,4,NO_TRACE_CURRENT_32,1000,1500,0.506
48,4,EXACT_REPLAY,1000,1500,0.518
48,4,ELIGIBILITY_TRACE_32,1500,2000,0.462
48,4,EXACT_FIFO_32,1500,2000,0.462
48,4,EXACT_FIFO_128,1500,2000,0.478
48,4,EXACT_FIFO_512,1500,2000,0.478
48,4,EXACT_FIFO_2048,1500,2000,0.478
48,4,NO_TRACE_CURRENT_32,1500,2000,0.456
48,4,EXACT_REPLAY,1500,2000,0.478
48,4,ELIGIBILITY_TRACE_32,2000,2500,0.506
48,4,EXACT_FIFO_32,2000,2500,0.504
48,4,EXACT_FIFO_128,2000,2500,0.544
48,4,EXACT_FIFO_512,2000,2500,0.544
48,4,EXACT_FIFO_2048,2000,2500,0.544
48,4,NO_TRACE_CURRENT_32,2000,2500,0.506
48,4,EXACT_REPLAY,2000,2500,0.544
48,4,ELIGIBILITY_TRACE_32,2500,3000,0.534
48,4,EXACT_FIFO_32,2500,3000,0.528
48,4,EXACT_FIFO_128,2500,3000,0.564
48,4,EXACT_FIFO_512,2500,3000,0.564
48,4,EXACT_FIFO_2048,2500,3000,0.564
48,4,NO_TRACE_CURRENT_32,2500,3000,0.53
48,4,EXACT_REPLAY,2500,3000,0.564
48,4,ELIGIBILITY_TRACE_32,3000,3500,0.502
48,4,EXACT_FIFO_32,3000,3500,0.496
48,4,EXACT_FIFO_128,3000,3500,0.528
48,4,EXACT_FIFO_512,3000,3500,0.528
48,4,EXACT_FIFO_2048,3000,3500,0.528
48,4,NO_TRACE_CURRENT_32,3000,3500,0.498
48,4,EXACT_REPLAY,3000,3500,0.528
48,4,ELIGIBILITY_TRACE_32,3500,4000,0.5
48,4,EXACT_FIFO_32,3500,4000,0.49
48,4,EXACT_FIFO_128,3500,4000,0.522
48,4,EXACT_FIFO_512,3500,4000,0.522
48,4,EXACT_FIFO_2048,3500,4000,0.522
48,4,NO_TRACE_CURRENT_32,3500,4000,0.496
48,4,EXACT_REPLAY,3500,4000,0.522
48,4,ELIGIBILITY_TRACE_32,4000,4500,0.502
48,4,EXACT_FIFO_32,4000,4500,0.492
48,4,EXACT_FIFO_128,4000,4500,0.528
48,4,EXACT_FIFO_512,4000,4500,0.528
48,4,EXACT_FIFO_2048,4000,4500,0.528
48,4,NO_TRACE_CURRENT_32,4000,4500,0.496
48,4,EXACT_REPLAY,4000,4500,0.528
48,4,ELIGIBILITY_TRACE_32,4500,5000,0.524
48,4,EXACT_FIFO_32,4500,5000,0.516
48,4,EXACT_FIFO_128,4500,5000,0.544
48,4,EXACT_FIFO_512,4500,5000,0.544
48,4,EXACT_FIFO_2048,4500,5000,0.544
48,4,NO_TRACE_CURRENT_32,4500,5000,0.516
48,4,EXACT_REPLAY,4500,5000,0.544
48,4,ELIGIBILITY_TRACE_32,5000,5500,0.504
48,4,EXACT_FIFO_32,5000,5500,0.474
48,4,EXACT_FIFO_128,5000,5500,0.54
48,4,EXACT_FIFO_512,5000,5500,0.54
48,4,EXACT_FIFO_2048,5000,5500,0.54
48,4,NO_TRACE_CURRENT_32,5000,5500,0.488
48,4,EXACT_REPLAY,5000,5500,0.54
48,4,ELIGIBILITY_TRACE_32,5500,6000,0.498
48,4,EXACT_FIFO_32,5500,6000,0.49
48,4,EXACT_FIFO_128,5500,6000,0.56
48,4,EXACT_FIFO_512,5500,6000,0.56
48,4,EXACT_FIFO_2048,5500,6000,0.56
48,4,NO_TRACE_CURRENT_32,5500,6000,0.492
48,4,EXACT_REPLAY,5500,6000,0.56
48,16,ELIGIBILITY_TRACE_32,0,500,0.518
48,16,EXACT_FIFO_32,0,500,0.514
48,16,EXACT_FIFO_128,0,500,0.514
48,16,EXACT_FIFO_512,0,500,0.518
48,16,EXACT_FIFO_2048,0,500,0.518
48,16,NO_TRACE_CURRENT_32,0,500,0.512
48,16,EXACT_REPLAY,0,500,0.518
48,16,ELIGIBILITY_TRACE_32,500,1000,0.526
48,16,EXACT_FIFO_32,500,1000,0.522
48,16,EXACT_FIFO_128,500,1000,0.522
48,16,EXACT_FIFO_512,500,1000,0.534
48,16,EXACT_FIFO_2048,500,1000,0.534
48,16,NO_TRACE_CURRENT_32,500,1000,0.52
48,16,EXACT_REPLAY,500,1000,0.534
48,16,ELIGIBILITY_TRACE_32,1000,1500,0.514
48,16,EXACT_FIFO_32,1000,1500,0.51
48,16,EXACT_FIFO_128,1000,1500,0.51
48,16,EXACT_FIFO_512,1000,1500,0.518
48,16,EXACT_FIFO_2048,1000,1500,0.518
48,16,NO_TRACE_CURRENT_32,1000,1500,0.516
48,16,EXACT_REPLAY,1000,1500,0.518
48,16,ELIGIBILITY_TRACE_32,1500,2000,0.458
48,16,EXACT_FIFO_32,1500,2000,0.462
48,16,EXACT_FIFO_128,1500,2000,0.462
48,16,EXACT_FIFO_512,1500,2000,0.48
48,16,EXACT_FIFO_2048,1500,2000,0.48
48,16,NO_TRACE_CURRENT_32,1500,2000,0.464
48,16,EXACT_REPLAY,1500,2000,0.48
48,16,ELIGIBILITY_TRACE_32,2000,2500,0.506
48,16,EXACT_FIFO_32,2000,2500,0.504
48,16,EXACT_FIFO_128,2000,2500,0.504
48,16,EXACT_FIFO_512,2000,2500,0.544
48,16,EXACT_FIFO_2048,2000,2500,0.544
48,16,NO_TRACE_CURRENT_32,2000,2500,0.502
48,16,EXACT_REPLAY,2000,2500,0.544
48,16,ELIGIBILITY_TRACE_32,2500,3000,0.53
48,16,EXACT_FIFO_32,2500,3000,0.528
48,16,EXACT_FIFO_128,2500,3000,0.528
48,16,EXACT_FIFO_512,2500,3000,0.564
48,16,EXACT_FIFO_2048,2500,3000,0.564
48,16,NO_TRACE_CURRENT_32,2500,3000,0.518
48,16,EXACT_REPLAY,2500,3000,0.564
48,16,ELIGIBILITY_TRACE_32,3000,3500,0.5
48,16,EXACT_FIFO_32,3000,3500,0.496
48,16,EXACT_FIFO_128,3000,3500,0.496
48,16,EXACT_FIFO_512,3000,3500,0.528
48,16,EXACT_FIFO_2048,3000,3500,0.528
48,16,NO_TRACE_CURRENT_32,3000,3500,0.496
48,16,EXACT_REPLAY,3000,3500,0.528
48,16,ELIGIBILITY_TRACE_32,3500,4000,0.498
48,16,EXACT_FIFO_32,3500,4000,0.49
48,16,EXACT_FIFO_128,3500,4000,0.49
48,16,EXACT_FIFO_512,3500,4000,0.522
48,16,EXACT_FIFO_2048,3500,4000,0.522
48,16,NO_TRACE_CURRENT_32,3500,4000,0.49
48,16,EXACT_REPLAY,3500,4000,0.522
48,16,ELIGIBILITY_TRACE_32,4000,4500,0.502
48,16,EXACT_FIFO_32,4000,4500,0.492
48,16,EXACT_FIFO_128,4000,4500,0.492
48,16,EXACT_FIFO_512,4000,4500,0.528
48,16,EXACT_FIFO_2048,4000,4500,0.528
48,16,NO_TRACE_CURRENT_32,4000,4500,0.492
48,16,EXACT_REPLAY,4000,4500,0.528
48,16,ELIGIBILITY_TRACE_32,4500,5000,0.52
48,16,EXACT_FIFO_32,4500,5000,0.516
48,16,EXACT_FIFO_128,4500,5000,0.516
48,16,EXACT_FIFO_512,4500,5000,0.544
48,16,EXACT_FIFO_2048,4500,5000,0.544
48,16,NO_TRACE_CURRENT_32,4500,5000,0.514
48,16,EXACT_REPLAY,4500,5000,0.544
48,16,ELIGIBILITY_TRACE_32,5000,5500,0.502
48,16,EXACT_FIFO_32,5000,5500,0.474
48,16,EXACT_FIFO_128,5000,5500,0.474
48,16,EXACT_FIFO_512,5000,5500,0.54
48,16,EXACT_FIFO_2048,5000,5500,0.54
48,16,NO_TRACE_CURRENT_32,5000,5500,0.486
48,16,EXACT_REPLAY,5000,5500,0.54
48,16,ELIGIBILITY_TRACE_32,5500,6000,0.5
48,16,EXACT_FIFO_32,5500,6000,0.49
48,16,EXACT_FIFO_128,5500,6000,0.49
48,16,EXACT_FIFO_512,5500,6000,0.56
48,16,EXACT_FIFO_2048,5500,6000,0.56
48,16,NO_TRACE_CURRENT_32,5500,6000,0.496
48,16,EXACT_REPLAY,5500,6000,0.56
48,64,ELIGIBILITY_TRACE_32,0,500,0.512
48,64,EXACT_FIFO_32,0,500,0.514
48,64,EXACT_FIFO_128,0,500,0.514
48,64,EXACT_FIFO_512,0,500,0.514
48,64,EXACT_FIFO_2048,0,500,0.518
48,64,NO_TRACE_CURRENT_32,0,500,0.516
48,64,EXACT_REPLAY,0,500,0.518
48,64,ELIGIBILITY_TRACE_32,500,1000,0.516
48,64,EXACT_FIFO_32,500,1000,0.522
48,64,EXACT_FIFO_128,500,1000,0.522
48,64,EXACT_FIFO_512,500,1000,0.522
48,64,EXACT_FIFO_2048,500,1000,0.53
48,64,NO_TRACE_CURRENT_32,500,1000,0.524
48,64,EXACT_REPLAY,500,1000,0.53
48,64,ELIGIBILITY_TRACE_32,1000,1500,0.518
48,64,EXACT_FIFO_32,1000,1500,0.51
48,64,EXACT_FIFO_128,1000,1500,0.51
48,64,EXACT_FIFO_512,1000,1500,0.51
48,64,EXACT_FIFO_2048,1000,1500,0.518
48,64,NO_TRACE_CURRENT_32,1000,1500,0.51
48,64,EXACT_REPLAY,1000,1500,0.518
48,64,ELIGIBILITY_TRACE_32,1500,2000,0.46
48,64,EXACT_FIFO_32,1500,2000,0.462
48,64,EXACT_FIFO_128,1500,2000,0.462
48,64,EXACT_FIFO_512,1500,2000,0.462
48,64,EXACT_FIFO_2048,1500,2000,0.48
48,64,NO_TRACE_CURRENT_32,1500,2000,0.458
48,64,EXACT_REPLAY,1500,2000,0.48
48,64,ELIGIBILITY_TRACE_32,2000,2500,0.502
48,64,EXACT_FIFO_32,2000,2500,0.504
48,64,EXACT_FIFO_128,2000,2500,0.504
48,64,EXACT_FIFO_512,2000,2500,0.504
48,64,EXACT_FIFO_2048,2000,2500,0.542
48,64,NO_TRACE_CURRENT_32,2000,2500,0.506
48,64,EXACT_REPLAY,2000,2500,0.542
48,64,ELIGIBILITY_TRACE_32,2500,3000,0.53
48,64,EXACT_FIFO_32,2500,3000,0.528
48,64,EXACT_FIFO_128,2500,3000,0.528
48,64,EXACT_FIFO_512,2500,3000,0.528
48,64,EXACT_FIFO_2048,2500,3000,0.564
48,64,NO_TRACE_CURRENT_32,2500,3000,0.522
48,64,EXACT_REPLAY,2500,3000,0.564
48,64,ELIGIBILITY_TRACE_32,3000,3500,0.492
48,64,EXACT_FIFO_32,3000,3500,0.496
48,64,EXACT_FIFO_128,3000,3500,0.496
48,64,EXACT_FIFO_512,3000,3500,0.496
48,64,EXACT_FIFO_2048,3000,3500,0.53
48,64,NO_TRACE_CURRENT_32,3000,3500,0.494
48,64,EXACT_REPLAY,3000,3500,0.53
48,64,ELIGIBILITY_TRACE_32,3500,4000,0.494
48,64,EXACT_FIFO_32,3500,4000,0.49
48,64,EXACT_FIFO_128,3500,4000,0.49
48,64,EXACT_FIFO_512,3500,4000,0.49
48,64,EXACT_FIFO_2048,3500,4000,0.522
48,64,NO_TRACE_CURRENT_32,3500,4000,0.494
48,64,EXACT_REPLAY,3500,4000,0.522
48,64,ELIGIBILITY_TRACE_32,4000,4500,0.502
48,64,EXACT_FIFO_32,4000,4500,0.492
48,64,EXACT_FIFO_128,4000,4500,0.492
48,64,EXACT_FIFO_512,4000,4500,0.492
48,64,EXACT_FIFO_2048,4000,4500,0.526
48,64,NO_TRACE_CURRENT_32,4000,4500,0.494
48,64,EXACT_REPLAY,4000,4500,0.526
48,64,ELIGIBILITY_TRACE_32,4500,5000,0.524
48,64,EXACT_FIFO_32,4500,5000,0.516
48,64,EXACT_FIFO_128,4500,5000,0.516
48,64,EXACT_FIFO_512,4500,5000,0.516
48,64,EXACT_FIFO_2048,4500,5000,0.544
48,64,NO_TRACE_CURRENT_32,4500,5000,0.518
48,64,EXACT_REPLAY,4500,5000,0.544
48,64,ELIGIBILITY_TRACE_32,5000,5500,0.492
48,64,EXACT_FIFO_32,5000,5500,0.474
48,64,EXACT_FIFO_128,5000,5500,0.474
48,64,EXACT_FIFO_512,5000,5500,0.474
48,64,EXACT_FIFO_2048,5000,5500,0.538
48,64,NO_TRACE_CURRENT_32,5000,5500,0.486
48,64,EXACT_REPLAY,5000,5500,0.538
48,64,ELIGIBILITY_TRACE_32,5500,6000,0.496
48,64,EXACT_FIFO_32,5500,6000,0.49
48,64,EXACT_FIFO_128,5500,6000,0.49
48,64,EXACT_FIFO_512,5500,6000,0.49
48,64,EXACT_FIFO_2048,5500,6000,0.56
48,64,NO_TRACE_CURRENT_32,5500,6000,0.49
48,64,EXACT_REPLAY,5500,6000,0.56
49,1,ELIGIBILITY_TRACE_32,0,500,0.496
49,1,EXACT_FIFO_32,0,500,0.498
49,1,EXACT_FIFO_128,0,500,0.498
49,1,EXACT_FIFO_512,0,500,0.498
49,1,EXACT_FIFO_2048,0,500,0.498
49,1,NO_TRACE_CURRENT_32,0,500,0.496
49,1,EXACT_REPLAY,0,500,0.498
49,1,ELIGIBILITY_TRACE_32,500,1000,0.498
49,1,EXACT_FIFO_32,500,1000,0.5
49,1,EXACT_FIFO_128,500,1000,0.5
49,1,EXACT_FIFO_512,500,1000,0.5
49,1,EXACT_FIFO_2048,500,1000,0.5
49,1,NO_TRACE_CURRENT_32,500,1000,0.496
49,1,EXACT_REPLAY,500,1000,0.5
49,1,ELIGIBILITY_TRACE_32,1000,1500,0.536
49,1,EXACT_FIFO_32,1000,1500,0.546
49,1,EXACT_FIFO_128,1000,1500,0.546
49,1,EXACT_FIFO_512,1000,1500,0.546
49,1,EXACT_FIFO_2048,1000,1500,0.546
49,1,NO_TRACE_CURRENT_32,1000,1500,0.534
49,1,EXACT_REPLAY,1000,1500,0.546
49,1,ELIGIBILITY_TRACE_32,1500,2000,0.514
49,1,EXACT_FIFO_32,1500,2000,0.516
49,1,EXACT_FIFO_128,1500,2000,0.516
49,1,EXACT_FIFO_512,1500,2000,0.516
49,1,EXACT_FIFO_2048,1500,2000,0.516
49,1,NO_TRACE_CURRENT_32,1500,2000,0.512
49,1,EXACT_REPLAY,1500,2000,0.516
49,1,ELIGIBILITY_TRACE_32,2000,2500,0.504
49,1,EXACT_FIFO_32,2000,2500,0.52
49,1,EXACT_FIFO_128,2000,2500,0.52
49,1,EXACT_FIFO_512,2000,2500,0.52
49,1,EXACT_FIFO_2048,2000,2500,0.52
49,1,NO_TRACE_CURRENT_32,2000,2500,0.51
49,1,EXACT_REPLAY,2000,2500,0.52
49,1,ELIGIBILITY_TRACE_32,2500,3000,0.482
49,1,EXACT_FIFO_32,2500,3000,0.506
49,1,EXACT_FIFO_128,2500,3000,0.506
49,1,EXACT_FIFO_512,2500,3000,0.506
49,1,EXACT_FIFO_2048,2500,3000,0.506
49,1,NO_TRACE_CURRENT_32,2500,3000,0.476
49,1,EXACT_REPLAY,2500,3000,0.506
49,1,ELIGIBILITY_TRACE_32,3000,3500,0.488
49,1,EXACT_FIFO_32,3000,3500,0.494
49,1,EXACT_FIFO_128,3000,3500,0.494
49,1,EXACT_FIFO_512,3000,3500,0.494
49,1,EXACT_FIFO_2048,3000,3500,0.494
49,1,NO_TRACE_CURRENT_32,3000,3500,0.486
49,1,EXACT_REPLAY,3000,3500,0.494
49,1,ELIGIBILITY_TRACE_32,3500,4000,0.524
49,1,EXACT_FIFO_32,3500,4000,0.54
49,1,EXACT_FIFO_128,3500,4000,0.54
49,1,EXACT_FIFO_512,3500,4000,0.54
49,1,EXACT_FIFO_2048,3500,4000,0.54
49,1,NO_TRACE_CURRENT_32,3500,4000,0.514
49,1,EXACT_REPLAY,3500,4000,0.54
49,1,ELIGIBILITY_TRACE_32,4000,4500,0.478
49,1,EXACT_FIFO_32,4000,4500,0.498
49,1,EXACT_FIFO_128,4000,4500,0.498
49,1,EXACT_FIFO_512,4000,4500,0.498
49,1,EXACT_FIFO_2048,4000,4500,0.498
49,1,NO_TRACE_CURRENT_32,4000,4500,0.476
49,1,EXACT_REPLAY,4000,4500,0.498
49,1,ELIGIBILITY_TRACE_32,4500,5000,0.526
49,1,EXACT_FIFO_32,4500,5000,0.54
49,1,EXACT_FIFO_128,4500,5000,0.54
49,1,EXACT_FIFO_512,4500,5000,0.54
49,1,EXACT_FIFO_2048,4500,5000,0.54
49,1,NO_TRACE_CURRENT_32,4500,5000,0.52
49,1,EXACT_REPLAY,4500,5000,0.54
49,1,ELIGIBILITY_TRACE_32,5000,5500,0.482
49,1,EXACT_FIFO_32,5000,5500,0.522
49,1,EXACT_FIFO_128,5000,5500,0.522
49,1,EXACT_FIFO_512,5000,5500,0.522
49,1,EXACT_FIFO_2048,5000,5500,0.522
49,1,NO_TRACE_CURRENT_32,5000,5500,0.482
49,1,EXACT_REPLAY,5000,5500,0.522
49,1,ELIGIBILITY_TRACE_32,5500,6000,0.492
49,1,EXACT_FIFO_32,5500,6000,0.524
49,1,EXACT_FIFO_128,5500,6000,0.524
49,1,EXACT_FIFO_512,5500,6000,0.524
49,1,EXACT_FIFO_2048,5500,6000,0.524
49,1,NO_TRACE_CURRENT_32,5500,6000,0.484
49,1,EXACT_REPLAY,5500,6000,0.524
49,4,ELIGIBILITY_TRACE_32,0,500,0.498
49,4,EXACT_FIFO_32,0,500,0.496
49,4,EXACT_FIFO_128,0,500,0.498
49,4,EXACT_FIFO_512,0,500,0.498
49,4,EXACT_FIFO_2048,0,500,0.498
49,4,NO_TRACE_CURRENT_32,0,500,0.496
49,4,EXACT_REPLAY,0,500,0.498
49,4,ELIGIBILITY_TRACE_32,500,1000,0.496
49,4,EXACT_FIFO_32,500,1000,0.496
49,4,EXACT_FIFO_128,500,1000,0.5
49,4,EXACT_FIFO_512,500,1000,0.5
49,4,EXACT_FIFO_2048,500,1000,0.5
49,4,NO_TRACE_CURRENT_32,500,1000,0.494
49,4,EXACT_REPLAY,500,1000,0.5
49,4,ELIGIBILITY_TRACE_32,1000,1500,0.534
49,4,EXACT_FIFO_32,1000,1500,0.534
49,4,EXACT_FIFO_128,1000,1500,0.546
49,4,EXACT_FIFO_512,1000,1500,0.546
49,4,EXACT_FIFO_2048,1000,1500,0.546
49,4,NO_TRACE_CURRENT_32,1000,1500,0.536
49,4,EXACT_REPLAY,1000,1500,0.546
49,4,ELIGIBILITY_TRACE_32,1500,2000,0.512
49,4,EXACT_FIFO_32,1500,2000,0.512
49,4,EXACT_FIFO_128,1500,2000,0.516
49,4,EXACT_FIFO_512,1500,2000,0.516
49,4,EXACT_FIFO_2048,1500,2000,0.516
49,4,NO_TRACE_CURRENT_32,1500,2000,0.512
49,4,EXACT_REPLAY,1500,2000,0.516
49,4,ELIGIBILITY_TRACE_32,2000,2500,0.506
49,4,EXACT_FIFO_32,2000,2500,0.504
49,4,EXACT_FIFO_128,2000,2500,0.52
49,4,EXACT_FIFO_512,2000,2500,0.52
49,4,EXACT_FIFO_2048,2000,2500,0.52
49,4,NO_TRACE_CURRENT_32,2000,2500,0.51
49,4,EXACT_REPLAY,2000,2500,0.52
49,4,ELIGIBILITY_TRACE_32,2500,3000,0.482
49,4,EXACT_FIFO_32,2500,3000,0.482
49,4,EXACT_FIFO_128,2500,3000,0.506
49,4,EXACT_FIFO_512,2500,3000,0.506
49,4,EXACT_FIFO_2048,2500,3000,0.506
49,4,NO_TRACE_CURRENT_32,2500,3000,0.482
49,4,EXACT_REPLAY,2500,3000,0.506
49,4,ELIGIBILITY_TRACE_32,3000,3500,0.488
49,4,EXACT_FIFO_32,3000,3500,0.484
49,4,EXACT_FIFO_128,3000,3500,0.494
49,4,EXACT_FIFO_512,3000,3500,0.494
49,4,EXACT_FIFO_2048,3000,3500,0.494
49,4,NO_TRACE_CURRENT_32,3000,3500,0.488
49,4,EXACT_REPLAY,3000,3500,0.494
49,4,ELIGIBILITY_TRACE_32,3500,4000,0.522
49,4,EXACT_FIFO_32,3500,4000,0.522
49,4,EXACT_FIFO_128,3500,4000,0.542
49,4,EXACT_FIFO_512,3500,4000,0.542
49,4,EXACT_FIFO_2048,3500,4000,0.542
49,4,NO_TRACE_CURRENT_32,3500,4000,0.528
49,4,EXACT_REPLAY,3500,4000,0.542
49,4,ELIGIBILITY_TRACE_32,4000,4500,0.476
49,4,EXACT_FIFO_32,4000,4500,0.478
49,4,EXACT_FIFO_128,4000,4500,0.498
49,4,EXACT_FIFO_512,4000,4500,0.498
49,4,EXACT_FIFO_2048,4000,4500,0.498
49,4,NO_TRACE_CURRENT_32,4000,4500,0.474
49,4,EXACT_REPLAY,4000,4500,0.498
49,4,ELIGIBILITY_TRACE_32,4500,5000,0.522
49,4,EXACT_FIFO_32,4500,5000,0.518
49,4,EXACT_FIFO_128,4500,5000,0.54
49,4,EXACT_FIFO_512,4500,5000,0.54
49,4,EXACT_FIFO_2048,4500,5000,0.54
49,4,NO_TRACE_CURRENT_32,4500,5000,0.52
49,4,EXACT_REPLAY,4500,5000,0.54
49,4,ELIGIBILITY_TRACE_32,5000,5500,0.482
49,4,EXACT_FIFO_32,5000,5500,0.486
49,4,EXACT_FIFO_128,5000,5500,0.522
49,4,EXACT_FIFO_512,5000,5500,0.522
49,4,EXACT_FIFO_2048,5000,5500,0.522
49,4,NO_TRACE_CURRENT_32,5000,5500,0.488
49,4,EXACT_REPLAY,5000,5500,0.522
49,4,ELIGIBILITY_TRACE_32,5500,6000,0.49
49,4,EXACT_FIFO_32,5500,6000,0.484
49,4,EXACT_FIFO_128,5500,6000,0.522
49,4,EXACT_FIFO_512,5500,6000,0.522
49,4,EXACT_FIFO_2048,5500,6000,0.522
49,4,NO_TRACE_CURRENT_32,5500,6000,0.486
49,4,EXACT_REPLAY,5500,6000,0.522
49,16,ELIGIBILITY_TRACE_32,0,500,0.494
49,16,EXACT_FIFO_32,0,500,0.496
49,16,EXACT_FIFO_128,0,500,0.496
49,16,EXACT_FIFO_512,0,500,0.498
49,16,EXACT_FIFO_2048,0,500,0.498
49,16,NO_TRACE_CURRENT_32,0,500,0.496
49,16,EXACT_REPLAY,0,500,0.498
49,16,ELIGIBILITY_TRACE_32,500,1000,0.496
49,16,EXACT_FIFO_32,500,1000,0.496
49,16,EXACT_FIFO_128,500,1000,0.496
49,16,EXACT_FIFO_512,500,1000,0.502
49,16,EXACT_FIFO_2048,500,1000,0.502
49,16,NO_TRACE_CURRENT_32,500,1000,0.496
49,16,EXACT_REPLAY,500,1000,0.502
49,16,ELIGIBILITY_TRACE_32,1000,1500,0.53
49,16,EXACT_FIFO_32,1000,1500,0.534
49,16,EXACT_FIFO_128,1000,1500,0.534
49,16,EXACT_FIFO_512,1000,1500,0.546
49,16,EXACT_FIFO_2048,1000,1500,0.546
49,16,NO_TRACE_CURRENT_32,1000,1500,0.53
49,16,EXACT_REPLAY,1000,1500,0.546
49,16,ELIGIBILITY_TRACE_32,1500,2000,0.514
49,16,EXACT_FIFO_32,1500,2000,0.512
49,16,EXACT_FIFO_128,1500,2000,0.512
49,16,EXACT_FIFO_512,1500,2000,0.516
49,16,EXACT_FIFO_2048,1500,2000,0.516
49,16,NO_TRACE_CURRENT_32,1500,2000,0.51
49,16,EXACT_REPLAY,1500,2000,0.516
49,16,ELIGIBILITY_TRACE_32,2000,2500,0.502
49,16,EXACT_FIFO_32,2000,2500,0.504
49,16,EXACT_FIFO_128,2000,2500,0.504
49,16,EXACT_FIFO_512,2000,2500,0.52
49,16,EXACT_FIFO_2048,2000,2500,0.52
49,16,NO_TRACE_CURRENT_32,2000,2500,0.498
49,16,EXACT_REPLAY,2000,2500,0.52
49,16,ELIGIBILITY_TRACE_32,2500,3000,0.48
49,16,EXACT_FIFO_32,2500,3000,0.482
49,16,EXACT_FIFO_128,2500,3000,0.482
49,16,EXACT_FIFO_512,2500,3000,0.506
49,16,EXACT_FIFO_2048,2500,3000,0.506
49,16,NO_TRACE_CURRENT_32,2500,3000,0.48
49,16,EXACT_REPLAY,2500,3000,0.506
49,16,ELIGIBILITY_TRACE_32,3000,3500,0.484
49,16,EXACT_FIFO_32,3000,3500,0.484
49,16,EXACT_FIFO_128,3000,3500,0.484
49,16,EXACT_FIFO_512,3000,3500,0.494
49,16,EXACT_FIFO_2048,3000,3500,0.494
49,16,NO_TRACE_CURRENT_32,3000,3500,0.48
49,16,EXACT_REPLAY,3000,3500,0.494
49,16,ELIGIBILITY_TRACE_32,3500,4000,0.522
49,16,EXACT_FIFO_32,3500,4000,0.522
49,16,EXACT_FIFO_128,3500,4000,0.522
49,16,EXACT_FIFO_512,3500,4000,0.542
49,16,EXACT_FIFO_2048,3500,4000,0.542
49,16,NO_TRACE_CURRENT_32,3500,4000,0.522
49,16,EXACT_REPLAY,3500,4000,0.542
49,16,ELIGIBILITY_TRACE_32,4000,4500,0.48
49,16,EXACT_FIFO_32,4000,4500,0.478
49,16,EXACT_FIFO_128,4000,4500,0.478
49,16,EXACT_FIFO_512,4000,4500,0.496
49,16,EXACT_FIFO_2048,4000,4500,0.496
49,16,NO_TRACE_CURRENT_32,4000,4500,0.482
49,16,EXACT_REPLAY,4000,4500,0.496
49,16,ELIGIBILITY_TRACE_32,4500,5000,0.52
49,16,EXACT_FIFO_32,4500,5000,0.518
49,16,EXACT_FIFO_128,4500,5000,0.518
49,16,EXACT_FIFO_512,4500,5000,0.538
49,16,EXACT_FIFO_2048,4500,5000,0.538
49,16,NO_TRACE_CURRENT_32,4500,5000,0.508
49,16,EXACT_REPLAY,4500,5000,0.538
49,16,ELIGIBILITY_TRACE_32,5000,5500,0.482
49,16,EXACT_FIFO_32,5000,5500,0.486
49,16,EXACT_FIFO_128,5000,5500,0.486
49,16,EXACT_FIFO_512,5000,5500,0.522
49,16,EXACT_FIFO_2048,5000,5500,0.522
49,16,NO_TRACE_CURRENT_32,5000,5500,0.48
49,16,EXACT_REPLAY,5000,5500,0.522
49,16,ELIGIBILITY_TRACE_32,5500,6000,0.49
49,16,EXACT_FIFO_32,5500,6000,0.484
49,16,EXACT_FIFO_128,5500,6000,0.484
49,16,EXACT_FIFO_512,5500,6000,0.52
49,16,EXACT_FIFO_2048,5500,6000,0.52
49,16,NO_TRACE_CURRENT_32,5500,6000,0.474
49,16,EXACT_REPLAY,5500,6000,0.52
49,64,ELIGIBILITY_TRACE_32,0,500,0.496
49,64,EXACT_FIFO_32,0,500,0.496
49,64,EXACT_FIFO_128,0,500,0.496
49,64,EXACT_FIFO_512,0,500,0.496
49,64,EXACT_FIFO_2048,0,500,0.498
49,64,NO_TRACE_CURRENT_32,0,500,0.496
49,64,EXACT_REPLAY,0,500,0.498
49,64,ELIGIBILITY_TRACE_32,500,1000,0.496
49,64,EXACT_FIFO_32,500,1000,0.496
49,64,EXACT_FIFO_128,500,1000,0.496
49,64,EXACT_FIFO_512,500,1000,0.496
49,64,EXACT_FIFO_2048,500,1000,0.5
49,64,NO_TRACE_CURRENT_32,500,1000,0.496
49,64,EXACT_REPLAY,500,1000,0.5
49,64,ELIGIBILITY_TRACE_32,1000,1500,0.536
49,64,EXACT_FIFO_32,1000,1500,0.534
49,64,EXACT_FIFO_128,1000,1500,0.534
49,64,EXACT_FIFO_512,1000,1500,0.534
49,64,EXACT_FIFO_2048,1000,1500,0.546
49,64,NO_TRACE_CURRENT_32,1000,1500,0.536
49,64,EXACT_REPLAY,1000,1500,0.546
49,64,ELIGIBILITY_TRACE_32,1500,2000,0.512
49,64,EXACT_FIFO_32,1500,2000,0.512
49,64,EXACT_FIFO_128,1500,2000,0.512
49,64,EXACT_FIFO_512,1500,2000,0.512
49,64,EXACT_FIFO_2048,1500,2000,0.516
49,64,NO_TRACE_CURRENT_32,1500,2000,0.504
49,64,EXACT_REPLAY,1500,2000,0.516
49,64,ELIGIBILITY_TRACE_32,2000,2500,0.5
49,64,EXACT_FIFO_32,2000,2500,0.504
49,64,EXACT_FIFO_128,2000,2500,0.504
49,64,EXACT_FIFO_512,2000,2500,0.504
49,64,EXACT_FIFO_2048,2000,2500,0.518
49,64,NO_TRACE_CURRENT_32,2000,2500,0.502
49,64,EXACT_REPLAY,2000,2500,0.518
49,64,ELIGIBILITY_TRACE_32,2500,3000,0.482
49,64,EXACT_FIFO_32,2500,3000,0.482
49,64,EXACT_FIFO_128,2500,3000,0.482
49,64,EXACT_FIFO_512,2500,3000,0.482
49,64,EXACT_FIFO_2048,2500,3000,0.506
49,64,NO_TRACE_CURRENT_32,2500,3000,0.484
49,64,EXACT_REPLAY,2500,3000,0.506
49,64,ELIGIBILITY_TRACE_32,3000,3500,0.482
49,64,EXACT_FIFO_32,3000,3500,0.484
49,64,EXACT_FIFO_128,3000,3500,0.484
49,64,EXACT_FIFO_512,3000,3500,0.484
49,64,EXACT_FIFO_2048,3000,3500,0.494
49,64,NO_TRACE_CURRENT_32,3000,3500,0.488
49,64,EXACT_REPLAY,3000,3500,0.494
49,64,ELIGIBILITY_TRACE_32,3500,4000,0.524
49,64,EXACT_FIFO_32,3500,4000,0.522
49,64,EXACT_FIFO_128,3500,4000,0.522
49,64,EXACT_FIFO_512,3500,4000,0.522
49,64,EXACT_FIFO_2048,3500,4000,0.54
49,64,NO_TRACE_CURRENT_32,3500,4000,0.512
49,64,EXACT_REPLAY,3500,4000,0.54
49,64,ELIGIBILITY_TRACE_32,4000,4500,0.482
49,64,EXACT_FIFO_32,4000,4500,0.478
49,64,EXACT_FIFO_128,4000,4500,0.478
49,64,EXACT_FIFO_512,4000,4500,0.478
49,64,EXACT_FIFO_2048,4000,4500,0.498
49,64,NO_TRACE_CURRENT_32,4000,4500,0.47
49,64,EXACT_REPLAY,4000,4500,0.498
49,64,ELIGIBILITY_TRACE_32,4500,5000,0.514
49,64,EXACT_FIFO_32,4500,5000,0.518
49,64,EXACT_FIFO_128,4500,5000,0.518
49,64,EXACT_FIFO_512,4500,5000,0.518
49,64,EXACT_FIFO_2048,4500,5000,0.54
49,64,NO_TRACE_CURRENT_32,4500,5000,0.516
49,64,EXACT_REPLAY,4500,5000,0.54
49,64,ELIGIBILITY_TRACE_32,5000,5500,0.476
49,64,EXACT_FIFO_32,5000,5500,0.486
49,64,EXACT_FIFO_128,5000,5500,0.486
49,64,EXACT_FIFO_512,5000,5500,0.486
49,64,EXACT_FIFO_2048,5000,5500,0.522
49,64,NO_TRACE_CURRENT_32,5000,5500,0.48
49,64,EXACT_REPLAY,5000,5500,0.522
49,64,ELIGIBILITY_TRACE_32,5500,6000,0.482
49,64,EXACT_FIFO_32,5500,6000,0.484
49,64,EXACT_FIFO_128,5500,6000,0.484
49,64,EXACT_FIFO_512,5500,6000,0.484
49,64,EXACT_FIFO_2048,5500,6000,0.52
49,64,NO_TRACE_CURRENT_32,5500,6000,0.478
49,64,EXACT_REPLAY,5500,6000,0.52
50,1,ELIGIBILITY_TRACE_32,0,500,0.512
50,1,EXACT_FIFO_32,0,500,0.51
50,1,EXACT_FIFO_128,0,500,0.51
50,1,EXACT_FIFO_512,0,500,0.51
50,1,EXACT_FIFO_2048,0,500,0.51
50,1,NO_TRACE_CURRENT_32,0,500,0.512
50,1,EXACT_REPLAY,0,500,0.51
50,1,ELIGIBILITY_TRACE_32,500,1000,0.528
50,1,EXACT_FIFO_32,500,1000,0.526
50,1,EXACT_FIFO_128,500,1000,0.526
50,1,EXACT_FIFO_512,500,1000,0.526
50,1,EXACT_FIFO_2048,500,1000,0.526
50,1,NO_TRACE_CURRENT_32,500,1000,0.524
50,1,EXACT_REPLAY,500,1000,0.526
50,1,ELIGIBILITY_TRACE_32,1000,1500,0.496
50,1,EXACT_FIFO_32,1000,1500,0.502
50,1,EXACT_FIFO_128,1000,1500,0.502
50,1,EXACT_FIFO_512,1000,1500,0.502
50,1,EXACT_FIFO_2048,1000,1500,0.502
50,1,NO_TRACE_CURRENT_32,1000,1500,0.5
50,1,EXACT_REPLAY,1000,1500,0.502
50,1,ELIGIBILITY_TRACE_32,1500,2000,0.5
50,1,EXACT_FIFO_32,1500,2000,0.502
50,1,EXACT_FIFO_128,1500,2000,0.502
50,1,EXACT_FIFO_512,1500,2000,0.502
50,1,EXACT_FIFO_2048,1500,2000,0.502
50,1,NO_TRACE_CURRENT_32,1500,2000,0.498
50,1,EXACT_REPLAY,1500,2000,0.502
50,1,ELIGIBILITY_TRACE_32,2000,2500,0.514
50,1,EXACT_FIFO_32,2000,2500,0.532
50,1,EXACT_FIFO_128,2000,2500,0.532
50,1,EXACT_FIFO_512,2000,2500,0.532
50,1,EXACT_FIFO_2048,2000,2500,0.532
50,1,NO_TRACE_CURRENT_32,2000,2500,0.516
50,1,EXACT_REPLAY,2000,2500,0.532
50,1,ELIGIBILITY_TRACE_32,2500,3000,0.492
50,1,EXACT_FIFO_32,2500,3000,0.518
50,1,EXACT_FIFO_128,2500,3000,0.518
50,1,EXACT_FIFO_512,2500,3000,0.518
50,1,EXACT_FIFO_2048,2500,3000,0.518
50,1,NO_TRACE_CURRENT_32,2500,3000,0.49
50,1,EXACT_REPLAY,2500,3000,0.518
50,1,ELIGIBILITY_TRACE_32,3000,3500,0.528
50,1,EXACT_FIFO_32,3000,3500,0.542
50,1,EXACT_FIFO_128,3000,3500,0.542
50,1,EXACT_FIFO_512,3000,3500,0.542
50,1,EXACT_FIFO_2048,3000,3500,0.542
50,1,NO_TRACE_CURRENT_32,3000,3500,0.516
50,1,EXACT_REPLAY,3000,3500,0.542
50,1,ELIGIBILITY_TRACE_32,3500,4000,0.492
50,1,EXACT_FIFO_32,3500,4000,0.52
50,1,EXACT_FIFO_128,3500,4000,0.52
50,1,EXACT_FIFO_512,3500,4000,0.52
50,1,EXACT_FIFO_2048,3500,4000,0.52
50,1,NO_TRACE_CURRENT_32,3500,4000,0.48
50,1,EXACT_REPLAY,3500,4000,0.52
50,1,ELIGIBILITY_TRACE_32,4000,4500,0.544
50,1,EXACT_FIFO_32,4000,4500,0.58
50,1,EXACT_FIFO_128,4000,4500,0.58
50,1,EXACT_FIFO_512,4000,4500,0.58
50,1,EXACT_FIFO_2048,4000,4500,0.58
50,1,NO_TRACE_CURRENT_32,4000,4500,0.534
50,1,EXACT_REPLAY,4000,4500,0.58
50,1,ELIGIBILITY_TRACE_32,4500,5000,0.542
50,1,EXACT_FIFO_32,4500,5000,0.59
50,1,EXACT_FIFO_128,4500,5000,0.59
50,1,EXACT_FIFO_512,4500,5000,0.59
50,1,EXACT_FIFO_2048,4500,5000,0.59
50,1,NO_TRACE_CURRENT_32,4500,5000,0.538
50,1,EXACT_REPLAY,4500,5000,0.59
50,1,ELIGIBILITY_TRACE_32,5000,5500,0.446
50,1,EXACT_FIFO_32,5000,5500,0.484
50,1,EXACT_FIFO_128,5000,5500,0.484
50,1,EXACT_FIFO_512,5000,5500,0.484
50,1,EXACT_FIFO_2048,5000,5500,0.484
50,1,NO_TRACE_CURRENT_32,5000,5500,0.442
50,1,EXACT_REPLAY,5000,5500,0.484
50,1,ELIGIBILITY_TRACE_32,5500,6000,0.51
50,1,EXACT_FIFO_32,5500,6000,0.568
50,1,EXACT_FIFO_128,5500,6000,0.568
50,1,EXACT_FIFO_512,5500,6000,0.568
50,1,EXACT_FIFO_2048,5500,6000,0.568
50,1,NO_TRACE_CURRENT_32,5500,6000,0.51
50,1,EXACT_REPLAY,5500,6000,0.568
50,4,ELIGIBILITY_TRACE_32,0,500,0.512
50,4,EXACT_FIFO_32,0,500,0.51
50,4,EXACT_FIFO_128,0,500,0.51
50,4,EXACT_FIFO_512,0,500,0.51
50,4,EXACT_FIFO_2048,0,500,0.51
50,4,NO_TRACE_CURRENT_32,0,500,0.512
50,4,EXACT_REPLAY,0,500,0.51
50,4,ELIGIBILITY_TRACE_32,500,1000,0.526
50,4,EXACT_FIFO_32,500,1000,0.522
50,4,EXACT_FIFO_128,500,1000,0.526
50,4,EXACT_FIFO_512,500,1000,0.526
50,4,EXACT_FIFO_2048,500,1000,0.526
50,4,NO_TRACE_CURRENT_32,500,1000,0.522
50,4,EXACT_REPLAY,500,1000,0.526
50,4,ELIGIBILITY_TRACE_32,1000,1500,0.498
50,4,EXACT_FIFO_32,1000,1500,0.494
50,4,EXACT_FIFO_128,1000,1500,0.502
50,4,EXACT_FIFO_512,1000,1500,0.502
50,4,EXACT_FIFO_2048,1000,1500,0.502
50,4,NO_TRACE_CURRENT_32,1000,1500,0.494
50,4,EXACT_REPLAY,1000,1500,0.502
50,4,ELIGIBILITY_TRACE_32,1500,2000,0.5
50,4,EXACT_FIFO_32,1500,2000,0.494
50,4,EXACT_FIFO_128,1500,2000,0.502
50,4,EXACT_FIFO_512,1500,2000,0.502
50,4,EXACT_FIFO_2048,1500,2000,0.502
50,4,NO_TRACE_CURRENT_32,1500,2000,0.496
50,4,EXACT_REPLAY,1500,2000,0.502
50,4,ELIGIBILITY_TRACE_32,2000,2500,0.516
50,4,EXACT_FIFO_32,2000,2500,0.51
50,4,EXACT_FIFO_128,2000,2500,0.532
50,4,EXACT_FIFO_512,2000,2500,0.532
50,4,EXACT_FIFO_2048,2000,2500,0.532
50,4,NO_TRACE_CURRENT_32,2000,2500,0.512
50,4,EXACT_REPLAY,2000,2500,0.532
50,4,ELIGIBILITY_TRACE_32,2500,3000,0.486
50,4,EXACT_FIFO_32,2500,3000,0.486
50,4,EXACT_FIFO_128,2500,3000,0.518
50,4,EXACT_FIFO_512,2500,3000,0.518
50,4,EXACT_FIFO_2048,2500,3000,0.518
50,4,NO_TRACE_CURRENT_32,2500,3000,0.49
50,4,EXACT_REPLAY,2500,3000,0.518
50,4,ELIGIBILITY_TRACE_32,3000,3500,0.528
50,4,EXACT_FIFO_32,3000,3500,0.51
50,4,EXACT_FIFO_128,3000,3500,0.542
50,4,EXACT_FIFO_512,3000,3500,0.542
50,4,EXACT_FIFO_2048,3000,3500,0.542
50,4,NO_TRACE_CURRENT_32,3000,3500,0.508
50,4,EXACT_REPLAY,3000,3500,0.542
50,4,ELIGIBILITY_TRACE_32,3500,4000,0.488
50,4,EXACT_FIFO_32,3500,4000,0.476
50,4,EXACT_FIFO_128,3500,4000,0.52
50,4,EXACT_FIFO_512,3500,4000,0.52
50,4,EXACT_FIFO_2048,3500,4000,0.52
50,4,NO_TRACE_CURRENT_32,3500,4000,0.478
50,4,EXACT_REPLAY,3500,4000,0.52
50,4,ELIGIBILITY_TRACE_32,4000,4500,0.542
50,4,EXACT_FIFO_32,4000,4500,0.526
50,4,EXACT_FIFO_128,4000,4500,0.58
50,4,EXACT_FIFO_512,4000,4500,0.58
50,4,EXACT_FIFO_2048,4000,4500,0.58
50,4,NO_TRACE_CURRENT_32,4000,4500,0.518
50,4,EXACT_REPLAY,4000,4500,0.58
50,4,ELIGIBILITY_TRACE_32,4500,5000,0.544
50,4,EXACT_FIFO_32,4500,5000,0.54
50,4,EXACT_FIFO_128,4500,5000,0.59
50,4,EXACT_FIFO_512,4500,5000,0.59
50,4,EXACT_FIFO_2048,4500,5000,0.59
50,4,NO_TRACE_CURRENT_32,4500,5000,0.542
50,4,EXACT_REPLAY,4500,5000,0.59
50,4,ELIGIBILITY_TRACE_32,5000,5500,0.44
50,4,EXACT_FIFO_32,5000,5500,0.44
50,4,EXACT_FIFO_128,5000,5500,0.484
50,4,EXACT_FIFO_512,5000,5500,0.484
50,4,EXACT_FIFO_2048,5000,5500,0.484
50,4,NO_TRACE_CURRENT_32,5000,5500,0.436
50,4,EXACT_REPLAY,5000,5500,0.484
50,4,ELIGIBILITY_TRACE_32,5500,6000,0.512
50,4,EXACT_FIFO_32,5500,6000,0.512
50,4,EXACT_FIFO_128,5500,6000,0.568
50,4,EXACT_FIFO_512,5500,6000,0.568
50,4,EXACT_FIFO_2048,5500,6000,0.568
50,4,NO_TRACE_CURRENT_32,5500,6000,0.498
50,4,EXACT_REPLAY,5500,6000,0.568
50,16,ELIGIBILITY_TRACE_32,0,500,0.51
50,16,EXACT_FIFO_32,0,500,0.51
50,16,EXACT_FIFO_128,0,500,0.51
50,16,EXACT_FIFO_512,0,500,0.51
50,16,EXACT_FIFO_2048,0,500,0.51
50,16,NO_TRACE_CURRENT_32,0,500,0.508
50,16,EXACT_REPLAY,0,500,0.51
50,16,ELIGIBILITY_TRACE_32,500,1000,0.526
50,16,EXACT_FIFO_32,500,1000,0.522
50,16,EXACT_FIFO_128,500,1000,0.522
50,16,EXACT_FIFO_512,500,1000,0.526
50,16,EXACT_FIFO_2048,500,1000,0.526
50,16,NO_TRACE_CURRENT_32,500,1000,0.522
50,16,EXACT_REPLAY,500,1000,0.526
50,16,ELIGIBILITY_TRACE_32,1000,1500,0.498
50,16,EXACT_FIFO_32,1000,1500,0.494
50,16,EXACT_FIFO_128,1000,1500,0.494
50,16,EXACT_FIFO_512,1000,1500,0.502
50,16,EXACT_FIFO_2048,1000,1500,0.502
50,16,NO_TRACE_CURRENT_32,1000,1500,0.496
50,16,EXACT_REPLAY,1000,1500,0.502
50,16,ELIGIBILITY_TRACE_32,1500,2000,0.5
50,16,EXACT_FIFO_32,1500,2000,0.494
50,16,EXACT_FIFO_128,1500,2000,0.494
50,16,EXACT_FIFO_512,1500,2000,0.502
50,16,EXACT_FIFO_2048,1500,2000,0.502
50,16,NO_TRACE_CURRENT_32,1500,2000,0.498
50,16,EXACT_REPLAY,1500,2000,0.502
50,16,ELIGIBILITY_TRACE_32,2000,2500,0.514
50,16,EXACT_FIFO_32,2000,2500,0.51
50,16,EXACT_FIFO_128,2000,2500,0.51
50,16,EXACT_FIFO_512,2000,2500,0.532
50,16,EXACT_FIFO_2048,2000,2500,0.532
50,16,NO_TRACE_CURRENT_32,2000,2500,0.508
50,16,EXACT_REPLAY,2000,2500,0.532
50,16,ELIGIBILITY_TRACE_32,2500,3000,0.494
50,16,EXACT_FIFO_32,2500,3000,0.486
50,16,EXACT_FIFO_128,2500,3000,0.486
50,16,EXACT_FIFO_512,2500,3000,0.518
50,16,EXACT_FIFO_2048,2500,3000,0.518
50,16,NO_TRACE_CURRENT_32,2500,3000,0.486
50,16,EXACT_REPLAY,2500,3000,0.518
50,16,ELIGIBILITY_TRACE_32,3000,3500,0.52
50,16,EXACT_FIFO_32,3000,3500,0.51
50,16,EXACT_FIFO_128,3000,3500,0.51
50,16,EXACT_FIFO_512,3000,3500,0.542
50,16,EXACT_FIFO_2048,3000,3500,0.542
50,16,NO_TRACE_CURRENT_32,3000,3500,0.506
50,16,EXACT_REPLAY,3000,3500,0.542
50,16,ELIGIBILITY_TRACE_32,3500,4000,0.486
50,16,EXACT_FIFO_32,3500,4000,0.476
50,16,EXACT_FIFO_128,3500,4000,0.476
50,16,EXACT_FIFO_512,3500,4000,0.522
50,16,EXACT_FIFO_2048,3500,4000,0.522
50,16,NO_TRACE_CURRENT_32,3500,4000,0.478
50,16,EXACT_REPLAY,3500,4000,0.522
50,16,ELIGIBILITY_TRACE_32,4000,4500,0.532
50,16,EXACT_FIFO_32,4000,4500,0.526
50,16,EXACT_FIFO_128,4000,4500,0.526
50,16,EXACT_FIFO_512,4000,4500,0.578
50,16,EXACT_FIFO_2048,4000,4500,0.578
50,16,NO_TRACE_CURRENT_32,4000,4500,0.53
50,16,EXACT_REPLAY,4000,4500,0.578
50,16,ELIGIBILITY_TRACE_32,4500,5000,0.546
50,16,EXACT_FIFO_32,4500,5000,0.54
50,16,EXACT_FIFO_128,4500,5000,0.54
50,16,EXACT_FIFO_512,4500,5000,0.59
50,16,EXACT_FIFO_2048,4500,5000,0.59
50,16,NO_TRACE_CURRENT_32,4500,5000,0.538
50,16,EXACT_REPLAY,4500,5000,0.59
50,16,ELIGIBILITY_TRACE_32,5000,5500,0.442
50,16,EXACT_FIFO_32,5000,5500,0.44
50,16,EXACT_FIFO_128,5000,5500,0.44
50,16,EXACT_FIFO_512,5000,5500,0.484
50,16,EXACT_FIFO_2048,5000,5500,0.484
50,16,NO_TRACE_CURRENT_32,5000,5500,0.446
50,16,EXACT_REPLAY,5000,5500,0.484
50,16,ELIGIBILITY_TRACE_32,5500,6000,0.512
50,16,EXACT_FIFO_32,5500,6000,0.512
50,16,EXACT_FIFO_128,5500,6000,0.512
50,16,EXACT_FIFO_512,5500,6000,0.566
50,16,EXACT_FIFO_2048,5500,6000,0.566
50,16,NO_TRACE_CURRENT_32,5500,6000,0.514
50,16,EXACT_REPLAY,5500,6000,0.566
50,64,ELIGIBILITY_TRACE_32,0,500,0.51
50,64,EXACT_FIFO_32,0,500,0.51
50,64,EXACT_FIFO_128,0,500,0.51
50,64,EXACT_FIFO_512,0,500,0.51
50,64,EXACT_FIFO_2048,0,500,0.51
50,64,NO_TRACE_CURRENT_32,0,500,0.51
50,64,EXACT_REPLAY,0,500,0.51
50,64,ELIGIBILITY_TRACE_32,500,1000,0.52
50,64,EXACT_FIFO_32,500,1000,0.522
50,64,EXACT_FIFO_128,500,1000,0.522
50,64,EXACT_FIFO_512,500,1000,0.522
50,64,EXACT_FIFO_2048,500,1000,0.526
50,64,NO_TRACE_CURRENT_32,500,1000,0.518
50,64,EXACT_REPLAY,500,1000,0.526
50,64,ELIGIBILITY_TRACE_32,1000,1500,0.496
50,64,EXACT_FIFO_32,1000,1500,0.494
50,64,EXACT_FIFO_128,1000,1500,0.494
50,64,EXACT_FIFO_512,1000,1500,0.494
50,64,EXACT_FIFO_2048,1000,1500,0.502
50,64,NO_TRACE_CURRENT_32,1000,1500,0.498
50,64,EXACT_REPLAY,1000,1500,0.502
50,64,ELIGIBILITY_TRACE_32,1500,2000,0.486
50,64,EXACT_FIFO_32,1500,2000,0.494
50,64,EXACT_FIFO_128,1500,2000,0.494
50,64,EXACT_FIFO_512,1500,2000,0.494
50,64,EXACT_FIFO_2048,1500,2000,0.502
50,64,NO_TRACE_CURRENT_32,1500,2000,0.486
50,64,EXACT_REPLAY,1500,2000,0.502
50,64,ELIGIBILITY_TRACE_32,2000,2500,0.508
50,64,EXACT_FIFO_32,2000,2500,0.51
50,64,EXACT_FIFO_128,2000,2500,0.51
50,64,EXACT_FIFO_512,2000,2500,0.51
50,64,EXACT_FIFO_2048,2000,2500,0.532
50,64,NO_TRACE_CURRENT_32,2000,2500,0.508
50,64,EXACT_REPLAY,2000,2500,0.532
50,64,ELIGIBILITY_TRACE_32,2500,3000,0.488
50,64,EXACT_FIFO_32,2500,3000,0.486
50,64,EXACT_FIFO_128,2500,3000,0.486
50,64,EXACT_FIFO_512,2500,3000,0.486
50,64,EXACT_FIFO_2048,2500,3000,0.518
50,64,NO_TRACE_CURRENT_32,2500,3000,0.488
50,64,EXACT_REPLAY,2500,3000,0.518
50,64,ELIGIBILITY_TRACE_32,3000,3500,0.512
50,64,EXACT_FIFO_32,3000,3500,0.51
50,64,EXACT_FIFO_128,3000,3500,0.51
50,64,EXACT_FIFO_512,3000,3500,0.51
50,64,EXACT_FIFO_2048,3000,3500,0.542
50,64,NO_TRACE_CURRENT_32,3000,3500,0.516
50,64,EXACT_REPLAY,3000,3500,0.542
50,64,ELIGIBILITY_TRACE_32,3500,4000,0.474
50,64,EXACT_FIFO_32,3500,4000,0.476
50,64,EXACT_FIFO_128,3500,4000,0.476
50,64,EXACT_FIFO_512,3500,4000,0.476
50,64,EXACT_FIFO_2048,3500,4000,0.522
50,64,NO_TRACE_CURRENT_32,3500,4000,0.474
50,64,EXACT_REPLAY,3500,4000,0.522
50,64,ELIGIBILITY_TRACE_32,4000,4500,0.532
50,64,EXACT_FIFO_32,4000,4500,0.526
50,64,EXACT_FIFO_128,4000,4500,0.526
50,64,EXACT_FIFO_512,4000,4500,0.526
50,64,EXACT_FIFO_2048,4000,4500,0.58
50,64,NO_TRACE_CURRENT_32,4000,4500,0.516
50,64,EXACT_REPLAY,4000,4500,0.58
50,64,ELIGIBILITY_TRACE_32,4500,5000,0.54
50,64,EXACT_FIFO_32,4500,5000,0.54
50,64,EXACT_FIFO_128,4500,5000,0.54
50,64,EXACT_FIFO_512,4500,5000,0.54
50,64,EXACT_FIFO_2048,4500,5000,0.59
50,64,NO_TRACE_CURRENT_32,4500,5000,0.538
50,64,EXACT_REPLAY,4500,5000,0.59
50,64,ELIGIBILITY_TRACE_32,5000,5500,0.442
50,64,EXACT_FIFO_32,5000,5500,0.44
50,64,EXACT_FIFO_128,5000,5500,0.44
50,64,EXACT_FIFO_512,5000,5500,0.44
50,64,EXACT_FIFO_2048,5000,5500,0.484
50,64,NO_TRACE_CURRENT_32,5000,5500,0.438
50,64,EXACT_REPLAY,5000,5500,0.484
50,64,ELIGIBILITY_TRACE_32,5500,6000,0.504
50,64,EXACT_FIFO_32,5500,6000,0.512
50,64,EXACT_FIFO_128,5500,6000,0.512
50,64,EXACT_FIFO_512,5500,6000,0.512
50,64,EXACT_FIFO_2048,5500,6000,0.566
50,64,NO_TRACE_CURRENT_32,5500,6000,0.506
50,64,EXACT_REPLAY,5500,6000,0.566
51,1,ELIGIBILITY_TRACE_32,0,500,0.484
51,1,EXACT_FIFO_32,0,500,0.484
51,1,EXACT_FIFO_128,0,500,0.484
51,1,EXACT_FIFO_512,0,500,0.484
51,1,EXACT_FIFO_2048,0,500,0.484
51,1,NO_TRACE_CURRENT_32,0,500,0.482
51,1,EXACT_REPLAY,0,500,0.484
51,1,ELIGIBILITY_TRACE_32,500,1000,0.518
51,1,EXACT_FIFO_32,500,1000,0.518
51,1,EXACT_FIFO_128,500,1000,0.518
51,1,EXACT_FIFO_512,500,1000,0.518
51,1,EXACT_FIFO_2048,500,1000,0.518
51,1,NO_TRACE_CURRENT_32,500,1000,0.504
51,1,EXACT_REPLAY,500,1000,0.518
51,1,ELIGIBILITY_TRACE_32,1000,1500,0.508
51,1,EXACT_FIFO_32,1000,1500,0.514
51,1,EXACT_FIFO_128,1000,1500,0.514
51,1,EXACT_FIFO_512,1000,1500,0.514
51,1,EXACT_FIFO_2048,1000,1500,0.514
51,1,NO_TRACE_CURRENT_32,1000,1500,0.502
51,1,EXACT_REPLAY,1000,1500,0.514
51,1,ELIGIBILITY_TRACE_32,1500,2000,0.49
51,1,EXACT_FIFO_32,1500,2000,0.496
51,1,EXACT_FIFO_128,1500,2000,0.496
51,1,EXACT_FIFO_512,1500,2000,0.496
51,1,EXACT_FIFO_2048,1500,2000,0.496
51,1,NO_TRACE_CURRENT_32,1500,2000,0.474
51,1,EXACT_REPLAY,1500,2000,0.496
51,1,ELIGIBILITY_TRACE_32,2000,2500,0.524
51,1,EXACT_FIFO_32,2000,2500,0.532
51,1,EXACT_FIFO_128,2000,2500,0.532
51,1,EXACT_FIFO_512,2000,2500,0.532
51,1,EXACT_FIFO_2048,2000,2500,0.532
51,1,NO_TRACE_CURRENT_32,2000,2500,0.516
51,1,EXACT_REPLAY,2000,2500,0.532
51,1,ELIGIBILITY_TRACE_32,2500,3000,0.544
51,1,EXACT_FIFO_32,2500,3000,0.56
51,1,EXACT_FIFO_128,2500,3000,0.56
51,1,EXACT_FIFO_512,2500,3000,0.56
51,1,EXACT_FIFO_2048,2500,3000,0.56
51,1,NO_TRACE_CURRENT_32,2500,3000,0.536
51,1,EXACT_REPLAY,2500,3000,0.56
51,1,ELIGIBILITY_TRACE_32,3000,3500,0.484
51,1,EXACT_FIFO_32,3000,3500,0.5
51,1,EXACT_FIFO_128,3000,3500,0.5
51,1,EXACT_FIFO_512,3000,3500,0.5
51,1,EXACT_FIFO_2048,3000,3500,0.5
51,1,NO_TRACE_CURRENT_32,3000,3500,0.474
51,1,EXACT_REPLAY,3000,3500,0.5
51,1,ELIGIBILITY_TRACE_32,3500,4000,0.534
51,1,EXACT_FIFO_32,3500,4000,0.566
51,1,EXACT_FIFO_128,3500,4000,0.566
51,1,EXACT_FIFO_512,3500,4000,0.566
51,1,EXACT_FIFO_2048,3500,4000,0.566
51,1,NO_TRACE_CURRENT_32,3500,4000,0.508
51,1,EXACT_REPLAY,3500,4000,0.566
51,1,ELIGIBILITY_TRACE_32,4000,4500,0.498
51,1,EXACT_FIFO_32,4000,4500,0.534
51,1,EXACT_FIFO_128,4000,4500,0.534
51,1,EXACT_FIFO_512,4000,4500,0.534
51,1,EXACT_FIFO_2048,4000,4500,0.534
51,1,NO_TRACE_CURRENT_32,4000,4500,0.488
51,1,EXACT_REPLAY,4000,4500,0.534
51,1,ELIGIBILITY_TRACE_32,4500,5000,0.528
51,1,EXACT_FIFO_32,4500,5000,0.542
51,1,EXACT_FIFO_128,4500,5000,0.542
51,1,EXACT_FIFO_512,4500,5000,0.542
51,1,EXACT_FIFO_2048,4500,5000,0.542
51,1,NO_TRACE_CURRENT_32,4500,5000,0.522
51,1,EXACT_REPLAY,4500,5000,0.542
51,1,ELIGIBILITY_TRACE_32,5000,5500,0.496
51,1,EXACT_FIFO_32,5000,5500,0.512
51,1,EXACT_FIFO_128,5000,5500,0.512
51,1,EXACT_FIFO_512,5000,5500,0.512
51,1,EXACT_FIFO_2048,5000,5500,0.512
51,1,NO_TRACE_CURRENT_32,5000,5500,0.472
51,1,EXACT_REPLAY,5000,5500,0.512
51,1,ELIGIBILITY_TRACE_32,5500,6000,0.542
51,1,EXACT_FIFO_32,5500,6000,0.574
51,1,EXACT_FIFO_128,5500,6000,0.574
51,1,EXACT_FIFO_512,5500,6000,0.574
51,1,EXACT_FIFO_2048,5500,6000,0.574
51,1,NO_TRACE_CURRENT_32,5500,6000,0.53
51,1,EXACT_REPLAY,5500,6000,0.574
51,4,ELIGIBILITY_TRACE_32,0,500,0.482
51,4,EXACT_FIFO_32,0,500,0.482
51,4,EXACT_FIFO_128,0,500,0.484
51,4,EXACT_FIFO_512,0,500,0.484
51,4,EXACT_FIFO_2048,0,500,0.484
51,4,NO_TRACE_CURRENT_32,0,500,0.482
51,4,EXACT_REPLAY,0,500,0.484
51,4,ELIGIBILITY_TRACE_32,500,1000,0.508
51,4,EXACT_FIFO_32,500,1000,0.502
51,4,EXACT_FIFO_128,500,1000,0.518
51,4,EXACT_FIFO_512,500,1000,0.518
51,4,EXACT_FIFO_2048,500,1000,0.518
51,4,NO_TRACE_CURRENT_32,500,1000,0.5
51,4,EXACT_REPLAY,500,1000,0.518
51,4,ELIGIBILITY_TRACE_32,1000,1500,0.508
51,4,EXACT_FIFO_32,1000,1500,0.504
51,4,EXACT_FIFO_128,1000,1500,0.514
51,4,EXACT_FIFO_512,1000,1500,0.514
51,4,EXACT_FIFO_2048,1000,1500,0.514
51,4,NO_TRACE_CURRENT_32,1000,1500,0.502
51,4,EXACT_REPLAY,1000,1500,0.514
51,4,ELIGIBILITY_TRACE_32,1500,2000,0.49
51,4,EXACT_FIFO_32,1500,2000,0.48
51,4,EXACT_FIFO_128,1500,2000,0.496
51,4,EXACT_FIFO_512,1500,2000,0.496
51,4,EXACT_FIFO_2048,1500,2000,0.496
51,4,NO_TRACE_CURRENT_32,1500,2000,0.472
51,4,EXACT_REPLAY,1500,2000,0.496
51,4,ELIGIBILITY_TRACE_32,2000,2500,0.524
51,4,EXACT_FIFO_32,2000,2500,0.524
51,4,EXACT_FIFO_128,2000,2500,0.532
51,4,EXACT_FIFO_512,2000,2500,0.532
51,4,EXACT_FIFO_2048,2000,2500,0.532
51,4,NO_TRACE_CURRENT_32,2000,2500,0.524
51,4,EXACT_REPLAY,2000,2500,0.532
51,4,ELIGIBILITY_TRACE_32,2500,3000,0.54
51,4,EXACT_FIFO_32,2500,3000,0.534
51,4,EXACT_FIFO_128,2500,3000,0.56
51,4,EXACT_FIFO_512,2500,3000,0.56
51,4,EXACT_FIFO_2048,2500,3000,0.56
51,4,NO_TRACE_CURRENT_32,2500,3000,0.538
51,4,EXACT_REPLAY,2500,3000,0.56
51,4,ELIGIBILITY_TRACE_32,3000,3500,0.482
51,4,EXACT_FIFO_32,3000,3500,0.472
51,4,EXACT_FIFO_128,3000,3500,0.5
51,4,EXACT_FIFO_512,3000,3500,0.5
51,4,EXACT_FIFO_2048,3000,3500,0.5
51,4,NO_TRACE_CURRENT_32,3000,3500,0.474
51,4,EXACT_REPLAY,3000,3500,0.5
51,4,ELIGIBILITY_TRACE_32,3500,4000,0.532
51,4,EXACT_FIFO_32,3500,4000,0.512
51,4,EXACT_FIFO_128,3500,4000,0.568
51,4,EXACT_FIFO_512,3500,4000,0.568
51,4,EXACT_FIFO_2048,3500,4000,0.568
51,4,NO_TRACE_CURRENT_32,3500,4000,0.516
51,4,EXACT_REPLAY,3500,4000,0.568
51,4,ELIGIBILITY_TRACE_32,4000,4500,0.498
51,4,EXACT_FIFO_32,4000,4500,0.486
51,4,EXACT_FIFO_128,4000,4500,0.534
51,4,EXACT_FIFO_512,4000,4500,0.534
51,4,EXACT_FIFO_2048,4000,4500,0.534
51,4,NO_TRACE_CURRENT_32,4000,4500,0.484
51,4,EXACT_REPLAY,4000,4500,0.534
51,4,ELIGIBILITY_TRACE_32,4500,5000,0.526
51,4,EXACT_FIFO_32,4500,5000,0.514
51,4,EXACT_FIFO_128,4500,5000,0.542
51,4,EXACT_FIFO_512,4500,5000,0.542
51,4,EXACT_FIFO_2048,4500,5000,0.542
51,4,NO_TRACE_CURRENT_32,4500,5000,0.514
51,4,EXACT_REPLAY,4500,5000,0.542
51,4,ELIGIBILITY_TRACE_32,5000,5500,0.49
51,4,EXACT_FIFO_32,5000,5500,0.474
51,4,EXACT_FIFO_128,5000,5500,0.512
51,4,EXACT_FIFO_512,5000,5500,0.512
51,4,EXACT_FIFO_2048,5000,5500,0.512
51,4,NO_TRACE_CURRENT_32,5000,5500,0.466
51,4,EXACT_REPLAY,5000,5500,0.512
51,4,ELIGIBILITY_TRACE_32,5500,6000,0.548
51,4,EXACT_FIFO_32,5500,6000,0.532
51,4,EXACT_FIFO_128,5500,6000,0.574
51,4,EXACT_FIFO_512,5500,6000,0.574
51,4,EXACT_FIFO_2048,5500,6000,0.574
51,4,NO_TRACE_CURRENT_32,5500,6000,0.514
51,4,EXACT_REPLAY,5500,6000,0.574
51,16,ELIGIBILITY_TRACE_32,0,500,0.484
51,16,EXACT_FIFO_32,0,500,0.482
51,16,EXACT_FIFO_128,0,500,0.482
51,16,EXACT_FIFO_512,0,500,0.484
51,16,EXACT_FIFO_2048,0,500,0.484
51,16,NO_TRACE_CURRENT_32,0,500,0.48
51,16,EXACT_REPLAY,0,500,0.484
51,16,ELIGIBILITY_TRACE_32,500,1000,0.508
51,16,EXACT_FIFO_32,500,1000,0.502
51,16,EXACT_FIFO_128,500,1000,0.502
51,16,EXACT_FIFO_512,500,1000,0.518
51,16,EXACT_FIFO_2048,500,1000,0.518
51,16,NO_TRACE_CURRENT_32,500,1000,0.502
51,16,EXACT_REPLAY,500,1000,0.518
51,16,ELIGIBILITY_TRACE_32,1000,1500,0.512
51,16,EXACT_FIFO_32,1000,1500,0.504
51,16,EXACT_FIFO_128,1000,1500,0.504
51,16,EXACT_FIFO_512,1000,1500,0.514
51,16,EXACT_FIFO_2048,1000,1500,0.514
51,16,NO_TRACE_CURRENT_32,1000,1500,0.504
51,16,EXACT_REPLAY,1000,1500,0.514
51,16,ELIGIBILITY_TRACE_32,1500,2000,0.482
51,16,EXACT_FIFO_32,1500,2000,0.48
51,16,EXACT_FIFO_128,1500,2000,0.48
51,16,EXACT_FIFO_512,1500,2000,0.494
51,16,EXACT_FIFO_2048,1500,2000,0.494
51,16,NO_TRACE_CURRENT_32,1500,2000,0.474
51,16,EXACT_REPLAY,1500,2000,0.494
51,16,ELIGIBILITY_TRACE_32,2000,2500,0.518
51,16,EXACT_FIFO_32,2000,2500,0.524
51,16,EXACT_FIFO_128,2000,2500,0.524
51,16,EXACT_FIFO_512,2000,2500,0.534
51,16,EXACT_FIFO_2048,2000,2500,0.534
51,16,NO_TRACE_CURRENT_32,2000,2500,0.516
51,16,EXACT_REPLAY,2000,2500,0.534
51,16,ELIGIBILITY_TRACE_32,2500,3000,0.534
51,16,EXACT_FIFO_32,2500,3000,0.534
51,16,EXACT_FIFO_128,2500,3000,0.534
51,16,EXACT_FIFO_512,2500,3000,0.56
51,16,EXACT_FIFO_2048,2500,3000,0.56
51,16,NO_TRACE_CURRENT_32,2500,3000,0.538
51,16,EXACT_REPLAY,2500,3000,0.56
51,16,ELIGIBILITY_TRACE_32,3000,3500,0.48
51,16,EXACT_FIFO_32,3000,3500,0.472
51,16,EXACT_FIFO_128,3000,3500,0.472
51,16,EXACT_FIFO_512,3000,3500,0.496
51,16,EXACT_FIFO_2048,3000,3500,0.496
51,16,NO_TRACE_CURRENT_32,3000,3500,0.472
51,16,EXACT_REPLAY,3000,3500,0.496
51,16,ELIGIBILITY_TRACE_32,3500,4000,0.522
51,16,EXACT_FIFO_32,3500,4000,0.512
51,16,EXACT_FIFO_128,3500,4000,0.512
51,16,EXACT_FIFO_512,3500,4000,0.566
51,16,EXACT_FIFO_2048,3500,4000,0.566
51,16,NO_TRACE_CURRENT_32,3500,4000,0.512
51,16,EXACT_REPLAY,3500,4000,0.566
51,16,ELIGIBILITY_TRACE_32,4000,4500,0.494
51,16,EXACT_FIFO_32,4000,4500,0.486
51,16,EXACT_FIFO_128,4000,4500,0.486
51,16,EXACT_FIFO_512,4000,4500,0.53
51,16,EXACT_FIFO_2048,4000,4500,0.53
51,16,NO_TRACE_CURRENT_32,4000,4500,0.478
51,16,EXACT_REPLAY,4000,4500,0.53
51,16,ELIGIBILITY_TRACE_32,4500,5000,0.524
51,16,EXACT_FIFO_32,4500,5000,0.514
51,16,EXACT_FIFO_128,4500,5000,0.514
51,16,EXACT_FIFO_512,4500,5000,0.54
51,16,EXACT_FIFO_2048,4500,5000,0.54
51,16,NO_TRACE_CURRENT_32,4500,5000,0.518
51,16,EXACT_REPLAY,4500,5000,0.54
51,16,ELIGIBILITY_TRACE_32,5000,5500,0.486
51,16,EXACT_FIFO_32,5000,5500,0.474
51,16,EXACT_FIFO_128,5000,5500,0.474
51,16,EXACT_FIFO_512,5000,5500,0.512
51,16,EXACT_FIFO_2048,5000,5500,0.512
51,16,NO_TRACE_CURRENT_32,5000,5500,0.478
51,16,EXACT_REPLAY,5000,5500,0.512
51,16,ELIGIBILITY_TRACE_32,5500,6000,0.538
51,16,EXACT_FIFO_32,5500,6000,0.532
51,16,EXACT_FIFO_128,5500,6000,0.532
51,16,EXACT_FIFO_512,5500,6000,0.576
51,16,EXACT_FIFO_2048,5500,6000,0.576
51,16,NO_TRACE_CURRENT_32,5500,6000,0.532
51,16,EXACT_REPLAY,5500,6000,0.576
51,64,ELIGIBILITY_TRACE_32,0,500,0.482
51,64,EXACT_FIFO_32,0,500,0.482
51,64,EXACT_FIFO_128,0,500,0.482
51,64,EXACT_FIFO_512,0,500,0.482
51,64,EXACT_FIFO_2048,0,500,0.484
51,64,NO_TRACE_CURRENT_32,0,500,0.482
51,64,EXACT_REPLAY,0,500,0.484
51,64,ELIGIBILITY_TRACE_32,500,1000,0.508
51,64,EXACT_FIFO_32,500,1000,0.502
51,64,EXACT_FIFO_128,500,1000,0.502
51,64,EXACT_FIFO_512,500,1000,0.502
51,64,EXACT_FIFO_2048,500,1000,0.518
51,64,NO_TRACE_CURRENT_32,500,1000,0.502
51,64,EXACT_REPLAY,500,1000,0.518
51,64,ELIGIBILITY_TRACE_32,1000,1500,0.504
51,64,EXACT_FIFO_32,1000,1500,0.504
51,64,EXACT_FIFO_128,1000,1500,0.504
51,64,EXACT_FIFO_512,1000,1500,0.504
51,64,EXACT_FIFO_2048,1000,1500,0.512
51,64,NO_TRACE_CURRENT_32,1000,1500,0.504
51,64,EXACT_REPLAY,1000,1500,0.512
51,64,ELIGIBILITY_TRACE_32,1500,2000,0.48
51,64,EXACT_FIFO_32,1500,2000,0.48
51,64,EXACT_FIFO_128,1500,2000,0.48
51,64,EXACT_FIFO_512,1500,2000,0.48
51,64,EXACT_FIFO_2048,1500,2000,0.494
51,64,NO_TRACE_CURRENT_32,1500,2000,0.474
51,64,EXACT_REPLAY,1500,2000,0.494
51,64,ELIGIBILITY_TRACE_32,2000,2500,0.516
51,64,EXACT_FIFO_32,2000,2500,0.524
51,64,EXACT_FIFO_128,2000,2500,0.524
51,64,EXACT_FIFO_512,2000,2500,0.524
51,64,EXACT_FIFO_2048,2000,2500,0.534
51,64,NO_TRACE_CURRENT_32,2000,2500,0.518
51,64,EXACT_REPLAY,2000,2500,0.534
51,64,ELIGIBILITY_TRACE_32,2500,3000,0.538
51,64,EXACT_FIFO_32,2500,3000,0.534
51,64,EXACT_FIFO_128,2500,3000,0.534
51,64,EXACT_FIFO_512,2500,3000,0.534
51,64,EXACT_FIFO_2048,2500,3000,0.558
51,64,NO_TRACE_CURRENT_32,2500,3000,0.534
51,64,EXACT_REPLAY,2500,3000,0.558
51,64,ELIGIBILITY_TRACE_32,3000,3500,0.474
51,64,EXACT_FIFO_32,3000,3500,0.472
51,64,EXACT_FIFO_128,3000,3500,0.472
51,64,EXACT_FIFO_512,3000,3500,0.472
51,64,EXACT_FIFO_2048,3000,3500,0.498
51,64,NO_TRACE_CURRENT_32,3000,3500,0.468
51,64,EXACT_REPLAY,3000,3500,0.498
51,64,ELIGIBILITY_TRACE_32,3500,4000,0.512
51,64,EXACT_FIFO_32,3500,4000,0.512
51,64,EXACT_FIFO_128,3500,4000,0.512
51,64,EXACT_FIFO_512,3500,4000,0.512
51,64,EXACT_FIFO_2048,3500,4000,0.564
51,64,NO_TRACE_CURRENT_32,3500,4000,0.516
51,64,EXACT_REPLAY,3500,4000,0.564
51,64,ELIGIBILITY_TRACE_32,4000,4500,0.484
51,64,EXACT_FIFO_32,4000,4500,0.486
51,64,EXACT_FIFO_128,4000,4500,0.486
51,64,EXACT_FIFO_512,4000,4500,0.486
51,64,EXACT_FIFO_2048,4000,4500,0.528
51,64,NO_TRACE_CURRENT_32,4000,4500,0.486
51,64,EXACT_REPLAY,4000,4500,0.528
51,64,ELIGIBILITY_TRACE_32,4500,5000,0.518
51,64,EXACT_FIFO_32,4500,5000,0.514
51,64,EXACT_FIFO_128,4500,5000,0.514
51,64,EXACT_FIFO_512,4500,5000,0.514
51,64,EXACT_FIFO_2048,4500,5000,0.54
51,64,NO_TRACE_CURRENT_32,4500,5000,0.516
51,64,EXACT_REPLAY,4500,5000,0.54
51,64,ELIGIBILITY_TRACE_32,5000,5500,0.478
51,64,EXACT_FIFO_32,5000,5500,0.474
51,64,EXACT_FIFO_128,5000,5500,0.474
51,64,EXACT_FIFO_512,5000,5500,0.474
51,64,EXACT_FIFO_2048,5000,5500,0.51
51,64,NO_TRACE_CURRENT_32,5000,5500,0.47
51,64,EXACT_REPLAY,5000,5500,0.51
51,64,ELIGIBILITY_TRACE_32,5500,6000,0.528
51,64,EXACT_FIFO_32,5500,6000,0.532
51,64,EXACT_FIFO_128,5500,6000,0.532
51,64,EXACT_FIFO_512,5500,6000,0.532
51,64,EXACT_FIFO_2048,5500,6000,0.572
51,64,NO_TRACE_CURRENT_32,5500,6000,0.524
51,64,EXACT_REPLAY,5500,6000,0.572
52,1,ELIGIBILITY_TRACE_32,0,500,0.514
52,1,EXACT_FIFO_32,0,500,0.514
52,1,EXACT_FIFO_128,0,500,0.514
52,1,EXACT_FIFO_512,0,500,0.514
52,1,EXACT_FIFO_2048,0,500,0.514
52,1,NO_TRACE_CURRENT_32,0,500,0.516
52,1,EXACT_REPLAY,0,500,0.514
52,1,ELIGIBILITY_TRACE_32,500,1000,0.538
52,1,EXACT_FIFO_32,500,1000,0.544
52,1,EXACT_FIFO_128,500,1000,0.544
52,1,EXACT_FIFO_512,500,1000,0.544
52,1,EXACT_FIFO_2048,500,1000,0.544
52,1,NO_TRACE_CURRENT_32,500,1000,0.538
52,1,EXACT_REPLAY,500,1000,0.544
52,1,ELIGIBILITY_TRACE_32,1000,1500,0.508
52,1,EXACT_FIFO_32,1000,1500,0.512
52,1,EXACT_FIFO_128,1000,1500,0.512
52,1,EXACT_FIFO_512,1000,1500,0.512
52,1,EXACT_FIFO_2048,1000,1500,0.512
52,1,NO_TRACE_CURRENT_32,1000,1500,0.504
52,1,EXACT_REPLAY,1000,1500,0.512
52,1,ELIGIBILITY_TRACE_32,1500,2000,0.494
52,1,EXACT_FIFO_32,1500,2000,0.504
52,1,EXACT_FIFO_128,1500,2000,0.504
52,1,EXACT_FIFO_512,1500,2000,0.504
52,1,EXACT_FIFO_2048,1500,2000,0.504
52,1,NO_TRACE_CURRENT_32,1500,2000,0.492
52,1,EXACT_REPLAY,1500,2000,0.504
52,1,ELIGIBILITY_TRACE_32,2000,2500,0.484
52,1,EXACT_FIFO_32,2000,2500,0.498
52,1,EXACT_FIFO_128,2000,2500,0.498
52,1,EXACT_FIFO_512,2000,2500,0.498
52,1,EXACT_FIFO_2048,2000,2500,0.498
52,1,NO_TRACE_CURRENT_32,2000,2500,0.474
52,1,EXACT_REPLAY,2000,2500,0.498
52,1,ELIGIBILITY_TRACE_32,2500,3000,0.518
52,1,EXACT_FIFO_32,2500,3000,0.528
52,1,EXACT_FIFO_128,2500,3000,0.528
52,1,EXACT_FIFO_512,2500,3000,0.528
52,1,EXACT_FIFO_2048,2500,3000,0.528
52,1,NO_TRACE_CURRENT_32,2500,3000,0.514
52,1,EXACT_REPLAY,2500,3000,0.528
52,1,ELIGIBILITY_TRACE_32,3000,3500,0.494
52,1,EXACT_FIFO_32,3000,3500,0.508
52,1,EXACT_FIFO_128,3000,3500,0.508
52,1,EXACT_FIFO_512,3000,3500,0.508
52,1,EXACT_FIFO_2048,3000,3500,0.508
52,1,NO_TRACE_CURRENT_32,3000,3500,0.494
52,1,EXACT_REPLAY,3000,3500,0.508
52,1,ELIGIBILITY_TRACE_32,3500,4000,0.532
52,1,EXACT_FIFO_32,3500,4000,0.56
52,1,EXACT_FIFO_128,3500,4000,0.56
52,1,EXACT_FIFO_512,3500,4000,0.56
52,1,EXACT_FIFO_2048,3500,4000,0.56
52,1,NO_TRACE_CURRENT_32,3500,4000,0.522
52,1,EXACT_REPLAY,3500,4000,0.56
52,1,ELIGIBILITY_TRACE_32,4000,4500,0.5
52,1,EXACT_FIFO_32,4000,4500,0.524
52,1,EXACT_FIFO_128,4000,4500,0.524
52,1,EXACT_FIFO_512,4000,4500,0.524
52,1,EXACT_FIFO_2048,4000,4500,0.524
52,1,NO_TRACE_CURRENT_32,4000,4500,0.496
52,1,EXACT_REPLAY,4000,4500,0.524
52,1,ELIGIBILITY_TRACE_32,4500,5000,0.488
52,1,EXACT_FIFO_32,4500,5000,0.514
52,1,EXACT_FIFO_128,4500,5000,0.514
52,1,EXACT_FIFO_512,4500,5000,0.514
52,1,EXACT_FIFO_2048,4500,5000,0.514
52,1,NO_TRACE_CURRENT_32,4500,5000,0.482
52,1,EXACT_REPLAY,4500,5000,0.514
52,1,ELIGIBILITY_TRACE_32,5000,5500,0.484
52,1,EXACT_FIFO_32,5000,5500,0.514
52,1,EXACT_FIFO_128,5000,5500,0.514
52,1,EXACT_FIFO_512,5000,5500,0.514
52,1,EXACT_FIFO_2048,5000,5500,0.514
52,1,NO_TRACE_CURRENT_32,5000,5500,0.474
52,1,EXACT_REPLAY,5000,5500,0.514
52,1,ELIGIBILITY_TRACE_32,5500,6000,0.512
52,1,EXACT_FIFO_32,5500,6000,0.542
52,1,EXACT_FIFO_128,5500,6000,0.542
52,1,EXACT_FIFO_512,5500,6000,0.542
52,1,EXACT_FIFO_2048,5500,6000,0.542
52,1,NO_TRACE_CURRENT_32,5500,6000,0.5
52,1,EXACT_REPLAY,5500,6000,0.542
52,4,ELIGIBILITY_TRACE_32,0,500,0.512
52,4,EXACT_FIFO_32,0,500,0.51
52,4,EXACT_FIFO_128,0,500,0.514
52,4,EXACT_FIFO_512,0,500,0.514
52,4,EXACT_FIFO_2048,0,500,0.514
52,4,NO_TRACE_CURRENT_32,0,500,0.51
52,4,EXACT_REPLAY,0,500,0.514
52,4,ELIGIBILITY_TRACE_32,500,1000,0.538
52,4,EXACT_FIFO_32,500,1000,0.538
52,4,EXACT_FIFO_128,500,1000,0.544
52,4,EXACT_FIFO_512,500,1000,0.544
52,4,EXACT_FIFO_2048,500,1000,0.544
52,4,NO_TRACE_CURRENT_32,500,1000,0.536
52,4,EXACT_REPLAY,500,1000,0.544
52,4,ELIGIBILITY_TRACE_32,1000,1500,0.506
52,4,EXACT_FIFO_32,1000,1500,0.506
52,4,EXACT_FIFO_128,1000,1500,0.512
52,4,EXACT_FIFO_512,1000,1500,0.512
52,4,EXACT_FIFO_2048,1000,1500,0.512
52,4,NO_TRACE_CURRENT_32,1000,1500,0.508
52,4,EXACT_REPLAY,1000,1500,0.512
52,4,ELIGIBILITY_TRACE_32,1500,2000,0.494
52,4,EXACT_FIFO_32,1500,2000,0.492
52,4,EXACT_FIFO_128,1500,2000,0.506
52,4,EXACT_FIFO_512,1500,2000,0.506
52,4,EXACT_FIFO_2048,1500,2000,0.506
52,4,NO_TRACE_CURRENT_32,1500,2000,0.498
52,4,EXACT_REPLAY,1500,2000,0.506
52,4,ELIGIBILITY_TRACE_32,2000,2500,0.484
52,4,EXACT_FIFO_32,2000,2500,0.47
52,4,EXACT_FIFO_128,2000,2500,0.5
52,4,EXACT_FIFO_512,2000,2500,0.5
52,4,EXACT_FIFO_2048,2000,2500,0.5
52,4,NO_TRACE_CURRENT_32,2000,2500,0.468
52,4,EXACT_REPLAY,2000,2500,0.5
52,4,ELIGIBILITY_TRACE_32,2500,3000,0.516
52,4,EXACT_FIFO_32,2500,3000,0.512
52,4,EXACT_FIFO_128,2500,3000,0.528
52,4,EXACT_FIFO_512,2500,3000,0.528
52,4,EXACT_FIFO_2048,2500,3000,0.528
52,4,NO_TRACE_CURRENT_32,2500,3000,0.516
52,4,EXACT_REPLAY,2500,3000,0.528
52,4,ELIGIBILITY_TRACE_32,3000,3500,0.492
52,4,EXACT_FIFO_32,3000,3500,0.492
52,4,EXACT_FIFO_128,3000,3500,0.51
52,4,EXACT_FIFO_512,3000,3500,0.51
52,4,EXACT_FIFO_2048,3000,3500,0.51
52,4,NO_TRACE_CURRENT_32,3000,3500,0.486
52,4,EXACT_REPLAY,3000,3500,0.51
52,4,ELIGIBILITY_TRACE_32,3500,4000,0.534
52,4,EXACT_FIFO_32,3500,4000,0.522
52,4,EXACT_FIFO_128,3500,4000,0.56
52,4,EXACT_FIFO_512,3500,4000,0.56
52,4,EXACT_FIFO_2048,3500,4000,0.56
52,4,NO_TRACE_CURRENT_32,3500,4000,0.526
52,4,EXACT_REPLAY,3500,4000,0.56
52,4,ELIGIBILITY_TRACE_32,4000,4500,0.5
52,4,EXACT_FIFO_32,4000,4500,0.492
52,4,EXACT_FIFO_128,4000,4500,0.526
52,4,EXACT_FIFO_512,4000,4500,0.526
52,4,EXACT_FIFO_2048,4000,4500,0.526
52,4,NO_TRACE_CURRENT_32,4000,4500,0.482
52,4,EXACT_REPLAY,4000,4500,0.526
52,4,ELIGIBILITY_TRACE_32,4500,5000,0.486
52,4,EXACT_FIFO_32,4500,5000,0.478
52,4,EXACT_FIFO_128,4500,5000,0.514
52,4,EXACT_FIFO_512,4500,5000,0.514
52,4,EXACT_FIFO_2048,4500,5000,0.514
52,4,NO_TRACE_CURRENT_32,4500,5000,0.474
52,4,EXACT_REPLAY,4500,5000,0.514
52,4,ELIGIBILITY_TRACE_32,5000,5500,0.488
52,4,EXACT_FIFO_32,5000,5500,0.474
52,4,EXACT_FIFO_128,5000,5500,0.514
52,4,EXACT_FIFO_512,5000,5500,0.514
52,4,EXACT_FIFO_2048,5000,5500,0.514
52,4,NO_TRACE_CURRENT_32,5000,5500,0.484
52,4,EXACT_REPLAY,5000,5500,0.514
52,4,ELIGIBILITY_TRACE_32,5500,6000,0.512
52,4,EXACT_FIFO_32,5500,6000,0.502
52,4,EXACT_FIFO_128,5500,6000,0.542
52,4,EXACT_FIFO_512,5500,6000,0.542
52,4,EXACT_FIFO_2048,5500,6000,0.542
52,4,NO_TRACE_CURRENT_32,5500,6000,0.506
52,4,EXACT_REPLAY,5500,6000,0.542
52,16,ELIGIBILITY_TRACE_32,0,500,0.514
52,16,EXACT_FIFO_32,0,500,0.51
52,16,EXACT_FIFO_128,0,500,0.51
52,16,EXACT_FIFO_512,0,500,0.514
52,16,EXACT_FIFO_2048,0,500,0.514
52,16,NO_TRACE_CURRENT_32,0,500,0.512
52,16,EXACT_REPLAY,0,500,0.514
52,16,ELIGIBILITY_TRACE_32,500,1000,0.538
52,16,EXACT_FIFO_32,500,1000,0.538
52,16,EXACT_FIFO_128,500,1000,0.538
52,16,EXACT_FIFO_512,500,1000,0.544
52,16,EXACT_FIFO_2048,500,1000,0.544
52,16,NO_TRACE_CURRENT_32,500,1000,0.538
52,16,EXACT_REPLAY,500,1000,0.544
52,16,ELIGIBILITY_TRACE_32,1000,1500,0.506
52,16,EXACT_FIFO_32,1000,1500,0.506
52,16,EXACT_FIFO_128,1000,1500,0.506
52,16,EXACT_FIFO_512,1000,1500,0.512
52,16,EXACT_FIFO_2048,1000,1500,0.512
52,16,NO_TRACE_CURRENT_32,1000,1500,0.502
52,16,EXACT_REPLAY,1000,1500,0.512
52,16,ELIGIBILITY_TRACE_32,1500,2000,0.496
52,16,EXACT_FIFO_32,1500,2000,0.492
52,16,EXACT_FIFO_128,1500,2000,0.492
52,16,EXACT_FIFO_512,1500,2000,0.504
52,16,EXACT_FIFO_2048,1500,2000,0.504
52,16,NO_TRACE_CURRENT_32,1500,2000,0.492
52,16,EXACT_REPLAY,1500,2000,0.504
52,16,ELIGIBILITY_TRACE_32,2000,2500,0.48
52,16,EXACT_FIFO_32,2000,2500,0.47
52,16,EXACT_FIFO_128,2000,2500,0.47
52,16,EXACT_FIFO_512,2000,2500,0.5
52,16,EXACT_FIFO_2048,2000,2500,0.5
52,16,NO_TRACE_CURRENT_32,2000,2500,0.472
52,16,EXACT_REPLAY,2000,2500,0.5
52,16,ELIGIBILITY_TRACE_32,2500,3000,0.522
52,16,EXACT_FIFO_32,2500,3000,0.512
52,16,EXACT_FIFO_128,2500,3000,0.512
52,16,EXACT_FIFO_512,2500,3000,0.528
52,16,EXACT_FIFO_2048,2500,3000,0.528
52,16,NO_TRACE_CURRENT_32,2500,3000,0.518
52,16,EXACT_REPLAY,2500,3000,0.528
52,16,ELIGIBILITY_TRACE_32,3000,3500,0.492
52,16,EXACT_FIFO_32,3000,3500,0.492
52,16,EXACT_FIFO_128,3000,3500,0.492
52,16,EXACT_FIFO_512,3000,3500,0.508
52,16,EXACT_FIFO_2048,3000,3500,0.508
52,16,NO_TRACE_CURRENT_32,3000,3500,0.494
52,16,EXACT_REPLAY,3000,3500,0.508
52,16,ELIGIBILITY_TRACE_32,3500,4000,0.536
52,16,EXACT_FIFO_32,3500,4000,0.522
52,16,EXACT_FIFO_128,3500,4000,0.522
52,16,EXACT_FIFO_512,3500,4000,0.558
52,16,EXACT_FIFO_2048,3500,4000,0.558
52,16,NO_TRACE_CURRENT_32,3500,4000,0.526
52,16,EXACT_REPLAY,3500,4000,0.558
52,16,ELIGIBILITY_TRACE_32,4000,4500,0.502
52,16,EXACT_FIFO_32,4000,4500,0.492
52,16,EXACT_FIFO_128,4000,4500,0.492
52,16,EXACT_FIFO_512,4000,4500,0.526
52,16,EXACT_FIFO_2048,4000,4500,0.526
52,16,NO_TRACE_CURRENT_32,4000,4500,0.494
52,16,EXACT_REPLAY,4000,4500,0.526
52,16,ELIGIBILITY_TRACE_32,4500,5000,0.49
52,16,EXACT_FIFO_32,4500,5000,0.478
52,16,EXACT_FIFO_128,4500,5000,0.478
52,16,EXACT_FIFO_512,4500,5000,0.516
52,16,EXACT_FIFO_2048,4500,5000,0.516
52,16,NO_TRACE_CURRENT_32,4500,5000,0.474
52,16,EXACT_REPLAY,4500,5000,0.516
52,16,ELIGIBILITY_TRACE_32,5000,5500,0.484
52,16,EXACT_FIFO_32,5000,5500,0.474
52,16,EXACT_FIFO_128,5000,5500,0.474
52,16,EXACT_FIFO_512,5000,5500,0.514
52,16,EXACT_FIFO_2048,5000,5500,0.514
52,16,NO_TRACE_CURRENT_32,5000,5500,0.468
52,16,EXACT_REPLAY,5000,5500,0.514
52,16,ELIGIBILITY_TRACE_32,5500,6000,0.516
52,16,EXACT_FIFO_32,5500,6000,0.502
52,16,EXACT_FIFO_128,5500,6000,0.502
52,16,EXACT_FIFO_512,5500,6000,0.542
52,16,EXACT_FIFO_2048,5500,6000,0.542
52,16,NO_TRACE_CURRENT_32,5500,6000,0.5
52,16,EXACT_REPLAY,5500,6000,0.542
52,64,ELIGIBILITY_TRACE_32,0,500,0.512
52,64,EXACT_FIFO_32,0,500,0.51
52,64,EXACT_FIFO_128,0,500,0.51
52,64,EXACT_FIFO_512,0,500,0.51
52,64,EXACT_FIFO_2048,0,500,0.514
52,64,NO_TRACE_CURRENT_32,0,500,0.51
52,64,EXACT_REPLAY,0,500,0.514
52,64,ELIGIBILITY_TRACE_32,500,1000,0.542
52,64,EXACT_FIFO_32,500,1000,0.538
52,64,EXACT_FIFO_128,500,1000,0.538
52,64,EXACT_FIFO_512,500,1000,0.538
52,64,EXACT_FIFO_2048,500,1000,0.544
52,64,NO_TRACE_CURRENT_32,500,1000,0.536
52,64,EXACT_REPLAY,500,1000,0.544
52,64,ELIGIBILITY_TRACE_32,1000,1500,0.508
52,64,EXACT_FIFO_32,1000,1500,0.506
52,64,EXACT_FIFO_128,1000,1500,0.506
52,64,EXACT_FIFO_512,1000,1500,0.506
52,64,EXACT_FIFO_2048,1000,1500,0.512
52,64,NO_TRACE_CURRENT_32,1000,1500,0.506
52,64,EXACT_REPLAY,1000,1500,0.512
52,64,ELIGIBILITY_TRACE_32,1500,2000,0.494
52,64,EXACT_FIFO_32,1500,2000,0.492
52,64,EXACT_FIFO_128,1500,2000,0.492
52,64,EXACT_FIFO_512,1500,2000,0.492
52,64,EXACT_FIFO_2048,1500,2000,0.498
52,64,NO_TRACE_CURRENT_32,1500,2000,0.496
52,64,EXACT_REPLAY,1500,2000,0.498
52,64,ELIGIBILITY_TRACE_32,2000,2500,0.478
52,64,EXACT_FIFO_32,2000,2500,0.47
52,64,EXACT_FIFO_128,2000,2500,0.47
52,64,EXACT_FIFO_512,2000,2500,0.47
52,64,EXACT_FIFO_2048,2000,2500,0.5
52,64,NO_TRACE_CURRENT_32,2000,2500,0.472
52,64,EXACT_REPLAY,2000,2500,0.5
52,64,ELIGIBILITY_TRACE_32,2500,3000,0.518
52,64,EXACT_FIFO_32,2500,3000,0.512
52,64,EXACT_FIFO_128,2500,3000,0.512
52,64,EXACT_FIFO_512,2500,3000,0.512
52,64,EXACT_FIFO_2048,2500,3000,0.528
52,64,NO_TRACE_CURRENT_32,2500,3000,0.514
52,64,EXACT_REPLAY,2500,3000,0.528
52,64,ELIGIBILITY_TRACE_32,3000,3500,0.486
52,64,EXACT_FIFO_32,3000,3500,0.492
52,64,EXACT_FIFO_128,3000,3500,0.492
52,64,EXACT_FIFO_512,3000,3500,0.492
52,64,EXACT_FIFO_2048,3000,3500,0.508
52,64,NO_TRACE_CURRENT_32,3000,3500,0.482
52,64,EXACT_REPLAY,3000,3500,0.508
52,64,ELIGIBILITY_TRACE_32,3500,4000,0.524
52,64,EXACT_FIFO_32,3500,4000,0.522
52,64,EXACT_FIFO_128,3500,4000,0.522
52,64,EXACT_FIFO_512,3500,4000,0.522
52,64,EXACT_FIFO_2048,3500,4000,0.56
52,64,NO_TRACE_CURRENT_32,3500,4000,0.522
52,64,EXACT_REPLAY,3500,4000,0.56
52,64,ELIGIBILITY_TRACE_32,4000,4500,0.492
52,64,EXACT_FIFO_32,4000,4500,0.492
52,64,EXACT_FIFO_128,4000,4500,0.492
52,64,EXACT_FIFO_512,4000,4500,0.492
52,64,EXACT_FIFO_2048,4000,4500,0.526
52,64,NO_TRACE_CURRENT_32,4000,4500,0.49
52,64,EXACT_REPLAY,4000,4500,0.526
52,64,ELIGIBILITY_TRACE_32,4500,5000,0.484
52,64,EXACT_FIFO_32,4500,5000,0.478
52,64,EXACT_FIFO_128,4500,5000,0.478
52,64,EXACT_FIFO_512,4500,5000,0.478
52,64,EXACT_FIFO_2048,4500,5000,0.51
52,64,NO_TRACE_CURRENT_32,4500,5000,0.478
52,64,EXACT_REPLAY,4500,5000,0.51
52,64,ELIGIBILITY_TRACE_32,5000,5500,0.484
52,64,EXACT_FIFO_32,5000,5500,0.474
52,64,EXACT_FIFO_128,5000,5500,0.474
52,64,EXACT_FIFO_512,5000,5500,0.474
52,64,EXACT_FIFO_2048,5000,5500,0.514
52,64,NO_TRACE_CURRENT_32,5000,5500,0.472
52,64,EXACT_REPLAY,5000,5500,0.514
52,64,ELIGIBILITY_TRACE_32,5500,6000,0.508
52,64,EXACT_FIFO_32,5500,6000,0.502
52,64,EXACT_FIFO_128,5500,6000,0.502
52,64,EXACT_FIFO_512,5500,6000,0.502
52,64,EXACT_FIFO_2048,5500,6000,0.542
52,64,NO_TRACE_CURRENT_32,5500,6000,0.496
52,64,EXACT_REPLAY,5500,6000,0.542
53,1,ELIGIBILITY_TRACE_32,0,500,0.48
53,1,EXACT_FIFO_32,0,500,0.486
53,1,EXACT_FIFO_128,0,500,0.486
53,1,EXACT_FIFO_512,0,500,0.486
53,1,EXACT_FIFO_2048,0,500,0.486
53,1,NO_TRACE_CURRENT_32,0,500,0.478
53,1,EXACT_REPLAY,0,500,0.486
53,1,ELIGIBILITY_TRACE_32,500,1000,0.516
53,1,EXACT_FIFO_32,500,1000,0.526
53,1,EXACT_FIFO_128,500,1000,0.526
53,1,EXACT_FIFO_512,500,1000,0.526
53,1,EXACT_FIFO_2048,500,1000,0.526
53,1,NO_TRACE_CURRENT_32,500,1000,0.51
53,1,EXACT_REPLAY,500,1000,0.526
53,1,ELIGIBILITY_TRACE_32,1000,1500,0.528
53,1,EXACT_FIFO_32,1000,1500,0.534
53,1,EXACT_FIFO_128,1000,1500,0.534
53,1,EXACT_FIFO_512,1000,1500,0.534
53,1,EXACT_FIFO_2048,1000,1500,0.534
53,1,NO_TRACE_CURRENT_32,1000,1500,0.522
53,1,EXACT_REPLAY,1000,1500,0.534
53,1,ELIGIBILITY_TRACE_32,1500,2000,0.528
53,1,EXACT_FIFO_32,1500,2000,0.536
53,1,EXACT_FIFO_128,1500,2000,0.536
53,1,EXACT_FIFO_512,1500,2000,0.536
53,1,EXACT_FIFO_2048,1500,2000,0.536
53,1,NO_TRACE_CURRENT_32,1500,2000,0.528
53,1,EXACT_REPLAY,1500,2000,0.536
53,1,ELIGIBILITY_TRACE_32,2000,2500,0.502
53,1,EXACT_FIFO_32,2000,2500,0.522
53,1,EXACT_FIFO_128,2000,2500,0.522
53,1,EXACT_FIFO_512,2000,2500,0.522
53,1,EXACT_FIFO_2048,2000,2500,0.522
53,1,NO_TRACE_CURRENT_32,2000,2500,0.496
53,1,EXACT_REPLAY,2000,2500,0.522
53,1,ELIGIBILITY_TRACE_32,2500,3000,0.524
53,1,EXACT_FIFO_32,2500,3000,0.542
53,1,EXACT_FIFO_128,2500,3000,0.542
53,1,EXACT_FIFO_512,2500,3000,0.542
53,1,EXACT_FIFO_2048,2500,3000,0.542
53,1,NO_TRACE_CURRENT_32,2500,3000,0.512
53,1,EXACT_REPLAY,2500,3000,0.542
53,1,ELIGIBILITY_TRACE_32,3000,3500,0.502
53,1,EXACT_FIFO_32,3000,3500,0.528
53,1,EXACT_FIFO_128,3000,3500,0.528
53,1,EXACT_FIFO_512,3000,3500,0.528
53,1,EXACT_FIFO_2048,3000,3500,0.528
53,1,NO_TRACE_CURRENT_32,3000,3500,0.49
53,1,EXACT_REPLAY,3000,3500,0.528
53,1,ELIGIBILITY_TRACE_32,3500,4000,0.516
53,1,EXACT_FIFO_32,3500,4000,0.54
53,1,EXACT_FIFO_128,3500,4000,0.54
53,1,EXACT_FIFO_512,3500,4000,0.54
53,1,EXACT_FIFO_2048,3500,4000,0.54
53,1,NO_TRACE_CURRENT_32,3500,4000,0.494
53,1,EXACT_REPLAY,3500,4000,0.54
53,1,ELIGIBILITY_TRACE_32,4000,4500,0.478
53,1,EXACT_FIFO_32,4000,4500,0.492
53,1,EXACT_FIFO_128,4000,4500,0.492
53,1,EXACT_FIFO_512,4000,4500,0.492
53,1,EXACT_FIFO_2048,4000,4500,0.492
53,1,NO_TRACE_CURRENT_32,4000,4500,0.47
53,1,EXACT_REPLAY,4000,4500,0.492
53,1,ELIGIBILITY_TRACE_32,4500,5000,0.512
53,1,EXACT_FIFO_32,4500,5000,0.542
53,1,EXACT_FIFO_128,4500,5000,0.542
53,1,EXACT_FIFO_512,4500,5000,0.542
53,1,EXACT_FIFO_2048,4500,5000,0.542
53,1,NO_TRACE_CURRENT_32,4500,5000,0.476
53,1,EXACT_REPLAY,4500,5000,0.542
53,1,ELIGIBILITY_TRACE_32,5000,5500,0.504
53,1,EXACT_FIFO_32,5000,5500,0.544
53,1,EXACT_FIFO_128,5000,5500,0.544
53,1,EXACT_FIFO_512,5000,5500,0.544
53,1,EXACT_FIFO_2048,5000,5500,0.544
53,1,NO_TRACE_CURRENT_32,5000,5500,0.486
53,1,EXACT_REPLAY,5000,5500,0.544
53,1,ELIGIBILITY_TRACE_32,5500,6000,0.522
53,1,EXACT_FIFO_32,5500,6000,0.566
53,1,EXACT_FIFO_128,5500,6000,0.566
53,1,EXACT_FIFO_512,5500,6000,0.566
53,1,EXACT_FIFO_2048,5500,6000,0.566
53,1,NO_TRACE_CURRENT_32,5500,6000,0.496
53,1,EXACT_REPLAY,5500,6000,0.566
53,4,ELIGIBILITY_TRACE_32,0,500,0.48
53,4,EXACT_FIFO_32,0,500,0.474
53,4,EXACT_FIFO_128,0,500,0.488
53,4,EXACT_FIFO_512,0,500,0.488
53,4,EXACT_FIFO_2048,0,500,0.488
53,4,NO_TRACE_CURRENT_32,0,500,0.476
53,4,EXACT_REPLAY,0,500,0.488
53,4,ELIGIBILITY_TRACE_32,500,1000,0.516
53,4,EXACT_FIFO_32,500,1000,0.51
53,4,EXACT_FIFO_128,500,1000,0.524
53,4,EXACT_FIFO_512,500,1000,0.524
53,4,EXACT_FIFO_2048,500,1000,0.524
53,4,NO_TRACE_CURRENT_32,500,1000,0.51
53,4,EXACT_REPLAY,500,1000,0.524
53,4,ELIGIBILITY_TRACE_32,1000,1500,0.524
53,4,EXACT_FIFO_32,1000,1500,0.52
53,4,EXACT_FIFO_128,1000,1500,0.534
53,4,EXACT_FIFO_512,1000,1500,0.534
53,4,EXACT_FIFO_2048,1000,1500,0.534
53,4,NO_TRACE_CURRENT_32,1000,1500,0.518
53,4,EXACT_REPLAY,1000,1500,0.534
53,4,ELIGIBILITY_TRACE_32,1500,2000,0.526
53,4,EXACT_FIFO_32,1500,2000,0.528
53,4,EXACT_FIFO_128,1500,2000,0.538
53,4,EXACT_FIFO_512,1500,2000,0.538
53,4,EXACT_FIFO_2048,1500,2000,0.538
53,4,NO_TRACE_CURRENT_32,1500,2000,0.53
53,4,EXACT_REPLAY,1500,2000,0.538
53,4,ELIGIBILITY_TRACE_32,2000,2500,0.502
53,4,EXACT_FIFO_32,2000,2500,0.5
53,4,EXACT_FIFO_128,2000,2500,0.522
53,4,EXACT_FIFO_512,2000,2500,0.522
53,4,EXACT_FIFO_2048,2000,2500,0.522
53,4,NO_TRACE_CURRENT_32,2000,2500,0.502
53,4,EXACT_REPLAY,2000,2500,0.522
53,4,ELIGIBILITY_TRACE_32,2500,3000,0.526
53,4,EXACT_FIFO_32,2500,3000,0.522
53,4,EXACT_FIFO_128,2500,3000,0.544
53,4,EXACT_FIFO_512,2500,3000,0.544
53,4,EXACT_FIFO_2048,2500,3000,0.544
53,4,NO_TRACE_CURRENT_32,2500,3000,0.518
53,4,EXACT_REPLAY,2500,3000,0.544
53,4,ELIGIBILITY_TRACE_32,3000,3500,0.502
53,4,EXACT_FIFO_32,3000,3500,0.49
53,4,EXACT_FIFO_128,3000,3500,0.53
53,4,EXACT_FIFO_512,3000,3500,0.53
53,4,EXACT_FIFO_2048,3000,3500,0.53
53,4,NO_TRACE_CURRENT_32,3000,3500,0.484
53,4,EXACT_REPLAY,3000,3500,0.53
53,4,ELIGIBILITY_TRACE_32,3500,4000,0.524
53,4,EXACT_FIFO_32,3500,4000,0.496
53,4,EXACT_FIFO_128,3500,4000,0.54
53,4,EXACT_FIFO_512,3500,4000,0.54
53,4,EXACT_FIFO_2048,3500,4000,0.54
53,4,NO_TRACE_CURRENT_32,3500,4000,0.49
53,4,EXACT_REPLAY,3500,4000,0.54
53,4,ELIGIBILITY_TRACE_32,4000,4500,0.484
53,4,EXACT_FIFO_32,4000,4500,0.464
53,4,EXACT_FIFO_128,4000,4500,0.492
53,4,EXACT_FIFO_512,4000,4500,0.492
53,4,EXACT_FIFO_2048,4000,4500,0.492
53,4,NO_TRACE_CURRENT_32,4000,4500,0.464
53,4,EXACT_REPLAY,4000,4500,0.492
53,4,ELIGIBILITY_TRACE_32,4500,5000,0.508
53,4,EXACT_FIFO_32,4500,5000,0.482
53,4,EXACT_FIFO_128,4500,5000,0.542
53,4,EXACT_FIFO_512,4500,5000,0.542
53,4,EXACT_FIFO_2048,4500,5000,0.542
53,4,NO_TRACE_CURRENT_32,4500,5000,0.476
53,4,EXACT_REPLAY,4500,5000,0.542
53,4,ELIGIBILITY_TRACE_32,5000,5500,0.502
53,4,EXACT_FIFO_32,5000,5500,0.482
53,4,EXACT_FIFO_128,5000,5500,0.544
53,4,EXACT_FIFO_512,5000,5500,0.544
53,4,EXACT_FIFO_2048,5000,5500,0.544
53,4,NO_TRACE_CURRENT_32,5000,5500,0.478
53,4,EXACT_REPLAY,5000,5500,0.544
53,4,ELIGIBILITY_TRACE_32,5500,6000,0.526
53,4,EXACT_FIFO_32,5500,6000,0.5
53,4,EXACT_FIFO_128,5500,6000,0.564
53,4,EXACT_FIFO_512,5500,6000,0.564
53,4,EXACT_FIFO_2048,5500,6000,0.564
53,4,NO_TRACE_CURRENT_32,5500,6000,0.492
53,4,EXACT_REPLAY,5500,6000,0.564
53,16,ELIGIBILITY_TRACE_32,0,500,0.476
53,16,EXACT_FIFO_32,0,500,0.474
53,16,EXACT_FIFO_128,0,500,0.474
53,16,EXACT_FIFO_512,0,500,0.486
53,16,EXACT_FIFO_2048,0,500,0.486
53,16,NO_TRACE_CURRENT_32,0,500,0.476
53,16,EXACT_REPLAY,0,500,0.486
53,16,ELIGIBILITY_TRACE_32,500,1000,0.518
53,16,EXACT_FIFO_32,500,1000,0.51
53,16,EXACT_FIFO_128,500,1000,0.51
53,16,EXACT_FIFO_512,500,1000,0.524
53,16,EXACT_FIFO_2048,500,1000,0.524
53,16,NO_TRACE_CURRENT_32,500,1000,0.512
53,16,EXACT_REPLAY,500,1000,0.524
53,16,ELIGIBILITY_TRACE_32,1000,1500,0.522
53,16,EXACT_FIFO_32,1000,1500,0.52
53,16,EXACT_FIFO_128,1000,1500,0.52
53,16,EXACT_FIFO_512,1000,1500,0.534
53,16,EXACT_FIFO_2048,1000,1500,0.534
53,16,NO_TRACE_CURRENT_32,1000,1500,0.516
53,16,EXACT_REPLAY,1000,1500,0.534
53,16,ELIGIBILITY_TRACE_32,1500,2000,0.528
53,16,EXACT_FIFO_32,1500,2000,0.528
53,16,EXACT_FIFO_128,1500,2000,0.528
53,16,EXACT_FIFO_512,1500,2000,0.538
53,16,EXACT_FIFO_2048,1500,2000,0.538
53,16,NO_TRACE_CURRENT_32,1500,2000,0.528
53,16,EXACT_REPLAY,1500,2000,0.538
53,16,ELIGIBILITY_TRACE_32,2000,2500,0.498
53,16,EXACT_FIFO_32,2000,2500,0.5
53,16,EXACT_FIFO_128,2000,2500,0.5
53,16,EXACT_FIFO_512,2000,2500,0.522
53,16,EXACT_FIFO_2048,2000,2500,0.522
53,16,NO_TRACE_CURRENT_32,2000,2500,0.496
53,16,EXACT_REPLAY,2000,2500,0.522
53,16,ELIGIBILITY_TRACE_32,2500,3000,0.528
53,16,EXACT_FIFO_32,2500,3000,0.522
53,16,EXACT_FIFO_128,2500,3000,0.522
53,16,EXACT_FIFO_512,2500,3000,0.544
53,16,EXACT_FIFO_2048,2500,3000,0.544
53,16,NO_TRACE_CURRENT_32,2500,3000,0.524
53,16,EXACT_REPLAY,2500,3000,0.544
53,16,ELIGIBILITY_TRACE_32,3000,3500,0.496
53,16,EXACT_FIFO_32,3000,3500,0.49
53,16,EXACT_FIFO_128,3000,3500,0.49
53,16,EXACT_FIFO_512,3000,3500,0.528
53,16,EXACT_FIFO_2048,3000,3500,0.528
53,16,NO_TRACE_CURRENT_32,3000,3500,0.492
53,16,EXACT_REPLAY,3000,3500,0.528
53,16,ELIGIBILITY_TRACE_32,3500,4000,0.518
53,16,EXACT_FIFO_32,3500,4000,0.496
53,16,EXACT_FIFO_128,3500,4000,0.496
53,16,EXACT_FIFO_512,3500,4000,0.54
53,16,EXACT_FIFO_2048,3500,4000,0.54
53,16,NO_TRACE_CURRENT_32,3500,4000,0.492
53,16,EXACT_REPLAY,3500,4000,0.54
53,16,ELIGIBILITY_TRACE_32,4000,4500,0.474
53,16,EXACT_FIFO_32,4000,4500,0.464
53,16,EXACT_FIFO_128,4000,4500,0.464
53,16,EXACT_FIFO_512,4000,4500,0.492
53,16,EXACT_FIFO_2048,4000,4500,0.492
53,16,NO_TRACE_CURRENT_32,4000,4500,0.472
53,16,EXACT_REPLAY,4000,4500,0.492
53,16,ELIGIBILITY_TRACE_32,4500,5000,0.504
53,16,EXACT_FIFO_32,4500,5000,0.482
53,16,EXACT_FIFO_128,4500,5000,0.482
53,16,EXACT_FIFO_512,4500,5000,0.542
53,16,EXACT_FIFO_2048,4500,5000,0.542
53,16,NO_TRACE_CURRENT_32,4500,5000,0.49
53,16,EXACT_REPLAY,4500,5000,0.542
53,16,ELIGIBILITY_TRACE_32,5000,5500,0.492
53,16,EXACT_FIFO_32,5000,5500,0.482
53,16,EXACT_FIFO_128,5000,5500,0.482
53,16,EXACT_FIFO_512,5000,5500,0.542
53,16,EXACT_FIFO_2048,5000,5500,0.542
53,16,NO_TRACE_CURRENT_32,5000,5500,0.494
53,16,EXACT_REPLAY,5000,5500,0.542
53,16,ELIGIBILITY_TRACE_32,5500,6000,0.524
53,16,EXACT_FIFO_32,5500,6000,0.5
53,16,EXACT_FIFO_128,5500,6000,0.5
53,16,EXACT_FIFO_512,5500,6000,0.566
53,16,EXACT_FIFO_2048,5500,6000,0.566
53,16,NO_TRACE_CURRENT_32,5500,6000,0.504
53,16,EXACT_REPLAY,5500,6000,0.566
53,64,ELIGIBILITY_TRACE_32,0,500,0.476
53,64,EXACT_FIFO_32,0,500,0.474
53,64,EXACT_FIFO_128,0,500,0.474
53,64,EXACT_FIFO_512,0,500,0.474
53,64,EXACT_FIFO_2048,0,500,0.482
53,64,NO_TRACE_CURRENT_32,0,500,0.474
53,64,EXACT_REPLAY,0,500,0.482
53,64,ELIGIBILITY_TRACE_32,500,1000,0.512
53,64,EXACT_FIFO_32,500,1000,0.51
53,64,EXACT_FIFO_128,500,1000,0.51
53,64,EXACT_FIFO_512,500,1000,0.51
53,64,EXACT_FIFO_2048,500,1000,0.524
53,64,NO_TRACE_CURRENT_32,500,1000,0.51
53,64,EXACT_REPLAY,500,1000,0.524
53,64,ELIGIBILITY_TRACE_32,1000,1500,0.518
53,64,EXACT_FIFO_32,1000,1500,0.52
53,64,EXACT_FIFO_128,1000,1500,0.52
53,64,EXACT_FIFO_512,1000,1500,0.52
53,64,EXACT_FIFO_2048,1000,1500,0.534
53,64,NO_TRACE_CURRENT_32,1000,1500,0.522
53,64,EXACT_REPLAY,1000,1500,0.534
53,64,ELIGIBILITY_TRACE_32,1500,2000,0.53
53,64,EXACT_FIFO_32,1500,2000,0.528
53,64,EXACT_FIFO_128,1500,2000,0.528
53,64,EXACT_FIFO_512,1500,2000,0.528
53,64,EXACT_FIFO_2048,1500,2000,0.538
53,64,NO_TRACE_CURRENT_32,1500,2000,0.53
53,64,EXACT_REPLAY,1500,2000,0.538
53,64,ELIGIBILITY_TRACE_32,2000,2500,0.5
53,64,EXACT_FIFO_32,2000,2500,0.5
53,64,EXACT_FIFO_128,2000,2500,0.5
53,64,EXACT_FIFO_512,2000,2500,0.5
53,64,EXACT_FIFO_2048,2000,2500,0.522
53,64,NO_TRACE_CURRENT_32,2000,2500,0.502
53,64,EXACT_REPLAY,2000,2500,0.522
53,64,ELIGIBILITY_TRACE_32,2500,3000,0.528
53,64,EXACT_FIFO_32,2500,3000,0.522
53,64,EXACT_FIFO_128,2500,3000,0.522
53,64,EXACT_FIFO_512,2500,3000,0.522
53,64,EXACT_FIFO_2048,2500,3000,0.542
53,64,NO_TRACE_CURRENT_32,2500,3000,0.52
53,64,EXACT_REPLAY,2500,3000,0.542
53,64,ELIGIBILITY_TRACE_32,3000,3500,0.492
53,64,EXACT_FIFO_32,3000,3500,0.49
53,64,EXACT_FIFO_128,3000,3500,0.49
53,64,EXACT_FIFO_512,3000,3500,0.49
53,64,EXACT_FIFO_2048,3000,3500,0.53
53,64,NO_TRACE_CURRENT_32,3000,3500,0.48
53,64,EXACT_REPLAY,3000,3500,0.53
53,64,ELIGIBILITY_TRACE_32,3500,4000,0.5
53,64,EXACT_FIFO_32,3500,4000,0.496
53,64,EXACT_FIFO_128,3500,4000,0.496
53,64,EXACT_FIFO_512,3500,4000,0.496
53,64,EXACT_FIFO_2048,3500,4000,0.54
53,64,NO_TRACE_CURRENT_32,3500,4000,0.498
53,64,EXACT_REPLAY,3500,4000,0.54
53,64,ELIGIBILITY_TRACE_32,4000,4500,0.468
53,64,EXACT_FIFO_32,4000,4500,0.464
53,64,EXACT_FIFO_128,4000,4500,0.464
53,64,EXACT_FIFO_512,4000,4500,0.464
53,64,EXACT_FIFO_2048,4000,4500,0.492
53,64,NO_TRACE_CURRENT_32,4000,4500,0.468
53,64,EXACT_REPLAY,4000,4500,0.492
53,64,ELIGIBILITY_TRACE_32,4500,5000,0.488
53,64,EXACT_FIFO_32,4500,5000,0.482
53,64,EXACT_FIFO_128,4500,5000,0.482
53,64,EXACT_FIFO_512,4500,5000,0.482
53,64,EXACT_FIFO_2048,4500,5000,0.544
53,64,NO_TRACE_CURRENT_32,4500,5000,0.476
53,64,EXACT_REPLAY,4500,5000,0.544
53,64,ELIGIBILITY_TRACE_32,5000,5500,0.484
53,64,EXACT_FIFO_32,5000,5500,0.482
53,64,EXACT_FIFO_128,5000,5500,0.482
53,64,EXACT_FIFO_512,5000,5500,0.482
53,64,EXACT_FIFO_2048,5000,5500,0.542
53,64,NO_TRACE_CURRENT_32,5000,5500,0.49
53,64,EXACT_REPLAY,5000,5500,0.542
53,64,ELIGIBILITY_TRACE_32,5500,6000,0.496
53,64,EXACT_FIFO_32,5500,6000,0.5
53,64,EXACT_FIFO_128,5500,6000,0.5
53,64,EXACT_FIFO_512,5500,6000,0.5
53,64,EXACT_FIFO_2048,5500,6000,0.566
53,64,NO_TRACE_CURRENT_32,5500,6000,0.486
53,64,EXACT_REPLAY,5500,6000,0.566
54,1,ELIGIBILITY_TRACE_32,0,500,0.488
54,1,EXACT_FIFO_32,0,500,0.486
54,1,EXACT_FIFO_128,0,500,0.486
54,1,EXACT_FIFO_512,0,500,0.486
54,1,EXACT_FIFO_2048,0,500,0.486
54,1,NO_TRACE_CURRENT_32,0,500,0.488
54,1,EXACT_REPLAY,0,500,0.486
54,1,ELIGIBILITY_TRACE_32,500,1000,0.49
54,1,EXACT_FIFO_32,500,1000,0.492
54,1,EXACT_FIFO_128,500,1000,0.492
54,1,EXACT_FIFO_512,500,1000,0.492
54,1,EXACT_FIFO_2048,500,1000,0.492
54,1,NO_TRACE_CURRENT_32,500,1000,0.492
54,1,EXACT_REPLAY,500,1000,0.492
54,1,ELIGIBILITY_TRACE_32,1000,1500,0.494
54,1,EXACT_FIFO_32,1000,1500,0.502
54,1,EXACT_FIFO_128,1000,1500,0.502
54,1,EXACT_FIFO_512,1000,1500,0.502
54,1,EXACT_FIFO_2048,1000,1500,0.502
54,1,NO_TRACE_CURRENT_32,1000,1500,0.488
54,1,EXACT_REPLAY,1000,1500,0.502
54,1,ELIGIBILITY_TRACE_32,1500,2000,0.474
54,1,EXACT_FIFO_32,1500,2000,0.486
54,1,EXACT_FIFO_128,1500,2000,0.486
54,1,EXACT_FIFO_512,1500,2000,0.486
54,1,EXACT_FIFO_2048,1500,2000,0.486
54,1,NO_TRACE_CURRENT_32,1500,2000,0.468
54,1,EXACT_REPLAY,1500,2000,0.486
54,1,ELIGIBILITY_TRACE_32,2000,2500,0.524
54,1,EXACT_FIFO_32,2000,2500,0.53
54,1,EXACT_FIFO_128,2000,2500,0.53
54,1,EXACT_FIFO_512,2000,2500,0.53
54,1,EXACT_FIFO_2048,2000,2500,0.53
54,1,NO_TRACE_CURRENT_32,2000,2500,0.514
54,1,EXACT_REPLAY,2000,2500,0.53
54,1,ELIGIBILITY_TRACE_32,2500,3000,0.504
54,1,EXACT_FIFO_32,2500,3000,0.526
54,1,EXACT_FIFO_128,2500,3000,0.526
54,1,EXACT_FIFO_512,2500,3000,0.526
54,1,EXACT_FIFO_2048,2500,3000,0.526
54,1,NO_TRACE_CURRENT_32,2500,3000,0.502
54,1,EXACT_REPLAY,2500,3000,0.526
54,1,ELIGIBILITY_TRACE_32,3000,3500,0.5
54,1,EXACT_FIFO_32,3000,3500,0.51
54,1,EXACT_FIFO_128,3000,3500,0.51
54,1,EXACT_FIFO_512,3000,3500,0.51
54,1,EXACT_FIFO_2048,3000,3500,0.51
54,1,NO_TRACE_CURRENT_32,3000,3500,0.492
54,1,EXACT_REPLAY,3000,3500,0.51
54,1,ELIGIBILITY_TRACE_32,3500,4000,0.524
54,1,EXACT_FIFO_32,3500,4000,0.548
54,1,EXACT_FIFO_128,3500,4000,0.548
54,1,EXACT_FIFO_512,3500,4000,0.548
54,1,EXACT_FIFO_2048,3500,4000,0.548
54,1,NO_TRACE_CURRENT_32,3500,4000,0.508
54,1,EXACT_REPLAY,3500,4000,0.548
54,1,ELIGIBILITY_TRACE_32,4000,4500,0.502
54,1,EXACT_FIFO_32,4000,4500,0.516
54,1,EXACT_FIFO_128,4000,4500,0.516
54,1,EXACT_FIFO_512,4000,4500,0.516
54,1,EXACT_FIFO_2048,4000,4500,0.516
54,1,NO_TRACE_CURRENT_32,4000,4500,0.498
54,1,EXACT_REPLAY,4000,4500,0.516
54,1,ELIGIBILITY_TRACE_32,4500,5000,0.514
54,1,EXACT_FIFO_32,4500,5000,0.538
54,1,EXACT_FIFO_128,4500,5000,0.538
54,1,EXACT_FIFO_512,4500,5000,0.538
54,1,EXACT_FIFO_2048,4500,5000,0.538
54,1,NO_TRACE_CURRENT_32,4500,5000,0.5
54,1,EXACT_REPLAY,4500,5000,0.538
54,1,ELIGIBILITY_TRACE_32,5000,5500,0.536
54,1,EXACT_FIFO_32,5000,5500,0.564
54,1,EXACT_FIFO_128,5000,5500,0.564
54,1,EXACT_FIFO_512,5000,5500,0.564
54,1,EXACT_FIFO_2048,5000,5500,0.564
54,1,NO_TRACE_CURRENT_32,5000,5500,0.518
54,1,EXACT_REPLAY,5000,5500,0.564
54,1,ELIGIBILITY_TRACE_32,5500,6000,0.484
54,1,EXACT_FIFO_32,5500,6000,0.508
54,1,EXACT_FIFO_128,5500,6000,0.508
54,1,EXACT_FIFO_512,5500,6000,0.508
54,1,EXACT_FIFO_2048,5500,6000,0.508
54,1,NO_TRACE_CURRENT_32,5500,6000,0.468
54,1,EXACT_REPLAY,5500,6000,0.508
54,4,ELIGIBILITY_TRACE_32,0,500,0.488
54,4,EXACT_FIFO_32,0,500,0.49
54,4,EXACT_FIFO_128,0,500,0.486
54,4,EXACT_FIFO_512,0,500,0.486
54,4,EXACT_FIFO_2048,0,500,0.486
54,4,NO_TRACE_CURRENT_32,0,500,0.492
54,4,EXACT_REPLAY,0,500,0.486
54,4,ELIGIBILITY_TRACE_32,500,1000,0.494
54,4,EXACT_FIFO_32,500,1000,0.494
54,4,EXACT_FIFO_128,500,1000,0.492
54,4,EXACT_FIFO_512,500,1000,0.492
54,4,EXACT_FIFO_2048,500,1000,0.492
54,4,NO_TRACE_CURRENT_32,500,1000,0.494
54,4,EXACT_REPLAY,500,1000,0.492
54,4,ELIGIBILITY_TRACE_32,1000,1500,0.494
54,4,EXACT_FIFO_32,1000,1500,0.49
54,4,EXACT_FIFO_128,1000,1500,0.502
54,4,EXACT_FIFO_512,1000,1500,0.502
54,4,EXACT_FIFO_2048,1000,1500,0.502
54,4,NO_TRACE_CURRENT_32,1000,1500,0.49
54,4,EXACT_REPLAY,1000,1500,0.502
54,4,ELIGIBILITY_TRACE_32,1500,2000,0.474
54,4,EXACT_FIFO_32,1500,2000,0.47
54,4,EXACT_FIFO_128,1500,2000,0.486
54,4,EXACT_FIFO_512,1500,2000,0.486
54,4,EXACT_FIFO_2048,1500,2000,0.486
54,4,NO_TRACE_CURRENT_32,1500,2000,0.472
54,4,EXACT_REPLAY,1500,2000,0.486
54,4,ELIGIBILITY_TRACE_32,2000,2500,0.524
54,4,EXACT_FIFO_32,2000,2500,0.514
54,4,EXACT_FIFO_128,2000,2500,0.53
54,4,EXACT_FIFO_512,2000,2500,0.53
54,4,EXACT_FIFO_2048,2000,2500,0.53
54,4,NO_TRACE_CURRENT_32,2000,2500,0.522
54,4,EXACT_REPLAY,2000,2500,0.53
54,4,ELIGIBILITY_TRACE_32,2500,3000,0.504
54,4,EXACT_FIFO_32,2500,3000,0.498
54,4,EXACT_FIFO_128,2500,3000,0.526
54,4,EXACT_FIFO_512,2500,3000,0.526
54,4,EXACT_FIFO_2048,2500,3000,0.526
54,4,NO_TRACE_CURRENT_32,2500,3000,0.498
54,4,EXACT_REPLAY,2500,3000,0.526
54,4,ELIGIBILITY_TRACE_32,3000,3500,0.498
54,4,EXACT_FIFO_32,3000,3500,0.492
54,4,EXACT_FIFO_128,3000,3500,0.51
54,4,EXACT_FIFO_512,3000,3500,0.51
54,4,EXACT_FIFO_2048,3000,3500,0.51
54,4,NO_TRACE_CURRENT_32,3000,3500,0.494
54,4,EXACT_REPLAY,3000,3500,0.51
54,4,ELIGIBILITY_TRACE_32,3500,4000,0.522
54,4,EXACT_FIFO_32,3500,4000,0.516
54,4,EXACT_FIFO_128,3500,4000,0.548
54,4,EXACT_FIFO_512,3500,4000,0.548
54,4,EXACT_FIFO_2048,3500,4000,0.548
54,4,NO_TRACE_CURRENT_32,3500,4000,0.512
54,4,EXACT_REPLAY,3500,4000,0.548
54,4,ELIGIBILITY_TRACE_32,4000,4500,0.502
54,4,EXACT_FIFO_32,4000,4500,0.498
54,4,EXACT_FIFO_128,4000,4500,0.516
54,4,EXACT_FIFO_512,4000,4500,0.516
54,4,EXACT_FIFO_2048,4000,4500,0.516
54,4,NO_TRACE_CURRENT_32,4000,4500,0.498
54,4,EXACT_REPLAY,4000,4500,0.516
54,4,ELIGIBILITY_TRACE_32,4500,5000,0.504
54,4,EXACT_FIFO_32,4500,5000,0.5
54,4,EXACT_FIFO_128,4500,5000,0.536
54,4,EXACT_FIFO_512,4500,5000,0.536
54,4,EXACT_FIFO_2048,4500,5000,0.536
54,4,NO_TRACE_CURRENT_32,4500,5000,0.5
54,4,EXACT_REPLAY,4500,5000,0.536
54,4,ELIGIBILITY_TRACE_32,5000,5500,0.54
54,4,EXACT_FIFO_32,5000,5500,0.516
54,4,EXACT_FIFO_128,5000,5500,0.564
54,4,EXACT_FIFO_512,5000,5500,0.564
54,4,EXACT_FIFO_2048,5000,5500,0.564
54,4,NO_TRACE_CURRENT_32,5000,5500,0.51
54,4,EXACT_REPLAY,5000,5500,0.564
54,4,ELIGIBILITY_TRACE_32,5500,6000,0.488
54,4,EXACT_FIFO_32,5500,6000,0.462
54,4,EXACT_FIFO_128,5500,6000,0.506
54,4,EXACT_FIFO_512,5500,6000,0.506
54,4,EXACT_FIFO_2048,5500,6000,0.506
54,4,NO_TRACE_CURRENT_32,5500,6000,0.462
54,4,EXACT_REPLAY,5500,6000,0.506
54,16,ELIGIBILITY_TRACE_32,0,500,0.492
54,16,EXACT_FIFO_32,0,500,0.49
54,16,EXACT_FIFO_128,0,500,0.49
54,16,EXACT_FIFO_512,0,500,0.488
54,16,EXACT_FIFO_2048,0,500,0.488
54,16,NO_TRACE_CURRENT_32,0,500,0.494
54,16,EXACT_REPLAY,0,500,0.488
54,16,ELIGIBILITY_TRACE_32,500,1000,0.49
54,16,EXACT_FIFO_32,500,1000,0.494
54,16,EXACT_FIFO_128,500,1000,0.494
54,16,EXACT_FIFO_512,500,1000,0.492
54,16,EXACT_FIFO_2048,500,1000,0.492
54,16,NO_TRACE_CURRENT_32,500,1000,0.492
54,16,EXACT_REPLAY,500,1000,0.492
54,16,ELIGIBILITY_TRACE_32,1000,1500,0.492
54,16,EXACT_FIFO_32,1000,1500,0.49
54,16,EXACT_FIFO_128,1000,1500,0.49
54,16,EXACT_FIFO_512,1000,1500,0.502
54,16,EXACT_FIFO_2048,1000,1500,0.502
54,16,NO_TRACE_CURRENT_32,1000,1500,0.494
54,16,EXACT_REPLAY,1000,1500,0.502
54,16,ELIGIBILITY_TRACE_32,1500,2000,0.472
54,16,EXACT_FIFO_32,1500,2000,0.47
54,16,EXACT_FIFO_128,1500,2000,0.47
54,16,EXACT_FIFO_512,1500,2000,0.484
54,16,EXACT_FIFO_2048,1500,2000,0.484
54,16,NO_TRACE_CURRENT_32,1500,2000,0.468
54,16,EXACT_REPLAY,1500,2000,0.484
54,16,ELIGIBILITY_TRACE_32,2000,2500,0.522
54,16,EXACT_FIFO_32,2000,2500,0.514
54,16,EXACT_FIFO_128,2000,2500,0.514
54,16,EXACT_FIFO_512,2000,2500,0.53
54,16,EXACT_FIFO_2048,2000,2500,0.53
54,16,NO_TRACE_CURRENT_32,2000,2500,0.516
54,16,EXACT_REPLAY,2000,2500,0.53
54,16,ELIGIBILITY_TRACE_32,2500,3000,0.508
54,16,EXACT_FIFO_32,2500,3000,0.498
54,16,EXACT_FIFO_128,2500,3000,0.498
54,16,EXACT_FIFO_512,2500,3000,0.528
54,16,EXACT_FIFO_2048,2500,3000,0.528
54,16,NO_TRACE_CURRENT_32,2500,3000,0.498
54,16,EXACT_REPLAY,2500,3000,0.528
54,16,ELIGIBILITY_TRACE_32,3000,3500,0.492
54,16,EXACT_FIFO_32,3000,3500,0.492
54,16,EXACT_FIFO_128,3000,3500,0.492
54,16,EXACT_FIFO_512,3000,3500,0.51
54,16,EXACT_FIFO_2048,3000,3500,0.51
54,16,NO_TRACE_CURRENT_32,3000,3500,0.498
54,16,EXACT_REPLAY,3000,3500,0.51
54,16,ELIGIBILITY_TRACE_32,3500,4000,0.516
54,16,EXACT_FIFO_32,3500,4000,0.516
54,16,EXACT_FIFO_128,3500,4000,0.516
54,16,EXACT_FIFO_512,3500,4000,0.546
54,16,EXACT_FIFO_2048,3500,4000,0.546
54,16,NO_TRACE_CURRENT_32,3500,4000,0.508
54,16,EXACT_REPLAY,3500,4000,0.546
54,16,ELIGIBILITY_TRACE_32,4000,4500,0.502
54,16,EXACT_FIFO_32,4000,4500,0.498
54,16,EXACT_FIFO_128,4000,4500,0.498
54,16,EXACT_FIFO_512,4000,4500,0.516
54,16,EXACT_FIFO_2048,4000,4500,0.516
54,16,NO_TRACE_CURRENT_32,4000,4500,0.486
54,16,EXACT_REPLAY,4000,4500,0.516
54,16,ELIGIBILITY_TRACE_32,4500,5000,0.51
54,16,EXACT_FIFO_32,4500,5000,0.5
54,16,EXACT_FIFO_128,4500,5000,0.5
54,16,EXACT_FIFO_512,4500,5000,0.538
54,16,EXACT_FIFO_2048,4500,5000,0.538
54,16,NO_TRACE_CURRENT_32,4500,5000,0.496
54,16,EXACT_REPLAY,4500,5000,0.538
54,16,ELIGIBILITY_TRACE_32,5000,5500,0.524
54,16,EXACT_FIFO_32,5000,5500,0.516
54,16,EXACT_FIFO_128,5000,5500,0.516
54,16,EXACT_FIFO_512,5000,5500,0.564
54,16,EXACT_FIFO_2048,5000,5500,0.564
54,16,NO_TRACE_CURRENT_32,5000,5500,0.51
54,16,EXACT_REPLAY,5000,5500,0.564
54,16,ELIGIBILITY_TRACE_32,5500,6000,0.478
54,16,EXACT_FIFO_32,5500,6000,0.462
54,16,EXACT_FIFO_128,5500,6000,0.462
54,16,EXACT_FIFO_512,5500,6000,0.506
54,16,EXACT_FIFO_2048,5500,6000,0.506
54,16,NO_TRACE_CURRENT_32,5500,6000,0.456
54,16,EXACT_REPLAY,5500,6000,0.506
54,64,ELIGIBILITY_TRACE_32,0,500,0.492
54,64,EXACT_FIFO_32,0,500,0.49
54,64,EXACT_FIFO_128,0,500,0.49
54,64,EXACT_FIFO_512,0,500,0.49
54,64,EXACT_FIFO_2048,0,500,0.49
54,64,NO_TRACE_CURRENT_32,0,500,0.492
54,64,EXACT_REPLAY,0,500,0.49
54,64,ELIGIBILITY_TRACE_32,500,1000,0.492
54,64,EXACT_FIFO_32,500,1000,0.494
54,64,EXACT_FIFO_128,500,1000,0.494
54,64,EXACT_FIFO_512,500,1000,0.494
54,64,EXACT_FIFO_2048,500,1000,0.492
54,64,NO_TRACE_CURRENT_32,500,1000,0.488
54,64,EXACT_REPLAY,500,1000,0.492
54,64,ELIGIBILITY_TRACE_32,1000,1500,0.492
54,64,EXACT_FIFO_32,1000,1500,0.49
54,64,EXACT_FIFO_128,1000,1500,0.49
54,64,EXACT_FIFO_512,1000,1500,0.49
54,64,EXACT_FIFO_2048,1000,1500,0.5
54,64,NO_TRACE_CURRENT_32,1000,1500,0.488
54,64,EXACT_REPLAY,1000,1500,0.5
54,64,ELIGIBILITY_TRACE_32,1500,2000,0.468
54,64,EXACT_FIFO_32,1500,2000,0.47
54,64,EXACT_FIFO_128,1500,2000,0.47
54,64,EXACT_FIFO_512,1500,2000,0.47
54,64,EXACT_FIFO_2048,1500,2000,0.484
54,64,NO_TRACE_CURRENT_32,1500,2000,0.466
54,64,EXACT_REPLAY,1500,2000,0.484
54,64,ELIGIBILITY_TRACE_32,2000,2500,0.514
54,64,EXACT_FIFO_32,2000,2500,0.514
54,64,EXACT_FIFO_128,2000,2500,0.514
54,64,EXACT_FIFO_512,2000,2500,0.514
54,64,EXACT_FIFO_2048,2000,2500,0.528
54,64,NO_TRACE_CURRENT_32,2000,2500,0.51
54,64,EXACT_REPLAY,2000,2500,0.528
54,64,ELIGIBILITY_TRACE_32,2500,3000,0.496
54,64,EXACT_FIFO_32,2500,3000,0.498
54,64,EXACT_FIFO_128,2500,3000,0.498
54,64,EXACT_FIFO_512,2500,3000,0.498
54,64,EXACT_FIFO_2048,2500,3000,0.528
54,64,NO_TRACE_CURRENT_32,2500,3000,0.498
54,64,EXACT_REPLAY,2500,3000,0.528
54,64,ELIGIBILITY_TRACE_32,3000,3500,0.492
54,64,EXACT_FIFO_32,3000,3500,0.492
54,64,EXACT_FIFO_128,3000,3500,0.492
54,64,EXACT_FIFO_512,3000,3500,0.492
54,64,EXACT_FIFO_2048,3000,3500,0.51
54,64,NO_TRACE_CURRENT_32,3000,3500,0.486
54,64,EXACT_REPLAY,3000,3500,0.51
54,64,ELIGIBILITY_TRACE_32,3500,4000,0.51
54,64,EXACT_FIFO_32,3500,4000,0.516
54,64,EXACT_FIFO_128,3500,4000,0.516
54,64,EXACT_FIFO_512,3500,4000,0.516
54,64,EXACT_FIFO_2048,3500,4000,0.548
54,64,NO_TRACE_CURRENT_32,3500,4000,0.512
54,64,EXACT_REPLAY,3500,4000,0.548
54,64,ELIGIBILITY_TRACE_32,4000,4500,0.496
54,64,EXACT_FIFO_32,4000,4500,0.498
54,64,EXACT_FIFO_128,4000,4500,0.498
54,64,EXACT_FIFO_512,4000,4500,0.498
54,64,EXACT_FIFO_2048,4000,4500,0.514
54,64,NO_TRACE_CURRENT_32,4000,4500,0.492
54,64,EXACT_REPLAY,4000,4500,0.514
54,64,ELIGIBILITY_TRACE_32,4500,5000,0.496
54,64,EXACT_FIFO_32,4500,5000,0.5
54,64,EXACT_FIFO_128,4500,5000,0.5
54,64,EXACT_FIFO_512,4500,5000,0.5
54,64,EXACT_FIFO_2048,4500,5000,0.536
54,64,NO_TRACE_CURRENT_32,4500,5000,0.498
54,64,EXACT_REPLAY,4500,5000,0.536
54,64,ELIGIBILITY_TRACE_32,5000,5500,0.514
54,64,EXACT_FIFO_32,5000,5500,0.516
54,64,EXACT_FIFO_128,5000,5500,0.516
54,64,EXACT_FIFO_512,5000,5500,0.516
54,64,EXACT_FIFO_2048,5000,5500,0.564
54,64,NO_TRACE_CURRENT_32,5000,5500,0.512
54,64,EXACT_REPLAY,5000,5500,0.564
54,64,ELIGIBILITY_TRACE_32,5500,6000,0.47
54,64,EXACT_FIFO_32,5500,6000,0.462
54,64,EXACT_FIFO_128,5500,6000,0.462
54,64,EXACT_FIFO_512,5500,6000,0.462
54,64,EXACT_FIFO_2048,5500,6000,0.506
54,64,NO_TRACE_CURRENT_32,5500,6000,0.464
54,64,EXACT_REPLAY,5500,6000,0.506
55,1,ELIGIBILITY_TRACE_32,0,500,0.492
55,1,EXACT_FIFO_32,0,500,0.492
55,1,EXACT_FIFO_128,0,500,0.492
55,1,EXACT_FIFO_512,0,500,0.492
55,1,EXACT_FIFO_2048,0,500,0.492
55,1,NO_TRACE_CURRENT_32,0,500,0.492
55,1,EXACT_REPLAY,0,500,0.492
55,1,ELIGIBILITY_TRACE_32,500,1000,0.462
55,1,EXACT_FIFO_32,500,1000,0.478
55,1,EXACT_FIFO_128,500,1000,0.478
55,1,EXACT_FIFO_512,500,1000,0.478
55,1,EXACT_FIFO_2048,500,1000,0.478
55,1,NO_TRACE_CURRENT_32,500,1000,0.464
55,1,EXACT_REPLAY,500,1000,0.478
55,1,ELIGIBILITY_TRACE_32,1000,1500,0.522
55,1,EXACT_FIFO_32,1000,1500,0.536
55,1,EXACT_FIFO_128,1000,1500,0.536
55,1,EXACT_FIFO_512,1000,1500,0.536
55,1,EXACT_FIFO_2048,1000,1500,0.536
55,1,NO_TRACE_CURRENT_32,1000,1500,0.522
55,1,EXACT_REPLAY,1000,1500,0.536
55,1,ELIGIBILITY_TRACE_32,1500,2000,0.51
55,1,EXACT_FIFO_32,1500,2000,0.512
55,1,EXACT_FIFO_128,1500,2000,0.512
55,1,EXACT_FIFO_512,1500,2000,0.512
55,1,EXACT_FIFO_2048,1500,2000,0.512
55,1,NO_TRACE_CURRENT_32,1500,2000,0.508
55,1,EXACT_REPLAY,1500,2000,0.512
55,1,ELIGIBILITY_TRACE_32,2000,2500,0.51
55,1,EXACT_FIFO_32,2000,2500,0.526
55,1,EXACT_FIFO_128,2000,2500,0.526
55,1,EXACT_FIFO_512,2000,2500,0.526
55,1,EXACT_FIFO_2048,2000,2500,0.526
55,1,NO_TRACE_CURRENT_32,2000,2500,0.512
55,1,EXACT_REPLAY,2000,2500,0.526
55,1,ELIGIBILITY_TRACE_32,2500,3000,0.476
55,1,EXACT_FIFO_32,2500,3000,0.502
55,1,EXACT_FIFO_128,2500,3000,0.502
55,1,EXACT_FIFO_512,2500,3000,0.502
55,1,EXACT_FIFO_2048,2500,3000,0.502
55,1,NO_TRACE_CURRENT_32,2500,3000,0.468
55,1,EXACT_REPLAY,2500,3000,0.502
55,1,ELIGIBILITY_TRACE_32,3000,3500,0.486
55,1,EXACT_FIFO_32,3000,3500,0.518
55,1,EXACT_FIFO_128,3000,3500,0.518
55,1,EXACT_FIFO_512,3000,3500,0.518
55,1,EXACT_FIFO_2048,3000,3500,0.518
55,1,NO_TRACE_CURRENT_32,3000,3500,0.48
55,1,EXACT_REPLAY,3000,3500,0.518
55,1,ELIGIBILITY_TRACE_32,3500,4000,0.516
55,1,EXACT_FIFO_32,3500,4000,0.548
55,1,EXACT_FIFO_128,3500,4000,0.548
55,1,EXACT_FIFO_512,3500,4000,0.548
55,1,EXACT_FIFO_2048,3500,4000,0.548
55,1,NO_TRACE_CURRENT_32,3500,4000,0.5
55,1,EXACT_REPLAY,3500,4000,0.548
55,1,ELIGIBILITY_TRACE_32,4000,4500,0.494
55,1,EXACT_FIFO_32,4000,4500,0.512
55,1,EXACT_FIFO_128,4000,4500,0.512
55,1,EXACT_FIFO_512,4000,4500,0.512
55,1,EXACT_FIFO_2048,4000,4500,0.512
55,1,NO_TRACE_CURRENT_32,4000,4500,0.49
55,1,EXACT_REPLAY,4000,4500,0.512
55,1,ELIGIBILITY_TRACE_32,4500,5000,0.508
55,1,EXACT_FIFO_32,4500,5000,0.546
55,1,EXACT_FIFO_128,4500,5000,0.546
55,1,EXACT_FIFO_512,4500,5000,0.546
55,1,EXACT_FIFO_2048,4500,5000,0.546
55,1,NO_TRACE_CURRENT_32,4500,5000,0.5
55,1,EXACT_REPLAY,4500,5000,0.546
55,1,ELIGIBILITY_TRACE_32,5000,5500,0.522
55,1,EXACT_FIFO_32,5000,5500,0.56
55,1,EXACT_FIFO_128,5000,5500,0.56
55,1,EXACT_FIFO_512,5000,5500,0.56
55,1,EXACT_FIFO_2048,5000,5500,0.56
55,1,NO_TRACE_CURRENT_32,5000,5500,0.516
55,1,EXACT_REPLAY,5000,5500,0.56
55,1,ELIGIBILITY_TRACE_32,5500,6000,0.534
55,1,EXACT_FIFO_32,5500,6000,0.576
55,1,EXACT_FIFO_128,5500,6000,0.576
55,1,EXACT_FIFO_512,5500,6000,0.576
55,1,EXACT_FIFO_2048,5500,6000,0.576
55,1,NO_TRACE_CURRENT_32,5500,6000,0.512
55,1,EXACT_REPLAY,5500,6000,0.576
55,4,ELIGIBILITY_TRACE_32,0,500,0.49
55,4,EXACT_FIFO_32,0,500,0.49
55,4,EXACT_FIFO_128,0,500,0.49
55,4,EXACT_FIFO_512,0,500,0.49
55,4,EXACT_FIFO_2048,0,500,0.49
55,4,NO_TRACE_CURRENT_32,0,500,0.492
55,4,EXACT_REPLAY,0,500,0.49
55,4,ELIGIBILITY_TRACE_32,500,1000,0.462
55,4,EXACT_FIFO_32,500,1000,0.46
55,4,EXACT_FIFO_128,500,1000,0.478
55,4,EXACT_FIFO_512,500,1000,0.478
55,4,EXACT_FIFO_2048,500,1000,0.478
55,4,NO_TRACE_CURRENT_32,500,1000,0.464
55,4,EXACT_REPLAY,500,1000,0.478
55,4,ELIGIBILITY_TRACE_32,1000,1500,0.524
55,4,EXACT_FIFO_32,1000,1500,0.522
55,4,EXACT_FIFO_128,1000,1500,0.536
55,4,EXACT_FIFO_512,1000,1500,0.536
55,4,EXACT_FIFO_2048,1000,1500,0.536
55,4,NO_TRACE_CURRENT_32,1000,1500,0.524
55,4,EXACT_REPLAY,1000,1500,0.536
55,4,ELIGIBILITY_TRACE_32,1500,2000,0.506
55,4,EXACT_FIFO_32,1500,2000,0.506
55,4,EXACT_FIFO_128,1500,2000,0.512
55,4,EXACT_FIFO_512,1500,2000,0.512
55,4,EXACT_FIFO_2048,1500,2000,0.512
55,4,NO_TRACE_CURRENT_32,1500,2000,0.51
55,4,EXACT_REPLAY,1500,2000,0.512
55,4,ELIGIBILITY_TRACE_32,2000,2500,0.516
55,4,EXACT_FIFO_32,2000,2500,0.51
55,4,EXACT_FIFO_128,2000,2500,0.526
55,4,EXACT_FIFO_512,2000,2500,0.526
55,4,EXACT_FIFO_2048,2000,2500,0.526
55,4,NO_TRACE_CURRENT_32,2000,2500,0.512
55,4,EXACT_REPLAY,2000,2500,0.526
55,4,ELIGIBILITY_TRACE_32,2500,3000,0.476
55,4,EXACT_FIFO_32,2500,3000,0.472
55,4,EXACT_FIFO_128,2500,3000,0.504
55,4,EXACT_FIFO_512,2500,3000,0.504
55,4,EXACT_FIFO_2048,2500,3000,0.504
55,4,NO_TRACE_CURRENT_32,2500,3000,0.474
55,4,EXACT_REPLAY,2500,3000,0.504
55,4,ELIGIBILITY_TRACE_32,3000,3500,0.492
55,4,EXACT_FIFO_32,3000,3500,0.486
55,4,EXACT_FIFO_128,3000,3500,0.518
55,4,EXACT_FIFO_512,3000,3500,0.518
55,4,EXACT_FIFO_2048,3000,3500,0.518
55,4,NO_TRACE_CURRENT_32,3000,3500,0.488
55,4,EXACT_REPLAY,3000,3500,0.518
55,4,ELIGIBILITY_TRACE_32,3500,4000,0.514
55,4,EXACT_FIFO_32,3500,4000,0.506
55,4,EXACT_FIFO_128,3500,4000,0.548
55,4,EXACT_FIFO_512,3500,4000,0.548
55,4,EXACT_FIFO_2048,3500,4000,0.548
55,4,NO_TRACE_CURRENT_32,3500,4000,0.508
55,4,EXACT_REPLAY,3500,4000,0.548
55,4,ELIGIBILITY_TRACE_32,4000,4500,0.494
55,4,EXACT_FIFO_32,4000,4500,0.492
55,4,EXACT_FIFO_128,4000,4500,0.512
55,4,EXACT_FIFO_512,4000,4500,0.512
55,4,EXACT_FIFO_2048,4000,4500,0.512
55,4,NO_TRACE_CURRENT_32,4000,4500,0.488
55,4,EXACT_REPLAY,4000,4500,0.512
55,4,ELIGIBILITY_TRACE_32,4500,5000,0.51
55,4,EXACT_FIFO_32,4500,5000,0.506
55,4,EXACT_FIFO_128,4500,5000,0.546
55,4,EXACT_FIFO_512,4500,5000,0.546
55,4,EXACT_FIFO_2048,4500,5000,0.546
55,4,NO_TRACE_CURRENT_32,4500,5000,0.502
55,4,EXACT_REPLAY,4500,5000,0.546
55,4,ELIGIBILITY_TRACE_32,5000,5500,0.524
55,4,EXACT_FIFO_32,5000,5500,0.518
55,4,EXACT_FIFO_128,5000,5500,0.56
55,4,EXACT_FIFO_512,5000,5500,0.56
55,4,EXACT_FIFO_2048,5000,5500,0.56
55,4,NO_TRACE_CURRENT_32,5000,5500,0.522
55,4,EXACT_REPLAY,5000,5500,0.56
55,4,ELIGIBILITY_TRACE_32,5500,6000,0.532
55,4,EXACT_FIFO_32,5500,6000,0.512
55,4,EXACT_FIFO_128,5500,6000,0.576
55,4,EXACT_FIFO_512,5500,6000,0.576
55,4,EXACT_FIFO_2048,5500,6000,0.576
55,4,NO_TRACE_CURRENT_32,5500,6000,0.516
55,4,EXACT_REPLAY,5500,6000,0.576
55,16,ELIGIBILITY_TRACE_32,0,500,0.49
55,16,EXACT_FIFO_32,0,500,0.49
55,16,EXACT_FIFO_128,0,500,0.49
55,16,EXACT_FIFO_512,0,500,0.492
55,16,EXACT_FIFO_2048,0,500,0.492
55,16,NO_TRACE_CURRENT_32,0,500,0.492
55,16,EXACT_REPLAY,0,500,0.492
55,16,ELIGIBILITY_TRACE_32,500,1000,0.466
55,16,EXACT_FIFO_32,500,1000,0.46
55,16,EXACT_FIFO_128,500,1000,0.46
55,16,EXACT_FIFO_512,500,1000,0.48
55,16,EXACT_FIFO_2048,500,1000,0.48
55,16,NO_TRACE_CURRENT_32,500,1000,0.462
55,16,EXACT_REPLAY,500,1000,0.48
55,16,ELIGIBILITY_TRACE_32,1000,1500,0.526
55,16,EXACT_FIFO_32,1000,1500,0.522
55,16,EXACT_FIFO_128,1000,1500,0.522
55,16,EXACT_FIFO_512,1000,1500,0.536
55,16,EXACT_FIFO_2048,1000,1500,0.536
55,16,NO_TRACE_CURRENT_32,1000,1500,0.53
55,16,EXACT_REPLAY,1000,1500,0.536
55,16,ELIGIBILITY_TRACE_32,1500,2000,0.51
55,16,EXACT_FIFO_32,1500,2000,0.506
55,16,EXACT_FIFO_128,1500,2000,0.506
55,16,EXACT_FIFO_512,1500,2000,0.512
55,16,EXACT_FIFO_2048,1500,2000,0.512
55,16,NO_TRACE_CURRENT_32,1500,2000,0.506
55,16,EXACT_REPLAY,1500,2000,0.512
55,16,ELIGIBILITY_TRACE_32,2000,2500,0.51
55,16,EXACT_FIFO_32,2000,2500,0.51
55,16,EXACT_FIFO_128,2000,2500,0.51
55,16,EXACT_FIFO_512,2000,2500,0.524
55,16,EXACT_FIFO_2048,2000,2500,0.524
55,16,NO_TRACE_CURRENT_32,2000,2500,0.508
55,16,EXACT_REPLAY,2000,2500,0.524
55,16,ELIGIBILITY_TRACE_32,2500,3000,0.478
55,16,EXACT_FIFO_32,2500,3000,0.472
55,16,EXACT_FIFO_128,2500,3000,0.472
55,16,EXACT_FIFO_512,2500,3000,0.5
55,16,EXACT_FIFO_2048,2500,3000,0.5
55,16,NO_TRACE_CURRENT_32,2500,3000,0.474
55,16,EXACT_REPLAY,2500,3000,0.5
55,16,ELIGIBILITY_TRACE_32,3000,3500,0.486
55,16,EXACT_FIFO_32,3000,3500,0.486
55,16,EXACT_FIFO_128,3000,3500,0.486
55,16,EXACT_FIFO_512,3000,3500,0.518
55,16,EXACT_FIFO_2048,3000,3500,0.518
55,16,NO_TRACE_CURRENT_32,3000,3500,0.484
55,16,EXACT_REPLAY,3000,3500,0.518
55,16,ELIGIBILITY_TRACE_32,3500,4000,0.516
55,16,EXACT_FIFO_32,3500,4000,0.506
55,16,EXACT_FIFO_128,3500,4000,0.506
55,16,EXACT_FIFO_512,3500,4000,0.548
55,16,EXACT_FIFO_2048,3500,4000,0.548
55,16,NO_TRACE_CURRENT_32,3500,4000,0.51
55,16,EXACT_REPLAY,3500,4000,0.548
55,16,ELIGIBILITY_TRACE_32,4000,4500,0.492
55,16,EXACT_FIFO_32,4000,4500,0.492
55,16,EXACT_FIFO_128,4000,4500,0.492
55,16,EXACT_FIFO_512,4000,4500,0.512
55,16,EXACT_FIFO_2048,4000,4500,0.512
55,16,NO_TRACE_CURRENT_32,4000,4500,0.492
55,16,EXACT_REPLAY,4000,4500,0.512
55,16,ELIGIBILITY_TRACE_32,4500,5000,0.508
55,16,EXACT_FIFO_32,4500,5000,0.506
55,16,EXACT_FIFO_128,4500,5000,0.506
55,16,EXACT_FIFO_512,4500,5000,0.546
55,16,EXACT_FIFO_2048,4500,5000,0.546
55,16,NO_TRACE_CURRENT_32,4500,5000,0.502
55,16,EXACT_REPLAY,4500,5000,0.546
55,16,ELIGIBILITY_TRACE_32,5000,5500,0.522
55,16,EXACT_FIFO_32,5000,5500,0.518
55,16,EXACT_FIFO_128,5000,5500,0.518
55,16,EXACT_FIFO_512,5000,5500,0.56
55,16,EXACT_FIFO_2048,5000,5500,0.56
55,16,NO_TRACE_CURRENT_32,5000,5500,0.514
55,16,EXACT_REPLAY,5000,5500,0.56
55,16,ELIGIBILITY_TRACE_32,5500,6000,0.534
55,16,EXACT_FIFO_32,5500,6000,0.512
55,16,EXACT_FIFO_128,5500,6000,0.512
55,16,EXACT_FIFO_512,5500,6000,0.574
55,16,EXACT_FIFO_2048,5500,6000,0.574
55,16,NO_TRACE_CURRENT_32,5500,6000,0.512
55,16,EXACT_REPLAY,5500,6000,0.574
55,64,ELIGIBILITY_TRACE_32,0,500,0.49
55,64,EXACT_FIFO_32,0,500,0.49
55,64,EXACT_FIFO_128,0,500,0.49
55,64,EXACT_FIFO_512,0,500,0.49
55,64,EXACT_FIFO_2048,0,500,0.49
55,64,NO_TRACE_CURRENT_32,0,500,0.49
55,64,EXACT_REPLAY,0,500,0.49
55,64,ELIGIBILITY_TRACE_32,500,1000,0.464
55,64,EXACT_FIFO_32,500,1000,0.46
55,64,EXACT_FIFO_128,500,1000,0.46
55,64,EXACT_FIFO_512,500,1000,0.46
55,64,EXACT_FIFO_2048,500,1000,0.476
55,64,NO_TRACE_CURRENT_32,500,1000,0.462
55,64,EXACT_REPLAY,500,1000,0.476
55,64,ELIGIBILITY_TRACE_32,1000,1500,0.53
55,64,EXACT_FIFO_32,1000,1500,0.522
55,64,EXACT_FIFO_128,1000,1500,0.522
55,64,EXACT_FIFO_512,1000,1500,0.522
55,64,EXACT_FIFO_2048,1000,1500,0.536
55,64,NO_TRACE_CURRENT_32,1000,1500,0.526
55,64,EXACT_REPLAY,1000,1500,0.536
55,64,ELIGIBILITY_TRACE_32,1500,2000,0.51
55,64,EXACT_FIFO_32,1500,2000,0.506
55,64,EXACT_FIFO_128,1500,2000,0.506
55,64,EXACT_FIFO_512,1500,2000,0.506
55,64,EXACT_FIFO_2048,1500,2000,0.512
55,64,NO_TRACE_CURRENT_32,1500,2000,0.51
55,64,EXACT_REPLAY,1500,2000,0.512
55,64,ELIGIBILITY_TRACE_32,2000,2500,0.512
55,64,EXACT_FIFO_32,2000,2500,0.51
55,64,EXACT_FIFO_128,2000,2500,0.51
55,64,EXACT_FIFO_512,2000,2500,0.51
55,64,EXACT_FIFO_2048,2000,2500,0.526
55,64,NO_TRACE_CURRENT_32,2000,2500,0.51
55,64,EXACT_REPLAY,2000,2500,0.526
55,64,ELIGIBILITY_TRACE_32,2500,3000,0.468
55,64,EXACT_FIFO_32,2500,3000,0.472
55,64,EXACT_FIFO_128,2500,3000,0.472
55,64,EXACT_FIFO_512,2500,3000,0.472
55,64,EXACT_FIFO_2048,2500,3000,0.502
55,64,NO_TRACE_CURRENT_32,2500,3000,0.474
55,64,EXACT_REPLAY,2500,3000,0.502
55,64,ELIGIBILITY_TRACE_32,3000,3500,0.484
55,64,EXACT_FIFO_32,3000,3500,0.486
55,64,EXACT_FIFO_128,3000,3500,0.486
55,64,EXACT_FIFO_512,3000,3500,0.486
55,64,EXACT_FIFO_2048,3000,3500,0.518
55,64,NO_TRACE_CURRENT_32,3000,3500,0.486
55,64,EXACT_REPLAY,3000,3500,0.518
55,64,ELIGIBILITY_TRACE_32,3500,4000,0.504
55,64,EXACT_FIFO_32,3500,4000,0.506
55,64,EXACT_FIFO_128,3500,4000,0.506
55,64,EXACT_FIFO_512,3500,4000,0.506
55,64,EXACT_FIFO_2048,3500,4000,0.548
55,64,NO_TRACE_CURRENT_32,3500,4000,0.506
55,64,EXACT_REPLAY,3500,4000,0.548
55,64,ELIGIBILITY_TRACE_32,4000,4500,0.494
55,64,EXACT_FIFO_32,4000,4500,0.492
55,64,EXACT_FIFO_128,4000,4500,0.492
55,64,EXACT_FIFO_512,4000,4500,0.492
55,64,EXACT_FIFO_2048,4000,4500,0.51
55,64,NO_TRACE_CURRENT_32,4000,4500,0.486
55,64,EXACT_REPLAY,4000,4500,0.51
55,64,ELIGIBILITY_TRACE_32,4500,5000,0.506
55,64,EXACT_FIFO_32,4500,5000,0.506
55,64,EXACT_FIFO_128,4500,5000,0.506
55,64,EXACT_FIFO_512,4500,5000,0.506
55,64,EXACT_FIFO_2048,4500,5000,0.546
55,64,NO_TRACE_CURRENT_32,4500,5000,0.494
55,64,EXACT_REPLAY,4500,5000,0.546
55,64,ELIGIBILITY_TRACE_32,5000,5500,0.512
55,64,EXACT_FIFO_32,5000,5500,0.518
55,64,EXACT_FIFO_128,5000,5500,0.518
55,64,EXACT_FIFO_512,5000,5500,0.518
55,64,EXACT_FIFO_2048,5000,5500,0.56
55,64,NO_TRACE_CURRENT_32,5000,5500,0.514
55,64,EXACT_REPLAY,5000,5500,0.56
55,64,ELIGIBILITY_TRACE_32,5500,6000,0.522
55,64,EXACT_FIFO_32,5500,6000,0.512
55,64,EXACT_FIFO_128,5500,6000,0.512
55,64,EXACT_FIFO_512,5500,6000,0.512
55,64,EXACT_FIFO_2048,5500,6000,0.574
55,64,NO_TRACE_CURRENT_32,5500,6000,0.512
55,64,EXACT_REPLAY,5500,6000,0.574
56,1,ELIGIBILITY_TRACE_32,0,500,0.526
56,1,EXACT_FIFO_32,0,500,0.526
56,1,EXACT_FIFO_128,0,500,0.526
56,1,EXACT_FIFO_512,0,500,0.526
56,1,EXACT_FIFO_2048,0,500,0.526
56,1,NO_TRACE_CURRENT_32,0,500,0.526
56,1,EXACT_REPLAY,0,500,0.526
56,1,ELIGIBILITY_TRACE_32,500,1000,0.512
56,1,EXACT_FIFO_32,500,1000,0.508
56,1,EXACT_FIFO_128,500,1000,0.508
56,1,EXACT_FIFO_512,500,1000,0.508
56,1,EXACT_FIFO_2048,500,1000,0.508
56,1,NO_TRACE_CURRENT_32,500,1000,0.512
56,1,EXACT_REPLAY,500,1000,0.508
56,1,ELIGIBILITY_TRACE_32,1000,1500,0.486
56,1,EXACT_FIFO_32,1000,1500,0.496
56,1,EXACT_FIFO_128,1000,1500,0.496
56,1,EXACT_FIFO_512,1000,1500,0.496
56,1,EXACT_FIFO_2048,1000,1500,0.496
56,1,NO_TRACE_CURRENT_32,1000,1500,0.492
56,1,EXACT_REPLAY,1000,1500,0.496
56,1,ELIGIBILITY_TRACE_32,1500,2000,0.53
56,1,EXACT_FIFO_32,1500,2000,0.54
56,1,EXACT_FIFO_128,1500,2000,0.54
56,1,EXACT_FIFO_512,1500,2000,0.54
56,1,EXACT_FIFO_2048,1500,2000,0.54
56,1,NO_TRACE_CURRENT_32,1500,2000,0.536
56,1,EXACT_REPLAY,1500,2000,0.54
56,1,ELIGIBILITY_TRACE_32,2000,2500,0.474
56,1,EXACT_FIFO_32,2000,2500,0.492
56,1,EXACT_FIFO_128,2000,2500,0.492
56,1,EXACT_FIFO_512,2000,2500,0.492
56,1,EXACT_FIFO_2048,2000,2500,0.492
56,1,NO_TRACE_CURRENT_32,2000,2500,0.472
56,1,EXACT_REPLAY,2000,2500,0.492
56,1,ELIGIBILITY_TRACE_32,2500,3000,0.506
56,1,EXACT_FIFO_32,2500,3000,0.504
56,1,EXACT_FIFO_128,2500,3000,0.504
56,1,EXACT_FIFO_512,2500,3000,0.504
56,1,EXACT_FIFO_2048,2500,3000,0.504
56,1,NO_TRACE_CURRENT_32,2500,3000,0.496
56,1,EXACT_REPLAY,2500,3000,0.504
56,1,ELIGIBILITY_TRACE_32,3000,3500,0.496
56,1,EXACT_FIFO_32,3000,3500,0.506
56,1,EXACT_FIFO_128,3000,3500,0.506
56,1,EXACT_FIFO_512,3000,3500,0.506
56,1,EXACT_FIFO_2048,3000,3500,0.506
56,1,NO_TRACE_CURRENT_32,3000,3500,0.502
56,1,EXACT_REPLAY,3000,3500,0.506
56,1,ELIGIBILITY_TRACE_32,3500,4000,0.502
56,1,EXACT_FIFO_32,3500,4000,0.502
56,1,EXACT_FIFO_128,3500,4000,0.502
56,1,EXACT_FIFO_512,3500,4000,0.502
56,1,EXACT_FIFO_2048,3500,4000,0.502
56,1,NO_TRACE_CURRENT_32,3500,4000,0.502
56,1,EXACT_REPLAY,3500,4000,0.502
56,1,ELIGIBILITY_TRACE_32,4000,4500,0.518
56,1,EXACT_FIFO_32,4000,4500,0.526
56,1,EXACT_FIFO_128,4000,4500,0.526
56,1,EXACT_FIFO_512,4000,4500,0.526
56,1,EXACT_FIFO_2048,4000,4500,0.526
56,1,NO_TRACE_CURRENT_32,4000,4500,0.52
56,1,EXACT_REPLAY,4000,4500,0.526
56,1,ELIGIBILITY_TRACE_32,4500,5000,0.502
56,1,EXACT_FIFO_32,4500,5000,0.522
56,1,EXACT_FIFO_128,4500,5000,0.522
56,1,EXACT_FIFO_512,4500,5000,0.522
56,1,EXACT_FIFO_2048,4500,5000,0.522
56,1,NO_TRACE_CURRENT_32,4500,5000,0.506
56,1,EXACT_REPLAY,4500,5000,0.522
56,1,ELIGIBILITY_TRACE_32,5000,5500,0.514
56,1,EXACT_FIFO_32,5000,5500,0.536
56,1,EXACT_FIFO_128,5000,5500,0.536
56,1,EXACT_FIFO_512,5000,5500,0.536
56,1,EXACT_FIFO_2048,5000,5500,0.536
56,1,NO_TRACE_CURRENT_32,5000,5500,0.508
56,1,EXACT_REPLAY,5000,5500,0.536
56,1,ELIGIBILITY_TRACE_32,5500,6000,0.526
56,1,EXACT_FIFO_32,5500,6000,0.536
56,1,EXACT_FIFO_128,5500,6000,0.536
56,1,EXACT_FIFO_512,5500,6000,0.536
56,1,EXACT_FIFO_2048,5500,6000,0.536
56,1,NO_TRACE_CURRENT_32,5500,6000,0.522
56,1,EXACT_REPLAY,5500,6000,0.536
56,4,ELIGIBILITY_TRACE_32,0,500,0.526
56,4,EXACT_FIFO_32,0,500,0.528
56,4,EXACT_FIFO_128,0,500,0.526
56,4,EXACT_FIFO_512,0,500,0.526
56,4,EXACT_FIFO_2048,0,500,0.526
56,4,NO_TRACE_CURRENT_32,0,500,0.524
56,4,EXACT_REPLAY,0,500,0.526
56,4,ELIGIBILITY_TRACE_32,500,1000,0.512
56,4,EXACT_FIFO_32,500,1000,0.512
56,4,EXACT_FIFO_128,500,1000,0.508
56,4,EXACT_FIFO_512,500,1000,0.508
56,4,EXACT_FIFO_2048,500,1000,0.508
56,4,NO_TRACE_CURRENT_32,500,1000,0.51
56,4,EXACT_REPLAY,500,1000,0.508
56,4,ELIGIBILITY_TRACE_32,1000,1500,0.484
56,4,EXACT_FIFO_32,1000,1500,0.486
56,4,EXACT_FIFO_128,1000,1500,0.496
56,4,EXACT_FIFO_512,1000,1500,0.496
56,4,EXACT_FIFO_2048,1000,1500,0.496
56,4,NO_TRACE_CURRENT_32,1000,1500,0.486
56,4,EXACT_REPLAY,1000,1500,0.496
56,4,ELIGIBILITY_TRACE_32,1500,2000,0.528
56,4,EXACT_FIFO_32,1500,2000,0.532
56,4,EXACT_FIFO_128,1500,2000,0.54
56,4,EXACT_FIFO_512,1500,2000,0.54
56,4,EXACT_FIFO_2048,1500,2000,0.54
56,4,NO_TRACE_CURRENT_32,1500,2000,0.53
56,4,EXACT_REPLAY,1500,2000,0.54
56,4,ELIGIBILITY_TRACE_32,2000,2500,0.474
56,4,EXACT_FIFO_32,2000,2500,0.468
56,4,EXACT_FIFO_128,2000,2500,0.492
56,4,EXACT_FIFO_512,2000,2500,0.492
56,4,EXACT_FIFO_2048,2000,2500,0.492
56,4,NO_TRACE_CURRENT_32,2000,2500,0.474
56,4,EXACT_REPLAY,2000,2500,0.492
56,4,ELIGIBILITY_TRACE_32,2500,3000,0.502
56,4,EXACT_FIFO_32,2500,3000,0.498
56,4,EXACT_FIFO_128,2500,3000,0.504
56,4,EXACT_FIFO_512,2500,3000,0.504
56,4,EXACT_FIFO_2048,2500,3000,0.504
56,4,NO_TRACE_CURRENT_32,2500,3000,0.494
56,4,EXACT_REPLAY,2500,3000,0.504
56,4,ELIGIBILITY_TRACE_32,3000,3500,0.494
56,4,EXACT_FIFO_32,3000,3500,0.492
56,4,EXACT_FIFO_128,3000,3500,0.504
56,4,EXACT_FIFO_512,3000,3500,0.504
56,4,EXACT_FIFO_2048,3000,3500,0.504
56,4,NO_TRACE_CURRENT_32,3000,3500,0.502
56,4,EXACT_REPLAY,3000,3500,0.504
56,4,ELIGIBILITY_TRACE_32,3500,4000,0.502
56,4,EXACT_FIFO_32,3500,4000,0.502
56,4,EXACT_FIFO_128,3500,4000,0.502
56,4,EXACT_FIFO_512,3500,4000,0.502
56,4,EXACT_FIFO_2048,3500,4000,0.502
56,4,NO_TRACE_CURRENT_32,3500,4000,0.506
56,4,EXACT_REPLAY,3500,4000,0.502
56,4,ELIGIBILITY_TRACE_32,4000,4500,0.52
56,4,EXACT_FIFO_32,4000,4500,0.52
56,4,EXACT_FIFO_128,4000,4500,0.526
56,4,EXACT_FIFO_512,4000,4500,0.526
56,4,EXACT_FIFO_2048,4000,4500,0.526
56,4,NO_TRACE_CURRENT_32,4000,4500,0.516
56,4,EXACT_REPLAY,4000,4500,0.526
56,4,ELIGIBILITY_TRACE_32,4500,5000,0.502
56,4,EXACT_FIFO_32,4500,5000,0.502
56,4,EXACT_FIFO_128,4500,5000,0.522
56,4,EXACT_FIFO_512,4500,5000,0.522
56,4,EXACT_FIFO_2048,4500,5000,0.522
56,4,NO_TRACE_CURRENT_32,4500,5000,0.506
56,4,EXACT_REPLAY,4500,5000,0.522
56,4,ELIGIBILITY_TRACE_32,5000,5500,0.51
56,4,EXACT_FIFO_32,5000,5500,0.508
56,4,EXACT_FIFO_128,5000,5500,0.536
56,4,EXACT_FIFO_512,5000,5500,0.536
56,4,EXACT_FIFO_2048,5000,5500,0.536
56,4,NO_TRACE_CURRENT_32,5000,5500,0.502
56,4,EXACT_REPLAY,5000,5500,0.536
56,4,ELIGIBILITY_TRACE_32,5500,6000,0.522
56,4,EXACT_FIFO_32,5500,6000,0.52
56,4,EXACT_FIFO_128,5500,6000,0.536
56,4,EXACT_FIFO_512,5500,6000,0.536
56,4,EXACT_FIFO_2048,5500,6000,0.536
56,4,NO_TRACE_CURRENT_32,5500,6000,0.514
56,4,EXACT_REPLAY,5500,6000,0.536
56,16,ELIGIBILITY_TRACE_32,0,500,0.526
56,16,EXACT_FIFO_32,0,500,0.528
56,16,EXACT_FIFO_128,0,500,0.528
56,16,EXACT_FIFO_512,0,500,0.528
56,16,EXACT_FIFO_2048,0,500,0.528
56,16,NO_TRACE_CURRENT_32,0,500,0.526
56,16,EXACT_REPLAY,0,500,0.528
56,16,ELIGIBILITY_TRACE_32,500,1000,0.512
56,16,EXACT_FIFO_32,500,1000,0.512
56,16,EXACT_FIFO_128,500,1000,0.512
56,16,EXACT_FIFO_512,500,1000,0.508
56,16,EXACT_FIFO_2048,500,1000,0.508
56,16,NO_TRACE_CURRENT_32,500,1000,0.512
56,16,EXACT_REPLAY,500,1000,0.508
56,16,ELIGIBILITY_TRACE_32,1000,1500,0.486
56,16,EXACT_FIFO_32,1000,1500,0.486
56,16,EXACT_FIFO_128,1000,1500,0.486
56,16,EXACT_FIFO_512,1000,1500,0.496
56,16,EXACT_FIFO_2048,1000,1500,0.496
56,16,NO_TRACE_CURRENT_32,1000,1500,0.484
56,16,EXACT_REPLAY,1000,1500,0.496
56,16,ELIGIBILITY_TRACE_32,1500,2000,0.528
56,16,EXACT_FIFO_32,1500,2000,0.532
56,16,EXACT_FIFO_128,1500,2000,0.532
56,16,EXACT_FIFO_512,1500,2000,0.54
56,16,EXACT_FIFO_2048,1500,2000,0.54
56,16,NO_TRACE_CURRENT_32,1500,2000,0.524
56,16,EXACT_REPLAY,1500,2000,0.54
56,16,ELIGIBILITY_TRACE_32,2000,2500,0.472
56,16,EXACT_FIFO_32,2000,2500,0.468
56,16,EXACT_FIFO_128,2000,2500,0.468
56,16,EXACT_FIFO_512,2000,2500,0.49
56,16,EXACT_FIFO_2048,2000,2500,0.49
56,16,NO_TRACE_CURRENT_32,2000,2500,0.476
56,16,EXACT_REPLAY,2000,2500,0.49
56,16,ELIGIBILITY_TRACE_32,2500,3000,0.498
56,16,EXACT_FIFO_32,2500,3000,0.498
56,16,EXACT_FIFO_128,2500,3000,0.498
56,16,EXACT_FIFO_512,2500,3000,0.504
56,16,EXACT_FIFO_2048,2500,3000,0.504
56,16,NO_TRACE_CURRENT_32,2500,3000,0.498
56,16,EXACT_REPLAY,2500,3000,0.504
56,16,ELIGIBILITY_TRACE_32,3000,3500,0.496
56,16,EXACT_FIFO_32,3000,3500,0.492
56,16,EXACT_FIFO_128,3000,3500,0.492
56,16,EXACT_FIFO_512,3000,3500,0.506
56,16,EXACT_FIFO_2048,3000,3500,0.506
56,16,NO_TRACE_CURRENT_32,3000,3500,0.5
56,16,EXACT_REPLAY,3000,3500,0.506
56,16,ELIGIBILITY_TRACE_32,3500,4000,0.502
56,16,EXACT_FIFO_32,3500,4000,0.502
56,16,EXACT_FIFO_128,3500,4000,0.502
56,16,EXACT_FIFO_512,3500,4000,0.502
56,16,EXACT_FIFO_2048,3500,4000,0.502
56,16,NO_TRACE_CURRENT_32,3500,4000,0.5
56,16,EXACT_REPLAY,3500,4000,0.502
56,16,ELIGIBILITY_TRACE_32,4000,4500,0.516
56,16,EXACT_FIFO_32,4000,4500,0.52
56,16,EXACT_FIFO_128,4000,4500,0.52
56,16,EXACT_FIFO_512,4000,4500,0.53
56,16,EXACT_FIFO_2048,4000,4500,0.53
56,16,NO_TRACE_CURRENT_32,4000,4500,0.518
56,16,EXACT_REPLAY,4000,4500,0.53
56,16,ELIGIBILITY_TRACE_32,4500,5000,0.496
56,16,EXACT_FIFO_32,4500,5000,0.502
56,16,EXACT_FIFO_128,4500,5000,0.502
56,16,EXACT_FIFO_512,4500,5000,0.524
56,16,EXACT_FIFO_2048,4500,5000,0.524
56,16,NO_TRACE_CURRENT_32,4500,5000,0.502
56,16,EXACT_REPLAY,4500,5000,0.524
56,16,ELIGIBILITY_TRACE_32,5000,5500,0.514
56,16,EXACT_FIFO_32,5000,5500,0.508
56,16,EXACT_FIFO_128,5000,5500,0.508
56,16,EXACT_FIFO_512,5000,5500,0.534
56,16,EXACT_FIFO_2048,5000,5500,0.534
56,16,NO_TRACE_CURRENT_32,5000,5500,0.516
56,16,EXACT_REPLAY,5000,5500,0.534
56,16,ELIGIBILITY_TRACE_32,5500,6000,0.536
56,16,EXACT_FIFO_32,5500,6000,0.52
56,16,EXACT_FIFO_128,5500,6000,0.52
56,16,EXACT_FIFO_512,5500,6000,0.538
56,16,EXACT_FIFO_2048,5500,6000,0.538
56,16,NO_TRACE_CURRENT_32,5500,6000,0.528
56,16,EXACT_REPLAY,5500,6000,0.538
56,64,ELIGIBILITY_TRACE_32,0,500,0.526
56,64,EXACT_FIFO_32,0,500,0.528
56,64,EXACT_FIFO_128,0,500,0.528
56,64,EXACT_FIFO_512,0,500,0.528
56,64,EXACT_FIFO_2048,0,500,0.526
56,64,NO_TRACE_CURRENT_32,0,500,0.524
56,64,EXACT_REPLAY,0,500,0.526
56,64,ELIGIBILITY_TRACE_32,500,1000,0.512
56,64,EXACT_FIFO_32,500,1000,0.512
56,64,EXACT_FIFO_128,500,1000,0.512
56,64,EXACT_FIFO_512,500,1000,0.512
56,64,EXACT_FIFO_2048,500,1000,0.508
56,64,NO_TRACE_CURRENT_32,500,1000,0.51
56,64,EXACT_REPLAY,500,1000,0.508
56,64,ELIGIBILITY_TRACE_32,1000,1500,0.49
56,64,EXACT_FIFO_32,1000,1500,0.486
56,64,EXACT_FIFO_128,1000,1500,0.486
56,64,EXACT_FIFO_512,1000,1500,0.486
56,64,EXACT_FIFO_2048,1000,1500,0.498
56,64,NO_TRACE_CURRENT_32,1000,1500,0.488
56,64,EXACT_REPLAY,1000,1500,0.498
56,64,ELIGIBILITY_TRACE_32,1500,2000,0.528
56,64,EXACT_FIFO_32,1500,2000,0.532
56,64,EXACT_FIFO_128,1500,2000,0.532
56,64,EXACT_FIFO_512,1500,2000,0.532
56,64,EXACT_FIFO_2048,1500,2000,0.542
56,64,NO_TRACE_CURRENT_32,1500,2000,0.532
56,64,EXACT_REPLAY,1500,2000,0.542
56,64,ELIGIBILITY_TRACE_32,2000,2500,0.47
56,64,EXACT_FIFO_32,2000,2500,0.468
56,64,EXACT_FIFO_128,2000,2500,0.468
56,64,EXACT_FIFO_512,2000,2500,0.468
56,64,EXACT_FIFO_2048,2000,2500,0.488
56,64,NO_TRACE_CURRENT_32,2000,2500,0.474
56,64,EXACT_REPLAY,2000,2500,0.488
56,64,ELIGIBILITY_TRACE_32,2500,3000,0.494
56,64,EXACT_FIFO_32,2500,3000,0.498
56,64,EXACT_FIFO_128,2500,3000,0.498
56,64,EXACT_FIFO_512,2500,3000,0.498
56,64,EXACT_FIFO_2048,2500,3000,0.504
56,64,NO_TRACE_CURRENT_32,2500,3000,0.496
56,64,EXACT_REPLAY,2500,3000,0.504
56,64,ELIGIBILITY_TRACE_32,3000,3500,0.494
56,64,EXACT_FIFO_32,3000,3500,0.492
56,64,EXACT_FIFO_128,3000,3500,0.492
56,64,EXACT_FIFO_512,3000,3500,0.492
56,64,EXACT_FIFO_2048,3000,3500,0.506
56,64,NO_TRACE_CURRENT_32,3000,3500,0.494
56,64,EXACT_REPLAY,3000,3500,0.506
56,64,ELIGIBILITY_TRACE_32,3500,4000,0.502
56,64,EXACT_FIFO_32,3500,4000,0.502
56,64,EXACT_FIFO_128,3500,4000,0.502
56,64,EXACT_FIFO_512,3500,4000,0.502
56,64,EXACT_FIFO_2048,3500,4000,0.502
56,64,NO_TRACE_CURRENT_32,3500,4000,0.504
56,64,EXACT_REPLAY,3500,4000,0.502
56,64,ELIGIBILITY_TRACE_32,4000,4500,0.514
56,64,EXACT_FIFO_32,4000,4500,0.52
56,64,EXACT_FIFO_128,4000,4500,0.52
56,64,EXACT_FIFO_512,4000,4500,0.52
56,64,EXACT_FIFO_2048,4000,4500,0.53
56,64,NO_TRACE_CURRENT_32,4000,4500,0.52
56,64,EXACT_REPLAY,4000,4500,0.53
56,64,ELIGIBILITY_TRACE_32,4500,5000,0.496
56,64,EXACT_FIFO_32,4500,5000,0.502
56,64,EXACT_FIFO_128,4500,5000,0.502
56,64,EXACT_FIFO_512,4500,5000,0.502
56,64,EXACT_FIFO_2048,4500,5000,0.522
56,64,NO_TRACE_CURRENT_32,4500,5000,0.502
56,64,EXACT_REPLAY,4500,5000,0.522
56,64,ELIGIBILITY_TRACE_32,5000,5500,0.508
56,64,EXACT_FIFO_32,5000,5500,0.508
56,64,EXACT_FIFO_128,5000,5500,0.508
56,64,EXACT_FIFO_512,5000,5500,0.508
56,64,EXACT_FIFO_2048,5000,5500,0.536
56,64,NO_TRACE_CURRENT_32,5000,5500,0.504
56,64,EXACT_REPLAY,5000,5500,0.536
56,64,ELIGIBILITY_TRACE_32,5500,6000,0.528
56,64,EXACT_FIFO_32,5500,6000,0.52
56,64,EXACT_FIFO_128,5500,6000,0.52
56,64,EXACT_FIFO_512,5500,6000,0.52
56,64,EXACT_FIFO_2048,5500,6000,0.536
56,64,NO_TRACE_CURRENT_32,5500,6000,0.524
56,64,EXACT_REPLAY,5500,6000,0.536
57,1,ELIGIBILITY_TRACE_32,0,500,0.492
57,1,EXACT_FIFO_32,0,500,0.5
57,1,EXACT_FIFO_128,0,500,0.5
57,1,EXACT_FIFO_512,0,500,0.5
57,1,EXACT_FIFO_2048,0,500,0.5
57,1,NO_TRACE_CURRENT_32,0,500,0.494
57,1,EXACT_REPLAY,0,500,0.5
57,1,ELIGIBILITY_TRACE_32,500,1000,0.496
57,1,EXACT_FIFO_32,500,1000,0.502
57,1,EXACT_FIFO_128,500,1000,0.502
57,1,EXACT_FIFO_512,500,1000,0.502
57,1,EXACT_FIFO_2048,500,1000,0.502
57,1,NO_TRACE_CURRENT_32,500,1000,0.494
57,1,EXACT_REPLAY,500,1000,0.502
57,1,ELIGIBILITY_TRACE_32,1000,1500,0.514
57,1,EXACT_FIFO_32,1000,1500,0.53
57,1,EXACT_FIFO_128,1000,1500,0.53
57,1,EXACT_FIFO_512,1000,1500,0.53
57,1,EXACT_FIFO_2048,1000,1500,0.53
57,1,NO_TRACE_CURRENT_32,1000,1500,0.512
57,1,EXACT_REPLAY,1000,1500,0.53
57,1,ELIGIBILITY_TRACE_32,1500,2000,0.474
57,1,EXACT_FIFO_32,1500,2000,0.49
57,1,EXACT_FIFO_128,1500,2000,0.49
57,1,EXACT_FIFO_512,1500,2000,0.49
57,1,EXACT_FIFO_2048,1500,2000,0.49
57,1,NO_TRACE_CURRENT_32,1500,2000,0.476
57,1,EXACT_REPLAY,1500,2000,0.49
57,1,ELIGIBILITY_TRACE_32,2000,2500,0.526
57,1,EXACT_FIFO_32,2000,2500,0.542
57,1,EXACT_FIFO_128,2000,2500,0.542
57,1,EXACT_FIFO_512,2000,2500,0.542
57,1,EXACT_FIFO_2048,2000,2500,0.542
57,1,NO_TRACE_CURRENT_32,2000,2500,0.52
57,1,EXACT_REPLAY,2000,2500,0.542
57,1,ELIGIBILITY_TRACE_32,2500,3000,0.562
57,1,EXACT_FIFO_32,2500,3000,0.58
57,1,EXACT_FIFO_128,2500,3000,0.58
57,1,EXACT_FIFO_512,2500,3000,0.58
57,1,EXACT_FIFO_2048,2500,3000,0.58
57,1,NO_TRACE_CURRENT_32,2500,3000,0.546
57,1,EXACT_REPLAY,2500,3000,0.58
57,1,ELIGIBILITY_TRACE_32,3000,3500,0.534
57,1,EXACT_FIFO_32,3000,3500,0.558
57,1,EXACT_FIFO_128,3000,3500,0.558
57,1,EXACT_FIFO_512,3000,3500,0.558
57,1,EXACT_FIFO_2048,3000,3500,0.558
57,1,NO_TRACE_CURRENT_32,3000,3500,0.53
57,1,EXACT_REPLAY,3000,3500,0.558
57,1,ELIGIBILITY_TRACE_32,3500,4000,0.528
57,1,EXACT_FIFO_32,3500,4000,0.578
57,1,EXACT_FIFO_128,3500,4000,0.578
57,1,EXACT_FIFO_512,3500,4000,0.578
57,1,EXACT_FIFO_2048,3500,4000,0.578
57,1,NO_TRACE_CURRENT_32,3500,4000,0.518
57,1,EXACT_REPLAY,3500,4000,0.578
57,1,ELIGIBILITY_TRACE_32,4000,4500,0.49
57,1,EXACT_FIFO_32,4000,4500,0.554
57,1,EXACT_FIFO_128,4000,4500,0.554
57,1,EXACT_FIFO_512,4000,4500,0.554
57,1,EXACT_FIFO_2048,4000,4500,0.554
57,1,NO_TRACE_CURRENT_32,4000,4500,0.486
57,1,EXACT_REPLAY,4000,4500,0.554
57,1,ELIGIBILITY_TRACE_32,4500,5000,0.512
57,1,EXACT_FIFO_32,4500,5000,0.554
57,1,EXACT_FIFO_128,4500,5000,0.554
57,1,EXACT_FIFO_512,4500,5000,0.554
57,1,EXACT_FIFO_2048,4500,5000,0.554
57,1,NO_TRACE_CURRENT_32,4500,5000,0.5
57,1,EXACT_REPLAY,4500,5000,0.554
57,1,ELIGIBILITY_TRACE_32,5000,5500,0.538
57,1,EXACT_FIFO_32,5000,5500,0.568
57,1,EXACT_FIFO_128,5000,5500,0.568
57,1,EXACT_FIFO_512,5000,5500,0.568
57,1,EXACT_FIFO_2048,5000,5500,0.568
57,1,NO_TRACE_CURRENT_32,5000,5500,0.532
57,1,EXACT_REPLAY,5000,5500,0.568
57,1,ELIGIBILITY_TRACE_32,5500,6000,0.518
57,1,EXACT_FIFO_32,5500,6000,0.544
57,1,EXACT_FIFO_128,5500,6000,0.544
57,1,EXACT_FIFO_512,5500,6000,0.544
57,1,EXACT_FIFO_2048,5500,6000,0.544
57,1,NO_TRACE_CURRENT_32,5500,6000,0.508
57,1,EXACT_REPLAY,5500,6000,0.544
57,4,ELIGIBILITY_TRACE_32,0,500,0.492
57,4,EXACT_FIFO_32,0,500,0.492
57,4,EXACT_FIFO_128,0,500,0.5
57,4,EXACT_FIFO_512,0,500,0.5
57,4,EXACT_FIFO_2048,0,500,0.5
57,4,NO_TRACE_CURRENT_32,0,500,0.492
57,4,EXACT_REPLAY,0,500,0.5
57,4,ELIGIBILITY_TRACE_32,500,1000,0.496
57,4,EXACT_FIFO_32,500,1000,0.498
57,4,EXACT_FIFO_128,500,1000,0.502
57,4,EXACT_FIFO_512,500,1000,0.502
57,4,EXACT_FIFO_2048,500,1000,0.502
57,4,NO_TRACE_CURRENT_32,500,1000,0.498
57,4,EXACT_REPLAY,500,1000,0.502
57,4,ELIGIBILITY_TRACE_32,1000,1500,0.51
57,4,EXACT_FIFO_32,1000,1500,0.514
57,4,EXACT_FIFO_128,1000,1500,0.53
57,4,EXACT_FIFO_512,1000,1500,0.53
57,4,EXACT_FIFO_2048,1000,1500,0.53
57,4,NO_TRACE_CURRENT_32,1000,1500,0.506
57,4,EXACT_REPLAY,1000,1500,0.53
57,4,ELIGIBILITY_TRACE_32,1500,2000,0.474
57,4,EXACT_FIFO_32,1500,2000,0.47
57,4,EXACT_FIFO_128,1500,2000,0.49
57,4,EXACT_FIFO_512,1500,2000,0.49
57,4,EXACT_FIFO_2048,1500,2000,0.49
57,4,NO_TRACE_CURRENT_32,1500,2000,0.468
57,4,EXACT_REPLAY,1500,2000,0.49
57,4,ELIGIBILITY_TRACE_32,2000,2500,0.528
57,4,EXACT_FIFO_32,2000,2500,0.518
57,4,EXACT_FIFO_128,2000,2500,0.542
57,4,EXACT_FIFO_512,2000,2500,0.542
57,4,EXACT_FIFO_2048,2000,2500,0.542
57,4,NO_TRACE_CURRENT_32,2000,2500,0.52
57,4,EXACT_REPLAY,2000,2500,0.542
57,4,ELIGIBILITY_TRACE_32,2500,3000,0.556
57,4,EXACT_FIFO_32,2500,3000,0.556
57,4,EXACT_FIFO_128,2500,3000,0.58
57,4,EXACT_FIFO_512,2500,3000,0.58
57,4,EXACT_FIFO_2048,2500,3000,0.58
57,4,NO_TRACE_CURRENT_32,2500,3000,0.55
57,4,EXACT_REPLAY,2500,3000,0.58
57,4,ELIGIBILITY_TRACE_32,3000,3500,0.534
57,4,EXACT_FIFO_32,3000,3500,0.528
57,4,EXACT_FIFO_128,3000,3500,0.558
57,4,EXACT_FIFO_512,3000,3500,0.558
57,4,EXACT_FIFO_2048,3000,3500,0.558
57,4,NO_TRACE_CURRENT_32,3000,3500,0.53
57,4,EXACT_REPLAY,3000,3500,0.558
57,4,ELIGIBILITY_TRACE_32,3500,4000,0.528
57,4,EXACT_FIFO_32,3500,4000,0.518
57,4,EXACT_FIFO_128,3500,4000,0.576
57,4,EXACT_FIFO_512,3500,4000,0.576
57,4,EXACT_FIFO_2048,3500,4000,0.576
57,4,NO_TRACE_CURRENT_32,3500,4000,0.516
57,4,EXACT_REPLAY,3500,4000,0.576
57,4,ELIGIBILITY_TRACE_32,4000,4500,0.49
57,4,EXACT_FIFO_32,4000,4500,0.482
57,4,EXACT_FIFO_128,4000,4500,0.552
57,4,EXACT_FIFO_512,4000,4500,0.552
57,4,EXACT_FIFO_2048,4000,4500,0.552
57,4,NO_TRACE_CURRENT_32,4000,4500,0.482
57,4,EXACT_REPLAY,4000,4500,0.552
57,4,ELIGIBILITY_TRACE_32,4500,5000,0.514
57,4,EXACT_FIFO_32,4500,5000,0.498
57,4,EXACT_FIFO_128,4500,5000,0.554
57,4,EXACT_FIFO_512,4500,5000,0.554
57,4,EXACT_FIFO_2048,4500,5000,0.554
57,4,NO_TRACE_CURRENT_32,4500,5000,0.482
57,4,EXACT_REPLAY,4500,5000,0.554
57,4,ELIGIBILITY_TRACE_32,5000,5500,0.538
57,4,EXACT_FIFO_32,5000,5500,0.522
57,4,EXACT_FIFO_128,5000,5500,0.568
57,4,EXACT_FIFO_512,5000,5500,0.568
57,4,EXACT_FIFO_2048,5000,5500,0.568
57,4,NO_TRACE_CURRENT_32,5000,5500,0.524
57,4,EXACT_REPLAY,5000,5500,0.568
57,4,ELIGIBILITY_TRACE_32,5500,6000,0.518
57,4,EXACT_FIFO_32,5500,6000,0.5
57,4,EXACT_FIFO_128,5500,6000,0.544
57,4,EXACT_FIFO_512,5500,6000,0.544
57,4,EXACT_FIFO_2048,5500,6000,0.544
57,4,NO_TRACE_CURRENT_32,5500,6000,0.504
57,4,EXACT_REPLAY,5500,6000,0.544
57,16,ELIGIBILITY_TRACE_32,0,500,0.492
57,16,EXACT_FIFO_32,0,500,0.492
57,16,EXACT_FIFO_128,0,500,0.492
57,16,EXACT_FIFO_512,0,500,0.498
57,16,EXACT_FIFO_2048,0,500,0.498
57,16,NO_TRACE_CURRENT_32,0,500,0.494
57,16,EXACT_REPLAY,0,500,0.498
57,16,ELIGIBILITY_TRACE_32,500,1000,0.496
57,16,EXACT_FIFO_32,500,1000,0.498
57,16,EXACT_FIFO_128,500,1000,0.498
57,16,EXACT_FIFO_512,500,1000,0.502
57,16,EXACT_FIFO_2048,500,1000,0.502
57,16,NO_TRACE_CURRENT_32,500,1000,0.498
57,16,EXACT_REPLAY,500,1000,0.502
57,16,ELIGIBILITY_TRACE_32,1000,1500,0.512
57,16,EXACT_FIFO_32,1000,1500,0.514
57,16,EXACT_FIFO_128,1000,1500,0.514
57,16,EXACT_FIFO_512,1000,1500,0.53
57,16,EXACT_FIFO_2048,1000,1500,0.53
57,16,NO_TRACE_CURRENT_32,1000,1500,0.51
57,16,EXACT_REPLAY,1000,1500,0.53
57,16,ELIGIBILITY_TRACE_32,1500,2000,0.468
57,16,EXACT_FIFO_32,1500,2000,0.47
57,16,EXACT_FIFO_128,1500,2000,0.47
57,16,EXACT_FIFO_512,1500,2000,0.49
57,16,EXACT_FIFO_2048,1500,2000,0.49
57,16,NO_TRACE_CURRENT_32,1500,2000,0.462
57,16,EXACT_REPLAY,1500,2000,0.49
57,16,ELIGIBILITY_TRACE_32,2000,2500,0.526
57,16,EXACT_FIFO_32,2000,2500,0.518
57,16,EXACT_FIFO_128,2000,2500,0.518
57,16,EXACT_FIFO_512,2000,2500,0.542
57,16,EXACT_FIFO_2048,2000,2500,0.542
57,16,NO_TRACE_CURRENT_32,2000,2500,0.52
57,16,EXACT_REPLAY,2000,2500,0.542
57,16,ELIGIBILITY_TRACE_32,2500,3000,0.56
57,16,EXACT_FIFO_32,2500,3000,0.556
57,16,EXACT_FIFO_128,2500,3000,0.556
57,16,EXACT_FIFO_512,2500,3000,0.58
57,16,EXACT_FIFO_2048,2500,3000,0.58
57,16,NO_TRACE_CURRENT_32,2500,3000,0.552
57,16,EXACT_REPLAY,2500,3000,0.58
57,16,ELIGIBILITY_TRACE_32,3000,3500,0.53
57,16,EXACT_FIFO_32,3000,3500,0.528
57,16,EXACT_FIFO_128,3000,3500,0.528
57,16,EXACT_FIFO_512,3000,3500,0.558
57,16,EXACT_FIFO_2048,3000,3500,0.558
57,16,NO_TRACE_CURRENT_32,3000,3500,0.528
57,16,EXACT_REPLAY,3000,3500,0.558
57,16,ELIGIBILITY_TRACE_32,3500,4000,0.522
57,16,EXACT_FIFO_32,3500,4000,0.518
57,16,EXACT_FIFO_128,3500,4000,0.518
57,16,EXACT_FIFO_512,3500,4000,0.576
57,16,EXACT_FIFO_2048,3500,4000,0.576
57,16,NO_TRACE_CURRENT_32,3500,4000,0.518
57,16,EXACT_REPLAY,3500,4000,0.576
57,16,ELIGIBILITY_TRACE_32,4000,4500,0.49
57,16,EXACT_FIFO_32,4000,4500,0.482
57,16,EXACT_FIFO_128,4000,4500,0.482
57,16,EXACT_FIFO_512,4000,4500,0.548
57,16,EXACT_FIFO_2048,4000,4500,0.548
57,16,NO_TRACE_CURRENT_32,4000,4500,0.482
57,16,EXACT_REPLAY,4000,4500,0.548
57,16,ELIGIBILITY_TRACE_32,4500,5000,0.508
57,16,EXACT_FIFO_32,4500,5000,0.498
57,16,EXACT_FIFO_128,4500,5000,0.498
57,16,EXACT_FIFO_512,4500,5000,0.554
57,16,EXACT_FIFO_2048,4500,5000,0.554
57,16,NO_TRACE_CURRENT_32,4500,5000,0.492
57,16,EXACT_REPLAY,4500,5000,0.554
57,16,ELIGIBILITY_TRACE_32,5000,5500,0.53
57,16,EXACT_FIFO_32,5000,5500,0.522
57,16,EXACT_FIFO_128,5000,5500,0.522
57,16,EXACT_FIFO_512,5000,5500,0.568
57,16,EXACT_FIFO_2048,5000,5500,0.568
57,16,NO_TRACE_CURRENT_32,5000,5500,0.512
57,16,EXACT_REPLAY,5000,5500,0.568
57,16,ELIGIBILITY_TRACE_32,5500,6000,0.506
57,16,EXACT_FIFO_32,5500,6000,0.5
57,16,EXACT_FIFO_128,5500,6000,0.5
57,16,EXACT_FIFO_512,5500,6000,0.542
57,16,EXACT_FIFO_2048,5500,6000,0.542
57,16,NO_TRACE_CURRENT_32,5500,6000,0.502
57,16,EXACT_REPLAY,5500,6000,0.542
57,64,ELIGIBILITY_TRACE_32,0,500,0.494
57,64,EXACT_FIFO_32,0,500,0.492
57,64,EXACT_FIFO_128,0,500,0.492
57,64,EXACT_FIFO_512,0,500,0.492
57,64,EXACT_FIFO_2048,0,500,0.498
57,64,NO_TRACE_CURRENT_32,0,500,0.5
57,64,EXACT_REPLAY,0,500,0.498
57,64,ELIGIBILITY_TRACE_32,500,1000,0.496
57,64,EXACT_FIFO_32,500,1000,0.498
57,64,EXACT_FIFO_128,500,1000,0.498
57,64,EXACT_FIFO_512,500,1000,0.498
57,64,EXACT_FIFO_2048,500,1000,0.502
57,64,NO_TRACE_CURRENT_32,500,1000,0.498
57,64,EXACT_REPLAY,500,1000,0.502
57,64,ELIGIBILITY_TRACE_32,1000,1500,0.516
57,64,EXACT_FIFO_32,1000,1500,0.514
57,64,EXACT_FIFO_128,1000,1500,0.514
57,64,EXACT_FIFO_512,1000,1500,0.514
57,64,EXACT_FIFO_2048,1000,1500,0.528
57,64,NO_TRACE_CURRENT_32,1000,1500,0.512
57,64,EXACT_REPLAY,1000,1500,0.528
57,64,ELIGIBILITY_TRACE_32,1500,2000,0.47
57,64,EXACT_FIFO_32,1500,2000,0.47
57,64,EXACT_FIFO_128,1500,2000,0.47
57,64,EXACT_FIFO_512,1500,2000,0.47
57,64,EXACT_FIFO_2048,1500,2000,0.49
57,64,NO_TRACE_CURRENT_32,1500,2000,0.466
57,64,EXACT_REPLAY,1500,2000,0.49
57,64,ELIGIBILITY_TRACE_32,2000,2500,0.518
57,64,EXACT_FIFO_32,2000,2500,0.518
57,64,EXACT_FIFO_128,2000,2500,0.518
57,64,EXACT_FIFO_512,2000,2500,0.518
57,64,EXACT_FIFO_2048,2000,2500,0.542
57,64,NO_TRACE_CURRENT_32,2000,2500,0.518
57,64,EXACT_REPLAY,2000,2500,0.542
57,64,ELIGIBILITY_TRACE_32,2500,3000,0.552
57,64,EXACT_FIFO_32,2500,3000,0.556
57,64,EXACT_FIFO_128,2500,3000,0.556
57,64,EXACT_FIFO_512,2500,3000,0.556
57,64,EXACT_FIFO_2048,2500,3000,0.578
57,64,NO_TRACE_CURRENT_32,2500,3000,0.544
57,64,EXACT_REPLAY,2500,3000,0.578
57,64,ELIGIBILITY_TRACE_32,3000,3500,0.526
57,64,EXACT_FIFO_32,3000,3500,0.528
57,64,EXACT_FIFO_128,3000,3500,0.528
57,64,EXACT_FIFO_512,3000,3500,0.528
57,64,EXACT_FIFO_2048,3000,3500,0.558
57,64,NO_TRACE_CURRENT_32,3000,3500,0.528
57,64,EXACT_REPLAY,3000,3500,0.558
57,64,ELIGIBILITY_TRACE_32,3500,4000,0.526
57,64,EXACT_FIFO_32,3500,4000,0.518
57,64,EXACT_FIFO_128,3500,4000,0.518
57,64,EXACT_FIFO_512,3500,4000,0.518
57,64,EXACT_FIFO_2048,3500,4000,0.574
57,64,NO_TRACE_CURRENT_32,3500,4000,0.524
57,64,EXACT_REPLAY,3500,4000,0.574
57,64,ELIGIBILITY_TRACE_32,4000,4500,0.486
57,64,EXACT_FIFO_32,4000,4500,0.482
57,64,EXACT_FIFO_128,4000,4500,0.482
57,64,EXACT_FIFO_512,4000,4500,0.482
57,64,EXACT_FIFO_2048,4000,4500,0.548
57,64,NO_TRACE_CURRENT_32,4000,4500,0.48
57,64,EXACT_REPLAY,4000,4500,0.548
57,64,ELIGIBILITY_TRACE_32,4500,5000,0.504
57,64,EXACT_FIFO_32,4500,5000,0.498
57,64,EXACT_FIFO_128,4500,5000,0.498
57,64,EXACT_FIFO_512,4500,5000,0.498
57,64,EXACT_FIFO_2048,4500,5000,0.554
57,64,NO_TRACE_CURRENT_32,4500,5000,0.496
57,64,EXACT_REPLAY,4500,5000,0.554
57,64,ELIGIBILITY_TRACE_32,5000,5500,0.53
57,64,EXACT_FIFO_32,5000,5500,0.522
57,64,EXACT_FIFO_128,5000,5500,0.522
57,64,EXACT_FIFO_512,5000,5500,0.522
57,64,EXACT_FIFO_2048,5000,5500,0.57
57,64,NO_TRACE_CURRENT_32,5000,5500,0.53
57,64,EXACT_REPLAY,5000,5500,0.57
57,64,ELIGIBILITY_TRACE_32,5500,6000,0.506
57,64,EXACT_FIFO_32,5500,6000,0.5
57,64,EXACT_FIFO_128,5500,6000,0.5
57,64,EXACT_FIFO_512,5500,6000,0.5
57,64,EXACT_FIFO_2048,5500,6000,0.538
57,64,NO_TRACE_CURRENT_32,5500,6000,0.498
57,64,EXACT_REPLAY,5500,6000,0.538
58,1,ELIGIBILITY_TRACE_32,0,500,0.504
58,1,EXACT_FIFO_32,0,500,0.506
58,1,EXACT_FIFO_128,0,500,0.506
58,1,EXACT_FIFO_512,0,500,0.506
58,1,EXACT_FIFO_2048,0,500,0.506
58,1,NO_TRACE_CURRENT_32,0,500,0.506
58,1,EXACT_REPLAY,0,500,0.506
58,1,ELIGIBILITY_TRACE_32,500,1000,0.472
58,1,EXACT_FIFO_32,500,1000,0.478
58,1,EXACT_FIFO_128,500,1000,0.478
58,1,EXACT_FIFO_512,500,1000,0.478
58,1,EXACT_FIFO_2048,500,1000,0.478
58,1,NO_TRACE_CURRENT_32,500,1000,0.47
58,1,EXACT_REPLAY,500,1000,0.478
58,1,ELIGIBILITY_TRACE_32,1000,1500,0.456
58,1,EXACT_FIFO_32,1000,1500,0.46
58,1,EXACT_FIFO_128,1000,1500,0.46
58,1,EXACT_FIFO_512,1000,1500,0.46
58,1,EXACT_FIFO_2048,1000,1500,0.46
58,1,NO_TRACE_CURRENT_32,1000,1500,0.456
58,1,EXACT_REPLAY,1000,1500,0.46
58,1,ELIGIBILITY_TRACE_32,1500,2000,0.506
58,1,EXACT_FIFO_32,1500,2000,0.518
58,1,EXACT_FIFO_128,1500,2000,0.518
58,1,EXACT_FIFO_512,1500,2000,0.518
58,1,EXACT_FIFO_2048,1500,2000,0.518
58,1,NO_TRACE_CURRENT_32,1500,2000,0.504
58,1,EXACT_REPLAY,1500,2000,0.518
58,1,ELIGIBILITY_TRACE_32,2000,2500,0.512
58,1,EXACT_FIFO_32,2000,2500,0.532
58,1,EXACT_FIFO_128,2000,2500,0.532
58,1,EXACT_FIFO_512,2000,2500,0.532
58,1,EXACT_FIFO_2048,2000,2500,0.532
58,1,NO_TRACE_CURRENT_32,2000,2500,0.514
58,1,EXACT_REPLAY,2000,2500,0.532
58,1,ELIGIBILITY_TRACE_32,2500,3000,0.482
58,1,EXACT_FIFO_32,2500,3000,0.512
58,1,EXACT_FIFO_128,2500,3000,0.512
58,1,EXACT_FIFO_512,2500,3000,0.512
58,1,EXACT_FIFO_2048,2500,3000,0.512
58,1,NO_TRACE_CURRENT_32,2500,3000,0.47
58,1,EXACT_REPLAY,2500,3000,0.512
58,1,ELIGIBILITY_TRACE_32,3000,3500,0.51
58,1,EXACT_FIFO_32,3000,3500,0.532
58,1,EXACT_FIFO_128,3000,3500,0.532
58,1,EXACT_FIFO_512,3000,3500,0.532
58,1,EXACT_FIFO_2048,3000,3500,0.532
58,1,NO_TRACE_CURRENT_32,3000,3500,0.5
58,1,EXACT_REPLAY,3000,3500,0.532
58,1,ELIGIBILITY_TRACE_32,3500,4000,0.51
58,1,EXACT_FIFO_32,3500,4000,0.526
58,1,EXACT_FIFO_128,3500,4000,0.526
58,1,EXACT_FIFO_512,3500,4000,0.526
58,1,EXACT_FIFO_2048,3500,4000,0.526
58,1,NO_TRACE_CURRENT_32,3500,4000,0.502
58,1,EXACT_REPLAY,3500,4000,0.526
58,1,ELIGIBILITY_TRACE_32,4000,4500,0.512
58,1,EXACT_FIFO_32,4000,4500,0.53
58,1,EXACT_FIFO_128,4000,4500,0.53
58,1,EXACT_FIFO_512,4000,4500,0.53
58,1,EXACT_FIFO_2048,4000,4500,0.53
58,1,NO_TRACE_CURRENT_32,4000,4500,0.498
58,1,EXACT_REPLAY,4000,4500,0.53
58,1,ELIGIBILITY_TRACE_32,4500,5000,0.502
58,1,EXACT_FIFO_32,4500,5000,0.538
58,1,EXACT_FIFO_128,4500,5000,0.538
58,1,EXACT_FIFO_512,4500,5000,0.538
58,1,EXACT_FIFO_2048,4500,5000,0.538
58,1,NO_TRACE_CURRENT_32,4500,5000,0.478
58,1,EXACT_REPLAY,4500,5000,0.538
58,1,ELIGIBILITY_TRACE_32,5000,5500,0.512
58,1,EXACT_FIFO_32,5000,5500,0.562
58,1,EXACT_FIFO_128,5000,5500,0.562
58,1,EXACT_FIFO_512,5000,5500,0.562
58,1,EXACT_FIFO_2048,5000,5500,0.562
58,1,NO_TRACE_CURRENT_32,5000,5500,0.498
58,1,EXACT_REPLAY,5000,5500,0.562
58,1,ELIGIBILITY_TRACE_32,5500,6000,0.512
58,1,EXACT_FIFO_32,5500,6000,0.546
58,1,EXACT_FIFO_128,5500,6000,0.546
58,1,EXACT_FIFO_512,5500,6000,0.546
58,1,EXACT_FIFO_2048,5500,6000,0.546
58,1,NO_TRACE_CURRENT_32,5500,6000,0.502
58,1,EXACT_REPLAY,5500,6000,0.546
58,4,ELIGIBILITY_TRACE_32,0,500,0.506
58,4,EXACT_FIFO_32,0,500,0.506
58,4,EXACT_FIFO_128,0,500,0.506
58,4,EXACT_FIFO_512,0,500,0.506
58,4,EXACT_FIFO_2048,0,500,0.506
58,4,NO_TRACE_CURRENT_32,0,500,0.506
58,4,EXACT_REPLAY,0,500,0.506
58,4,ELIGIBILITY_TRACE_32,500,1000,0.472
58,4,EXACT_FIFO_32,500,1000,0.472
58,4,EXACT_FIFO_128,500,1000,0.478
58,4,EXACT_FIFO_512,500,1000,0.478
58,4,EXACT_FIFO_2048,500,1000,0.478
58,4,NO_TRACE_CURRENT_32,500,1000,0.472
58,4,EXACT_REPLAY,500,1000,0.478
58,4,ELIGIBILITY_TRACE_32,1000,1500,0.456
58,4,EXACT_FIFO_32,1000,1500,0.45
58,4,EXACT_FIFO_128,1000,1500,0.46
58,4,EXACT_FIFO_512,1000,1500,0.46
58,4,EXACT_FIFO_2048,1000,1500,0.46
58,4,NO_TRACE_CURRENT_32,1000,1500,0.456
58,4,EXACT_REPLAY,1000,1500,0.46
58,4,ELIGIBILITY_TRACE_32,1500,2000,0.502
58,4,EXACT_FIFO_32,1500,2000,0.498
58,4,EXACT_FIFO_128,1500,2000,0.518
58,4,EXACT_FIFO_512,1500,2000,0.518
58,4,EXACT_FIFO_2048,1500,2000,0.518
58,4,NO_TRACE_CURRENT_32,1500,2000,0.504
58,4,EXACT_REPLAY,1500,2000,0.518
58,4,ELIGIBILITY_TRACE_32,2000,2500,0.512
58,4,EXACT_FIFO_32,2000,2500,0.514
58,4,EXACT_FIFO_128,2000,2500,0.532
58,4,EXACT_FIFO_512,2000,2500,0.532
58,4,EXACT_FIFO_2048,2000,2500,0.532
58,4,NO_TRACE_CURRENT_32,2000,2500,0.514
58,4,EXACT_REPLAY,2000,2500,0.532
58,4,ELIGIBILITY_TRACE_32,2500,3000,0.48
58,4,EXACT_FIFO_32,2500,3000,0.476
58,4,EXACT_FIFO_128,2500,3000,0.51
58,4,EXACT_FIFO_512,2500,3000,0.51
58,4,EXACT_FIFO_2048,2500,3000,0.51
58,4,NO_TRACE_CURRENT_32,2500,3000,0.476
58,4,EXACT_REPLAY,2500,3000,0.51
58,4,ELIGIBILITY_TRACE_32,3000,3500,0.51
58,4,EXACT_FIFO_32,3000,3500,0.5
58,4,EXACT_FIFO_128,3000,3500,0.532
58,4,EXACT_FIFO_512,3000,3500,0.532
58,4,EXACT_FIFO_2048,3000,3500,0.532
58,4,NO_TRACE_CURRENT_32,3000,3500,0.504
58,4,EXACT_REPLAY,3000,3500,0.532
58,4,ELIGIBILITY_TRACE_32,3500,4000,0.512
58,4,EXACT_FIFO_32,3500,4000,0.5
58,4,EXACT_FIFO_128,3500,4000,0.526
58,4,EXACT_FIFO_512,3500,4000,0.526
58,4,EXACT_FIFO_2048,3500,4000,0.526
58,4,NO_TRACE_CURRENT_32,3500,4000,0.506
58,4,EXACT_REPLAY,3500,4000,0.526
58,4,ELIGIBILITY_TRACE_32,4000,4500,0.506
58,4,EXACT_FIFO_32,4000,4500,0.496
58,4,EXACT_FIFO_128,4000,4500,0.53
58,4,EXACT_FIFO_512,4000,4500,0.53
58,4,EXACT_FIFO_2048,4000,4500,0.53
58,4,NO_TRACE_CURRENT_32,4000,4500,0.496
58,4,EXACT_REPLAY,4000,4500,0.53
58,4,ELIGIBILITY_TRACE_32,4500,5000,0.498
58,4,EXACT_FIFO_32,4500,5000,0.486
58,4,EXACT_FIFO_128,4500,5000,0.536
58,4,EXACT_FIFO_512,4500,5000,0.536
58,4,EXACT_FIFO_2048,4500,5000,0.536
58,4,NO_TRACE_CURRENT_32,4500,5000,0.482
58,4,EXACT_REPLAY,4500,5000,0.536
58,4,ELIGIBILITY_TRACE_32,5000,5500,0.51
58,4,EXACT_FIFO_32,5000,5500,0.502
58,4,EXACT_FIFO_128,5000,5500,0.562
58,4,EXACT_FIFO_512,5000,5500,0.562
58,4,EXACT_FIFO_2048,5000,5500,0.562
58,4,NO_TRACE_CURRENT_32,5000,5500,0.498
58,4,EXACT_REPLAY,5000,5500,0.562
58,4,ELIGIBILITY_TRACE_32,5500,6000,0.506
58,4,EXACT_FIFO_32,5500,6000,0.498
58,4,EXACT_FIFO_128,5500,6000,0.546
58,4,EXACT_FIFO_512,5500,6000,0.546
58,4,EXACT_FIFO_2048,5500,6000,0.546
58,4,NO_TRACE_CURRENT_32,5500,6000,0.494
58,4,EXACT_REPLAY,5500,6000,0.546
58,16,ELIGIBILITY_TRACE_32,0,500,0.502
58,16,EXACT_FIFO_32,0,500,0.506
58,16,EXACT_FIFO_128,0,500,0.506
58,16,EXACT_FIFO_512,0,500,0.506
58,16,EXACT_FIFO_2048,0,500,0.506
58,16,NO_TRACE_CURRENT_32,0,500,0.506
58,16,EXACT_REPLAY,0,500,0.506
58,16,ELIGIBILITY_TRACE_32,500,1000,0.472
58,16,EXACT_FIFO_32,500,1000,0.472
58,16,EXACT_FIFO_128,500,1000,0.472
58,16,EXACT_FIFO_512,500,1000,0.48
58,16,EXACT_FIFO_2048,500,1000,0.48
58,16,NO_TRACE_CURRENT_32,500,1000,0.47
58,16,EXACT_REPLAY,500,1000,0.48
58,16,ELIGIBILITY_TRACE_32,1000,1500,0.456
58,16,EXACT_FIFO_32,1000,1500,0.45
58,16,EXACT_FIFO_128,1000,1500,0.45
58,16,EXACT_FIFO_512,1000,1500,0.46
58,16,EXACT_FIFO_2048,1000,1500,0.46
58,16,NO_TRACE_CURRENT_32,1000,1500,0.452
58,16,EXACT_REPLAY,1000,1500,0.46
58,16,ELIGIBILITY_TRACE_32,1500,2000,0.504
58,16,EXACT_FIFO_32,1500,2000,0.498
58,16,EXACT_FIFO_128,1500,2000,0.498
58,16,EXACT_FIFO_512,1500,2000,0.518
58,16,EXACT_FIFO_2048,1500,2000,0.518
58,16,NO_TRACE_CURRENT_32,1500,2000,0.498
58,16,EXACT_REPLAY,1500,2000,0.518
58,16,ELIGIBILITY_TRACE_32,2000,2500,0.512
58,16,EXACT_FIFO_32,2000,2500,0.514
58,16,EXACT_FIFO_128,2000,2500,0.514
58,16,EXACT_FIFO_512,2000,2500,0.532
58,16,EXACT_FIFO_2048,2000,2500,0.532
58,16,NO_TRACE_CURRENT_32,2000,2500,0.518
58,16,EXACT_REPLAY,2000,2500,0.532
58,16,ELIGIBILITY_TRACE_32,2500,3000,0.478
58,16,EXACT_FIFO_32,2500,3000,0.476
58,16,EXACT_FIFO_128,2500,3000,0.476
58,16,EXACT_FIFO_512,2500,3000,0.512
58,16,EXACT_FIFO_2048,2500,3000,0.512
58,16,NO_TRACE_CURRENT_32,2500,3000,0.474
58,16,EXACT_REPLAY,2500,3000,0.512
58,16,ELIGIBILITY_TRACE_32,3000,3500,0.506
58,16,EXACT_FIFO_32,3000,3500,0.5
58,16,EXACT_FIFO_128,3000,3500,0.5
58,16,EXACT_FIFO_512,3000,3500,0.53
58,16,EXACT_FIFO_2048,3000,3500,0.53
58,16,NO_TRACE_CURRENT_32,3000,3500,0.496
58,16,EXACT_REPLAY,3000,3500,0.53
58,16,ELIGIBILITY_TRACE_32,3500,4000,0.508
58,16,EXACT_FIFO_32,3500,4000,0.5
58,16,EXACT_FIFO_128,3500,4000,0.5
58,16,EXACT_FIFO_512,3500,4000,0.526
58,16,EXACT_FIFO_2048,3500,4000,0.526
58,16,NO_TRACE_CURRENT_32,3500,4000,0.5
58,16,EXACT_REPLAY,3500,4000,0.526
58,16,ELIGIBILITY_TRACE_32,4000,4500,0.508
58,16,EXACT_FIFO_32,4000,4500,0.496
58,16,EXACT_FIFO_128,4000,4500,0.496
58,16,EXACT_FIFO_512,4000,4500,0.53
58,16,EXACT_FIFO_2048,4000,4500,0.53
58,16,NO_TRACE_CURRENT_32,4000,4500,0.498
58,16,EXACT_REPLAY,4000,4500,0.53
58,16,ELIGIBILITY_TRACE_32,4500,5000,0.504
58,16,EXACT_FIFO_32,4500,5000,0.486
58,16,EXACT_FIFO_128,4500,5000,0.486
58,16,EXACT_FIFO_512,4500,5000,0.536
58,16,EXACT_FIFO_2048,4500,5000,0.536
58,16,NO_TRACE_CURRENT_32,4500,5000,0.488
58,16,EXACT_REPLAY,4500,5000,0.536
58,16,ELIGIBILITY_TRACE_32,5000,5500,0.508
58,16,EXACT_FIFO_32,5000,5500,0.502
58,16,EXACT_FIFO_128,5000,5500,0.502
58,16,EXACT_FIFO_512,5000,5500,0.558
58,16,EXACT_FIFO_2048,5000,5500,0.558
58,16,NO_TRACE_CURRENT_32,5000,5500,0.494
58,16,EXACT_REPLAY,5000,5500,0.558
58,16,ELIGIBILITY_TRACE_32,5500,6000,0.508
58,16,EXACT_FIFO_32,5500,6000,0.498
58,16,EXACT_FIFO_128,5500,6000,0.498
58,16,EXACT_FIFO_512,5500,6000,0.546
58,16,EXACT_FIFO_2048,5500,6000,0.546
58,16,NO_TRACE_CURRENT_32,5500,6000,0.492
58,16,EXACT_REPLAY,5500,6000,0.546
58,64,ELIGIBILITY_TRACE_32,0,500,0.504
58,64,EXACT_FIFO_32,0,500,0.506
58,64,EXACT_FIFO_128,0,500,0.506
58,64,EXACT_FIFO_512,0,500,0.506
58,64,EXACT_FIFO_2048,0,500,0.508
58,64,NO_TRACE_CURRENT_32,0,500,0.506
58,64,EXACT_REPLAY,0,500,0.508
58,64,ELIGIBILITY_TRACE_32,500,1000,0.476
58,64,EXACT_FIFO_32,500,1000,0.472
58,64,EXACT_FIFO_128,500,1000,0.472
58,64,EXACT_FIFO_512,500,1000,0.472
58,64,EXACT_FIFO_2048,500,1000,0.482
58,64,NO_TRACE_CURRENT_32,500,1000,0.472
58,64,EXACT_REPLAY,500,1000,0.482
58,64,ELIGIBILITY_TRACE_32,1000,1500,0.448
58,64,EXACT_FIFO_32,1000,1500,0.45
58,64,EXACT_FIFO_128,1000,1500,0.45
58,64,EXACT_FIFO_512,1000,1500,0.45
58,64,EXACT_FIFO_2048,1000,1500,0.458
58,64,NO_TRACE_CURRENT_32,1000,1500,0.452
58,64,EXACT_REPLAY,1000,1500,0.458
58,64,ELIGIBILITY_TRACE_32,1500,2000,0.508
58,64,EXACT_FIFO_32,1500,2000,0.498
58,64,EXACT_FIFO_128,1500,2000,0.498
58,64,EXACT_FIFO_512,1500,2000,0.498
58,64,EXACT_FIFO_2048,1500,2000,0.522
58,64,NO_TRACE_CURRENT_32,1500,2000,0.498
58,64,EXACT_REPLAY,1500,2000,0.522
58,64,ELIGIBILITY_TRACE_32,2000,2500,0.514
58,64,EXACT_FIFO_32,2000,2500,0.514
58,64,EXACT_FIFO_128,2000,2500,0.514
58,64,EXACT_FIFO_512,2000,2500,0.514
58,64,EXACT_FIFO_2048,2000,2500,0.528
58,64,NO_TRACE_CURRENT_32,2000,2500,0.514
58,64,EXACT_REPLAY,2000,2500,0.528
58,64,ELIGIBILITY_TRACE_32,2500,3000,0.474
58,64,EXACT_FIFO_32,2500,3000,0.476
58,64,EXACT_FIFO_128,2500,3000,0.476
58,64,EXACT_FIFO_512,2500,3000,0.476
58,64,EXACT_FIFO_2048,2500,3000,0.512
58,64,NO_TRACE_CURRENT_32,2500,3000,0.48
58,64,EXACT_REPLAY,2500,3000,0.512
58,64,ELIGIBILITY_TRACE_32,3000,3500,0.502
58,64,EXACT_FIFO_32,3000,3500,0.5
58,64,EXACT_FIFO_128,3000,3500,0.5
58,64,EXACT_FIFO_512,3000,3500,0.5
58,64,EXACT_FIFO_2048,3000,3500,0.528
58,64,NO_TRACE_CURRENT_32,3000,3500,0.496
58,64,EXACT_REPLAY,3000,3500,0.528
58,64,ELIGIBILITY_TRACE_32,3500,4000,0.508
58,64,EXACT_FIFO_32,3500,4000,0.5
58,64,EXACT_FIFO_128,3500,4000,0.5
58,64,EXACT_FIFO_512,3500,4000,0.5
58,64,EXACT_FIFO_2048,3500,4000,0.526
58,64,NO_TRACE_CURRENT_32,3500,4000,0.504
58,64,EXACT_REPLAY,3500,4000,0.526
58,64,ELIGIBILITY_TRACE_32,4000,4500,0.5
58,64,EXACT_FIFO_32,4000,4500,0.496
58,64,EXACT_FIFO_128,4000,4500,0.496
58,64,EXACT_FIFO_512,4000,4500,0.496
58,64,EXACT_FIFO_2048,4000,4500,0.53
58,64,NO_TRACE_CURRENT_32,4000,4500,0.494
58,64,EXACT_REPLAY,4000,4500,0.53
58,64,ELIGIBILITY_TRACE_32,4500,5000,0.49
58,64,EXACT_FIFO_32,4500,5000,0.486
58,64,EXACT_FIFO_128,4500,5000,0.486
58,64,EXACT_FIFO_512,4500,5000,0.486
58,64,EXACT_FIFO_2048,4500,5000,0.538
58,64,NO_TRACE_CURRENT_32,4500,5000,0.488
58,64,EXACT_REPLAY,4500,5000,0.538
58,64,ELIGIBILITY_TRACE_32,5000,5500,0.498
58,64,EXACT_FIFO_32,5000,5500,0.502
58,64,EXACT_FIFO_128,5000,5500,0.502
58,64,EXACT_FIFO_512,5000,5500,0.502
58,64,EXACT_FIFO_2048,5000,5500,0.552
58,64,NO_TRACE_CURRENT_32,5000,5500,0.496
58,64,EXACT_REPLAY,5000,5500,0.552
58,64,ELIGIBILITY_TRACE_32,5500,6000,0.504
58,64,EXACT_FIFO_32,5500,6000,0.498
58,64,EXACT_FIFO_128,5500,6000,0.498
58,64,EXACT_FIFO_512,5500,6000,0.498
58,64,EXACT_FIFO_2048,5500,6000,0.546
58,64,NO_TRACE_CURRENT_32,5500,6000,0.494
58,64,EXACT_REPLAY,5500,6000,0.546
59,1,ELIGIBILITY_TRACE_32,0,500,0.472
59,1,EXACT_FIFO_32,0,500,0.47
59,1,EXACT_FIFO_128,0,500,0.47
59,1,EXACT_FIFO_512,0,500,0.47
59,1,EXACT_FIFO_2048,0,500,0.47
59,1,NO_TRACE_CURRENT_32,0,500,0.47
59,1,EXACT_REPLAY,0,500,0.47
59,1,ELIGIBILITY_TRACE_32,500,1000,0.478
59,1,EXACT_FIFO_32,500,1000,0.496
59,1,EXACT_FIFO_128,500,1000,0.496
59,1,EXACT_FIFO_512,500,1000,0.496
59,1,EXACT_FIFO_2048,500,1000,0.496
59,1,NO_TRACE_CURRENT_32,500,1000,0.474
59,1,EXACT_REPLAY,500,1000,0.496
59,1,ELIGIBILITY_TRACE_32,1000,1500,0.508
59,1,EXACT_FIFO_32,1000,1500,0.514
59,1,EXACT_FIFO_128,1000,1500,0.514
59,1,EXACT_FIFO_512,1000,1500,0.514
59,1,EXACT_FIFO_2048,1000,1500,0.514
59,1,NO_TRACE_CURRENT_32,1000,1500,0.506
59,1,EXACT_REPLAY,1000,1500,0.514
59,1,ELIGIBILITY_TRACE_32,1500,2000,0.484
59,1,EXACT_FIFO_32,1500,2000,0.512
59,1,EXACT_FIFO_128,1500,2000,0.512
59,1,EXACT_FIFO_512,1500,2000,0.512
59,1,EXACT_FIFO_2048,1500,2000,0.512
59,1,NO_TRACE_CURRENT_32,1500,2000,0.484
59,1,EXACT_REPLAY,1500,2000,0.512
59,1,ELIGIBILITY_TRACE_32,2000,2500,0.54
59,1,EXACT_FIFO_32,2000,2500,0.55
59,1,EXACT_FIFO_128,2000,2500,0.55
59,1,EXACT_FIFO_512,2000,2500,0.55
59,1,EXACT_FIFO_2048,2000,2500,0.55
59,1,NO_TRACE_CURRENT_32,2000,2500,0.528
59,1,EXACT_REPLAY,2000,2500,0.55
59,1,ELIGIBILITY_TRACE_32,2500,3000,0.498
59,1,EXACT_FIFO_32,2500,3000,0.526
59,1,EXACT_FIFO_128,2500,3000,0.526
59,1,EXACT_FIFO_512,2500,3000,0.526
59,1,EXACT_FIFO_2048,2500,3000,0.526
59,1,NO_TRACE_CURRENT_32,2500,3000,0.49
59,1,EXACT_REPLAY,2500,3000,0.526
59,1,ELIGIBILITY_TRACE_32,3000,3500,0.49
59,1,EXACT_FIFO_32,3000,3500,0.512
59,1,EXACT_FIFO_128,3000,3500,0.512
59,1,EXACT_FIFO_512,3000,3500,0.512
59,1,EXACT_FIFO_2048,3000,3500,0.512
59,1,NO_TRACE_CURRENT_32,3000,3500,0.48
59,1,EXACT_REPLAY,3000,3500,0.512
59,1,ELIGIBILITY_TRACE_32,3500,4000,0.524
59,1,EXACT_FIFO_32,3500,4000,0.552
59,1,EXACT_FIFO_128,3500,4000,0.552
59,1,EXACT_FIFO_512,3500,4000,0.552
59,1,EXACT_FIFO_2048,3500,4000,0.552
59,1,NO_TRACE_CURRENT_32,3500,4000,0.498
59,1,EXACT_REPLAY,3500,4000,0.552
59,1,ELIGIBILITY_TRACE_32,4000,4500,0.516
59,1,EXACT_FIFO_32,4000,4500,0.546
59,1,EXACT_FIFO_128,4000,4500,0.546
59,1,EXACT_FIFO_512,4000,4500,0.546
59,1,EXACT_FIFO_2048,4000,4500,0.546
59,1,NO_TRACE_CURRENT_32,4000,4500,0.508
59,1,EXACT_REPLAY,4000,4500,0.546
59,1,ELIGIBILITY_TRACE_32,4500,5000,0.496
59,1,EXACT_FIFO_32,4500,5000,0.514
59,1,EXACT_FIFO_128,4500,5000,0.514
59,1,EXACT_FIFO_512,4500,5000,0.514
59,1,EXACT_FIFO_2048,4500,5000,0.514
59,1,NO_TRACE_CURRENT_32,4500,5000,0.494
59,1,EXACT_REPLAY,4500,5000,0.514
59,1,ELIGIBILITY_TRACE_32,5000,5500,0.504
59,1,EXACT_FIFO_32,5000,5500,0.53
59,1,EXACT_FIFO_128,5000,5500,0.53
59,1,EXACT_FIFO_512,5000,5500,0.53
59,1,EXACT_FIFO_2048,5000,5500,0.53
59,1,NO_TRACE_CURRENT_32,5000,5500,0.502
59,1,EXACT_REPLAY,5000,5500,0.53
59,1,ELIGIBILITY_TRACE_32,5500,6000,0.532
59,1,EXACT_FIFO_32,5500,6000,0.562
59,1,EXACT_FIFO_128,5500,6000,0.562
59,1,EXACT_FIFO_512,5500,6000,0.562
59,1,EXACT_FIFO_2048,5500,6000,0.562
59,1,NO_TRACE_CURRENT_32,5500,6000,0.526
59,1,EXACT_REPLAY,5500,6000,0.562
59,4,ELIGIBILITY_TRACE_32,0,500,0.47
59,4,EXACT_FIFO_32,0,500,0.47
59,4,EXACT_FIFO_128,0,500,0.472
59,4,EXACT_FIFO_512,0,500,0.472
59,4,EXACT_FIFO_2048,0,500,0.472
59,4,NO_TRACE_CURRENT_32,0,500,0.468
59,4,EXACT_REPLAY,0,500,0.472
59,4,ELIGIBILITY_TRACE_32,500,1000,0.474
59,4,EXACT_FIFO_32,500,1000,0.476
59,4,EXACT_FIFO_128,500,1000,0.496
59,4,EXACT_FIFO_512,500,1000,0.496
59,4,EXACT_FIFO_2048,500,1000,0.496
59,4,NO_TRACE_CURRENT_32,500,1000,0.478
59,4,EXACT_REPLAY,500,1000,0.496
59,4,ELIGIBILITY_TRACE_32,1000,1500,0.51
59,4,EXACT_FIFO_32,1000,1500,0.504
59,4,EXACT_FIFO_128,1000,1500,0.514
59,4,EXACT_FIFO_512,1000,1500,0.514
59,4,EXACT_FIFO_2048,1000,1500,0.514
59,4,NO_TRACE_CURRENT_32,1000,1500,0.504
59,4,EXACT_REPLAY,1000,1500,0.514
59,4,ELIGIBILITY_TRACE_32,1500,2000,0.488
59,4,EXACT_FIFO_32,1500,2000,0.492
59,4,EXACT_FIFO_128,1500,2000,0.512
59,4,EXACT_FIFO_512,1500,2000,0.512
59,4,EXACT_FIFO_2048,1500,2000,0.512
59,4,NO_TRACE_CURRENT_32,1500,2000,0.488
59,4,EXACT_REPLAY,1500,2000,0.512
59,4,ELIGIBILITY_TRACE_32,2000,2500,0.54
59,4,EXACT_FIFO_32,2000,2500,0.53
59,4,EXACT_FIFO_128,2000,2500,0.55
59,4,EXACT_FIFO_512,2000,2500,0.55
59,4,EXACT_FIFO_2048,2000,2500,0.55
59,4,NO_TRACE_CURRENT_32,2000,2500,0.528
59,4,EXACT_REPLAY,2000,2500,0.55
59,4,ELIGIBILITY_TRACE_32,2500,3000,0.496
59,4,EXACT_FIFO_32,2500,3000,0.496
59,4,EXACT_FIFO_128,2500,3000,0.526
59,4,EXACT_FIFO_512,2500,3000,0.526
59,4,EXACT_FIFO_2048,2500,3000,0.526
59,4,NO_TRACE_CURRENT_32,2500,3000,0.494
59,4,EXACT_REPLAY,2500,3000,0.526
59,4,ELIGIBILITY_TRACE_32,3000,3500,0.492
59,4,EXACT_FIFO_32,3000,3500,0.482
59,4,EXACT_FIFO_128,3000,3500,0.512
59,4,EXACT_FIFO_512,3000,3500,0.512
59,4,EXACT_FIFO_2048,3000,3500,0.512
59,4,NO_TRACE_CURRENT_32,3000,3500,0.478
59,4,EXACT_REPLAY,3000,3500,0.512
59,4,ELIGIBILITY_TRACE_32,3500,4000,0.528
59,4,EXACT_FIFO_32,3500,4000,0.502
59,4,EXACT_FIFO_128,3500,4000,0.552
59,4,EXACT_FIFO_512,3500,4000,0.552
59,4,EXACT_FIFO_2048,3500,4000,0.552
59,4,NO_TRACE_CURRENT_32,3500,4000,0.506
59,4,EXACT_REPLAY,3500,4000,0.552
59,4,ELIGIBILITY_TRACE_32,4000,4500,0.516
59,4,EXACT_FIFO_32,4000,4500,0.514
59,4,EXACT_FIFO_128,4000,4500,0.546
59,4,EXACT_FIFO_512,4000,4500,0.546
59,4,EXACT_FIFO_2048,4000,4500,0.546
59,4,NO_TRACE_CURRENT_32,4000,4500,0.512
59,4,EXACT_REPLAY,4000,4500,0.546
59,4,ELIGIBILITY_TRACE_32,4500,5000,0.498
59,4,EXACT_FIFO_32,4500,5000,0.49
59,4,EXACT_FIFO_128,4500,5000,0.514
59,4,EXACT_FIFO_512,4500,5000,0.514
59,4,EXACT_FIFO_2048,4500,5000,0.514
59,4,NO_TRACE_CURRENT_32,4500,5000,0.496
59,4,EXACT_REPLAY,4500,5000,0.514
59,4,ELIGIBILITY_TRACE_32,5000,5500,0.504
59,4,EXACT_FIFO_32,5000,5500,0.504
59,4,EXACT_FIFO_128,5000,5500,0.53
59,4,EXACT_FIFO_512,5000,5500,0.53
59,4,EXACT_FIFO_2048,5000,5500,0.53
59,4,NO_TRACE_CURRENT_32,5000,5500,0.504
59,4,EXACT_REPLAY,5000,5500,0.53
59,4,ELIGIBILITY_TRACE_32,5500,6000,0.528
59,4,EXACT_FIFO_32,5500,6000,0.53
59,4,EXACT_FIFO_128,5500,6000,0.562
59,4,EXACT_FIFO_512,5500,6000,0.562
59,4,EXACT_FIFO_2048,5500,6000,0.562
59,4,NO_TRACE_CURRENT_32,5500,6000,0.532
59,4,EXACT_REPLAY,5500,6000,0.562
59,16,ELIGIBILITY_TRACE_32,0,500,0.472
59,16,EXACT_FIFO_32,0,500,0.47
59,16,EXACT_FIFO_128,0,500,0.47
59,16,EXACT_FIFO_512,0,500,0.47
59,16,EXACT_FIFO_2048,0,500,0.47
59,16,NO_TRACE_CURRENT_32,0,500,0.47
59,16,EXACT_REPLAY,0,500,0.47
59,16,ELIGIBILITY_TRACE_32,500,1000,0.474
59,16,EXACT_FIFO_32,500,1000,0.476
59,16,EXACT_FIFO_128,500,1000,0.476
59,16,EXACT_FIFO_512,500,1000,0.498
59,16,EXACT_FIFO_2048,500,1000,0.498
59,16,NO_TRACE_CURRENT_32,500,1000,0.474
59,16,EXACT_REPLAY,500,1000,0.498
59,16,ELIGIBILITY_TRACE_32,1000,1500,0.508
59,16,EXACT_FIFO_32,1000,1500,0.504
59,16,EXACT_FIFO_128,1000,1500,0.504
59,16,EXACT_FIFO_512,1000,1500,0.514
59,16,EXACT_FIFO_2048,1000,1500,0.514
59,16,NO_TRACE_CURRENT_32,1000,1500,0.508
59,16,EXACT_REPLAY,1000,1500,0.514
59,16,ELIGIBILITY_TRACE_32,1500,2000,0.488
59,16,EXACT_FIFO_32,1500,2000,0.492
59,16,EXACT_FIFO_128,1500,2000,0.492
59,16,EXACT_FIFO_512,1500,2000,0.512
59,16,EXACT_FIFO_2048,1500,2000,0.512
59,16,NO_TRACE_CURRENT_32,1500,2000,0.484
59,16,EXACT_REPLAY,1500,2000,0.512
59,16,ELIGIBILITY_TRACE_32,2000,2500,0.536
59,16,EXACT_FIFO_32,2000,2500,0.53
59,16,EXACT_FIFO_128,2000,2500,0.53
59,16,EXACT_FIFO_512,2000,2500,0.552
59,16,EXACT_FIFO_2048,2000,2500,0.552
59,16,NO_TRACE_CURRENT_32,2000,2500,0.53
59,16,EXACT_REPLAY,2000,2500,0.552
59,16,ELIGIBILITY_TRACE_32,2500,3000,0.494
59,16,EXACT_FIFO_32,2500,3000,0.496
59,16,EXACT_FIFO_128,2500,3000,0.496
59,16,EXACT_FIFO_512,2500,3000,0.526
59,16,EXACT_FIFO_2048,2500,3000,0.526
59,16,NO_TRACE_CURRENT_32,2500,3000,0.49
59,16,EXACT_REPLAY,2500,3000,0.526
59,16,ELIGIBILITY_TRACE_32,3000,3500,0.486
59,16,EXACT_FIFO_32,3000,3500,0.482
59,16,EXACT_FIFO_128,3000,3500,0.482
59,16,EXACT_FIFO_512,3000,3500,0.512
59,16,EXACT_FIFO_2048,3000,3500,0.512
59,16,NO_TRACE_CURRENT_32,3000,3500,0.486
59,16,EXACT_REPLAY,3000,3500,0.512
59,16,ELIGIBILITY_TRACE_32,3500,4000,0.516
59,16,EXACT_FIFO_32,3500,4000,0.502
59,16,EXACT_FIFO_128,3500,4000,0.502
59,16,EXACT_FIFO_512,3500,4000,0.552
59,16,EXACT_FIFO_2048,3500,4000,0.552
59,16,NO_TRACE_CURRENT_32,3500,4000,0.51
59,16,EXACT_REPLAY,3500,4000,0.552
59,16,ELIGIBILITY_TRACE_32,4000,4500,0.52
59,16,EXACT_FIFO_32,4000,4500,0.514
59,16,EXACT_FIFO_128,4000,4500,0.514
59,16,EXACT_FIFO_512,4000,4500,0.546
59,16,EXACT_FIFO_2048,4000,4500,0.546
59,16,NO_TRACE_CURRENT_32,4000,4500,0.52
59,16,EXACT_REPLAY,4000,4500,0.546
59,16,ELIGIBILITY_TRACE_32,4500,5000,0.504
59,16,EXACT_FIFO_32,4500,5000,0.49
59,16,EXACT_FIFO_128,4500,5000,0.49
59,16,EXACT_FIFO_512,4500,5000,0.51
59,16,EXACT_FIFO_2048,4500,5000,0.51
59,16,NO_TRACE_CURRENT_32,4500,5000,0.5
59,16,EXACT_REPLAY,4500,5000,0.51
59,16,ELIGIBILITY_TRACE_32,5000,5500,0.508
59,16,EXACT_FIFO_32,5000,5500,0.504
59,16,EXACT_FIFO_128,5000,5500,0.504
59,16,EXACT_FIFO_512,5000,5500,0.53
59,16,EXACT_FIFO_2048,5000,5500,0.53
59,16,NO_TRACE_CURRENT_32,5000,5500,0.508
59,16,EXACT_REPLAY,5000,5500,0.53
59,16,ELIGIBILITY_TRACE_32,5500,6000,0.528
59,16,EXACT_FIFO_32,5500,6000,0.53
59,16,EXACT_FIFO_128,5500,6000,0.53
59,16,EXACT_FIFO_512,5500,6000,0.564
59,16,EXACT_FIFO_2048,5500,6000,0.564
59,16,NO_TRACE_CURRENT_32,5500,6000,0.524
59,16,EXACT_REPLAY,5500,6000,0.564
59,64,ELIGIBILITY_TRACE_32,0,500,0.47
59,64,EXACT_FIFO_32,0,500,0.47
59,64,EXACT_FIFO_128,0,500,0.47
59,64,EXACT_FIFO_512,0,500,0.47
59,64,EXACT_FIFO_2048,0,500,0.468
59,64,NO_TRACE_CURRENT_32,0,500,0.47
59,64,EXACT_REPLAY,0,500,0.468
59,64,ELIGIBILITY_TRACE_32,500,1000,0.472
59,64,EXACT_FIFO_32,500,1000,0.476
59,64,EXACT_FIFO_128,500,1000,0.476
59,64,EXACT_FIFO_512,500,1000,0.476
59,64,EXACT_FIFO_2048,500,1000,0.494
59,64,NO_TRACE_CURRENT_32,500,1000,0.488
59,64,EXACT_REPLAY,500,1000,0.494
59,64,ELIGIBILITY_TRACE_32,1000,1500,0.508
59,64,EXACT_FIFO_32,1000,1500,0.504
59,64,EXACT_FIFO_128,1000,1500,0.504
59,64,EXACT_FIFO_512,1000,1500,0.504
59,64,EXACT_FIFO_2048,1000,1500,0.512
59,64,NO_TRACE_CURRENT_32,1000,1500,0.506
59,64,EXACT_REPLAY,1000,1500,0.512
59,64,ELIGIBILITY_TRACE_32,1500,2000,0.494
59,64,EXACT_FIFO_32,1500,2000,0.492
59,64,EXACT_FIFO_128,1500,2000,0.492
59,64,EXACT_FIFO_512,1500,2000,0.492
59,64,EXACT_FIFO_2048,1500,2000,0.51
59,64,NO_TRACE_CURRENT_32,1500,2000,0.492
59,64,EXACT_REPLAY,1500,2000,0.51
59,64,ELIGIBILITY_TRACE_32,2000,2500,0.536
59,64,EXACT_FIFO_32,2000,2500,0.53
59,64,EXACT_FIFO_128,2000,2500,0.53
59,64,EXACT_FIFO_512,2000,2500,0.53
59,64,EXACT_FIFO_2048,2000,2500,0.55
59,64,NO_TRACE_CURRENT_32,2000,2500,0.536
59,64,EXACT_REPLAY,2000,2500,0.55
59,64,ELIGIBILITY_TRACE_32,2500,3000,0.5
59,64,EXACT_FIFO_32,2500,3000,0.496
59,64,EXACT_FIFO_128,2500,3000,0.496
59,64,EXACT_FIFO_512,2500,3000,0.496
59,64,EXACT_FIFO_2048,2500,3000,0.528
59,64,NO_TRACE_CURRENT_32,2500,3000,0.498
59,64,EXACT_REPLAY,2500,3000,0.528
59,64,ELIGIBILITY_TRACE_32,3000,3500,0.484
59,64,EXACT_FIFO_32,3000,3500,0.482
59,64,EXACT_FIFO_128,3000,3500,0.482
59,64,EXACT_FIFO_512,3000,3500,0.482
59,64,EXACT_FIFO_2048,3000,3500,0.512
59,64,NO_TRACE_CURRENT_32,3000,3500,0.484
59,64,EXACT_REPLAY,3000,3500,0.512
59,64,ELIGIBILITY_TRACE_32,3500,4000,0.512
59,64,EXACT_FIFO_32,3500,4000,0.502
59,64,EXACT_FIFO_128,3500,4000,0.502
59,64,EXACT_FIFO_512,3500,4000,0.502
59,64,EXACT_FIFO_2048,3500,4000,0.554
59,64,NO_TRACE_CURRENT_32,3500,4000,0.508
59,64,EXACT_REPLAY,3500,4000,0.554
59,64,ELIGIBILITY_TRACE_32,4000,4500,0.518
59,64,EXACT_FIFO_32,4000,4500,0.514
59,64,EXACT_FIFO_128,4000,4500,0.514
59,64,EXACT_FIFO_512,4000,4500,0.514
59,64,EXACT_FIFO_2048,4000,4500,0.55
59,64,NO_TRACE_CURRENT_32,4000,4500,0.52
59,64,EXACT_REPLAY,4000,4500,0.55
59,64,ELIGIBILITY_TRACE_32,4500,5000,0.5
59,64,EXACT_FIFO_32,4500,5000,0.49
59,64,EXACT_FIFO_128,4500,5000,0.49
59,64,EXACT_FIFO_512,4500,5000,0.49
59,64,EXACT_FIFO_2048,4500,5000,0.512
59,64,NO_TRACE_CURRENT_32,4500,5000,0.494
59,64,EXACT_REPLAY,4500,5000,0.512
59,64,ELIGIBILITY_TRACE_32,5000,5500,0.506
59,64,EXACT_FIFO_32,5000,5500,0.504
59,64,EXACT_FIFO_128,5000,5500,0.504
59,64,EXACT_FIFO_512,5000,5500,0.504
59,64,EXACT_FIFO_2048,5000,5500,0.53
59,64,NO_TRACE_CURRENT_32,5000,5500,0.512
59,64,EXACT_REPLAY,5000,5500,0.53
59,64,ELIGIBILITY_TRACE_32,5500,6000,0.518
59,64,EXACT_FIFO_32,5500,6000,0.53
59,64,EXACT_FIFO_128,5500,6000,0.53
59,64,EXACT_FIFO_512,5500,6000,0.53
59,64,EXACT_FIFO_2048,5500,6000,0.562
59,64,NO_TRACE_CURRENT_32,5500,6000,0.528
59,64,EXACT_REPLAY,5500,6000,0.562
