time_seconds,bio_00,bio_01,bio_02,bio_03,bio_04,bio_05,bio_06,bio_07,bio_08,bio_09,bio_10,bio_11,bio_12,bio_13,bio_14,bio_15,bio_16,bio_17,bio_18,bio_19,bio_20,bio_21,bio_22,bio_23,bio_24,bio_25,bio_26,bio_27,bio_28,bio_29,bio_30,bio_31,bio_32,bio_33,bio_34,bio_35,bio_36,bio_37,bio_38,bio_39,bio_40,bio_41,bio_42,bio_43,bio_44,bio_45,bio_46,bio_47,bio_48,bio_49,bio_50,bio_51,bio_52,bio_53,bio_54,bio_55,bio_56,bio_57,bio_58,bio_59,bio_60,bio_61,bio_62,bio_63,rbf_00,rbf_01,rbf_02,rbf_03,rbf_04,rbf_05,rbf_06,rbf_07,rbf_08,rbf_09,rbf_10,rbf_11,rbf_12,rbf_13,rbf_14,rbf_15,rbf_16,rbf_17,rbf_18,rbf_19,rbf_20,rbf_21,rbf_22,rbf_23,rbf_24,rbf_25,rbf_26,rbf_27,rbf_28,rbf_29,rbf_30,rbf_31,rbf_32,rbf_33,rbf_34,rbf_35,rbf_36,rbf_37,rbf_38,rbf_39,rbf_40,rbf_41,rbf_42,rbf_43,rbf_44,rbf_45,rbf_46,rbf_47,rbf_48,rbf_49,rbf_50,rbf_51,rbf_52,rbf_53,rbf_54,rbf_55,rbf_56,rbf_57,rbf_58,rbf_59,rbf_60,rbf_61,rbf_62,rbf_63
0.0,0.7169263362884521,0.0,1.0,0.0,1.0,0.021220983937382698,0.0,0.0,0.0,0.2561170756816864,0.0,0.0,0.0,1.0,0.00514360424131155,1.0,1.0,0.8482722640037537,0.6102080941200256,0.0,0.09192348271608353,0.1699368804693222,0.45100516080856323,0.0,0.0,0.0027234931476414204,0.3132900893688202,0.0,0.23454302549362183,0.0,0.0,0.0,0.0,0.0,0.24582688510417938,0.0,0.0,0.0,0.013206281699240208,0.0,0.03432222083210945,0.0,0.0,0.0,0.0,0.0,0.3245778977870941,0.4614305794239044,0.552139163017273,0.0,0.4965192973613739,0.0,0.0,0.03743429109454155,0.5756857991218567,0.0,0.28149279952049255,0.0,0.0,0.08282515406608582,0.0,0.0,0.0,0.06373509019613266,1.0,0.9592101573944092,0.8465548753738403,0.6874229311943054,0.5135946273803711,0.3530566990375519,0.22330376505851746,0.1299496591091156,0.0695795863866806,0.03427804633975029,0.015537383034825325,0.006479884032160044,0.0024864752776920795,0.0008778668125160038,0.00028516791644506156,8.523152064299211e-05,2.3438367861672305e-05,5.930373845330905e-06,1.3805887419948704e-06,2.957155516014609e-07,5.8278924797150466e-08,1.0567601904654111e-08,1.7630675808177898e-09,2.706381230233035e-10,3.822404198716711e-11,4.9672011295798235e-12,5.939015555386784e-13,6.533482928934228e-14,6.613061928438654e-15,6.158684974048596e-16,5.277168124371491e-17,4.160460814380919e-18,3.0179322757479223e-19,2.0142117718717584e-20,1.236882099624066e-21,6.988420940600696e-23,3.632932449344368e-24,1.737653621473785e-25,7.647097437183959e-27,3.0964037569563704e-28,1.1535756881907533e-29,3.954232281194364e-31,1.2471131073876616e-32,3.6189037703241205e-34,9.662194786844944e-36,2.3735702340335994e-37,5.364830533012097e-39,1.1156717983414896e-40,2.1341775611666964e-42,3.783505853677006e-44,0.0,0.0,0.0,0.0,0.0,0.0,0.0,0.0,0.0,0.0,0.0,0.0,0.0,0.0
0.03,0.07230304926633835,0.0,0.9000422358512878,0.0,0.8022023439407349,0.0021401667036116123,0.0,0.0,0.0,0.3991594910621643,0.0,0.28287938237190247,0.0,0.20643053948879242,0.04295622929930687,0.10082195699214935,0.10082195699214935,0.6876084804534912,0.45230183005332947,0.14106427133083344,0.00926132407039404,0.17825394868850708,0.17153723537921906,0.899228572845459,0.027220098301768303,0.00027445025625638664,0.7676418423652649,0.2785286605358124,0.02363523282110691,0.0,0.0,0.0,0.8992159366607666,0.0,0.024775430560112,0.0,0.21074163913726807,0.04221515357494354,0.17578744888305664,0.0,0.003460144391283393,0.0,0.03347310423851013,0.0,0.0,0.0,0.4186873733997345,0.35774704813957214,0.4569444954395294,0.0,0.5084905624389648,0.0,0.0,0.03876860439777374,0.6809296011924744,0.0,0.9275798797607422,0.0,0.0,0.08639691025018692,0.0,0.0,0.0,0.006426164414733648,0.9634929895401001,0.9998740553855896,0.9547058343887329,0.8387285470962524,0.6779549717903137,0.5042057633399963,0.3450184762477875,0.21722230315208435,0.12583285570144653,0.06706736981868744,0.03288940340280533,0.014839809387922287,0.006160673685371876,0.002353182528167963,0.0008270097314380109,0.0002674195566214621,7.956155604915693e-05,2.17791493923869e-05,5.48537263966864e-06,1.271156179427635e-06,2.710311832743173e-07,5.317005857818913e-08,9.597156847007682e-09,1.5938431685569299e-09,2.435432688852046e-10,3.424004135776926e-11,4.429145418483049e-12,5.271487456617874e-13,5.772633212370801e-14,5.816239823748168e-15,5.391855458987437e-16,4.598981930729475e-17,3.609214832876087e-18,2.606101279236732e-19,1.7314000129095853e-20,1.058354470670745e-21,5.9524036028867e-23,3.080216267240361e-24,1.4665523269308512e-25,6.4245321307405076e-27,2.5894823844478796e-28,9.6031125137884e-30,3.2767147181007534e-31,1.0287095630827423e-32,2.9714915322366107e-34,7.897393492106454e-36,1.931170443705066e-37,4.3449514976918516e-39,8.994514452961703e-41,1.7137880218692513e-42,2.942726775082116e-44,0.0,0.0,0.0,0.0,0.0,0.0,0.0,0.0,0.0,0.0,0.0,0.0,0.0
0.06,0.0,0.0,0.5103465914726257,0.1099233329296112,0.8162219524383545,0.0,0.0,0.0,0.0,0.18801981210708618,0.0,0.2779746651649475,0.0,0.6699194312095642,0.009516793303191662,0.0,0.0,0.9333431124687195,0.08767213672399521,0.03165033459663391,0.7984992861747742,0.23505675792694092,0.02825566567480564,0.20154283940792084,0.006100802216678858,0.0,0.16497460007667542,0.062426235526800156,0.0,0.009515390731394291,0.0,0.0,0.5260792374610901,0.6259360909461975,0.0,0.0,0.42567503452301025,0.039906095713377,0.03911876678466797,0.0,0.0,0.0,0.02365938201546669,0.0,0.0,0.0,0.49211356043815613,0.4238172173500061,0.37401050329208374,0.09381057322025299,0.5040637254714966,0.0,0.02246510423719883,0.007845317013561726,0.8538461327552795,0.0,0.45505422353744507,0.0,0.0,0.12075808644294739,0.0,0.037171002477407455,0.1345827281475067,0.13136810064315796,0.8617756366729736,0.9675511121749878,0.9994962215423584,0.9499832987785339,0.8307652473449707,0.6684489846229553,0.4948638677597046,0.3370783030986786,0.21125324070453644,0.12181577831506729,0.06462956964969635,0.03154906630516052,0.014169983565807343,0.005855712573975325,0.002226474229246378,0.0007789026712998748,0.0002507126482669264,7.425007061101496e-05,2.023228989855852e-05,5.072484782431275e-06,1.1701029052346712e-06,2.483446905898745e-07,4.8496826110522306e-08,8.713633370405205e-09,1.440498387239586e-09,2.191058029454851e-10,3.066355502845397e-11,3.948377649137802e-12,4.677808704625641e-13,5.0991027670871034e-14,5.114140142999709e-15,4.719316063427851e-16,4.006941634801181e-17,3.130217907998933e-18,2.249902314822796e-19,1.487922469220156e-20,9.053667499493699e-22,5.068696688853517e-23,2.610932381055244e-24,1.2374353190994276e-25,5.396062429278391e-27,2.1650052580337454e-28,7.992239881862226e-30,2.7145987268115493e-31,8.483406813350135e-33,2.4392848577806372e-34,6.45330686122015e-36,1.5708317003822878e-37,3.518070497266135e-39,7.249477475338009e-41,1.3746737935026455e-42,2.382207389352189e-44,0.0,0.0,0.0,0.0,0.0,0.0,0.0,0.0,0.0,0.0,0.0,0.0
0.09,0.0,0.12176781892776489,0.125474214553833,0.04166090115904808,0.9029453992843628,0.056887343525886536,0.0,0.0897422507405281,0.0,0.46010640263557434,0.0,0.08128003031015396,0.0,0.3610910475254059,0.0,0.0,0.0,0.8590816855430603,0.27098357677459717,0.03803667426109314,0.30225107073783875,0.31345438957214355,0.0,0.0,0.0,0.0,0.29219937324523926,0.22203677892684937,0.0,0.13686171174049377,0.0,0.0,0.12288667261600494,0.41411250829696655,0.08397123217582703,0.022270632907748222,0.30899152159690857,0.1261579841375351,0.0,0.0,0.0,0.09967143833637238,0.02310846373438835,0.0,0.0,0.0,0.6512075662612915,0.3873467743396759,0.37959104776382446,0.03551512584090233,0.6612734794616699,0.07199174910783768,0.030209874734282494,0.0,0.872308075428009,0.0,0.41415178775787354,0.0,0.0,0.29333552718162537,0.0,0.19017907977104187,0.3699033558368683,0.16317181289196014,0.7155450582504272,0.8691597580909729,0.9713814854621887,0.998866856098175,0.9450459480285645,0.8226702809333801,0.6589102149009705,0.4855726957321167,0.3292378783226013,0.20539644360542297,0.11789722740650177,0.062264688313007355,0.030255727469921112,0.013526983559131622,0.005564445164054632,0.002106057945638895,0.0007334091933444142,0.00023499027884099633,6.927571666892618e-05,1.8790560716297477e-05,4.689493835030589e-06,1.0768117135739885e-06,2.2749986783310305e-07,4.422318866659225e-08,7.909454424748219e-09,1.3015791777704067e-09,1.9707074860875196e-10,2.745372852663852e-11,3.5189089055837064e-12,4.149944548160339e-13,4.503022642808087e-14,4.495660401837142e-15,4.129623372252432e-16,3.490237309469522e-17,2.71410718239597e-18,1.9418988995522911e-19,1.2783618348054584e-20,7.742986591283768e-22,4.315099443817695e-23,2.2125883894939365e-24,1.0438498390343228e-25,4.531093394887062e-27,1.8096538499248009e-28,6.649907335709087e-30,2.248346415721734e-31,6.994206081071996e-33,2.001894430099203e-34,5.271952257799281e-36,1.2774070887046856e-37,2.8478350469734322e-39,5.841592908230865e-41,1.102821891423631e-42,1.961817850054744e-44,0.0,0.0,0.0,0.0,0.0,0.0,0.0,0.0,0.0,0.0,0.0
0.12,0.0,0.22226309776306152,0.0,0.15277723968029022,0.7932178378105164,0.10159491002559662,0.0,0.17955440282821655,0.005585148930549622,0.4543192982673645,0.019447971135377884,0.21074987947940826,0.29720208048820496,0.06721562892198563,0.10929834842681885,0.0,0.0,0.6731743812561035,0.15677566826343536,0.10989271849393845,0.14986209571361542,0.4346943497657776,0.0,0.3567120432853699,0.0,0.0,0.6673195958137512,0.12828102707862854,0.0,0.19195856153964996,0.0,0.0,0.130850151181221,0.3808657228946686,0.04852282628417015,0.012869098223745823,0.2589956820011139,0.30465027689933777,0.05150341987609863,0.0,0.0921657532453537,0.24534833431243896,0.009821295738220215,0.0,0.012411044910550117,0.01494560856372118,0.6596410870552063,0.4759972393512726,0.4463132917881012,0.0899374932050705,0.8911826610565186,0.04158801585435867,0.01254192553460598,0.0,0.8885616660118103,0.0,0.4312688708305359,0.0,0.0,0.455105721950531,0.0,0.41350364685058594,0.5045400857925415,0.11526189744472504,0.5515397787094116,0.7248071432113647,0.8763864040374756,0.974981427192688,0.9979864358901978,0.9398974180221558,0.8144489526748657,0.6493439674377441,0.47633591294288635,0.321498841047287,0.19965171813964844,0.11407598853111267,0.05997123196721077,0.02900809980928898,0.012909907847642899,0.005286333616822958,0.0019916524179279804,0.0006903988542035222,0.0002201984025305137,6.46183398202993e-05,1.744716973917093e-05,4.334327968535945e-06,9.907089406624436e-07,2.0835214797898516e-07,4.031599587506207e-08,7.1776851129357055e-09,1.1757607110141066e-09,1.772070823413685e-10,2.457370938679926e-11,3.135363930290014e-12,3.680719737244459e-13,3.9756219827715225e-14,3.950981370819421e-15,3.612704310833754e-16,3.039397074976275e-17,2.352718797011606e-18,1.675637732177597e-19,1.0980391269876693e-20,6.62038223978203e-22,3.67261893708077e-23,1.8745465032495337e-24,8.803272317696086e-26,3.803817181125743e-27,1.51224669234642e-28,5.531631535986522e-30,1.8617072807278005e-31,5.764970332582021e-33,1.6425188303758333e-34,4.3057732441302815e-36,1.0385312147114256e-37,2.3047057751857764e-39,4.705840502895601e-41,8.842193309889596e-43,1.5414283107572988e-44,0.0,0.0,0.0,0.0,0.0,0.0,0.0,0.0,0.0,0.0
0.15,0.0,0.3212324380874634,0.0,0.28390976786613464,0.6381552815437317,0.0580594539642334,0.0,0.2870303988456726,0.01884644478559494,0.27364790439605713,0.042321596294641495,0.48102298378944397,0.5349099040031433,0.0,0.1067076101899147,0.0,0.0,0.6649471521377563,0.49565860629081726,0.07430508732795715,0.12645474076271057,0.6424965858459473,0.08334596455097198,0.3011016547679901,0.0,0.0,0.5478094816207886,0.10664044320583344,0.0,0.2843025326728821,0.0,0.0,0.3362608850002289,0.7183936834335327,0.061157114803791046,0.4960797429084778,0.4371016323566437,0.37242352962493896,0.043504633009433746,0.0,0.24031700193881989,0.4393574893474579,0.03555154427886009,0.0,0.19009506702423096,0.03021109104156494,0.6556257009506226,0.7211472988128662,0.5384993553161621,0.34220805764198303,0.9172622561454773,0.029147634282708168,0.0,0.0,0.9526509642601013,0.0,0.3244387209415436,0.014880473725497723,0.0,0.557883620262146,0.010071547701954842,0.6459020376205444,0.4916076958179474,0.04372316598892212,0.39465153217315674,0.5611027479171753,0.7340041399002075,0.883450448513031,0.9783481359481812,0.9968555569648743,0.9345414638519287,0.8061066269874573,0.6397554278373718,0.46715715527534485,0.3138626217842102,0.19401876628398895,0.11035078763961792,0.057747699320316315,0.027804911136627197,0.012317878194153309,0.005020856857299805,0.0018829869804903865,0.0006497471476905048,0.00020628562197089195,6.0258891608100384e-05,1.6195743228308856e-05,4.0050517782219686e-06,9.112613952311222e-07,1.9076793478234322e-07,3.674475124171295e-08,6.511976735623648e-09,1.061837062721338e-09,1.5930541608089044e-10,2.1990277654371226e-11,2.7929197583126397e-12,3.263726365988068e-13,3.509107067423134e-14,3.4714188446548222e-15,3.159693620587617e-16,2.646125964138759e-17,2.0389361034457404e-18,1.445520480162349e-19,9.429148124765603e-21,5.65911092434179e-22,3.125010629338069e-23,1.587750993560551e-24,7.422339871930013e-26,3.1924700092508807e-27,1.2633984879383604e-28,4.6002503102480854e-30,1.5411685440693057e-31,4.750576747855959e-33,1.347317990162038e-34,3.51577811871354e-36,8.441125434337647e-38,1.8646910508954622e-39,3.7899518266129e-41,7.090570229483574e-43,1.2611686178923354e-44,0.0,0.0,0.0,0.0,0.0,0.0,0.0,0.0,0.0
0.18,0.0,0.379209965467453,0.0,0.38463255763053894,0.42072758078575134,0.0,0.0,0.39496272802352905,0.04729655757546425,0.25225988030433655,0.06781414896249771,0.6958650946617126,0.670775830745697,0.0,0.08152922242879868,0.0,0.0,0.6482140421867371,0.6052096486091614,0.0,0.0,0.7351135611534119,0.11482702195644379,0.0,0.0,0.0,0.23147043585777283,0.3024196922779083,0.0,0.433510422706604,0.0,0.0,0.33646413683891296,0.8289756178855896,0.11241127550601959,0.6047043204307556,0.5037247538566589,0.43620961904525757,0.052418556064367294,0.0,0.3101106882095337,0.6479456424713135,0.09640739858150482,0.03410957008600235,0.4479331076145172,0.021458882838487625,0.7280890941619873,0.9350889325141907,0.5420106053352356,0.5396034121513367,0.7836598753929138,0.035515010356903076,0.0,0.07531413435935974,0.8638975620269775,0.0,0.28340503573417664,0.018154077231884003,0.0,0.6840699911117554,0.031151121482253075,0.7917608022689819,0.4552440643310547,0.02621646784245968,0.26214879751205444,0.4032360911369324,0.5706876516342163,0.7431305646896362,0.8903470635414124,0.9814791679382324,0.9954751133918762,0.9289819598197937,0.7976487874984741,0.6301496624946594,0.4580398201942444,0.3063305914402008,0.18849724531173706,0.10672035068273544,0.055592603981494904,0.026644915342330933,0.011750036850571632,0.004767510574311018,0.0017798020271584392,0.000611334980931133,0.00019320323190186173,5.617939314106479e-05,1.503028761362657e-05,3.699858325489913e-06,8.379738005714898e-07,1.7462376433741156e-07,3.3481416750191784e-08,5.906522382304047e-09,9.587103333430491e-10,1.4317610985692397e-10,1.9673483328541685e-11,2.487250422983367e-12,2.893245810032391e-13,3.0965542494520645e-14,3.0492963755006158e-15,2.762791451558789e-16,2.3031603385620226e-17,1.7665575218509104e-18,1.246691334816919e-19,8.095014848849107e-21,4.836196471564197e-22,2.65838425777046e-23,1.344494787990592e-24,6.256451525224769e-26,2.6787031594963085e-27,1.0552337480461584e-28,3.8247253414173784e-30,1.275497064180357e-31,3.913687952891847e-33,1.104893632057798e-34,2.8700029272661757e-36,6.859172693030846e-38,1.5083030163591244e-39,3.051607665760154e-41,5.675258780515509e-43,9.80908925027372e-45,0.0,0.0,0.0,0.0,0.0,0.0,0.0,0.0
0.21,0.0,0.4529576599597931,0.0,0.5277503728866577,0.16817191243171692,0.041194312274456024,0.0,0.49679508805274963,0.07493690401315689,0.3235107958316803,0.12237275391817093,0.7869840860366821,0.7436912059783936,0.0,0.19613762199878693,0.0,0.0,0.4579971134662628,0.0,0.0,0.0,0.6935409903526306,0.03492071479558945,0.04914678633213043,0.009269709698855877,0.0,0.24263188242912292,0.6022962331771851,0.05319425091147423,0.5100359916687012,0.0,0.0,0.10929181426763535,0.7227284908294678,0.10557962208986282,0.0,0.3357090950012207,0.5746591091156006,0.10932336747646332,0.0,0.34117239713668823,0.7931976914405823,0.1304285079240799,0.09933824092149734,0.6557065844535828,0.0,0.7851306200027466,0.9541226625442505,0.5016693472862244,0.5801925659179688,0.6739059090614319,0.03955349698662758,0.0,0.23908481001853943,0.6809929609298706,0.0,0.3199634850025177,0.15382374823093414,0.07785899937152863,0.8378064036369324,0.05289846286177635,0.8354325294494629,0.4586445987224579,0.10181284695863724,0.16165125370025635,0.2690131664276123,0.41190358996391296,0.5802901387214661,0.7521809935569763,0.8970715403556824,0.9843721985816956,0.9938461780548096,0.9232228994369507,0.7890808582305908,0.6205317378044128,0.44898730516433716,0.2989039719104767,0.18308672308921814,0.10318334400653839,0.053504448384046555,0.025526879355311394,0.011205549351871014,0.004525807686150074,0.001681847614236176,0.0005750487907789648,0.00018090491357725114,5.236288416199386e-05,1.394518585584592e-05,3.417060042920639e-06,7.703861797381251e-07,1.5980556611339125e-07,3.0500213910045204e-08,5.356010746027096e-09,8.653813221570772e-10,1.2864745380092302e-10,1.7596342785641816e-11,2.2144770826099114e-12,2.56417391659991e-13,2.731815594320553e-14,2.6778290176910583e-15,2.415137366270102e-16,2.0041414954412485e-17,1.530180011863496e-18,1.0749398821999273e-19,6.947897900584187e-21,4.131903979737775e-22,2.2608646258551088e-23,1.1382206774802336e-24,5.272370348972099e-26,2.2470510292226083e-27,8.811452690690397e-29,3.1791400823638555e-30,1.0553569473772884e-31,3.2234178336218296e-33,9.058606849304323e-35,2.342252850072546e-36,5.572289687798764e-38,1.2197224132130002e-39,2.4564762079614043e-41,4.5542200090556555e-43,8.407790785948902e-45,0.0,0.0,0.0,0.0,0.0,0.0,0.0
0.24,0.0,0.6716139912605286,0.0,0.6290197968482971,0.11639296263456345,0.13521817326545715,0.0,0.6516658663749695,0.08125349879264832,0.2501998245716095,0.20923204720020294,0.7530124187469482,0.5053744316101074,0.0,0.2948814630508423,0.0,0.0,0.31114304065704346,0.0,0.0,0.0,0.7936035990715027,0.0306403748691082,0.13448989391326904,0.02624291367828846,0.01016098540276289,0.47066137194633484,0.8061713576316833,0.14556574821472168,0.47651180624961853,0.0,0.0,0.025490403175354004,0.8062724471092224,0.1494477093219757,0.0,0.3462707996368408,0.5833876729011536,0.08614888042211533,0.0,0.44094130396842957,0.8715848326683044,0.15631751716136932,0.13774068653583527,0.8429998755455017,0.0,0.7744563817977905,0.7790598273277283,0.6142657399177551,0.7158027291297913,0.5927518606185913,0.1341838389635086,0.0,0.3239209055900574,0.743003785610199,0.0,0.17937511205673218,0.6039984226226807,0.2640174925327301,0.9177764654159546,0.08589465916156769,0.8768591284751892,0.4269897937774658,0.18892604112625122,0.09253527969121933,0.16660375893115997,0.27598774433135986,0.4206514060497284,0.5899055004119873,0.7611498236656189,0.9036190509796143,0.9870250225067139,0.9919699430465698,0.9172683358192444,0.7804082632064819,0.610906720161438,0.44000282883644104,0.29158395528793335,0.1777867078781128,0.09973843395709991,0.05148175731301308,0.024449598044157028,0.010683600790798664,0.00429527647793293,0.0015888839261606336,0.0005407801945693791,0.0001693467638688162,4.8793346650199965e-05,1.2935162885696627e-05,3.1550823678117013e-06,7.080714681251266e-07,1.4620796662256907e-07,2.7777460331890325e-08,4.855585267193874e-09,7.809409785508592e-10,1.1556395423939492e-10,1.5734542141432328e-11,1.9711216166229395e-12,2.2719577141925434e-13,2.4094318052769563e-14,2.351021472025484e-15,2.1106981078569415e-16,1.7435049907957925e-17,1.3250975361835302e-18,9.2661651097591e-20,5.961832371348489e-21,3.5292879593119056e-22,1.9223035113628896e-23,9.633506265686578e-25,4.441956811866152e-26,1.884481428275095e-27,7.355919700010698e-29,2.641858854264022e-30,8.729911652137415e-32,2.654224183499485e-33,7.424939468431308e-35,1.9110665415256203e-36,4.52570498660511e-38,9.86107742330017e-40,1.976951873469452e-41,3.643376007244524e-43,5.605193857299268e-45,0.0,0.0,0.0,0.0,0.0,0.0
0.27,0.0,0.6819484233856201,0.0,0.7351396679878235,0.0,0.1209595650434494,0.0,0.8040846586227417,0.12372437864542007,0.14601777493953705,0.27218055725097656,0.9274539947509766,0.3164903223514557,0.0,0.38156837224960327,0.0,0.0,0.14243654906749725,0.0,0.004384953062981367,0.0,0.804351806640625,0.0,0.0,0.009731472469866276,0.05106175318360329,0.9161158800125122,0.0,0.0,0.4067971110343933,0.0,0.0,0.11934921890497208,0.054533082991838455,0.2338884174823761,0.0,0.5361810326576233,0.6294211149215698,0.24039123952388763,0.0,0.2878403067588806,0.9979454874992371,0.32613569498062134,0.17403261363506317,0.8703106641769409,0.0073191579431295395,0.754797637462616,0.5064156651496887,0.6888192296028137,0.9273073077201843,0.5806235671043396,0.1276933252811432,0.002601314801722765,0.18529009819030762,0.7272140383720398,0.0,0.0037551289424300194,0.9129515886306763,0.2898199260234833,0.9977172613143921,0.18638451397418976,0.9301121234893799,0.38897407054901123,0.15152066946029663,0.04917368292808533,0.09578403830528259,0.1716647446155548,0.2830718159675598,0.4294767677783966,0.5995291471481323,0.7700315117835999,0.9099850654602051,0.9894356727600098,0.9898477792739868,0.9111226797103882,0.7716366052627563,0.6012794375419617,0.43108949065208435,0.2843715250492096,0.17259663343429565,0.09638424962759018,0.04952305182814598,0.023411879315972328,0.010183397680521011,0.004075460601598024,0.0015006805770099163,0.0005084255826659501,0.00015848714974708855,4.545569026959129e-05,1.1995271052001044e-05,2.9124562388460618e-06,6.506332965727779e-07,1.3373366414271004e-07,2.5291393868087653e-08,4.40080727415193e-09,7.045624084156543e-10,1.0378489734286234e-10,1.4066187450922918e-11,1.75406716061699e-12,2.012535645946889e-13,2.1245575150498006e-14,2.0635783002758952e-15,1.8441701912783113e-16,1.516381874104045e-17,1.1472121386588485e-18,7.985579661601908e-20,5.114423800085558e-21,3.0138008054523558e-22,1.634029597451432e-23,8.151412146327709e-25,3.7413931693962864e-26,1.580015689302286e-27,6.139273642954824e-29,2.1948264400474396e-30,7.219562454056838e-32,2.184988511828321e-33,6.084361629715415e-35,1.5588646787592802e-36,3.674763411287243e-38,7.970361457325268e-40,1.5906138868550999e-41,2.9147008057956195e-43,5.605193857299268e-45,0.0,0.0,0.0,0.0,0.0
0.3,0.0,0.5726476907730103,0.0,0.7891699075698853,0.0,0.180549755692482,0.0,0.8997907638549805,0.16808655858039856,0.07819624245166779,0.34495237469673157,0.22302553057670593,0.5789220929145813,0.0,0.5411702990531921,0.0,0.0,0.0013623330742120743,0.0,0.04715361446142197,0.0,0.8749053478240967,0.0,0.0,0.060075804591178894,0.03791247680783272,0.7428352236747742,0.0,0.0,0.19105058908462524,0.0,0.0,0.0010316458065062761,0.5821332335472107,0.22933511435985565,0.0,0.43012669682502747,0.597705602645874,0.4106125235557556,0.0,0.3753472566604614,0.9999815821647644,0.5559645891189575,0.23478737473487854,0.9987655282020569,0.07867760211229324,0.6301402449607849,0.4929035007953644,0.5675622224807739,0.9993883967399597,0.46086931228637695,0.06707029789686203,0.02778898924589157,0.11124788224697113,0.5224398374557495,0.0,0.04011480510234833,0.6252808570861816,0.5653371214866638,0.9755428433418274,0.3259125053882599,0.9993637204170227,0.24724285304546356,0.2255263477563858,0.02425801381468773,0.05112091079354286,0.09912187606096268,0.17683489620685577,0.2902645468711853,0.43837684392929077,0.6091563105583191,0.7788206338882446,0.9161650538444519,0.99160236120224,0.987481415271759,0.9047901034355164,0.7627713084220886,0.5916547775268555,0.42225033044815063,0.2772676348686218,0.1675158441066742,0.09311940521001816,0.04762686789035797,0.022412557154893875,0.009704168885946274,0.003865920240059495,0.0014170166105031967,0.00047788629308342934,0.00014828654821030796,4.233567597111687e-05,1.1120871022285428e-05,2.6878105927607976e-06,5.977038881610497e-07,1.2229284607201407e-07,2.3022028727837096e-08,3.987619123790864e-09,6.354937687191864e-10,9.318296134708248e-11,1.257156271444737e-11,1.5605209182159574e-12,1.7822863410815737e-13,1.8728926761790547e-14,1.810822610024028e-15,1.6108920236485567e-16,1.3185134059822766e-17,9.929564995002394e-19,6.880237596092904e-20,4.386359458196844e-21,2.5729570588400112e-22,1.3886361113094353e-23,6.895597354212763e-25,3.150524949880478e-26,1.3244070374551898e-27,5.122566799369296e-29,1.822977327955778e-30,5.969012788934548e-32,1.798255278511604e-33,4.984569574263564e-35,1.2712518683845573e-36,2.9830673552730987e-38,6.440535897852578e-40,1.279385497928558e-41,2.3401684354224445e-43,4.203895392974451e-45,0.0,0.0,0.0,0.0
0.32999999999999996,0.0,0.18320731818675995,0.0,0.7366406917572021,0.0,0.3085150420665741,0.0,0.9646929502487183,0.19272813200950623,0.024800024926662445,0.41891157627105713,0.023616889491677284,0.5171600580215454,0.0,0.4475729763507843,0.0,0.0,0.0,0.0,0.005210974253714085,0.0,0.872040867805481,0.016408726572990417,0.0,0.05050022527575493,0.05712273344397545,0.8667016625404358,0.06593230366706848,0.05302036926150322,0.36478468775749207,0.0,0.0,0.0,0.2438909113407135,0.45563703775405884,0.0,0.4411677122116089,0.6863452196121216,0.40397727489471436,0.0,0.2469956874847412,0.9799721837043762,0.5883398056030273,0.2343122512102127,0.8862480521202087,0.16775335371494293,0.6821343898773193,0.3329812288284302,0.7300162315368652,0.5944029092788696,0.38306206464767456,0.22215864062309265,0.0038549546152353287,0.40917402505874634,0.4059760272502899,0.0,0.24098831415176392,0.47235193848609924,0.9000787734985352,0.9462082982063293,0.30564242601394653,0.8684992790222168,0.2352573573589325,0.2623365521430969,0.011108996346592903,0.02532801404595375,0.05313185974955559,0.10255018621683121,0.1821148842573166,0.2975651025772095,0.44734862446784973,0.618782103061676,0.7875116467475891,0.9221546649932861,0.9935234189033508,0.9848724603652954,0.8982752561569214,0.7538179159164429,0.5820375680923462,0.4134882092475891,0.2702730894088745,0.1625436693429947,0.08994247764348984,0.04579174891114235,0.021450486034154892,0.009245163761079311,0.0036662293132394552,0.0013376799179241061,0.00044906826224178076,0.00013870753173250705,3.941987961297855e-05,1.03076135928859e-05,2.479867589499918e-06,5.489419550031016e-07,1.1180260628407268e-07,2.0951009815917132e-08,3.612314669609873e-09,5.730516061674962e-10,8.36429675521444e-11,1.1232921710846444e-11,1.3879810929068315e-12,1.5779817231532933e-13,1.6506230993032327e-14,1.5886250097728988e-15,1.406767935969907e-16,1.146175453876651e-17,8.592257445796968e-19,5.926400768356376e-20,3.7609911241643646e-21,2.196044619470695e-22,1.179797808426656e-23,5.831785389971823e-25,2.652302588855846e-26,1.1098700935266153e-27,4.273156462256072e-29,1.5137459535764869e-30,4.933836611022741e-32,1.4795991474838289e-33,4.08254439883017e-35,1.0364428540048485e-36,2.4209586168249346e-38,5.203035211022689e-40,1.0288333325072807e-41,1.877739942195255e-43,2.802596928649634e-45,0.0,0.0,0.0
0.36,0.0,0.7086529731750488,0.0,0.9432681798934937,0.0,0.32815229892730713,0.0,0.9942348599433899,0.21373356878757477,0.062216274440288544,0.49155011773109436,0.23272807896137238,0.28264859318733215,0.0,0.5144765377044678,0.0,0.0,0.0,0.0,0.034256141632795334,0.04467364028096199,0.8976602554321289,0.0038458197377622128,0.0,0.010312697850167751,0.13746535778045654,0.18455536663532257,0.5601763725280762,0.31334808468818665,0.28173109889030457,0.0,0.07859809696674347,0.0,0.042323894798755646,0.20273073017597198,0.0,0.5482094287872314,0.7066100835800171,0.43583860993385315,0.0,0.21903295814990997,0.8831738829612732,0.7090620994567871,0.3446178734302521,0.7038241028785706,0.3986430764198303,0.7076607942581177,0.7719851732254028,0.7089054584503174,0.753303587436676,0.3708920478820801,0.14800195395946503,0.012639082036912441,0.42974287271499634,0.44767242670059204,0.0,0.0556146614253521,0.6522461175918579,0.9260143041610718,0.9431770443916321,0.3823477029800415,0.8298646211624146,0.3474874198436737,0.37338703870773315,0.0047227125614881516,0.011649326421320438,0.026438551023602486,0.0552080012857914,0.10607034713029861,0.18750527501106262,0.30497241020202637,0.45638900995254517,0.6284016966819763,0.7960990071296692,0.9279496073722839,0.9951974153518677,0.9820229411125183,0.8915826678276062,0.7447819113731384,0.5724323987960815,0.4048059284687042,0.26338863372802734,0.15767934918403625,0.0868520587682724,0.04401624575257301,0.020524539053440094,0.008805649355053902,0.0034759773407131433,0.001262467005290091,0.0004218817048240453,0.00012971462274435908,3.6695659218821675e-05,9.551421499054413e-06,2.2874357910041e-06,5.040311066295544e-07,1.0218646195880865e-07,1.9061493716776567e-08,3.271508397517664e-09,5.166146399560034e-10,7.506076316055044e-11,1.0034291973715082e-11,1.2342072893203881e-12,1.3967445906468146e-13,1.4543652266112324e-14,1.3933412461460647e-15,1.2282000234500016e-16,9.961120694600373e-18,7.433184571129875e-19,5.1035124477006743e-20,3.2239699608584536e-21,1.8738738257784337e-22,1.0021143048181321e-23,4.9308495368318645e-25,2.2323064177171707e-26,9.298511105088071e-28,3.563695329184516e-29,1.2566527377522118e-30,4.0771580747889484e-32,1.217103085586054e-33,3.3429104963233244e-35,8.447918592981062e-37,1.9642746065223982e-38,4.202255873771191e-40,8.271864834909395e-42,1.4993893568275543e-43,2.802596928649634e-45,0.0,0.0
0.39,0.0,0.8246456384658813,0.0,0.9396618604660034,0.0,0.3365035355091095,0.0,0.9794355034828186,0.25386539101600647,0.022950254380702972,0.5610978603363037,0.5179235339164734,0.4682675004005432,0.0,0.597578763961792,0.0,0.0,0.0,0.0,0.7022176384925842,0.017494240775704384,0.9135254621505737,0.08677303045988083,0.0,0.0,0.17636869847774506,0.3160865306854248,0.21356205642223358,0.36130446195602417,0.2180614024400711,0.0,0.03081613779067993,0.0,0.0,0.26907145977020264,0.0,0.45081955194473267,0.6709862351417542,0.44675979018211365,0.008004528470337391,0.3652505576610565,0.934292733669281,0.7499428987503052,0.5092231035232544,0.4157761037349701,0.40536361932754517,0.585739254951477,0.6427719593048096,0.6438633799552917,0.8243728280067444,0.351148396730423,0.20062527060508728,0.004886683542281389,0.38949915766716003,0.27764031291007996,0.007401397451758385,0.03916230425238609,0.5312179327011108,0.8754016757011414,0.9228287935256958,0.42010581493377686,0.7509901523590088,0.34005776047706604,0.4703727960586548,0.0018638259498402476,0.004973906092345715,0.012212859466671944,0.027590826153755188,0.05735081806778908,0.10968369990587234,0.19300657510757446,0.31248536705970764,0.4654947817325592,0.6380100250244141,0.8045772910118103,0.933545708656311,0.9966230988502502,0.9789350628852844,0.8847169876098633,0.7356688976287842,0.562843918800354,0.3962060809135437,0.25661489367485046,0.15292206406593323,0.08384669572114944,0.042298927903175354,0.019633615389466286,0.008384917862713337,0.0032947680447250605,0.0011911829933524132,0.00039624120108783245,0.00012127418449381366,3.415109677007422e-05,8.848476682032924e-06,2.109404704242479e-06,4.6267803099908633e-07,9.337387751884307e-08,1.7338019020485262e-08,2.962109446613681e-09,4.656185714768668e-10,6.734215962644896e-11,8.961307390586981e-12,1.0971935165970947e-12,1.2360118896263816e-13,1.2811194603269422e-14,1.2217551350428009e-15,1.07202832379999e-16,8.654777514252528e-18,6.428847720762131e-19,4.393775972493691e-20,2.7629320818918223e-21,1.5985642728644318e-22,8.509764439868385e-24,4.168046679462566e-25,1.8783439132469205e-26,7.788345620787805e-28,2.9712753662458026e-29,1.0429611243489972e-30,3.368378768407677e-32,1.0009243480110582e-33,2.7365864349690465e-35,6.8840596416533775e-37,1.5933370301608223e-38,3.3931181145007553e-40,6.647759914756932e-42,1.2051166793193427e-43,1.401298464324817e-45,0.0
0.42,0.0,0.8373671770095825,0.0,0.7639831900596619,0.0,0.3831840753555298,0.0,0.9177610874176025,0.3008336126804352,0.0076697226613759995,0.6152830123901367,0.2545607089996338,0.3724483847618103,0.0,0.6063634157180786,0.0,0.0,0.0,0.0,0.9994345307350159,0.06214482709765434,0.9318531155586243,0.12450329214334488,0.0,0.06835707277059555,0.13626018166542053,0.507943332195282,0.0,0.5467501282691956,0.21508680284023285,0.0,0.0,0.0,0.0,0.2743171453475952,0.0,0.3801632821559906,0.7522000074386597,0.569694995880127,0.05971108376979828,0.3330325186252594,0.8851878046989441,0.7848398089408875,0.5183686017990112,0.3253246545791626,0.36055368185043335,0.5802603960037231,0.37853869795799255,0.7212153077125549,0.3792683184146881,0.42931103706359863,0.18828171491622925,0.0,0.3606424331665039,0.38681942224502563,0.004411606118083,0.023342708125710487,0.18639959394931793,0.826557993888855,0.8679549694061279,0.5125898718833923,0.729092001914978,0.3136498034000397,0.5772759914398193,0.0006828357581980526,0.0019714757800102234,0.005237140227109194,0.012800428085029125,0.02878606878221035,0.059561796486377716,0.11339157074689865,0.19861923158168793,0.3201027512550354,0.4746626317501068,0.6476021409034729,0.8129410147666931,0.9389389753341675,0.9977993965148926,0.9756109714508057,0.8776829838752747,0.7264842987060547,0.5532766580581665,0.3876912593841553,0.24995236098766327,0.14827093482017517,0.08092493563890457,0.04063836857676506,0.018776634708046913,0.007982276380062103,0.0031222186516970396,0.0011236406862735748,0.0003720652894116938,0.0001133544064941816,3.177497274009511e-05,8.195200280169956e-06,1.9447397789917886e-06,4.246107323524484e-07,8.529979567128976e-08,1.5766401517680606e-08,2.681295852013932e-09,4.195506997373144e-10,6.040205835500245e-11,8.001041669480902e-12,9.751443359393153e-13,1.0935001547914686e-13,1.128226625215752e-14,1.0710294337271608e-15,9.354789364665123e-17,7.517859121329019e-18,5.558811397660614e-19,3.7817883350008943e-20,2.367227738826242e-21,1.363359651065397e-22,7.224510443454335e-24,3.522361563348839e-25,1.5801087309778994e-26,6.52180208925026e-28,2.4767137093407276e-29,8.653893490414654e-31,2.7821135974993326e-32,8.22935401513363e-34,2.2396705919625915e-35,5.6082856822309546e-37,1.2921223200603455e-38,2.73907606926179e-40,5.3417497460062027e-42,9.528829557408756e-44,1.401298464324817e-45
0.44999999999999996,0.0,0.5285481214523315,0.0,0.7066651582717896,0.0,0.41614219546318054,0.0,0.8930026292800903,0.3372229337692261,0.15863652527332306,0.6545565128326416,0.0,0.3688705265522003,0.0,0.5461404919624329,0.0,0.0,0.0,0.0,0.5125306844711304,0.053896769881248474,0.8094589114189148,0.24757513403892517,0.0,0.082108274102211,0.1315767914056778,0.4534970223903656,0.0,0.7542191743850708,0.18750646710395813,0.0,0.1655675619840622,0.0,0.04486662149429321,0.2456929087638855,0.0,0.38749125599861145,0.8030915856361389,0.5612202882766724,0.219471275806427,0.5452821850776672,0.817120373249054,0.8586024045944214,0.5566688776016235,0.3282180428504944,0.38276734948158264,0.529460608959198,0.43998926877975464,0.7625105381011963,0.032771725207567215,0.5029297471046448,0.17897796630859375,0.04656982421875,0.35094454884529114,0.315047949552536,0.0067268433049321175,0.12118296325206757,0.3927835524082184,0.8520746827125549,0.8538979887962341,0.5430863499641418,0.7860438823699951,0.2679710388183594,0.5735684037208557,0.00023223318567033857,0.0007254081428982317,0.0020848179701715708,0.005512916017323732,0.01341288536787033,0.030025525018572807,0.0618424266576767,0.1171952560544014,0.20434361696243286,0.3278231918811798,0.4838891327381134,0.6571727991104126,0.8211847543716431,0.9441254734992981,0.998725414276123,0.9720532894134521,0.8704856038093567,0.7172336578369141,0.5437349677085876,0.37926387786865234,0.24340148270130157,0.14372506737709045,0.07808531820774078,0.03903316706418991,0.017952533438801765,0.007597055286169052,0.0029579605907201767,0.001059661153703928,0.0003492764080874622,0.0001059251299011521,2.9556726076407358e-05,7.58824262447888e-06,1.7924771782418247e-06,3.895772806572495e-07,7.790425371467791e-08,1.433363383540609e-08,2.426492562435101e-09,3.779455082231209e-10,5.4163531298945244e-11,7.1418760662356195e-12,8.664533934082952e-13,9.671763037807576e-14,9.933302756184002e-15,9.386620068729552e-16,8.161169064240084e-17,6.5286449937151225e-18,4.80530879624345e-19,3.2542212644850963e-20,2.027684839605821e-21,1.1624689640305384e-22,6.131826071474693e-24,2.9759516339287816e-25,1.3288913534784016e-26,5.459848651257513e-28,2.0639506606088088e-29,7.178696040302196e-31,2.2973088704935121e-32,6.764267447436656e-34,1.8325240899435355e-35,4.56779085600744e-37,1.047587330244879e-38,2.210562340457042e-40,4.292177196226915e-42,7.707141553786494e-44
0.48,0.0,0.36284926533699036,0.0,0.8372243046760559,0.0,0.41232791543006897,0.0,0.8833357095718384,0.3693486452102661,0.3444492220878601,0.7066177725791931,0.0,0.7037826776504517,0.0,0.5196200013160706,0.0,0.0,0.0,0.1890230029821396,0.02816673554480076,0.0,0.777244508266449,0.4271024763584137,0.0,0.028530992567539215,0.1645195186138153,0.44138556718826294,0.0,0.5700057744979858,0.09121879935264587,0.0,0.5952292084693909,0.0,0.056289657950401306,0.1581002175807953,0.0,0.41941049695014954,0.7411193251609802,0.5112313032150269,0.34730440378189087,0.8612912893295288,0.7440908551216125,0.8573815226554871,0.6794571876525879,0.19453324377536774,0.5511914491653442,0.40323570370674133,0.44708359241485596,0.7505005598068237,0.1081150472164154,0.5110116004943848,0.17599447071552277,0.08695156127214432,0.36542239785194397,0.18109779059886932,0.03238573297858238,0.15210895240306854,0.4939674139022827,0.8761333227157593,0.8544045686721802,0.5012483596801758,0.821757972240448,0.22362545132637024,0.6081490516662598,7.3321170930285e-05,0.00024778241640888155,0.0007704406161792576,0.002204120857641101,0.005801752209663391,0.014051105827093124,0.03131045773625374,0.0641942098736763,0.12109602242708206,0.21018002927303314,0.33564528822898865,0.49317067861557007,0.6667169332504272,0.8293030858039856,0.949101448059082,0.9994004964828491,0.9682645201683044,0.8631296753883362,0.7079223990440369,0.5342232584953308,0.370926171541214,0.23696257174015045,0.1392834633588791,0.0753263533115387,0.037481922656297684,0.01716027967631817,0.007228603586554527,0.0028016380965709686,0.0009990729158744216,0.00032780072069726884,9.895783296087757e-05,2.7486410544952378e-05,7.024467777227983e-06,1.651719799156126e-06,3.573443052573566e-07,7.11319856350201e-08,1.3027785072949882e-08,2.1953499018678713e-09,3.403803627843871e-10,4.855710625251142e-11,6.3733627750361954e-12,7.696833079738619e-13,8.552301933046486e-14,8.743423906166104e-15,8.224464924712642e-16,7.118053945396824e-17,5.668164984832854e-18,4.1528977469439818e-19,2.7995456080414125e-20,1.7364065962684836e-21,9.909297717950362e-23,5.203096183453469e-24,2.5136707618221507e-25,1.1173326483565281e-26,4.56966312721483e-28,1.7195444327444385e-29,5.9534698148808e-31,1.8965071738493601e-32,5.558612482966161e-34,1.4990145890821002e-35,3.719399699946583e-37,8.491168044576229e-39,1.7835726853926272e-40,3.44719422223905e-42
0.51,0.0,0.6522330641746521,0.0,0.883356511592865,0.0,0.4158788025379181,0.1299016773700714,0.8328326344490051,0.4035623073577881,0.39175495505332947,0.7564429044723511,0.03210016340017319,0.8421316146850586,0.0,0.5423795580863953,0.0,0.0,0.0,0.3499186038970947,0.05214214697480202,0.0,0.9447861313819885,0.4598090946674347,0.0,0.015595581382513046,0.1725781410932541,0.6075001955032349,0.0,0.21138159930706024,0.039019208401441574,0.0,0.7140657305717468,0.0,0.0023555662482976913,0.07734335213899612,0.0,0.4871031939983368,0.6950417160987854,0.5959930419921875,0.35207533836364746,0.9236994981765747,0.6438144445419312,0.8043602108955383,0.7769424915313721,0.0,0.6187571883201599,0.3197934925556183,0.2083592265844345,0.8074506521224976,0.2886161804199219,0.5142678618431091,0.14216956496238708,0.05759800598025322,0.3524612486362457,0.25810807943344116,0.04410324990749359,0.0,0.04205809533596039,0.824742317199707,0.8074833154678345,0.5284633636474609,0.7912864685058594,0.1807638555765152,0.7445245385169983,2.148976273019798e-05,7.856980664655566e-05,0.000264306174358353,0.00081806251546368,0.0023296636063605547,0.006104182917624712,0.01471598632633686,0.03264215216040611,0.06661863625049591,0.12509509921073914,0.2161286622285843,0.34356746077537537,0.5025036334991455,0.6762292981147766,0.8372907042503357,0.9538633227348328,0.999824047088623,0.9642476439476013,0.8556203842163086,0.6985560059547424,0.5247457027435303,0.3626804053783417,0.2306358814239502,0.1349451243877411,0.07264656573534012,0.035983264446258545,0.016398856416344643,0.006876288913190365,0.0026529082097113132,0.000941711594350636,0.0003075679996982217,9.242552914656699e-05,2.555467108322773e-05,6.500940799014643e-06,1.5216321571642766e-06,3.276956590525515e-07,6.493207393987177e-08,1.1837920865787055e-08,1.9857251398747167e-09,3.0647170912168065e-10,4.3520031328680986e-11,5.686113906111512e-12,6.835487579605337e-13,7.560508344600994e-14,7.694138972865264e-15,7.204379969960736e-16,6.20670009545489e-17,4.919857284457676e-18,3.58815982926295e-19,2.4077899618794576e-20,1.4865961327677477e-21,8.444908082773458e-23,4.413919733870369e-24,2.1226651981354684e-25,9.392174085701478e-27,3.823651515102761e-28,1.4322474444091183e-29,4.9361156594701156e-31,1.565237290487491e-32,4.566700962383544e-34,1.2258929536489794e-35,3.027820119860793e-37,6.880739797435576e-39,1.4386851073530032e-40
0.54,0.0,0.6838286519050598,0.0,0.703975260257721,0.0,0.495850533246994,0.3720797300338745,0.7885439991950989,0.4357825517654419,0.4022011160850525,0.7611494660377502,0.09144270420074463,0.476732075214386,0.0,0.5210342407226562,0.0,0.0,0.0,0.0,0.05728660896420479,0.05125688388943672,0.9550393223762512,0.36790749430656433,0.0,0.06570931524038315,0.18932460248470306,0.5786973834037781,0.04285234585404396,0.4077288806438446,0.11069616675376892,0.0,0.03667987510561943,0.0,0.006689536850899458,0.2675597071647644,0.0,0.5692295432090759,0.7836281061172485,0.582980751991272,0.4090535044670105,0.9169870018959045,0.6359542608261108,0.9024673700332642,0.8341221809387207,0.0,0.34044647216796875,0.2466857135295868,0.3053695261478424,0.8667401075363159,0.3114657998085022,0.4970603287220001,0.16934071481227875,0.017432859167456627,0.3063715398311615,0.1381959468126297,0.005483119282871485,0.040089044719934464,0.11985069513320923,0.7822643518447876,0.7812594771385193,0.6227211356163025,0.7797414064407349,0.12178381532430649,0.7454487681388855,5.846971362188924e-06,2.3127993699745275e-05,8.417294884566218e-05,0.00028186081908643246,0.0008684091735631227,0.002461737021803856,0.006420760415494442,0.01540844514966011,0.03402191400527954,0.0691172182559967,0.12919367849826813,0.22218967974185944,0.35158801078796387,0.5118842124938965,0.6857045292854309,0.8451423645019531,0.9584075808525085,0.9999958276748657,0.9600054621696472,0.8479627370834351,0.6891398429870605,0.5153064131736755,0.35452860593795776,0.22442156076431274,0.1307089775800705,0.07004446536302567,0.03453582152724266,0.015667269006371498,0.0065394979901611805,0.0025114412419497967,0.0008874200284481049,0.0002885113935917616,8.630267984699458e-05,2.3752709239488468e-05,6.014916380081559e-06,1.4014369753567735e-06,3.004312532084441e-07,5.925761925595907e-08,1.0754020784986551e-08,1.7956639508653893e-09,2.7587152007235716e-10,3.899565045872855e-11,5.0716943665596315e-12,6.069004890654761e-13,6.682046409245412e-14,6.769070997762793e-15,6.309227610368511e-16,5.410667796048159e-17,4.269264843433694e-18,3.099437483430069e-19,2.0703330683766403e-20,1.272404316859551e-21,7.195112595188188e-23,3.7434980105287874e-24,1.7920296804111528e-25,7.892967816860255e-27,3.198622729495966e-28,1.1926507002764936e-29,4.091580332528622e-31,1.2915060923568469e-32,3.7508472714854124e-34,1.0022818430961101e-35,2.4642109270689687e-37,5.5743400677117645e-39
0.57,0.0,0.8058964014053345,0.0,0.8147713541984558,0.0,0.6796373724937439,0.005666003096848726,0.7575533390045166,0.49743446707725525,0.5002468824386597,0.8159635066986084,0.0,0.601810097694397,0.0,0.5886475443840027,0.0,0.0,0.0,0.0,0.28476834297180176,0.25127923488616943,0.9737898707389832,0.46314454078674316,0.0,0.10549034178256989,0.22373166680335999,0.10576500743627548,0.2105972319841385,0.6585671305656433,0.0004132647591177374,0.0,0.16699527204036713,0.0,0.017103683203458786,0.24421723186969757,0.0,0.4314414858818054,0.9274685382843018,0.4337015151977539,0.5356236100196838,0.5331641435623169,0.599614143371582,0.9423450231552124,0.7976442575454712,0.0,0.6410199999809265,0.223512664437294,0.4431157410144806,0.827417254447937,0.2816125154495239,0.28811782598495483,0.18099427223205566,0.023278703913092613,0.4978363513946533,0.18127889931201935,0.027013516053557396,0.1990303248167038,0.0,0.7767384052276611,0.8511275053024292,0.5553787350654602,0.773240864276886,0.2808007001876831,0.8948769569396973,1.4768194205316831e-06,6.320004104054533e-06,2.4884842787287198e-05,9.015296382131055e-05,0.0003005056641995907,0.0009216220933012664,0.0026006423868238926,0.006752055138349533,0.016129424795508385,0.03545106574892998,0.07169143855571747,0.13339294493198395,0.22836312651634216,0.3597051501274109,0.5213086009025574,0.6951374411582947,0.8528526425361633,0.962730884552002,0.9999156594276428,0.9555411338806152,0.8401618599891663,0.6796793937683105,0.5059094429016113,0.34647271037101746,0.21831966936588287,0.12657392024993896,0.06751855462789536,0.033138252794742584,0.01496454980224371,0.006217635236680508,0.0023769191466271877,0.0008360478095710278,0.00027056733961217105,8.05651507107541e-05,2.2072248611948453e-05,5.5638261073909234e-06,1.2904109780720319e-06,2.753658634446765e-07,5.40654347958025e-08,9.76690284204551e-09,1.6233853150637856e-09,2.4826407596378886e-10,3.493282746402926e-11,4.522526884237488e-12,5.387113281504763e-13,5.904166587057669e-14,5.953723858999381e-15,5.523906307277606e-16,4.715540943461057e-17,3.703772330238861e-18,2.6766067942295137e-19,1.779723031877881e-20,1.088799301441189e-21,6.128734841131494e-23,3.1741055061036344e-24,1.5125141982379055e-25,6.631398191997085e-27,2.675089488993406e-28,9.928852718909735e-30,3.3906847728847283e-31,1.0653769053047357e-32,3.079971752895757e-34,8.192524078165689e-36,2.0050087834260406e-37
0.6,0.0,0.8745076060295105,0.0,0.63420569896698,0.0,0.5106484293937683,0.00010531216685194522,0.7027977705001831,0.550430178642273,0.4987553358078003,0.856105625629425,0.0,0.5906882882118225,0.0,0.782796323299408,0.0,0.0,0.0,0.0,0.005395721178501844,0.004124649800360203,0.6989056468009949,0.4430614709854126,0.0,0.0017794020241126418,0.27344220876693726,0.7666873931884766,0.003552336012944579,0.17887362837791443,0.0047676838003098965,0.0,0.0028168619610369205,0.0,0.19782476127147675,0.10116549581289291,0.0,0.45937690138816833,0.9242985248565674,0.39716821908950806,0.6280195713043213,0.3312993049621582,0.482909232378006,0.9989752769470215,0.8740600943565369,0.0,0.6827989220619202,0.2016831785440445,0.44836628437042236,0.7752456068992615,0.03850691020488739,0.2873016595840454,0.15943986177444458,0.10287002474069595,0.35181912779808044,0.09270638227462769,0.0004678957920987159,0.021087966859340668,0.0,0.9959713220596313,0.7213340997695923,0.7280449867248535,0.6616295576095581,0.33395200967788696,0.9060798287391663,3.462748452420783e-07,1.6032228131734882e-06,6.829585800005589e-06,2.6768400857690722e-05,9.653349843574688e-05,0.0003203031374141574,0.000977849354967475,0.00274669355712831,0.007098654750734568,0.016879884526133537,0.03693094477057457,0.07434280216693878,0.13769400119781494,0.2346489578485489,0.3679169714450836,0.5307726860046387,0.7045224905014038,0.8604165315628052,0.9668300747871399,0.9995836615562439,0.9508579969406128,0.832223117351532,0.6701799035072327,0.4965587258338928,0.3385145962238312,0.2123301774263382,0.12253879010677338,0.0650673359632492,0.031789232045412064,0.014289747923612595,0.005910125095397234,0.0022490357514470816,0.0007874511065892875,0.0002536754182074219,7.519010978285223e-05,2.0505511201918125e-05,5.145268914930057e-06,1.1878813666044152e-06,2.5232810685338336e-07,4.931576569333629e-08,8.868158651864633e-09,1.4672655312963911e-09,2.2336314742243957e-10,3.128541176122823e-11,4.0318074399914305e-12,4.780631728158735e-13,5.215528123313565e-14,5.2352675485229684e-15,4.835117643416131e-16,4.1086841884007135e-17,3.2123732796425466e-18,2.3108768997013767e-19,1.5295201220674834e-20,9.314534334519425e-22,5.219088287268472e-23,2.6906406618558116e-24,1.276275132287017e-25,5.5700675034518556e-27,2.236681629809033e-28,8.263717763116836e-30,2.8091460884368875e-31,8.786192117602878e-33,2.5284516144202772e-34,6.694778253860196e-36
0.63,0.0,0.8090746998786926,0.0,0.4886583685874939,0.0,0.4957866668701172,0.10095378011465073,0.7062063813209534,0.5907068252563477,0.8531076908111572,0.8567955493927002,0.0,0.3095373511314392,0.0,0.6719496250152588,0.0,0.0,0.0,0.0,0.1978614181280136,0.0,0.8118699193000793,0.5010018944740295,0.0,0.0,0.2192852795124054,0.13367260992527008,0.5817767381668091,0.01982872001826763,0.25023794174194336,0.883800208568573,0.0,0.0,0.023406725376844406,0.2727932333946228,0.0,0.4219205379486084,0.9095888137817383,0.621763288974762,0.6279167532920837,0.5105260014533997,0.4890391230583191,0.9885889887809753,0.8147388100624084,0.0,0.9626190066337585,0.1384461224079132,0.34263965487480164,0.6394029259681702,0.3186553716659546,0.23201210796833038,0.131928488612175,0.13556711375713348,0.4563645124435425,0.12216244637966156,0.0338548943400383,0.0020939032547175884,0.7713193893432617,0.6729033589363098,0.693855881690979,0.7085868716239929,0.6215254068374634,0.3763270378112793,0.9890026450157166,7.537226309750622e-08,3.7754392678834847e-07,1.7400067235939787e-06,7.378395821433514e-06,2.8787271730834618e-05,0.00010333956743124872,0.00034131889697164297,0.0010372454999014735,0.0029002162627875805,0.007461166474968195,0.01766081154346466,0.03846290707588196,0.07707279920578003,0.14209792017936707,0.24104708433151245,0.3762214779853821,0.5402724742889404,0.7138544321060181,0.8678287863731384,0.9707021117210388,0.9989999532699585,0.9459594488143921,0.8241516351699829,0.6606467366218567,0.48725804686546326,0.33065593242645264,0.20645298063755035,0.11860241740942001,0.06268931180238724,0.030487442389130592,0.013641937635838985,0.00561640877276659,0.0021274967584758997,0.0007414922583848238,0.00023777813476044685,7.015599112492055e-05,1.904518467199523e-05,4.757000169774983e-06,1.0932228633464547e-06,2.3115951819363545e-07,4.497202255038246e-08,8.050087707545117e-09,1.3258255604498004e-09,2.0090915042736412e-10,2.80117717216255e-11,3.593428722983849e-12,4.2413587832829114e-13,4.606048954248522e-14,4.602350130774452e-15,4.2311490060081283e-16,3.579023567698514e-17,2.7854690878166855e-18,1.9946177049297098e-19,1.3141609838705317e-20,7.966453593901838e-22,4.44333477930425e-23,2.280240114649559e-24,1.0766628781655402e-25,4.677420544643749e-27,1.8696513825173242e-28,6.876104046095446e-30,2.326761057777517e-31,7.244171281354509e-33,2.0751676765962603e-34
0.6599999999999999,0.0,0.9114052653312683,0.0,0.6297593712806702,0.0,0.5450118184089661,0.8063010573387146,0.6636936068534851,0.627766489982605,0.657918393611908,0.8654967546463013,0.0,0.4501078128814697,0.0,0.7024248242378235,0.0,0.0,0.0,0.0,0.049164801836013794,0.0,0.6573321223258972,0.5714005827903748,0.0,0.0,0.2244769185781479,0.24957185983657837,0.14282502233982086,0.3171042799949646,0.14218874275684357,0.21697118878364563,0.0,0.0,0.0,0.11966532468795776,0.0,0.39245352149009705,0.9421327114105225,0.5825555920600891,0.6911979913711548,0.7711004614830017,0.5189909934997559,0.9328886270523071,0.8743941187858582,0.17008720338344574,0.5666139125823975,0.208140030503273,0.2764858305454254,0.6287286281585693,0.2249237596988678,0.18411365151405334,0.2737285792827606,0.08980544656515121,0.45892763137817383,0.02745286002755165,0.00833322573453188,0.0,0.6623547673225403,0.6049100160598755,0.6482366323471069,0.8424487709999084,0.6872907280921936,0.4536716639995575,0.8525906205177307,1.5229979055675358e-08,8.253500283217363e-08,4.115329375053989e-07,1.8879851495512412e-06,7.969298167154193e-06,3.0950606742408127e-05,0.00011059763346565887,0.0003636218898463994,0.0010999724036082625,0.0030615481082350016,0.007840215228497982,0.01847321167588234,0.040048327296972275,0.0798829197883606,0.14660575985908508,0.24755728244781494,0.38461652398109436,0.5498037934303284,0.7231277823448181,0.875084400177002,0.9743441939353943,0.9981651306152344,0.9408490657806396,0.8159528970718384,0.6510851383209229,0.4780111312866211,0.32289832830429077,0.20068788528442383,0.11476357281208038,0.06038298085331917,0.0292315986007452,0.01302021462470293,0.00533594423905015,0.0020120185799896717,0.0006980398902669549,0.00022282097779680043,6.544243660755455e-05,1.7684402337181382e-05,4.396923031890765e-06,1.0058538464363664e-06,2.1171348407733603e-07,4.100054695754807e-08,7.305641869237434e-09,1.1977182579059331e-09,1.8066685647522007e-10,2.507436099030702e-11,3.201907922828484e-12,3.7619701191010657e-13,4.0667681489069477e-14,4.044930030164132e-15,3.7016914746899226e-16,3.116857576258191e-17,2.4146891005525473e-18,1.7212069828761726e-19,1.1288402956953323e-20,6.811762167308054e-22,3.7819345481608665e-23,1.9319509252463352e-24,9.080415177437365e-26,3.9268374970674334e-27,1.5624555656259736e-28,5.7200521837566626e-30,1.9267255189638724e-31,5.971278040016979e-33
0.69,0.0,0.8664501309394836,0.0,0.45904457569122314,0.0,0.5325279235839844,0.319582998752594,0.6071691513061523,0.6691162586212158,0.6263707280158997,0.8922383785247803,0.0,0.47976139187812805,0.0,0.7398913502693176,0.0,0.0,0.0,0.0,0.0,0.0,0.6011430621147156,0.5775318741798401,0.0,0.0,0.2643852233886719,0.09696276485919952,0.07030412554740906,0.4746852517127991,0.10035015642642975,0.02242649346590042,0.18247316777706146,0.0,0.0,0.0674481987953186,0.0,0.4608117938041687,0.9626707434654236,0.4765203297138214,0.7857246398925781,0.5981812477111816,0.477125883102417,0.9735190272331238,0.9659798741340637,0.06966333091259003,0.547193706035614,0.26861831545829773,0.3569089472293854,0.5682380199432373,0.059906359761953354,0.1049209013581276,0.09969878941774368,0.0698406994342804,0.5546621680259705,0.0,0.06079230457544327,0.0,0.29901713132858276,0.6016802787780762,0.5706776976585388,0.8330265879631042,0.6656731963157654,0.32276955246925354,0.7518408298492432,2.856828551500712e-09,1.674965943720963e-08,9.035566250759075e-08,4.484688531647407e-07,2.0480322291405173e-06,8.605356015323196e-06,3.326813384774141e-05,0.0001183356434921734,0.0003872846718877554,0.0011661987518891692,0.0032310406677424908,0.008236444555222988,0.0193181149661541,0.041688594967126846,0.08277464658021927,0.1512185037136078,0.2541792690753937,0.3930998146533966,0.5593622326850891,0.7323370575904846,0.8821783661842346,0.9777534604072571,0.9970797300338745,0.9355305433273315,0.8076322078704834,0.6415002346038818,0.46882155537605286,0.31524330377578735,0.19503463804721832,0.1110210120677948,0.058146845549345016,0.028020424768328667,0.012423695996403694,0.005068208556622267,0.0019023292697966099,0.0006569683318957686,0.00020875206973869354,6.1030183132970706e-05,1.64167104230728e-05,4.063077540195081e-06,9.252341897081351e-07,1.9385446137221152e-07,3.737037701512236e-08,6.6283694089008804e-09,1.0817166051779736e-09,1.624231166230672e-10,2.2439322969192155e-11,2.852326447949638e-12,3.335924743906593e-13,3.589722242331936e-14,3.554127376789468e-15,3.23767067961846e-16,2.7136879259024976e-17,2.0927373780522612e-18,1.4848995764456722e-19,9.694089066646222e-21,5.822969325041953e-22,3.218174155611584e-23,1.6364477716702966e-24,7.656359157249319e-26,3.2958693361051426e-27,1.305405066326012e-28,4.7571639478342664e-30,1.595065430252248e-31
0.72,0.0,0.8867837190628052,0.0,0.3654601275920868,0.0,0.521294116973877,0.0,0.5870741605758667,0.705428957939148,0.6472001671791077,0.9125580787658691,0.0,0.6368630528450012,0.0,0.7335348725318909,0.0,0.0,0.0,0.0,0.0,0.0,0.5626987814903259,0.7097292542457581,0.0,0.017749229446053505,0.2438819706439972,0.0,0.043126337230205536,0.2122504562139511,0.0917113721370697,0.013756981119513512,0.11193367838859558,0.0,0.0,0.10867638140916824,0.0,0.4379774034023285,0.9502359628677368,0.4773084819316864,0.8516080975532532,0.5523108839988708,0.3844967782497406,0.9588956236839294,0.9499516487121582,0.0,0.6914173364639282,0.154277503490448,0.30191895365715027,0.6477218866348267,0.0711624026298523,0.21927711367607117,0.14160728454589844,0.10812295228242874,0.6650580763816833,0.0,0.03736310452222824,0.0,0.06568920612335205,0.45086750388145447,0.5449953079223633,0.7355273365974426,0.6004612445831299,0.3777185380458832,0.6901578307151794,4.974691214520988e-10,3.155519845421395e-09,1.841633689991795e-08,9.889244978467104e-08,4.885967541667924e-07,2.2210870156413876e-06,9.289838089898694e-06,3.57501812686678e-05,0.00012658315245062113,0.0004123833787161857,0.0012361010303720832,0.003409057389944792,0.008650519885122776,0.020196571946144104,0.043385107070207596,0.08574943244457245,0.1559370756149292,0.26091262698173523,0.4016690254211426,0.5689435005187988,0.7414767146110535,0.8891057968139648,0.9809275269508362,0.9957446455955505,0.9300077557563782,0.7991949319839478,0.6318972110748291,0.4596928060054779,0.3076922297477722,0.18949289619922638,0.1073734387755394,0.0559794157743454,0.026852667331695557,0.011851519346237183,0.004812693689018488,0.00179816666059196,0.0006181576172821224,0.0001955221960088238,5.690107718692161e-05,1.5236051694955677e-05,3.7536342460953165e-06,8.50861852086382e-07,1.7745722402651154e-07,3.405303772296975e-08,6.01236882502576e-09,9.76703939947754e-10,1.4598484920913535e-10,2.0076140402891518e-11,2.540271812345729e-12,2.957383957950116e-13,3.1678368153480185e-14,3.1220903869876504e-15,2.831103070568072e-16,2.3620737961492743e-17,1.8132545557665196e-18,1.2807124979294009e-19,8.322850601025614e-21,4.976455183206024e-22,2.737761966408695e-23,1.3857943187844671e-24,6.454007564092981e-26,2.7655891778214054e-27,1.0903689695041008e-28,3.955367338539518e-30
0.75,0.0,0.9322100281715393,0.0,0.3875461220741272,0.0,0.5031055808067322,0.0,0.5776773691177368,0.7319167256355286,0.7542754411697388,0.929359495639801,0.0,0.4818688929080963,0.0,0.8170675039291382,0.0,0.0,0.0,0.0,0.0,0.0,0.4865115284919739,0.5604304671287537,0.0,0.043321508914232254,0.22235551476478577,0.0,0.033055391162633896,0.28286799788475037,0.14168396592140198,0.0,0.1412021517753601,0.0,0.0,0.23094609379768372,0.0,0.4156065881252289,0.9361168146133423,0.4728908836841583,0.8887284994125366,0.6878544092178345,0.34828993678092957,0.9207212328910828,0.9346574544906616,0.0,0.8089357614517212,0.10441511124372482,0.4252031743526459,0.6126305460929871,0.19185414910316467,0.24973605573177338,0.28081926703453064,0.17840737104415894,0.6896570920944214,0.0,0.01715490035712719,0.0,0.0,0.2630038857460022,0.5619800090789795,0.8339712619781494,0.5369065999984741,0.49628323316574097,0.6568163633346558,8.041650678691781e-11,5.518651091662718e-10,3.484562194344676e-09,2.0243755116666762e-08,1.0820852480719623e-07,5.321811045178038e-07,2.408157797617605e-06,1.00262386695249e-05,3.840773206320591e-05,0.0001353713741991669,0.00043899804586544633,0.0013098630588501692,0.003595975926145911,0.009083122946321964,0.021109657362103462,0.045139286667108536,0.08880876004695892,0.16076238453388214,0.2677568793296814,0.4103216528892517,0.5785431265830994,0.7505413889884949,0.8958619236946106,0.9838640093803406,0.9941607713699341,0.9242846369743347,0.7906466126441956,0.6222811341285706,0.45062825083732605,0.30024635791778564,0.18406222760677338,0.10381954908370972,0.05387920141220093,0.02572709321975708,0.011302847415208817,0.004568909294903278,0.0016992794116958976,0.0005814931355416775,0.00018308465951122344,5.3037965699331835e-05,1.4136742720438633e-05,3.4668846637941897e-06,7.822705470061919e-07,1.6240602462858078e-07,3.102235979213219e-08,5.452241769177135e-09,8.816636309916248e-10,1.3117718022925828e-10,1.7957309250693498e-11,2.2617871117680544e-12,2.621137356641212e-13,2.7948301022117684e-14,2.7418808021294813e-15,2.4749662150104295e-16,2.055500477930176e-17,1.570700694940325e-18,1.1043247626025347e-19,7.143774915871598e-21,4.2519320063664105e-22,2.32847915621905e-23,1.1732376214173154e-24,5.439101647968799e-26,2.3200424259639234e-27,9.105257516678423e-29
0.78,0.0,0.8863980770111084,0.0,0.3518349826335907,0.0,0.5011043548583984,0.0,0.536925196647644,0.7619813680648804,0.9176165461540222,0.9411030411720276,0.0,0.2738186717033386,0.0,0.7625548839569092,0.0,0.0,0.0,0.0,0.0,0.0,0.46181780099868774,0.464851051568985,0.0,0.035433731973171234,0.27531346678733826,0.0,0.042636994272470474,0.4800407290458679,0.15961092710494995,0.0,0.18213170766830444,0.0,0.0,0.23755629360675812,0.0,0.5163704752922058,0.9593505859375,0.43643632531166077,0.9363706111907959,0.731949508190155,0.3558011054992676,0.8913300037384033,0.9156519174575806,0.0,0.7953644394874573,0.1738705188035965,0.5768771767616272,0.5437806248664856,0.23871564865112305,0.1474957913160324,0.29842162132263184,0.1931920200586319,0.6673821210861206,0.0,0.03848928213119507,0.0,0.1534736454486847,0.15740273892879486,0.5324756503105164,0.8869113326072693,0.5350474119186401,0.537031352519989,0.6451225876808167,1.2067612534250038e-11,8.95967119940444e-11,6.120547957344513e-10,3.8469463170542895e-09,2.2246897657396403e-08,1.1837238389489357e-07,5.795072297587467e-07,2.6103268737642793e-06,1.0818286682479084e-05,4.1252438677474856e-05,0.00014473326154984534,0.00046721266699023545,0.0013876771554350853,0.003792187664657831,0.009534956887364388,0.022058462724089622,0.04695256054401398,0.0919540598988533,0.16569525003433228,0.2747114598751068,0.4190550446510315,0.588156521320343,0.7595254182815552,0.9024419188499451,0.9865606427192688,0.9923294186592102,0.9183653593063354,0.7819926738739014,0.6126570105552673,0.44163116812705994,0.29290688037872314,0.1787421554327011,0.10035799443721771,0.05184471607208252,0.024642489850521088,0.01077685970813036,0.0043363808654248714,0.0016054257284849882,0.0005468655144795775,0.00017139510600827634,4.9424677854403853e-05,1.3113445675116964e-05,3.2012337669584667e-06,7.190274686763587e-07,1.4859395491839678e-07,2.8254289574647373e-08,4.9430517456983125e-09,7.956709180412247e-10,1.1784180575791225e-10,1.605805245719072e-11,2.0133248367082412e-12,2.322535881064264e-13,2.465122866306211e-14,2.4073667389515503e-15,2.1630844486666598e-16,1.788266711591242e-17,1.3602497136873134e-18,9.519904055129448e-20,6.1301914948810895e-21,3.6319766970260387e-22,1.9798835732402386e-23,9.930332930646352e-25,4.5826375202118844e-26,1.9457845487769183e-27
0.8099999999999999,0.0,0.8495054841041565,0.0,0.28698456287384033,0.0,0.5214716792106628,0.2343054860830307,0.49091869592666626,0.8005144596099854,0.9846577048301697,0.9361629486083984,0.0,0.33173784613609314,0.0,0.5627097487449646,0.0,0.0,0.0,0.0,0.07935163378715515,0.0,0.4745917320251465,0.667476236820221,0.0,0.007943634875118732,0.32031312584877014,0.07572077214717865,0.0,0.25253018736839294,0.09389736503362656,0.0,0.007468816824257374,0.0,0.07868025451898575,0.1293073445558548,0.0,0.6500632166862488,0.9463195204734802,0.4582494795322418,0.990577757358551,0.6149125099182129,0.359172523021698,0.8727027773857117,0.8536590337753296,0.0606657974421978,0.6820558309555054,0.2471410036087036,0.4694496989250183,0.6338984966278076,0.1760542243719101,0.0806538462638855,0.24093061685562134,0.15920525789260864,0.6733853220939636,0.0,0.035241447389125824,0.0,0.41585609316825867,0.17422246932983398,0.46181049942970276,0.675572395324707,0.5746476650238037,0.5842344760894775,0.6404232978820801,1.6811042575365365e-12,1.350356024915067e-11,9.979975873486424e-11,6.786381456791446e-10,4.245947149428275e-09,2.444209634688832e-08,1.294583000799321e-07,6.308830506895902e-07,2.8287556688155746e-06,1.1669964806060307e-05,4.4296681153355166e-05,0.00015470359358005226,0.000497115368489176,0.001469743438065052,0.003998097963631153,0.010006746277213097,0.023044107481837273,0.04882637411355972,0.09518676996231079,0.17073646187782288,0.28177568316459656,0.42786651849746704,0.5977790355682373,0.7684233784675598,0.9088413119316101,0.9890154600143433,0.9902518391609192,0.9122540950775146,0.7732385993003845,0.6030297875404358,0.4327046871185303,0.2856748104095459,0.1735321283340454,0.09698741883039474,0.04987448453903198,0.02359766513109207,0.010272761806845665,0.004114650189876556,0.0015163735952228308,0.0005141703877598047,0.00016041148046497256,4.60459450550843e-05,1.2161156519141514e-05,2.9551938496297225e-06,6.607308478123741e-07,1.3592232050996245e-07,2.5726725638719472e-08,4.480286808217215e-09,7.178846406219463e-10,1.0583542375819377e-10,1.4356052804864738e-11,1.7917052390348243e-12,2.057432728960057e-13,2.1737635224282868e-14,2.1131314217561663e-15,1.8900280256470671e-16,1.5553837708581652e-17,1.1776993277005623e-18,8.204627427563607e-20,5.259093165577108e-21,3.1016329572928977e-22,1.6830519384567625e-23,8.402957209251665e-25,3.860062809593606e-26
0.84,0.0,0.9078830480575562,0.0,0.3226432502269745,0.0,0.4781550467014313,0.8015931248664856,0.4839763045310974,0.8250624537467957,0.9470740556716919,0.9288209676742554,0.0,0.10724066197872162,0.0,0.711515486240387,0.0,0.0,0.0,0.0,0.2847293019294739,0.0,0.3425687849521637,0.44021812081336975,0.0,0.030195502564311028,0.2390868365764618,0.22284549474716187,0.0,0.10009736567735672,0.08830225467681885,0.0,0.021980656310915947,0.0,0.24926313757896423,0.27299579977989197,0.0,0.6687040328979492,0.8129865527153015,0.4919680655002594,0.9899915456771851,0.5379306674003601,0.3945619463920593,0.9202015399932861,0.8726626038551331,0.1807219684123993,0.6753016710281372,0.35669901967048645,0.495718777179718,0.6636857390403748,0.1091587021946907,0.0,0.20872147381305695,0.19513721764087677,0.6987348794937134,0.0,0.03658929467201233,0.0009986073710024357,0.3883678913116455,0.320805162191391,0.45956939458847046,0.6040080785751343,0.5397990345954895,0.666153609752655,0.6252725720405579,2.1740274240133334e-13,1.8893029501976244e-12,1.5106567038958296e-11,1.1113670400630937e-10,7.522752420996426e-10,4.685151377969987e-09,2.6847139622532268e-08,1.4154676364341867e-07,6.866405897199002e-07,3.0646899631392444e-06,1.2585519471031148e-05,4.7553592594340444e-05,0.00016531911387573928,0.00052879867143929,0.0015562709886580706,0.004214127082377672,0.01049923337996006,0.024067729711532593,0.05076217278838158,0.0985083058476448,0.17588672041893005,0.28894874453544617,0.43675321340560913,0.6074059009552002,0.7772297859191895,0.9150554537773132,0.9912266135215759,0.9879297614097595,0.9059551954269409,0.7643898725509644,0.5934043526649475,0.4238518178462982,0.2785511314868927,0.16843152046203613,0.09370642900466919,0.04796704277396202,0.022591447457671165,0.009789776057004929,0.003903273493051529,0.0014319003093987703,0.0004833081620745361,0.00015009389608167112,4.2887379095191136e-05,1.1275181350356434e-05,2.7273765681457007e-06,6.070077915865113e-07,1.2429994455942506e-07,2.3419369554744662e-08,4.059822256152756e-09,6.475396885363693e-10,9.502838099750832e-11,1.2831215256969841e-11,1.5940790354385115e-12,1.8221303643446013e-13,1.9163578330542302e-14,1.8543910202154738e-15,1.6510248417361595e-16,1.3524880298455446e-17,1.0193910205283262e-18,7.069289078857045e-20,4.510640921852235e-21,2.648063180339783e-22,1.4303619622580144e-23,7.108715523329206e-25
0.87,0.0,0.6302528381347656,0.0,0.2011955827474594,0.0,0.4109549820423126,0.5499089956283569,0.41259196400642395,0.8312724828720093,0.9503897428512573,0.9606078863143921,0.0,0.15517371892929077,0.0,0.6747266054153442,0.0,0.0,0.0,0.0,0.25388413667678833,0.0,0.1808176189661026,0.3438713550567627,0.0,0.035247862339019775,0.24887678027153015,0.0,0.05281748250126839,0.04333995282649994,0.03577098250389099,0.0,0.0,0.0,0.12565572559833527,0.3949756920337677,0.0,0.7270981073379517,0.8356847763061523,0.4117472171783447,0.9321369528770447,0.5634629130363464,0.3704034090042114,0.9604055881500244,0.8857068419456482,0.00353725953027606,0.6990208029747009,0.3695886731147766,0.7624567151069641,0.774410605430603,0.013676160015165806,0.0022965262178331614,0.31478577852249146,0.2084348201751709,0.7744928002357483,0.0,0.13451078534126282,0.01490354910492897,0.1523410528898239,0.359707772731781,0.4285363554954529,0.5864039659500122,0.5201405882835388,0.686110258102417,0.5603965520858765,2.6099519477595402e-14,2.4538728796326403e-13,2.1227516272537272e-12,1.6895609911138365e-11,1.2373030378043381e-10,8.336925039209575e-10,5.1684847512945e-09,2.9481403984732424e-08,1.5472504344415938e-07,7.471376761714055e-07,3.3194660318258684e-06,1.3569484508479945e-05,5.103710645926185e-05,0.00017661854508332908,0.0005623595789074898,0.0016474775038659573,0.004440709948539734,0.011013183742761612,0.025130489841103554,0.05276142805814743,0.10192006826400757,0.18114669620990753,0.296229749917984,0.4457121789455414,0.6170322895050049,0.7859390377998352,0.9210799932479858,0.9931924343109131,0.9853647351264954,0.8994731307029724,0.7554520964622498,0.5837854146957397,0.41507548093795776,0.2715366780757904,0.16343966126441956,0.09051362425088882,0.04612093046307564,0.021622687578201294,0.009327148087322712,0.0037018228322267532,0.0013517922488972545,0.00045418395893648267,0.00014040456153452396,3.9935417589731514e-05,1.0451118214405142e-05,2.516487938919454e-06,5.575123509515834e-07,1.1364274854486212e-07,2.1313583786763957e-08,3.6778906586931726e-09,5.839406180818685e-10,8.530336159662255e-11,1.146545098446028e-11,1.4178937971648375e-12,1.6133322705124548e-13,1.6890072443410085e-14,1.626922016296226e-15,1.44188128975164e-16,1.1757632080793053e-17,8.821405604025822e-19,6.08952207762154e-20,3.8677309466167334e-21,2.260251838703933e-22,1.2153041222262916e-23
0.8999999999999999,0.0,0.911732017993927,0.0,0.19857315719127655,0.0,0.47549450397491455,0.015190301463007927,0.4036530554294586,0.8675215840339661,0.8632360696792603,0.9122533798217773,0.0,0.010926050134003162,0.0,0.857792854309082,0.0,0.0,0.0,0.0,0.00714808190241456,0.0,0.1668587177991867,0.7645012140274048,0.0,0.0008843780378811061,0.31353867053985596,0.0,0.6646385788917542,0.5453763008117676,0.048110928386449814,0.0,0.0,0.0,0.4556185305118561,0.010068361647427082,0.0,0.8502814173698425,0.771830141544342,0.5370104908943176,0.7981110215187073,0.4070607125759125,0.38256189227104187,0.8208090662956238,0.8948273062705994,0.045976415276527405,0.5869122743606567,0.16379472613334656,0.7631660103797913,0.918489933013916,0.17160101234912872,0.028815561905503273,0.4541877210140228,0.34692108631134033,0.8491786122322083,0.0,0.11900061368942261,0.12333662807941437,0.3625909388065338,0.19330525398254395,0.39361077547073364,0.6432304978370667,0.552384614944458,0.6484378576278687,0.4272999167442322,2.908687635706981e-15,2.9586911669569546e-14,2.769042861758969e-13,2.3844450719456844e-12,1.8891764888562257e-11,1.3771626894421019e-10,9.236885700758535e-10,5.7002438325071125e-09,3.2365989000027184e-08,1.690876274551556e-07,8.127601063279144e-07,3.5945165564044146e-06,1.462669297325192e-05,5.4762007493991405e-05,0.00018864274898078293,0.000597899837885052,0.0017435898771509528,0.004678296856582165,0.011549382470548153,0.02623356506228447,0.05482560768723488,0.10542342066764832,0.18651697039604187,0.3036177456378937,0.45474034547805786,0.6266533732414246,0.7945456504821777,0.9269106388092041,0.9949114918708801,0.9825588464736938,0.8928124904632568,0.7464307546615601,0.5741776823997498,0.40637844800949097,0.26463213562965393,0.1585557758808136,0.08740758150815964,0.04433469474315643,0.020690256729722023,0.008884144015610218,0.0035098847001791,0.0012758442899212241,0.0004267072945367545,0.00013130763545632362,3.7177269405219704e-05,9.684842552815098e-06,2.321320835108054e-06,5.119238153383776e-07,1.0387309146153711e-07,1.9392256689343412e-08,3.331050324462126e-09,5.264554348016759e-10,7.655429068442743e-11,1.0242478740152272e-11,1.2608637007735513e-12,1.4281005306267247e-13,1.4882536595781613e-14,1.4269958768437277e-15,1.2589138351641366e-16,1.021872872558715e-17,7.631770473676426e-19,5.2442245940664673e-20,3.315620401428657e-21,1.9287498933537385e-22
0.9299999999999999,0.0,0.989854097366333,0.0,0.07765419781208038,0.0,0.49611660838127136,0.0,0.4700061082839966,0.8656749129295349,0.822623610496521,0.9459133148193359,0.0,0.0008746329112909734,0.0,0.8558117151260376,0.0,0.0,0.0,0.0,0.21789175271987915,0.0,0.24035212397575378,0.7795712351799011,0.0,0.0,0.30723321437835693,0.8760860562324524,0.4726178050041199,0.20053763687610626,0.006000968161970377,0.0,0.8489972949028015,0.0,0.20209772884845734,0.3032151162624359,0.0,0.9255825877189636,0.7448171377182007,0.4485301375389099,0.6619395017623901,0.7135165929794312,0.27785220742225647,0.7872461676597595,0.8073221445083618,0.17591819167137146,0.5626274943351746,0.13424614071846008,0.5219757556915283,0.9260141253471375,0.46938371658325195,0.01662784069776535,0.2117612212896347,0.2994837164878845,0.759626030921936,0.0,0.06355835497379303,0.015720762312412262,0.15078997611999512,0.13149741291999817,0.3734481632709503,0.8087479472160339,0.5020691752433777,0.7371076941490173,0.5432750582695007,3.009253687012557e-16,3.3116487372866375e-15,3.353183209613489e-14,3.123905485419992e-13,2.6777254458904e-12,2.111843686036785e-11,1.5324454205600802e-10,1.0231417935102627e-09,6.285129305894088e-09,3.5523861185993155e-08,1.8473690488463035e-07,8.83923576111556e-07,3.8913772186788265e-06,1.5762296243337914e-05,5.8743960835272446e-05,0.00020143479923717678,0.0006355260265991092,0.001844844431616366,0.004927353467792273,0.0121086360886693,0.027378162369132042,0.05695619061589241,0.10901973396539688,0.19199806451797485,0.31111156940460205,0.4638344645500183,0.6362641453742981,0.8030441403388977,0.9325432181358337,0.9963824152946472,0.9795141220092773,0.8859779238700867,0.7373312711715698,0.5645858645439148,0.3977634608745575,0.2578382194042206,0.15377908945083618,0.08438686281442642,0.0426069013774395,0.01979304663836956,0.008460048586130142,0.0033270600251853466,0.0012038600398227572,0.0004007918469142169,0.00012276916822884232,3.460089646978304e-05,8.972489013103768e-06,2.140750439139083e-06,4.69944694714286e-07,9.491940033967694e-08,1.7639683491665892e-08,3.0161584341215075e-09,4.745096537916993e-10,6.868525886938315e-11,9.147650519014672e-12,1.1209419894034345e-12,1.263817338541945e-13,1.311031158309807e-14,1.2513225141326067e-15,1.0988871429873828e-16,8.87900880752279e-18,6.600903873112575e-19,4.5151262764120614e-20,2.8416065304993835e-21
0.96,0.7727540731430054,0.8395195007324219,0.0,0.013673443347215652,0.0,0.6233489513397217,0.0,0.4074257016181946,0.8704162240028381,0.9381507635116577,0.9820654988288879,0.0,0.021623041480779648,0.0,0.8145332932472229,0.0,0.0,0.0,0.0,0.05684732273221016,0.0,0.153657466173172,0.7505066394805908,0.0,0.08763892948627472,0.34095868468284607,0.22468537092208862,0.0995875746011734,0.033688437193632126,0.12405048310756683,0.402101069688797,0.2177380472421646,0.0,0.25248828530311584,0.2048916071653366,0.0,0.959660530090332,0.6952126622200012,0.514844536781311,0.5882965326309204,0.44333523511886597,0.3765695095062256,0.8882942795753479,0.7311529517173767,0.08612515032291412,0.47900161147117615,0.1585959941148758,0.25341665744781494,0.9724874496459961,0.34113171696662903,0.003324249293655157,0.3118297755718231,0.3159225285053253,0.7129626870155334,0.0,0.13178794085979462,0.04444538801908493,0.3020458519458771,0.02791457623243332,0.37801307439804077,0.5831025838851929,0.3950102925300598,0.7583225965499878,0.565747082233429,2.890131340824346e-17,3.441010732425307e-16,3.7694850801124006e-15,3.7993171569982234e-14,3.523357278677197e-13,3.006320886678182e-12,2.360160678005485e-11,1.7048075451331357e-10,1.1330176796775504e-09,6.928282392237861e-09,3.8980019212431216e-08,2.0178367776679806e-07,9.61075784289278e-07,4.211693521938287e-06,1.6981788576231338e-05,6.299958477029577e-05,0.00021504011237993836,0.0006753499037586153,0.0019514873856678605,0.0051883612759411335,0.012691771611571312,0.028565499931573868,0.05915466323494911,0.11271031945943832,0.19759045541286469,0.318710058927536,0.47299128770828247,0.6458595395088196,0.8114290833473206,0.9379736185073853,0.9976041316986084,0.9762328267097473,0.878974199295044,0.7281593084335327,0.5550143718719482,0.3892329931259155,0.25115543603897095,0.14910873770713806,0.08145001530647278,0.04093613103032112,0.018929971382021904,0.00805416889488697,0.003152963938191533,0.0011356509057804942,0.0003763555141631514,0.0001147570219472982,3.21949519275222e-05,8.310436896863393e-06,1.973729013116099e-06,4.3129927007612423e-07,8.671565154827476e-08,1.604145616340702e-08,2.730345949331081e-09,4.275816922749698e-10,6.160955773326648e-11,8.167791963609172e-12,9.962967950638557e-13,1.1181509141982779e-13,1.1546215271049116e-14,1.0969994638899776e-15,9.589605426489736e-17,7.712987719107828e-18,5.70784401163641e-19,3.886414404026635e-20
0.99,0.3280973434448242,0.5910455584526062,0.0,0.0,0.0,0.6622790098190308,0.0,0.35871362686157227,0.8680031895637512,0.9222232103347778,0.9663947224617004,0.0,0.07391127198934555,0.0,0.7534419894218445,0.0,0.0,0.0,0.0,0.0,0.0,0.13751356303691864,0.5747545957565308,0.0,0.03678852692246437,0.36906418204307556,0.0,0.17480148375034332,0.0,0.052073147147893906,0.35482603311538696,0.0,0.0,0.09057158976793289,0.17386579513549805,0.0,0.8730577826499939,0.690130352973938,0.46557149291038513,0.5989302396774292,0.3164350986480713,0.30346399545669556,0.8998643755912781,0.714850127696991,0.19014374911785126,0.5615171790122986,0.3251202702522278,0.23535823822021484,0.9953749775886536,0.09496142715215683,0.00023241296003106982,0.24969777464866638,0.31521597504615784,0.7691112160682678,0.0,0.13739320635795593,0.01871311292052269,0.27506589889526367,0.0,0.4784298539161682,0.5303124785423279,0.45506858825683594,0.8284552097320557,0.5244829654693604,2.57675715040399e-18,3.319134668890683e-17,3.9337234450960293e-16,4.289536204672229e-15,4.3037239218354437e-14,3.9728853887255333e-13,3.3743895264809476e-12,2.637011095596442e-11,1.8960781555943385e-10,1.254377046677746e-09,7.635325260935133e-09,4.276165199712523e-08,2.2034795676972863e-07,1.044698819896439e-06,4.557227839541156e-06,1.8291020751348697e-05,6.754647620255128e-05,0.00022950652055442333,0.0007174884085543454,0.0020637749694287777,0.005461819004267454,0.013299639336764812,0.029796823859214783,0.06142251938581467,0.1164964884519577,0.20329450070858002,0.3264118731021881,0.48220738768577576,0.6554344892501831,0.8196950554847717,0.943198025226593,0.9985756874084473,0.9727174043655396,0.8718061447143555,0.7189202308654785,0.545467734336853,0.38078951835632324,0.24458423256874084,0.14454379677772522,0.07859557121992111,0.039320968091487885,0.018099971115589142,0.007665829733014107,0.0029872253071516752,0.001071036676876247,0.00035332003608345985,0.00010724073217716068,2.9948756491648965e-05,7.695297426835168e-06,1.8192801007899106e-06,3.957321155212412e-07,7.920097999658537e-08,1.4584360386038497e-08,2.4709945201095707e-09,3.8519773482015296e-10,5.524885063334928e-11,7.291054045233114e-12,8.852886956497996e-13,9.890246038595993e-14,1.016615804261484e-14,9.614664631536459e-16,8.366407132593271e-17,6.698404789287543e-18,4.934366032401856e-19
1.02,0.0,0.7168917655944824,0.0,0.05127328634262085,0.0,0.5841636061668396,0.0,0.34582656621932983,0.8843492865562439,0.9432600736618042,0.9540399312973022,0.0,0.04119280353188515,0.0,0.7926273345947266,0.0,0.0,0.0,0.0,0.049356475472450256,0.0,0.1525925248861313,0.5807833671569824,0.0,0.0,0.3633460998535156,0.0,0.11045300215482712,0.05994071066379547,0.0,0.11755089461803436,0.006470290012657642,0.0,0.03330685570836067,0.10686343908309937,0.0,0.8994094729423523,0.6608609557151794,0.49965474009513855,0.5897917747497559,0.2980564832687378,0.25796374678611755,0.860892117023468,0.7573753595352173,0.14016833901405334,0.7540249228477478,0.3566739857196808,0.5966964960098267,0.8846696019172668,0.211250439286232,0.053359195590019226,0.26794734597206116,0.36587393283843994,0.8277661204338074,0.0,0.12501515448093414,0.0,0.348439484834671,0.02732057310640812,0.4507398307323456,0.6178044676780701,0.5095058083534241,0.8097356557846069,0.4613131284713745,2.1326838426876135e-19,2.9720822747795674e-18,3.810857808850996e-17,4.49585394886559e-16,4.880105786706293e-15,4.873868574895891e-14,4.478638055034623e-13,3.786566980107375e-12,2.9455941158440524e-11,2.108277302736994e-10,1.3883856286867058e-09,8.41240233029339e-09,4.689834653959224e-08,2.4055952962953597e-07,1.135311777034076e-06,4.9298682824883144e-06,1.969622644537594e-05,7.240329432534054e-05,0.0002448844024911523,0.0007620641845278442,0.0021819735411554575,0.0057482412084937096,0.013933109119534492,0.031073393300175667,0.06376125663518906,0.12037951499223709,0.20911051332950592,0.33421561121940613,0.49147918820381165,0.664983868598938,0.8278365731239319,0.9482125639915466,0.9992964267730713,0.9689704775810242,0.8644787073135376,0.7096195816993713,0.535950243473053,0.3724353611469269,0.23812493681907654,0.14008331298828125,0.07582204788923264,0.037760015577077866,0.017302002757787704,0.007294376380741596,0.0028294858057051897,0.0010098442435264587,0.0003316109359730035,0.00010019149340223521,2.785225660772994e-05,7.123895102267852e-06,1.6764947758929338e-06,3.6300653505350056e-07,7.231930254647523e-08,1.3256276965023517e-08,2.2357151685525878e-09,3.4692768102750904e-10,4.953235391291777e-11,6.5067864291057376e-12,7.864510366724364e-13,8.745897072965497e-14,8.948796361590329e-15,8.424661161796196e-16,7.29739398138771e-17,5.815816724173569e-18
1.05,0.0,0.844341516494751,0.0,0.04756946116685867,0.0,0.5745124816894531,0.0,0.3361981511116028,0.8956834673881531,0.9138177633285522,0.9755754470825195,0.0,0.0,0.0,0.915331244468689,0.0,0.0,0.0,0.0,0.045888084918260574,0.0,0.15867647528648376,0.7291824817657471,0.0,0.0,0.3481051027774811,0.0,0.0,0.10162235796451569,0.0,0.0,0.005942850839346647,0.0,0.07101553678512573,0.1345689594745636,0.0,0.8658977150917053,0.596097469329834,0.5051388740539551,0.44939884543418884,0.41450321674346924,0.2540491819381714,0.8751735091209412,0.7113205194473267,0.11102050542831421,0.8319752812385559,0.4274713099002838,0.57985520362854,0.7098978757858276,0.23433730006217957,0.06676860898733139,0.3492605984210968,0.41757166385650635,0.8005293607711792,0.0,0.1042279526591301,0.0,0.6973565816879272,0.21194402873516083,0.41858983039855957,0.6034599542617798,0.44172731041908264,0.8548551201820374,0.4581161439418793,1.638613774194577e-20,2.470551450751609e-19,3.4271947730595587e-18,4.374326624677218e-17,5.137019244058876e-16,5.550584456984328e-15,5.518154021829508e-14,5.047501587703007e-13,4.248021205632835e-12,3.2894589829801646e-11,2.343633898060915e-10,1.5363235128518227e-09,9.266231337790032e-09,5.14222548986254e-08,2.625588706450799e-07,1.2334734265095904e-06,5.331635748007102e-06,2.1204044969636016e-05,7.758977881167084e-05,0.00026122687268070877,0.0008092053467407823,0.0023063605185598135,0.006048159673810005,0.014593075029551983,0.03239648789167404,0.06617236137390137,0.12436062097549438,0.2150387316942215,0.3421196937561035,0.5008030533790588,0.6745023727416992,0.8358483910560608,0.9530135989189148,0.9997657537460327,0.9649947881698608,0.8569968938827515,0.7002628445625305,0.5264661312103271,0.36417272686958313,0.2317778319120407,0.13572628796100616,0.07312797755002975,0.03625189885497093,0.016535049304366112,0.006939173676073551,0.0026794003788381815,0.0009519080631434917,0.0003111572877969593,9.358203533338383e-05,2.589599353086669e-05,6.593259968212806e-06,1.544526639918331e-06,3.32903340449775e-07,6.601892721391778e-08,1.2046095676510049e-08,2.0223287489073982e-09,3.1238106545927735e-10,4.4396143011882216e-11,5.805416043724865e-12,6.984719877131673e-13,7.732006766618393e-14,7.875225299625813e-15,7.380084249374432e-16,6.363370088705904e-17
1.08,0.0,0.758292555809021,0.0,0.0,0.0,0.6522865891456604,0.0,0.3359512388706207,0.9009568691253662,0.7709610462188721,0.9914517402648926,0.0,0.026060370728373528,0.0,0.8867960572242737,0.0,0.0,0.0,0.0,0.0,0.0,0.10678763687610626,0.7994114756584167,0.0,0.0,0.32280951738357544,0.006319174077361822,0.0,0.061805322766304016,0.0,0.0,0.0,0.0,0.14713333547115326,0.19333258271217346,0.0,0.7823097109794617,0.5755118131637573,0.4774150848388672,0.3629164695739746,0.5282891988754272,0.2063898891210556,0.8630204200744629,0.6167365908622742,0.21302297711372375,0.6906891465187073,0.6133435964584351,0.4122200608253479,0.5780057907104492,0.16404293477535248,0.023791180923581123,0.46656334400177,0.41438546776771545,0.7971714735031128,0.0,0.12696385383605957,0.0,0.6263230443000793,0.30337193608283997,0.45816782116889954,0.5712146759033203,0.40685251355171204,0.9103222489356995,0.42244258522987366,1.1687559203878857e-21,1.9064441936641638e-20,2.8612242011694583e-19,3.9510025532605475e-18,5.019844147207065e-17,5.868143673415306e-16,6.31159019701664e-15,6.246034505580367e-14,5.687187916783576e-13,4.7645108344762654e-12,3.672540396792989e-11,2.6046084733444275e-10,1.6995965745891795e-09,1.0204149525350203e-08,5.636834998767881e-08,2.864978512207017e-07,1.3397847169471788e-06,5.764693469245685e-06,2.282154127897229e-05,8.312684076372534e-05,0.0002785897522699088,0.0008590462384745479,0.002437224378809333,0.0063621229492127895,0.015280450694262981,0.03376741334795952,0.06865734606981277,0.12844103574752808,0.22107931971549988,0.35012248158454895,0.5101752877235413,0.6839847564697266,0.8437251448631287,0.9575976729393005,0.9999833703041077,0.9607933759689331,0.8493658304214478,0.6908553242683411,0.5170196294784546,0.35600367188453674,0.2255430817604065,0.1314716339111328,0.07051186263561249,0.03479524329304695,0.015798110514879227,0.006599605083465576,0.0025366367772221565,0.0008970697526820004,0.0002918916579801589,8.738657925277948e-05,2.4071065126918256e-05,6.100613063608762e-06,1.4225881841412047e-06,3.0521962912644085e-07,6.02522476356171e-08,1.0943636219451491e-08,1.8288478509376205e-09,2.812037269706025e-10,3.978250714964382e-11,5.178342130096603e-12,6.201788214921233e-13,6.833931613962549e-14,6.928702827002338e-15,6.463396077098266e-16
1.1099999999999999,0.0,0.6718509793281555,0.0,0.0,0.0,0.6649104952812195,0.0,0.34588995575904846,0.9374357461929321,0.6011338829994202,0.9623017907142639,0.0,0.05138856917619705,0.0,0.6837040185928345,0.0,0.0,0.0,0.0,0.0,0.09116017818450928,0.01539350301027298,0.8252623677253723,0.0,0.0,0.2834887206554413,0.025010745972394943,0.0,0.09206143021583557,0.0608789436519146,0.0,0.0,0.0,0.25707384943962097,0.18666701018810272,0.0,0.8517621159553528,0.6068021059036255,0.5410935282707214,0.4304361641407013,0.5270518660545349,0.14006026089191437,0.8139562606811523,0.6114352345466614,0.24932028353214264,0.5069570541381836,0.7253670692443848,0.5792860388755798,0.5446086525917053,0.3045903444290161,0.0,0.6184488534927368,0.40570926666259766,0.9118562936782837,0.0,0.19236716628074646,0.0,0.17110350728034973,0.22973203659057617,0.4528885781764984,0.5946949124336243,0.4706721305847168,0.7952458262443542,0.33114081621170044,7.738702129935331e-23,1.3656876111511405e-21,2.2174923767589453e-20,3.312840258698976e-19,4.5537206755621045e-18,5.75916957602859e-17,6.701636269612155e-16,7.175124616632875e-15,7.068147065900088e-14,6.406328917872572e-13,5.3424504403709605e-12,4.0992018807139985e-11,2.893914274881837e-10,1.8797476908360977e-09,1.1234171815033278e-08,6.17746209741199e-08,3.125407772586186e-07,1.4548921853929642e-06,6.231355655472726e-06,2.4556235075579025e-05,8.903660636860877e-05,0.00029703183099627495,0.0009117272566072643,0.002574864774942398,0.006690698675811291,0.01599617302417755,0.0351874865591526,0.07121770828962326,0.1326218992471695,0.22723232209682465,0.35822218656539917,0.5195919871330261,0.693425714969635,0.8514615297317505,0.9619614481925964,0.9999489784240723,0.9563692212104797,0.8415906429290771,0.6814025640487671,0.5076146721839905,0.3479302227497101,0.21942073106765747,0.12731827795505524,0.06797221302986145,0.03338870778679848,0.015090213157236576,0.0062750717625021935,0.0024008750915527344,0.0008451776229776442,0.00027374993078410625,8.15807215985842e-05,2.2369107682607137e-05,5.643354143103352e-06,1.3099464695187635e-06,2.797675335841632e-07,5.497543398291782e-08,9.939569167727313e-09,1.653461256800881e-09,2.5307428375143104e-10,3.563933523298424e-11,4.6178382298589504e-12,5.505228976680765e-13,6.038646958774624e-14,6.094406714175901e-15
1.14,0.0,0.5201313495635986,0.0,0.0,0.0,0.6132354736328125,0.0,0.3381096422672272,0.989986002445221,0.4883139729499817,0.9124835133552551,0.0,0.0,0.0,0.6620635390281677,0.0,0.0,0.0,0.0,0.0,0.27743297815322876,0.013365120626986027,0.9567078351974487,0.0,0.0005736863822676241,0.2691972851753235,0.0386236235499382,0.0,0.3473876416683197,0.2087392807006836,0.0,0.0,0.0,0.22602005302906036,0.3222874104976654,0.0,0.9820277690887451,0.5651794075965881,0.6190201640129089,0.37064701318740845,0.5963184237480164,0.1383659541606903,0.9166168570518494,0.629422664642334,0.20194165408611298,0.5232450366020203,0.7250666618347168,0.418416291475296,0.5889908671379089,0.2835054397583008,0.0,0.5958783030509949,0.4590463936328888,0.9966124296188354,0.0,0.17812581360340118,0.0,0.6377212405204773,0.46168920397758484,0.3993646800518036,0.4492945969104767,0.41870927810668945,0.6683433651924133,0.3962237238883972,4.7567417227699586e-24,9.081879816037044e-23,1.5953996658352727e-21,2.5786404015518775e-20,3.8347728721500957e-19,5.247060156281602e-18,6.60571812631618e-17,7.651587425726997e-16,8.154749560351521e-15,7.996451130377544e-14,7.214587542832274e-13,5.9889853493144685e-12,4.5742781090707396e-11,3.214544463947533e-10,2.078470506816643e-09,1.236505031698698e-08,6.768235039089632e-08,3.4086508549080463e-07,1.5794911405464518e-06,6.734097951266449e-06,2.641612991283182e-05,9.53424969338812e-05,0.0003166149544995278,0.0009673950844444335,0.0027195927686989307,0.00703447125852108,0.016741199418902397,0.036658041179180145,0.07385493069887161,0.13690437376499176,0.2334977239370346,0.36641696095466614,0.5290491580963135,0.7028199434280396,0.8590524196624756,0.9661015868186951,0.9996627569198608,0.9517256021499634,0.8336765170097351,0.671909749507904,0.49825525283813477,0.3399541676044464,0.21341080963611603,0.12326507270336151,0.06550752371549606,0.03203095495700836,0.014410404488444328,0.005964993964880705,0.0022718068212270737,0.0007960866787470877,0.00025667104637250304,7.614141213707626e-05,2.0782250430784188e-05,5.219053491600789e-06,1.2059199434588663e-06,2.5637328349148447e-07,5.014811677028774e-08,9.02534935676158e-09,1.49451750974805e-09,2.2770131613558675e-10,3.1919612786257545e-11,4.11696588278887e-12,4.885673571437821e-13,5.334567762028432e-14
1.17,0.0,0.01829274371266365,0.0,0.0,0.0,0.6777218580245972,0.0,0.4172670841217041,0.9361798167228699,0.5822723507881165,0.861106276512146,0.0,0.0,0.0,0.6999053359031677,0.0,0.0,0.0,0.0,0.0,0.0,0.07354418188333511,0.7492701411247253,0.0,0.0031260729301720858,0.2674044966697693,0.0,0.0,0.38167113065719604,0.14349736273288727,0.0,0.0,0.0,0.02131255529820919,0.37335920333862305,0.0,0.999034583568573,0.490730345249176,0.7048575282096863,0.35734570026397705,0.5309282541275024,0.14553652703762054,0.8780772686004639,0.6044734120368958,0.3251531720161438,0.5591890811920166,0.8156667351722717,0.3041042983531952,0.5311346650123596,0.10699517279863358,0.0,0.3340305984020233,0.48815810680389404,0.9840838313102722,0.0,0.1901451200246811,0.0,0.6163761019706726,0.45621660351753235,0.48162317276000977,0.5341559648513794,0.44885653257369995,0.7098549604415894,0.40261128544807434,2.714238893493626e-25,5.606569743050976e-24,1.065550270521554e-22,1.863280269480206e-21,2.9978508507910636e-20,4.437816748516634e-19,6.044443241628632e-18,7.574793301146554e-17,8.733992829573138e-16,9.265789971770778e-15,9.044396904588775e-14,8.12277328732236e-13,6.712071870529357e-12,5.103127642680505e-11,3.56979945603797e-10,2.297622980762526e-09,1.3606339166472026e-08,7.413637348463453e-08,3.7166267929933383e-07,1.7143289596788236e-06,7.275567895703716e-06,2.8409735023160465e-05,0.00010206927254330367,0.0003374041698407382,0.001026203273795545,0.0028717322275042534,0.007394043728709221,0.01751651242375374,0.038180433213710785,0.076570525765419,0.14128951728343964,0.2398754507303238,0.3747047781944275,0.5385428071022034,0.7121619582176208,0.8664926290512085,0.9700151681900024,0.9991248250007629,0.946865975856781,0.8256288170814514,0.6623823046684265,0.4889451861381531,0.332077294588089,0.2075132131576538,0.11931083351373672,0.06311630457639694,0.030720677226781845,0.013757755048573017,0.005668810568749905,0.0021491358056664467,0.0007496582111343741,0.00024059705901890993,7.104686665115878e-05,1.9303099179523997e-05,4.825437827093992e-06,1.1098748018412152e-06,2.3487609723815694e-07,4.573315592892868e-08,8.193153711033574e-09,1.3505124796253654e-09,2.0482060492099663e-10,2.858092235102916e-11,3.6694956968841286e-12,4.334750603168097e-13
1.2,0.0,0.08505991846323013,0.0,0.0,0.0,0.5894032716751099,0.0,0.42288604378700256,0.8768431544303894,0.5648066401481628,0.8464648723602295,0.0,0.0,0.0,0.7255608439445496,0.0,0.0,0.0,0.0,0.0,0.0,0.017700444906949997,0.7711710929870605,0.0,0.0001037112670019269,0.2669728696346283,0.0,0.0,0.3070540726184845,0.2747165560722351,0.0,0.0,0.0,0.29737213253974915,0.47867947816848755,0.0,0.9865294694900513,0.5219327211380005,0.7646083235740662,0.30092695355415344,0.28423747420310974,0.07231130450963974,0.886177122592926,0.6438688039779663,0.5476362109184265,0.7435635924339294,0.9939491748809814,0.29119062423706055,0.621295154094696,0.5558217167854309,0.0,0.638696551322937,0.5452649593353271,0.776944637298584,0.0,0.19025298953056335,0.0,0.15867163240909576,0.17442220449447632,0.4493444561958313,0.5084623098373413,0.33643609285354614,0.7950984835624695,0.4502970576286316,1.4377510769109902e-26,3.2130376160171346e-25,6.60656138094534e-24,1.2498637713852258e-22,2.175592043662083e-21,3.4843341867268256e-20,5.134400018008258e-19,6.961248459961474e-18,8.683846626211111e-17,9.967005985397014e-16,1.0525550734003051e-14,1.0227099522070945e-13,9.142979342374735e-13,7.520565767360488e-12,5.6916853174993065e-11,3.9633166193375757e-10,2.539242816013143e-09,1.4968465578135692e-08,8.118538374901618e-08,4.051408097893727e-07,1.860208726611745e-06,7.858595381549094e-06,3.05460998788476e-05,0.00010924312664428726,0.0003594678419176489,0.0010883122449740767,0.0030316186603158712,0.0077700382098555565,0.01832311600446701,0.039756033569574356,0.07936596870422363,0.14577838778495789,0.24636529386043549,0.3830835223197937,0.548068642616272,0.7214463353157043,0.8737770915031433,0.9736992120742798,0.998335599899292,0.9417938590049744,0.8174527883529663,0.6528254747390747,0.47968822717666626,0.32430121302604675,0.2017277628183365,0.11545434594154358,0.06079704686999321,0.029456574469804764,0.013131354935467243,0.005385975819081068,0.0020325761288404465,0.0007057596230879426,0.00022547290427610278,6.627648690482602e-05,1.7924709027283825e-05,4.4603848436963744e-06,1.021221805785899e-06,2.151272440187313e-07,4.1696374353250576e-08,7.435818183409992e-09,1.2200755961089271e-09,1.8419266112346122e-10,2.5584999396865982e-11,3.2698368752220874e-12
1.23,0.0,0.011816511861979961,0.0,0.0,0.0,0.6038039326667786,0.0,0.4195757210254669,0.7300425171852112,0.5242281556129456,0.8038073182106018,0.0,0.0,0.0,0.708202064037323,0.0,0.0,0.0,0.0,0.0,0.0,0.002070860704407096,0.7106409072875977,0.0,0.06153567135334015,0.3973619043827057,0.0,0.0,0.16606208682060242,0.4543198347091675,0.0,0.0,0.0,0.18421116471290588,0.4394119083881378,0.0,0.957682192325592,0.5299252867698669,0.7255584597587585,0.28293535113334656,0.5271291136741638,0.1375005841255188,0.8392921090126038,0.5391090512275696,0.281897634267807,0.34444981813430786,0.9493533372879028,0.19657017290592194,0.6922677755355835,0.17401698231697083,0.0,0.5815492868423462,0.4932810068130493,0.836933970451355,0.0,0.3265088200569153,0.0,0.6550305485725403,0.3676599860191345,0.49239325523376465,0.4768909513950348,0.32794657349586487,0.7587056756019592,0.40107956528663635,7.069952084819491e-28,1.7093520347186958e-26,3.8025430166894157e-25,7.782951389147531e-24,1.465689677948708e-22,2.539611693806153e-21,4.0487427831264844e-20,5.9388259258857175e-19,8.01509227678567e-18,9.952772126113998e-17,1.1371222499311114e-15,1.1953573744174443e-14,1.1561547075614187e-13,1.0288728419585724e-12,8.424322871236622e-12,6.34652330688823e-11,4.399104691632516e-10,2.80556466947246e-09,1.646280445299908e-08,8.888222424729975e-08,4.415232410792669e-07,2.0179936655040365e-06,8.48620584292803e-06,3.2834839657880366e-05,0.00011689172242768109,0.0003828778280876577,0.0011538894614204764,0.003199600614607334,0.008163095451891422,0.019162030890583992,0.04138622060418129,0.08224274218082428,0.1503719836473465,0.252966970205307,0.3915509581565857,0.557622492313385,0.7306676506996155,0.8809008002281189,0.9771510362625122,0.9972956776618958,0.9365128874778748,0.8091538548469543,0.6432444453239441,0.47048795223236084,0.3166274428367615,0.19605419039726257,0.11169437319040298,0.05854826048016548,0.028237372636795044,0.012530318461358547,0.005115963984280825,0.001921854098327458,0.0006642643129453063,0.00021124623890500516,6.181083153933287e-05,1.664055344008375e-05,4.121909569221316e-06,9.394134394824505e-07,1.969892906572568e-07,3.80063376326234e-08,6.746786684885819e-09,1.1019590795413592e-09,1.6560046389724192e-10,2.2897348947448215e-11
1.26,0.0,0.0,0.0,0.0,0.0,0.45063576102256775,0.0,0.42546066641807556,0.6384660601615906,0.6032587289810181,0.7603121995925903,0.0,0.0,0.0,0.6280073523521423,0.0,0.0,0.0,0.0,0.0,0.0,0.0,0.5487763285636902,0.0,0.21934151649475098,0.440229594707489,0.0,0.0,0.06481114774942398,0.5483478903770447,0.0,0.0,0.0,0.03855329006910324,0.5205590724945068,0.0,0.9578889012336731,0.500738263130188,0.7626665234565735,0.31163668632507324,0.5540319681167603,0.12528377771377563,0.8217046856880188,0.5377280116081238,0.2718625068664551,0.7285900712013245,0.9191931486129761,0.3906635344028473,0.7077232599258423,0.2830022871494293,0.0,0.5923358798027039,0.5378699898719788,0.6214601993560791,0.0,0.301557719707489,0.0,0.19740420579910278,0.2749186158180237,0.43303582072257996,0.45090538263320923,0.32707834243774414,0.9419345855712891,0.47123950719833374,3.2273518264763904e-29,8.441979762376097e-28,2.031748239251648e-26,4.499072929853999e-25,9.16650376523936e-24,1.7183513498181768e-22,2.9637923756937246e-21,4.70339161447685e-20,6.867553298387286e-19,9.226150040831694e-18,1.1404245137551007e-16,1.2970005657583078e-15,1.357192082242914e-14,1.3066823556333318e-13,1.157514080245281e-12,9.434309236611149e-12,7.074919122773693e-11,4.88158014011475e-10,3.09903813722201e-09,1.810176719629908e-08,9.72842641999705e-08,4.810516998077219e-07,2.1886105514568044e-06,9.161630259768572e-06,3.528617526171729e-05,0.00012504433107096702,0.0004077096236869693,0.00122310989536345,0.0033760396763682365,0.00857387576252222,0.020034309476614,0.043072402477264404,0.08520232141017914,0.15507124364376068,0.2596801221370697,0.40010470151901245,0.5672000050544739,0.7398203611373901,0.8878588676452637,0.9803680777549744,0.9960058927536011,0.9310269355773926,0.8007373809814453,0.6336443424224854,0.46134790778160095,0.309057354927063,0.1904921978712082,0.10802962630987167,0.056368451565504074,0.027061812579631805,0.011953779496252537,0.004858264233916998,0.0018167056841775775,0.0006250512087717652,0.00019786736811511219,5.7631546951597556e-05,1.5444504242623225e-05,3.808160272456007e-06,8.639408974886464e-07,1.803351494800154e-07,3.4634130230415394e-08,6.12006134659282e-09,9.950268387015626e-10,1.4884744825582885e-10
1.29,0.0,0.0,0.0,0.0,0.0,0.41915059089660645,0.0,0.46044450998306274,0.5560746788978577,0.5170790553092957,0.7316948771476746,0.0,0.0,0.0,0.5217462182044983,0.0,0.0,0.0,0.0,0.0,0.0,0.0,0.4285641014575958,0.0,0.30508050322532654,0.5524593591690063,0.0,0.0,0.21175605058670044,0.6708245277404785,0.0,0.0,0.0,0.0,0.5109512805938721,0.0,0.8921632170677185,0.45300668478012085,0.8425611257553101,0.24426402151584625,0.4622354209423065,0.10816852748394012,0.7550114393234253,0.5432089567184448,0.4691965878009796,0.6242026090621948,0.847362220287323,0.5779778361320496,0.7403261661529541,0.2349386215209961,0.0,0.5096293687820435,0.6105026602745056,0.6296296715736389,0.0,0.3191429376602173,0.0,0.3798198401927948,0.0794612467288971,0.43980321288108826,0.4061591625213623,0.3010295331478119,0.8581464290618896,0.4769231379032135,1.3676446070687174e-30,3.870385529280154e-29,1.007773080500748e-27,2.4143423886471367e-26,5.321848444504659e-25,1.0793286413098889e-23,2.01406021465247e-22,3.457950598698722e-21,5.462515295897224e-20,7.939517333710069e-19,1.0617519943524477e-17,1.3064104135880334e-16,1.4789849592011838e-15,1.5405486267086946e-14,1.4764360253046588e-13,1.301911378183418e-12,1.0562719969520185e-11,7.884926739309961e-11,5.415606851855159e-10,3.4223477385353362e-09,1.989888254172456e-08,1.0645371162354422e-07,5.239870120021806e-07,2.3730547127343016e-06,9.88832107395865e-06,3.7910969695076346e-05,0.00013373183901421726,0.0004340425366535783,0.0012961560860276222,0.0035613111685961485,0.009003058075904846,0.02094101719558239,0.04481599107384682,0.0882461667060852,0.15987707674503326,0.2665042579174042,0.40874233841896057,0.5767965912818909,0.7488991022109985,0.8946464657783508,0.9833478927612305,0.9944671988487244,0.925339937210083,0.7922088503837585,0.6240302324295044,0.452271431684494,0.30159229040145874,0.1850413829088211,0.10445880144834518,0.054256126284599304,0.025928659364581108,0.01140089426189661,0.004612382967025042,0.0017168775666505098,0.0005880047683604062,0.00018528912914916873,5.3721309086540714e-05,1.4330811609397642e-05,3.517406184982974e-06,7.94331640463497e-07,1.650474104053501e-07,3.155318140102281e-08,5.550155446343297e-09,8.982447563532503e-10
1.3199999999999998,0.0,0.0,0.0,0.0,0.0,0.5596135854721069,0.0,0.4937257766723633,0.4809432625770569,0.4643385112285614,0.6939824223518372,0.0,0.0,0.0,0.5285159349441528,0.0,0.0,0.0,0.0,0.0,0.0,0.0,0.36223480105400085,0.0,0.47727471590042114,0.5491846203804016,0.0,0.0,0.28592756390571594,0.8792813420295715,0.0,0.3849630057811737,0.0,0.0,0.571640133857727,0.0,0.9257640242576599,0.4988788068294525,0.8006749153137207,0.19700218737125397,0.23337578773498535,0.08538371324539185,0.7784054279327393,0.529559850692749,0.4183170795440674,0.6571015119552612,0.8448137044906616,0.42860493063926697,0.8015581369400024,0.13393333554267883,0.0,0.5331903696060181,0.6644993424415588,0.7725308537483215,0.0,0.3185015618801117,0.0,0.7742586731910706,0.041032228618860245,0.4744664430618286,0.4054441750049591,0.29382750391960144,0.7845097184181213,0.45776695013046265,5.380185921962174e-32,1.647256533072825e-30,4.6403711173399557e-29,1.2027400724854206e-27,2.868259116487129e-26,6.293504198683484e-25,1.2705573599776007e-23,2.36006281183582e-22,4.033484531999149e-21,6.342562443115193e-20,9.176492527503757e-19,1.221564033160244e-17,1.4961780869041108e-16,1.686079009090703e-15,1.748236192584355e-14,1.667822509873046e-13,1.463952982276584e-12,1.1823117138098915e-11,8.785457777937822e-11,6.00654026516878e-10,3.778434454204671e-09,2.1868903132826745e-08,1.1645808228877286e-07,5.706106094294228e-07,2.5723945782374358e-06,1.0669962648535147e-05,4.072075171279721e-05,0.00014298688620328903,0.00046195980394259095,0.0013732188381254673,0.0037558034528046846,0.00945134274661541,0.021883245557546616,0.04661841690540314,0.09137572348117828,0.1647903323173523,0.27343884110450745,0.4174612760543823,0.5864078402519226,0.757898211479187,0.9012588858604431,0.9860882759094238,0.9926807284355164,0.9194560050964355,0.7835736870765686,0.6144072413444519,0.4432618319988251,0.29423338174819946,0.17970123887062073,0.10098055750131607,0.052209798246622086,0.024836696684360504,0.010870843194425106,0.004377842415124178,0.001622126204892993,0.0005530146881937981,0.00017346676031593233,5.006375795346685e-05,1.3294075870362576e-05,3.24803295370657e-06,7.301469509002345e-07,1.510176304009292e-07,2.873906268519022e-08,5.0320516642443636e-09
1.3499999999999999,0.0,0.0,0.0,0.0,0.0,0.646919310092926,0.0,0.5206159353256226,0.43125852942466736,0.5389283895492554,0.6686026453971863,0.0,0.0,0.0,0.5255197286605835,0.0,0.0,0.0,0.0,0.0,0.0,0.0,0.1894952803850174,0.0,0.6499665379524231,0.5633828043937683,0.0,0.0,0.14822077751159668,0.8085950016975403,0.0,0.36364680528640747,0.0,0.1711083948612213,0.735833466053009,0.0,0.8572807312011719,0.5013774633407593,0.8121194243431091,0.16101257503032684,0.1575854867696762,0.046360284090042114,0.8246360421180725,0.5097851157188416,0.24770799279212952,0.6879141926765442,0.9222652316093445,0.27042844891548157,0.7937825918197632,0.08658576011657715,0.0,0.5392658114433289,0.6339049339294434,0.7054058313369751,0.0,0.34355565905570984,0.0,0.6708466410636902,0.03910519927740097,0.5314585566520691,0.4430503249168396,0.3181737959384918,0.8071989417076111,0.4727865159511566,1.9648004201620595e-33,6.508266708144044e-32,1.9835346218713158e-30,5.562138642463808e-29,1.4350643276013723e-27,3.406657608746843e-26,7.440689392883036e-25,1.495289947923135e-23,2.7648092931672097e-22,4.703623612789277e-21,7.362536238234457e-20,1.0603516602934567e-18,1.4050764508789096e-17,1.7130795342431936e-16,1.9216871526001175e-15,1.9834231913123945e-14,1.883543370101784e-13,1.6457484246917842e-12,1.3230578091438794e-11,9.786372406894728e-11,6.660275664316373e-10,4.1705203734920815e-09,2.4027903222645364e-08,1.2737055499201233e-07,6.212261496330029e-07,2.7877767934114672e-06,1.1510491276567336e-05,4.3727759475586936e-05,0.00015284393157344311,0.0004915488534606993,0.001454496756196022,0.0039599197916686535,0.009919448755681515,0.022862108424305916,0.048481110483407974,0.09459243714809418,0.16981178522109985,0.2804831564426422,0.42625877261161804,0.5960289835929871,0.766812264919281,0.9076914191246033,0.9885872006416321,0.9906478524208069,0.9133793115615845,0.7748374342918396,0.6047801971435547,0.4343222975730896,0.2869817018508911,0.17447124421596527,0.09759354591369629,0.050227995961904526,0.023784728720784187,0.010362822562456131,0.00415418203920126,0.0015322178369387984,0.0005199757288210094,0.00016235781367868185,4.6643472160212696e-05,1.2329234778007958e-05,2.998533545905957e-06,6.709794888593024e-07,1.3814563715186523e-07,2.6169331590608635e-08
1.38,0.0,0.0,0.0,0.0,0.0,0.6152373552322388,0.0,0.5301105976104736,0.39074060320854187,0.6566137671470642,0.6415205001831055,0.0,0.0,0.0,0.539422869682312,0.0,0.0,0.0,0.0,0.0,0.0,0.0,0.0986916571855545,0.0,0.701211154460907,0.6372249126434326,0.0,0.0,0.0,0.7080146074295044,0.0,0.0,0.0,0.3083527386188507,0.7398834228515625,0.0,0.7303075790405273,0.4557395577430725,0.8586289882659912,0.11759541183710098,0.2991492450237274,0.01081114076077938,0.7711799740791321,0.4935426115989685,0.26692143082618713,0.5451359748840332,0.9269264936447144,0.20003606379032135,0.8237557411193848,0.16454501450061798,0.0,0.5260117650032043,0.5914899110794067,0.5627356171607971,0.0,0.4332929849624634,0.0,0.5877743363380432,0.0,0.5695818662643433,0.46656718850135803,0.3524485230445862,0.760154664516449,0.4609094262123108,6.660958253977426e-35,2.3870778475827578e-33,7.870892706651135e-32,2.3878604799665917e-30,6.665326962789615e-29,1.71183355693344e-27,4.045099071228136e-26,8.794767657580705e-25,1.7593292659652978e-23,3.2381536042036805e-22,5.483720361705705e-21,8.544383463116667e-20,1.2249369241464749e-18,1.6157502539094276e-17,1.9609311684282545e-16,2.1896665660129863e-15,2.249682407864332e-14,2.1266303063156855e-13,1.8496532430689605e-12,1.4801857656232542e-11,1.0898573016282498e-10,7.383302302876871e-10,4.6021333410806164e-09,2.6393399465973744e-08,1.392704547242829e-07,6.76161164392397e-07,3.0204316772142192e-06,1.2414103366609197e-05,4.6944991481723264e-05,0.00016333931125700474,0.0005229013622738421,0.0015401971759274602,0.0041740769520401955,0.01040811650454998,0.023878740146756172,0.050405532121658325,0.0978977233171463,0.17494216561317444,0.28763648867607117,0.4351319968700409,0.6056554317474365,0.7756356596946716,0.9139395952224731,0.9908428192138672,0.9883700609207153,0.9071142077445984,0.7660055160522461,0.5951540470123291,0.42545580863952637,0.2798382639884949,0.16935080289840698,0.09429637342691422,0.04830924794077873,0.022771576419472694,0.009876055642962456,0.003940954804420471,0.0014469282468780875,0.0004887874820269644,0.00015192200953606516,4.344591070548631e-05,1.1431537132011726e-05,2.7675021101458697e-06,6.164513592921139e-07,1.2633894641567167e-07
1.41,0.0,0.0,0.0,0.0,0.0,0.608750581741333,0.0,0.5316880345344543,0.34780117869377136,0.6745578646659851,0.5961043834686279,0.0,0.0,0.0,0.5529531836509705,0.0,0.0,0.0,0.0,0.0,0.0,0.022684931755065918,0.24452799558639526,0.0,0.7082085609436035,0.6443358063697815,0.0,0.0,0.04579906910657883,0.8933219909667969,0.0,0.0,0.0,0.183914452791214,0.5970312356948853,0.0,0.7583709955215454,0.4635709524154663,0.8274517059326172,0.09616982191801071,0.304362416267395,0.0,0.6860055327415466,0.47219234704971313,0.35999318957328796,0.509757936000824,0.848031222820282,0.1751052588224411,0.9670074582099915,0.23250965774059296,0.0,0.6245736479759216,0.6009765863418579,0.5914658308029175,0.0,0.502850353717804,0.017946338281035423,0.9180331826210022,0.07786484807729721,0.5738340020179749,0.41759732365608215,0.39285412430763245,0.6688799858093262,0.4099580943584442,2.096293535656389e-36,8.127648039848578e-35,2.8993808772031655e-33,9.516410824638416e-32,2.8738801861784786e-30,7.985308189158478e-29,2.0414666743440206e-27,4.80198121935496e-26,1.0392646836303389e-24,2.069471350802568e-23,3.791580297547802e-22,6.3915858191060314e-21,9.913444278839501e-20,1.4147121123984173e-18,1.8575440805092932e-17,2.244076944989728e-16,2.494387515820668e-15,2.5510421615307192e-14,2.400484596255109e-13,2.07829782029878e-12,1.6555571150100867e-11,1.213411593425917e-10,8.182756694452564e-10,5.077135156739132e-09,2.8984469935267043e-08,1.5224377136746625e-07,7.357686513387307e-07,3.271678224336938e-06,1.3385279999056365e-05,5.0386232032906264e-05,0.00017451142775826156,0.0005561134312301874,0.0016305363969877362,0.00439870823174715,0.010918106883764267,0.024934295564889908,0.05239314213395119,0.10129297524690628,0.18018214404582977,0.2948979437351227,0.4440780580043793,0.6152822971343994,0.7843629717826843,0.9199989438056946,0.9928533434867859,0.9858490824699402,0.9006651043891907,0.757083535194397,0.585533618927002,0.41666534543037415,0.2728038728237152,0.16433921456336975,0.09108763933181763,0.04645209014415741,0.02179609052836895,0.00940978154540062,0.003737730672582984,0.0013660419499501586,0.0004593541380017996,0.00014212117821443826,4.0457354771206155e-05,1.0596531865303405e-05,2.5536276098137023e-06,5.66211838304298e-07
1.44,0.0,0.0,0.0,0.0,0.0,0.6634094715118408,0.0,0.5643082857131958,0.33065730333328247,0.5475698113441467,0.5818437337875366,0.0,0.0,0.0,0.2877437174320221,0.0,0.0,0.0,0.0,0.0,0.0,0.07163815200328827,0.26253166794776917,0.0,0.7953712940216064,0.6526920795440674,0.0,0.0,0.23210342228412628,0.8316637873649597,0.0,0.0,0.0,0.10751320421695709,0.746785044670105,0.0,0.7761476039886475,0.4452623426914215,0.8775302767753601,0.08469376713037491,0.056351471692323685,0.0,0.7364291548728943,0.45453783869743347,0.22541923820972443,0.6357921957969666,0.9112505316734314,0.4887089729309082,0.937954843044281,0.00577519042417407,0.0,0.7117900848388672,0.5718027949333191,0.5120339393615723,0.0,0.47114092111587524,0.057238902896642685,0.58963543176651,0.26609280705451965,0.614073634147644,0.2914589047431946,0.4350319802761078,0.7825338840484619,0.454502671957016,6.124414174688614e-38,2.5689776502973002e-36,9.914793197788232e-35,3.5207448033249266e-33,1.1503049174773869e-31,3.457951919893019e-30,9.564284863329892e-29,2.433960989581434e-27,5.699047956273842e-26,1.227774238200799e-24,2.43367344238591e-23,4.438473755297406e-22,7.447877689877775e-21,1.1498971152284073e-19,1.6334769825906228e-18,2.134983766682029e-17,2.567460095268231e-16,2.8407983685010225e-15,2.8920422100956605e-14,2.708921682890303e-13,2.334617959023899e-12,1.8512399946324365e-11,1.350632522489903e-10,9.066490891385115e-10,5.599752217477771e-09,3.182189090011889e-08,1.6638365707422054e-07,8.004292340046959e-07,3.542931608535582e-06,1.442879693058785e-05,5.406610216596164e-05,0.000186400706297718,0.0005912860506214201,0.0017257394501939416,0.004634259734302759,0.011450201272964478,0.026029953733086586,0.054445404559373856,0.10477957874536514,0.1855323314666748,0.30226656794548035,0.45309385657310486,0.6249046921730042,0.792988657951355,0.925865113735199,0.9946173429489136,0.9830868244171143,0.894036591053009,0.7480769753456116,0.575923502445221,0.4079537093639374,0.2658793032169342,0.15943576395511627,0.08796592801809311,0.044655073434114456,0.020857136696577072,0.008963262662291527,0.003544093109667301,0.0012893525417894125,0.000431584456237033,0.00013291911454871297,3.766488589462824e-05,9.820044397201855e-06,2.355688138777623e-06
1.47,0.0,0.0,0.0,0.0,0.0,0.6894931793212891,0.0,0.5275399684906006,0.28563612699508667,0.5123972296714783,0.5611260533332825,0.0,0.0,0.0,0.289577454328537,0.0,0.0,0.0,0.0,0.0,0.0,0.0,0.26987600326538086,0.0,0.7977469563484192,0.7980849742889404,0.0,0.0,0.5179805755615234,0.8416565656661987,0.0,0.0,0.0,0.0011067866580560803,0.6729225516319275,0.0,0.7429212331771851,0.49016711115837097,0.7201991081237793,0.10314203053712845,0.3475906252861023,0.0,0.7593134641647339,0.5173415541648865,0.39686819911003113,0.8598897457122803,0.921113133430481,0.5662177205085754,0.7127245664596558,0.041276052594184875,0.0,0.7394363284111023,0.679990828037262,0.39211955666542053,0.0,0.471868634223938,0.0,0.07918795943260193,0.09961245954036713,0.5257834196090698,0.2650463581085205,0.348913311958313,0.7650133967399597,0.4456680715084076,1.661016523001243e-39,7.537943172010058e-38,3.1474521310895384e-36,1.209185580120289e-34,4.274195539899734e-33,1.3900913064646184e-31,4.159679165300007e-30,1.1452595377372169e-28,2.9011856237069498e-27,6.761993036335655e-26,1.4501117261089466e-24,2.861249621423268e-23,5.194426665213963e-22,8.676548668868028e-21,1.333472274596535e-19,1.8855954294421915e-18,2.453243327159154e-17,2.936704520986838e-16,3.2345022470001367e-15,3.277798293747393e-14,3.0562195569433515e-13,2.6218896845287e-12,2.069530657955454e-11,1.5029925914955555e-10,1.0043137432802496e-09,6.174609268327913e-09,3.492827715945168e-08,1.8179099470216897e-07,8.705528671271168e-07,3.835707502730656e-06,1.5549749150522985e-05,5.8000114222522825e-05,0.00019904984219465405,0.0006285248091444373,0.0018260410288348794,0.0048811957240104675,0.012005201540887356,0.027166910469532013,0.05656380578875542,0.10835888236761093,0.19099323451519012,0.30974122881889343,0.46217623353004456,0.6345177292823792,0.8015072345733643,0.9315339922904968,0.9961334466934204,0.9800853729248047,0.887233316898346,0.7389913201332092,0.5663284659385681,0.39932358264923096,0.2590652406215668,0.15463964641094208,0.08492980897426605,0.042916763573884964,0.01995360478758812,0.008535781875252724,0.00335964048281312,0.0012166618835180998,0.0004053913871757686,0.0001242815633304417,3.5056327760685235e-05,9.098162990994751e-06
1.5,0.0,0.0,0.0,0.0,0.0,0.7874672412872314,0.0,0.41199958324432373,0.26247116923332214,0.3829878270626068,0.5366621017456055,0.0,0.0,0.0,0.37739089131355286,0.0,0.0,0.0,0.0,0.0,0.0,0.0,0.02924220822751522,0.0,0.6767085194587708,0.74761962890625,0.0,0.0,0.3106608986854553,0.8331642746925354,0.0,0.0,0.0,0.017268162220716476,0.6888476014137268,0.0,0.6391193866729736,0.5081726908683777,0.8351878523826599,0.18372100591659546,0.30981528759002686,0.0,0.646168053150177,0.44260844588279724,0.30348873138427734,0.7834513783454895,0.9166005253791809,0.10131723433732986,0.7653172016143799,0.12639875710010529,0.0,0.8366947174072266,0.6761173605918884,0.568649172782898,0.0,0.4650467336177826,0.0,0.0034781373105943203,0.11969627439975739,0.5732149481773376,0.2379186898469925,0.2820248603820801,0.7367547750473022,0.4695728123188019,4.182035136930984e-41,2.0532525748519382e-39,9.275380627802027e-38,3.855214309415309e-36,1.4743238410780254e-34,5.187579997085591e-33,1.6794391233700894e-31,5.002548487607967e-30,1.371026555097389e-28,3.457227983891783e-27,8.021169731761523e-26,1.712280773273966e-24,3.3631002101308055e-23,6.077600498601833e-22,1.0105366659940569e-20,1.5459647634507217e-19,2.176078926694276e-18,2.818235118086952e-17,3.358206379688503e-16,3.681841734027051e-15,3.7140724388129084e-14,3.4471741867242445e-13,2.9437682760175e-12,2.312978281127087e-11,1.6721185547297068e-10,1.1122185394896178e-09,6.806764929478959e-09,3.8328245466345834e-08,1.9857503730236203e-07,9.465813946007984e-07,4.151631401327904e-06,1.6753563613747247e-05,6.220470095286146e-05,0.0002125038008671254,0.0006679405341856182,0.0019316856050863862,0.0051399944350123405,0.012583932839334011,0.028346385806798935,0.05874982476234436,0.11203223466873169,0.19656535983085632,0.3173207938671112,0.4713219106197357,0.6441162824630737,0.8099132776260376,0.9370014667510986,0.9974005818367004,0.9768468737602234,0.8802599310874939,0.729832112789154,0.5567529201507568,0.390777587890625,0.2523621916770935,0.1499500274658203,0.08197781443595886,0.041235730051994324,0.019084403291344643,0.008126640692353249,0.0031839855946600437,0.001147779985330999,0.0003806920431088656,0.00011617602285696194,3.2620209822198376e-05
1.53,0.0,0.0,0.0,0.0,0.0,0.6788718700408936,0.0,0.4605257511138916,0.26503947377204895,0.516593337059021,0.5000494718551636,0.0,0.0,0.0,0.32733508944511414,0.0,0.0,0.0,0.0,0.0,0.0,0.0,0.2899792492389679,0.0,0.7596573829650879,0.7031807899475098,0.0,0.0,0.2813825011253357,0.911388099193573,0.0,0.0,0.0,0.23151186108589172,0.9565399885177612,0.0,0.6299182176589966,0.6072801351547241,0.9106646776199341,0.03810018673539162,0.3966922163963318,0.0,0.6208757162094116,0.4962189793586731,0.2486778050661087,0.7942496538162231,0.8662649989128113,0.13046696782112122,0.84874427318573,0.05481266230344772,0.0,0.5816396474838257,0.6254057884216309,0.5952968001365662,0.0,0.6558389663696289,0.15865735709667206,0.2916049063205719,0.04939250275492668,0.5477105379104614,0.18836858868598938,0.3432919383049011,0.8985746502876282,0.48356127738952637,9.781063280987223e-43,5.19195094016988e-41,2.537472660497843e-39,1.141040793635749e-37,4.7209403570485546e-36,1.7971460434712596e-34,6.294565802457986e-33,2.0285035814399887e-31,6.014690877225298e-30,1.6408860533456057e-28,4.1188034087162645e-27,9.512426224015501e-26,2.021338529353965e-24,3.9519769872692386e-23,7.109143795914651e-22,1.176651173542184e-20,1.7918668187519836e-19,2.5106796883265697e-18,3.2367147235281445e-17,3.839238508016588e-16,4.189993316227377e-15,4.2073546117340696e-14,3.887160504503079e-13,3.3043296831375413e-12,2.5844125450813493e-11,1.8598068918240784e-10,1.2314065322982515e-09,7.501749443861172e-09,4.2048572623798464e-08,2.1685404760773963e-07,1.028990482154768e-06,4.49244453193387e-06,1.804602834454272e-05,6.669727736152709e-05,0.0002268099779030308,0.0007096492336131632,0.00204292731359601,0.005411150399595499,0.013187238946557045,0.02956961840391159,0.06100495532155037,0.11580093204975128,0.20224907994270325,0.3250039219856262,0.48052749037742615,0.6536953449249268,0.8182012438774109,0.9422636032104492,0.9984176754951477,0.9733738303184509,0.873121440410614,0.7206048369407654,0.5472014546394348,0.3823181092739105,0.2457706779241562,0.14536599814891815,0.07910849899053574,0.03961056098341942,0.01824846863746643,0.007735161576420069,0.003016754286363721,0.0010825252393260598,0.0003574075235519558,0.00010857176675926894
1.56,0.0,0.0,0.0,0.0,0.0,0.8168367147445679,0.0,0.45705682039260864,0.22445273399353027,0.3770488500595093,0.4904523193836212,0.0,0.0,0.0,0.3603585660457611,0.0,0.0,0.0,0.0,0.0,0.0,0.0,0.24139410257339478,0.0,0.6759665608406067,0.7214922308921814,0.20141510665416718,0.0,0.5201486349105835,0.9454630613327026,0.0,0.0,0.0,0.2744276225566864,0.6562299132347107,0.0,0.5662436485290527,0.6067195534706116,0.9595334529876709,0.0032710509840399027,0.3673706650733948,0.0,0.6331822276115417,0.4697449505329132,0.11688823997974396,0.8682618737220764,0.8439378142356873,0.12033137679100037,0.7987272143363953,0.2263994663953781,0.0,0.6473065614700317,0.7016465067863464,0.5793768763542175,0.0,0.6573625802993774,0.12956103682518005,0.08258700370788574,0.009133239276707172,0.5716503262519836,0.27594223618507385,0.3551923930644989,0.9018973112106323,0.4471823275089264,2.1019476964872256e-44,1.2191296639625909e-42,6.444151247890536e-41,3.135097028264627e-39,1.4033346070454196e-37,5.7796167281662155e-36,2.190102555102871e-34,7.635849672468342e-33,2.449502416308458e-31,7.229794309534701e-30,1.9633672539818287e-28,4.905742235852778e-27,1.127808798215061e-25,2.3855786834759837e-24,4.6427957348344863e-23,8.313674066105104e-22,1.3697267607394246e-20,2.0763591760743172e-19,2.895999856398165e-18,3.7163977533643803e-17,4.388068212234092e-16,4.767076439675258e-15,4.764950979900713e-14,4.3822009822974684e-13,3.708119315076752e-12,2.8869727788927158e-11,2.0680414325457974e-10,1.3630234718675638e-09,8.26561130651271e-09,4.611839798940309e-08,2.3675598015415744e-07,1.1182921753061237e-06,4.860009994445136e-06,1.943330244102981e-05,7.14963098289445e-05,0.0002420182863716036,0.0007537725032307208,0.002160030882805586,0.005695176310837269,0.013815988786518574,0.03083786554634571,0.06333068758249283,0.11966624855995178,0.20804472267627716,0.33278924226760864,0.4897894263267517,0.6632497310638428,0.8263658285140991,0.947316586971283,0.9991840720176697,0.9696688055992126,0.8658225536346436,0.7113149762153625,0.5376783609390259,0.3739475607872009,0.2392910122871399,0.140886589884758,0.07632037252187729,0.038039855659008026,0.017444752156734467,0.007360686082392931,0.002857586368918419,0.001020723138935864,0.000335462624207139
1.5899999999999999,0.0,0.0,0.0,0.0,0.0,0.9271839261054993,0.0,0.4496425986289978,0.23856812715530396,0.3464564085006714,0.4651236832141876,0.0,0.0,0.0,0.3651784062385559,0.0,0.0,0.0,0.0,0.0,0.0,0.0,0.2425706684589386,0.0,0.7709706425666809,0.7678601145744324,0.5569222569465637,0.0,0.2033851593732834,0.8534715175628662,0.0,0.0,0.0,0.0946156457066536,0.8282195925712585,0.0,0.5689020752906799,0.5709997415542603,0.989888072013855,0.0,0.12123194336891174,0.0,0.6335684061050415,0.46710634231567383,0.08377894759178162,0.6510245203971863,0.8387759327888489,0.1864648014307022,0.7385843992233276,0.1912824809551239,0.0,0.7199311256408691,0.7675373554229736,0.66485196352005,0.0,0.6291545629501343,0.0383291095495224,0.045939311385154724,0.04198097437620163,0.5692815184593201,0.28101417422294617,0.36956295371055603,0.8714092373847961,0.4738830029964447,0.0,2.6624670822171524e-44,1.5190075353281017e-42,7.996509686669569e-41,3.872496713952418e-39,1.7254875187998377e-37,7.073920382283649e-36,2.6683088098742436e-34,9.260608413283307e-33,2.9571309530528666e-31,8.688186704328706e-30,2.3486335300638325e-28,5.841561225480258e-27,1.3368115785965788e-25,2.8147446538956338e-24,5.452998482985347e-23,9.71984374699278e-22,1.594082376670814e-20,2.4054138209464137e-19,3.3396147509588223e-18,4.2660950046083295e-17,5.014091470006228e-16,5.4222746355848256e-15,5.3950855556043203e-14,4.939041797075161e-13,4.160204299108461e-12,3.224141786883905e-11,2.2990118142551808e-10,1.5083280180405723e-09,9.104958564876142e-09,5.056938690017887e-08,2.584193339316698e-07,1.2150378552178154e-06,5.256325039226795e-06,2.0921950635965914e-05,7.66213343013078e-05,0.00025818130234256387,0.0008004374685697258,0.002283271634951234,0.005992600694298744,0.014471069909632206,0.03215240687131882,0.06572853028774261,0.12362943589687347,0.21395252645015717,0.3406752049922943,0.4991041123867035,0.6727742552757263,0.8344016075134277,0.9521567225456238,0.9996991753578186,0.9657345414161682,0.858368456363678,0.7019680142402649,0.5281878709793091,0.3656681180000305,0.2329235076904297,0.13651081919670105,0.07361196726560593,0.03652223199605942,0.016672233119606972,0.007002575322985649,0.002706134459003806,0.0009622069774195552
1.6199999999999999,0.0,0.0,0.0,0.0,0.0,0.7937292456626892,0.0,0.43980124592781067,0.25291407108306885,0.42018890380859375,0.44184163212776184,0.0,0.0,0.0,0.38850340247154236,0.0,0.0,0.0,0.0,0.0,0.0,0.0,0.3244550824165344,0.0,0.7845534086227417,0.7408286333084106,0.31263524293899536,0.0,0.22210468351840973,0.8206996321678162,0.0,0.0,0.0,0.3644222915172577,0.8898496031761169,0.0,0.5403600931167603,0.6013652086257935,0.9486632347106934,0.0,0.31152141094207764,0.0,0.5905408263206482,0.448180228471756,0.09476213902235031,0.4719699025154114,0.878892719745636,0.28486520051956177,0.6486188769340515,0.15434694290161133,0.0,0.7859897613525391,0.8195785284042358,0.7550482153892517,0.0,0.6248436570167542,0.0,0.031125890091061592,0.04178430140018463,0.5033382177352905,0.25759661197662354,0.4076284170150757,0.8618255257606506,0.4660537838935852,0.0,0.0,3.363116314379561e-44,1.893154225302828e-42,9.920212218494677e-41,4.7821341977857654e-39,2.1210602865018447e-37,8.65589298839748e-36,3.250111703207821e-34,1.1228255182813287e-32,3.569059692952516e-31,1.0438134800047559e-29,2.8087916383339e-28,6.95414476170552e-27,1.5841470825150488e-25,3.320280840195409e-24,6.402973815133802e-23,1.1360989469343594e-21,1.854719071309317e-20,2.7859138007935093e-19,3.850213490753105e-18,4.895865324380882e-17,5.727982484655177e-16,6.165970833823522e-15,6.107012682013413e-14,5.565237398523493e-13,4.6662300759447994e-12,3.5997815839294844e-11,2.555134159809569e-10,1.6687022874606328e-09,1.002701210950363e-08,5.5435986467955445e-08,2.819938060838467e-07,1.3198207398090744e-06,5.683526069333311e-06,2.251895966765005e-05,8.20930436020717e-05,0.0002753543376456946,0.0008497772505506873,0.0024129359517246485,0.0063039688393473625,0.015153392218053341,0.033514536917209625,0.06819996982812881,0.12769170105457306,0.2199726700782776,0.3486601710319519,0.5084678530693054,0.6822636127471924,0.8423032760620117,0.9567805528640747,0.9999625086784363,0.9615738987922668,0.8507641553878784,0.6925693154335022,0.5187342166900635,0.3574818968772888,0.2266683131456375,0.13223764300346375,0.07098179310560226,0.03505632281303406,0.01592991128563881,0.006660209037363529,0.002562063978984952
1.65,0.0,0.0,0.0,0.0,0.0,0.7752708792686462,0.0,0.40564048290252686,0.23216292262077332,0.3945085406303406,0.42591047286987305,0.0,0.0,0.0,0.34940794110298157,0.0,0.0,0.0,0.0,0.0,0.0,0.0,0.31412121653556824,0.0,0.8291019797325134,0.7604281902313232,0.0,0.19857032597064972,0.21577362716197968,0.8263395428657532,0.0,0.0,0.0,0.46843090653419495,0.7191612720489502,0.0,0.5253491401672363,0.6126981377601624,0.911162793636322,0.0,0.47820672392845154,0.0,0.5613028407096863,0.4538351893424988,0.0731610655784607,0.6140057444572449,0.8721020221710205,0.2595466375350952,0.7083031535148621,0.14598870277404785,0.0,0.8064244985580444,0.8430953025817871,0.7233164310455322,0.0,0.6618091464042664,0.0,0.0,0.013101411983370781,0.5002158880233765,0.19653135538101196,0.3941134512424469,0.8376478552818298,0.4455888569355011,0.0,0.0,0.0,4.203895392974451e-44,2.358385315458667e-42,1.2303540646618326e-40,5.903953492490248e-39,2.606662444797144e-37,1.0588980677451048e-35,3.957775144025925e-34,1.361054803370423e-32,4.306531699717726e-31,1.2537393173214954e-29,3.3582606551737935e-28,8.276546039420128e-27,1.8767714607808063e-25,3.915626276756654e-24,7.516551325960404e-23,1.3275888353596844e-21,2.1574269473840913e-20,3.22579035597331e-19,4.437759879849521e-18,5.617188325223048e-17,6.54186679751868e-16,7.0099027934579245e-15,6.911142394049746e-14,6.269245105688936e-13,5.232488053952267e-12,4.0181743349299026e-11,2.8390748085804773e-10,1.845663288868593e-09,1.1039659852940531e-08,6.075561742591162e-08,3.076413861435867e-07,1.4332786122395191e-06,6.143899099697592e-06,2.423176556476392e-05,8.793334563961253e-05,0.00029359571635723114,0.0009019310818985105,0.0025493213906884193,0.0066298446618020535,0.015863889828324318,0.03492557629942894,0.070746511220932,0.13185422122478485,0.2261052280664444,0.35674238204956055,0.5178767442703247,0.691712498664856,0.8500655889511108,0.961184561252594,0.9999739527702332,0.9571900367736816,0.8430147767066956,0.6831243634223938,0.509321391582489,0.3493909239768982,0.22052553296089172,0.12806595861911774,0.06842834502458572,0.033640775829553604,0.015216805040836334,0.00633298559114337
1.68,0.0,0.0,0.0,0.0,0.0,0.9127770662307739,0.0,0.3552103042602539,0.20803189277648926,0.32787278294563293,0.40634116530418396,0.0,0.0,0.0,0.21595093607902527,0.0,0.0,0.0,0.0,0.0,0.0,0.0,0.3032621145248413,0.0,0.9059894680976868,0.8437192440032959,0.0,0.4862903654575348,0.16779829561710358,0.8014988899230957,0.0,0.0,0.0,0.36343759298324585,0.6080721020698547,0.0,0.4853088855743408,0.5687097907066345,0.9392359256744385,0.0,0.3510272204875946,0.0,0.5620225667953491,0.4462946355342865,0.06118742749094963,0.6819101572036743,0.8004180192947388,0.19264936447143555,0.768548846244812,0.08081982284784317,0.0,0.7323654294013977,0.8620530962944031,0.6480079889297485,0.0,0.7812855243682861,0.0,0.0,0.02178337797522545,0.5279878377914429,0.0915057435631752,0.3882853388786316,0.8292281627655029,0.4445318877696991,0.0,0.0,0.0,1.401298464324817e-45,5.184804318001823e-44,2.9385228796891414e-42,1.5255656121411418e-40,7.287100937806666e-39,3.2026326638047e-37,1.2950515394392703e-35,4.818307262982401e-34,1.6494132654555243e-32,5.195077535154006e-31,1.5055048542054709e-29,4.014207838625295e-28,9.847933081089073e-27,2.222889483105732e-25,4.616557195607659e-24,8.821575281064559e-23,1.550963547562731e-21,2.50890729876781e-20,3.7341796963514634e-19,5.1136776960977326e-18,6.443161915826239e-17,7.469512929154357e-16,7.967335897474982e-15,7.819184752802522e-14,7.06053162984055e-13,5.865984347569464e-12,4.4840652024813465e-11,3.1537736311371134e-10,2.040876356801391e-09,1.2151514461322677e-08,6.656894413481496e-08,3.355370665758528e-07,1.5560977999484749e-06,6.639889306825353e-06,2.6068279112223536e-05,9.416541433893144e-05,0.0003129666147287935,0.0009570446563884616,0.002692736918106675,0.006970809772610664,0.016603516414761543,0.03638685122132301,0.07336965203285217,0.13611812889575958,0.2323502004146576,0.3649200201034546,0.5273268818855286,0.701115608215332,0.8576833009719849,0.9653655886650085,0.9997335076332092,0.9525860548019409,0.8351255655288696,0.6736384630203247,0.49995338916778564,0.3413970470428467,0.21449516713619232,0.1239946186542511,0.06595014035701752,0.03227424994111061,0.014531959779560566
1.71,0.0,0.0,0.0,0.0,0.0,0.9341963529586792,0.0,0.3322322368621826,0.2111470252275467,0.32972556352615356,0.38432520627975464,0.0,0.0,0.0,0.1324709802865982,0.0,0.0,0.0,0.0,0.0,0.0,0.0,0.3433471918106079,0.0,0.824895441532135,0.8458033800125122,0.0,0.45925188064575195,0.37392091751098633,0.7286630868911743,0.0,0.0,0.0,0.4254959225654602,0.6505708694458008,0.0,0.37638789415359497,0.5461362600326538,0.9877728223800659,0.0,0.30143800377845764,0.0,0.5464742183685303,0.38519400358200073,0.11129692196846008,0.4856272041797638,0.7713314890861511,0.29921358823776245,0.6049655675888062,0.038820937275886536,0.0,0.6900709271430969,0.8570944666862488,0.6719390749931335,0.0,0.8843742609024048,0.0,0.0,0.04600674286484718,0.46239328384399414,0.05692962184548378,0.4143129289150238,0.8747903108596802,0.4559376835823059,0.0,0.0,0.0,0.0,1.401298464324817e-45,6.445972935894159e-44,3.6587902903520974e-42,1.8911363555142e-40,8.992018740396741e-39,3.933870335677408e-37,1.5834722510674987e-35,5.864465551968062e-34,1.998361114485822e-32,6.265374545532505e-31,1.8073725558130188e-29,4.797067786880839e-28,1.1714712324280333e-26,2.63217591219478e-25,5.4415897399157696e-24,1.0350568837846719e-22,1.8114659667155683e-21,2.9169147821444444e-20,4.3216027838378203e-19,5.891060795004149e-18,7.388728617647856e-17,8.526552343208192e-16,9.053255852777518e-15,8.844304683151144e-14,7.949689084102429e-13,6.574521309310466e-12,5.002714215107673e-11,3.502473033822895e-10,2.2561681412014423e-09,1.3371979967757852e-08,7.292013748383397e-08,3.658700507003232e-07,1.6890159031390795e-06,7.174112852226244e-06,2.8036914955009706e-05,0.00010081376240123063,0.0003335315559525043,0.0010152702452614903,0.0028435043059289455,0.007327463943511248,0.01737324893474579,0.037899717688560486,0.0760708823800087,0.1404845267534256,0.2387075126171112,0.37319108843803406,0.5368141531944275,0.710467517375946,0.8651512861251831,0.9693205952644348,0.999241292476654,0.9477654695510864,0.8271017670631409,0.6641169190406799,0.49063408374786377,0.33350199460983276,0.20857715606689453,0.1200224757194519,0.06354567408561707,0.030955437570810318
1.74,0.0,0.0,0.0,0.0,0.0,0.9564126133918762,0.0,0.3519729673862457,0.21502117812633514,0.19105808436870575,0.37641453742980957,0.0,0.0,0.0,0.20444399118423462,0.0,0.0,0.0,0.0,0.0,0.0,0.0,0.19132350385189056,0.0,0.7440029978752136,0.7684991955757141,0.0,0.17253850400447845,0.09092609584331512,0.5543489456176758,0.0,0.0,0.002088711829856038,0.07206214964389801,0.7278683185577393,0.0,0.401901513338089,0.5613037347793579,0.9742344617843628,0.0,0.2636265456676483,0.0,0.5089820623397827,0.3933566212654114,0.14913521707057953,0.7220219969749451,0.8231076002120972,0.4743603467941284,0.5103684663772583,0.13717608153820038,0.0,0.856957197189331,0.7444655895233154,0.6778623461723328,0.0,0.7498427629470825,0.0,0.0,0.0,0.4068778157234192,0.1521388292312622,0.30668073892593384,0.8663671016693115,0.49054792523384094,0.0,0.0,0.0,0.0,0.0,1.401298464324817e-45,8.127531093083939e-44,4.55562130751998e-42,2.3437137205371863e-40,1.1093030369509797e-38,4.8308502267941405e-37,1.9356395679030575e-35,7.1359693222487215e-34,2.4205218373580027e-32,7.554271657565061e-31,2.1692207876627998e-29,5.731159217348204e-28,1.3931847498490785e-26,3.1160365674017973e-25,6.4124491390107736e-24,1.2141514702260189e-22,2.1151898855388476e-21,3.3904194603987933e-20,5.000172903021395e-19,6.784911751338645e-18,8.470927027817512e-17,9.730726144760427e-16,1.0284591883365831e-14,1.0001300189497325e-13,8.948565629815497e-13,7.36678426593862e-12,5.579946227296517e-11,3.888746546998334e-10,2.4935429276951027e-09,1.4711318385707273e-08,7.985716621305983e-08,3.988446337643836e-07,1.8328257738176035e-06,7.749365977360867e-06,3.014662433997728e-05,0.00010790430678753182,0.0003553582646418363,0.0010767667554318905,0.0030019565019756556,0.007700425572693348,0.01817408762872219,0.039465539157390594,0.07885169982910156,0.14495445787906647,0.2451769858598709,0.38155344128608704,0.546334445476532,0.7197628021240234,0.8724644184112549,0.973046600818634,0.998497724533081,0.9427316784858704,0.8189486265182495,0.6545650362968445,0.48136720061302185,0.32570749521255493,0.20277132093906403,0.11614830791950226,0.06121344491839409
1.77,0.0,0.0,0.0,0.0,0.0,0.7114400863647461,0.0,0.31961366534233093,0.2087370604276657,0.10640360414981842,0.3712541460990906,0.0,0.0,0.0,0.18170614540576935,0.0,0.0,0.0,0.0,0.0,0.0,0.0,0.47904571890830994,0.0,0.8954516649246216,0.7764904499053955,0.0,0.50580894947052,0.07725990563631058,0.3689371645450592,0.0,0.0199380312114954,0.016696687787771225,0.4436962902545929,0.820601224899292,0.0,0.5350281596183777,0.616393506526947,0.8312684297561646,0.0,0.0043038311414420605,0.0,0.4590941369533539,0.3448668122291565,0.18415044248104095,0.5569663643836975,0.832737922668457,0.329074501991272,0.4557056725025177,0.05706068128347397,0.0,0.8667557239532471,0.8214293718338013,0.40731537342071533,0.0,0.7092301249504089,0.0,0.0,0.0,0.3959369361400604,0.0074384622275829315,0.4755373001098633,0.7575987577438354,0.3900533616542816,0.0,0.0,0.0,0.0,0.0,0.0,1.401298464324817e-45,1.0229478789571165e-43,5.671054885122535e-42,2.9038687686663887e-40,1.3681501886318278e-38,5.930859656147933e-37,2.3655334353345224e-35,8.680967006105052e-34,2.931126902122846e-32,9.10602341237369e-31,2.6028576067997844e-29,6.8454127274282445e-28,1.656442733212094e-26,3.6879138850707834e-25,7.554620333296741e-24,1.4238758847864149e-22,2.4692163214662244e-21,3.939795664752435e-20,5.78383399258436e-19,7.812418964639765e-18,9.709184641073872e-17,1.1102162483615785e-15,1.1680458981760608e-14,1.130680361079335e-13,1.0070413470134043e-12,8.252439530342937e-12,6.222213716489122e-11,4.316533241954801e-10,2.7551978476481054e-09,1.6180727868686517e-08,8.743209178874167e-08,4.3468159560688946e-07,1.9883791537722573e-06,8.368636372324545e-06,3.2406918762717396e-05,0.00011546446330612525,0.00037851795786991715,0.0011417005443945527,0.003168440191075206,0.00809033215045929,0.01900705136358738,0.04108570143580437,0.08171357214450836,0.14952895045280457,0.2517583668231964,0.3900049328804016,0.5558835864067078,0.7289959788322449,0.8796177506446838,0.9765408039093018,0.997503399848938,0.9374883770942688,0.8106716871261597,0.6449880003929138,0.4721563458442688,0.3180150091648102,0.1970774382352829,0.11237088590860367
1.7999999999999998,0.0,0.0,0.0,0.0,0.0,0.7264848351478577,0.0,0.23946267366409302,0.20123335719108582,0.05644408240914345,0.3279186189174652,0.0,0.0,0.0,0.19591277837753296,0.0,0.0,0.0,0.0,0.0,0.0,0.0,0.022840214893221855,0.0,0.9157320261001587,0.8315011262893677,0.0,0.08423300832509995,0.11903750896453857,0.7167850136756897,0.0,0.3489900827407837,0.06990080326795578,0.06470396369695663,0.6159576773643494,0.0,0.39428120851516724,0.628339409828186,0.8290977478027344,0.0,0.07872370630502701,0.0,0.3951464295387268,0.39164474606513977,0.23750653862953186,0.6094352602958679,0.8736884593963623,0.3967760503292084,0.5911120176315308,0.0027642028871923685,0.0,0.8845247626304626,0.9005910754203796,0.38819706439971924,0.0,0.8486554026603699,0.0,0.0,0.0,0.42059653997421265,0.00038864545058459044,0.41148170828819275,0.7491486668586731,0.4793439209461212,0.0,0.0,0.0,0.0,0.0,0.0,0.0,2.802596928649634e-45,1.2751816025355835e-43,7.056939066339779e-42,3.597007041060016e-40,1.6869722139365458e-38,7.27951279451847e-37,2.8901758495607025e-35,1.0557808122730957e-33,3.5485494324204985e-32,1.0973759803626858e-30,3.122393760258701e-29,8.1742398704023e-28,1.968949980815398e-26,4.363646220026313e-25,8.897991290320232e-24,1.6694058754194511e-22,2.881771036389913e-21,4.577038483439668e-20,6.688630512976886e-19,8.993264783992902e-18,1.1125644089798246e-16,1.2663696309241058e-15,1.3262437006359047e-14,1.277949778335022e-13,1.1330048227745082e-12,9.242241520712735e-12,6.93666027395956e-11,4.790171592716774e-10,3.043542085023887e-09,1.7792421758144883e-08,9.570143078008186e-08,4.7361922383970523e-07,2.1565908809861867e-06,9.035116818267852e-06,3.4827902709366754e-05,0.00012352317571640015,0.00040308546158485115,0.001210245187394321,0.003343314165249467,0.008497839793562889,0.019873183220624924,0.04276159778237343,0.08465798944234848,0.1542089283466339,0.25845128297805786,0.39854317903518677,0.5654570460319519,0.7381616234779358,0.8866063356399536,0.9798007011413574,0.9962589740753174,0.9320394396781921,0.8022761940956116,0.6353909969329834,0.46300509572029114,0.3104259669780731,0.19149519503116608
1.8299999999999998,0.0,0.0,0.0,0.0,0.0,0.6986300349235535,0.0,0.2608962059020996,0.18976056575775146,0.061813510954380035,0.3408653736114502,0.0,0.0,0.0,0.12730072438716888,0.0,0.0,0.0,0.0,0.0,0.0,0.0,0.2729107439517975,0.0,0.987761378288269,0.857973039150238,0.0,0.009195981547236443,0.10830437391996384,0.5431360602378845,0.0,0.053811945021152496,0.07618175446987152,0.0066339969635009766,0.47151076793670654,0.0,0.3434528112411499,0.6300894618034363,0.8925566673278809,0.0,0.012383543886244297,0.0,0.28882598876953125,0.32849955558776855,0.2961801290512085,0.772653341293335,0.8332939147949219,0.2519861161708832,0.6648234724998474,0.0,0.0,0.8241795301437378,0.8046870231628418,0.6400539875030518,0.0,0.9231122136116028,0.0,0.0,0.0,0.3740004003047943,0.0,0.37930577993392944,0.7703748941421509,0.26719462871551514,0.0,0.0,0.0,0.0,0.0,0.0,0.0,0.0,2.802596928649634e-45,1.5974802493302915e-43,8.779134878994979e-42,4.454461571380372e-40,2.0795657370254903e-38,8.932592979589101e-37,3.530287050909282e-35,1.2837192688021146e-33,4.2949451457752584e-32,1.3221257982625038e-30,3.744686401267629e-29,9.758559916833795e-28,2.3398258479828613e-26,5.161892104829126e-25,1.047760084490845e-23,1.9567814660864791e-22,3.3624078048261877e-21,5.316012239008706e-20,7.733019965592331e-19,1.0349988226728902e-17,1.2745536367906972e-16,1.4441222477624993e-15,1.5054882389559446e-14,1.444036947309546e-13,1.274403109083333e-12,1.034815375750009e-11,7.731192769311335e-11,5.31444221962829e-10,3.361215972219611e-09,1.955972273037787e-08,1.0472648881432178e-07,5.159147917765949e-07,2.3384436644846573e-06,9.752218829817139e-06,3.74203227693215e-05,0.00013211106124799699,0.0004291393852327019,0.0012825819430872798,0.0035269511863589287,0.008923624642193317,0.020773550495505333,0.044494643807411194,0.08768640458583832,0.15899533033370972,0.26525527238845825,0.4071657359600067,0.5750505328178406,0.7472541928291321,0.8934252858161926,0.9828238487243652,0.9947654008865356,0.926388680934906,0.7937675714492798,0.6257790923118591,0.4539168179035187,0.3029417097568512
1.8599999999999999,0.0,0.0,0.0,0.0,0.0,0.6907281875610352,0.0,0.2383822351694107,0.17371651530265808,0.01587234064936638,0.31633874773979187,0.0,0.0,0.0,0.17944401502609253,0.0,0.0,0.0,0.0,0.0,0.0,0.0,0.31320229172706604,0.0,0.9789659976959229,0.8579899668693542,0.0,0.47840484976768494,0.7784624695777893,0.3699361979961395,0.0,0.0,0.019090481102466583,0.5603451132774353,0.5371629595756531,0.0,0.2624240219593048,0.5989125370979309,0.9144555926322937,0.0,0.0,0.0,0.34301140904426575,0.3182400166988373,0.07764391601085663,0.706478476524353,0.8335545659065247,0.34033870697021484,0.46697431802749634,0.2097751945257187,0.0,0.8378306031227112,0.8602753281593323,0.5382043123245239,0.0,0.9591673612594604,0.0,0.0,0.0,0.3043135106563568,0.04878586158156395,0.3941711187362671,0.7696443200111389,0.389084130525589,0.0,0.0,0.0,0.0,0.0,0.0,0.0,0.0,0.0,2.802596928649634e-45,1.9898438193412402e-43,1.0918917634018975e-41,5.514936223212107e-40,2.562877921396359e-38,1.0958304658630954e-36,4.311082770737841e-35,1.56047536287231e-33,5.19702744518315e-32,1.5925044512397724e-30,4.489871127395138e-29,1.1647015116363144e-27,2.779860164634919e-26,6.104623287841891e-25,1.2334521040091725e-23,2.293048762392933e-22,3.922219046087963e-21,6.172739678418643e-20,8.938232457839749e-19,1.1908385747430843e-17,1.4597606994303002e-16,1.6464101268301792e-15,1.7085272880170733e-14,1.631298313662169e-13,1.4330865053674424e-12,1.1583478967680527e-11,8.614560453867881e-11,5.894606469603048e-10,3.711112084303636e-09,2.149715072619074e-08,1.1457378690238329e-07,5.618458658318559e-07,2.534992518121726e-06,1.0523584933253005e-05,4.0195580368163064e-05,0.0001412604033248499,0.0004567622090689838,0.0013588998699560761,0.0037197372876107693,0.009368383325636387,0.02170923911035061,0.046286262571811676,0.09080027788877487,0.16388899087905884,0.2721697986125946,0.4158701002597809,0.5846594572067261,0.7562681436538696,0.9000698924064636,0.985607922077179,0.9930239319801331,0.9205402731895447,0.7851514220237732,0.6161572933197021,0.44489482045173645
1.89,0.0,0.0,0.0,0.0,0.0,0.5343454480171204,0.0,0.20658431947231293,0.1683667004108429,0.041519470512866974,0.3105749189853668,0.0,0.0,0.0,0.07071603834629059,0.0,0.0,0.0,0.0,0.0,0.0,0.0,0.307040274143219,0.0,0.8570002317428589,0.950029194355011,0.0,0.22172001004219055,0.34859931468963623,0.3041749596595764,0.0,0.0,0.0,0.3487681746482849,0.5579079985618591,0.0,0.3365843892097473,0.5790577530860901,0.8759727478027344,0.0,0.001883628428913653,0.0,0.3439129590988159,0.2823884189128876,0.0,0.4667155146598816,0.8894275426864624,0.2650541663169861,0.37512674927711487,0.32247108221054077,0.0,0.9463177919387817,0.9134806394577026,0.5058037042617798,0.0,0.9397085905075073,0.0,0.0,0.0,0.293008953332901,0.02293737418949604,0.4693310856819153,0.8088191747665405,0.3816249370574951,0.0,0.0,0.0,0.0,0.0,0.0,0.0,0.0,0.0,0.0,4.203895392974451e-45,2.4802982818549262e-43,1.3577180820843153e-41,6.826145209265481e-40,3.1577215524905366e-38,1.344001544933792e-36,5.263240943523882e-35,1.8964191587098423e-33,6.286992239292432e-32,1.917693020372154e-30,5.381989562878256e-29,1.3897418034060963e-27,3.301816761847806e-26,7.217708983337133e-25,1.4516881857419403e-23,2.686425801705043e-22,4.574081797425931e-21,7.165731875932192e-20,1.0328678606583464e-18,1.3697979422160742e-17,1.6714593792397715e-16,1.876561048818671e-15,1.9384611578128312e-14,1.8423794662190268e-13,1.6111226935899836e-12,1.2963005668886751e-11,9.596444472403931e-11,6.536459706829589e-10,4.096399663922057e-09,2.3620531308665704e-08,1.2531542381566396e-07,6.117119824011752e-07,2.747368853306398e-06,1.135310230893083e-05,4.316578633734025e-05,0.00015100534074008465,0.000486040604300797,0.0014393961755558848,0.003922073170542717,0.009832831099629402,0.022681357339024544,0.04813789203763008,0.09400103241205215,0.16889071464538574,0.2791942358016968,0.4246535003185272,0.5942791700363159,0.7651981115341187,0.9065354466438293,0.9881508946418762,0.9910356998443604,0.9144982695579529,0.7764331102371216,0.6065306663513184
1.92,0.0,0.0,0.0,0.0,0.0,0.6298282742500305,0.0,0.2060544192790985,0.16664054989814758,0.031781867146492004,0.28858235478401184,0.0,0.0,0.0,0.11248280107975006,0.0,0.0,6.941593164810911e-05,0.0,0.0,0.0,0.0,0.22038529813289642,0.0,0.7732111811637878,0.9200500845909119,0.0,0.0,0.377082496881485,0.1746492236852646,0.0,0.0,0.058224596083164215,0.06103465333580971,0.6362248063087463,0.0,0.37865570187568665,0.5721562504768372,0.796819806098938,0.0,0.0013125673867762089,0.0,0.34006360173225403,0.2849893867969513,0.04934348538517952,0.6237886548042297,0.9443511366844177,0.09196367859840393,0.4549950957298279,0.28828373551368713,0.0,0.9126735329627991,0.9680343866348267,0.4710709750652313,0.0,0.8916824460029602,0.0,0.0,0.0,0.242555171251297,0.0,0.4715668857097626,0.7844076156616211,0.3515070676803589,0.0,0.0,0.0,0.0,0.0,0.0,0.0,0.0,0.0,0.0,0.0,5.605193857299268e-45,3.0968696061578457e-43,1.6878640002792422e-41,8.446985103996068e-40,3.889647766376675e-38,1.6479603561598235e-36,6.424077201215652e-35,2.3041053951589743e-33,7.603638188519934e-32,2.3087034426986034e-30,6.449742577786661e-29,1.6578460813253713e-27,3.9207896918560686e-26,8.53159971529445e-25,1.708106476350944e-23,3.1464945303397304e-22,5.3329384222930724e-21,8.31636854232701e-20,1.193241741217704e-18,1.5752544689690366e-17,1.913376885884826e-16,2.1383456867717955e-15,2.1987853839099472e-14,2.0802490860536565e-13,1.8108204822772644e-12,1.4503172100777117e-11,1.0687550150434433e-10,7.246376276803801e-10,4.520548824160642e-09,2.5947111126356504e-08,1.3702960188766156e-07,6.658361257905199e-07,2.9767877549602417e-06,1.2244920071680099e-05,4.6343793655978516e-05,0.0001613818749319762,0.0005170654621906579,0.001524276682175696,0.004134373273700476,0.010317704640328884,0.02369103766977787,0.05005098134279251,0.09729010611772537,0.17400123178958893,0.2863278090953827,0.43351319432258606,0.6039050221443176,0.7740383744239807,0.9128174781799316,0.9904508590698242,0.9888023138046265,0.9082671403884888,0.7676181793212891
1.95,0.0,0.0,0.0,0.0,0.0,0.7953014969825745,0.0,0.18742036819458008,0.16675418615341187,0.002822438720613718,0.2680179178714752,0.0,0.0,0.0,0.14403721690177917,0.0,0.0,7.094696047715843e-05,0.0,0.0,0.0,0.0,0.15987825393676758,0.0,0.8231221437454224,0.8763318657875061,0.0,0.0,0.3767489194869995,0.10664650797843933,0.0,0.0,0.08554980903863907,0.0,0.5530038475990295,0.0,0.32250481843948364,0.5955057740211487,0.7567251920700073,0.0,0.0,0.0,0.29298216104507446,0.3113419711589813,0.07773907482624054,0.7553380727767944,0.9528642296791077,0.06236840412020683,0.5470061898231506,0.13267938792705536,0.0,0.866499125957489,0.9900447130203247,0.5286422967910767,0.0,0.9252375364303589,0.031021445989608765,0.0,0.0,0.1887836903333664,0.0043120551854372025,0.45977702736854553,0.8102667331695557,0.34558141231536865,0.0,0.0,0.0,0.0,0.0,0.0,0.0,0.0,0.0,0.0,0.0,0.0,7.006492321624085e-45,3.867583761536495e-43,2.0976036712478187e-41,1.0450043167855891e-39,4.790019864763907e-38,2.020153120397446e-36,7.838966601507038e-35,2.7987293570849995e-33,9.193704711495875e-32,2.778739058846653e-30,7.727384641740602e-29,1.9771737401965304e-27,4.654625083747586e-26,1.008212653210511e-24,2.009310924904241e-23,3.6844247138439456e-22,6.216125786223189e-21,9.649337141478683e-20,1.3781696510800856e-18,1.8110709230264715e-17,2.1897564573845137e-16,2.43603605135903e-15,2.493441380018585e-14,2.3482382488157483e-13,2.0347577789348037e-12,1.6222242299468448e-11,1.1899714547070062e-10,8.031372789041313e-10,4.987358526165053e-09,2.8495675152839794e-08,1.4980105333961546e-07,7.24566632470669e-07,3.224551846869872e-06,1.3203465641709045e-05,4.9743241106625646e-05,0.00017242800095118582,0.0005499320686794817,0.0016137559432536364,0.004357066936790943,0.01082376018166542,0.024739429354667664,0.05202699080109596,0.10066889971494675,0.1792212426662445,0.2935696840286255,0.44244620203971863,0.6135321259498596,0.782783567905426,0.9189114570617676,0.9925060868263245,0.9863254427909851,0.9018511772155762
1.98,0.0,0.0,0.0,0.0,0.0,0.0,0.0,0.0,0.0,0.0,0.0,0.0,0.0,0.0,0.0,0.0,0.0,0.0,0.0,0.0,0.0,0.0,0.0,0.0,0.0,0.0,0.0,0.0,0.0,0.0,0.0,0.0,0.0,0.0,0.0,0.0,0.0,0.0,0.0,0.0,0.0,0.0,0.0,0.0,0.0,0.0,0.0,0.0,0.0,0.0,0.0,0.0,0.0,0.0,0.0,0.0,0.0,0.0,0.0,0.0,0.0,0.0,0.0,0.0,0.0,0.0,0.0,0.0,0.0,0.0,0.0,0.0,0.0,0.0,0.0,0.0,0.0,8.407790785948902e-45,4.834479701920619e-43,2.6062750137977273e-41,1.292483434674602e-39,5.897323108676449e-38,2.4757820202186722e-36,9.563073005024593e-35,3.398678531199663e-33,1.1113484469439609e-31,3.343628041309447e-30,9.255784590013083e-29,2.3574150965347577e-27,5.524416954868452e-26,1.1911443695353797e-24,2.363033630450446e-23,4.313233440678049e-22,7.243752294478276e-21,1.1193136630429077e-19,1.591356635606693e-18,2.0816648624497183e-17,2.505426578584878e-16,2.7744703947750905e-15,2.8268713257273252e-14,2.6500836572927733e-13,2.2858128150698986e-12,1.8140502988650553e-11,1.3246022334545415e-10,8.899165293563271e-10,5.500986333117908e-09,3.128667813712127e-08,1.6372156608213118e-07,7.882788395363605e-07,3.492057658149861e-06,1.4233461115509272e-05,5.337860056897625e-05,0.0001841837802203372,0.0005847404827363789,0.0017080575926229358,0.0045905993320047855,0.01135177630931139,0.02582770586013794,0.05406739190220833,0.10413879156112671,0.18455134332180023,0.3009188771247864,0.45144957304000854,0.6231557130813599,0.7914281487464905,0.9248130917549133,0.9943150281906128,0.9836069345474243
2.01,0.0,0.0,0.0,0.0,0.0,0.0,0.0,0.0,0.0,0.0,0.0,0.0,0.0,0.0,0.0,0.0,0.0,0.0,0.0,0.0,0.0,0.0,0.0,0.0,0.0,0.0,0.0,0.0,0.0,0.0,0.0,0.0,0.0,0.0,0.0,0.0,0.0,0.0,0.0,0.0,0.0,0.0,0.0,0.0,0.0,0.0,0.0,0.0,0.0,0.0,0.0,0.0,0.0,0.0,0.0,0.0,0.0,0.0,0.0,0.0,0.0,0.0,0.0,0.0,0.0,0.0,0.0,0.0,0.0,0.0,0.0,0.0,0.0,0.0,0.0,0.0,0.0,0.0,9.80908925027372e-45,6.0395963812399616e-43,3.2375599719760574e-41,1.598168286876275e-39,7.258771447272797e-38,3.03341002274925e-36,1.1663440915738457e-34,4.126195658343423e-33,1.3430756466619548e-31,4.0223396715646226e-30,1.108369432988073e-28,2.8100746928628506e-27,6.555092077228485e-26,1.406913012685752e-24,2.778326456332608e-23,5.048087287496948e-22,8.439135716161804e-21,1.2980657132049977e-19,1.837058332253958e-18,2.3920857285700458e-17,2.8658806551955577e-16,3.159126690848108e-15,3.20408135516103e-14,2.9899750752550303e-13,2.567196889097234e-12,2.0280483889467682e-11,1.4740934861645627e-10,9.858238669835373e-10,6.065982383063329e-09,3.4342392041253333e-08,1.7889058767650567e-07,8.573773015996267e-07,3.780802899200353e-06,1.533993963676039e-05,5.726520612370223e-05,0.00019669148605316877,0.0006215954781509936,0.0018074143445119262,0.004835430067032576,0.011902552098035812,0.026957064867019653,0.0561736561357975,0.1077011451125145,0.18999208509922028,0.3083743751049042,0.46052008867263794,0.632770836353302,0.7999666333198547,0.9305181503295898,0.9958763122558594
2.04,0.0,0.0,0.0,0.0,0.0,0.0,0.0,0.0,0.0,0.0,0.0,0.0,0.0,0.0,0.0,0.0,0.0,0.0,0.0,0.0,0.0,0.0,0.0,0.0,0.0,0.0,0.0,0.0,0.0,0.0,0.0,0.0,0.0,0.0,0.0,0.0,0.0,0.0,0.0,0.0,0.0,0.0,0.0,0.0,0.0,0.0,0.0,0.0,0.0,0.0,0.0,0.0,0.0,0.0,0.0,0.0,0.0,0.0,0.0,0.0,0.0,0.0,0.0,0.0,0.0,0.0,0.0,0.0,0.0,0.0,0.0,0.0,0.0,0.0,0.0,0.0,0.0,0.0,0.0,1.2611686178923354e-44,7.524972753424268e-43,4.020605553840765e-41,1.975654271091487e-39,8.932271017253938e-38,3.71569789539857e-36,1.4221535880374831e-34,5.008182294076832e-33,1.622711529240932e-31,4.837601239509622e-30,1.3269250464127303e-28,3.348808142858492e-27,7.776097149305389e-26,1.661348166143598e-24,3.265781911241672e-23,5.90665068012584e-22,9.829308055198067e-21,1.5049849434351376e-19,2.120161517285691e-18,2.748104595085114e-17,3.2773674080871246e-16,3.5962062795431675e-15,3.6307101666495714e-14,3.372610079665356e-13,2.8824928555160056e-12,2.2667203183890372e-11,1.6400426849916272e-10,1.0917921011710519e-09,6.687322695597686e-09,3.76870552543096e-08,1.9541579376891605e-07,9.322978371528734e-07,4.092392373422626e-06,1.6528269043192267e-05,6.14193340879865e-05,0.00020999566186219454,0.0006606069509871304,0.001912068692035973,0.005092035513371229,0.012476906180381775,0.028128718957304955,0.058347269892692566,0.11135730147361755,0.19554395973682404,0.315934956073761,0.46965450048446655,0.6423724293708801,0.8083934783935547,0.9360225796699524
2.07,0.0,0.0,0.0,0.0,0.0,0.0,0.0,0.0,0.0,0.0,0.0,0.0,0.0,0.0,0.0,0.0,0.0,0.0,0.0,0.0,0.0,0.0,0.0,0.0,0.0,0.0,0.0,0.0,0.0,0.0,0.0,0.0,0.0,0.0,0.0,0.0,0.0,0.0,0.0,0.0,0.0,0.0,0.0,0.0,0.0,0.0,0.0,0.0,0.0,0.0,0.0,0.0,0.0,0.0,0.0,0.0,0.0,0.0,0.0,0.0,0.0,0.0,0.0,0.0,0.0,0.0,0.0,0.0,0.0,0.0,0.0,0.0,0.0,0.0,0.0,0.0,0.0,0.0,0.0,0.0,1.6815581571897805e-44,9.388699710976274e-43,4.991845519464296e-41,2.441685502670456e-39,1.098882449076844e-37,4.550302471806463e-36,1.7336318107678015e-34,6.0771651017711124e-33,1.9600752340921813e-31,5.8166375704676825e-30,1.5881767211451297e-28,3.989819258108785e-27,9.222212925150842e-26,1.9613028618077986e-24,3.8377944199482905e-23,6.909495091488972e-22,1.1445597969493943e-20,1.7444486901373813e-19,2.4462762330138035e-18,3.1563150840937054e-17,3.7469918555002666e-16,4.092726405311798e-15,4.1131089826380515e-14,3.8032535562733394e-13,3.235697517214864e-12,2.5328419916981204e-11,1.8242142518776205e-10,1.208846467370961e-09,7.370450472166112e-09,4.134704312264148e-08,2.134137560005911e-07,1.0135097454622155e-06,4.428544798429357e-06,1.7804168237489648e-05,6.585820665350184e-05,0.00022414325212594122,0.0007018899195827544,0.0020222733728587627,0.005360907409340143,0.01307568047195673,0.029343901202082634,0.06058972328901291,0.11510856449604034,0.20120735466480255,0.32359933853149414,0.4788494408130646,0.6519553661346436,0.8167033791542053
2.1,0.0,0.0,0.0,0.0,0.0,0.0,0.0,0.0,0.0,0.0,0.0,0.0,0.0,0.0,0.0,0.0,0.0,0.0,0.0,0.0,0.0,0.0,0.0,0.0,0.0,0.0,0.0,0.0,0.0,0.0,0.0,0.0,0.0,0.0,0.0,0.0,0.0,0.0,0.0,0.0,0.0,0.0,0.0,0.0,0.0,0.0,0.0,0.0,0.0,0.0,0.0,0.0,0.0,0.0,0.0,0.0,0.0,0.0,0.0,0.0,0.0,0.0,0.0,0.0,0.0,0.0,0.0,0.0,0.0,0.0,0.0,0.0,0.0,0.0,0.0,0.0,0.0,0.0,0.0,0.0,0.0,2.1019476964872256e-44,1.171485516175547e-42,6.195981289858611e-41,3.016887693709578e-39,1.3515470999590602e-37,5.570968633289701e-36,2.112797271146997e-34,7.372461061383407e-33,2.366980832089772e-31,6.992049542645864e-30,1.900386094793585e-28,4.752331900946624e-27,1.0934507010452584e-25,2.3148306792673688e-24,4.508860405991166e-23,8.080568571620427e-22,1.3324306086360864e-20,2.0215050814937753e-19,2.821841666916714e-18,3.624248840509238e-17,4.2828307212848494e-16,4.656626307968613e-15,4.658428455267191e-14,4.287804920150018e-13,3.6312667282822897e-12,2.8294946247120478e-11,2.02855662823076e-10,1.3381135088863516e-09,8.121314287734549e-09,4.5351040256491615e-08,2.3301063833969238e-07,1.1015184782081633e-06,4.79110212836531e-06,1.917372901516501e-05,7.060009374981746e-05,0.0002391837042523548,0.0007455648155882955,0.0021382910199463367,0.005642554722726345,0.013699738308787346,0.030603870749473572,0.06290251016616821,0.11895622313022614,0.20698262751102448,0.3313661813735962,0.48810139298439026,0.6615146398544312
2.13,0.0,0.0,0.0,0.0,0.0,0.0,0.0,0.0,0.0,0.0,0.0,0.0,0.0,0.0,0.0,0.0,0.0,0.0,0.0,0.0,0.0,0.0,0.0,0.0,0.0,0.0,0.0,0.0,0.0,0.0,0.0,0.0,0.0,0.0,0.0,0.0,0.0,0.0,0.0,0.0,0.0,0.0,0.0,0.0,0.0,0.0,0.0,0.0,0.0,0.0,0.0,0.0,0.0,0.0,0.0,0.0,0.0,0.0,0.0,0.0,0.0,0.0,0.0,0.0,0.0,0.0,0.0,0.0,0.0,0.0,0.0,0.0,0.0,0.0,0.0,0.0,0.0,0.0,0.0,0.0,0.0,0.0,2.5223372357846707e-44,1.4601529998264594e-42,7.688924673750271e-41,3.726655174979348e-39,1.661887738282483e-37,6.818859488606662e-36,2.5742419407483536e-34,8.941585858625861e-33,2.857638521792489e-31,8.402869210864352e-30,2.2733977990100743e-28,5.659145615239654e-27,1.2961456756729192e-25,2.7313940050804343e-24,5.295932490223499e-23,9.447743532676707e-22,1.550748290771979e-20,2.3419739793484835e-19,3.2542459894305934e-18,4.1605067229049156e-17,4.894064254402333e-16,5.296886654336877e-15,5.2747174304149796e-14,4.83287238353669e-13,4.074168519913046e-12,3.160095449206146e-11,2.2552203160497442e-10,1.4808303472335638e-09,8.94641871695967e-09,4.973025014010091e-08,2.543429218349047e-07,1.1968679700657958e-06,5.182035238249227e-06,2.0643437892431393e-05,7.566434214822948e-05,0.0002551690849941224,0.0007917579496279359,0.0022603950928896666,0.005937502719461918,0.014349964447319508,0.03190989792346954,0.06528712809085846,0.12290152162313461,0.2128700315952301,0.33923396468162537,0.4974067807197571
2.16,0.0,0.0,0.0,0.0,0.0,0.0,0.0,0.0,0.0,0.0,0.0,0.0,0.0,0.0,0.0,0.0,0.0,0.0,0.0,0.0,0.0,0.0,0.0,0.0,0.0,0.0,0.0,0.0,0.0,0.0,0.0,0.0,0.0,0.0,0.0,0.0,0.0,0.0,0.0,0.0,0.0,0.0,0.0,0.0,0.0,0.0,0.0,0.0,0.0,0.0,0.0,0.0,0.0,0.0,0.0,0.0,0.0,0.0,0.0,0.0,0.0,0.0,0.0,0.0,0.0,0.0,0.0,0.0,0.0,0.0,0.0,0.0,0.0,0.0,0.0,0.0,0.0,0.0,0.0,0.0,0.0,0.0,0.0,3.2229864679470793e-44,1.8188854066936126e-42,9.539059036198327e-41,4.6022453100249956e-39,2.0429736582525457e-37,8.344173898379895e-36,3.135678246510233e-34,1.0841944392778897e-32,3.449136934775977e-31,1.0095812037178495e-29,2.718940024932187e-28,6.737295064803228e-27,1.536027676632215e-25,3.2221078894015593e-24,6.218830329572423e-23,1.1043451876628749e-21,1.8043823845373377e-20,2.7125630429874867e-19,3.751964286316507e-18,4.774908688640723e-17,5.591122606806971e-16,6.023660828355327e-15,5.971034756045712e-14,5.4458564394122e-13,4.56993861155941e-12,3.528434835975425e-11,2.5065791109391e-10,1.6383558953947386e-09,9.852867854931446e-09,5.451859408367454e-08,2.77558257266719e-07,1.3001433671888663e-06,5.603455065283924e-06,2.2220205210032873e-05,8.107142639346421e-05,0.0002721542550716549,0.0008406012202613056,0.00238886964507401,0.006246293894946575,0.01502726599574089,0.03326328098773956,0.06774507462978363,0.12694568932056427,0.21886973083019257,0.34720104932785034
2.19,0.0,0.0,0.0,0.0,0.0,0.0,0.0,0.0,0.0,0.0,0.0,0.0,0.0,0.0,0.0,0.0,0.0,0.0,0.0,0.0,0.0,0.0,0.0,0.0,0.0,0.0,0.0,0.0,0.0,0.0,0.0,0.0,0.0,0.0,0.0,0.0,0.0,0.0,0.0,0.0,0.0,0.0,0.0,0.0,0.0,0.0,0.0,0.0,0.0,0.0,0.0,0.0,0.0,0.0,0.0,0.0,0.0,0.0,0.0,0.0,0.0,0.0,0.0,0.0,0.0,0.0,0.0,0.0,0.0,0.0,0.0,0.0,0.0,0.0,0.0,0.0,0.0,0.0,0.0,0.0,0.0,0.0,0.0,0.0,4.0637655465419695e-44,2.267300915277554e-42,1.1831303064140863e-40,5.682126544289165e-39,2.510813405629572e-37,1.0208114481080191e-35,3.8186000567196724e-34,1.3142876136861643e-32,4.1620201858095565e-31,1.2126779642856904e-29,3.2509805794815913e-28,8.018826568353983e-27,1.8198467648219923e-25,3.800024627553304e-24,7.300717089025763e-23,1.2905421097149801e-21,2.098970965912021e-20,3.1410020167411517e-19,4.324715722976799e-18,5.478661380655528e-17,6.385853387150687e-16,6.848428667558101e-15,6.757569899701679e-14,6.135043644980853e-13,5.124746113582823e-12,3.938715326112785e-11,2.785251473902406e-10,1.8121818490257624e-09,1.0848425269216477e-08,5.97529279389164e-08,3.028162893770059e-07,1.4119743809715146e-06,6.057619430066552e-06,2.391138332313858e-05,8.684302883921191e-05,0.00029019691282883286,0.0008922328124754131,0.002524010371416807,0.006569489371031523,0.015732569620013237,0.03466532751917839,0.07027784734964371,0.13108989596366882,0.2249818593263626
2.2199999999999998,0.0,0.0,0.0,0.0,0.0,0.0,0.0,0.0,0.0,0.0,0.0,0.0,0.0,0.0,0.0,0.0,0.0,0.0,0.0,0.0,0.0,0.0,0.0,0.0,0.0,0.0,0.0,0.0,0.0,0.0,0.0,0.0,0.0,0.0,0.0,0.0,0.0,0.0,0.0,0.0,0.0,0.0,0.0,0.0,0.0,0.0,0.0,0.0,0.0,0.0,0.0,0.0,0.0,0.0,0.0,0.0,0.0,0.0,0.0,0.0,0.0,0.0,0.0,0.0,0.0,0.0,0.0,0.0,0.0,0.0,0.0,0.0,0.0,0.0,0.0,0.0,0.0,0.0,0.0,0.0,0.0,0.0,0.0,0.0,1.401298464324817e-45,5.044674471569341e-44,2.8236164056145064e-42,1.4670894272248672e-40,7.013626332105963e-39,3.0850105854100805e-37,1.2485279640715575e-35,4.649084749276955e-34,1.5928107145379357e-32,5.02097976883112e-31,1.4562646935952885e-29,3.8861515529167725e-28,9.541720234767213e-27,2.1555653817448093e-25,4.480466856543456e-24,8.568660163963461e-23,1.5077526501828552e-21,2.4410397144472483e-20,3.636194982915729e-19,4.983644076623784e-18,6.284553672963891e-17,7.29171065500943e-16,7.784163328565345e-15,7.645784233598768e-14,6.909708265626091e-13,5.745461398309892e-12,4.39559499909592e-11,3.0941260664718584e-10,2.00394545402105e-09,1.1941566846473961e-08,6.547331565798231e-08,3.3028959478542674e-07,1.5330382439060486e-06,6.54694440527237e-06,2.572479388618376e-05,9.30020833038725e-05,0.000309357768855989,0.0009467970812693238,0.002666124142706394,0.0069076670333743095,0.01646682806313038,0.03611736744642258,0.07288695126771927,0.1353352814912796
2.25,0.0,0.0,0.0,0.0,0.0,0.0,0.0,0.0,0.0,0.0,0.0,0.0,0.0,0.0,0.0,0.0,0.0,0.0,0.0,0.0,0.0,0.0,0.0,0.0,0.0,0.0,0.0,0.0,0.0,0.0,0.0,0.0,0.0,0.0,0.0,0.0,0.0,0.0,0.0,0.0,0.0,0.0,0.0,0.0,0.0,0.0,0.0,0.0,0.0,0.0,0.0,0.0,0.0,0.0,0.0,0.0,0.0,0.0,0.0,0.0,0.0,0.0,0.0,0.0,0.0,0.0,0.0,0.0,0.0,0.0,0.0,0.0,0.0,0.0,0.0,0.0,0.0,0.0,0.0,0.0,0.0,0.0,0.0,0.0,0.0,1.401298464324817e-45,6.305843089461677e-44,3.515857846990966e-42,1.8187312638625368e-40,8.654957414280371e-39,3.789566189275518e-37,1.5266575039045437e-35,5.658760469058893e-34,1.929872258566306e-32,6.055686101650903e-31,1.7483393423621812e-29,4.644250542101059e-28,1.1350973491263582e-26,2.552572944325059e-25,5.2814202105806005e-24,1.00542777305555e-22,1.7610780254417662e-21,2.8381403690829736e-20,4.208396654661403e-19,5.7415222566862e-18,7.207173722848797e-17,8.323969590795749e-16,8.845523563562243e-15,8.648566888688758e-14,7.780227742441859e-13,6.439735897312282e-12,4.904235698099946e-11,3.436387840949351e-10,2.2154429402121423e-09,1.3141548294015593e-08,7.172326377258287e-08,3.601646767492639e-07,1.6640628928143997e-06,7.074013865349116e-06,2.766875877568964e-05,9.957285510608926e-05,0.00032970067695714533,0.0010044451337307692,0.002815530402585864,0.007261423394083977,0.017231013625860214,0.037620753049850464,0.0755738765001297
2.28,0.0,0.0,0.0,0.0,0.0,0.0,0.0,0.0,0.0,0.0,0.0,0.0,0.0,0.0,0.0,0.0,0.0,0.0,0.0,0.0,0.0,0.0,0.0,0.0,0.0,0.0,0.0,0.0,0.0,0.0,0.0,0.0,0.0,0.0,0.0,0.0,0.0,0.0,0.0,0.0,0.0,0.0,0.0,0.0,0.0,0.0,0.0,0.0,0.0,0.0,0.0,0.0,0.0,0.0,0.0,0.0,0.0,0.0,0.0,0.0,0.0,0.0,0.0,0.0,0.0,0.0,0.0,0.0,0.0,0.0,0.0,0.0,0.0,0.0,0.0,0.0,0.0,0.0,0.0,0.0,0.0,0.0,0.0,0.0,0.0,0.0,1.401298464324817e-45,7.847271400218976e-44,4.3776564025507285e-42,2.254086670758971e-40,1.0677702320265494e-38,4.653855244569956e-37,1.8662744957393738e-35,6.8859797855597265e-34,2.3376715261441093e-32,7.301781113381317e-31,2.098464829844997e-29,5.548839133232842e-28,1.3499886063868016e-26,3.0219387734367062e-25,6.223988296601211e-24,1.1794497945497086e-22,2.0564477431956867e-21,3.299008571010868e-20,4.869414776728427e-19,6.612987224103173e-18,8.263159110278892e-17,9.499967900148754e-16,1.00490659020523e-14,9.780404838875129e-14,8.758213338594389e-13,7.216087102857038e-12,5.4703554186463776e-11,3.8155478776502605e-10,2.4486450644900515e-09,1.4458468200473362e-08,7.855002337464612e-08,3.926430451883789e-07,1.8058308342006058e-06,7.641590855200775e-06,2.9752127375104465e-05,0.00010658101382432505,0.0003512927796691656,0.0010653348872438073,0.002972560003399849,0.007631373126059771,0.018026120960712433,0.03917684406042099
2.31,0.0,0.0,0.0,0.0,0.0,0.0,0.0,0.0,0.0,0.0,0.0,0.0,0.0,0.0,0.0,0.0,0.0,0.0,0.0,0.0,0.0,0.0,0.0,0.0,0.0,0.0,0.0,0.0,0.0,0.0,0.0,0.0,0.0,0.0,0.0,0.0,0.0,0.0,0.0,0.0,0.0,0.0,0.0,0.0,0.0,0.0,0.0,0.0,0.0,0.0,0.0,0.0,0.0,0.0,0.0,0.0,0.0,0.0,0.0,0.0,0.0,0.0,0.0,0.0,0.0,0.0,0.0,0.0,0.0,0.0,0.0,0.0,0.0,0.0,0.0,0.0,0.0,0.0,0.0,0.0,0.0,0.0,0.0,0.0,0.0,0.0,0.0,1.401298464324817e-45,9.80908925027372e-44,5.4496497277592136e-42,2.7929559952150794e-40,1.316986259362093e-38,5.7138243079157624e-37,2.2808672780742526e-35,8.377235796241881e-34,2.830929233026693e-32,8.802070665906427e-31,2.5180726035066128e-29,6.627949718135162e-28,1.605157683983391e-26,3.5767103819330733e-25,7.332927541963385e-24,1.383243237280291e-22,2.400751979648081e-21,3.8337485252837224e-20,5.63284044356893e-19,7.614806343481459e-18,9.471480064550224e-17,1.0839377923268427e-15,1.1413489443379103e-14,1.1057580090283181e-13,9.856648917200284e-13,8.083995278740375e-12,6.100288330035397e-11,4.2354761364826743e-10,2.705712542905303e-09,1.5903351524571008e-08,8.600490275512129e-08,4.279423819752992e-07,1.959182782229618e-06,8.252625775639899e-06,3.198430567863397e-05,0.00011405367695260793,0.0003742046537809074,0.0011296310694888234,0.0031375570688396692,0.008018149994313717,0.018853167071938515
2.34,0.0,0.0,0.0,0.0,0.0,0.0,0.0,0.0,0.0,0.0,0.0,0.0,0.0,0.0,0.0,0.0,0.0,0.0,0.0,0.0,0.0,0.0,0.0,0.0,0.0,0.0,0.0,0.0,0.0,0.0,0.0,0.0,0.0,0.0,0.0,0.0,0.0,0.0,0.0,0.0,0.0,0.0,0.0,0.0,0.0,0.0,0.0,0.0,0.0,0.0,0.0,0.0,0.0,0.0,0.0,0.0,0.0,0.0,0.0,0.0,0.0,0.0,0.0,0.0,0.0,0.0,0.0,0.0,0.0,0.0,0.0,0.0,0.0,0.0,0.0,0.0,0.0,0.0,0.0,0.0,0.0,0.0,0.0,0.0,0.0,0.0,0.0,0.0,1.401298464324817e-45,1.2191296639625909e-43,6.782284567332115e-42,3.4597638694640436e-40,1.6239598857614054e-38,7.013445452500188e-37,2.7868597684392604e-35,1.0188877384015459e-33,3.427402690751166e-32,1.0607950663628365e-30,3.020823826110364e-29,7.914925921935197e-28,1.9080768819515573e-26,4.232260943223688e-25,8.637271972283783e-24,1.6218410969314795e-22,2.8019961709957792e-21,4.454042542466715e-20,6.514314606590524e-19,8.76618550787362e-18,1.0853757763385947e-16,1.2364517919523734e-15,1.2959903942654123e-14,1.2498385844068177e-13,1.109005357165238e-12,9.054009278419706e-12,6.801046531501598e-11,4.700436151416909e-10,2.989014813437052e-09,1.748821887304075e-08,9.414356583192784e-08,4.6629767780359543e-07,2.125022092513973e-06,8.910275937523693e-06,3.4375298127997667e-05,0.00012201951903989539,0.00039851045585237443,0.0011975059751421213,0.003310878062620759,0.008422408252954483
2.37,0.0,0.0,0.0,0.0,0.0,0.0,0.0,0.0,0.0,0.0,0.0,0.0,0.0,0.0,0.0,0.0,0.0,0.0,0.0,0.0,0.0,0.0,0.0,0.0,0.0,0.0,0.0,0.0,0.0,0.0,0.0,0.0,0.0,0.0,0.0,0.0,0.0,0.0,0.0,0.0,0.0,0.0,0.0,0.0,0.0,0.0,0.0,0.0,0.0,0.0,0.0,0.0,0.0,0.0,0.0,0.0,0.0,0.0,0.0,0.0,0.0,0.0,0.0,0.0,0.0,0.0,0.0,0.0,0.0,0.0,0.0,0.0,0.0,0.0,0.0,0.0,0.0,0.0,0.0,0.0,0.0,0.0,0.0,0.0,0.0,0.0,0.0,0.0,0.0,2.802596928649634e-45,1.5274153261140506e-43,8.437218053699724e-42,4.2847082754120634e-40,2.0019808857302968e-38,8.606499840760756e-37,3.404244554347992e-35,1.2389177811789194e-33,4.148506761527221e-32,1.2781113401066986e-30,3.6230398511552704e-29,9.449418308845505e-28,2.2675903787447181e-26,5.006701471097259e-25,1.0171063696635859e-23,1.9011157802994843e-22,3.269477415349158e-21,5.1733953154120537e-20,7.531831029055652e-19,1.0089113659503153e-17,1.243463424810626e-16,1.410069617458745e-15,1.4712133895584782e-14,1.4123370441904148e-13,1.2474655640068444e-12,1.0137861904124801e-11,7.58039256365528e-11,5.215123888291373e-10,3.3011486877398966e-09,1.9226183312071043e-08,1.0302643005388745e-07,5.079626816950622e-07,2.3043185137794353e-06,9.617911018722225e-06,3.6935718526365235e-05,0.00013050883717369288,0.00042428806773386896,0.0012691393494606018,0.0034928934182971716
2.4,0.0,0.0,0.0,0.0,0.0,0.0,0.0,0.0,0.0,0.0,0.0,0.0,0.0,0.0,0.0,0.0,0.0,0.0,0.0,0.0,0.0,0.0,0.0,0.0,0.0,0.0,0.0,0.0,0.0,0.0,0.0,0.0,0.0,0.0,0.0,0.0,0.0,0.0,0.0,0.0,0.0,0.0,0.0,0.0,0.0,0.0,0.0,0.0,0.0,0.0,0.0,0.0,0.0,0.0,0.0,0.0,0.0,0.0,0.0,0.0,0.0,0.0,0.0,0.0,0.0,0.0,0.0,0.0,0.0,0.0,0.0,0.0,0.0,0.0,0.0,0.0,0.0,0.0,0.0,0.0,0.0,0.0,0.0,0.0,0.0,0.0,0.0,0.0,0.0,0.0,2.802596928649634e-45,1.9057659114817512e-43,1.0494324199328555e-41,5.305007700271606e-40,2.467374666637844e-38,1.0558744019707233e-36,4.1573535940004695e-35,1.5060841372338089e-33,5.020062060391433e-32,1.539559433362352e-30,4.3442157540401157e-29,1.1278565458702421e-27,2.6941633695318826e-26,5.921361038797734e-25,1.1974205666188407e-23,2.227919143880438e-22,3.813991671782063e-21,6.007414062067995e-20,8.706086286878273e-19,1.160876273159066e-17,1.4242178734745297e-16,1.6076611223503736e-15,1.6697065821982826e-14,1.5955607061274302e-13,1.402859165638981e-12,1.1348602613203695e-11,8.446917471038873e-11,5.784711043510526e-10,3.6449590012921362e-09,2.113154096150538e-08,1.1271903588294663e-07,5.532111231332237e-07,2.49811319008586e-06,1.037912898027571e-05,3.967685188399628e-05,0.00013955360918771476,0.0004516193293966353,0.0013447189703583717
