seed_block,arm,condition,n_episodes,movement_mse,movement_mae,state_accuracy,command_energy,pulse_window_mae,mean_switch_latency_steps,eligible_pulse_events,target_switches
0,DIRECT_SENSOR,CLEAN_STABLE,64,0.09287523369114928,0.146294600121621,0.97412109375,0.8930983965072341,,2.2401960784313726,0,56
0,DIRECT_SENSOR,COMBINED_STRESS,64,0.6449524476918345,0.5861230180830042,0.7496744791666666,0.8951020416307887,1.0389990194176442,2.986495535714286,188,299
0,DIRECT_SENSOR,LONG_PULSE,64,0.3075155930776964,0.3360920844285763,0.8732096354166667,0.8964764976320037,0.9661355205151979,2.4729166666666664,162,60
0,DIRECT_SENSOR,SUSTAINED_SWITCH,64,0.35353860371221657,0.3743409517961389,0.8873697916666666,0.8957684611651593,0.6800247143588203,2.2401227678571427,87,300
0,DIRECT_SENSOR,TRANSIENT_PULSE,64,0.2580346161384143,0.33660637487846046,0.9134114583333333,0.8939981979274247,0.7334838820049808,2.403508771929825,299,65
0,GENERIC_RNN_1D,CLEAN_STABLE,64,0.1553864285842855,0.3115797039668564,0.9669596354166665,0.5764930931176606,,3.0833333333333335,0,56
0,GENERIC_RNN_1D,COMBINED_STRESS,64,0.6611181691707517,0.6790371979748773,0.7443033854166667,0.49020944430476143,0.9552656144568952,3.3692398313492067,188,299
0,GENERIC_RNN_1D,LONG_PULSE,64,0.33238195977465645,0.4587069730841762,0.88671875,0.5328771958206915,0.8687686754703794,3.25,162,60
0,GENERIC_RNN_1D,SUSTAINED_SWITCH,64,0.42237854948519693,0.5126684332276514,0.8704427083333333,0.5258503032766495,0.6423283378182912,2.7745163690476193,87,300
0,GENERIC_RNN_1D,TRANSIENT_PULSE,64,0.2830849875176133,0.44216508666558596,0.9388020833333334,0.5203729302880139,0.6688327404577944,3.1,299,65
0,GRU_8,CLEAN_STABLE,64,0.09873699406468034,0.15665479187989226,0.9703776041666666,0.8658523116388339,,2.686274509803922,0,56
0,GRU_8,COMBINED_STRESS,64,0.6509659350991287,0.5956465183596139,0.7490234375,0.8221698441224242,1.0196973031567775,3.0604786706349203,188,299
0,GRU_8,LONG_PULSE,64,0.31009510641784954,0.3450663667669242,0.8766276041666667,0.8473773553490811,0.9457646139570315,2.6104166666666666,162,60
0,GRU_8,SUSTAINED_SWITCH,64,0.3671270954191866,0.38819369641495527,0.8780924479166666,0.8408698590865638,0.661616112677777,2.4865513392857146,87,300
0,GRU_8,TRANSIENT_PULSE,64,0.25887975093122895,0.343697651384236,0.9222005208333333,0.8282895368395395,0.7116222135765692,2.5982456140350876,299,65
0,NO_FEEDBACK_1D,CLEAN_STABLE,64,0.1361787796079164,0.27309761868527477,0.9685872395833333,0.6417190366275736,,2.8529411764705883,0,56
0,NO_FEEDBACK_1D,COMBINED_STRESS,64,0.6637328799585693,0.6629164340959797,0.7423502604166666,0.5592897936406808,0.9844141233708658,3.2785466269841272,188,299
0,NO_FEEDBACK_1D,LONG_PULSE,64,0.3354421614425831,0.4379534172176752,0.8779296875,0.6022541804459691,0.9109132150713432,2.8354166666666663,162,60
0,NO_FEEDBACK_1D,SUSTAINED_SWITCH,64,0.40718604475921594,0.48429009713122306,0.8720703125,0.5920198023831458,0.6617325358818904,2.7065104166666667,87,300
0,NO_FEEDBACK_1D,TRANSIENT_PULSE,64,0.2912707930109908,0.4325572046638122,0.9322916666666666,0.5740083195000973,0.7040831371781499,2.8903508771929824,299,65
0,OUTPUT_SITE_1D,CLEAN_STABLE,64,0.16614142329094478,0.31364120201554135,0.9622395833333333,0.5786001557804025,,3.588235294117647,0,56
0,OUTPUT_SITE_1D,COMBINED_STRESS,64,0.6699923073443277,0.6937490779872052,0.7423502604166666,0.41926773563077513,0.9110148127724034,3.7458953373015875,188,299
0,OUTPUT_SITE_1D,LONG_PULSE,64,0.3336874837113073,0.4628460679074019,0.8942057291666666,0.4983981091709187,0.8106310524777404,3.63125,162,60
0,OUTPUT_SITE_1D,SUSTAINED_SWITCH,64,0.4530103294666235,0.5345682112076382,0.8551432291666666,0.4830791449811447,0.6240584044102837,3.1651971726190475,87,300
0,OUTPUT_SITE_1D,TRANSIENT_PULSE,64,0.2936306817097496,0.45254579711409215,0.9402669270833333,0.4771385742260992,0.6441178183861254,3.255263157894737,299,65
0,SENSORY_SITE_1D,CLEAN_STABLE,64,0.21593921129964924,0.41286068772863405,0.9650065104166666,0.4208005864765149,,3.2549019607843133,0,56
0,SENSORY_SITE_1D,COMBINED_STRESS,64,0.6749257510089834,0.7268084055972572,0.7473958333333334,0.34580408476163105,0.9394765055776959,3.5818576388888888,188,299
0,SENSORY_SITE_1D,LONG_PULSE,64,0.37275833725279406,0.5339142740405738,0.8946940104166666,0.3829825933432167,0.8568683380540701,3.4395833333333328,162,60
0,SENSORY_SITE_1D,SUSTAINED_SWITCH,64,0.46738504441105455,0.5881657274708669,0.8606770833333334,0.3766552871780954,0.6732555900817478,2.9847470238095237,87,300
0,SENSORY_SITE_1D,TRANSIENT_PULSE,64,0.33066717518506106,0.5168634978130994,0.94189453125,0.3749802181465329,0.6904150046888793,3.2052631578947373,299,65
0,TARGET_ORACLE,CLEAN_STABLE,64,0.0877353460796064,0.11359266728237571,0.9742838541666667,0.9737468599165899,,2.2205882352941178,0,56
0,TARGET_ORACLE,COMBINED_STRESS,64,0.321101923352844,0.2997972650771115,0.9046223958333333,0.9843738409907843,0.07638880667183395,2.076370287698413,188,299
0,TARGET_ORACLE,LONG_PULSE,64,0.09270756506678515,0.11646134814496634,0.9724934895833333,0.9751156542305174,0.043348531807067305,2.35,162,60
0,TARGET_ORACLE,SUSTAINED_SWITCH,64,0.31500201684365176,0.29528211753401123,0.9049479166666666,0.9838248540631018,0.08692309087522782,2.050483630952381,87,300
0,TARGET_ORACLE,TRANSIENT_PULSE,64,0.09444600851736973,0.1192593093800447,0.97216796875,0.9746866695683721,0.05693354314579025,2.137719298245614,299,65
1,DIRECT_SENSOR,CLEAN_STABLE,64,0.09765968571683081,0.1483955603940975,0.9733072916666667,0.8962838765835844,,2.2443181818181817,0,63
1,DIRECT_SENSOR,COMBINED_STRESS,64,0.6260268185863535,0.5749258147709497,0.75048828125,0.8938099757434697,1.0462585964691884,2.82351810515873,191,288
1,DIRECT_SENSOR,LONG_PULSE,64,0.32088298135693116,0.34763580590544996,0.8689778645833333,0.8965939806869431,0.9630170748315328,3.0833333333333335,158,61
1,DIRECT_SENSOR,SUSTAINED_SWITCH,64,0.3652193668775884,0.3833341165217921,0.8846028645833333,0.8940098603330677,0.6896371782103045,2.195937263794407,81,304
1,DIRECT_SENSOR,TRANSIENT_PULSE,64,0.2763014162852744,0.3545725407966624,0.9088541666666667,0.8919826150221604,0.7353870478730816,3.3219696969696972,307,68
1,GENERIC_RNN_1D,CLEAN_STABLE,64,0.17014940976045317,0.3187825912869092,0.9627278645833333,0.5779811611520227,,3.3314393939393936,0,63
1,GENERIC_RNN_1D,COMBINED_STRESS,64,0.6584525357587154,0.675709714614868,0.7428385416666667,0.4662565182359871,0.9274475610186445,3.627287946428571,191,288
1,GENERIC_RNN_1D,LONG_PULSE,64,0.34477545910514323,0.4665552895273114,0.8859049479166667,0.5207404445910185,0.8092090938783646,4.305555555555555,158,61
1,GENERIC_RNN_1D,SUSTAINED_SWITCH,64,0.4619825228488528,0.5330268747319191,0.8522135416666667,0.510562161058236,0.6046673635834466,3.116878535926155,81,304
1,GENERIC_RNN_1D,TRANSIENT_PULSE,64,0.3020960879942802,0.4531232065200375,0.93359375,0.49826564545398344,0.6268863283020876,4.515151515151516,307,68
1,GRU_8,CLEAN_STABLE,64,0.10025827903991,0.14733093365375302,0.9710286458333334,0.8971570246500974,,2.5170454545454546,0,63
1,GRU_8,COMBINED_STRESS,64,0.6302491571787066,0.5758862372853173,0.75048828125,0.8665120930662507,1.0360309316421783,2.8885354662698415,191,288
1,GRU_8,LONG_PULSE,64,0.3214217409676299,0.34550307267250935,0.87158203125,0.8870327090442067,0.9493705217904111,3.1303418803418803,158,61
1,GRU_8,SUSTAINED_SWITCH,64,0.3731399182724354,0.3852323135173421,0.8787434895833333,0.8790798900016769,0.6791753371114373,2.36360372431801,81,304
1,GRU_8,TRANSIENT_PULSE,64,0.2768869922817203,0.3534390788743641,0.9147135416666666,0.8655947221740129,0.7232444908949477,3.2765151515151514,307,68
1,NO_FEEDBACK_1D,CLEAN_STABLE,64,0.1459056517052195,0.2967408465398762,0.96923828125,0.6058563933703898,,2.700757575757576,0,63
1,NO_FEEDBACK_1D,COMBINED_STRESS,64,0.632414252388281,0.6550385437088835,0.7493489583333333,0.5531410487548007,1.008177613183999,3.019884672619048,191,288
1,NO_FEEDBACK_1D,LONG_PULSE,64,0.34972663194398235,0.46092864637361686,0.87548828125,0.5815457700120392,0.9317461228013979,3.3653846153846154,158,61
1,NO_FEEDBACK_1D,SUSTAINED_SWITCH,64,0.4100795429364765,0.5004269236088632,0.8709309895833333,0.5732294392591721,0.713886922603696,2.592819349962207,81,304
1,NO_FEEDBACK_1D,TRANSIENT_PULSE,64,0.32195393090669816,0.46749660441201024,0.9241536458333334,0.5581631427689734,0.7472929783894746,3.6174242424242427,307,68
1,OUTPUT_SITE_1D,CLEAN_STABLE,64,0.16380882596746218,0.25911162883519034,0.9560546875,0.6938799209896864,,4.020833333333333,0,63
1,OUTPUT_SITE_1D,COMBINED_STRESS,64,0.6594981448635883,0.6571706915649808,0.7568359375,0.4800242931352145,0.8604274030593786,4.0453125,191,288
1,OUTPUT_SITE_1D,LONG_PULSE,64,0.3141122557277517,0.41287302717331426,0.908203125,0.5831988241606372,0.7050371882700607,4.884615384615385,158,61
1,OUTPUT_SITE_1D,SUSTAINED_SWITCH,64,0.49254263844028046,0.5187945471778832,0.8356119791666666,0.5593106034822427,0.5447538884130317,3.5732603815937147,81,304
1,OUTPUT_SITE_1D,TRANSIENT_PULSE,64,0.28361079792319055,0.4053010780582724,0.9319661458333334,0.5635285036301438,0.5540526618492572,5.170454545454546,307,68
1,SENSORY_SITE_1D,CLEAN_STABLE,64,0.1589267127174699,0.29472850449597365,0.9627278645833333,0.6176942201829467,,3.3371212121212115,0,63
1,SENSORY_SITE_1D,COMBINED_STRESS,64,0.6425985412367164,0.6575886360159302,0.75439453125,0.504955543970073,0.9260728556123522,3.59656498015873,191,288
1,SENSORY_SITE_1D,LONG_PULSE,64,0.325685599493652,0.4422296165408568,0.89453125,0.5591469930793804,0.8034757519673734,4.299145299145299,158,61
1,SENSORY_SITE_1D,SUSTAINED_SWITCH,64,0.44818392997767387,0.513889256879672,0.8551432291666665,0.5475258240192831,0.6052084219158114,3.0705433014956824,81,304
1,SENSORY_SITE_1D,TRANSIENT_PULSE,64,0.28809962308924303,0.431604541146091,0.93408203125,0.544088966595928,0.6224334448968146,4.59469696969697,307,68
1,TARGET_ORACLE,CLEAN_STABLE,64,0.092790739089688,0.11724684541106475,0.9736328125,0.9752641420482241,,2.202651515151515,0,63
1,TARGET_ORACLE,COMBINED_STRESS,64,0.300553520277833,0.28449226629625934,0.9080403645833333,0.9835137292600644,0.07879412791765657,2.01937003968254,191,288
1,TARGET_ORACLE,LONG_PULSE,64,0.09372115448928986,0.11924907069905544,0.9723307291666667,0.9750400256169198,0.04184917730273465,2.25,158,61
1,TARGET_ORACLE,SUSTAINED_SWITCH,64,0.3265819500160323,0.305478695214705,0.9013671875,0.9841628972989744,0.0772069191179066,2.107878100735244,81,304
1,TARGET_ORACLE,TRANSIENT_PULSE,64,0.10368779843208387,0.12691154249535924,0.9716796875,0.9774205095078241,0.06904704775136533,2.2878787878787876,307,68
2,DIRECT_SENSOR,CLEAN_STABLE,64,0.11160891313776646,0.16230059926850043,0.9679361979166666,0.8949848593434855,,2.301418439716312,0,72
2,DIRECT_SENSOR,COMBINED_STRESS,64,0.6795354204883668,0.6064930737869645,0.73779296875,0.8959929433789389,1.0817010311192865,3.21979448502886,176,332
2,DIRECT_SENSOR,LONG_PULSE,64,0.3328828513053306,0.35463398562318105,0.8673502604166667,0.895335400305739,0.9840797402117263,2.507407407407407,163,68
2,DIRECT_SENSOR,SUSTAINED_SWITCH,64,0.36695807866942165,0.3830787671605549,0.8839518229166666,0.8940398603780387,0.6916406180763726,2.2883432539682538,88,297
2,DIRECT_SENSOR,TRANSIENT_PULSE,64,0.25162527058117473,0.33050264055718986,0.9158528645833333,0.8939703110339565,0.7196187416798066,2.7051282051282053,287,61
2,GENERIC_RNN_1D,CLEAN_STABLE,64,0.21483437525926352,0.3890025163651482,0.9552408854166667,0.48134811018217427,,3.4521276595744674,0,72
2,GENERIC_RNN_1D,COMBINED_STRESS,64,0.7172816358833178,0.7303460843990024,0.7195638020833333,0.3997631976275723,0.9924131462997012,3.924344448953824,176,332
2,GENERIC_RNN_1D,LONG_PULSE,64,0.3837579451848704,0.5213804507164781,0.8779296875,0.43908496123855073,0.8713174347736926,3.511111111111111,163,68
2,GENERIC_RNN_1D,SUSTAINED_SWITCH,64,0.4748633871345489,0.5692901698438391,0.8531901041666666,0.43397758414352117,0.6361916034407631,3.13499503968254,88,297
2,GENERIC_RNN_1D,TRANSIENT_PULSE,64,0.30778720356695105,0.48246868674631094,0.9404296875,0.4291762814323907,0.6460273026895414,3.66025641025641,287,61
2,GRU_8,CLEAN_STABLE,64,0.122448268289526,0.18404338009571575,0.9619140625,0.8443822679949309,,2.8404255319148937,0,72
2,GRU_8,COMBINED_STRESS,64,0.6921551711698939,0.6240355717564322,0.73095703125,0.7854647249399338,1.0620317004940265,3.390675166847042,176,332
2,GRU_8,LONG_PULSE,64,0.340542522695313,0.3728891188976462,0.87109375,0.8186556125543547,0.9582751139704098,2.9592592592592593,163,68
2,GRU_8,SUSTAINED_SWITCH,64,0.39119647483168085,0.4086634946371154,0.87255859375,0.8075893440847346,0.6627437767820904,2.627926587301588,88,297
2,GRU_8,TRANSIENT_PULSE,64,0.26112172687046714,0.3501696074842755,0.92919921875,0.7908122519841801,0.7018469720781895,2.7628205128205128,287,61
2,NO_FEEDBACK_1D,CLEAN_STABLE,64,0.15610712353443265,0.27966423036963306,0.9597981770833334,0.6615155696202755,,3.056737588652483,0,72
2,NO_FEEDBACK_1D,COMBINED_STRESS,64,0.6998817697616815,0.6769722923476137,0.7223307291666667,0.570427888791322,1.024269446300859,3.6596483811327563,176,332
2,NO_FEEDBACK_1D,LONG_PULSE,64,0.35644060675854067,0.4455048395760599,0.869140625,0.6177847839276305,0.9147953562900194,3.1296296296296293,163,68
2,NO_FEEDBACK_1D,SUSTAINED_SWITCH,64,0.4274019382757686,0.48805063350516775,0.86474609375,0.606479895663431,0.6456742976342875,2.8458705357142855,88,297
2,NO_FEEDBACK_1D,TRANSIENT_PULSE,64,0.282311601535712,0.4186540611535463,0.9365234375,0.5907243370610311,0.6784036014483067,3.1431623931623935,287,61
2,OUTPUT_SITE_1D,CLEAN_STABLE,64,0.17957582796521343,0.26545790852100026,0.9479166666666666,0.7065049124577546,,4.060283687943262,0,72
2,OUTPUT_SITE_1D,COMBINED_STRESS,64,0.7322829827828652,0.6900720546313626,0.7228190104166666,0.4998003111029399,0.9285899245815695,4.1629610840548334,176,332
2,OUTPUT_SITE_1D,LONG_PULSE,64,0.32804500762939115,0.4156864163387439,0.8955078125,0.6020061375896177,0.7479019354999337,4.118518518518518,163,68
2,OUTPUT_SITE_1D,SUSTAINED_SWITCH,64,0.49053800094772176,0.5060562028158984,0.83544921875,0.5865906956271971,0.5395256748530375,3.4996279761904763,88,297
2,OUTPUT_SITE_1D,TRANSIENT_PULSE,64,0.2513802445611756,0.3733111470619879,0.9404296875,0.594861297547835,0.5190851701795967,4.098290598290598,287,61
2,SENSORY_SITE_1D,CLEAN_STABLE,64,0.24600640559816728,0.42403673963942384,0.94775390625,0.4349250486958173,,4.072695035460993,0,72
2,SENSORY_SITE_1D,COMBINED_STRESS,64,0.7311759622130938,0.7474468318085883,0.72412109375,0.3400105955698103,0.9394664267960593,4.279411300505051,176,332
2,SENSORY_SITE_1D,LONG_PULSE,64,0.37421061516469234,0.5285956497090041,0.9016927083333334,0.3875294127175556,0.7836507533143736,4.2592592592592595,163,68
2,SENSORY_SITE_1D,SUSTAINED_SWITCH,64,0.5148164494876557,0.6028375132149602,0.8333333333333334,0.38101853010638204,0.6138900243215165,3.523958333333333,88,297
2,SENSORY_SITE_1D,TRANSIENT_PULSE,64,0.30752996817366374,0.4886790115700801,0.9407552083333333,0.38876695428512026,0.5874542384561192,4.303418803418803,287,61
2,TARGET_ORACLE,CLEAN_STABLE,64,0.10646087061393719,0.1295507329043062,0.9694010416666666,0.9765768975265317,,2.186170212765957,0,72
2,TARGET_ORACLE,COMBINED_STRESS,64,0.34575341191766484,0.3206623703131868,0.8946940104166667,0.9854352493791159,0.08785334850468307,1.9992441152597404,176,332
2,TARGET_ORACLE,LONG_PULSE,64,0.0988671261251231,0.1228943707409987,0.9733072916666666,0.975795911073954,0.052977964306231765,2.1740740740740745,163,68
2,TARGET_ORACLE,SUSTAINED_SWITCH,64,0.32571075376047254,0.30278119079321186,0.9016927083333334,0.9839354434237004,0.09471827258267218,2.1673301091269845,88,297
2,TARGET_ORACLE,TRANSIENT_PULSE,64,0.09406156916522061,0.11928844242353875,0.9737955729166666,0.9757133880385631,0.053509548805651105,2.2927350427350426,287,61
3,DIRECT_SENSOR,CLEAN_STABLE,64,0.10594000306035879,0.1559129031626488,0.9708658854166667,0.8958631064411315,,2.25875,0,72
3,DIRECT_SENSOR,COMBINED_STRESS,64,0.6798419639374322,0.6151601057516984,0.7317708333333333,0.8945603531757358,1.0207565765729643,2.949896501068376,199,323
3,DIRECT_SENSOR,LONG_PULSE,64,0.32740754551374696,0.34940765380303773,0.8701171875,0.8955566157211864,0.9960599678244768,2.6452991452991452,161,63
3,DIRECT_SENSOR,SUSTAINED_SWITCH,64,0.36366116477589494,0.3801596837211392,0.88671875,0.8964951117472617,0.6947446401282203,2.1668871252204585,97,291
3,DIRECT_SENSOR,TRANSIENT_PULSE,64,0.23145582154649244,0.3142471430203611,0.92431640625,0.8916692801178827,0.727091684876592,2.338541666666667,294,46
3,GENERIC_RNN_1D,CLEAN_STABLE,64,0.1745885100294149,0.32332575460545365,0.9607747395833333,0.5754738786845843,,3.2729166666666663,0,72
3,GENERIC_RNN_1D,COMBINED_STRESS,64,0.6997630896517297,0.7046380475751732,0.7247721354166667,0.4758328809731993,0.929382249807484,3.5567694024725274,199,323
3,GENERIC_RNN_1D,LONG_PULSE,64,0.35061925792361,0.4688581441027549,0.8819986979166667,0.5293500631322342,0.8748392613333332,3.440170940170941,161,63
3,GENERIC_RNN_1D,SUSTAINED_SWITCH,64,0.4385466015725217,0.5196480391102393,0.8642578125,0.5220912947712999,0.6194618490059193,2.8462962962962965,97,291
3,GENERIC_RNN_1D,TRANSIENT_PULSE,64,0.2528409336359497,0.41775608159103567,0.94921875,0.5195426213663491,0.6410297409640621,3.1484375,294,46
3,GRU_8,CLEAN_STABLE,64,0.11481246089482139,0.17360830525890003,0.9661458333333333,0.8520961606866582,,2.7270833333333337,0,72
3,GRU_8,COMBINED_STRESS,64,0.6880614955636559,0.6292949629680511,0.7283528645833334,0.7930875934732124,0.9976237753214984,3.1427569826007327,199,323
3,GRU_8,LONG_PULSE,64,0.33146879669680934,0.36324125665983453,0.87255859375,0.8282600926945036,0.971608245976013,2.9423076923076925,161,63
3,GRU_8,SUSTAINED_SWITCH,64,0.38361212166419406,0.40252511700770555,0.876953125,0.8188223507901664,0.6797264410946166,2.437459057697152,97,291
3,GRU_8,TRANSIENT_PULSE,64,0.2431774807356165,0.33341629417015284,0.93017578125,0.8000557577050234,0.7217905501578158,2.528645833333333,294,46
3,NO_FEEDBACK_1D,CLEAN_STABLE,64,0.18453053319388713,0.34808129767192975,0.9625651041666667,0.5339239855200855,,3.0541666666666667,0,72
3,NO_FEEDBACK_1D,COMBINED_STRESS,64,0.7093654653633046,0.7199941817677786,0.716796875,0.44708480585507376,0.9435969671612382,3.3690533424908424,199,323
3,NO_FEEDBACK_1D,LONG_PULSE,64,0.3767343131633005,0.4981330926547081,0.8683268229166666,0.4945857505626629,0.9127543336871178,3.337606837606838,161,63
3,NO_FEEDBACK_1D,SUSTAINED_SWITCH,64,0.4486683570469887,0.5406667099407111,0.8642578125,0.48644283237526226,0.6569969274890732,2.793291761148904,97,291
3,NO_FEEDBACK_1D,TRANSIENT_PULSE,64,0.2875859353686311,0.45664663923145454,0.9435221354166667,0.47246355433136367,0.6916616111144576,2.9453125,294,46
3,OUTPUT_SITE_1D,CLEAN_STABLE,64,0.16931460367259876,0.2585920292953195,0.9542643229166666,0.7030672623440394,,3.947916666666667,0,72
3,OUTPUT_SITE_1D,COMBINED_STRESS,64,0.7199566962858,0.6941043429181093,0.7239583333333333,0.48405411696557626,0.8565337254239669,3.9891903235653237,199,323
3,OUTPUT_SITE_1D,LONG_PULSE,64,0.3285719157169782,0.415451756201905,0.8933919270833334,0.5994023593602942,0.7603572503749151,4.463675213675214,161,63
3,OUTPUT_SITE_1D,SUSTAINED_SWITCH,64,0.4773090561928869,0.5018049780614978,0.84423828125,0.5834413696020883,0.5311216777110316,3.387118921642731,97,291
3,OUTPUT_SITE_1D,TRANSIENT_PULSE,64,0.2208619710996628,0.35342049481882865,0.9513346354166667,0.5947701151832483,0.5342541539805188,3.8541666666666665,294,46
3,SENSORY_SITE_1D,CLEAN_STABLE,64,0.19537789252436566,0.3583863282784895,0.95849609375,0.5203183672140002,,3.4945833333333334,0,72
3,SENSORY_SITE_1D,COMBINED_STRESS,64,0.7091478539825365,0.7219699625593137,0.7244466145833334,0.42093898074105307,0.9144146550870051,3.702930402930403,199,323
3,SENSORY_SITE_1D,LONG_PULSE,64,0.36140031295056796,0.4931292427943734,0.8849283854166665,0.473942743514724,0.8526876038696218,3.69017094017094,161,63
3,SENSORY_SITE_1D,SUSTAINED_SWITCH,64,0.4589102768566451,0.5473112298846157,0.8570963541666667,0.46765450541015086,0.6107185373471733,3.0515621063240115,97,291
3,SENSORY_SITE_1D,TRANSIENT_PULSE,64,0.2618566672652408,0.4382499575027848,0.9510091145833333,0.46695239085736134,0.6250859090345112,3.502604166666667,294,46
3,TARGET_ORACLE,CLEAN_STABLE,64,0.1011007517890701,0.12387494144413344,0.9723307291666667,0.9756028126772149,,2.15625,0,72
3,TARGET_ORACLE,COMBINED_STRESS,64,0.3403124307807628,0.3166999175003392,0.8971354166666666,0.9850939415323525,0.08961462745936345,2.0316964285714283,199,323
3,TARGET_ORACLE,LONG_PULSE,64,0.09661683058153211,0.1206495972961612,0.9716796875,0.9742907360711601,0.04994436049836403,2.3803418803418808,161,63
3,TARGET_ORACLE,SUSTAINED_SWITCH,64,0.3118653742581652,0.29295252703873825,0.9070638020833334,0.9840765921780752,0.08255807171362428,2.0237150415721845,97,291
3,TARGET_ORACLE,TRANSIENT_PULSE,64,0.07401449074729095,0.10259053899606721,0.9794921875,0.9729019872435056,0.06167100655934472,2.0859375,294,46
4,DIRECT_SENSOR,CLEAN_STABLE,64,0.1016566269081912,0.15471325064937486,0.9716796875,0.8929662570213173,,2.2579365079365084,0,66
4,DIRECT_SENSOR,COMBINED_STRESS,64,0.6584212751444516,0.6000015288814353,0.74365234375,0.8956259530881142,1.0524234421865197,2.9892603490259737,189,306
4,DIRECT_SENSOR,LONG_PULSE,64,0.29736096081454255,0.3254297439529358,0.8785807291666667,0.8950813750069156,0.9905824616650665,2.8783783783783785,152,51
4,DIRECT_SENSOR,SUSTAINED_SWITCH,64,0.3610601601603324,0.3776986345443163,0.88623046875,0.8926186459793104,0.7120414550513076,2.201426091269841,85,292
4,DIRECT_SENSOR,TRANSIENT_PULSE,64,0.2557041526771974,0.3437313464189605,0.9147135416666667,0.8963904623753329,0.728071040030055,2.5950980392156864,334,50
4,GENERIC_RNN_1D,CLEAN_STABLE,64,0.17520542069007,0.32262365695499773,0.9588216145833333,0.5780989469259985,,3.4980158730158726,0,66
4,GENERIC_RNN_1D,COMBINED_STRESS,64,0.6932091661113093,0.699214782023939,0.7306315104166667,0.4628335559059139,0.9357309340531174,3.5727977317821065,189,306
4,GENERIC_RNN_1D,LONG_PULSE,64,0.32783324375396733,0.45100478865914556,0.8916015625,0.5265067805455353,0.8494565306130262,4.148648648648648,152,51
4,GENERIC_RNN_1D,SUSTAINED_SWITCH,64,0.4534440893562791,0.5248640408321326,0.8580729166666666,0.513721640635098,0.6227509588299796,3.069202628968254,85,292
4,GENERIC_RNN_1D,TRANSIENT_PULSE,64,0.26570176205286583,0.4318836695852776,0.9466145833333333,0.5042029027857154,0.6104032525261753,3.83921568627451,334,50
4,GRU_8,CLEAN_STABLE,64,0.10774477084931759,0.16397609612182387,0.9677734375,0.86907973262573,,2.5932539682539684,0,66
4,GRU_8,COMBINED_STRESS,64,0.6639099548177099,0.6090836721327028,0.7412109375,0.82963668445199,1.0330242017683842,3.0596201975108226,189,306
4,GRU_8,LONG_PULSE,64,0.299178268350058,0.33261242232954424,0.8836263020833333,0.8541488577288747,0.9708939811862507,3.130630630630631,152,51
4,GRU_8,SUSTAINED_SWITCH,64,0.37395291880223214,0.3900242230138341,0.8805338541666666,0.8444527215151262,0.6968200904247084,2.3700582837301587,85,292
4,GRU_8,TRANSIENT_PULSE,64,0.25688391798888854,0.3499775628177204,0.92431640625,0.834423752461483,0.7125409160884814,2.7715686274509803,334,50
4,NO_FEEDBACK_1D,CLEAN_STABLE,64,0.18879285026297576,0.35903252830690724,0.9615885416666666,0.5159540639537552,,3.1904761904761907,0,66
4,NO_FEEDBACK_1D,COMBINED_STRESS,64,0.7009190539500824,0.7182618218613233,0.7237955729166667,0.431668430746859,0.9659354894097943,3.432700892857143,189,306
4,NO_FEEDBACK_1D,LONG_PULSE,64,0.35917271962603914,0.4906147280104207,0.87841796875,0.47942182126427424,0.9054061963693872,3.5630630630630624,152,51
4,NO_FEEDBACK_1D,SUSTAINED_SWITCH,64,0.4556072438240503,0.5486205131812862,0.8629557291666667,0.46848443463323,0.6782063336075024,2.8852430555555557,85,292
4,NO_FEEDBACK_1D,TRANSIENT_PULSE,64,0.31363397779768587,0.4864185133386603,0.9404296875,0.44600287909002145,0.6837646308575183,3.2852941176470587,334,50
4,OUTPUT_SITE_1D,CLEAN_STABLE,64,0.1766724110073891,0.3120416671507371,0.9562174479166667,0.5990648167391887,,3.7519841269841274,0,66
4,OUTPUT_SITE_1D,COMBINED_STRESS,64,0.6981569408801059,0.7067117910849892,0.72607421875,0.4284311985119117,0.9152543883667484,3.8240755772005772,189,306
4,OUTPUT_SITE_1D,LONG_PULSE,64,0.32805832425128095,0.4471984879651553,0.892578125,0.5234963937662679,0.8200862009327486,4.306306306306307,152,51
4,OUTPUT_SITE_1D,SUSTAINED_SWITCH,64,0.47176251352650234,0.5347383836512734,0.85009765625,0.5015482138247181,0.6247950929118044,3.2310639880952383,85,292
4,OUTPUT_SITE_1D,TRANSIENT_PULSE,64,0.27958986975155853,0.44126526918459064,0.9453125,0.48769653796572293,0.6144582545766489,3.8882352941176466,334,50
4,SENSORY_SITE_1D,CLEAN_STABLE,64,0.18424362937033376,0.34561433235460487,0.95947265625,0.5386068774208412,,3.4543650793650795,0,66
4,SENSORY_SITE_1D,COMBINED_STRESS,64,0.694322468892997,0.7090492692844682,0.72900390625,0.4404033728051686,0.9487135160670427,3.5672297754329003,189,306
4,SENSORY_SITE_1D,LONG_PULSE,64,0.3391199591386256,0.4712197589794419,0.8898111979166667,0.49475744994307175,0.8690377576240303,4.0990990990990985,152,51
4,SENSORY_SITE_1D,SUSTAINED_SWITCH,64,0.45367987789150077,0.5384012066110415,0.8611653645833333,0.48377147843920487,0.6443756972299135,2.9886036706349204,85,292
4,SENSORY_SITE_1D,TRANSIENT_PULSE,64,0.28141070258676654,0.45484333866708226,0.9459635416666666,0.47276873332155256,0.6363286640514956,3.5377450980392156,334,50
4,TARGET_ORACLE,CLEAN_STABLE,64,0.09644164447343528,0.12196068826628448,0.97314453125,0.9751297273502364,,2.136904761904762,0,66
4,TARGET_ORACLE,COMBINED_STRESS,64,0.3285137367540481,0.307355133657623,0.8997395833333334,0.9850905249527138,0.07943448160903847,2.109073998917749,189,306
4,TARGET_ORACLE,LONG_PULSE,64,0.08628157688118164,0.11307827799721555,0.97607421875,0.9750062397967707,0.059523530873120345,2.31981981981982,152,51
4,TARGET_ORACLE,SUSTAINED_SWITCH,64,0.3152587800199005,0.2938537638681377,0.9069010416666667,0.9834429923843797,0.08386610717713025,2.002542162698413,85,292
4,TARGET_ORACLE,TRANSIENT_PULSE,64,0.08009556645096133,0.10783980475620325,0.9772135416666666,0.9756199909877689,0.06275617111957688,2.2583333333333333,334,50
5,DIRECT_SENSOR,CLEAN_STABLE,64,0.11439836195582083,0.16360434511866137,0.9669596354166666,0.8954353319284578,,2.231060606060606,0,77
5,DIRECT_SENSOR,COMBINED_STRESS,64,0.622127566971145,0.5710763809939389,0.7591145833333333,0.8943427898462675,1.0339960113309254,2.94515128968254,177,294
5,DIRECT_SENSOR,LONG_PULSE,64,0.3050460210288846,0.3342607038548948,0.8798828125,0.8940069356808356,0.9878020746709898,2.3354166666666667,156,55
5,DIRECT_SENSOR,SUSTAINED_SWITCH,64,0.3829439910534973,0.39615480631395406,0.8763020833333334,0.8911453065467588,0.7495488085775555,2.287016369047619,91,313
5,DIRECT_SENSOR,TRANSIENT_PULSE,64,0.27189410712734674,0.35004280362885015,0.908203125,0.8946397371162731,0.7320602253954815,3.0128205128205128,317,62
5,GENERIC_RNN_1D,CLEAN_STABLE,64,0.19633400764752854,0.3575738173929608,0.9578450520833334,0.5287255728749766,,3.03219696969697,0,77
5,GENERIC_RNN_1D,COMBINED_STRESS,64,0.6702452036536264,0.6919620495025167,0.740234375,0.4498788157795154,0.9460932326799554,3.4787326388888893,177,294
5,GENERIC_RNN_1D,LONG_PULSE,64,0.34493420430483757,0.480614054441015,0.88671875,0.4904443879499053,0.8782524839795774,3.1208333333333336,156,55
5,GENERIC_RNN_1D,SUSTAINED_SWITCH,64,0.47558170281840206,0.5578755233246966,0.85009765625,0.4786018793027791,0.7104660875107852,3.0082155257936507,91,313
5,GENERIC_RNN_1D,TRANSIENT_PULSE,64,0.31529391253812156,0.4776099345179077,0.9318033854166666,0.46722208903182527,0.671942979677848,4.032051282051282,317,62
5,GRU_8,CLEAN_STABLE,64,0.12074433946365234,0.17639497255441938,0.9645182291666667,0.8624141729998656,,2.484848484848485,0,77
5,GRU_8,COMBINED_STRESS,64,0.6315809177884737,0.582735028028954,0.7560221354166667,0.8232146162325727,1.0193883507513377,3.0547247023809527,177,294
5,GRU_8,LONG_PULSE,64,0.3088144478628341,0.34476516919259836,0.8834635416666667,0.8458742069986094,0.9709961273043731,2.591666666666667,156,55
5,GRU_8,SUSTAINED_SWITCH,64,0.40079669300819365,0.41320072467298513,0.8694661458333334,0.8332664659244902,0.7422956399512675,2.4239459325396826,91,313
5,GRU_8,TRANSIENT_PULSE,64,0.2830578154655037,0.3656185616054989,0.9140625,0.8183879008153279,0.7303380402054259,3.217948717948718,317,62
5,NO_FEEDBACK_1D,CLEAN_STABLE,64,0.18949443303769514,0.3541199009470309,0.9601236979166666,0.5312257707146638,,2.8579545454545454,0,77
5,NO_FEEDBACK_1D,COMBINED_STRESS,64,0.6567412412960456,0.6855151500343103,0.7420247395833333,0.46480229073297913,0.9742253462005654,3.3712921626984125,177,294
5,NO_FEEDBACK_1D,LONG_PULSE,64,0.3521009643053774,0.4841327853238274,0.8834635416666667,0.5002586422361122,0.9231787340612618,2.841666666666667,156,55
5,NO_FEEDBACK_1D,SUSTAINED_SWITCH,64,0.4612646542030592,0.5524470941566809,0.85791015625,0.487074145529919,0.7479749817085407,2.85398685515873,91,313
5,NO_FEEDBACK_1D,TRANSIENT_PULSE,64,0.33492502585566697,0.49427260533997486,0.92578125,0.47082572503353953,0.7291645746870439,3.6794871794871793,317,62
5,OUTPUT_SITE_1D,CLEAN_STABLE,64,0.16921415371222337,0.25792854979179464,0.9513346354166667,0.7101575555022104,,3.6212121212121215,0,77
5,OUTPUT_SITE_1D,COMBINED_STRESS,64,0.6648666688681377,0.6534394232055927,0.7443033854166667,0.5251744288032707,0.8921043135552442,3.8175223214285716,177,294
5,OUTPUT_SITE_1D,LONG_PULSE,64,0.29512199531988037,0.39211130678272355,0.9060872395833333,0.6222501065166205,0.7897784611063542,3.7270833333333337,156,55
5,OUTPUT_SITE_1D,SUSTAINED_SWITCH,64,0.48021477291049064,0.5077623937903961,0.8380533854166666,0.5919757912776523,0.6765655208157446,3.3669642857142854,91,313
5,OUTPUT_SITE_1D,TRANSIENT_PULSE,64,0.26731818375193667,0.3926033057385349,0.935546875,0.5961742729678737,0.5901012005872794,4.344017094017094,317,62
5,SENSORY_SITE_1D,CLEAN_STABLE,64,0.20832785144996707,0.3760821260646594,0.9558919270833333,0.50022916764702,,3.206439393939394,0,77
5,SENSORY_SITE_1D,COMBINED_STRESS,64,0.6768206967653579,0.7028770234938501,0.740234375,0.41949862566888596,0.9366186643219712,3.590674603174603,177,294
5,SENSORY_SITE_1D,LONG_PULSE,64,0.35145938821728673,0.49386093907602435,0.8899739583333333,0.4609869598869657,0.8663276166303776,3.2708333333333335,156,55
5,SENSORY_SITE_1D,SUSTAINED_SWITCH,64,0.4871956380671433,0.5729541425373176,0.84619140625,0.44920154511773225,0.7097847378186869,3.1215215773809524,91,313
5,SENSORY_SITE_1D,TRANSIENT_PULSE,64,0.32029655011285274,0.48816991586327896,0.9329427083333333,0.43869340389723976,0.6647959536703125,4.126068376068376,317,62
5,TARGET_ORACLE,CLEAN_STABLE,64,0.10983363677056919,0.13288171738556306,0.96826171875,0.9743130407003986,,2.1344696969696972,0,77
5,TARGET_ORACLE,COMBINED_STRESS,64,0.3303066172074417,0.3078666942437849,0.9012044270833333,0.9839605453450666,0.09586648127068721,2.131981646825397,177,294
5,TARGET_ORACLE,LONG_PULSE,64,0.08680004655437931,0.11435902322785316,0.97607421875,0.9749148239139509,0.05142172957260418,2.23125,156,55
5,TARGET_ORACLE,SUSTAINED_SWITCH,64,0.33404259969634825,0.31032581134104475,0.8984375,0.9849221619720301,0.14202143864213876,2.0543960813492066,91,313
5,TARGET_ORACLE,TRANSIENT_PULSE,64,0.09175747892085673,0.11749229172568458,0.9749348958333334,0.9757976808620681,0.061206070134124484,2.14957264957265,317,62
6,DIRECT_SENSOR,CLEAN_STABLE,64,0.10074797691092753,0.1515946218417099,0.9718424479166666,0.893812213691359,,2.31359649122807,0,64
6,DIRECT_SENSOR,COMBINED_STRESS,64,0.6433707348927216,0.5904639919692348,0.7462565104166667,0.89412625171617,1.0389967848959105,2.812655009920635,188,322
6,DIRECT_SENSOR,LONG_PULSE,64,0.32062123816235644,0.3412825843305427,0.87109375,0.8927787934352127,0.9750633518196554,3.004385964912281,154,63
6,DIRECT_SENSOR,SUSTAINED_SWITCH,64,0.36549490091990977,0.38048577346097784,0.8829752604166667,0.8964383479661187,0.6996233663309204,2.246143979477313,87,296
6,DIRECT_SENSOR,TRANSIENT_PULSE,64,0.26419073866057696,0.34086210570345443,0.9189453125,0.8922394508097122,0.709685812598609,2.6256410256410256,300,72
6,GENERIC_RNN_1D,CLEAN_STABLE,64,0.18969669539117623,0.3651780602321869,0.962890625,0.5000120572183203,,3.2521929824561404,0,64
6,GENERIC_RNN_1D,COMBINED_STRESS,64,0.6606830315750896,0.6997823283928142,0.744140625,0.42491690983731645,0.9467104506526135,3.1648499503968255,188,322
6,GENERIC_RNN_1D,LONG_PULSE,64,0.36108795757932843,0.4967478446493298,0.8844401041666667,0.46524901079558934,0.8709032984590327,3.793859649122807,154,63
6,GENERIC_RNN_1D,SUSTAINED_SWITCH,64,0.45347562478759285,0.5541472821661106,0.8642578125,0.4577636686979665,0.681980169693749,2.8596182917611483,87,296
6,GENERIC_RNN_1D,TRANSIENT_PULSE,64,0.311771356420121,0.48081980941980734,0.93896484375,0.4513717526611466,0.6571821385702377,3.438888888888889,300,72
6,GRU_8,CLEAN_STABLE,64,0.1110214677774808,0.17468359450441068,0.9676106770833333,0.8395018788667052,,2.7828947368421058,0,64
6,GRU_8,COMBINED_STRESS,64,0.6503208421406723,0.6083094336138213,0.7457682291666667,0.7739780113364769,1.0092102695093041,2.8782428075396824,188,322
6,GRU_8,LONG_PULSE,64,0.3233382499824986,0.3578239630426575,0.8767903645833334,0.8115460816611338,0.9417882786332923,3.350877192982456,154,63
6,GRU_8,SUSTAINED_SWITCH,64,0.38767963486781165,0.4083051063188563,0.873046875,0.8040587472334233,0.680053959951243,2.556449987402369,87,296
6,GRU_8,TRANSIENT_PULSE,64,0.27051311082370116,0.359643936782574,0.9267578125,0.7843687355508412,0.6848522428495036,2.927777777777778,300,72
6,NO_FEEDBACK_1D,CLEAN_STABLE,64,0.15917973472876057,0.3212267146027207,0.9669596354166666,0.5672105135142342,,2.8486842105263164,0,64
6,NO_FEEDBACK_1D,COMBINED_STRESS,64,0.6514750597837011,0.6789064778776226,0.7454427083333333,0.5123186727343256,1.0000371426263017,2.8688678075396825,188,322
6,NO_FEEDBACK_1D,LONG_PULSE,64,0.35564478880144124,0.4718011902135686,0.87646484375,0.5427571636708476,0.9430208451246561,3.4210526315789473,154,63
6,NO_FEEDBACK_1D,SUSTAINED_SWITCH,64,0.4173119635477023,0.5152380097247947,0.8732096354166666,0.5374571809124804,0.728672735368256,2.599080372889897,87,296
6,NO_FEEDBACK_1D,TRANSIENT_PULSE,64,0.318825006255375,0.47225366697340954,0.9280598958333333,0.5223844198599592,0.7301411980076598,3.0431623931623935,300,72
6,OUTPUT_SITE_1D,CLEAN_STABLE,64,0.160104041018605,0.24936935607965915,0.9557291666666667,0.7114114877351201,,3.8640350877192984,0,64
6,OUTPUT_SITE_1D,COMBINED_STRESS,64,0.6686421762357809,0.6612424129746302,0.7464192708333334,0.4933397311648133,0.8479298168144841,3.545306299603175,188,322
6,OUTPUT_SITE_1D,LONG_PULSE,64,0.31925131196700707,0.40170408990040113,0.8966471354166667,0.6103402029745706,0.7382949922933294,4.758771929824561,154,63
6,OUTPUT_SITE_1D,SUSTAINED_SWITCH,64,0.4850631303599408,0.506065491238798,0.83837890625,0.5844799160108165,0.5693067204645235,3.524176000366477,87,296
6,OUTPUT_SITE_1D,TRANSIENT_PULSE,64,0.2659034482291972,0.3832854768581472,0.9352213541666666,0.58918040319101,0.5244044123778185,4.4021367521367525,300,72
6,SENSORY_SITE_1D,CLEAN_STABLE,64,0.18208856482081154,0.3425364304737807,0.9602864583333334,0.538988401650526,,3.539473684210526,0,64
6,SENSORY_SITE_1D,COMBINED_STRESS,64,0.6579474044239999,0.6883561309028465,0.748046875,0.44057771489018516,0.9137108251730494,3.319128224206349,188,322
6,SENSORY_SITE_1D,LONG_PULSE,64,0.3440153443470893,0.472938520455538,0.8922526041666667,0.4932421034337213,0.8258543585548571,4.162280701754386,154,63
6,SENSORY_SITE_1D,SUSTAINED_SWITCH,64,0.4592098913606577,0.5435728194197342,0.85498046875,0.48257330966064377,0.6471988029521912,3.1097448406972217,87,296
6,SENSORY_SITE_1D,TRANSIENT_PULSE,64,0.2919631006249782,0.45300700948992184,0.9375,0.4814483770626839,0.6113720048226382,3.9252136752136755,300,72
6,TARGET_ORACLE,CLEAN_STABLE,64,0.09522081938623403,0.11910307457618785,0.9728190104166666,0.9750983739040995,,2.258771929824561,0,64
6,TARGET_ORACLE,COMBINED_STRESS,64,0.3306797561658568,0.30739007715410105,0.90087890625,0.9828864157448918,0.06763263002502515,2.0112475198412696,188,322
6,TARGET_ORACLE,LONG_PULSE,64,0.09669811481910902,0.12076549040637019,0.9728190104166666,0.9738227818812657,0.045475741476025615,2.1842105263157894,154,63
6,TARGET_ORACLE,SUSTAINED_SWITCH,64,0.32069717783292373,0.2989377087801799,0.9026692708333334,0.9847146097542767,0.09132504929987544,2.077858517144231,87,296
6,TARGET_ORACLE,TRANSIENT_PULSE,64,0.10543977320568468,0.1278483955941982,0.9695638020833333,0.9750615319634293,0.06288715628390243,2.3376068376068373,300,72
7,DIRECT_SENSOR,CLEAN_STABLE,64,0.09813794761837594,0.15025164909313088,0.97216796875,0.8936446486735119,,2.208333333333333,0,61
7,DIRECT_SENSOR,COMBINED_STRESS,64,0.6601061171861871,0.5986287183840631,0.7413736979166666,0.8966270268153799,1.0468313031811916,2.9617226957070706,191,312
7,DIRECT_SENSOR,LONG_PULSE,64,0.3414196928542409,0.35926156760746153,0.8640950520833333,0.89590647011852,0.9846372516784704,3.0277777777777772,156,77
7,DIRECT_SENSOR,SUSTAINED_SWITCH,64,0.36737624874738045,0.38562633546357955,0.8797200520833334,0.8936862913782873,0.7084841384846824,2.283140557359307,99,296
7,DIRECT_SENSOR,TRANSIENT_PULSE,64,0.2533229085602712,0.33237135268926465,0.9173177083333333,0.895920690097462,0.7202077488365207,2.5612745098039214,296,59
7,GENERIC_RNN_1D,CLEAN_STABLE,64,0.1870682015574994,0.3497436399942444,0.95947265625,0.5293900390242419,,3.5879629629629637,0,61
7,GENERIC_RNN_1D,COMBINED_STRESS,64,0.6997054798475859,0.7124328579929557,0.7296549479166665,0.42298018688385475,0.9278368322881164,3.5894108495670993,191,312
7,GENERIC_RNN_1D,LONG_PULSE,64,0.38295268791978637,0.5037753627588965,0.8732096354166666,0.47502661335301677,0.8344002489082069,4.083333333333333,156,77
7,GENERIC_RNN_1D,SUSTAINED_SWITCH,64,0.4781879238606392,0.5563717098646255,0.8483072916666666,0.46662351817314307,0.6279789979695848,3.3340553977272727,99,296
7,GENERIC_RNN_1D,TRANSIENT_PULSE,64,0.2899061236933254,0.45473728887727793,0.9392903645833333,0.4637064129540819,0.6068114393283245,4.198529411764706,296,59
7,GRU_8,CLEAN_STABLE,64,0.10327655464795453,0.15820039412668999,0.96923828125,0.8727926737352527,,2.569444444444444,0,61
7,GRU_8,COMBINED_STRESS,64,0.6643595936532556,0.604856036347679,0.7394205729166667,0.8318254370010298,1.0280219104867971,2.96673318001443,191,312
7,GRU_8,LONG_PULSE,64,0.3432610340380921,0.3641116199207204,0.8688151041666667,0.8576291496453682,0.9627297946900765,3.3020833333333335,156,77
7,GRU_8,SUSTAINED_SWITCH,64,0.3820851806709511,0.3971017606126944,0.8743489583333333,0.8462417409786014,0.6921976735179735,2.4830543154761906,99,296
7,GRU_8,TRANSIENT_PULSE,64,0.2576251185169904,0.3391048405713045,0.9244791666666666,0.836345458890345,0.7043627763943145,2.8602941176470593,296,59
7,NO_FEEDBACK_1D,CLEAN_STABLE,64,0.1701913879980188,0.33459949786587606,0.9656575520833333,0.5472817955971578,,2.9953703703703707,0,61
7,NO_FEEDBACK_1D,COMBINED_STRESS,64,0.6821803311513206,0.6999391864889285,0.7327473958333334,0.467370003013836,0.9773157189017259,3.2794642857142855,191,312
7,NO_FEEDBACK_1D,LONG_PULSE,64,0.38569671307262354,0.5000768398385655,0.86474609375,0.5088884522086027,0.9110570901089303,3.652777777777778,156,77
7,NO_FEEDBACK_1D,SUSTAINED_SWITCH,64,0.4479067007927482,0.5388462198275761,0.8621419270833333,0.49712979339220176,0.6942779111964359,2.906647389069264,99,296
7,NO_FEEDBACK_1D,TRANSIENT_PULSE,64,0.3112289933328143,0.4704869742077875,0.9353841145833334,0.4860212583142076,0.6959392928020263,3.3799019607843133,296,59
7,OUTPUT_SITE_1D,CLEAN_STABLE,64,0.1633757572352328,0.251024213821438,0.9541015625,0.7115956394501544,,4.12037037037037,0,61
7,OUTPUT_SITE_1D,COMBINED_STRESS,64,0.7019914038481412,0.6801300273211126,0.7355143229166667,0.4852423013524947,0.8602035566918151,3.946856398809524,191,312
7,OUTPUT_SITE_1D,LONG_PULSE,64,0.3422592418801005,0.4221580123188081,0.8963216145833334,0.595395597565194,0.722066162712146,4.604166666666667,156,77
7,OUTPUT_SITE_1D,SUSTAINED_SWITCH,64,0.4967240301313348,0.5121857844215848,0.8341471354166666,0.5763688724211311,0.5661796160217727,3.632295048701299,99,296
7,OUTPUT_SITE_1D,TRANSIENT_PULSE,64,0.2523566920117779,0.372285558197305,0.94140625,0.5918389396947628,0.5101678843324254,4.752450980392156,296,59
7,SENSORY_SITE_1D,CLEAN_STABLE,64,0.22258525286042383,0.4159897176173596,0.9620768229166666,0.4240970413120383,,3.310185185185185,0,61
7,SENSORY_SITE_1D,COMBINED_STRESS,64,0.6932071494430583,0.7385623012981123,0.7355143229166667,0.3412634003914045,0.9531555302920033,3.527089533730159,191,312
7,SENSORY_SITE_1D,LONG_PULSE,64,0.4086117255400836,0.5544988290216679,0.87548828125,0.38201854830745624,0.8748113442901261,3.8958333333333335,156,77
7,SENSORY_SITE_1D,SUSTAINED_SWITCH,64,0.4854449082775808,0.5984552098602194,0.8566080729166666,0.3741148338423639,0.6999365875777244,3.13338575487013,99,296
7,SENSORY_SITE_1D,TRANSIENT_PULSE,64,0.33720139890111134,0.520101355420465,0.9404296875,0.37215152234017623,0.6850563151504321,3.6299019607843133,296,59
7,TARGET_ORACLE,CLEAN_STABLE,64,0.09330833061689064,0.11774349689024652,0.97265625,0.9753267378360422,,2.203703703703704,0,61
7,TARGET_ORACLE,COMBINED_STRESS,64,0.3311284977957275,0.3095994369064338,0.8995768229166666,0.9859473233007641,0.07446420971701954,2.057172731782107,191,312
7,TARGET_ORACLE,LONG_PULSE,64,0.11232103412592422,0.13349681426766816,0.96826171875,0.9745672993854354,0.05370378572068376,2.2534722222222223,156,77
7,TARGET_ORACLE,SUSTAINED_SWITCH,64,0.31646778784907303,0.29658355674941583,0.9029947916666667,0.9830419090012674,0.0983900235205277,2.09667545995671,99,296
7,TARGET_ORACLE,TRANSIENT_PULSE,64,0.09346970572621881,0.11929759385587602,0.9734700520833333,0.9756814246708465,0.05301214839374616,2.1372549019607843,296,59
8,DIRECT_SENSOR,CLEAN_STABLE,64,0.09421088132690487,0.1477245196527595,0.97314453125,0.8951780820465693,,2.418918918918919,0,55
8,DIRECT_SENSOR,COMBINED_STRESS,64,0.6893842631013112,0.6204799936154615,0.7337239583333335,0.8949372642402769,1.0546874776451833,2.9536954365079366,202,334
8,DIRECT_SENSOR,LONG_PULSE,64,0.32665183864007624,0.352577769538982,0.8662109375,0.8963614678153025,0.9940495384796277,2.382113821138211,174,59
8,DIRECT_SENSOR,SUSTAINED_SWITCH,64,0.3488617877586042,0.36995556778677496,0.88818359375,0.8961872432753762,0.6857219980188076,2.2636408730158726,99,264
8,DIRECT_SENSOR,TRANSIENT_PULSE,64,0.2524321965724474,0.33345614422763725,0.9168294270833334,0.8961023318164214,0.728411145265984,2.3247863247863245,314,57
8,GENERIC_RNN_1D,CLEAN_STABLE,64,0.17390466030184348,0.3357124756028422,0.9640299479166666,0.5474483448049552,,3.4054054054054053,0,55
8,GENERIC_RNN_1D,COMBINED_STRESS,64,0.7212810946642777,0.7237537337289979,0.71875,0.4429985052670581,0.958299951015733,3.6156622023809524,202,334
8,GENERIC_RNN_1D,LONG_PULSE,64,0.3600699720822642,0.4870055607604134,0.88037109375,0.49768888607320017,0.8700023849143117,3.2235772357723573,174,59
8,GENERIC_RNN_1D,SUSTAINED_SWITCH,64,0.4401765392540895,0.5294279820976631,0.8658854166666666,0.49227510568225263,0.6170513765502063,3.1360896915584417,99,264
8,GENERIC_RNN_1D,TRANSIENT_PULSE,64,0.2865315827155095,0.4518703987419528,0.9417317708333333,0.4818330444777402,0.6425609441468472,3.3931623931623935,314,57
8,GRU_8,CLEAN_STABLE,64,0.1018563851631229,0.16457621291241745,0.97119140625,0.8554251885996583,,2.581081081081081,0,55
8,GRU_8,COMBINED_STRESS,64,0.6973017516218237,0.634892442218335,0.7291666666666667,0.805485583961941,1.038656160177384,2.9625558035714286,202,334
8,GRU_8,LONG_PULSE,64,0.32849270692251525,0.3648653392360946,0.8714192708333334,0.8362638987225152,0.9714778170618187,2.5609756097560976,174,59
8,GRU_8,SUSTAINED_SWITCH,64,0.36510371226212424,0.3902814076995942,0.8810221354166667,0.8283996165497878,0.6814006862166216,2.4594189664502166,99,264
8,GRU_8,TRANSIENT_PULSE,64,0.26165171277159094,0.350762752496216,0.9226888020833333,0.8135299734872985,0.7218278756150993,2.5128205128205128,314,57
8,NO_FEEDBACK_1D,CLEAN_STABLE,64,0.18901247628120815,0.3798257997956398,0.96875,0.4711487686320745,,2.864864864864865,0,55
8,NO_FEEDBACK_1D,COMBINED_STRESS,64,0.7040220622377603,0.734619761371197,0.72607421875,0.4178775288804988,1.0110874155033585,3.1366691468253967,202,334
8,NO_FEEDBACK_1D,LONG_PULSE,64,0.38781522893733705,0.5284885292569659,0.8743489583333334,0.44746737892232,0.9548673160581386,2.7398373983739837,174,59
8,NO_FEEDBACK_1D,SUSTAINED_SWITCH,64,0.4284106690230025,0.5525415842674022,0.8777669270833333,0.44266276056174225,0.7331495147148988,2.6796474792568543,99,264
8,NO_FEEDBACK_1D,TRANSIENT_PULSE,64,0.34164295422620083,0.5154263949747365,0.9318033854166667,0.4301426514679293,0.7659554110491662,2.717948717948718,314,57
8,OUTPUT_SITE_1D,CLEAN_STABLE,64,0.15145967552499678,0.24172166385570412,0.9591471354166666,0.7216110398328341,,3.9504504504504503,0,55
8,OUTPUT_SITE_1D,COMBINED_STRESS,64,0.7210655843619264,0.6934250300182754,0.72607421875,0.49652628682670397,0.8995898687509009,3.8132874503968255,202,334
8,OUTPUT_SITE_1D,LONG_PULSE,64,0.3191354185663458,0.4090632611501898,0.8977864583333334,0.6118519492681072,0.7793092475401306,3.9552845528455287,174,59
8,OUTPUT_SITE_1D,SUSTAINED_SWITCH,64,0.450943701097433,0.48214159915758614,0.8504231770833334,0.6000881485268197,0.5391262255665417,3.643557224025974,99,264
8,OUTPUT_SITE_1D,TRANSIENT_PULSE,64,0.24601433463395483,0.3721049697615584,0.9423828125,0.5993677463557211,0.5527375009978646,4.042735042735043,314,57
8,SENSORY_SITE_1D,CLEAN_STABLE,64,0.18345822326692146,0.35839079764639337,0.96533203125,0.5091420666774915,,3.2522522522522523,0,55
8,SENSORY_SITE_1D,COMBINED_STRESS,64,0.7168801586978932,0.7307730024475395,0.7228190104166667,0.4223942851396053,0.9717464271373365,3.5084077380952383,202,334
8,SENSORY_SITE_1D,LONG_PULSE,64,0.3699972104564257,0.5053245324313025,0.8777669270833334,0.46830970438886443,0.8909536095290597,3.1626016260162597,174,59
8,SENSORY_SITE_1D,SUSTAINED_SWITCH,64,0.4397605640930183,0.5427719853574804,0.86865234375,0.4631808799502144,0.6477030295617843,3.0658515963203463,99,264
8,SENSORY_SITE_1D,TRANSIENT_PULSE,64,0.3024568685167736,0.47478539796601404,0.93994140625,0.45329419753324673,0.6736521726658647,3.3034188034188037,314,57
8,TARGET_ORACLE,CLEAN_STABLE,64,0.08914612685992729,0.11556466768126938,0.974609375,0.9753394406244018,,2.1981981981981984,0,55
8,TARGET_ORACLE,COMBINED_STRESS,64,0.34688176115069663,0.3207144719150345,0.8956705729166667,0.9841046935329245,0.08379966167431444,1.991034226190476,202,334
8,TARGET_ORACLE,LONG_PULSE,64,0.09081183803601911,0.1170460174083511,0.9739583333333333,0.9751649487297327,0.06202952748134185,2.215447154471545,174,59
8,TARGET_ORACLE,SUSTAINED_SWITCH,64,0.2975344087212933,0.2814028876559007,0.9091796875,0.9828800913028439,0.07949610496619781,2.135820256132756,99,264
8,TARGET_ORACLE,TRANSIENT_PULSE,64,0.08612087907657108,0.11263334836634205,0.9759114583333333,0.9746086339946811,0.06216867737656294,2.0384615384615383,314,57
9,DIRECT_SENSOR,CLEAN_STABLE,64,0.09028133438959024,0.1428288187068271,0.9739583333333334,0.8937773108565442,,2.393162393162393,0,52
9,DIRECT_SENSOR,COMBINED_STRESS,64,0.641921471895893,0.5866337456360995,0.7470703125,0.8943159460521902,1.05170432428556,3.0118658685064936,195,283
9,DIRECT_SENSOR,LONG_PULSE,64,0.2774981007951716,0.3110084635221373,0.888671875,0.8963235665025118,0.9484888744722622,2.2238095238095235,140,54
9,DIRECT_SENSOR,SUSTAINED_SWITCH,64,0.3840342671717165,0.39584800367801637,0.8782552083333334,0.8938548307591998,0.7078361927109306,2.1955881358225104,83,321
9,DIRECT_SENSOR,TRANSIENT_PULSE,64,0.25692483619093065,0.3311512925620642,0.9168294270833334,0.895960349228931,0.7066283753215948,2.516304347826087,279,82
9,GENERIC_RNN_1D,CLEAN_STABLE,64,0.15509700051838127,0.30945051342988944,0.9664713541666666,0.5786697834493344,,3.3675213675213675,0,52
9,GENERIC_RNN_1D,COMBINED_STRESS,64,0.6584881948232388,0.6784934782528774,0.7421875,0.48724527237596066,0.9609401069159798,3.6154632260101014,195,283
9,GENERIC_RNN_1D,LONG_PULSE,64,0.30522438522760353,0.4370361220086961,0.9005533854166665,0.5397515156337735,0.8389923673667303,3.292857142857143,140,54
9,GENERIC_RNN_1D,SUSTAINED_SWITCH,64,0.46100379725789387,0.5350055786197458,0.853515625,0.5211317425568769,0.6591618901608016,2.8463102002164504,83,321
9,GENERIC_RNN_1D,TRANSIENT_PULSE,64,0.2898957944951137,0.4409863345216156,0.9339192708333333,0.5215971165042069,0.6358711020063467,3.1992753623188404,279,82
9,GRU_8,CLEAN_STABLE,64,0.09669702529326496,0.15256373308610213,0.9716796875,0.8689152774971467,,2.735042735042735,0,52
9,GRU_8,COMBINED_STRESS,64,0.6464941743808135,0.5962492730898461,0.7449544270833334,0.8156100448543774,1.0285002758436284,3.135633116883117,195,283
9,GRU_8,LONG_PULSE,64,0.2806323191052839,0.3194712514092396,0.89208984375,0.8510812957599332,0.9255486626725978,2.5595238095238098,140,54
9,GRU_8,SUSTAINED_SWITCH,64,0.4030962169409724,0.41262781721950625,0.8673502604166667,0.8323582913550693,0.6910488662161854,2.467942257395382,83,321
9,GRU_8,TRANSIENT_PULSE,64,0.26360866866193855,0.34264699964478496,0.9225260416666667,0.8221510719685157,0.6910944358635669,2.739130434782609,279,82
9,NO_FEEDBACK_1D,CLEAN_STABLE,64,0.16536068334748338,0.32918825768365423,0.9669596354166666,0.5478386911621498,,3.3034188034188037,0,52
9,NO_FEEDBACK_1D,COMBINED_STRESS,64,0.6798051395157318,0.6964835312186632,0.73193359375,0.4579001525672764,0.9642045354662439,3.564091810966811,195,283
9,NO_FEEDBACK_1D,LONG_PULSE,64,0.3300697515124062,0.4622014457966509,0.8893229166666667,0.5099043955758892,0.8586465730692674,3.221428571428572,140,54
9,NO_FEEDBACK_1D,SUSTAINED_SWITCH,64,0.4763893861269394,0.5528506647986925,0.8505859375,0.49154375896178176,0.6559856068142518,2.9104290674603175,83,321
9,NO_FEEDBACK_1D,TRANSIENT_PULSE,64,0.3125006654990877,0.4668308392436984,0.931640625,0.48042175908169543,0.6536847715227264,3.1811594202898545,279,82
9,OUTPUT_SITE_1D,CLEAN_STABLE,64,0.14438075726463898,0.24224640637726225,0.9601236979166667,0.7076709650000961,,4.0598290598290605,0,52
9,OUTPUT_SITE_1D,COMBINED_STRESS,64,0.6849045260969477,0.6671465326813124,0.7345377604166667,0.5156077067765155,0.8975536019701441,4.006842983405483,195,283
9,OUTPUT_SITE_1D,LONG_PULSE,64,0.28678928694446965,0.3831506772829929,0.9052734375,0.6240199592767712,0.7380673722123613,3.74047619047619,140,54
9,OUTPUT_SITE_1D,SUSTAINED_SWITCH,64,0.49983088516783825,0.5162446040877551,0.83642578125,0.5885070718842313,0.5752225193004548,3.21153612012987,83,321
9,OUTPUT_SITE_1D,TRANSIENT_PULSE,64,0.272584272417346,0.38774356840519886,0.9295247395833333,0.5921426387599644,0.5338916279796053,3.751811594202899,279,82
9,SENSORY_SITE_1D,CLEAN_STABLE,64,0.15033762139734586,0.29436076891746177,0.9650065104166666,0.6054565956421862,,3.5790598290598292,0,52
9,SENSORY_SITE_1D,COMBINED_STRESS,64,0.6597611177153201,0.6728275478035286,0.7434895833333333,0.5000485024404269,0.9514484957949279,3.7256262400793654,195,283
9,SENSORY_SITE_1D,LONG_PULSE,64,0.29776210719965945,0.4233458560955648,0.9021809895833334,0.560454696839862,0.8210153596658132,3.3071428571428574,140,54
9,SENSORY_SITE_1D,SUSTAINED_SWITCH,64,0.4636774175411045,0.5274708263864152,0.8504231770833334,0.5395185102166181,0.6433931130965419,2.9113529265873015,83,321
9,SENSORY_SITE_1D,TRANSIENT_PULSE,64,0.28187968987596,0.42648111561080293,0.93310546875,0.5413447764426355,0.6149136654823498,3.3043478260869565,279,82
9,TARGET_ORACLE,CLEAN_STABLE,64,0.08543878092353115,0.11071955110677817,0.974609375,0.9744129892580182,,2.3333333333333335,0,52
9,TARGET_ORACLE,COMBINED_STRESS,64,0.3107857768044764,0.29188519170658134,0.90576171875,0.9840065638852042,0.07949090863473202,2.0896909947691196,195,283
9,TARGET_ORACLE,LONG_PULSE,64,0.08422495931901292,0.11069457958950993,0.9762369791666667,0.9751513815791251,0.04553426997121925,2.1476190476190475,140,54
9,TARGET_ORACLE,SUSTAINED_SWITCH,64,0.34178360890080317,0.3163443443562338,0.8974609375,0.9845822000292431,0.11108404157661037,2.0108506944444446,83,321
9,TARGET_ORACLE,TRANSIENT_PULSE,64,0.11657328008184795,0.1366416104564223,0.9658203125,0.975407296356386,0.059666619271907514,2.2119565217391304,279,82
10,DIRECT_SENSOR,CLEAN_STABLE,64,0.10972156011905228,0.15925153431359954,0.9694010416666667,0.8950031966555649,,2.3095238095238093,0,70
10,DIRECT_SENSOR,COMBINED_STRESS,64,0.6859989837825984,0.6096387002800536,0.7316080729166666,0.8960409223648786,1.0530135522433772,2.9476810515873018,221,291
10,DIRECT_SENSOR,LONG_PULSE,64,0.28760922935385036,0.31996828131903976,0.8839518229166666,0.8913427905555459,0.9735576602598537,2.9261904761904765,144,58
10,DIRECT_SENSOR,SUSTAINED_SWITCH,64,0.36706059164958066,0.38750400564628273,0.8829752604166666,0.8944395367492483,0.6915680207820243,2.146406239263382,102,312
10,DIRECT_SENSOR,TRANSIENT_PULSE,64,0.23694366653604326,0.31859767597699806,0.9249674479166666,0.8934817736156562,0.7145516808355076,2.4761904761904763,280,59
10,GENERIC_RNN_1D,CLEAN_STABLE,64,0.17799113774541037,0.3308511949846628,0.9601236979166666,0.5673473990766889,,3.1329365079365084,0,70
10,GENERIC_RNN_1D,COMBINED_STRESS,64,0.6957260621020103,0.6997730323090536,0.7286783854166667,0.4881952597234177,0.9833781325063471,3.3775545634920636,221,291
10,GENERIC_RNN_1D,LONG_PULSE,64,0.3204579279379649,0.45008314326943355,0.8922526041666667,0.5317277882662061,0.8789542131531815,3.7761904761904765,144,58
10,GENERIC_RNN_1D,SUSTAINED_SWITCH,64,0.43668929473505436,0.5256273510384423,0.8678385416666667,0.518265584501787,0.6577513315076079,2.686782793925651,102,312
10,GENERIC_RNN_1D,TRANSIENT_PULSE,64,0.273038423749037,0.43480985421999685,0.9459635416666667,0.5174805312560928,0.6636916395399054,3.142857142857143,280,59
10,GRU_8,CLEAN_STABLE,64,0.11856590031248566,0.17749333855140748,0.9645182291666666,0.8506122883223914,,2.740079365079365,0,70
10,GRU_8,COMBINED_STRESS,64,0.6916747198268786,0.6238050063186998,0.7320963541666667,0.8010517710605363,1.0348124532009104,3.0696924603174605,221,291
10,GRU_8,LONG_PULSE,64,0.29241084421570834,0.33490726986063635,0.8880208333333333,0.8273960551267043,0.9514045192315048,3.3071428571428574,144,58
10,GRU_8,SUSTAINED_SWITCH,64,0.38472088486706135,0.40914985476421367,0.8756510416666666,0.8149571030302134,0.6805329125878589,2.372646533360819,102,312
10,GRU_8,TRANSIENT_PULSE,64,0.24523302459463536,0.33625246120252444,0.9318033854166667,0.8044223310108984,0.7031813071617605,2.817460317460317,280,59
10,NO_FEEDBACK_1D,CLEAN_STABLE,64,0.18363502557387712,0.3480579146550748,0.9615885416666666,0.5373642835789809,,3.015873015873016,0,70
10,NO_FEEDBACK_1D,COMBINED_STRESS,64,0.7002337820641398,0.7100254138028959,0.7283528645833334,0.46758219027557346,0.9967330501519923,3.3101004464285713,221,291
10,NO_FEEDBACK_1D,LONG_PULSE,64,0.3377542750335544,0.47113956076891367,0.8865559895833333,0.5058675283808904,0.9123674176301815,3.5833333333333335,144,58
10,NO_FEEDBACK_1D,SUSTAINED_SWITCH,64,0.4419828842640089,0.5402666777974048,0.8688151041666667,0.49196642692529763,0.6907093253836469,2.642980828695114,102,312
10,NO_FEEDBACK_1D,TRANSIENT_PULSE,64,0.30062049941726954,0.46581958549603064,0.94091796875,0.4826538348051431,0.7099701872757643,3.0476190476190474,280,59
10,OUTPUT_SITE_1D,CLEAN_STABLE,64,0.17470347108330497,0.2659613726743567,0.9510091145833334,0.6971317837605956,,4.0019841269841265,0,70
10,OUTPUT_SITE_1D,COMBINED_STRESS,64,0.7114631730676331,0.6848781718333044,0.73046875,0.4968675796679872,0.9007526809296027,3.8013702876984126,221,291
10,OUTPUT_SITE_1D,LONG_PULSE,64,0.28775645493953755,0.38663475829464744,0.9121093750000001,0.6102102738449339,0.7456209035736331,4.069047619047619,144,58
10,OUTPUT_SITE_1D,SUSTAINED_SWITCH,64,0.4717415738695444,0.5041436306381589,0.8453776041666666,0.5761931197517449,0.5696190154586569,3.225439771868343,102,312
10,OUTPUT_SITE_1D,TRANSIENT_PULSE,64,0.2409249682703671,0.3688172836431013,0.9454752604166667,0.5923306503254884,0.5493173995074783,4.273809523809525,280,59
10,SENSORY_SITE_1D,CLEAN_STABLE,64,0.20286752710220218,0.37263924103669643,0.9580078125,0.5018725552792611,,3.402777777777778,0,70
10,SENSORY_SITE_1D,COMBINED_STRESS,64,0.7078983673387629,0.7221724265335752,0.7254231770833334,0.42172883075551837,0.9695479676355142,3.4400855654761906,221,291
10,SENSORY_SITE_1D,LONG_PULSE,64,0.34005973688965785,0.4838095949817832,0.8919270833333333,0.46586645997711584,0.8655934890914759,3.6523809523809523,144,58
10,SENSORY_SITE_1D,SUSTAINED_SWITCH,64,0.4608656776119882,0.5585470018125515,0.8603515625,0.45279546531590276,0.6518896149120417,2.840996701710987,102,312
10,SENSORY_SITE_1D,TRANSIENT_PULSE,64,0.2914867957152069,0.465107181899171,0.9461263020833333,0.45035530933168344,0.6578506496067633,3.5396825396825395,280,59
10,TARGET_ORACLE,CLEAN_STABLE,64,0.10431013970742314,0.12679579029146498,0.97021484375,0.9762700732364362,,2.234126984126984,0,70
10,TARGET_ORACLE,COMBINED_STRESS,64,0.3029299496580955,0.2859711873806722,0.9080403645833333,0.9832533221415205,0.0827855459300126,2.0629588293650793,221,291
10,TARGET_ORACLE,LONG_PULSE,64,0.09018532478310148,0.11531242546568878,0.9749348958333333,0.9748227395659432,0.04789353392445906,2.2095238095238092,144,58
10,TARGET_ORACLE,SUSTAINED_SWITCH,64,0.3245321629367423,0.30315960081512117,0.9000651041666666,0.9837548881636934,0.09068230544157148,2.077188552188552,102,312
10,TARGET_ORACLE,TRANSIENT_PULSE,64,0.0872943873763659,0.11206065135382441,0.9754231770833334,0.9726417281149002,0.059086713296394554,2.2023809523809526,280,59
11,DIRECT_SENSOR,CLEAN_STABLE,64,0.09363811270759417,0.14759241002840895,0.9752604166666667,0.8957961520552307,,2.3078703703703707,0,55
11,DIRECT_SENSOR,COMBINED_STRESS,64,0.656539085780306,0.5916120862517762,0.7478841145833333,0.8929109761215706,1.0539687656391858,2.839069264069264,170,295
11,DIRECT_SENSOR,LONG_PULSE,64,0.3142582461658565,0.33910151364330926,0.8743489583333333,0.8945747166871862,0.9860282574392794,2.6708333333333334,148,66
11,DIRECT_SENSOR,SUSTAINED_SWITCH,64,0.39140297405484276,0.40057425014476844,0.875,0.8939918754776249,0.7037868180901968,2.3594911702054557,95,314
11,DIRECT_SENSOR,TRANSIENT_PULSE,64,0.27237257722569874,0.35507913482032905,0.9085286458333334,0.8958584782390948,0.716138175611961,2.658095238095238,330,65
11,GENERIC_RNN_1D,CLEAN_STABLE,64,0.1805442767621188,0.35074221728076316,0.9646809895833333,0.5226917666260655,,3.643518518518518,0,55
11,GENERIC_RNN_1D,COMBINED_STRESS,64,0.6868581497467064,0.7037724761408413,0.7371419270833334,0.4290849657462581,0.937146823805449,3.4969764610389613,170,295
11,GENERIC_RNN_1D,LONG_PULSE,64,0.3614457894136765,0.49155556858550165,0.8828125,0.47720569208355545,0.8667523560746746,3.35,148,66
11,GENERIC_RNN_1D,SUSTAINED_SWITCH,64,0.4903167110365535,0.5679914531105055,0.8404947916666667,0.46339352511751286,0.6512528730494342,3.26449242996862,95,314
11,GENERIC_RNN_1D,TRANSIENT_PULSE,64,0.3061402147535027,0.47378046853847877,0.9371744791666665,0.4552080005836401,0.6263360595714756,3.505714285714286,330,65
11,GRU_8,CLEAN_STABLE,64,0.09787760555237192,0.15632509078910556,0.9734700520833333,0.8736653041750326,,2.513888888888889,0,55
11,GRU_8,COMBINED_STRESS,64,0.6610743130991115,0.5984285023248693,0.7472330729166666,0.8379916428762509,1.0432580084825456,2.941512784090909,170,295
11,GRU_8,LONG_PULSE,64,0.3189437557332009,0.3471113303264417,0.8759765625,0.8607361299867455,0.9806806009772352,2.658333333333333,148,66
11,GRU_8,SUSTAINED_SWITCH,64,0.40303546146041835,0.4118767090033202,0.86962890625,0.849883804041563,0.6979520667768493,2.4996352413019087,95,314
11,GRU_8,TRANSIENT_PULSE,64,0.27992042579161003,0.36497184651224757,0.9152018229166667,0.838510156000547,0.7124673581097224,2.8580952380952382,330,65
11,NO_FEEDBACK_1D,CLEAN_STABLE,64,0.1823364445549804,0.3678717304674611,0.9695638020833333,0.4904671425805983,,2.9166666666666665,0,55
11,NO_FEEDBACK_1D,COMBINED_STRESS,64,0.6730809464118289,0.7067090869534051,0.7381184895833334,0.4300421545003327,0.995279956197799,3.128598484848485,170,295
11,NO_FEEDBACK_1D,LONG_PULSE,64,0.3755444927390973,0.5116693983462426,0.8766276041666667,0.46305014964981406,0.9444721014302411,3.1375,148,66
11,NO_FEEDBACK_1D,SUSTAINED_SWITCH,64,0.4668570673462228,0.5698609127305683,0.8567708333333333,0.4511240433072115,0.7268606131128632,2.8835835681073774,95,314
11,NO_FEEDBACK_1D,TRANSIENT_PULSE,64,0.35051720088277655,0.5188347396901634,0.9296875,0.43638943256696233,0.7351836850150616,2.987619047619048,330,65
11,OUTPUT_SITE_1D,CLEAN_STABLE,64,0.15621097227091602,0.2471259742083305,0.9571940104166667,0.7134540292503766,,4.5,0,55
11,OUTPUT_SITE_1D,COMBINED_STRESS,64,0.69376915326605,0.6704620952982433,0.7462565104166667,0.48822171237458195,0.8490089215962208,3.924665178571429,170,295
11,OUTPUT_SITE_1D,LONG_PULSE,64,0.31494685090999014,0.4016173889197129,0.9034830729166666,0.6041231902655197,0.7321151759840511,4.4,148,66
11,OUTPUT_SITE_1D,SUSTAINED_SWITCH,64,0.5214637501442376,0.5294952172649534,0.8229166666666667,0.5676019963953812,0.5788345654261444,3.680337387480244,95,314
11,OUTPUT_SITE_1D,TRANSIENT_PULSE,64,0.25698642061043786,0.382073556653277,0.9405924479166665,0.58148172734161,0.5042873007030282,4.150952380952382,330,65
11,SENSORY_SITE_1D,CLEAN_STABLE,64,0.15969152378143414,0.3135208690277693,0.9669596354166667,0.5815784057971101,,3.349537037037037,0,55
11,SENSORY_SITE_1D,COMBINED_STRESS,64,0.6741362895697918,0.6828311112426302,0.74267578125,0.484725551272821,0.94571347088878,3.436218208874459,170,295
11,SENSORY_SITE_1D,LONG_PULSE,64,0.34247690646388435,0.4608963545093445,0.884765625,0.5350434664387116,0.8723856948388435,3.454166666666667,148,66
11,SENSORY_SITE_1D,SUSTAINED_SWITCH,64,0.4700989924527853,0.5390449999840825,0.8468424479166667,0.5202078840274474,0.6515119591633374,3.094070523832429,95,314
11,SENSORY_SITE_1D,TRANSIENT_PULSE,64,0.2904610772018811,0.4479860933286944,0.9386393229166667,0.51445229319741,0.6282082162563164,3.374761904761905,330,65
11,TARGET_ORACLE,CLEAN_STABLE,64,0.08857219646268014,0.11589520863538876,0.9763997395833333,0.9755462496298095,,2.162037037037037,0,55
11,TARGET_ORACLE,COMBINED_STRESS,64,0.31998437095118865,0.2986893161202223,0.9055989583333334,0.9846682914806701,0.07314325314439948,2.0194839015151516,170,295
11,TARGET_ORACLE,LONG_PULSE,64,0.09727233341605838,0.12108007310129665,0.9729817708333333,0.9758868917728442,0.0578009359669639,2.0791666666666666,148,66
11,TARGET_ORACLE,SUSTAINED_SWITCH,64,0.33718397750973894,0.3126079937354612,0.8984375,0.984163539000032,0.10940370023084783,2.078003962527772,95,314
11,TARGET_ORACLE,TRANSIENT_PULSE,64,0.093480336590847,0.11848138538820763,0.9723307291666667,0.9736561573094764,0.060885564373966417,2.1961904761904765,330,65
12,DIRECT_SENSOR,CLEAN_STABLE,64,0.09942499526033667,0.15026385294972,0.97216796875,0.893344057920436,,2.378861788617886,0,62
12,DIRECT_SENSOR,COMBINED_STRESS,64,0.6645352022672225,0.6005204409907048,0.7395833333333334,0.8955293527253501,1.0492044560300533,3.1359410430839008,193,293
12,DIRECT_SENSOR,LONG_PULSE,64,0.29765088808229334,0.32629699109256194,0.8810221354166666,0.8958896344563249,0.9837529641385208,2.3115079365079367,143,69
12,DIRECT_SENSOR,SUSTAINED_SWITCH,64,0.3625395714353534,0.3830609371854431,0.884765625,0.8903667204981369,0.7259970682842607,2.214833711262283,101,285
12,DIRECT_SENSOR,TRANSIENT_PULSE,64,0.2663913296398135,0.34522801673960635,0.9127604166666666,0.8940205705950128,0.7369390918771732,2.738095238095238,306,68
12,GENERIC_RNN_1D,CLEAN_STABLE,64,0.1843260235123595,0.34605765630284635,0.96044921875,0.5320521804220788,,3.521138211382114,0,62
12,GENERIC_RNN_1D,COMBINED_STRESS,64,0.6999386834822123,0.7114696344295369,0.7281901041666667,0.43244408782812244,0.9377559497566409,3.9352481733434113,193,293
12,GENERIC_RNN_1D,LONG_PULSE,64,0.33426587773490646,0.4700417822058114,0.8948567708333334,0.4886988476496144,0.8340107610677621,3.1865079365079367,143,69
12,GENERIC_RNN_1D,SUSTAINED_SWITCH,64,0.466096915937442,0.5483553849974024,0.8528645833333334,0.4727261095642883,0.6606175045856039,3.168461829176115,101,285
12,GENERIC_RNN_1D,TRANSIENT_PULSE,64,0.3012000723451522,0.463312977779258,0.93701171875,0.4685876751808043,0.6382885723594061,3.837301587301588,306,68
12,GRU_8,CLEAN_STABLE,64,0.10484983372775837,0.15924484460566127,0.9690755208333333,0.8690544769967763,,2.7373983739837398,0,62
12,GRU_8,COMBINED_STRESS,64,0.6734938098296974,0.6104873966639495,0.7399088541666667,0.8234900183972377,1.0333606617886748,3.1582829428067525,193,293
12,GRU_8,LONG_PULSE,64,0.29983936322087135,0.3334881861828478,0.8846028645833333,0.8520094017297323,0.960862274284942,2.5337301587301586,143,69
12,GRU_8,SUSTAINED_SWITCH,64,0.3773345127824155,0.3961517143290507,0.8777669270833334,0.8372639290416709,0.7101741585878447,2.4681027966742253,101,285
12,GRU_8,TRANSIENT_PULSE,64,0.2712450948587492,0.3542166535813607,0.9200846354166666,0.8243808773796666,0.7229330313260072,2.78968253968254,306,68
12,NO_FEEDBACK_1D,CLEAN_STABLE,64,0.15641266912580729,0.3001498693203971,0.9650065104166666,0.6044852401837754,,3.0723577235772357,0,62
12,NO_FEEDBACK_1D,COMBINED_STRESS,64,0.6972732628554368,0.6922360550679164,0.7220052083333333,0.512005059304658,0.9744460206438235,3.637408667170572,193,293
12,NO_FEEDBACK_1D,LONG_PULSE,64,0.3326553354106484,0.44468985366632785,0.8836263020833333,0.5651181839250197,0.8931287408820344,2.8293650793650795,143,69
12,NO_FEEDBACK_1D,SUSTAINED_SWITCH,64,0.4367036238366044,0.5121570016650214,0.8671875,0.5471313620780811,0.6821628530883425,2.811866969009827,101,285
12,NO_FEEDBACK_1D,TRANSIENT_PULSE,64,0.3060967888111254,0.45208617511717364,0.93310546875,0.530004625566358,0.6877493538453795,3.444444444444445,306,68
12,OUTPUT_SITE_1D,CLEAN_STABLE,64,0.14859498631348847,0.23444034344066206,0.9583333333333333,0.7309663095323531,,3.721138211382114,0,62
12,OUTPUT_SITE_1D,COMBINED_STRESS,64,0.689894192503322,0.6682485545974668,0.7369791666666666,0.5284947750288755,0.9079043795203908,3.950541698160745,193,293
12,OUTPUT_SITE_1D,LONG_PULSE,64,0.2922284823826668,0.37948003529259233,0.9064127604166667,0.6414181312021482,0.7730829095964906,3.396825396825397,143,69
12,OUTPUT_SITE_1D,SUSTAINED_SWITCH,64,0.46110001174253185,0.4885182898641081,0.8484700520833334,0.6072845509776236,0.6241658184000266,3.264550264550264,101,285
12,OUTPUT_SITE_1D,TRANSIENT_PULSE,64,0.26430849571224163,0.3829056421568045,0.9376627604166666,0.6117112860846088,0.5868200410957591,3.896825396825397,306,68
12,SENSORY_SITE_1D,CLEAN_STABLE,64,0.17951808646185863,0.3423976202725257,0.96240234375,0.535747459245207,,3.3211382113821144,0,62
12,SENSORY_SITE_1D,COMBINED_STRESS,64,0.695082941546399,0.7082665005309756,0.7252604166666667,0.44471675132714467,0.9537139429511325,3.819771982867221,193,293
12,SENSORY_SITE_1D,LONG_PULSE,64,0.3359171259824014,0.47009866859208194,0.8917643229166666,0.4963441725528319,0.8577654442880825,2.9543650793650795,143,69
12,SENSORY_SITE_1D,SUSTAINED_SWITCH,64,0.4555286080697746,0.5425842199040289,0.85888671875,0.48094412307075385,0.6743674916818438,2.9686507936507938,101,285
12,SENSORY_SITE_1D,TRANSIENT_PULSE,64,0.30543239503734954,0.46713289848869505,0.9373372395833333,0.4747359884863804,0.6610075672901998,3.5952380952380953,306,68
12,TARGET_ORACLE,CLEAN_STABLE,64,0.09434663558911102,0.11839616130431763,0.9729817708333334,0.973656946990974,,2.3008130081300817,0,62
12,TARGET_ORACLE,COMBINED_STRESS,64,0.3112558907653729,0.29226763954481605,0.9033203125,0.9833789536451978,0.07306516091386736,2.1145943562610228,193,293
12,TARGET_ORACLE,LONG_PULSE,64,0.10091753684393784,0.12455510727228139,0.9718424479166666,0.9749714516752354,0.051871290983863214,2.1984126984126986,143,69
12,TARGET_ORACLE,SUSTAINED_SWITCH,64,0.3137885413781747,0.29285342307978846,0.90673828125,0.9837693101117806,0.10862591967954265,2.06317082388511,101,285
12,TARGET_ORACLE,TRANSIENT_PULSE,64,0.1012667689244757,0.12483004758400303,0.9724934895833334,0.9756717023565815,0.06727970801536201,2.198412698412698,306,68
13,DIRECT_SENSOR,CLEAN_STABLE,64,0.09017026540439957,0.14553608941651439,0.97509765625,0.8929444760801759,,2.1581196581196584,0,59
13,DIRECT_SENSOR,COMBINED_STRESS,64,0.6675266357834226,0.6089722438802028,0.7306315104166667,0.893993766383881,1.0393750249064808,3.1011160714285713,201,308
13,DIRECT_SENSOR,LONG_PULSE,64,0.29123443561442075,0.3191431292084251,0.8836263020833334,0.8956042549901793,0.9881894449026462,2.6239316239316244,145,55
13,DIRECT_SENSOR,SUSTAINED_SWITCH,64,0.3612240792160427,0.3747567205008858,0.8878580729166666,0.8945108094755847,0.7168175852288305,2.1236205593348454,73,305
13,DIRECT_SENSOR,TRANSIENT_PULSE,64,0.27687076076227646,0.3532118690698146,0.9051106770833334,0.8965978822870575,0.726582928356106,3.3095238095238093,321,63
13,GENERIC_RNN_1D,CLEAN_STABLE,64,0.1922725739528195,0.3832852888898562,0.9680989583333333,0.4641126402471805,,2.9017094017094016,0,59
13,GENERIC_RNN_1D,COMBINED_STRESS,64,0.7014690410197375,0.7329147567008173,0.7224934895833333,0.3888461734075872,0.9643793857950156,3.4766555059523805,201,308
13,GENERIC_RNN_1D,LONG_PULSE,64,0.35221336246466695,0.5034607525047955,0.8899739583333333,0.434473735723424,0.9006223854848627,3.5128205128205128,145,55
13,GENERIC_RNN_1D,SUSTAINED_SWITCH,64,0.4616852245426848,0.5680250299410238,0.8621419270833334,0.42498547172076695,0.6988918036916067,2.7690035273368605,73,305
13,GENERIC_RNN_1D,TRANSIENT_PULSE,64,0.34208544991592754,0.5144377232467956,0.9283854166666667,0.4107342779744677,0.6944037205217468,4.23015873015873,321,63
13,GRU_8,CLEAN_STABLE,64,0.09648431833635562,0.15560854791450632,0.9715169270833333,0.8667799855759133,,2.5256410256410255,0,59
13,GRU_8,COMBINED_STRESS,64,0.6782625971086929,0.6211439631027815,0.7311197916666667,0.8019931951654937,1.0152773816350633,3.2041170634920637,201,308
13,GRU_8,LONG_PULSE,64,0.2943488839890708,0.32804985984410234,0.8878580729166666,0.8449657915284754,0.9612618760315118,3.008547008547009,145,55
13,GRU_8,SUSTAINED_SWITCH,64,0.3811326562746845,0.39117827079965417,0.8736979166666666,0.8340434873947167,0.6875922370760795,2.460859158478206,73,305
13,GRU_8,TRANSIENT_PULSE,64,0.28240174795168294,0.3644929533485737,0.9163411458333334,0.8096676626402188,0.7056241012846163,3.5634920634920633,321,63
13,NO_FEEDBACK_1D,CLEAN_STABLE,64,0.15438233347755642,0.32320390889148126,0.9705403645833333,0.5561078537516326,,2.611111111111111,0,59
13,NO_FEEDBACK_1D,COMBINED_STRESS,64,0.6832660738834135,0.7021476771463047,0.7278645833333333,0.4864802007122567,0.9932464490610251,3.287462797619048,201,308
13,NO_FEEDBACK_1D,LONG_PULSE,64,0.33281391496685264,0.46038307022483826,0.8865559895833334,0.5309895410361918,0.941707657261346,3.2478632478632474,145,55
13,NO_FEEDBACK_1D,SUSTAINED_SWITCH,64,0.42406691688994014,0.5190893602473043,0.86865234375,0.5203334806319667,0.7249690878034676,2.598664651045604,73,305
13,NO_FEEDBACK_1D,TRANSIENT_PULSE,64,0.3343816128831371,0.4881210608938744,0.9215494791666667,0.4990174841962165,0.7350524392135487,3.7023809523809526,321,63
13,OUTPUT_SITE_1D,CLEAN_STABLE,64,0.14262910505177218,0.2374603599549469,0.9617513020833333,0.7190428607928363,,3.576923076923077,0,59
13,OUTPUT_SITE_1D,COMBINED_STRESS,64,0.7139415368223714,0.6895710722154338,0.7262369791666666,0.4813772475661285,0.8714195747623427,3.8568452380952376,201,308
13,OUTPUT_SITE_1D,LONG_PULSE,64,0.2853817779378247,0.37725407618844287,0.9122721354166667,0.6228596778149829,0.7422902961829176,4.3076923076923075,145,55
13,OUTPUT_SITE_1D,SUSTAINED_SWITCH,64,0.4910266302285098,0.5040977877611752,0.8359375,0.5901870434485467,0.5862982818641537,3.387446460065508,73,305
13,OUTPUT_SITE_1D,TRANSIENT_PULSE,64,0.27225631465012934,0.39007933083046,0.9298502604166667,0.5822134931238103,0.5324502684408609,5.134920634920634,321,63
13,SENSORY_SITE_1D,CLEAN_STABLE,64,0.16549602592201557,0.3289603943449085,0.96630859375,0.5517827172194285,,3.085470085470085,0,59
13,SENSORY_SITE_1D,COMBINED_STRESS,64,0.7070656643822685,0.7152133066751201,0.7179361979166666,0.43731789288880796,0.9362335473589618,3.4242373511904765,201,308
13,SENSORY_SITE_1D,LONG_PULSE,64,0.32817840130413384,0.4590693223132334,0.8916015625,0.5065623832683938,0.8615065931940772,3.713675213675214,145,55
13,SENSORY_SITE_1D,SUSTAINED_SWITCH,64,0.461803496641896,0.5376578329733922,0.8538411458333333,0.4940457582078466,0.6490492897068039,2.995420760896952,73,305
13,SENSORY_SITE_1D,TRANSIENT_PULSE,64,0.31051441716208056,0.4673868230773574,0.9295247395833333,0.4738454523313399,0.6372635922692398,4.440476190476191,321,63
13,TARGET_ORACLE,CLEAN_STABLE,64,0.08517228974290535,0.11238783033529387,0.97509765625,0.9756744615662339,,2.1581196581196584,0,59
13,TARGET_ORACLE,COMBINED_STRESS,64,0.3450832599384884,0.31911892936905895,0.8946940104166667,0.9837828190916758,0.0821577815741876,2.1366071428571427,201,308
13,TARGET_ORACLE,LONG_PULSE,64,0.0877272155425228,0.1145922027791002,0.9739583333333333,0.9739274847370183,0.05978249468156072,2.3034188034188037,145,55
13,TARGET_ORACLE,SUSTAINED_SWITCH,64,0.32811129839973985,0.30556241245764443,0.90185546875,0.9848528546404326,0.121782076242266,2.0084278155706725,73,305
13,TARGET_ORACLE,TRANSIENT_PULSE,64,0.09742586200013184,0.12002774824051224,0.9708658854166666,0.9748521260650072,0.05646462299879307,2.25,321,63
14,DIRECT_SENSOR,CLEAN_STABLE,64,0.09649578102560076,0.14973833138405251,0.97412109375,0.8937160311502002,,2.4229166666666666,0,58
14,DIRECT_SENSOR,COMBINED_STRESS,64,0.6446251586820099,0.5820186953848557,0.7472330729166667,0.8961884333559671,1.0186448524289329,3.125115207373272,177,288
14,DIRECT_SENSOR,LONG_PULSE,64,0.29034383786272233,0.31989351483521844,0.8811848958333333,0.8945471590969435,0.9855371802649552,3.1166666666666667,146,46
14,DIRECT_SENSOR,SUSTAINED_SWITCH,64,0.37855913634848176,0.3971784649101361,0.8795572916666667,0.8945000230331076,0.6896895370176727,2.2660838293650793,95,315
14,DIRECT_SENSOR,TRANSIENT_PULSE,64,0.2605507464022841,0.3389354151006643,0.9161783854166667,0.893495339834539,0.7253932231774075,2.645,293,62
14,GENERIC_RNN_1D,CLEAN_STABLE,64,0.18174520042678227,0.34666951330124596,0.96484375,0.5324816004266426,,3.458333333333333,0,58
14,GENERIC_RNN_1D,COMBINED_STRESS,64,0.6789238236592603,0.695995222570275,0.7366536458333334,0.43888228701767695,0.9214444116202746,3.9086533538146444,177,288
14,GENERIC_RNN_1D,LONG_PULSE,64,0.32445893857297303,0.4648677283343723,0.8976236979166666,0.4915421515908248,0.8545887094503413,3.8555555555555556,146,46
14,GENERIC_RNN_1D,SUSTAINED_SWITCH,64,0.4762679915009561,0.5591311825361724,0.8502604166666667,0.47267970954310023,0.6386181562966894,3.040252976190476,95,315
14,GENERIC_RNN_1D,TRANSIENT_PULSE,64,0.29992241191428903,0.46347319631996226,0.9378255208333334,0.46956692253522797,0.6395018917131927,3.835,293,62
14,GRU_8,CLEAN_STABLE,64,0.10084676503209669,0.15533321213604268,0.9715169270833334,0.8785339777065788,,2.7145833333333336,0,58
14,GRU_8,COMBINED_STRESS,64,0.6502185427159948,0.5887489949348037,0.74560546875,0.8450518740262386,1.0079611490634328,3.1763504864311316,177,288
14,GRU_8,LONG_PULSE,64,0.2904371932079759,0.32340555406775096,0.88525390625,0.8663687906536266,0.9697405644302254,3.05,146,46
14,GRU_8,SUSTAINED_SWITCH,64,0.3906012257353866,0.40684337194776765,0.87060546875,0.8553473547465484,0.6809177166065155,2.4570188492063494,95,315
14,GRU_8,TRANSIENT_PULSE,64,0.2627082564228444,0.3436307850533685,0.9202473958333333,0.8477962489949613,0.7136992622591642,2.9375,293,62
14,NO_FEEDBACK_1D,CLEAN_STABLE,64,0.1749527301772642,0.34252226876344594,0.9674479166666666,0.5362671318430696,,3.18125,0,58
14,NO_FEEDBACK_1D,COMBINED_STRESS,64,0.6763423350885288,0.6935031754663328,0.7355143229166666,0.45860096151079716,0.9505035980166142,3.5347158218125965,177,288
14,NO_FEEDBACK_1D,LONG_PULSE,64,0.3362198811227624,0.47040334543400186,0.8873697916666667,0.5030320402624942,0.9019051547994539,3.588888888888889,146,46
14,NO_FEEDBACK_1D,SUSTAINED_SWITCH,64,0.46698367166125676,0.5552524898769207,0.8562825520833334,0.48442945044574415,0.6733637878782117,2.880220734126984,95,315
14,NO_FEEDBACK_1D,TRANSIENT_PULSE,64,0.318964741839466,0.4790964390940407,0.9339192708333333,0.4735573553267822,0.6916171244074352,3.459166666666667,293,62
14,OUTPUT_SITE_1D,CLEAN_STABLE,64,0.14559492626298037,0.24961266968599224,0.9640299479166667,0.7025007701845616,,3.545833333333333,0,58
14,OUTPUT_SITE_1D,COMBINED_STRESS,64,0.6735807843037922,0.6565962654158284,0.7389322916666666,0.540409653812685,0.8982610546775017,3.959306195596518,177,288
14,OUTPUT_SITE_1D,LONG_PULSE,64,0.29010897520131873,0.38784392279766544,0.9000651041666667,0.6308171458007636,0.8190337910107425,4.038888888888889,146,46
14,OUTPUT_SITE_1D,SUSTAINED_SWITCH,64,0.46678998567316776,0.5051475235646496,0.8486328125,0.595677514191095,0.5989211243441942,3.066071428571429,95,315
14,OUTPUT_SITE_1D,TRANSIENT_PULSE,64,0.2699205921519495,0.3969757077427924,0.9371744791666667,0.5953363856834445,0.6006858347168382,3.8683333333333336,293,62
14,SENSORY_SITE_1D,CLEAN_STABLE,64,0.17600401560639023,0.3384540627768047,0.9651692708333333,0.5449416405435981,,3.4083333333333328,0,58
14,SENSORY_SITE_1D,COMBINED_STRESS,64,0.6780172202960331,0.6918430510888053,0.7356770833333334,0.4563194312685249,0.9303747117968207,3.8513952892985146,177,288
14,SENSORY_SITE_1D,LONG_PULSE,64,0.3252351961903548,0.46095331273552986,0.89306640625,0.5063619433245246,0.8687115359905186,3.805555555555556,146,46
14,SENSORY_SITE_1D,SUSTAINED_SWITCH,64,0.47058502458056495,0.5522986077817981,0.8528645833333333,0.48787060175986807,0.6424714338793391,2.979185267857143,95,315
14,SENSORY_SITE_1D,TRANSIENT_PULSE,64,0.3003853436157504,0.4611011767537766,0.9371744791666667,0.48229037679843434,0.649008662836027,3.7424999999999997,293,62
14,TARGET_ORACLE,CLEAN_STABLE,64,0.0910557108648472,0.11632841579122062,0.9749348958333334,0.9765194577564791,,2.322916666666667,0,58
14,TARGET_ORACLE,COMBINED_STRESS,64,0.3174352535643799,0.29530604173603103,0.904296875,0.9847473026046677,0.07227615746534177,2.093964413722478,177,288
14,TARGET_ORACLE,LONG_PULSE,64,0.07641976918255397,0.10529003416445329,0.97900390625,0.975350724151981,0.047938155038873505,2.2,146,46
14,TARGET_ORACLE,SUSTAINED_SWITCH,64,0.33336560914502833,0.31078924218036263,0.8976236979166667,0.9842145397567961,0.09026070793521311,2.024751984126984,95,315
14,TARGET_ORACLE,TRANSIENT_PULSE,64,0.09441239425165021,0.11987094505181992,0.97412109375,0.9741160651155715,0.060665584337717224,2.1166666666666663,293,62
15,DIRECT_SENSOR,CLEAN_STABLE,64,0.100484719807053,0.15251063936329956,0.9728190104166665,0.8954337582667873,,2.3333333333333335,0,63
15,DIRECT_SENSOR,COMBINED_STRESS,64,0.6582957516821601,0.5954918527002064,0.7449544270833333,0.8946430181131815,1.0375876740018355,2.846484375,192,311
15,DIRECT_SENSOR,LONG_PULSE,64,0.3161208277152031,0.3418912167033751,0.8740234375,0.8932832058944896,0.961154914037554,2.6553030303030307,158,68
15,DIRECT_SENSOR,SUSTAINED_SWITCH,64,0.38078727236783627,0.3942524844115477,0.8815104166666666,0.8936200419753195,0.7081840443519468,2.208038576007326,91,312
15,DIRECT_SENSOR,TRANSIENT_PULSE,64,0.27067797637975055,0.35261610525449283,0.90869140625,0.8966018360866632,0.7431670816866787,2.4801587301587302,330,60
15,GENERIC_RNN_1D,CLEAN_STABLE,64,0.1919668157225924,0.3624369732167073,0.9619140625,0.5103605525124062,,3.371031746031746,0,63
15,GENERIC_RNN_1D,COMBINED_STRESS,64,0.7000759840487631,0.7162058668244148,0.7272135416666667,0.4201034045297062,0.9392037752098775,3.5301525297619047,192,311
15,GENERIC_RNN_1D,LONG_PULSE,64,0.3670174379968687,0.49945588058663404,0.8792317708333334,0.46621278472029426,0.844045663307888,3.833333333333333,158,68
15,GENERIC_RNN_1D,SUSTAINED_SWITCH,64,0.48296066952702243,0.5668431419339772,0.8523763020833333,0.4570589692120265,0.6465790782508621,3.076593501984127,91,312
15,GENERIC_RNN_1D,TRANSIENT_PULSE,64,0.3156075060727249,0.4849255603982335,0.9337565104166666,0.44294472395046935,0.667415702611656,3.688492063492064,330,60
15,GRU_8,CLEAN_STABLE,64,0.1051379987551174,0.16475410754598369,0.9697265625,0.8647016956525436,,2.5813492063492065,0,63
15,GRU_8,COMBINED_STRESS,64,0.6650397618167584,0.6047600924995038,0.7402343750000001,0.8363160961053631,1.0301611148239467,2.8591331845238095,192,311
15,GRU_8,LONG_PULSE,64,0.320754413317347,0.3517669625492026,0.8751627604166667,0.8529020150113757,0.952970658656781,2.651515151515152,158,68
15,GRU_8,SUSTAINED_SWITCH,64,0.3917535567723715,0.4071326020857195,0.8761393229166666,0.845139990167789,0.7034539722804766,2.3616018963675214,91,312
15,GRU_8,TRANSIENT_PULSE,64,0.2788313121671846,0.36520611752172716,0.9129231770833333,0.8310061597556644,0.7450986693179661,2.5714285714285716,330,60
15,NO_FEEDBACK_1D,CLEAN_STABLE,64,0.19065824207123394,0.37450215392402697,0.9654947916666667,0.48538923132169226,,3.007936507936508,0,63
15,NO_FEEDBACK_1D,COMBINED_STRESS,64,0.6804505576553139,0.7142572410284629,0.7332356770833334,0.42416542422950154,0.9869963418005389,3.2502604166666664,192,311
15,NO_FEEDBACK_1D,LONG_PULSE,64,0.37577481619691844,0.5140417907229574,0.87841796875,0.45629177994900144,0.9152667321682493,3.0568181818181817,158,68
15,NO_FEEDBACK_1D,SUSTAINED_SWITCH,64,0.46016137201481516,0.5676353811374213,0.86376953125,0.4470510469603043,0.7287589504379461,2.7187748015873017,91,312
15,NO_FEEDBACK_1D,TRANSIENT_PULSE,64,0.3504465398394972,0.5197059794238088,0.9254557291666666,0.43185746266353875,0.7614943207228201,3.081349206349207,330,60
15,OUTPUT_SITE_1D,CLEAN_STABLE,64,0.16530274050649718,0.2583843964085114,0.9549153645833333,0.7006843498727074,,4.089285714285714,0,63
15,OUTPUT_SITE_1D,COMBINED_STRESS,64,0.7001788847752812,0.6800655046647914,0.7366536458333334,0.4843135108023886,0.8613339469772903,3.905040922619048,192,311
15,OUTPUT_SITE_1D,LONG_PULSE,64,0.31817106636065906,0.4087467426081931,0.9033203125,0.5963973543535603,0.7203981253666958,4.651515151515151,158,68
15,OUTPUT_SITE_1D,SUSTAINED_SWITCH,64,0.5062969010752315,0.5233925649144926,0.8330078125,0.5702300376527012,0.578794442475838,3.4797685821123325,91,312
15,OUTPUT_SITE_1D,TRANSIENT_PULSE,64,0.26336280452468863,0.39422283021067483,0.9375,0.5694008820237609,0.556272204764351,4.301587301587302,330,60
15,SENSORY_SITE_1D,CLEAN_STABLE,64,0.1862467814292321,0.3551546007954206,0.9630533854166667,0.5208185929744222,,3.261904761904762,0,63
15,SENSORY_SITE_1D,COMBINED_STRESS,64,0.697913693642257,0.7124619084337382,0.7267252604166667,0.4354182915076412,0.9501417606030155,3.5440104166666666,192,311
15,SENSORY_SITE_1D,LONG_PULSE,64,0.3668221920113566,0.4959091474812011,0.876953125,0.4792890154096919,0.8593656487957888,3.5,158,68
15,SENSORY_SITE_1D,SUSTAINED_SWITCH,64,0.475850517790531,0.560392711212889,0.85693359375,0.4696479455258916,0.6564015603604881,2.9386771214896212,91,312
15,SENSORY_SITE_1D,TRANSIENT_PULSE,64,0.3192447982335975,0.48564185824794465,0.9313151041666667,0.45364295011807326,0.6838778604915037,3.555555555555556,330,60
15,TARGET_ORACLE,CLEAN_STABLE,64,0.09542758686577815,0.12043118388036572,0.9736328125,0.9756918916479158,,2.25,0,63
15,TARGET_ORACLE,COMBINED_STRESS,64,0.33326195632811406,0.31041819939696325,0.8995768229166667,0.9853170207405724,0.08806169952298978,2.058240327380952,192,311
15,TARGET_ORACLE,LONG_PULSE,64,0.10066660493285241,0.12322877236315932,0.97216796875,0.9749427126086736,0.04766343281662084,2.0681818181818183,158,68
15,TARGET_ORACLE,SUSTAINED_SWITCH,64,0.32947847318392653,0.3061798581073371,0.9016927083333334,0.9852272436071938,0.10442097418838077,2.0447220314407817,91,312
15,TARGET_ORACLE,TRANSIENT_PULSE,64,0.09131002854946228,0.11696773279965544,0.9744466145833333,0.9748523662028201,0.05980080491763182,2.130952380952381,330,60
16,DIRECT_SENSOR,CLEAN_STABLE,64,0.09585231883299555,0.14896182172978456,0.97265625,0.8933337662210926,,2.315315315315315,0,60
16,DIRECT_SENSOR,COMBINED_STRESS,64,0.6168676680932279,0.5741902969715511,0.7574869791666666,0.8935318538020611,1.0536988328032286,2.8712735615079366,185,300
16,DIRECT_SENSOR,LONG_PULSE,64,0.3322115341401909,0.35315333919895886,0.8642578125,0.8941755097547435,1.001263511794643,2.489583333333333,167,62
16,DIRECT_SENSOR,SUSTAINED_SWITCH,64,0.38948316619560763,0.4014295904643177,0.8761393229166666,0.8942869250531618,0.7288086898225785,2.1757423566017318,92,333
16,DIRECT_SENSOR,TRANSIENT_PULSE,64,0.2692238853169151,0.35397011785585164,0.91162109375,0.8949086272797921,0.739111109346086,2.099047619047619,353,56
16,GENERIC_RNN_1D,CLEAN_STABLE,64,0.17808551931551525,0.3476797989221817,0.9645182291666666,0.5247084618937389,,3.189189189189189,0,60
16,GENERIC_RNN_1D,COMBINED_STRESS,64,0.6550461702367382,0.688182302904939,0.7486979166666666,0.4395130209955195,0.9665833343227973,3.3301959325396826,185,300
16,GENERIC_RNN_1D,LONG_PULSE,64,0.3678414742569965,0.49660621106114416,0.8756510416666667,0.4816777448177196,0.8907915261498536,3.5041666666666673,167,62
16,GENERIC_RNN_1D,SUSTAINED_SWITCH,64,0.47879046023299143,0.5616302081108794,0.8484700520833334,0.47121069497419543,0.6900547551623591,2.8848129734848484,92,333
16,GENERIC_RNN_1D,TRANSIENT_PULSE,64,0.29905613496455674,0.47186588286893993,0.9444986979166666,0.4620413640219702,0.6611386692254104,3.0271428571428567,353,56
16,GRU_8,CLEAN_STABLE,64,0.0994729883471113,0.15438477079511398,0.9713541666666666,0.8771294723615132,,2.4707207207207205,0,60
16,GRU_8,COMBINED_STRESS,64,0.621767538376857,0.5788127724671692,0.755859375,0.8519953872000215,1.0443918109836152,2.841765873015873,185,300
16,GRU_8,LONG_PULSE,64,0.33339472616703686,0.3564405487694273,0.8650716145833334,0.8673516336918998,0.9908677403320301,2.8,167,62
16,GRU_8,SUSTAINED_SWITCH,64,0.3985824092604505,0.4077419349542879,0.8702799479166667,0.8624781437302956,0.7184109595602284,2.286598687770563,92,333
16,GRU_8,TRANSIENT_PULSE,64,0.26873531882424945,0.3559355840549756,0.91650390625,0.8543923138329049,0.7265426235786178,2.2276190476190476,353,56
16,NO_FEEDBACK_1D,CLEAN_STABLE,64,0.17331543099042607,0.34184896431870015,0.9656575520833333,0.5335694844066055,,3.054054054054054,0,60
16,NO_FEEDBACK_1D,COMBINED_STRESS,64,0.6604281431599706,0.6893897829601201,0.7420247395833333,0.45061725635253247,0.98533693304534,3.2896639384920636,185,300
16,NO_FEEDBACK_1D,LONG_PULSE,64,0.3811832285897757,0.5016543830613216,0.86328125,0.49272102178201105,0.922027986251432,3.3083333333333336,167,62
16,NO_FEEDBACK_1D,SUSTAINED_SWITCH,64,0.47752075660789906,0.5603242434742318,0.8492838541666667,0.4798061161101297,0.7105261725527348,2.797692325036075,92,333
16,NO_FEEDBACK_1D,TRANSIENT_PULSE,64,0.3270084206736587,0.49170482641883,0.9342447916666667,0.45870828996756197,0.7069426690040248,2.712857142857143,353,56
16,OUTPUT_SITE_1D,CLEAN_STABLE,64,0.14865834549260035,0.23812570409693498,0.958984375,0.7238928266417559,,3.8130630630630624,0,60
16,OUTPUT_SITE_1D,COMBINED_STRESS,64,0.6595143286934783,0.6515624212385471,0.7513020833333334,0.5124068641657301,0.9015103647500207,3.704327876984127,185,300
16,OUTPUT_SITE_1D,LONG_PULSE,64,0.3214297788722954,0.4065772472361478,0.8902994791666667,0.6162088541330758,0.780059886832996,4.060416666666667,167,62
16,OUTPUT_SITE_1D,SUSTAINED_SWITCH,64,0.49713220638684025,0.5130751599896637,0.83447265625,0.5885629698357399,0.612960848621752,3.2504565746753245,92,333
16,OUTPUT_SITE_1D,TRANSIENT_PULSE,64,0.24905545562161244,0.38166719761293655,0.9469401041666666,0.5863562480456672,0.5569006308030487,3.716190476190476,353,56
16,SENSORY_SITE_1D,CLEAN_STABLE,64,0.16793003485135935,0.3259370920740613,0.9638671874999999,0.5607529050865399,,3.27027027027027,0,60
16,SENSORY_SITE_1D,COMBINED_STRESS,64,0.6569936602619334,0.6804818115011434,0.74609375,0.4631313918460365,0.9629895397206056,3.3862723214285713,185,300
16,SENSORY_SITE_1D,LONG_PULSE,64,0.36209026922000676,0.48162583847182344,0.8748372395833334,0.511150237477949,0.8838464670922265,3.491666666666667,167,62
16,SENSORY_SITE_1D,SUSTAINED_SWITCH,64,0.4774857246242816,0.5496382019894479,0.8478190104166667,0.498885054715135,0.6765882584807218,2.8994149080086578,92,333
16,SENSORY_SITE_1D,TRANSIENT_PULSE,64,0.29036532523154857,0.45662422963628535,0.943359375,0.48680763147808354,0.6490238128197952,3.0928571428571425,353,56
16,TARGET_ORACLE,CLEAN_STABLE,64,0.09075049519190106,0.11595808072935179,0.9733072916666666,0.9749270668989329,,2.277027027027027,0,60
16,TARGET_ORACLE,COMBINED_STRESS,64,0.33032304398863166,0.307344263958233,0.8992513020833333,0.9845143126004132,0.08143704148962737,2.125669642857143,185,300
16,TARGET_ORACLE,LONG_PULSE,64,0.09416656554216364,0.11853923690645729,0.9718424479166667,0.9753215170014511,0.0529892227778632,2.325,167,62
16,TARGET_ORACLE,SUSTAINED_SWITCH,64,0.3433234972111774,0.318714198347152,0.896484375,0.9836847294759516,0.11661753095344761,2.0563041125541126,92,333
16,TARGET_ORACLE,TRANSIENT_PULSE,64,0.08526865549676646,0.11156430139569315,0.9778645833333333,0.9729096820441416,0.06007155766487671,2.1585714285714284,353,56
17,DIRECT_SENSOR,CLEAN_STABLE,64,0.09322695801445098,0.14438517940157425,0.9739583333333333,0.8984824605883054,,2.3846153846153846,0,54
17,DIRECT_SENSOR,COMBINED_STRESS,64,0.6385616686371971,0.5883007829381519,0.74853515625,0.8926689942839161,1.0315492089456564,2.9536281179138317,197,292
17,DIRECT_SENSOR,LONG_PULSE,64,0.31297869479799123,0.34261569149631066,0.8719075520833333,0.8955973531746371,0.9820875910322191,2.5526315789473686,162,60
17,DIRECT_SENSOR,SUSTAINED_SWITCH,64,0.36595132777183603,0.38215950091849094,0.8855794270833333,0.8956989857255645,0.7037337865363952,2.1611678004535144,85,308
17,DIRECT_SENSOR,TRANSIENT_PULSE,64,0.2439573830729825,0.3270403451649931,0.9220377604166667,0.8948672073008017,0.7225689170722445,2.662280701754386,302,54
17,GENERIC_RNN_1D,CLEAN_STABLE,64,0.1980463706145561,0.38246665540321345,0.9661458333333333,0.46861722080915097,,3.29059829059829,0,54
17,GENERIC_RNN_1D,COMBINED_STRESS,64,0.6752189402026532,0.7150889930556765,0.7376302083333333,0.3885750241970696,0.9370701884980502,3.3903250188964478,197,292
17,GENERIC_RNN_1D,LONG_PULSE,64,0.3744469257324048,0.5205097952957658,0.8795572916666666,0.43082928873885556,0.8807800418018616,3.473684210526316,162,60
17,GENERIC_RNN_1D,SUSTAINED_SWITCH,64,0.474167189006488,0.5759676307427105,0.8564453125,0.4229874744358021,0.6869875745812654,2.928155706727135,85,308
17,GENERIC_RNN_1D,TRANSIENT_PULSE,64,0.30930070037475693,0.4902075022672866,0.9444986979166667,0.4138976328590912,0.6732061707808457,3.679824561403508,302,54
17,GRU_8,CLEAN_STABLE,64,0.0999207688805514,0.15877365536817223,0.97119140625,0.8622504027536687,,2.7051282051282053,0,54
17,GRU_8,COMBINED_STRESS,64,0.6432259761765888,0.5989065997005827,0.7472330729166667,0.813233027189048,1.016343166183007,3.0329743008314436,197,292
17,GRU_8,LONG_PULSE,64,0.31523556938640457,0.3527908323043599,0.8759765625,0.8449568677501008,0.961521209003109,2.7719298245614037,162,60
17,GRU_8,SUSTAINED_SWITCH,64,0.38425243963364675,0.40138858968498015,0.8736979166666667,0.8335216279356572,0.7063987088117655,2.406916099773243,85,308
17,GRU_8,TRANSIENT_PULSE,64,0.2536559652896277,0.3432857727613007,0.92529296875,0.8163558541188497,0.7189731821487705,2.837719298245614,302,54
17,NO_FEEDBACK_1D,CLEAN_STABLE,64,0.1620158557559152,0.33039243113843264,0.9690755208333333,0.545295728048304,,2.97008547008547,0,54
17,NO_FEEDBACK_1D,COMBINED_STRESS,64,0.6527175617123477,0.6857110297759673,0.7454427083333333,0.4776522613463916,0.9784277595377412,3.219331065759637,197,292
17,NO_FEEDBACK_1D,LONG_PULSE,64,0.3569736161390097,0.4859569318244894,0.87744140625,0.5140413467367316,0.9328561524139897,3.100877192982456,162,60
17,NO_FEEDBACK_1D,SUSTAINED_SWITCH,64,0.43330013858238436,0.5318822588027252,0.8658854166666666,0.5058170534329673,0.7260258897341475,2.662093726379441,85,308
17,NO_FEEDBACK_1D,TRANSIENT_PULSE,64,0.30631027551640017,0.47116732845507175,0.9373372395833334,0.4919528566745403,0.7308213903643306,3.3157894736842106,302,54
17,OUTPUT_SITE_1D,CLEAN_STABLE,64,0.16907393382996966,0.26753331297653676,0.955078125,0.6769323344558991,,4.585470085470086,0,54
17,OUTPUT_SITE_1D,COMBINED_STRESS,64,0.6762735796754753,0.6770614228031526,0.7491861979166666,0.4410906447927506,0.8185904913050065,4.2735260770975065,197,292
17,OUTPUT_SITE_1D,LONG_PULSE,64,0.30477769686552264,0.4137819222261214,0.9166666666666667,0.563480380389793,0.704726790142648,4.548245614035088,162,60
17,OUTPUT_SITE_1D,SUSTAINED_SWITCH,64,0.5122825452212474,0.5344317506502,0.8255208333333334,0.5377179011729222,0.5903795459523179,3.7188586545729403,85,308
17,OUTPUT_SITE_1D,TRANSIENT_PULSE,64,0.2382371975047916,0.37440861503989237,0.94580078125,0.560015842861158,0.5121751039043709,4.842105263157894,302,54
17,SENSORY_SITE_1D,CLEAN_STABLE,64,0.1805447329708369,0.3485049468301634,0.9638671875,0.5227178259133606,,3.508547008547008,0,54
17,SENSORY_SITE_1D,COMBINED_STRESS,64,0.670585263702522,0.6992935819796966,0.74072265625,0.42508120549601786,0.9208439065753379,3.5237906273620556,197,292
17,SENSORY_SITE_1D,LONG_PULSE,64,0.35758383237268454,0.49325515587152796,0.88232421875,0.47546390724639387,0.8621767584250271,3.526315789473684,162,60
17,SENSORY_SITE_1D,SUSTAINED_SWITCH,64,0.46789987004930006,0.5542119567465946,0.85302734375,0.4675633563163416,0.6585081099612177,3.0435122197026963,85,308
17,SENSORY_SITE_1D,TRANSIENT_PULSE,64,0.28547216247137813,0.4578717056073126,0.94482421875,0.458780800226679,0.6401373707168554,3.7324561403508767,302,54
17,TARGET_ORACLE,CLEAN_STABLE,64,0.08826779357705047,0.11438716066898043,0.9749348958333333,0.9733743203297266,,2.3205128205128207,0,54
17,TARGET_ORACLE,COMBINED_STRESS,64,0.3190017628520887,0.2984434675417387,0.9044596354166667,0.9830919735519543,0.07634366754451388,2.0441798941798943,197,292
17,TARGET_ORACLE,LONG_PULSE,64,0.0891727443417603,0.1157398061710258,0.9742838541666667,0.9750141403607933,0.05214568537041649,2.1096491228070176,162,60
17,TARGET_ORACLE,SUSTAINED_SWITCH,64,0.32494449636675005,0.30482088637878785,0.9034830729166666,0.9838608600925426,0.11620053605701186,2.015129755605946,85,308
17,TARGET_ORACLE,TRANSIENT_PULSE,64,0.08283189929324641,0.11015717108215976,0.9765625,0.9745216736569506,0.062198495074203865,2.245614035087719,302,54
18,DIRECT_SENSOR,CLEAN_STABLE,64,0.08857930633336322,0.14177201699305425,0.9752604166666666,0.8943884820859418,,2.4684684684684686,0,50
18,DIRECT_SENSOR,COMBINED_STRESS,64,0.654024998269542,0.589289650343839,0.7472330729166666,0.8940763836319969,1.0635419369341634,2.7343709200852055,196,290
18,DIRECT_SENSOR,LONG_PULSE,64,0.2993652296977024,0.32764923935965606,0.8805338541666666,0.894817453981648,0.9806319175555256,2.6239316239316244,155,58
18,DIRECT_SENSOR,SUSTAINED_SWITCH,64,0.3664018993844016,0.382948124463276,0.88134765625,0.8957327769834666,0.7122372531019454,2.315761408730159,89,294
18,DIRECT_SENSOR,TRANSIENT_PULSE,64,0.2740937410801275,0.3471728719953463,0.9088541666666666,0.8968327598703068,0.7443635389297826,2.795175438596491,299,63
18,GENERIC_RNN_1D,CLEAN_STABLE,64,0.1999112434527342,0.39094351663996935,0.9679361979166667,0.4515798420187149,,3.3018018018018016,0,50
18,GENERIC_RNN_1D,COMBINED_STRESS,64,0.6876649896027565,0.7223066987046233,0.7340494791666666,0.3804413954350522,0.9751303638452196,3.3321050642479215,196,290
18,GENERIC_RNN_1D,LONG_PULSE,64,0.36512429781538336,0.517426246182545,0.8904622395833333,0.4168937763914289,0.8798981608198363,3.3675213675213675,155,58
18,GENERIC_RNN_1D,SUSTAINED_SWITCH,64,0.4767844477885217,0.5824968572097452,0.8548177083333333,0.4076271616779344,0.6808331712972471,3.0793650793650795,89,294
18,GENERIC_RNN_1D,TRANSIENT_PULSE,64,0.34156446918824757,0.5161098060697793,0.9309895833333333,0.398429459449149,0.699110144324083,3.639912280701754,299,63
18,GRU_8,CLEAN_STABLE,64,0.09895528141068821,0.1646759027757554,0.9718424479166666,0.8425977951120136,,2.873873873873874,0,50
18,GRU_8,COMBINED_STRESS,64,0.6689709176998793,0.6107949070264075,0.7410481770833334,0.771565981475095,1.0299388396306128,2.9596182917611498,196,290
18,GRU_8,LONG_PULSE,64,0.3086104550241634,0.34793350362856046,0.88427734375,0.8145637437878174,0.948071910540269,3.0726495726495724,155,58
18,GRU_8,SUSTAINED_SWITCH,64,0.400200784587496,0.41530661187917184,0.8645833333333333,0.7991075633506873,0.6979995570852985,2.7179315476190475,89,294
18,GRU_8,TRANSIENT_PULSE,64,0.2958594299229926,0.3764913302334788,0.9122721354166667,0.7764688559599842,0.7354724834750413,3.167543859649123,299,63
18,NO_FEEDBACK_1D,CLEAN_STABLE,64,0.15906881011283552,0.3338751295136291,0.97119140625,0.5345605818846241,,2.963963963963964,0,50
18,NO_FEEDBACK_1D,COMBINED_STRESS,64,0.6637077678286095,0.6898928113234319,0.7390950520833333,0.47941572127317233,1.0180435367286162,2.993877551020408,196,290
18,NO_FEEDBACK_1D,LONG_PULSE,64,0.34584993464960545,0.4783212973559591,0.8836263020833333,0.5102867699203786,0.9429831321073028,3.1153846153846154,155,58
18,NO_FEEDBACK_1D,SUSTAINED_SWITCH,64,0.4296538143019416,0.533439651194809,0.8670247395833334,0.5001207496168903,0.7362572771136179,2.7259734623015874,89,294
18,NO_FEEDBACK_1D,TRANSIENT_PULSE,64,0.33657308785962714,0.4933020784124563,0.9231770833333334,0.48910292335092137,0.7628771563954669,3.2903508771929824,299,63
18,OUTPUT_SITE_1D,CLEAN_STABLE,64,0.14460438303682144,0.23657830395248897,0.9609375,0.7186517091190827,,4.193693693693693,0,50
18,OUTPUT_SITE_1D,COMBINED_STRESS,64,0.6844218144385341,0.6641874063737797,0.74365234375,0.5043993885595713,0.908012506869219,3.7520253555967837,196,290
18,OUTPUT_SITE_1D,LONG_PULSE,64,0.2907512105735338,0.3853715166331497,0.9122721354166667,0.6166982803776129,0.7473170234095197,4.393162393162393,155,58
18,OUTPUT_SITE_1D,SUSTAINED_SWITCH,64,0.48034610480252593,0.5037852679986063,0.8367513020833333,0.5833768284461966,0.5871781304956544,3.5200210813492063,89,294
18,OUTPUT_SITE_1D,TRANSIENT_PULSE,64,0.264159743720029,0.3848241668175483,0.9339192708333333,0.5929353124380774,0.5655225309094948,4.423245614035087,299,63
18,SENSORY_SITE_1D,CLEAN_STABLE,64,0.18745434111664,0.35880234114259696,0.962890625,0.5050868406076686,,3.9009009009009006,0,50
18,SENSORY_SITE_1D,COMBINED_STRESS,64,0.6853431034455599,0.7064100957199457,0.7431640625,0.40489534248493975,0.9394232170193946,3.7051638837353122,196,290
18,SENSORY_SITE_1D,LONG_PULSE,64,0.3279539739379187,0.47594615547002894,0.9095052083333333,0.45719052363735635,0.7967826561103458,4.132478632478633,155,58
18,SENSORY_SITE_1D,SUSTAINED_SWITCH,64,0.48492973133661454,0.5672933349419012,0.8406575520833334,0.4423893298632563,0.631996860497598,3.4487785218253966,89,294
18,SENSORY_SITE_1D,TRANSIENT_PULSE,64,0.3017126321349394,0.46910980235136057,0.9337565104166666,0.44552922763352476,0.6232560648368738,4.412280701754386,299,63
18,TARGET_ORACLE,CLEAN_STABLE,64,0.0836900211263337,0.11002272877153985,0.97607421875,0.9743800645112233,,2.3783783783783785,0,50
18,TARGET_ORACLE,COMBINED_STRESS,64,0.313578532947662,0.29351631375540893,0.9073893229166667,0.9836562725065546,0.09102194618508032,2.0302429052429054,196,290
18,TARGET_ORACLE,LONG_PULSE,64,0.09064197617088038,0.11664745700563373,0.974609375,0.9752114920129272,0.06506174887824463,2.1752136752136755,155,58
18,TARGET_ORACLE,SUSTAINED_SWITCH,64,0.31934632985577166,0.2985566409722911,0.90234375,0.9830705939312179,0.11064999408027097,2.102046130952381,89,294
18,TARGET_ORACLE,TRANSIENT_PULSE,64,0.09025928042331609,0.11550748277630993,0.9749348958333334,0.9747657146038162,0.05943567497517345,2.174561403508772,299,63
19,DIRECT_SENSOR,CLEAN_STABLE,64,0.10151407184569565,0.15384378650205596,0.9708658854166666,0.8957854489824909,,2.3829365079365084,0,63
19,DIRECT_SENSOR,COMBINED_STRESS,64,0.6676208933336676,0.6063448639661875,0.732421875,0.896562687766565,1.0526557282240891,2.801839254220207,209,300
19,DIRECT_SENSOR,LONG_PULSE,64,0.3114901211980443,0.33551404733379303,0.873046875,0.898834295125776,0.9727525982696125,2.5,163,57
19,DIRECT_SENSOR,SUSTAINED_SWITCH,64,0.372993765945692,0.3856853165734636,0.8824869791666667,0.895535150027186,0.6913134154736972,2.3592013888888888,83,301
19,DIRECT_SENSOR,TRANSIENT_PULSE,64,0.25360324188815647,0.33235239956656437,0.9143880208333333,0.8952328249787842,0.7201444821915055,2.8648648648648645,297,57
19,GENERIC_RNN_1D,CLEAN_STABLE,64,0.2019233689676698,0.37546229337561476,0.9588216145833333,0.49409966315287207,,3.5992063492063497,0,63
19,GENERIC_RNN_1D,COMBINED_STRESS,64,0.6933539023046623,0.7203507766361447,0.7316080729166666,0.40081900053705416,0.9405493320858904,3.543002015621063,209,300
19,GENERIC_RNN_1D,LONG_PULSE,64,0.3612454725155099,0.49996175770830575,0.8836263020833333,0.4528779822998749,0.8636318434487703,3.047008547008547,163,57
19,GENERIC_RNN_1D,SUSTAINED_SWITCH,64,0.48003034015703555,0.5683727127828048,0.84765625,0.4427733058345173,0.6217977463064128,3.2723817415223664,83,301
19,GENERIC_RNN_1D,TRANSIENT_PULSE,64,0.3001168669974399,0.4727712798145044,0.9383138020833333,0.4380064531218567,0.6338649902881519,4.162162162162162,297,57
19,GRU_8,CLEAN_STABLE,64,0.11168393788021298,0.16983913500234377,0.9664713541666667,0.8583193490786537,,2.7837301587301586,0,63
19,GRU_8,COMBINED_STRESS,64,0.6725857262004713,0.6192473569275276,0.7335611979166667,0.7948401713219191,1.0237629789659117,2.929333585285966,209,300
19,GRU_8,LONG_PULSE,64,0.31293833430256995,0.3465299946972446,0.8782552083333333,0.8341843486942002,0.9413386125092533,2.4017094017094016,163,57
19,GRU_8,SUSTAINED_SWITCH,64,0.39417726122892377,0.4067240789272084,0.87060546875,0.8206659745835374,0.6611604397734581,2.7446248196248195,83,301
19,GRU_8,TRANSIENT_PULSE,64,0.2535670622647014,0.3414389774367663,0.9270833333333334,0.8084355245304313,0.6880105673114364,3.189189189189189,297,57
19,NO_FEEDBACK_1D,CLEAN_STABLE,64,0.39172281923123503,0.6095745740594178,0.9674479166666667,0.19212229075165493,,2.7361111111111107,0,63
19,NO_FEEDBACK_1D,COMBINED_STRESS,64,0.739467716903392,0.8208406389760102,0.7314453124999999,0.1755109321829431,1.0099315170053063,2.967844545225498,209,300
19,NO_FEEDBACK_1D,LONG_PULSE,64,0.5242332189487906,0.6921217067694793,0.8761393229166666,0.18650094699746825,0.9726936415984987,2.4273504273504276,163,57
19,NO_FEEDBACK_1D,SUSTAINED_SWITCH,64,0.5726504064020399,0.7214193395717825,0.8702799479166666,0.1823118637624407,0.8392638430278815,2.693285533910534,83,301
19,NO_FEEDBACK_1D,TRANSIENT_PULSE,64,0.509355225476018,0.6909829295395913,0.92578125,0.17852376111329604,0.8546350302664196,3.036036036036036,297,57
19,OUTPUT_SITE_1D,CLEAN_STABLE,64,0.17238934929686933,0.27472510481138573,0.95361328125,0.6754449754439056,,4.138888888888888,0,63
19,OUTPUT_SITE_1D,COMBINED_STRESS,64,0.6952813396464679,0.6880337585584251,0.7320963541666667,0.46173466039780203,0.8692434673151006,3.774118165784832,209,300
19,OUTPUT_SITE_1D,LONG_PULSE,64,0.31902243072423064,0.4154832203800585,0.896484375,0.5798872200701628,0.7637472699398185,3.576923076923077,163,57
19,OUTPUT_SITE_1D,SUSTAINED_SWITCH,64,0.5016899237764235,0.5243551837385887,0.83203125,0.5558499324647274,0.5351594337794948,3.6663617198773446,83,301
19,OUTPUT_SITE_1D,TRANSIENT_PULSE,64,0.25934711585212716,0.38940776907577873,0.9363606770833333,0.5622665421065272,0.5319979046731569,4.797297297297297,297,57
19,SENSORY_SITE_1D,CLEAN_STABLE,64,0.20528414682371465,0.38750725751812354,0.9611002604166667,0.47266146632490474,,3.3273809523809526,0,63
19,SENSORY_SITE_1D,COMBINED_STRESS,64,0.6919661184372945,0.7250896298382152,0.728515625,0.39693754619925814,0.9655215902371006,3.3692617787855887,209,300
19,SENSORY_SITE_1D,LONG_PULSE,64,0.37117317682461926,0.5131654671150206,0.8782552083333334,0.43957244073666746,0.8936595389124813,2.8846153846153846,163,57
19,SENSORY_SITE_1D,SUSTAINED_SWITCH,64,0.47224780081939954,0.5726201133393936,0.8551432291666666,0.4306689139384271,0.6569396595457628,3.100891166125541,83,301
19,SENSORY_SITE_1D,TRANSIENT_PULSE,64,0.3153472794890614,0.49132843645953034,0.9378255208333333,0.42382756324082493,0.6740789261290385,3.9279279279279273,297,57
19,TARGET_ORACLE,CLEAN_STABLE,64,0.09645595420898097,0.12165315110369099,0.97265625,0.9762522767105452,,2.1865079365079367,0,63
19,TARGET_ORACLE,COMBINED_STRESS,64,0.3200220841498721,0.29961129722865276,0.9034830729166665,0.9837430949881779,0.08385409010221873,2.065469891660368,209,300
19,TARGET_ORACLE,LONG_PULSE,64,0.08636210390413007,0.11272637654654716,0.9755859375,0.9744081819348307,0.06752957350290856,2.1709401709401708,163,57
19,TARGET_ORACLE,SUSTAINED_SWITCH,64,0.32260860290596893,0.3014304508030735,0.90283203125,0.9850695981897064,0.0920790491019984,2.101810515873016,83,301
19,TARGET_ORACLE,TRANSIENT_PULSE,64,0.08910417323915232,0.11494341922404772,0.9747721354166666,0.9748642757771407,0.06119631520640999,2.0990990990990994,297,57
