training_seed,arm,parameter_count,updates,batch_size,sequence_steps_per_fit,training_seconds,initial_loss,final_10_update_loss,parameters_json
920000,LTC_SENSORY_SITE,114,120,8,122880,5.863614709,0.4766421318054199,0.4055738911032677,"{""w_rec"":[0.07429521530866623,0.014515120536088943,0.006882145069539547,0.019984170794487,0.011155216954648495,0.0449514202773571,-0.018765758723020554,-0.03495432436466217,0.0185793936252594,0.07741540670394897,0.08568953722715378,-0.00012684520334005356,-0.05538950860500336,-0.025318972766399384,0.024151645600795746,0.01696592941880226,0.01239294558763504,0.047091539949178696,0.095145583152771,0.04292428120970726,-0.015372220426797867,0.015644971281290054,-0.08158273249864578,-0.05660686269402504,-0.03971872851252556,0.05992842838168144,-0.011102763004601002,0.20761460065841675,0.04844493791460991,0.010893023572862148,-0.04322097450494766,-0.041382450610399246,-0.034631822258234024,0.048740118741989136,-0.01041199266910553,0.0415998212993145,0.20246478915214539,0.05822731927037239,-0.06295789033174515,-0.07940411567687988,0.02833912894129753,0.021962277591228485,0.12175212800502777,-0.013859287835657597,-0.08271186053752899,0.11089582741260529,-0.010724764317274094,0.0019116341136395931,-0.015983691439032555,-0.030541669577360153,0.06441093981266022,0.02601466327905655,-0.058704692870378494,0.019837308675050735,0.15258432924747467,0.028850426897406578,0.02478494495153427,-0.01779407076537609,0.05513959750533104,-0.07376698404550552,-0.04756710305809975,-0.03237343207001686,0.01980777643620968,0.15843306481838226],""w_temp"":[-0.21780633926391602,0.2327747344970703,0.2300594002008438,0.25665512681007385,-0.04816806688904762,-0.20091840624809265,0.24220238626003265,-0.040810223668813705],""w_vis"":[-0.0547274686396122,0.135872021317482,-0.1549883782863617,0.2782958149909973,0.08062400668859482,-0.03876594081521034,0.15572097897529602,-0.006736429408192635],""bias"":[-0.8147556185722351,-0.7577428817749023,-0.8431391716003418,-0.8452285528182983,-0.8499965071678162,-0.7739249467849731,-0.7509231567382812,-0.7476802468299866],""raw_tau"":[0.18785643577575684,0.24594202637672424,0.16011084616184235,0.15906628966331482,0.1532798558473587,0.22792841494083405,0.2528635859489441,0.2547946870326996],""reversal"":[-0.04054712504148483,-0.08526040613651276,-0.009299099445343018,-0.06114470586180687,-0.00763065367937088,-0.07768269628286362,0.1298985332250595,0.142869770526886],""readout"":[0.12340249866247177,0.1929195076227188,0.06635940819978714,0.03923114389181137,-0.09667108207941055,0.09955736249685287,-0.13537026941776276,-0.2782372236251831],""readout_bias"":[-0.05895061045885086],""beta"":[0.20536547899246216],""sensory_mask"":[1.0,1.0,1.0,1.0,0.0,0.0,0.0,0.0]}"
920000,LTC_OUTPUT_SITE,114,120,8,122880,4.933780624999999,0.47351688146591187,0.40757929980754853,"{""w_rec"":[0.13318178057670593,0.06723154336214066,-0.008714614436030388,0.028425337746739388,0.01739717647433281,0.06737016886472702,-0.06411656737327576,0.019137082621455193,0.06584979593753815,0.17709985375404358,-0.005783427506685257,0.02139849029481411,0.015314178541302681,0.05183142051100731,-0.06321848928928375,0.012943355366587639,0.07848291844129562,0.04787319153547287,0.1475524753332138,-0.03360280394554138,-0.02267700806260109,0.044382885098457336,-0.07664085179567337,0.06704788655042648,0.014833856374025345,0.03444282338023186,-0.011943133547902107,0.16308347880840302,0.029512476176023483,0.08095329254865646,-0.03663145378232002,0.050123028457164764,0.02775212936103344,0.05611029639840126,-0.04815108701586723,0.011861452832818031,0.054141681641340256,0.1013905256986618,-0.06404446065425873,0.12890447676181793,0.026649881154298782,-0.025201864540576935,0.05967888608574867,-0.04143466055393219,-0.024573400616645813,0.08795080333948135,0.04014835134148598,-0.025493130087852478,0.010002896189689636,0.03440229222178459,-0.052460748702287674,-0.004908683709800243,0.05123021453619003,0.022885436192154884,0.06280353665351868,0.06740154325962067,0.008614391088485718,-0.059828948229551315,0.012509917840361595,-0.056950829923152924,-0.0366009846329689,-0.07651063799858093,0.02071109041571617,0.09548228979110718],""w_temp"":[0.016058936715126038,-0.027300043031573296,0.031179632991552353,-0.16276323795318604,0.13681641221046448,0.3786523640155792,0.16023068130016327,0.2983546257019043],""w_vis"":[-0.12841100990772247,-0.033415019512176514,0.013275614008307457,-0.04311412572860718,-0.07003144174814224,0.1182081550359726,-0.14001363515853882,-0.019186049699783325],""bias"":[-0.8731098175048828,-0.8504692316055298,-0.8388286232948303,-0.8397589325904846,-0.8939194083213806,-0.75893634557724,-0.8511019349098206,-0.7639188170433044],""raw_tau"":[0.1301814168691635,0.15300877392292023,0.16410739719867706,0.16315245628356934,0.10909447073936462,0.24505425989627838,0.15234994888305664,0.23923678696155548],""reversal"":[-0.01811058633029461,-0.02166173979640007,-0.026728108525276184,0.028346195816993713,-0.026767460629343987,-0.3009755611419678,0.053539350628852844,-0.3082779347896576],""readout"":[-0.01689067669212818,-0.13713444769382477,0.08600640296936035,-0.16875791549682617,0.015465408563613892,0.11332899332046509,0.14335624873638153,0.09031295776367188],""readout_bias"":[-0.049576930701732635],""beta"":[0.23502494394779205],""sensory_mask"":[0.0,0.0,0.0,0.0,0.0,0.0,0.0,0.0]}"
920000,LTC_NO_FEEDBACK,114,120,8,122880,4.857092417000002,0.48419100046157837,0.40626650750637056,"{""w_rec"":[0.13432469964027405,0.06698917597532272,-0.03458516672253609,-0.039626047015190125,-0.06866195797920227,-0.02861766517162323,-0.06413358449935913,0.005513195879757404,-0.06013914570212364,0.053728748112916946,0.0011047502048313618,-0.007626855745911598,-0.009977834299206734,0.04314726963639259,0.05151800438761711,0.03995420038700104,0.05158108472824097,0.013097706250846386,0.10268136113882065,-0.020773395895957947,-0.08491752296686172,-0.04229617863893509,-0.039073068648576736,-0.05022621154785156,0.02403419092297554,0.03728105500340462,-0.028332265093922615,0.11339735984802246,-0.04757792502641678,0.012476294301450253,0.032536137849092484,-0.0545327253639698,-0.10038235783576965,-0.03495180606842041,0.012168214656412601,0.11465135216712952,0.10530958324670792,0.06243588402867317,0.03347058221697807,0.04387877881526947,-0.030889157205820084,0.01865498162806034,0.029149873182177544,0.03726533055305481,-0.0548769049346447,0.16661010682582855,0.03110324777662754,-0.07219985127449036,-0.01688256487250328,-0.06002282723784447,0.06480259448289871,0.012871633283793926,0.06897828727960587,-0.03347313031554222,0.17226970195770264,0.03861118108034134,-0.0216210950165987,-0.041348278522491455,0.06822782009840012,0.049061525613069534,-0.0015350452158600092,0.042233116924762726,0.01062243152409792,0.15700827538967133],""w_temp"":[0.26209020614624023,-0.07813258469104767,0.2979765832424164,0.40533512830734253,-0.1400325447320938,0.10070039331912994,0.0832887813448906,0.010473441332578659],""w_vis"":[-0.04332190379500389,-0.04090932011604309,0.1824837327003479,0.0799567922949791,-0.04924524202942848,-0.03847447782754898,-0.15736351907253265,-0.03206626698374748],""bias"":[-0.7605966925621033,-0.8439040780067444,-0.7682167291641235,-0.7842662930488586,-0.8429819941520691,-0.8156169056892395,-0.8412769436836243,-0.8356976509094238],""raw_tau"":[0.2424045354127884,0.15972119569778442,0.2358093559741974,0.21958447992801666,0.16063392162322998,0.18705691397190094,0.16232258081436157,0.1676529198884964],""reversal"":[0.2825639545917511,0.12414120882749557,-0.10493454337120056,-0.06935513764619827,0.011642039753496647,-0.0745236873626709,-0.05807919800281525,0.011950858868658543],""readout"":[-0.44296011328697205,0.020803039893507957,0.22041986882686615,0.14200009405612946,-0.13543321192264557,0.045676473528146744,-0.015560765750706196,-0.04255107790231705],""readout_bias"":[-0.04270774871110916],""beta"":[0.25],""sensory_mask"":[0.0,0.0,0.0,0.0,0.0,0.0,0.0,0.0]}"
920000,LTC_DENSE_FEEDBACK,114,120,8,122880,5.897986124999999,0.47491317987442017,0.40579171627759936,"{""w_rec"":[0.09531884640455246,-0.038291897624731064,0.037696145474910736,0.043468330055475235,-0.027758527547121048,-0.06990866363048553,-0.0603991262614727,-0.062171369791030884,0.04373903572559357,0.17562009394168854,-0.0400373749434948,-0.01572360284626484,0.04185197874903679,0.058790188282728195,0.06103617325425148,0.02571888454258442,0.06169046461582184,0.022998839616775513,0.15452010929584503,-0.02744705229997635,0.038787778466939926,0.05378491058945656,0.00752719072625041,0.004578221123665571,-0.027218690142035484,-0.046109557151794434,0.07629712671041489,0.11034352332353592,-0.04181121662259102,-0.017135120928287506,-0.03921528905630112,-0.033875469118356705,-0.03597595915198326,-0.03881661966443062,0.04979131370782852,0.043537456542253494,0.09185009449720383,-0.05236190930008888,-0.045495763421058655,-0.06798473745584488,0.019696881994605064,-0.0008968310430645943,0.03574739396572113,0.06688044965267181,-0.056663092225790024,0.11807166785001755,-0.011936381459236145,-0.07410100847482681,0.007361693307757378,0.011366428807377815,-0.014984756708145142,0.0459090955555439,-0.009765028022229671,0.007157985586673021,0.11252190917730331,0.03867219388484955,0.04807516559958458,0.0038352860137820244,0.011833135038614273,-0.03139699995517731,0.06558243930339813,0.018604973331093788,-0.01817210763692856,0.1738743633031845],""w_temp"":[-0.16284848749637604,0.21635234355926514,0.32968929409980774,0.17835329473018646,-0.07935308665037155,-0.20643827319145203,0.15397688746452332,0.36536455154418945],""w_vis"":[-0.11469897627830505,0.07347498089075089,0.11127587407827377,-0.004471829626709223,0.048693154007196426,0.044471658766269684,0.16270822286605835,0.1320316344499588],""bias"":[-0.8338250517845154,-0.7423012256622314,-0.7875540852546692,-0.8301854133605957,-0.8570820689201355,-0.8352675437927246,-0.7814131379127502,-0.756664514541626],""raw_tau"":[0.16975830495357513,0.2610677480697632,0.21636515855789185,0.17272073030471802,0.14634421467781067,0.16827955842018127,0.22210508584976196,0.24738247692584991],""reversal"":[-0.011091571301221848,0.21163247525691986,-0.06627696007490158,-0.05564815551042557,0.09853186458349228,-0.015988439321517944,0.29157909750938416,0.08739674091339111],""readout"":[0.01990172453224659,-0.23838432133197784,0.08936767280101776,0.02981765754520893,0.11699854582548141,0.032465264201164246,-0.06974045932292938,-0.16865386068820953],""readout_bias"":[-0.06029442697763443],""beta"":[0.21007835865020752],""sensory_mask"":[1.0,1.0,1.0,1.0,1.0,1.0,1.0,1.0]}"
920000,LTC_SENSORY_YOKED,114,120,8,122880,5.950523125,0.4673703908920288,0.4058400958776474,"{""w_rec"":[0.20498110353946686,0.06323419511318207,0.016288526356220245,0.06904667615890503,0.057293571531772614,0.03751058876514435,0.014525729231536388,-0.03794123977422714,-0.049272745847702026,0.06810919940471649,-0.004631679970771074,-0.07299863547086716,-0.050134651362895966,-0.07944374531507492,-0.042893968522548676,0.05280326306819916,-0.022365465760231018,0.00980121735483408,0.1177300289273262,-0.01186179369688034,0.0078119514510035515,0.03059503436088562,-0.023424003273248672,0.010157909244298935,-0.1057223230600357,-0.060543302446603775,0.0218494925647974,0.09126454591751099,-0.04131989926099777,-0.04006590694189072,-0.07396581768989563,0.06803164631128311,-0.0866081565618515,-0.0657423809170723,0.01935221254825592,-0.051068730652332306,0.034803517162799835,-0.09324502944946289,-0.03323538228869438,0.03527984768152237,0.07149378955364227,0.06938579678535461,0.009458932094275951,0.10718633234500885,0.08547119051218033,0.14694644510746002,0.05018019676208496,-0.06007327139377594,0.030201254412531853,0.057115718722343445,0.011602645739912987,0.026592673733830452,0.024543089792132378,-0.009163075126707554,0.07359568029642105,0.04020232334733009,0.032583195716142654,0.06036989018321037,0.012129454873502254,0.031973883509635925,0.04714374989271164,0.033231332898139954,-0.012757085263729095,0.10744789242744446],""w_temp"":[0.016776587814092636,0.19875982403755188,0.2924373149871826,-0.39604154229164124,-0.12801186740398407,-0.0466204471886158,0.0038010566495358944,0.10181409865617752],""w_vis"":[0.1559731513261795,-0.16601873934268951,0.12679655849933624,-0.13745330274105072,0.012728874571621418,0.07439035922288895,0.19181452691555023,-0.06503694504499435],""bias"":[-0.7362787127494812,-0.8522794842720032,-0.8020790815353394,-0.8459914326667786,-0.8685563802719116,-0.7331115007400513,-0.7725130915641785,-0.7570769786834717],""raw_tau"":[0.2668336033821106,0.1510414034128189,0.20153088867664337,0.1579028218984604,0.13501988351345062,0.2695634067058563,0.23058448731899261,0.24537618458271027],""reversal"":[0.14925259351730347,0.030921611934900284,-0.06626389920711517,0.06909570097923279,0.2619898319244385,0.16216957569122314,0.07637174427509308,-0.09082912653684616],""readout"":[-0.13329625129699707,0.016056736931204796,0.13853779435157776,-0.01543361134827137,0.16462181508541107,-0.1920160949230194,-0.09155040234327316,0.0991215631365776],""readout_bias"":[-0.07189987599849701],""beta"":[0.21841686964035034],""sensory_mask"":[1.0,1.0,1.0,1.0,0.0,0.0,0.0,0.0]}"
920000,GRU_4,113,120,8,122880,1.732188916000002,0.434160053730011,0.4142135292291641,"{""cell.weight_ih"":[-0.028904028236865997,0.019988292828202248,-0.3667147159576416,0.5660150647163391,0.45715048909187317,-0.321117103099823,-0.2145971953868866,-0.08155801892280579,-0.21661606431007385,0.20694023370742798,-0.2610465884208679,0.49046629667282104,0.1871953159570694,0.2062198966741562,-0.4115299880504608,-0.3593946397304535,-0.1516081541776657,0.2649828791618347,0.30894753336906433,0.183954656124115,-0.4322234094142914,0.20423415303230286,-0.6065689325332642,0.09736096858978271,-0.2616332471370697,-0.10522379726171494,0.041238393634557724,-0.15023519098758698,-0.08959069848060608,0.397659569978714,-0.22860784828662872,-0.2601558268070221,-0.2963825464248657,0.18789492547512054,0.3739122748374939,0.41501688957214355],""cell.weight_hh"":[-0.35688847303390503,-0.11131065338850021,-0.12267572432756424,0.03969985991716385,-0.37487801909446716,0.004176315385848284,-0.38785332441329956,-0.022974893450737,0.08522090315818787,0.3809013068675995,-0.4003179669380188,-0.16404442489147186,-0.06834384053945541,-0.05928352102637291,0.12704524397850037,0.5074803233146667,-0.28608864545822144,-0.23145602643489838,-0.26684653759002686,0.29636576771736145,0.3592149615287781,0.06002632901072502,0.1451890766620636,-0.35026487708091736,-0.4762568175792694,-0.46889781951904297,-0.05181116983294487,0.09177771210670471,-0.24254882335662842,-0.5578851103782654,-0.09551527351140976,0.2882382273674011,0.16967470943927765,-0.43556180596351624,0.19678421318531036,-0.022130770608782768,-0.13254684209823608,0.155144602060318,-0.17344003915786743,0.42723745107650757,0.45979270339012146,-0.4634172320365906,0.3998011350631714,-0.10334538668394089,0.23468926548957825,0.3982173502445221,-0.3938031792640686,0.1752166748046875],""cell.bias_ih"":[6.586819654330611e-05,-0.15681859850883484,-0.24598808586597443,0.4574812650680542,-0.39914393424987793,0.2372855544090271,-0.5753476023674011,0.2700553238391876,-0.03002793900668621,0.33475998044013977,0.0011416836641728878,0.40664735436439514],""cell.bias_hh"":[0.27389439940452576,-0.15806594491004944,0.30144861340522766,0.23068490624427795,-0.2790154218673706,-0.18962949514389038,-0.2646324932575226,0.01535249687731266,0.37045449018478394,-0.14652927219867706,0.30959150195121765,0.1740129292011261],""readout.weight"":[-0.10169168561697006,-0.37911736965179443,0.25113633275032043,-0.06569596379995346],""readout.bias"":[0.10250519961118698]}"
920000,GRU_8,321,120,8,122880,1.7438280830000004,0.5472269654273987,0.41553658694028855,"{""cell.weight_ih"":[-0.15837085247039795,0.00629343930631876,0.21947026252746582,-0.1917008012533188,-0.009905943647027016,0.28413334488868713,0.4115694761276245,0.2325999140739441,0.07563544064760208,-0.22082701325416565,0.08617419749498367,0.020833253860473633,0.24691806733608246,0.23166465759277344,0.009362377226352692,0.03510795906186104,-0.2698577344417572,0.18706972897052765,-0.37807178497314453,-0.3257722854614258,-0.17801791429519653,-0.10783480852842331,-0.30200865864753723,-0.12500981986522675,-0.18439623713493347,-0.10975618660449982,0.32374653220176697,-0.028687499463558197,0.19578607380390167,-0.26665058732032776,-0.13322676718235016,0.3314179480075836,0.18594546616077423,0.325040727853775,0.2552938461303711,-0.31276458501815796,-0.32187584042549133,0.4667992889881134,-0.379184752702713,0.2914074659347534,0.15701641142368317,0.08623185008764267,0.02317935600876808,0.18357089161872864,-0.3463834524154663,-0.06792619824409485,-0.11287862807512283,-0.0005591739900410175,-0.2525818943977356,-0.08107628673315048,-0.1699891835451126,0.33401528000831604,-0.2362801879644394,0.10650045424699783,0.09074868261814117,0.17569077014923096,-0.18259106576442719,-0.05180783197283745,0.20407119393348694,-0.4377756118774414,0.2556841969490051,0.026220906525850296,-0.3253428041934967,-0.033970389515161514,0.04518546909093857,-0.30505818128585815,-0.13222262263298035,0.07496072351932526,0.2794620990753174,0.2418937236070633,-0.10217844694852829,-0.05951956659555435],""cell.weight_hh"":[0.13623446226119995,-0.11533322185277939,-0.3516216576099396,0.06968919932842255,0.13789206743240356,0.04602664336562157,-0.3157585561275482,0.20023807883262634,-0.028233656659722328,-0.036837294697761536,-0.06734833866357803,-0.17498548328876495,0.09255318343639374,0.1375948190689087,-0.06052574887871742,-0.1752983182668686,-0.259337842464447,0.3605968952178955,-0.2201164960861206,0.31649208068847656,0.16810205578804016,0.09611400216817856,0.07927745580673218,-0.32246455550193787,-0.12770624458789825,0.3499807119369507,-0.35961979627609253,-0.32068726420402527,-0.35366660356521606,0.2759169638156891,0.23378536105155945,0.29423996806144714,-0.09561359882354736,0.31466615200042725,-0.3191257417201996,-0.4129209816455841,0.1282208114862442,0.2502950429916382,0.2128698080778122,-0.29948630928993225,-0.24755612015724182,-0.04829782247543335,-0.16807956993579865,0.030630210414528847,-0.18607211112976074,-0.10469865798950195,0.2794966995716095,-0.23322007060050964,0.2587807774543762,0.04903509095311165,-0.02994587831199169,-0.3508957028388977,-0.006261036265641451,-0.043816111981868744,0.15983247756958008,0.09671235829591751,0.3034132719039917,0.4087000787258148,0.22523067891597748,0.21727925539016724,-0.06525857746601105,0.15743090212345123,-0.18673434853553772,-0.06686390936374664,-0.3577091693878174,0.14182980358600616,-0.09031210839748383,-0.0988755002617836,-0.10785284638404846,0.2227085828781128,-0.3243890702724457,0.2426147609949112,-0.07481905817985535,-0.062405847012996674,0.19771313667297363,-0.1327698528766632,-0.10221671313047409,0.21624162793159485,-0.2146357148885727,0.24494962394237518,-0.25255095958709717,0.0022180441301316023,-0.10683152079582214,-0.1486228108406067,-0.22806645929813385,0.5204507112503052,0.1934208869934082,-0.17201223969459534,0.24844029545783997,0.2374776303768158,0.26131704449653625,0.15602701902389526,0.0022470811381936073,-0.2046687752008438,-0.26258227229118347,-0.3049522638320923,-0.12762945890426636,0.031339120119810104,0.6030016541481018,0.4563082158565521,0.17294228076934814,0.6960631608963013,0.06106919050216675,0.11399675160646439,-0.27881279587745667,0.28860676288604736,0.0957769900560379,0.26854047179222107,0.05137103423476219,0.21985399723052979,0.025032760575413704,-0.21299484372138977,0.12495460361242294,-0.2993456721305847,-0.010457951575517654,0.33712345361709595,0.210985004901886,-0.2762412130832672,0.20069903135299683,0.07102665305137634,0.29749593138694763,0.25707852840423584,-0.12339136749505997,0.3216973841190338,-0.054426807910203934,0.10926856845617294,-0.31535202264785767,0.15566955506801605,-0.22367219626903534,-0.008141663856804371,-0.2593371272087097,0.08147561550140381,0.31004974246025085,-0.22980552911758423,-0.14688654243946075,0.3706991970539093,-0.16455702483654022,0.05658826604485512,-0.10567200928926468,-0.22187039256095886,-0.23509137332439423,0.15509960055351257,-0.25658831000328064,-0.2646685838699341,-0.039689239114522934,-0.20969505608081818,-0.044047847390174866,0.31569626927375793,-0.17676407098770142,-0.12444739043712616,-0.008313219994306564,0.15867505967617035,0.2764952480792999,-0.19671636819839478,0.15818703174591064,0.14906610548496246,-0.09653256088495255,0.1625114530324936,0.33485347032546997,0.006221502088010311,-0.0033721441868692636,0.3356257975101471,-0.0472877211868763,-0.3704012930393219,0.31490862369537354,0.32570698857307434,-0.1774248480796814,-0.12466379255056381,-0.23009176552295685,-0.16108843684196472,0.06478549540042877,0.1968584656715393,-0.26227453351020813,-0.2642899453639984,0.2972288429737091,0.11669404059648514,0.09961368143558502,-0.09712160378694534,0.06041979044675827,0.31308847665786743,-0.3239104747772217,-0.04875033348798752,-0.33641499280929565,0.18647171556949615,0.09171534329652786,0.3696923851966858,-0.07549574226140976,-0.09165901690721512,0.2309887856245041,-0.11403491348028183,-0.08416901528835297,-0.1687219887971878],""cell.bias_ih"":[0.22705413401126862,-0.07895732671022415,-0.07190927863121033,-0.047509945929050446,-0.027854006737470627,-0.23035919666290283,0.025426805019378662,-0.34524619579315186,-0.32778847217559814,0.26552605628967285,0.3918575346469879,-0.052219003438949585,-0.06945018470287323,-0.13314779102802277,0.25994905829429626,-0.23255224525928497,-0.13727405667304993,-0.1531600058078766,0.29221224784851074,-0.21651753783226013,0.22392039000988007,-0.07035046070814133,0.2660631835460663,0.11371542513370514],""cell.bias_hh"":[0.044482387602329254,-0.19678166508674622,-0.1757606863975525,-0.3006782829761505,0.12445531040430069,-0.13803359866142273,0.3338043987751007,0.23844704031944275,-0.18952970206737518,0.06778167933225632,0.03403935581445694,-0.25643444061279297,0.2567085921764374,0.22626662254333496,0.30510982871055603,0.02355176769196987,0.10265880078077316,0.36999350786209106,-0.33038246631622314,0.3253149390220642,0.2304249405860901,0.3356419503688812,-0.03185385465621948,0.17853958904743195],""readout.weight"":[0.09919237345457077,0.06208067759871483,0.15753652155399323,0.15129223465919495,0.11542501300573349,0.09564610570669174,-0.19873841106891632,-0.26669272780418396],""readout.bias"":[-0.10279913246631622]}"
920001,LTC_SENSORY_SITE,114,120,8,122880,5.838225958000002,0.16684013605117798,0.31204057931900026,"{""w_rec"":[0.19047100841999054,-0.07306057214736938,0.13283276557922363,-0.11708006262779236,-0.06313487887382507,-0.09624041616916656,0.05973318591713905,0.08474690467119217,0.09055298566818237,0.043594881892204285,0.08056352287530899,-0.03532510995864868,-0.037007249891757965,-0.08404867351055145,0.05147970840334892,0.05686057731509209,-0.0652591660618782,0.021487418562173843,0.10128629207611084,0.05639779940247536,0.07311051338911057,0.01921931281685829,-0.11007677018642426,-0.07882855832576752,-0.06439351290464401,0.03929687291383743,-0.039440423250198364,0.17595812678337097,0.10937196761369705,-0.017635513097047806,-0.05816638469696045,-0.11873764544725418,0.07780792564153671,-0.09205293655395508,0.10438447445631027,-0.11544185876846313,0.07194611430168152,-0.09931996464729309,0.020160898566246033,0.04535769298672676,-0.04700984060764313,0.05082884058356285,-0.016382966190576553,0.06702449172735214,0.056867871433496475,0.14944851398468018,-0.02110982872545719,-0.10516229271888733,0.041086290031671524,-0.06439407169818878,0.05982199311256409,-0.07138673216104507,-0.04550503194332123,-0.04223056882619858,0.24533265829086304,0.01041233167052269,0.0839991569519043,-0.08058192580938339,0.11456883698701859,-0.14158746600151062,-0.08102213591337204,-0.09260710328817368,0.03662402182817459,0.13377107679843903],""w_temp"":[0.17616550624370575,-0.0010782461613416672,0.47088325023651123,0.5400727391242981,-0.11693572998046875,0.31548213958740234,-0.10995930433273315,-0.07253548502922058],""w_vis"":[0.18823371827602386,0.027776634320616722,-0.08574074506759644,-0.01543411798775196,-0.21403944492340088,0.21379423141479492,0.010122979059815407,0.02477375604212284],""bias"":[-0.875271201133728,-0.8677173256874084,-0.7537159323692322,-0.7511587142944336,-0.8654869198799133,-0.7542140483856201,-0.8581314086914062,-0.8827592730522156],""raw_tau"":[0.1277575045824051,0.13533246517181396,0.25177255272865295,0.25558120012283325,0.13828934729099274,0.25091126561164856,0.14539633691310883,0.12038309872150421],""reversal"":[-0.0264152679592371,0.04560546576976776,-0.06898276507854462,0.07135838270187378,0.03522583842277527,0.1782647669315338,-0.004176821559667587,-0.0010707927867770195],""readout"":[-0.0032609549816697836,-0.0220126174390316,-0.1069604828953743,0.18020182847976685,-0.05399065092206001,0.14694863557815552,0.004822591319680214,0.057805709540843964],""readout_bias"":[0.050297386944293976],""beta"":[0.2605924904346466],""sensory_mask"":[1.0,1.0,1.0,1.0,0.0,0.0,0.0,0.0]}"
920001,LTC_OUTPUT_SITE,114,120,8,122880,4.98798025,0.17211364209651947,0.31240374594926834,"{""w_rec"":[0.18213321268558502,-0.021407701075077057,-0.06078004091978073,-0.03734256327152252,0.026171013712882996,-0.03567833453416824,0.060509487986564636,0.018820155411958694,-0.05830448493361473,0.10601436346769333,0.042267948389053345,0.009229455143213272,-0.06135284900665283,0.04837557673454285,-0.057282719761133194,-0.015347696840763092,-0.07420891523361206,-0.05756762623786926,0.14028994739055634,0.03393404930830002,-0.08407560735940933,0.06480654329061508,-0.06054191291332245,-0.047352444380521774,-0.09217005968093872,-0.06732456386089325,0.11480092257261276,0.1628119945526123,-0.07269805669784546,0.06866264343261719,-0.03799840807914734,0.0037278307136148214,-0.015746083110570908,-0.05152469500899315,0.05952732264995575,0.07673497498035431,0.0795653760433197,0.10269001871347427,-0.08940690010786057,-0.03990290313959122,0.003685535630211234,0.002266359981149435,-0.03644021973013878,-0.04913194105029106,0.03291147202253342,0.08513184636831284,0.059697575867176056,0.062614306807518,-0.04117899388074875,-0.027217598631978035,0.07568109780550003,0.023265890777111053,-0.048532743006944656,0.042160920798778534,0.04005793482065201,-0.012642012909054756,-0.007926690392196178,-0.041902896016836166,0.05483456328511238,0.04915773123502731,-0.05169883742928505,0.06908997148275375,-0.013003019616007805,0.042342253029346466],""w_temp"":[0.4840327501296997,-0.3535662591457367,-0.21536938846111298,-0.2089800387620926,-0.10440187156200409,0.2169172316789627,-0.16607621312141418,0.24324975907802582],""w_vis"":[0.2289147675037384,-0.1881912648677826,0.15321539342403412,-0.25160282850265503,0.02860523946583271,0.11493633687496185,-0.07050613313913345,0.03717140853404999],""bias"":[-0.772255539894104,-0.8554390072822571,-0.8578994274139404,-0.8629990220069885,-0.8559804558753967,-0.7623053193092346,-0.8570073843002319,-0.8360785245895386],""raw_tau"":[0.2356143295764923,0.15031510591506958,0.1465853452682495,0.1413482278585434,0.14732234179973602,0.24108543992042542,0.14675264060497284,0.16757403314113617],""reversal"":[0.10192611813545227,0.07032781094312668,-0.07106535881757736,-0.09034812450408936,0.15469568967819214,-0.2205040454864502,0.00955591443926096,-0.020275164395570755],""readout"":[0.05433686077594757,-0.13208529353141785,0.2475171536207199,0.04166922718286514,-0.13213741779327393,-0.2724396586418152,-0.010490071959793568,-0.04782034829258919],""readout_bias"":[0.04329505190253258],""beta"":[0.22045306861400604],""sensory_mask"":[0.0,0.0,0.0,0.0,0.0,0.0,0.0,0.0]}"
920001,LTC_NO_FEEDBACK,114,120,8,122880,4.828716333999999,0.16442415118217468,0.31184564530849457,"{""w_rec"":[0.1071271151304245,0.021402357146143913,0.035653989762067795,-0.03683403506875038,0.00888828281313181,0.015569678507745266,-0.010018181055784225,0.02205856889486313,0.08047115802764893,0.04687425494194031,-0.03480778634548187,0.05230525881052017,-0.035161592066287994,-0.01905239373445511,0.06706340610980988,-0.10182651877403259,-0.0073028323240578175,-0.02962910383939743,0.16105398535728455,0.03132922202348709,-0.08717012405395508,-0.005072623956948519,0.06169429421424866,-0.0464259497821331,0.014488093554973602,0.042617201805114746,0.03248109295964241,0.04340474307537079,0.036448944360017776,0.06697214394807816,-0.019087063148617744,0.03497280180454254,0.07167971879243851,-0.036897532641887665,-0.0050971671007573605,0.04726097732782364,0.03909709304571152,-0.07998262345790863,0.1344638615846634,-0.06403984874486923,-0.04978184029459953,0.019319355487823486,0.024531632661819458,-0.05610332638025284,0.06235400587320328,0.1651604026556015,0.030294252559542656,0.05673008784651756,0.06283560395240784,-0.03314993903040886,-0.04999234154820442,0.06593173742294312,-0.03539900481700897,-0.07091064751148224,0.15026304125785828,-0.09123658388853073,-0.06878755241632462,0.0520545057952404,0.019558928906917572,-0.052447106689214706,0.0161205492913723,0.05972619354724884,0.004685261752456427,0.16909010708332062],""w_temp"":[0.569928765296936,-0.4258986711502075,0.09732411056756973,0.49877944588661194,0.03500964120030403,0.31269025802612305,-0.5594741702079773,0.5928525924682617],""w_vis"":[0.005632729735225439,-0.17217542231082916,-0.04544076696038246,0.19749008119106293,-0.18455034494400024,0.02633042447268963,-0.10986272245645523,0.08293164521455765],""bias"":[-0.7657999992370605,-0.8522286415100098,-0.8242456912994385,-0.7615283131599426,-0.8790953159332275,-0.7693378925323486,-0.8405030369758606,-0.7604266405105591],""raw_tau"":[0.24144503474235535,0.1543700098991394,0.17731164395809174,0.24623513221740723,0.12352865934371948,0.2349902242422104,0.1684296727180481,0.24769088625907898],""reversal"":[-0.1400749385356903,0.06140191853046417,-0.018517732620239258,-0.20606903731822968,0.06450913846492767,0.15376773476600647,-0.1500808298587799,0.23745770752429962],""readout"":[-0.06564191728830338,-0.14793336391448975,-0.08873073756694794,-0.28695306181907654,0.0019907699897885323,0.08642075210809708,0.16653749346733093,0.13813143968582153],""readout_bias"":[0.03889306262135506],""beta"":[0.25],""sensory_mask"":[0.0,0.0,0.0,0.0,0.0,0.0,0.0,0.0]}"
920001,LTC_DENSE_FEEDBACK,114,120,8,122880,5.897347125000003,0.1657622903585434,0.312118835747242,"{""w_rec"":[0.059691838920116425,-0.01094890758395195,-0.03275635093450546,-0.0018791328184306622,0.03179973363876343,0.0013680084375664592,0.13260148465633392,0.05928024277091026,0.10757087171077728,0.07364208251237869,0.05812356621026993,-0.031191891059279442,-0.07548194378614426,0.09259490668773651,-0.049802009016275406,-0.09063319116830826,0.11538547277450562,-0.07426267862319946,0.214711993932724,-0.07269316166639328,-0.10560864210128784,0.03143393248319626,-0.02921496517956257,0.017510460689663887,-0.010639049112796783,0.007457251660525799,-0.052341122180223465,0.12248677760362625,0.04729809612035751,-0.04958585277199745,0.1256142556667328,0.057046663016080856,-0.061151206493377686,-0.0020839322824031115,-0.032954517751932144,0.046855900436639786,0.15933027863502502,-0.02162046730518341,0.1145298033952713,0.027653822675347328,0.07748469710350037,-0.08664268255233765,0.0814945325255394,-0.02429458498954773,-0.08230914920568466,0.11483260244131088,0.0009033689275383949,-0.034413792192935944,0.09162040799856186,-0.06404046714305878,0.06480780243873596,-0.07849515974521637,-0.07804324477910995,0.023284178227186203,0.06686282157897949,0.015962934121489525,0.049898628145456314,-0.034218646585941315,0.0865689069032669,-0.06203267723321915,-0.04949953779578209,-0.005705088842660189,0.009079333394765854,0.0872512236237526],""w_temp"":[0.5127437114715576,-0.21942022442817688,-0.2619631886482239,0.30193445086479187,0.25970184803009033,0.21434547007083893,0.015698963776230812,0.2686368227005005],""w_vis"":[0.19176524877548218,-0.0705137774348259,-0.009069173596799374,0.06642597168684006,0.20365788042545319,0.12851329147815704,-0.11848144233226776,-0.032204896211624146],""bias"":[-0.7628921866416931,-0.857546865940094,-0.8731324672698975,-0.7583699822425842,-0.761849045753479,-0.867258608341217,-0.8646146655082703,-0.8485103845596313],""raw_tau"":[0.2450619339942932,0.14708814024925232,0.1310812085866928,0.2459670901298523,0.24221202731132507,0.13634251058101654,0.13856932520866394,0.15511898696422577],""reversal"":[-0.17230871319770813,0.11938957124948502,-0.06481967866420746,0.17919765412807465,0.08645030856132507,0.011735898442566395,-0.0015671005239710212,-0.019002743065357208],""readout"":[-0.06007569283246994,-0.0926196351647377,0.01731910929083824,0.2211497724056244,0.20210221409797668,0.044910404831171036,-0.0013967639533802867,-0.07837056368589401],""readout_bias"":[0.04592427611351013],""beta"":[0.2711179256439209],""sensory_mask"":[1.0,1.0,1.0,1.0,1.0,1.0,1.0,1.0]}"
920001,LTC_SENSORY_YOKED,114,120,8,122880,5.971879250000001,0.1559479534626007,0.31187611669301984,"{""w_rec"":[0.14245504140853882,0.05668362230062485,0.008866655640304089,-0.04521169140934944,-0.0001728342322167009,-0.0017660836456343532,0.00038717593997716904,0.002582760527729988,0.0292119849473238,0.10979161411523819,0.034292396157979965,-0.014585082419216633,-0.029368050396442413,-0.05048232153058052,-0.041432108730077744,0.004677490331232548,-0.11351653933525085,-0.03712911531329155,0.17598435282707214,0.06549853831529617,0.02880505844950676,0.034247443079948425,0.09819872677326202,-0.07431638985872269,0.012072885408997536,0.04212859272956848,-0.0007583153783343732,0.10202380269765854,0.02875468321144581,-0.02788795530796051,-0.03645218536257744,-0.004200891125947237,-0.045818351209163666,-0.0379464328289032,0.047307826578617096,0.11164378374814987,0.2034350037574768,0.02380736544728279,0.08465033769607544,-0.03524506464600563,-0.0953669399023056,-0.09199342876672745,0.020369986072182655,0.09218529611825943,0.03052726574242115,0.15634045004844666,0.07858316600322723,-0.07438782602548599,0.008828019723296165,0.017986558377742767,-0.009406156837940216,-0.012646458111703396,-0.02680840902030468,-0.008372963406145573,0.03320106491446495,0.017774470150470734,0.03617466241121292,0.02581627108156681,-0.0183104295283556,-0.02747575007379055,-0.03412310779094696,-0.02804362028837204,-0.03751545026898384,0.16341222822666168],""w_temp"":[0.3898945152759552,0.39726313948631287,-0.1296411156654358,0.20680280029773712,-0.319988876581192,0.1518707275390625,0.5131717920303345,0.2721119523048401],""w_vis"":[-0.11816759407520294,-0.13923630118370056,-0.126988485455513,-0.022806623950600624,0.08975521475076675,-0.1375960260629654,0.16435278952121735,-0.11156107485294342],""bias"":[-0.7852013111114502,-0.7877935767173767,-0.8783047199249268,-0.7963092923164368,-0.8584350943565369,-0.8761588931083679,-0.7844744324684143,-0.7861346006393433],""raw_tau"":[0.2193470150232315,0.21672751009464264,0.1250065714120865,0.20660607516765594,0.14727547764778137,0.12707675993442535,0.2232651263475418,0.21733088791370392],""reversal"":[0.1920556277036667,0.13781969249248505,-0.03149227425456047,-0.0760887935757637,-0.052943404763936996,-0.0014422794338315725,-0.1724775731563568,0.26041409373283386],""readout"":[0.21390226483345032,0.13282789289951324,0.011321271769702435,-0.07485362887382507,0.02759428881108761,-0.0007702742586843669,-0.1976911574602127,0.3383674621582031],""readout_bias"":[0.017354004085063934],""beta"":[0.2506137788295746],""sensory_mask"":[1.0,1.0,1.0,1.0,0.0,0.0,0.0,0.0]}"
920001,GRU_4,113,120,8,122880,1.7115529590000023,0.23334118723869324,0.2994661867618561,"{""cell.weight_ih"":[0.25739508867263794,0.32065045833587646,0.17748624086380005,-0.021574517711997032,0.1896006464958191,0.22448593378067017,0.16295398771762848,-0.38196027278900146,0.08189572393894196,-0.345611035823822,-0.19465649127960205,-0.4164985120296478,0.06325527280569077,-0.08915425837039948,-0.35163313150405884,0.062019232660532,-0.0828915610909462,0.368371844291687,-0.3036663234233856,0.5733572244644165,-0.1519828587770462,0.2573049068450928,0.024253660812973976,0.3042842447757721,0.6394493579864502,-0.17467305064201355,0.010167467407882214,-0.4599473476409912,-0.34772413969039917,-0.011327587999403477,0.07853812724351883,0.10670281201601028,0.20138370990753174,-0.22136126458644867,0.28445562720298767,-0.005976677872240543],""cell.weight_hh"":[-0.001801789621822536,0.04706743732094765,-0.029322875663638115,0.4280843138694763,-0.35084548592567444,-0.03286265209317207,0.19034336507320404,-0.24778734147548676,-0.3081975281238556,0.23996207118034363,-0.2968830466270447,0.05661879852414131,-0.3133312463760376,0.1023176908493042,0.07520139217376709,0.45613908767700195,-0.16206301748752594,0.2188778817653656,-0.16817033290863037,0.4296044707298279,-0.343487411737442,-0.20391897857189178,0.5583216547966003,0.07231809943914413,-0.5187108516693115,0.5390222072601318,-0.1331724226474762,0.4583018124103546,0.0316324420273304,0.08862318098545074,0.41440001130104065,0.4748137891292572,0.1176861971616745,0.4468812048435211,0.26293542981147766,-0.41684478521347046,-0.15396204590797424,0.15074370801448822,0.24085836112499237,0.45507073402404785,0.30128470063209534,-0.10640595108270645,-0.26237112283706665,0.27652668952941895,0.19577808678150177,-0.059877678751945496,0.0033910516649484634,0.35993438959121704],""cell.bias_ih"":[0.3400663137435913,-0.10880669206380844,-0.41864871978759766,0.38565704226493835,-0.5792039632797241,-0.030756643041968346,0.41413769125938416,0.09616443514823914,0.30301645398139954,0.2278166562318802,-0.38786113262176514,-0.23571111261844635],""cell.bias_hh"":[0.3933786153793335,0.45622867345809937,-0.2616242468357086,-0.5149322152137756,-0.04278402030467987,-0.19135960936546326,0.14507043361663818,0.559343695640564,0.07149454206228256,-0.39174649119377136,-0.11614571511745453,-0.0376434363424778],""readout.weight"":[0.12256394326686859,-0.5646044015884399,-0.3176999092102051,0.16974182426929474],""readout.bias"":[-0.15202593803405762]}"
920001,GRU_8,321,120,8,122880,1.7228319999999968,0.36238324642181396,0.2966584965586662,"{""cell.weight_ih"":[-0.041700735688209534,0.0687512531876564,-0.14946797490119934,0.5373271107673645,-0.20237857103347778,0.20871524512767792,-0.0627310574054718,0.10771632939577103,0.15451432764530182,0.4996635913848877,0.004858164116740227,0.18074236810207367,0.30061352252960205,-0.2208215594291687,-0.26355528831481934,-0.2465313822031021,0.19465212523937225,-0.1775819957256317,0.01838104799389839,-0.286527156829834,0.21628643572330475,0.10530798882246017,0.34316757321357727,0.060955777764320374,0.029564866796135902,0.398436576128006,-0.30101877450942993,-0.10943441838026047,-0.060618914663791656,-0.25076910853385925,-0.06057775765657425,-0.40130069851875305,-0.0955498218536377,0.0033652288839221,-0.3732532560825348,0.26016998291015625,-0.03713177144527435,-0.24017630517482758,-0.40066227316856384,-0.40836045145988464,-0.1115521565079689,-0.08624134957790375,0.054218657314777374,0.2617689073085785,0.2990037202835083,-0.26049456000328064,0.11706706881523132,-0.0866837278008461,0.22854383289813995,-0.09109702706336975,0.28914666175842285,0.08703073859214783,-0.12953147292137146,-0.08595652133226395,-0.5156818628311157,0.11034509539604187,0.39877063035964966,-0.4180092513561249,-0.17838793992996216,0.2509707510471344,-0.2977328896522522,0.18753105401992798,0.13591381907463074,-0.15829242765903473,0.299435555934906,0.17868509888648987,-0.12921053171157837,0.18541941046714783,0.32694175839424133,-0.22056257724761963,-0.18989717960357666,-0.010035127401351929],""cell.weight_hh"":[0.12658809125423431,0.13036960363388062,0.24750706553459167,0.3657447397708893,-0.32299283146858215,0.06647925823926926,0.11558276414871216,0.2740381062030792,0.1227770671248436,-0.07041917741298676,0.2166113555431366,0.042721446603536606,0.2445739060640335,-0.09947901964187622,0.12422460317611694,0.2746429145336151,0.10918373614549637,-0.16702468693256378,0.27926281094551086,0.20361848175525665,0.26249852776527405,0.3413647413253784,-0.24847306311130524,0.20017759501934052,0.20058797299861908,-0.10046021640300751,-0.0359201580286026,-0.010608447715640068,0.11879030615091324,0.18820175528526306,-0.3614172339439392,0.08465636521577835,-0.24629364907741547,-0.1410854607820511,-0.09870849549770355,-0.3216162323951721,-0.08386527001857758,0.18103952705860138,-0.2824876308441162,-0.17498166859149933,-0.02127905562520027,0.2983592748641968,-0.05193272605538368,-0.037764210253953934,0.22718481719493866,-0.2301788032054901,0.18825051188468933,0.18458692729473114,-0.23022034764289856,0.008629941381514072,0.23421776294708252,-0.044453494250774384,-0.005361324176192284,0.10772447288036346,0.26229703426361084,0.28338760137557983,0.06842277199029922,-0.09282276779413223,0.17205116152763367,-0.13483917713165283,0.18576470017433167,-0.2724009156227112,0.2814349830150604,-0.3422620892524719,0.3018292188644409,-0.10210103541612625,-0.15861272811889648,0.0829431489109993,-0.06450051069259644,-0.1415679156780243,-0.21512456238269806,-0.19918230175971985,0.2413516342639923,-0.07456285506486893,-0.050372425466775894,0.37646758556365967,0.13121305406093597,-0.21885326504707336,-0.08898742496967316,0.3480185866355896,0.2739480137825012,0.2649059593677521,0.3653925955295563,0.1238776221871376,0.043853484094142914,0.3216800093650818,0.12933586537837982,-0.4089737832546234,0.35126063227653503,-0.06666490435600281,-0.2583366632461548,-0.4160809814929962,0.34554553031921387,0.0006380719132721424,0.2245924323797226,-0.5593011975288391,-0.07181638479232788,-0.3408191204071045,-0.04765913262963295,-0.08728164434432983,-0.13342972099781036,0.25579434633255005,0.09961217641830444,0.2382621169090271,-0.1235279068350792,0.24072515964508057,-0.36384937167167664,0.19204053282737732,0.03365340083837509,0.2130870819091797,0.06711627542972565,-0.3808174133300781,-0.3779395520687103,-0.2551936209201813,0.4178101420402527,-0.12484356760978699,-0.18032601475715637,0.037657007575035095,0.014505903236567974,-0.11764046549797058,-0.10616374760866165,-0.09560295194387436,-0.07173729687929153,-0.1599789559841156,-0.10100704431533813,0.05031033605337143,0.03343772888183594,0.367825448513031,-0.22530870139598846,-0.1064600721001625,0.11607659608125687,0.2447870671749115,0.1999877691268921,-0.36506062746047974,0.24671556055545807,-0.22009342908859253,0.38003891706466675,0.3229125440120697,-0.3120587170124054,-0.37157106399536133,-0.3318832516670227,0.23134325444698334,0.03572321683168411,-0.31097495555877686,0.040898483246564865,-0.0720551460981369,0.028514279052615166,-0.10685446858406067,0.2717365324497223,-0.292097270488739,0.06755701452493668,-0.08415406197309494,-0.37179410457611084,-0.24772220849990845,-0.05922912061214447,-0.06244814768433571,0.15024328231811523,-0.29061001539230347,-0.13450953364372253,0.16420583426952362,-0.23681996762752533,-0.049350105226039886,0.21369805932044983,0.3118434250354767,-0.18767158687114716,0.2708705961704254,0.15314795076847076,-0.10229193419218063,0.34365880489349365,-0.2656312882900238,-0.1613444685935974,-0.31968650221824646,0.0337844118475914,-0.25157132744789124,0.16643033921718597,-0.2678035795688629,0.17886362969875336,-0.133578360080719,-0.3347112834453583,0.0015693746972829103,-0.3162873685359955,-0.020466536283493042,0.19861283898353577,0.07857464998960495,0.09609378129243851,-0.20821139216423035,-0.08873008191585541,0.29552391171455383,0.19743186235427856,0.0802970752120018,-0.1469273567199707,0.31077712774276733],""cell.bias_ih"":[0.1712169647216797,0.402721643447876,0.26834914088249207,-0.005499608814716339,0.3749580979347229,0.4111306667327881,0.04491807892918587,-0.11991121619939804,-0.17184928059577942,0.21510864794254303,0.20559348165988922,0.0514308325946331,0.26067307591438293,-0.3461495339870453,-0.06252053380012512,-0.3197670578956604,0.22271853685379028,-0.022251024842262268,0.20533545315265656,0.16730014979839325,0.17693142592906952,0.2643530070781708,-0.32270652055740356,-0.21368293464183807],""cell.bias_hh"":[-0.13464520871639252,0.32253748178482056,0.20277662575244904,-0.2145410180091858,0.19941280782222748,-0.20528867840766907,-0.018166420981287956,-0.20412549376487732,0.38368672132492065,-0.39693740010261536,0.32450002431869507,0.5011506676673889,0.3249034583568573,0.3010913133621216,0.28716060519218445,-0.030985604971647263,0.277505487203598,0.3657524883747101,-0.22358796000480652,-0.16726194322109222,-0.1844697743654251,0.10857779532670975,0.06950375437736511,-0.31093108654022217],""readout.weight"":[-0.2519775331020355,0.30500221252441406,-0.2536066472530365,-0.3980034291744232,0.10837438702583313,0.21169133484363556,-0.11495192348957062,-0.37785977125167847],""readout.bias"":[-0.25933602452278137]}"
920002,LTC_SENSORY_SITE,114,120,8,122880,5.870799542,0.2545415461063385,0.2529176190495491,"{""w_rec"":[0.11706845462322235,0.011560391634702682,-0.012380114756524563,-0.007266764063388109,0.048416730016469955,0.033789683133363724,0.01366222184151411,0.009523468092083931,-0.04917890578508377,0.087483711540699,-0.0150075638666749,-0.0137040875852108,0.04446524754166603,-0.006889957003295422,-0.026579834520816803,0.005403371527791023,-0.13212962448596954,-0.1330481618642807,0.20629899203777313,-0.08498146384954453,0.1326965093612671,0.08564116060733795,-0.1103740856051445,0.173219233751297,-0.029400959610939026,-0.05219985917210579,0.01743963360786438,0.07050901651382446,0.04231102764606476,0.05700799822807312,-0.0475817546248436,0.04207095503807068,-0.024288900196552277,0.007964291609823704,-0.03469475358724594,0.02424035407602787,0.14829592406749725,-0.003986032214015722,0.012509534135460854,0.003717734245583415,-0.02383197844028473,-0.027593007311224937,0.04772501066327095,-0.00022035057190805674,-0.017274755984544754,0.11414732784032822,-0.05332902818918228,0.012514838017523289,0.015535528771579266,-0.026849832385778427,0.03429882973432541,-0.05608326196670532,0.006501662544906139,0.019099656492471695,0.05435624718666077,-0.010547597892582417,-0.02877206727862358,-0.019355718046426773,-0.009910542517900467,0.02543778344988823,0.048671331256628036,0.0007685330347158015,-0.03129066154360771,0.13313622772693634],""w_temp"":[-0.08379417657852173,-0.07750088721513748,-0.2146705538034439,0.06430522352457047,-0.029269611462950706,-0.11114761233329773,-0.14737260341644287,0.2070896178483963],""w_vis"":[0.07918842881917953,0.12831778824329376,-0.13792379200458527,0.019737718626856804,-0.18977737426757812,-0.207078754901886,-0.03982401266694069,-0.07488319277763367],""bias"":[-0.8159511089324951,-0.8153085708618164,-0.9181340932846069,-0.8503116369247437,-0.8117250204086304,-0.8220023512840271,-0.8198036551475525,-0.8087491989135742],""raw_tau"":[0.18707403540611267,0.18793267011642456,0.08559367805719376,0.1526847630739212,0.1903282105922699,0.18240298330783844,0.18399611115455627,0.19442938268184662],""reversal"":[0.04407170042395592,0.1291593611240387,0.013121136464178562,0.025295685976743698,-0.08464518934488297,-0.14308953285217285,0.09787556529045105,-0.09196837246417999],""readout"":[0.07882148772478104,0.03791290521621704,0.0011546530295163393,-0.02330763265490532,-0.1819818913936615,0.08707703649997711,-0.18968631327152252,-0.18095576763153076],""readout_bias"":[0.002748267725110054],""beta"":[0.19877946376800537],""sensory_mask"":[1.0,1.0,1.0,1.0,0.0,0.0,0.0,0.0]}"
920002,LTC_OUTPUT_SITE,114,120,8,122880,4.92860670799999,0.25493669509887695,0.2527517691254616,"{""w_rec"":[0.0892968624830246,-0.0094398632645607,0.007898135110735893,0.01081586442887783,-0.0034953523427248,0.015540164895355701,0.033542029559612274,-0.013244724832475185,0.0031321377027779818,0.1471571922302246,0.048379454761743546,0.0588056705892086,0.009698729030787945,0.052364591509103775,0.03487115353345871,-0.04439247399568558,-0.026478538289666176,0.06772378087043762,0.10526317358016968,0.05527523159980774,-0.01043523196130991,0.0009737653890624642,0.08444995433092117,-0.044922877103090286,0.00971126463264227,0.05524992570281029,0.05433494597673416,0.1626463234424591,0.03831174224615097,-0.003227495588362217,0.004252280108630657,0.0163726769387722,-0.048215191811323166,0.052928898483514786,-0.0004933257587254047,0.00448970589786768,0.15670065581798553,0.016014540567994118,0.026217617094516754,-0.008937548846006393,0.003775170538574457,0.02698492258787155,-0.04856397211551666,0.011489211581647396,0.012763547711074352,0.12168504297733307,0.009496286511421204,0.01594921573996544,-0.07091589272022247,9.879935532808304e-05,0.018558340147137642,-0.0005630012019537389,0.007556833792477846,0.05689229443669319,0.15848664939403534,-0.0033412917982786894,0.01634373888373375,0.06462767720222473,-0.0031142847146838903,0.054789330810308456,0.0034791016951203346,0.025497641414403915,-0.0020878606010228395,0.07971478998661041],""w_temp"":[0.3700002133846283,0.003793759038671851,-0.03157876059412956,-0.3124385178089142,-0.1861659735441208,0.062097325921058655,0.07214374095201492,-0.07638338953256607],""w_vis"":[0.06636565923690796,-0.1281946748495102,-0.06068013235926628,-0.05132670700550079,0.04655151069164276,-0.0015210695564746857,0.015831008553504944,0.05558659881353378],""bias"":[-0.8286166191101074,-0.8341939449310303,-0.8370013236999512,-0.8235164880752563,-0.8120997548103333,-0.8107754588127136,-0.8176335096359253,-0.8251039385795593],""raw_tau"":[0.17559251189231873,0.16954302787780762,0.1665516048669815,0.1803966909646988,0.19067415595054626,0.19221948087215424,0.1855010688304901,0.17810145020484924],""reversal"":[0.0063345651142299175,-0.06690031290054321,-0.046385757625103,-0.28381815552711487,-0.15754204988479614,-0.2135130614042282,-0.04192318022251129,0.11680888384580612],""readout"":[0.040013618767261505,0.06220412254333496,0.10343096405267715,0.06901495903730392,-0.09322396665811539,-0.0799979716539383,-0.07958162575960159,-0.08991996943950653],""readout_bias"":[0.002379045821726322],""beta"":[0.18504488468170166],""sensory_mask"":[0.0,0.0,0.0,0.0,0.0,0.0,0.0,0.0]}"
920002,LTC_NO_FEEDBACK,114,120,8,122880,4.854007333999988,0.255317747592926,0.2530319824814796,"{""w_rec"":[0.17983141541481018,0.13397330045700073,0.03134005889296532,-0.09340166300535202,-0.1297868937253952,-0.024978412315249443,-0.0797300636768341,0.10467515140771866,0.026084374636411667,0.13212496042251587,-0.017198141664266586,-0.02154936082661152,0.02707289345562458,0.04589984938502312,-0.059791449457407,-0.010021606460213661,0.09742210060358047,0.08455129712820053,0.1339564472436905,-0.011866418644785881,-0.04412635788321495,0.01082664541900158,-0.07579591870307922,0.08513377606868744,0.09106174856424332,0.111794114112854,0.009975221008062363,0.017918096855282784,-0.10736739635467529,-0.04436878114938736,-0.07562465220689774,0.06204785034060478,0.043118204921483994,0.01444147527217865,0.04482428357005119,0.013564611785113811,0.06233641132712364,0.00014884828124195337,-0.021886277943849564,0.02235996350646019,0.062311433255672455,0.03712574765086174,0.04550373926758766,-0.07433415949344635,-0.04286336153745651,0.03499864414334297,-0.07322361320257187,0.06911192834377289,0.06061573699116707,0.024009350687265396,-0.01007359754294157,-0.05052872747182846,-0.026667648926377296,0.062007542699575424,0.05862332880496979,0.04361193627119064,0.03682100400328636,0.04139113053679466,0.07277803868055344,0.0077351112850010395,-0.039951398968696594,-0.10710224509239197,-0.008185879327356815,0.12283316999673843],""w_temp"":[0.02007848024368286,0.07110076397657394,-0.2236778736114502,0.24241024255752563,0.09803450107574463,0.017688998952507973,-0.13291902840137482,-0.21649643778800964],""w_vis"":[-0.11877591907978058,-0.05486425384879112,0.13769687712192535,-0.0899721086025238,0.14380787312984467,-0.012407378293573856,-0.08828131854534149,-0.2914734184741974],""bias"":[-0.896055281162262,-0.8133544325828552,-0.883129894733429,-0.9078284502029419,-0.8349402546882629,-0.861833930015564,-0.8246137499809265,-0.8247063755989075],""raw_tau"":[0.10690248012542725,0.18953120708465576,0.12071080505847931,0.09539090096950531,0.16886502504348755,0.14138086140155792,0.17795507609844208,0.1800660490989685],""reversal"":[-0.03686162456870079,-0.12385936081409454,0.0006787320016883314,0.19278106093406677,0.11608107388019562,0.02864687517285347,0.00010819663293659687,-0.11560090631246567],""readout"":[0.010399756953120232,-0.01734747737646103,0.0029380579944700003,-0.00994012039154768,0.0069994330406188965,-0.12556853890419006,0.02038080245256424,0.12683331966400146],""readout_bias"":[0.01019580103456974],""beta"":[0.25],""sensory_mask"":[0.0,0.0,0.0,0.0,0.0,0.0,0.0,0.0]}"
920002,LTC_DENSE_FEEDBACK,114,120,8,122880,5.896564041000005,0.2538294494152069,0.2528338313102722,"{""w_rec"":[0.062238436192274094,-0.04980786517262459,-0.0007881132187321782,-0.011126497760415077,-0.006444207858294249,0.04402422532439232,0.057797327637672424,0.003097805893048644,-0.02107948809862137,0.15419170260429382,-0.027351774275302887,0.0552368201315403,0.0518621951341629,0.09701211005449295,0.05681930482387543,0.08634380996227264,-0.008827661164104939,-0.05651077255606651,0.07779610902070999,0.015405382961034775,-0.020792223513126373,0.03365073725581169,0.003706678980961442,-0.024728797376155853,-0.024783724918961525,-0.06775262206792831,-0.00341077265329659,0.07807332277297974,0.035111937671899796,0.021027525886893272,0.023824993520975113,-0.015096187591552734,-0.0035187923349440098,0.08529450744390488,0.004785576835274696,0.0893869698047638,0.11613993346691132,0.0015037179691717029,0.017490383237600327,0.040210895240306854,-0.04000426456332207,0.08829215168952942,-0.046652719378471375,0.09043817967176437,0.09816207736730576,0.16193857789039612,0.055580124258995056,0.04203625023365021,-0.04598325118422508,-0.0334460474550724,-0.02451278641819954,0.014847447164356709,-0.012934885919094086,-0.010471662506461143,0.1338665932416916,-0.05088813230395317,0.020229008048772812,0.07633911818265915,0.04864674061536789,0.03066675178706646,0.014027166180312634,-0.0035819909535348415,-0.018844682723283768,0.12509745359420776],""w_temp"":[0.03506194055080414,-0.24989399313926697,0.29460015892982483,0.2879675626754761,-0.2801266014575958,-0.11279723793268204,0.2969541847705841,-0.09529249370098114],""w_vis"":[-0.21572516858577728,-0.17210637032985687,-0.03226674348115921,0.0833682119846344,0.006066650617867708,-0.057386305183172226,0.11337875574827194,-0.03704076260328293],""bias"":[-0.836030125617981,-0.8595004081726074,-0.8138836622238159,-0.8185611963272095,-0.8312692642211914,-0.8547149300575256,-0.8140447735786438,-0.8059309124946594],""raw_tau"":[0.16627053916454315,0.14468486607074738,0.18976803123950958,0.1855800300836563,0.17240948975086212,0.148958221077919,0.19030636548995972,0.19786004722118378],""reversal"":[0.012285002507269382,-0.01612279750406742,0.2054307460784912,-0.16319680213928223,-0.14665155112743378,-0.1081947609782219,-0.16027303040027618,-0.1997370570898056],""readout"":[0.002701143966987729,0.031585901975631714,0.2107948213815689,-0.06771286576986313,0.04433508962392807,0.026577789336442947,-0.18944495916366577,0.15825867652893066],""readout_bias"":[-0.006519542075693607],""beta"":[0.2008950561285019],""sensory_mask"":[1.0,1.0,1.0,1.0,1.0,1.0,1.0,1.0]}"
920002,LTC_SENSORY_YOKED,114,120,8,122880,5.978266665999996,0.2536259889602661,0.2529458269476891,"{""w_rec"":[0.177620992064476,-0.04317568242549896,0.009387829340994358,0.08719629794359207,-0.002126905368641019,-0.025817828252911568,0.05491500720381737,0.0025912292767316103,0.04303649812936783,0.14715951681137085,-0.03502180799841881,0.058041732758283615,0.020554237067699432,-0.04930957779288292,0.01379735954105854,0.025575712323188782,0.0029623236041516066,-0.020443536341190338,0.17449958622455597,-0.019612908363342285,-0.05117865651845932,-0.011388794519007206,0.025683466345071793,-0.07373750954866409,0.041524309664964676,-0.02999081462621689,-0.010603788308799267,0.18623965978622437,0.05137726292014122,-0.056188441812992096,0.04392156004905701,0.015248947776854038,0.01916082389652729,-0.07302156835794449,0.08656527101993561,0.03753654658794403,0.10420528799295425,-0.003352400613948703,0.03535870462656021,-0.06413502991199493,0.05794598162174225,-0.05385829135775566,-0.01919199526309967,0.08243507146835327,0.025637725368142128,0.004895120859146118,0.02629951946437359,-0.035264354199171066,0.014078758656978607,-0.03427746146917343,-0.0591861717402935,0.02298092469573021,0.04285067319869995,-0.04172872379422188,0.10158714652061462,-0.001471484312787652,0.03832750767469406,-0.0807390809059143,-0.009194211103022099,0.04971544072031975,-0.02783060073852539,-0.0025348784402012825,-0.022045884281396866,0.05463533103466034],""w_temp"":[0.14249356091022491,0.22407014667987823,-0.11053794622421265,0.07463175058364868,0.09261994063854218,-0.06923015415668488,0.2188936471939087,-0.13090433180332184],""w_vis"":[-0.21719476580619812,-0.023297365754842758,0.1106015145778656,-0.031737640500068665,-0.07430194318294525,0.0902581438422203,0.02383441850543022,-0.05899765342473984],""bias"":[-0.8479557633399963,-0.8190441131591797,-0.8363858461380005,-0.8370416760444641,-0.8658019304275513,-0.8425202965736389,-0.8127086758613586,-0.838886559009552],""raw_tau"":[0.15467268228530884,0.18434888124465942,0.16667254269123077,0.1659342497587204,0.13763827085494995,0.16074936091899872,0.19091802835464478,0.16486983001232147],""reversal"":[-0.010364324785768986,0.06847187131643295,-0.03712655231356621,-0.16782338917255402,-0.04211729019880295,-0.002413299400359392,-0.2310415655374527,0.032464686781167984],""readout"":[0.00791957601904869,0.13061589002609253,0.12970714271068573,-0.0027429433539509773,0.01988794282078743,0.0694614052772522,-0.20164601504802704,-0.05114898085594177],""readout_bias"":[-0.005970930214971304],""beta"":[0.19530470669269562],""sensory_mask"":[1.0,1.0,1.0,1.0,0.0,0.0,0.0,0.0]}"
920002,GRU_4,113,120,8,122880,1.7301199590000067,0.3131783604621887,0.25325180143117904,"{""cell.weight_ih"":[0.11154445260763168,-0.15559718012809753,0.2548317313194275,0.1244102194905281,-0.17097990214824677,-0.026242511346936226,0.45248934626579285,0.10061255842447281,0.3486849069595337,-0.06757798045873642,0.25585052371025085,-0.2566397488117218,-0.09860482066869736,-0.04600907862186432,-0.36981528997421265,-0.16461659967899323,0.03511377424001694,-0.19299952685832977,0.4624510109424591,0.1311100721359253,-0.1366995871067047,-0.39014533162117004,-0.06552458554506302,-0.37602880597114563,0.2508603036403656,0.19824856519699097,0.23852874338626862,-0.529524028301239,0.07274632155895233,0.1540612131357193,-0.022704772651195526,-0.40286383032798767,0.04581623896956444,0.24188952147960663,0.500342607498169,0.0899946540594101],""cell.weight_hh"":[0.13636916875839233,0.4191344678401947,-0.43931978940963745,-0.017867865040898323,0.032713137567043304,0.5973623394966125,0.08611273020505905,-0.38170698285102844,-0.4933590292930603,0.32135191559791565,-0.20922841131687164,-0.3525681495666504,-0.27681365609169006,0.07016310095787048,-0.24474625289440155,0.029292119666934013,-0.029238715767860413,-0.18917855620384216,0.3639337718486786,0.0042676767334342,0.3794960379600525,-0.4153784215450287,0.029543815180659294,0.13771292567253113,0.5840440988540649,-0.5601890683174133,0.4598813056945801,-0.07157061994075775,-0.36119550466537476,0.051857829093933105,-0.49286311864852905,0.23477891087532043,0.11624151468276978,-0.5196242928504944,-0.23364165425300598,-0.03082248568534851,0.23396340012550354,-0.5220422148704529,0.3375154733657837,0.07465898245573044,0.02383345738053322,-0.11885358393192291,0.033837758004665375,-0.25180143117904663,0.3704547882080078,0.5061061978340149,0.31818869709968567,-0.26081666350364685],""cell.bias_ih"":[0.23322588205337524,0.14330942928791046,-0.11595006287097931,0.23186039924621582,-0.5953887701034546,-0.17801223695278168,-0.29901647567749023,0.34035488963127136,0.2991856038570404,0.31263646483421326,-0.20618000626564026,0.3652338683605194],""cell.bias_hh"":[0.21683526039123535,0.050620000809431076,-0.24544161558151245,0.17675966024398804,-0.11737187951803207,0.191665917634964,0.05951777100563049,0.4331442415714264,-0.3819846212863922,-0.4788987338542938,-0.1814785897731781,0.2559525966644287],""readout.weight"":[0.1468311846256256,0.019610578194260597,-0.3242325782775879,-0.39977672696113586],""readout.bias"":[0.04639511555433273]}"
920002,GRU_8,321,120,8,122880,1.7361683329999948,0.2755478322505951,0.25319707989692686,"{""cell.weight_ih"":[0.052790019661188126,-0.090146005153656,0.3269425928592682,-0.2483426034450531,-0.4108896553516388,0.2581646144390106,-0.08928649872541428,0.2847064137458801,0.12770144641399384,-0.2970283031463623,-0.0782264992594719,-0.25094613432884216,0.09632696956396103,0.1753396838903427,-0.1808844953775406,-0.09579809755086899,-0.00046710751485079527,-0.1856307089328766,0.07965100556612015,0.059984974563121796,0.2260821908712387,0.10421949625015259,0.22435937821865082,0.13090232014656067,0.2115279585123062,-0.20661181211471558,0.01861056685447693,0.2863124907016754,-0.007505616173148155,0.1086835041642189,-0.2946823239326477,0.3589181900024414,0.3731253445148468,0.0697527825832367,0.08806519210338593,-0.08759674429893494,-0.044874828308820724,0.32129478454589844,-0.15632961690425873,0.4545309543609619,-0.10297617316246033,-0.03972908854484558,-0.10831793397665024,0.09374886006116867,-0.24484562873840332,0.16786295175552368,0.23099665343761444,0.18672752380371094,0.09111665189266205,0.17287489771842957,-0.32259270548820496,0.20134998857975006,0.09711870551109314,0.3347434997558594,-0.21717490255832672,0.27697762846946716,-0.18820808827877045,0.24059540033340454,0.2609323263168335,-0.23170261085033417,0.26090705394744873,0.33995747566223145,-0.17531511187553406,0.0275297611951828,-0.07526934891939163,0.32374098896980286,0.21555520594120026,-0.3368757367134094,-0.27062034606933594,-0.08522100001573563,0.14254748821258545,-0.32505059242248535],""cell.weight_hh"":[-0.11926574259996414,-0.0713934600353241,0.14172835648059845,-0.38851645588874817,-0.22585494816303253,0.11521252244710922,-0.07612136006355286,0.04493531584739685,0.24424874782562256,-0.4264487624168396,0.07462890446186066,-0.3670502305030823,0.20243988931179047,-0.09808779507875443,-0.02149682119488716,-0.01459481194615364,0.3165043890476227,0.10920945554971695,0.025410763919353485,0.033046845346689224,-0.0004247917386237532,-0.179703027009964,-0.19698864221572876,-0.012152200564742088,-0.152605339884758,-0.10546055436134338,0.24292054772377014,-0.32005196809768677,-0.18543052673339844,-0.08725358545780182,-0.19167132675647736,-0.29178687930107117,-0.26305505633354187,0.18717411160469055,-0.17965830862522125,0.1843319833278656,-0.2287278026342392,-0.2337554544210434,0.24286635220050812,0.1192207783460617,-0.05220530927181244,-0.032248321920633316,-0.3722553551197052,0.07175226509571075,-0.062380045652389526,-0.18700717389583588,0.1604606807231903,0.11175251007080078,0.3251834213733673,-0.26236969232559204,0.03739970177412033,0.2541593909263611,-0.00797239039093256,0.32754480838775635,0.2936280369758606,-0.12474928051233292,0.3073749244213104,-0.041124388575553894,-0.020132245495915413,-0.23420751094818115,-0.23957587778568268,0.1249784603714943,-0.18000249564647675,-0.1855887621641159,-0.07802803814411163,0.35900983214378357,-0.4475497007369995,-0.0973014384508133,-0.2119714617729187,0.2040524184703827,0.2694568932056427,-0.04984267055988312,-0.3216957449913025,-0.4066191613674164,0.2088441699743271,0.20231927931308746,0.2901354432106018,-0.25397273898124695,-0.5555997490882874,0.09909219294786453,-0.1924831122159958,0.25314199924468994,-0.38913726806640625,-0.010200578719377518,0.10936097800731659,-0.06932084262371063,0.153529554605484,0.0965786725282669,0.34093809127807617,0.3456895351409912,0.09663806110620499,0.03222034126520157,0.19859597086906433,0.4303697645664215,0.47546687722206116,-0.17506492137908936,0.2045670449733734,0.3970787823200226,0.03132880479097366,-0.29945996403694153,-0.0412263460457325,0.2854275405406952,0.2591589689254761,-0.05078669637441635,-0.025657936930656433,0.3125368356704712,-0.18077939748764038,0.35755449533462524,-0.16846883296966553,0.05680633708834648,-0.19985336065292358,-0.2047813981771469,0.3316188156604767,-0.33673226833343506,0.3182027041912079,0.18035538494586945,-0.4278765916824341,-0.09740091115236282,0.0922536700963974,-0.1274857074022293,0.1522953361272812,-0.037385016679763794,0.05258113145828247,0.22472766041755676,0.3092740774154663,-0.16917066276073456,0.00013837928418070078,0.32234883308410645,0.22360189259052277,0.23524589836597443,-0.10531609505414963,0.20151649415493011,-0.17385371029376984,-0.2137036770582199,-0.39269787073135376,-0.29624143242836,-0.24114055931568146,-0.2710525691509247,0.15168249607086182,-0.4033856987953186,-0.0762256309390068,0.2862876355648041,0.17080079019069672,0.25254353880882263,0.24752111732959747,-0.23464570939540863,-0.2073296457529068,0.055968645960092545,-0.14549444615840912,0.30398425459861755,0.19062110781669617,-0.14772573113441467,0.01077725738286972,-0.11579450219869614,0.002483219839632511,0.19672882556915283,0.11755374073982239,0.17658688127994537,-0.38840749859809875,-0.007677579298615456,-0.1524573415517807,0.20341430604457855,0.096431203186512,0.1341875195503235,0.3329307436943054,-0.1281478852033615,-0.048150792717933655,-0.29951268434524536,0.30671828985214233,-0.15004420280456543,0.16811387240886688,0.06598038226366043,-0.3806314468383789,0.24960850179195404,0.29039883613586426,-0.08538977801799774,0.04096546024084091,0.3507278263568878,-0.20517298579216003,0.1335730254650116,0.012297444976866245,0.15581099689006805,0.01791525073349476,-0.1766756772994995,-0.11652656644582748,-0.10335855185985565,-0.249256893992424,-0.19983714818954468,-0.12395171821117401,0.20258967578411102,-0.3069245219230652,0.049908462911844254],""cell.bias_ih"":[0.03784514591097832,-0.36556872725486755,-0.003954090643674135,0.2457285225391388,0.1377786546945572,-0.2950942814350128,-0.06492000073194504,-0.2180861234664917,-0.26376110315322876,0.3045490086078644,-0.22193849086761475,0.3650081157684326,-0.037376102060079575,-0.25067058205604553,-0.38992708921432495,0.4404508173465729,-0.1468774825334549,-0.21503886580467224,-0.11669131368398666,-0.3569764196872711,0.3601509928703308,0.1200946643948555,0.07204577326774597,0.2009662389755249],""cell.bias_hh"":[0.03443361818790436,0.03263215348124504,-0.02587028220295906,0.023185426369309425,0.02734370529651642,-0.10192761570215225,0.2911642789840698,0.18995261192321777,0.307790070772171,0.18012669682502747,-0.2722441852092743,-0.2111283242702484,-0.2216585874557495,0.2930121123790741,-0.044712089002132416,0.13303029537200928,-0.20573031902313232,0.2922244369983673,-0.021181682124733925,0.2410871833562851,-0.19013267755508423,0.3062669038772583,0.15261738002300262,-0.2736573815345764],""readout.weight"":[0.33501991629600525,-0.20483969151973724,0.04508516937494278,0.023133033886551857,0.35472172498703003,-0.24072182178497314,0.09531494975090027,0.15633146464824677],""readout.bias"":[-0.04122534021735191]}"
920003,LTC_SENSORY_SITE,114,120,8,122880,5.854811791000003,0.2358810156583786,0.2424141250550747,"{""w_rec"":[0.16879364848136902,0.01997378095984459,5.61797060072422e-05,-0.02408793941140175,0.027341187000274658,-0.05470414459705353,0.042429227381944656,-0.0181486327201128,-0.019748322665691376,0.15537653863430023,0.06826160103082657,0.0287778340280056,-0.019939104095101357,-0.03929911553859711,0.04561243951320648,-0.006938300095498562,0.022110819816589355,0.03314010798931122,0.15173974633216858,-0.014343397691845894,-0.012392906472086906,-0.05303134396672249,-0.019812937825918198,-0.031694166362285614,0.04274989292025566,-0.014907394535839558,0.024714110419154167,0.14288710057735443,-0.03174922615289688,-0.025565044954419136,0.06197763606905937,0.0010559502989053726,0.05102476477622986,0.04760434478521347,0.01939854398369789,0.042209919542074203,0.07727843523025513,-0.018473731353878975,-0.01564616523683071,-0.01003566849976778,0.059495117515325546,-0.020257413387298584,0.017821479588747025,-0.0683913454413414,-0.017784085124731064,0.1426144689321518,-0.021380430087447166,-0.01682782918214798,0.03411908075213432,0.039377834647893906,0.07488439977169037,0.00840277224779129,-0.05607186257839203,-0.007445765193551779,0.14179134368896484,-0.023552708327770233,0.046815428882837296,0.035041339695453644,-0.02043820172548294,-0.024546649307012558,0.004395757801830769,0.027887020260095596,-0.027514977380633354,0.13791663944721222],""w_temp"":[0.16622577607631683,0.19846078753471375,-0.18518269062042236,0.2187519520521164,-0.06445220112800598,0.019428279250860214,-0.03528117015957832,0.1800755262374878],""w_vis"":[-0.012509111315011978,0.024755069985985756,0.07524070143699646,-0.0384066216647625,-0.0057672918774187565,-0.09459870308637619,-0.04219750687479973,0.08255377411842346],""bias"":[-0.8016997575759888,-0.807572066783905,-0.8092963099479675,-0.8351616263389587,-0.8294184803962708,-0.7966016530990601,-0.8379199504852295,-0.7979316115379333],""raw_tau"":[0.20182937383651733,0.19608867168426514,0.19456146657466888,0.1677759289741516,0.1736946552991867,0.2066105455160141,0.16531021893024445,0.20570041239261627],""reversal"":[-0.060791850090026855,-0.06642331928014755,-0.05215524882078171,-0.08036083728075027,0.04275044426321983,0.08158867061138153,-0.081915482878685,0.1779407411813736],""readout"":[-0.15649035573005676,-0.06975966691970825,-0.0789870023727417,-0.004925512243062258,-0.01621241681277752,0.12887831032276154,-0.010186106897890568,0.07083383202552795],""readout_bias"":[0.020292259752750397],""beta"":[0.18314409255981445],""sensory_mask"":[1.0,1.0,1.0,1.0,0.0,0.0,0.0,0.0]}"
920003,LTC_OUTPUT_SITE,114,120,8,122880,4.931528042000011,0.23515117168426514,0.24339294508099557,"{""w_rec"":[0.16208186745643616,-0.02582560107111931,0.055334996432065964,0.01767585799098015,0.00990208238363266,0.05135304853320122,-0.01685735024511814,-0.037219297140836716,-0.007540881633758545,0.14506596326828003,0.0251285620033741,0.030256152153015137,0.06374650448560715,0.029608136042952538,-0.02046278491616249,-0.00393669493496418,0.02794969268143177,-0.004093370866030455,0.14483875036239624,-0.01591656729578972,0.008482810109853745,0.04441384598612785,-0.013052628375589848,-0.07131542265415192,0.02844529040157795,-0.004130424931645393,-0.014127569273114204,0.14165277779102325,0.01023783814162016,-0.006132187787443399,-0.03762131929397583,0.015769315883517265,0.05439392849802971,0.01916760765016079,-0.0005688577657565475,0.0407867357134819,0.12191930413246155,-0.0698077455163002,-0.04510122537612915,-0.02229149453341961,0.076375313103199,-0.01790154166519642,0.006278419867157936,0.024203240871429443,0.0020602699369192123,0.16217514872550964,-0.01700712740421295,-0.06661218404769897,0.010347230359911919,-0.011963136494159698,0.023088864982128143,0.0643858015537262,0.059364255517721176,-0.039140138775110245,0.126105397939682,-0.0039138831198215485,0.05790198966860771,-0.05914348363876343,0.023543531075119972,0.0069773877039551735,0.019593125209212303,0.030001355335116386,-0.041078805923461914,0.07987962663173676],""w_temp"":[0.11383190751075745,-0.12888313829898834,0.17763982713222504,-0.38645777106285095,-0.19949758052825928,-0.029520757496356964,-0.0991065576672554,-0.11150261759757996],""w_vis"":[0.042175982147455215,-0.11814014613628387,0.1627017855644226,-0.09647950530052185,-0.11908149719238281,-0.07455731183290482,0.14270666241645813,-0.04068456217646599],""bias"":[-0.8327730894088745,-0.8386532068252563,-0.8336164951324463,-0.8145730495452881,-0.7957872152328491,-0.8411267995834351,-0.8227633833885193,-0.8345025777816772],""raw_tau"":[0.17046783864498138,0.16440841555595398,0.1694425791501999,0.1907828450202942,0.20795154571533203,0.1621318757534027,0.1808682531118393,0.1684992015361786],""reversal"":[-0.07619108259677887,0.00037654791958630085,-0.05172096937894821,-0.03956528753042221,-0.05495457351207733,0.0009200212080031633,0.04883905500173569,0.031506601721048355],""readout"":[0.15869469940662384,-0.12020744383335114,0.12203691899776459,-0.12736637890338898,-0.22130019962787628,0.22747619450092316,0.03275001794099808,-0.06738793849945068],""readout_bias"":[0.02700803056359291],""beta"":[0.19195184111595154],""sensory_mask"":[0.0,0.0,0.0,0.0,0.0,0.0,0.0,0.0]}"
920003,LTC_NO_FEEDBACK,114,120,8,122880,4.847109833999994,0.23601719737052917,0.24238218888640403,"{""w_rec"":[0.07960391789674759,-0.04002048075199127,-0.01770012453198433,-0.022382861003279686,-0.010209000669419765,-0.0338701494038105,0.06729187071323395,-0.07808902859687805,-0.05745498090982437,0.07641229033470154,0.00513922143727541,-0.03178998455405235,0.012823817320168018,-0.03229067102074623,0.04736858233809471,-0.10981673747301102,0.04043218865990639,-0.002837974578142166,0.1168162152171135,0.04691604897379875,-0.033779896795749664,0.031060976907610893,-0.05726751312613487,0.11516832560300827,-0.0510639026761055,-0.04362999647855759,0.002177635207772255,0.08364533632993698,0.03251248970627785,-0.05087881535291672,0.046826183795928955,-0.14045977592468262,-0.017598681151866913,-0.051950305700302124,-0.07452453672885895,-0.0051654321141541,0.09039728343486786,-0.031150244176387787,-0.03452649712562561,0.013535121455788612,0.08396577835083008,0.029100608080625534,-0.020199721679091454,0.04475961625576019,-0.019368696957826614,0.12757624685764313,-0.06355778127908707,0.04818765074014664,-0.026753101497888565,-0.07093577831983566,-0.044802166521549225,-0.010316547937691212,-0.038097936660051346,-0.03990651294589043,0.07116618007421494,0.013017007149755955,-0.08696111291646957,-0.14388592541217804,-0.09807080030441284,0.0013183706905692816,0.0048118578270077705,-0.07612922042608261,-0.0862264335155487,0.17921090126037598],""w_temp"":[-0.0975661352276802,0.1445244997739792,-0.15446512401103973,-0.14405031502246857,0.45979851484298706,-0.35322827100753784,-0.16968563199043274,0.18374109268188477],""w_vis"":[-0.10100051760673523,0.11150715500116348,0.09691135585308075,-0.17983131110668182,0.02771570347249508,-0.024148238822817802,0.030227506533265114,-0.20044538378715515],""bias"":[-0.833614706993103,-0.825964629650116,-0.789515495300293,-0.8399868011474609,-0.8524295091629028,-0.7951990962028503,-0.8464905619621277,-0.9009511470794678],""raw_tau"":[0.16949450969696045,0.17724372446537018,0.214248389005661,0.16294458508491516,0.1518973857164383,0.2098199874162674,0.15697672963142395,0.10253963619470596],""reversal"":[-0.006828049663454294,0.08219373971223831,0.12523818016052246,-0.011605743318796158,-0.0018187183886766434,0.1729990839958191,0.00032637440017424524,0.003114573657512665],""readout"":[-0.049653779715299606,-0.05976284295320511,0.29768216609954834,-0.17986610531806946,-0.001592672080732882,0.09072495251893997,0.0029390219133347273,0.00848409440368414],""readout_bias"":[0.018404558300971985],""beta"":[0.25],""sensory_mask"":[0.0,0.0,0.0,0.0,0.0,0.0,0.0,0.0]}"
920003,LTC_DENSE_FEEDBACK,114,120,8,122880,5.915038625000008,0.23634381592273712,0.24289216548204423,"{""w_rec"":[0.09971380978822708,0.020022111013531685,0.04044394940137863,0.0509776808321476,0.02167903259396553,0.0005597893614321947,-0.006307999603450298,-0.018602415919303894,0.02498238906264305,0.21572792530059814,0.060381606221199036,0.021091507747769356,-0.01850801706314087,0.044568199664354324,0.028161516413092613,0.07077617198228836,-0.005243066698312759,0.038363728672266006,0.11243313550949097,0.003723583184182644,-0.05121815204620361,0.0323103591799736,0.035568322986364365,0.0011054775677621365,0.024031182751059532,-0.021567579358816147,0.004713803995400667,0.10689660161733627,-0.018603278324007988,-0.004013751167804003,0.014454478397965431,0.011382769793272018,0.0005734518636018038,-0.02486642636358738,0.026948437094688416,0.018455011770129204,0.06985744833946228,0.06176489219069481,0.016757622361183167,0.02706621028482914,0.03828973323106766,0.05855332314968109,0.02363531105220318,0.027885878458619118,-0.04565432667732239,0.1538681536912918,0.04792754352092743,0.05066109076142311,0.054610706865787506,0.009990973398089409,0.06850752979516983,0.044590532779693604,0.0028732807841151953,0.0003273185866419226,0.12017161399126053,-0.011595754884183407,-0.021156182512640953,0.01928321272134781,-0.036155201494693756,-0.01690206676721573,-0.024348093196749687,-0.027577655389904976,-0.07654398679733276,0.11557777225971222],""w_temp"":[-0.005162721034139395,0.22493164241313934,-0.056479401886463165,-0.2677995562553406,0.010403640568256378,0.06880903989076614,-0.04914053902029991,-0.3290925621986389],""w_vis"":[-0.1793195754289627,-0.0988602265715599,0.08061479777097702,0.2639543116092682,-0.15446071326732635,-0.0711459070444107,-0.005865393206477165,-0.031904738396406174],""bias"":[-0.8145802617073059,-0.8387683033943176,-0.8232455849647522,-0.8024843335151672,-0.8217896223068237,-0.8272109627723694,-0.8293653726577759,-0.7927644848823547],""raw_tau"":[0.1885308474302292,0.1641400158405304,0.17981314659118652,0.2022634744644165,0.18161070346832275,0.1761554479598999,0.17381739616394043,0.2119663953781128],""reversal"":[-0.07448336482048035,-0.10711434483528137,-0.14043936133384705,-0.17166642844676971,0.08407671749591827,-0.014323579147458076,-0.07575556635856628,-0.1851845383644104],""readout"":[-0.05688955634832382,-0.006853580474853516,0.04006143659353256,-0.07806885242462158,-0.08302205055952072,0.14870470762252808,0.005339544266462326,-0.4030919373035431],""readout_bias"":[0.013525821268558502],""beta"":[0.1389600932598114],""sensory_mask"":[1.0,1.0,1.0,1.0,1.0,1.0,1.0,1.0]}"
920003,LTC_SENSORY_YOKED,114,120,8,122880,5.976222042000003,0.235637366771698,0.24223894625902176,"{""w_rec"":[0.11523392796516418,-0.05584000051021576,0.06421161442995071,-0.050164222717285156,-0.04457691311836243,-0.0458386167883873,-0.026675119996070862,-0.03715863078832626,-0.0398591123521328,0.05441192537546158,0.059443242847919464,0.012227666564285755,-0.04513658955693245,-0.03556172922253609,-0.016663290560245514,-0.05295034870505333,-0.018810885027050972,-0.036844585090875626,0.17017194628715515,0.014578910544514656,-0.04227657616138458,-0.03191544488072395,0.04018230736255646,0.00935228168964386,-0.05249616131186485,-0.0177413709461689,0.04950733855366707,0.08412806689739227,0.02732454426586628,-0.055040158331394196,-0.08768659830093384,0.08885492384433746,-0.005552258342504501,0.014854149892926216,-0.026715993881225586,-0.0037447549402713776,0.15520262718200684,-0.01631072722375393,-0.061279669404029846,0.07047944515943527,0.0496598482131958,0.009432055056095123,-0.04927467554807663,0.014173106290400028,0.005447461269795895,0.08868224918842316,-0.05997747182846069,0.023456303402781487,-0.02410118840634823,-0.03819889947772026,0.042587604373693466,-0.017972394824028015,-0.05773745849728584,-0.06535790860652924,0.027842434123158455,0.045694977045059204,-0.05926750227808952,-0.03394322842359543,0.04231617972254753,-0.058275528252124786,-0.02596760168671608,-0.006626765243709087,-0.021688655018806458,0.14520899951457977],""w_temp"":[0.141718789935112,0.007478331681340933,-0.11701388657093048,-0.12275900691747665,-0.2639864683151245,0.21788376569747925,-0.1989665925502777,0.02759462781250477],""w_vis"":[0.02440696954727173,0.18100444972515106,-0.2367056906223297,-0.0873093530535698,-0.07282797247171402,0.016387736424803734,-0.061397895216941833,0.006913891062140465],""bias"":[-0.8308559656143188,-0.8311652541160583,-0.8304816484451294,-0.8425230979919434,-0.7872106432914734,-0.7938563823699951,-0.8553285002708435,-0.8458795547485352],""raw_tau"":[0.17235726118087769,0.17202436923980713,0.17261143028736115,0.16082720458507538,0.2169746458530426,0.20996281504631042,0.14814792573451996,0.1575312614440918],""reversal"":[0.07357190549373627,0.06042783334851265,-0.034386057406663895,0.08938803523778915,0.13189032673835754,0.07021669298410416,0.0054427762515842915,0.0012519614538177848],""readout"":[-0.039439454674720764,-0.03992931544780731,0.06393137574195862,0.02545914053916931,0.12532198429107666,0.20521798729896545,0.0009941752068698406,-0.0016754125244915485],""readout_bias"":[0.024120450019836426],""beta"":[0.32206830382347107],""sensory_mask"":[1.0,1.0,1.0,1.0,0.0,0.0,0.0,0.0]}"
920003,GRU_4,113,120,8,122880,1.7204990420000001,0.4881058633327484,0.2453620284795761,"{""cell.weight_ih"":[-0.16996854543685913,-0.34813374280929565,0.10564352571964264,0.18597888946533203,0.14312881231307983,-0.050313375890254974,-0.35667723417282104,-0.2302292436361313,-0.4650340676307678,-0.12528257071971893,0.541236937046051,-0.19146424531936646,-0.40389031171798706,0.19341281056404114,0.07329543679952621,-0.1513443887233734,0.03694532439112663,0.21594589948654175,-0.47278404235839844,0.5240922570228577,0.17621713876724243,0.29003944993019104,0.1304689645767212,0.4068862199783325,0.43396562337875366,0.10486798733472824,0.3110416531562805,-0.03967186436057091,0.24969537556171417,0.19612962007522583,0.32899320125579834,0.14793401956558228,0.2415282428264618,0.44384998083114624,-0.3411009907722473,0.4941863715648651],""cell.weight_hh"":[0.32919880747795105,0.3919530212879181,0.46387848258018494,0.31921613216400146,0.20290665328502655,-0.22037294507026672,-0.29580554366111755,0.3968621492385864,0.09099869430065155,0.0340067557990551,-0.3256455063819885,-0.3915066123008728,0.38358354568481445,-0.23223164677619934,0.1394004374742508,0.3184508979320526,-0.2076059877872467,-0.1902921497821808,0.09080734848976135,-0.2287484109401703,0.04185771942138672,-0.10804431140422821,0.08734973520040512,-0.045348890125751495,0.3674134314060211,0.14063172042369843,-0.5302700996398926,0.8793760538101196,0.21366846561431885,0.3370656371116638,0.04139765352010727,0.24552080035209656,0.1456231325864792,-0.16778676211833954,-0.31913626194000244,-0.11842337250709534,0.5307708382606506,-0.27031782269477844,-0.40055277943611145,-0.052255988121032715,0.022101707756519318,-0.3604809045791626,-0.25681233406066895,0.5276671051979065,0.6143378019332886,0.27345049381256104,-0.33101630210876465,-0.3281225562095642],""cell.bias_ih"":[0.21841120719909668,0.01534948404878378,-0.6274929046630859,0.554624080657959,-0.135954350233078,-0.1544683873653412,-0.1157304048538208,0.40527454018592834,0.2618635296821594,-0.2665962278842926,-0.35986635088920593,-0.2578098177909851],""cell.bias_hh"":[-0.30856674909591675,-0.6144638061523438,-0.11625741422176361,0.15910476446151733,0.25373968482017517,0.06565452367067337,0.18305352330207825,0.5285482406616211,-0.0666181892156601,-0.31283488869667053,0.08576761931180954,0.5902871489524841],""readout.weight"":[-0.5783325433731079,-0.04071046784520149,0.38076040148735046,-0.1783498227596283],""readout.bias"":[0.30429965257644653]}"
920003,GRU_8,321,120,8,122880,1.7275986249999846,0.32019728422164917,0.2454379044473171,"{""cell.weight_ih"":[-0.013122109696269035,0.13596932590007782,-0.09644409269094467,-0.4104686677455902,-0.4245501160621643,0.11802935600280762,-0.40960341691970825,-0.2095794677734375,0.027425678446888924,0.40143418312072754,-0.4221170246601105,0.02532309666275978,-0.46848687529563904,-0.3480672240257263,0.12050238996744156,-0.12720316648483276,-0.2511886954307556,-0.1054408848285675,0.07779030501842499,-0.3993249833583832,-0.22644557058811188,-0.13719581067562103,0.08913017064332962,0.0794801265001297,0.16436728835105896,-0.32353127002716064,0.09357866644859314,-0.13169649243354797,-0.12378275394439697,-0.15364331007003784,-0.005639155860990286,0.10499097406864166,-0.19537025690078735,0.07402923703193665,0.29722797870635986,0.05379539355635643,0.199949249625206,0.24435016512870789,-0.3081221580505371,0.1784203201532364,0.2864101231098175,0.3994506895542145,0.33152708411216736,0.3364001214504242,-0.10104130208492279,-0.12401299923658371,-0.013309711590409279,0.20678986608982086,0.08009732514619827,0.40445655584335327,0.16240350902080536,0.325235515832901,0.26077771186828613,-0.08125004172325134,-0.43476560711860657,0.2424265593290329,0.04669725522398949,-0.14712239801883698,0.19821850955486298,0.015701351687312126,-0.28382399678230286,-0.05778728798031807,-0.10869023948907852,0.08119764178991318,-0.12123151123523712,0.4316815733909607,0.1722049117088318,-0.10677061975002289,0.40108710527420044,0.26339542865753174,0.09487703442573547,0.030032306909561157],""cell.weight_hh"":[0.07220060378313065,0.27963513135910034,0.22323046624660492,-0.32694244384765625,-0.03264741972088814,-0.15005576610565186,-0.21785025298595428,-0.2505980432033539,0.16121819615364075,-0.011808780953288078,-0.0252503864467144,0.3462361693382263,0.1341623216867447,0.30686646699905396,0.3792974352836609,-0.4252051115036011,-0.1370997279882431,-0.21776053309440613,-0.1724877804517746,-0.010052584111690521,0.21510016918182373,0.08157514780759811,0.028604362159967422,0.00777614489197731,-0.21196317672729492,0.07589311897754669,0.13201044499874115,-0.22517310082912445,-0.03629235550761223,-0.04858843609690666,-0.17787298560142517,-0.021793575957417488,0.17971116304397583,-0.03346695378422737,-0.03546744957566261,-0.16539894044399261,0.14521878957748413,-0.12769438326358795,0.2526628375053406,-0.27482855319976807,-0.34974390268325806,-0.32929089665412903,0.0018204271327704191,0.018176376819610596,-0.011473623104393482,0.24755625426769257,-0.17990714311599731,-0.2516551911830902,-0.24723298847675323,-0.2660691440105438,-0.09312362968921661,-0.38760384917259216,0.08639662712812424,-0.12747225165367126,-0.23010094463825226,0.009875619783997536,-0.22638994455337524,0.02976135164499283,0.23179760575294495,-0.2817699909210205,0.16789305210113525,0.12926417589187622,-0.09248070418834686,-0.25545361638069153,-0.14010533690452576,-0.03223082423210144,-0.4265440106391907,-0.3417559862136841,-0.28337445855140686,-0.15122142434120178,-0.07371432334184647,0.40036866068840027,0.22302541136741638,0.14530012011528015,0.2860510051250458,0.06646210700273514,0.18786439299583435,0.09486649185419083,0.10190336406230927,0.23115773499011993,-0.07025294005870819,-0.30527856945991516,-0.12463881075382233,-0.15202423930168152,-0.09085642546415329,-0.03203572332859039,0.20688383281230927,0.48558226227760315,0.20084773004055023,-0.2355576604604721,0.19954565167427063,0.12039721757173538,0.35294049978256226,0.3769228458404541,-0.11769570410251617,0.1795031875371933,-0.4093739688396454,-0.15351970493793488,0.11508063226938248,-0.3124750256538391,-0.1368706375360489,-0.14659111201763153,0.28792470693588257,0.30616647005081177,-0.10616464167833328,-0.34367403388023376,0.4820854961872101,0.06715860962867737,0.03561945632100105,0.2671886384487152,0.11172787845134735,-0.5100814700126648,0.46024271845817566,-0.08809734135866165,0.37684139609336853,0.40840351581573486,0.4117645025253296,-0.27185875177383423,-0.17426112294197083,-0.11291983723640442,0.04044432193040848,-0.22931455075740814,0.3402794897556305,0.3837352991104126,0.22112832963466644,0.014676379039883614,-0.01573234237730503,-0.40969550609588623,0.14208470284938812,-0.04597677290439606,0.4069979786872864,-0.2631913721561432,0.16486413776874542,-0.2014012485742569,-0.3625044822692871,0.2339668571949005,-0.22939041256904602,0.08146191388368607,-0.42285487055778503,-0.14462195336818695,0.3858511447906494,-0.22604629397392273,0.003568036947399378,0.20818720757961273,-0.07801321148872375,0.2295362502336502,-0.278733491897583,-0.2934100031852722,-0.25507432222366333,0.12946191430091858,0.08417905122041702,-0.1066780760884285,0.3328378200531006,-0.035199087113142014,-0.031234988942742348,-0.3431597352027893,-0.07877115905284882,0.06795565038919449,0.05401115491986275,-0.08248584717512131,0.07295408099889755,0.01700313575565815,-0.16198110580444336,0.3748495578765869,-0.2601562738418579,0.11119010299444199,-0.05890442430973053,0.3607455790042877,-0.3414906859397888,0.24517515301704407,0.04548652470111847,-0.13084784150123596,-0.22661192715168,0.1890944093465805,0.17592108249664307,-0.0043640341609716415,-0.1288435012102127,-0.37464284896850586,-0.2710473835468292,-0.06108503416180611,0.12411778420209885,-0.10088297724723816,-0.11254438757896423,0.18979664146900177,-0.3838392198085785,0.20767949521541595,0.19487224519252777,-0.013981541618704796,-0.07270698994398117,0.2328050583600998,-0.15655633807182312,0.004546710755676031],""cell.bias_ih"":[-0.23305463790893555,-0.3985650837421417,-0.0886935219168663,0.22962969541549683,0.056208666414022446,-0.22991034388542175,-0.09600821137428284,-0.04103705659508705,-0.2935124933719635,-0.4320921003818512,0.22466044127941132,0.22833997011184692,0.3474917411804199,-0.2863460183143616,0.3318113684654236,-0.2616393268108368,-0.09228713810443878,0.05084507167339325,-0.08366679400205612,0.17902831733226776,-0.2709651589393616,-0.3597787618637085,-0.3269115090370178,-0.015563529916107655],""cell.bias_hh"":[-0.2753817141056061,-0.22565865516662598,-0.1640460342168808,0.12102826684713364,-0.19764205813407898,0.11627650260925293,-0.08911149203777313,-0.15958864986896515,0.24197527766227722,-0.2016270011663437,-0.17922884225845337,-0.1987924724817276,0.019924677908420563,-0.03031739592552185,0.09982895851135254,-0.20239602029323578,0.2952893078327179,0.12379264831542969,0.11388732492923737,-0.11562331020832062,-0.026901837438344955,0.08819691836833954,0.22073855996131897,-0.22544501721858978],""readout.weight"":[0.2207571566104889,-0.10451352596282959,-0.1080111563205719,0.10760948807001114,-0.045435965061187744,-0.17318738996982574,-0.35165464878082275,-0.18301640450954437],""readout.bias"":[-0.2621611952781677]}"
920004,LTC_SENSORY_SITE,114,120,8,122880,5.844035832999992,0.16294792294502258,0.30227887257933617,"{""w_rec"":[0.14619770646095276,0.021962646394968033,-0.0670633539557457,-0.028576742857694626,-0.024890458211302757,0.03441409021615982,-0.049263760447502136,-0.041193604469299316,0.008370681665837765,0.15410763025283813,-0.07467816770076752,-0.02895287610590458,0.040354058146476746,0.04282493144273758,0.006421969272196293,-0.01104840449988842,-0.06795458495616913,-0.05498889461159706,0.18103158473968506,0.055853284895420074,0.03296913206577301,-0.08613532036542892,0.07545328885316849,-0.041832298040390015,0.006145338993519545,-0.024575363844633102,-0.06483686715364456,0.10067921876907349,0.05918388068675995,-0.024978583678603172,0.026801697909832,-0.0012964619090780616,0.015858525410294533,0.003479105420410633,-0.03496544063091278,0.045389629900455475,0.1626245528459549,-0.0008981326245702803,0.038966674357652664,-0.0037520574405789375,0.014087892137467861,0.012440856546163559,-0.07500169426202774,-0.013629209250211716,-0.010742834769189358,0.17356380820274353,-0.02744610421359539,0.026260508224368095,-0.14308619499206543,-0.11744267493486404,0.03421232849359512,0.06888769567012787,0.08867357671260834,-0.09700173139572144,0.18674293160438538,-0.06862705200910568,-0.01164593081921339,-0.04170113801956177,-0.015564795583486557,0.022849906235933304,0.04800084978342056,0.0008086877642199397,0.0023732830304652452,0.08802729099988937],""w_temp"":[-0.19023668766021729,-0.24289537966251373,-0.05205364525318146,-0.11132437735795975,-0.0011695718858391047,-0.42771634459495544,-0.15078654885292053,-0.4390605390071869],""w_vis"":[0.01695629395544529,-0.00111777288839221,-0.05435991287231445,0.09551925212144852,0.1137424036860466,-0.06313824653625488,-0.11928600817918777,-0.1322569102048874],""bias"":[-0.7728462219238281,-0.7668423056602478,-0.8792104721069336,-0.7799248099327087,-0.8104543685913086,-0.7619867920875549,-0.8905556797981262,-0.8070955872535706],""raw_tau"":[0.2303037792444229,0.23680108785629272,0.12382388859987259,0.22224745154380798,0.19095148146152496,0.24301639199256897,0.11280696094036102,0.19795431196689606],""reversal"":[0.14656491577625275,0.15447154641151428,-0.012954848818480968,-0.09694027900695801,-0.03690476715564728,0.16187496483325958,-0.12505784630775452,0.04822157695889473],""readout"":[-0.15591061115264893,-0.2577165961265564,-0.06424359977245331,0.16515222191810608,0.04340231046080589,-0.2891027331352234,0.030875157564878464,-0.06645277142524719],""readout_bias"":[-0.05039793625473976],""beta"":[0.2658288776874542],""sensory_mask"":[1.0,1.0,1.0,1.0,0.0,0.0,0.0,0.0]}"
920004,LTC_OUTPUT_SITE,114,120,8,122880,4.943048916999999,0.157350555062294,0.30148657113313676,"{""w_rec"":[0.1300818920135498,0.018523670732975006,0.11965365707874298,-0.04450283199548721,-0.033373765647411346,-0.11310867965221405,0.03185494244098663,0.17873135209083557,-0.029990769922733307,0.04210924357175827,0.08496130257844925,-0.007876837626099586,-0.06200046092271805,-0.11387878656387329,0.01068122312426567,0.130463108420372,0.13393935561180115,0.10639753192663193,0.10224588960409164,0.07964608073234558,0.06626224517822266,0.11453228443861008,-0.0889236107468605,-0.11390884965658188,0.0739690437912941,0.08199413120746613,-0.07686144858598709,0.24025221168994904,0.043065156787633896,0.13836640119552612,-0.05815539509057999,-0.0610688291490078,0.08514796942472458,0.040376562625169754,-0.07186060398817062,0.07074978202581406,0.16943037509918213,0.09850402176380157,-0.03936993330717087,-0.06215308979153633,0.14460918307304382,0.12156355381011963,-0.05777216702699661,0.12296420335769653,0.05570173263549805,0.21249845623970032,-0.1617749035358429,-0.04915815219283104,-0.0027777226641774178,-0.0038726376369595528,0.14408226311206818,-0.031460534781217575,-0.05118658021092415,-0.13325460255146027,0.10813461989164352,0.12235953658819199,0.09226108342409134,0.12173875421285629,-0.029132181778550148,0.04730430245399475,0.043030381202697754,0.11195734143257141,-0.08603775501251221,0.07119552791118622],""w_temp"":[-0.18102969229221344,-0.13598217070102692,0.025021860376000404,0.1827181875705719,-0.00863606482744217,0.28420406579971313,-0.2114042192697525,0.0718754231929779],""w_vis"":[-0.06304232776165009,-0.06300713866949081,-0.13178160786628723,0.029624005779623985,-0.03622131794691086,-0.23454120755195618,-0.2869141101837158,-0.16177073121070862],""bias"":[-0.7653043270111084,-0.7588411569595337,-0.8965503573417664,-0.8704693913459778,-0.8592039942741394,-0.9074786901473999,-0.7781603932380676,-0.8884602189064026],""raw_tau"":[0.23809221386909485,0.24425794184207916,0.10672544687986374,0.13383610546588898,0.14417678117752075,0.09613242745399475,0.2261463850736618,0.11490590125322342],""reversal"":[-0.1016131341457367,-0.16229869425296783,-0.015111485496163368,-0.19781814515590668,-0.0010721375001594424,0.005446505732834339,0.0881047174334526,-0.007881185039877892],""readout"":[0.3302851617336273,0.27529752254486084,0.07089219987392426,-0.17761608958244324,0.00037278319359757006,-0.25847727060317993,-0.09662836045026779,0.060159023851156235],""readout_bias"":[-0.0587664470076561],""beta"":[0.18817317485809326],""sensory_mask"":[0.0,0.0,0.0,0.0,0.0,0.0,0.0,0.0]}"
920004,LTC_NO_FEEDBACK,114,120,8,122880,4.851912083000002,0.1586904227733612,0.30217147022485735,"{""w_rec"":[0.10683558881282806,-0.10268070548772812,0.09196958690881729,0.0953114852309227,-0.13118723034858704,0.132070854306221,0.05678381770849228,-0.10476066172122955,-0.023573528975248337,0.06301338970661163,-0.048398539423942566,-0.032942820340394974,0.039134226739406586,0.0003508699592202902,-0.006399063393473625,0.039329893887043,0.05748721584677696,-0.044551361352205276,0.22033366560935974,0.06851708143949509,-0.09319233149290085,0.10819806903600693,0.02996876835823059,-0.05139971524477005,-0.025231726467609406,0.034684788435697556,-0.008623993024230003,0.11745428293943405,0.08024878054857254,-0.04646876081824303,-0.026428690180182457,0.026533594354987144,0.013337094336748123,-0.07463297247886658,0.08477534353733063,0.0642317682504654,0.04220176860690117,0.07210536301136017,0.05659816414117813,-0.010707658715546131,0.002586499322205782,-0.0037753889337182045,-0.04529901221394539,-0.05092622712254524,0.03708891570568085,0.10611169040203094,-0.03017759695649147,0.04699543118476868,0.02711009979248047,0.03191802650690079,-0.07657662034034729,-0.04032187908887863,0.05757825821638107,-0.040024347603321075,0.10212550312280655,0.042466651648283005,-0.016913220286369324,-0.09167079627513885,0.10722552984952927,0.05815067142248154,-0.048496391624212265,0.06154104322195053,0.031980328261852264,0.035527750849723816],""w_temp"":[0.23070167005062103,-0.27925539016723633,0.14698845148086548,-0.22449445724487305,-0.2819315791130066,-0.1580422967672348,-0.10109734535217285,-0.019862672314047813],""w_vis"":[-0.08936698734760284,-0.10072499513626099,0.009863154031336308,0.00600049551576376,0.02961878292262554,-0.11206390708684921,0.0969461053609848,-0.10905996710062027],""bias"":[-0.9073000550270081,-0.7806832194328308,-0.8777143359184265,-0.7591698169708252,-0.8837553858757019,-0.7650312781333923,-0.7551473379135132,-0.8801543116569519],""raw_tau"":[0.0969601720571518,0.22342745959758759,0.12628401815891266,0.24423760175704956,0.11872389912605286,0.23832271993160248,0.24686458706855774,0.12302160263061523],""reversal"":[-0.007868795655667782,0.06677044183015823,-0.17547602951526642,-0.0985717847943306,0.025116853415966034,-0.2324790358543396,-0.2560581564903259,0.0210675410926342],""readout"":[-0.006070408504456282,-0.09754559397697449,-0.1179954782128334,0.31729796528816223,0.0825771614909172,0.08565497398376465,0.14467905461788177,0.017121417447924614],""readout_bias"":[-0.06509187817573547],""beta"":[0.25],""sensory_mask"":[0.0,0.0,0.0,0.0,0.0,0.0,0.0,0.0]}"
920004,LTC_DENSE_FEEDBACK,114,120,8,122880,5.906636833000022,0.16227459907531738,0.30248143449425696,"{""w_rec"":[0.1560877561569214,-0.006065824069082737,0.0025605824775993824,-0.04445050284266472,-0.05526977404952049,-0.01623861864209175,0.012454859912395477,0.0525888130068779,-0.015310486778616905,0.08483768999576569,0.0171708595007658,-0.04274152219295502,-0.003349707927554846,0.0006465286714956164,-0.02517201565206051,-0.002944130217656493,0.021868044510483742,0.0019147474085912108,0.10496559739112854,-0.08431082963943481,-0.043685734272003174,-0.010083405300974846,-0.017629101872444153,0.01872888207435608,-0.08577556163072586,-0.06903654336929321,-0.06870253384113312,0.22928571701049805,0.13172027468681335,0.07606635242700577,0.07278092205524445,-0.11458057165145874,0.04300958663225174,0.022494319826364517,-0.017985302954912186,-0.08941177278757095,0.09404376149177551,-0.03872748091816902,-0.07057987153530121,0.009403199888765812,0.06283685564994812,0.05804656073451042,0.07681448757648468,-0.024319402873516083,0.013471938669681549,0.13942880928516388,-0.03876882418990135,0.0051260460168123245,-0.05498690903186798,-0.06389783322811127,-0.057308778166770935,0.025084685534238815,0.08179719746112823,0.08135662227869034,0.19912154972553253,-0.064793661236763,-0.016838438808918,0.029417095705866814,0.016777843236923218,-0.02045399323105812,-0.019406631588935852,-0.05387186259031296,-0.008749482221901417,0.15274673700332642],""w_temp"":[-0.20840421319007874,-0.35931211709976196,-0.09669601172208786,0.4293113946914673,-0.065335214138031,-0.2018277645111084,0.0654110535979271,-0.21441276371479034],""w_vis"":[-0.09656336903572083,0.02207445725798607,0.00596555694937706,-0.07799024879932404,-0.027462705969810486,0.03224412724375725,-0.015886474400758743,0.03181207552552223],""bias"":[-0.779623806476593,-0.7917429804801941,-0.7646366953849792,-0.8866820335388184,-0.7716580629348755,-0.7694076299667358,-0.8561031818389893,-0.7729556560516357],""raw_tau"":[0.22405745089054108,0.21260187029838562,0.2378295212984085,0.11841532588005066,0.2307061403989792,0.23378266394138336,0.14734672009944916,0.23031243681907654],""reversal"":[0.1337028294801712,0.08091892302036285,0.17853860557079315,-0.011021075770258904,-0.14347195625305176,-0.1228007972240448,0.0075741116888821125,0.14471852779388428],""readout"":[-0.08421541005373001,-0.06631072610616684,-0.2105083465576172,-0.08010973781347275,0.1378496289253235,0.18479548394680023,-0.0015136700822040439,-0.11523865163326263],""readout_bias"":[-0.054439712315797806],""beta"":[0.26742151379585266],""sensory_mask"":[1.0,1.0,1.0,1.0,1.0,1.0,1.0,1.0]}"
920004,LTC_SENSORY_YOKED,114,120,8,122880,5.971327459000008,0.16079570353031158,0.30279925763607024,"{""w_rec"":[0.07136676460504532,0.09253177046775818,0.03197941184043884,0.06283748149871826,0.0021083673927932978,-0.019446352496743202,-0.025077860802412033,-0.0111564751714468,0.11584285646677017,0.1108773946762085,-0.14717252552509308,0.024247316643595695,-0.05749544873833656,0.07235722988843918,-0.09033358842134476,0.09908704459667206,-0.04277524724602699,0.09011342376470566,0.12484399974346161,0.04741949215531349,-0.04208749532699585,-0.043487802147865295,0.005112247075885534,0.026914071291685104,0.05095604807138443,-0.0022169090807437897,-0.08859504759311676,0.13551877439022064,-0.057742007076740265,0.11603453755378723,-0.07777539640665054,0.09705118089914322,0.021302783861756325,0.06295732408761978,-0.09474246203899384,0.04169328510761261,0.07306748628616333,-0.009945220313966274,-0.023363811895251274,0.030036702752113342,-0.005084729753434658,0.16432346403598785,-0.005978452041745186,0.10767694562673569,-0.02187073603272438,0.09110923111438751,0.07545065879821777,0.009223125874996185,0.036029521375894547,0.08931728452444077,-0.002043931744992733,0.08702310174703598,-0.001937801018357277,-0.017078367993235588,0.09827840328216553,-0.025644518435001373,0.019923526793718338,0.11108054965734482,-0.006142983213067055,0.09910273551940918,-0.04365859925746918,0.00016503478400409222,-0.04197372496128082,0.14575617015361786],""w_temp"":[-0.24662403762340546,-0.044726938009262085,-0.17592865228652954,-0.12316758185625076,0.009147805161774158,-0.4349908232688904,0.06147286295890808,-0.16395023465156555],""w_vis"":[-0.024349816143512726,-0.03575746715068817,-0.03583936020731926,-0.20265328884124756,-0.03825461119413376,0.059646278619766235,-0.028051035478711128,0.034434836357831955],""bias"":[-0.76778644323349,-0.8847942352294922,-0.7775871753692627,-0.8847761154174805,-0.8282644748687744,-0.7583011984825134,-0.7925659418106079,-0.7980669140815735],""raw_tau"":[0.2359439730644226,0.11783207207918167,0.22563548386096954,0.11869886517524719,0.17399169504642487,0.24655355513095856,0.20857849717140198,0.20479469001293182],""reversal"":[-0.08180072158575058,-0.03211671859025955,0.07705903053283691,-0.02252037450671196,0.007205654866993427,-0.11186519265174866,0.16517096757888794,-0.04786573722958565],""readout"":[0.2504795789718628,0.11610184609889984,-0.10073930770158768,0.03216097876429558,-0.007218183949589729,0.2165922373533249,-0.05314987525343895,0.058959003537893295],""readout_bias"":[-0.06289426237344742],""beta"":[0.26171228289604187],""sensory_mask"":[1.0,1.0,1.0,1.0,0.0,0.0,0.0,0.0]}"
920004,GRU_4,113,120,8,122880,1.7232291250000173,0.29230985045433044,0.29566317349672316,"{""cell.weight_ih"":[-0.028324324637651443,-0.4648171365261078,-0.4274601638317108,0.09189160913228989,-0.016954094171524048,0.45652756094932556,0.36960577964782715,0.26459547877311707,-0.37927961349487305,-0.17312517762184143,-0.15293225646018982,-0.37286633253097534,0.29659613966941833,0.5263770818710327,-0.14920291304588318,-0.26232823729515076,-0.20053671300411224,0.3311634063720703,-0.422241747379303,0.14012353122234344,0.2978039085865021,0.3293165862560272,0.4285230040550232,0.07049646973609924,0.45262017846107483,0.24491454660892487,-0.33045077323913574,-0.007686357945203781,0.3167353868484497,0.14746226370334625,0.3766712546348572,-0.06942050904035568,-0.029231920838356018,-0.223593607544899,0.016843069344758987,0.11758687347173691],""cell.weight_hh"":[0.19729933142662048,0.3115459084510803,-0.35204416513442993,0.5180575847625732,-0.2184971421957016,-0.22793449461460114,-0.4153401851654053,0.10442787408828735,-0.06457170099020004,-0.07941863685846329,-0.15878109633922577,-0.5098022222518921,-0.0820009708404541,0.13239632546901703,0.018855439499020576,0.31411874294281006,0.2930653691291809,-0.42620640993118286,0.4070300757884979,-0.5590983033180237,0.041509270668029785,0.41499063372612,-0.493639200925827,-0.11372723430395126,-0.3209034204483032,0.29477572441101074,-0.06469284743070602,-0.25131741166114807,0.23709629476070404,0.3704972267150879,-0.4504099190235138,-0.12325077503919601,-0.24052704870700836,0.236094668507576,0.13534830510616302,0.2791994512081146,-0.021488631144165993,-0.2288598269224167,0.06025957688689232,-0.37484559416770935,0.48658910393714905,0.08530700951814651,-0.022564643993973732,-0.4955183267593384,-0.09249858558177948,0.3727242648601532,-0.14873167872428894,-0.15512171387672424],""cell.bias_ih"":[-0.5211765766143799,0.37382811307907104,0.23193098604679108,0.4911864399909973,-0.2501535415649414,0.24579235911369324,0.354778528213501,-0.40388283133506775,-0.12803347408771515,-0.5059968829154968,0.3228827714920044,-0.21629424393177032],""cell.bias_hh"":[-0.4055962860584259,0.28042101860046387,-0.06036684662103653,0.009500042535364628,-0.2423214465379715,0.3371889591217041,-0.258987694978714,0.23848609626293182,0.34177079796791077,0.4251725971698761,0.08891339600086212,-0.12944111227989197],""readout.weight"":[-0.07602883875370026,0.06858553737401962,0.5154147744178772,-0.20323774218559265],""readout.bias"":[-0.38370266556739807]}"
920004,GRU_8,321,120,8,122880,1.717650582999994,0.15092286467552185,0.2949084654450417,"{""cell.weight_ih"":[0.21494925022125244,-0.17219381034374237,0.1048060730099678,0.006641803774982691,-0.38739022612571716,-0.25945138931274414,-0.101469486951828,0.06914831697940826,-0.2569669783115387,-0.29081183671951294,0.09508322924375534,-0.41013503074645996,0.22882966697216034,-0.012158269062638283,-0.041264086961746216,-0.28679215908050537,0.05972360819578171,0.34782353043556213,0.05877293646335602,-0.19035793840885162,0.18007409572601318,0.10866883397102356,-0.14134204387664795,-0.36897996068000793,0.015058618038892746,-0.011434522457420826,-0.40961137413978577,0.08131498098373413,-0.23217563331127167,-0.2457282394170761,0.29367586970329285,-0.0316934734582901,-0.27408576011657715,0.27651962637901306,-0.2954685389995575,-0.2060714066028595,-0.003973569720983505,-0.26236197352409363,-0.3242296874523163,-0.34653332829475403,0.3715237081050873,0.02424670197069645,-0.05947140231728554,-0.2033337503671646,-0.07952211052179337,-0.026699520647525787,0.09487215429544449,-0.0439617782831192,0.38336730003356934,0.11738051474094391,-0.22413913905620575,0.3414269685745239,-0.059741418808698654,-0.12347820401191711,0.10767821967601776,-0.19838407635688782,0.2352829873561859,-0.3378303349018097,-0.08362793922424316,-0.21859146654605865,-0.19077728688716888,-0.1079406589269638,0.3584502637386322,0.1428426057100296,-0.3015022873878479,0.008843732997775078,-0.41624078154563904,-0.31405168771743774,-0.07044598460197449,0.06042841449379921,0.2289304882287979,0.18851013481616974],""cell.weight_hh"":[0.15032958984375,-0.004520737566053867,-0.22832593321800232,-0.09585065394639969,0.1579591929912567,-0.23967845737934113,-0.1238594725728035,-0.37497660517692566,0.3292589485645294,0.012075265869498253,-0.34697937965393066,-0.07834897935390472,-0.2274242490530014,-0.021255135536193848,0.07820499688386917,0.25415435433387756,-0.014996563084423542,0.12692390382289886,0.019149281084537506,-0.31179675459861755,-0.013926317915320396,0.3876974582672119,0.07331667840480804,0.2746097147464752,0.024112973362207413,-0.1652958244085312,-0.32870447635650635,0.09426940232515335,-0.17532865703105927,-0.18728120625019073,0.014940476045012474,-0.11688867211341858,0.2658388614654541,0.1281714290380478,0.02288459613919258,0.15455779433250427,0.3675699830055237,0.2109258472919464,0.237446129322052,-0.2561374306678772,-0.05872219800949097,-0.2904971241950989,0.0519338883459568,-0.16494372487068176,-0.07345092296600342,-0.16944047808647156,-0.14476962387561798,0.07079023867845535,0.20170404016971588,0.2112758904695511,-0.32082462310791016,0.12104527652263641,0.2836236357688904,0.04159408062696457,0.11581651866436005,-0.13759057223796844,0.03206733986735344,0.2439902126789093,0.2219628542661667,0.2426915168762207,-0.2963635325431824,0.21972239017486572,0.3027512729167938,-0.20844963192939758,-0.11179369688034058,0.0877365991473198,-0.06132214516401291,0.15079636871814728,0.23218166828155518,0.2728635370731354,0.13600391149520874,-0.518957793712616,-0.31712332367897034,0.4230603575706482,0.016145341098308563,-0.15483741462230682,0.13064321875572205,0.1590326577425003,0.3720560371875763,-0.24348007142543793,0.033993639051914215,0.03458033874630928,-0.083688884973526,0.27785348892211914,0.1825372278690338,-0.23321133852005005,0.13051345944404602,-0.10980328917503357,-0.3008700907230377,-0.2463648021221161,0.12920771539211273,-0.2320990413427353,0.15689128637313843,0.2624480128288269,0.1812940090894699,-0.13022568821907043,0.2005193829536438,-0.366881787776947,0.052450478076934814,-0.08126163482666016,-0.05998339131474495,0.3622131645679474,0.3580065369606018,-0.3679907023906708,-0.2689841687679291,0.11017246544361115,-0.19964633882045746,0.3425646424293518,-0.16034944355487823,-0.23613834381103516,-0.1816364973783493,0.24057678878307343,-0.17724336683750153,0.09064130485057831,-0.15741854906082153,-0.11684221774339676,0.03239581361413002,-0.03074781410396099,0.24347874522209167,-0.035752054303884506,-0.1440771371126175,0.0288779828697443,0.20177459716796875,0.2168312966823578,-0.3178269565105438,0.15094944834709167,0.09203017503023148,0.3195425271987915,-0.05248985439538956,-0.20094893872737885,0.20844772458076477,-0.14520777761936188,-0.02495380863547325,0.19991742074489594,-0.3302781879901886,0.17202281951904297,-0.2763218283653259,0.2380984127521515,-0.2629958987236023,0.23698242008686066,0.03511374071240425,0.03513355553150177,-0.4097554683685303,-0.17376576364040375,-0.3828817307949066,0.021041998639702797,0.13029015064239502,-0.16467732191085815,0.06834902614355087,-0.12613321840763092,0.17193372547626495,0.20644815266132355,0.1639236956834793,0.005067306570708752,0.2165195643901825,-0.24672971665859222,0.05554211512207985,0.2604031562805176,0.028994278982281685,-0.08266644924879074,-0.035077840089797974,0.18148073554039001,-0.24632784724235535,-0.06478831171989441,-0.3551512062549591,-0.2253710776567459,0.25892212986946106,0.16895398497581482,-0.054097771644592285,-0.04335412383079529,-0.25150197744369507,-0.2423691749572754,-0.020334890112280846,0.0986752063035965,0.12348350137472153,0.19952994585037231,-0.12558788061141968,0.31797587871551514,0.1700274795293808,-0.21706657111644745,-0.1031455248594284,-0.26124346256256104,0.25023016333580017,-0.1424473077058792,-0.06753545254468918,-0.12056945264339447,-0.2019956111907959,0.23064379394054413,0.32017311453819275,-0.3928094208240509,0.33343011140823364,0.0522322878241539],""cell.bias_ih"":[0.315007746219635,-0.35681411623954773,0.017945213243365288,-0.27693402767181396,-0.2237001657485962,0.08661364763975143,0.1313694566488266,-0.3724699318408966,0.09701571613550186,0.17493928968906403,-0.17011679708957672,-0.4601682722568512,0.2743961811065674,0.3923041820526123,0.19284653663635254,-0.36226558685302734,0.172331765294075,0.2881363034248352,0.30456462502479553,0.1808702051639557,0.008601943030953407,-0.16600161790847778,0.13906705379486084,-0.10890951007604599],""cell.bias_hh"":[0.09123902767896652,-0.4093152582645416,-0.24815189838409424,-0.048698540776968,-0.24668346345424652,0.017208687961101532,0.03123110719025135,0.22180485725402832,0.05971503630280495,0.3703990876674652,-0.10424524545669556,0.1730286329984665,-0.09911590069532394,-0.04063259810209274,0.04945000261068344,-0.4039909243583679,-0.3695237338542938,0.08217521756887436,0.003998023457825184,-0.12355050444602966,-0.01357641164213419,0.19943422079086304,0.05602852627635002,0.015228304080665112],""readout.weight"":[0.09530012309551239,0.172559455037117,-0.1558517962694168,-0.134895920753479,-0.08760112524032593,-0.21903128921985626,-0.1613817662000656,0.043625034391880035],""readout.bias"":[-0.15466003119945526]}"
920005,LTC_SENSORY_SITE,114,120,8,122880,5.875538542000015,0.22497859597206116,0.2867410726845264,"{""w_rec"":[0.0754031166434288,0.030322546139359474,-0.07009574770927429,0.004212265834212303,0.004647071938961744,-0.04434201121330261,-0.059333495795726776,-0.05208757892251015,-0.020649639889597893,0.1980503648519516,-0.047993242740631104,-0.03435874730348587,0.025862468406558037,-0.04177047312259674,-0.03310220316052437,-0.0034586461260914803,0.05617571994662285,-0.043676722794771194,0.14410048723220825,0.05022313445806503,0.009708276018500328,0.03959129750728607,-0.012730696238577366,-0.0043337480165064335,-0.06150614842772484,0.024894246831536293,-0.045238327234983444,0.059999700635671616,-0.039694443345069885,-0.06478645652532578,0.009379729628562927,-0.010493294335901737,0.004715763498097658,-0.012915151193737984,-0.04046899080276489,-0.009141089394688606,0.06552769988775253,-0.02557169646024704,-0.03891550377011299,0.00975075550377369,-0.030071919783949852,0.040620289742946625,-0.07562240958213806,-0.016839077696204185,0.04357147216796875,0.06745084375143051,-0.053589168936014175,-0.014666033908724785,-0.0376368872821331,0.015309699811041355,-0.03671664372086525,0.011246493086218834,0.0221498291939497,-0.07613668590784073,0.041401587426662445,-0.00933872815221548,0.06386782228946686,-0.04917837306857109,0.039979781955480576,0.01226212177425623,0.023263592272996902,0.03196430578827858,0.06580782681703568,0.14061813056468964],""w_temp"":[-0.23042643070220947,-0.10484902560710907,-0.0577581487596035,-0.13290314376354218,-0.30782002210617065,0.13759469985961914,0.0363767147064209,0.1284806877374649],""w_vis"":[-0.2782592475414276,-0.03757482022047043,0.03712577372789383,-0.15477117896080017,0.04087761417031288,-0.03869584575295448,-0.017715541645884514,0.07201054692268372],""bias"":[-0.8747506141662598,-0.8548182249069214,-0.7774888873100281,-0.846909761428833,-0.836121141910553,-0.8519546985626221,-0.8508578538894653,-0.7792208194732666],""raw_tau"":[0.1286630630493164,0.14866040647029877,0.22517146170139313,0.15614020824432373,0.16746623814105988,0.15148420631885529,0.15263855457305908,0.22303086519241333],""reversal"":[-0.006720258854329586,-0.018280241638422012,0.13347779214382172,-0.012587109580636024,-0.017744479700922966,0.10654161870479584,0.03855195641517639,0.1582614630460739],""readout"":[0.13109628856182098,-0.040544744580984116,-0.22858673334121704,0.019197475165128708,0.023067982867360115,0.036647118628025055,0.11243502795696259,-0.10481847077608109],""readout_bias"":[-0.028322260826826096],""beta"":[0.26935407519340515],""sensory_mask"":[1.0,1.0,1.0,1.0,0.0,0.0,0.0,0.0]}"
920005,LTC_OUTPUT_SITE,114,120,8,122880,4.949018292000005,0.2225315272808075,0.28720092624425886,"{""w_rec"":[0.12596237659454346,0.05036122351884842,0.004225958604365587,0.025306042283773422,0.04356011003255844,0.05820322409272194,0.06139234080910683,0.05830780789256096,0.006161794997751713,0.13301731646060944,0.018993372097611427,-0.012331902049481869,-0.01677441969513893,-0.020405078306794167,0.058104008436203,-0.05739477649331093,-0.015118579380214214,0.07791126519441605,0.14235810935497284,0.014436004683375359,0.03694172203540802,0.03235495463013649,0.10550457239151001,-0.028446882963180542,-0.0425790511071682,-0.025989411398768425,0.04987771064043045,0.15544253587722778,0.07439698278903961,0.0761345624923706,0.03192802518606186,0.09456175565719604,-0.046061597764492035,0.006451013498008251,0.006423709914088249,0.055314142256975174,0.17535711824893951,0.024210931733250618,0.046994972974061966,0.015720605850219727,-0.049132972955703735,0.08073864132165909,0.024276025593280792,0.06222577393054962,0.054031725972890854,0.1267952173948288,0.10480625927448273,0.016805345192551613,0.0057157170958817005,0.049561988562345505,-0.052026040852069855,-0.039723336696624756,-0.08236686140298843,-0.08192962408065796,0.11750520765781403,-0.06166178360581398,-0.0011488720774650574,0.03247885778546333,0.06149157136678696,0.062300458550453186,0.016024533659219742,0.05050714686512947,0.07159656286239624,0.1551625281572342],""w_temp"":[-0.297754168510437,-0.042033858597278595,0.018323687836527824,-0.13466739654541016,0.08112116903066635,-0.1116321012377739,-0.11442366987466812,0.016274692490696907],""w_vis"":[0.07396568357944489,-0.13337442278862,0.011934242211282253,-0.04645902290940285,-0.1481315940618515,-0.014864671975374222,-0.025951804593205452,0.007520717568695545],""bias"":[-0.8539550304412842,-0.8126044869422913,-0.868533730506897,-0.8400720357894897,-0.8489755392074585,-0.8574541807174683,-0.7825321555137634,-0.8670106530189514],""raw_tau"":[0.14957812428474426,0.1903713345527649,0.13453583419322968,0.16321848332881927,0.1542239636182785,0.14597497880458832,0.22034452855587006,0.13545988500118256],""reversal"":[0.02198895439505577,-0.023923074826598167,0.0033542276360094547,-0.08306319266557693,0.014871641993522644,-0.021237803623080254,-0.06932662427425385,0.007749379612505436],""readout"":[0.04747409746050835,0.02400290034711361,0.002647444838657975,-0.1934228390455246,0.013020800426602364,-0.00685190549120307,0.2621699273586273,-0.11991769075393677],""readout_bias"":[-0.02618502639234066],""beta"":[0.20624437928199768],""sensory_mask"":[0.0,0.0,0.0,0.0,0.0,0.0,0.0,0.0]}"
920005,LTC_NO_FEEDBACK,114,120,8,122880,4.833004791999997,0.22686563432216644,0.28708996027708056,"{""w_rec"":[0.19026555120944977,0.07530948519706726,0.046872083097696304,-0.046588025987148285,-0.025158818811178207,0.05365610122680664,-0.028831837698817253,0.04497133940458298,-0.004999878816306591,0.06719803065061569,-0.037601128220558167,0.03238331153988838,0.044873904436826706,-0.09784317016601562,0.04750508442521095,-0.0071755568496882915,0.039041317999362946,0.09191619604825974,0.1731014847755432,-0.0838664099574089,-0.07555434107780457,0.04520808160305023,-0.0448974147439003,0.03208291903138161,0.06373202055692673,0.06715415418148041,0.040032029151916504,0.10432763397693634,-0.0495564229786396,0.014440158382058144,-0.12260528653860092,0.07538902014493942,-0.01867406629025936,0.028446318581700325,-0.03732762485742569,0.0054565779864788055,0.0952620580792427,-0.041000381112098694,0.06810841709375381,-0.020693529397249222,0.042863212525844574,0.0846385657787323,0.00499347597360611,-0.06515654921531677,-0.08971299976110458,0.14771093428134918,-0.013909721747040749,0.051218774169683456,-0.0014721271581947803,0.07991033792495728,0.057593513280153275,-0.0159359909594059,-0.04315244406461716,0.03207937628030777,0.06895937025547028,0.040449075400829315,-0.022079672664403915,0.016703136265277863,-0.029402071610093117,-0.034543659538030624,-0.029695656150579453,-0.08916039764881134,0.010437451303005219,0.13527902960777283],""w_temp"":[0.03116457536816597,0.05449328571557999,-0.47401413321495056,-0.07688824087381363,-0.1191452145576477,-0.039636727422475815,-0.22843943536281586,0.008884415961802006],""w_vis"":[-0.10034450888633728,-0.00866729486733675,-0.11172014474868774,-0.012435856275260448,-0.1277972310781479,-0.07477502524852753,0.09498095512390137,-0.026502175256609917],""bias"":[-0.8516568541526794,-0.7910134196281433,-0.8723361492156982,-0.8541015386581421,-0.7883722186088562,-0.8548705577850342,-0.8315846920013428,-0.79024738073349],""raw_tau"":[0.1517551839351654,0.21152089536190033,0.13182833790779114,0.1493457704782486,0.21463637053966522,0.14850255846977234,0.17148014903068542,0.21238408982753754],""reversal"":[-0.2111244648694992,-0.09731965512037277,-0.0626395121216774,0.1613936573266983,0.20835329592227936,-0.01571466587483883,0.07383916527032852,-0.1295212209224701],""readout"":[-0.030992884188890457,0.2625954747200012,-0.0010082381777465343,0.026445407420396805,-0.2567608058452606,-0.05300605297088623,0.23868709802627563,0.2213405966758728],""readout_bias"":[-0.016072452068328857],""beta"":[0.25],""sensory_mask"":[0.0,0.0,0.0,0.0,0.0,0.0,0.0,0.0]}"
920005,LTC_DENSE_FEEDBACK,114,120,8,122880,5.919424542000002,0.22564753890037537,0.28700477480888364,"{""w_rec"":[0.147521510720253,-0.033893901854753494,-0.017655009403824806,-0.04059695079922676,0.018634311854839325,0.08745976537466049,0.09067738801240921,0.02022531069815159,0.08617616444826126,0.04355480521917343,-0.046195272356271744,-0.047237589955329895,0.05379895493388176,0.058497048914432526,0.026195907965302467,0.027614817023277283,-0.034047096967697144,-0.05434437096118927,0.14865827560424805,0.005696533713489771,-0.04505773261189461,0.030977880582213402,0.00980736967176199,-0.004896580241620541,-0.04050711914896965,0.023448871448636055,0.02589297667145729,0.16962194442749023,-0.06348748505115509,-0.012830921448767185,-0.02238187938928604,-0.0051124123856425285,0.04676773399114609,-0.03291887417435646,-0.08093376457691193,-0.028600869700312614,0.20174041390419006,0.010583410039544106,0.04652448371052742,0.046797338873147964,-0.07224544137716293,0.02174318954348564,-0.021370429545640945,0.03503134846687317,-0.022718805819749832,0.11299914866685867,0.006605545524507761,-0.004350578412413597,-0.048606161028146744,0.014797466807067394,-0.002870157128199935,0.03195269778370857,-0.019513944163918495,0.023223482072353363,0.12181906402111053,0.011078977957367897,-0.02788679301738739,0.0519912913441658,-0.044752124696969986,0.0179696436971426,-0.010180545970797539,-0.015853019431233406,0.0019475005101412535,0.10220175236463547],""w_temp"":[0.17310641705989838,-0.08284903317689896,-0.1107400581240654,-0.022250602021813393,0.03149779886007309,-0.19590315222740173,0.06338537484407425,-0.05601147934794426],""w_vis"":[-0.10591182857751846,-0.20377185940742493,-0.004358513746410608,0.028386227786540985,0.10201750695705414,-0.050321973860263824,-0.07250563055276871,0.02818460948765278],""bias"":[-0.8474940061569214,-0.8486475348472595,-0.7867720723152161,-0.7833570241928101,-0.8360255360603333,-0.7865154147148132,-0.7878990769386292,-0.7867581844329834],""raw_tau"":[0.15594176948070526,0.1542319357395172,0.21604681015014648,0.21923545002937317,0.16767267882823944,0.21656696498394012,0.21480801701545715,0.21590813994407654],""reversal"":[-0.03924708440899849,0.06629667431116104,0.07417061179876328,0.21328021585941315,-0.08204353600740433,-0.18687549233436584,-0.15348835289478302,-0.1381341516971588],""readout"":[-0.11582865566015244,-0.013374034315347672,-0.1324198693037033,-0.1368950456380844,-0.20984697341918945,0.06917726248502731,0.05905694514513016,0.07350995391607285],""readout_bias"":[-0.023026185110211372],""beta"":[0.24481089413166046],""sensory_mask"":[1.0,1.0,1.0,1.0,1.0,1.0,1.0,1.0]}"
920005,LTC_SENSORY_YOKED,114,120,8,122880,5.968233333000001,0.2263040691614151,0.2869470492005348,"{""w_rec"":[0.15850506722927094,0.015891525894403458,0.06501202285289764,0.04197564721107483,0.005027507431805134,-0.03477780520915985,0.05347801744937897,0.09178367257118225,-0.019917935132980347,0.10188814997673035,-0.10087446868419647,-0.0723743811249733,-0.03303064778447151,0.009141309186816216,-0.0002654705021996051,-0.05807187780737877,-0.09488365054130554,-0.04492275416851044,0.08682091534137726,-0.008970020338892937,-0.08485738933086395,0.06019195169210434,-0.07141323387622833,-0.0418216697871685,0.007141141686588526,0.02595367841422558,0.0852813720703125,0.10695888102054596,-0.01737675815820694,0.006698466371744871,-0.0216346587985754,0.10652539879083633,0.01032992359250784,-0.011528206057846546,0.1098778173327446,-0.01743338629603386,0.14570483565330505,0.004780781455338001,0.009280874393880367,0.08661744743585587,-0.04041628539562225,-0.137388214468956,-0.04702339693903923,-0.045091383159160614,-0.052293311804533005,0.17850078642368317,-0.05923783406615257,0.031186124309897423,-0.020516538992524147,-0.018534312024712563,0.05108198523521423,-0.011095401830971241,-0.0054102009162306786,0.04500966891646385,0.12063133716583252,0.02391183376312256,-0.06044382229447365,-0.049462493509054184,-0.008684234693646431,-0.1206856220960617,-0.0861307680606842,0.09873069077730179,-0.05325053259730339,0.11564809083938599],""w_temp"":[0.24664221704006195,0.08058737218379974,0.21034136414527893,-0.20049802958965302,-0.1811877340078354,-0.308743953704834,-0.20611287653446198,-0.1663588285446167],""w_vis"":[-0.15705136954784393,0.011211255565285683,0.021733088418841362,0.0021970835514366627,0.057145703583955765,-0.0019477505702525377,0.1206221804022789,-0.06474083662033081],""bias"":[-0.7879247069358826,-0.8349870443344116,-0.8578404784202576,-0.784423291683197,-0.7892512679100037,-0.8579146265983582,-0.821109414100647,-0.8725976347923279],""raw_tau"":[0.2149127870798111,0.16868440806865692,0.145400270819664,0.21864131093025208,0.2136187106370926,0.1458638608455658,0.1818138062953949,0.13076317310333252],""reversal"":[0.09246913343667984,0.09458000957965851,0.02198677323758602,0.18947133421897888,0.059884678572416306,-0.16286608576774597,0.14656013250350952,0.000470166327431798],""readout"":[-0.13159289956092834,0.11874467134475708,0.10819769650697708,-0.20718704164028168,-0.29749423265457153,0.011374889872968197,-0.027488773688673973,0.06495219469070435],""readout_bias"":[-0.020796015858650208],""beta"":[0.29134583473205566],""sensory_mask"":[1.0,1.0,1.0,1.0,0.0,0.0,0.0,0.0]}"
920005,GRU_4,113,120,8,122880,1.7274477079999997,0.2699708938598633,0.283133701980114,"{""cell.weight_ih"":[0.22357793152332306,0.062412064522504807,-0.01819082908332348,0.5435307025909424,0.034778837114572525,0.35832664370536804,0.057890694588422775,0.1630607396364212,0.4731091260910034,0.3392343819141388,-0.20830604434013367,0.3226490914821625,-0.013762306421995163,-0.3005634546279907,0.31152233481407166,-0.24431632459163666,-0.4101748466491699,-0.48162180185317993,0.31192874908447266,-0.19279658794403076,-0.19716840982437134,0.3924161493778229,0.03824525326490402,-0.5022686123847961,-0.34964075684547424,-0.39497843384742737,-0.3091925084590912,-0.22798463702201843,0.2885732650756836,-0.1875600963830948,0.20821771025657654,-0.2824351191520691,-0.31717339158058167,0.3849978446960449,0.07330017536878586,0.23979103565216064],""cell.weight_hh"":[0.23868827521800995,0.08281219750642776,-0.36542409658432007,0.3361075818538666,0.25881126523017883,-0.4758428931236267,0.42978623509407043,-0.03041839972138405,-0.34504973888397217,-0.2773275077342987,-0.3371957838535309,-0.29254430532455444,0.2824132442474365,0.3756813704967499,0.3616381883621216,0.22225041687488556,-0.37418919801712036,0.5613283514976501,0.20113693177700043,-0.3403126895427704,-0.2685830295085907,-0.21705348789691925,0.23794987797737122,0.15127834677696228,-0.2696361243724823,-0.5189639329910278,0.04077520966529846,-0.06576043367385864,-0.29654455184936523,0.29116174578666687,-0.2968374490737915,-0.2030721753835678,-0.08492051064968109,-0.22868996858596802,0.33903768658638,0.06979832798242569,-0.04941108822822571,-0.10503951460123062,-0.4166354238986969,-0.3828780949115753,0.0051433974876999855,0.2678188979625702,-0.07338210940361023,-0.2791668176651001,-0.07447228580713272,0.29206958413124084,0.46028828620910645,-0.1013229712843895],""cell.bias_ih"":[-0.2777252793312073,0.30519506335258484,-0.33875489234924316,-0.4630880653858185,-0.4259306490421295,-0.5866117477416992,-0.028229523450136185,-0.14636053144931793,0.0071238321252167225,-0.0943385437130928,-0.35233259201049805,-0.19574961066246033],""cell.bias_hh"":[0.295668363571167,-0.1401851773262024,-0.509921133518219,0.15325959026813507,0.46131017804145813,0.3536876440048218,-0.31245025992393494,0.1378026306629181,0.2653217017650604,0.10803826153278351,-0.2817949056625366,-0.30185315012931824],""readout.weight"":[-0.40801146626472473,-0.21604201197624207,-0.024372732266783714,0.22983746230602264],""readout.bias"":[0.02535082772374153]}"
920005,GRU_8,321,120,8,122880,1.7226867919999904,0.25166070461273193,0.28789640218019485,"{""cell.weight_ih"":[-0.20094531774520874,-0.12175790965557098,0.018867025151848793,-0.16709306836128235,-0.2200314998626709,0.13346794247627258,-0.0912577360868454,0.09292181581258774,0.2833101749420166,-0.21428178250789642,-0.15460914373397827,0.08516071736812592,-0.045987050980329514,-0.22811691462993622,0.24512435495853424,-0.0923626720905304,0.22191588580608368,0.40484818816185,0.10361617803573608,0.293634831905365,-0.23090796172618866,-0.3082541227340698,-0.16188620030879974,-0.046476054936647415,0.11177835613489151,0.010491650551557541,0.21398381888866425,-0.20380368828773499,0.20432481169700623,-0.30210188031196594,0.3576267659664154,-0.4348495304584503,0.2590125501155853,0.1967724859714508,-0.30566146969795227,-0.20257490873336792,-0.19077345728874207,0.3407532572746277,0.3404950201511383,0.1587279736995697,-0.01699656806886196,0.022583970800042152,-0.0818742886185646,-0.05037869140505791,-0.0531219020485878,0.10067276656627655,-0.08496173471212387,0.3871839642524719,0.21253648400306702,-0.023300565779209137,0.13880085945129395,0.23100602626800537,0.07607674598693848,0.07442045956850052,0.09176921099424362,-0.1809457242488861,-0.3982407748699188,0.07444874197244644,0.006159196142107248,0.28582850098609924,-0.16075386106967926,-0.15658637881278992,0.0983148068189621,-0.05331643298268318,-0.10405849665403366,-0.27417057752609253,-0.08953209221363068,0.2541123926639557,-0.024870820343494415,0.1629127562046051,-0.16410192847251892,0.1326259970664978],""cell.weight_hh"":[0.39161843061447144,-0.3867039978504181,0.19153738021850586,-0.25777989625930786,0.2519696056842804,0.29939496517181396,0.14939290285110474,0.01781347393989563,-0.38625991344451904,-0.16287466883659363,-0.4048340916633606,-0.029946453869342804,-0.4349081814289093,-0.09490157663822174,0.10793092101812363,0.35792186856269836,0.08489982783794403,-0.11622165143489838,-0.20617404580116272,-0.2912851870059967,-0.2394896000623703,-0.12828287482261658,0.2231135368347168,0.01382394228130579,0.0886179730296135,0.22296400368213654,-0.04887840524315834,-0.0781136080622673,0.20359648764133453,-0.03176061436533928,0.38161343336105347,-0.26288285851478577,0.10812351107597351,-0.20251454412937164,0.19870737195014954,-0.166889026761055,-0.11944981664419174,-0.19615024328231812,-0.20021004974842072,-0.18054182827472687,-0.3667416572570801,0.1702168881893158,0.23719274997711182,-0.07769893854856491,-0.09768311679363251,-0.042093656957149506,-0.1592104434967041,-0.15305596590042114,0.1758672297000885,0.12403573095798492,-0.21207913756370544,-0.2925630807876587,-0.17416323721408844,0.22567591071128845,0.25626152753829956,0.08907286077737808,-0.11851931363344193,-0.24220703542232513,-0.18478891253471375,0.18873633444309235,-0.16014665365219116,0.3626530170440674,0.051895417273044586,0.025988982990384102,-0.07098586857318878,0.1970539391040802,0.07116062939167023,0.058387380093336105,-0.05209634080529213,-0.3598170280456543,0.18473181128501892,-0.04264438524842262,-0.04774890094995499,-0.4006810784339905,0.3648362457752228,-0.19911950826644897,0.0990525484085083,-0.16856127977371216,-0.04092945158481598,-0.3044399917125702,-0.3070874810218811,0.008996216580271721,-0.3027738034725189,-0.1961677372455597,-0.07088954746723175,-0.31727278232574463,-0.25797075033187866,0.3291666507720947,-0.019736377522349358,0.021699098870158195,0.46581798791885376,-0.021025273948907852,0.16086667776107788,0.22383472323417664,-0.399321973323822,0.16162750124931335,-0.34173110127449036,-0.09923316538333893,-0.08192537724971771,-0.33953219652175903,0.3084678649902344,0.22133588790893555,0.1503351628780365,0.37716105580329895,-0.0709604024887085,-0.11414466053247452,-0.08455497771501541,0.07075529545545578,0.22652538120746613,-0.26223862171173096,-0.23453764617443085,-0.26100867986679077,-0.0056711770594120026,0.09156355261802673,-0.13280311226844788,-0.03536690026521683,0.2832104563713074,0.3036815822124481,-0.4672817289829254,0.17132246494293213,-0.4037508964538574,-0.05489100143313408,-0.06579679250717163,-0.1440681517124176,-0.37012070417404175,0.21557271480560303,-0.06751294434070587,0.03011286072432995,0.14880573749542236,-0.07279793918132782,0.23532095551490784,0.08703665435314178,0.2419377863407135,-0.3782753348350525,0.056701891124248505,0.07651864737272263,-0.009191550314426422,-0.44015514850616455,0.4475563168525696,0.05857955664396286,-0.06157207116484642,0.39122727513313293,-0.014506070874631405,-0.21671901643276215,0.1254614293575287,0.16750983893871307,0.060992367565631866,0.21888335049152374,-0.2110324651002884,0.05291716009378433,0.10604371130466461,0.22508327662944794,-0.1033044159412384,0.0680791586637497,-0.21989759802818298,-0.257920503616333,0.3061295747756958,-0.049420908093452454,0.03828800842165947,0.16790300607681274,-0.015334946103394032,0.19874636828899384,-0.03175428882241249,0.0037830073852092028,-0.05515628308057785,-0.25045570731163025,0.25033965706825256,-0.025048136711120605,-0.013219346292316914,-0.1302061527967453,-0.009603443555533886,0.03990420326590538,0.24975456297397614,0.0014237305149435997,-0.2835128605365753,-0.28486689925193787,0.03978455066680908,-0.37394148111343384,0.1840417981147766,-0.24873889982700348,-0.2464917153120041,0.4004155695438385,-0.1262572705745697,-0.008656135760247707,0.0128912553191185,0.17045195400714874,0.04145139455795288,-0.07307258993387222,0.17709201574325562,0.22563722729682922,0.20337308943271637,-0.19492599368095398],""cell.bias_ih"":[-0.2503480315208435,-0.23162998259067535,0.11581709235906601,-0.0018984685884788632,0.013005166314542294,0.25206854939460754,-0.1918884515762329,-0.030754808336496353,-0.1380210816860199,0.22060942649841309,0.28065165877342224,0.0985565260052681,0.2197001576423645,0.22171886265277863,0.12996770441532135,0.2820081114768982,-0.006923721171915531,0.0574367493391037,-0.2861742079257965,0.09064418822526932,0.01851082034409046,0.1054382249712944,0.11266455054283142,-0.012384658679366112],""cell.bias_hh"":[0.2599228620529175,0.27597787976264954,-0.2627325654029846,-0.07305081933736801,-0.0817912220954895,0.21879445016384125,0.13054700195789337,0.03684641420841217,0.24509447813034058,0.12967567145824432,0.14985278248786926,0.20196795463562012,0.13951267302036285,-0.2332868129014969,-0.19166193902492523,0.12901394069194794,-0.1508476436138153,0.035891804844141006,-0.37402161955833435,-0.017475351691246033,-0.04547703638672829,-0.32298386096954346,-0.2850397825241089,0.23207925260066986],""readout.weight"":[-0.05087236315011978,0.07200808078050613,0.2854119837284088,-0.053492337465286255,-0.24756605923175812,0.1942974328994751,0.1587590128183365,0.036663226783275604],""readout.bias"":[0.13417041301727295]}"
920006,LTC_SENSORY_SITE,114,120,8,122880,5.838419791000007,0.28096622228622437,0.3314542844891548,"{""w_rec"":[0.1057821586728096,0.01037740521132946,-0.018148817121982574,-0.0019492977298796177,-0.03303472325205803,-0.02030617743730545,0.09243947267532349,-0.03176045045256615,0.009316816926002502,0.11274061352014542,-0.017528336495161057,-0.019751260057091713,0.07565481960773468,-0.01677602343261242,-0.014131775125861168,-0.006184185389429331,0.08203279972076416,0.03088127076625824,0.22736790776252747,0.08884110301733017,0.025304822251200676,0.06487790495157242,-0.07868903875350952,0.06594083458185196,0.11212560534477234,0.13596242666244507,0.11214502155780792,0.19179034233093262,0.20271988213062286,0.17545953392982483,-0.10767033696174622,0.10000184178352356,0.010956937447190285,0.061613358557224274,-0.03521941229701042,-0.02203773334622383,0.14119118452072144,-0.020435355603694916,-0.012770566157996655,-0.01686478964984417,0.0040589673444628716,-0.0010264895390719175,-0.04018685221672058,-0.05637568235397339,-0.022178543731570244,0.06530911475419998,0.056915540248155594,-0.02781350165605545,-0.006737822201102972,0.02337905392050743,0.006747913081198931,0.07982343435287476,0.04145829752087593,0.01812642812728882,0.15073738992214203,-0.027162253856658936,0.13687604665756226,0.16895323991775513,0.05560620129108429,0.10272572189569473,0.1374495029449463,0.12241853773593903,-0.0809025689959526,0.2299681156873703],""w_temp"":[-0.07671484351158142,-0.09710171818733215,0.33483004570007324,0.03418540954589844,-0.17924191057682037,-0.1516779512166977,0.19801688194274902,0.08446331322193146],""w_vis"":[0.1197742447257042,0.007703767158091068,-0.04334351420402527,-0.22812415659427643,-0.05390064790844917,0.0838032066822052,-0.005611870903521776,-0.2015153020620346],""bias"":[-0.7606135010719299,-0.8064553737640381,-0.8692232370376587,-0.917495846748352,-0.7994458079338074,-0.7629563808441162,-0.8187942504882812,-0.8874697089195251],""raw_tau"":[0.24190959334373474,0.19580630958080292,0.1347288340330124,0.08541036397218704,0.20260632038116455,0.23940448462963104,0.18361693620681763,0.11610186100006104],""reversal"":[-0.09287596493959427,-0.061279717832803726,-0.09360913187265396,-0.10119586437940598,-0.05335448682308197,-0.056328076869249344,0.17991358041763306,-0.08873714506626129],""readout"":[-0.07758595794439316,-0.0309347752481699,0.09396568685770035,0.009292186237871647,-0.03535659238696098,-0.06688032299280167,0.020388206467032433,0.032831259071826935],""readout_bias"":[0.0437350757420063],""beta"":[0.17683981359004974],""sensory_mask"":[1.0,1.0,1.0,1.0,0.0,0.0,0.0,0.0]}"
920006,LTC_OUTPUT_SITE,114,120,8,122880,4.970828833000013,0.28192049264907837,0.33314442485570905,"{""w_rec"":[0.11130452901124954,0.028485434129834175,-0.040897123515605927,-0.003709428245201707,0.11353327333927155,0.13032236695289612,0.03564584627747536,0.1164046972990036,0.021531619131565094,0.14674223959445953,0.01327542681246996,-0.010191553272306919,0.08750259876251221,0.06981304287910461,-0.014799784868955612,0.13892818987369537,-0.02134026400744915,-0.024011576548218727,0.12326747179031372,-0.019978610798716545,0.08588853478431702,0.13337861001491547,0.010493431240320206,0.1313314288854599,-0.018395518884062767,0.02353937178850174,0.019633198156952858,0.19723641872406006,-0.10800731182098389,-0.08222844451665878,0.019915997982025146,-0.07992174476385117,-0.117526113986969,0.10982850193977356,0.1203557699918747,0.09856320917606354,0.10171099007129669,0.06710999459028244,-0.110591821372509,-0.0750521793961525,-0.1279967874288559,0.11271940171718597,0.09981925040483475,0.1448928266763687,0.06739670783281326,0.14978690445423126,-0.110413558781147,-0.04973295331001282,-0.03986869379878044,0.028999770060181618,0.05213811621069908,0.009301730431616306,0.06524357199668884,0.09810659289360046,0.1197720617055893,0.13109835982322693,-0.06027644872665405,0.06628821790218353,0.15992221236228943,0.09434860199689865,-0.03771726042032242,-0.02341601252555847,-0.11907963454723358,0.0640353411436081],""w_temp"":[0.09200651198625565,0.04211665689945221,0.15840835869312286,0.16357502341270447,-0.020058780908584595,0.1155083030462265,-0.37925317883491516,-0.13823486864566803],""w_vis"":[0.04923618957400322,-0.09217680990695953,0.11274614930152893,0.021221065893769264,-0.23569795489311218,-0.175614595413208,-0.1495874524116516,-0.20984525978565216],""bias"":[-0.7887042164802551,-0.8014931678771973,-0.7942641377449036,-0.8408975005149841,-0.915953516960144,-0.9114370942115784,-0.8177248239517212,-0.8758668303489685],""raw_tau"":[0.21378833055496216,0.20077186822891235,0.20820505917072296,0.16287969052791595,0.08677961677312851,0.091401606798172,0.18365852534770966,0.1277938187122345],""reversal"":[0.14610859751701355,-0.012174849398434162,-0.02820621058344841,-0.1998799592256546,0.01315818540751934,0.01022390741854906,0.010575429536402225,0.03815281763672829],""readout"":[0.17051558196544647,-0.029818199574947357,-0.23658931255340576,0.1486136019229889,-0.16198132932186127,-0.059217628091573715,0.0865635871887207,-0.1029643639922142],""readout_bias"":[0.02188117988407612],""beta"":[0.21439488232135773],""sensory_mask"":[0.0,0.0,0.0,0.0,0.0,0.0,0.0,0.0]}"
920006,LTC_NO_FEEDBACK,114,120,8,122880,4.839512249999984,0.2772839069366455,0.3315455451607704,"{""w_rec"":[0.1401902139186859,-0.019034916535019875,-0.05108292028307915,-0.03309687599539757,-0.027540501207113266,0.07883768528699875,-0.009941192343831062,-0.016190659254789352,-0.006039824802428484,0.1355946660041809,0.0013131238520145416,0.07995469868183136,-0.06996258348226547,0.002431694185361266,-0.04770788177847862,-0.04916435107588768,0.04099813103675842,0.041556745767593384,0.118034228682518,0.02880866266787052,-0.08381910622119904,-0.013267917558550835,-0.004713162779808044,-0.10248682647943497,0.022102022543549538,0.014096365310251713,0.06559622287750244,0.15155279636383057,-0.042884472757577896,-0.06063084304332733,-0.015388661995530128,-0.0845477432012558,0.07092040777206421,-0.11835110932588577,-0.029592957347631454,-0.07024754583835602,0.19542638957500458,0.1030784472823143,0.055351920425891876,0.008826112374663353,0.02929338812828064,0.028811533004045486,0.02680061012506485,0.06288561224937439,-0.037842653691768646,0.13173788785934448,-0.03701190650463104,-0.046972885727882385,0.036916643381118774,-0.04813053831458092,-0.021058110520243645,-0.09222012013196945,0.06437534838914871,0.039680320769548416,0.1785951852798462,0.0670735090970993,0.016867687925696373,-0.08389177918434143,-0.11983761191368103,-0.07159252464771271,0.023031486198306084,0.046242065727710724,0.07008366286754608,0.10624945908784866],""w_temp"":[-0.10552933067083359,0.09289871901273727,0.2559950053691864,0.11942189186811447,0.14072684943675995,0.20406381785869598,0.2295285165309906,-0.05768253281712532],""w_vis"":[-0.15150487422943115,0.15556219220161438,-0.055171407759189606,0.19034266471862793,-0.063371442258358,0.049045830965042114,-0.05518034100532532,-0.14566917717456818],""bias"":[-0.821231484413147,-0.7818874716758728,-0.7743627429008484,-0.7746811509132385,-0.8702594041824341,-0.7758132815361023,-0.8643204569816589,-0.8689789772033691],""raw_tau"":[0.18086062371730804,0.22060899436473846,0.2277698665857315,0.22796538472175598,0.13333173096179962,0.22644229233264923,0.1394471526145935,0.13343779742717743],""reversal"":[-0.017782339826226234,0.03819793462753296,0.2252388745546341,0.13101285696029663,-0.03343276306986809,-0.09847887605428696,-0.07392003387212753,-0.0018834611400961876],""readout"":[-0.0157407745718956,0.04057173803448677,0.15139645338058472,0.0664670541882515,0.03662233054637909,-0.05837582051753998,0.07691694051027298,0.12091688066720963],""readout_bias"":[0.0325595922768116],""beta"":[0.25],""sensory_mask"":[0.0,0.0,0.0,0.0,0.0,0.0,0.0,0.0]}"
920006,LTC_DENSE_FEEDBACK,114,120,8,122880,5.913379499999991,0.27874332666397095,0.3318493142724037,"{""w_rec"":[0.20282571017742157,0.017693115398287773,0.09852604568004608,-0.06921661645174026,-0.050027381628751755,0.10277505218982697,0.06461108475923538,-0.08789630979299545,0.008454158902168274,0.11570706963539124,-0.009371726773679256,0.0785650685429573,0.055429648607969284,-0.12907759845256805,0.07909813523292542,-0.005318745505064726,0.10853300988674164,0.10563300549983978,0.24783450365066528,-0.09017490595579147,-0.07447274029254913,0.042225759476423264,0.12177291512489319,-0.09646855294704437,-0.015026230365037918,-0.018509600311517715,-0.058577921241521835,0.16842879354953766,-0.0037293359637260437,-0.08036476373672485,0.019381701946258545,0.02743098884820938,-0.016508830711245537,-0.022338487207889557,-0.04439637064933777,0.010328077711164951,0.16825097799301147,-0.17862959206104279,0.0016863024793565273,-0.011198758147656918,0.03575436398386955,0.03423692286014557,0.08272674679756165,-0.0640154778957367,-0.11010771989822388,0.19148901104927063,0.09649096429347992,-0.1077260971069336,-0.046105798333883286,-0.03139001876115799,-0.005326374899595976,-0.007839161902666092,0.011051610112190247,-0.08107200264930725,0.1023247092962265,-0.026293868198990822,-0.026704492047429085,-0.06301016360521317,-0.020788712427020073,0.023915937170386314,0.03597190976142883,-0.11145221441984177,-0.005722879897803068,0.15576981008052826],""w_temp"":[0.02305280975997448,0.00619283365085721,-1.596559741301462e-06,0.16982902586460114,0.22061100602149963,-0.02736346796154976,-0.038420170545578,-0.17308540642261505],""w_vis"":[-5.6287855841219425e-05,-0.019007276743650436,-0.16053129732608795,0.19044573605060577,-0.010889421217143536,-0.17885474860668182,-0.05234882980585098,0.19336365163326263],""bias"":[-0.857592761516571,-0.7766504883766174,-0.9052486419677734,-0.7776650786399841,-0.7829890847206116,-0.8782954216003418,-0.7774734497070312,-0.7776011228561401],""raw_tau"":[0.14604659378528595,0.22568120062351227,0.09739778935909271,0.22482337057590485,0.21901385486125946,0.1252577304840088,0.22474470734596252,0.22490273416042328],""reversal"":[-0.08583922684192657,-0.1203574389219284,-0.015474747866392136,0.07195355743169785,0.05541400611400604,-0.043495237827301025,-0.08577079325914383,0.04805446043610573],""readout"":[0.2112041711807251,-0.23595888912677765,0.0053290706127882,0.09588469564914703,0.032690174877643585,0.1425321251153946,-0.18166369199752808,0.11840447038412094],""readout_bias"":[0.03100716322660446],""beta"":[0.2564297914505005],""sensory_mask"":[1.0,1.0,1.0,1.0,1.0,1.0,1.0,1.0]}"
920006,LTC_SENSORY_YOKED,114,120,8,122880,5.999856459,0.27662110328674316,0.33222406208515165,"{""w_rec"":[0.17683792114257812,0.04008852317929268,-0.018862474709749222,0.0661172866821289,-0.021257977932691574,-0.045187808573246,-0.011786230839788914,0.015233184210956097,0.004564092960208654,0.11786597222089767,-0.005585941951721907,0.06927978247404099,0.0020879448857158422,-0.04694473743438721,0.040687721222639084,0.027558600530028343,-0.02133232355117798,-0.026682458817958832,0.1226624920964241,0.11566880345344543,0.010978135280311108,-0.01927369274199009,0.042239535599946976,0.002057455712929368,0.05397729203104973,0.07456886023283005,-0.05309460312128067,0.14858600497245789,-0.10500634461641312,-0.04721216484904289,-0.07516905665397644,-0.08727974444627762,0.027708133682608604,-0.0068139792419970036,0.005844676401466131,0.02635970339179039,0.13720455765724182,-0.0938609391450882,-0.016704730689525604,0.02034829743206501,0.08508791774511337,0.058796562254428864,-0.012871882878243923,0.04098420590162277,-0.030221326276659966,0.12191733717918396,-0.023579509928822517,-0.059105753898620605,0.046928953379392624,0.028650233522057533,0.024602938443422318,0.010761993005871773,-0.013748984783887863,-0.06620508432388306,0.09387759119272232,-0.01276397705078125,-0.004261245485395193,0.017358727753162384,-0.052290234714746475,-0.04885615408420563,-0.06969526410102844,0.05304013192653656,-0.03253726661205292,0.0578908734023571],""w_temp"":[0.09912599623203278,-0.17560581862926483,0.2354556918144226,0.19922491908073425,0.020078381523489952,-0.011699685826897621,-0.3953562378883362,-0.04674819856882095],""w_vis"":[0.006214151158928871,0.1356106847524643,0.11412963271141052,-0.02565419115126133,-0.017975708469748497,0.0214433204382658,0.13283671438694,-0.0659632608294487],""bias"":[-0.799500048160553,-0.783999502658844,-0.7864831686019897,-0.8584631085395813,-0.7881165742874146,-0.842468798160553,-0.7884891033172607,-0.8445778489112854],""raw_tau"":[0.20270505547523499,0.21839900314807892,0.21579809486865997,0.14398188889026642,0.21419845521450043,0.15990260243415833,0.21331487596035004,0.15920864045619965],""reversal"":[-0.013450540602207184,-0.13409733772277832,0.14035393297672272,0.005144370254129171,0.0380447693169117,0.003615031484514475,0.20692595839500427,0.13325819373130798],""readout"":[-0.03543255105614662,-0.2874375879764557,0.09592586755752563,-0.08922965824604034,0.3190844655036926,0.13337673246860504,0.025388531386852264,-0.1793573945760727],""readout_bias"":[0.023825230076909065],""beta"":[0.2519180476665497],""sensory_mask"":[1.0,1.0,1.0,1.0,0.0,0.0,0.0,0.0]}"
920006,GRU_4,113,120,8,122880,1.724948832999985,0.4268478751182556,0.33757864832878115,"{""cell.weight_ih"":[0.030276620760560036,-0.2797442078590393,0.25935059785842896,0.27778881788253784,0.34611600637435913,0.6749972105026245,0.4427335858345032,-0.5168977379798889,-0.16050413250923157,-0.16367504000663757,0.4324725866317749,-0.41494470834732056,-0.622615396976471,-0.01880139857530594,0.1295626312494278,0.23279528319835663,-0.13224847614765167,0.13801360130310059,0.22758351266384125,0.5459203124046326,0.44259530305862427,0.2653525173664093,0.45569223165512085,-0.4197791814804077,-0.010396499186754227,0.017430603504180908,-0.06229580566287041,-0.16324260830879211,-0.3487785756587982,0.26582401990890503,-0.2287059873342514,0.14194732904434204,0.01866406574845314,-0.2206873744726181,-0.12156527489423752,0.18586742877960205],""cell.weight_hh"":[0.31894993782043457,-0.38744568824768066,0.07430703192949295,0.39381638169288635,0.1447141319513321,0.30063414573669434,0.2256021797657013,0.4004678726196289,0.1893937587738037,-0.3353511095046997,0.2624465823173523,0.17704854905605316,-0.6063040494918823,0.10173738747835159,-0.28696903586387634,0.13869307935237885,0.2101219892501831,-0.17287111282348633,-0.5083910822868347,-0.2673797607421875,0.6251826286315918,-0.1829642504453659,0.34869688749313354,-0.6029366850852966,-0.13171029090881348,-0.034360047429800034,0.10618682950735092,0.42180541157722473,0.2690446376800537,-0.19399890303611755,0.2990960478782654,0.18738645315170288,-0.3760139048099518,0.35247352719306946,-0.2872748374938965,-0.16204039752483368,-0.052671726793050766,-0.22304219007492065,0.014597050845623016,0.25599122047424316,-0.3589703440666199,0.35616743564605713,-0.22375111281871796,-0.10418473929166794,0.19914186000823975,0.028784988448023796,0.062050025910139084,-0.11135906726121902],""cell.bias_ih"":[-0.18639568984508514,0.43984466791152954,-0.48232531547546387,-0.08680889010429382,-0.0367886982858181,-0.1592026650905609,-0.27312248945236206,0.4755467176437378,-0.09860590845346451,-0.15819188952445984,-0.04286600276827812,-0.015878457576036453],""cell.bias_hh"":[0.35186275839805603,0.09587463736534119,-0.5626558661460876,-0.013971388339996338,-0.4603053629398346,0.1824447214603424,0.1528812199831009,-0.30978870391845703,-0.32205259799957275,-0.3174733519554138,0.06766293197870255,-0.1448388248682022],""readout.weight"":[0.27448511123657227,0.08403636515140533,-0.005154733546078205,0.33714452385902405],""readout.bias"":[0.1937570869922638]}"
920006,GRU_8,321,120,8,122880,1.7378568339999845,0.5148056149482727,0.3330466479063034,"{""cell.weight_ih"":[0.02211391180753708,0.236433744430542,0.16324758529663086,-0.27669745683670044,-0.23493517935276031,-0.10364004224538803,0.2909590005874634,-0.21476756036281586,-0.4051681458950043,-0.20675581693649292,-0.10489287972450256,-0.048672743141651154,0.18633851408958435,0.12382226437330246,0.040314387530088425,0.04882986098527908,0.12059518694877625,0.03232356533408165,0.1338336318731308,0.2643354833126068,-0.4611873924732208,0.30874162912368774,-0.006689251400530338,-0.16257640719413757,-0.1270207315683365,0.3587559163570404,0.19770829379558563,-0.13229940831661224,-0.08861195296049118,0.13790319859981537,0.22745925188064575,-0.47066324949264526,0.04902500659227371,0.12274785339832306,-0.31118252873420715,-0.32131779193878174,0.163568913936615,-0.020230479538440704,0.17184697091579437,0.15173780918121338,0.05100930482149124,0.048543788492679596,0.2780988812446594,0.14386805891990662,0.12712058424949646,-0.32470443844795227,-0.12133670598268509,-0.01499139703810215,-0.1832573413848877,0.2568204700946808,-0.23413558304309845,-0.08511125296354294,0.1494119018316269,-0.44213148951530457,0.30175402760505676,-0.06382744014263153,0.118464894592762,-0.3464882969856262,0.31215789914131165,0.290058434009552,0.19234001636505127,0.09317614883184433,-0.25810861587524414,-0.026775307953357697,-0.225538432598114,0.17603850364685059,0.22011737525463104,-0.13470490276813507,-0.18883472681045532,-0.21029210090637207,0.15904392302036285,0.27485188841819763],""cell.weight_hh"":[0.1730908751487732,-0.3600064218044281,-0.1700727641582489,-0.039901819080114365,0.29788127541542053,-0.12218049168586731,-0.10518775135278702,-0.12361223995685577,-0.0491614006459713,0.25393474102020264,0.23587730526924133,-0.08202778548002243,0.27055397629737854,-0.011318258941173553,0.07893738895654678,0.04542079195380211,0.2661077678203583,-0.03924308717250824,-0.011984536424279213,-0.38919156789779663,0.22576752305030823,0.03243395686149597,0.2760198712348938,0.012406032532453537,0.09784701466560364,-0.32664597034454346,0.10633130371570587,0.1560548096895218,-0.07048919051885605,0.2265206128358841,0.23778121173381805,-0.2445715218782425,-0.26387274265289307,0.13212183117866516,0.23791727423667908,-0.2539984881877899,0.1723373532295227,-0.279165655374527,-0.31706681847572327,-0.01071997545659542,0.039299577474594116,-0.2679499089717865,-0.11230222135782242,0.1265016347169876,-0.004669360816478729,-0.02671148255467415,0.017580801621079445,0.03961407020688057,-0.10903648287057877,-0.25423842668533325,0.09737967699766159,0.11593935638666153,-0.02562836743891239,-0.1839958131313324,-0.10150324553251266,0.42752134799957275,0.2600475549697876,-0.14700168371200562,-0.22276680171489716,0.2494511753320694,0.27764350175857544,0.36862418055534363,-0.07479622215032578,-0.36848896741867065,-0.009320750832557678,0.42913883924484253,-0.03829061612486839,-0.33708763122558594,-0.128348708152771,0.2253691405057907,-0.04254208132624626,-0.07823777943849564,0.3135540783405304,-0.1751069873571396,0.05730380490422249,0.30653056502342224,-0.16543176770210266,-0.25004324316978455,-0.02245614491403103,-0.08292555809020996,0.2528267502784729,-0.24011102318763733,-0.08085166662931442,-0.2532425820827484,0.16647464036941528,0.4456961154937744,-0.420253723859787,-0.17794686555862427,-0.04583149775862694,-0.15342867374420166,0.22072261571884155,0.4171215295791626,-0.31859275698661804,-0.0696839839220047,-0.15495607256889343,-0.101603664457798,0.09102314710617065,0.2777561545372009,-0.19672851264476776,0.10657690465450287,-0.25815173983573914,0.1920076161623001,0.2688573896884918,-0.3500504195690155,0.21662220358848572,0.2933956980705261,0.0453292652964592,-0.05907191336154938,0.37087205052375793,-0.03704455867409706,-0.10692214965820312,-0.3870830833911896,0.07024426013231277,-0.27860134840011597,0.09114668518304825,-0.09891591966152191,-0.18756265938282013,0.030173497274518013,-0.06770087033510208,-0.28543826937675476,-0.2669834792613983,0.3938300311565399,-0.17140275239944458,-0.1784486323595047,0.12070216238498688,0.23540860414505005,-0.2012675702571869,-0.08518950641155243,-0.14729689061641693,-0.39909663796424866,-0.033674366772174835,0.16589738428592682,0.2701161503791809,0.1649484485387802,0.02076072059571743,0.21702603995800018,-0.13523432612419128,-0.0656033605337143,0.22519353032112122,0.022601835429668427,0.03321147710084915,0.07258936017751694,0.24672117829322815,-0.24495039880275726,0.06976629048585892,-0.34729817509651184,0.12956175208091736,0.05929354950785637,-0.2674976587295532,0.12691037356853485,-0.28729405999183655,-0.03952707350254059,-0.15408410131931305,0.12761317193508148,-0.4049587845802307,0.03861795365810394,0.047826919704675674,-0.0189459640532732,-0.06263016164302826,0.24061651527881622,-0.07954440265893936,-0.27322790026664734,0.07061375677585602,0.2558300793170929,0.07098956406116486,0.0021557477302849293,-0.023565663024783134,0.07660984992980957,0.3619898855686188,0.050459641963243484,-0.05212016776204109,-0.010396583005785942,-0.05955221503973007,-0.26653480529785156,-0.24465586245059967,0.4171803891658783,0.14445824921131134,0.3804120421409607,-0.24296054244041443,0.05421818420290947,-0.06601322442293167,-0.3616584539413452,0.2738916575908661,-0.07676313072443008,-0.2044145166873932,0.06462713330984116,-0.22718065977096558,0.15860393643379211,-0.1489693969488144,-0.24471648037433624,-0.09271503239870071,0.2272004336118698],""cell.bias_ih"":[0.2664521336555481,0.26851531863212585,0.3592040538787842,-0.015387349762022495,-0.2287864238023758,0.10859938710927963,0.02280094288289547,-0.34463316202163696,-0.06412293761968613,0.22938944399356842,-0.24782441556453705,0.08138030022382736,0.36702898144721985,0.38010475039482117,-0.07881543785333633,-0.08752567321062088,-0.07871260493993759,0.045962899923324585,-0.3659398853778839,-0.2620050609111786,-0.23362942039966583,-0.06002097576856613,0.1794978827238083,-0.057444747537374496],""cell.bias_hh"":[-0.03869841247797012,-0.20458008348941803,0.34237605333328247,0.19807370007038116,-0.15116038918495178,-0.028843577951192856,0.16565391421318054,-0.21143418550491333,0.2106255143880844,0.09006352722644806,-0.05528445541858673,0.343201607465744,-0.030443521216511726,0.4200434982776642,0.06125650554895401,0.18709594011306763,0.23045670986175537,0.28036075830459595,-0.2380419373512268,-0.039801351726055145,0.28022652864456177,-0.19675303995609283,0.32888486981391907,-0.0013376501156017184],""readout.weight"":[0.010009007528424263,0.22830365598201752,-0.2741166055202484,-0.021730385720729828,0.27963727712631226,0.13466386497020721,0.3699907660484314,-0.13258473575115204],""readout.bias"":[-0.2728123962879181]}"
920007,LTC_SENSORY_SITE,114,120,8,122880,5.850359375000011,0.22250163555145264,0.3246444135904312,"{""w_rec"":[0.08035953342914581,-0.049217596650123596,0.017627350986003876,0.01980498433113098,-0.08192887902259827,-0.042367856949567795,0.006168965715914965,0.028181040659546852,-0.0265349168330431,0.1164412721991539,0.007273670751601458,-0.019033968448638916,-0.021121278405189514,-0.0261651910841465,-0.029609335586428642,0.03517806902527809,0.046802371740341187,0.015803320333361626,0.10792897641658783,-0.05153623968362808,0.04173808544874191,0.09392739087343216,-0.0038260300643742085,0.009174138307571411,-0.03588329255580902,-0.06225947290658951,0.0012612452264875174,0.18272344768047333,-0.048538465052843094,-0.07549276202917099,-0.05191884934902191,0.07189902663230896,-0.0776597261428833,-0.059280041605234146,0.1154995858669281,0.08568687736988068,0.056552935391664505,-0.043277181684970856,-0.04850238561630249,0.003184183966368437,-0.022737691178917885,-0.03375408798456192,0.047918181866407394,0.06734403967857361,-0.006518739741295576,0.08495058864355087,-0.07080095261335373,0.045543789863586426,-0.007367455866187811,0.0590156689286232,-0.002144701313227415,-0.015052552334964275,0.026899611577391624,0.042699821293354034,0.0954953134059906,0.020613467320799828,0.024374740198254585,0.04790984466671944,0.019066905602812767,-0.014015833847224712,0.04943739250302315,0.06413111090660095,0.02264399081468582,0.1371094286441803],""w_temp"":[-0.142105832695961,-0.1901477873325348,0.46743667125701904,-0.045603688806295395,-0.2859557271003723,-0.027573084458708763,0.32613933086395264,0.09024763852357864],""w_vis"":[0.11250975728034973,-0.0368620902299881,-0.09391926229000092,0.16932529211044312,0.02967989072203636,0.13071706891059875,0.055201396346092224,0.04753967002034187],""bias"":[-0.8460714817047119,-0.8337602019309998,-0.7734958529472351,-0.8467199206352234,-0.8475536704063416,-0.851894199848175,-0.7800247073173523,-0.7809385657310486],""raw_tau"":[0.15780885517597198,0.1698324829339981,0.23199570178985596,0.1565830260515213,0.15711434185504913,0.15133224427700043,0.2243015468120575,0.22116556763648987],""reversal"":[0.11384911835193634,0.00050902966177091,-0.2174038141965866,-0.07809288054704666,0.028295623138546944,-0.014312406070530415,0.08217266947031021,-0.06821716576814651],""readout"":[0.1521466076374054,0.001416592625901103,0.07430969178676605,-0.08553404361009598,0.27045783400535583,0.11597374081611633,-0.11214805394411087,0.1947445571422577],""readout_bias"":[-0.043803635984659195],""beta"":[0.2196694314479828],""sensory_mask"":[1.0,1.0,1.0,1.0,0.0,0.0,0.0,0.0]}"
920007,LTC_OUTPUT_SITE,114,120,8,122880,4.959051167000013,0.2224387526512146,0.32461610436439514,"{""w_rec"":[0.14359475672245026,-0.046892665326595306,-0.004947752691805363,0.01961962878704071,0.01346433162689209,-0.02346489019691944,0.05598343163728714,0.010524233803153038,-0.0450182780623436,0.14476798474788666,0.04213079437613487,0.043552692979574203,0.00857260636985302,-0.001973276725038886,-0.07978944480419159,0.06189660355448723,-0.0031078855972737074,-0.05918726697564125,0.12248098105192184,-0.0008437300566583872,0.056227054446935654,-0.016872083768248558,0.03506142273545265,0.019933706149458885,-0.018897878006100655,0.03465449810028076,0.02678120881319046,0.14198140799999237,0.030576558783650398,0.015597231686115265,-0.019566800445318222,0.0007859837496653199,-0.058573875576257706,0.005463308654725552,0.029468297958374023,-0.01304242480546236,0.18339690566062927,0.0025626481510698795,0.05286777392029762,0.07267999649047852,-0.010976758785545826,0.043556515127420425,0.005271453410387039,-0.007314695976674557,-0.004205952398478985,0.11947605013847351,-0.03202951326966286,-0.0047681317664682865,-0.056765954941511154,0.016654349863529205,0.05711671710014343,0.08850602060556412,0.08908035606145859,-0.0039227744564414024,0.09615115076303482,0.07316603511571884,-0.07735142111778259,0.0369669534265995,0.08062045276165009,-0.008325617760419846,0.0824815034866333,0.003536423435434699,0.11264611780643463,0.2183104157447815],""w_temp"":[0.2960111200809479,0.10196013748645782,0.10844352841377258,-0.16891855001449585,0.1382044404745102,-0.1451057642698288,-0.05554718151688576,0.33891889452934265],""w_vis"":[-0.19803932309150696,0.08287116140127182,-0.04415849223732948,-0.17305095493793488,-0.16271647810935974,-0.25744345784187317,0.033400941640138626,-0.20449964702129364],""bias"":[-0.7963477373123169,-0.8437528610229492,-0.7927594780921936,-0.8285748362541199,-0.8174199461936951,-0.8400260210037231,-0.8577388525009155,-0.8541995286941528],""raw_tau"":[0.20803844928741455,0.15875624120235443,0.20995637774467468,0.1749383956193924,0.18586550652980804,0.1631319373846054,0.1454656720161438,0.15015828609466553],""reversal"":[0.0602562390267849,-0.12059976160526276,-0.19164377450942993,0.0007520499057136476,-0.049355845898389816,-0.09860707819461823,-0.013815859332680702,-0.02073507010936737],""readout"":[-0.11327096819877625,-0.011930509470403194,0.06057213991880417,0.0009140336187556386,0.04924821853637695,-0.13461732864379883,0.2385687232017517,0.038117971271276474],""readout_bias"":[-0.034277547150850296],""beta"":[0.17537033557891846],""sensory_mask"":[0.0,0.0,0.0,0.0,0.0,0.0,0.0,0.0]}"
920007,LTC_NO_FEEDBACK,114,120,8,122880,4.853164082999996,0.22258135676383972,0.3241324082016945,"{""w_rec"":[0.12469907850027084,0.02652323804795742,0.04514041915535927,-0.07566127181053162,0.07382170855998993,0.0744762122631073,0.005486546084284782,0.0648995190858841,-0.03369947150349617,0.19180075824260712,0.06848137080669403,0.0005746717797592282,0.026862790808081627,0.03774639591574669,-0.03637157008051872,0.026409007608890533,-0.03171826899051666,0.02815275639295578,0.1562274843454361,-0.05173443257808685,0.04991861432790756,0.04975235089659691,-0.014800666831433773,-0.006627796683460474,-0.006519787944853306,0.015417969785630703,0.028039220720529556,0.05581042915582657,-0.002098016208037734,0.01172994077205658,-0.01183402445167303,0.03129775449633598,0.012385300360620022,0.08494337648153305,0.02275330200791359,-0.06841760128736496,0.17516830563545227,0.061539605259895325,-0.06547638773918152,0.0692225992679596,-0.031011728569865227,0.06652498990297318,0.020171111449599266,0.01073718722909689,0.07119157910346985,0.1500581055879593,-0.004578195046633482,0.051979921758174896,0.05548936501145363,-0.03614180535078049,0.013815779238939285,-0.07483891397714615,-0.0024164021015167236,-0.06746981292963028,0.10656438767910004,-0.03581026569008827,-0.05839235335588455,0.04639822989702225,0.03618378937244415,-0.030144527554512024,0.08728260546922684,0.049798548221588135,-0.041732240468263626,0.15890613198280334],""w_temp"":[-0.0021780545357614756,-0.041588444262742996,-0.11750755459070206,0.315511554479599,0.06330983340740204,-0.3147343397140503,0.2183251529932022,-0.17407763004302979],""w_vis"":[0.1003231480717659,0.07549688220024109,-0.13887150585651398,-0.024362754076719284,-0.13420934975147247,-0.06074325367808342,0.03171286731958389,-0.21767063438892365],""bias"":[-0.8668872714042664,-0.8508167266845703,-0.8505853414535522,-0.8138058185577393,-0.8498395085334778,-0.8489507436752319,-0.7920433878898621,-0.8513150811195374],""raw_tau"":[0.13586141169071198,0.1523478925228119,0.15266196429729462,0.1903785616159439,0.15299205482006073,0.15558761358261108,0.21123342216014862,0.1520143300294876],""reversal"":[-0.014646629802882671,-0.05689425766468048,-0.0766693726181984,0.04763835296034813,-0.12226326018571854,-0.05728283151984215,0.07135853916406631,-0.07914090901613235],""readout"":[0.0373530387878418,-0.09776647388935089,-0.06280800700187683,-0.05867105349898338,0.0149827990680933,-0.0641762763261795,-0.06767801195383072,-0.19744984805583954],""readout_bias"":[-0.050163526087999344],""beta"":[0.25],""sensory_mask"":[0.0,0.0,0.0,0.0,0.0,0.0,0.0,0.0]}"
920007,LTC_DENSE_FEEDBACK,114,120,8,122880,5.925151999999997,0.22261913120746613,0.3246754914522171,"{""w_rec"":[0.13260604441165924,-0.0036640933249145746,0.02048993669450283,-0.03665205091238022,-0.013412127271294594,-0.02650786004960537,-0.001857514027506113,0.04460163787007332,0.018876321613788605,0.1446031630039215,-0.051508136093616486,-0.07572014629840851,0.027048036456108093,-0.04155583307147026,0.052192654460668564,0.051755525171756744,-0.04412662982940674,-0.024854732677340508,0.12148428708314896,-0.019691890105605125,-0.02217007800936699,-0.0003728854935616255,-0.04871935769915581,-0.023378323763608932,0.05464545264840126,0.07418781518936157,-0.06267467141151428,0.09208346158266068,0.06706371158361435,-0.06446848064661026,0.08051464706659317,0.12754693627357483,0.057005904614925385,0.07189035415649414,-0.07754232734441757,-0.009739372879266739,0.1358378529548645,-0.03587377443909645,0.05308832228183746,0.06360114365816116,-0.028321517631411552,0.010510670952498913,-0.021122345700860023,-0.007583334110677242,-0.01355738565325737,0.1359439194202423,-0.0032557169906795025,-0.03388028219342232,0.09541776031255722,0.010910175740718842,-0.059878088533878326,-0.013963067904114723,0.04429018124938011,-0.0548306368291378,0.1948704719543457,0.07951539009809494,0.04330096393823624,0.03036615625023842,-0.004290479701012373,-0.0030362552497535944,0.003065946511924267,-0.005716403480619192,0.036522116512060165,0.16781894862651825],""w_temp"":[0.24772579967975616,0.1111968606710434,0.4252713918685913,-0.2792906165122986,-0.15543119609355927,0.22560524940490723,0.15430496633052826,-0.1262875497341156],""w_vis"":[-0.10907901078462601,-0.18578410148620605,-0.0850304365158081,0.04280142858624458,0.14562830328941345,0.03150220215320587,0.0961756631731987,-0.1899326890707016],""bias"":[-0.7877122759819031,-0.8169179558753967,-0.7820733189582825,-0.8664695620536804,-0.8431617617607117,-0.7832059860229492,-0.8537803292274475,-0.8356668949127197],""raw_tau"":[0.21632881462574005,0.18625934422016144,0.22310571372509003,0.13714130222797394,0.16049639880657196,0.22047372162342072,0.14920185506343842,0.16760104894638062],""reversal"":[-0.14447319507598877,-0.07780516147613525,0.17170800268650055,0.0023214993998408318,-0.07579056918621063,0.12302926182746887,-0.29979175329208374,-0.1281733214855194],""readout"":[0.10922202467918396,0.054238226264715195,-0.11487442255020142,0.00035669351927936077,0.012748587876558304,-0.24934975802898407,0.026038799434900284,-0.0026307539083063602],""readout_bias"":[-0.02718171663582325],""beta"":[0.31449538469314575],""sensory_mask"":[1.0,1.0,1.0,1.0,1.0,1.0,1.0,1.0]}"
920007,LTC_SENSORY_YOKED,114,120,8,122880,5.967231541999979,0.2224559485912323,0.32382607609033587,"{""w_rec"":[0.1838754415512085,0.002831484191119671,-0.006421475205570459,-0.04926295578479767,0.07470972836017609,0.05431291460990906,0.05202924460172653,0.03145312890410423,0.04607515037059784,0.16037599742412567,-0.004945538472384214,-0.02796880155801773,0.10240889340639114,0.05516665801405907,0.03403789922595024,-0.008187180384993553,0.14888130128383636,0.16716396808624268,0.17535336315631866,-0.06760133802890778,-0.09495918452739716,0.11582708358764648,0.08850491791963577,0.09920518845319748,0.05703947693109512,0.04834594577550888,-0.01977279782295227,0.05267780274152756,0.0395166389644146,0.042998529970645905,0.03661071136593819,0.05740160122513771,0.09160879254341125,0.0563625693321228,0.05044613406062126,-0.0823940634727478,0.12080632895231247,0.09917671233415604,0.055033277720212936,0.05601100996136665,0.04048016294836998,0.04475337266921997,0.04675654321908951,-0.01414312794804573,0.047448642551898956,0.1355009227991104,0.03583265468478203,0.0492076501250267,0.007176266983151436,0.003443544963374734,0.006171072833240032,-0.014111855998635292,0.04003132879734039,-0.012240398675203323,0.1314278393983841,0.03807063400745392,0.05224999412894249,0.034450121223926544,0.01058228500187397,-0.037561070173978806,0.08979085832834244,-0.0085226409137249,0.0651552826166153,0.1563681811094284],""w_temp"":[-0.342385858297348,-0.15503498911857605,0.13235539197921753,-0.157461017370224,0.1907218098640442,0.2270451784133911,-0.012384734116494656,-0.33188486099243164],""w_vis"":[-0.022532209753990173,0.05613427609205246,-0.2231755256652832,0.0038034094031900167,-0.12742339074611664,-0.15121892094612122,-0.1463632732629776,-0.05966256186366081],""bias"":[-0.8476985692977905,-0.8480837345123291,-0.9324241280555725,-0.8376772403717041,-0.8682524561882019,-0.8430531620979309,-0.8489934802055359,-0.847557783126831],""raw_tau"":[0.15723463892936707,0.15576398372650146,0.07116628438234329,0.1659819334745407,0.1353173404932022,0.16006946563720703,0.15380895137786865,0.15712517499923706],""reversal"":[-0.08257192373275757,-0.0670011043548584,3.981289773946628e-05,-0.0062078265473246574,0.03235618397593498,-0.04554394632577896,-0.0529484786093235,-0.05813132971525192],""readout"":[-0.09575888514518738,-0.0454084612429142,0.0003690278681460768,0.005258777644485235,-0.13651308417320251,0.023821372538805008,-0.04890354722738266,-0.07111532241106033],""readout_bias"":[-0.04851244390010834],""beta"":[0.2105075567960739],""sensory_mask"":[1.0,1.0,1.0,1.0,0.0,0.0,0.0,0.0]}"
920007,GRU_4,113,120,8,122880,1.7260180000000105,0.3907204270362854,0.32253171801567077,"{""cell.weight_ih"":[-0.5637887716293335,-0.1470067799091339,-0.3120501637458801,-0.3213539719581604,-0.4364934265613556,-0.23179422318935394,-0.4296121597290039,0.19299441576004028,-0.5192340612411499,-0.49379146099090576,-0.14295010268688202,-0.25175467133522034,-0.39706358313560486,0.27117839455604553,0.35735464096069336,0.11986084282398224,0.18609672784805298,0.4330767095088959,0.3194425106048584,-0.11749441921710968,0.5885782241821289,0.23730051517486572,0.00019585678819566965,0.47015509009361267,-0.17436948418617249,0.3652991056442261,-0.06778673082590103,-0.061270821839571,0.3320530652999878,-0.36248865723609924,-0.15622496604919434,0.20583178102970123,-0.2174883782863617,-0.09299056977033615,-0.36793994903564453,0.1184966042637825],""cell.weight_hh"":[0.301893025636673,0.07852695882320404,-0.007557604927569628,0.25134941935539246,0.3098754584789276,0.25371241569519043,0.2545160949230194,-0.3972063362598419,-0.04408428817987442,-0.2579653561115265,-0.0014735524309799075,-0.3742009401321411,-0.12891258299350739,0.28641650080680847,-0.3723587393760681,-0.26925188302993774,-0.24833343923091888,0.37197011709213257,-0.08981981873512268,-0.14822867512702942,-0.11399520188570023,-0.5059490203857422,0.06484625488519669,0.5800991654396057,0.07448212057352066,0.15758951008319855,0.05271042510867119,0.4693024158477783,0.0395221933722496,0.3310686945915222,0.0474826842546463,0.17460495233535767,0.10363790392875671,-0.4162726104259491,0.1291467845439911,-0.03284354507923126,-0.029340868815779686,-0.4892111122608185,0.24393966794013977,0.04981004074215889,-0.02072647586464882,-0.18229538202285767,-0.02480531483888626,0.33957162499427795,0.36635348200798035,-0.6096811890602112,0.16018711030483246,-0.19649499654769897],""cell.bias_ih"":[0.4359234869480133,-0.23084872961044312,0.4797500967979431,-0.20511971414089203,-0.1562434583902359,0.30110734701156616,-0.4755009710788727,-0.17919346690177917,-0.3383561372756958,0.2815869152545929,-0.32717812061309814,-0.11748635768890381],""cell.bias_hh"":[0.2717842161655426,-0.4978201389312744,0.33585721254348755,-0.24797423183918,0.4534139931201935,-0.04155251011252403,-0.14433157444000244,0.058248892426490784,-0.26083117723464966,0.3978845179080963,-0.394225537776947,-0.5377735495567322],""readout.weight"":[-0.26864174008369446,-0.22763073444366455,-0.13042469322681427,-0.41108399629592896],""readout.bias"":[-0.3787370026111603]}"
920007,GRU_8,321,120,8,122880,1.7294269580000048,0.22588926553726196,0.34664672464132307,"{""cell.weight_ih"":[0.0378207191824913,0.11149077117443085,-0.035663433372974396,0.1121608316898346,-0.25202110409736633,-0.2425582855939865,-0.014793403446674347,-0.043841637670993805,0.40375614166259766,-0.10877931118011475,-0.11000989377498627,0.25352731347084045,0.00557248480618,-0.14296449720859528,0.3551728129386902,0.2951798737049103,0.013050375506281853,0.4052262306213379,0.17883357405662537,-0.03169442340731621,0.31086134910583496,0.17016281187534332,-0.20225434005260468,0.19149984419345856,0.19206522405147552,-0.38187354803085327,-0.25972774624824524,-0.2787580192089081,-0.13503950834274292,-0.35716375708580017,-0.018830686807632446,-0.10972454398870468,0.44533804059028625,-0.22960305213928223,0.22450916469097137,0.30448058247566223,0.16562874615192413,-0.046895138919353485,-0.16237209737300873,-0.25031813979148865,-0.20378559827804565,0.013421953655779362,0.15061719715595245,-0.07553610950708389,-0.11525094509124756,-0.2606606185436249,-0.2984733283519745,-0.20172525942325592,0.39285123348236084,-0.1462043821811676,-0.3734014928340912,0.14580181241035461,0.24776512384414673,-0.35061925649642944,0.49300432205200195,0.035600632429122925,0.019528280943632126,-0.25874727964401245,0.18108883500099182,-0.02014944702386856,-0.15582303702831268,0.3368392586708069,0.05929127708077431,-0.07540535926818848,0.1853506863117218,0.029404979199171066,0.0326157882809639,-0.33466044068336487,0.2354421615600586,0.3407912850379944,0.2553161382675171,0.22466294467449188],""cell.weight_hh"":[-0.35155805945396423,-0.30259642004966736,0.19590045511722565,-0.0342334546148777,-0.14658744633197784,0.2906383275985718,0.23985359072685242,-0.02683281898498535,0.07203516364097595,-0.18141287565231323,0.06477617472410202,0.18488234281539917,0.2229042500257492,0.12737250328063965,0.07810567319393158,0.16627368330955505,0.23847338557243347,0.3484725058078766,0.035960979759693146,-0.03772266209125519,0.22305750846862793,0.14006644487380981,-0.0020374536979943514,0.09865676611661911,-0.31470945477485657,-0.03981420397758484,-0.3671961724758148,0.22967101633548737,-0.11447100341320038,-0.29555124044418335,0.014795317314565182,-0.32939350605010986,0.14835284650325775,0.14671014249324799,0.3224155306816101,-0.11293066293001175,0.09313825517892838,0.25197118520736694,-0.2644604444503784,0.15999644994735718,-0.2440609484910965,0.3118114769458771,0.4100300371646881,-0.3107376992702484,0.15818290412425995,-0.007456525694578886,-0.1487942487001419,-0.10496144741773605,0.20822873711585999,0.37038180232048035,-0.20326286554336548,-0.3018823564052582,0.2192157804965973,-0.07158384472131729,-0.22165052592754364,0.18465515971183777,-0.08093872666358948,-0.2518439292907715,-0.0733613669872284,0.34557896852493286,0.43099653720855713,0.1200067475438118,0.07009156048297882,-0.4177725315093994,-0.28839460015296936,-0.10817039757966995,0.09665357321500778,-0.15752707421779633,0.33176934719085693,-0.07172445952892303,-0.12323886156082153,0.04518076777458191,-0.0328611321747303,0.1771421581506729,0.21879199147224426,-0.37993893027305603,-0.07424148172140121,0.272634357213974,0.2701907455921173,-0.19285468757152557,-0.35061952471733093,-0.0008513873908668756,0.24556653201580048,-0.17457278072834015,0.2715778946876526,0.37589597702026367,-0.21130728721618652,0.19365374743938446,0.08356519788503647,0.2369486540555954,-0.33811450004577637,0.24276617169380188,0.05008426681160927,0.17862674593925476,-0.0626646876335144,-0.050026785582304,0.17097489535808563,0.0921429917216301,-0.0533328540623188,0.37006568908691406,-0.08367972820997238,0.07921790331602097,0.020885130390524864,0.06338046491146088,0.0020789774134755135,0.11404217034578323,0.05102306976914406,-0.3189672827720642,-0.21113352477550507,-0.21410350501537323,0.07983044534921646,-0.12439198046922684,-0.4743194878101349,-0.4215412139892578,0.12679293751716614,-0.02109062671661377,-0.3521842360496521,-0.19074556231498718,0.08666452765464783,-0.31321656703948975,0.22005891799926758,0.00017164042219519615,0.40713027119636536,0.4161020517349243,0.2675747871398926,-0.28635963797569275,-0.16839423775672913,0.1757725477218628,-0.0003391639329493046,0.37981611490249634,0.11525401473045349,-0.23378542065620422,0.210987851023674,-0.03140434995293617,0.15607646107673645,-0.17955102026462555,-0.2509649991989136,-0.308817058801651,-0.07496055960655212,0.22319763898849487,0.3736649751663208,-0.1664668321609497,-0.2347516119480133,0.10573872178792953,0.4037972092628479,-0.10696209222078323,-0.012954890727996826,-0.09023020416498184,0.09169193357229233,0.2591584324836731,-0.25433164834976196,0.08397167921066284,-0.40373677015304565,-0.10226531326770782,-0.06399829685688019,0.3196371793746948,0.30949077010154724,-0.2271701693534851,-0.35155409574508667,-0.08399930596351624,-0.19881106913089752,-0.21838197112083435,-0.09854312986135483,-0.19151009619235992,-0.09769562631845474,0.21303226053714752,-0.08664754033088684,0.27205678820610046,0.12755009531974792,0.04886437579989433,0.07705341279506683,-0.36014190316200256,-0.21405187249183655,-0.22294721007347107,-0.21800597012043,0.2636888325214386,-0.14741183817386627,0.1678321659564972,0.3338572084903717,0.2632260024547577,-0.31743359565734863,0.08154485374689102,0.21880784630775452,0.18177726864814758,0.2535504698753357,0.260757178068161,0.06274161487817764,-0.17471671104431152,-0.41139814257621765,0.3356429636478424,-0.01618001237511635,-0.22497297823429108],""cell.bias_ih"":[0.26924046874046326,-0.2581101953983307,-0.2898111641407013,0.15413342416286469,-0.05252622067928314,-0.1589750498533249,-0.0512426383793354,-0.018209340050816536,0.0424274317920208,-0.03046412020921707,0.2032201886177063,-0.18501871824264526,-0.08101662248373032,0.11548430472612381,0.06399696320295334,-0.17838193476200104,0.17277033627033234,-0.29446154832839966,0.17925043404102325,-0.03214648738503456,-0.08037746697664261,0.1288667768239975,0.3538798391819,0.05817954242229462],""cell.bias_hh"":[0.08039616793394089,0.310262531042099,-0.1994122713804245,-0.07341241836547852,-0.026467440649867058,0.0058560739271342754,0.286989688873291,0.26681575179100037,-0.21037597954273224,0.25563231110572815,-0.21141603589057922,-0.34689903259277344,0.18898938596248627,-0.25285521149635315,0.17553208768367767,-0.25386664271354675,-0.21110843122005463,0.2847495675086975,0.28097859025001526,0.2606084942817688,-0.11049402505159378,-0.3949839174747467,0.23383963108062744,0.013239387422800064],""readout.weight"":[0.0189785398542881,0.19374743103981018,-0.2401697039604187,0.24333946406841278,0.06615926325321198,0.09519091248512268,-0.038193169981241226,-0.19622179865837097],""readout.bias"":[0.05971271172165871]}"
920008,LTC_SENSORY_SITE,114,120,8,122880,5.846420583000025,0.17495906352996826,0.3133459955453873,"{""w_rec"":[0.04784684628248215,-0.04337964951992035,0.05777112394571304,0.11404956877231598,0.05904350429773331,0.03028334118425846,-0.07023049145936966,-0.0648762658238411,-0.03304890915751457,0.07881394773721695,0.059286653995513916,0.08998993039131165,0.10741908848285675,0.10887128859758377,-0.14065077900886536,-0.09400675445795059,-0.06287261843681335,-0.10691720992326736,0.22282494604587555,0.07008089870214462,0.11126473546028137,0.06622955203056335,-0.09927655756473541,-0.05229299142956734,-0.06318719685077667,-0.08752540498971939,0.10187939554452896,0.1800399273633957,0.030423719435930252,0.036339178681373596,-0.09368433058261871,-0.011491977609694004,0.07421967387199402,0.05859396979212761,-0.05467193201184273,-0.019805442541837692,0.09262413531541824,-0.023235749453306198,0.09151703864336014,0.0812268853187561,0.04244522750377655,0.11691141873598099,-0.008240987546741962,-0.06059947609901428,-0.007708790246397257,0.06794403493404388,0.06926125288009644,0.034318383783102036,-0.05871487408876419,-0.09688775986433029,0.06230912730097771,0.04507652670145035,0.07699737697839737,0.0908622071146965,0.06714417040348053,-0.04722117260098457,-0.0807337760925293,-0.06440888345241547,0.05926966667175293,0.03268865495920181,0.11480515450239182,0.09779595583677292,-0.041277188807725906,0.025467216968536377],""w_temp"":[0.19755859673023224,0.1620972901582718,-0.05779273808002472,0.22543610632419586,-0.012215262278914452,-0.03369935229420662,-0.015217808075249195,-0.06300035864114761],""w_vis"":[0.043807148933410645,-0.10128799825906754,-0.04127916321158409,0.017953360453248024,0.015495054423809052,-0.2388649880886078,-0.04212990403175354,0.09714752435684204],""bias"":[-0.8683408498764038,-0.8849948644638062,-0.8631185293197632,-0.8597763180732727,-0.7652920484542847,-0.7782094478607178,-0.8746850490570068,-0.8712940812110901],""raw_tau"":[0.13517902791500092,0.11818079650402069,0.1402936577796936,0.14392153918743134,0.23714576661586761,0.22560358047485352,0.12871047854423523,0.13228018581867218],""reversal"":[0.020637745037674904,-0.011417096480727196,-0.1257334053516388,-0.11716689169406891,-0.14840154349803925,-0.06993602216243744,0.012319330126047134,0.022207653149962425],""readout"":[0.021589437499642372,0.04898974299430847,-0.08169077336788177,-0.207347571849823,0.2621985971927643,0.14090396463871002,0.14098310470581055,-6.304064299911261e-06],""readout_bias"":[-0.048468999564647675],""beta"":[0.2116033285856247],""sensory_mask"":[1.0,1.0,1.0,1.0,0.0,0.0,0.0,0.0]}"
920008,LTC_OUTPUT_SITE,114,120,8,122880,4.939235542000006,0.16733522713184357,0.3130970820784569,"{""w_rec"":[0.06348886340856552,-0.05069951340556145,-0.05006587132811546,0.018488548696041107,-0.07434859126806259,0.07131481915712357,0.04659038782119751,-0.08752303570508957,0.07339394837617874,0.08531800657510757,-0.005811355076730251,-0.021273666992783546,-0.07742434740066528,0.00426593329757452,0.03709878399968147,-0.017268508672714233,-0.00961585808545351,-0.020711950957775116,0.10338754951953888,-0.0333203487098217,0.014600077643990517,0.059536322951316833,0.024007180705666542,0.015217827633023262,0.07672806084156036,-0.03283030912280083,-0.03748349845409393,0.10025882720947266,-0.0303183700889349,-0.01859765686094761,-0.021480156108736992,-0.07923697680234909,0.0036820496898144484,-0.045727476477622986,-0.043889280408620834,0.022415487095713615,0.10403463989496231,0.04677169397473335,-0.006135699339210987,-0.003043878125026822,0.030647756531834602,0.0391034297645092,-0.006144828163087368,0.01243574172258377,-0.013599383644759655,0.08506078273057938,-0.005180956795811653,0.06199768930673599,0.06827327609062195,-0.03212561458349228,-0.028431592509150505,-0.039602216333150864,-0.024004975333809853,0.04363510012626648,0.1367059051990509,0.04577142000198364,-0.07331831008195877,-0.06331618875265121,-0.07141648977994919,0.09391619265079498,-0.06206304952502251,0.0979590117931366,0.07500522583723068,0.029497623443603516],""w_temp"":[0.026766808703541756,0.033089444041252136,0.26937413215637207,0.10368040204048157,-0.05100083351135254,0.05018920823931694,0.01820639707148075,0.2805097997188568],""w_vis"":[0.03686409816145897,-0.16129544377326965,-0.17757029831409454,0.048754505813121796,-0.07252643257379532,-0.13208986818790436,-0.052666015923023224,-0.006889794487506151],""bias"":[-0.8673307299613953,-0.8004601001739502,-0.8017574548721313,-0.7972467541694641,-0.8187438249588013,-0.8020269274711609,-0.8005152344703674,-0.8891141414642334],""raw_tau"":[0.13637560606002808,0.2028602659702301,0.20132258534431458,0.20502859354019165,0.18431201577186584,0.20115627348423004,0.20232385396957397,0.1145746037364006],""reversal"":[0.020344730466604233,0.09858492761850357,0.16109488904476166,-0.10816743224859238,0.03914622962474823,-0.17189718782901764,-0.14681215584278107,0.16092433035373688],""readout"":[0.16661962866783142,-0.12810875475406647,-0.07520962506532669,0.24411097168922424,-0.03350435197353363,0.07517828792333603,0.09556473791599274,0.01002334151417017],""readout_bias"":[-0.020007941871881485],""beta"":[0.22142702341079712],""sensory_mask"":[0.0,0.0,0.0,0.0,0.0,0.0,0.0,0.0]}"
920008,LTC_NO_FEEDBACK,114,120,8,122880,4.844775207999987,0.16720789670944214,0.3133098915219307,"{""w_rec"":[0.09087596833705902,0.03753209486603737,0.040471382439136505,0.0470348559319973,-0.020102642476558685,-0.06476356834173203,-0.01633765734732151,0.007946670055389404,-0.0425688698887825,0.1443367451429367,-0.010418080724775791,-0.028725527226924896,-0.014752776362001896,-0.017005624249577522,0.019299695268273354,0.10308729112148285,-0.05183662101626396,0.05174264684319496,0.17313143610954285,0.06799456477165222,-0.08325513452291489,-0.040540989488363266,0.055311787873506546,-0.0669884979724884,-0.07775252312421799,0.015488963574171066,-0.04236292839050293,0.12137135863304138,-0.01840437762439251,-9.153364226222038e-05,-0.011930398643016815,0.0743376836180687,-0.03376910835504532,0.0016114253085106611,-0.005850697867572308,0.011407907120883465,0.08944647759199142,0.006489287130534649,-0.026727326214313507,0.06742504239082336,-0.04141133278608322,0.005904177203774452,0.011376427486538887,-0.01338481716811657,-0.043803513050079346,0.11453481018543243,0.035726044327020645,0.08136355876922607,-0.05233331024646759,0.13696753978729248,0.07814206928014755,0.15123297274112701,-0.12633489072322845,-0.18284828960895538,0.14027778804302216,-0.08696489036083221,-0.0740392804145813,0.1020902693271637,0.032929252833127975,0.10360906273126602,-0.08269156515598297,-0.08305584639310837,-0.003962261136621237,0.029422661289572716],""w_temp"":[0.020624175667762756,-0.008647948503494263,-0.13030573725700378,-0.11801658570766449,0.02073647826910019,0.08205234259366989,-0.123493991792202,-0.21222254633903503],""w_vis"":[-0.05112481489777565,-0.06526356190443039,-0.04002323001623154,-0.025796663016080856,-0.02872162126004696,-0.16190612316131592,-0.13685235381126404,-0.07111562788486481],""bias"":[-0.8231131434440613,-0.7882014513015747,-0.8785051703453064,-0.7827160358428955,-0.813671886920929,-0.7918140292167664,-0.9226321578025818,-0.8909751772880554],""raw_tau"":[0.18010985851287842,0.21468839049339294,0.12498345226049423,0.21991154551506042,0.1891159862279892,0.21150636672973633,0.0808245912194252,0.11252196133136749],""reversal"":[0.007917056791484356,-0.17057429254055023,0.0086282417178154,-0.17021723091602325,0.0333932489156723,0.14110016822814941,-0.011457662098109722,0.0008354626479558647],""readout"":[-0.007816017605364323,0.12802448868751526,0.00829168688505888,0.35524171590805054,-0.0544733963906765,-0.09554482996463776,-0.0170073714107275,0.09430902451276779],""readout_bias"":[-0.028893114998936653],""beta"":[0.25],""sensory_mask"":[0.0,0.0,0.0,0.0,0.0,0.0,0.0,0.0]}"
920008,LTC_DENSE_FEEDBACK,114,120,8,122880,5.918040416999986,0.17396456003189087,0.31323329284787177,"{""w_rec"":[0.13125678896903992,0.05058104917407036,-0.0018489679787307978,-0.09135468304157257,0.15147005021572113,-0.01736491732299328,-0.006693538744002581,-0.033752959221601486,0.06715793162584305,0.025762734934687614,0.07123356312513351,0.0755634605884552,-0.1094966009259224,0.059561897069215775,0.04828094691038132,0.09662774205207825,0.00047991087194532156,-0.07513570785522461,0.13675589859485626,0.0408933088183403,-0.05418766289949417,0.060241881757974625,0.014152531512081623,0.04463466256856918,-0.005248428788036108,-0.0007514116587117314,-0.08024519681930542,0.16483141481876373,0.06492090225219727,-0.00826444011181593,0.005483493208885193,-0.018957654014229774,0.07249945402145386,-0.0668025091290474,0.09037964791059494,0.07375304400920868,0.004322446417063475,0.11747100949287415,0.07359598577022552,0.07433599978685379,0.00734120374545455,-0.01872289553284645,0.006555058062076569,0.005702021066099405,0.06611062586307526,0.13712731003761292,0.03035932034254074,0.057677097618579865,-0.01792481727898121,0.01907472312450409,-0.018518278375267982,-0.02544432505965233,0.16545788943767548,0.019349290058016777,0.18072299659252167,-0.013389276340603828,-0.023884156718850136,0.04923421889543533,-0.04863864183425903,-0.02803112007677555,0.05346705764532089,-0.0579635314643383,-0.016401585191488266,0.12039106339216232],""w_temp"":[0.13254985213279724,-0.052900027483701706,-0.047538258135318756,-0.10921230167150497,0.02276354283094406,0.09063192456960678,0.1068517193198204,0.11996587365865707],""w_vis"":[-0.014471866190433502,0.03740644082427025,0.1682090014219284,-0.05592363327741623,-0.2504776418209076,-0.16172680258750916,0.14594747126102448,-0.13279709219932556],""bias"":[-0.7744100689888,-0.8660847544670105,-0.8550369739532471,-0.7755245566368103,-0.8729609847068787,-0.7940383553504944,-0.7840020060539246,-0.7724830508232117],""raw_tau"":[0.22809889912605286,0.13756634294986725,0.14919652044773102,0.22728542983531952,0.13030461966991425,0.2092554122209549,0.21755708754062653,0.23070527613162994],""reversal"":[-0.1394069641828537,0.24565383791923523,-0.24074801802635193,-0.09178096801042557,-0.008506362326443195,-0.10634974390268326,-0.07482174783945084,-0.0962180495262146],""readout"":[0.11328981071710587,0.037711966782808304,-0.15028782188892365,0.16744013130664825,0.021500175818800926,0.04538818448781967,0.09403564780950546,0.22250331938266754],""readout_bias"":[-0.046009037643671036],""beta"":[0.3352602422237396],""sensory_mask"":[1.0,1.0,1.0,1.0,1.0,1.0,1.0,1.0]}"
920008,LTC_SENSORY_YOKED,114,120,8,122880,5.955086833999985,0.17097744345664978,0.31331293657422066,"{""w_rec"":[0.07085651159286499,0.016979245468974113,-0.06992650032043457,0.0439467690885067,0.07232256233692169,0.05179660767316818,-0.04841126874089241,-0.039001595228910446,0.00491750193759799,0.14192013442516327,-0.003692169673740864,0.026990320533514023,-0.0352557972073555,-0.04095182195305824,-0.002297802362591028,0.029405033215880394,0.047868479043245316,-0.03924284502863884,0.12890321016311646,0.014418487437069416,-0.021167462691664696,-0.05801147595047951,0.019934769719839096,-0.002986695384606719,0.017302801832556725,-0.01002898532897234,0.03562171012163162,0.1355031579732895,-0.0510675311088562,-0.07802968472242355,-0.00011261686449870467,-0.027207111939787865,-0.06664659082889557,-0.0886542946100235,-0.03710165619850159,0.05924404412508011,0.20700328052043915,0.10332483798265457,-0.03434743359684944,0.012509973719716072,-0.07351047545671463,-0.07356691360473633,-0.04712802544236183,0.02845780737698078,0.08740641921758652,0.15141864120960236,-0.05619700998067856,0.021236339583992958,-0.004326372407376766,-0.09195878356695175,-0.07155114412307739,0.04311289265751839,0.02593768760561943,-0.002819659886881709,0.09869939088821411,0.017355212941765785,0.04543482884764671,0.0019353691022843122,-0.015138480812311172,-0.014270637184381485,-0.025568723678588867,-0.05566906929016113,0.004739994183182716,0.11987382918596268],""w_temp"":[-0.01659609004855156,0.09316718578338623,-0.07642990350723267,0.0017087943851947784,0.04468564689159393,-0.11275971680879593,0.20218443870544434,-0.2934510111808777],""w_vis"":[-0.006239003501832485,-0.18684902787208557,0.07210786640644073,-0.1747627705335617,0.08933892101049423,0.2016201764345169,0.0029883445240557194,-0.07442503422498703],""bias"":[-0.8637471795082092,-0.7875068187713623,-0.7851875424385071,-0.7823994755744934,-0.865304708480835,-0.8549501299858093,-0.8347518444061279,-0.777545154094696],""raw_tau"":[0.13976244628429413,0.21596106886863708,0.21687884628772736,0.2210906594991684,0.1384871006011963,0.14867174625396729,0.16753800213336945,0.22498108446598053],""reversal"":[0.2175649255514145,0.0649917721748352,0.06415695697069168,-0.07925848662853241,-0.033014748245477676,0.010529113933444023,0.05063725262880325,-0.13190984725952148],""readout"":[0.036408234387636185,-0.12803657352924347,-0.2542612850666046,0.15759257972240448,-0.06557297706604004,0.00793379358947277,-0.021377284079790115,0.13538508117198944],""readout_bias"":[-0.04095828905701637],""beta"":[0.3009641170501709],""sensory_mask"":[1.0,1.0,1.0,1.0,0.0,0.0,0.0,0.0]}"
920008,GRU_4,113,120,8,122880,1.7154517079999891,0.18709252774715424,0.31200830116868017,"{""cell.weight_ih"":[-0.1583520770072937,0.1020931750535965,-0.08942116796970367,-0.23049554228782654,-0.07331150025129318,0.015469209291040897,0.1453067660331726,0.2763233780860901,-0.46903643012046814,-0.4984256625175476,-0.3642461895942688,0.32035550475120544,-0.2477784901857376,0.43868228793144226,-0.478739470243454,-0.1946491152048111,-0.3329870104789734,-0.5602646470069885,0.033897362649440765,-0.4530070722103119,0.12120559811592102,0.1761203408241272,-0.030488191172480583,0.4408334195613861,0.4953923523426056,0.409634530544281,0.3299438953399658,0.19155901670455933,-0.40597161650657654,0.32286977767944336,0.1785828173160553,-0.07574786245822906,0.07604746520519257,0.4087173640727997,-0.25234055519104004,-0.4996553361415863],""cell.weight_hh"":[0.4107336699962616,0.27384135127067566,-0.27065131068229675,0.11570996046066284,-0.1934865117073059,0.23121117055416107,-0.02244633063673973,-0.43110156059265137,0.13545365631580353,0.22753210365772247,-0.1273934543132782,0.08444340527057648,0.2485424131155014,-0.31605368852615356,-0.38084205985069275,-0.5674319267272949,0.4121091961860657,-0.40927714109420776,0.3826269805431366,0.4623994827270508,0.38240107893943787,-0.44626933336257935,0.06150059401988983,-0.33735883235931396,-0.2433287799358368,0.22387483716011047,-0.11980941891670227,-0.3378361463546753,0.2082369327545166,0.08099652081727982,0.16365213692188263,-0.24487987160682678,-0.024563638493418694,-0.2645570635795593,-0.17459723353385925,0.08597176522016525,0.21967057883739471,0.3705722987651825,-0.1396402269601822,-0.2031366527080536,-0.1300153136253357,0.46034207940101624,0.3772040605545044,0.1688670516014099,0.0942833200097084,-0.28134411573410034,-0.4143466055393219,-0.39577093720436096],""cell.bias_ih"":[-0.11736126989126205,-0.20355965197086334,0.18236657977104187,0.10349670797586441,0.38144147396087646,0.27199792861938477,-0.43078070878982544,0.32871413230895996,-0.24760155379772186,0.40193143486976624,0.35254570841789246,-0.41975510120391846],""cell.bias_hh"":[-0.2980499267578125,0.342662513256073,-0.03625022619962692,0.14665694534778595,-0.1332138329744339,-0.45960360765457153,0.4093029499053955,-0.47916752099990845,0.25198838114738464,0.17056843638420105,0.031033502891659737,0.08607872575521469],""readout.weight"":[0.11748146265745163,-0.2902059257030487,0.13695092499256134,0.11353860795497894],""readout.bias"":[0.04961146414279938]}"
920008,GRU_8,321,120,8,122880,1.725677208000036,0.2919754385948181,0.31419902518391607,"{""cell.weight_ih"":[-0.03142673522233963,-0.1448083519935608,-0.38640454411506653,-0.27753201127052307,-0.12272918224334717,0.04036794975399971,0.34186652302742004,0.010312949307262897,-0.07131778448820114,0.0978044793009758,-0.30207088589668274,-0.03144803270697594,0.08898721635341644,-0.19523288309574127,-0.24902890622615814,0.32629460096359253,-0.2288428246974945,0.42035210132598877,-0.006909371353685856,-0.35381898283958435,0.13951851427555084,-0.2107301503419876,0.26331382989883423,0.10804761201143265,0.04548332467675209,0.37596091628074646,-0.039144907146692276,0.44634056091308594,0.07484041899442673,-0.0561906062066555,-0.18186214566230774,0.014813775196671486,0.23080681264400482,0.2224133014678955,-0.20007693767547607,-0.2384006828069687,-0.10671108961105347,0.17356768250465393,-0.28646576404571533,0.3411853015422821,-0.37173032760620117,0.19455869495868683,-0.08198966085910797,0.299854576587677,0.008620385080575943,-0.11760486662387848,0.19713330268859863,-0.3301210403442383,-0.16227763891220093,0.05767156556248665,0.28637561202049255,-0.16965582966804504,0.09266617149114609,0.05653001368045807,-0.16926826536655426,0.04525833576917648,-0.23242029547691345,0.16024117171764374,-0.018117109313607216,0.1607847809791565,-0.22584490478038788,-0.3390659689903259,0.22255532443523407,-0.25996604561805725,0.055564988404512405,0.35801461338996887,-0.3669961094856262,0.0740576684474945,-0.14334295690059662,-0.15470048785209656,0.2030889093875885,-0.12612982094287872],""cell.weight_hh"":[0.1504683792591095,0.25782397389411926,-0.010576748289167881,-0.10593178123235703,0.2817938029766083,-0.2134944349527359,0.22695878148078918,-0.24574881792068481,0.052299998700618744,0.3111121356487274,0.27250412106513977,0.2742618918418884,-0.13474410772323608,-0.20142051577568054,0.08312135934829712,0.015266185626387596,-0.1480952948331833,-0.3439728021621704,-0.13586579263210297,0.31714150309562683,0.16111837327480316,-0.28328031301498413,-0.19157826900482178,-0.03556659445166588,-0.4098062515258789,0.20418575406074524,0.2860969603061676,-0.22174112498760223,0.2690730690956116,-0.14736926555633545,0.008200220763683319,0.11275281757116318,-0.30404132604599,-0.01584683544933796,-0.05534646660089493,0.13375890254974365,0.010592697188258171,-0.37085169553756714,0.1168975755572319,-0.3117392957210541,0.18711909651756287,0.06410139799118042,0.13632875680923462,0.14714331924915314,0.0788915827870369,0.038636092096567154,0.21415622532367706,-0.03587787225842476,0.09576921164989471,0.01937280036509037,0.3618362545967102,-0.129725381731987,0.19340261816978455,-0.3823246657848358,0.22932443022727966,-0.23719561100006104,0.16065669059753418,0.2226191908121109,0.2719573676586151,0.0960993617773056,0.3435603976249695,0.17371009290218353,-0.008230389095842838,0.12382316589355469,-0.24689438939094543,-0.30575963854789734,0.5064946413040161,0.11359265446662903,-0.09914319962263107,-0.03736281022429466,0.3310169577598572,-0.08600306510925293,0.033563509583473206,-0.2084224820137024,0.10791774094104767,0.29411306977272034,-0.17315231263637543,-0.10123757272958755,-0.3134324550628662,0.3944683372974396,-0.2554979920387268,0.08533797413110733,-0.3006454110145569,0.15011602640151978,-0.22103573381900787,0.004185556899756193,0.20819944143295288,-0.056055936962366104,0.10678599774837494,0.2647716999053955,-0.15266773104667664,0.2616159915924072,0.037859655916690826,0.24668781459331512,0.233897402882576,-0.17406387627124786,0.12290236353874207,0.1768716275691986,-0.0016228307504206896,0.03158927336335182,-0.10410555452108383,0.045432765036821365,-0.141261026263237,0.37776893377304077,-0.17385144531726837,0.07744767516851425,0.15325652062892914,0.15645286440849304,0.1957954466342926,0.04437887668609619,-0.183690145611763,0.10089316219091415,0.08958021551370621,0.3406980037689209,0.17639663815498352,0.10535462945699692,-0.003990395925939083,-0.29015544056892395,-0.3571694493293762,0.11408933997154236,0.11381974071264267,0.3023696541786194,-0.17525899410247803,0.3107483685016632,-0.2570931017398834,0.36343592405319214,0.24654413759708405,0.29731494188308716,0.07372082769870758,-0.07260801643133163,0.021578961983323097,0.2581809461116791,0.2471485584974289,-0.00693791639059782,-0.018577110022306442,-0.059985801577568054,-0.003702927380800247,0.2834835350513458,0.08580495417118073,0.013257025741040707,0.015025925822556019,-0.05373426526784897,0.32194408774375916,-0.21777403354644775,-0.3952529728412628,0.26944416761398315,0.19130440056324005,0.13434617221355438,-0.03551054000854492,0.2794685661792755,-0.2776307165622711,-0.23319587111473083,-0.15080805122852325,-0.14984017610549927,0.10644093155860901,0.036286722868680954,0.2423722743988037,0.3068575859069824,-0.2484353631734848,0.15993908047676086,-0.0020007756538689137,-0.08244192600250244,-0.01720968820154667,0.06075547635555267,0.15796531736850739,0.30733126401901245,-0.13472743332386017,-0.10224606841802597,0.1217762902379036,-0.03205376863479614,-0.11870703101158142,0.2639991343021393,-0.17171692848205566,0.2531057596206665,0.09271648526191711,-0.2655080258846283,0.11446380615234375,-0.007626479957252741,0.34910210967063904,0.20349636673927307,0.1585601270198822,-0.014718737453222275,0.09744378179311752,0.2765113115310669,0.0820983275771141,-0.13783536851406097,-0.10234323143959045,0.06281869858503342,0.17588473856449127,0.10836250334978104,0.377261221408844,-0.29250970482826233],""cell.bias_ih"":[0.15736444294452667,0.277039110660553,0.27940964698791504,0.22134684026241302,-0.0559888556599617,-0.14842559397220612,-0.18709364533424377,-0.2539655864238739,0.22299286723136902,0.335199773311615,0.1786816120147705,-0.0522020161151886,0.3637699484825134,-0.23183365166187286,-0.04763088747859001,0.1691650003194809,-0.08055492490530014,-0.18894684314727783,-0.016639653593301773,0.26034215092658997,0.2834923267364502,-0.10491229593753815,-0.1691001057624817,-0.0869445949792862],""cell.bias_hh"":[-0.09618940949440002,-0.3684289753437042,-0.1340629756450653,-0.30145013332366943,0.24110691249370575,0.37666749954223633,0.2535513937473297,-0.2030443549156189,0.1860748678445816,0.018943214789032936,0.1954525113105774,-0.29263240098953247,-0.07199154049158096,0.1689734309911728,0.24405759572982788,-0.03343840315937996,-0.000491325743496418,-0.2794250249862671,0.0036529558710753918,-0.13166551291942596,-0.09991342574357986,0.3075384795665741,0.24584278464317322,0.23533570766448975],""readout.weight"":[0.03860710188746452,0.009824286215007305,0.267881840467453,-0.3521372079849243,0.2043342888355255,-0.30412256717681885,0.05211818590760231,-0.11707234382629395],""readout.bias"":[0.06952095031738281]}"
920009,LTC_SENSORY_SITE,114,120,8,122880,5.868912333000026,0.47338995337486267,0.3808006405830383,"{""w_rec"":[0.11473403126001358,0.012362358160316944,0.023552261292934418,0.007878351956605911,-0.005953350104391575,-0.004329030402004719,-0.011740108951926231,0.0002941600978374481,-0.0071723866276443005,0.18607376515865326,0.04277532547712326,0.035819023847579956,-0.06073012202978134,0.07324545085430145,0.0006513812113553286,0.040829312056303024,-0.06459236890077591,0.0023168993648141623,0.1949233114719391,0.05919933319091797,-0.0011651662643998861,-0.0006920584128238261,0.0682537704706192,0.06054733321070671,-0.017587685957551003,-0.028123361989855766,0.045461904257535934,0.11228325217962265,0.042518213391304016,0.03972148522734642,-0.014911185950040817,-0.011404003947973251,-0.021680230274796486,0.032530415803194046,0.020005865022540092,0.01673644781112671,0.05993424355983734,0.09479974210262299,0.029245616868138313,0.016272012144327164,0.047908756881952286,-0.04491259530186653,-0.007776773534715176,-0.0034539392217993736,0.007118182722479105,0.11247529089450836,0.020761970430612564,-0.02345447428524494,0.0067787934094667435,-0.02219679020345211,-0.06151134893298149,-0.0021763464901596308,0.019856980070471764,-0.02702243998646736,0.11235605925321579,0.00863330066204071,0.027422551065683365,-0.05085935816168785,-0.024716373533010483,-0.008804737590253353,-0.004791881889104843,-0.007036301307380199,0.010198274627327919,0.15062597393989563],""w_temp"":[0.24331964552402496,-0.17013536393642426,-0.2764918804168701,0.10965093225240707,-0.10171642899513245,0.3844285011291504,0.12127403169870377,-0.2428823709487915],""w_vis"":[-0.11769971251487732,0.0074575901962816715,0.011375087313354015,-0.005192015785723925,-0.03709273785352707,0.01453082263469696,0.14434602856636047,-0.1929585188627243],""bias"":[-0.7912486791610718,-0.8647222518920898,-0.8461982011795044,-0.7930826544761658,-0.8434183597564697,-0.7925639152526855,-0.7947137951850891,-0.792079508304596],""raw_tau"":[0.2121410071849823,0.1389377862215042,0.15648232400417328,0.2097446471452713,0.16025841236114502,0.21150323748588562,0.20799793303012848,0.21077178418636322],""reversal"":[0.1680496633052826,-0.052416879683732986,-0.16860724985599518,-0.030837418511509895,0.09598208218812943,-0.08394156396389008,-0.09506083279848099,-0.029554158449172974],""readout"":[0.07912269234657288,0.06547192484140396,-0.0004036819445900619,-0.12549777328968048,-0.15169847011566162,-0.1360223889350891,-0.019937654957175255,-0.04713859409093857],""readout_bias"":[0.016222942620515823],""beta"":[0.24621747434139252],""sensory_mask"":[1.0,1.0,1.0,1.0,0.0,0.0,0.0,0.0]}"
920009,LTC_OUTPUT_SITE,114,120,8,122880,4.966061416999992,0.47442740201950073,0.38164876848459245,"{""w_rec"":[0.03276226297020912,0.04591594636440277,0.05344808101654053,-0.06787274777889252,0.0750255137681961,-0.08921244740486145,0.04568607360124588,-0.06382427364587784,-0.07429196685552597,0.11051470041275024,0.10430727899074554,-0.08642112463712692,0.029453834518790245,-0.10305345803499222,0.07404950261116028,-0.1004270687699318,-0.008569099009037018,0.04897470399737358,0.16456077992916107,-0.06530822813510895,0.06453122943639755,-0.10523863881826401,0.05436660349369049,-0.022331448271870613,-0.010193920694291592,0.006823905277997255,0.03855408728122711,0.07935591787099838,0.046445488929748535,-0.08407168090343475,0.03591645509004593,0.05182080343365669,-0.016463490203022957,0.0028456358704715967,-0.020825296640396118,0.053897272795438766,0.08313257992267609,0.010971893556416035,0.001380756264552474,-0.008190696127712727,-0.004286536946892738,0.06338034570217133,0.09991554170846939,-0.04798920825123787,-0.039003364741802216,0.12033267319202423,0.02098311111330986,-0.05586668848991394,-0.0496840663254261,-0.043965209275484085,-0.05372851714491844,0.013872763141989708,0.017411092296242714,-0.013093192130327225,0.12627819180488586,0.009730026125907898,-0.022318027913570404,-0.04937595874071121,-0.04911920800805092,0.022052273154258728,-0.02645845338702202,-0.022973457351326942,-0.0125039117410779,0.14264121651649475],""w_temp"":[0.07800193130970001,-0.14917954802513123,-0.09405022859573364,-0.033922743052244186,0.11831984668970108,-0.03575795143842697,0.16283424198627472,-0.018575692549347878],""w_vis"":[-0.18472392857074738,-0.08894932270050049,0.11509997397661209,-0.07878349721431732,-0.13898254930973053,-0.08796181529760361,0.053868748247623444,0.058486152440309525],""bias"":[-0.8646941184997559,-0.8791244626045227,-0.8627091646194458,-0.8329790234565735,-0.7933385372161865,-0.8366491198539734,-0.7930369973182678,-0.7928501963615417],""raw_tau"":[0.13826477527618408,0.12368763238191605,0.14108504354953766,0.17069244384765625,0.2096402496099472,0.16699180006980896,0.20988155901432037,0.20963577926158905],""reversal"":[0.003710665740072727,-0.01911284774541855,-0.061459124088287354,0.12088265269994736,-0.04840382561087608,0.12670476734638214,-0.1379944533109665,0.07152391225099564],""readout"":[-0.014207487925887108,0.02108631283044815,0.05415773764252663,-0.2108444720506668,-0.06387392431497574,-0.13551321625709534,-0.08098271489143372,0.1482224017381668],""readout_bias"":[0.014282644726336002],""beta"":[0.20533959567546844],""sensory_mask"":[0.0,0.0,0.0,0.0,0.0,0.0,0.0,0.0]}"
920009,LTC_NO_FEEDBACK,114,120,8,122880,4.834547415999964,0.47290554642677307,0.38099221140146255,"{""w_rec"":[0.11506779491901398,0.021596720442175865,0.0069307321682572365,-0.016217460855841637,0.00884135253727436,0.0360780768096447,0.07978319376707077,-0.016731929033994675,0.020309606567025185,0.11398620158433914,0.033696722239255905,0.0317528173327446,0.017364980652928352,0.0922083929181099,0.05288085341453552,-0.0014736185548827052,0.012862083502113819,-0.004170101601630449,0.07595295459032059,-0.012060916982591152,-0.037390902638435364,-0.006084971595555544,0.07569508999586105,-0.028729313984513283,0.0014284681528806686,0.013251871801912785,-0.014638358727097511,0.19858969748020172,0.09310301393270493,0.03277117386460304,-0.07353495061397552,-0.004012736026197672,0.08860138803720474,0.09201724827289581,-0.04709262028336525,0.07510503381490707,0.20152606070041656,0.013680489733815193,-0.08339383453130722,-0.02661084569990635,-0.03638064116239548,0.03455684706568718,0.009902982041239738,0.0053919460624456406,-0.022072162479162216,0.10184808820486069,0.03669121861457825,-0.010099293664097786,0.0903123989701271,0.03849367797374725,-0.07565111666917801,0.044972341507673264,0.03977923467755318,0.05613511800765991,0.12448281049728394,-0.06910388171672821,-0.028730887919664383,0.026062829419970512,0.02633023075759411,-0.007368703372776508,-0.01965363882482052,0.0006347428425215185,0.0603393130004406,0.12268843501806259],""w_temp"":[0.18925535678863525,-0.03596268966794014,0.03931722790002823,0.04905031993985176,0.056636594235897064,0.08261154592037201,-0.06786490976810455,0.23912791907787323],""w_vis"":[-0.017967315390706062,0.13036897778511047,-0.08472883701324463,-0.10229434072971344,-0.05076805502176285,-0.036864086985588074,-0.02446936070919037,-0.07444563508033752],""bias"":[-0.7970985174179077,-0.7978063821792603,-0.7992173433303833,-0.8348994851112366,-0.8589074015617371,-0.804428219795227,-0.863093376159668,-0.8000391125679016],""raw_tau"":[0.20598341524600983,0.20452851057052612,0.2035146951675415,0.16860388219356537,0.14455723762512207,0.19834376871585846,0.139547660946846,0.20333509147167206],""reversal"":[-0.11747553944587708,-0.09414874017238617,0.16921184957027435,-0.10942935198545456,-0.05546506121754646,-0.011093021370470524,0.014935402199625969,0.027074141427874565],""readout"":[-0.24979211390018463,-0.1535014808177948,0.03721147030591965,0.149763286113739,0.06988111138343811,-0.3512628674507141,-0.016459571197628975,0.027745945379137993],""readout_bias"":[0.009391178376972675],""beta"":[0.25],""sensory_mask"":[0.0,0.0,0.0,0.0,0.0,0.0,0.0,0.0]}"
920009,LTC_DENSE_FEEDBACK,114,120,8,122880,5.920877000000019,0.47419655323028564,0.38064871579408643,"{""w_rec"":[0.2192193865776062,-0.027573803439736366,-0.12531261146068573,-0.006195611320436001,0.027938254177570343,0.0534181222319603,0.08615825325250626,-0.09970147907733917,0.001850043423473835,0.1539997160434723,0.17403092980384827,-0.0067391181364655495,-0.09378224611282349,-0.007406432181596756,-0.12373412400484085,0.09256990998983383,0.018374113366007805,-0.04945940896868706,0.09960100799798965,0.012192386202514172,0.060824375599622726,0.03727107495069504,0.09709809720516205,-0.07648797333240509,-0.05565592646598816,-0.027371391654014587,0.1317075490951538,0.15201817452907562,-0.15625302493572235,-0.05706949904561043,-0.08108270168304443,0.07748543471097946,0.05682612210512161,-0.10254718363285065,-0.04678952321410179,-0.06414829194545746,0.21691006422042847,0.06197524815797806,0.021594302728772163,-0.0634504109621048,0.048476360738277435,-0.08667653053998947,0.006677540484815836,-0.06948712468147278,0.03909614682197571,0.151337131857872,0.012361446395516396,0.030946945771574974,0.09508629143238068,-0.09602383524179459,0.03845799341797829,-0.09275270253419876,0.02804575301706791,0.024967247620224953,0.15818671882152557,0.0203194972127676,0.11171279847621918,-0.1198604628443718,-0.01007634773850441,-0.14103324711322784,0.05247366800904274,0.028010765090584755,0.008474087342619896,0.1075945496559143],""w_temp"":[0.012418096885085106,-0.0844753086566925,-0.15234585106372833,0.08998695760965347,-0.025815479457378387,0.07230863720178604,0.08877018839120865,0.09968750923871994],""w_vis"":[-0.1713048219680786,0.12683410942554474,-0.021956080570816994,0.011201526038348675,0.07489313930273056,0.02093537524342537,-0.0010978124337270856,-0.11827318370342255],""bias"":[-0.8522430062294006,-0.7820931673049927,-0.830917477607727,-0.7828390598297119,-0.884289562702179,-0.8723142743110657,-0.8982924222946167,-0.914367139339447],""raw_tau"":[0.1512652039527893,0.22020672261714935,0.17272673547267914,0.219923198223114,0.11923566460609436,0.13079293072223663,0.10480863600969315,0.08873159438371658],""reversal"":[-0.18734805285930634,0.07392799854278564,-0.06468087434768677,0.040127553045749664,-0.031895216554403305,-0.004579109139740467,-0.006435157265514135,0.01706036366522312],""readout"":[0.094581238925457,0.05180962756276131,0.06634633988142014,0.25638553500175476,0.06114761531352997,0.002935217460617423,0.010761352255940437,-0.07214587181806564],""readout_bias"":[0.026515338569879532],""beta"":[0.21597670018672943],""sensory_mask"":[1.0,1.0,1.0,1.0,1.0,1.0,1.0,1.0]}"
920009,LTC_SENSORY_YOKED,114,120,8,122880,5.971799374999989,0.4736208915710449,0.3811040878295898,"{""w_rec"":[0.14053699374198914,0.02708233706653118,-0.024953056126832962,0.14029987156391144,0.0018464084714651108,0.02646953985095024,0.021292347460985184,3.388962068129331e-05,-0.05693889036774635,0.02485988847911358,-0.06071866676211357,-0.05642734467983246,-0.06871805340051651,0.04956209287047386,0.08673284202814102,0.05350487679243088,-0.004749565850943327,0.011307850480079651,0.150323286652565,0.13115252554416656,-0.023213688284158707,0.041504956781864166,0.025655560195446014,0.04215376824140549,-0.06857013702392578,-0.05608540400862694,-0.08389600366353989,0.14240044355392456,-0.10820722579956055,0.10352371633052826,0.037071794271469116,0.1195240169763565,-0.04222523793578148,-0.054675813764333725,-0.052795834839344025,-0.1326652318239212,0.06598245352506638,0.026869092136621475,0.017414432018995285,-0.02675986848771572,-0.0184717308729887,0.03303952142596245,-0.014679016545414925,0.12078884243965149,0.020820561796426773,0.12911275029182434,0.002574265468865633,0.013300241902470589,0.0037920428439974785,0.08470002561807632,0.014951758086681366,0.1121578961610794,0.028917750343680382,-0.012007305398583412,0.07630899548530579,-0.01938740536570549,0.008633757941424847,0.024134954437613487,0.003655792213976383,0.09707822650671005,0.009475014172494411,0.01611962728202343,0.04981660842895508,0.11310211569070816],""w_temp"":[0.14467526972293854,0.3460775315761566,0.25724363327026367,-0.12860329449176788,-0.2438344806432724,0.10635098069906235,-0.05724117532372475,-0.1666882038116455],""w_vis"":[-0.049859918653964996,-0.028013989329338074,-0.01313577126711607,0.06320693343877792,-0.010961134918034077,-0.06962011754512787,-0.13190270960330963,-0.10221685469150543],""bias"":[-0.79494309425354,-0.863842248916626,-0.7941516041755676,-0.8937349319458008,-0.8248597979545593,-0.793279767036438,-0.7937447428703308,-0.7944959402084351],""raw_tau"":[0.20800486207008362,0.13902916014194489,0.20917603373527527,0.10900355130434036,0.17884379625320435,0.20960301160812378,0.2089698612689972,0.2081802636384964],""reversal"":[0.05164247751235962,0.04984946548938751,0.26233699917793274,0.007416411302983761,0.17343971133232117,-0.14968843758106232,-0.1750013828277588,-0.06429202854633331],""readout"":[0.244764506816864,-0.11056570708751678,0.08754678070545197,-0.00952768512070179,-0.31547608971595764,-0.1220267042517662,-0.07265456765890121,-0.04822240397334099],""readout_bias"":[0.013307401910424232],""beta"":[0.22847425937652588],""sensory_mask"":[1.0,1.0,1.0,1.0,0.0,0.0,0.0,0.0]}"
920009,GRU_4,113,120,8,122880,1.722741874999997,0.555392324924469,0.3796341121196747,"{""cell.weight_ih"":[-0.03107716329395771,-0.03674240782856941,0.21177998185157776,-0.03080606646835804,-0.014369520358741283,0.03883490711450577,0.37129899859428406,-0.12590549886226654,0.42868924140930176,-0.23025564849376678,-0.4161563515663147,-0.09964272379875183,-0.43992456793785095,-0.42602577805519104,0.27697139978408813,0.16938874125480652,-0.04403284192085266,0.2853162884712219,0.007606721017509699,0.35752561688423157,0.5689862370491028,-0.350691020488739,0.4605928659439087,0.21294210851192474,0.2510189414024353,-0.5483035445213318,-0.5569785237312317,-0.425878643989563,0.4039956331253052,-0.22558359801769257,0.21151834726333618,0.15380798280239105,0.15334704518318176,-0.0582808218896389,0.10789518058300018,-0.35759368538856506],""cell.weight_hh"":[0.4397974908351898,0.03192305192351341,0.6057885885238647,0.1547124832868576,0.0019230442121624947,-0.36260631680488586,0.01877400651574135,-0.48772093653678894,-0.21272680163383484,0.36974218487739563,-0.34647607803344727,0.1928488314151764,-0.2503398358821869,0.45134851336479187,-0.28812211751937866,-0.46027132868766785,-0.411462664604187,-0.06433470547199249,0.5949836373329163,-0.2600031793117523,-0.01752946525812149,-0.24984696507453918,0.4528713822364807,0.03419020399451256,-0.38700705766677856,0.26031818985939026,-0.012390650808811188,0.3342050015926361,-0.5392230153083801,-0.18016795814037323,-0.33388304710388184,-0.20877300202846527,0.5304816365242004,0.0041270493529737,0.1737242192029953,-0.1265118271112442,-0.07861241698265076,0.20501936972141266,-0.19457712769508362,-0.1594037264585495,-0.2411779761314392,0.11896214634180069,0.011835088953375816,-0.48368096351623535,0.11802804470062256,0.19546087086200714,0.33472001552581787,0.12918411195278168],""cell.bias_ih"":[-0.041414372622966766,0.2448025494813919,-0.5929587483406067,-0.1710287183523178,-0.2160254269838333,-0.3901069760322571,0.5447261929512024,0.1807604283094406,0.01672373339533806,-0.04282413423061371,-0.13580648601055145,0.3226584792137146],""cell.bias_hh"":[0.45700809359550476,0.13606475293636322,-0.017767146229743958,0.11930899322032928,0.3174207806587219,-0.005133490543812513,-0.08180514723062515,-0.3832140564918518,-0.3326685428619385,-0.00536313047632575,-0.056665774434804916,-0.10026509314775467],""readout.weight"":[0.23315651714801788,-0.15537966787815094,0.10016277432441711,-0.2496441751718521],""readout.bias"":[0.24818837642669678]}"
920009,GRU_8,321,120,8,122880,1.7349901659999887,0.6923713684082031,0.3857880234718323,"{""cell.weight_ih"":[0.17766045033931732,-0.1928395926952362,0.32223427295684814,0.26583221554756165,0.13561561703681946,0.24888969957828522,0.20820334553718567,-0.21825459599494934,0.021028446033596992,0.13879358768463135,-0.08473195880651474,0.2840251922607422,0.187784343957901,0.18284064531326294,0.1814107447862625,-0.29773688316345215,-0.14734327793121338,0.003951821941882372,-0.20947834849357605,0.1493278294801712,-0.28155869245529175,-0.0506751723587513,0.24551501870155334,0.0752461776137352,-0.1727619171142578,0.08908582478761673,-0.3797718584537506,-0.01542702503502369,0.43971413373947144,-0.22204101085662842,0.12025869637727737,0.38534772396087646,-0.4387649893760681,0.0195020604878664,0.20163211226463318,0.19520825147628784,-0.1917707920074463,-0.36387595534324646,-0.13779884576797485,-0.009900445118546486,-0.057210057973861694,-0.2661013901233673,-0.22360704839229584,0.4330947995185852,-0.34050413966178894,-0.4430762231349945,0.3969782590866089,-0.1302616447210312,-0.1039881780743599,-0.1213441789150238,0.31567972898483276,-0.1403142660856247,-0.0913809984922409,0.12930792570114136,0.039181187748909,-0.09017696231603622,0.15742284059524536,-0.02775011584162712,0.017891624942421913,-0.19920584559440613,-0.015277943573892117,0.24068567156791687,-0.26780152320861816,-0.2378959208726883,0.19809621572494507,0.10603059083223343,0.019101832062005997,0.061473142355680466,0.17844854295253754,-0.10035108029842377,-0.0493009127676487,0.3010255694389343],""cell.weight_hh"":[-0.18222662806510925,0.17420074343681335,-0.127263143658638,0.3303775489330292,0.3531513810157776,0.03605080768465996,0.17873793840408325,-0.09452393651008606,-0.21616873145103455,0.012609519064426422,-0.2199256420135498,-0.038660354912281036,0.029876699671149254,0.16112226247787476,0.20823219418525696,-0.1145416647195816,-0.12371557950973511,0.08571075648069382,-0.3221271336078644,-0.21002914011478424,0.33309340476989746,0.2379448562860489,0.1679464727640152,0.3234485983848572,-0.212122842669487,-0.02545180357992649,-0.33532512187957764,0.2904447317123413,0.12967368960380554,-0.22936762869358063,-0.24221330881118774,0.08091146498918533,0.1586579829454422,0.20372502505779266,0.4469956159591675,0.20014657080173492,-0.002792620100080967,-0.39947351813316345,0.18989098072052002,0.3236602246761322,-0.09432350844144821,0.17809447646141052,0.12897029519081116,-0.2072833776473999,0.19666089117527008,-0.029225917533040047,-0.14326857030391693,0.15175512433052063,0.1831747144460678,0.2682616114616394,-0.301139235496521,-0.034195613116025925,-0.06248890236020088,0.46124035120010376,0.2911684513092041,-0.2901064455509186,0.2092374861240387,0.02340192161500454,-0.48979321122169495,0.03130216524004936,0.16424356400966644,0.4573547840118408,-0.07303094863891602,0.18597687780857086,-0.38895606994628906,-0.5006256103515625,-0.3365536332130432,0.28635284304618835,0.3046899735927582,-0.12960678339004517,-0.17933887243270874,0.4692993462085724,-0.05094783008098602,-0.09788544476032257,0.16603635251522064,-0.06187361106276512,0.0910743847489357,0.06765671819448471,0.03172954171895981,0.33784598112106323,-0.21655575931072235,0.264241486787796,-0.02599499560892582,0.15527494251728058,-0.00030222232453525066,-0.20608897507190704,0.24283133447170258,-0.06880481541156769,0.1611098349094391,0.23615697026252747,0.18051329255104065,-0.09099635481834412,-0.09935858845710754,0.5546878576278687,-0.33742305636405945,-0.21525701880455017,0.027356978505849838,0.04584614187479019,0.10258878767490387,-0.2964021563529968,0.18256303668022156,-0.09234277158975601,-0.3844819664955139,-0.16767337918281555,-0.05797882005572319,0.33472469449043274,0.4004765450954437,-0.19581715762615204,-0.4161470830440521,-0.3925386965274811,-0.24521610140800476,-0.1409003734588623,-0.07911993563175201,-0.24064092338085175,0.3048097789287567,-0.29317691922187805,-0.059165388345718384,0.2834673821926117,0.3595815598964691,0.40549781918525696,-0.14538609981536865,0.03460349515080452,0.3775516450405121,0.29412397742271423,0.07716794312000275,-0.012069636955857277,0.13124175369739532,-0.31727561354637146,-0.46690359711647034,-0.14920951426029205,-0.1652284860610962,0.46553078293800354,-0.08366184681653976,0.05512281507253647,0.0118448156863451,0.08374151587486267,-0.1508665382862091,-0.12733979523181915,0.09808268398046494,0.038286734372377396,0.06070652976632118,0.04028814658522606,0.1660473793745041,-0.2932175099849701,0.32332754135131836,-0.09562639892101288,-0.3786138594150543,-0.35943272709846497,-0.3317588269710541,0.3832107186317444,-0.00024722827947698534,0.18529538810253143,0.008549537509679794,0.14464323222637177,0.16142694652080536,0.30845993757247925,0.1800820380449295,0.2014896422624588,-0.319022536277771,-0.26813170313835144,0.3650614619255066,0.05240221321582794,-0.0334395132958889,-0.2098144292831421,0.008562431670725346,-0.2266055941581726,-0.05936970189213753,-0.20469264686107635,0.026658253744244576,-0.34818702936172485,0.29761072993278503,0.0923347994685173,0.3580898344516754,-0.02926058880984783,-0.20524078607559204,0.17518295347690582,0.02800394408404827,0.32020303606987,-0.16623495519161224,-0.09816543012857437,-0.21098318696022034,0.014928275719285011,-0.14980971813201904,-0.38709738850593567,-0.41692018508911133,-0.00919453613460064,-0.15061262249946594,0.2824612557888031,-0.17791758477687836,-0.05961987376213074,-0.11244578659534454,0.3351950943470001],""cell.bias_ih"":[-0.2721363306045532,-0.23273536562919617,0.3327353596687317,-0.28144320845603943,0.12552079558372498,0.12450060248374939,0.050725679844617844,-0.13113123178482056,-0.1457826793193817,-0.34538426995277405,-0.09166435152292252,0.2565714120864868,0.04294472932815552,-0.19873252511024475,-0.2700248956680298,-0.27886831760406494,0.12379823625087738,0.4252183139324188,0.10223313421010971,-0.3280034363269806,-0.19609253108501434,-0.027369990944862366,0.056237105280160904,-0.05109860375523567],""cell.bias_hh"":[-0.13281528651714325,-0.008493626490235329,0.3273436427116394,0.09148775041103363,-0.23616716265678406,0.101289764046669,0.01045750081539154,0.40835002064704895,-0.025146782398223877,0.02901509217917919,0.1292669177055359,-0.24409115314483643,0.1317509561777115,0.32445770502090454,-0.1461220234632492,0.28397127985954285,0.23380766808986664,-0.0038679256103932858,-0.04730068892240524,-0.059172071516513824,-0.08408168703317642,-0.011914421804249287,0.19912999868392944,-0.15277624130249023],""readout.weight"":[-0.0932602733373642,0.1781834363937378,0.11744169890880585,0.011749457567930222,-0.01752304658293724,-0.054150450974702835,0.18843872845172882,-0.3552452325820923],""readout.bias"":[-0.21300627291202545]}"
920010,LTC_SENSORY_SITE,114,120,8,122880,5.865132625000001,0.4613906145095825,0.3167171224951744,"{""w_rec"":[0.057842910289764404,-0.09298238158226013,0.10278940200805664,0.07724925875663757,0.11341164261102676,-0.09359247982501984,0.09219467639923096,-0.10278055816888809,-0.0460873581469059,0.1424294412136078,0.04594218730926514,-0.011447081342339516,0.04518378898501396,-0.008618401363492012,0.01009947806596756,-0.03528691455721855,-0.026506366208195686,-0.09005440026521683,0.1983184665441513,0.023537583649158478,0.04263576865196228,-0.005571773741394281,0.030247323215007782,-0.040066808462142944,0.015349751338362694,-0.027227021753787994,0.03606021776795387,0.17012910544872284,0.05125626176595688,-0.04678862541913986,0.042205799371004105,-0.012339049950242043,-0.04735024273395538,-0.027924733236432076,0.0483294278383255,-0.018909307196736336,0.13877728581428528,-0.021996693685650826,-0.0052285343408584595,0.01894712820649147,0.03869789466261864,0.024544714018702507,-0.032750941812992096,-0.007101490627974272,0.026940375566482544,0.08655811101198196,0.006912632845342159,-0.012221327051520348,-0.005400282330811024,-0.05052804574370384,-0.012489600107073784,0.0257467869669199,0.014186869375407696,-0.011987244710326195,0.12049052119255066,-0.016769343987107277,-0.04443267360329628,-0.0612223818898201,0.05081456899642944,0.06634499132633209,0.11862974613904953,-0.07040845602750778,0.021423859521746635,0.02029716596007347],""w_temp"":[0.14487138390541077,-0.07596710324287415,-0.07460266351699829,-0.07959860563278198,-0.31758472323417664,0.39691680669784546,0.04790381342172623,0.023046575486660004],""w_vis"":[-0.038638535887002945,0.14791636168956757,0.1333066076040268,-0.06637966632843018,0.14168190956115723,-0.013835473917424679,0.13876651227474213,-0.21846230328083038],""bias"":[-0.8815010786056519,-0.8248282074928284,-0.8237837553024292,-0.8166568875312805,-0.8119513988494873,-0.806884765625,-0.8111826181411743,-0.8886751532554626],""raw_tau"":[0.121614009141922,0.17863458395004272,0.17967362701892853,0.1864328533411026,0.1925104409456253,0.19622524082660675,0.1921885758638382,0.1147712916135788],""reversal"":[0.020549997687339783,0.0366947278380394,-0.032701876014471054,-0.12333833426237106,-0.13362084329128265,0.2639857828617096,-0.113688625395298,0.05467982217669487],""readout"":[-0.004281153902411461,0.03682151809334755,-0.10226432979106903,-0.08979728817939758,-0.20250996947288513,-0.21085309982299805,-0.41960063576698303,-0.00845892820507288],""readout_bias"":[-0.0009073934052139521],""beta"":[0.18439435958862305],""sensory_mask"":[1.0,1.0,1.0,1.0,0.0,0.0,0.0,0.0]}"
920010,LTC_OUTPUT_SITE,114,120,8,122880,4.941938458999971,0.45950502157211304,0.3166751407086849,"{""w_rec"":[0.149861678481102,-0.00797202903777361,0.06864805519580841,0.049953680485486984,-0.008494549430906773,-0.03328096121549606,-0.04033888876438141,0.02674677036702633,7.555016782134771e-05,0.13035839796066284,0.0055446745827794075,0.01256617158651352,0.01412238646298647,-0.024119945243000984,0.003326279576867819,-0.01114784274250269,0.017937414348125458,-0.022727645933628082,0.14897520840168,0.007748027332127094,-0.04538615420460701,-0.022624880075454712,-0.02317069098353386,0.02022636868059635,0.08026110380887985,-0.03781788796186447,0.06923868507146835,0.1818283349275589,-0.012783600948750973,-0.026875684037804604,-0.034216586500406265,0.06376149505376816,-0.006839086767286062,0.010834232904016972,-0.019527215510606766,0.013675639405846596,0.10305806249380112,-0.0287065077573061,-0.03129276633262634,0.015420845709741116,0.006345520261675119,-0.02289099059998989,0.03764020651578903,-0.0313984751701355,0.003367710392922163,0.11231574416160583,-0.011519789695739746,-0.029009703546762466,0.017774345353245735,-0.01887517236173153,-0.027074387297034264,0.02224612794816494,-0.009975980967283249,-0.041886765509843826,0.08818084001541138,0.0030463533475995064,0.044740453362464905,-0.03825216367840767,0.07066936045885086,0.05324479192495346,-0.003074557753279805,0.01092781126499176,-0.025033121928572655,0.15978677570819855],""w_temp"":[-0.15033259987831116,-0.2234470099210739,-0.18716487288475037,-0.12525473535060883,-0.4117838442325592,-0.4416077435016632,-0.21075411140918732,0.25230327248573303],""w_vis"":[-0.10611025243997574,-0.033741604536771774,-0.11244692653417587,-0.12937840819358826,0.04488224908709526,-0.10899513959884644,-0.023052385076880455,-0.1634732335805893],""bias"":[-0.8266994953155518,-0.8079621195793152,-0.8357890248298645,-0.8451043367385864,-0.8083569407463074,-0.8062191009521484,-0.8197590708732605,-0.8224421143531799],""raw_tau"":[0.17623500525951385,0.19563034176826477,0.1669185906648636,0.1579299122095108,0.19630363583564758,0.19819185137748718,0.1837654858827591,0.18136043846607208],""reversal"":[-0.11188063025474548,0.075436070561409,-0.0700201615691185,-0.06669126451015472,0.1917816400527954,0.12147831171751022,0.057290367782115936,-0.09874432533979416],""readout"":[0.13981449604034424,0.2002141922712326,0.07866223156452179,0.03692634776234627,0.07556211948394775,0.14624881744384766,0.026737594977021217,0.26475989818573],""readout_bias"":[0.008227329701185226],""beta"":[0.1695605218410492],""sensory_mask"":[0.0,0.0,0.0,0.0,0.0,0.0,0.0,0.0]}"
920010,LTC_NO_FEEDBACK,114,120,8,122880,4.839114833999986,0.4621109962463379,0.3164774373173714,"{""w_rec"":[0.08001089096069336,-0.047080397605895996,0.015210450626909733,-0.01319104339927435,0.024552566930651665,0.002674112329259515,0.03872417286038399,0.004297785460948944,-0.014399009756743908,0.10591931641101837,0.024762941524386406,-0.04739786684513092,-0.014335323125123978,-0.040593668818473816,-0.031634483486413956,-0.04180587828159332,-0.05153036117553711,-0.10103236883878708,0.19685077667236328,-0.11670848727226257,-0.10479328036308289,-0.12642624974250793,-0.084809809923172,-0.040438517928123474,-0.06288441270589828,-0.023981165140867233,0.03168690204620361,0.07658868283033371,-0.03489499166607857,-0.03425594046711922,-0.06442882865667343,-0.02154674008488655,-0.04955008998513222,-0.03599952161312103,0.04051753133535385,-0.07457318156957626,0.09069591015577316,-0.04847213998436928,-0.0036485567688941956,-0.027253050357103348,-0.023989960551261902,-0.051335178315639496,0.012647590599954128,-0.022321637719869614,-0.006421213038265705,0.10022825002670288,-0.034174736589193344,-0.020620396360754967,-0.061835672706365585,0.054512735456228256,-0.018205301836133003,-0.018574386835098267,-0.05575947090983391,-9.170302655547857e-05,0.09012404829263687,0.04394647479057312,0.001760300132445991,-0.058150533586740494,0.031024903059005737,-0.003951416350901127,-0.049958981573581696,-0.029305879026651382,-0.025317903608083725,0.08952499181032181],""w_temp"":[-0.13894890248775482,-0.09399689733982086,-0.0478643961250782,0.059269584715366364,0.11027754098176956,-0.06911712884902954,0.30255380272865295,-0.5129186511039734],""w_vis"":[0.09654614329338074,-0.0021474414970725775,-0.18973538279533386,-0.07189550250768661,0.01723594404757023,0.028882289305329323,-0.20981422066688538,-0.046651698648929596],""bias"":[-0.8136153221130371,-0.827875554561615,-0.8842800855636597,-0.8442000150680542,-0.8327338695526123,-0.8186501264572144,-0.8215805292129517,-0.8268570303916931],""raw_tau"":[0.19000589847564697,0.1753844916820526,0.11892006546258926,0.15930204093456268,0.17069578170776367,0.18463045358657837,0.1823556125164032,0.17794442176818848],""reversal"":[0.2358018308877945,0.02797820419073105,-0.017027387395501137,0.02848162315785885,0.040659815073013306,0.09822028130292892,0.05944991484284401,0.04361547529697418],""readout"":[0.20481149852275848,0.051538754254579544,0.006086286157369614,-0.13808999955654144,-0.08272500336170197,0.14741787314414978,-0.11691568046808243,0.05739622190594673],""readout_bias"":[-0.0055600786581635475],""beta"":[0.25],""sensory_mask"":[0.0,0.0,0.0,0.0,0.0,0.0,0.0,0.0]}"
920010,LTC_DENSE_FEEDBACK,114,120,8,122880,5.930936540999994,0.4604892134666443,0.31640297174453735,"{""w_rec"":[0.05089318007230759,-0.057176511734724045,0.03612707182765007,0.06276798993349075,0.027658164501190186,0.01835603453218937,0.024918612092733383,-0.02697514183819294,-0.02475154958665371,0.14482584595680237,0.05950532108545303,-0.0720493271946907,0.07133546471595764,-0.0600825659930706,-0.007602231111377478,-0.06955604255199432,-0.05796673148870468,0.05380728840827942,0.10289988666772842,-0.06379325687885284,-0.00674643786624074,0.010412383824586868,-0.05939963087439537,0.013870169408619404,-0.045025598257780075,0.07902482151985168,0.03251766785979271,0.09777497500181198,0.0395859032869339,0.022866293787956238,-0.05902961641550064,-0.06383279711008072,-0.02152217924594879,0.07917540520429611,0.04061734676361084,0.01056741178035736,0.1508810669183731,-0.0030908507760614157,-0.040368713438510895,-0.047341059893369675,-0.05359743908047676,-0.007618114352226257,0.0017856929916888475,-0.025179317221045494,0.0462622232735157,0.08514039218425751,-0.02761358581483364,-0.03397782891988754,-0.05880095064640045,-0.06652338802814484,0.08221225440502167,-0.0666196346282959,0.023161228746175766,-0.06763079017400742,0.12000197172164917,-0.015160071663558483,-0.010332725942134857,0.0592476986348629,0.013597323559224606,-0.034307811409235,0.02618584595620632,-0.06677582114934921,-0.12409496307373047,0.09829500317573547],""w_temp"":[-0.13112060725688934,0.2802960276603699,-0.24595580995082855,0.08362729847431183,-0.08197042346000671,0.023558879271149635,0.012274841777980328,-0.05852065235376358],""w_vis"":[-0.13956615328788757,-0.08822577446699142,0.0982419028878212,0.06840090453624725,0.11010588705539703,-0.08011055737733841,-0.09005171060562134,-0.13101167976856232],""bias"":[-0.827853798866272,-0.8680049180984497,-0.8101588487625122,-0.8233786821365356,-0.818357527256012,-0.840656042098999,-0.852937638759613,-0.821362316608429],""raw_tau"":[0.1752161979675293,0.1349925994873047,0.19381767511367798,0.17987743020057678,0.18510839343070984,0.16280817985534668,0.15049773454666138,0.18165263533592224],""reversal"":[0.11496414244174957,0.0025898285675793886,-0.10160510241985321,0.020853649824857712,-0.31073054671287537,0.1539195328950882,0.0038156236987560987,0.0333954393863678],""readout"":[-0.07995178550481796,-0.0009808569448068738,-0.12385823577642441,0.151786670088768,-0.032785311341285706,-0.03874974697828293,0.005421697162091732,0.024064313620328903],""readout_bias"":[0.0038110585883259773],""beta"":[0.20726904273033142],""sensory_mask"":[1.0,1.0,1.0,1.0,1.0,1.0,1.0,1.0]}"
920010,LTC_SENSORY_YOKED,114,120,8,122880,5.990585958999986,0.4612692594528198,0.31653001606464387,"{""w_rec"":[0.0752112939953804,-0.10236600786447525,0.04582473635673523,0.07311942428350449,0.08593833446502686,0.10794993489980698,0.079697385430336,0.06981996446847916,0.03495682403445244,0.11678401380777359,-0.007637477945536375,0.0529363751411438,-0.01824013516306877,0.040340669453144073,0.028612596914172173,0.02791057713329792,-0.015684502199292183,-0.029096392914652824,0.15230491757392883,-0.0027152097318321466,-0.027647921815514565,-0.03206150233745575,0.03374281898140907,0.002809687051922083,-0.03908867761492729,-0.028362920507788658,-0.008845019154250622,0.11953458935022354,-0.007235916797071695,0.04487692564725876,0.04471367225050926,-0.023670395836234093,0.013809436932206154,-0.018341774120926857,-0.010427518747746944,-0.015714457258582115,0.17029380798339844,0.017207086086273193,0.01566675491631031,0.033785104751586914,-0.03191303461790085,-0.024233723059296608,0.00035830476554110646,0.03416125848889351,0.0596526563167572,0.13623729348182678,0.016236744821071625,0.04384610801935196,0.030365899205207825,0.009949798695743084,0.051393769681453705,-0.052015554159879684,0.015765663236379623,-0.028074655681848526,0.1806207299232483,0.016254236921668053,0.006522282026708126,-0.019287163391709328,-0.00274295243434608,0.0032547235023230314,0.047716300934553146,-0.011092797853052616,0.006307631265372038,0.1644124537706375],""w_temp"":[0.11183938384056091,-0.17045076191425323,-0.10788542777299881,0.06716176867485046,-0.1685073971748352,-0.1363348513841629,-0.08578494191169739,0.139576256275177],""w_vis"":[-0.14888837933540344,0.07894816249608994,-0.061064112931489944,0.04245307296514511,-0.164432093501091,-0.1169438436627388,0.08216866105794907,-0.009179900400340557],""bias"":[-0.8695785403251648,-0.8113992810249329,-0.8200958371162415,-0.8200488090515137,-0.8140355944633484,-0.8276671767234802,-0.8231589794158936,-0.8168166875839233],""raw_tau"":[0.13373374938964844,0.19224607944488525,0.1829192042350769,0.18311403691768646,0.18911708891391754,0.17553375661373138,0.17944714426994324,0.18629570305347443],""reversal"":[0.006294905673712492,0.12003267556428909,-0.08446457237005234,-0.05902191624045372,-0.08272288739681244,-0.010928438045084476,-0.1343039870262146,-0.056537844240665436],""readout"":[-0.004999535623937845,0.18422125279903412,0.22145342826843262,-0.05697406828403473,-0.2335209846496582,-0.016188379377126694,0.08329455554485321,-0.2634977400302887],""readout_bias"":[0.00038935558404773474],""beta"":[0.18542368710041046],""sensory_mask"":[1.0,1.0,1.0,1.0,0.0,0.0,0.0,0.0]}"
920010,GRU_4,113,120,8,122880,1.712412874999984,0.4772394895553589,0.31559127792716024,"{""cell.weight_ih"":[0.15453174710273743,0.4125080108642578,-0.14427116513252258,0.4223036468029022,0.3108507990837097,0.1479189693927765,0.0743919163942337,0.24978312849998474,-0.16850592195987701,0.3664066791534424,0.2762874364852905,-0.1114211454987526,-0.310298353433609,-0.5160658955574036,-0.0031970511190593243,-0.5816691517829895,-0.13678517937660217,0.4122644364833832,-0.20221349596977234,-0.5606260299682617,0.3207421600818634,0.3051047623157501,0.15306790173053741,-0.11556492000818253,0.0728440210223198,-0.27409201860427856,0.48268967866897583,-0.38442203402519226,0.11695872247219086,0.025605829432606697,-0.04512257128953934,0.31220293045043945,-0.5831276774406433,-0.05591642111539841,0.37385258078575134,-0.29245948791503906],""cell.weight_hh"":[0.24866309762001038,0.17034487426280975,-0.37656667828559875,0.22382713854312897,0.24825873970985413,-0.10331044346094131,-0.328566312789917,-0.32724103331565857,0.498729944229126,0.09117195755243301,0.36708864569664,0.09992942214012146,-0.1036529541015625,0.55619215965271,0.21211399137973785,-0.13940799236297607,0.3652040958404541,0.42981594800949097,0.07565925270318985,-0.13011431694030762,-0.10090336948633194,0.11794691532850266,0.20489203929901123,0.6400425434112549,0.13478156924247742,0.18430019915103912,-0.12475260347127914,-0.40998581051826477,-0.43926340341567993,-0.46067097783088684,-0.08952520042657852,-0.21714098751544952,0.23587392270565033,-0.1712353527545929,-0.5807074904441833,-0.4660240411758423,0.05940469354391098,-0.3010033965110779,-0.4706653654575348,-0.2223328799009323,0.21691803634166718,-0.06525211036205292,-0.2022663652896881,0.3144833445549011,0.4141010642051697,0.076637402176857,0.17008526623249054,0.0684037134051323],""cell.bias_ih"":[-0.46488627791404724,-0.09821143746376038,-0.1875661462545395,-0.41049638390541077,-0.1651570349931717,0.03959619626402855,0.22675272822380066,-0.2868634760379791,0.37334898114204407,0.013085511513054371,-0.17265008389949799,0.03975648805499077],""cell.bias_hh"":[0.137966126203537,-0.5550068020820618,-0.08600271493196487,0.4412911832332611,0.1317203789949417,0.5730762481689453,0.2501058876514435,-0.5337124466896057,0.2773096263408661,0.4183395206928253,0.32778653502464294,0.3592050075531006],""readout.weight"":[-0.1625172197818756,-0.10385522246360779,0.17716793715953827,0.0630439892411232],""readout.bias"":[0.005997546017169952]}"
920010,GRU_8,321,120,8,122880,1.715847292000035,0.4582918584346771,0.3155581712722778,"{""cell.weight_ih"":[0.024368129670619965,-0.37014931440353394,-0.14849358797073364,-0.1880253702402115,-0.11627545207738876,-0.29399314522743225,0.29577794671058655,-0.3307285010814667,-0.07593461871147156,0.16655729711055756,0.3683938682079315,-0.15813244879245758,-0.29577863216400146,-0.19319991767406464,0.07785853743553162,-0.13196749985218048,0.0489797368645668,-0.17257682979106903,0.3363291919231415,-0.218314528465271,0.4391043782234192,-0.026113146916031837,-0.26767784357070923,0.12746785581111908,-0.19852417707443237,-0.2671769857406616,-0.14749597012996674,-0.04750973358750343,-0.10448464006185532,0.12324010580778122,-0.41922685503959656,0.2557429075241089,0.282480388879776,0.11552336812019348,-0.05846686288714409,-0.37378615140914917,0.2592144012451172,0.14621993899345398,-0.06318846344947815,-0.41830992698669434,-0.08698025345802307,-0.3513278365135193,0.3297313153743744,-0.2003028243780136,0.13888901472091675,0.2386113554239273,-0.07643207907676697,-0.300349622964859,-0.1551324427127838,-0.07655955106019974,-0.3169526159763336,0.1753842979669571,0.2517907917499542,0.1648847460746765,-0.19076107442378998,-0.24975451827049255,-0.22654424607753754,0.13462111353874207,0.054073452949523926,-0.007835829630494118,0.25707268714904785,-0.2933375835418701,-0.04529799893498421,0.22285974025726318,-0.08837439864873886,-0.13560768961906433,-0.2572990655899048,-0.2065054476261139,0.11854809522628784,0.006162325851619244,0.27405816316604614,-0.22576084733009338],""cell.weight_hh"":[-0.32523587346076965,-0.09171073883771896,0.13184276223182678,0.3693690299987793,-0.03873993828892708,-0.2277984321117401,0.16143080592155457,0.2502358853816986,0.12752436101436615,-0.016938714310526848,0.016159743070602417,-0.3015468716621399,0.0755361020565033,0.06464176625013351,-0.08708204329013824,0.06106777861714363,0.04317942261695862,-0.31973594427108765,-0.1663617342710495,0.3584713041782379,0.43487462401390076,0.09762287884950638,-0.1672474592924118,-0.1534993201494217,0.07651222497224808,-0.015194032341241837,0.23985815048217773,0.11604084819555283,-0.23521146178245544,-0.42115646600723267,-0.012724390253424644,-0.2281840443611145,0.03940095752477646,0.25307732820510864,0.2603691816329956,0.24752354621887207,0.043045010417699814,0.09304157644510269,0.3186606764793396,-0.10262776166200638,0.12377136200666428,-0.2597336173057556,-0.23298709094524384,0.27843910455703735,-0.3784513771533966,-0.35800689458847046,-0.20893613994121552,1.2735690688714385e-05,-0.25401371717453003,0.11027850955724716,-0.1836017221212387,-0.3465285003185272,-0.21275784075260162,-0.2125629037618637,-0.13149230182170868,-0.05752191320061684,0.19865532219409943,0.33948370814323425,-0.28698205947875977,0.11677329987287521,0.024697935208678246,0.0011078526731580496,0.356048047542572,-0.20772254467010498,0.37417417764663696,-0.0797463208436966,0.07161074876785278,-0.06332319229841232,-0.14252103865146637,-0.23924866318702698,0.28034162521362305,-0.016177555546164513,0.18058471381664276,0.25780346989631653,0.037547215819358826,0.09036476165056229,0.4666723608970642,0.1698208600282669,0.10577309131622314,-0.06800121068954468,-0.18620307743549347,0.3038361966609955,-0.3732677102088928,-0.04522017762064934,0.01486125960946083,0.03306673467159271,-0.13619892299175262,-0.031138017773628235,0.23614636063575745,0.2313574254512787,0.3282584846019745,-0.27402153611183167,-0.058577973395586014,-0.22065721452236176,-0.15966695547103882,-0.18747399747371674,0.037060223519802094,-0.0864773765206337,0.3218275010585785,-0.036152102053165436,-0.30395400524139404,0.16545552015304565,-0.012508625164628029,0.1928819864988327,0.058992646634578705,0.4415854513645172,-0.4576182961463928,-0.07192134112119675,-0.19612951576709747,-0.03577610105276108,0.024566613137722015,-0.1989392191171646,0.13056090474128723,-0.017320599406957626,-0.28916674852371216,0.10080718994140625,-0.2282559871673584,0.17512531578540802,0.05068352818489075,0.04799102246761322,-0.0294380821287632,-0.2688646912574768,-0.08278458565473557,-0.17747215926647186,-0.28490564227104187,0.2161969542503357,-0.1870499551296234,0.3255689740180969,0.10638443380594254,0.292074978351593,-0.16757391393184662,-0.07646007835865021,0.09348990768194199,0.12771818041801453,-0.2986312806606293,0.23717473447322845,0.2910725176334381,0.08818677812814713,0.3389582335948944,-0.016589567065238953,-0.016477812081575394,-0.2742330729961395,-0.32214200496673584,0.1706242561340332,-0.030112210661172867,-0.05851016938686371,0.2833103835582733,-0.32594606280326843,-0.11295059323310852,-0.13413430750370026,0.3543389141559601,-0.15363562107086182,0.35862961411476135,0.06178014352917671,-0.004311960656195879,0.2482355237007141,0.3561526834964752,-0.0034105333033949137,0.042544569820165634,0.0213844645768404,0.09996245801448822,0.3405560255050659,-0.30939432978630066,0.21006645262241364,-0.10402552783489227,0.10632231086492538,0.05758286640048027,0.10855887830257416,-0.04787568375468254,-0.11757669597864151,0.2630910277366638,0.0343855544924736,-0.16775183379650116,-0.22545099258422852,-0.11774974316358566,0.20080210268497467,-0.1772404909133911,-0.09273944050073624,-0.07931775599718094,-0.03197008743882179,-0.10294989496469498,-0.3004908561706543,-0.06678365170955658,0.32001814246177673,0.19985352456569672,-0.23552531003952026,-0.17965152859687805,0.33149105310440063,-0.26692134141921997,-0.2946655750274658,-0.10050735622644424,-0.10577542334794998],""cell.bias_ih"":[-0.11914408951997757,0.3130611479282379,0.3095359206199646,-0.059610720723867416,-0.2103583663702011,-0.31925058364868164,-0.04103138670325279,0.32185885310173035,0.30059871077537537,-0.14290916919708252,0.3903709948062897,-0.29199206829071045,0.20245413482189178,0.46150773763656616,-0.03310278058052063,0.13042216002941132,-0.027826769277453423,0.23463082313537598,0.22621701657772064,0.053297266364097595,-0.01042071171104908,-0.04958866536617279,0.16545142233371735,-0.12044444680213928],""cell.bias_hh"":[0.2422245442867279,0.27671870589256287,0.015278350561857224,0.24902135133743286,-0.2130536139011383,0.039174165576696396,0.22177903354167938,-0.19709841907024384,0.08343100547790527,-0.23005595803260803,0.28010016679763794,-0.15144172310829163,0.007235950790345669,-0.08277066051959991,0.41265803575515747,-0.2329626828432083,0.012755832634866238,0.2911352515220642,-0.18847502768039703,-0.34050217270851135,0.019624758511781693,0.28474557399749756,-0.07207011431455612,0.18267519772052765],""readout.weight"":[0.0331624336540699,0.13681411743164062,-0.20069313049316406,-0.2617807984352112,-0.1877669245004654,0.1950157731771469,0.31640976667404175,0.3176172375679016],""readout.bias"":[-0.07662548124790192]}"
920011,LTC_SENSORY_SITE,114,120,8,122880,5.896492791000014,0.22706232964992523,0.2956588387489319,"{""w_rec"":[0.03473617509007454,-0.11603520810604095,0.11779772490262985,-0.086543969810009,-0.08162158727645874,-0.08377949893474579,0.04850250482559204,0.04654032737016678,-0.03827274218201637,0.06421373039484024,0.017828142270445824,-0.014647072181105614,0.11345643550157547,0.08705420047044754,0.03506661579012871,0.031082777306437492,-0.00633122306317091,0.009932070039212704,0.1336059421300888,-0.009410852566361427,-0.07889579236507416,-0.04368557035923004,0.0140714505687356,-0.015222637914121151,0.0020778533071279526,0.029763951897621155,0.030642425641417503,0.08749239146709442,-0.02925434336066246,-0.1012565940618515,0.004371915012598038,0.04602591693401337,0.026716072112321854,-0.014237618073821068,0.045917779207229614,-0.08387132734060287,0.06282906234264374,-0.03268328681588173,0.02655893750488758,0.04371034726500511,0.04580456390976906,-0.07959488779306412,0.03491252288222313,-0.08924940973520279,0.0064063663594424725,0.09849292784929276,0.01813160628080368,0.06758103519678116,0.025653354823589325,-0.045528240501880646,0.005277836229652166,-0.04627936705946922,0.08667430281639099,0.08475279062986374,0.1411256641149521,0.04794616252183914,0.054370053112506866,-0.10759386420249939,0.10738962888717651,-0.05884364992380142,0.04308434948325157,0.038647934794425964,0.09055602550506592,0.22756440937519073],""w_temp"":[0.20042617619037628,0.16535215079784393,0.0025644241832196712,0.23291704058647156,0.09760529547929764,0.13282601535320282,-0.19682206213474274,-0.03361313045024872],""w_vis"":[0.07633286714553833,-0.07346943765878677,-0.056536488234996796,-0.22038887441158295,-0.0074142273515462875,-0.059267230331897736,0.033224817365407944,-0.4506431519985199],""bias"":[-0.881499171257019,-0.8351988792419434,-0.8222925662994385,-0.810384213924408,-0.8593248724937439,-0.8575334548950195,-0.8267909288406372,-0.9103140830993652],""raw_tau"":[0.12262725085020065,0.16733494400978088,0.1807267814874649,0.19298399984836578,0.14413021504878998,0.14597785472869873,0.17672650516033173,0.09400288015604019],""reversal"":[-0.040470950305461884,0.05709090083837509,-0.07930474728345871,0.21948935091495514,0.015494360588490963,0.010905852541327477,-0.06478307396173477,-0.029790589585900307],""readout"":[0.02795400284230709,0.062167830765247345,0.07651764154434204,-0.17602889239788055,-0.23645220696926117,-0.07803476601839066,-0.12445764988660812,0.0019979490898549557],""readout_bias"":[-0.0018188892863690853],""beta"":[0.3257540464401245],""sensory_mask"":[1.0,1.0,1.0,1.0,0.0,0.0,0.0,0.0]}"
920011,LTC_OUTPUT_SITE,114,120,8,122880,4.97298166600001,0.225381538271904,0.29571569710969925,"{""w_rec"":[0.056184377521276474,0.0062023065984249115,-0.004185390658676624,0.05066751316189766,0.08143042027950287,-0.035515084862709045,-0.027984295040369034,-0.057568829506635666,-0.034841492772102356,0.11807738244533539,-0.019193502143025398,-0.00789721217006445,0.007926705293357372,-0.03977081924676895,0.023205826058983803,0.002829628298059106,0.0010076429462060332,-0.00580576853826642,0.1058451384305954,-0.01794101484119892,0.043010614812374115,-0.030102435499429703,-0.02887609414756298,-0.009615331888198853,-0.02563532441854477,0.01976783759891987,-0.03714240714907646,0.14751872420310974,0.021567093208432198,-0.02191246673464775,-0.07045365124940872,-0.03566174581646919,-0.016810299828648567,0.02325459197163582,0.023912746459245682,-0.013081172481179237,0.17598344385623932,-0.07459922134876251,-0.0489647313952446,-0.015254445374011993,0.007152289617806673,0.01963190734386444,0.01807219535112381,0.023601442575454712,0.007552421651780605,0.10539912432432175,-0.0035435527097433805,0.006886063143610954,-0.006692460272461176,0.04625275358557701,0.04894285649061203,0.0147341787815094,0.04875434190034866,-0.07402263581752777,0.03198514133691788,-0.02428915537893772,0.013756411150097847,0.06963089108467102,-0.007392636500298977,-0.01875890977680683,-0.033646855503320694,-0.020244475454092026,-0.028134411200881004,0.039167605340480804],""w_temp"":[0.1190495640039444,0.1540437489748001,-0.1878119558095932,0.09529547393321991,-0.23984284698963165,-0.0026588558685034513,-0.13260963559150696,-0.12788431346416473],""w_vis"":[-0.029572248458862305,-0.08776625990867615,-0.0652349516749382,-0.0877223089337349,-0.06445568799972534,0.09097256511449814,-0.012400771491229534,-0.01741092838346958],""bias"":[-0.8343141674995422,-0.8153124451637268,-0.8238774538040161,-0.8383834362030029,-0.8296216726303101,-0.817937433719635,-0.8450362086296082,-0.8234924077987671],""raw_tau"":[0.16915948688983917,0.1880839467048645,0.17901110649108887,0.16492609679698944,0.17417606711387634,0.18525049090385437,0.15841519832611084,0.17919382452964783],""reversal"":[0.027873819693922997,-0.11275600641965866,-0.014109126292169094,-0.056815218180418015,-0.05503876134753227,0.12410548329353333,0.025417115539312363,0.1104695126414299],""readout"":[-0.02534511126577854,0.24891546368598938,0.011500230990350246,0.02259906567633152,-0.06557253003120422,-0.12144000083208084,0.03476165607571602,-0.07624053955078125],""readout_bias"":[0.00099484296515584],""beta"":[0.15144483745098114],""sensory_mask"":[0.0,0.0,0.0,0.0,0.0,0.0,0.0,0.0]}"
920011,LTC_NO_FEEDBACK,114,120,8,122880,4.831661584000017,0.2306104153394699,0.29570344239473345,"{""w_rec"":[0.09151584655046463,0.08279766142368317,0.09537489712238312,0.04373268410563469,-0.08773523569107056,-0.019373375922441483,-0.05142147094011307,0.08875767886638641,-0.11904599517583847,0.21460114419460297,0.1001526489853859,0.018402794376015663,-0.054566994309425354,-0.023728087544441223,-0.049164123833179474,0.10602438449859619,-0.10569901019334793,0.10678305476903915,0.20172351598739624,0.0151838893070817,-0.0934985801577568,-0.037926848977804184,-0.08815815299749374,0.08439222723245621,0.018254606053233147,0.06691683828830719,0.04417024552822113,0.17229728400707245,-0.02928108721971512,-0.009288571774959564,0.058959364891052246,0.013146745972335339,-0.06297674775123596,0.01736307330429554,0.07505384087562561,0.05279334634542465,0.12372112274169922,-0.01981794647872448,-0.07981859147548676,0.09200089424848557,0.03412586450576782,0.012244843877851963,-0.022479042410850525,-0.018925318494439125,0.022869296371936798,0.13006874918937683,0.07524365186691284,-0.010209651663899422,-0.02113182283937931,0.09651312977075577,0.016675421968102455,0.07777288556098938,-0.030581658706068993,-0.0320465974509716,0.15263280272483826,0.07274753600358963,-0.09416648745536804,0.11675859987735748,0.0846749097108841,0.060673315078020096,-0.12158352881669998,-0.08891892433166504,-0.07078923285007477,0.22236834466457367],""w_temp"":[0.15914946794509888,-0.010453012771904469,0.04139365255832672,0.26058095693588257,-0.10819833725690842,0.11166740953922272,0.25600665807724,-0.17508286237716675],""w_vis"":[0.09362482279539108,0.10379116982221603,-0.1676955372095108,0.027156148105859756,-0.01994027942419052,-0.1783674955368042,-0.10901646316051483,-0.09824327379465103],""bias"":[-0.868020236492157,-0.8385974764823914,-0.8645508885383606,-0.8439276218414307,-0.8372199535369873,-0.8134795427322388,-0.8533052802085876,-0.87945556640625],""raw_tau"":[0.1343906968832016,0.16416746377944946,0.13895651698112488,0.16024190187454224,0.1662265658378601,0.18961377441883087,0.15059880912303925,0.12408000230789185],""reversal"":[0.009295593947172165,-0.058266572654247284,-0.015443338081240654,-0.04794953390955925,0.12444190680980682,0.09024985134601593,-0.01490851677954197,-0.00015712413005530834],""readout"":[0.02784150093793869,-0.25156933069229126,-0.12459949404001236,0.012677725404500961,0.0843314677476883,-0.05845263972878456,0.14034779369831085,-0.001305422163568437],""readout_bias"":[-0.015117264352738857],""beta"":[0.25],""sensory_mask"":[0.0,0.0,0.0,0.0,0.0,0.0,0.0,0.0]}"
920011,LTC_DENSE_FEEDBACK,114,120,8,122880,5.912498791000019,0.22979629039764404,0.2956560418009758,"{""w_rec"":[0.08831765502691269,-0.024978214874863625,-0.04559636861085892,0.002756133209913969,0.01247885450720787,0.014456220902502537,-0.05528393015265465,-0.026419036090373993,-0.027270063757896423,0.15521030128002167,0.0900922566652298,-0.07465749233961105,0.03600409999489784,-0.06251631677150726,-0.03603748604655266,-0.0025892616249620914,-0.09003595262765884,0.0560806505382061,0.0753534734249115,-0.027665259316563606,0.045717306435108185,-0.037661951035261154,-0.08353618532419205,-0.028096746653318405,-0.02970125339925289,0.041812628507614136,0.07166822254657745,0.1092454344034195,0.08495163917541504,-0.03065432794392109,-0.04154646769165993,0.04414233937859535,0.01807989925146103,0.028025899082422256,0.0881880447268486,-0.037684887647628784,0.1452300101518631,-0.041855040937662125,-0.06284074485301971,0.002528262557461858,-0.01486193761229515,0.04147467017173767,0.03457600995898247,-0.01812705397605896,0.044501207768917084,0.14838720858097076,-0.03874709829688072,0.0009916296694427729,-0.09700934588909149,0.024652311578392982,-0.009720566682517529,-0.010388877242803574,-0.054058849811553955,-0.017852306365966797,0.08460400998592377,-0.011657665483653545,-0.08548382669687271,0.03846233710646629,-0.037367966026067734,-0.02946539968252182,0.05377085506916046,-0.08645468205213547,-0.036885157227516174,0.10009292513132095],""w_temp"":[-0.2843458354473114,-0.04879440367221832,0.12102968245744705,0.15433073043823242,-0.22711710631847382,0.30292659997940063,0.04948940873146057,-0.1890275776386261],""w_vis"":[0.05167612433433533,-0.01783880963921547,-0.10753931105136871,-0.07474670559167862,-0.1079888790845871,-0.11993728578090668,-0.24408653378486633,0.08324123173952103],""bias"":[-0.826833963394165,-0.8111023306846619,-0.8620661497116089,-0.8242212533950806,-0.8354774117469788,-0.8203179836273193,-0.8430272340774536,-0.8542385697364807],""raw_tau"":[0.17669665813446045,0.1918468028306961,0.14142267405986786,0.1793185919523239,0.16707085072994232,0.1837347149848938,0.16060733795166016,0.14919047057628632],""reversal"":[0.22115914523601532,-0.08069885522127151,-0.009654730558395386,0.031547848135232925,-0.22243733704090118,0.06411562860012054,0.06311598420143127,-2.0165432943031192e-05],""readout"":[0.13574548065662384,0.10071416199207306,0.03213461488485336,-0.07383473962545395,0.024257013574242592,-0.04102344065904617,0.07256486266851425,0.003934808075428009],""readout_bias"":[-0.01349110808223486],""beta"":[0.1696050614118576],""sensory_mask"":[1.0,1.0,1.0,1.0,1.0,1.0,1.0,1.0]}"
920011,LTC_SENSORY_YOKED,114,120,8,122880,5.964760791000003,0.2283446192741394,0.2957232967019081,"{""w_rec"":[0.06086447462439537,0.019284354522824287,-0.007673715241253376,0.0023215115070343018,-0.003786773420870304,0.034888967871665955,0.018192779272794724,-0.017949363216757774,-0.04293239489197731,0.1599593609571457,-0.056147776544094086,0.056372981518507004,-0.05049207806587219,0.022135529667139053,-0.04692526534199715,-0.018681958317756653,-0.03570402413606644,0.04201512411236763,0.1110401451587677,-0.026021769270300865,0.014766162261366844,0.0599273256957531,0.04976616054773331,0.01781904697418213,-0.03566931188106537,0.012565083801746368,0.01350672822445631,0.16440054774284363,0.027295978739857674,0.027754584327340126,0.033581286668777466,-0.013955647125840187,-0.0067991167306900024,-0.009583179838955402,-0.027934491634368896,0.016391919925808907,0.16601867973804474,-0.086380235850811,-0.08107458055019379,0.02922290936112404,-0.09062684327363968,0.029207462444901466,-0.0449981614947319,0.10706903040409088,0.1000208780169487,-0.0033677020110189915,-0.19874946773052216,0.14571671187877655,-0.08324020355939865,-0.004861929919570684,-0.05046358332037926,0.030466686934232712,0.042882032692432404,-0.12046565860509872,0.06117236241698265,0.07369596511125565,0.031565286219120026,0.03271305933594704,0.010836107656359673,0.022147051990032196,0.04243214800953865,-0.08442696183919907,-0.030244696885347366,0.17078356444835663],""w_temp"":[0.3871224820613861,0.13945575058460236,-0.09666440635919571,-0.04522071033716202,-0.09475163370370865,-0.03262068331241608,-0.02590605802834034,-0.229815274477005],""w_vis"":[-0.04081011936068535,-0.10698147118091583,0.019755790010094643,0.12331753969192505,-0.04377805069088936,-0.07250285893678665,-0.10981568694114685,-0.0008782431250438094],""bias"":[-0.8113869428634644,-0.8235809206962585,-0.8043791651725769,-0.808448851108551,-0.8192769289016724,-0.8943437337875366,-0.8539349436759949,-0.8295868039131165],""raw_tau"":[0.19343146681785583,0.17981503903865814,0.19845835864543915,0.19473876059055328,0.18425235152244568,0.10907401144504547,0.14955107867717743,0.17405635118484497],""reversal"":[0.09587754309177399,-0.04166252911090851,0.19325678050518036,-0.11100596934556961,-0.22767631709575653,-0.009141489863395691,0.02682354487478733,-0.07676193118095398],""readout"":[-0.11466824263334274,0.19852638244628906,-0.23391778767108917,0.18401126563549042,-0.2464900016784668,-0.0006750571192242205,0.03451848402619362,-0.15020492672920227],""readout_bias"":[-0.008647136390209198],""beta"":[0.34790995717048645],""sensory_mask"":[1.0,1.0,1.0,1.0,0.0,0.0,0.0,0.0]}"
920011,GRU_4,113,120,8,122880,1.718444833000035,0.225814551115036,0.29748356640338897,"{""cell.weight_ih"":[-0.10836222022771835,0.5309521555900574,0.19142909348011017,0.6841761469841003,-0.35216638445854187,0.5274561643600464,0.151816725730896,0.36802658438682556,0.1341516226530075,-0.16656532883644104,0.23769694566726685,0.28706225752830505,0.24998480081558228,-0.09447305649518967,0.3761880099773407,0.6001863479614258,0.14318223297595978,-0.43087655305862427,-0.3190247118473053,0.11510659754276276,0.3330899477005005,-0.17510119080543518,0.27403852343559265,0.4049603343009949,-0.5682845711708069,-0.4982750713825226,-0.6679618954658508,-0.2341008186340332,-0.20711643993854523,-0.17915667593479156,0.0026545969303697348,-0.4178624153137207,0.3515832722187042,-0.36451393365859985,0.4774395525455475,-0.12803399562835693],""cell.weight_hh"":[-0.3708721399307251,0.333881139755249,-0.3163357973098755,-0.5253312587738037,-0.4867481589317322,-0.5710507035255432,0.2713957130908966,-0.20409022271633148,-0.34632426500320435,0.5936495661735535,-0.37458065152168274,-0.4260159134864807,-0.3566170632839203,0.15295110642910004,-0.20444898307323456,-0.1109495535492897,0.10015081614255905,0.48044127225875854,0.734068751335144,-0.6561493873596191,0.2478923350572586,0.04534405842423439,0.2549700438976288,0.20961612462997437,-0.42868003249168396,-0.23931175470352173,-0.09526631981134415,0.06334464251995087,0.1990135908126831,-0.15246763825416565,0.5256569385528564,0.24583874642848969,0.13171927630901337,0.37024426460266113,0.404459685087204,0.030951326712965965,-0.3488902151584625,-0.49543365836143494,-0.1597415804862976,0.137160524725914,-0.11009600013494492,0.0767786055803299,-0.10960136353969574,-0.2147223800420761,-0.32437238097190857,-0.16441689431667328,-0.11029870808124542,0.3822428286075592],""cell.bias_ih"":[0.12054818123579025,0.21949490904808044,-0.2949281334877014,-0.33023181557655334,0.08418905735015869,0.2866598665714264,-0.2917732894420624,0.35531434416770935,0.3740798830986023,0.04578932747244835,-0.3289738595485687,-0.12310793995857239],""cell.bias_hh"":[0.044066280126571655,-0.21905823051929474,-0.4994693398475647,0.4100319445133209,-0.10510323941707611,0.5487402677536011,0.10429418087005615,-0.09768978506326675,0.08562544733285904,-0.10117746144533157,-0.3332973122596741,0.5155293941497803],""readout.weight"":[0.2436315417289734,-0.22367282211780548,-0.3080511689186096,-0.38309553265571594],""readout.bias"":[-0.0833851769566536]}"
920011,GRU_8,321,120,8,122880,1.7304612080000084,0.3538467288017273,0.29930197894573213,"{""cell.weight_ih"":[0.3281063735485077,-0.1061999499797821,0.15261469781398773,-0.34077465534210205,0.0028249218594282866,-0.1260651797056198,0.18809783458709717,-0.10934041440486908,-0.019315438345074654,-0.27707353234291077,0.14714708924293518,0.14507848024368286,0.15324924886226654,-0.2838355302810669,0.1546296775341034,0.17800630629062653,-0.007765791844576597,-0.26109421253204346,0.34349992871284485,-0.22581236064434052,0.23373742401599884,-0.24091152846813202,-0.2626524567604065,-0.18534263968467712,0.2421024590730667,-0.28955748677253723,0.41762059926986694,0.3251979947090149,-0.13308018445968628,0.20417118072509766,0.35491877794265747,-0.0016667197924107313,0.2556135058403015,0.44069820642471313,0.1251368671655655,-0.25517603754997253,0.285469114780426,-0.21079514920711517,-0.2936441898345947,0.2552715539932251,0.04535529762506485,-0.14979158341884613,-0.13518555462360382,-0.20972687005996704,-0.16097164154052734,-0.2044622302055359,0.04233153909444809,-0.08803364634513855,-0.048821963369846344,-0.2650288939476013,0.21702003479003906,0.14912419021129608,-0.0960644781589508,-0.052606403827667236,-0.0964839980006218,0.35282787680625916,0.2648622393608093,0.25983136892318726,0.18880963325500488,0.06391289085149765,-0.04184727743268013,0.06356824934482574,-0.26977968215942383,-0.1607629954814911,0.31839144229888916,-0.1336265355348587,-0.07907351106405258,0.12800194323062897,-0.09722532331943512,-0.31966716051101685,-0.32153981924057007,-0.31235378980636597],""cell.weight_hh"":[-0.001985357841476798,0.14995594322681427,0.02764509990811348,-0.08877865225076675,0.13820448517799377,0.09339452534914017,-0.2165243774652481,-0.007194025442004204,-0.07342564314603806,-0.03462918475270271,-0.19130387902259827,-0.11394830793142319,0.08332566916942596,-0.2912755608558655,0.25290635228157043,0.2411511093378067,-0.1622437983751297,-0.007248981855809689,0.12748432159423828,-0.37634894251823425,-0.1569666713476181,-0.07590501755475998,0.026063526049256325,0.12912820279598236,0.10972552746534348,0.11246490478515625,0.1410364955663681,-0.12448108941316605,-0.25759416818618774,0.35489875078201294,-0.26696184277534485,0.08144119381904602,0.31533369421958923,-0.10461437702178955,0.1790689378976822,0.4351659417152405,-0.135528564453125,-0.03541431203484535,-0.19491444528102875,-0.16951383650302887,0.268658846616745,0.09331436455249786,0.12610729038715363,0.06522782146930695,0.26289576292037964,0.06986252218484879,-0.23991850018501282,0.3339231014251709,0.2722725570201874,0.2272571623325348,0.12433256953954697,-0.15631142258644104,0.16373611986637115,0.04054615646600723,0.06130748242139816,0.2542411983013153,-0.028976531699299812,0.18109706044197083,0.2606259882450104,-0.06578265875577927,0.21491298079490662,-0.2753773033618927,0.013770078308880329,-0.22118327021598816,-0.21507997810840607,-0.26776230335235596,0.22761641442775726,0.1930658370256424,0.23036564886569977,0.236159548163414,0.004798441659659147,-0.06630848348140717,0.34395724534988403,-0.08225133270025253,0.022135073319077492,-0.13635006546974182,0.06526410579681396,0.05412406846880913,-0.2898606061935425,-0.07016637921333313,0.16038399934768677,0.1958361268043518,-0.025124697014689445,-0.29969221353530884,0.20804128050804138,-0.0021453173831105232,-0.027803568169474602,-0.05590709298849106,0.07892882823944092,-0.4182737469673157,-0.35695165395736694,0.2540147006511688,0.0072124190628528595,0.2465427666902542,0.21162448823451996,-0.3307080864906311,-0.12368171662092209,0.24295282363891602,0.020022444427013397,0.15116745233535767,-0.16702772676944733,-0.19368430972099304,-0.07438402622938156,0.3343406915664673,0.1573529839515686,-0.17117230594158173,0.07344496995210648,-0.1701725274324417,0.23783938586711884,0.17698700726032257,-0.27335047721862793,0.2693193554878235,-0.07642937451601028,-0.00133415381424129,-0.2769700586795807,0.020900283008813858,-0.19101238250732422,0.3924107253551483,0.09748642146587372,0.2009974718093872,-0.144302636384964,0.010488603264093399,0.20986060798168182,0.13947239518165588,-0.34225085377693176,0.1753183752298355,0.01700354553759098,-0.4150678217411041,-0.27687206864356995,-0.21169617772102356,0.06650359183549881,-0.4053238034248352,-0.14057566225528717,-0.15003210306167603,-0.21598711609840393,0.32438915967941284,-0.1935049146413803,-0.10286528617143631,0.22689296305179596,-0.007017470430582762,0.09306170791387558,0.03231409564614296,0.04909321665763855,0.12991271913051605,0.15987814962863922,0.18809853494167328,-0.24529284238815308,0.3471614122390747,0.18406076729297638,0.013667421415448189,-0.1445123553276062,-0.08280676603317261,-0.055744268000125885,0.38401663303375244,0.04299478232860565,-0.2572154402732849,-0.2749532461166382,-0.035635802894830704,0.18267691135406494,-0.07396415621042252,0.19195593893527985,0.19858717918395996,0.012212981469929218,-0.18068459630012512,0.36187517642974854,0.028848513960838318,0.313807874917984,0.11406539380550385,-0.2988147437572479,-0.23270465433597565,-0.1025269478559494,-0.1276005208492279,-0.1861392855644226,0.1634417325258255,-0.15741287171840668,0.14889736473560333,-0.11400165408849716,0.07126598060131073,-0.21992792189121246,0.16425570845603943,-0.14791220426559448,0.32711485028266907,0.11451734602451324,0.2119140774011612,-0.13913382589817047,-0.26097676157951355,0.26952576637268066,0.11174141615629196,-0.021237699314951897,0.2755862772464752,0.07593058794736862,0.01063450425863266],""cell.bias_ih"":[0.22185909748077393,-0.33574432134628296,-0.3981982469558716,-0.18583454191684723,-0.18632905185222626,-0.24865493178367615,-0.22193507850170135,0.1398979127407074,-0.0706116110086441,-0.06384129077196121,-0.30160656571388245,-0.08333694189786911,-0.34473538398742676,-0.14754755795001984,0.2654211223125458,-0.08822064101696014,-0.12384940683841705,-0.28428176045417786,0.032674167305231094,0.12582258880138397,-0.34083178639411926,0.11858280748128891,-0.16862736642360687,-0.18457044661045074],""cell.bias_hh"":[-0.16450417041778564,-0.1459469497203827,0.09426094591617584,-0.14967402815818787,0.12692268192768097,-0.4660393297672272,-0.2983437180519104,0.10735179483890533,-0.3023093044757843,-0.10747576504945755,0.05994550883769989,0.4961237609386444,0.18775689601898193,-0.13152319192886353,-0.10091287642717361,0.043763723224401474,0.10079199075698853,-0.052880674600601196,-0.28548577427864075,-0.13375608623027802,-0.19255737960338593,-0.2234814614057541,-0.002895872574299574,-0.059650957584381104],""readout.weight"":[0.18004626035690308,-0.21119850873947144,-0.16515955328941345,0.22307312488555908,0.11726592481136322,-0.2808817923069,-0.007213939446955919,0.263631671667099],""readout.bias"":[0.09852109849452972]}"
920012,LTC_SENSORY_SITE,114,120,8,122880,5.854221333999988,0.14916417002677917,0.3387613922357559,"{""w_rec"":[0.07139166444540024,0.007893824018537998,0.03574058786034584,-0.025158965960144997,-0.029060015454888344,-0.018825966864824295,0.1254069060087204,0.03387816622853279,-0.009400819428265095,0.070052869617939,0.01373064611107111,0.0036938206758350134,-0.023509247228503227,-0.04674650728702545,0.045607637614011765,-0.031275950372219086,0.03819917142391205,-0.025702260434627533,0.161185160279274,0.023287810385227203,0.011455152183771133,0.002744802739471197,0.07867957651615143,0.024276569485664368,-0.03653186932206154,-0.00942076276987791,0.025334971025586128,0.14322754740715027,0.03573435917496681,-0.006457354873418808,0.09626764059066772,0.014583282172679901,0.021051928400993347,-0.011593873612582684,0.05238307639956474,0.06088951975107193,0.14922142028808594,0.010096961632370949,-0.028342338278889656,-0.01713106781244278,-0.061248186975717545,-0.03331005573272705,0.04434661939740181,0.08312790840864182,-0.011386560276150703,0.06153610348701477,0.06368740648031235,0.04325183480978012,-0.06567756831645966,-0.01689353585243225,0.06894313544034958,0.06274671107530594,0.0586872361600399,-0.04695812985301018,0.1826656311750412,0.07139679044485092,0.008006284013390541,0.01887548714876175,0.004666953347623348,0.034112486988306046,0.03501526638865471,-0.027478495612740517,-0.05495396628975868,0.13137465715408325],""w_temp"":[-0.1359039545059204,0.11779151856899261,0.006690749898552895,-0.08376136422157288,-0.048529814928770065,-0.3132895529270172,-0.2577712833881378,0.16344384849071503],""w_vis"":[-0.058602966368198395,0.09090185910463333,0.12414294481277466,-0.29816189408302307,0.09385406225919724,0.15623833239078522,-0.1226668432354927,-0.16204877197742462],""bias"":[-0.8147491812705994,-0.817394495010376,-0.8194530010223389,-0.8194703459739685,-0.8179686069488525,-0.8271494507789612,-0.8606669306755066,-0.8116485476493835],""raw_tau"":[0.18858474493026733,0.18539461493492126,0.18361695110797882,0.1838296502828598,0.18544061481952667,0.1765497624874115,0.14316816627979279,0.1919504702091217],""reversal"":[0.1821189671754837,0.09671902656555176,-0.15106725692749023,-0.11489427089691162,-0.07133440673351288,0.028569059446454048,-0.00716991676017642,-0.20705176889896393],""readout"":[-0.24929799139499664,-0.27517688274383545,0.08242248743772507,0.09811372309923172,-0.04231511801481247,-0.12419866770505905,-0.018285440281033516,-0.0471479706466198],""readout_bias"":[0.008565171621739864],""beta"":[0.2987990081310272],""sensory_mask"":[1.0,1.0,1.0,1.0,0.0,0.0,0.0,0.0]}"
920012,LTC_OUTPUT_SITE,114,120,8,122880,4.970666250000022,0.14732626080513,0.33875874131917955,"{""w_rec"":[0.1726425588130951,0.02543777786195278,-0.0720064714550972,0.03830207511782646,-0.029998959973454475,0.0736565887928009,-0.01481176633387804,0.0635518953204155,-0.04992464557290077,0.17859214544296265,-0.0065282415598630905,0.008394683711230755,0.058075807988643646,0.04245072975754738,-0.03213321417570114,-0.007412552833557129,0.023090248927474022,-0.020228955894708633,0.017615532502532005,0.01840299554169178,-0.03500911220908165,0.0035251323133707047,-0.004381626844406128,0.04842683672904968,0.07674401253461838,0.03997475653886795,-0.020016303285956383,0.1557389348745346,-0.040663834661245346,0.07268650829792023,0.0010410173563286662,0.043931614607572556,0.059045884758234024,0.09036216884851456,-0.024362344294786453,0.10796061158180237,0.19046533107757568,0.059519875794649124,-0.10810994356870651,0.07431014627218246,0.06427522748708725,0.006296958774328232,-0.030050653964281082,0.01596909761428833,-0.06425102800130844,0.1442791223526001,0.005152308847755194,0.0005250592948868871,-0.05697435885667801,0.04092863202095032,-0.023179171606898308,0.046646349132061005,0.06257883459329605,0.027582846581935883,0.08728761970996857,0.013253098353743553,0.017031043767929077,-0.024017011746764183,-0.04871302470564842,0.024769365787506104,-0.017336241900920868,0.009032181464135647,-0.01864045113325119,0.15649904310703278],""w_temp"":[-0.28142809867858887,-0.2437499314546585,-0.1399429440498352,-0.03140036389231682,0.13971833884716034,0.11982539296150208,0.350708931684494,-0.11829668283462524],""w_vis"":[-0.03618156164884567,-0.057344939559698105,0.004386294633150101,0.10369836539030075,0.0473468191921711,0.0058248103596270084,0.11185696721076965,-0.24110586941242218],""bias"":[-0.8472446203231812,-0.816512405872345,-0.8234949707984924,-0.8153047561645508,-0.8667842149734497,-0.8198948502540588,-0.8073287010192871,-0.8145009875297546],""raw_tau"":[0.15656721591949463,0.1869756430387497,0.17987363040447235,0.18785646557807922,0.13658379018306732,0.182904452085495,0.19677898287773132,0.18878762423992157],""reversal"":[-0.006171999499201775,-0.034318022429943085,0.04049541801214218,-0.16027601063251495,-0.0020514787174761295,-0.09740621596574783,0.06017644330859184,-0.3212781548500061],""readout"":[0.11044024676084518,-0.23039011657238007,-0.29303765296936035,0.21473267674446106,-0.00575569923967123,0.10317175090312958,0.16982966661453247,0.1533280462026596],""readout_bias"":[0.008129725232720375],""beta"":[0.1950998306274414],""sensory_mask"":[0.0,0.0,0.0,0.0,0.0,0.0,0.0,0.0]}"
920012,LTC_NO_FEEDBACK,114,120,8,122880,4.834761167000011,0.1579953283071518,0.3386504054069519,"{""w_rec"":[0.14796502888202667,0.08693844825029373,-0.0069180321879684925,-0.03747601807117462,0.0016377412248402834,-0.031343117356300354,-0.04282030090689659,0.06128943711519241,0.08884221315383911,0.1141887828707695,0.04567331075668335,-0.07668226957321167,-0.07684678584337234,-0.06197497248649597,-0.11732906103134155,0.03338313475251198,-0.04495244100689888,-0.06429155170917511,0.1547153741121292,-0.005512904841452837,-0.022722242400050163,-0.037814926356077194,-0.010960823856294155,-0.02177818864583969,0.015038327313959599,-0.06746898591518402,0.0014418835053220391,0.10353069752454758,0.03214948624372482,-0.026184942573308945,0.00519194733351469,-0.04324743524193764,-0.05408032238483429,-0.09950612485408783,0.007090799044817686,-0.0016066540265455842,0.08224324136972427,0.0010734803508967161,0.004843834321945906,-0.04814263805747032,0.05760253965854645,0.06716714799404144,0.03397810086607933,-0.03622441738843918,-0.02065245807170868,0.07697051763534546,-0.006034513004124165,0.01935289427638054,0.06830916553735733,0.07237609475851059,0.015067839995026588,0.0008359923958778381,-0.02834034338593483,-0.038385260850191116,0.0633312538266182,0.061968665570020676,0.08583056181669235,0.04132029414176941,0.04132324084639549,-0.08175884187221527,-0.03265634924173355,-0.009441224858164787,-0.05837100371718407,0.2010154277086258],""w_temp"":[0.22337305545806885,0.11105392873287201,-0.2104974240064621,-0.06701312214136124,0.04144616797566414,-0.11284314095973969,-0.00486149312928319,-0.02822055295109749],""w_vis"":[0.01424952782690525,0.03536755591630936,-0.03960977867245674,-0.1081349328160286,-0.007337823510169983,-0.08192692697048187,-0.09665816277265549,-0.059756554663181305],""bias"":[-0.8262746930122375,-0.8773224949836731,-0.80966717004776,-0.8140990138053894,-0.8029126524925232,-0.8340111970901489,-0.8301181793212891,-0.8482120633125305],""raw_tau"":[0.17734144628047943,0.12533502280712128,0.19385561347007751,0.1891937404870987,0.20011205971240997,0.16941280663013458,0.17330379784107208,0.15520070493221283],""reversal"":[-0.10260014235973358,0.0014233211986720562,-0.03214184567332268,0.02818375453352928,0.12097558379173279,0.09869027882814407,0.05532604455947876,-0.008481891825795174],""readout"":[-0.12162385135889053,-0.02416710928082466,0.1253196746110916,-0.0414087176322937,-0.060609713196754456,0.04404453560709953,0.17475156486034393,-0.035699982196092606],""readout_bias"":[-0.013996046967804432],""beta"":[0.25],""sensory_mask"":[0.0,0.0,0.0,0.0,0.0,0.0,0.0,0.0]}"
920012,LTC_DENSE_FEEDBACK,114,120,8,122880,5.943281540999976,0.1594577431678772,0.33866239339113235,"{""w_rec"":[0.0964820459485054,0.015324189327657223,0.011617747135460377,0.06233533099293709,0.041636355221271515,0.01247425191104412,-0.02713484689593315,-0.03327805921435356,-0.06459464132785797,0.1880466341972351,0.016411731019616127,-0.030827563256025314,0.03191795572638512,-0.048137351870536804,0.08850041776895523,0.020962828770279884,-0.030056772753596306,0.041723303496837616,0.2027217149734497,-0.08403369784355164,0.08867514133453369,-0.031308647245168686,0.08644893020391464,0.016236314550042152,-0.04367775470018387,0.017784591764211655,0.06422340869903564,0.05461188778281212,-0.01230289414525032,-0.08700531721115112,0.0384538434445858,0.06126130744814873,-0.049508824944496155,0.033111803233623505,-0.007935551926493645,-0.022507257759571075,0.12093665450811386,0.027360497042536736,0.02368447557091713,0.04087180271744728,-0.04541223868727684,-0.012973783537745476,-0.000750595354475081,-0.03365447372198105,0.020015738904476166,0.07256811112165451,0.12198592722415924,0.02108280174434185,0.036242060363292694,0.018143286928534508,0.08295763283967972,-0.06744212657213211,0.02005871571600437,0.009808283299207687,0.18321101367473602,0.0364333838224411,0.025724327191710472,0.03111128695309162,0.02961045131087303,0.0028641331009566784,0.013373703695833683,0.00102891493588686,0.024785339832305908,0.11278584599494934],""w_temp"":[0.16041801869869232,-0.1182597205042839,0.01789482682943344,-0.0885094478726387,-0.1095152199268341,-0.10341375321149826,0.16735202074050903,-0.1816205531358719],""w_vis"":[-0.18382206559181213,0.0035104260314255953,-0.11806835234165192,0.15786030888557434,-0.04790002107620239,-0.02684946171939373,0.006615299731492996,-0.08718973398208618],""bias"":[-0.7993174195289612,-0.8518992066383362,-0.8485470414161682,-0.8392391800880432,-0.8166024088859558,-0.8260021209716797,-0.833818256855011,-0.7961104512214661],""raw_tau"":[0.20354107022285461,0.15160493552684784,0.15483739972114563,0.16409634053707123,0.18680128455162048,0.17731605470180511,0.16963882744312286,0.2073269933462143],""reversal"":[0.10090804845094681,-5.547955515794456e-05,-0.021611183881759644,0.03449133411049843,-0.01967986673116684,0.24540357291698456,-0.2380136400461197,-0.10329825431108475],""readout"":[-0.07683424651622772,-0.002165028126910329,-0.0043520331382751465,0.06234438344836235,0.12757763266563416,0.1413867473602295,-0.04743018001317978,0.11498061567544937],""readout_bias"":[-0.017216689884662628],""beta"":[0.1861758828163147],""sensory_mask"":[1.0,1.0,1.0,1.0,1.0,1.0,1.0,1.0]}"
920012,LTC_SENSORY_YOKED,114,120,8,122880,5.979634792000013,0.1593303084373474,0.3386367291212082,"{""w_rec"":[0.14022517204284668,-0.04687094688415527,0.006094220094382763,-0.05153699219226837,0.015350681729614735,0.0127484742552042,-0.04813070967793465,0.0822218731045723,0.04448601230978966,0.02833530120551586,-0.09025263786315918,-0.09405767172574997,0.03083503060042858,0.037017837166786194,-0.003581345546990633,-0.006590127944946289,0.032909587025642395,0.10659938305616379,0.11382462829351425,0.05547121539711952,0.004872447811067104,0.038141559809446335,0.003008343977853656,-0.017611706629395485,-0.02042539045214653,0.10401345044374466,-0.029023295268416405,0.10898883640766144,-0.025604089722037315,-0.01445025485008955,0.09243494272232056,-8.272001286968589e-05,0.04346846416592598,-0.05697260797023773,0.0072283451445400715,-0.023550501093268394,0.13620971143245697,0.029773620888590813,-0.0548686683177948,-0.007870166562497616,0.06960920244455338,-0.05183946713805199,0.04907548055052757,-0.0447736419737339,0.01137169823050499,0.1456153839826584,-0.06823187321424484,0.042424846440553665,0.06258421391248703,-0.022101597860455513,-0.027942240238189697,-0.03924823924899101,0.06265474110841751,-0.00881971139460802,0.09859208017587662,0.10776553303003311,0.02953559346497059,-0.013486027717590332,-0.008576976135373116,-0.05290886014699936,0.02694646641612053,0.052725646644830704,-0.03139380365610123,0.14974580705165863],""w_temp"":[-0.24321630597114563,-0.05990360304713249,-0.04123035818338394,0.09354888647794724,0.17891985177993774,-0.02610727958381176,0.07630473375320435,0.07035072147846222],""w_vis"":[-0.02724565379321575,-0.15285930037498474,-0.009278630837798119,-0.1714964658021927,-0.1404591053724289,-0.04152913764119148,0.05412374809384346,-0.027824673801660538],""bias"":[-0.8378053307533264,-0.8602107763290405,-0.8247902989387512,-0.7962663769721985,-0.8320690393447876,-0.8272168040275574,-0.8454041481018066,-0.8388909101486206],""raw_tau"":[0.16564083099365234,0.14323319494724274,0.17839482426643372,0.20679862797260284,0.17144834995269775,0.17617492377758026,0.15795299410820007,0.16451935470104218],""reversal"":[-0.04872029647231102,0.0017823770176619291,0.013197550550103188,0.1225559189915657,-0.233086958527565,-0.16233541071414948,0.020487768575549126,-0.05407813936471939],""readout"":[-0.04808651655912399,0.03515145555138588,-0.10091709345579147,-0.12135365605354309,-0.05209951102733612,-0.1111249178647995,0.16564002633094788,-0.0353427492082119],""readout_bias"":[-0.0162001121789217],""beta"":[0.32430800795555115],""sensory_mask"":[1.0,1.0,1.0,1.0,0.0,0.0,0.0,0.0]}"
920012,GRU_4,113,120,8,122880,1.7292708340000331,0.15133030712604523,0.33930805176496504,"{""cell.weight_ih"":[0.00965772196650505,-0.4841848909854889,-0.3268606960773468,-0.06847940385341644,0.042289357632398605,0.07264145463705063,-0.3350793421268463,-0.273127019405365,0.13931788504123688,-0.30120688676834106,0.33220747113227844,-0.41203004121780396,-0.29319339990615845,0.03448661416769028,0.23112352192401886,0.27508145570755005,0.19001375138759613,0.05606666952371597,-0.4521235227584839,-0.09391787648200989,0.49945443868637085,0.31849002838134766,-0.3192164897918701,-0.5845775008201599,0.2076307237148285,0.2105197161436081,-0.3555070459842682,-0.013286376371979713,0.3138978183269501,0.20489104092121124,0.5377448201179504,0.30579355359077454,-0.283633828163147,0.478621244430542,0.2995210587978363,0.05896943062543869],""cell.weight_hh"":[-0.2938736379146576,-0.2825513184070587,-0.49144965410232544,-0.22080545127391815,-0.2872779071331024,-0.3868344724178314,-0.4090747535228729,-0.3280806839466095,-0.11023790389299393,0.015187352895736694,-0.4437650144100189,-0.3307563364505768,-0.4603726863861084,-0.13932977616786957,-0.24539890885353088,0.3979349136352539,-0.157262921333313,0.3020254969596863,0.09586077183485031,-0.4048628509044647,-0.3383861482143402,0.4870430529117584,-0.20720119774341583,-0.2771240174770355,-0.09714747220277786,-0.28367993235588074,0.43443626165390015,-0.18330098688602448,-0.15718865394592285,0.25009462237358093,0.1528225541114807,-0.06698143482208252,-0.02312403917312622,-0.22297848761081696,0.14744099974632263,0.29505711793899536,0.517200231552124,0.25182095170021057,0.016376907005906105,-0.18722029030323029,-0.45967328548431396,-0.44715413451194763,-0.25614288449287415,-0.14051871001720428,-0.3910044729709625,0.005934730637818575,0.4022473394870758,-0.4035607874393463],""cell.bias_ih"":[-0.3518105447292328,-0.14791959524154663,-0.3206140697002411,0.04666013643145561,0.403586745262146,-0.020778514444828033,0.4436741769313812,-0.17895443737506866,-0.35615548491477966,-0.3061419427394867,-0.4573173522949219,0.4567396938800812],""cell.bias_hh"":[0.29224351048469543,-0.3634365200996399,0.06916093826293945,0.39135459065437317,0.0832592248916626,-0.38970497250556946,-0.40066030621528625,0.14563797414302826,0.05432852357625961,-0.1428062915802002,0.005880645476281643,0.2807193696498871],""readout.weight"":[-0.18386058509349823,0.35755228996276855,0.24924106895923615,-0.18212512135505676],""readout.bias"":[0.1923723816871643]}"
920012,GRU_8,321,120,8,122880,1.7356005839999966,0.1448899358510971,0.3396091043949127,"{""cell.weight_ih"":[-0.02847321890294552,0.18881215155124664,-0.013602377846837044,-0.04584072530269623,-0.34014692902565,-0.242955282330513,-0.2938256561756134,-0.032619673758745193,0.37805473804473877,-0.16824650764465332,-0.23244278132915497,-0.2712444067001343,0.08684792369604111,0.2704169452190399,0.10034199804067612,0.28679323196411133,-0.010051400400698185,0.15573365986347198,-0.046334803104400635,-0.059847041964530945,0.1086151972413063,0.2409364879131317,-0.23277339339256287,0.39286136627197266,0.15947601199150085,0.043557532131671906,-0.1889546513557434,-0.27919116616249084,0.09230715781450272,-0.13345742225646973,0.22413542866706848,-0.07643424719572067,-0.2045583873987198,0.10278485715389252,-0.2568431794643402,0.049689147621393204,-0.20731408894062042,0.3229430317878723,0.30467623472213745,-0.08014509081840515,0.10385866463184357,0.2235569804906845,-0.2523903250694275,0.3047953248023987,-0.16747628152370453,0.18691109120845795,-0.2802577614784241,-0.053566522896289825,-0.2226274609565735,-0.20727476477622986,-0.10426191240549088,-0.11556601524353027,0.1903955489397049,0.13805314898490906,-0.25760766863822937,-0.27984902262687683,-0.00660283537581563,-0.2381051480770111,0.05652583763003349,0.15595097839832306,-0.2133958637714386,0.20451688766479492,-0.06253454089164734,-0.15533578395843506,0.13766206800937653,-0.20346751809120178,0.20645122230052948,-0.05790312588214874,-0.23980695009231567,-0.3003680109977722,-0.18047639727592468,-0.12293463945388794],""cell.weight_hh"":[0.08926549553871155,0.10842280834913254,-0.24673455953598022,0.09534363448619843,-0.43795186281204224,-0.08887162059545517,-0.18910256028175354,0.10097289085388184,-0.22318913042545319,0.28917887806892395,0.2367553859949112,0.09444200247526169,-0.31517234444618225,-0.007967205718159676,-0.09701841324567795,-0.05965672805905342,0.14829136431217194,0.07540740072727203,-0.09751199930906296,-0.09890478104352951,0.17818844318389893,-0.26661935448646545,-0.2625071704387665,-0.2391648292541504,-0.007248887792229652,0.22101476788520813,0.20252352952957153,0.008688975125551224,0.2773064076900482,-0.020307937636971474,0.12778817117214203,-0.31567636132240295,-0.3205023407936096,0.08384884893894196,-0.2957213819026947,-0.1578739583492279,-0.2591281533241272,0.2692851424217224,0.3147087097167969,0.2532878816127777,0.26195743680000305,0.22294223308563232,0.2937445640563965,-0.24219253659248352,-0.12335901707410812,-0.07585177570581436,-0.08837935328483582,-0.25465381145477295,-0.1900280863046646,0.3235275447368622,0.057744212448596954,-0.01935507543385029,-0.19223129749298096,-0.2725689113140106,-0.3459123373031616,0.19209259748458862,0.032973356544971466,-0.18391594290733337,-0.28090226650238037,0.07821426540613174,0.3557907044887543,0.3274703919887543,-0.24747157096862793,-0.062293779104948044,0.3750919997692108,-0.36463460326194763,0.18958739936351776,0.0788986012339592,0.3461432158946991,-0.33758997917175293,0.1272105574607849,0.2595160901546478,0.3303831219673157,-0.18962503969669342,0.2588805854320526,-0.29838281869888306,0.018524151295423508,-0.19703006744384766,0.004965672269463539,0.23383018374443054,0.3580372631549835,0.1963210254907608,0.1490931659936905,0.2533678114414215,0.21734319627285004,-0.11579116433858871,0.302537739276886,0.3147047162055969,-0.1746377944946289,-0.00811177957803011,0.39275333285331726,-0.14646963775157928,0.22840021550655365,0.07333030551671982,-0.19706977903842926,0.32547152042388916,-0.2002393752336502,-0.043161552399396896,-0.12871037423610687,0.2732257544994354,-0.18858639895915985,-0.4923347234725952,0.020271820947527885,0.4318539500236511,0.31439441442489624,0.03239792585372925,-0.21721214056015015,0.22104977071285248,0.18075890839099884,-0.1808449774980545,-0.13236387073993683,0.06144370883703232,0.23361535370349884,0.21438515186309814,-0.24434548616409302,-0.17628633975982666,-0.05717281997203827,0.46856364607810974,0.04135187342762947,-0.3999510705471039,-0.37112587690353394,0.4449416399002075,0.09700137376785278,0.22516338527202606,0.061924565583467484,-0.12767913937568665,-0.20798051357269287,-0.05662725493311882,-0.12767624855041504,-0.20530591905117035,0.2169681191444397,-0.33539703488349915,-0.20119233429431915,0.11081922799348831,0.0461050346493721,-0.3336734175682068,0.08443021774291992,0.1436166614294052,0.17736057937145233,0.39286044239997864,0.33164966106414795,0.16434277594089508,0.1620992124080658,0.18239429593086243,-0.3416334390640259,-0.2218015491962433,0.29241064190864563,-0.12860821187496185,0.027435678988695145,-0.1935851126909256,0.043202757835388184,-0.04545414820313454,-0.09416551142930984,-0.3618961274623871,0.06580115109682083,-0.31613507866859436,0.07643380016088486,-0.0940123125910759,-0.2822500467300415,-0.25928935408592224,0.17858800292015076,-0.34244081377983093,0.24763593077659607,-0.291373074054718,-0.11957725137472153,0.12689214944839478,0.12899371981620789,0.07784587889909744,0.19873780012130737,0.01617637276649475,0.12161308526992798,0.3470403254032135,-0.2190292328596115,0.1393517702817917,-0.03374866768717766,0.2545863687992096,0.02124580554664135,0.0469144731760025,-0.29105979204177856,-0.1705070286989212,0.038236524909734726,-0.19984979927539825,-0.01622919924557209,-0.04976258799433708,0.12952372431755066,0.1618720144033432,-0.22510896623134613,0.264414519071579,0.006131808739155531,-0.14745928347110748,0.3229307234287262,-0.17544163763523102],""cell.bias_ih"":[-0.11326213926076889,0.06591600924730301,-0.06385400146245956,-0.013239812105894089,0.030754705891013145,-0.31495487689971924,0.16579440236091614,-0.10136693716049194,-0.1373833864927292,-0.28984105587005615,-0.0773613229393959,0.23235507309436798,-0.13141892850399017,0.16534073650836945,-0.17132101953029633,-0.07415583729743958,0.21122631430625916,-0.041844069957733154,-0.058054205030202866,-0.04956543445587158,0.21181386709213257,0.18567444384098053,0.1515781730413437,-0.24421082437038422],""cell.bias_hh"":[0.08413266390562057,-0.2552659809589386,0.1850605458021164,-0.17174233496189117,0.22197319567203522,0.09959474951028824,0.0596025288105011,-0.19281603395938873,0.19437003135681152,0.2235986739397049,0.3217304050922394,0.33107060194015503,0.2721516489982605,-0.11804574728012085,0.055456407368183136,0.22482940554618835,0.06655388325452805,-0.3220657408237457,-0.07519415766000748,0.02039877325296402,-0.31498071551322937,-0.1560603827238083,0.28464630246162415,0.3486957848072052],""readout.weight"":[0.306524395942688,-0.12207914888858795,0.2652769684791565,0.2047923356294632,0.20719167590141296,0.03369513154029846,0.30217444896698,-0.2527276277542114],""readout.bias"":[-0.14911574125289917]}"
920013,LTC_SENSORY_SITE,114,120,8,122880,5.857923166000035,0.3911617398262024,0.3275139585137367,"{""w_rec"":[0.16124659776687622,-0.01091142650693655,-0.014296049252152443,0.005286471918225288,-0.08767171949148178,-0.016011029481887817,0.02945706993341446,-0.04269574582576752,-0.08778827637434006,0.19580182433128357,0.09054909646511078,-0.0879281610250473,-0.002922170329838991,0.12164274603128433,0.14505727589130402,-0.09607807546854019,-0.017909936606884003,-0.0310051329433918,0.11541599780321121,-0.016267895698547363,-0.1164930984377861,-0.028507832437753677,0.02184033766388893,0.013319435529410839,-0.06197168678045273,-0.010517262853682041,-0.014425523579120636,0.10888472944498062,-0.0989304929971695,0.032353587448596954,0.013254694640636444,-0.03671293705701828,-0.09079639613628387,0.06160056218504906,0.11024921387434006,-0.09782993048429489,0.17977777123451233,0.0805293470621109,0.0518103763461113,-0.06318189203739166,-0.014555334113538265,-0.03210465982556343,0.025868138298392296,-0.0322139710187912,-0.09063581377267838,0.11906935274600983,-0.003508896566927433,-0.02362298220396042,0.005114206578582525,0.004615936893969774,-0.030530136078596115,-0.0014602255541831255,-0.05462066829204559,-0.016144871711730957,0.10425078123807907,0.039061956107616425,-0.016032608225941658,-0.00027570821112021804,-0.006041206419467926,-0.02117457613348961,-0.047537852078676224,0.004445424769073725,-0.004829075187444687,0.1260308176279068],""w_temp"":[0.032398197799921036,-0.13404351472854614,-0.23906008899211884,-0.2827199399471283,0.05022362992167473,-0.3269989490509033,-0.28018295764923096,-0.255996972322464],""w_vis"":[-0.08289427310228348,-0.2281591296195984,0.13357724249362946,-0.056903719902038574,-0.018169380724430084,0.080617256462574,-0.10261767357587814,0.02099202200770378],""bias"":[-0.785469651222229,-0.8945916295051575,-0.7890706658363342,-0.8360727429389954,-0.886681079864502,-0.7993298768997192,-0.791145384311676,-0.8061884641647339],""raw_tau"":[0.21636651456356049,0.10866852849721909,0.21441204845905304,0.1669589728116989,0.11708775907754898,0.20409676432609558,0.21174533665180206,0.19705386459827423],""reversal"":[0.2611655592918396,-0.004725008737295866,-0.10868547856807709,0.07213104516267776,-0.03508191555738449,-0.031886857002973557,-0.07013522833585739,0.01695932261645794],""readout"":[-0.2108004242181778,-0.007477343548089266,0.164858877658844,-0.015479150228202343,-0.3417944610118866,0.09554054588079453,0.21028673648834229,-0.022965984418988228],""readout_bias"":[-0.028364861384034157],""beta"":[0.26250675320625305],""sensory_mask"":[1.0,1.0,1.0,1.0,0.0,0.0,0.0,0.0]}"
920013,LTC_OUTPUT_SITE,114,120,8,122880,4.961460624999972,0.4052892327308655,0.3279576778411865,"{""w_rec"":[0.09321291744709015,-0.0025014192797243595,0.03576388210058212,-0.022666629403829575,0.018165888264775276,-0.12045271694660187,0.12046971172094345,-0.03705700859427452,0.007120474707335234,0.1152409166097641,-0.013810996897518635,-0.008818700909614563,0.03319908678531647,-0.1439291387796402,0.12568578124046326,-0.05167052149772644,0.02448846399784088,0.003779415739700198,0.1703592836856842,-0.028161639347672462,0.024145659059286118,-0.11396878212690353,0.1748497039079666,-0.054542165249586105,0.03844255208969116,0.039581652730703354,0.009327374398708344,0.15540874004364014,-0.02449679933488369,-0.13755646347999573,0.19146567583084106,-0.00650001410394907,0.014562361873686314,0.04709526523947716,0.07211176306009293,0.027605727314949036,0.05034240707755089,0.15020866692066193,-0.06117132678627968,0.0238262377679348,0.08663712441921234,0.16310274600982666,0.11942171305418015,0.10671607404947281,-0.12062659859657288,0.07731720060110092,0.019406896084547043,0.027259303256869316,0.0733601301908493,0.07302115112543106,0.07605748623609543,0.16892960667610168,-0.1058410033583641,0.020340150222182274,0.10726754367351532,0.026117177680134773,0.06272558122873306,0.10476630926132202,0.09535007178783417,0.1454743593931198,-0.048143062740564346,0.02360709011554718,0.023530952632427216,0.1543591469526291],""w_temp"":[-0.06690467149019241,-0.3055042624473572,-0.14209696650505066,-0.2580452859401703,-0.07862847298383713,-0.1757916361093521,-0.07071485370397568,0.10515816509723663],""w_vis"":[0.057165298610925674,0.11135949194431305,0.04963794723153114,-0.025673750787973404,-0.14386588335037231,-0.05744403973221779,-0.09193261712789536,-0.06180483475327492],""bias"":[-0.7875543832778931,-0.7860917448997498,-0.7976965308189392,-0.8030833601951599,-0.8512346148490906,-0.9153698682785034,-0.8632408976554871,-0.8773050904273987],""raw_tau"":[0.2151063233613968,0.21733611822128296,0.20536565780639648,0.20005245506763458,0.1524800807237625,0.08781744539737701,0.14020247757434845,0.1262102723121643],""reversal"":[-0.16548098623752594,-0.30673736333847046,-0.06718186289072037,-0.019772209227085114,0.26763272285461426,8.50267824716866e-05,0.0035320238675922155,-0.00014395051402971148],""readout"":[0.12864381074905396,0.08763650059700012,0.04361424222588539,0.029531307518482208,0.1515732854604721,-0.08073271065950394,-0.005379629787057638,-0.019269119948148727],""readout_bias"":[-0.031121008098125458],""beta"":[0.1947554647922516],""sensory_mask"":[0.0,0.0,0.0,0.0,0.0,0.0,0.0,0.0]}"
920013,LTC_NO_FEEDBACK,114,120,8,122880,4.816675250000003,0.391663134098053,0.3274728834629059,"{""w_rec"":[0.06888242065906525,0.0420319139957428,-0.011474322527647018,0.050657011568546295,-0.03261902555823326,-0.040844082832336426,0.024798771366477013,0.07235479354858398,0.0041617173701524734,0.13361385464668274,0.03475084528326988,-0.017641935497522354,-0.18431192636489868,-0.18868722021579742,0.04710676893591881,0.02233733981847763,-0.013622961938381195,-0.009779153391718864,0.08990413695573807,-0.02829107828438282,-0.125023752450943,-0.14827589690685272,-0.03764376416802406,0.010023355484008789,0.019856620579957962,0.053471051156520844,0.029977696016430855,0.21956054866313934,0.07382125407457352,0.1072528213262558,0.07097271829843521,0.06452483683824539,-0.07283375412225723,0.15558668971061707,0.13372406363487244,0.09981336444616318,0.06782352179288864,-0.040958479046821594,0.11429810523986816,0.09040791541337967,-0.08288438618183136,0.1597432643175125,0.13837124407291412,0.11384949088096619,-0.031567588448524475,0.11999330669641495,0.08751410245895386,0.13813786208629608,-0.018631458282470703,-0.004831352271139622,-0.026614222675561905,-0.05371123179793358,-0.13456691801548004,-0.18288114666938782,0.10155347734689713,-0.023703379556536674,0.013388680294156075,0.02554190717637539,-0.012101897038519382,-0.03356694430112839,-0.1633598506450653,-0.14598524570465088,-0.0075345165096223354,0.0966218039393425],""w_temp"":[-0.048459313809871674,-0.1364576369524002,0.0955832451581955,0.25521770119667053,0.03295684978365898,-0.09602353721857071,-0.03734436258673668,-0.23302675783634186],""w_vis"":[-0.19402433931827545,-0.006458287592977285,0.13301348686218262,-0.31643521785736084,-0.041154131293296814,-0.02349739894270897,0.09915068745613098,0.1609363853931427],""bias"":[-0.8295221328735352,-0.7982808351516724,-0.7866520881652832,-0.8578341603279114,-0.8936360478401184,-0.911965012550354,-0.7974359393119812,-0.7854665517807007],""raw_tau"":[0.17321352660655975,0.20464734733104706,0.214724600315094,0.14677207171916962,0.10934063792228699,0.09140364080667496,0.20510752499103546,0.21801766753196716],""reversal"":[-0.0080071110278368,-0.050410304218530655,-0.14044539630413055,-0.11119712144136429,-0.006021169945597649,-0.0065364595502614975,-0.22764961421489716,-0.09578270465135574],""readout"":[0.00799968559294939,0.0565885491669178,0.20138485729694366,-0.09247785806655884,-0.0030752578750252724,-0.048617444932460785,0.03304443135857582,0.45590806007385254],""readout_bias"":[-0.029378695413470268],""beta"":[0.25],""sensory_mask"":[0.0,0.0,0.0,0.0,0.0,0.0,0.0,0.0]}"
920013,LTC_DENSE_FEEDBACK,114,120,8,122880,5.904330375000029,0.41023749113082886,0.327239565551281,"{""w_rec"":[0.04263359680771828,0.02890985831618309,-0.05151953548192978,0.05589539557695389,-0.055678192526102066,-0.025211529806256294,-0.06158767268061638,0.09741759300231934,-0.002143148798495531,0.14070746302604675,0.00034810727811418474,-0.060619063675403595,-0.036137279123067856,-0.02694511041045189,0.23085154592990875,-0.00013946049148216844,0.0775388553738594,-0.005611463915556669,0.17931370437145233,-0.05714606121182442,0.05767666921019554,0.01637089252471924,0.1653313934803009,-0.06396796554327011,-0.07360994815826416,0.07305280864238739,-0.08558055758476257,0.2045135200023651,-0.10263855755329132,-0.06009668856859207,-0.04379652068018913,0.043620314449071884,0.07232506573200226,-0.011033795773983002,0.013387625105679035,-0.058973100036382675,0.1389634758234024,0.005116834305226803,0.20213061571121216,-0.04737202450633049,-0.02732568234205246,0.0883934497833252,-0.07125738263130188,0.005466090980917215,-0.08579728752374649,0.06930657476186752,0.1475038081407547,0.04418838024139404,-0.07853394746780396,0.14053605496883392,-0.11985515058040619,0.06290553510189056,-0.11855870485305786,-0.07409347593784332,0.0787055715918541,0.06858504563570023,-0.07637346535921097,0.07503937929868698,-0.06048887223005295,0.009925712831318378,-0.08429271727800369,-0.07131875306367874,-0.028690647333860397,0.15211482346057892],""w_temp"":[-0.04609430581331253,-0.38725441694259644,-0.18823738396167755,0.027891140431165695,-0.03719187527894974,-0.11523643136024475,-0.0801851823925972,-0.031138351187109947],""w_vis"":[-0.00391780911013484,0.030978631228208542,0.03291037678718567,-0.021763283759355545,-0.01054556667804718,-0.03482239320874214,-0.023939115926623344,-0.05066930502653122],""bias"":[-0.8709032535552979,-0.8109884262084961,-0.7692767381668091,-0.880497932434082,-0.772782027721405,-0.8435127139091492,-0.9011313915252686,-0.8752838969230652],""raw_tau"":[0.1326632797718048,0.192225381731987,0.23393945395946503,0.1231917068362236,0.22971981763839722,0.15942834317684174,0.10252382606267929,0.12835098803043365],""reversal"":[0.090253084897995,-0.07588516175746918,0.09872277826070786,-0.0369495190680027,0.09386532753705978,0.04484003409743309,0.005993573926389217,-0.051105983555316925],""readout"":[0.15421056747436523,0.0362517349421978,-0.10040739923715591,-0.11374472826719284,-0.06726530939340591,-0.021767906844615936,0.05972724407911301,-0.07835336774587631],""readout_bias"":[-0.05088471621274948],""beta"":[0.34126779437065125],""sensory_mask"":[1.0,1.0,1.0,1.0,1.0,1.0,1.0,1.0]}"
920013,LTC_SENSORY_YOKED,114,120,8,122880,5.958946500000025,0.395783931016922,0.32733056247234343,"{""w_rec"":[0.09014276415109634,-0.019148850813508034,0.0012415351811796427,0.035404399037361145,-0.03671710938215256,0.06391351670026779,-0.016544021666049957,0.0671331137418747,-0.04867907240986824,0.13064812123775482,0.040112558752298355,-0.013097528368234634,0.01599920727312565,-0.007731469348073006,0.002745942445471883,0.0200190469622612,-0.10904380679130554,-0.09505151212215424,0.0047300150617957115,0.10361585021018982,-0.13362905383110046,0.15105308592319489,-0.09943082183599472,0.004986401181668043,-0.15279002487659454,-0.10563420504331589,-0.08857191354036331,0.22383955121040344,-0.17219316959381104,0.21628084778785706,-0.13738521933555603,0.0992666482925415,-0.027522055432200432,0.03235411271452904,0.009317350573837757,-0.034040048718452454,0.07632743567228317,-0.012542321346700191,0.01745184324681759,-0.013877637684345245,-0.04004986211657524,-0.02787729538977146,0.0408271849155426,-0.0064819310791790485,0.0069214352406561375,0.1206665113568306,0.001217285986058414,-0.008255361579358578,-0.03468050807714462,0.04136398062109947,0.034282926470041275,0.037795066833496094,-0.0064449976198375225,-0.01352485828101635,0.12993505597114563,-0.026366140693426132,-0.03611161559820175,-0.07997205853462219,-0.04901103302836418,0.06165584921836853,-0.08403349667787552,0.10833637416362762,-0.04955970495939255,0.26069068908691406],""w_temp"":[-0.2903023064136505,-0.17169182002544403,0.030931595712900162,-0.03746426850557327,-0.21114732325077057,-0.2568522095680237,0.031338755041360855,-0.2223099321126938],""w_vis"":[0.07312919944524765,0.1599239706993103,-0.08810941129922867,-0.07327352464199066,0.05812692269682884,-0.16454508900642395,0.03945547342300415,-0.026616139337420464],""bias"":[-0.8282360434532166,-0.7786181569099426,-0.8834587931632996,-0.9115368723869324,-0.7865792512893677,-0.7979757785797119,-0.7809762358665466,-0.8854332566261292],""raw_tau"":[0.17514437437057495,0.2247437983751297,0.12020526081323624,0.09194523841142654,0.21665431559085846,0.20483054220676422,0.2209235280752182,0.11772538721561432],""reversal"":[0.02735961228609085,0.15943744778633118,0.053595948964357376,-0.07605693489313126,0.05925996974110603,-0.02807025797665119,0.13759922981262207,0.008145682513713837],""readout"":[-0.1361112743616104,-0.13341635465621948,0.019715525209903717,-0.00863452348858118,-0.09075776487588882,0.027712417766451836,-0.12292837351560593,-0.00639466755092144],""readout_bias"":[-0.037783604115247726],""beta"":[0.2996082305908203],""sensory_mask"":[1.0,1.0,1.0,1.0,0.0,0.0,0.0,0.0]}"
920013,GRU_4,113,120,8,122880,1.720649041999991,0.6808067560195923,0.3286904141306877,"{""cell.weight_ih"":[-0.005384618882089853,0.5652692914009094,-0.036786917597055435,-0.41655588150024414,0.2847000062465668,-0.10714013874530792,-0.36782407760620117,0.31741639971733093,0.45661890506744385,-0.5856423377990723,-0.2130972146987915,0.5537574887275696,0.07892484217882156,0.06560677289962769,0.3268141448497772,-0.2753240168094635,-0.23905089497566223,0.4700605571269989,-0.48044881224632263,-0.020190970972180367,0.14848020672798157,-0.164388969540596,0.5074940919876099,-0.0016558850184082985,0.24345356225967407,-0.09369966387748718,0.3037703037261963,-0.15455365180969238,0.29262539744377136,0.46845173835754395,-0.08817432820796967,0.02100280299782753,0.2939044237136841,0.04864484444260597,0.129304438829422,-0.04210083559155464],""cell.weight_hh"":[-0.3585519790649414,0.2600153088569641,0.3220987319946289,-0.5621433854103088,0.27185460925102234,0.29863953590393066,0.3617222309112549,0.03253268077969551,-0.35229402780532837,-0.03072240576148033,-0.24269624054431915,0.08663072437047958,-0.3729883134365082,-0.15302199125289917,-0.015489334240555763,-0.4279623329639435,0.24177533388137817,0.4039393663406372,0.1567569077014923,0.4958195090293884,0.08335758000612259,-0.3909992277622223,0.44770750403404236,0.08562728762626648,-0.0856361910700798,0.059867240488529205,-0.1590258628129959,0.29797571897506714,0.23223340511322021,-0.33428657054901123,0.36813825368881226,-0.1500196009874344,-0.17471806704998016,0.35738638043403625,-0.37401336431503296,-0.4539659023284912,-0.5177921652793884,-0.26276230812072754,-0.04240637272596359,0.027745794504880905,0.31363222002983093,-0.029086019843816757,-0.5339948534965515,-0.36470603942871094,-0.34671759605407715,-0.3891989290714264,0.30960190296173096,-0.19003057479858398],""cell.bias_ih"":[-0.0317569300532341,0.3761197626590729,-0.43589845299720764,0.09622054547071457,-0.01980040967464447,0.3706468641757965,0.13485588133335114,-0.17078517377376556,-0.28875046968460083,0.2533717155456543,-0.19734707474708557,-0.17898496985435486],""cell.bias_hh"":[-0.3191418945789337,-0.3187049329280853,-0.17569801211357117,-0.028180178254842758,0.5211001634597778,0.0024454148951917887,0.1142321452498436,0.4917682409286499,0.09919008612632751,0.39379560947418213,0.010467915795743465,0.44750910997390747],""readout.weight"":[-0.25547608733177185,-0.1464173048734665,-0.3290390372276306,-0.32019340991973877],""readout.bias"":[-0.0667349174618721]}"
920013,GRU_8,321,120,8,122880,1.7264175419999788,0.3922731578350067,0.3277353972196579,"{""cell.weight_ih"":[0.06704024225473404,-0.2596198618412018,-0.39199626445770264,-0.47277069091796875,-0.36734387278556824,0.15510912239551544,0.4076243042945862,0.22121556103229523,-0.18109868466854095,0.3959040343761444,0.2624906897544861,-0.12715168297290802,0.04864880070090294,0.09036272764205933,0.38303035497665405,-0.3080379366874695,0.19379980862140656,0.23311540484428406,0.3040761649608612,0.22671754658222198,0.2786983847618103,0.31871071457862854,-0.023951979354023933,0.21658629179000854,-0.3167501986026764,0.21036337316036224,0.09101668745279312,-0.11244700103998184,-0.16480743885040283,0.4039266109466553,0.12962737679481506,0.06302379071712494,-0.012857804074883461,-0.04793153330683708,-0.2674468755722046,-0.37881889939308167,0.2325901836156845,-0.09533113986253738,-0.04984794929623604,-0.12945310771465302,0.24061310291290283,-0.02360621839761734,-0.22336900234222412,-0.09182819724082947,0.3812878429889679,-0.0616726316511631,0.0012519642477855086,-0.21614764630794525,0.1747669279575348,0.06750677525997162,-0.3549789786338806,0.07073744386434555,-0.009531893767416477,-0.2892340123653412,0.18955621123313904,0.13488513231277466,-0.07971425354480743,0.013090277090668678,-0.17237743735313416,-0.2034996598958969,-0.32404476404190063,0.3772771954536438,0.3552720546722412,0.2669028341770172,0.02154967561364174,0.21863636374473572,0.31284964084625244,0.058541860431432724,0.025072500109672546,-0.31795379519462585,-0.23033127188682556,0.4366743564605713],""cell.weight_hh"":[0.10131464153528214,-0.3987804651260376,-0.21527042984962463,-0.3713333010673523,0.16809988021850586,0.10142815858125687,-0.24289651215076447,0.19313815236091614,0.17781615257263184,0.22698679566383362,0.00895593874156475,-0.12798909842967987,0.04381576180458069,-0.3643101751804352,-0.5028387308120728,0.38819167017936707,-0.06991972774267197,0.09327509254217148,-0.32548654079437256,-0.07530470937490463,-0.15408207476139069,0.24159599840641022,0.14776089787483215,0.15396597981452942,-0.12831029295921326,0.07991005480289459,0.11853915452957153,-0.15321779251098633,0.3063606023788452,0.3085232675075531,-0.22971545159816742,-0.2882726788520813,-0.45329323410987854,-0.3548087477684021,-0.32012617588043213,-0.43117818236351013,0.018827611580491066,-0.5392149686813354,-0.1359919011592865,0.005617448594421148,0.32824400067329407,-0.2815386950969696,0.17188377678394318,0.04134122282266617,0.02335931733250618,-0.11385827511548996,0.0060015334747731686,0.3132438361644745,-0.004184593912214041,0.06382002681493759,0.30092838406562805,0.06778371334075928,0.23571346700191498,-0.13509505987167358,0.24008643627166748,0.15426141023635864,0.24682919681072235,-0.009271746501326561,-0.07345151901245117,-0.1755835860967636,0.14163543283939362,-0.2222457379102707,0.14213363826274872,0.2986988127231598,0.13492001593112946,0.12910690903663635,-0.07031780481338501,0.12160388380289078,-0.14436718821525574,0.35896581411361694,0.3395308256149292,-0.12951436638832092,0.5292672514915466,0.43985453248023987,0.16518372297286987,0.12811271846294403,-0.1060672253370285,0.642553985118866,0.6262083053588867,-0.5575215816497803,-0.5026974081993103,-0.4024716317653656,-0.2301775962114334,-0.09779010713100433,-0.3007391691207886,0.18437550961971283,0.40980264544487,-0.28532934188842773,0.23309682309627533,0.14733226597309113,0.13730674982070923,-0.1370142698287964,-0.19174820184707642,0.07359391450881958,-0.021591274067759514,0.3087750971317291,0.08009658753871918,0.030135206878185272,0.006400745362043381,0.07669144123792648,-0.15866823494434357,0.4838736057281494,0.2800699770450592,-0.19322693347930908,-0.10359017550945282,-0.01287485659122467,-0.460938036441803,-0.3460348844528198,-0.254649817943573,-0.34910377860069275,-0.39671286940574646,0.2205924391746521,-0.3983486592769623,-0.06313883513212204,0.0999036356806755,-0.25374409556388855,0.2832334339618683,0.4142876863479614,0.1956750899553299,0.16652895510196686,-0.38172465562820435,-0.11739736795425415,0.013253927230834961,-0.09020356833934784,0.289854496717453,0.17077486217021942,0.21326327323913574,0.07190369069576263,-0.23673571646213531,-0.13834385573863983,-0.2517951726913452,0.21834121644496918,0.3432077467441559,0.08293655514717102,-0.22318896651268005,0.0030573613476008177,-0.03831277787685394,-0.12571987509727478,-0.1397164762020111,0.06320665776729584,0.1496150940656662,-0.1850707232952118,-0.13805338740348816,0.038284607231616974,0.2204117327928543,-0.0492495596408844,0.22084061801433563,0.35906025767326355,-0.3740744888782501,-0.005911264568567276,0.28490176796913147,0.2841443717479706,-0.07660040259361267,0.0854937955737114,0.25167086720466614,-0.20901897549629211,0.12008468806743622,-0.21312905848026276,-0.14013484120368958,-0.0920913815498352,-0.1478368639945984,-0.24493783712387085,0.37544846534729004,0.2412043660879135,0.2801777422428131,0.06833361089229584,0.31716427206993103,-0.1359320729970932,0.3033505976200104,0.3319336473941803,0.1258876770734787,-0.33628031611442566,0.22114644944667816,0.30566707253456116,0.23180866241455078,-0.10271330922842026,0.13938260078430176,0.15007822215557098,0.05756722390651703,0.2936875820159912,-0.15571503341197968,0.13583698868751526,-0.3036441206932068,-0.06570345163345337,-0.34683769941329956,0.2895630896091461,0.22845055162906647,-0.1838957816362381,-0.05173513665795326,0.03865312784910202,-0.2323131114244461,-0.04384352266788483],""cell.bias_ih"":[-0.38951268792152405,0.07175630331039429,-0.3181619644165039,-0.2577421963214874,-0.16167393326759338,0.3175371587276459,-0.13954076170921326,0.10687104612588882,0.25812312960624695,0.4675372242927551,-0.005396352615207434,0.017529712989926338,-0.27929699420928955,-0.17787396907806396,0.3236875832080841,0.11597655713558197,0.20986226201057434,0.27953043580055237,0.08564279228448868,0.3412788212299347,-0.28658628463745117,0.20162265002727509,0.03245466575026512,0.31104421615600586],""cell.bias_hh"":[-0.41770127415657043,0.03318843990564346,-0.34380295872688293,-0.11686395853757858,-0.1949404627084732,-0.35028302669525146,-0.2723325788974762,-0.16867609322071075,-0.030106598511338234,0.06989960372447968,-0.3311806619167328,-0.0084921233355999,-0.12864956259727478,-0.34241747856140137,0.301546573638916,0.30101755261421204,0.18053019046783447,0.08571361005306244,0.08111665397882462,-0.18675261735916138,-0.027815071865916252,-0.023690897971391678,-0.2388158142566681,-0.33876436948776245],""readout.weight"":[0.049408189952373505,0.14833492040634155,0.2579410672187805,-0.29878002405166626,-0.15266290307044983,-0.11325324326753616,0.0555996336042881,-0.08558490872383118],""readout.bias"":[-0.12388727813959122]}"
920014,LTC_SENSORY_SITE,114,120,8,122880,5.8760030830000005,0.3411509096622467,0.32989164292812345,"{""w_rec"":[0.14054572582244873,0.031122373417019844,-0.07748047262430191,0.0405452586710453,0.06924628466367722,-0.021697603166103363,0.032431915402412415,-0.0325276218354702,-0.011959736235439777,0.15116579830646515,-0.041879381984472275,0.010957361198961735,0.034287333488464355,-0.0024546438362449408,0.07684575021266937,-0.04062989726662636,0.039404790848493576,0.04014723747968674,0.09852590411901474,0.021903732791543007,0.025235509499907494,-0.05065207555890083,0.0021878769621253014,-0.02562384307384491,0.03972171992063522,0.060192812234163284,-0.06081331893801689,0.18425166606903076,0.09123074263334274,-0.024096420034766197,0.016058705747127533,-0.03817248344421387,0.05500626564025879,0.08167547732591629,0.0011594550451263785,0.05042219161987305,0.147903710603714,-0.05458890646696091,-0.0040555475279688835,-0.08321566134691238,0.02849794179201126,0.007944012992084026,-0.05590901896357536,0.027219200506806374,0.05848949775099754,0.07606983184814453,-0.012659233063459396,0.007792539428919554,-0.05296611040830612,0.026959305629134178,-0.013261441141366959,-0.02062993124127388,0.010023948736488819,0.02368500642478466,0.1805836260318756,-0.10119599848985672,-0.004012462683022022,0.03942105546593666,-0.0477168969810009,-0.01720152236521244,0.028804229572415352,-0.043053217232227325,0.05833977460861206,0.13528507947921753],""w_temp"":[-0.16861343383789062,0.4562271237373352,-0.20915324985980988,-0.07958468794822693,-0.30852824449539185,-0.274786114692688,0.049755241721868515,0.2647475004196167],""w_vis"":[0.08087504655122757,-0.06916019320487976,-0.00894155167043209,0.0041925180703401566,0.12271153181791306,-0.24285545945167542,-0.2690139412879944,0.13407184183597565],""bias"":[-0.8378113508224487,-0.815272331237793,-0.8208614587783813,-0.8358768224716187,-0.8253609538078308,-0.8226728439331055,-0.8208270072937012,-0.8095142245292664],""raw_tau"":[0.16613589227199554,0.19078923761844635,0.18307392299175262,0.16716332733631134,0.17999598383903503,0.18096856772899628,0.18222029507160187,0.1942606419324875],""reversal"":[-0.03875022754073143,-0.0784105509519577,0.0914638340473175,-0.10633312910795212,-0.06930838525295258,0.11256968230009079,-0.06816859543323517,0.17278020083904266],""readout"":[0.08383631706237793,-0.1532640904188156,-0.38573428988456726,0.045361582189798355,0.19364942610263824,-0.13436642289161682,-0.16701766848564148,0.18562622368335724],""readout_bias"":[0.004558672197163105],""beta"":[0.3674415349960327],""sensory_mask"":[1.0,1.0,1.0,1.0,0.0,0.0,0.0,0.0]}"
920014,LTC_OUTPUT_SITE,114,120,8,122880,4.9646372090000455,0.3418644666671753,0.3297204911708832,"{""w_rec"":[0.20865954458713531,0.049445778131484985,0.07363291084766388,-0.07325751334428787,0.08687281608581543,0.03353896364569664,-0.04981167986989021,0.0579579658806324,0.06648510694503784,0.17290164530277252,0.01397942565381527,-0.03823935613036156,0.025921165943145752,-0.005345933139324188,0.013578539714217186,0.009259450249373913,-0.022213522344827652,0.0030158194713294506,0.13044366240501404,-0.02059379406273365,0.021513469517230988,-0.004026628099381924,0.014319632202386856,0.013651709072291851,0.00928683765232563,0.027435725554823875,0.07197045534849167,0.09402408450841904,0.04605752229690552,0.06854276359081268,0.001120133907534182,0.035188931971788406,-0.0004060202045366168,-0.00015070210793055594,-0.0418815016746521,-0.04178805276751518,0.172392800450325,-0.025524133816361427,-0.002942019607871771,0.013634358532726765,0.0036350111477077007,0.049433134496212006,0.019351400434970856,-0.009293961338698864,-0.0061537823639810085,0.1721162050962448,-0.054311104118824005,0.010277148336172104,0.03967445343732834,0.018576938658952713,0.0023416117765009403,-0.06054630130529404,0.013533836230635643,0.04976772889494896,0.05526675656437874,-0.012255030684173107,0.018016526475548744,-0.009171904996037483,0.04295370355248451,-0.030154187232255936,0.02361832745373249,0.04731801524758339,0.019877277314662933,0.09782485663890839],""w_temp"":[-0.2550063729286194,-0.29688236117362976,0.34698185324668884,0.5787948966026306,-0.2096691131591797,0.27293655276298523,0.30415070056915283,-0.3972872495651245],""w_vis"":[-0.08239541202783585,-0.13938625156879425,-0.17511875927448273,-0.05508146807551384,-0.10343072563409805,0.04925471171736717,0.004923723638057709,-0.039639342576265335],""bias"":[-0.8579959869384766,-0.8295853734016418,-0.807181715965271,-0.8291919231414795,-0.8164650797843933,-0.8115274310112,-0.8287776708602905,-0.8157036900520325],""raw_tau"":[0.14605937898159027,0.1745847910642624,0.19786933064460754,0.17813436686992645,0.18709902465343475,0.1925359070301056,0.17558257281780243,0.1896428018808365],""reversal"":[-0.10040251165628433,-0.1062568947672844,-0.3123498260974884,0.07439746707677841,-0.24337880313396454,-0.15401001274585724,0.04008866474032402,-0.1970730423927307],""readout"":[0.015695838257670403,0.06358469277620316,-0.11072840541601181,0.04721400886774063,0.20377600193023682,-0.1315407156944275,0.1786714345216751,0.14692945778369904],""readout_bias"":[0.0050685228779911995],""beta"":[0.1077679693698883],""sensory_mask"":[0.0,0.0,0.0,0.0,0.0,0.0,0.0,0.0]}"
920014,LTC_NO_FEEDBACK,114,120,8,122880,4.830580916000031,0.34015077352523804,0.3298852056264877,"{""w_rec"":[0.09032387286424637,-0.04205593466758728,-0.12736313045024872,0.09749849885702133,-0.000566205068025738,-0.059903036803007126,0.02358984388411045,-0.008190200664103031,-0.016593540087342262,0.07515675574541092,0.026542548090219498,0.05827486142516136,0.053736187517642975,-0.04346798360347748,0.07377514243125916,0.03524589166045189,-0.038496069610118866,0.008965812623500824,0.1129886656999588,0.0711020901799202,-0.04523812606930733,-0.056176140904426575,0.010199508629739285,-0.04880165308713913,-0.002078006509691477,-0.06676635146141052,0.04974526911973953,0.1257326751947403,0.052337195724248886,0.008065463975071907,-0.006628681439906359,0.05403369665145874,-0.04130484163761139,-0.09707730263471603,-0.021928802132606506,0.024756595492362976,0.14575378596782684,-0.0475071482360363,0.0065752239897847176,-0.017045622691512108,-0.04645714536309242,-0.02243424765765667,-0.05594957619905472,0.03615482524037361,0.01572316698729992,0.13494305312633514,0.012844298966228962,-0.08024045079946518,-0.042714670300483704,-0.044868577271699905,0.01809626817703247,-0.005864592734724283,0.06130484119057655,-0.00912125501781702,0.1757027804851532,0.0329383946955204,-0.05215303599834442,-0.058001939207315445,-0.03151819854974747,0.10414011776447296,0.05058296024799347,-0.049870867282152176,0.04958634451031685,0.11018042266368866],""w_temp"":[-0.21396762132644653,0.27775344252586365,-0.18209972977638245,0.7462614178657532,0.2254789024591446,-0.09527615457773209,0.2639499604701996,-0.43799740076065063],""w_vis"":[-0.10784152150154114,-0.2268066555261612,0.04209374263882637,-0.14776192605495453,-0.310345858335495,0.09329221397638321,0.0037139058113098145,-0.12524136900901794],""bias"":[-0.8534515500068665,-0.8301641941070557,-0.8374301791191101,-0.806955873966217,-0.8550615310668945,-0.8249074816703796,-0.8275279402732849,-0.8561204671859741],""raw_tau"":[0.15040212869644165,0.17429311573505402,0.16648919880390167,0.20247939229011536,0.14902466535568237,0.178128182888031,0.17644093930721283,0.1489422619342804],""reversal"":[0.17120085656642914,0.04614536464214325,0.03559635207056999,-0.11151128262281418,0.000969025946687907,0.19307494163513184,-0.06348257511854172,-0.024352243170142174],""readout"":[-0.019951138645410538,0.07808922231197357,-0.18183845281600952,-0.14924904704093933,-0.00051922129932791,-0.07554154098033905,-0.06855189800262451,0.019732415676116943],""readout_bias"":[0.003296460257843137],""beta"":[0.25],""sensory_mask"":[0.0,0.0,0.0,0.0,0.0,0.0,0.0,0.0]}"
920014,LTC_DENSE_FEEDBACK,114,120,8,122880,5.92006358399999,0.3360796570777893,0.32988588511943817,"{""w_rec"":[0.16628307104110718,0.008898322470486164,0.04008268564939499,-0.06383176147937775,0.04842013493180275,0.045252036303281784,-0.04844980686903,0.04735400155186653,-0.026022057980298996,0.18002483248710632,0.05828472971916199,-0.016100630164146423,0.0507654994726181,0.039220672100782394,-0.02705635130405426,0.03432845324277878,0.051285844296216965,0.10172020643949509,0.21450456976890564,-0.027200832962989807,0.06382110714912415,0.03253702446818352,-0.05134314298629761,0.11702980101108551,0.019959241151809692,-0.05872683972120285,0.08185932040214539,0.07640708237886429,-4.2911822674795985e-05,0.005792582407593727,-0.011654628440737724,0.016071747988462448,0.05087664723396301,0.01889900490641594,0.044241201132535934,0.008387461304664612,0.14619211852550507,0.021844815462827682,-0.01678929477930069,-0.00011519259714987129,0.010591431520879269,0.07386810332536697,0.04001524671912193,0.02601741813123226,0.02522083930671215,0.16008113324642181,-0.022068800404667854,0.024065108969807625,-0.022516334429383278,0.051888830959796906,0.05418764054775238,0.02369413897395134,-0.020617522299289703,0.047228310257196426,0.055838506668806076,0.07510369271039963,0.041857026517391205,0.04088178277015686,0.05925855040550232,0.03062961809337139,0.034146230667829514,0.03625679016113281,-0.007318818010389805,0.18507279455661774],""w_temp"":[-0.3525453507900238,0.26143211126327515,0.1351708620786667,-0.3558761179447174,0.03327624872326851,0.27057766914367676,0.4077518880367279,0.2549448311328888],""w_vis"":[0.07202005386352539,0.05508039519190788,-0.10681197792291641,0.023474309593439102,-0.008747297339141369,0.10335396230220795,-0.0566423237323761,0.0879037082195282],""bias"":[-0.8368210196495056,-0.8370372653007507,-0.8740301132202148,-0.8209071159362793,-0.8354998826980591,-0.8310500383377075,-0.8232018947601318,-0.8331304788589478],""raw_tau"":[0.16854576766490936,0.16678106784820557,0.12923602759838104,0.1845317780971527,0.16718561947345734,0.1728031039237976,0.18233337998390198,0.17058004438877106],""reversal"":[-0.025677641853690147,-0.0489896722137928,-0.19014105200767517,0.05171666666865349,-0.016241535544395447,-0.1826525330543518,0.1163753867149353,-0.07141073793172836],""readout"":[0.06664908677339554,-0.2090015560388565,-0.012123272754251957,-0.10728953033685684,0.01723458245396614,-0.07506648451089859,0.19255608320236206,-0.13287664949893951],""readout_bias"":[-0.00946128275245428],""beta"":[0.13590778410434723],""sensory_mask"":[1.0,1.0,1.0,1.0,1.0,1.0,1.0,1.0]}"
920014,LTC_SENSORY_YOKED,114,120,8,122880,5.9814377919999515,0.34405404329299927,0.329792657494545,"{""w_rec"":[0.14399470388889313,0.06544344127178192,0.013609102927148342,0.04515766352415085,0.10159480571746826,-0.02790006622672081,0.0017594550736248493,0.03783982992172241,0.05738823860883713,0.050434209406375885,-0.06125231087207794,0.06128321960568428,-0.04549259692430496,-0.020693564787507057,0.08715754002332687,0.03724417835474014,0.03341014310717583,0.02432153932750225,0.12928317487239838,0.015813203528523445,0.06749346107244492,-0.02199786901473999,0.08381664007902145,0.06594407558441162,0.0507270023226738,-0.06344360113143921,-0.035890623927116394,0.1514710783958435,-0.07888508588075638,-0.046172529458999634,-0.051760829985141754,0.016838137060403824,0.13172230124473572,-0.056967053562402725,-0.10521642863750458,0.10305502265691757,0.09578713029623032,-0.12056372314691544,0.10324341058731079,0.11271003633737564,0.08565058559179306,-0.018949339166283607,-0.05068250373005867,0.01838652417063713,-0.08451848477125168,0.0688139870762825,0.03997474163770676,0.09025758504867554,0.0028123066294938326,-0.049670010805130005,-0.051083341240882874,0.004988306201994419,-0.06817761808633804,-0.05484801158308983,0.162231907248497,0.04159039258956909,0.04561469703912735,0.0507257916033268,0.015168359503149986,0.04117201268672943,0.09073799103498459,-0.028213515877723694,0.042387206107378006,0.20939719676971436],""w_temp"":[0.2765304446220398,-0.07640982419252396,0.48301103711128235,-0.37265723943710327,0.02547258697450161,-0.5513126850128174,-0.38474276661872864,0.10722239315509796],""w_vis"":[-0.16674217581748962,0.02897709235548973,-0.09145326912403107,0.20485220849514008,-0.17726784944534302,-0.01776968128979206,0.08556569367647171,-0.06940224766731262],""bias"":[-0.8176254034042358,-0.8510308265686035,-0.8368662595748901,-0.8240155577659607,-0.9097630381584167,-0.8476938605308533,-0.8385441303253174,-0.8245618939399719],""raw_tau"":[0.18669678270816803,0.15228134393692017,0.16893985867500305,0.1825394481420517,0.09355770796537399,0.15806113183498383,0.16725441813468933,0.17808237671852112],""reversal"":[-0.053265638649463654,0.005237494129687548,0.043231748044490814,-0.1435089409351349,-0.010446373373270035,0.027052143588662148,-0.1419089287519455,-0.04646366834640503],""readout"":[-0.0669049620628357,-0.010602264665067196,0.03170464187860489,0.4206424653530121,-0.040009740740060806,-0.025400837883353233,0.05269685387611389,-0.04417181760072708],""readout_bias"":[0.01726454496383667],""beta"":[0.3433578312397003],""sensory_mask"":[1.0,1.0,1.0,1.0,0.0,0.0,0.0,0.0]}"
920014,GRU_4,113,120,8,122880,1.7197325839999849,0.6389321684837341,0.3118891313672066,"{""cell.weight_ih"":[-0.002303322311490774,0.5751879215240479,-0.6135216355323792,0.3884213864803314,-0.3610459268093109,0.5009803771972656,-0.45303845405578613,0.15138506889343262,0.5532141327857971,0.13134047389030457,-0.10823946446180344,-0.1416456401348114,0.11206518113613129,-0.5812619924545288,0.6629621386528015,0.2042354792356491,-0.09849420934915543,-0.11602064222097397,-0.4056703746318817,0.386985719203949,0.6800837516784668,0.019803427159786224,0.007639262359589338,0.5744786262512207,-0.5751898884773254,0.02262585051357746,0.29481714963912964,-0.4404444098472595,0.05502832308411598,-0.007156217470765114,0.15291562676429749,0.028800681233406067,-0.2989489436149597,-0.15671096742153168,-0.23552027344703674,0.33989444375038147],""cell.weight_hh"":[0.0680275410413742,0.34686100482940674,-0.27967819571495056,0.18779811263084412,-0.22080154716968536,-0.5621334910392761,0.3303477168083191,-0.046409785747528076,0.4183099865913391,-0.2856643795967102,-0.41428324580192566,0.5453291535377502,0.061945363879203796,-0.1624574512243271,-0.32441914081573486,-0.005123080685734749,0.15565261244773865,0.13338534533977509,-0.3927343785762787,-0.35450130701065063,-0.43764373660087585,0.059702519327402115,-0.17131035029888153,-0.1505756825208664,0.03492421656847,-0.4573659896850586,0.392292857170105,-0.5503524541854858,0.01213972270488739,-0.38076168298721313,-0.3699246346950531,-0.13106682896614075,0.026757579296827316,-0.11539927124977112,-0.35241273045539856,0.1767364889383316,0.23822152614593506,0.436053067445755,0.18472014367580414,0.32868334650993347,-0.2515028715133667,0.46857431530952454,0.3635953962802887,-0.2706288993358612,-0.2853585481643677,-0.24953265488147736,-0.2886112928390503,-0.15535588562488556],""cell.bias_ih"":[0.032442618161439896,0.26507484912872314,-0.1763964742422104,-0.2819266617298126,0.5098389983177185,-0.5128336548805237,-0.10734568536281586,-0.5205981135368347,0.2738427519798279,-0.051295749843120575,0.13199268281459808,-0.045858029276132584],""cell.bias_hh"":[-0.07249921560287476,0.19622354209423065,0.07075200229883194,0.10338617861270905,0.12219476699829102,-0.29838427901268005,-0.21055617928504944,-0.254440039396286,-0.31528592109680176,-0.027478374540805817,-0.06379860639572144,-0.21582481265068054],""readout.weight"":[-0.39840763807296753,-0.38202396035194397,0.3535480499267578,-0.6038001179695129],""readout.bias"":[-0.212249293923378]}"
920014,GRU_8,321,120,8,122880,1.7282366670000329,0.6747045516967773,0.3183537110686302,"{""cell.weight_ih"":[-0.14038296043872833,-0.025748372077941895,-0.2351837307214737,-0.07049486041069031,-0.3770126700401306,0.2335880696773529,0.5311704874038696,0.033819530159235,-0.029640818014740944,0.2552212178707123,-0.16704203188419342,0.12410608679056168,0.12619608640670776,0.1345382183790207,-0.2674366533756256,0.051340945065021515,-0.14890891313552856,0.18251007795333862,-0.09135241061449051,-0.10722315311431885,0.020748630166053772,0.2208842933177948,0.31299588084220886,-0.34174758195877075,-0.010449911467730999,0.1515532284975052,-0.20003898441791534,0.1433005928993225,-0.18060314655303955,-0.2990175187587738,0.08987881988286972,0.23497936129570007,-0.25334328413009644,0.07618387043476105,-0.17110095918178558,-0.20159775018692017,-0.010600629262626171,-0.031120313331484795,0.07756540924310684,-0.08472351729869843,-0.15621213614940643,0.08780685067176819,0.10200034826993942,0.022675490006804466,-0.3586665093898773,0.23945026099681854,-0.1393071413040161,0.15845243632793427,0.08714718371629715,0.2231067568063736,0.016864297911524773,-0.06077221408486366,-0.353500097990036,0.31340906023979187,-0.4614693820476532,0.20171815156936646,0.27227649092674255,-0.17127545177936554,-0.11401955783367157,-0.20579305291175842,-0.3396993577480316,0.12658946216106415,-0.16282124817371368,0.1916268765926361,-0.05508655309677124,-0.13920600712299347,0.2237282395362854,-0.099823497235775,-0.17978927493095398,-0.11739654093980789,0.1895834058523178,0.24152496457099915],""cell.weight_hh"":[0.10602955520153046,0.29000985622406006,-0.36057770252227783,0.20521676540374756,-0.04951711371541023,0.09285977482795715,0.10334688425064087,0.2262025773525238,-0.21258096396923065,0.2743368148803711,-0.2563138008117676,-0.301082044839859,-0.1533043384552002,-0.03842303901910782,-0.21164129674434662,0.3546670079231262,-0.2028951197862625,-0.19327254593372345,0.20916970074176788,0.45694243907928467,0.185241237282753,-0.20187968015670776,0.2398649901151657,-0.2708851099014282,-0.1871151477098465,0.030795129016041756,0.1138034537434578,0.16623978316783905,-0.1937108337879181,0.1547059416770935,-0.10476101189851761,-0.35750606656074524,-0.18620289862155914,0.2102537453174591,0.12034408748149872,0.1993589699268341,-0.16653206944465637,-0.226375550031662,0.2625001072883606,0.23282866179943085,0.20787760615348816,0.0007291126530617476,0.5050637125968933,0.19458013772964478,0.24289771914482117,0.33062082529067993,-0.2991853356361389,0.1333562284708023,-0.05027743801474571,0.08076421916484833,-0.4357498288154602,0.2328004390001297,0.1167144700884819,-0.376070111989975,-0.02397688291966915,0.28127357363700867,0.43352964520454407,0.09246239811182022,0.10984869301319122,0.04337618127465248,0.33389127254486084,0.4703410863876343,-0.3228427469730377,-0.3639073669910431,0.05481290444731712,0.4153127074241638,-0.3045773208141327,0.03665393590927124,0.24829843640327454,-0.09665238112211227,0.37760892510414124,-0.06126301735639572,0.16060371696949005,0.0835120677947998,-0.013276880607008934,0.03942896053195,0.27082252502441406,-0.22394979000091553,-0.03478298336267471,0.1972430944442749,-0.031980421394109726,0.15038467943668365,0.28319647908210754,-0.22196952998638153,-0.1601109653711319,0.26617640256881714,0.03239553049206734,-0.28676366806030273,0.39694440364837646,-0.2401309758424759,-0.04910081997513771,-0.0825129821896553,-0.08685846626758575,0.30012744665145874,0.18964113295078278,0.19414041936397552,0.04134082794189453,0.06678146868944168,0.12024212628602982,0.091681569814682,-0.37169310450553894,0.19476911425590515,0.11893254518508911,0.22921662032604218,-0.04672665148973465,-0.007953204214572906,-0.13802173733711243,0.12055736035108566,-0.23447339236736298,0.14346516132354736,-0.36456382274627686,-0.3328287899494171,-0.03840801119804382,-0.0636652261018753,-0.31882423162460327,0.4136979877948761,-0.21734033524990082,0.4402725100517273,-0.10330836474895477,0.1176091730594635,-0.22303763031959534,-0.27984926104545593,-0.2111663967370987,0.15310686826705933,-0.23387084901332855,0.2576926052570343,-0.30198046565055847,-0.08899035304784775,0.17467685043811798,0.33457687497138977,0.10197831690311432,0.179850235581398,-0.20188592374324799,0.017851531505584717,0.29019173979759216,0.2575734555721283,-0.40818750858306885,-0.14299505949020386,0.024791676551103592,0.1581660360097885,0.03227098658680916,-0.3217867910861969,0.28258854150772095,-0.1987133026123047,-0.37691694498062134,-0.054484739899635315,-0.23526693880558014,-0.3567650318145752,0.13601896166801453,0.17811034619808197,0.09440605342388153,0.08466096222400665,-0.20455050468444824,0.44620537757873535,0.15802252292633057,-0.024986891075968742,0.08010749518871307,-0.11446233093738556,0.37734657526016235,0.33189404010772705,0.09407921880483627,0.30025190114974976,-0.02207973040640354,0.053698569536209106,0.027216391637921333,0.13317421078681946,0.2597774863243103,0.260064035654068,0.13859297335147858,0.031181642785668373,-0.3920777440071106,-0.02134973742067814,-0.057037580758333206,-0.03021933138370514,0.37349823117256165,-0.18425627052783966,0.2258995920419693,-0.11498560011386871,-0.14714199304580688,0.36031919717788696,0.19955524802207947,0.34778621792793274,-0.24800722301006317,-0.04652354493737221,-0.37782949209213257,-0.031040016561746597,-0.23489540815353394,-0.4232167601585388,-0.16114430129528046,-0.30254921317100525,-0.19690243899822235,0.30811914801597595],""cell.bias_ih"":[-0.30152854323387146,-0.08348849415779114,-0.032622769474983215,-0.2766600549221039,0.07476873695850372,0.02427167072892189,-0.4172762334346771,0.008282005786895752,0.1419106423854828,-0.0031331328209489584,0.09324683994054794,-0.12869462370872498,-0.18896181881427765,-0.20486319065093994,-0.10808293521404266,-0.44949397444725037,-0.0007874118164181709,-0.21946251392364502,0.044495560228824615,0.15432427823543549,-0.23761895298957825,0.15079790353775024,-0.09261521697044373,-0.37210509181022644],""cell.bias_hh"":[0.12392636388540268,-0.37783104181289673,-0.0035394516307860613,-0.17272530496120453,0.1115802526473999,-0.015561058185994625,-0.45583388209342957,-0.1546720415353775,0.1822529435157776,-0.17737255990505219,-0.39276450872421265,0.06967927515506744,0.13286615908145905,-0.035178374499082565,0.14024443924427032,0.17710910737514496,-0.008838232606649399,0.22244545817375183,-0.10546067357063293,0.07343719899654388,0.03916167840361595,-0.24508564174175262,-0.2046615332365036,-0.06011408939957619],""readout.weight"":[-0.16402773559093475,-0.40804338455200195,-0.34681516885757446,-0.1836538463830948,-0.19584734737873077,0.050499629229307175,0.08086137473583221,-0.2145739197731018],""readout.bias"":[-0.204911470413208]}"
920015,LTC_SENSORY_SITE,114,120,8,122880,5.893539334000025,0.31651777029037476,0.263746352493763,"{""w_rec"":[0.10400691628456116,-0.05125803500413895,-0.08191639184951782,-0.009831931442022324,0.04339568689465523,-0.052523571997880936,-0.05641734600067139,-0.027446819469332695,0.05424424633383751,0.13417500257492065,0.07890521734952927,0.019262922927737236,-0.0613211914896965,0.06889507174491882,0.10045625269412994,0.001495127216912806,0.07094933092594147,0.0702936053276062,0.19686567783355713,0.022835083305835724,-0.03925180807709694,0.020902292802929878,0.04861128330230713,0.012185216881334782,0.058351147919893265,0.06268730014562607,0.027562951669096947,0.12932279706001282,-0.07694953680038452,0.10486172139644623,0.0945352166891098,0.034066084772348404,-0.03439607843756676,-0.0498843789100647,-0.0414205938577652,-0.060488030314445496,0.17973563075065613,-0.002164445584639907,0.013922651298344135,-0.07141019403934479,-0.044628605246543884,-0.04235321655869484,-0.05702301487326622,-0.06495422124862671,-0.02696312963962555,0.1150914654135704,-0.028816834092140198,-0.07488338649272919,-0.046160902827978134,-0.032440997660160065,-0.040746577084064484,-0.08620816469192505,-0.001142058870755136,0.004401498008519411,0.10779641568660736,0.0381459966301918,0.08889567852020264,0.060861870646476746,0.06819353997707367,0.036865510046482086,-0.08212090283632278,0.06894144415855408,0.05141482502222061,0.20011469721794128],""w_temp"":[0.38327163457870483,0.2826349139213562,0.013342218473553658,0.1177133247256279,0.10410415381193161,0.10121709108352661,0.34209609031677246,-0.002016640966758132],""w_vis"":[-0.01654234156012535,-0.10636129230260849,-0.02498761937022209,0.047297876328229904,-0.008120744489133358,0.022395357489585876,-0.021969176828861237,-0.04247171804308891],""bias"":[-0.7590345144271851,-0.8532828092575073,-0.853817880153656,-0.8739051818847656,-0.7646554708480835,-0.7618730068206787,-0.8051345944404602,-0.8515990376472473],""raw_tau"":[0.24512451887130737,0.14978176355361938,0.14945857226848602,0.12905211746692657,0.23805373907089233,0.24082936346530914,0.19883660972118378,0.15171845257282257],""reversal"":[-0.1879820078611374,-0.20357222855091095,0.008437317796051502,0.020372318103909492,0.12242686003446579,-0.15157301723957062,-0.06915202736854553,0.0025818117428570986],""readout"":[0.20062604546546936,0.016885526478290558,-0.1593189835548401,-0.041827231645584106,-0.26951825618743896,0.34844261407852173,0.047658685594797134,-0.07648055255413055],""readout_bias"":[-0.04635625332593918],""beta"":[0.28145578503608704],""sensory_mask"":[1.0,1.0,1.0,1.0,0.0,0.0,0.0,0.0]}"
920015,LTC_OUTPUT_SITE,114,120,8,122880,4.950943957999982,0.31710368394851685,0.26393398120999334,"{""w_rec"":[0.08176805824041367,0.030288033187389374,0.058437418192625046,0.04379763454198837,-0.08371638506650925,0.019800467416644096,-0.01568054035305977,0.029639149084687233,-0.004542018286883831,0.14234723150730133,0.029708314687013626,0.0430225133895874,-0.015110434964299202,-0.043263744562864304,-0.0066877370700240135,0.006567675620317459,0.0324883833527565,-0.1180650070309639,0.044018086045980453,-0.04913057014346123,0.0026215577963739634,0.04892846941947937,-0.030315253883600235,-0.046436894685029984,-0.004374784417450428,0.04281491041183472,0.0240202434360981,0.18226484954357147,-0.042691390961408615,0.007728773169219494,0.06239325925707817,0.1011369451880455,0.06181506812572479,-0.0348220020532608,-0.06646279245615005,-0.07730996608734131,0.016971023753285408,0.12669804692268372,-0.11340302973985672,-0.07232300192117691,0.024845918640494347,-0.017272017896175385,-0.021473819389939308,-0.11443369835615158,0.009390643797814846,0.1715797334909439,-0.05509874224662781,-0.053467389196157455,-0.014447499997913837,-0.0024660718627274036,0.04668867215514183,0.055567674338817596,-0.08343848586082458,-0.029122473672032356,0.08917325735092163,0.06329751014709473,0.022839168086647987,-0.033006567507982254,-0.02878474071621895,-0.07269303500652313,0.03026656247675419,0.043617382645606995,-0.07356195896863937,0.04193800687789917],""w_temp"":[0.5740560293197632,0.22637568414211273,0.07034318894147873,0.409155011177063,0.14954838156700134,-0.30568060278892517,0.3136991262435913,-0.024538196623325348],""w_vis"":[0.111247219145298,0.005504992324858904,-0.16265051066875458,-0.040165338665246964,-0.05705799162387848,0.061471667140722275,-0.010680008679628372,-0.03218568116426468],""bias"":[-0.7705479860305786,-0.7643417119979858,-0.8514513373374939,-0.7634239196777344,-0.8783237338066101,-0.8475134372711182,-0.7976934313774109,-0.8465722799301147],""raw_tau"":[0.23455481231212616,0.23904673755168915,0.15176324546337128,0.24079225957393646,0.12486384809017181,0.15721149742603302,0.20610742270946503,0.1567583829164505],""reversal"":[-0.12862984836101532,0.19477349519729614,-0.004724640399217606,0.23739203810691833,0.011010466143488884,-0.12002343684434891,0.05477778613567352,0.008140452206134796],""readout"":[0.10982184112071991,-0.21906951069831848,0.0469452403485775,-0.1490936130285263,-0.01837800070643425,-0.18603244423866272,-0.068011075258255,-0.0030933143571019173],""readout_bias"":[-0.043448686599731445],""beta"":[0.2214682400226593],""sensory_mask"":[0.0,0.0,0.0,0.0,0.0,0.0,0.0,0.0]}"
920015,LTC_NO_FEEDBACK,114,120,8,122880,4.835623833,0.31703880429267883,0.2636705730110407,"{""w_rec"":[0.16252410411834717,-0.0027337863575667143,-0.007087046280503273,0.06715843081474304,-0.07715817540884018,-0.05494978651404381,-0.024950595572590828,0.07156673073768616,0.05204523727297783,0.07330397516489029,-0.07078149169683456,0.04096174240112305,-0.027656834572553635,-0.074029341340065,0.05722321197390556,0.01021735928952694,0.061570119112730026,-0.11121664196252823,0.09332513064146042,0.07061168551445007,-0.05084526911377907,-0.016931818798184395,0.11178218573331833,0.07435749471187592,-0.031842269003391266,0.021001722663640976,0.01516498439013958,0.0423603281378746,0.08834648877382278,0.0846400335431099,-0.06447456777095795,-0.07513660192489624,-0.022675026208162308,0.05484381318092346,0.02006193995475769,-0.03845837712287903,0.11501596122980118,0.02511717565357685,-0.039597366005182266,-0.02807271108031273,0.04031158983707428,-0.06038250774145126,-0.018380943685770035,0.0840412825345993,-0.06243904307484627,0.11691127717494965,0.07934213429689407,0.0999191477894783,0.06144542247056961,-0.030028250068426132,-0.06228571757674217,0.04197738319635391,-0.040674056857824326,-0.01958923228085041,0.2051248401403427,0.06953027099370956,-0.03388315066695213,0.04053986817598343,0.054238926619291306,-0.03814934939146042,0.025866908952593803,0.04892483726143837,-0.01655794493854046,0.11595559120178223],""w_temp"":[-0.04496811702847481,-0.08764565736055374,-0.054515864700078964,0.2402416318655014,0.2885630130767822,0.2105696201324463,-0.13142549991607666,0.17196322977542877],""w_vis"":[-0.01979103870689869,-0.11344144493341446,0.053343456238508224,-0.13545741140842438,0.05125203728675842,-0.18586289882659912,-0.0336192324757576,0.11425124853849411],""bias"":[-0.8527439832687378,-0.8546746969223022,-0.8559714555740356,-0.7486987113952637,-0.7548513412475586,-0.859171986579895,-0.855674684047699,-0.7676135897636414],""raw_tau"":[0.15003639459609985,0.14875739812850952,0.14595887064933777,0.2548326849937439,0.24886104464530945,0.14421045780181885,0.14801697432994843,0.23528878390789032],""reversal"":[-0.12495558708906174,0.10237300395965576,-0.029596272855997086,-0.2554250657558441,0.2069893479347229,-0.019576705992221832,-0.038284704089164734,-0.14564023911952972],""readout"":[0.026895545423030853,-0.007509811315685511,0.07239503413438797,0.21142315864562988,-0.11462884396314621,0.03009585663676262,-0.050326067954301834,0.07723790407180786],""readout_bias"":[-0.05534316971898079],""beta"":[0.25],""sensory_mask"":[0.0,0.0,0.0,0.0,0.0,0.0,0.0,0.0]}"
920015,LTC_DENSE_FEEDBACK,114,120,8,122880,5.94088899999997,0.31869471073150635,0.26386428251862526,"{""w_rec"":[0.15840013325214386,-0.04561310634016991,-0.024390239268541336,-0.025884218513965607,-0.013244690373539925,0.09445678442716599,0.07220891118049622,-0.055953096598386765,-0.07479462027549744,0.19465135037899017,0.05490165203809738,0.04004716873168945,-0.050903499126434326,-0.03805935010313988,-0.016205906867980957,0.061117835342884064,-0.11593389511108398,0.06628463417291641,0.18335242569446564,0.053590066730976105,-0.011948497034609318,-0.05348052829504013,-0.03481566160917282,0.04388270899653435,0.10666148364543915,-0.07526806741952896,-0.003907294012606144,0.08824340999126434,0.015725232660770416,0.07921959459781647,0.031900566071271896,-0.03897710144519806,-0.02669833041727543,-0.08832064270973206,-0.011404124088585377,-0.05726367235183716,0.11762718856334686,0.047602273523807526,0.03268148750066757,-0.03987700119614601,0.03435717150568962,-0.04995197802782059,-0.08559486269950867,-0.051943741738796234,0.06575634330511093,0.16153506934642792,0.05107148736715317,-0.04860258847475052,-0.015591219998896122,-0.03179879114031792,-0.01636255905032158,-0.047456175088882446,-0.02100902423262596,0.04211170971393585,0.11511848866939545,-0.050063107162714005,-0.07971785962581635,0.05519919469952583,0.03864579647779465,0.07598858326673508,-0.024079056456685066,-0.06946651637554169,-0.06398965418338776,0.15797752141952515],""w_temp"":[0.40774983167648315,-0.23608583211898804,-0.3831369876861572,0.2128899097442627,0.42607173323631287,0.45379889011383057,0.2902657985687256,-0.09927590191364288],""w_vis"":[0.0006989361718297005,-0.25446608662605286,-0.1311739832162857,-0.12648378312587738,0.04992198944091797,0.11181584745645523,0.051630690693855286,0.08547765016555786],""bias"":[-0.755996823310852,-0.8602367639541626,-0.8579268455505371,-0.7498883008956909,-0.779171884059906,-0.749364972114563,-0.7570183873176575,-0.8605258464813232],""raw_tau"":[0.24831566214561462,0.14354316890239716,0.14636483788490295,0.2535368800163269,0.22525566816329956,0.25522133708000183,0.24671004712581635,0.14319604635238647],""reversal"":[0.08835908025503159,-0.018831776455044746,-0.03325235843658447,-0.14859895408153534,0.06327804923057556,0.23801276087760925,0.10028360038995743,-0.15841975808143616],""readout"":[-0.22585873305797577,-0.1219102144241333,-0.030729979276657104,0.21113818883895874,-0.4068577289581299,-0.12439897656440735,-0.1572898030281067,-0.2369912564754486],""readout_bias"":[-0.058333028107881546],""beta"":[0.22814415395259857],""sensory_mask"":[1.0,1.0,1.0,1.0,1.0,1.0,1.0,1.0]}"
920015,LTC_SENSORY_YOKED,114,120,8,122880,5.991625417000023,0.31729698181152344,0.2635780081152916,"{""w_rec"":[0.14818096160888672,0.001083972631022334,-0.020844057202339172,0.04017496109008789,-0.10117342323064804,0.03774135187268257,0.018126435577869415,0.04622389003634453,-0.0915997102856636,0.11369636654853821,-0.03548065200448036,-0.011266482062637806,0.05410819128155708,-0.04803508147597313,0.009343267418444157,-0.01546583790332079,-0.07916917651891708,-0.061797864735126495,0.08808692544698715,0.020898835733532906,0.024530289694666862,-0.05321469157934189,0.0021383240818977356,-0.05773887783288956,-0.0370028056204319,0.012515051290392876,-0.11952046304941177,0.2060355395078659,0.041633330285549164,-0.03384430333971977,0.055274590849876404,-0.017124906182289124,0.07196779549121857,0.07736724615097046,0.026623716577887535,0.005086991470307112,0.07277937233448029,0.03281959518790245,0.022673217579722404,0.04161163046956062,-0.001832313952036202,0.030767658725380898,-0.00797843188047409,0.073554128408432,0.02602022886276245,0.11250036209821701,0.03421781584620476,-0.005167677998542786,-0.020093051716685295,-0.009993894957005978,-0.03805885836482048,0.03784440830349922,0.00853990763425827,-0.043364956974983215,0.15258817374706268,-0.018806573003530502,-0.027424171566963196,-0.010693802498281002,-0.025817746296525,0.04897736757993698,0.08455592393875122,-0.06680714339017868,0.09364950656890869,0.13930757343769073],""w_temp"":[0.13492310047149658,-0.05251363664865494,-0.2456865757703781,0.23099349439144135,0.3728030323982239,0.09586025029420853,0.21730045974254608,0.3487752079963684],""w_vis"":[-0.11486882716417313,-0.07317129522562027,-0.198682501912117,-0.176412895321846,-0.09910093247890472,-0.07090742141008377,0.08474623411893845,-0.19589774310588837],""bias"":[-0.746034562587738,-0.8504584431648254,-0.8461616039276123,-0.8451945185661316,-0.7429996132850647,-0.7701711058616638,-0.8144355416297913,-0.8587958216667175],""raw_tau"":[0.25694945454597473,0.15290609002113342,0.15745429694652557,0.1582842767238617,0.26115885376930237,0.23237158358097076,0.1887853443622589,0.14516545832157135],""reversal"":[0.10456766188144684,-0.006293359212577343,0.0024436982348561287,-0.03810182586312294,-0.11977174133062363,0.0835116058588028,-0.04681464657187462,0.04608394578099251],""readout"":[-0.20127655565738678,0.013804788701236248,-0.0019574163015931845,0.05460292100906372,0.1517983376979828,-0.07551013678312302,0.06626969575881958,-0.042557571083307266],""readout_bias"":[-0.06510830670595169],""beta"":[0.258553683757782],""sensory_mask"":[1.0,1.0,1.0,1.0,0.0,0.0,0.0,0.0]}"
920015,GRU_4,113,120,8,122880,1.7096534159999806,0.3179247975349426,0.26708630807697775,"{""cell.weight_ih"":[0.12391998618841171,0.030389700084924698,-0.4366001784801483,-0.06817927211523056,-0.44819074869155884,0.26893261075019836,-0.4774378538131714,0.33797383308410645,0.4285042881965637,0.37696218490600586,0.34411051869392395,-0.4008517861366272,-0.1085030660033226,0.13389535248279572,-0.30361437797546387,0.2611468732357025,-0.4649178385734558,0.24077875912189484,-0.04369296506047249,-0.251984179019928,0.3154531419277191,-0.3533918261528015,-0.18528974056243896,-0.34403395652770996,0.18085138499736786,0.0021798131056129932,-0.09269973635673523,0.14486555755138397,0.42596200108528137,-0.13144451379776,-0.38101473450660706,0.4831830859184265,0.023803342133760452,-0.2932843863964081,-0.42147502303123474,0.07440431416034698],""cell.weight_hh"":[-0.09727584570646286,-0.40102776885032654,-0.06561959534883499,0.38023561239242554,0.3085228502750397,0.4621766209602356,0.21386314928531647,-0.33308589458465576,-0.3541848063468933,0.014112083241343498,0.3874308466911316,-0.33417809009552,0.12592557072639465,-0.1024797335267067,-0.2722964584827423,-0.33273762464523315,0.015938786789774895,0.11312071979045868,0.2837154269218445,0.01594838872551918,0.30969852209091187,-0.08779651671648026,-0.062166810035705566,-0.3482002317905426,0.13396212458610535,0.06389924883842468,-0.10063715279102325,-0.5394198298454285,0.12065634876489639,0.20058220624923706,0.5168798565864563,-0.41106006503105164,0.2750682532787323,-0.01648334227502346,0.2908933162689209,0.07158830761909485,0.2636494040489197,-0.39934372901916504,0.16182716190814972,0.21254125237464905,0.1990378499031067,0.015651356428861618,0.1909036487340927,-0.4457179605960846,0.2684169411659241,0.07220693677663803,0.445933997631073,-0.2363303005695343],""cell.bias_ih"":[0.39061006903648376,-0.381329745054245,0.18145494163036346,-0.15198355913162231,0.5205836296081543,0.294704407453537,-0.20852820575237274,-0.04377618804574013,-0.22473013401031494,-0.027540655806660652,0.12014997005462646,0.30897536873817444],""cell.bias_hh"":[0.11622121930122375,-0.023543808609247208,0.1356297731399536,-0.006476348731666803,0.5601271986961365,-0.3374386727809906,-0.16069398820400238,0.2788287103176117,0.14903461933135986,0.4003649055957794,-0.24235765635967255,0.2667072117328644],""readout.weight"":[-0.12332012504339218,-0.4672160744667053,0.4478650689125061,0.2414344698190689],""readout.bias"":[-0.07544976472854614]}"
920015,GRU_8,321,120,8,122880,1.7323188749999758,0.3552834391593933,0.26684063524007795,"{""cell.weight_ih"":[0.14887253940105438,0.15866728127002716,0.011155380867421627,0.16947607696056366,-0.17420655488967896,-0.18767040967941284,-0.13585175573825836,0.1575523167848587,0.4533190429210663,-0.2724681496620178,0.1830209493637085,-0.26424193382263184,-0.18325868248939514,-0.0136516522616148,0.31133440136909485,0.3786899447441101,0.18016719818115234,-0.10814652591943741,0.17040510475635529,-0.19702081382274628,0.22533096373081207,-0.09278814494609833,-0.30342039465904236,0.337429940700531,0.030942609533667564,0.047714170068502426,-0.03273677080869675,-0.08079236000776291,0.021749433130025864,-0.22754627466201782,0.3591296970844269,0.3001541793346405,-0.3433802127838135,-0.015745654702186584,0.4023057818412781,0.22137361764907837,0.11854750663042068,0.06771764159202576,0.01337849535048008,-0.08100182563066483,-0.2282143533229828,-0.21311689913272858,-0.300351083278656,-0.13486924767494202,-0.12861429154872894,-0.21861697733402252,-0.0916784480214119,0.010273675434291363,0.1316709667444229,-0.27895909547805786,-0.012582821771502495,-0.041749004274606705,0.3303588330745697,0.12887102365493774,0.1554402858018875,-0.11145634949207306,-0.33579501509666443,0.29857903718948364,-0.1648632138967514,0.33521297574043274,0.2025195062160492,0.32607680559158325,-0.04426145926117897,-0.24882616102695465,-0.2364097535610199,-0.2867811918258667,0.3179817497730255,0.33271658420562744,0.06732610613107681,0.22650805115699768,-0.31761112809181213,0.27488091588020325],""cell.weight_hh"":[0.06581173837184906,-0.17936624586582184,0.21563035249710083,0.04498312249779701,-0.3175807297229767,-0.1984603852033615,-0.19484351575374603,-0.2931906580924988,-0.18051478266716003,0.32172805070877075,0.19343633949756622,0.2673708200454712,0.15951333940029144,0.13701659440994263,-0.014578098431229591,0.05663928762078285,-0.36070653796195984,0.04103193059563637,-0.172245055437088,-0.2851327061653137,0.006967200431972742,0.2680893540382385,-0.26813969016075134,-0.31351226568222046,0.30301252007484436,-0.3723573684692383,0.3025534152984619,0.023107420653104782,-0.056859228760004044,0.17454110085964203,0.07842597365379333,0.26233822107315063,-0.34521400928497314,0.3276177942752838,-0.2697640359401703,-0.1899964064359665,-0.20187397301197052,-0.27585703134536743,-0.31684860587120056,-0.1518276035785675,-0.19055694341659546,0.31819772720336914,0.06698164343833923,0.3082801103591919,-0.2500685155391693,-0.006084386724978685,0.11050782352685928,-0.12348493188619614,0.3325478434562683,-0.08033105731010437,0.23346158862113953,0.06465868651866913,-0.045198991894721985,0.3467721939086914,0.021057650446891785,-0.07753362506628036,0.14844423532485962,0.3457062244415283,0.29558736085891724,0.21497100591659546,0.2144497036933899,0.1382509022951126,0.19256959855556488,-0.1069253608584404,0.18792936205863953,0.2525618374347687,-0.19437651336193085,0.02889840118587017,-0.18078318238258362,0.06984665244817734,0.0427376814186573,0.22143305838108063,-0.26319363713264465,-0.29844510555267334,-0.3169558048248291,-0.05590848624706268,0.13703705370426178,-0.13150475919246674,-0.1772203892469406,0.013924049213528633,0.05547060817480087,-0.06996673345565796,0.3358582556247711,-0.14420199394226074,0.21138086915016174,0.20818668603897095,-0.3927135765552521,0.0604577362537384,-0.22951380908489227,-0.030789222568273544,0.3011462688446045,-0.28251704573631287,-0.26110944151878357,0.09288794547319412,0.32532432675361633,-0.24739286303520203,0.28225624561309814,0.05858492851257324,-0.23511676490306854,0.1731194704771042,0.018840642645955086,-0.33148878812789917,-0.17207425832748413,0.10750816762447357,0.3012683689594269,0.37916216254234314,0.19046659767627716,-0.02394969016313553,0.20063191652297974,-0.13881078362464905,0.3233325481414795,-0.2501559853553772,-0.49486181139945984,0.254977822303772,-0.5105503797531128,-0.051333505660295486,0.2077268660068512,-0.23949456214904785,-0.1363142728805542,0.16311971843242645,0.33731088042259216,-0.029870901256799698,0.03990025073289871,0.3526301383972168,-0.4766404330730438,-0.08778578042984009,-0.21944846212863922,0.1640283614397049,0.12625403702259064,-0.29211586713790894,-0.27435702085494995,0.28872719407081604,0.0690208151936531,0.00337186804972589,0.3186897337436676,0.26895564794540405,-0.39269280433654785,0.3518148958683014,-0.2714333236217499,-0.2206292450428009,0.10966917127370834,-0.2812195122241974,0.18925556540489197,0.016249651089310646,0.008200404234230518,0.26009997725486755,-0.0971430242061615,0.26128125190734863,0.0005255500436760485,0.2954019606113434,-0.32382088899612427,0.34613510966300964,-0.32030484080314636,-0.22608625888824463,0.07301568984985352,-0.16243907809257507,-0.27750423550605774,-0.24743175506591797,0.281798779964447,-0.2639247477054596,-0.07741767168045044,-0.32905662059783936,-0.08981907367706299,0.05712391808629036,-0.16105182468891144,0.04272514581680298,-0.2302715927362442,0.2595379948616028,-0.1731233447790146,0.2715495526790619,0.2765564024448395,0.0820067822933197,-0.17309874296188354,0.2146211564540863,0.0841301828622818,-0.09064415842294693,0.044215694069862366,0.05103828385472298,-0.02662096917629242,-0.425307959318161,-0.08455172181129456,-0.20686762034893036,0.15199513733386993,-0.4146420955657959,0.11568432301282883,0.3541087210178375,0.1616247296333313,-0.09543289244174957,0.02718828059732914,-0.0036739036440849304,0.18251918256282806,-0.24608416855335236],""cell.bias_ih"":[-0.2975386083126068,-0.26106834411621094,0.372603178024292,-0.19940409064292908,0.269107848405838,-0.3170875906944275,-0.11431878805160522,-0.05044131726026535,0.2402162402868271,0.0593172162771225,-0.052157435566186905,0.3909136652946472,-0.33379191160202026,-0.22487662732601166,-0.15308542549610138,0.32182613015174866,-0.286324679851532,0.0672602578997612,0.2437153309583664,-0.059791263192892075,0.03214816004037857,-0.2596695125102997,-0.20995190739631653,-0.1874309778213501],""cell.bias_hh"":[0.3581761419773102,0.24145352840423584,0.3449626863002777,0.11658970266580582,-0.11748435348272324,0.2611497938632965,-0.3783967196941376,-0.21395587921142578,-0.1893809735774994,-0.383798211812973,0.1357644498348236,-0.2092304229736328,-0.00884163472801447,-0.1343601644039154,-0.1227114349603653,0.27562907338142395,-0.2359044849872589,0.35775357484817505,-0.37450316548347473,-0.24940931797027588,0.28596290946006775,-0.15134738385677338,-0.1884787380695343,0.4011571705341339],""readout.weight"":[0.28134384751319885,-0.26759544014930725,0.09273578226566315,-0.2686028480529785,-0.32809820771217346,0.1121886596083641,-0.038276128470897675,-0.16823993623256683],""readout.bias"":[0.28094837069511414]}"
920016,LTC_SENSORY_SITE,114,120,8,122880,5.863524874999996,0.4501415491104126,0.2657123923301697,"{""w_rec"":[0.06599771976470947,0.04802170395851135,0.08996400237083435,0.14241184294223785,-0.008866858668625355,0.08817503601312637,-0.11050064861774445,0.1121576800942421,-0.09715571254491806,0.13562656939029694,0.03704461455345154,0.10536710172891617,-0.07378879934549332,-0.016371188685297966,-0.10892917215824127,0.09689771384000778,0.039713967591524124,-0.009085122495889664,0.08703725785017014,-0.04307272285223007,0.08986281603574753,-0.025041814893484116,0.034022893756628036,-0.07900763303041458,-0.014793509617447853,0.015774814411997795,-0.0025025338400155306,0.09348145127296448,0.07363644987344742,0.07151047140359879,0.011837512254714966,0.008752841502428055,-0.09494316577911377,0.04580039903521538,0.025442732498049736,0.03394080325961113,0.05842273309826851,0.010418718680739403,-0.061461519449949265,0.11855808645486832,-0.08983884006738663,0.05554099753499031,0.11304599791765213,0.11360835283994675,-0.059958457946777344,0.07725650072097778,-0.12363375723361969,0.13035337626934052,0.04937741532921791,-0.023665601387619972,-0.03916730731725693,-0.05575810372829437,0.11876913905143738,-0.02312692068517208,0.18983720242977142,-0.046864692121744156,0.022958364337682724,-0.05214511975646019,-0.09712546318769455,0.0041903359815478325,0.15678595006465912,-0.023244136944413185,-0.009506050497293472,0.132844015955925],""w_temp"":[-0.1288403570652008,0.08906511217355728,-0.26287421584129333,-0.3145093619823456,0.13334093987941742,0.2030637264251709,-0.32301071286201477,0.17987965047359467],""w_vis"":[-0.07057304680347443,-0.11289092898368835,0.12067233771085739,-0.07627083361148834,0.044567838311195374,0.04235231503844261,0.15929733216762543,-0.029796242713928223],""bias"":[-0.8831728100776672,-0.9056639671325684,-0.7301751971244812,-0.805202066898346,-0.8870484828948975,-0.9077591896057129,-0.7458329200744629,-0.7654258012771606],""raw_tau"":[0.1199883297085762,0.09800001233816147,0.2732304036617279,0.19828997552394867,0.11606094241142273,0.09600263833999634,0.25808605551719666,0.23634564876556396],""reversal"":[0.06721916794776917,-0.004337181802839041,-0.20290637016296387,-0.13235901296138763,-0.018866952508687973,-0.005770294461399317,0.23006267845630646,-0.06243904307484627],""readout"":[0.02984999306499958,0.003409630386158824,-0.1956457793712616,-0.06157262250781059,-0.06976766884326935,0.0034799077548086643,0.08359705656766891,-0.06855668127536774],""readout_bias"":[0.08329734951257706],""beta"":[0.27421969175338745],""sensory_mask"":[1.0,1.0,1.0,1.0,0.0,0.0,0.0,0.0]}"
920016,LTC_OUTPUT_SITE,114,120,8,122880,4.922158624999952,0.4416450262069702,0.2649668350815773,"{""w_rec"":[0.198799729347229,-0.011748027056455612,-0.0062485346570611,0.03965964540839195,-0.04922154173254967,-0.055434700101614,0.041007183492183685,0.0465276800096035,-0.0010165293933823705,0.17298008501529694,0.0804833173751831,0.09294742345809937,-0.07543458044528961,0.0009868842316791415,0.07107219845056534,0.050280340015888214,-0.030673161149024963,-0.05869332328438759,0.08736137300729752,0.020241741091012955,0.006134086288511753,-0.015162648633122444,-0.024915585294365883,0.03303753212094307,-0.019232336431741714,-0.05143649876117706,-0.04186343029141426,0.09744417667388916,-0.007634073495864868,-0.046137720346450806,-0.028161142021417618,-0.05327008664608002,-0.006855182349681854,-0.021761136129498482,-0.022295258939266205,-0.024445969611406326,0.12227845191955566,-0.027097295969724655,-0.01360233873128891,-0.03079126961529255,0.025158653035759926,-0.02229372411966324,0.017358610406517982,0.035706695169210434,-0.013534887693822384,0.0736246258020401,0.04585735499858856,0.05453289672732353,0.003199840895831585,-0.023834124207496643,-0.03156894072890282,-0.042884260416030884,0.017732713371515274,-0.04727553203701973,0.11865265667438507,0.03006795234978199,0.019519221037626266,-0.028756968677043915,-0.018030742183327675,-0.009537843987345695,0.003811861155554652,-0.023882143199443817,-0.02730698138475418,0.12545901536941528],""w_temp"":[-0.22003889083862305,0.20206984877586365,-0.39617377519607544,-0.337923139333725,-0.24576649069786072,-0.14357176423072815,-0.08660200983285904,0.10454890877008438],""w_vis"":[0.029847277328372,-0.015291254036128521,-0.08265028893947601,0.0593431293964386,0.1542995721101761,0.030903834849596024,-0.059817515313625336,0.019170140847563744],""bias"":[-0.8203004598617554,-0.8681699633598328,-0.7788277268409729,-0.7788603901863098,-0.7734401822090149,-0.813186764717102,-0.7933071851730347,-0.7905258536338806],""raw_tau"":[0.1830524057149887,0.13610780239105225,0.2252049446105957,0.2249877154827118,0.22988267242908478,0.18990246951580048,0.2092287838459015,0.2113480418920517],""reversal"":[0.0017587791662663221,-0.030104953795671463,-0.22579434514045715,-0.3555910289287567,0.23268547654151917,0.0202915258705616,-0.10345587879419327,-0.07752951979637146],""readout"":[0.0010162683902308345,0.040772538632154465,-0.13693983852863312,-0.12168074399232864,0.38595783710479736,0.02377994917333126,-0.07435672730207443,-0.18217025697231293],""readout_bias"":[0.0357319675385952],""beta"":[0.2539921700954437],""sensory_mask"":[0.0,0.0,0.0,0.0,0.0,0.0,0.0,0.0]}"
920016,LTC_NO_FEEDBACK,114,120,8,122880,4.83798216699995,0.4484252333641052,0.26540900617837904,"{""w_rec"":[0.07803372293710709,0.092036172747612,0.05481523647904396,0.04121272638440132,0.061924438923597336,0.0260555911809206,0.0139922508969903,-0.07206851989030838,0.10395126044750214,0.057363588362932205,-0.10807771235704422,-0.06246240809559822,-0.06471922248601913,-0.06230812892317772,-0.1035102903842926,0.08280915766954422,0.10281511396169662,-0.12598583102226257,0.007554288022220135,-0.06409678608179092,-0.0968777984380722,-0.0838022381067276,-0.11257749050855637,0.07568647712469101,-0.050542205572128296,0.049077924340963364,-0.029038753360509872,0.18845705687999725,0.0625280812382698,0.05331863462924957,-0.028337184339761734,-0.011929824948310852,0.08291599154472351,-0.05421781167387962,-0.08409085124731064,-0.07344274967908859,0.030778901651501656,-0.08893372863531113,-0.13543111085891724,0.08442101627588272,-0.059166911989450455,0.0605945810675621,-0.025983672589063644,0.03545824810862541,0.051883284002542496,0.08207786083221436,0.00022992538288235664,0.007760805077850819,-0.04517916962504387,0.044509802013635635,0.05755619332194328,0.014642340131103992,0.06263070553541183,-0.004056559409946203,0.15313121676445007,-0.0029183856677263975,-0.04667145013809204,0.06220778450369835,0.049458347260951996,0.07270404696464539,0.04419177770614624,-0.006670305505394936,0.02056516334414482,0.11698821932077408],""w_temp"":[-0.2608644664287567,0.06360413879156113,0.08505766093730927,-0.2108384370803833,-0.05025781691074371,-0.32370296120643616,-0.3004215657711029,-0.19268421828746796],""w_vis"":[0.031919799745082855,-0.08093704283237457,-0.15562327206134796,0.03314352408051491,-0.10953871160745621,-0.13429135084152222,0.21625982224941254,-0.029839593917131424],""bias"":[-0.7396517992019653,-0.890372097492218,-0.891811192035675,-0.7593921422958374,-0.8785576224327087,-0.7811147570610046,-0.7682034969329834,-0.749210000038147],""raw_tau"":[0.2637265622615814,0.11339347064495087,0.11200661212205887,0.24369730055332184,0.1247994527220726,0.2225123941898346,0.23560337722301483,0.2537412643432617],""reversal"":[-0.21144656836986542,0.009377371519804,0.11022298783063889,0.1448136270046234,0.014979486353695393,0.052687838673591614,0.06480447947978973,-0.1337602138519287],""readout"":[-0.42854589223861694,-0.11155252158641815,-0.005056807771325111,0.0815727636218071,0.00796089693903923,0.05251327157020569,0.12527607381343842,-0.17932558059692383],""readout_bias"":[0.06987126171588898],""beta"":[0.25],""sensory_mask"":[0.0,0.0,0.0,0.0,0.0,0.0,0.0,0.0]}"
920016,LTC_DENSE_FEEDBACK,114,120,8,122880,5.9391424589999815,0.455687016248703,0.26553964912891387,"{""w_rec"":[0.1923971325159073,0.002492676954716444,0.10137111693620682,0.11338286101818085,-0.06916140764951706,0.024435020983219147,-0.03630433976650238,-0.04601183533668518,-0.04878851771354675,0.028149543330073357,0.0030808867886662483,0.004613996483385563,-0.03636816889047623,-0.04897908866405487,-0.004385564010590315,0.046158287674188614,-0.0691494271159172,-0.12385690957307816,0.009843025356531143,-0.017170529812574387,0.055249299854040146,-0.08465203642845154,0.08669950067996979,0.06401567161083221,-0.11352850496768951,-0.11751864105463028,-0.08886352181434631,0.06679236888885498,0.07591173052787781,-0.11061200499534607,0.1287747174501419,0.037028875201940536,-0.07569056004285812,-0.08256622403860092,-0.08188698440790176,-0.055643826723098755,0.21274389326572418,-0.09077106416225433,0.0806674212217331,0.0843249186873436,0.06518840789794922,0.07927312701940536,0.08352021872997284,0.06376753002405167,-0.1127624437212944,0.18810561299324036,-0.06148944050073624,-0.10629893839359283,0.008450299501419067,0.03491918742656708,-0.023470446467399597,0.05641323700547218,-0.11011981964111328,0.013811981305480003,0.08183473348617554,-0.08507692813873291,-0.09027954936027527,-0.10056904703378677,-0.10438959300518036,-0.08262430876493454,0.06424973160028458,-0.08166547864675522,0.1048152893781662,0.2065756618976593],""w_temp"":[-0.5423597693443298,0.0460018515586853,-0.07581114023923874,0.17488424479961395,0.08867699652910233,-0.11732421815395355,-0.20413875579833984,-0.02212240919470787],""w_vis"":[0.14287126064300537,-0.11812955886125565,-0.07416639477014542,-0.16662032902240753,-0.08493507653474808,0.06902695447206497,0.052347902208566666,-0.07011900097131729],""bias"":[-0.7306306958198547,-0.8389727473258972,-0.8993726968765259,-0.9075307250022888,-0.8964740037918091,-0.7301345467567444,-0.7575446963310242,-0.8876892924308777],""raw_tau"":[0.2751455008983612,0.16341713070869446,0.10393856465816498,0.09615130722522736,0.10719440877437592,0.27235013246536255,0.24552147090435028,0.11576677858829498],""reversal"":[0.0994536280632019,0.06311730295419693,0.1681961864233017,-0.00027643359499052167,-0.008629518561065197,0.11678256094455719,-0.07085895538330078,-0.005632729735225439],""readout"":[0.326788067817688,0.04759412631392479,-0.1347465068101883,-0.004788008984178305,0.08565029501914978,0.16916780173778534,-0.07302562892436981,0.01869925670325756],""readout_bias"":[0.0924140214920044],""beta"":[0.18260537087917328],""sensory_mask"":[1.0,1.0,1.0,1.0,1.0,1.0,1.0,1.0]}"
920016,LTC_SENSORY_YOKED,114,120,8,122880,5.970956417000025,0.44961345195770264,0.2655207872390747,"{""w_rec"":[0.16162337362766266,-0.12131011486053467,0.07904618978500366,-0.024260757490992546,-0.07808656245470047,-0.018476594239473343,-0.05753199756145477,0.049480754882097244,0.022147206589579582,0.08116094022989273,0.07487201690673828,-0.04385935887694359,-0.09691018611192703,0.005990301258862019,-0.02480408363044262,0.09221399575471878,0.04600866883993149,-0.05312112346291542,0.1797044724225998,-0.011573035269975662,-0.12347840517759323,0.009576113894581795,0.0242568738758564,0.08113764226436615,0.042177632451057434,-0.04936658591032028,0.02165376767516136,0.042426783591508865,-0.05348224565386772,0.01314123347401619,-0.05147450044751167,0.0544765442609787,-0.060886796563863754,0.05180343985557556,-0.10135869681835175,0.06773737072944641,0.10459142178297043,-0.07156473398208618,0.04044819623231888,-0.09208107739686966,0.04696020856499672,-0.04271361976861954,-0.04833173379302025,-0.058764614164829254,-0.044223982840776443,0.12980768084526062,-0.009719589725136757,0.06250114738941193,0.07402543723583221,-0.034332554787397385,0.07015631347894669,-0.06940110772848129,-0.11414290219545364,0.0798502191901207,0.10251583904027939,0.11243191361427307,-0.040095072239637375,0.06175822764635086,-0.08009358495473862,0.08363397419452667,0.051342662423849106,-0.07835967093706131,0.05356881767511368,0.060886450111866],""w_temp"":[-0.04622766003012657,-0.10732995718717575,-0.18650084733963013,-0.3395134508609772,0.018641402944922447,0.0235044714063406,-0.3150656521320343,-0.07860904932022095],""w_vis"":[-0.05496852844953537,0.31151914596557617,0.2153290957212448,0.18592050671577454,-0.010896354913711548,-0.02104305662214756,0.0472225546836853,-0.09423372894525528],""bias"":[-0.7445979118347168,-0.7483574151992798,-0.7584280967712402,-0.7551297545433044,-0.871670126914978,-0.7644567489624023,-0.7465622425079346,-0.8745507597923279],""raw_tau"":[0.2575646638870239,0.25404176115989685,0.24448274075984955,0.24885721504688263,0.1307486891746521,0.23761874437332153,0.25719115138053894,0.1288624405860901],""reversal"":[0.1513870805501938,-0.08790729194879532,0.18857342004776,-0.0762707069516182,0.03686853125691414,0.06554107367992401,-0.10179756581783295,-0.00543427187949419],""readout"":[0.14189589023590088,-0.23657500743865967,0.07140635699033737,-0.20648472011089325,0.07624811679124832,0.2176971733570099,-0.1711498498916626,-0.0078324219211936],""readout_bias"":[0.07686252146959305],""beta"":[0.2727224826812744],""sensory_mask"":[1.0,1.0,1.0,1.0,0.0,0.0,0.0,0.0]}"
920016,GRU_4,113,120,8,122880,1.7229648750000024,0.5137724876403809,0.26527769714593885,"{""cell.weight_ih"":[0.2293863147497177,0.24682751297950745,0.5044248104095459,-0.3027721047401428,-0.4570862352848053,0.11777897924184799,-0.033713024109601974,0.3595516085624695,0.21234509348869324,0.2569659352302551,-0.475096195936203,0.023097798228263855,0.01838873326778412,-0.30840834975242615,-0.03975538909435272,-0.009535863995552063,0.28003573417663574,-0.5029784440994263,-0.24551133811473846,0.1670560985803604,0.32667919993400574,0.09294074773788452,0.1612337976694107,0.4014989733695984,-0.1816597729921341,0.4196024537086487,-0.33847346901893616,-0.24199382960796356,0.12690968811511993,-0.2553991675376892,0.3827720284461975,-0.24915997684001923,0.3442709743976593,0.01885414309799671,-0.2430148422718048,0.5259215831756592],""cell.weight_hh"":[-0.22521838545799255,0.20164155960083008,-0.16124163568019867,0.3675363063812256,-0.04719540849328041,0.3538430631160736,-0.29606491327285767,0.37277814745903015,0.0034704108256846666,0.10786314308643341,-0.05505233258008957,0.17858783900737762,0.28047657012939453,-0.16223444044589996,-0.3680713176727295,-0.2599771022796631,0.05196326971054077,0.18970651924610138,-0.5048845410346985,0.23773986101150513,-0.06655514240264893,-0.2761525511741638,0.33070847392082214,-0.07987446337938309,-0.008133891969919205,0.018129095435142517,0.3461390733718872,-0.1430802047252655,0.1722572296857834,-0.5188956260681152,0.4224780797958374,0.024531282484531403,0.03713028132915497,-0.1746302992105484,0.13271746039390564,-0.0569700226187706,-0.05478949099779129,-0.4974135458469391,-0.20911234617233276,-0.2878749370574951,0.3429620862007141,0.3149670362472534,-0.4294978678226471,-0.3946306109428406,-0.040903136134147644,-0.25006118416786194,0.28086066246032715,-0.46666258573532104],""cell.bias_ih"":[-0.05205118656158447,-0.11772380024194717,-0.3732842803001404,-0.32509416341781616,-0.26801642775535583,-0.07355683296918869,0.10542097687721252,-0.48860421776771545,-0.31294694542884827,-0.15409612655639648,0.26672112941741943,0.03716636449098587],""cell.bias_hh"":[-0.15396517515182495,0.15858854353427887,-0.04895097762346268,-0.46579235792160034,0.23743566870689392,0.36097538471221924,-0.21332210302352905,-0.4542982876300812,0.019354112446308136,0.08312315493822098,-0.10835239291191101,-0.07757938653230667],""readout.weight"":[0.15805111825466156,-0.06159583851695061,-0.2558537423610687,-0.3079988956451416],""readout.bias"":[0.13109616935253143]}"
920016,GRU_8,321,120,8,122880,1.722709208000083,0.6176427602767944,0.2687671646475792,"{""cell.weight_ih"":[-0.30965951085090637,-0.11486084759235382,-0.31564006209373474,-0.31586286425590515,0.12747891247272491,0.2053997963666916,-0.30421924591064453,-0.062335722148418427,0.2853221595287323,-0.3203604817390442,0.35877349972724915,0.0883977934718132,0.03535759449005127,-0.02338310331106186,0.17587196826934814,0.07901758700609207,0.30754587054252625,-0.4219629168510437,-0.14657975733280182,-0.18791672587394714,-0.3121166229248047,-0.03199417516589165,-0.14947150647640228,-0.23225340247154236,0.20719493925571442,-0.3120042085647583,-0.20047999918460846,0.23130333423614502,0.12290024757385254,0.30985602736473083,0.13243532180786133,0.0227579977363348,0.028557656332850456,0.20439527928829193,0.4067128002643585,0.2795572280883789,-0.2735782265663147,-0.4025641679763794,0.1498906910419464,0.07493168860673904,-0.08457378298044205,0.043560341000556946,0.09567715972661972,0.4129391014575958,-0.04538824409246445,0.040568530559539795,0.3756211996078491,-0.11217761039733887,-0.28279396891593933,0.2893720269203186,-0.4671480655670166,0.3792102038860321,-0.020663341507315636,0.025372454896569252,0.13353176414966583,0.1981779932975769,-0.1606893241405487,-0.10321258008480072,0.11013400554656982,0.24480462074279785,-0.004964137449860573,0.3333573341369629,0.058292925357818604,-0.2359294593334198,0.15994608402252197,0.22486932575702667,-0.058141984045505524,-0.17120914161205292,-0.20795463025569916,-0.06785523891448975,0.03870382159948349,0.28542864322662354],""cell.weight_hh"":[-0.05970390513539314,0.2026289403438568,-0.12737303972244263,-0.31033551692962646,-0.18619734048843384,0.08257617801427841,0.11695421487092972,-0.3139169216156006,0.23677551746368408,0.0242497269064188,-0.04727848619222641,-0.14135169982910156,0.02342546544969082,0.08901653438806534,0.13008157908916473,0.28522512316703796,0.08824776113033295,0.15778039395809174,0.34325167536735535,-0.09087856858968735,-0.34090110659599304,-0.038576848804950714,-0.31698131561279297,-0.10243184864521027,-0.1700306236743927,-0.38892418146133423,-0.32597437500953674,0.06313130259513855,0.17256292700767517,0.02453041449189186,-0.04776230454444885,-0.1296895295381546,-0.2330293208360672,0.11382199078798294,0.15448808670043945,-0.2618882656097412,0.25446754693984985,-0.38752350211143494,0.3084031045436859,-0.16331368684768677,-0.1373416930437088,-0.41023439168930054,-0.24831132590770721,0.12082330137491226,0.2625846862792969,-0.10965628921985626,0.29824593663215637,0.21636398136615753,0.3212571442127228,0.2514919340610504,-0.17011675238609314,0.2703551948070526,-0.2329597771167755,0.03170545771718025,-0.033788036555051804,-0.24583569169044495,-0.020263653248548508,-0.036045338958501816,0.3905813992023468,0.05397813767194748,-0.24745450913906097,-0.12117826193571091,-0.12515850365161896,0.2670733630657196,0.03291004151105881,0.09471883624792099,0.030234038829803467,0.03299957141280174,-0.08038978278636932,0.3439420163631439,0.034646715968847275,-0.024765735492110252,-0.321738064289093,-0.3083188533782959,-0.05369330197572708,0.0995536595582962,-0.23850473761558533,0.3277195394039154,0.11105021089315414,0.07740406692028046,0.4021121561527252,-0.21032556891441345,0.28465500473976135,-0.2004428505897522,0.237498477101326,0.42898499965667725,0.030976269394159317,0.22052554786205292,-0.21072448790073395,0.20455169677734375,0.24986323714256287,-0.07546418160200119,-0.21417106688022614,0.16443036496639252,0.24554212391376495,0.32896897196769714,0.07772739976644516,0.2785869538784027,0.1812923550605774,-0.2798830270767212,0.3831939697265625,-0.28371837735176086,0.19457174837589264,-0.1147279441356659,-0.3572453260421753,-0.053064413368701935,-0.10016420483589172,0.406556099653244,0.35928335785865784,-0.11819068342447281,-0.3712562918663025,0.17997929453849792,-0.10492674261331558,-0.15946076810359955,0.25532639026641846,-0.31256985664367676,0.04860218986868858,-0.06671985983848572,0.43107274174690247,0.1803876757621765,-0.04710691049695015,-0.28484421968460083,-0.34180378913879395,0.09454818069934845,-0.12282538414001465,0.08219750225543976,0.2807205021381378,0.050797391682863235,-0.0349053293466568,0.17169634997844696,-0.10419197380542755,-0.13743700087070465,0.005244998261332512,-0.18573854863643646,0.2584075629711151,-0.02990536577999592,-0.175079345703125,-0.18328627943992615,0.02815002016723156,0.12741191685199738,0.17137204110622406,-0.2549503445625305,0.09417711943387985,-0.22099080681800842,-0.014018608257174492,0.015261663123965263,0.08793627470731735,-0.06212570145726204,-0.10666168481111526,0.1942664086818695,0.29231712222099304,-0.20347397029399872,-0.20133823156356812,0.36781373620033264,0.31109195947647095,0.32816052436828613,0.0935676321387291,0.3513164222240448,0.2777901291847229,0.29047852754592896,0.07698685675859451,-0.34008777141571045,-0.10215917974710464,-0.12477629631757736,0.04701218754053116,-0.11750898510217667,0.18915916979312897,0.1113547757267952,0.3598577082157135,-0.08934782445430756,-0.1941663920879364,-0.05232660472393036,-0.054990995675325394,0.002047985792160034,-0.17713820934295654,-0.19065262377262115,0.1346067637205124,-0.22930435836315155,0.011632470414042473,-0.18573929369449615,0.0680093988776207,-0.21958522498607635,-0.05402460694313049,0.1733400523662567,0.44508057832717896,-0.025467852130532265,0.03708087280392647,-0.2641470432281494,0.1625850945711136,0.2617751657962799,0.2749691307544708,-0.06929461658000946],""cell.bias_ih"":[0.11762885749340057,0.0277908593416214,-0.02888585813343525,0.29378804564476013,-0.20302942395210266,0.0707615315914154,0.047843124717473984,-0.022744188085198402,-0.4179763197898865,0.26988449692726135,-0.3084068298339844,0.05910315737128258,0.14518286287784576,0.21753057837486267,0.005621705669909716,0.2878439724445343,0.07706946134567261,-0.25823545455932617,-0.009730544872581959,-0.10786283016204834,-0.0062571195885539055,-0.05399962142109871,0.2535744607448578,-0.22046108543872833],""cell.bias_hh"":[0.2438427209854126,-0.4178852140903473,-0.09007776528596878,0.22585496306419373,0.13692471385002136,0.1295444220304489,0.22102949023246765,-0.03573351725935936,-0.07287189364433289,-0.276778906583786,0.041821278631687164,0.053007420152425766,0.32485416531562805,0.17512963712215424,-0.16679546236991882,-0.06847700476646423,0.3436970114707947,-0.27943548560142517,-0.09967619925737381,-0.14131620526313782,0.06591649353504181,0.11525184661149979,0.0825071707367897,-0.16779616475105286],""readout.weight"":[0.16979919373989105,0.003835134208202362,0.05347732454538345,-0.1779962033033371,0.21489207446575165,0.2382410317659378,0.2833850681781769,0.010274535045027733],""readout.bias"":[-0.161336749792099]}"
920017,LTC_SENSORY_SITE,114,120,8,122880,5.885643499999901,0.1593858003616333,0.3766248822212219,"{""w_rec"":[0.11066657304763794,0.01415467169135809,0.012242792174220085,0.031180309131741524,-0.05777668207883835,0.001423659734427929,0.01080302894115448,0.038556963205337524,0.004325886256992817,0.1420493870973587,-0.07286529988050461,0.04888360574841499,-0.05266471952199936,0.055858686566352844,0.02006564661860466,0.002942644990980625,0.06830424070358276,-0.009711983613669872,0.1572527289390564,-0.04531152546405792,0.050591591745615005,-0.055609043687582016,0.010971788316965103,-0.06822533905506134,-0.02460077777504921,0.009980311617255211,-0.025206701830029488,0.11658217012882233,-0.04607606679201126,0.007527172565460205,-0.07875928282737732,0.07262084633111954,-0.04180392250418663,0.03177928924560547,-0.024367915466427803,0.03823892027139664,0.03955380618572235,-0.009515819139778614,-0.05355204641819,0.05804257094860077,0.038571011275053024,-0.08165384083986282,0.0654062032699585,-0.05588109791278839,0.06926337629556656,0.04429572820663452,0.08544266223907471,-0.03685436770319939,-0.03633506968617439,0.0543825626373291,-0.06086377426981926,0.0785362496972084,-0.07575122267007828,0.050990935415029526,0.14086481928825378,0.010285461321473122,0.046669572591781616,-0.01247977465391159,0.030836397781968117,-0.013370958156883717,0.018863918259739876,-0.03259873390197754,0.006353457923978567,0.04753989353775978],""w_temp"":[0.1081181988120079,0.4097016751766205,-0.10950086265802383,0.48454898595809937,0.7280561923980713,-0.26311492919921875,0.2085305005311966,-0.170015349984169],""w_vis"":[0.20275720953941345,-0.008458919823169708,0.036871593445539474,0.07045378535985947,0.07670776546001434,-0.04592230170965195,-0.15454261004924774,-0.005038268864154816],""bias"":[-0.7790225148200989,-0.7745972871780396,-0.8434075117111206,-0.7743158936500549,-0.7793473601341248,-0.8420924544334412,-0.7778864502906799,-0.8308671116828918],""raw_tau"":[0.22272077202796936,0.23071424663066864,0.16034382581710815,0.23260049521923065,0.2325340062379837,0.1621704399585724,0.22450976073741913,0.1734083890914917],""reversal"":[-0.21423329412937164,0.08673487603664398,-0.03417598083615303,0.2950510084629059,-0.06384756416082382,0.03524063527584076,-0.07209430634975433,0.08707865327596664],""readout"":[0.13804425299167633,-0.22933320701122284,-0.03191046789288521,-0.12203891575336456,0.06064639240503311,0.03116299957036972,0.21447010338306427,0.09471144527196884],""readout_bias"":[-0.022561371326446533],""beta"":[0.22552913427352905],""sensory_mask"":[1.0,1.0,1.0,1.0,0.0,0.0,0.0,0.0]}"
920017,LTC_OUTPUT_SITE,114,120,8,122880,4.931004499999972,0.16182637214660645,0.3750379428267479,"{""w_rec"":[0.07265873998403549,-0.01437637209892273,0.04817105457186699,-0.03164422884583473,0.02346118353307247,0.00994138978421688,-0.020548703148961067,-0.07265599817037582,-0.043687473982572556,0.10949113965034485,0.07587414979934692,-0.010388377122581005,0.019232749938964844,-0.04022332653403282,-0.04061203449964523,-0.0789601057767868,0.030033010989427567,-0.07226286828517914,0.10596224665641785,0.07270053774118423,0.01679728552699089,0.04146534204483032,0.028999917209148407,0.009958850219845772,-0.010610600933432579,0.00043892356916330755,0.03499152138829231,0.10704044252634048,0.010523536242544651,-0.030376465991139412,0.06886690855026245,-0.045113831758499146,0.02373259700834751,-0.053776174783706665,-0.004820716101676226,0.11974906921386719,0.13498874008655548,0.046044692397117615,0.014223992824554443,0.03240927681326866,-0.024739673361182213,-0.06222128868103027,-0.0017483666306361556,0.039897602051496506,0.07578673958778381,0.05763744190335274,-0.014126084744930267,-0.04695062339305878,-0.05638192594051361,-0.0011896055657416582,0.05518205091357231,0.084343321621418,0.009260537102818489,-0.04656470939517021,0.13311582803726196,-0.04027858003973961,-0.005061502568423748,-0.12203645706176758,0.006687743589282036,0.07598571479320526,-0.013251055032014847,-0.03633459284901619,0.039386995136737823,0.1272856742143631],""w_temp"":[-0.18703243136405945,0.18586860597133636,0.4320690631866455,-0.20680904388427734,0.3634328842163086,0.49953198432922363,0.29996657371520996,0.38808995485305786],""w_vis"":[0.04510487616062164,-0.13118186593055725,0.1055331900715828,-0.026759373024106026,-0.06192149594426155,-0.17465649545192719,-0.024520576000213623,0.11746633797883987],""bias"":[-0.8299282789230347,-0.8657786846160889,-0.7764759063720703,-0.8528255224227905,-0.7790859937667847,-0.8458115458488464,-0.8572453856468201,-0.7771039605140686],""raw_tau"":[0.17448461055755615,0.13727036118507385,0.2297758013010025,0.1509920358657837,0.22535862028598785,0.15951310098171234,0.14669865369796753,0.22850970923900604],""reversal"":[0.07427206635475159,-0.0014954924117773771,-0.059734754264354706,0.029424011707305908,-0.06025359407067299,0.016537556424736977,0.0030655190348625183,0.269894540309906],""readout"":[0.1997067928314209,-0.005705878604203463,0.25685790181159973,0.10281626880168915,0.05419667437672615,-0.005844828672707081,0.012347571551799774,-0.07049619406461716],""readout_bias"":[-0.022268449887633324],""beta"":[0.23995839059352875],""sensory_mask"":[0.0,0.0,0.0,0.0,0.0,0.0,0.0,0.0]}"
920017,LTC_NO_FEEDBACK,114,120,8,122880,4.8269678340000155,0.1638423353433609,0.37661741822957995,"{""w_rec"":[0.07165370136499405,-0.04860474169254303,0.0606251135468483,-0.05153276026248932,0.057854995131492615,-0.044931668788194656,0.03080516681075096,0.05262463539838791,-0.007773084565997124,0.21512849628925323,-0.0010990926530212164,0.023798396810889244,-0.026337755843997,0.0643668919801712,-0.0016905025113373995,-0.07331828027963638,-0.034595292061567307,0.010757793672382832,0.1882236897945404,-0.08282842487096786,0.05278344452381134,-0.028541212901473045,0.02533014491200447,0.034368403255939484,0.05560680106282234,0.013761230744421482,-0.053508270531892776,0.17918233573436737,-0.04008312523365021,0.03380653262138367,-0.0729142501950264,-0.03944844752550125,-0.04532182216644287,0.004122146405279636,0.01682192087173462,-0.01983683370053768,0.15396833419799805,-0.018596358597278595,0.012047289870679379,0.03751060739159584,-0.0643172338604927,-0.08907991647720337,0.004549021366983652,-0.04050479829311371,0.07476480305194855,0.08578065037727356,0.03002583421766758,0.04374803230166435,-0.032567352056503296,-0.05341072380542755,0.06280683726072311,-0.04388640820980072,0.02574094571173191,-0.023235205560922623,0.14450237154960632,0.04173211380839348,-0.06594251096248627,-0.04854805767536163,0.013827402144670486,-0.028352443128824234,0.043175481259822845,-0.06310223788022995,0.07330333441495895,0.11783798038959503],""w_temp"":[-0.014601973816752434,-0.029256589710712433,-0.31549519300460815,0.4238899052143097,-0.42103683948516846,0.15039798617362976,0.10981514304876328,-0.27153828740119934],""w_vis"":[0.045329499989748,0.043683215975761414,-0.12491586059331894,0.18975600600242615,0.1337369978427887,-0.13786697387695312,-0.005668893922120333,0.00322413956746459],""bias"":[-0.8517653346061707,-0.7602716088294983,-0.8376231789588928,-0.7567691802978516,-0.8352058529853821,-0.8785022497177124,-0.8547598719596863,-0.843225359916687],""raw_tau"":[0.14971578121185303,0.23954924941062927,0.16741564869880676,0.24990355968475342,0.1709228754043579,0.12420894205570221,0.1480465531349182,0.1614229679107666],""reversal"":[0.04241912439465523,0.14501626789569855,-0.08476828783750534,0.2869725227355957,-0.1868922859430313,0.210193932056427,-0.07174672931432724,-0.06495082378387451],""readout"":[-0.001359197311103344,-0.09738530963659286,-0.31785690784454346,-0.22120380401611328,-0.12841348350048065,0.0017839220818132162,-0.0398414172232151,-0.11061197519302368],""readout_bias"":[-0.039155565202236176],""beta"":[0.25],""sensory_mask"":[0.0,0.0,0.0,0.0,0.0,0.0,0.0,0.0]}"
920017,LTC_DENSE_FEEDBACK,114,120,8,122880,5.926550124999949,0.1617729514837265,0.3761765092611313,"{""w_rec"":[0.09494549036026001,0.04186202213168144,0.02555347979068756,-0.08486858755350113,-0.021848510950803757,-0.0033550281077623367,-0.005989577155560255,0.030704135075211525,0.03838258609175682,0.14937028288841248,0.008932672441005707,-0.04132702201604843,-0.04999636486172676,0.03783944994211197,0.04468436539173126,-0.04884204640984535,-0.00034182530362159014,-0.033860307186841965,0.03471437096595764,0.011635874398052692,0.06540773808956146,-0.027233794331550598,-0.04346923157572746,0.05608474463224411,-0.045980967581272125,0.00929303653538227,0.0008756190072745085,0.1411551684141159,0.0622628815472126,-0.018290666863322258,-0.014479083940386772,0.02400233969092369,-0.036219023168087006,-0.014021572656929493,-0.02626751735806465,0.040679752826690674,0.17829054594039917,-0.06480752676725388,-0.02811053954064846,0.05834772810339928,-0.02724129892885685,0.05530008301138878,0.05474339798092842,-0.04833013191819191,-0.0316445417702198,0.09050032496452332,0.015459798276424408,0.021696800366044044,-0.062339264899492264,0.01747490093111992,-0.013472933322191238,0.041376836597919464,0.012716383673250675,-0.018841810524463654,0.05874351039528847,0.07585707306861877,-0.0038485880941152573,-0.0022356805857270956,-0.06955417990684509,0.03706841543316841,0.0351981483399868,-0.03576437756419182,-0.05076628550887108,0.16112007200717926],""w_temp"":[0.5473737716674805,-0.2498607337474823,0.34414201974868774,0.24414590001106262,0.45559513568878174,-0.394192636013031,0.1360909342765808,0.33791089057922363],""w_vis"":[0.09443778544664383,-0.08022509515285492,0.3137775957584381,0.1151861920952797,-0.01929810643196106,0.07926461100578308,0.09147089719772339,0.1142234206199646],""bias"":[-0.820634126663208,-0.8317825198173523,-0.7665101289749146,-0.7672508955001831,-0.7629749774932861,-0.830306351184845,-0.7676154971122742,-0.7656590342521667],""raw_tau"":[0.18743915855884552,0.17303016781806946,0.23913952708244324,0.23615103960037231,0.24299634993076324,0.17548470199108124,0.23413465917110443,0.23909208178520203],""reversal"":[-0.07240084558725357,-0.09798937290906906,-0.1713034063577652,0.14834322035312653,0.08503943681716919,-0.14738896489143372,-0.07088857144117355,0.10950076580047607],""readout"":[0.029392629861831665,-0.2928246259689331,0.11907634139060974,-0.1608724743127823,-0.1355827897787094,-0.10614371299743652,0.17748697102069855,-0.14764800667762756],""readout_bias"":[-0.03114810213446617],""beta"":[0.1941462904214859],""sensory_mask"":[1.0,1.0,1.0,1.0,1.0,1.0,1.0,1.0]}"
920017,LTC_SENSORY_YOKED,114,120,8,122880,5.970425750000004,0.15890717506408691,0.37632547318935394,"{""w_rec"":[0.032209571450948715,-0.04888826236128807,0.030754676088690758,-0.03155875205993652,0.013520697131752968,-0.018410153687000275,-0.025695137679576874,-0.03170998394489288,0.007142080459743738,0.022479958832263947,0.022205714136362076,0.03551836311817169,0.03228243440389633,-0.012965918518602848,-0.06015858054161072,0.004634231794625521,-0.0524146594107151,-0.060052551329135895,0.1629948616027832,-0.02847563847899437,0.004355238750576973,-0.04683173447847366,-0.013405976817011833,-0.04788196086883545,0.011169453151524067,-0.017107369378209114,-0.00487175490707159,0.1352008432149887,-0.032342053949832916,0.07936988025903702,0.007927443832159042,-0.0019354961114004254,-0.02299726940691471,0.03285989910364151,-0.04562316834926605,0.03809806704521179,0.06995868682861328,0.0006113268900662661,0.019905492663383484,0.021640747785568237,-0.013180115260183811,-0.011546265333890915,0.008932564407587051,0.002626021858304739,0.027038605883717537,0.10260738432407379,-0.05522424727678299,-0.07955990731716156,-0.025307828560471535,-0.01175118237733841,0.04513883218169212,-0.024775562807917595,0.05537984520196915,-0.07093142718076706,0.07839949429035187,-0.03230276703834534,0.04868066683411598,0.07062035799026489,-0.07001223415136337,0.016482088714838028,-0.029054556041955948,0.04165324568748474,0.004506634548306465,0.1691453605890274],""w_temp"":[0.41735130548477173,0.4503166079521179,0.3888676166534424,0.05521971732378006,-0.03194236755371094,0.22066771984100342,0.7654699683189392,-0.008500238880515099],""w_vis"":[0.0348745621740818,0.0181014072149992,0.046170324087142944,-0.05956506356596947,0.08945412188768387,0.007474154233932495,-0.08793550729751587,-0.031078603118658066],""bias"":[-0.7805884480476379,-0.780636191368103,-0.7811236381530762,-0.8318763971328735,-0.837019145488739,-0.7834699749946594,-0.7757084965705872,-0.8374910950660706],""raw_tau"":[0.22507540881633759,0.22542110085487366,0.22416837513446808,0.16951951384544373,0.16629862785339355,0.21945062279701233,0.23480693995952606,0.16582700610160828],""reversal"":[-0.17927467823028564,-0.12079314142465591,0.0961880013346672,-0.1196967139840126,0.11087856441736221,-0.1832055300474167,-0.2055654376745224,-0.04818994551897049],""readout"":[0.1997016966342926,0.09417520463466644,-0.24269632995128632,-0.0012263183016330004,0.05065833777189255,0.1390082687139511,0.11538630723953247,-0.06388106197118759],""readout_bias"":[-0.017760291695594788],""beta"":[0.23586007952690125],""sensory_mask"":[1.0,1.0,1.0,1.0,0.0,0.0,0.0,0.0]}"
920017,GRU_4,113,120,8,122880,1.7312859170000365,0.14749675989151,0.37099448442459104,"{""cell.weight_ih"":[0.2469903528690338,0.08744482696056366,-0.17016787827014923,0.6445114016532898,-0.347652405500412,-0.13243499398231506,0.32513055205345154,0.33721646666526794,0.040206361562013626,0.6315429210662842,-0.021201806142926216,0.41545969247817993,0.23522241413593292,-0.03966211527585983,-0.39060840010643005,0.03997822478413582,0.002155018039047718,-0.26713135838508606,-0.35016635060310364,-0.3939391076564789,0.27464064955711365,0.5342413187026978,-0.17649878561496735,-0.2858065366744995,-0.29830223321914673,-0.1743093580007553,0.46218064427375793,-0.23358255624771118,-0.05429866164922714,0.11798471957445145,0.45829933881759644,0.23939135670661926,-0.30042946338653564,-0.18247701227664948,0.3549729585647583,-0.516094982624054],""cell.weight_hh"":[0.5979291796684265,0.666225016117096,-0.5313905477523804,0.2465100884437561,0.005301888566464186,0.30758583545684814,-0.0369361937046051,-0.2566818296909332,-0.44724100828170776,-0.07836201786994934,-0.29207682609558105,-0.4842126667499542,-0.5040819048881531,0.06909661740064621,0.003945435397326946,-0.13391926884651184,0.40775266289711,-0.06983882188796997,-0.47649598121643066,0.32828980684280396,0.39002740383148193,-0.39940688014030457,-0.0707569345831871,-0.338373601436615,-0.17834040522575378,0.3381154239177704,-0.35043227672576904,0.3248048424720764,0.07539864629507065,0.2814253568649292,0.18206754326820374,-0.1320890337228775,0.3767039179801941,-0.40462079644203186,-0.32936936616897583,-0.18107342720031738,0.3799738585948944,-0.565642774105072,0.04454657807946205,-0.02661990374326706,-0.43221065402030945,-0.5266323685646057,0.10322773456573486,0.11616402119398117,0.50798100233078,-0.16476744413375854,-0.37861013412475586,-0.1645486056804657],""cell.bias_ih"":[0.21724672615528107,0.08448445051908493,-0.44869697093963623,-0.17875701189041138,0.39879319071769714,0.6057267189025879,-0.3130432069301605,0.21394577622413635,-0.220004603266716,-0.32483935356140137,-0.008336747996509075,0.36286160349845886],""cell.bias_hh"":[-0.5853118896484375,0.44784015417099,0.1400923728942871,-0.4469573199748993,-0.2681584656238556,0.24159879982471466,0.009360124357044697,0.5048657059669495,0.16224078834056854,0.5127608776092529,0.05935249850153923,-0.3023083806037903],""readout.weight"":[-0.3195302188396454,-0.09020469337701797,-0.2508142590522766,0.14824464917182922],""readout.bias"":[-0.10519049316644669]}"
920017,GRU_8,321,120,8,122880,1.7378638330000058,0.25988805294036865,0.3600704684853554,"{""cell.weight_ih"":[-0.17137005925178528,-0.18004176020622253,0.24551399052143097,-0.07464221864938736,-0.3462250232696533,-0.2536500096321106,-0.2711862623691559,-0.2497313916683197,-0.18382784724235535,0.14253483712673187,-0.04300859943032265,-0.30347582697868347,-0.12469775229692459,0.14237777888774872,-0.03025149181485176,0.3837376534938812,0.11396683007478714,0.08191748708486557,0.14484576880931854,0.3164500296115875,-0.039038754999637604,0.18117909133434296,0.29110801219940186,-0.25171390175819397,0.17291730642318726,-0.017040636390447617,0.05437386780977249,-0.3965848386287689,-0.18411128222942352,0.1488393396139145,-0.2984366714954376,-0.34845227003097534,-0.5112648606300354,-0.01563960500061512,-0.23784738779067993,-0.08090709894895554,0.230500727891922,-0.07046816498041153,0.0037431055679917336,-0.007162018679082394,0.05558323860168457,-0.35767853260040283,0.07020752131938934,-0.2811499536037445,0.028202911838889122,-0.2798826992511749,0.08691567182540894,-0.3181513845920563,0.17463696002960205,-0.13873454928398132,0.2058534026145935,-0.5499947667121887,0.12294982373714447,-0.3160589635372162,0.6312693953514099,0.15032082796096802,0.05711783468723297,-0.011997688561677933,0.40060508251190186,-0.06893139332532883,0.19843760132789612,-0.16114024817943573,-0.02920539863407612,-0.017822040244936943,0.2824733555316925,0.0002725695667322725,0.4332299828529358,0.37706097960472107,0.07885409146547318,0.29570746421813965,-0.046402957290410995,0.13397663831710815],""cell.weight_hh"":[-0.0611092783510685,-0.17410136759281158,0.15942753851413727,-0.09916389733552933,-0.24076354503631592,-0.30006808042526245,0.2887369394302368,-0.25269731879234314,-0.09090188890695572,-0.16070234775543213,0.1717352271080017,-0.15074904263019562,-0.15969079732894897,0.14437580108642578,-0.08950281888246536,-0.18027973175048828,-0.14199794828891754,-0.0030743025708943605,-0.29894641041755676,0.04483193904161453,-0.6251348853111267,-0.02123148925602436,-0.3505317270755768,-0.09600095450878143,-0.3084949851036072,-0.31165146827697754,-0.10873186588287354,-0.19504517316818237,-0.00804363377392292,-0.09137415140867233,0.27482643723487854,0.14873352646827698,-0.01968863047659397,0.09609170258045197,-0.0068695684894919395,-0.1752886325120926,-0.2172652631998062,0.1664278656244278,-0.3877544403076172,-0.11222445964813232,0.02366950921714306,-0.30657869577407837,0.4378626048564911,-0.33178967237472534,-0.23000231385231018,0.1904515027999878,-0.0077786315232515335,-0.14192287623882294,0.09730832278728485,-0.007261295802891254,-0.23085975646972656,0.2553769648075104,-0.3005807399749756,-0.3407749831676483,-0.054642315953969955,-0.1331661194562912,0.21942979097366333,-0.34436920285224915,-0.08403822779655457,-0.23266717791557312,0.1214069128036499,-0.15065892040729523,0.008954138495028019,0.11374035477638245,0.19152088463306427,-0.3017995357513428,0.1444561630487442,-0.145112544298172,0.4552498459815979,0.22618450224399567,0.2202587127685547,0.038650885224342346,0.05715049430727959,-0.24573101103305817,0.3317825198173523,-0.23446540534496307,0.37400564551353455,0.16990818083286285,0.10823293775320053,0.08596194535493851,-0.15710780024528503,-0.150567427277565,0.05682814121246338,0.17000119388103485,0.3068215847015381,0.2747991383075714,0.29383599758148193,0.3361645042896271,-0.026900894939899445,-0.09524600952863693,-0.2017785757780075,0.3336845338344574,0.1172415167093277,-0.14645682275295258,-0.3257777988910675,-0.0734965056180954,0.09945453703403473,0.3788108229637146,-0.20735223591327667,0.122049979865551,-0.12318356335163116,-0.026494551450014114,-0.35800179839134216,0.05480576306581497,0.1609305739402771,0.04593639075756073,0.052939727902412415,0.10156140476465225,-0.05233552306890488,-0.1901252716779709,0.2161913365125656,-0.27371880412101746,-0.14445072412490845,-0.3448810875415802,0.4865178167819977,0.016118362545967102,-0.002470816485583782,0.27930915355682373,0.1607518345117569,0.0006434426177293062,0.13118354976177216,0.3418518602848053,0.26791059970855713,0.10411952435970306,0.19477400183677673,-0.07706053555011749,-0.08176454901695251,0.08518924564123154,-0.15791106224060059,0.06502238661050797,-0.09458430111408234,0.22274161875247955,0.40074852108955383,0.05174693465232849,0.0759037435054779,0.14170099794864655,0.12348838150501251,-0.10376972705125809,-0.10769566148519516,-0.09135646373033524,-0.20819979906082153,-0.0802808403968811,0.0246324073523283,-0.393724262714386,0.27700674533843994,0.05361465364694595,-0.14260390400886536,0.1010344997048378,0.019291892647743225,-0.32626423239707947,-0.12639594078063965,0.3564915955066681,0.032481689006090164,-0.2777951955795288,0.2729397714138031,-0.03923863172531128,-0.054017338901758194,0.0946863517165184,0.3900754451751709,0.0005663160700351,-0.24033239483833313,-0.27363237738609314,-0.34796446561813354,0.41069352626800537,-0.05316739156842232,0.3029780685901642,-0.2454691380262375,-0.02319338172674179,-0.14451086521148682,0.14411059021949768,0.23967374861240387,-0.23115311563014984,0.10713009536266327,0.05106164142489433,0.1968599408864975,0.36454254388809204,0.08310001343488693,0.1414107382297516,0.1241951435804367,-0.2638839781284332,0.3520650565624237,-0.010790493339300156,-0.0852237120270729,0.018739530816674232,0.09627529233694077,-0.09513059258460999,0.6010294556617737,-0.1275017112493515,0.12738460302352905,0.27495139837265015,0.11722684651613235,-0.0076774791814386845],""cell.bias_ih"":[0.25958317518234253,0.23856744170188904,-0.12169166654348373,0.18066434562206268,0.05340226739645004,-0.00902826339006424,0.2305021733045578,0.22157014906406403,0.35071656107902527,0.07940114289522171,0.13407443463802338,0.012481906451284885,-0.12139976024627686,-0.17723064124584198,-0.10864583402872086,-0.17461150884628296,-0.07137273252010345,-0.09384780377149582,-0.1415674388408661,-0.15801291167736053,0.2445002794265747,-0.04397532343864441,0.10490964353084564,-0.071746326982975],""cell.bias_hh"":[0.0752028152346611,-0.3377830684185028,-0.503895103931427,-0.18749785423278809,-0.3603821098804474,-0.27539190649986267,-0.04084225371479988,0.20189055800437927,-0.11110671609640121,0.18404534459114075,-0.22689826786518097,0.2640322148799896,-0.11276769638061523,-0.2968762218952179,-0.476837694644928,-0.061468567699193954,-0.05191517248749733,0.29515594244003296,0.014840654097497463,-0.15634818375110626,0.26308968663215637,0.3372996747493744,-0.137126162648201,0.028304964303970337],""readout.weight"":[-0.28389763832092285,0.2080460488796234,-0.20793694257736206,-0.25922632217407227,0.27067655324935913,-0.24169926345348358,-0.2465706318616867,-0.08540496975183487],""readout.bias"":[0.01684819720685482]}"
920018,LTC_SENSORY_SITE,114,120,8,122880,5.845836875000032,0.1991121917963028,0.35804968923330305,"{""w_rec"":[0.06658337265253067,0.07825415581464767,-0.02858620509505272,0.019940299913287163,0.052440471947193146,-0.06084431707859039,-0.07244576513767242,-0.020155683159828186,-0.020338205620646477,0.18238294124603271,-0.031421057879924774,-0.028554247692227364,0.05453667417168617,-0.03377537429332733,-0.03413883224129677,-0.03867553547024727,0.021818365901708603,0.004988338798284531,0.10139543563127518,0.009292766451835632,-0.041725486516952515,0.09122846275568008,-0.01715647056698799,0.07338088750839233,0.01863945461809635,0.07623889297246933,-0.03332247957587242,0.12844890356063843,-0.03129385784268379,-0.02077842503786087,-0.031553104519844055,-0.009344507940113544,-0.035772815346717834,0.05273965373635292,-0.011177737265825272,0.0009771647164598107,0.19528596103191376,-0.06085379421710968,-0.043352629989385605,-0.024287216365337372,-0.013058519922196865,0.05993478745222092,-0.06592396646738052,0.013795053586363792,0.04640210419893265,0.12012343853712082,-0.015310774557292461,-0.03840579092502594,-0.03010827675461769,0.022292157635092735,-0.01973351091146469,0.04043026268482208,0.0473698191344738,-0.059267476201057434,0.09810212254524231,-0.050255123525857925,-0.020464863628149033,0.08195346593856812,-0.09124784171581268,0.06111284717917442,0.08286762982606888,-0.030253633856773376,-0.11783495545387268,0.12363012135028839],""w_temp"":[-0.26257583498954773,-0.18328584730625153,0.19966323673725128,0.011924747377634048,0.06155803054571152,0.04901272803544998,-0.03329574689269066,-0.10785534977912903],""w_vis"":[-0.007249135058373213,0.12149868160486221,-0.09285096079111099,-0.04828716069459915,-0.1260971575975418,-0.10585497319698334,0.030432134866714478,-0.1330253779888153],""bias"":[-0.8492892980575562,-0.8302232027053833,-0.8006954193115234,-0.8496143817901611,-0.8639717102050781,-0.8443353772163391,-0.8367583751678467,-0.8885960578918457],""raw_tau"":[0.1546432077884674,0.17347149550914764,0.20272564888000488,0.1534377783536911,0.1388399302959442,0.15862645208835602,0.16637247800827026,0.11432760208845139],""reversal"":[-0.017627397552132607,-0.09364566206932068,0.0853639468550682,-0.0018548431107774377,-0.01870706118643284,-0.00333845941349864,0.07950299233198166,-0.015576552599668503],""readout"":[0.01870410144329071,0.3184325098991394,0.1388789266347885,0.0017179036512970924,-0.016986554488539696,-0.024081185460090637,-0.046706877648830414,-0.052619434893131256],""readout_bias"":[0.019324449822306633],""beta"":[0.2857816219329834],""sensory_mask"":[1.0,1.0,1.0,1.0,0.0,0.0,0.0,0.0]}"
920018,LTC_OUTPUT_SITE,114,120,8,122880,4.957629665999889,0.19923323392868042,0.35799345970153806,"{""w_rec"":[0.12326191365718842,0.07960350811481476,0.009887954220175743,-0.0382208451628685,0.012757179327309132,0.01024528220295906,0.044486984610557556,0.02586280182003975,0.0743338093161583,0.18781793117523193,-0.052920643240213394,0.03086116909980774,-0.005127491429448128,0.0669911801815033,0.09482014179229736,-0.09261786937713623,0.10266993939876556,0.09073890745639801,0.027165435254573822,0.07131842523813248,-0.04501764476299286,0.051304709166288376,-0.018715502694249153,-0.09906244277954102,0.046987589448690414,0.01799442619085312,-0.011317870579659939,0.13443224132061005,-0.05370040982961655,0.019485607743263245,-0.07102686166763306,-0.04060806334018707,-0.011295406147837639,0.046080082654953,-0.011488254182040691,0.04108469933271408,0.0774865373969078,0.006352690048515797,-0.05684462562203407,-0.04474536329507828,0.025826346129179,-0.005889879539608955,-0.05243642255663872,0.049260322004556656,-0.0011887168511748314,0.13857509195804596,-0.06023707240819931,-0.02492509037256241,0.0647798478603363,0.11375617980957031,-0.07972457259893417,0.0898761972784996,-0.11770056933164597,0.0595514141023159,0.19613945484161377,-0.06417857110500336,0.08751209825277328,0.0044831507839262486,-0.0268544964492321,0.04927090182900429,-0.08153770864009857,0.04897570237517357,-0.08685778081417084,0.09991437196731567],""w_temp"":[0.39414161443710327,0.14452846348285675,-0.23849934339523315,-0.020130105316638947,-0.24359595775604248,-0.08120522648096085,0.12684646248817444,-0.08980432152748108],""w_vis"":[-0.0435556098818779,0.006941225379705429,0.07953199744224548,0.024697691202163696,-0.048523224890232086,-0.030721550807356834,-0.0985836535692215,-0.14628686010837555],""bias"":[-0.79833984375,-0.8458172082901001,-0.869621753692627,-0.8282322287559509,-0.8201348781585693,-0.8235836029052734,-0.8841972947120667,-0.8329479694366455],""raw_tau"":[0.20656414330005646,0.15767498314380646,0.1338222324848175,0.1748378723859787,0.18400698900222778,0.17984938621520996,0.11878446489572525,0.1706254929304123],""reversal"":[-0.2513926327228546,-0.07538721710443497,0.030316825956106186,-0.10769110918045044,0.11055553704500198,-0.13537219166755676,-0.009108473546802998,0.1415594220161438],""readout"":[-0.21678531169891357,-0.01698964834213257,0.007638599257916212,0.07622499018907547,-0.3184663951396942,0.1244034618139267,-0.06754831969738007,-0.042493708431720734],""readout_bias"":[0.008966014720499516],""beta"":[0.17023693025112152],""sensory_mask"":[0.0,0.0,0.0,0.0,0.0,0.0,0.0,0.0]}"
920018,LTC_NO_FEEDBACK,114,120,8,122880,4.840978042000074,0.20222651958465576,0.3580202147364616,"{""w_rec"":[0.12921011447906494,-0.06310663372278214,-0.04569753259420395,-0.03155294433236122,-0.08880709111690521,0.009119215421378613,0.055104997009038925,0.036756351590156555,-0.03132283687591553,0.0903315469622612,0.10290089249610901,-0.003953087143599987,-0.0035236268304288387,-0.0024695235770195723,0.040886636823415756,0.007906937040388584,0.05401409789919853,-0.12452720105648041,0.1289975792169571,-0.11701979488134384,-0.051220353692770004,-0.1427745372056961,0.12621715664863586,0.12599892914295197,0.051400717347860336,0.022667771205306053,-0.13114696741104126,0.09264776855707169,-0.04057472571730614,0.02713840827345848,-0.035574860870838165,0.05803815647959709,0.07131295651197433,-0.01125649455934763,-0.07941000163555145,-0.05030010640621185,0.0753130316734314,-0.07421304285526276,0.002923105377703905,0.05343509465456009,-0.03360286355018616,-0.021841468289494514,0.14892971515655518,0.046159423887729645,-0.007510929834097624,0.105072021484375,0.04338112473487854,0.012124354019761086,-0.021220972761511803,-0.06519285589456558,0.12175846099853516,-0.07807769626379013,-0.047266341745853424,-0.10333075374364853,0.23525720834732056,0.035157158970832825,0.0412764735519886,-0.0019930002745240927,-0.11091406643390656,-0.051261939108371735,-0.010770777240395546,-0.014197718352079391,0.034622807055711746,0.13318265974521637],""w_temp"":[-0.05058322474360466,0.12825702130794525,-0.37806811928749084,-0.01850755885243416,-0.08349017798900604,0.24088338017463684,0.0345369428396225,0.027571458369493484],""w_vis"":[-0.013270457275211811,0.05567680299282074,-0.10308174788951874,0.018274441361427307,-0.061169665306806564,-0.009193642064929008,-0.10854486376047134,0.11859050393104553],""bias"":[-0.8376589417457581,-0.819546639919281,-0.9133034944534302,-0.8286397457122803,-0.8314171433448792,-0.80533367395401,-0.8711186051368713,-0.8326587677001953],""raw_tau"":[0.1656045913696289,0.1839410811662674,0.09017756581306458,0.17439332604408264,0.17206038534641266,0.19865456223487854,0.13192686438560486,0.17003454267978668],""reversal"":[0.0005289685213938355,0.052790962159633636,-0.011313525959849358,0.07556041330099106,0.046439409255981445,0.16083870828151703,-0.007032386958599091,-0.060065507888793945],""readout"":[0.012456811033189297,0.13819770514965057,-0.030118968337774277,-0.11004399508237839,-0.11113183945417404,0.11030713468790054,-0.006462667137384415,0.04800036922097206],""readout_bias"":[0.01176523044705391],""beta"":[0.25],""sensory_mask"":[0.0,0.0,0.0,0.0,0.0,0.0,0.0,0.0]}"
920018,LTC_DENSE_FEEDBACK,114,120,8,122880,5.924768666999967,0.20855139195919037,0.3579835623502731,"{""w_rec"":[0.12098222970962524,0.005958662834018469,0.009724249131977558,-0.04459040239453316,0.06115751713514328,0.04676138237118721,-0.07296592742204666,-0.01155789103358984,0.07774888724088669,0.18683725595474243,0.04465910419821739,-0.009294840507209301,0.005506612826138735,0.06662576645612717,-0.13115881383419037,0.014383051544427872,-0.007848376408219337,0.05634879320859909,0.14008191227912903,0.04709327965974808,0.06096617877483368,0.038590095937252045,0.110322967171669,-0.07234784215688705,0.05314517766237259,0.015992697328329086,-0.005978976376354694,0.12042425572872162,0.0808761939406395,0.028508387506008148,-0.027729379013180733,-0.02722076140344143,0.020553581416606903,0.03690323233604431,0.0448945052921772,0.036715686321258545,0.1680203527212143,-0.002971682697534561,0.11929673701524734,-0.05882514640688896,0.006318480242043734,-0.011792824603617191,0.03664476424455643,0.0251656174659729,0.008455965667963028,0.1476474106311798,0.1094733327627182,-0.012506681494414806,0.10726628452539444,0.10800647735595703,0.10932349413633347,-0.057138312608003616,0.10724741965532303,0.16830463707447052,0.1609240472316742,-0.09082705527544022,0.013643619604408741,0.035139117389917374,0.028289949521422386,-0.013198308646678925,0.0385216660797596,0.06873349100351334,0.13609565794467926,0.035705868154764175],""w_temp"":[-0.13538174331188202,0.005821573548018932,0.23926104605197906,-0.14571169018745422,0.15009960532188416,0.18469646573066711,0.245985746383667,0.27308106422424316],""w_vis"":[0.09160441160202026,-0.14202533662319183,-0.2093874216079712,0.04445222392678261,0.07472779601812363,0.10978209227323532,0.00026740372413769364,-0.002275124192237854],""bias"":[-0.8249695301055908,-0.8197758197784424,-0.8439297676086426,-0.8313510417938232,-0.8317330479621887,-0.8140038847923279,-0.9156092405319214,-0.837154746055603],""raw_tau"":[0.1786314845085144,0.1834625005722046,0.1592969298362732,0.17234040796756744,0.17185144126415253,0.1899276226758957,0.08758217096328735,0.16691361367702484],""reversal"":[-0.0822438970208168,-0.12673050165176392,-0.18620085716247559,-0.0019772520754486322,-0.20850500464439392,-0.22212131321430206,-0.012759857811033726,0.1265432983636856],""readout"":[0.04066818207502365,0.06272974610328674,-0.03577273339033127,-0.003092070808634162,-0.05553372576832771,-0.2058899700641632,-0.04959353432059288,0.047332268208265305],""readout_bias"":[-0.002021846594288945],""beta"":[0.13476282358169556],""sensory_mask"":[1.0,1.0,1.0,1.0,1.0,1.0,1.0,1.0]}"
920018,LTC_SENSORY_YOKED,114,120,8,122880,5.975694542000042,0.21401318907737732,0.35803586840629575,"{""w_rec"":[0.1040465384721756,0.020814523100852966,-0.14009197056293488,-0.0194475669413805,0.022451534867286682,-0.04222022369503975,-0.010149013251066208,0.023700017482042313,-0.029862014576792717,0.090653195977211,0.09405407309532166,-0.0030706545803695917,-0.07058744132518768,0.04763844609260559,0.029560163617134094,0.047667089849710464,-0.12210937589406967,-0.1081777885556221,0.13212840259075165,0.1281995177268982,-0.08524742722511292,-0.011739470064640045,-0.0909089595079422,0.08773290365934372,-0.0027783866971731186,-0.028299996629357338,0.09984173625707626,0.15260116755962372,-0.01820915937423706,0.07559069246053696,0.035775791853666306,0.008847339078783989,0.00394994905218482,-0.0403667613863945,0.16156847774982452,0.058449458330869675,0.08426709473133087,0.09741107374429703,5.34258724655956e-05,0.08881653100252151,-0.029821334406733513,-0.09000784158706665,-0.029745863750576973,0.107828788459301,-0.09704042971134186,0.11658724397420883,-0.0501946359872818,0.07628142833709717,0.011945292353630066,0.002338709542527795,-0.09327705204486847,0.01813402771949768,-0.0022353832609951496,-0.015762342140078545,0.08494868874549866,0.06256997585296631,-0.031644754111766815,-0.12228911370038986,0.016556527465581894,0.10150327533483505,-0.08937972038984299,0.04289115220308304,-0.05213606730103493,0.19937194883823395],""w_temp"":[-0.1937505304813385,0.4594675302505493,-0.1505500227212906,0.15377850830554962,0.0708409920334816,-0.14449241757392883,-0.5185721516609192,0.13914470374584198],""w_vis"":[0.0027762497775256634,0.09644775092601776,-0.15255218744277954,0.05648725479841232,-0.13503165543079376,0.009120943024754524,-0.01770147494971752,0.05830530449748039],""bias"":[-0.8140274286270142,-0.8239660859107971,-0.9020867347717285,-0.8326883316040039,-0.8249787092208862,-0.8671277165412903,-0.8229411244392395,-0.8874444961547852],""raw_tau"":[0.19001935422420502,0.18187099695205688,0.10119330883026123,0.17086312174797058,0.17772604525089264,0.1366339772939682,0.18245692551136017,0.11617059260606766],""reversal"":[0.053246382623910904,0.16407036781311035,-0.007521317806094885,-0.10268380492925644,0.26597023010253906,0.00601230887696147,0.0312521830201149,-0.047848425805568695],""readout"":[-0.15220530331134796,0.20905475318431854,-0.004562323912978172,-0.1633148193359375,0.23284310102462769,-0.12104965001344681,-0.1447039246559143,-0.01313957292586565],""readout_bias"":[-0.011659934185445309],""beta"":[0.12760518491268158],""sensory_mask"":[1.0,1.0,1.0,1.0,0.0,0.0,0.0,0.0]}"
920018,GRU_4,113,120,8,122880,1.7200579159999734,0.19079187512397766,0.3566499978303909,"{""cell.weight_ih"":[-0.23049628734588623,-0.24253325164318085,0.060837794095277786,-0.18080617487430573,0.16934092342853546,0.3317769765853882,0.2909385859966278,0.16700191795825958,-0.4179225564002991,-0.4269334673881531,0.3590581715106964,-0.09465157985687256,-0.23679478466510773,0.37553173303604126,0.19855399429798126,0.13193269073963165,0.2559066712856293,-0.3532010018825531,-0.05854688957333565,-0.47936874628067017,0.1730007380247116,0.13168127834796906,0.38780152797698975,0.15054495632648468,0.40141111612319946,0.27848461270332336,-0.10528863221406937,0.44183966517448425,0.5425570607185364,0.12514346837997437,0.033170104026794434,-0.19030258059501648,0.34472110867500305,-0.23819006979465485,-0.33598092198371887,0.16667595505714417],""cell.weight_hh"":[-0.4650115370750427,-0.42894089221954346,-0.3105096220970154,0.2936898171901703,-0.22088226675987244,0.16468876600265503,-0.27190959453582764,0.09600558876991272,0.18493714928627014,-0.6074349284172058,-0.20042963325977325,0.23856963217258453,-0.29817554354667664,-0.30385512113571167,-0.40310537815093994,0.19371403753757477,0.5781164169311523,-0.014540120027959347,-0.54045170545578,-0.32196134328842163,0.34351441264152527,0.46183475852012634,-0.30351775884628296,0.2325897365808487,0.07947380095720291,0.09345327317714691,0.19351360201835632,-0.15187479555606842,-0.3819715976715088,0.15104183554649353,0.17247620224952698,0.0783265084028244,-0.23912490904331207,0.2491157054901123,0.19905517995357513,-0.42720019817352295,0.26165518164634705,-0.21538816392421722,0.4138035774230957,0.16318379342556,0.27543309330940247,0.02010313980281353,-0.1844143122434616,0.2644438147544861,-0.5072392225265503,0.27209946513175964,0.3391352593898773,-0.037532608956098557],""cell.bias_ih"":[-0.4298762083053589,0.2241557389497757,-0.331342875957489,0.28523513674736023,0.14241819083690643,-0.5932678580284119,0.33742672204971313,-0.061120640486478806,0.3836205005645752,0.21337880194187164,-0.17069196701049805,-0.08774689584970474],""cell.bias_hh"":[0.3204613924026489,-0.1647571474313736,-0.22125791013240814,0.2574042081832886,0.47301986813545227,-0.20905359089374542,-0.23982347548007965,-0.44196489453315735,-0.012392659671604633,-0.36889588832855225,-0.11828897148370743,-0.1027875542640686],""readout.weight"":[0.041167933493852615,0.21008767187595367,-0.2150527685880661,-0.4854862093925476],""readout.bias"":[-0.32823845744132996]}"
920018,GRU_8,321,120,8,122880,1.7375728329999447,0.2743173837661743,0.36068630814552305,"{""cell.weight_ih"":[0.03699858486652374,-0.1928759217262268,0.34027206897735596,-0.10735885053873062,-0.27346575260162354,0.38205814361572266,-0.20942972600460052,-0.19426007568836212,0.0021422067657113075,0.2678954303264618,0.17450572550296783,0.39008697867393494,-0.049339596182107925,0.0237736813724041,-0.31934115290641785,0.3912186920642853,-0.2886570692062378,0.12713807821273804,0.02702341042459011,0.15496918559074402,-0.22932006418704987,-0.1764192432165146,0.1400904804468155,0.09074320644140244,0.2838929295539856,0.09372863918542862,-0.3189244270324707,0.29238763451576233,-0.257418692111969,-0.38829243183135986,-0.10460992157459259,0.19825151562690735,-0.2411392629146576,-0.32510578632354736,-0.027827192097902298,-0.35354578495025635,0.17283929884433746,0.35733261704444885,0.31768667697906494,-0.044499121606349945,-0.08659656345844269,0.011690611019730568,0.18966718018054962,-0.17681214213371277,0.1679127961397171,-0.33802640438079834,0.31978708505630493,-0.11848542839288712,0.10772815346717834,-0.27368977665901184,0.2053302824497223,0.13690049946308136,0.2038482427597046,0.2167196124792099,-0.1100321039557457,0.08485244959592819,0.2711125910282135,-0.18457290530204773,-0.32110223174095154,0.4530573785305023,-0.28496044874191284,0.05530635640025139,0.49982577562332153,-0.08292386680841446,-0.28722861409187317,-0.024620449170470238,-0.03446657210588455,0.08785193413496017,0.2913816273212433,0.48054829239845276,-0.05519089102745056,-0.41560906171798706],""cell.weight_hh"":[-0.22460418939590454,0.033008597791194916,-0.10625901818275452,0.20414674282073975,0.15079495310783386,0.41250067949295044,0.022972676903009415,0.03764184191823006,-0.23820367455482483,0.23604892194271088,0.1000821590423584,0.00797848030924797,-0.06599867343902588,-0.2298923283815384,-0.07461608946323395,-0.01995735801756382,-0.1717643290758133,0.06714926660060883,-0.23239640891551971,0.5087124705314636,-0.24061919748783112,-0.18833790719509125,0.09018529951572418,0.26967936754226685,0.0962633416056633,-0.3716595470905304,0.01178218238055706,-0.29287320375442505,0.06161923334002495,-0.2242228239774704,-0.3405042588710785,-0.22857487201690674,0.15944384038448334,-0.151984304189682,0.0012946231290698051,-0.2985271215438843,0.19756722450256348,0.2953379154205322,-0.2767137289047241,0.3951856791973114,0.10607434809207916,-0.34937793016433716,-0.11862767487764359,0.13414309918880463,-0.31097620725631714,0.26946720480918884,-0.26532256603240967,0.1646306961774826,-0.2727915942668915,0.039122164249420166,0.09002363681793213,-0.230555921792984,-0.40349963307380676,0.05500469729304314,0.2556557357311249,0.31761571764945984,-0.14917196333408356,-0.27494457364082336,-0.11435866355895996,-0.28484001755714417,0.19800366461277008,0.022629432380199432,0.1485314518213272,-0.11893907934427261,0.005767033901065588,-0.02508261427283287,0.26271212100982666,-0.24301421642303467,-0.06619125604629517,0.2639199197292328,0.05895316228270531,0.15290117263793945,0.12559227645397186,-0.18280857801437378,-0.13888795673847198,0.1705400049686432,0.20829495787620544,0.05458332970738411,-0.287572979927063,-0.18141944706439972,-0.022392896935343742,-0.016180764883756638,-0.34363165497779846,-0.10987668484449387,-0.14720380306243896,-0.3181065618991852,-0.23115436732769012,0.044824469834566116,-0.3677268922328949,-0.13299095630645752,-0.17104850709438324,-0.049501169472932816,0.07560071349143982,0.3179708421230316,0.1727205067873001,-0.1087959036231041,0.22808274626731873,-0.17615194618701935,0.1317743957042694,-0.18016280233860016,-0.2393355816602707,0.007103391923010349,0.10326512902975082,0.41497576236724854,0.16045045852661133,-0.08278907835483551,-0.0005974278319627047,-0.2725520133972168,-0.3333035409450531,0.1430928111076355,-0.09031764417886734,-0.029072150588035583,-0.234244704246521,-0.28526756167411804,-0.2873944342136383,-0.044058702886104584,0.16709858179092407,-0.16642574965953827,-0.1499348282814026,0.34688419103622437,-0.05459918826818466,0.325090229511261,0.06701608002185822,-0.15708069503307343,0.32895517349243164,0.08616786450147629,0.09464593231678009,-0.09714551270008087,-0.32626399397850037,-0.030631395056843758,-0.2696590721607208,-0.21496492624282837,0.1728416085243225,0.0002722350473050028,-0.09375205636024475,0.3401795029640198,-0.2618575096130371,0.06201890856027603,-0.08315645158290863,-0.33809399604797363,0.04408368095755577,0.28674018383026123,-0.31212398409843445,0.04388118162751198,0.257371187210083,0.10405386984348297,0.16458860039710999,0.0658973678946495,-0.20340554416179657,0.06801864504814148,-0.22761528193950653,0.23067761957645416,0.15330760180950165,-0.2796107828617096,-0.10374534875154495,-0.20545494556427002,-0.08820898830890656,0.34470638632774353,0.15036121010780334,0.09849964827299118,0.3190281391143799,0.09462016820907593,0.11234472692012787,0.4190502166748047,0.21795322000980377,-0.0071474723517894745,0.28914687037467957,-0.19691908359527588,-0.05255793035030365,0.23774738609790802,0.3376545310020447,-0.39584866166114807,0.2531295120716095,0.09713345766067505,0.019411597400903702,0.2530149519443512,-0.10536257922649384,-0.0931597650051117,-0.11802506446838379,0.41544604301452637,-0.1942027062177658,0.18377654254436493,0.10488040000200272,-0.2631581425666809,-0.14221544563770294,-0.0712963417172432,0.07494949549436569,0.21829009056091309,0.07902231812477112,0.1817203015089035,-0.11832766979932785,0.1194019764661789],""cell.bias_ih"":[-0.37318935990333557,-0.1969883292913437,-0.25576114654541016,-0.31913450360298157,0.24736514687538147,0.060257818549871445,-0.07549356669187546,-0.1809002161026001,-0.03434945270419121,-0.23882551491260529,-0.10431621223688126,0.25340521335601807,-0.040125489234924316,-0.055836644023656845,0.145968496799469,0.3962588608264923,0.1490982472896576,0.050364986062049866,-0.2606455087661743,0.19256746768951416,0.2199651449918747,-0.10511670261621475,0.08109387755393982,0.08748365193605423],""cell.bias_hh"":[-0.2141137421131134,-0.2659899592399597,0.08301445841789246,-0.3838198482990265,-0.2889563739299774,-0.05568784102797508,0.3213115334510803,0.03374292701482773,-0.2205565720796585,0.15541084110736847,-0.19627206027507782,0.1970933973789215,0.061136581003665924,0.2281329333782196,0.27986982464790344,0.19516496360301971,0.14729483425617218,-0.0352272093296051,0.24283720552921295,0.12228213995695114,-0.2117021083831787,0.25785115361213684,-0.1122988611459732,-0.1768837720155716],""readout.weight"":[0.015239646658301353,0.17261387407779694,-0.18762043118476868,-0.04248221963644028,-0.18090620636940002,0.15148264169692993,-0.24184919893741608,0.005642836447805166],""readout.bias"":[0.021573524922132492]}"
920019,LTC_SENSORY_SITE,114,120,8,122880,5.863862334000032,0.34563809633255005,0.38266717195510863,"{""w_rec"":[0.1440865844488144,-0.029846439138054848,0.03818129748106003,-0.05058352276682854,-0.013457217253744602,0.09254787117242813,0.0019287437899038196,-0.1183210164308548,0.0016983832465484738,0.10330956429243088,0.035809602588415146,-0.047382064163684845,-0.0399969220161438,0.05921156704425812,0.019455064088106155,-0.11100395768880844,-0.10849626362323761,0.02420477196574211,0.02465648576617241,0.1340777724981308,0.0862010195851326,-0.10581697523593903,-0.08427166938781738,0.12042445689439774,-0.0015265278052538633,-0.03280482441186905,0.02035684883594513,0.09304918348789215,-0.020802661776542664,0.05454909801483154,0.06689678877592087,-0.06238909065723419,0.03326304629445076,-0.013006547465920448,0.10018109530210495,-0.06025715917348862,0.03762856125831604,0.03635248914361,0.05672794207930565,-0.05251243710517883,0.03170313313603401,-0.01851479522883892,0.09024563431739807,-0.050392139703035355,-0.04484320059418678,0.17241217195987701,0.05717260017991066,-0.12884216010570526,-0.11876587569713593,0.11521756649017334,-0.08957899361848831,0.11297599971294403,0.09432829171419144,-0.10337921231985092,0.05390092357993126,0.08734965324401855,-0.14549246430397034,0.10858679562807083,-0.13888724148273468,0.08453810214996338,0.1122785434126854,-0.12476397305727005,-0.055267829447984695,0.19055074453353882],""w_temp"":[-0.16065678000450134,-0.08160991966724396,0.21715819835662842,-0.11077563464641571,-0.2581608295440674,-0.45782431960105896,0.20253930985927582,-0.06341952830553055],""w_vis"":[0.04768003895878792,0.014466010965406895,-0.2232012003660202,-0.026586323976516724,0.0589938685297966,-0.054106615483760834,-0.08584708720445633,-0.10491503775119781],""bias"":[-0.7648512125015259,-0.7499335408210754,-0.8867843747138977,-0.7619595527648926,-0.7525843381881714,-0.7376505136489868,-0.8966629505157471,-0.8967879414558411],""raw_tau"":[0.23849886655807495,0.2529163062572479,0.1173262894153595,0.24105378985404968,0.25121060013771057,0.2668522596359253,0.10724272578954697,0.10658911615610123],""reversal"":[0.10316509008407593,-0.18648521602153778,0.04715525731444359,-0.2729918360710144,-0.09275484830141068,0.2136363834142685,0.09526706486940384,0.010288943536579609],""readout"":[-0.07897582650184631,0.12867280840873718,0.013398510403931141,0.07175911217927933,0.26624369621276855,-0.2883965075016022,-0.0097883939743042,-0.16164791584014893],""readout_bias"":[-0.07077367603778839],""beta"":[0.23799489438533783],""sensory_mask"":[1.0,1.0,1.0,1.0,0.0,0.0,0.0,0.0]}"
920019,LTC_OUTPUT_SITE,114,120,8,122880,4.917038332999937,0.34684956073760986,0.3831826776266098,"{""w_rec"":[0.2030848264694214,-0.07274804264307022,-0.13739411532878876,0.08553703874349594,0.0518835112452507,-0.0744481235742569,-0.03143974766135216,0.09568629413843155,-0.09964105486869812,0.18430544435977936,0.029422124847769737,-0.09495139122009277,-0.08698837459087372,-0.0048541659489274025,0.008491840213537216,-0.05217823013663292,-0.11475566029548645,0.035146620124578476,0.13761238753795624,-0.014685587026178837,-0.058139409869909286,0.008115394972264767,0.07815201580524445,-0.05313469097018242,0.08864202350378036,-0.13181665539741516,-0.06347069144248962,0.21678926050662994,0.02259102649986744,-0.09297870844602585,-0.11256095767021179,0.07299889624118805,0.11615004390478134,-0.08630474656820297,-0.09982268512248993,0.10969623178243637,0.09723614901304245,-0.04639732092618942,-0.09507597237825394,0.13617803156375885,0.09773524850606918,-0.006986535154283047,-0.05192139372229576,0.049748897552490234,-0.002529214369133115,0.08486882597208023,-0.05345945432782173,0.05061914026737213,-0.041668664664030075,0.04280930384993553,0.03412149101495743,0.004870865494012833,-0.0620063878595829,0.01827688328921795,0.14920726418495178,-0.06534266471862793,-0.04879187420010567,0.036751024425029755,0.0009238478960469365,-0.020738936960697174,-0.06609108299016953,0.0395287424325943,0.07116620242595673,0.08752217143774033],""w_temp"":[0.08100812882184982,-0.17951877415180206,-0.3029126226902008,-0.04942619428038597,0.06893596798181534,-0.06592419743537903,-0.039616044610738754,-0.21903769671916962],""w_vis"":[-0.17254392802715302,0.17847971618175507,0.06988820433616638,-0.18941918015480042,-0.13301855325698853,0.020509492605924606,0.0618295855820179,-0.12423058599233627],""bias"":[-0.8769893646240234,-0.7528080940246582,-0.7631689310073853,-0.892612874507904,-0.9114269018173218,-0.861395001411438,-0.7575822472572327,-0.7703847289085388],""raw_tau"":[0.1265704184770584,0.250675231218338,0.24094907939434052,0.11083763837814331,0.09231703728437424,0.14183519780635834,0.2450273036956787,0.23306316137313843],""reversal"":[-0.010838399641215801,0.1315990388393402,0.07857134193181992,-0.10391741245985031,0.0006502396427094936,0.02262130379676819,0.13944290578365326,-0.12426126003265381],""readout"":[0.0055337706580758095,-0.15965083241462708,-0.13689535856246948,0.0037946600932627916,-0.0007852501003071666,-0.018750937655568123,-0.11176172643899918,0.06424693018198013],""readout_bias"":[-0.06802282482385635],""beta"":[0.26236528158187866],""sensory_mask"":[0.0,0.0,0.0,0.0,0.0,0.0,0.0,0.0]}"
920019,LTC_NO_FEEDBACK,114,120,8,122880,4.845461708000016,0.34589022397994995,0.3825686931610107,"{""w_rec"":[0.03771309554576874,0.0007423069328069687,0.043148670345544815,0.004493435379117727,0.01234340202063322,-0.02875327318906784,-0.09938673675060272,0.002053608885034919,-0.10452506691217422,0.1575782299041748,-0.10774663835763931,0.08271408826112747,-0.0870928093791008,0.09832966327667236,0.07009746134281158,-0.11522933840751648,0.05284559354186058,-0.09063570946455002,0.19423526525497437,-0.060700710862874985,0.02394246868789196,-0.06639575213193893,-0.055530305951833725,0.0781949907541275,0.0023739503230899572,-0.021417614072561264,0.04989161342382431,0.09151152521371841,0.020330823957920074,-0.06329281628131866,-0.04678748548030853,0.00042144127655774355,-0.04678518697619438,-0.04415678605437279,-0.0005137101979926229,-0.010205330327153206,0.04723847657442093,-0.026929015293717384,-0.048063013702631,-0.034462492913007736,-0.054094888269901276,0.06593956053256989,-0.061264149844646454,0.0899309292435646,-0.08876679092645645,0.16928060352802277,0.07504928857088089,-0.1054605096578598,-0.05478610098361969,0.08808980882167816,-0.08794263005256653,0.053678084164857864,-0.028685061261057854,0.08321971446275711,0.2814371585845947,-0.06303077191114426,0.009858684614300728,-0.07756799459457397,0.13285137712955475,-0.02768193557858467,0.02381862699985504,-0.09086769074201584,-0.03800659626722336,0.1495523452758789],""w_temp"":[0.26330897212028503,0.20818831026554108,-0.4729113280773163,-0.07401710003614426,0.0033028365578502417,0.09875667095184326,0.09840787202119827,0.12525713443756104],""w_vis"":[0.12679144740104675,-0.33620375394821167,-0.011342862620949745,0.12311598658561707,-0.11326687783002853,0.052727989852428436,0.030971771106123924,0.07824376970529556],""bias"":[-0.767119824886322,-0.8856345415115356,-0.7345340847969055,-0.7446677088737488,-0.7880331873893738,-0.8876379728317261,-0.885996401309967,-0.7564681768417358],""raw_tau"":[0.2335788756608963,0.11814050376415253,0.27014946937561035,0.25808343291282654,0.21467415988445282,0.11602660268545151,0.11792422831058502,0.2451307624578476],""reversal"":[0.062403131276369095,-0.039797890931367874,0.31744617223739624,-0.14860041439533234,0.042309995740652084,-0.04637298360466957,-0.11191839724779129,0.10763176530599594],""readout"":[-0.19736364483833313,0.009191036224365234,-0.21844875812530518,0.21160802245140076,-0.048899777233600616,0.004479471128433943,-0.07654967904090881,-0.12089154124259949],""readout_bias"":[-0.07317470014095306],""beta"":[0.25],""sensory_mask"":[0.0,0.0,0.0,0.0,0.0,0.0,0.0,0.0]}"
920019,LTC_DENSE_FEEDBACK,114,120,8,122880,5.920402707999983,0.3428592383861542,0.38262360990047456,"{""w_rec"":[0.06925202161073685,0.05036170780658722,-0.006845438852906227,-0.012977121397852898,-0.10924047231674194,-0.00577472522854805,0.06448289006948471,-0.022664496675133705,-0.03536074236035347,0.13115498423576355,-0.041767481714487076,0.001341428724117577,-0.032037198543548584,-0.03891712799668312,-0.006711096037179232,-0.036968544125556946,-0.022529400885105133,-0.003270313609391451,0.1013372465968132,-0.053962599486112595,0.0018208941910415888,-0.01792099140584469,0.014647433534264565,-0.021280929446220398,-0.050963133573532104,0.0449795201420784,-0.03382908180356026,0.05516337230801582,-0.05582558736205101,-0.06383538991212845,0.05941544100642204,-0.0699106901884079,-0.024048738181591034,0.029796989634633064,-0.01616845466196537,-0.09017713367938995,0.11109857261180878,-0.036705899983644485,0.036586809903383255,-0.027105936780571938,0.0015654899179935455,0.029460309073328972,-0.032449871301651,-0.04039726033806801,-0.028674377128481865,0.0731949731707573,0.018181582912802696,-0.04452711343765259,-0.03407932445406914,0.007262531667947769,-0.026627514511346817,-0.03304251283407211,-0.042851030826568604,-0.02464039996266365,0.13341939449310303,-0.04179953783750534,0.11342516541481018,-0.09967290610074997,0.08699837327003479,0.08686354756355286,0.13222625851631165,0.06869110465049744,-0.08478434383869171,0.17191603779792786],""w_temp"":[-0.2486245334148407,0.07266514003276825,-0.11831893026828766,-0.48291224241256714,-0.29117050766944885,-0.34003445506095886,-0.19855745136737823,-0.18291360139846802],""w_vis"":[0.019150221720337868,-0.011362970806658268,-0.08645088970661163,0.12655887007713318,0.0341087244451046,0.12073830515146255,0.21902962028980255,-0.1460852026939392],""bias"":[-0.7543997764587402,-0.7714985013008118,-0.7676755785942078,-0.7400609254837036,-0.7570658326148987,-0.7562064528465271,-0.7621335387229919,-0.8885676264762878],""raw_tau"":[0.24932849407196045,0.23063257336616516,0.2354000061750412,0.26509642601013184,0.2469228059053421,0.2481989711523056,0.2415732443332672,0.11475075036287308],""reversal"":[-0.11789725720882416,0.1409503072500229,-0.09513591974973679,-0.28376874327659607,-0.0933399423956871,-0.11827268451452255,0.09195893257856369,-0.04463614523410797],""readout"":[0.15206681191921234,-0.06434722244739532,0.08197356760501862,0.24859823286533356,0.17844173312187195,0.12466762959957123,-0.12077358365058899,0.015082219615578651],""readout_bias"":[-0.06752688437700272],""beta"":[0.2235858142375946],""sensory_mask"":[1.0,1.0,1.0,1.0,1.0,1.0,1.0,1.0]}"
920019,LTC_SENSORY_YOKED,114,120,8,122880,5.952004208999938,0.3511725068092346,0.3824960023164749,"{""w_rec"":[0.2279939502477646,-0.09226702153682709,0.05760497972369194,0.08029753714799881,-0.09703802317380905,-0.06189102306962013,-0.1135421097278595,0.07693041861057281,0.06478779762983322,0.03432706370949745,0.08450046926736832,0.07194595783948898,-0.10386541485786438,-0.057344742119312286,-0.09711533784866333,0.0971454605460167,-0.05372573807835579,0.07981260120868683,0.08681084215641022,-0.10086260735988617,0.04519222676753998,0.03108593076467514,0.041024647653102875,-0.01053797360509634,0.0967973843216896,-0.00469178194180131,0.09377419948577881,0.17830002307891846,-0.07668676972389221,-0.09984918683767319,-0.12255042046308517,0.07019531726837158,-0.03399735316634178,0.12342000752687454,-0.07300267368555069,-0.10076478868722916,0.19084049761295319,0.05278189107775688,0.034546297043561935,-0.03793865069746971,-0.08162245154380798,0.08677788078784943,-0.021710284054279327,-0.06934484839439392,0.015142284333705902,0.17091523110866547,0.1169094666838646,-0.030046800151467323,0.07710257917642593,-0.08460989594459534,0.10050512850284576,0.11750907450914383,-0.06988108158111572,-0.1262517273426056,0.017815347760915756,0.08720210194587708,-0.06114395707845688,0.10061120241880417,-0.061751190572977066,-0.06440535187721252,0.053482260555028915,0.0695793554186821,0.04068504646420479,0.12994204461574554],""w_temp"":[0.09596749395132065,-0.12216857820749283,0.022812167182564735,0.2806411385536194,-0.3150460422039032,-0.2520744800567627,0.2719041705131531,-0.0991983637213707],""w_vis"":[0.0009188820840790868,-0.09424864500761032,0.12493061274290085,0.016627367585897446,0.10019207000732422,-0.10550036281347275,-0.10275916755199432,-0.03846185654401779],""bias"":[-0.89386385679245,-0.8784366846084595,-0.7462353706359863,-0.8869916796684265,-0.7348803877830505,-0.730342447757721,-0.8901758790016174,-0.7524642944335938],""raw_tau"":[0.10997843742370605,0.12489068508148193,0.25602486729621887,0.11705802381038666,0.2692359685897827,0.27317121624946594,0.11379925906658173,0.2504609525203705],""reversal"":[-0.2761593163013458,-0.01541811227798462,-0.11391347646713257,0.0004957296187058091,0.13726285099983215,0.11824628710746765,0.07800520956516266,-0.0774240642786026],""readout"":[-0.06445761024951935,0.02526012249290943,0.10072100162506104,-0.04218364879488945,-0.14309267699718475,-0.36232560873031616,-0.006155211012810469,0.12302156537771225],""readout_bias"":[-0.08615382760763168],""beta"":[0.27943098545074463],""sensory_mask"":[1.0,1.0,1.0,1.0,0.0,0.0,0.0,0.0]}"
920019,GRU_4,113,120,8,122880,1.7311763750000182,0.3726453483104706,0.3846462547779083,"{""cell.weight_ih"":[-0.40153583884239197,-0.440559446811676,0.41764646768569946,0.1319100260734558,-0.2175055593252182,0.21323741972446442,0.14358502626419067,0.319217324256897,-0.2037990540266037,-0.2825261354446411,-0.19805382192134857,-0.21906282007694244,0.016413021832704544,0.4863622486591339,0.11983487755060196,0.5785778164863586,0.10513222962617874,-0.06545202434062958,-0.3657471239566803,-0.17135021090507507,0.3624612092971802,0.32319724559783936,0.2388717085123062,-0.35344070196151733,-0.2792360782623291,-0.501579761505127,-0.3187611997127533,-0.10466393828392029,0.16662560403347015,0.20348100364208221,0.06951799988746643,0.043469104915857315,-0.5206233263015747,0.2554418742656708,-0.27089565992355347,0.23005488514900208],""cell.weight_hh"":[-0.11059784889221191,-0.13725882768630981,-0.1561133712530136,-0.32036513090133667,0.0816740095615387,-0.4725806713104248,0.0907672867178917,-0.184884712100029,-0.5157858729362488,0.37373086810112,0.06761469691991806,0.2851822078227997,-0.04763024300336838,0.40214455127716064,0.5261841416358948,-0.17234502732753754,0.1134079322218895,0.1064019575715065,-0.025931652635335922,0.26977914571762085,0.187898650765419,-0.026236679404973984,0.035630811005830765,-0.44657811522483826,0.38768211007118225,0.030191995203495026,-0.007366183679550886,0.17297562956809998,-0.16368620097637177,0.14645031094551086,-0.2968214154243469,-0.22097456455230713,-0.48296111822128296,-0.3873917758464813,-0.0692787691950798,0.052821628749370575,-0.3032238781452179,0.3062343895435333,0.12710291147232056,-0.09236989915370941,0.1467134952545166,-0.019388634711503983,0.2277543693780899,0.5071688890457153,0.23096902668476105,-0.4475021958351135,-0.3964802026748657,-0.5215422511100769],""cell.bias_ih"":[0.47936299443244934,0.34468770027160645,0.3541260063648224,0.5107792615890503,0.461622953414917,-0.3432999551296234,0.2387308031320572,0.22970828413963318,0.3491387367248535,0.23370960354804993,-0.08658968657255173,0.22487378120422363],""cell.bias_hh"":[-0.25362661480903625,0.14435070753097534,0.24358056485652924,-0.3989275097846985,0.3125818967819214,0.41780397295951843,0.6521979570388794,0.28740394115448,-0.3391929268836975,-0.010185632854700089,0.17459586262702942,0.3354904055595398],""readout.weight"":[0.17911918461322784,-0.46097850799560547,0.3129613995552063,-0.2946171462535858],""readout.bias"":[0.007768519688397646]}"
920019,GRU_8,321,120,8,122880,1.7298305000000482,0.32312145829200745,0.38549658209085463,"{""cell.weight_ih"":[0.39857810735702515,0.17436105012893677,0.12728211283683777,-0.3991623520851135,0.08717505633831024,0.30863526463508606,-0.20928145945072174,0.09808991849422455,0.09302952885627747,0.3212481439113617,-0.06397648900747299,0.22738268971443176,-0.23037728667259216,0.31013092398643494,-0.3259470462799072,0.2230721116065979,0.06483408063650131,0.16368190944194794,0.19148005545139313,0.08197226375341415,0.3025374114513397,0.0972229614853859,-0.002029295777902007,-0.21339571475982666,0.30036553740501404,-0.270153284072876,0.015736989676952362,-0.17503441870212555,-0.022412294521927834,0.40540269017219543,-0.13114988803863525,0.10403253138065338,0.00995510071516037,-0.3224375247955322,-0.2730478048324585,0.20809073746204376,-0.05388924479484558,0.1620628982782364,-0.31893035769462585,-0.10073956102132797,-0.2928601801395416,-0.12277568131685257,-0.2782416343688965,0.11862440407276154,-0.07951034605503082,-0.16632457077503204,0.08728993684053421,-0.03760668635368347,0.16051369905471802,-0.31046798825263977,0.1456236094236374,0.33966296911239624,-0.010202780365943909,0.12291184067726135,0.1701493263244629,-0.19517849385738373,0.133314847946167,0.3026418387889862,0.3176634609699249,-0.005993603263050318,0.26930859684944153,-0.29219773411750793,0.197761669754982,-0.1283351331949234,-0.3139185905456543,-0.28608351945877075,0.37452608346939087,-0.16385558247566223,-0.25081461668014526,0.204055055975914,0.19018548727035522,-0.0028015668503940105],""cell.weight_hh"":[0.24249199032783508,-0.3437448740005493,0.3147609233856201,0.3056986927986145,0.4013907313346863,-0.09768632054328918,-0.23575590550899506,0.024528872221708298,-0.04368413984775543,-0.20122261345386505,0.08238629251718521,0.25904321670532227,-0.21419139206409454,-0.15712615847587585,-0.028756074607372284,0.21898508071899414,-0.11889918893575668,-0.12184995412826538,-0.3482411801815033,0.23611977696418762,-0.23519004881381989,0.03750459849834442,0.057809822261333466,0.09004147350788116,0.2618948221206665,0.03897120803594589,-0.29562056064605713,0.24222604930400848,-0.09211727976799011,-0.14848209917545319,-0.02342492714524269,-0.055333297699689865,0.17559242248535156,-0.171979159116745,-0.02321922406554222,-0.09849586337804794,-0.39341112971305847,0.1340700089931488,0.22822724282741547,-0.1352493315935135,0.1620849072933197,0.15739299356937408,-0.23162078857421875,-0.17814429104328156,-0.28531450033187866,0.033964674919843674,0.1596044898033142,0.11572275310754776,-0.33748966455459595,0.09129389375448227,0.2886310815811157,-0.28737592697143555,0.16561564803123474,-0.13809500634670258,-0.0946940928697586,0.3099876046180725,0.32249727845191956,0.2665797770023346,0.12605571746826172,0.09133196622133255,0.3365914523601532,0.07470804452896118,0.2543792128562927,0.21455428004264832,-0.1814199537038803,0.019804073497653008,-0.3710944652557373,0.25217220187187195,0.23155540227890015,-0.06894418597221375,-0.2512892186641693,-0.28366249799728394,-0.17608973383903503,0.2962239384651184,0.2693333923816681,-0.03952031210064888,0.0829567238688469,0.13792578876018524,0.19317691028118134,0.14454439282417297,0.36397817730903625,0.2515902519226074,-0.09024009853601456,0.15264882147312164,-0.30506545305252075,0.35015493631362915,-0.13420210778713226,-0.31659212708473206,-0.2796638309955597,-0.1395491361618042,0.25260186195373535,0.0818888321518898,-0.2953602075576782,-0.008354381658136845,0.028219934552907944,0.23505623638629913,-0.23642393946647644,-0.06880708038806915,0.3331621587276459,-0.2699691951274872,0.40697741508483887,0.010864540934562683,-0.17242643237113953,-0.3671972453594208,-0.20653197169303894,-0.12066780030727386,0.22813498973846436,0.3850254416465759,-0.3407273590564728,0.28858816623687744,-0.2616051733493805,0.3647964894771576,-0.28132960200309753,0.2339695692062378,0.03394116088747978,0.02064765989780426,-0.18022310733795166,0.18393172323703766,0.0994068905711174,0.2190418243408203,0.26859110593795776,-0.2850278615951538,0.13917098939418793,0.062247950583696365,0.2460012584924698,0.29429566860198975,-0.20310595631599426,0.12042730301618576,0.1115158423781395,-0.2998979389667511,0.09656644612550735,0.35276997089385986,0.39148402214050293,-0.16101281344890594,0.22503061592578888,-0.020039299502968788,-0.31113648414611816,-0.022121349349617958,0.24108316004276276,0.22664675116539001,-0.03573797643184662,0.23356403410434723,0.1194990798830986,-0.0891365110874176,-0.001313603948801756,0.07831842452287674,-0.12479697167873383,0.337422639131546,0.055348142981529236,0.16111256182193756,0.026430947706103325,0.08796009421348572,0.31674104928970337,-0.15735800564289093,-0.17690804600715637,0.20608943700790405,-0.18151910603046417,0.07813838869333267,-0.11807790398597717,0.26338160037994385,-0.1736784428358078,0.2863767147064209,0.0024112241808325052,-0.15023793280124664,-0.1693437248468399,0.08226627111434937,0.24664534628391266,0.019328057765960693,-0.18941019475460052,-0.17898505926132202,-0.16220225393772125,0.030837485566735268,0.22760185599327087,-0.3729057013988495,0.2070586085319519,0.11580733209848404,0.1844538301229477,0.1467900574207306,-0.02476710081100464,0.13689249753952026,-0.15463557839393616,-0.01848670281469822,-0.10460370033979416,0.21510712802410126,0.3191128671169281,0.312608003616333,-0.25516477227211,-0.08780328929424286,-0.14851166307926178,0.043641943484544754,-0.3236810863018036,0.008617322891950607],""cell.bias_ih"":[-0.1748434603214264,-0.3133074641227722,-0.19584737718105316,-0.2594098746776581,-0.1330941617488861,-0.12446386367082596,0.16846883296966553,0.00983774196356535,0.07187759131193161,0.00323803024366498,0.2988511621952057,-0.14679639041423798,-0.07981277257204056,0.2564849853515625,-0.38262033462524414,-0.06170233339071274,-0.1432214379310608,-0.24306365847587585,0.2604469656944275,0.05442889407277107,0.0013824384659528732,0.03493589535355568,0.11988958716392517,0.17133544385433197],""cell.bias_hh"":[0.0923638641834259,-0.18172931671142578,-0.34509479999542236,0.1715218871831894,0.13811831176280975,-0.33013248443603516,0.11908845603466034,-0.03634673357009888,-0.2469014823436737,-0.12370675802230835,-0.2978043258190155,-0.05581716448068619,0.1424669623374939,0.18107381463050842,0.14406636357307434,-0.2509901523590088,0.19996249675750732,-0.32958123087882996,0.06203407794237137,0.1998944878578186,0.31086066365242004,0.26442667841911316,-0.23477934300899506,0.03771938011050224],""readout.weight"":[0.08937204629182816,0.2192911058664322,-0.07039570063352585,0.042207181453704834,-0.009950135834515095,-0.09946080297231674,0.1150415688753128,-0.04548182711005211],""readout.bias"":[-0.03416900709271431]}"
920020,LTC_SENSORY_SITE,114,120,8,122880,5.84649970800001,0.39859575033187866,0.29305448830127717,"{""w_rec"":[0.11570332199335098,-0.011840549297630787,0.020833443850278854,-0.02341865561902523,0.0012759710662066936,0.02226657047867775,-0.00986323133111,-0.06708016991615295,0.05782683566212654,0.10017766803503036,0.008817744441330433,-0.03526546433568001,-0.031115064397454262,0.0388033390045166,0.024302668869495392,-0.05702365189790726,-0.014127857983112335,0.002895514015108347,0.05881936103105545,-0.05438617989420891,0.019257590174674988,-0.015463648363947868,-0.00608077785000205,-0.09759151190519333,0.1193934828042984,-0.09759493917226791,0.09735603630542755,0.19258075952529907,-0.09796872735023499,0.1456380933523178,-0.06177854537963867,-0.01592950150370598,-0.0038539054803550243,-0.019859325140714645,0.017711972817778587,0.023190639913082123,0.10334964096546173,0.03514309599995613,0.01889331452548504,-0.043868668377399445,-0.0379975326359272,-0.004768805578351021,0.04518697038292885,-0.04776351526379585,-0.030824171379208565,0.11671880632638931,-0.016331223770976067,-0.029970213770866394,-0.03340943530201912,0.011457477696239948,-0.04821048676967621,0.005895423237234354,0.009902508929371834,-0.02929428033530712,0.10275384783744812,-0.05323405936360359,-0.007262812461704016,-0.0402008555829525,0.08334609121084213,0.048947859555482864,-0.049255795776844025,0.014775075018405914,-0.046037036925554276,0.037559863179922104],""w_temp"":[0.019616123288869858,-0.13085836172103882,-0.030912991613149643,0.11355411261320114,0.09277205169200897,0.053367841988801956,-0.027294037863612175,-0.1208316758275032],""w_vis"":[-0.29003313183784485,-0.12541961669921875,-0.17106783390045166,0.06097095459699631,-0.17023496329784393,-0.006562499795109034,-0.13628454506397247,-0.10236753523349762],""bias"":[-0.791710376739502,-0.8036492466926575,-0.7815115451812744,-0.8935191035270691,-0.8069931864738464,-0.7978181838989258,-0.7862430214881897,-0.8396150469779968],""raw_tau"":[0.21185484528541565,0.199552983045578,0.2217879742383957,0.11026539653539658,0.19577737152576447,0.2044837325811386,0.21682202816009521,0.16376926004886627],""reversal"":[-0.14279477298259735,0.07200036942958832,-0.19109666347503662,-0.1306651532649994,0.09041503071784973,-0.12072112411260605,0.15891848504543304,0.002226793672889471],""readout"":[0.0824507400393486,-0.05110767111182213,0.18579012155532837,-0.019620435312390327,-0.038468681275844574,0.06158098205924034,-0.13105598092079163,-0.0026061588432639837],""readout_bias"":[-0.03466971591114998],""beta"":[0.2747977375984192],""sensory_mask"":[1.0,1.0,1.0,1.0,0.0,0.0,0.0,0.0]}"
920020,LTC_OUTPUT_SITE,114,120,8,122880,4.939064791999954,0.3987499475479126,0.29360190182924273,"{""w_rec"":[0.09735553711652756,0.0006799718830734491,0.0016538244672119617,-0.06482896953821182,-0.007407153025269508,-0.0358472615480423,0.0747600570321083,0.06677081435918808,-0.020928427577018738,0.01999695412814617,0.020633025094866753,0.010588739067316055,0.03589700162410736,-0.0009762205881997943,0.08468784391880035,0.02475440315902233,0.010251488536596298,-0.01867268979549408,0.17501497268676758,-0.03224601969122887,0.06873691082000732,-0.0761767029762268,0.0997951403260231,0.04067288339138031,0.03982643410563469,-0.037031300365924835,0.03974449634552002,0.23296400904655457,0.08286651223897934,-0.07874894142150879,-0.15928997099399567,0.014810333959758282,0.02282981015741825,-0.05745219439268112,0.08550715446472168,0.0039873928762972355,0.1164691150188446,-0.0497838594019413,0.06970510631799698,0.035156894475221634,3.244710387662053e-05,-0.05769598111510277,0.020692771300673485,-0.013664833270013332,0.04109350964426994,0.06546559929847717,0.10126452893018723,0.017393160611391068,0.13511545956134796,-0.11428692936897278,0.13685502111911774,0.10114528238773346,0.11896511167287827,-0.1339951753616333,0.09614971280097961,0.08223315328359604,0.027959857136011124,-0.02400999516248703,0.0405174121260643,-0.04568997770547867,0.07513850182294846,-0.020905910059809685,0.08182190358638763,0.15787410736083984],""w_temp"":[0.14207413792610168,-0.01247809361666441,-0.2689563035964966,-0.19184543192386627,-0.03429025784134865,-0.12359841167926788,-0.258443146944046,-0.0935315489768982],""w_vis"":[-0.11171510815620422,-0.22271953523159027,-0.07736246287822723,-0.028400015085935593,-0.23373492062091827,-0.0256681926548481,-0.1891069859266281,-0.23108480870723724],""bias"":[-0.7912667989730835,-0.8233121037483215,-0.8170697093009949,-0.8718298673629761,-0.8221480846405029,-0.8045148849487305,-0.9275056719779968,-0.828498899936676],""raw_tau"":[0.2111346572637558,0.18000535666942596,0.18586120009422302,0.13201689720153809,0.1812542825937271,0.1982482224702835,0.07598693668842316,0.17496761679649353],""reversal"":[-0.2183600813150406,0.02002323791384697,-0.04359165579080582,-0.039786603301763535,-0.021329538896679878,0.0566108413040638,-0.003687060670927167,-0.016013765707612038],""readout"":[0.12717527151107788,-0.053510282188653946,0.030258942395448685,-0.0495598129928112,0.04928883537650108,-0.1387302130460739,-0.007034773472696543,0.05755555257201195],""readout_bias"":[-0.028412112966179848],""beta"":[0.22843042016029358],""sensory_mask"":[0.0,0.0,0.0,0.0,0.0,0.0,0.0,0.0]}"
920020,LTC_NO_FEEDBACK,114,120,8,122880,4.840287124999918,0.3992844223976135,0.2929103195667267,"{""w_rec"":[0.11059379577636719,0.06069903448224068,0.06472060084342957,-0.008131936192512512,0.02777595818042755,-0.029242856428027153,-0.04089261591434479,-0.06565374881029129,-0.028052514418959618,0.06524406373500824,-0.013570990413427353,0.028984952718019485,0.08020538836717606,0.0359041728079319,0.008351845666766167,-0.004311450757086277,-0.08270323276519775,-0.07183834910392761,0.08725009113550186,0.09254270792007446,0.1319613754749298,0.08651930093765259,-0.018322866410017014,0.051619913429021835,-0.025543011724948883,0.0029409315902739763,0.05449598655104637,0.1325402706861496,-0.008883084170520306,-0.08065251260995865,-0.07888025045394897,-0.04925038293004036,0.011528857983648777,0.0887627825140953,0.04384380206465721,-0.020384514704346657,0.10940872877836227,-0.025115543976426125,-0.042368169873952866,-0.04551243782043457,-0.01502334326505661,-0.15034358203411102,-0.05487225577235222,0.029681742191314697,0.052152447402477264,0.1886928379535675,0.017805904150009155,0.017040591686964035,-0.04749349132180214,-0.018637806177139282,0.0171984676271677,0.033454932272434235,0.04903615266084671,0.04446796700358391,0.04210831969976425,-0.01636488176882267,-0.11460279673337936,-0.07635132223367691,-0.018063372001051903,0.09801708906888962,0.08001534640789032,0.08048895746469498,0.022423991933465004,0.12647105753421783],""w_temp"":[0.1905568689107895,-0.08449862152338028,-0.0035207895562052727,-0.010506090708076954,-0.16254755854606628,0.10865624248981476,-0.2004925161600113,0.11426452547311783],""w_vis"":[0.05606214702129364,0.0420602485537529,0.000516959757078439,-0.23967136442661285,-0.08869974315166473,0.03642855957150459,-0.10781808197498322,0.025003504008054733],""bias"":[-0.7866001129150391,-0.8779065608978271,-0.8882319331169128,-0.7781877517700195,-0.7760825753211975,-0.8692476749420166,-0.8478308916091919,-0.8898710608482361],""raw_tau"":[0.2147408276796341,0.12588636577129364,0.11527562141418457,0.22530363500118256,0.22696416079998016,0.13460983335971832,0.15551774203777313,0.11358911544084549],""reversal"":[0.0821424126625061,0.04413438215851784,0.01581175997853279,-0.10137525200843811,-0.12244149297475815,-0.0877775102853775,0.01709321327507496,-0.006090539041906595],""readout"":[-0.1121964231133461,0.07565052062273026,0.01611558347940445,0.23259799182415009,0.22865784168243408,-0.0949845165014267,-0.04785951226949692,-0.0071871657855808735],""readout_bias"":[-0.042692992836236954],""beta"":[0.25],""sensory_mask"":[0.0,0.0,0.0,0.0,0.0,0.0,0.0,0.0]}"
920020,LTC_DENSE_FEEDBACK,114,120,8,122880,5.924087291999967,0.39974427223205566,0.2926968678832054,"{""w_rec"":[0.026458004489541054,-0.08170948922634125,0.05024870112538338,-0.054102569818496704,0.06339371204376221,0.06860952079296112,0.11919435113668442,-0.0146056292578578,-0.07717421650886536,0.014961754903197289,-0.027487728744745255,-0.04646482318639755,0.06568741053342819,0.009580709971487522,-0.003160536289215088,-0.011508717201650143,-0.02618848904967308,-0.03330659493803978,0.16408130526542664,-0.029748164117336273,0.04816381260752678,-0.10407287627458572,0.023758098483085632,0.024329883977770805,-0.07985038310289383,-0.07453688979148865,0.07068249583244324,0.13739745318889618,0.10365421324968338,0.017091380432248116,0.11240119487047195,-0.0845964252948761,-0.11627927422523499,-0.05372784659266472,0.059203892946243286,-0.05189763009548187,0.2257164716720581,-0.07866495102643967,0.10765071958303452,0.00787793193012476,-0.07246708124876022,-0.055579062551259995,0.07678484916687012,-0.07188532501459122,0.1308881938457489,0.09754287451505661,0.1470901221036911,-0.04967379942536354,-0.019968094304203987,0.07185917347669601,0.051744360476732254,0.0232442244887352,0.011315494775772095,-1.616336521692574e-05,0.10762786120176315,-0.04232563078403473,-0.0683913603425026,-0.06696003675460815,0.06545431166887283,-0.044795967638492584,0.06485878676176071,-0.04582614451646805,0.07814906537532806,0.14148004353046417],""w_temp"":[-0.055081482976675034,-0.23640167713165283,-0.02348528429865837,-0.3744617998600006,-0.18581300973892212,0.03255520388484001,-0.21055223047733307,-0.12657563388347626],""w_vis"":[-0.12300629913806915,0.02746679075062275,-0.12386409938335419,-0.16545605659484863,-0.20094045996665955,-0.103714220225811,-0.06708871573209763,-0.17634987831115723],""bias"":[-0.9048011898994446,-0.8872511386871338,-0.8303355574607849,-0.9380186200141907,-0.891391396522522,-0.9092835187911987,-0.7992016077041626,-0.8757849335670471],""raw_tau"":[0.09859967231750488,0.11674731969833374,0.17271986603736877,0.06576215475797653,0.11218743026256561,0.0939795970916748,0.20388957858085632,0.1277201771736145],""reversal"":[0.06680355221033096,0.03499199450016022,-0.03666399046778679,0.007183353882282972,-0.0025068917311728,-0.021379943937063217,-0.0348680205643177,0.008240844123065472],""readout"":[0.005567725747823715,0.09296146780252457,0.1625734269618988,0.010113095864653587,-0.002508634701371193,0.028020091354846954,0.037666331976652145,-0.009278004989027977],""readout_bias"":[-0.05547718703746796],""beta"":[0.39035388827323914],""sensory_mask"":[1.0,1.0,1.0,1.0,1.0,1.0,1.0,1.0]}"
920020,LTC_SENSORY_YOKED,114,120,8,122880,5.969145083000058,0.39997678995132446,0.2928574547171593,"{""w_rec"":[0.05960088595747948,0.048967842012643814,0.039192114025354385,0.05333787202835083,-0.06667415797710419,0.020020872354507446,-0.10825110971927643,-0.13454920053482056,0.07918709516525269,0.12371277064085007,0.05927447974681854,-0.007518482860177755,0.024976953864097595,-0.03565656766295433,0.04458034411072731,0.17115838825702667,0.07118554413318634,0.0013945442624390125,0.16304919123649597,-0.010047368705272675,0.017025712877511978,-0.005936495028436184,0.0453784316778183,0.13466212153434753,0.006880453787744045,0.013385627418756485,0.03821352496743202,0.15596798062324524,0.027565104886889458,0.045739393681287766,-0.010689406655728817,0.13175544142723083,-0.1275395303964615,0.15233014523983002,0.174829363822937,0.1191243827342987,0.0031325845047831535,0.09186951816082001,-0.08828739821910858,-0.04991835355758667,-0.11887117475271225,0.1304372251033783,0.09252980351448059,0.14244641363620758,-0.07086362689733505,0.22469379007816315,-0.06778506934642792,0.05357419699430466,-0.08791092783212662,0.11885008960962296,0.06508403271436691,0.043915025889873505,-0.11009518057107925,0.035169705748558044,0.0401783362030983,-0.0861433818936348,-0.13757936656475067,0.10737189650535583,0.20012204349040985,0.15103672444820404,-0.12617792189121246,0.11985895782709122,-0.09358464181423187,0.1316702961921692],""w_temp"":[0.02635040134191513,-0.1849312037229538,0.04693624749779701,0.06496714800596237,0.10026583820581436,-0.2424229234457016,-0.07431086152791977,0.0077568041160702705],""w_vis"":[-0.028793182224035263,-0.2449222207069397,0.004676102194935083,-0.009744428098201752,-0.09248026460409164,-0.050819188356399536,0.07633186131715775,-0.19034385681152344],""bias"":[-0.8766038417816162,-0.7729823589324951,-0.7961382269859314,-0.7960823774337769,-0.9301419854164124,-0.9074326157569885,-0.8937369585037231,-0.9454151391983032],""raw_tau"":[0.1269117146730423,0.23066098988056183,0.20618721842765808,0.20631003379821777,0.07308997958898544,0.09583043307065964,0.1100725531578064,0.05780614912509918],""reversal"":[0.0767972394824028,-0.08965495973825455,-0.038957566022872925,-0.06603647023439407,0.04107169806957245,-0.03316522389650345,0.01977558247745037,-0.006138294469565153],""readout"":[0.0726076290011406,0.32804861664772034,0.1676481068134308,0.04480108246207237,1.6808626241981983e-05,0.010106123983860016,0.09490210562944412,0.14414559304714203],""readout_bias"":[-0.047483500093221664],""beta"":[0.2773752510547638],""sensory_mask"":[1.0,1.0,1.0,1.0,0.0,0.0,0.0,0.0]}"
920020,GRU_4,113,120,8,122880,1.7162748750000674,0.4549373984336853,0.2959682419896126,"{""cell.weight_ih"":[0.1582169234752655,0.07100722193717957,-0.06505853682756424,0.454863578081131,-0.3060387969017029,0.11853662133216858,-0.12958648800849915,0.315993070602417,0.5503209233283997,-0.25653621554374695,-0.19439180195331573,0.101540707051754,0.3390568196773529,0.41001176834106445,-0.4289245903491974,-0.48024776577949524,0.5153247714042664,0.22124916315078735,-0.13817989826202393,0.3731342554092407,0.37808817625045776,-0.10350998491048813,0.2128937691450119,-0.38190358877182007,0.2122156172990799,0.24282611906528473,0.01653909869492054,-0.43568718433380127,0.3632287383079529,0.3381309509277344,0.41527190804481506,-0.006522827781736851,-0.2953431010246277,0.20213118195533752,-0.4250044524669647,0.23211494088172913],""cell.weight_hh"":[0.5199149250984192,0.3039140999317169,-0.41767191886901855,0.03359829634428024,-0.046933941543102264,-0.3193891644477844,0.22675590217113495,0.08877749741077423,-0.665008544921875,0.32613998651504517,-0.11741025000810623,-0.21855294704437256,0.35617145895957947,0.13963618874549866,-0.3404903709888458,-0.0361255519092083,-0.3429476320743561,-0.15073473751544952,0.4271515905857086,0.267676442861557,-0.1719968318939209,0.4308660924434662,-0.2714143991470337,-0.27889248728752136,0.30578330159187317,0.2910475730895996,-0.02878057211637497,-0.42363661527633667,0.22717764973640442,0.3933863937854767,-0.5245518684387207,-0.10675250738859177,0.21139851212501526,0.46302253007888794,-0.29995185136795044,0.36119335889816284,-0.6046888828277588,-0.3420145809650421,-0.32707035541534424,0.09205479919910431,0.3703972101211548,0.19641892611980438,0.08146922290325165,-0.08926545828580856,0.25569450855255127,0.45620134472846985,-0.45479169487953186,0.5013318657875061],""cell.bias_ih"":[-0.15196554362773895,0.12234660238027573,0.35328036546707153,-0.13918566703796387,-0.16067534685134888,0.023175040259957314,0.5084824562072754,0.24102488160133362,-0.0813065841794014,-0.04906816408038139,0.15389010310173035,0.5344274640083313],""cell.bias_hh"":[-0.5336273908615112,-0.14883702993392944,-0.38443464040756226,0.2628573179244995,-0.014157410711050034,-0.1503181904554367,-0.301395058631897,0.4650731086730957,-0.332836389541626,0.27962422370910645,-0.4124692976474762,-0.14979025721549988],""readout.weight"":[-0.26259544491767883,-0.537555992603302,0.2205469161272049,-0.4189319312572479],""readout.bias"":[0.22350944578647614]}"
920020,GRU_8,321,120,8,122880,1.741911707999975,0.5764632225036621,0.29856283515691756,"{""cell.weight_ih"":[0.30004721879959106,-0.15337631106376648,0.035924457013607025,-0.36416304111480713,0.29157254099845886,0.1590588092803955,0.020373858511447906,0.30623725056648254,0.2074519246816635,-0.05808384716510773,0.35027629137039185,-0.2403404712677002,-0.18423894047737122,0.1911705732345581,0.09299286454916,-0.17177940905094147,-0.05721035972237587,-0.32455724477767944,0.16368548572063446,-0.08526062220335007,0.16633622348308563,-0.24386891722679138,-0.1510440707206726,-0.258575439453125,-0.08215009421110153,0.2061701864004135,0.2932092845439911,-0.2561414837837219,0.030294297263026237,0.05258749797940254,0.20462803542613983,-0.1383480578660965,0.24867169559001923,-0.07459578663110733,0.2379528433084488,-0.1888544261455536,0.12759435176849365,0.2306494116783142,-0.051514994353055954,0.25975677371025085,0.26505714654922485,-0.014079309068620205,0.15045669674873352,-0.08298607170581818,0.027947772294282913,-0.06009065359830856,0.18026044964790344,-0.038460858166217804,-0.0909920185804367,-0.09809964895248413,0.0720059722661972,-0.3355645537376404,-0.14963765442371368,0.04428538307547569,0.24771295487880707,0.09771455079317093,0.10013056546449661,-0.02551458403468132,0.19950635731220245,-0.5128732323646545,-0.3236120641231537,0.034488048404455185,-0.0011515968944877386,0.0711757242679596,0.08427528291940689,0.4657347798347473,-0.006231208797544241,-0.0307290218770504,0.20625609159469604,0.05218006670475006,0.054857660084962845,-0.11190948635339737],""cell.weight_hh"":[0.19198787212371826,0.13910067081451416,0.2366182953119278,-0.12570646405220032,-0.14671964943408966,-0.0940353125333786,0.23535029590129852,0.19803498685359955,0.20224905014038086,0.17070631682872772,-0.0868760347366333,0.07744063436985016,-0.09016890823841095,-0.012628749944269657,0.20715059340000153,0.14391325414180756,0.23476360738277435,-0.19036661088466644,0.1498883068561554,0.0971703752875328,0.0711432695388794,-0.3217274844646454,0.02467826008796692,-0.045094117522239685,-0.08661246299743652,-0.16825290024280548,0.36748477816581726,0.15177449584007263,-0.040297672152519226,0.3673384189605713,0.27533650398254395,0.13795511424541473,0.19975227117538452,-0.19169381260871887,0.2194930911064148,0.020362524315714836,0.13909733295440674,0.29264765977859497,-0.17044048011302948,-0.21439458429813385,0.1647762954235077,0.20507605373859406,-0.2035411149263382,0.30797460675239563,-0.19042575359344482,-0.1930273324251175,0.28744813799858093,0.01717979647219181,-0.28615233302116394,-0.29665321111679077,-0.3209153711795807,-0.29253527522087097,-0.032468270510435104,0.3864940106868744,-0.43906280398368835,-0.2421383410692215,0.24143600463867188,-0.17930926382541656,0.27494916319847107,0.43517419695854187,-0.26646319031715393,-0.053978633135557175,0.30812868475914,0.15465468168258667,0.19652169942855835,-0.08380257338285446,-0.33632543683052063,-0.17867466807365417,0.11613138765096664,0.21333467960357666,0.10610674321651459,0.03285513073205948,-0.34840089082717896,0.31010937690734863,-0.0597270205616951,-0.11064066737890244,0.16342340409755707,0.3722766637802124,-0.26429200172424316,0.19613564014434814,0.04084096848964691,0.12524719536304474,-0.18522676825523376,0.0547185055911541,-0.12020249664783478,-0.20802223682403564,-0.10543981939554214,0.06415610760450363,0.5533959269523621,0.2299267202615738,-0.31594595313072205,-0.2947237491607666,0.11600882560014725,-0.4080357849597931,0.195365309715271,0.10218469053506851,0.41264671087265015,-0.257179319858551,-0.37053000926971436,-0.3781248927116394,0.2981455624103546,-0.1919851303100586,-0.12718985974788666,-0.16464672982692719,-0.1895700842142105,0.2830560803413391,0.23838064074516296,-0.05287257209420204,-0.20286306738853455,0.27978286147117615,0.09463964402675629,-0.23700354993343353,0.319744348526001,-0.24870723485946655,0.19450689852237701,-0.31128084659576416,-0.2880208492279053,-0.04319125786423683,0.37924692034721375,0.08730810135602951,0.14315983653068542,-0.27367934584617615,0.22823849320411682,-0.0500134602189064,0.05802309513092041,-0.1393204778432846,-0.037002503871917725,0.32719752192497253,-0.4067091941833496,-0.18136294186115265,0.041926294565200806,0.24944078922271729,0.29329806566238403,0.06717917323112488,-0.05934510752558708,-0.18766842782497406,0.31654542684555054,0.26702138781547546,0.0013682921417057514,0.07303560525178909,0.17677822709083557,0.14871279895305634,0.4004193842411041,-0.20615734159946442,-0.20570872724056244,-0.05447396636009216,0.06468021124601364,0.1487484574317932,-0.24431726336479187,0.24242401123046875,0.2407129853963852,0.012382986955344677,0.17095544934272766,-0.12558017671108246,0.22288326919078827,0.3928012251853943,-0.4138255715370178,0.12687115371227264,0.1080966517329216,-0.35773593187332153,-0.09055202454328537,0.3623366057872772,-0.23394130170345306,0.05796314775943756,0.25869283080101013,-0.40046682953834534,0.26952698826789856,-0.21321959793567657,-0.07987838238477707,-0.3019576072692871,-0.10975001007318497,0.22926239669322968,0.11101365834474564,0.12536680698394775,-0.33634668588638306,0.11047593504190445,-0.050805311650037766,-0.24875454604625702,0.012799642980098724,0.07362887263298035,0.10986261814832687,-0.24431335926055908,-0.34959617257118225,0.029158495366573334,-0.12196769565343857,0.30375170707702637,0.14047378301620483,-0.05248675122857094,-0.11701732128858566,-0.35343363881111145,-0.2182607501745224,0.055066291242837906],""cell.bias_ih"":[0.08948180824518204,0.1990242898464203,0.13543081283569336,-0.29117491841316223,0.20494991540908813,0.014973033219575882,0.40773776173591614,-0.19766300916671753,0.18979789316654205,-0.015202448703348637,-0.50643390417099,-0.2261769026517868,-0.28468057513237,-0.30964964628219604,0.2841997444629669,-0.05303404480218887,0.1537521928548813,-0.32900893688201904,-0.15615952014923096,-0.44086527824401855,0.1012965515255928,0.03990347310900688,-0.20639289915561676,-0.05863548070192337],""cell.bias_hh"":[-0.020166555419564247,0.25792449712753296,0.2321205735206604,-0.33813968300819397,-0.2498873472213745,-0.47642970085144043,0.053989022970199585,0.18611550331115723,0.12795087695121765,-0.4368423521518707,-0.2915376126766205,-0.19367478787899017,-0.06577667593955994,-0.3769133687019348,0.2550288736820221,-0.033177394419908524,-0.060796719044446945,-0.12353189289569855,-0.10885031521320343,0.09060889482498169,-0.2694226801395416,-0.023461386561393738,0.3166118264198303,0.21607184410095215],""readout.weight"":[-0.11299613863229752,0.08122555911540985,0.21115875244140625,0.271422803401947,0.0933510959148407,-0.3584369719028473,-0.1295560598373413,0.21350890398025513],""readout.bias"":[0.18405002355575562]}"
920021,LTC_SENSORY_SITE,114,120,8,122880,5.87834399999997,0.4693084955215454,0.30772132724523543,"{""w_rec"":[0.06613529473543167,-0.004100529011338949,0.0030681374482810497,-0.01251325011253357,-0.029683798551559448,-0.004519988317042589,0.029873207211494446,0.026219097897410393,-0.08105505257844925,0.11901383101940155,0.0275496207177639,0.008088762871921062,-0.0652926042675972,-0.04898099601268768,0.02060624212026596,0.003804850624874234,0.06050048768520355,0.040262073278427124,0.17222079634666443,4.4216838432475924e-05,-0.00714973546564579,-0.019579019397497177,-0.05043341964483261,0.013620803132653236,-0.06398147344589233,-0.005759954918175936,0.015557068400084972,0.10515391826629639,-0.03016141802072525,0.0037507701199501753,0.021505963057279587,0.04784856736660004,-0.024293147027492523,0.04578709602355957,0.04674689471721649,-0.023978693410754204,0.13219131529331207,0.011202750727534294,0.10033956915140152,0.044876761734485626,-0.011344783008098602,0.028235474601387978,0.013141820207238197,0.006676748860627413,0.015314115211367607,0.11802644282579422,-0.010622170753777027,-0.016285663470625877,-0.04160643368959427,-0.008783645927906036,0.008683618158102036,0.018937159329652786,-0.05784599110484123,-0.003215446136891842,0.13078972697257996,0.058937061578035355,-0.034260500222444534,0.0022031578700989485,0.022724945098161697,-0.024425746873021126,-0.012403559871017933,0.01751885563135147,0.049032099545001984,0.13670729100704193],""w_temp"":[-0.15495552122592926,0.04199125990271568,0.11231128126382828,0.2367531657218933,0.051681287586688995,0.11646075546741486,-0.20479990541934967,0.0057983724400401115],""w_vis"":[-0.1636485904455185,-0.03341822326183319,0.06553385406732559,0.1745557337999344,0.09151659905910492,0.13768261671066284,0.06641755998134613,-0.17069968581199646],""bias"":[-0.8142155408859253,-0.8529608249664307,-0.816216766834259,-0.8252454400062561,-0.8280547261238098,-0.8165010809898376,-0.8226130604743958,-0.826278805732727],""raw_tau"":[0.1894529014825821,0.15043647587299347,0.18738044798374176,0.17819571495056152,0.17477677762508392,0.18723484873771667,0.1807619333267212,0.17708364129066467],""reversal"":[0.03852863982319832,0.005510851740837097,-0.10984538495540619,-0.0018524874467402697,0.2963714599609375,0.12809237837791443,-0.02279604971408844,-0.027174241840839386],""readout"":[-0.1530803143978119,0.0024325859267264605,-0.1939881294965744,0.0005706216907128692,-0.01426340639591217,0.14007540047168732,0.04460351914167404,0.015096794813871384],""readout_bias"":[-0.005037728697061539],""beta"":[0.11797329783439636],""sensory_mask"":[1.0,1.0,1.0,1.0,0.0,0.0,0.0,0.0]}"
920021,LTC_OUTPUT_SITE,114,120,8,122880,4.948420416999966,0.46598654985427856,0.307549937069416,"{""w_rec"":[0.09195466339588165,0.02389565110206604,-0.012187028303742409,0.009699666872620583,0.018584145233035088,0.008395248092710972,0.0117730014026165,0.03653993085026741,0.02938156947493553,0.16300681233406067,-0.04967610538005829,9.018229320645332e-06,0.015030880458652973,0.02802286669611931,-0.054155971854925156,-0.0158881563693285,-0.005914171691983938,0.018667452037334442,0.07352675497531891,-0.025627456605434418,-0.021670252084732056,-0.006251826882362366,0.006764812860637903,0.033368222415447235,-0.05492519587278366,0.018753554672002792,-0.027451738715171814,0.06803824007511139,-0.010867895558476448,0.06744369864463806,-0.02529609389603138,0.01677606627345085,0.00038217264227569103,0.034871723502874374,-0.027287164703011513,-0.03650137409567833,0.12089942395687103,-0.01348054688423872,-0.031455837190151215,0.010251483879983425,-0.010740936733782291,0.019265666604042053,0.01156749576330185,-0.02365729585289955,0.018382836133241653,0.13799577951431274,-0.0314442478120327,0.03655560314655304,-0.07249114662408829,0.0742369294166565,-0.07564952969551086,-0.04039755463600159,0.0392640195786953,0.07032303512096405,0.10220653563737869,0.046705856919288635,-0.050329919904470444,0.03001289628446102,-0.04039904102683067,-0.0564524345099926,0.03119596838951111,0.03205127641558647,0.010413873009383678,0.1560267210006714],""w_temp"":[-0.09286542981863022,0.025863727554678917,-0.3737754225730896,-0.050098858773708344,0.020427614450454712,-0.14262640476226807,0.12330594658851624,-0.19787169992923737],""w_vis"":[-0.20107637345790863,-0.01618609018623829,0.027198515832424164,0.05798429995775223,0.021592741832137108,0.10867475718259811,-0.3509550988674164,-0.07064281404018402],""bias"":[-0.8242883682250977,-0.8210944533348083,-0.8183244466781616,-0.8265486359596252,-0.8105946183204651,-0.8024561405181885,-0.8576974272727966,-0.844377875328064],""raw_tau"":[0.1792297214269638,0.18226361274719238,0.18515083193778992,0.1765800416469574,0.19279615581035614,0.2008415311574936,0.1456121802330017,0.15898486971855164],""reversal"":[0.05041387304663658,-0.03906090557575226,0.1317639946937561,0.08980533480644226,-0.05072399601340294,-0.09093916416168213,0.20671787858009338,-0.0644218921661377],""readout"":[-0.2873990833759308,-0.05531221255660057,-0.2817525565624237,-0.050393253564834595,-0.16378137469291687,-0.182124063372612,0.00014426629059016705,0.0043111625127494335],""readout_bias"":[0.012128184549510479],""beta"":[0.16914594173431396],""sensory_mask"":[0.0,0.0,0.0,0.0,0.0,0.0,0.0,0.0]}"
920021,LTC_NO_FEEDBACK,114,120,8,122880,4.8548519579999265,0.4686345160007477,0.30774840265512465,"{""w_rec"":[0.029976006597280502,-0.0069899712689220905,-0.00512769864872098,-0.0014918248634785414,-0.02191350795328617,0.004675447940826416,0.0041166734881699085,-0.015615183860063553,-0.1329168975353241,0.19772756099700928,0.12268517166376114,-0.06791966408491135,-0.022076046094298363,0.038090988993644714,-0.09512646496295929,-0.06494850665330887,0.0025371976662427187,0.010387103073298931,0.1407385766506195,0.015436164103448391,-0.0002681236946955323,0.050735414028167725,-0.037267085164785385,-0.017911940813064575,-0.04094062000513077,0.012364283204078674,0.026120617985725403,0.050952255725860596,-0.045022688806056976,0.0010359863517805934,0.041693661361932755,-0.05230364203453064,0.02106332592666149,0.0025290430057793856,0.03307710960507393,-0.05122942104935646,0.09119181334972382,0.021315602585673332,0.028077593073248863,-0.038561176508665085,-0.07584308087825775,0.08393262326717377,0.09905530512332916,-0.04819758981466293,-0.09835054725408554,0.15860600769519806,-0.08684850484132767,-0.0654565766453743,-0.036534179002046585,0.07611088454723358,0.08335479348897934,0.0013457848690450191,-0.025184426456689835,0.01743857003748417,0.04052736610174179,-0.028289981186389923,-0.03997228667140007,0.01516278088092804,-0.00890280120074749,-0.005365102551877499,-0.024487461894750595,-0.03349217027425766,-0.013382629491388798,0.04956486448645592],""w_temp"":[0.008127911016345024,-0.12300150841474533,-0.08126010745763779,-0.12872201204299927,0.19263218343257904,0.37837958335876465,-0.11420955508947372,-0.17870672047138214],""w_vis"":[-0.11764822900295258,-0.10766004025936127,0.0692412480711937,-0.03574088588356972,0.05614323168992996,-0.14899948239326477,-0.0787949338555336,-0.09185312688350677],""bias"":[-0.8232178092002869,-0.8792299032211304,-0.8142181634902954,-0.8246645331382751,-0.816173791885376,-0.881852388381958,-0.841480553150177,-0.8287186622619629],""raw_tau"":[0.18006674945354462,0.12391484528779984,0.18905067443847656,0.17874561250209808,0.18632857501506805,0.1230660080909729,0.16179750859737396,0.17481040954589844],""reversal"":[0.023777326568961143,-0.10361720621585846,-0.12157492339611053,0.02046789973974228,0.06605450063943863,0.03186479210853577,-0.008157613687217236,0.09377752989530563],""readout"":[-0.05289328098297119,-0.006109626963734627,-0.1573808640241623,-0.13082274794578552,-0.052187491208314896,0.022258440032601357,-0.005201289895921946,-0.015701444819569588],""readout_bias"":[-0.0019973507151007652],""beta"":[0.25],""sensory_mask"":[0.0,0.0,0.0,0.0,0.0,0.0,0.0,0.0]}"
920021,LTC_DENSE_FEEDBACK,114,120,8,122880,5.894263625000008,0.46783000230789185,0.30778141766786576,"{""w_rec"":[0.17512187361717224,-0.06973906606435776,0.103342704474926,0.051661279052495956,0.04150392860174179,0.05297150835394859,-0.030289338901638985,0.03490116074681282,-0.04613999277353287,0.033409249037504196,0.0720951184630394,0.12483192980289459,0.07964508980512619,0.08031702041625977,-0.06085563451051712,0.08609622716903687,0.1125168427824974,-0.07755313068628311,0.1808255910873413,-0.04020914062857628,0.051462795585393906,0.00509253516793251,-0.051606684923172,0.08482414484024048,-0.0891827791929245,-0.008102661930024624,0.022175947204232216,0.1508411169052124,0.0621383860707283,-0.009039666503667831,0.003960342146456242,0.03353893384337425,-0.053568024188280106,0.029510125517845154,0.020120928063988686,0.07727941125631332,0.16524860262870789,0.009850007481873035,-0.03757850453257561,0.04110058769583702,0.021301282569766045,-0.029850013554096222,0.03812544792890549,0.04911217838525772,0.06697592884302139,0.16219262778759003,-0.04050758481025696,0.04576697573065758,0.11338946968317032,0.008699988946318626,0.02448974922299385,0.027860118076205254,0.03538558632135391,0.0014917929656803608,0.09252498298883438,0.030911605805158615,0.06660886108875275,-0.0451672226190567,0.06186645105481148,-0.03512686863541603,-0.03912201151251793,0.0016047331737354398,-0.031125811859965324,0.17981944978237152],""w_temp"":[0.1786353439092636,-0.010083350352942944,-0.14031246304512024,0.08831638097763062,-0.005364959128201008,0.12198710441589355,0.015004883520305157,-0.18325385451316833],""w_vis"":[0.027492085471749306,-0.15513895452022552,-0.15696051716804504,0.03044533170759678,0.18502309918403625,-0.014188422821462154,-0.21750986576080322,-0.029962001368403435],""bias"":[-0.846268355846405,-0.8950040340423584,-0.8234284520149231,-0.8188208937644958,-0.8238312602043152,-0.8376588821411133,-0.819577693939209,-0.812412679195404],""raw_tau"":[0.1571497619152069,0.10794926434755325,0.18016305565834045,0.18468652665615082,0.17971758544445038,0.16586434841156006,0.18384355306625366,0.19112904369831085],""reversal"":[-0.0011281538754701614,-0.01797250658273697,-0.03966057673096657,-0.056604016572237015,-0.039628393948078156,-0.035442378371953964,0.06471674889326096,-0.10658831894397736],""readout"":[-0.0013909977860748768,-0.036117006093263626,0.04056662693619728,-0.11083877831697464,-0.13013862073421478,-0.020362626761198044,-0.054182011634111404,0.14897118508815765],""readout_bias"":[0.0023163810838013887],""beta"":[0.34526336193084717],""sensory_mask"":[1.0,1.0,1.0,1.0,1.0,1.0,1.0,1.0]}"
920021,LTC_SENSORY_YOKED,114,120,8,122880,5.976423124999997,0.46910205483436584,0.3077919021248817,"{""w_rec"":[0.21847215294837952,0.048348650336265564,-0.02748524770140648,0.05959590524435043,-0.001114844111725688,-0.07497279345989227,0.07560841739177704,-0.04656897485256195,0.04210177809000015,0.14640240371227264,-0.03858422115445137,-0.0038441000506281853,-0.034245800226926804,-0.020793359726667404,-0.005049244035035372,0.03563977777957916,0.0366908460855484,0.07852671295404434,0.13332109153270721,0.057665999978780746,0.012488123960793018,-0.1145312637090683,0.07668465375900269,-0.09727639704942703,0.017445385456085205,0.044080618768930435,-0.04290381073951721,0.1722879707813263,0.006547354161739349,-0.020907031372189522,-0.0017334214644506574,-0.003609884064644575,0.10118555277585983,0.03948128968477249,0.05627219006419182,0.08827043324708939,0.12300460785627365,-0.027331454679369926,0.06658449023962021,-0.05808200687170029,0.034865524619817734,0.009470947086811066,-0.040452100336551666,0.04492124170064926,0.0374009907245636,0.07400929182767868,-0.0021983967162668705,-0.031965017318725586,0.010032663121819496,0.024337338283658028,0.10896077007055283,0.010171905159950256,-0.020072707906365395,-0.0022579485084861517,0.1602758914232254,-0.006548259407281876,-0.02461722120642662,0.029486237093806267,0.1060166209936142,0.048512961715459824,0.009608356282114983,-0.015897149220108986,-0.011404620483517647,0.055962081998586655],""w_temp"":[0.056580789387226105,0.026433264836668968,-0.11775070428848267,-0.0881524384021759,-0.19614264369010925,0.07909794896841049,-0.14262685179710388,-0.1825091540813446],""w_vis"":[-0.07000191509723663,0.049834009259939194,-0.05884755030274391,-0.2660326659679413,-0.16246649622917175,-0.11338012665510178,-0.19373305141925812,0.00905535463243723],""bias"":[-0.8566269874572754,-0.8187103271484375,-0.8623310923576355,-0.8165186643600464,-0.8760702013969421,-0.8217310309410095,-0.8068580031394958,-0.8271318078041077],""raw_tau"":[0.1467268019914627,0.18468284606933594,0.14092713594436646,0.18636749684810638,0.12722498178482056,0.1815725713968277,0.19682267308235168,0.1762743443250656],""reversal"":[-0.1894027292728424,-0.1729787141084671,-0.0011548527982085943,-0.2413719743490219,-0.0015183137729763985,0.13960088789463043,-0.10168229788541794,0.01675303466618061],""readout"":[-0.015508332289755344,-0.06922611594200134,-0.0035938420332968235,-0.09301948547363281,0.006785129196941853,0.0586998350918293,0.2441394031047821,-0.15123237669467926],""readout_bias"":[-0.0023182521108537912],""beta"":[0.10016588866710663],""sensory_mask"":[1.0,1.0,1.0,1.0,0.0,0.0,0.0,0.0]}"
920021,GRU_4,113,120,8,122880,1.723045958000057,0.5514290928840637,0.3100332409143448,"{""cell.weight_ih"":[0.45916783809661865,-0.4309980571269989,0.3966218829154968,0.2327525019645691,-0.17494991421699524,0.05748140066862106,0.33213943243026733,0.2989800274372101,-0.25099894404411316,-0.2558954656124115,0.02827775850892067,-0.5588833689689636,0.43675559759140015,-0.31323912739753723,0.5667943954467773,-0.055405471473932266,0.5235922932624817,-0.3580987751483917,0.2994370758533478,-0.17588886618614197,0.27092427015304565,0.17279797792434692,0.03872019425034523,0.35060301423072815,-0.21646641194820404,-0.17193277180194855,-0.588067352771759,-0.35567012429237366,-0.010141918435692787,0.13076236844062805,0.19255703687667847,0.003918584901839495,-0.34853285551071167,-0.46787235140800476,0.34891611337661743,0.08953707665205002],""cell.weight_hh"":[-0.15642447769641876,0.2402516007423401,-0.07211413234472275,0.04575582221150398,0.14967675507068634,0.10699795186519623,0.32482436299324036,0.09589932858943939,-0.09287215024232864,0.001137708080932498,-0.26080378890037537,-0.2813299000263214,0.09312230348587036,-0.3542519807815552,-0.2958240807056427,-0.3434898555278778,0.45015785098075867,-0.17574654519557953,-0.0951593667268753,-0.18129856884479523,-0.2395045906305313,-0.0857880711555481,0.1819082498550415,0.0441262349486351,-0.22043102979660034,-0.2339646816253662,-0.32728323340415955,-0.14068885147571564,0.21597862243652344,-0.03953501954674721,0.299032598733902,-0.603399932384491,-0.5731588006019592,0.4175506830215454,-0.3112991452217102,-0.0069565377198159695,-0.2156561017036438,0.21544091403484344,-0.5007942318916321,0.2851662039756775,-0.21818526089191437,-0.15012462437152863,0.3792104125022888,-0.11281263828277588,-0.2411600947380066,-0.3122146725654602,-0.14272543787956238,0.19675062596797943],""cell.bias_ih"":[0.16861721873283386,0.30780643224716187,-0.23008431494235992,0.08974811434745789,-0.1774153709411621,0.5371224880218506,0.30569347739219666,0.2211950570344925,0.20533251762390137,0.07937855273485184,0.17813004553318024,-0.45918115973472595],""cell.bias_hh"":[0.014523389749228954,0.08835452049970627,-0.19705303013324738,0.06681817770004272,-0.12110177427530289,0.36191824078559875,0.17415498197078705,-0.3000187277793884,-0.3395424485206604,0.13656899333000183,-0.21256649494171143,-0.48723551630973816],""readout.weight"":[0.37390998005867004,-0.3215700685977936,0.004524802323430777,-0.4040412902832031],""readout.bias"":[-0.15261423587799072]}"
920021,GRU_8,321,120,8,122880,1.7258852080000224,0.4757954776287079,0.3021126866340637,"{""cell.weight_ih"":[0.3891422152519226,-0.17398136854171753,-0.16291961073875427,-0.44720378518104553,-0.2514973282814026,0.10316136479377747,-0.196036234498024,0.13166019320487976,-0.2245783656835556,-0.07353628426790237,0.11130951344966888,0.10849910974502563,-0.1285083293914795,0.19406338036060333,0.001246222062036395,0.14853426814079285,-0.32081955671310425,-0.22760310769081116,0.023553986102342606,0.04199446737766266,0.28855401277542114,0.24485020339488983,0.23778055608272552,0.36787310242652893,0.3518545925617218,-0.3104816973209381,0.17017309367656708,-0.1662232130765915,0.18182691931724548,0.2967164218425751,0.08530747890472412,-0.2990216612815857,-0.22974534332752228,0.14384126663208008,-0.026156000792980194,-0.367496520280838,0.14257103204727173,-0.28478386998176575,-0.16718746721744537,-0.09854892641305923,0.05454297736287117,0.3127860128879547,-0.17238610982894897,-0.19773216545581818,-0.3103020191192627,-0.0778469517827034,-0.21398557722568512,0.28454896807670593,0.23786549270153046,-0.05456342548131943,-0.09726808965206146,0.24867521226406097,-0.12390456348657608,0.02656564489006996,-0.23803991079330444,-0.27031055092811584,0.36766180396080017,0.008464754559099674,-0.15535511076450348,0.13044853508472443,0.08390669524669647,-0.3398289680480957,0.0036119420547038317,0.029846860095858574,0.15856273472309113,0.31416234374046326,-0.012423952110111713,0.21786119043827057,0.10493674874305725,0.2759731113910675,0.35801494121551514,-0.07200077176094055],""cell.weight_hh"":[0.2780260741710663,0.07365862280130386,0.14108756184577942,-0.13129715621471405,-0.23208284378051758,-0.05665860325098038,0.29970473051071167,-0.18116845190525055,0.298275351524353,0.02223503589630127,0.3702267110347748,-0.12831757962703705,-0.005881486926227808,-0.15434883534908295,0.22619616985321045,0.33171913027763367,0.0661463513970375,-0.0845017060637474,0.09747747331857681,0.2572210133075714,-0.3348228335380554,0.22083450853824615,0.33509957790374756,-0.2515915632247925,0.3296092748641968,-0.27122923731803894,0.2080782651901245,-0.21101419627666473,0.31566324830055237,-0.2478717863559723,-0.3647380471229553,0.2105419784784317,-0.328779399394989,0.0699714943766594,-0.343741774559021,0.21147564053535461,-0.12054980546236038,0.14563927054405212,0.29354310035705566,0.06157773733139038,-0.1470407396554947,-0.17428335547447205,-0.2291571944952011,0.22616910934448242,0.046044737100601196,-0.13296379148960114,-0.2997317910194397,-0.01973026618361473,-0.05027947202324867,0.16209489107131958,-0.20048551261425018,-0.22573313117027283,-0.29711294174194336,-0.08981471508741379,0.053964536637067795,0.16082869470119476,0.26197880506515503,-0.1982073336839676,0.23169353604316711,-0.06941073387861252,0.32603710889816284,0.015526005066931248,0.1942451149225235,-0.15007445216178894,0.1174745038151741,0.057037778198719025,0.26321104168891907,-0.07237380743026733,-0.02923770435154438,-0.2187090665102005,-0.048247139900922775,-0.16804617643356323,-0.09222890436649323,0.34226876497268677,0.16661812365055084,-0.40277647972106934,0.13421183824539185,-0.18686571717262268,0.07646293938159943,0.18625245988368988,-0.009967988356947899,0.06921400129795074,-0.21077455580234528,-0.2203272134065628,-0.06926807761192322,-0.3004596531391144,0.10838116705417633,0.12735052406787872,0.4055786728858948,0.34827131032943726,-0.014907331205904484,0.12306886166334152,0.07682114094495773,0.04254279285669327,-0.2238059788942337,0.2206934541463852,-0.22486178576946259,-0.029959827661514282,0.18835869431495667,0.12351595610380173,-0.19224700331687927,0.09639773517847061,-0.10129848122596741,0.2756783962249756,-0.088015116751194,-0.305929571390152,-0.23708127439022064,-0.23914159834384918,0.02703297697007656,0.28432270884513855,0.03144506737589836,-0.2804599404335022,0.14456753432750702,-0.09533711522817612,-0.03357494994997978,0.11030687391757965,0.3311735987663269,-0.14328989386558533,0.20767584443092346,-0.07109585404396057,-0.0012828025501221418,-0.16760028898715973,0.0398482121527195,-0.17251329123973846,-0.2252565324306488,0.2084679752588272,0.12216751277446747,0.05516897514462471,-0.11886677145957947,-0.31456032395362854,0.32627469301223755,0.26813220977783203,0.21668541431427002,-0.13537542521953583,-0.3288149833679199,-0.2880958318710327,-0.29053783416748047,-0.0613214485347271,-0.149204820394516,0.08021344989538193,-0.14199356734752655,-0.2846187651157379,-0.18769101798534393,-0.28778254985809326,-0.2268112301826477,0.12703374028205872,-0.14978066086769104,-0.26574015617370605,-0.3390447199344635,0.3082462251186371,-0.22073166072368622,0.18300537765026093,-0.12169603258371353,-0.11856722831726074,-0.1071121022105217,-0.21954341232776642,-0.027826329693198204,-0.22610178589820862,0.2013273537158966,0.1595221906900406,0.1606179177761078,-0.113614022731781,0.3568016588687897,-0.08226387947797775,-0.022523067891597748,-0.3323441743850708,0.1321585476398468,0.2861689627170563,-0.2920397222042084,-0.010324792005121708,-0.28365591168403625,-0.0016606304561719298,0.07240922003984451,-0.1424543559551239,-0.2468070238828659,0.2929220497608185,0.2722170352935791,-0.05870058760046959,0.09645934402942657,0.31461361050605774,-0.18158379197120667,-0.1839330494403839,-0.2593033015727997,0.021977141499519348,-0.251648873090744,-0.08659094572067261,0.09286907315254211,-0.20754322409629822,-0.0077381436713039875,0.0759550929069519,0.01445660088211298,0.1938057392835617],""cell.bias_ih"":[0.198405921459198,0.05176163837313652,0.05719964951276779,0.024060973897576332,0.17951393127441406,-0.1773780733346939,0.26712194085121155,0.2602102756500244,-0.1093168705701828,-0.19778504967689514,0.09456077963113785,0.3785300552845001,-0.20999978482723236,0.2524610161781311,0.17237970232963562,-0.014199241995811462,0.2823900580406189,0.29834017157554626,-0.19461199641227722,-0.024746162816882133,-0.023194238543510437,0.05557704344391823,-0.2219696044921875,-0.13537073135375977],""cell.bias_hh"":[0.10916008055210114,0.1432432383298874,-0.064149871468544,-0.19686974585056305,-0.0682569220662117,0.20367981493473053,-0.2690112888813019,-0.24439862370491028,-0.13355766236782074,-0.01097157783806324,-0.12397561222314835,0.17064572870731354,0.15707673132419586,0.2588978409767151,0.087967149913311,0.02124898135662079,0.12380263954401016,0.1079162210226059,-0.12678194046020508,-0.04383302852511406,-0.16723544895648956,-0.17856603860855103,0.174679234623909,-0.17756330966949463],""readout.weight"":[-0.3050597608089447,0.09863274544477463,-0.23425191640853882,0.2987695038318634,-0.3016335368156433,0.0340069904923439,-0.10140480846166611,0.2614120841026306],""readout.bias"":[-0.0225830115377903]}"
920022,LTC_SENSORY_SITE,114,120,8,122880,5.8720910419999655,0.2072063833475113,0.3243945188820362,"{""w_rec"":[0.09642217308282852,-0.031701792031526566,0.03516850247979164,0.02325986884534359,0.009282232262194157,0.02583378367125988,-0.02859906665980816,-0.004502548836171627,-0.10284389555454254,0.03373362496495247,0.08886968344449997,0.04159040376543999,-0.057538945227861404,0.042871229350566864,-0.08296837657690048,-0.054379794746637344,-0.03711121156811714,-0.08091605454683304,0.2022627294063568,0.03607407584786415,-0.06342136859893799,0.02942403219640255,-0.1009577140212059,-0.039016179740428925,-0.05351557582616806,-0.07058954238891602,0.034827083349227905,0.12912800908088684,-0.05587783455848694,0.05444641038775444,-0.06955613195896149,-0.033740997314453125,-0.08374802023172379,-0.045217737555503845,0.04398462921380997,0.05598872900009155,0.11129668354988098,0.028785627335309982,-0.04348545894026756,-0.04219994693994522,-0.052726663649082184,0.02931245230138302,-0.026832833886146545,-0.01730453595519066,0.016850195825099945,0.11579033732414246,0.024833938106894493,0.035157229751348495,-0.10228679329156876,-0.06310515105724335,0.0339755043387413,0.004536517895758152,-0.06880099326372147,0.021419530734419823,0.05986515432596207,-0.04187652841210365,-0.0006211025174707174,-0.06831857562065125,0.015550535172224045,0.030160346999764442,-0.08360748738050461,-0.008636509999632835,-0.07974229007959366,0.09772292524576187],""w_temp"":[0.08880463242530823,-0.2053145468235016,-0.2499605417251587,-0.08340563625097275,0.2088572382926941,0.12071778625249863,-0.0754837840795517,-0.06837775558233261],""w_vis"":[-0.04057317227125168,-0.038625407963991165,-0.08725571632385254,-0.12815247476100922,-0.14165392518043518,-0.01989421434700489,-0.10687620937824249,0.1042197048664093],""bias"":[-0.8085335493087769,-0.8488965630531311,-0.8456094264984131,-0.8462733030319214,-0.8406962156295776,-0.7899406552314758,-0.8494678735733032,-0.8412986397743225],""raw_tau"":[0.19493834674358368,0.154475137591362,0.15775428712368011,0.15694239735603333,0.16219839453697205,0.2135230451822281,0.15348373353481293,0.16221003234386444],""reversal"":[0.13425132632255554,0.13385991752147675,-0.18586501479148865,0.018047884106636047,0.09119027107954025,-0.14351633191108704,0.008967682719230652,0.07096940279006958],""readout"":[-0.05792287737131119,0.013456851243972778,-0.02651418186724186,0.002671707421541214,0.12494780123233795,0.13091246783733368,0.17774362862110138,0.09993955492973328],""readout_bias"":[-0.028183547779917717],""beta"":[0.14464104175567627],""sensory_mask"":[1.0,1.0,1.0,1.0,0.0,0.0,0.0,0.0]}"
920022,LTC_OUTPUT_SITE,114,120,8,122880,4.953096332999962,0.21095120906829834,0.3246053747832775,"{""w_rec"":[0.15127407014369965,-0.017470285296440125,-0.04382922127842903,0.05075262114405632,0.034713178873062134,-0.023085817694664,0.0014346217503771186,-0.005152199417352676,-0.027107808738946915,0.1480441838502884,0.0028497467283159494,0.031298257410526276,-0.06251140683889389,-0.02540094591677189,-0.05782432109117508,0.02563413605093956,0.06355062872171402,0.09754269570112228,0.07355990260839462,0.005757773295044899,-0.06356114894151688,-0.0173786673694849,-0.08680696040391922,0.07715931534767151,0.03131277859210968,0.04031788185238838,-0.04988367110490799,0.15482452511787415,0.012138409540057182,-0.028216179460287094,-0.04753396287560463,-0.006742435973137617,0.033226002007722855,0.05355260893702507,0.009687770158052444,-0.01625445857644081,0.09784374386072159,-0.015874965116381645,-0.06348104029893875,0.05662143602967262,0.006655015982687473,-0.008927350863814354,-0.027850016951560974,0.061230625957250595,-0.00026667374186217785,0.049485817551612854,-0.012817532755434513,0.036936402320861816,0.0024751098826527596,-0.003742590546607971,0.02530699409544468,-0.039591800421476364,-0.04490964114665985,0.07159588485956192,0.10383108258247375,0.03935478255152702,0.01632569544017315,0.03833909332752228,-0.014512893743813038,0.010665561072528362,-0.01573193445801735,0.012824640609323978,-0.029549647122621536,0.08766346424818039],""w_temp"":[-0.24366606771945953,0.019525695592164993,-0.056196313351392746,0.2290649712085724,0.08419803529977798,0.007149639539420605,0.0049079665914177895,0.0017867814749479294],""w_vis"":[-0.060797665268182755,0.0001088796416297555,-0.19746367633342743,-0.06622271239757538,-0.052775539457798004,-0.05008883401751518,-0.04908998683094978,0.16989848017692566],""bias"":[-0.8360051512718201,-0.8167273998260498,-0.865723192691803,-0.8405290246009827,-0.8222664594650269,-0.8399044275283813,-0.7967552542686462,-0.8089491724967957],""raw_tau"":[0.16745835542678833,0.186631977558136,0.13779190182685852,0.1625531166791916,0.18116861581802368,0.16312161087989807,0.20674020051956177,0.19398821890354156],""reversal"":[-0.04416404291987419,-0.05135205760598183,0.0769561380147934,-0.02848750911653042,0.043685927987098694,0.09629034996032715,0.08905356377363205,-0.0604436881840229],""readout"":[-0.28619906306266785,0.08630213886499405,-0.02474483847618103,-0.06599617004394531,-0.081388920545578,0.027882343158125877,-0.2593352198600769,0.2030375897884369],""readout_bias"":[-0.022252453491091728],""beta"":[0.09258748590946198],""sensory_mask"":[0.0,0.0,0.0,0.0,0.0,0.0,0.0,0.0]}"
920022,LTC_NO_FEEDBACK,114,120,8,122880,4.839119874999938,0.20960760116577148,0.32399162501096723,"{""w_rec"":[0.16104820370674133,0.0886346846818924,0.11087661236524582,0.1021895781159401,0.05181211605668068,-0.07412818819284439,0.08662572503089905,0.01671886257827282,0.09654203802347183,0.16316446661949158,0.056333962827920914,0.02519134059548378,0.048959143459796906,-0.038463301956653595,0.010460342280566692,0.04674023017287254,0.00473527517169714,-0.018857818096876144,0.14708714187145233,-0.004323732107877731,0.03263021260499954,-0.04153827950358391,-0.013799244537949562,-0.013113411143422127,0.06166046857833862,0.047328975051641464,0.06530752032995224,0.1734422743320465,0.04112507030367851,0.0085458280518651,0.05175605043768883,0.046693265438079834,0.019042178988456726,0.07809460163116455,0.030457666143774986,0.050283025950193405,0.16433511674404144,0.004768150858581066,0.0021390998736023903,-0.010607702657580376,-0.0012225281680002809,-0.04278355464339256,0.055854760110378265,0.013585275039076805,0.0573396310210228,0.07255382835865021,0.01426537986844778,0.059321120381355286,-0.010352889075875282,-0.008589386008679867,0.012075158767402172,0.033657535910606384,0.04424327611923218,-0.06490883976221085,0.10133089870214462,0.0024361300747841597,-0.024012748152017593,0.03247388079762459,0.01183922030031681,0.01801256462931633,-0.005717043299227953,-0.0287756510078907,-0.017442872747778893,0.06520243734121323],""w_temp"":[-0.17471064627170563,0.3443129062652588,-0.08171069622039795,-0.09974285215139389,-0.1878495216369629,0.04204010218381882,-0.07716375589370728,0.017879195511341095],""w_vis"":[0.0010967792477458715,0.1779385358095169,-0.3062533140182495,0.08605090528726578,0.013811260461807251,-0.0786340981721878,0.11709139496088028,-0.11497721076011658],""bias"":[-0.9174527525901794,-0.842024564743042,-0.8245905637741089,-0.8422995209693909,-0.8348009586334229,-0.8326635360717773,-0.8190386295318604,-0.8169785737991333],""raw_tau"":[0.0862516239285469,0.16177323460578918,0.1792812943458557,0.16124345362186432,0.16872993111610413,0.17081303894519806,0.18397751450538635,0.1864972859621048],""reversal"":[0.006353885401040316,-0.02442607842385769,-0.07915057986974716,-0.06665277481079102,-0.0851786658167839,0.029622163623571396,-0.09823503345251083,-0.038522083312273026],""readout"":[0.018548084422945976,-0.048730380833148956,0.04457087442278862,-0.021696699783205986,-0.09772758185863495,-0.03520914912223816,0.05217085778713226,0.08604849129915237],""readout_bias"":[-0.02063281461596489],""beta"":[0.25],""sensory_mask"":[0.0,0.0,0.0,0.0,0.0,0.0,0.0,0.0]}"
920022,LTC_DENSE_FEEDBACK,114,120,8,122880,5.915744541000095,0.20741575956344604,0.32418464198708535,"{""w_rec"":[0.03392793610692024,-0.02593206986784935,0.07109037786722183,0.05238848924636841,-0.0555625855922699,-0.03159117326140404,0.08614637702703476,0.027846558019518852,0.052191026508808136,0.1283879429101944,-0.04437047988176346,0.0048716505989432335,0.073023222386837,-0.019067056477069855,-0.004328413866460323,0.052925363183021545,-0.07448457181453705,-0.033194780349731445,0.12242373079061508,0.0413687527179718,-0.11508024483919144,0.004401723854243755,0.03209598734974861,-0.009962859563529491,-0.13042856752872467,-0.11073331534862518,0.14801333844661713,0.20840473473072052,-0.10564550012350082,-0.12840406596660614,0.14394240081310272,0.07025085389614105,-0.0734124407172203,-0.07797989994287491,0.11656403541564941,0.08344268798828125,0.049810510128736496,-0.07335565984249115,0.06600426882505417,0.002908262424170971,0.011366834864020348,-0.008288281038403511,-0.037099167704582214,0.06590346992015839,0.06535886228084564,0.08428309112787247,0.015921039506793022,-0.022773439064621925,-0.06695356220006943,-0.01579827070236206,0.03241082280874252,-0.014360815286636353,-0.12972499430179596,-0.016788359731435776,0.12824894487857819,0.010465377010405064,-0.04796847701072693,-0.09929069131612778,0.0175551176071167,0.05420010909438133,-0.03876015916466713,-0.10333533585071564,0.04886296018958092,0.07454143464565277],""w_temp"":[-0.21292734146118164,-0.07863936573266983,0.11813481152057648,0.09377890825271606,-0.04040420055389404,0.11795078217983246,-0.04460451751947403,-0.13647183775901794],""w_vis"":[-0.11218365281820297,-0.03951551765203476,-0.06739524006843567,-0.20155486464500427,-0.05059365928173065,-0.03224700316786766,0.16863076388835907,-0.16130396723747253],""bias"":[-0.8546765446662903,-0.7925742864608765,-0.8407431840896606,-0.9355957508087158,-0.8729180097579956,-0.7981778383255005,-0.8357427716255188,-0.8491857051849365],""raw_tau"":[0.14871951937675476,0.2108459174633026,0.16220207512378693,0.06752180308103561,0.13028554618358612,0.20532311499118805,0.16788865625858307,0.15422669053077698],""reversal"":[-0.011344742961227894,0.112637460231781,-0.11531195789575577,-0.012416992336511612,-0.008216827176511288,0.12600885331630707,-0.11178702861070633,0.048852987587451935],""readout"":[-0.013962099328637123,-0.15409494936466217,-0.07207279652357101,0.011860347352921963,-0.01517951674759388,-0.08655501157045364,-0.2871280014514923,-0.01444173976778984],""readout_bias"":[-0.027410905808210373],""beta"":[0.14956218004226685],""sensory_mask"":[1.0,1.0,1.0,1.0,1.0,1.0,1.0,1.0]}"
920022,LTC_SENSORY_YOKED,114,120,8,122880,5.96797858299999,0.21031174063682556,0.32429962083697317,"{""w_rec"":[0.16580383479595184,-0.021798964589834213,0.05230145528912544,-0.03128883242607117,0.06468896567821503,-0.07485897839069366,-0.025968283414840698,0.04650375619530678,0.0455678254365921,0.08096975833177567,0.06436561793088913,-0.01675686612725258,0.04568568244576454,-0.08315058052539825,0.041377339512109756,0.07792152464389801,0.05079623684287071,-0.039441950619220734,0.1303536295890808,-0.01741764321923256,0.06128658354282379,-0.04042547941207886,0.02828100323677063,0.02865506336092949,-0.01017004158347845,0.014900395646691322,0.009894774295389652,0.14273566007614136,-0.01296412292867899,0.05573916807770729,0.02187286876142025,0.028463196009397507,0.06763913482427597,-0.06544337421655655,0.0716380923986435,-0.0015346563886851072,0.13924123346805573,-0.0809151753783226,0.011649953201413155,0.03846967592835426,0.09012860059738159,-0.05595837160944939,0.08084695786237717,-0.01992063783109188,0.0024236864410340786,0.05423284322023392,0.029072431847453117,0.022370081394910812,-0.01823808066546917,0.027148600667715073,-0.00045348762068897486,-0.012979346327483654,-0.008857272565364838,0.0006788704195059836,0.14453256130218506,-0.012080971151590347,0.017908375710248947,-0.019088106229901314,-0.051488183438777924,-0.016024159267544746,0.009852727875113487,-0.017398450523614883,0.01975913532078266,0.11862166225910187],""w_temp"":[-0.169899582862854,-0.17808207869529724,-0.2891540825366974,0.29254183173179626,-0.039666224271059036,-0.43900540471076965,0.14602720737457275,-0.002285112626850605],""w_vis"":[0.10145395994186401,-0.35096752643585205,0.032088328152894974,0.022521013393998146,-0.0626102015376091,-0.038771629333496094,-0.13014593720436096,-0.2140517234802246],""bias"":[-0.8325146436691284,-0.8479772210121155,-0.8458619117736816,-0.8033168911933899,-0.8443893790245056,-0.8404250741004944,-0.8056200742721558,-0.7946819067001343],""raw_tau"":[0.17119015753269196,0.15452790260314941,0.15803644061088562,0.1997843235731125,0.15864481031894684,0.16394440829753876,0.1980063021183014,0.20921050012111664],""reversal"":[-0.09085792303085327,0.061088111251592636,-0.012715969234704971,0.07694470137357712,-0.08151067793369293,0.05395308509469032,-0.07856377214193344,-0.17276006937026978],""readout"":[-0.15146680176258087,0.0034358513075858355,-0.04949155077338219,-0.18335501849651337,-0.010509262792766094,0.05593612417578697,0.12302403151988983,0.13460460305213928],""readout_bias"":[-0.020701531320810318],""beta"":[0.11465153098106384],""sensory_mask"":[1.0,1.0,1.0,1.0,0.0,0.0,0.0,0.0]}"
920022,GRU_4,113,120,8,122880,1.731790917000012,0.18636667728424072,0.3413396582007408,"{""cell.weight_ih"":[-0.28386959433555603,-0.16465400159358978,-0.1528838723897934,-0.16315093636512756,-0.4671456813812256,-0.4080926775932312,-0.3560360074043274,-0.2625955045223236,-0.403282105922699,0.3369564712047577,0.4205451011657715,0.1372128278017044,-0.16880366206169128,-0.010407423600554466,-0.5558605194091797,0.31252729892730713,-0.10677124559879303,0.36919498443603516,0.3905806541442871,-0.2106543779373169,0.1913229525089264,-0.33692502975463867,0.2875044345855713,-0.1286119520664215,0.22082053124904633,-0.40531501173973083,0.048568081110715866,0.03707579895853996,0.10626590251922607,0.3704584240913391,-0.13059227168560028,0.28768959641456604,-0.03529138118028641,0.2668778896331787,0.2720507085323334,0.16345606744289398],""cell.weight_hh"":[-0.03195837885141373,-0.10133223235607147,0.04407057166099548,-0.3851010203361511,-0.25978365540504456,-0.14028237760066986,0.4893929660320282,0.15447820723056793,-0.3204663097858429,-0.2891944646835327,0.4577538073062897,0.25920796394348145,-0.1463482528924942,-0.4359780550003052,0.3916199207305908,0.3773478865623474,-0.49221205711364746,-0.48525768518447876,0.16684478521347046,-0.3065923750400543,0.4604642987251282,-0.4245457053184509,-0.14451740682125092,-0.09431682527065277,-0.09737653285264969,-0.4214616119861603,-0.19364169239997864,0.08867861330509186,0.15591786801815033,-0.04933959245681763,-0.0028849546797573566,0.4947526454925537,0.3823368549346924,-0.04921722412109375,0.07954167574644089,0.23527586460113525,0.11090413480997086,0.14718149602413177,0.13392747938632965,-0.1705368459224701,0.04694448038935661,0.3177121877670288,0.23630334436893463,-0.24159643054008484,0.3832300901412964,-0.2264978289604187,0.3499159514904022,0.23498572409152985],""cell.bias_ih"":[0.3249930143356323,0.03312186524271965,0.13429903984069824,-0.09299126267433167,0.33725088834762573,-0.283064603805542,-0.3078601360321045,0.3855263590812683,0.5440046191215515,0.023105641826987267,0.03928419575095177,0.16096727550029755],""cell.bias_hh"":[0.10711315274238586,-0.39892786741256714,0.10701672732830048,0.031365882605314255,-0.27346453070640564,0.4287418723106384,0.10957705229520798,-0.07078111171722412,0.08679703623056412,0.25770336389541626,0.11571183055639267,0.41982731223106384],""readout.weight"":[-0.4158709943294525,0.24583162367343903,-0.45131200551986694,-0.0528692752122879],""readout.bias"":[0.17348359525203705]}"
920022,GRU_8,321,120,8,122880,1.7313342500000317,0.28070762753486633,0.3348341450095177,"{""cell.weight_ih"":[-0.1802934855222702,-0.14067305624485016,0.14727932214736938,-0.18045635521411896,0.2419053465127945,-0.06147736310958862,0.11673303693532944,-0.17117296159267426,0.15154428780078888,0.05129438266158104,0.019511032849550247,-0.42610618472099304,-0.30659016966819763,-0.021864311769604683,-0.06452275812625885,0.25663578510284424,-0.010493400506675243,0.045962508767843246,0.3692716360092163,0.11759968101978302,-0.13256220519542694,0.3657875657081604,-0.039730921387672424,-0.18778644502162933,0.397038996219635,-0.3217464089393616,0.2630821764469147,0.28274601697921753,0.04530936852097511,0.27409932017326355,0.34857016801834106,-0.06227659434080124,0.179260715842247,-0.02191115729510784,-0.3343832790851593,-0.046109698712825775,-0.2916565239429474,-0.13812187314033508,-0.21806840598583221,0.18774554133415222,0.13179492950439453,-0.2527066767215729,-0.10375980287790298,0.15776070952415466,0.34037721157073975,-0.03720256686210632,0.2779978811740875,-0.043720003217458725,0.07415292412042618,-0.11284621804952621,0.07225682586431503,-0.15529143810272217,-0.19577732682228088,-0.3079802095890045,0.26224079728126526,0.08676781505346298,0.07995202392339706,-0.29175251722335815,-0.11547042429447174,0.33991050720214844,0.2488805651664734,-0.23452170193195343,-0.1121266558766365,0.0010533046443015337,-0.2509998679161072,0.02805210091173649,0.2735634446144104,0.21998785436153412,-0.1136927679181099,-0.42058515548706055,0.2996479868888855,0.20890265703201294],""cell.weight_hh"":[0.02758682519197464,0.3364427387714386,0.1139097660779953,-0.14392949640750885,-0.10757509618997574,-0.17929556965827942,-0.19025202095508575,0.09400812536478043,0.340888649225235,0.3627142906188965,0.07202060520648956,-0.13848024606704712,-0.3053539991378784,0.06994621455669403,-0.1315830945968628,0.12385975569486618,-0.06321801245212555,-0.3106297254562378,-0.056463759392499924,-0.3488033711910248,0.14514760673046112,-0.06137251853942871,0.04598316177725792,-0.11419709771871567,0.25479578971862793,0.1425837278366089,0.24045205116271973,0.3839602768421173,-0.23018202185630798,-0.19062484800815582,0.21617639064788818,-0.28825801610946655,0.16175509989261627,-0.20287038385868073,-0.11330815404653549,0.11792874336242676,-0.24977704882621765,-0.014695866033434868,-0.2533073425292969,0.21699856221675873,-0.07731732726097107,-0.041707322001457214,0.27190878987312317,0.053866852074861526,0.02216854691505432,-0.24499934911727905,0.22041501104831696,0.1479586660861969,0.270700067281723,0.04482845589518547,0.35786545276641846,0.1392938494682312,-0.18715959787368774,-0.1785004884004593,0.442742258310318,-0.11131474375724792,-0.04652528092265129,0.23536133766174316,0.06214943900704384,0.009492256678640842,-0.10257741808891296,-0.018069416284561157,0.3531939387321472,0.03493132442235947,0.3233931064605713,0.29327335953712463,-0.3269135653972626,-0.03387223929166794,-0.05656155198812485,0.2771962583065033,-0.21830792725086212,0.10584492981433868,0.02623523585498333,0.2885308563709259,0.09294721484184265,0.26242488622665405,-0.016571877524256706,0.24474188685417175,-0.11885996907949448,0.251793771982193,-0.421579509973526,0.4504730701446533,0.09857270866632462,0.1529635190963745,-0.07517295330762863,-0.16018281877040863,0.03611062467098236,0.43167462944984436,0.28967612981796265,-0.3180815279483795,0.29245638847351074,0.23743394017219543,0.30087658762931824,-0.005374416708946228,0.16262702643871307,0.0205224696546793,-0.03845304995775223,0.14239446818828583,0.40655654668807983,0.011806593276560307,0.2782811224460602,0.2431408315896988,-0.02214285358786583,-0.04143642261624336,-0.11659529060125351,0.021297289058566093,0.06350663304328918,0.2723778188228607,-0.26826339960098267,0.16660767793655396,0.3293640911579132,-0.3177027404308319,0.3249724507331848,0.23070880770683289,0.011563176289200783,0.18728399276733398,-0.04661814495921135,-0.05250636115670204,0.11476723849773407,0.330473393201828,-0.32728198170661926,-0.01682429015636444,-0.37203916907310486,0.2516714632511139,-0.003469713032245636,-0.19144707918167114,-0.12283796817064285,0.022898992523550987,0.31799599528312683,-0.15985316038131714,-0.015095565468072891,-0.05119040980935097,0.061661869287490845,-0.13085176050662994,-0.034915991127491,0.29231685400009155,0.23749259114265442,0.05693166330456734,-0.06702149659395218,0.33251339197158813,-0.3297843933105469,0.050034068524837494,-0.21412630379199982,-0.04764601215720177,0.23963701725006104,0.05207821726799011,-0.34590399265289307,0.1963367611169815,-0.0451694093644619,0.16069062054157257,-0.43780022859573364,0.22188329696655273,-0.16706965863704681,-0.24882015585899353,0.14423498511314392,-0.29587453603744507,0.15806081891059875,-0.3044641613960266,0.1577550768852234,0.20183223485946655,0.16232258081436157,-0.059175752103328705,-0.0725862979888916,-0.3097189962863922,-0.13159163296222687,-0.33754926919937134,-0.32192033529281616,0.20369631052017212,-0.31961748003959656,-0.08134827017784119,0.21103818714618683,0.12264195084571838,0.047252360731363297,-0.05347511172294617,0.08582460880279541,-0.3310384452342987,0.12236421555280685,0.21792152523994446,-0.07489607483148575,0.28779542446136475,-0.16393481194972992,-0.18610545992851257,-0.0868983194231987,-0.1905493289232254,0.22946390509605408,0.03135110065340996,0.21711312234401703,0.10695204883813858,-0.3344821035861969,0.0882105603814125,0.11898522078990936,-0.02636030875146389],""cell.bias_ih"":[-0.22486186027526855,-0.3611163794994354,-0.041380640119314194,0.028630714863538742,0.08127094805240631,-0.19040626287460327,-0.06500165164470673,-0.09076066315174103,0.2731182277202606,-0.37043291330337524,0.21826626360416412,-0.3405018150806427,0.23745280504226685,-0.03144807368516922,-0.21761217713356018,-0.0820348709821701,-0.050349924713373184,0.2027532160282135,-0.1720864474773407,-0.3201766908168793,0.02324274741113186,0.07284651696681976,0.12804673612117767,0.2941003441810608],""cell.bias_hh"":[0.12041933834552765,0.08629920333623886,0.11231505870819092,-0.3890156149864197,0.04360269010066986,-0.2199811339378357,-0.06525617092847824,0.16668333113193512,-0.014817522838711739,0.08088541030883789,0.2651994824409485,-0.04154050722718239,-0.12340737134218216,-0.23622772097587585,0.09287825971841812,-0.19130484759807587,-0.05762176215648651,-0.19653882086277008,-0.3114436864852905,-0.3011747896671295,0.07812100648880005,-0.25508350133895874,-0.3100256621837616,-0.24720139801502228],""readout.weight"":[-0.21833619475364685,-0.0010543570388108492,-0.2652358114719391,-0.03388107568025589,-0.03923828899860382,-0.28884682059288025,-0.1583048403263092,-0.039844390004873276],""readout.bias"":[-0.2760007679462433]}"
920023,LTC_SENSORY_SITE,114,120,8,122880,5.843912707999948,0.23663637042045593,0.30827314481139184,"{""w_rec"":[0.23171332478523254,0.09149111807346344,-0.03445602208375931,0.08987755328416824,-0.06244354695081711,0.05814068764448166,-0.0873316302895546,0.09326483309268951,0.0703941211104393,0.14217299222946167,-0.01550603099167347,0.051548488438129425,0.029444493353366852,0.03439391031861305,-0.014125586487352848,0.02455756813287735,0.04619990661740303,0.06207168474793434,0.1200401559472084,0.10578564554452896,-0.034365180879831314,0.061718136072158813,-0.036240801215171814,0.08736196160316467,-0.07908820360898972,-0.013095290400087833,0.04301593080163002,0.1223665177822113,0.06023881956934929,0.00384880555793643,0.04675714299082756,-0.007944048382341862,-0.046470604836940765,-0.03505856916308403,0.034904416650533676,-0.014354564249515533,0.13985200226306915,0.008824718184769154,0.008502377197146416,-0.044752269983291626,-0.051290977746248245,-0.05330299213528633,0.07245071977376938,-0.030596453696489334,0.01512999925762415,0.1114744022488594,-0.03331581503152847,-0.03154151886701584,-0.04478386417031288,0.0067812432534992695,-0.0058420998975634575,0.0002537630789447576,0.007855535484850407,-0.04433690011501312,0.10983087122440338,-0.004766769241541624,0.05965797230601311,0.03199276700615883,-0.023327236995100975,0.04178332909941673,-0.0018597483867779374,0.041611745953559875,-0.03024638257920742,0.19749213755130768],""w_temp"":[0.16355440020561218,0.22728972136974335,0.26878657937049866,-0.058345068246126175,0.045522890985012054,-0.4266268312931061,-0.17851173877716064,-0.09415268898010254],""w_vis"":[0.05227959528565407,-0.006625109352171421,-0.213639497756958,0.24823987483978271,0.005010148510336876,-0.042424045503139496,-0.015051594004034996,-0.10654138773679733],""bias"":[-0.8656641244888306,-0.8455696105957031,-0.8641520142555237,-0.7811816930770874,-0.7765108346939087,-0.7873716354370117,-0.7928421497344971,-0.845314621925354],""raw_tau"":[0.138067826628685,0.1585087925195694,0.14011716842651367,0.22258563339710236,0.22630266845226288,0.21635113656520844,0.21056391298770905,0.1580643206834793],""reversal"":[-0.0009156270534731448,-0.09583797305822372,-0.0013530139112845063,-0.1838511973619461,0.0992014929652214,-0.055553827434778214,0.04136337712407112,-0.19342167675495148],""readout"":[0.12718139588832855,0.09958532452583313,-0.002345210639759898,-0.06697764992713928,0.29139086604118347,-0.08583177626132965,0.1116430014371872,0.09004653245210648],""readout_bias"":[0.03560773655772209],""beta"":[0.16987338662147522],""sensory_mask"":[1.0,1.0,1.0,1.0,0.0,0.0,0.0,0.0]}"
920023,LTC_OUTPUT_SITE,114,120,8,122880,4.946059749999904,0.23676109313964844,0.308389750123024,"{""w_rec"":[0.11453890800476074,0.03253382071852684,-0.009845315478742123,0.021962616592645645,-0.018309950828552246,0.001908359001390636,0.010512197390198708,0.041174620389938354,0.03913228586316109,0.1760198324918747,0.017957530915737152,-0.006071797572076321,-0.015608963556587696,-0.07576549798250198,0.011122011579573154,-0.022344820201396942,-0.014552606269717216,0.015305360779166222,0.18440265953540802,-0.07709922641515732,0.06608500331640244,-0.09454131126403809,-0.05041753873229027,-0.012418081052601337,0.053871262818574905,0.010968243703246117,0.06996599584817886,0.08030608296394348,0.04128433018922806,-0.03632804751396179,-0.07869052141904831,-0.04746825620532036,0.01713435724377632,0.0745299682021141,-0.0150369331240654,-0.008777940645813942,0.14403751492500305,-0.06222115829586983,-0.05092201754450798,-0.020045973360538483,0.015210660174489021,-0.0023686066269874573,0.03716105595231056,-0.04765579104423523,0.08743341267108917,0.10951373726129532,-0.033478010445833206,-0.038903702050447464,0.003857365110889077,0.02252907305955887,-0.0037462757900357246,0.06448643654584885,-0.016622493043541908,0.014367298223078251,0.1189858689904213,0.03299286589026451,0.08508557826280594,-0.04913075640797615,0.04709656164050102,-0.024947157129645348,0.009940036572515965,-0.03465231880545616,-0.019303135573863983,0.04419209435582161],""w_temp"":[-0.23883314430713654,0.015432819724082947,-0.12290122359991074,-0.11852128803730011,-0.14655210077762604,-0.05959123373031616,-0.011405136436223984,0.05125998333096504],""w_vis"":[0.17572973668575287,-0.06153619661927223,-0.22251977026462555,-0.026699919253587723,-0.1960546225309372,-0.05363484472036362,-0.14092859625816345,-0.1229802668094635],""bias"":[-0.7791344523429871,-0.8326224684715271,-0.8463525176048279,-0.8721308708190918,-0.8242560625076294,-0.8365282416343689,-0.7847539782524109,-0.8420716524124146],""raw_tau"":[0.2249608337879181,0.17040792107582092,0.15726380050182343,0.13109295070171356,0.17882058024406433,0.16661866009235382,0.21797619760036469,0.1616734266281128],""reversal"":[-0.09219980239868164,-0.02280835062265396,-0.06784140318632126,0.020517170429229736,-0.08348272740840912,0.08496067672967911,0.18948332965373993,0.14241699874401093],""readout"":[-0.14727391302585602,-0.18158285319805145,0.10715676099061966,0.006104678846895695,-0.02233312278985977,0.019734682515263557,0.06447750329971313,-0.13873906433582306],""readout_bias"":[0.033941950649023056],""beta"":[0.20279882848262787],""sensory_mask"":[0.0,0.0,0.0,0.0,0.0,0.0,0.0,0.0]}"
920023,LTC_NO_FEEDBACK,114,120,8,122880,4.83789479099994,0.2365562915802002,0.3082194849848747,"{""w_rec"":[0.1193152591586113,-0.046616923063993454,-0.09125827997922897,0.09347561746835709,0.07694732397794724,-0.02646985836327076,0.05885513871908188,0.06917508691549301,-0.002941642189398408,0.0947485864162445,-0.12402928620576859,0.06103752553462982,0.0619923435151577,0.06119284778833389,0.06569289416074753,0.07689203321933746,-0.046040378510951996,0.008012332953512669,0.09315889328718185,0.0568004734814167,0.0973440632224083,0.06505167484283447,0.07747368514537811,0.099326953291893,0.0530485063791275,-0.011416243389248848,-0.009266842156648636,0.12823422253131866,-0.07966842502355576,-0.07188215106725693,0.02797647938132286,0.009489009156823158,-0.04709846153855324,-0.03457305580377579,-0.08204817026853561,0.05633985623717308,0.19709141552448273,0.041387688368558884,0.07249749451875687,0.08853733539581299,-0.041104450821876526,0.028770871460437775,-0.056566059589385986,0.07729299366474152,0.03244065120816231,0.12416350841522217,0.08028380572795868,0.0543944425880909,-0.0012006601318717003,0.04371257871389389,-0.10352856665849686,0.06856227666139603,0.04133745655417442,0.042443521320819855,0.20196349918842316,0.03719504922628403,0.07544013112783432,-0.06671532988548279,0.045256245881319046,-0.006490679923444986,-0.0400068536400795,-0.10256987065076828,-0.0776948481798172,0.13415902853012085],""w_temp"":[0.20549745857715607,-0.05768253654241562,-0.05533141270279884,-0.1005416214466095,0.28636759519577026,0.04647279158234596,-0.20988042652606964,-0.05474291741847992],""w_vis"":[0.014968492090702057,-0.10579987615346909,0.07395117729902267,0.09824194014072418,-0.29886263608932495,-0.05407893657684326,-0.17918021976947784,0.03365040943026543],""bias"":[-0.8854682445526123,-0.8822662830352783,-0.8479546904563904,-0.796855628490448,-0.8595456480979919,-0.8677729964256287,-0.8796283006668091,-0.7757693529129028],""raw_tau"":[0.11782994866371155,0.12115446478128433,0.15500910580158234,0.2066633105278015,0.14492827653884888,0.13571672141551971,0.1234951838850975,0.22744154930114746],""reversal"":[-0.01190109085291624,-0.0036186156794428825,0.19298309087753296,-0.036375049501657486,-0.009383055381476879,0.003726156195625663,-0.09518137574195862,-0.19125784933567047],""readout"":[-0.11690080910921097,0.005805476102977991,-0.04321665316820145,-0.12995360791683197,0.10943259298801422,0.06373298913240433,-0.007701599504798651,-0.14204728603363037],""readout_bias"":[0.0342702679336071],""beta"":[0.25],""sensory_mask"":[0.0,0.0,0.0,0.0,0.0,0.0,0.0,0.0]}"
920023,LTC_DENSE_FEEDBACK,114,120,8,122880,5.9307132500000534,0.23630960285663605,0.30823210030794146,"{""w_rec"":[0.11930704116821289,0.060469284653663635,-0.01416704896837473,-0.06719021499156952,-0.05064152553677559,-0.03408254683017731,0.0011588584166020155,-0.07768281549215317,-0.029012443497776985,0.05943505838513374,0.02033083513379097,0.028653807938098907,-0.01674756594002247,0.03411998227238655,-0.030018238350749016,-0.044016461819410324,0.006848549470305443,-1.3432043488137424e-05,0.08993034064769745,-0.005195821635425091,-0.011873657815158367,-0.0268310084939003,0.033383145928382874,0.05129057168960571,0.021759916096925735,-0.002794453874230385,0.030895216390490532,0.1008259728550911,-0.013274221681058407,0.005557560361921787,0.0004657770914491266,-0.04370536282658577,0.026462199166417122,0.012554772198200226,0.01706656441092491,-0.002162558725103736,0.13023805618286133,0.008257383480668068,-0.06360869109630585,-0.060407597571611404,0.029437663033604622,-0.03198104351758957,0.028438152745366096,-0.013945518061518669,0.017080876976251602,0.1841532438993454,0.013490760698914528,-0.03329049423336983,0.0411604568362236,0.026538675650954247,-0.03710264340043068,-0.05435003340244293,-0.03812197968363762,-0.019748937338590622,0.16684219241142273,0.05099163576960564,0.04162377491593361,0.08633767813444138,-0.011963966302573681,-0.07493413239717484,-0.020014028996229172,-0.05837428197264671,0.06891804933547974,0.180207759141922],""w_temp"":[0.20222343504428864,-0.08608221262693405,0.2501174807548523,-0.3036801218986511,0.05348160117864609,-0.2912335991859436,0.1066986545920372,0.1562213897705078],""w_vis"":[0.04460139200091362,0.04453587159514427,0.12393992394208908,0.14156809449195862,0.2760913372039795,-0.017760641872882843,-0.0496458038687706,-0.0016967449337244034],""bias"":[-0.8195357322692871,-0.781714916229248,-0.843237578868866,-0.8060909509658813,-0.7938405871391296,-0.780665934085846,-0.8439610004425049,-0.8506563901901245],""raw_tau"":[0.18295393884181976,0.22156453132629395,0.1606793850660324,0.1979343742132187,0.2095661461353302,0.22287605702877045,0.1595725417137146,0.1530197560787201],""reversal"":[-0.011776302941143513,-0.13414616882801056,0.05794411525130272,0.030840633437037468,0.06542614847421646,0.10410244017839432,-0.00017228411161340773,0.0004492885491345078],""readout"":[-0.021804891526699066,-0.13294251263141632,-0.1126759946346283,0.17989736795425415,0.05859143286943436,0.1967540979385376,-6.942343316040933e-05,0.0102765504270792],""readout_bias"":[0.030228273943066597],""beta"":[0.22403007745742798],""sensory_mask"":[1.0,1.0,1.0,1.0,1.0,1.0,1.0,1.0]}"
920023,LTC_SENSORY_YOKED,114,120,8,122880,5.966002042000014,0.23652315139770508,0.3082521058619022,"{""w_rec"":[0.1996362805366516,-0.07469231635332108,0.06575939059257507,0.09088457375764847,-0.050976887345314026,-0.09403277933597565,0.049170833081007004,0.06627338379621506,0.07714809477329254,0.06290637701749802,0.012414190918207169,0.05068853124976158,0.02920563332736492,-0.06997443735599518,0.05021113529801369,0.030507715418934822,-0.09246113151311874,-0.006826423574239016,0.08148620277643204,-0.0355876088142395,-0.07970397174358368,0.01241003256291151,-0.03098246641457081,0.007032133173197508,-0.05731333792209625,-0.024913230910897255,-0.0281175896525383,0.11242926865816116,-0.024745069444179535,0.01973692514002323,-0.006998229306191206,0.0003109029494225979,-0.03288242220878601,-0.09953522682189941,0.058649104088544846,0.05889873951673508,0.03135810047388077,-0.05789235606789589,0.04731537774205208,0.025866547599434853,0.01510655041784048,-0.07351135462522507,0.09406697750091553,0.07914064824581146,-0.08926310390233994,0.10812179744243622,0.05571264401078224,0.040625784546136856,0.030246837064623833,-0.05256586894392967,0.02060827426612377,0.06331750005483627,0.0587865486741066,-0.037889085710048676,0.16072359681129456,0.028695333749055862,-0.051464926451444626,0.024825790897011757,-0.038610659539699554,0.0093718646094203,-0.09207580983638763,0.04620131477713585,-0.07219314575195312,0.09767577052116394],""w_temp"":[0.09151419997215271,0.39320236444473267,0.24009397625923157,-0.06884481012821198,-0.015201306901872158,-0.013326511718332767,0.10343527793884277,0.09426043927669525],""w_vis"":[-0.1636471450328827,-0.11654339730739594,0.1474035382270813,0.24342337250709534,-0.07310184091329575,-0.008251463063061237,-0.11513018608093262,0.06188814342021942],""bias"":[-0.8768921494483948,-0.8450525999069214,-0.776620626449585,-0.7771611213684082,-0.861107587814331,-0.8763228058815002,-0.845136821269989,-0.7885254621505737],""raw_tau"":[0.126833975315094,0.15986040234565735,0.22566454112529755,0.2266252040863037,0.1420651525259018,0.12704533338546753,0.15872350335121155,0.21429386734962463],""reversal"":[0.0016909362748265266,0.15071465075016022,-0.18097910284996033,-0.10046569257974625,0.005821777507662773,0.07953643053770065,-0.09340806305408478,-0.07097014784812927],""readout"":[0.2982054352760315,-0.06841959059238434,-0.11692611873149872,-0.1542317420244217,0.012760964222252369,0.007732916157692671,0.12443685531616211,-0.06471209973096848],""readout_bias"":[0.035628315061330795],""beta"":[0.20698200166225433],""sensory_mask"":[1.0,1.0,1.0,1.0,0.0,0.0,0.0,0.0]}"
920023,GRU_4,113,120,8,122880,1.7278868749999674,0.4315175414085388,0.3095451548695564,"{""cell.weight_ih"":[0.2593628466129303,0.2274116426706314,0.2221287190914154,-0.5601544976234436,-0.30585625767707825,-0.36222782731056213,0.4233253598213196,0.573656439781189,-0.1588619351387024,-0.4674476087093353,0.30300262570381165,0.056258682161569595,-0.36109793186187744,-0.014422247186303139,0.29620105028152466,-0.0478566475212574,-0.021770723164081573,0.4509604275226593,0.32496416568756104,0.185222789645195,0.4377247095108032,-0.4413612186908722,0.16708289086818695,-0.0969209223985672,-0.12242154031991959,0.3020155727863312,-0.16211716830730438,0.22594387829303741,0.5331153869628906,-0.10988237708806992,0.4953339695930481,-0.11233590543270111,0.15007060766220093,0.20350489020347595,-0.06873642653226852,-0.28147149085998535],""cell.weight_hh"":[-0.07622060179710388,-0.2663026750087738,-0.17573334276676178,-0.1955990493297577,0.1032942533493042,-0.16389083862304688,0.16021737456321716,0.49228227138519287,0.06275080144405365,-0.2718394100666046,0.2136891633272171,0.2887093722820282,-0.009793194010853767,-0.2852092683315277,0.30427655577659607,0.17140920460224152,-0.3802630305290222,-0.11029910296201706,-0.04518982023000717,0.45395779609680176,-0.34276288747787476,0.5832037925720215,0.48854321241378784,0.47583886981010437,0.3398067355155945,0.34052130579948425,0.22345609962940216,-0.43825310468673706,-0.1067284569144249,-0.17555765807628632,0.2508743107318878,-0.1105634793639183,-0.0027684627566486597,0.3034794330596924,0.5710746645927429,-0.2550489902496338,0.5735275149345398,0.5909379124641418,-0.39591577649116516,-0.36308956146240234,-0.18675462901592255,-0.5527595281600952,0.1183922290802002,-0.30468228459358215,0.30949947237968445,0.12466584146022797,-0.21174375712871552,-0.23557688295841217],""cell.bias_ih"":[0.12618115544319153,-0.27502673864364624,-0.14990562200546265,-0.4224856495857239,-0.20818018913269043,-0.25819534063339233,-0.011615833267569542,0.18790075182914734,0.3045136034488678,0.16561011970043182,-0.11161297559738159,0.5861405730247498],""cell.bias_hh"":[-0.0904722511768341,-0.060930781066417694,-0.29793545603752136,0.011515669524669647,0.6067240238189697,-0.1194755807518959,0.1170160099864006,-0.17350006103515625,-0.24744337797164917,0.019902857020497322,-0.08784807473421097,-0.11907001584768295],""readout.weight"":[-0.2920410633087158,0.5551619529724121,-0.25692737102508545,0.2062585949897766],""readout.bias"":[-0.32925930619239807]}"
920023,GRU_8,321,120,8,122880,1.7361895000000231,0.23887887597084045,0.30971227437257765,"{""cell.weight_ih"":[-0.3435819745063782,0.27008992433547974,-0.256630003452301,-0.4240592420101166,-0.2818404734134674,0.04830801486968994,-0.11422380805015564,0.3442748188972473,0.27452102303504944,-0.03352626413106918,0.20937122404575348,-0.25285080075263977,0.336731880903244,-0.35718628764152527,-0.02913893572986126,0.15270279347896576,-0.1573008894920349,-0.3813949525356293,-0.2775847911834717,0.1634601503610611,0.09329715371131897,0.15819445252418518,-0.21096138656139374,0.014097565785050392,0.16784773766994476,-0.2603464126586914,0.34310030937194824,0.36491793394088745,-0.01231203693896532,0.2475457489490509,0.2787695825099945,0.19686736166477203,-0.2663809657096863,-0.13667075335979462,-0.1932094395160675,-0.28475216031074524,-0.13393031060695648,-0.2661243975162506,0.1278945356607437,-0.0605500228703022,0.01732979156076908,0.17809779942035675,0.18828997015953064,0.25749287009239197,-0.1604446917772293,-0.18981489539146423,-0.25289884209632874,0.1434602439403534,-0.04960150644183159,0.22135065495967865,0.15628060698509216,-0.20990701019763947,-0.2726172208786011,0.343706339597702,-0.13843822479248047,-0.3795766830444336,0.3998795747756958,-0.35081395506858826,-0.11370034515857697,-0.15849953889846802,0.3644827902317047,0.26239028573036194,0.18928171694278717,0.029073510318994522,-0.17545299232006073,0.22458863258361816,-0.20140638947486877,0.23058079183101654,0.2801450788974762,0.04263075068593025,0.019225772470235825,-0.07766660302877426],""cell.weight_hh"":[0.014067403972148895,-0.09922052919864655,-0.08710022270679474,0.14863945543766022,-0.11455518752336502,-0.18594180047512054,0.3244030475616455,0.26646286249160767,0.0012424212181940675,-0.07630358636379242,-0.36938899755477905,0.023808248341083527,0.2108352929353714,-0.009671280160546303,0.12533962726593018,0.006418122444301844,0.26642969250679016,0.27877938747406006,-0.16002370417118073,-0.09377576410770416,-0.15990608930587769,-0.15033531188964844,0.3081190288066864,-0.09676331281661987,0.23261182010173798,-0.013013695366680622,-0.2538387179374695,-0.2798779308795929,-0.2996372878551483,-0.18820837140083313,-0.2743447422981262,0.0611841045320034,0.0264983382076025,0.3461689054965973,-0.19509083032608032,-0.2347870022058487,-0.1513109803199768,0.08424487709999084,-0.009363513439893723,-0.11664003133773804,-0.2509647309780121,0.33630770444869995,0.23940201103687286,0.35446369647979736,0.0736003965139389,-0.11443488299846649,-0.04673333838582039,0.1368047446012497,-0.06936637312173843,-0.2441585808992386,-0.174397811293602,0.15556049346923828,0.059307169169187546,0.0305459126830101,-0.13279259204864502,0.3159033954143524,-0.21245595812797546,0.245813250541687,0.0046042813919484615,-0.1596503108739853,0.2863427400588989,-0.18192745745182037,0.09640223532915115,0.3329543471336365,-0.04371168464422226,-0.2237292379140854,0.15817029774188995,0.0676775649189949,0.29561591148376465,-0.23121844232082367,-0.3521329462528229,0.1371176391839981,-0.1359453648328781,0.17811647057533264,-0.11740683764219284,-0.3345142602920532,0.28891050815582275,0.4219300150871277,0.3297120928764343,-0.31058818101882935,0.0005698709283024073,0.04786060377955437,0.05105578526854515,-0.3854610025882721,-0.09983453154563904,0.270550936460495,0.260703444480896,-0.11010761559009552,-0.2249242663383484,-0.0030042948201298714,-0.1983310878276825,0.09973112493753433,-0.28907111287117004,0.01745401881635189,-0.07484748214483261,0.08638740330934525,-0.28158557415008545,-0.20663641393184662,0.014628363773226738,-0.27025023102760315,-0.14046286046504974,-0.059170160442590714,-0.30407583713531494,0.41498321294784546,-0.08105335384607315,-0.22174498438835144,-0.05534234642982483,-0.3442140817642212,0.3872968852519989,0.3130126893520355,0.13476768136024475,-0.1518794447183609,0.2341732531785965,0.15690748393535614,0.0042724525555968285,0.4788423478603363,-0.23577174544334412,0.3616076707839966,0.05938587337732315,-0.26319393515586853,-0.25297704339027405,0.09634000808000565,0.18936246633529663,0.04413151741027832,0.2227264940738678,0.35037001967430115,0.18467865884304047,-0.23686669766902924,0.12781110405921936,-0.26146069169044495,-0.15514598786830902,0.328832745552063,0.22936499118804932,-0.15295837819576263,-0.14840413630008698,0.02030850388109684,-0.23186251521110535,-0.28669798374176025,0.203782320022583,-0.11179936677217484,-0.3257949948310852,-0.11168570816516876,-0.1696416735649109,0.0430026650428772,-0.03766784071922302,0.11879578977823257,0.31293201446533203,0.35946232080459595,0.14784523844718933,0.17192931473255157,-0.1847209632396698,-0.08260796964168549,0.1571025252342224,0.2986038625240326,-0.1671086698770523,-0.04710044339299202,0.2734665274620056,0.17295335233211517,-0.2154950201511383,0.26434260606765747,-0.30712294578552246,-0.2217104136943817,-0.17215579748153687,-0.015749478712677956,-0.26862984895706177,-0.033007875084877014,-0.4127638638019562,0.28883200883865356,-0.08519960194826126,0.34622275829315186,0.3484528362751007,-0.10580143332481384,-0.15688619017601013,0.1767311692237854,-0.11939870566129684,-0.13247208297252655,0.16746747493743896,-0.21014027297496796,0.08380748331546783,-0.18183892965316772,-0.13665282726287842,0.26359692215919495,0.18268071115016937,0.0063362703658640385,0.11716650426387787,-0.3310711979866028,0.11592473089694977,-0.06804308295249939,0.25369271636009216,-0.02093665301799774,-0.3143150806427002,-0.03642117604613304],""cell.bias_ih"":[-0.08484330028295517,0.32257288694381714,-0.05881304293870926,-0.26677796244621277,-0.24402940273284912,0.0361594557762146,0.2448243647813797,-0.2153233140707016,0.2989758551120758,0.26098257303237915,-0.11419258266687393,0.1023809090256691,-0.03373255953192711,0.2962699234485626,0.1969548463821411,-0.1959892064332962,-0.12096015363931656,0.04831627011299133,0.2059869021177292,0.005593162029981613,-0.20133401453495026,0.24523769319057465,-0.14756032824516296,-0.22243520617485046],""cell.bias_hh"":[0.1555395871400833,-0.12808369100093842,0.29966697096824646,-0.21056589484214783,0.061682067811489105,-0.19134670495986938,0.27709129452705383,-0.08924418687820435,0.3451850414276123,-0.27558767795562744,0.10223013162612915,-0.1337558627128601,0.18573495745658875,0.06715337187051773,0.18655815720558167,0.32450562715530396,0.018524017184972763,-0.1089431494474411,-0.17026741802692413,0.2228172868490219,0.2998509109020233,-0.35939544439315796,0.2900637090206146,-0.07472123205661774],""readout.weight"":[-7.683922012802213e-05,-0.15321026742458344,-0.131061851978302,0.2577134668827057,-0.1606762856245041,-0.09852082282304764,-0.15103819966316223,-0.07888774573802948],""readout.bias"":[0.06242816895246506]}"
920024,LTC_SENSORY_SITE,114,120,8,122880,5.869662833999996,0.212778240442276,0.32460122257471086,"{""w_rec"":[0.11042789369821548,-0.031572721898555756,-0.06686542183160782,0.0012266887351870537,-0.031477928161621094,-0.0367124080657959,-0.09225546568632126,-0.03086136467754841,-0.0315951369702816,0.16496266424655914,-0.08347954601049423,-0.03672119975090027,-0.0013113485183566809,-0.01787153258919716,-0.09513602405786514,-0.021556589752435684,-0.05435524508357048,-0.05952824279665947,0.1771996170282364,0.10097358375787735,0.05280173569917679,-0.0686945766210556,-0.014357480220496655,0.09501675516366959,-0.11006342619657516,-0.07758115231990814,-0.004061645362526178,0.1431795209646225,0.1156223863363266,-0.07238408178091049,0.04605181887745857,0.05871225893497467,0.008719338104128838,-0.007458651438355446,-0.08619687706232071,-0.019658653065562248,0.12955895066261292,-0.043245308101177216,-0.08477877825498581,0.017789537087082863,-0.06857522577047348,-0.05621049180626869,-0.037549715489149094,-0.03078613616526127,0.0652632787823677,0.08541170507669449,-0.0328410342335701,0.05256080627441406,-0.03498837351799011,-0.06272851675748825,0.09504904597997665,0.07674422115087509,0.05679188668727875,-0.024758262559771538,0.18819046020507812,0.03326224535703659,-0.04739337041974068,-0.06551431864500046,-0.011959552764892578,0.14225676655769348,0.0703360065817833,-0.0547727532684803,0.06029820069670677,0.18146347999572754],""w_temp"":[-0.008952047675848007,0.1815640926361084,-0.06548240780830383,-0.16158103942871094,-0.052306246012449265,0.04065907746553421,0.03451353684067726,-0.07085683941841125],""w_vis"":[0.06427010148763657,0.05167526379227638,0.0939168632030487,-0.255985289812088,-0.044028520584106445,0.03559325635433197,0.0022938495967537165,-0.006464847829192877],""bias"":[-0.7801483273506165,-0.7770426869392395,-0.8656917810440063,-0.8842790126800537,-0.8004186749458313,-0.8334878087043762,-0.8613476157188416,-0.8725131154060364],""raw_tau"":[0.2228756844997406,0.22480864822864532,0.1375291496515274,0.1187518909573555,0.20228451490402222,0.16963490843772888,0.14198368787765503,0.13071998953819275],""reversal"":[0.07847496122121811,0.25208210945129395,0.0125725157558918,0.007508742157369852,-0.22374682128429413,0.0070123872719705105,0.008546784520149231,-0.1923036128282547],""readout"":[-0.09057414531707764,-0.06298588961362839,-0.027395807206630707,-0.015840979292988777,0.04150187224149704,-0.007216446101665497,-0.10484093427658081,0.01987636461853981],""readout_bias"":[-0.04675266519188881],""beta"":[0.28498610854148865],""sensory_mask"":[1.0,1.0,1.0,1.0,0.0,0.0,0.0,0.0]}"
920024,LTC_OUTPUT_SITE,114,120,8,122880,4.95478295800001,0.2163238376379013,0.32499929070472716,"{""w_rec"":[0.054513733834028244,-0.01016082800924778,0.03233257681131363,0.07261902838945389,-0.02560567669570446,0.08635921031236649,-0.10573216527700424,0.006945856846868992,-0.05580389127135277,0.21751388907432556,0.054955415427684784,0.08155282586812973,-0.05292826145887375,0.04339271038770676,0.004982059355825186,0.02649492584168911,-0.036168407648801804,0.0805714875459671,0.15833762288093567,0.09239952266216278,-0.08283257484436035,0.05739615112543106,-0.07442830502986908,0.014314280822873116,-0.10763482004404068,0.08264665305614471,0.06379825621843338,0.1924591362476349,-0.05620940402150154,0.023147644475102425,-0.038413286209106445,0.07030288875102997,-0.028159553185105324,0.036211296916007996,0.060476262122392654,0.049479059875011444,0.09525980055332184,0.029688235372304916,-0.05996670201420784,0.06496735662221909,0.065157949924469,0.003808084409683943,-0.007057832553982735,-0.022036628797650337,0.0052848877385258675,0.08580707758665085,0.09534202516078949,-0.03845594823360443,-0.04832767695188522,0.07106195390224457,0.06577739864587784,0.03675123304128647,-0.09234307706356049,0.05054624751210213,0.11860264837741852,0.07283598929643631,0.09568285942077637,-0.043328091502189636,-0.10332969576120377,-0.0462225116789341,0.0375773087143898,0.0003609615669120103,0.06824477761983871,0.09344439953565598],""w_temp"":[0.24493947625160217,-0.1533701866865158,-0.07025733590126038,0.15853546559810638,0.26514866948127747,0.024633953347802162,-0.27736175060272217,-0.08025290817022324],""w_vis"":[-0.28574055433273315,-0.028274552896618843,-0.136553093791008,-0.14182136952877045,-0.10246553272008896,-0.019115813076496124,0.15062470734119415,-0.00385499419644475],""bias"":[-0.8568035960197449,-0.8510433435440063,-0.8559292554855347,-0.8683350682258606,-0.8565539717674255,-0.773294985294342,-0.8717228174209595,-0.7700559496879578],""raw_tau"":[0.14791013300418854,0.15203680098056793,0.1476692259311676,0.13542142510414124,0.14788004755973816,0.2292497456073761,0.13186503946781158,0.23288223147392273],""reversal"":[0.058424536138772964,-0.12316407263278961,-0.008271725848317146,-0.18541835248470306,0.06929045170545578,-0.17793332040309906,-0.02623501420021057,-0.07701040804386139],""readout"":[0.14308439195156097,0.0298102218657732,-0.01600208505988121,0.0017912399489432573,0.4485715329647064,0.06556963920593262,0.29473647475242615,0.1650407910346985],""readout_bias"":[-0.05035603046417236],""beta"":[0.19066253304481506],""sensory_mask"":[0.0,0.0,0.0,0.0,0.0,0.0,0.0,0.0]}"
920024,LTC_NO_FEEDBACK,114,120,8,122880,4.86357524999994,0.21180759370326996,0.3245994448661804,"{""w_rec"":[0.13290005922317505,0.022278979420661926,0.03947296738624573,-0.01594107411801815,-0.029919391497969627,0.048724424093961716,0.01686948537826538,-0.052683841437101364,-0.0879938006401062,0.05457882210612297,-0.12532469630241394,0.06857630610466003,0.07303860783576965,-0.09439706802368164,-0.08227980881929398,0.048384882509708405,-0.02708861045539379,-0.0337960347533226,0.05842728912830353,0.07111095637083054,0.031194373965263367,-0.0597723089158535,-0.06303363293409348,0.06247635930776596,0.0015371495392173529,0.049704838544130325,0.07184869050979614,0.08519531786441803,-0.059019166976213455,0.03557160124182701,0.011922732926905155,-0.0014439638471230865,-0.03891267627477646,-0.06683480739593506,-0.082759328186512,0.045350175350904465,0.2076634168624878,-0.033930931240320206,-0.06399641931056976,0.02668686956167221,-0.0036434587091207504,0.029650850221514702,0.010720424354076385,-0.06411605328321457,-0.06234223023056984,0.16495075821876526,0.039283204823732376,0.007370355539023876,-0.07495932281017303,-0.02802830934524536,-0.10558529943227768,0.022068168967962265,0.1138225793838501,-0.04345652088522911,0.037708673626184464,0.04166657477617264,-0.05132315680384636,-0.10041285306215286,0.020656082779169083,0.09882816672325134,0.09100763499736786,-0.06473606079816818,-0.04496142640709877,0.1814434677362442],""w_temp"":[-0.23677992820739746,0.30975106358528137,-0.05878177657723427,-0.24058671295642853,0.04650763049721718,-0.12509535253047943,0.021408841013908386,0.206346333026886],""w_vis"":[0.1238664910197258,0.0029533414635807276,-0.1533273607492447,0.13080012798309326,-0.001627436955459416,-0.001853856141678989,-0.19206054508686066,0.10195206850767136],""bias"":[-0.7898898720741272,-0.8726604580879211,-0.8514353632926941,-0.7754464149475098,-0.856465220451355,-0.7741432785987854,-0.8633980751037598,-0.8509610295295715],""raw_tau"":[0.21374621987342834,0.13120348751544952,0.15226036310195923,0.2282320261001587,0.1469520479440689,0.22884389758110046,0.14047513902187347,0.15261617302894592],""reversal"":[0.11222126334905624,0.1358668953180313,0.025763237848877907,-0.20957699418067932,-0.0025649836752563715,0.22054512798786163,0.2704765796661377,-0.08212167769670486],""readout"":[-0.07219486683607101,-0.005623667035251856,0.004544142168015242,0.15433980524539948,-0.104596346616745,-0.26091527938842773,0.0005841265083290637,-0.020211394876241684],""readout_bias"":[-0.03445960953831673],""beta"":[0.25],""sensory_mask"":[0.0,0.0,0.0,0.0,0.0,0.0,0.0,0.0]}"
920024,LTC_DENSE_FEEDBACK,114,120,8,122880,5.948142207999922,0.21145176887512207,0.32457863762974737,"{""w_rec"":[0.02687515690922737,0.09499642252922058,-0.04974387213587761,-0.09611231088638306,-0.057171981781721115,-0.10791319608688354,0.06080878525972366,-0.07578127086162567,0.023494532331824303,0.11102459579706192,0.13356494903564453,0.020215239375829697,0.031128553673624992,0.022014252841472626,-0.08893817663192749,-0.010112367570400238,-0.10251591354608536,0.05682750418782234,0.04833250120282173,-0.11032462120056152,-0.05829494446516037,-0.11620502918958664,0.08382347971200943,-0.1284288763999939,0.05073932930827141,0.014107444323599339,0.1138281300663948,0.14838770031929016,0.04161999747157097,0.04739292711019516,-0.07166582345962524,-0.010491201654076576,-0.039187949150800705,0.0773022398352623,-0.0749024748802185,-0.06372130662202835,0.06850194931030273,-0.055349964648485184,0.07961597293615341,-0.0651281327009201,0.0177793987095356,0.0015363318379968405,0.09396588057279587,-0.01948647014796734,0.07224971055984497,0.16104109585285187,-0.09274318814277649,0.02783212438225746,-0.03175095468759537,0.05918106436729431,-0.05409683287143707,-0.07254964858293533,-0.0751330778002739,-0.04373709112405777,0.20466706156730652,-0.0737142264842987,-0.008108532056212425,0.00827612541615963,0.09190984070301056,-0.005708019249141216,0.05313366651535034,0.06262806057929993,-0.12225431948900223,0.08248569071292877],""w_temp"":[-0.12438995391130447,0.09892016649246216,0.06282687187194824,-0.23849646747112274,-0.21114209294319153,-0.18638840317726135,-0.037480928003787994,0.01678008958697319],""w_vis"":[-0.11634323745965958,-0.028225945308804512,-0.09762255102396011,0.15840034186840057,0.12292297929525375,0.16613325476646423,-0.07229690253734589,0.10069184750318527],""bias"":[-0.8828586339950562,-0.8035843968391418,-0.9044339656829834,-0.7820461988449097,-0.8623133301734924,-0.7758865356445312,-0.8646885752677917,-0.7949026226997375],""raw_tau"":[0.12051856517791748,0.19883376359939575,0.09918578714132309,0.22180940210819244,0.1407502144575119,0.2279851734638214,0.13874836266040802,0.2081899493932724],""reversal"":[0.06525339931249619,-0.049545228481292725,0.001532303518615663,0.14736010134220123,-0.009226984344422817,0.457370787858963,0.008180015720427036,0.053623463958501816],""readout"":[-0.011066165752708912,0.07573142647743225,0.0004647187888622284,-0.11675942689180374,0.13007093966007233,-0.13642138242721558,-0.06306593120098114,-0.2925078570842743],""readout_bias"":[-0.03241968899965286],""beta"":[0.2732424736022949],""sensory_mask"":[1.0,1.0,1.0,1.0,1.0,1.0,1.0,1.0]}"
920024,LTC_SENSORY_YOKED,114,120,8,122880,5.998821667000016,0.21266551315784454,0.3245416581630707,"{""w_rec"":[0.09669416397809982,-0.04500081390142441,0.07170891016721725,-0.03914806246757507,0.056635063141584396,-0.03820578008890152,0.08070897310972214,0.03511155769228935,0.07209740579128265,0.22020533680915833,-0.05494515970349312,0.00737628061324358,-0.00933234766125679,0.058882780373096466,-0.013856119476258755,-0.08081258088350296,0.12167127430438995,0.06803524494171143,0.07141892611980438,0.105718694627285,-0.12105809897184372,0.046191416680812836,-0.051469817757606506,-0.06442960351705551,0.03945322334766388,0.03967434540390968,-0.0427079014480114,0.1318080723285675,-0.09091048687696457,0.04292125254869461,-0.038119662553071976,0.004827126860618591,0.10523181408643723,0.012152819894254208,-0.06461261212825775,0.14389629662036896,0.1856023222208023,0.09733007103204727,-0.11216244846582413,-0.10121932625770569,-0.03755214810371399,-0.04900996759533882,0.019802309572696686,-0.03472563996911049,0.07564101368188858,0.1463330090045929,-0.017985474318265915,0.04043223708868027,0.03315386921167374,0.038624804466962814,-0.05140385404229164,0.07752742618322372,-0.09329460561275482,0.06469014286994934,0.03948222100734711,-0.02805066481232643,-0.04155050963163376,-0.04306633025407791,0.04266980290412903,-0.08295713365077972,0.1227240040898323,-0.02881448343396187,0.051577743142843246,0.17142048478126526],""w_temp"":[-0.41323748230934143,-0.04902540519833565,-0.0028320029377937317,0.19932308793067932,-0.11586035043001175,-0.06039486452937126,0.345233678817749,0.019496237859129906],""w_vis"":[0.07829376310110092,-0.18500562012195587,-0.3168177902698517,-0.1488688588142395,0.02916152961552143,-0.007686881348490715,-0.10724975913763046,0.14609810709953308],""bias"":[-0.7650371789932251,-0.8571550250053406,-0.853157103061676,-0.8503499031066895,-0.9017485976219177,-0.7780232429504395,-0.8502250909805298,-0.7675738334655762],""raw_tau"":[0.23815715312957764,0.1464153677225113,0.15109005570411682,0.15395313501358032,0.10163614898920059,0.22484490275382996,0.15468506515026093,0.2356206476688385],""reversal"":[-0.14399898052215576,0.006413352210074663,0.06343935430049896,-0.078473761677742,-0.007303192280232906,-0.14114820957183838,0.12773928046226501,0.1813846230506897],""readout"":[0.2531818449497223,-0.017038997262716293,0.03820390626788139,-0.14142616093158722,0.018330367282032967,0.08728502690792084,0.09371522068977356,-0.1893855631351471],""readout_bias"":[-0.0426848866045475],""beta"":[0.33193475008010864],""sensory_mask"":[1.0,1.0,1.0,1.0,0.0,0.0,0.0,0.0]}"
920024,GRU_4,113,120,8,122880,1.7248761670000476,0.367476224899292,0.32600153610110283,"{""cell.weight_ih"":[0.32470571994781494,0.4228004217147827,0.3762071132659912,-0.39422449469566345,-0.16476163268089294,0.480130136013031,-0.13878133893013,0.0964178740978241,0.02501358836889267,-0.35705503821372986,0.014225468039512634,-0.29162415862083435,-0.43809232115745544,0.27927452325820923,-0.35974952578544617,-0.4137120544910431,0.32364025712013245,-0.5486065149307251,-0.35308948159217834,0.33240050077438354,0.41072705388069153,-0.15990152955055237,0.19254553318023682,0.5381678342819214,-0.3622414469718933,0.14127995073795319,-0.38192036747932434,-0.405706524848938,0.21052315831184387,-0.3696900010108948,0.6419959664344788,-0.5548765659332275,-0.44053885340690613,0.0011707268422469497,0.5415045022964478,-0.06811824440956116],""cell.weight_hh"":[0.4046079218387604,0.18224819004535675,-0.28127405047416687,-0.2058599293231964,-0.280314564704895,-0.36380353569984436,0.24705612659454346,-0.5126199126243591,-0.3832213282585144,0.5342804193496704,-0.19346781075000763,0.021261757239699364,-0.3171592950820923,-0.016633203253149986,0.0038912370800971985,0.05616685748100281,0.1792239546775818,0.02197342738509178,-0.546210765838623,0.012056238017976284,-0.03881792724132538,0.18187646567821503,-0.02728954143822193,-0.7120208740234375,-0.21263770759105682,0.5291961431503296,-0.3167656660079956,0.413862019777298,0.10478702932596207,0.149743914604187,-0.4224594235420227,-0.3088968098163605,0.17274023592472076,0.5046611428260803,-0.03601638600230217,-0.2047239989042282,0.05707693099975586,0.03360637649893761,0.6369056701660156,0.015641329810023308,-0.21516288816928864,0.27822256088256836,-0.3337133228778839,0.22829172015190125,-0.3096654415130615,-0.6093499660491943,-0.4874430000782013,0.2166104018688202],""cell.bias_ih"":[-0.08532979339361191,-0.03492603078484535,0.08887872099876404,0.11218496412038803,-0.1559676229953766,0.45414644479751587,-0.3283533453941345,0.16903580725193024,0.16758877038955688,-0.4206056594848633,-0.24764075875282288,-0.3320613503456116],""cell.bias_hh"":[-0.25558722019195557,-0.2877885699272156,-0.2473500519990921,-0.19156724214553833,0.19592183828353882,0.11109723895788193,-0.4356357157230377,0.25653713941574097,-0.5340517163276672,-0.6229690313339233,0.39217686653137207,-0.3189656436443329],""readout.weight"":[0.10125796496868134,0.1993263214826584,0.1496477574110031,-0.014467638917267323],""readout.bias"":[0.08862944692373276]}"
920024,GRU_8,321,120,8,122880,1.7154500000000326,0.2223244309425354,0.31961081773042677,"{""cell.weight_ih"":[-0.13809560239315033,-0.26864051818847656,0.08770021051168442,0.21606458723545074,-0.07386334240436554,-0.24661119282245636,-0.18063834309577942,-0.05797327682375908,0.05029313266277313,0.029635468497872353,0.26827192306518555,-0.25526684522628784,-0.04055791720747948,0.13602299988269806,0.4245404303073883,0.11307457089424133,0.19542817771434784,0.16896995902061462,0.030439035966992378,0.07844018936157227,0.279407799243927,-0.27880924940109253,-0.332689106464386,0.045012909919023514,-0.09354046732187271,0.06879973411560059,-0.2113334685564041,0.2755267024040222,-0.20339560508728027,-0.28791147470474243,-0.1533849537372589,-0.36504268646240234,0.29057127237319946,0.14228922128677368,0.16608160734176636,-0.008644760586321354,0.11435827612876892,-0.09650611132383347,-0.2575426995754242,0.3364641070365906,0.07607876509428024,0.0402594693005085,-0.2605496644973755,-0.21628054976463318,0.15630486607551575,-0.22439265251159668,-0.17892712354660034,0.23824156820774078,-0.1895468384027481,-0.33020511269569397,0.1164366751909256,0.038160860538482666,-0.05117849260568619,0.23993752896785736,0.0923929288983345,0.13340549170970917,0.1991262286901474,0.337014764547348,-0.22118692100048065,0.021741710603237152,-0.08341434597969055,0.08414104580879211,-0.16064892709255219,0.09400496631860733,0.030190344899892807,0.01945568434894085,0.35795146226882935,-0.0654083639383316,0.17946819961071014,0.0703345388174057,0.31915226578712463,-0.38902899622917175],""cell.weight_hh"":[0.32691672444343567,0.23104770481586456,0.16854484379291534,-0.2829635441303253,-0.07179007679224014,0.0539201982319355,0.21644222736358643,0.12285901606082916,-0.18382389843463898,-0.15235157310962677,0.24918463826179504,-0.08615577220916748,-0.056710243225097656,-0.03764602541923523,0.4067097306251526,-0.3004573881626129,0.18486487865447998,-0.005609399173408747,-0.03313069045543671,-0.13722629845142365,0.1604682058095932,-0.034944333136081696,0.2578449547290802,0.14496241509914398,0.22863972187042236,-0.28626111149787903,-0.21042264997959137,-0.09596432000398636,-0.018406184390187263,-0.07956522703170776,0.3157501816749573,0.22155159711837769,-0.2907985746860504,0.04730818048119545,0.09420979022979736,0.3085233271121979,0.26652851700782776,-0.22567957639694214,0.27172404527664185,0.12137668579816818,0.14674998819828033,0.5133596062660217,-0.0963224247097969,0.33023974299430847,-0.14497976005077362,0.3051130771636963,0.10164262354373932,-0.21627190709114075,0.201011523604393,-0.3669610619544983,-0.019597969949245453,-0.15173624455928802,-0.33335641026496887,-0.1580185890197754,-0.34728091955184937,-0.21666641533374786,0.11632689833641052,0.4115976095199585,-0.2458704560995102,0.008081120438873768,-0.3325329124927521,0.4163416028022766,-0.005315329879522324,0.025322603061795235,0.06762344390153885,0.10660021752119064,-0.0656660795211792,0.11581595987081528,-0.17042063176631927,0.06750334054231644,-0.45371726155281067,0.25548386573791504,-0.19118280708789825,0.019788509234786034,0.12852957844734192,-0.3107783794403076,0.17326807975769043,0.2344796061515808,-0.047025565057992935,0.0918007344007492,-0.1341743916273117,0.34986305236816406,-0.26342451572418213,0.3290632963180542,0.19846788048744202,0.35588324069976807,0.09611711651086807,0.2584475576877594,0.1732170432806015,0.13830846548080444,0.04209333285689354,0.33920416235923767,-0.09210997074842453,0.46453577280044556,0.28893032670021057,-0.17956852912902832,0.0331311896443367,0.2715989053249359,-0.1638345867395401,-0.11564500629901886,0.1887376755475998,-0.10921859741210938,-0.22721193730831146,-0.04607024043798447,-0.16386473178863525,0.24181896448135376,-0.36959075927734375,0.2031896412372589,0.25126975774765015,0.2966528832912445,-0.32173237204551697,0.07867281138896942,-0.04204075038433075,0.04796657711267471,0.15571556985378265,0.1570204794406891,0.12342549115419388,-0.14590732753276825,0.4207718074321747,-0.08946911245584488,0.12624946236610413,0.07522901892662048,-0.14539667963981628,0.3352682292461395,-0.1880405992269516,-0.10169383138418198,0.06946291029453278,-0.28570452332496643,-0.053718794137239456,0.1019551083445549,-0.2661934792995453,-0.33624666929244995,-0.2574579119682312,0.38787218928337097,0.07647836208343506,0.12775899469852448,-0.09191431850194931,-0.5102031230926514,-0.03208031505346298,-0.31003573536872864,-0.25130635499954224,-0.21653105318546295,-0.22074006497859955,-0.3098228871822357,0.30099567770957947,0.3507225513458252,-0.38939717411994934,-0.320235937833786,-0.054021090269088745,0.15418300032615662,-0.3478223383426666,0.19286395609378815,0.15948739647865295,0.3641839623451233,-0.5064805746078491,-0.32456064224243164,0.013483758084475994,-0.00923121813684702,0.2788446843624115,0.28613796830177307,0.24612808227539062,0.11955183744430542,0.09850064665079117,-0.1820085495710373,0.22770792245864868,-0.3370227813720703,0.00026076112408190966,-0.08719208091497421,-0.0149688096717,0.11634598672389984,-0.11951402574777603,0.14132604002952576,0.12365341186523438,-0.28613030910491943,-0.20229001343250275,0.08599745482206345,0.23901134729385376,-0.1071847602725029,-0.504131555557251,0.08044032752513885,0.2819885015487671,0.2536276578903198,0.2687057554721832,0.05668986961245537,-0.1498696655035019,0.0960913673043251,0.10010170191526413,-0.3092118203639984,0.012346294708549976,0.003515549935400486,-0.20206256210803986,0.18512392044067383],""cell.bias_ih"":[0.1483718752861023,-0.10908616334199905,-0.08940061181783676,-0.3343220353126526,0.27333053946495056,-0.11753331869840622,0.0723903477191925,0.3157328963279724,0.15390978753566742,-0.18305446207523346,0.14724989235401154,-0.3301670253276825,0.279619425535202,-0.203245609998703,-0.15820275247097015,0.09049756079912186,0.05064501613378525,0.050168633460998535,-0.2014082372188568,-0.292336642742157,0.2258055955171585,0.06467103958129883,-0.045594993978738785,-0.12929269671440125],""cell.bias_hh"":[-0.03884928673505783,0.15435177087783813,0.03321749344468117,0.14036451280117035,0.13918738067150116,-0.3023107945919037,0.3259897828102112,-0.26735132932662964,-0.014509747736155987,0.07359213382005692,0.33919039368629456,-0.4253958761692047,-0.3202606737613678,0.4450932443141937,0.34598758816719055,-0.33663421869277954,0.21984459459781647,0.0208280012011528,0.03230005130171776,-0.2157924920320511,0.15416772663593292,-0.1140093207359314,-0.3133886456489563,0.05295182019472122],""readout.weight"":[0.19786906242370605,-0.10137533396482468,0.14451655745506287,0.2077447474002838,-0.26762813329696655,-0.2478516846895218,0.23317690193653107,-0.060278814285993576],""readout.bias"":[0.1418837457895279]}"
920025,LTC_SENSORY_SITE,114,120,8,122880,5.875268375000019,0.3406735360622406,0.318902975320816,"{""w_rec"":[0.18118050694465637,0.036091677844524384,-0.05109409987926483,-0.07799520343542099,0.032865382730960846,0.09186070412397385,0.07041611522436142,0.046900149434804916,0.0038272698875516653,0.1594071388244629,-0.054869841784238815,-0.016393225640058517,0.018001358956098557,0.05198288708925247,0.03430289402604103,0.0431753434240818,0.018469713628292084,0.009078611619770527,0.05689266696572304,-0.024970799684524536,0.033581219613552094,0.06000572815537453,0.061036836355924606,0.024537231773138046,-0.03489142656326294,-0.08295849710702896,0.03584200516343117,0.15980017185211182,-0.04922390729188919,-0.05481967329978943,-0.08477728068828583,-0.05388205125927925,-0.021731127053499222,-0.012153000570833683,0.039666712284088135,0.0437556691467762,0.04795938730239868,-0.05352875217795372,-0.05497762933373451,-0.06582031399011612,-0.0783325806260109,0.0010278141126036644,0.05580310896039009,0.03527563437819481,-0.06904730200767517,0.07646777480840683,-0.08324813842773438,-0.034994859248399734,0.05632198601961136,0.02621983364224434,-0.015062933787703514,-0.023565705865621567,0.03532995283603668,-0.026868019253015518,0.11243842542171478,0.05783182755112648,0.021920926868915558,-0.015001773834228516,-0.041866522282361984,-0.04882802069187164,0.026672232896089554,0.05278105288743973,0.0623101145029068,0.1719186156988144],""w_temp"":[0.33565986156463623,0.2401394098997116,0.17188575863838196,-0.07352703809738159,-0.0654710978269577,-0.03473927453160286,0.21791256964206696,0.3398222327232361],""w_vis"":[0.17196440696716309,-0.24195897579193115,-0.07480861991643906,-0.009012961760163307,-0.1316949427127838,0.11561650782823563,0.16129669547080994,-0.08799979835748672],""bias"":[-0.7684634327888489,-0.77109295129776,-0.7696064114570618,-0.8506520390510559,-0.8535239100456238,-0.8530596494674683,-0.7692445516586304,-0.7675663232803345],""raw_tau"":[0.23579555749893188,0.23177209496498108,0.23318251967430115,0.1527785211801529,0.1500057578086853,0.1504536271095276,0.23413953185081482,0.2361491471529007],""reversal"":[0.2478088140487671,0.0807400718331337,-0.07540537416934967,0.015695305541157722,0.04235096275806427,0.07081017643213272,0.08326052874326706,0.10907714068889618],""readout"":[-0.06984703242778778,-0.05327820032835007,0.1150105819106102,0.015015587210655212,0.05265030637383461,0.04820834845304489,-0.17784355580806732,-0.2576352655887604],""readout_bias"":[-0.03374256566166878],""beta"":[0.23259378969669342],""sensory_mask"":[1.0,1.0,1.0,1.0,0.0,0.0,0.0,0.0]}"
920025,LTC_OUTPUT_SITE,114,120,8,122880,4.951433958000052,0.3292231559753418,0.3176625266671181,"{""w_rec"":[0.13266116380691528,0.03453788533806801,0.0021768417209386826,-0.003967551980167627,0.027262169867753983,-0.035140376538038254,0.04048303887248039,-0.016570545732975006,0.002251869533210993,0.11625795811414719,0.0030884016305208206,0.0187247134745121,-0.002358726691454649,-0.025263622403144836,0.0019285804592072964,-0.03853996843099594,0.008240653201937675,-0.0020347791723906994,0.14001581072807312,-0.002474420238286257,0.006596765480935574,-0.029503164812922478,0.01438090205192566,0.03950217366218567,-0.035404302179813385,-0.004450520500540733,-0.021602259948849678,0.09310559183359146,0.02303057163953781,-0.06155416741967201,0.003348685335367918,0.020003778859972954,-0.05929654464125633,0.01937771774828434,-0.023495148867368698,0.016886185854673386,0.15391430258750916,-0.007395116612315178,0.0023651779629290104,-0.0005678923334926367,-0.11757569015026093,-0.06320829689502716,-0.027092060074210167,0.08212925493717194,0.02248002029955387,0.1827014684677124,0.03730229660868645,-0.07375240325927734,0.013474127277731895,-0.013511531054973602,-0.010076348669826984,-0.004997750744223595,0.02164890430867672,-0.0901004821062088,0.11489599943161011,0.003927943296730518,-0.07387395948171616,-0.08074672520160675,-0.07467738538980484,0.07694512605667114,0.10833176225423813,0.06850172579288483,0.028995223343372345,0.05911168083548546],""w_temp"":[0.42645010352134705,0.09768423438072205,0.2604719400405884,0.05617456138134003,-0.0563531257212162,0.06370624154806137,0.07715985178947449,-0.1322689801454544],""w_vis"":[0.04561097174882889,-0.14740069210529327,-0.004747242201119661,-0.12852399051189423,-0.02386433444917202,-0.09730017185211182,0.03725722059607506,-0.09059041738510132],""bias"":[-0.7991008758544922,-0.8193072080612183,-0.7942758798599243,-0.8009335398674011,-0.8036049008369446,-0.842688798904419,-0.8007687926292419,-0.8616102337837219],""raw_tau"":[0.20518869161605835,0.1831396222114563,0.20910397171974182,0.20130333304405212,0.19793131947517395,0.1605600267648697,0.20157527923583984,0.14161822199821472],""reversal"":[0.08056561648845673,0.030281875282526016,0.27185842394828796,-0.11643210053443909,-0.029474355280399323,0.022726422175765038,-0.07808239758014679,0.010684037581086159],""readout"":[-0.0689915344119072,-0.011151357553899288,-0.23404467105865479,0.053971949964761734,0.18227523565292358,0.01799163408577442,0.0703011304140091,0.001003682496957481],""readout_bias"":[-0.008981030434370041],""beta"":[0.2434738278388977],""sensory_mask"":[0.0,0.0,0.0,0.0,0.0,0.0,0.0,0.0]}"
920025,LTC_NO_FEEDBACK,114,120,8,122880,4.844446375000075,0.3477575480937958,0.31863868087530134,"{""w_rec"":[0.048372115939855576,-0.03616083413362503,0.003062476171180606,0.07126878947019577,-0.025954747572541237,0.07070782035589218,-0.05932790786027908,-0.15418745577335358,0.06506212800741196,0.18326736986637115,-0.1249726191163063,-0.03238239139318466,0.09270370751619339,-0.003837946802377701,0.10211893916130066,0.08095716685056686,-0.06349789351224899,-0.04342447593808174,0.11126228421926498,0.10025648027658463,0.05209341645240784,0.12085585296154022,-0.04570711776614189,-0.07040944695472717,-0.11962120234966278,-0.0047805882059037685,0.0691182017326355,0.19954241812229156,-0.052390165627002716,0.055008672177791595,-0.06396814435720444,-0.010151811875402927,-0.02326652780175209,-0.08127367496490479,-0.038123130798339844,0.10844369232654572,0.11781933903694153,0.023724008351564407,0.02418464981019497,-0.062006495893001556,0.10461027175188065,-0.01249796710908413,-0.14366815984249115,-0.008188215084373951,0.046802081167697906,0.06474345922470093,0.12515446543693542,0.036260221153497696,-0.04990636557340622,-0.07520691305398941,0.030390776693820953,0.03208516538143158,0.06134232133626938,0.07301106303930283,0.061992138624191284,-0.07778767496347427,0.06503454595804214,0.006392480805516243,-0.11844206601381302,-0.05657263845205307,0.06093990430235863,-0.05319444462656975,0.14174173772335052,0.1441139131784439],""w_temp"":[-0.2763975262641907,0.2806430459022522,-0.1705370992422104,-0.16572973132133484,-0.25966787338256836,0.19633233547210693,0.15760652720928192,0.379992812871933],""w_vis"":[0.06950949877500534,0.07483339309692383,-0.12483325600624084,-0.0038196337409317493,-0.0033805333077907562,0.03630291670560837,-0.0872964859008789,0.053628671914339066],""bias"":[-0.8594109416007996,-0.7659770846366882,-0.8640393614768982,-0.8497754335403442,-0.8562324047088623,-0.7660126686096191,-0.8597397804260254,-0.7644453048706055],""raw_tau"":[0.14462947845458984,0.23772002756595612,0.13936980068683624,0.1541612297296524,0.1453160047531128,0.2370745837688446,0.14340640604496002,0.2398248314857483],""reversal"":[0.03486061841249466,0.20501796901226044,-0.004669048357754946,-0.06369642913341522,-0.010798209346830845,-0.07635249197483063,0.005991549231112003,0.061164189130067825],""readout"":[0.20509810745716095,-0.13490532338619232,-0.03257078677415848,-0.3653416931629181,0.2306206375360489,0.35548460483551025,0.023238716647028923,-0.282929003238678],""readout_bias"":[-0.03568761795759201],""beta"":[0.25],""sensory_mask"":[0.0,0.0,0.0,0.0,0.0,0.0,0.0,0.0]}"
920025,LTC_DENSE_FEEDBACK,114,120,8,122880,5.91083516599997,0.34299468994140625,0.31936735808849337,"{""w_rec"":[0.17867696285247803,0.038289833813905716,0.023255445063114166,0.06199632212519646,0.06976190209388733,0.11687950789928436,0.0020822330843657255,0.04336822032928467,0.0481642447412014,0.1974126398563385,0.06547997146844864,0.028916699811816216,0.08499764651060104,0.04312830790877342,0.024178829044103622,0.04218702018260956,0.026914771646261215,0.023307323455810547,0.19653236865997314,0.005962369963526726,0.06110725924372673,0.10249211639165878,0.055693916976451874,0.10266438871622086,0.0356714203953743,0.04575012996792793,0.07628770917654037,0.11075753718614578,0.05860279127955437,0.11472208797931671,0.05444766581058502,0.09312558174133301,-0.0660555511713028,-0.02262289449572563,0.005296789575368166,-0.07620064914226532,0.059768982231616974,-0.050325509160757065,-0.039918724447488785,-0.02062157355248928,-0.11582012474536896,-0.022602926939725876,-0.07473419606685638,-0.02098723128437996,-0.013125818222761154,0.07464122027158737,0.004902090411633253,-0.09099388122558594,-0.06132667139172554,-0.01866511069238186,-0.05630022659897804,-0.05246630311012268,-0.05185600370168686,-0.06552434712648392,0.06535638868808746,-0.060694947838783264,0.02177662029862404,0.03617566451430321,0.046451181173324585,-0.020145485177636147,0.07398319244384766,0.07845213264226913,0.08568833768367767,0.14262014627456665],""w_temp"":[-0.19687847793102264,0.05997961759567261,-0.022860243916511536,0.577634871006012,0.3413963317871094,0.3006628453731537,0.05942085385322571,-0.0067115360870957375],""w_vis"":[0.020989907905459404,0.051570113748311996,-0.009932409971952438,0.008333450183272362,-0.1696453094482422,-0.02279447391629219,-0.08541279286146164,-0.10193139314651489],""bias"":[-0.8535643219947815,-0.8531830906867981,-0.8548679947853088,-0.868129551410675,-0.7553229928016663,-0.7560065388679504,-0.7583463191986084,-0.8658463954925537],""raw_tau"":[0.15013857185840607,0.1495702564716339,0.14849358797073364,0.1359052211046219,0.24821965396404266,0.24760766327381134,0.24376073479652405,0.1374405473470688],""reversal"":[0.007406300865113735,-0.014707173220813274,0.007468716241419315,0.020578233525156975,-0.10957948863506317,-0.098268523812294,-0.15096218883991241,-0.038314804434776306],""readout"":[0.008354858495295048,-0.0079459547996521,0.010973182506859303,-0.14619474112987518,0.1893984079360962,0.1351967453956604,0.06413045525550842,-0.004092678427696228],""readout_bias"":[-0.04400135576725006],""beta"":[0.21092213690280914],""sensory_mask"":[1.0,1.0,1.0,1.0,1.0,1.0,1.0,1.0]}"
920025,LTC_SENSORY_YOKED,114,120,8,122880,5.9677767499999845,0.3427571952342987,0.3191333130002022,"{""w_rec"":[0.09691491723060608,0.010282367467880249,-0.0639251098036766,0.09718545526266098,-0.05164211243391037,0.03883617743849754,0.13924261927604675,-0.028898200020194054,0.15939055383205414,0.1306142807006836,0.07122143357992172,0.004415357951074839,0.1353529691696167,-0.10153798013925552,-0.05678877606987953,0.121075339615345,0.06547651439905167,-0.0071067288517951965,0.1389877051115036,-0.07763609290122986,0.07697182893753052,-0.09278584271669388,-0.07758098840713501,0.0884276032447815,0.0824669897556305,-0.032671861350536346,0.035669367760419846,0.1563560515642166,0.07546284049749374,-0.041050489991903305,-0.023762432858347893,0.0664866641163826,0.09940218180418015,0.023790569975972176,0.05562974140048027,-0.047338735312223434,0.14116325974464417,-0.08909229934215546,0.007206643465906382,0.07773824036121368,-0.01767071709036827,-0.009142249822616577,-0.046224139630794525,0.042565155774354935,-0.0011072778142988682,0.1262412965297699,0.07451450079679489,-0.07606897503137589,0.040869954973459244,0.026213372126221657,0.07225248962640762,-0.051807645708322525,0.02644103392958641,-0.011920884251594543,0.06722025573253632,0.04137762635946274,-0.024568671360611916,-0.03014475665986538,-0.05926063656806946,0.05043061077594757,-0.06553619354963303,0.009625442326068878,0.09835667908191681,0.11359576880931854],""w_temp"":[0.1775440275669098,0.042335182428359985,-0.06648316979408264,-0.07521381229162216,-0.003837898839265108,-0.052014127373695374,0.004804728552699089,0.15982311964035034],""w_vis"":[0.02363051474094391,-0.2655668258666992,0.027803678065538406,0.019948072731494904,0.026324545964598656,-0.04833336919546127,0.07674144208431244,0.13938558101654053],""bias"":[-0.763051450252533,-0.932030200958252,-0.8509626984596252,-0.8660894632339478,-0.86207115650177,-0.7649482488632202,-0.8417423963546753,-0.7635683417320251],""raw_tau"":[0.23991823196411133,0.07133586704730988,0.15267308056354523,0.13688114285469055,0.14127306640148163,0.2364877611398697,0.16162109375,0.2393883466720581],""reversal"":[-0.09663432091474533,0.0052666934207081795,-0.14562802016735077,-0.01221868023276329,-0.0389564074575901,0.06518054008483887,-0.026059512048959732,-0.1272115856409073],""readout"":[0.33769816160202026,0.005460061132907867,-0.08292682468891144,-0.003867786843329668,-0.011208497919142246,-0.2479581981897354,-0.025053836405277252,0.1338212639093399],""readout_bias"":[-0.03880184143781662],""beta"":[0.22304804623126984],""sensory_mask"":[1.0,1.0,1.0,1.0,0.0,0.0,0.0,0.0]}"
920025,GRU_4,113,120,8,122880,1.7208022500000197,0.2755173444747925,0.315730781853199,"{""cell.weight_ih"":[0.213606595993042,0.2946128249168396,-0.3734253942966461,0.5340372920036316,-0.2587006688117981,0.4955734312534332,-0.20416855812072754,0.32579004764556885,-0.3764064908027649,-0.126205176115036,-0.5464867353439331,-0.014090616255998611,-0.24644914269447327,0.2148231863975525,-0.15527033805847168,-0.279035359621048,-0.16004301607608795,0.13341905176639557,0.33099356293678284,0.45577943325042725,-0.10552801191806793,-0.39263081550598145,-0.2852672338485718,-0.16820041835308075,0.4144742786884308,-0.1918051689863205,-0.3412020206451416,-0.4351150393486023,-0.09882999211549759,0.3288091719150543,-0.22683028876781464,-0.24203234910964966,0.4308627247810364,0.0411311499774456,-0.0765472948551178,0.48868587613105774],""cell.weight_hh"":[0.028429066762328148,-0.08038922399282455,0.4577506184577942,-0.04486456513404846,0.1966102123260498,-0.02744501642882824,0.2848619520664215,-0.18811571598052979,0.3771074414253235,0.26068007946014404,0.10642965137958527,0.17851504683494568,-0.18198488652706146,-0.5673785209655762,0.38374483585357666,-0.2752089202404022,0.049538325518369675,0.45640403032302856,-0.005842345766723156,-0.38675108551979065,-0.2226657122373581,0.2746220827102661,0.031373508274555206,0.1839054971933365,0.033509910106658936,-0.5584877133369446,0.3392578363418579,0.4841015934944153,0.049907151609659195,-0.05847635865211487,0.4099888503551483,0.40112611651420593,0.07359887659549713,0.20153847336769104,-0.23016180098056793,0.3924930989742279,-0.4018869400024414,-0.0068131098523736,-0.28762489557266235,0.4965617060661316,0.4398851692676544,0.37841853499412537,-0.042527586221694946,-0.09806067496538162,-0.2866341173648834,-0.13257576525211334,0.2280353307723999,0.35779309272766113],""cell.bias_ih"":[0.3976481258869171,0.1456868052482605,-0.12364115566015244,0.22893831133842468,0.3364291787147522,-0.38951921463012695,-0.4539679288864136,0.002387835644185543,0.009456410072743893,-0.008741095662117004,-0.4557528793811798,0.3999797999858856],""cell.bias_hh"":[-0.13940998911857605,0.1529991626739502,-0.3804810047149658,-0.33821994066238403,-0.4168987274169922,0.38579875230789185,-0.07938067615032196,0.35009074211120605,-0.2087356150150299,-0.24974004924297333,0.275759756565094,-0.14358381927013397],""readout.weight"":[-0.17883937060832977,0.34747472405433655,-0.34562867879867554,0.01067696139216423],""readout.bias"":[-0.16164325177669525]}"
920025,GRU_8,321,120,8,122880,1.729161750000003,0.3423781096935272,0.3156323850154877,"{""cell.weight_ih"":[0.1573663353919983,0.2970743775367737,-0.0918770432472229,0.14444710314273834,0.07741792500019073,-0.20887140929698944,0.1322527974843979,0.08522125333547592,-0.029515225440263748,0.2155492603778839,-0.2940979599952698,0.3090663552284241,0.42992544174194336,-0.007324871141463518,0.258713036775589,0.18732769787311554,-0.45226389169692993,-0.033574387431144714,-0.43008971214294434,-0.020082931965589523,0.2102176398038864,0.11631931364536285,0.0484834760427475,0.005221620202064514,0.013405833393335342,-0.08640626817941666,0.08846310526132584,-0.03943675756454468,-0.1684727519750595,0.025610357522964478,-0.23702025413513184,-0.3619438111782074,-0.37374722957611084,0.00893563125282526,0.3166881203651428,0.14262759685516357,-0.0727863609790802,-0.021045438945293427,0.2515519857406616,-0.09715624898672104,-0.12282891571521759,-0.2302526831626892,0.05032646656036377,-0.39653271436691284,-0.37687191367149353,-0.12912105023860931,0.18603596091270447,0.27265074849128723,0.1119171679019928,-0.23416942358016968,-0.16861212253570557,0.1586799919605255,-0.2228488028049469,-0.17514917254447937,-0.09259525686502457,0.28815487027168274,-0.16578209400177002,0.0988580510020256,-0.27297964692115784,-0.2029563933610916,-0.4260222017765045,-0.12801465392112732,-0.07455988228321075,-0.15061676502227783,0.29371747374534607,0.2139403522014618,-0.49967092275619507,-0.06788530200719833,0.023933175951242447,0.1343868225812912,-0.0812724158167839,-0.014879953116178513],""cell.weight_hh"":[0.1934860348701477,0.04622027650475502,0.2296288013458252,-0.11256870627403259,0.3107645511627197,0.01847800612449646,0.28879910707473755,0.2880171239376068,-0.08136137574911118,0.1811969131231308,0.12441149353981018,0.0006910395459271967,0.10272661596536636,0.21109744906425476,-0.18936091661453247,0.22098799049854279,-0.036743346601724625,0.055070534348487854,-0.09758584201335907,0.313378244638443,0.3670429289340973,0.033086471259593964,-0.11405228078365326,0.3411368429660797,-0.09716293960809708,0.34974223375320435,0.1641748994588852,-0.25465619564056396,0.24150492250919342,0.28916969895362854,-0.16237077116966248,0.1921023428440094,0.0033463446889072657,0.15869802236557007,0.2758900821208954,-0.033799029886722565,0.09124903380870819,-0.009331646375358105,-0.19424428045749664,0.23053844273090363,0.14081691205501556,-0.3371466100215912,-0.21062690019607544,-0.09031939506530762,0.28369560837745667,-0.4728308618068695,0.2504853904247284,0.08208949118852615,0.2123168557882309,0.14863240718841553,0.33222970366477966,0.022757278755307198,0.3867589831352234,-0.30668747425079346,0.12111512571573257,-0.2112070471048355,-0.2723392844200134,0.03241119161248207,-0.21272581815719604,0.2470856010913849,0.25043022632598877,0.21949556469917297,0.16248144209384918,-0.2594630718231201,0.38294264674186707,0.07931706309318542,0.3706831932067871,0.11086687445640564,-0.04115970805287361,0.2451847940683365,-0.40764257311820984,0.3188360035419464,-0.3547417223453522,0.08644255995750427,-0.30572813749313354,-0.15993168950080872,-0.13092675805091858,0.37274324893951416,-0.1383291780948639,0.07434819638729095,-0.14826801419258118,-0.06842973083257675,-0.35277968645095825,0.1998242884874344,0.11381366103887558,0.12083888798952103,-0.18328635394573212,-0.25370970368385315,0.16704337298870087,-0.2906940281391144,-0.040784984827041626,0.4408811330795288,-0.05295367166399956,0.0828026682138443,-0.0903814360499382,0.05395922437310219,-0.02095564268529415,0.01619403064250946,-0.2591584622859955,0.1807812750339508,-0.12153106182813644,-0.22702154517173767,-0.03648851066827774,0.2516421973705292,-0.06372655928134918,0.11709839850664139,-0.2030825912952423,0.3018306493759155,-0.2956959903240204,0.15296724438667297,-0.08705545216798782,0.4212418794631958,0.24253077805042267,0.3815310001373291,-0.09020218998193741,0.059966154396533966,-0.14556190371513367,0.08610355108976364,0.16944529116153717,-0.11353950947523117,-0.1890115588903427,0.1182444840669632,-0.19388636946678162,-0.04436479136347771,-0.2808755934238434,0.10586041957139969,-0.32285061478614807,0.2951362431049347,0.020009107887744904,-0.3014054596424103,-0.032281529158353806,0.24916872382164001,-0.24328356981277466,-0.11906589567661285,-0.30539587140083313,-0.16739912331104279,0.06471243500709534,-0.14148516952991486,0.04934259504079819,0.3733246326446533,-0.1850912719964981,-0.3103393614292145,-0.2948426604270935,0.22810357809066772,-0.02272946573793888,0.05307399854063988,-0.20780567824840546,0.09885001927614212,-0.040974847972393036,0.39507654309272766,-0.18160617351531982,-0.14173488318920135,-0.020277753472328186,0.21069565415382385,0.3166384994983673,0.1011447161436081,0.017910705879330635,-0.24753528833389282,0.3380228877067566,-0.31763797998428345,-0.3827800452709198,0.13427026569843292,0.23910130560398102,-0.19251690804958344,0.36284294724464417,0.0245216004550457,0.3882365822792053,-0.2932177484035492,-0.06932179629802704,-0.17623518407344818,-0.029453925788402557,-0.2381502240896225,0.23481681942939758,0.06330650299787521,-0.3068549931049347,-0.14319773018360138,0.2888140380382538,0.09764547646045685,0.22987234592437744,0.07623966038227081,0.19566062092781067,0.3090197741985321,-0.28227534890174866,-0.40665316581726074,0.002269866643473506,-0.009298398159444332,0.04571179673075676,-0.2125091701745987,0.023861035704612732,-0.2704344689846039,0.04616284742951393,-0.22810722887516022],""cell.bias_ih"":[-0.20818457007408142,-0.31418848037719727,0.16221630573272705,0.09060373902320862,0.2959264814853668,-0.4232221841812134,0.14250688254833221,0.05125726759433746,0.057773396372795105,-0.22417046129703522,0.1267407089471817,-0.16382011771202087,-0.3992338478565216,0.21590305864810944,-0.1277734339237213,-0.1679733246564865,-0.26659342646598816,0.2431962937116623,-0.231067955493927,-0.013737855479121208,0.014502535574138165,0.327993243932724,-0.0746055394411087,-0.21061475574970245],""cell.bias_hh"":[0.09301324188709259,-0.036259543150663376,-0.19949957728385925,0.08243411779403687,-0.0953666940331459,-0.18427278101444244,-0.24612227082252502,-0.15352372825145721,-0.1259053498506546,0.2867463231086731,0.15500667691230774,0.05105661600828171,0.15858601033687592,-0.4192398488521576,-0.12023589015007019,0.020290149375796318,-0.2267889380455017,-0.12867021560668945,-0.25267091393470764,-0.08989089727401733,-0.23911595344543457,-0.174439936876297,0.06210228428244591,-0.13055957853794098],""readout.weight"":[0.06334050744771957,-0.220872700214386,-0.08062499761581421,0.3295263946056366,0.2732279598712921,-0.20953430235385895,-0.020993806421756744,0.31267625093460083],""readout.bias"":[0.2860270142555237]}"
920026,LTC_SENSORY_SITE,114,120,8,122880,5.868808666000064,0.3414773643016815,0.3656109109520912,"{""w_rec"":[0.03890516981482506,-0.03420615196228027,0.020324813202023506,-0.02311580628156662,0.035806819796562195,-0.016081199049949646,0.018904808908700943,-0.02670374885201454,-0.055969711393117905,0.18387089669704437,0.07591347396373749,-0.06631723046302795,0.07596513628959656,-0.06158064305782318,0.0581953227519989,-0.05613822117447853,-0.018069691956043243,-0.046692218631505966,0.16851091384887695,-0.002681611105799675,0.04643939435482025,-0.042916189879179,0.03978067263960838,-0.00526451738551259,0.05492876097559929,0.08314189314842224,-0.016165684908628464,0.10952609777450562,0.0009730019955895841,0.04372427612543106,-0.03306420519948006,-0.002492971485480666,0.015663135796785355,0.07132963091135025,-0.053583282977342606,-0.007586218416690826,0.15463943779468536,0.027478881180286407,0.005139704793691635,0.0032221039291471243,0.013304674066603184,0.05100521072745323,0.01388663798570633,0.030264070257544518,0.03274814411997795,0.12482106685638428,-0.06312161684036255,0.011415995657444,-0.0751630961894989,0.08174166828393936,0.06451888382434845,-0.08869819343090057,0.08717917650938034,-0.10027105361223221,0.18027418851852417,-0.06358630210161209,0.012059314176440239,0.09068714082241058,-0.03534005954861641,-0.029139000922441483,-0.011348094791173935,0.023316890001296997,-0.011817704886198044,0.1036517322063446],""w_temp"":[0.14722539484500885,0.032193589955568314,0.08617912977933884,-0.02127707749605179,-0.2053244560956955,0.17361882328987122,0.04766372963786125,-0.08638645708560944],""w_vis"":[-0.005948112346231937,-0.13058802485466003,0.016892245039343834,-0.08106087893247604,0.05376752093434334,-0.17571130394935608,-0.13048382103443146,-0.07783788442611694],""bias"":[-0.8426230549812317,-0.8728070259094238,-0.8362511396408081,-0.7898610830307007,-0.78590989112854,-0.7899020314216614,-0.8670418858528137,-0.8031807541847229],""raw_tau"":[0.1610734760761261,0.13037936389446259,0.16742783784866333,0.21314217150211334,0.21746332943439484,0.21290677785873413,0.136282280087471,0.19989053905010223],""reversal"":[0.055403947830200195,-0.005573678761720657,-0.08133023977279663,0.2010137289762497,-0.23238632082939148,0.13748489320278168,-0.020697517320513725,0.045338768512010574],""readout"":[0.0353662483394146,0.020272299647331238,-0.1270047426223755,-0.12090833485126495,0.1863936185836792,-0.21282656490802765,0.005888473708182573,-0.17883120477199554],""readout_bias"":[-0.023122116923332214],""beta"":[0.3323807120323181],""sensory_mask"":[1.0,1.0,1.0,1.0,0.0,0.0,0.0,0.0]}"
920026,LTC_OUTPUT_SITE,114,120,8,122880,4.940071165999939,0.34118157625198364,0.3654350325465202,"{""w_rec"":[0.1350463628768921,0.04929194226861,0.0027611826080828905,0.004979391116648912,0.07012218981981277,-0.06537390500307083,-0.042363639920949936,-0.059492163360118866,0.0070738098584115505,0.11614152789115906,-0.044119786471128464,0.030339162796735764,-0.00018224219093099236,-0.0601632222533226,-0.004829073790460825,0.040288154035806656,-0.033270034939050674,-0.026597853749990463,0.16381828486919403,-0.008524085395038128,0.013505605049431324,-0.028489887714385986,-0.023064076900482178,0.06479299068450928,-0.033264029771089554,0.03052922524511814,-0.05083430930972099,0.1781308948993683,0.04505332186818123,-0.04639006406068802,-0.06115610897541046,0.06119820848107338,-0.029268499463796616,-0.002089796354994178,-0.03449247404932976,0.05299610272049904,0.1186799481511116,-0.01602155528962612,0.07042455673217773,0.0038983351550996304,-0.00019993525347672403,0.021073924377560616,0.0014105546288192272,0.03128708526492119,0.01527516357600689,0.08260535448789597,-0.07136353850364685,-0.00751142855733633,0.03517300635576248,-0.008107746951282024,-0.038872987031936646,0.0058733741752803326,0.018484627828001976,0.014800357632339,0.10008347034454346,-0.06880021095275879,0.03410208970308304,0.04815882816910744,-0.04258185625076294,0.013431031256914139,0.04544859007000923,0.021632414311170578,-0.028331264853477478,0.07041379809379578],""w_temp"":[-0.16507883369922638,0.12092696130275726,0.0048733907751739025,-0.3326876163482666,-0.210582435131073,0.09600824862718582,0.05802280828356743,0.11970577389001846],""w_vis"":[-0.06914498656988144,-0.041489869356155396,0.0517822727560997,-0.10345687717199326,0.09286341071128845,0.046560097485780716,0.01768314838409424,-0.1727420836687088],""bias"":[-0.8483742475509644,-0.8081027865409851,-0.7909295558929443,-0.8216659426689148,-0.7933549284934998,-0.8240343928337097,-0.8245245814323425,-0.8417001962661743],""raw_tau"":[0.15471848845481873,0.19457821547985077,0.21180082857608795,0.18219231069087982,0.20999181270599365,0.17856916785240173,0.17914940416812897,0.16189399361610413],""reversal"":[-0.08515100181102753,-0.19967445731163025,0.23112499713897705,-0.02620677463710308,-0.17548465728759766,0.022489089518785477,0.2762979567050934,0.02875538356602192],""readout"":[-0.016185332089662552,0.04671876132488251,-0.36388692259788513,0.130476176738739,0.20246686041355133,-0.09940841794013977,0.21700364351272583,0.1097181886434555],""readout_bias"":[-0.016871530562639236],""beta"":[0.20234283804893494],""sensory_mask"":[0.0,0.0,0.0,0.0,0.0,0.0,0.0,0.0]}"
920026,LTC_NO_FEEDBACK,114,120,8,122880,4.8588382499999625,0.3400549292564392,0.36561835259199144,"{""w_rec"":[0.12904907763004303,-0.015989357605576515,0.003322720294818282,0.04263833910226822,-0.018671581521630287,-0.0007304237224161625,-0.07394186407327652,0.04641155153512955,0.10741757601499557,0.05129435285925865,-0.052416447550058365,0.023097626864910126,0.043224114924669266,-0.053729988634586334,-0.0571679025888443,0.02445339411497116,-0.030995022505521774,-0.07300451397895813,0.09083176404237747,0.0515974722802639,0.06401995569467545,-0.06739726662635803,-0.05833936482667923,0.0974298045039177,-0.012871721759438515,-0.13239124417304993,-0.012405632995069027,0.18645647168159485,0.09885185956954956,-0.05136176198720932,-0.05845188722014427,0.06178509443998337,0.034743063151836395,0.024726632982492447,-0.07830214500427246,0.006335350684821606,0.08907473087310791,-0.027339322492480278,0.042833112180233,-0.03548293188214302,0.0840732678771019,-0.05777004733681679,-0.024552982300519943,0.08191988617181778,0.07633858174085617,0.02341676503419876,-0.058906439691782,0.04291652888059616,0.006122853606939316,-0.06641250848770142,-0.05051477253437042,0.04804179072380066,0.07910200953483582,-0.058664191514253616,0.05226004496216774,0.06376369297504425,0.08822520822286606,-0.07417018711566925,-0.06469159573316574,0.0055388109758496284,0.06802177429199219,-0.0688658058643341,-0.04992811381816864,0.18124492466449738],""w_temp"":[0.07466147840023041,-0.32564881443977356,-0.1576496660709381,-0.3222213089466095,0.0006365340668708086,-0.001067807083018124,-0.0554196834564209,-0.36568066477775574],""w_vis"":[0.14080673456192017,0.17572274804115295,-0.17020995914936066,-0.10256930440664291,-0.14787310361862183,-0.07140947133302689,0.04676739126443863,-0.1147533431649208],""bias"":[-0.8503386974334717,-0.8426503539085388,-0.8740671873092651,-0.8714620471000671,-0.7772307395935059,-0.84807288646698,-0.8439454436302185,-0.8406181335449219],""raw_tau"":[0.15317945182323456,0.16077497601509094,0.12904340028762817,0.13153906166553497,0.22578099370002747,0.15490029752254486,0.15891185402870178,0.16326195001602173],""reversal"":[-0.0037055378779768944,0.06465010344982147,0.014906292781233788,-0.17539089918136597,-0.21800722181797028,0.0564468614757061,0.21686320006847382,-0.0972803458571434],""readout"":[0.006142669823020697,-0.020759286358952522,-0.10991169512271881,0.017468729987740517,0.19345097243785858,-0.017325783148407936,-0.024192623794078827,0.028138428926467896],""readout_bias"":[-0.03237273916602135],""beta"":[0.25],""sensory_mask"":[0.0,0.0,0.0,0.0,0.0,0.0,0.0,0.0]}"
920026,LTC_DENSE_FEEDBACK,114,120,8,122880,5.930382791999932,0.3387201428413391,0.3656530871987343,"{""w_rec"":[0.08392073959112167,0.13157528638839722,-0.06895621865987778,-0.0769658237695694,0.036499686539173126,-0.058839861303567886,0.030275940895080566,0.04287135228514671,-0.0771636813879013,0.08731403201818466,0.020431404933333397,0.012168467044830322,-0.01622913032770157,0.0546855553984642,0.048003826290369034,-0.0757734403014183,-0.09632766246795654,0.03196502476930618,0.10315745323896408,-0.06688294559717178,-0.049582984298467636,0.09220734983682632,0.11040595918893814,-0.08822519332170486,-0.09702186286449432,-0.020571745932102203,0.0011713190469890833,0.06868353486061096,-0.0311687421053648,0.06445621699094772,0.07321178168058395,-0.09676209837198257,-0.06687317043542862,-0.07952289283275604,0.002087763510644436,0.03467299044132233,0.07445701211690903,0.051457032561302185,0.05137483403086662,-0.0345645435154438,-0.03738938271999359,-0.028323352336883545,0.08884463459253311,0.06936199963092804,-0.03798246756196022,0.14838679134845734,0.05018692836165428,0.009059440344572067,0.04842570051550865,0.06723760813474655,-0.10502108931541443,-0.13401107490062714,0.04101046919822693,-0.012002098374068737,0.08784458041191101,0.04942086338996887,-0.01736697182059288,-0.06811624765396118,0.06177042797207832,0.039218999445438385,-0.06719333678483963,0.08435354381799698,0.06124318018555641,0.031061867251992226],""w_temp"":[0.04476439952850342,0.26392126083374023,-0.017304660752415657,0.07015207409858704,0.47042328119277954,-0.025712240487337112,-0.16691559553146362,-0.07245918363332748],""w_vis"":[0.09226779639720917,-0.17942921817302704,-0.008860494010150433,-0.1392735093832016,-0.17771317064762115,-0.1704573780298233,0.02376733161509037,0.015805980190634727],""bias"":[-0.7769831418991089,-0.870842456817627,-0.8804304003715515,-0.8808426856994629,-0.8491459488868713,-0.8514714241027832,-0.7816769480705261,-0.8477593064308167],""raw_tau"":[0.22566337883472443,0.1326080709695816,0.12267126142978668,0.1223137155175209,0.1539030224084854,0.15186917781829834,0.22163844108581543,0.15552037954330444],""reversal"":[0.18739143013954163,-0.0001115007180487737,0.01361512765288353,0.012660589069128036,-0.0043388125486671925,-0.05569091811776161,-0.08537817001342773,0.06449516862630844],""readout"":[-0.16116610169410706,0.18699215352535248,-0.2694588005542755,-0.21404580771923065,-0.0043298411183059216,-0.023386962711811066,0.17665109038352966,0.08978172391653061],""readout_bias"":[-0.03466162458062172],""beta"":[0.27011731266975403],""sensory_mask"":[1.0,1.0,1.0,1.0,1.0,1.0,1.0,1.0]}"
920026,LTC_SENSORY_YOKED,114,120,8,122880,5.964416082999946,0.341139554977417,0.365486715734005,"{""w_rec"":[0.13615959882736206,-0.02555152215063572,-0.007300038821995258,-0.042955636978149414,-0.009361735545098782,0.019688257947564125,0.018213966861367226,-0.008629519492387772,-0.048650242388248444,0.055599164217710495,0.005381000228226185,-0.012794959358870983,0.10067092627286911,0.07293228060007095,-0.054119694977998734,-0.05997683107852936,-0.06958026438951492,-0.02167114056646824,0.13930760324001312,0.03248927369713783,0.040072258561849594,0.0612359382212162,-0.048830799758434296,-0.07431067526340485,-0.07174377888441086,-0.09520797431468964,0.05082463100552559,0.18694055080413818,0.07248101383447647,0.09488572925329208,-0.08509387820959091,-0.0682004988193512,0.026408441364765167,-0.0294149499386549,0.017543649300932884,-0.04476885870099068,0.1280674934387207,0.008637902326881886,-0.017865046858787537,-0.010717559605836868,0.013993333093822002,-0.04424721375107765,0.007951224222779274,-0.0339447520673275,-0.01822725497186184,0.15583039820194244,0.057165633887052536,-0.03885433450341225,-0.0006343881832435727,-0.05563586205244064,0.04194832965731621,0.01910320296883583,0.015010485425591469,0.031798120588064194,0.08616898953914642,-0.037230633199214935,-0.027861878275871277,-0.011452839709818363,0.02353786490857601,0.02495790645480156,0.03204994276165962,0.009927332401275635,0.020246652886271477,0.1602095365524292],""w_temp"":[-0.12037678807973862,0.06034652516245842,0.16395118832588196,-0.15043985843658447,0.005497682839632034,-0.37275516986846924,0.4312310218811035,-0.17662307620048523],""w_vis"":[0.05813898146152496,-0.12179584801197052,0.01768028922379017,-0.2876134216785431,0.03453923761844635,-0.10809475928544998,-0.17362286150455475,0.019465351477265358],""bias"":[-0.7871412634849548,-0.836613655090332,-0.8552481532096863,-0.8665968775749207,-0.7857420444488525,-0.7914004325866699,-0.8318137526512146,-0.7958425283432007],""raw_tau"":[0.2159602791070938,0.16639578342437744,0.14829868078231812,0.13662247359752655,0.2170274555683136,0.2126511186361313,0.17181184887886047,0.20741339027881622],""reversal"":[0.2240702509880066,0.010360116139054298,0.007023417856544256,-0.007424869108945131,-0.17229916155338287,-0.10462965816259384,0.10185123234987259,0.1768953800201416],""readout"":[-0.14967405796051025,-0.0077700307592749596,0.006145569030195475,0.007741433568298817,0.30260133743286133,0.13021734356880188,0.24897250533103943,-0.06722021847963333],""readout_bias"":[-0.023662369698286057],""beta"":[0.28227898478507996],""sensory_mask"":[1.0,1.0,1.0,1.0,0.0,0.0,0.0,0.0]}"
920026,GRU_4,113,120,8,122880,1.716869415999895,0.4142272472381592,0.36862763613462446,"{""cell.weight_ih"":[-0.27683860063552856,0.021719928830862045,-0.09441893547773361,-0.35584756731987,0.0002789716236293316,-0.42180919647216797,-0.11388571560382843,-0.5527766346931458,-0.3184797465801239,0.13602018356323242,-0.22614111006259918,0.42545682191848755,0.2678546607494354,-0.5116657614707947,0.3299906551837921,-0.5369024276733398,-0.16492269933223724,-0.17486421763896942,-0.3214540183544159,0.5930395722389221,0.0664120689034462,-0.41850537061691284,0.09407924115657806,0.5070844888687134,0.023539848625659943,0.3391396105289459,-0.009786578826606274,-0.327451229095459,-0.40957459807395935,-0.6322946548461914,-0.3179437220096588,0.30588674545288086,0.19293850660324097,0.3332536816596985,-0.21251091361045837,-0.15792293846607208],""cell.weight_hh"":[0.3682117760181427,-0.20093441009521484,0.3770439028739929,-0.005030256230384111,0.3474211096763611,-0.07825169712305069,0.2208259105682373,0.07974790781736374,0.2636498808860779,0.19851917028427124,0.24267499148845673,-0.37452155351638794,0.3375954031944275,0.1574399322271347,-0.06027238443493843,-0.09603127092123032,0.1490272432565689,0.006532885134220123,0.2112622708082199,0.2909540832042694,0.17549429833889008,-0.10338642448186874,0.24408233165740967,0.35941144824028015,0.5959526896476746,-0.03157768025994301,-0.3034122586250305,-0.061490051448345184,0.05208790302276611,0.4346890449523926,0.14645755290985107,0.21452097594738007,-0.032951004803180695,-0.1515786200761795,-0.16945774853229523,-0.06407186388969421,0.24567750096321106,-0.25243622064590454,-0.38753241300582886,-0.2418939620256424,0.016330160200595856,0.4426385462284088,-0.2681953012943268,-0.028403908014297485,0.4358397424221039,0.07477523386478424,0.08476580679416656,-0.628186821937561],""cell.bias_ih"":[-0.03067423589527607,0.15686722099781036,-0.6003029346466064,0.3881635069847107,0.00972852110862732,0.04580429196357727,0.24971050024032593,0.31581705808639526,0.18374620378017426,-0.07829780876636505,-0.05222434550523758,-0.0504404716193676],""cell.bias_hh"":[-0.2541547119617462,0.22174055874347687,-0.5864028334617615,0.16732171177864075,-0.6482757329940796,0.32936617732048035,0.28746554255485535,0.5849198698997498,0.28857696056365967,0.24536265432834625,0.3389442563056946,0.1291092336177826],""readout.weight"":[-0.4750540554523468,0.17937718331813812,0.018099598586559296,-0.09277265518903732],""readout.bias"":[0.18034778535366058]}"
920026,GRU_8,321,120,8,122880,1.7363139159999719,0.48071175813674927,0.3640020743012428,"{""cell.weight_ih"":[0.26605555415153503,-0.33424535393714905,-0.1977035403251648,-0.15292617678642273,0.1462925672531128,0.009799120016396046,0.09760970622301102,-0.27805277705192566,-0.08781750500202179,0.0513172447681427,-0.32058385014533997,0.007499726489186287,0.1433340162038803,0.1322563737630844,-0.16299590468406677,-0.24807330965995789,0.03927605599164963,0.1948709338903427,-0.3831687271595001,-0.083772674202919,-0.17395548522472382,0.19865985214710236,0.15077626705169678,0.11312015354633331,0.15107576549053192,-0.25531256198883057,-0.1904333084821701,0.05465222895145416,-0.15848463773727417,0.27955782413482666,-0.24152415990829468,0.391596257686615,0.3396826386451721,0.024356914684176445,0.458994597196579,-0.3426406681537628,0.30930206179618835,0.3015478551387787,-0.33203238248825073,0.35621464252471924,0.025566725060343742,-0.34816110134124756,-0.19692140817642212,-0.15169085562229156,0.2560943365097046,0.09094557166099548,0.03017701581120491,0.02357456460595131,-0.012915417551994324,0.03051157109439373,-0.05411595106124878,-0.13521911203861237,-0.02650289051234722,-0.2534278929233551,-0.21443620324134827,0.249271959066391,-0.0012549362145364285,0.18328478932380676,0.13107173144817352,-0.18624280393123627,-0.3905646502971649,0.1832733303308487,-0.21995484828948975,-0.030481945723295212,-0.043899912387132645,0.3204771876335144,0.2131728231906891,-0.17950130999088287,0.02922663651406765,0.14240318536758423,-0.023961465805768967,-0.30257588624954224],""cell.weight_hh"":[0.2374560683965683,-0.07379983365535736,0.19965937733650208,-0.09563382714986801,-0.028757978230714798,-0.2979707419872284,0.26020461320877075,0.08923394232988358,-0.11759724467992783,0.12445362657308578,0.29738831520080566,0.26282036304473877,-0.3994682729244232,-0.13622581958770752,0.22508172690868378,-0.09068390727043152,0.1837283968925476,0.0662299394607544,-0.027646688744425774,0.0767400711774826,0.05296305939555168,-0.21065977215766907,-0.2212989330291748,-0.3883785307407379,-0.30867597460746765,0.03720273822546005,-0.052741359919309616,-0.06957780569791794,0.16788868606090546,0.11675845086574554,-0.2401604801416397,-0.17986354231834412,-0.22449900209903717,-0.17816297709941864,-0.25753962993621826,0.10562914609909058,0.0021855824161320925,0.024171749129891396,0.1072099506855011,0.25977516174316406,0.20630604028701782,0.05165278911590576,-0.29914429783821106,0.024569232016801834,-0.1483810395002365,0.254609078168869,0.02932422049343586,0.030812300741672516,-0.09889691323041916,0.2758921980857849,0.26008328795433044,0.023978978395462036,-0.29809144139289856,0.0663335844874382,0.17327755689620972,-0.14598894119262695,0.19938631355762482,-0.023653410375118256,0.0011836017947643995,-0.12108460813760757,-0.2393057644367218,-0.30422243475914,-0.15288327634334564,-0.2657511234283447,-0.28480595350265503,0.37784019112586975,-0.22006845474243164,-0.105954609811306,-0.11059431731700897,0.2809845805168152,0.21586300432682037,-0.10611078143119812,0.15652237832546234,-0.2588461935520172,0.2253226488828659,0.05395694449543953,0.11417736858129501,-0.16409803926944733,0.4152732193470001,-0.18441350758075714,0.18822607398033142,0.14613188803195953,0.16429446637630463,0.09744515269994736,-0.2011796534061432,0.20343513786792755,-0.05636851117014885,0.13043296337127686,-0.005328749306499958,0.22058722376823425,0.24291442334651947,-0.09316408634185791,-0.24298162758350372,0.12093854695558548,0.11722083389759064,-0.39797914028167725,0.014235522598028183,0.44403067231178284,0.12681066989898682,-0.17375881969928741,-0.3044498562812805,0.024148158729076385,-0.29180216789245605,-0.21417643129825592,-0.15584388375282288,-0.23888623714447021,-0.054232098162174225,-0.06612985581159592,-0.14026086032390594,-0.11058913916349411,-0.13527798652648926,-0.028988240286707878,0.4047694206237793,0.3263283967971802,-0.30543646216392517,0.38128921389579773,0.455774188041687,0.2076413929462433,-0.5095388293266296,-0.15916584432125092,-0.2919889986515045,0.32671383023262024,0.02579273283481598,-0.3153190314769745,-0.14387132227420807,-0.03268273547291756,0.24463407695293427,0.1981077790260315,-0.012219966389238834,-0.25402742624282837,-0.08692428469657898,-0.03495074063539505,0.2718915045261383,-0.3116874694824219,-0.006292372476309538,-0.3494935929775238,-0.1134498119354248,0.3120843172073364,0.01493816077709198,0.18325936794281006,-0.1189250573515892,-0.036261167377233505,0.32275390625,-0.056807562708854675,-0.13530844449996948,0.06879192590713501,0.3133770525455475,0.2456059455871582,-0.18643005192279816,0.3813314437866211,0.14132994413375854,-0.13356418907642365,0.26011455059051514,-0.07553764432668686,0.2486630380153656,-0.21127310395240784,-0.130375936627388,0.28720009326934814,-0.2058865875005722,0.2038188874721527,0.054356835782527924,0.175126850605011,-0.01541867759078741,-0.31668612360954285,-0.13583064079284668,0.03489066660404205,0.2363608181476593,-0.21389777958393097,-0.19484969973564148,0.38863494992256165,-0.2508382797241211,0.30198585987091064,-0.0814778283238411,-0.1593622863292694,0.08329611271619797,0.1102321520447731,0.21202132105827332,0.2697187662124634,-0.20620575547218323,-0.3053690493106842,-0.15188516676425934,0.16405126452445984,-0.18044915795326233,0.38327664136886597,0.048951830714941025,0.21846657991409302,-0.16784514486789703,0.012623018585145473,0.2520856559276581,-0.054071322083473206,-0.3597283661365509,-0.12397109717130661],""cell.bias_ih"":[-0.26923975348472595,0.20577409863471985,0.2796371877193451,-0.2906803488731384,0.2638661563396454,0.0753856971859932,-0.020212138071656227,0.26347482204437256,0.21830356121063232,-0.14470091462135315,0.38695991039276123,0.3584762215614319,-0.008258269168436527,0.13336020708084106,0.10708059370517731,-0.16533099114894867,0.3078477382659912,0.052920181304216385,-0.21345950663089752,0.12167676538228989,0.25264501571655273,-0.02033795602619648,-0.3230249881744385,-0.23189765214920044],""cell.bias_hh"":[0.2043522596359253,0.17464841902256012,-0.25745847821235657,-0.07610243558883667,0.08908814191818237,0.11441268771886826,0.0376712866127491,0.18913577497005463,0.07605118304491043,-0.42018505930900574,0.1378408521413803,0.260014146566391,-0.05303054302930832,0.22495320439338684,0.15704700350761414,-0.23960605263710022,-0.0743660107254982,0.09558481723070145,-0.3670535981655121,0.0037592342123389244,0.04054589197039604,0.07033912092447281,0.1298857480287552,-0.006566858850419521],""readout.weight"":[0.3819516599178314,0.06621375679969788,-0.2064952403306961,-0.030037548393011093,-0.16267023980617523,0.0924597755074501,-0.10219228267669678,0.17028994858264923],""readout.bias"":[-0.22067297995090485]}"
920027,LTC_SENSORY_SITE,114,120,8,122880,5.876453666999964,0.31205296516418457,0.26240154206752775,"{""w_rec"":[0.09911716729402542,0.0063592842780053616,0.0007046310929581523,0.04274841398000717,-0.02718575857579708,-0.03193400800228119,0.00012805114965885878,-0.07897592335939407,-0.021359756588935852,0.08274667710065842,0.01658937893807888,-0.014655036851763725,0.002790403086692095,-0.04728682339191437,-0.011576679535210133,0.02040884643793106,-0.0035244564060121775,-0.043849460780620575,0.12824013829231262,0.037299495190382004,-0.03465598449110985,-0.09639394283294678,-0.049533598124980927,-0.02641191892325878,0.02399735152721405,-0.02303319424390793,0.035437941551208496,0.1361592710018158,-0.00687094172462821,0.00834017712622881,-0.021533887833356857,0.0009657411137595773,0.02249133214354515,-0.016658267006278038,0.02610260620713234,-0.010521420277655125,0.11488696187734604,-0.009968118742108345,-0.021161586046218872,-0.027365656569600105,0.04586610570549965,-0.015362405218183994,0.009794334881007671,0.06007160246372223,-0.0545269176363945,0.09460174292325974,-0.05509252846240997,0.023089537397027016,-0.006529511418193579,-0.02806171029806137,0.008308479562401772,0.059755269438028336,-0.01178952306509018,-0.017310278490185738,0.11256865411996841,-0.03823046386241913,-0.012801436707377434,-0.06822583079338074,0.008391352370381355,-0.006494270637631416,-0.03530347719788551,-0.010728643275797367,-0.030695905908942223,0.09879352152347565],""w_temp"":[-0.00851268321275711,0.1747664362192154,-0.0683385357260704,-0.14282819628715515,0.43844178318977356,0.14660507440567017,0.23329897224903107,0.2388448268175125],""w_vis"":[0.1800915151834488,0.1061149463057518,0.20087085664272308,-0.04652438685297966,-0.015737272799015045,0.02141968533396721,0.08166012167930603,-0.15453043580055237],""bias"":[-0.8161278963088989,-0.8131744265556335,-0.8330004811286926,-0.8243862986564636,-0.8099905848503113,-0.8250820636749268,-0.8147989511489868,-0.8111189603805542],""raw_tau"":[0.18597222864627838,0.19041135907173157,0.1696280837059021,0.1791001260280609,0.195648655295372,0.178400456905365,0.18925721943378448,0.19272705912590027],""reversal"":[-0.143598735332489,0.14683090150356293,-0.027076516300439835,-0.036494337022304535,0.09194005280733109,0.029885077849030495,0.05450717732310295,0.11130888015031815],""readout"":[0.06579750031232834,0.07104732096195221,-0.009410903789103031,0.07384023070335388,0.10682035237550735,0.04784255847334862,0.16029632091522217,0.1046592965722084],""readout_bias"":[0.0002789035497698933],""beta"":[0.16649463772773743],""sensory_mask"":[1.0,1.0,1.0,1.0,0.0,0.0,0.0,0.0]}"
920027,LTC_OUTPUT_SITE,114,120,8,122880,4.96166299999993,0.31291016936302185,0.26244155764579774,"{""w_rec"":[-0.0038515571504831314,0.10282132774591446,0.09663479775190353,-0.05884246900677681,-0.08863330632448196,0.016180749982595444,-0.0858050286769867,-0.05697481706738472,-0.10664205253124237,0.1362205147743225,-0.01728622242808342,-0.043228477239608765,0.0007931268191896379,-0.10865328460931778,-0.012837959453463554,-0.002952838782221079,-0.07308979332447052,0.01587561145424843,0.147075816988945,0.032722365111112595,0.0318538062274456,-0.04880153015255928,-0.0024382660631090403,-0.05245082080364227,0.08941774815320969,0.013377390801906586,0.04050232097506523,0.11347371339797974,0.003192652016878128,0.08906619250774384,0.00017895962810143828,-0.02546900138258934,0.10128714889287949,0.009069523774087429,-0.002388846594840288,-0.04811128228902817,0.11047353595495224,0.12997959554195404,-0.002371789189055562,-0.0015343503328040242,-0.0054144407622516155,0.12144491821527481,0.10520534217357635,-0.08769979327917099,-0.09025610238313675,0.21596473455429077,-0.08498524874448776,-0.08050327748060226,0.09113193303346634,0.023588081821799278,0.012398642487823963,-0.03525170683860779,-0.004120184108614922,0.10575459897518158,0.09282541275024414,-0.003882888937368989,-0.0718536451458931,0.0435841865837574,-0.01631210744380951,-0.0028680881951004267,-0.011828131042420864,-0.11252260208129883,-0.03613119572401047,0.11297835409641266],""w_temp"":[0.17691268026828766,0.15610431134700775,0.23019427061080933,-0.18782612681388855,-0.15559910237789154,-0.2932411730289459,-0.3589855432510376,-0.0594763457775116],""w_vis"":[0.07889758795499802,0.2547641694545746,0.10658637434244156,-0.029346564784646034,0.05631101503968239,-0.15804918110370636,-0.10828334093093872,0.01481454074382782],""bias"":[-0.8825231194496155,-0.8044077157974243,-0.8087371587753296,-0.8224812150001526,-0.8194819092750549,-0.898978054523468,-0.8153424263000488,-0.805059015750885],""raw_tau"":[0.12130960077047348,0.1990393102169037,0.1952895224094391,0.18126554787158966,0.18406520783901215,0.10503797978162766,0.18933817744255066,0.19714798033237457],""reversal"":[0.005301961675286293,-0.14820054173469543,-0.04801830276846886,0.05620128661394119,0.22368623316287994,-0.005931703373789787,0.11762961000204086,0.17424707114696503],""readout"":[0.07262508571147919,-0.0882602408528328,-0.19700780510902405,-0.22252905368804932,-0.08022221177816391,0.08376237004995346,-0.1676204800605774,0.11449874192476273],""readout_bias"":[0.007657867856323719],""beta"":[0.12704859673976898],""sensory_mask"":[0.0,0.0,0.0,0.0,0.0,0.0,0.0,0.0]}"
920027,LTC_NO_FEEDBACK,114,120,8,122880,4.846223833999943,0.3120969235897064,0.2624248921871185,"{""w_rec"":[0.11587078869342804,0.07071973383426666,0.0613265335559845,0.028499199077486992,0.0531429722905159,0.004359602928161621,0.029071558266878128,0.016055092215538025,-0.015397250652313232,0.1601599007844925,0.0405023992061615,-0.018986184149980545,0.017881596460938454,0.007925296202301979,0.030725395306944847,0.03132116422057152,-0.03524075821042061,0.0005798860220238566,0.11907545477151871,-0.0321972593665123,0.006335490383207798,-0.02981574833393097,0.02026594616472721,0.004579237196594477,-0.08672337979078293,0.03733938932418823,0.09535764157772064,0.18058252334594727,0.0259084552526474,0.127762570977211,0.05550910905003548,0.11964084953069687,-0.04358682036399841,0.05409635230898857,0.08145537227392197,0.056244004517793655,0.18180866539478302,0.07763484865427017,0.046027228236198425,0.05499608442187309,-0.039258603006601334,-0.009683297015726566,0.0395796038210392,0.03738710656762123,0.04035181179642677,0.1712942123413086,0.059921178966760635,0.03038107044994831,-0.05461447685956955,-0.008039306849241257,-0.02348724752664566,-0.008216442540287971,0.021731581538915634,-0.008420657366514206,0.08427708595991135,0.015088284388184547,0.00015285440895240754,0.02745613269507885,0.022698288783431053,0.04409307613968849,0.01690937951207161,0.0035798950120806694,0.04372116178274155,0.15654247999191284],""w_temp"":[-0.029643071815371513,0.07203027606010437,-0.01651710458099842,-0.12868806719779968,0.20995324850082397,0.03615057095885277,0.44700437784194946,-0.4532950818538666],""w_vis"":[0.028577342629432678,0.04785875231027603,0.12522728741168976,-0.10008977353572845,-0.08080125600099564,0.030679907649755478,-0.060021162033081055,0.1183440089225769],""bias"":[-0.832464873790741,-0.8156325221061707,-0.8152002096176147,-0.8828152418136597,-0.8616916537284851,-0.8235996961593628,-0.8083023428916931,-0.8302136063575745],""raw_tau"":[0.17048673331737518,0.1872786432504654,0.1871124505996704,0.12076821178197861,0.14207413792610168,0.17840708792209625,0.19728440046310425,0.17555499076843262],""reversal"":[0.012802728451788425,-0.21563147008419037,-0.06116579473018646,-0.023536892607808113,-9.720413072500378e-05,-0.0399344377219677,-0.12072421610355377,-0.08352052420377731],""readout"":[0.00617202976718545,-0.05010927468538284,-0.14702992141246796,0.0033185568172484636,0.00032624471350573003,0.08145536482334137,-0.09249452501535416,0.02927538752555847],""readout_bias"":[0.0009270707378163934],""beta"":[0.25],""sensory_mask"":[0.0,0.0,0.0,0.0,0.0,0.0,0.0,0.0]}"
920027,LTC_DENSE_FEEDBACK,114,120,8,122880,5.932099291999975,0.313101589679718,0.2624784089624882,"{""w_rec"":[0.1386241763830185,0.034366924315690994,0.03092607855796814,0.05103805661201477,0.0195646770298481,-0.04293547943234444,-0.013133341446518898,0.06597734987735748,0.008852588012814522,0.12655721604824066,-0.024611946195364,0.04512869939208031,-0.03790409117937088,0.0371394045650959,-0.0030390636529773474,-0.02137722447514534,-0.040350429713726044,0.04507792741060257,0.061064835637807846,0.05251334607601166,-0.0086591811850667,0.05387391522526741,-0.035442523658275604,8.993601659312844e-05,-0.015070607885718346,0.005597804207354784,-0.01608840562403202,0.11462345719337463,-0.02679263986647129,0.061824407428503036,0.049216557294130325,-0.038690220564603806,-0.009197400882840157,-0.006407372187823057,0.00974012166261673,0.01209128089249134,0.09533682465553284,-0.07362984865903854,-0.026175715029239655,0.07029525190591812,0.03254760056734085,0.01298537291586399,-0.057592570781707764,0.049278292804956436,0.067874975502491,0.1788141429424286,-0.022308647632598877,-0.002154012443497777,0.03850485011935234,0.02083725668489933,0.0012947374489158392,-0.03215363621711731,0.06859906017780304,-0.0168483704328537,0.13297079503536224,0.02602171152830124,0.05684197321534157,0.03214899078011513,0.005712572950869799,-0.008871064521372318,0.042862456291913986,0.008846231736242771,0.006155585870146751,0.10737330466508865],""w_temp"":[-0.16359595954418182,0.13669295608997345,0.20659437775611877,-0.15005862712860107,-0.234856978058815,-0.0976824015378952,-0.03554808348417282,0.06089317798614502],""w_vis"":[0.034594736993312836,0.11008777469396591,-0.09721529483795166,0.01363968476653099,-0.058417581021785736,0.0782746896147728,0.06839566677808762,-0.027244331315159798],""bias"":[-0.8249666690826416,-0.8093789219856262,-0.8166517615318298,-0.8027121424674988,-0.8190320134162903,-0.8441023826599121,-0.8219205141067505,-0.8466681838035583],""raw_tau"":[0.17865659296512604,0.1939390003681183,0.18710198998451233,0.1989438533782959,0.18503506481647491,0.15857098996639252,0.18066644668579102,0.1558091938495636],""reversal"":[-0.05200938880443573,-0.05961925536394119,0.027330370619893074,-0.19163265824317932,-0.1701907217502594,-0.006362282671034336,0.1656259298324585,-0.010398014448583126],""readout"":[0.3418850004673004,-0.07026758044958115,0.17562450468540192,-0.17462991178035736,0.11505668610334396,-0.2526323199272156,-0.09789726883172989,0.04345108941197395],""readout_bias"":[0.009479019790887833],""beta"":[0.23644310235977173],""sensory_mask"":[1.0,1.0,1.0,1.0,1.0,1.0,1.0,1.0]}"
920027,LTC_SENSORY_YOKED,114,120,8,122880,6.022845416999985,0.31196287274360657,0.2623472012579441,"{""w_rec"":[0.0727740004658699,0.010345247574150562,0.02308625914156437,-0.010081245563924313,-0.023995159193873405,0.014533753506839275,-0.04424552991986275,0.010488821193575859,-0.049589671194553375,0.13972246646881104,0.030848616734147072,0.02862992323935032,-0.04022965952754021,0.008488554507493973,-0.006810694467276335,-0.02031729184091091,0.00989510491490364,0.03827432543039322,0.11279752850532532,-0.007189847528934479,-0.07844047248363495,0.024309396743774414,-0.027257239446043968,-0.007460656575858593,-0.023679012432694435,-0.0012406809255480766,0.0002531589998397976,0.04101790487766266,0.0047384630888700485,-0.0030781873501837254,-0.03988123685121536,-0.0357949323952198,-0.003972453065216541,-0.0017065994907170534,-0.006223007570952177,-0.06342636793851852,0.11843370646238327,0.04707011207938194,-0.04812261089682579,-0.033414456993341446,-0.04650251939892769,0.01994871161878109,0.08404359966516495,-0.034329283982515335,-0.07241441309452057,0.11258918046951294,-0.06902383267879486,-0.05797558277845383,-0.058315202593803406,0.08741213381290436,0.022023726254701614,-0.0430523119866848,0.025659769773483276,0.047576259821653366,0.06625737249851227,-0.013113804161548615,-0.06416139751672745,0.04250682145357132,0.03838946670293808,-0.11851485818624496,-0.09501446783542633,0.08792708814144135,-0.06403694301843643,0.17365553975105286],""w_temp"":[0.12512364983558655,0.4799914062023163,-0.34062838554382324,0.12350226938724518,0.4671902656555176,0.4280039966106415,0.18218955397605896,0.2239762544631958],""w_vis"":[-0.08554621040821075,-0.03452155739068985,-0.18519634008407593,0.026604963466525078,-0.01637493446469307,0.04328763112425804,-0.1618894785642624,-0.31800949573516846],""bias"":[-0.8210068345069885,-0.808535099029541,-0.8083648085594177,-0.8136120438575745,-0.8076225519180298,-0.8271986842155457,-0.8232046961784363,-0.8974459171295166],""raw_tau"":[0.18225114047527313,0.19739143550395966,0.19624342024326324,0.1895899623632431,0.1982904076576233,0.17840567231178284,0.1803310215473175,0.10629982501268387],""reversal"":[0.04887066408991814,-0.12150885909795761,-0.10443983972072601,0.10650745034217834,0.07598060369491577,-0.09905821084976196,0.03029106743633747,-0.020035868510603905],""readout"":[0.05243600904941559,-0.09166203439235687,0.20442232489585876,0.08264201879501343,0.261822372674942,-0.025854218751192093,0.116545669734478,-0.019270872697234154],""readout_bias"":[0.0006898530991747975],""beta"":[0.16325560212135315],""sensory_mask"":[1.0,1.0,1.0,1.0,0.0,0.0,0.0,0.0]}"
920027,GRU_4,113,120,8,122880,1.747352709000097,0.3023928105831146,0.25819902345538137,"{""cell.weight_ih"":[0.6482794880867004,-0.16819868981838226,-0.11399020999670029,-0.3227423131465912,-0.19976292550563812,-0.1419387310743332,0.01912032812833786,0.476031094789505,0.10976673662662506,-0.6864978671073914,-0.4528048634529114,0.2812802195549011,-0.18495874106884003,0.012905850075185299,0.04184458777308464,0.31495437026023865,-0.3865871727466583,-0.1116398349404335,-0.03748157247900963,0.3462361693382263,-0.30045202374458313,0.19084762036800385,-0.28184446692466736,-0.03491516411304474,-0.08991225808858871,-0.12016626447439194,0.3710949122905731,-0.08062050491571426,0.420273095369339,0.3487176299095154,-0.5746537446975708,-0.2559874653816223,0.267464280128479,0.3676362931728363,0.45538246631622314,-0.1781114786863327],""cell.weight_hh"":[-0.09155624359846115,-0.1152372807264328,-0.0535687692463398,-0.20731596648693085,-0.24324408173561096,0.03699831664562225,0.1366015523672104,0.22572126984596252,-0.4507043957710266,0.3155062794685364,-0.4043358564376831,0.4388009309768677,0.34861475229263306,0.15195435285568237,0.19109226763248444,0.35987043380737305,0.07370715588331223,-0.3235478699207306,-0.2917978763580322,-0.1593625545501709,0.21657611429691315,-0.36802029609680176,0.028816446661949158,0.21511365473270416,0.03444560617208481,0.587698221206665,-0.5511990785598755,0.057771749794483185,-0.3001033663749695,0.3492931127548218,0.31277868151664734,0.16950415074825287,-0.14251089096069336,-0.20360447466373444,0.3076969087123871,0.18560203909873962,-0.1691632866859436,-0.5245469212532043,-0.4549136757850647,0.24926602840423584,0.06825759261846542,0.08521851152181625,0.37664246559143066,-0.48789310455322266,0.44051283597946167,-0.027985766530036926,-0.1599043756723404,-0.25232434272766113],""cell.bias_ih"":[-0.476134717464447,0.5152159929275513,-0.4208412170410156,-0.4485311508178711,0.0673406571149826,0.18396267294883728,-0.4231851398944855,-0.39703500270843506,-0.17580294609069824,0.29887717962265015,-0.08679036796092987,-0.3292705714702606],""cell.bias_hh"":[-0.003687948454171419,0.5492352247238159,-0.29799723625183105,0.4246821403503418,0.2953193187713623,-0.26802557706832886,0.05605755373835564,-0.4578913450241089,-0.07905395328998566,0.21670278906822205,0.18381933867931366,-0.2967362105846405],""readout.weight"":[-0.2824936807155609,0.3086133301258087,-0.1493285745382309,0.15521888434886932],""readout.bias"":[-0.18965134024620056]}"
920027,GRU_8,321,120,8,122880,1.743007165999984,0.3223698139190674,0.2555966377258301,"{""cell.weight_ih"":[-0.5494949817657471,-0.15564590692520142,0.2129722386598587,0.28497061133384705,-0.39129164814949036,-0.3531368672847748,0.38872307538986206,0.2536852955818176,-0.16101883351802826,-0.20283278822898865,-0.1508725881576538,-0.22038614749908447,-0.1659506857395172,-0.08294356614351273,0.24287903308868408,0.018198635429143906,-0.2587936520576477,0.15381976962089539,0.04977016523480415,-0.28961730003356934,0.06325188279151917,-0.03777031600475311,-0.2740325927734375,-0.11900009214878082,-0.23641490936279297,-0.18206912279129028,0.1942726969718933,-0.29997262358665466,0.5264519453048706,-0.029751352965831757,0.27656659483909607,-0.2437601387500763,0.05465495213866234,0.07048437744379044,-0.07098262757062912,-0.47131142020225525,0.11416427791118622,0.07836002856492996,0.20581170916557312,0.14009004831314087,0.14257434010505676,0.0181894451379776,-0.16372418403625488,-0.04517355188727379,0.1755460947751999,-0.03198599815368652,0.034377045929431915,0.13582803308963776,-0.4530092775821686,-0.0006936507998034358,0.3565762937068939,0.10264453291893005,-0.03248719125986099,-0.26920899748802185,0.3609016239643097,-0.36225205659866333,-0.00855458527803421,-0.18036583065986633,0.12348200380802155,-0.3572129011154175,-0.48750773072242737,-0.1471671760082245,-0.2869933247566223,-0.3720605671405792,-0.03927003592252731,-0.32095104455947876,-0.2617088258266449,-0.2865278124809265,-0.3167375326156616,-0.1958065927028656,0.05092928931117058,0.2698388397693634],""cell.weight_hh"":[-0.15079790353775024,0.13389362394809723,0.25555694103240967,0.03460170328617096,-0.08015718311071396,-0.16550225019454956,0.36933663487434387,0.0836179107427597,-0.2218591272830963,-0.36256277561187744,0.01489652693271637,0.3348742127418518,-0.391276091337204,0.07040558010339737,-0.18321271240711212,-0.3547041118144989,-0.32934629917144775,0.12262152880430222,0.07633119821548462,-0.07545406371355057,-0.062364980578422546,0.3196336030960083,0.24292489886283875,0.2076016664505005,0.050305020064115524,-0.18895018100738525,-0.14800308644771576,0.3568487763404846,-0.13935843110084534,-0.17872343957424164,0.22337302565574646,-0.0243110079318285,0.14191825687885284,0.20237569510936737,-0.38842839002609253,-0.20315374433994293,0.005783419590443373,-0.04741067811846733,0.005665800999850035,-0.3578576147556305,-0.2870462238788605,-0.12547440826892853,0.352308064699173,0.05262496694922447,-0.31683820486068726,0.2120065540075302,0.24283087253570557,-0.39361855387687683,0.3444227874279022,0.12115615606307983,-0.28711530566215515,0.4032980501651764,-0.06495033949613571,0.021253032609820366,0.10366936773061752,-0.1347939521074295,0.3618318736553192,-0.35144054889678955,-0.07747843116521835,-0.2110622376203537,-0.12228675931692123,-0.2537406384944916,0.301041841506958,-0.013673038221895695,0.0629057064652443,0.11242050677537918,0.14748433232307434,0.06011404097080231,0.1514468789100647,-0.44730833172798157,0.04993068426847458,-0.3434460461139679,0.37207359075546265,-0.06562996655702591,-0.14439164102077484,0.48794594407081604,0.35970252752304077,-0.03997185081243515,-0.2287370264530182,0.043077755719423294,-0.14935462176799774,0.5928820967674255,-0.38428786396980286,-0.11249979585409164,0.005783132743090391,0.128526970744133,-0.2589084804058075,0.041188132017850876,0.1147368997335434,0.16012682020664215,-0.2723550498485565,0.04050513356924057,0.21084900200366974,0.1355929970741272,0.15145699679851532,0.15538085997104645,0.2702062726020813,0.12330777198076248,-0.006178116425871849,0.042581379413604736,0.1809803694486618,-0.14854687452316284,-0.027800515294075012,0.3845168650150299,-0.15673322975635529,-0.21187251806259155,-0.3287326991558075,0.3921694755554199,-0.04409629479050636,-0.3351885974407196,0.03691960126161575,0.48242783546447754,-0.3338491916656494,0.0700879842042923,0.09802883118391037,0.2027471512556076,-0.10932614654302597,0.048401132225990295,0.12608754634857178,-0.06913817673921585,-0.2038373202085495,-0.0781179815530777,-0.17677786946296692,-0.12353544682264328,-0.20294760167598724,0.034432847052812576,-0.08249422907829285,0.38309162855148315,0.024835797026753426,-0.06978344172239304,0.040621567517519,0.26158344745635986,0.03337068110704422,0.060296233743429184,-0.18625472486019135,-0.20584602653980255,-0.09991458058357239,0.07312605530023575,0.07387519627809525,-0.2247050702571869,0.12557511031627655,0.21766994893550873,0.18944506347179413,-0.4414259195327759,-0.301003098487854,-0.3478405177593231,-0.28951728343963623,-0.10717329382896423,-0.2246198058128357,-0.019303040578961372,-0.08933455497026443,0.033132005482912064,-0.14034222066402435,0.2777222990989685,0.22476382553577423,0.2180650681257248,-0.33406463265419006,0.3451584279537201,0.013846108689904213,-0.2356782853603363,0.21367643773555756,0.20576511323451996,0.15647713840007782,0.38806864619255066,0.3864155113697052,0.2806684076786041,-0.2537308931350708,0.1173873022198677,-0.2785146236419678,-0.07154019176959991,-0.22275513410568237,0.2563799023628235,-0.1510864645242691,-0.20977063477039337,0.05079859495162964,-0.006846841424703598,-0.19939973950386047,-0.267037034034729,-0.3964942693710327,-0.1893632411956787,-0.26765143871307373,-0.26640912890434265,-0.3885995149612427,0.013760124333202839,-0.08019877970218658,0.06665903329849243,0.0675438642501831,-0.231642946600914,0.2622165083885193,-0.08533148467540741,0.22670786082744598,0.07420463860034943],""cell.bias_ih"":[0.1520942598581314,0.22638475894927979,0.06508886814117432,-0.19541221857070923,0.20557278394699097,0.058135986328125,-0.012330042198300362,0.23698648810386658,-0.03883183375000954,0.1941302865743637,0.46916553378105164,0.1557253897190094,0.28612202405929565,0.1102130338549614,0.07490972429513931,0.2751210927963257,-0.1987726092338562,0.30054420232772827,0.197332501411438,-0.060181986540555954,0.03264670446515083,-0.1660313606262207,0.20341114699840546,-0.2487112581729889],""cell.bias_hh"":[0.32741954922676086,-0.047935329377651215,-0.4100615978240967,-0.23803997039794922,0.28135982155799866,0.20803003013134003,0.15736189484596252,0.2531978487968445,0.3641853630542755,0.36103764176368713,0.1478886753320694,0.10271923989057541,-0.05921550095081329,0.3631184995174408,0.2496580183506012,-0.23959088325500488,0.35348886251449585,0.11394815146923065,0.23491980135440826,-0.37370383739471436,0.13834786415100098,-0.2243177443742752,-0.08767862617969513,0.2213461548089981],""readout.weight"":[-0.3047531843185425,0.25866204500198364,0.08638080954551697,0.1210825964808464,-0.2125340700149536,-0.07593248784542084,-0.10016542673110962,-0.008298452012240887],""readout.bias"":[-0.08195573091506958]}"
920028,LTC_SENSORY_SITE,114,120,8,122880,5.884570124999982,0.49186086654663086,0.3733451873064041,"{""w_rec"":[0.21521452069282532,-0.03627358004450798,0.042090725153684616,-0.12196074426174164,0.05812755972146988,0.056168507784605026,-0.06151498109102249,0.06853143870830536,0.07811305671930313,0.04598706588149071,-0.055847037583589554,-0.05396811291575432,0.024686748161911964,0.04039084166288376,-0.08232485502958298,0.04247746989130974,0.0424366258084774,-0.08062229305505753,0.17602361738681793,-0.061325665563344955,0.08411611616611481,0.11489900946617126,-0.047629330307245255,0.12586790323257446,0.055677108466625214,-0.013142491690814495,0.04656161740422249,0.035869210958480835,-0.00794534757733345,0.050188884139060974,-0.03873001039028168,0.031803395599126816,0.06566540896892548,-0.08525967597961426,-0.08998645842075348,-0.01733417809009552,0.18517246842384338,0.08735864609479904,-0.04782616347074509,0.014954520389437675,-0.007925319485366344,0.0005717704771086574,0.03756285458803177,-0.022743118926882744,-0.04001834988594055,0.08473644405603409,-0.05457686260342598,0.040885213762521744,0.04463815316557884,-0.07492983341217041,-0.08345911651849747,0.024932226166129112,0.08946766704320908,0.05051926150918007,0.05148417502641678,0.08870719373226166,0.04125025495886803,-0.05702486261725426,-0.125394806265831,-0.038128677755594254,0.15258333086967468,0.012353627942502499,-0.044349439442157745,0.14031453430652618],""w_temp"":[-0.20610976219177246,-0.11178317666053772,-0.12872448563575745,-0.08992531150579453,-0.023145968094468117,-0.10250724852085114,0.07818352431058884,0.22371314465999603],""w_vis"":[-0.031264469027519226,0.011840170249342918,0.0544734001159668,0.057900380343198776,-0.03611532598733902,-0.07111842930316925,0.07664869725704193,-0.07367042452096939],""bias"":[-0.8849260210990906,-0.8665133118629456,-0.8779040575027466,-0.8659824728965759,-0.8722003102302551,-0.7965522408485413,-0.8640000224113464,-0.8600366711616516],""raw_tau"":[0.11877485364675522,0.13598965108394623,0.12560999393463135,0.1375071406364441,0.13082528114318848,0.206747904419899,0.13928017020225525,0.1437426507472992],""reversal"":[-0.0897383838891983,0.014154558070003986,-0.017410412430763245,-0.01809133216738701,-0.005911641288548708,-0.09722805768251419,0.2022087723016739,-0.10532253980636597],""readout"":[0.02089901827275753,0.06580894440412521,0.050835829228162766,0.00760954525321722,-0.08603072166442871,0.0768134742975235,0.024369021877646446,-0.04161924868822098],""readout_bias"":[-0.036250386387109756],""beta"":[0.24780213832855225],""sensory_mask"":[1.0,1.0,1.0,1.0,0.0,0.0,0.0,0.0]}"
920028,LTC_OUTPUT_SITE,114,120,8,122880,4.938743250000016,0.489440381526947,0.3733274608850479,"{""w_rec"":[0.0033971723169088364,-0.04389462247490883,0.10690439492464066,-0.07784867286682129,0.05574805289506912,-0.05606350302696228,0.052043620496988297,0.03364935144782066,-0.06023059040307999,0.09109273552894592,0.11077863723039627,-0.019397303462028503,0.08360254764556885,-0.05744250863790512,-0.010928705334663391,-0.013445314951241016,-0.030461737886071205,-0.11268153786659241,0.15910176932811737,-0.06759478896856308,0.13060541450977325,-0.07769425213336945,1.7988495528697968e-05,-0.010158047080039978,-0.09604232758283615,-0.09510952979326248,0.06470032781362534,0.04776661843061447,0.12481562793254852,-0.05633137375116348,0.05777449905872345,0.0209600031375885,-0.057012204080820084,-0.046740107238292694,0.07065184414386749,-0.07111935317516327,0.20160552859306335,-0.08921505510807037,0.01274444442242384,0.05741044133901596,-0.008496281690895557,0.024837492033839226,0.03893106430768967,-0.00991213321685791,-0.05932396650314331,0.11466667801141739,-0.030317621305584908,-0.0012590399710461497,-0.08865319937467575,-0.06403527408838272,0.11960677802562714,-0.06409607827663422,-0.04019968584179878,-0.09171722829341888,0.14588604867458344,0.03172973543405533,-0.03019496239721775,-0.07160311192274094,0.07800158113241196,-0.02739827334880829,0.05375286191701889,0.01265874132514,0.009862256236374378,0.16297779977321625],""w_temp"":[0.11636725813150406,0.015683354809880257,0.11764590442180634,0.22326450049877167,0.173301562666893,0.2533443868160248,-0.24214491248130798,-0.2843472361564636],""w_vis"":[-0.3352115750312805,0.20805761218070984,-0.052925217896699905,0.005581468343734741,-0.12208609282970428,0.006031645927578211,-0.03566236421465874,0.05169062688946724],""bias"":[-0.8666266798973083,-0.8532536029815674,-0.8648322224617004,-0.8764867782592773,-0.876705527305603,-0.8017264008522034,-0.8681312203407288,-0.8331423401832581],""raw_tau"":[0.13690043985843658,0.14959046244621277,0.13866212964057922,0.12716369330883026,0.12676399946212769,0.20105914771556854,0.13565973937511444,0.17035166919231415],""reversal"":[0.051260992884635925,0.11480100452899933,-0.0477001890540123,0.06735238432884216,0.0037484560161828995,0.0738888680934906,0.01513888780027628,0.0030684666708111763],""readout"":[0.018476495519280434,0.14997032284736633,-0.027777593582868576,0.0026693488471210003,-0.022538671270012856,-0.05918017402291298,-0.00339388195425272,-0.002471770392730832],""readout_bias"":[-0.038167569786310196],""beta"":[0.14797888696193695],""sensory_mask"":[0.0,0.0,0.0,0.0,0.0,0.0,0.0,0.0]}"
920028,LTC_NO_FEEDBACK,114,120,8,122880,4.8551516670000865,0.49599432945251465,0.37348622381687163,"{""w_rec"":[0.16763602197170258,-0.017164941877126694,-0.02260894700884819,-0.09801967442035675,0.03246321901679039,0.09121814370155334,-0.09146185964345932,0.11728150397539139,0.07685286551713943,0.1134801134467125,-0.027607226744294167,0.03517388924956322,0.016109691932797432,-0.009435939602553844,0.027563855051994324,-0.015759151428937912,-0.03194976970553398,-0.05176369845867157,0.09171781688928604,0.03936547785997391,0.02980409748852253,0.024546589702367783,0.03228622302412987,-0.003404349321499467,0.031062733381986618,0.010824492201209068,0.0029246569611132145,0.07818715274333954,0.012222874909639359,0.04806958884000778,-0.06970144808292389,0.03403223305940628,0.037755805999040604,-0.0469551756978035,-0.0590721070766449,-0.044732481241226196,0.1558533012866974,0.05981701239943504,-0.003912000916898251,0.024618104100227356,-0.009891973808407784,-0.06198040395975113,0.012595217674970627,0.02767680399119854,0.05299292132258415,0.11917823553085327,0.035552363842725754,-0.02472510375082493,0.028018563985824585,-0.03662943094968796,-0.016883213073015213,9.987049270421267e-05,0.052150022238492966,0.02308712713420391,0.15844771265983582,-0.021198851987719536,0.06273079663515091,0.026077065616846085,-0.03532259911298752,-0.06072723865509033,0.02832314372062683,0.03578866273164749,-0.07843178510665894,0.19292563199996948],""w_temp"":[-0.043926533311605453,0.11605402827262878,0.33974820375442505,-0.009039108641445637,-0.3229712247848511,0.279818058013916,-0.002659758785739541,0.10324745625257492],""w_vis"":[-0.08473199605941772,0.009878747165203094,0.19860516488552094,-0.22779369354248047,-0.028420263901352882,0.060709793120622635,-0.02071796916425228,-0.15589818358421326],""bias"":[-0.8662372827529907,-0.8170339465141296,-0.806503176689148,-0.8548583984375,-0.8174664378166199,-0.799202561378479,-0.8228871822357178,-0.8581784963607788],""raw_tau"":[0.13674181699752808,0.18586494028568268,0.19616924226284027,0.14829538762569427,0.1867242157459259,0.20347212255001068,0.1799350082874298,0.14532475173473358],""reversal"":[-0.011931614018976688,0.045428480952978134,0.08552178740501404,0.053338661789894104,-0.044343966990709305,-0.16264452040195465,0.0698346272110939,-0.02201741188764572],""readout"":[-0.0005971619393676519,-0.2493332028388977,-0.07973037660121918,0.047785721719264984,0.12000462412834167,0.09481842815876007,-0.06930375099182129,-0.14171631634235382],""readout_bias"":[-0.028072701767086983],""beta"":[0.25],""sensory_mask"":[0.0,0.0,0.0,0.0,0.0,0.0,0.0,0.0]}"
920028,LTC_DENSE_FEEDBACK,114,120,8,122880,5.923896749999926,0.4939344525337219,0.3734103739261627,"{""w_rec"":[0.0677088052034378,-0.04754582419991493,-0.08567944169044495,0.006671618670225143,-0.015615524724125862,-0.08205189555883408,-0.08791990578174591,-0.020931879058480263,-0.023706821724772453,0.039103761315345764,0.005758875515311956,-0.0700882077217102,-0.043663013726472855,0.11610271036624908,0.08524975925683975,-0.11888603866100311,-0.05433100461959839,-0.04598785936832428,0.1623341590166092,-0.04022965207695961,-0.05693115293979645,-0.03400849923491478,-0.02758820168673992,-0.046106357127428055,-0.002573249861598015,0.015760809183120728,-0.09123904258012772,0.13367347419261932,0.009402635507285595,-0.019536051899194717,-0.06419812142848969,0.05124159902334213,-0.03641396760940552,-0.03640758618712425,-0.003398365108296275,-0.05288463458418846,0.061914797872304916,0.08250673115253448,0.004706995096057653,-0.008503788150846958,-0.043905023485422134,-0.1338321566581726,-0.0330694280564785,-0.06344924867153168,0.051046259701251984,0.10388938337564468,-0.025546375662088394,-0.062274958938360214,-0.022620437666773796,-0.10356380045413971,-0.008338944055140018,-0.04214358702301979,-0.024807699024677277,-0.007671486586332321,0.06161497160792351,-0.07668393105268478,0.011992475017905235,-0.05269099771976471,0.0074971821159124374,-0.0816023200750351,0.008346209302544594,0.07843834161758423,0.05129300430417061,0.009932707995176315],""w_temp"":[-0.15518897771835327,0.13246093690395355,-0.026020845398306847,-0.1010260134935379,-0.139522522687912,-0.02674703486263752,-0.07629029452800751,-0.10205412656068802],""w_vis"":[-0.1315658539533615,-0.13186725974082947,-0.1126936748623848,0.18699248135089874,-0.06367549300193787,-0.12823936343193054,-0.13132794201374054,0.0468355230987072],""bias"":[-0.8141682147979736,-0.8557462096214294,-0.8439847230911255,-0.8093731999397278,-0.8527830243110657,-0.885227620601654,-0.871871829032898,-0.8678146004676819],""raw_tau"":[0.1892545372247696,0.1478034257888794,0.1593814194202423,0.19422540068626404,0.15048450231552124,0.11785177886486053,0.13135066628456116,0.13464811444282532],""reversal"":[0.04363558441400528,0.042966946959495544,-0.010329685173928738,0.07895343005657196,0.012957447208464146,0.023531576618552208,-0.013040215708315372,0.007469567470252514],""readout"":[-0.14709271490573883,0.13209865987300873,0.0024086248595267534,-0.0496484711766243,0.014808853156864643,-0.2550533413887024,0.027282079681754112,0.09436772018671036],""readout_bias"":[-0.03214104473590851],""beta"":[0.25468653440475464],""sensory_mask"":[1.0,1.0,1.0,1.0,1.0,1.0,1.0,1.0]}"
920028,LTC_SENSORY_YOKED,114,120,8,122880,5.999243041999989,0.4896050691604614,0.3733869805932045,"{""w_rec"":[0.10400344431400299,0.003276111790910363,0.003513192757964134,0.10105213522911072,0.03686700016260147,0.029595164582133293,-0.02613595686852932,-0.048407115042209625,0.008372455835342407,0.06186220422387123,0.06404814124107361,-0.054010819643735886,-0.01605643890798092,-0.06827832013368607,-0.013820907101035118,0.026480156928300858,0.003882833058014512,0.015967441722750664,0.16137035191059113,0.048411283642053604,-0.02367500402033329,-5.462684202939272e-05,-0.030378062278032303,-0.032267939299345016,-0.04069171100854874,-0.0051301647908985615,0.08406005054712296,0.1240464299917221,-0.07016367465257645,-0.029245460405945778,-0.06663188338279724,0.04280918464064598,-0.06416068226099014,-0.12318425625562668,0.11191906780004501,0.019772252067923546,0.03630095720291138,-0.07141654193401337,-0.11472420394420624,0.06070112809538841,-0.05577266961336136,-0.10136877745389938,0.07968485355377197,-0.07091916352510452,-0.08213100582361221,0.0873216986656189,0.027541905641555786,0.043558269739151,-0.0153029290959239,-0.017510993406176567,-0.06103059649467468,0.05147864297032356,-0.0189141184091568,0.010416069999337196,0.1512063443660736,-0.03229539468884468,-0.06768310070037842,-0.07797151058912277,0.05408342555165291,-0.06142231822013855,-0.019884072244167328,-0.09379544109106064,-0.04904791712760925,0.15613827109336853],""w_temp"":[0.17338927090168,0.14245809614658356,0.32979342341423035,-0.052737440913915634,0.14467869699001312,0.3010491132736206,0.12525689601898193,0.3336755335330963],""w_vis"":[0.023304441943764687,-0.0410047248005867,-0.08733896166086197,0.10881303250789642,-0.1626627892255783,-0.22457276284694672,-0.07068373262882233,-0.055537812411785126],""bias"":[-0.8008912205696106,-0.854552149772644,-0.8178656697273254,-0.8608585000038147,-0.8976263999938965,-0.8656340837478638,-0.7885539531707764,-0.8632238507270813],""raw_tau"":[0.201961487531662,0.14896610379219055,0.18509872257709503,0.1424291729927063,0.10574992746114731,0.1381329894065857,0.21424783766269684,0.14065919816493988],""reversal"":[0.10819810628890991,0.1516980528831482,-0.03918727859854698,-0.026503071188926697,0.09055110067129135,0.0847206860780716,0.09239692240953445,-0.04982835054397583],""readout"":[-0.050737619400024414,0.21788974106311798,0.02479429356753826,0.07733610272407532,-0.009282039478421211,0.03783899545669556,-0.10880104452371597,-0.10654808580875397],""readout_bias"":[-0.04283475503325462],""beta"":[0.14345689117908478],""sensory_mask"":[1.0,1.0,1.0,1.0,0.0,0.0,0.0,0.0]}"
920028,GRU_4,113,120,8,122880,1.7313132500000847,0.5319435596466064,0.37049947679042816,"{""cell.weight_ih"":[-0.2988106608390808,0.4048071801662445,-0.16356512904167175,-0.26352953910827637,0.2794300615787506,0.07210952043533325,0.21900565922260284,0.41818901896476746,-0.0780227854847908,-0.03074788860976696,0.2975568175315857,-0.24754634499549866,0.12167485803365707,-0.01242128573358059,-0.09181573241949081,0.2308090776205063,-0.05799422413110733,-0.6973310112953186,0.10952545702457428,-0.2845578193664551,-0.24688471853733063,0.5255504846572876,0.6353021860122681,-0.026470325887203217,0.5874819755554199,0.23035193979740143,-0.07920961827039719,0.283555269241333,-0.526235818862915,-0.5522319078445435,0.45563358068466187,-0.0040825288742780685,-0.12115128338336945,0.3242556154727936,0.27585557103157043,-0.24674344062805176],""cell.weight_hh"":[0.5549578070640564,0.27469807863235474,0.21858738362789154,0.03934063762426376,0.2410839945077896,0.500356912612915,-0.33767855167388916,-0.12131470441818237,-0.11034946143627167,-0.30524560809135437,0.5723989605903625,-0.17183642089366913,-0.4149092733860016,0.30747613310813904,0.23927859961986542,-0.15763269364833832,-0.17691946029663086,0.4320923984050751,-0.5450869202613831,-0.401338130235672,-0.3234245777130127,-0.5045694708824158,0.02004985138773918,-0.12411659955978394,-0.6822267174720764,-0.2655097544193268,-0.5759463906288147,-0.40939566493034363,0.1569722592830658,0.06312443315982819,-0.011812364682555199,0.3736732006072998,-0.1520681381225586,-0.05285368487238884,0.17502263188362122,-0.5478449463844299,-0.521852970123291,-0.11821816861629486,-0.3673240840435028,-0.25119906663894653,0.08060191571712494,0.2948344349861145,0.09752769768238068,-0.1569807231426239,-0.24370281398296356,-0.17260491847991943,0.23571500182151794,-0.6503973603248596],""cell.bias_ih"":[0.08532191812992096,-0.3880309462547302,0.13603873550891876,0.01499714981764555,-0.04426105320453644,-0.3515573740005493,-0.3300573229789734,-0.17160221934318542,0.10294950753450394,-0.5926607251167297,0.21061046421527863,0.32235729694366455],""cell.bias_hh"":[0.3776806890964508,0.12032715976238251,0.19028006494045258,-0.539099931716919,0.13868018984794617,-0.2406073808670044,0.38314276933670044,-0.2568238377571106,-0.1966189444065094,0.06813934445381165,-0.3715806305408478,0.02129935473203659],""readout.weight"":[0.26957592368125916,0.3942304849624634,0.27857762575149536,0.13482597470283508],""readout.bias"":[0.15193010866641998]}"
920028,GRU_8,321,120,8,122880,1.7176267080000116,0.4656789004802704,0.37321576178073884,"{""cell.weight_ih"":[0.1408339887857437,-0.10097529739141464,0.35883674025535583,-0.3944028615951538,-0.29522091150283813,0.04047615826129913,0.39343684911727905,-0.07576508074998856,-0.3577175736427307,-0.035893309861421585,-0.03440582752227783,-0.30461591482162476,0.21291625499725342,-0.29401567578315735,-0.11189103871583939,0.19790910184383392,0.1973094344139099,-0.0021641559433192015,0.18402205407619476,-0.19849325716495514,-0.023281322792172432,0.09683603793382645,-0.2177080363035202,0.14012496173381805,0.3103027045726776,-0.28583836555480957,-0.20008860528469086,0.19713665544986725,-0.03307188302278519,0.08294699341058731,0.23630519211292267,-0.24343842267990112,0.10873732715845108,-0.04603814333677292,-0.04565276950597763,0.24955610930919647,0.2668783366680145,0.1760110855102539,-0.47234734892845154,-0.1769922524690628,-0.143671914935112,-0.25324296951293945,0.16279606521129608,0.3501679301261902,0.08180440962314606,0.1310235559940338,-0.5364243984222412,-0.27291983366012573,-0.01759365014731884,0.3238528370857239,-0.2598055601119995,0.13233283162117004,-0.2660259008407593,-0.42313092947006226,0.2084556668996811,-0.212408646941185,-0.32034653425216675,0.10440704971551895,-0.22174063324928284,0.03939322009682655,0.3672717809677124,-0.10748795419931412,-0.44840702414512634,-0.10438355803489685,0.1984582394361496,0.1402803659439087,0.1696937084197998,-0.15070532262325287,0.3891680836677551,-0.4858850836753845,-0.016564885154366493,-0.38038170337677],""cell.weight_hh"":[0.22857001423835754,-0.2791118919849396,-0.21980415284633636,-0.2741888463497162,0.15799430012702942,-0.16973349452018738,-0.12028026580810547,0.28106215596199036,-0.2576597034931183,0.16501615941524506,-0.15569601953029633,0.3423672914505005,0.05980631709098816,-0.06507784128189087,-0.026276521384716034,0.16486795246601105,-0.23910613358020782,0.05906444787979126,0.2216055989265442,0.25462666153907776,-0.04457143694162369,-0.17121204733848572,0.15090514719486237,-0.09892547130584717,0.23942801356315613,0.32340604066848755,0.09865423291921616,0.12746180593967438,0.15598629415035248,-0.15885229408740997,-0.07787872850894928,-0.014594338834285736,-0.08042875677347183,0.36203238368034363,-0.3629443049430847,-0.3551217317581177,0.26673534512519836,-0.08106109499931335,0.26529908180236816,0.2670677602291107,-0.3991873264312744,0.44225260615348816,0.02268071472644806,0.18547092378139496,0.1828460544347763,0.017662227153778076,0.3071870505809784,-0.2660946846008301,-0.1839509755373001,-0.06736783683300018,0.13386815786361694,0.18519242107868195,-0.03915851190686226,0.27216771245002747,0.03123990260064602,0.3510633111000061,0.028919875621795654,0.2951551377773285,0.1708163172006607,0.03115527145564556,-0.07141822576522827,-0.3683115541934967,-0.14307263493537903,-0.0585448294878006,0.25138166546821594,-0.34692633152008057,0.20248287916183472,-0.13492843508720398,-0.06644295901060104,0.1644597202539444,-0.06740275025367737,-0.4712793827056885,0.07863152027130127,0.09942123293876648,-0.24441491067409515,0.03215977922081947,-0.09447260946035385,0.337361603975296,-0.0713995024561882,0.5690712928771973,0.34321334958076477,0.06963637471199036,-0.24485507607460022,-0.3397830128669739,-0.2775611877441406,0.05663764849305153,0.02526787295937538,0.17058144509792328,-0.43617165088653564,-0.09563188999891281,0.1583826243877411,0.2613607347011566,0.22044575214385986,-0.17003342509269714,0.013755903579294682,0.23360417783260345,0.3450186252593994,-0.3535987138748169,-0.2845505475997925,-0.015673311427235603,-0.06179773434996605,0.44733211398124695,-0.4888499677181244,0.3908277451992035,0.33084022998809814,0.05616148188710213,-0.1799686700105667,0.04340439289808273,-0.13659469783306122,0.28059089183807373,0.2376154214143753,0.24707767367362976,0.06620913743972778,-0.23728162050247192,-0.1716877818107605,0.28963589668273926,0.14297543466091156,-0.18998035788536072,0.15275385975837708,-0.4342995882034302,0.3171534538269043,0.2843545079231262,0.2230212390422821,-0.30686962604522705,0.40175145864486694,-0.25806477665901184,-0.032789938151836395,-0.09585550427436829,0.34882381558418274,-0.2851549983024597,-0.1623481661081314,-0.1666380763053894,-0.311581552028656,0.0912460908293724,-0.3162226676940918,0.3518142104148865,-0.30519622564315796,0.3978491723537445,-0.007378793321549892,-0.03590923175215721,0.251905620098114,0.06465261429548264,-0.04433976858854294,0.16600807011127472,-0.07388827949762344,0.2778087556362152,0.030677715316414833,0.12045367062091827,-0.09259920567274094,0.13994412124156952,0.13000738620758057,0.27993544936180115,-0.18555258214473724,-0.3033362329006195,-0.10127721726894379,-0.2646918296813965,0.148046612739563,-0.026987822726368904,-0.3381598889827728,0.22802521288394928,-0.2953505516052246,-0.043921392410993576,-0.07390444725751877,0.06403852254152298,-0.19088369607925415,0.06860379874706268,0.050480086356401443,-0.06765841692686081,0.19830934703350067,0.15859925746917725,0.047277744859457016,0.30635306239128113,-0.21991080045700073,0.05587703362107277,-0.1951921433210373,-0.2806221842765808,-0.1882186383008957,-0.3854283094406128,-0.24998052418231964,0.33874985575675964,0.020723795518279076,-0.11360602080821991,0.035214971750974655,0.2867055833339691,-0.09144197404384613,-0.10993544012308121,-0.13613095879554749,-0.35620400309562683,0.3954426348209381,0.17072707414627075,0.13583412766456604,-0.3547549247741699],""cell.bias_ih"":[0.235321506857872,-0.2558109760284424,-0.36113277077674866,0.1743130385875702,0.215960294008255,-0.1801721751689911,-0.059637561440467834,-0.31092604994773865,0.13008366525173187,-0.27785852551460266,0.42904067039489746,-0.1979728788137436,-0.2831079363822937,0.2314727008342743,0.052592579275369644,0.1684940606355667,-0.11659595370292664,-0.3019382953643799,0.1653182953596115,0.2525485157966614,-0.27145230770111084,0.2987399101257324,-0.07078620046377182,0.12014085054397583],""cell.bias_hh"":[-0.07839934527873993,0.31125694513320923,-0.20484881103038788,0.24199889600276947,-0.3396419882774353,-0.37454360723495483,0.02251012995839119,-0.021507559344172478,0.1947767734527588,0.23870345950126648,-0.0856110230088234,0.04443014785647392,0.1589740663766861,-0.3600819408893585,0.21778279542922974,-0.3115805983543396,0.18957993388175964,-0.3601978123188019,0.025958292186260223,-0.02588867023587227,-0.13721981644630432,-0.1019781306385994,0.05489879846572876,0.09566427767276764],""readout.weight"":[-0.2731417417526245,0.24323923885822296,0.21739447116851807,-0.2000989317893982,0.39272645115852356,-0.1915900856256485,-0.11858581006526947,0.00010629597818478942],""readout.bias"":[0.2704709470272064]}"
920029,LTC_SENSORY_SITE,114,120,8,122880,5.862382582999999,0.4673893451690674,0.33737345337867736,"{""w_rec"":[0.10267876833677292,0.0017773136496543884,-0.014588719233870506,-0.0075242347083985806,0.019367096945643425,0.015803858637809753,0.007543406914919615,-0.05283431336283684,-0.046898894011974335,0.16911479830741882,0.03412965312600136,0.027949543669819832,-0.055428147315979004,-0.029470160603523254,0.007464454043656588,0.03949470445513725,0.011498156934976578,-0.0007101448718458414,0.09604915231466293,-0.040337417274713516,0.022213999181985855,-0.021174658089876175,-0.0015737555222585797,-0.024844108149409294,0.028674814850091934,0.01695147715508938,0.02456844411790371,0.10932385176420212,0.02310219220817089,0.06426708400249481,-0.04355015233159065,-0.015123278833925724,0.020870065316557884,-0.005996244493871927,-0.09167499095201492,0.010502591729164124,0.1584317535161972,0.044250667095184326,-0.010967537760734558,-0.004388038069009781,-0.025817738845944405,0.09814707189798355,0.0055257705971598625,-0.00735816266387701,-0.029744671657681465,0.05077159032225609,0.05329051613807678,0.03595869243144989,0.01741868257522583,-0.03668513521552086,-0.005212016403675079,0.008347870782017708,0.033868495374917984,0.029288792982697487,0.12039096653461456,-0.05588227137923241,-0.02543390914797783,0.0048941983841359615,-0.04276282340288162,0.05699600279331207,0.03768898546695709,0.015905097126960754,-0.023132529109716415,0.09310425072908401],""w_temp"":[0.23315411806106567,-0.08181587606668472,0.0469890758395195,0.04610130563378334,0.11256350576877594,-0.17302310466766357,0.3852246403694153,0.01011892594397068],""w_vis"":[-0.17542335391044617,0.05723761394619942,0.02366802468895912,0.05554894730448723,-0.09252946078777313,-0.20344768464565277,0.07661975175142288,-0.2307405173778534],""bias"":[-0.7904092669487,-0.8587506413459778,-0.7798535227775574,-0.7820703983306885,-0.7736787796020508,-0.8552347421646118,-0.7745072841644287,-0.7756635546684265],""raw_tau"":[0.21351413428783417,0.14477300643920898,0.22313424944877625,0.22082215547561646,0.229709655046463,0.14749504625797272,0.2295185923576355,0.22797022759914398],""reversal"":[0.12089776992797852,-0.12747235596179962,-0.08436247706413269,-0.07644212990999222,0.12721167504787445,0.09084568172693253,-0.13235272467136383,-0.19889548420906067],""readout"":[-0.06397441774606705,-0.02703581377863884,0.24891941249370575,0.262617826461792,-0.2140185832977295,0.07198886573314667,0.24193276464939117,0.10570897907018661],""readout_bias"":[-0.04095225781202316],""beta"":[0.28481435775756836],""sensory_mask"":[1.0,1.0,1.0,1.0,0.0,0.0,0.0,0.0]}"
920029,LTC_OUTPUT_SITE,114,120,8,122880,4.968952915999921,0.4848024845123291,0.3377042591571808,"{""w_rec"":[0.133240208029747,-0.054771773517131805,0.02242249995470047,0.058902475982904434,0.08879410475492477,-0.0043142130598425865,-0.06366053223609924,0.031733859330415726,0.0058179087936878204,0.08138156682252884,0.03922822326421738,-0.011851439252495766,0.1271016150712967,-0.0066595496609807014,-0.08427359908819199,-0.05428025498986244,-0.06295382976531982,0.07441716641187668,0.11119338124990463,-0.021907227113842964,-0.06934656202793121,0.08109058439731598,0.0860234871506691,0.003811960108578205,0.020744189620018005,-0.030338061973452568,-0.011035162024199963,0.09668140113353729,0.08856746554374695,-0.011994194239377975,-0.054441023617982864,-0.03987054154276848,-0.07423435151576996,0.06276211142539978,-0.08898643404245377,-0.04951656982302666,0.0295487642288208,0.03902541473507881,0.05479949340224266,-0.0415102057158947,-0.05123503878712654,0.04957427456974983,-0.10535997152328491,-0.0733451396226883,-0.09402221441268921,0.20521606504917145,0.05289178341627121,-0.003172357100993395,-0.06189922243356705,0.05676044896245003,-0.03476502001285553,-0.004909760318696499,-0.06837791949510574,0.08554789423942566,0.17480260133743286,-0.07135792821645737,-0.002724014688283205,0.014025618322193623,0.05562831833958626,-0.0616256445646286,0.11922023445367813,-0.027261707931756973,-0.031896308064460754,0.11577089875936508],""w_temp"":[-0.21473830938339233,0.06081187352538109,0.1893935203552246,0.14762721955776215,-0.05816652998328209,-0.08851105719804764,0.10376068204641342,0.014827352948486805],""w_vis"":[-0.012041470035910606,-0.046365778893232346,0.00851767510175705,0.03445347771048546,0.05170488730072975,-0.06861072033643723,0.04485315456986427,-0.1136959046125412],""bias"":[-0.7600580453872681,-0.7657354474067688,-0.8617318868637085,-0.7788110375404358,-0.8576050400733948,-0.861416757106781,-0.8730393648147583,-0.7827569842338562],""raw_tau"":[0.24312862753868103,0.2374829798936844,0.1414499580860138,0.22435414791107178,0.14589759707450867,0.14187602698802948,0.13048380613327026,0.220547616481781],""reversal"":[0.15680821239948273,-0.09835776686668396,0.14739452302455902,0.1350894719362259,-0.009100995026528835,-0.17854194343090057,0.0008648165967315435,0.0566856749355793],""readout"":[-0.205231711268425,0.18236351013183594,0.14522165060043335,-0.06411362439393997,-0.007710940204560757,-0.1515679955482483,-0.07332111150026321,-0.149090975522995],""readout_bias"":[-0.05360700935125351],""beta"":[0.18383343517780304],""sensory_mask"":[0.0,0.0,0.0,0.0,0.0,0.0,0.0,0.0]}"
920029,LTC_NO_FEEDBACK,114,120,8,122880,4.849480500000027,0.47260305285453796,0.33736038357019427,"{""w_rec"":[0.16247811913490295,-0.052704762667417526,0.034990955144166946,-0.0359642468392849,-0.06543207913637161,0.07948704808950424,0.028412729501724243,-0.002597448881715536,0.04324062913656235,0.05973724275827408,0.06775878369808197,0.003125336952507496,-0.08111321181058884,0.051320333033800125,0.04355967789888382,0.07348258048295975,0.06991125643253326,-0.03459281101822853,0.16110095381736755,-0.01994655653834343,-0.044637344777584076,0.04503980651497841,0.024112949147820473,0.06921856105327606,-0.00048521190183237195,0.07180821895599365,-0.03732411935925484,0.1609022617340088,0.028305163607001305,-0.021410444751381874,-0.032324835658073425,-0.022093351930379868,-0.03794947266578674,0.04026969522237778,0.02921699360013008,-0.037441499531269073,0.12960848212242126,-0.01346348412334919,-0.031549081206321716,0.04044434800744057,-0.04748571664094925,0.03921504318714142,-0.013846252113580704,0.019633006304502487,0.0041441828943789005,0.07494156062602997,-0.022505484521389008,-0.041556164622306824,0.05845120921730995,-0.09922034293413162,-0.013083369471132755,-0.04214061051607132,-0.018723396584391594,0.10225407779216766,0.23233331739902496,-0.02041005529463291,-0.004742037039250135,0.014988968148827553,-0.02415071427822113,0.012089294381439686,-0.04823671653866768,-0.01734788715839386,0.009523780085146427,0.19058114290237427],""w_temp"":[-0.08028393983840942,0.019083673134446144,-0.11383248120546341,-0.17119987308979034,0.2993011474609375,-0.09004068374633789,0.08268463611602783,-0.10657861083745956],""w_vis"":[-0.04727119207382202,-0.010339731350541115,-0.19334612786769867,0.03037949465215206,-0.14564236998558044,-0.1900363713502884,-0.0009276079363189638,0.0398641899228096],""bias"":[-0.8696788549423218,-0.8688231706619263,-0.8448731899261475,-0.7723193764686584,-0.7764903903007507,-0.7614601254463196,-0.8649428486824036,-0.7944082617759705],""raw_tau"":[0.13362467288970947,0.13465625047683716,0.15850752592086792,0.23064090311527252,0.22771014273166656,0.24211189150810242,0.13853982090950012,0.20841144025325775],""reversal"":[-0.107868492603302,0.08096178621053696,0.007584020029753447,0.17871294915676117,0.07090914249420166,-0.1884785145521164,-0.11210367828607559,-0.04967626929283142],""readout"":[-0.003668980672955513,0.007375624962151051,0.002362692728638649,-0.08976398408412933,-0.21180298924446106,0.18579506874084473,-0.02521970309317112,0.23901993036270142],""readout_bias"":[-0.04962123557925224],""beta"":[0.25],""sensory_mask"":[0.0,0.0,0.0,0.0,0.0,0.0,0.0,0.0]}"
920029,LTC_DENSE_FEEDBACK,114,120,8,122880,5.918404125000052,0.46086329221725464,0.33752697706222534,"{""w_rec"":[0.05418594181537628,-0.012508698739111423,-0.06692757457494736,-0.005784680601209402,-0.06967170536518097,-0.1606878936290741,-0.05386471748352051,0.0752316564321518,0.04032517224550247,0.11566933989524841,-0.0043229274451732635,0.0033627301454544067,0.00741520244628191,0.08616253733634949,0.04631499946117401,-0.01788456365466118,-0.021425370126962662,0.027820207178592682,0.08991467952728271,-0.00143846170976758,0.0005624552723020315,0.09568706154823303,-0.03570900484919548,-0.0003133055579382926,0.008355127647519112,-0.004929868504405022,-0.043050866574048996,0.14376801252365112,-0.033927787095308304,0.06665549427270889,-0.022954583168029785,-0.003997707739472389,0.07915614545345306,0.00043854769319295883,0.008809825405478477,-0.006881756242364645,0.14400149881839752,0.06667675077915192,0.02727758139371872,-0.0317004919052124,-0.12261063605546951,-0.09926249831914902,-0.11313138157129288,-0.07132026553153992,-0.10603149980306625,0.1333674192428589,-0.08160634338855743,0.09543823450803757,0.06843665987253189,0.012167400680482388,-0.00454962532967329,0.03566349297761917,0.014810536056756973,0.0931742936372757,0.09004905819892883,6.098230369389057e-05,-0.0685773566365242,-0.03239559382200241,-0.09075538069009781,-0.035003479570150375,-0.060694076120853424,-0.1064736619591713,-0.04201512411236763,0.1822090744972229],""w_temp"":[0.027663687244057655,-0.17089954018592834,0.11612377315759659,0.0004831101687159389,-0.09935330599546432,0.37165334820747375,-0.07001558691263199,0.04103756323456764],""w_vis"":[0.05418495088815689,0.18965230882167816,-0.024097446352243423,-0.06534156948328018,0.2578800320625305,-0.12362124025821686,-0.029549283906817436,-0.2756488025188446],""bias"":[-0.8526203632354736,-0.7821341753005981,-0.7852286696434021,-0.8235230445861816,-0.7774973511695862,-0.888973593711853,-0.7956018447875977,-0.864372968673706],""raw_tau"":[0.15103088319301605,0.2204110324382782,0.2179904580116272,0.1797785460948944,0.22469177842140198,0.11409536749124527,0.2074742615222931,0.13849058747291565],""reversal"":[0.08156745135784149,0.12462856620550156,0.11555541306734085,0.009945867583155632,0.3610277473926544,-0.005842109210789204,0.24514862895011902,-0.03500927612185478],""readout"":[0.03601567819714546,-0.286464661359787,-0.1487991362810135,-0.01163973193615675,-0.19884775578975677,-0.011449234560132027,-0.06242116540670395,0.0014914516359567642],""readout_bias"":[-0.032985296100378036],""beta"":[0.27363017201423645],""sensory_mask"":[1.0,1.0,1.0,1.0,1.0,1.0,1.0,1.0]}"
920029,LTC_SENSORY_YOKED,114,120,8,122880,5.98492695799996,0.46814146637916565,0.33740381002426145,"{""w_rec"":[0.1909792721271515,0.10745768994092941,-0.06512995809316635,0.13791126012802124,0.054882682859897614,0.1169658675789833,-0.06551678478717804,-0.060739435255527496,0.04948100075125694,0.1969718039035797,-0.01619691215455532,0.05920571833848953,0.07201968133449554,0.04416569322347641,-0.06654007732868195,-0.05445897951722145,-0.024444764479994774,-0.03242029994726181,0.10487812012434006,0.0367768220603466,0.010200051590800285,-0.002121927682310343,-0.008466941304504871,0.08993279933929443,-0.016010724008083344,-0.06586676090955734,0.02877511829137802,0.1403970867395401,-0.047179222106933594,-0.005028546322137117,0.056751251220703125,0.11764729768037796,-0.022154372185468674,-0.06189359351992607,0.03927984461188316,0.018046101555228233,0.1208663284778595,-0.0053465841338038445,-0.014611156657338142,0.08834321796894073,-0.02657172456383705,-0.051397405564785004,0.0026716007851064205,0.00214854022487998,0.005866504739969969,0.08644295483827591,0.056300945580005646,0.10214436799287796,0.04560142010450363,0.04721388965845108,-0.02675822377204895,0.059024911373853683,0.057184651494026184,0.015255771577358246,0.02584042213857174,-0.09564808011054993,0.06205425411462784,0.08242183923721313,-0.12763485312461853,0.08291538059711456,0.07563826441764832,0.14709001779556274,-0.12723982334136963,0.16545270383358002],""w_temp"":[0.014748123474419117,0.011750642210245132,-0.12794722616672516,-0.153096541762352,-0.009511910378932953,-0.1806682050228119,-0.016291620209813118,0.14605191349983215],""w_vis"":[0.17552076280117035,0.0038936780765652657,-0.0201265849173069,0.03347019478678703,-0.11817210912704468,0.15402139723300934,0.0037634961772710085,0.09962700307369232],""bias"":[-0.8890649676322937,-0.8712747097015381,-0.7923520803451538,-0.7676520347595215,-0.7724818587303162,-0.7729306221008301,-0.8618106842041016,-0.8856033086776733],""raw_tau"":[0.11479154229164124,0.13221687078475952,0.21073982119560242,0.23537316918373108,0.2308558076620102,0.22969889640808105,0.14170986413955688,0.1177254170179367],""reversal"":[-0.020346518605947495,0.005046147853136063,0.05601640045642853,-0.21876856684684753,-0.10407549142837524,-0.15910278260707855,0.1111120730638504,-0.019766461104154587],""readout"":[0.01607504114508629,-0.05878056213259697,-0.12736785411834717,0.18756292760372162,0.2266668826341629,0.13996320962905884,0.02177497185766697,0.03936941921710968],""readout_bias"":[-0.04399816691875458],""beta"":[0.26825422048568726],""sensory_mask"":[1.0,1.0,1.0,1.0,0.0,0.0,0.0,0.0]}"
920029,GRU_4,113,120,8,122880,1.7245091250000542,0.4007221460342407,0.33735371828079225,"{""cell.weight_ih"":[-0.1981821209192276,-0.22695013880729675,-0.5636571645736694,-0.4835667610168457,0.41430458426475525,-0.04785174876451492,-0.04569137841463089,0.023981623351573944,-0.0860631912946701,-0.4624693691730499,0.42770668864250183,-0.055171698331832886,-0.46866241097450256,-0.17022818326950073,-0.11592159420251846,-0.07295911759138107,0.1087866947054863,-0.16127680242061615,0.09164899587631226,0.38800427317619324,-0.12100054323673248,0.5274090766906738,0.25594252347946167,0.4928058683872223,0.14426067471504211,0.2514117360115051,-0.1301899403333664,-0.1726551502943039,0.12870681285858154,-0.03081832453608513,-0.23123571276664734,0.10309354215860367,0.2931974232196808,-0.3353537917137146,-0.4236164391040802,-0.14633840322494507],""cell.weight_hh"":[-0.356830894947052,0.3919591009616852,-0.23216068744659424,-0.012039045803248882,-0.010843788273632526,0.23532116413116455,0.29557666182518005,-0.3966553807258606,-0.6070740222930908,-0.3777966797351837,0.22227756679058075,0.2694263160228729,0.03059282898902893,-0.09115444868803024,-0.07089214771986008,-0.4405897855758667,-0.3424474000930786,0.32991576194763184,-0.37370625138282776,-0.15595462918281555,0.16950121521949768,0.2031707912683487,-0.372903436422348,-0.017326222732663155,0.15699486434459686,-0.43322324752807617,0.28202664852142334,-0.4612765908241272,0.15123553574085236,-0.3167867064476013,-0.415554016828537,-0.4858033061027527,-0.3832269310951233,-0.3073071241378784,0.2707902789115906,-0.4680993854999542,0.5224505066871643,0.30648884177207947,0.24708601832389832,-0.11268126964569092,-0.42914316058158875,0.13115908205509186,0.11316601186990738,0.057717204093933105,-0.5342298150062561,0.009682122617959976,-0.49433377385139465,0.0620957650244236],""cell.bias_ih"":[-0.35610875487327576,-0.07592064142227173,-0.19341780245304108,-0.3762543797492981,-0.07979314774274826,0.1402493119239807,0.27274882793426514,-0.3778592050075531,0.32967063784599304,-0.14488786458969116,0.3250129222869873,-0.4602949619293213],""cell.bias_hh"":[0.06955070048570633,0.4075595736503601,-0.429024338722229,0.07295899838209152,-0.01355308759957552,0.26524707674980164,-0.14435698091983795,0.19133277237415314,0.40150830149650574,0.3660188615322113,0.1843896061182022,0.13759614527225494],""readout.weight"":[-0.08327319473028183,0.283931702375412,-0.37788158655166626,-0.5409619808197021],""readout.bias"":[-0.3832555115222931]}"
920029,GRU_8,321,120,8,122880,1.7313651669999217,0.6304365992546082,0.3348769053816795,"{""cell.weight_ih"":[-0.09349402040243149,0.16707314550876617,-0.13886524736881256,0.1858471930027008,0.3224020004272461,0.21242265403270721,0.25839707255363464,0.26358717679977417,-0.416671484708786,-0.21331597864627838,-0.2003098875284195,-0.016162358224391937,0.31594017148017883,-0.25934234261512756,0.23153822124004364,-0.2898294925689697,-0.4386342763900757,-0.28192952275276184,0.26683980226516724,0.30289891362190247,-0.05138508230447769,0.33896610140800476,0.10802363604307175,0.4404623806476593,-0.14774693548679352,-0.3338232636451721,-0.13155601918697357,0.29488348960876465,0.19504676759243011,0.13036589324474335,-0.49947240948677063,-0.005660093389451504,-0.21125423908233643,0.0040978966280817986,-0.2604816257953644,0.023434672504663467,0.2536243498325348,-0.02862921543419361,-0.051117848604917526,-0.5266683101654053,-0.1332220584154129,-0.04972175136208534,-0.29398927092552185,-0.3608069121837616,-0.05318032577633858,-0.10647611320018768,-0.11406341195106506,0.3425312042236328,0.11206458508968353,-0.2886665463447571,-0.10653702169656754,-0.11647093296051025,-0.10740456730127335,-0.09990767389535904,-0.4068933129310608,0.11954283714294434,0.22035516798496246,-0.041950397193431854,-0.2477150857448578,-0.4717804491519928,0.1351947784423828,0.13550184667110443,0.22265766561031342,-0.10745187848806381,0.10634493082761765,-0.3611506223678589,0.05208047106862068,0.13541238009929657,0.06944781541824341,0.1817282885313034,-0.16691549122333527,-0.2635253369808197],""cell.weight_hh"":[0.4451279938220978,0.3094012439250946,0.40514522790908813,0.16958728432655334,0.10972405225038528,-0.40438756346702576,-0.10834450274705887,-0.21759091317653656,-0.005251413211226463,0.06980292499065399,-0.2531656324863434,-0.17871104180812836,-0.35564807057380676,-0.1565454602241516,-0.4608462154865265,-0.020248359069228172,0.007060563191771507,0.22613810002803802,-0.21195338666439056,0.1320820152759552,0.25121578574180603,-0.01395576260983944,-0.24364082515239716,0.020494850352406502,0.20638369023799896,-0.2147749960422516,0.025407947599887848,0.09178408980369568,-0.1835249811410904,0.1691073328256607,-0.24302056431770325,-0.10857832431793213,0.13756778836250305,0.21438731253147125,0.09729606658220291,-0.1658860594034195,0.0027456535026431084,0.37936344742774963,0.045944683253765106,-0.267230749130249,-0.15491198003292084,0.2472221702337265,0.004928220994770527,0.30190908908843994,0.17655590176582336,0.17739863693714142,-0.06582653522491455,0.19608253240585327,-0.029268180951476097,0.10796473920345306,0.20786669850349426,0.34845787286758423,0.3586166799068451,-0.05324016883969307,0.30228736996650696,-0.163872629404068,-0.0015103928744792938,0.33607155084609985,-0.31719765067100525,-0.3138134181499481,-0.17031624913215637,0.30737772583961487,-0.06346379220485687,-0.11429928243160248,0.2370748370885849,0.10463022440671921,0.2297060787677765,0.20543092489242554,-0.2885721027851105,0.18185700476169586,-0.2284814566373825,0.013658801093697548,-0.05533646047115326,-0.08463720977306366,-0.08888982981443405,-0.1685113161802292,0.4434341490268707,-0.024251151829957962,-0.0788661316037178,-0.40160810947418213,0.34569844603538513,-0.11056754738092422,0.10930922627449036,0.35089313983917236,0.0586763359606266,0.08850504457950592,0.10922195762395859,-0.2961539030075073,0.24978911876678467,-0.3844259977340698,-0.09472423791885376,0.05971800908446312,-0.18019020557403564,-0.19554860889911652,-0.001426498405635357,-0.2633810341358185,-0.20341187715530396,-0.43697991967201233,-0.3034782111644745,-0.1564318835735321,0.31330734491348267,-0.17340311408042908,0.15001623332500458,0.2557862401008606,-0.21022750437259674,0.302713543176651,-0.06317663937807083,0.16048990190029144,0.34043172001838684,0.10254786908626556,-0.3341110646724701,-0.19519130885601044,-0.0030790537130087614,0.36559584736824036,0.12777434289455414,-0.32772940397262573,-0.1003154069185257,-0.15711060166358948,-0.008048745803534985,0.25455212593078613,-0.12547890841960907,0.04141023010015488,-0.07676028460264206,-0.06296182423830032,-0.17575600743293762,0.2551842927932739,-0.01610182784497738,-0.16488677263259888,-0.3891460597515106,0.004172110930085182,0.024601133540272713,0.11043273657560349,0.15751753747463226,-0.18801160156726837,0.23038333654403687,-0.22644983232021332,0.28169533610343933,0.22786439955234528,0.1389738917350769,0.010342164896428585,-0.40039560198783875,0.21188421547412872,-0.34805911779403687,-0.11773829907178879,0.18100719153881073,0.29751846194267273,0.2860523760318756,0.22769597172737122,-0.15132367610931396,0.13950638473033905,-0.07057888060808182,0.3206491470336914,0.03719083219766617,-0.33589619398117065,-0.20933179557323456,-0.016860872507095337,0.27339690923690796,-0.12262997031211853,-0.025785522535443306,-0.13512854278087616,-0.08073898404836655,0.10726025700569153,0.13605672121047974,-0.13646593689918518,0.1124761626124382,0.3010953366756439,-0.15394143760204315,-0.0753549113869667,-0.005495565477758646,-0.20839498937129974,0.19592517614364624,0.05271957442164421,0.15205585956573486,-0.1893264651298523,0.1597219556570053,-0.04760436341166496,-0.035615064203739166,-0.1858695149421692,0.20948459208011627,0.15245987474918365,0.2228960543870926,0.1324559450149536,-0.15167759358882904,-0.21339750289916992,-0.3500320315361023,-0.1340610384941101,0.026521068066358566,-0.15961308777332306,-0.010515876114368439,0.18856710195541382,0.4158937335014343,0.19661055505275726],""cell.bias_ih"":[-0.05427674204111099,0.1666075736284256,-0.1563684493303299,-0.26608288288116455,-0.3100079596042633,-0.08936193585395813,-0.4018218219280243,0.18875932693481445,0.05804597586393356,-0.2869418263435364,0.26770472526550293,0.05800190940499306,0.11155809462070465,0.008484439924359322,-0.17097815871238708,-0.1957923173904419,0.24213245511054993,0.07949952781200409,0.29601824283599854,0.04843218997120857,0.05400875210762024,-0.10130169987678528,0.04368537664413452,0.027754753828048706],""cell.bias_hh"":[0.09345118701457977,0.2639932930469513,0.2611631751060486,-0.2688557505607605,0.16650348901748657,0.09548375755548477,-0.3012928366661072,-0.1838000863790512,-0.2958519160747528,-0.04793589189648628,0.39538344740867615,-0.040229398757219315,0.10188884288072586,0.3040790557861328,0.025933824479579926,0.1393381655216217,-0.23785458505153656,0.36827436089515686,0.15629753470420837,-0.04026656970381737,-0.2388053834438324,-0.1520438939332962,-0.23606030642986298,-0.29917362332344055],""readout.weight"":[0.11193573474884033,-0.289316862821579,0.26093682646751404,0.0358956977725029,-0.09889241307973862,0.33500924706459045,-0.09359770268201828,0.07311244308948517],""readout.bias"":[-0.022384624928236008]}"
920030,LTC_SENSORY_SITE,114,120,8,122880,5.858681708000063,0.3315064311027527,0.37659426033496857,"{""w_rec"":[0.07587452232837677,0.046339645981788635,0.013221698813140392,0.09678907692432404,-0.02959885075688362,0.004779599141329527,0.020849790424108505,0.01731068827211857,-0.06053050979971886,0.19247202575206757,-0.06404456496238708,0.040186330676078796,-0.0365697517991066,-0.03185650706291199,0.0467241145670414,-0.02015565149486065,-0.0690232515335083,0.008271058090031147,0.015694232657551765,0.01695086993277073,-0.0614643357694149,-0.0865352526307106,0.08528819680213928,-0.05834440141916275,-0.031127292662858963,0.029579879716038704,-0.033438488841056824,0.14026349782943726,-0.02749958261847496,-0.040153857320547104,0.005942620802670717,-0.0668443888425827,0.014468577690422535,-0.02785879373550415,-0.09886116534471512,-0.05678887292742729,0.0378558486700058,-0.0018463144078850746,0.03406507894396782,-0.015547249466180801,-0.009869840927422047,-0.014627705328166485,-0.0965622067451477,0.01810465008020401,-0.07755381613969803,0.05864650011062622,0.04637482762336731,-0.05058922991156578,8.52780940476805e-05,-0.04147009178996086,-0.04927502200007439,-0.05032351240515709,-0.013192164711654186,-0.03856641799211502,0.12358789145946503,-0.012538007460534573,0.037622857838869095,-0.03283238783478737,-0.05062946677207947,-0.08059047907590866,-0.018344365060329437,-0.015090005472302437,0.002605800749734044,0.15924480557441711],""w_temp"":[-0.07772304862737656,-0.20040994882583618,0.18170103430747986,0.12815231084823608,0.3665662407875061,0.1420219987630844,0.13758812844753265,0.01366861816495657],""w_vis"":[-0.042981937527656555,-0.00534842349588871,-0.15266317129135132,-0.011949843727052212,-0.04330936819314957,-0.027335606515407562,0.14055128395557404,0.04220043867826462],""bias"":[-0.819649338722229,-0.8358988761901855,-0.8508685231208801,-0.8356119394302368,-0.8175684213638306,-0.8469823002815247,-0.807448148727417,-0.8207759857177734],""raw_tau"":[0.1839355081319809,0.1675318032503128,0.15235772728919983,0.16757504642009735,0.18715901672840118,0.15638799965381622,0.1962694376707077,0.18221862614154816],""reversal"":[0.0633440688252449,-0.01589028723537922,0.012876917608082294,-0.02165156416594982,0.05878818407654762,0.03190559521317482,-0.19507242739200592,0.04951272904872894],""readout"":[-0.13256096839904785,0.04143316671252251,0.09436804056167603,0.13605374097824097,0.13260573148727417,0.01157314982265234,-0.15639343857765198,0.09204252064228058],""readout_bias"":[0.0020886652637273073],""beta"":[0.3239081799983978],""sensory_mask"":[1.0,1.0,1.0,1.0,0.0,0.0,0.0,0.0]}"
920030,LTC_OUTPUT_SITE,114,120,8,122880,4.92050129200004,0.33113008737564087,0.3769842952489853,"{""w_rec"":[0.09691998362541199,-0.05239720270037651,-0.0866168960928917,0.048438988626003265,0.04488677158951759,-0.030759913846850395,-0.038444049656391144,-0.052891723811626434,-0.004425311926752329,0.09410715103149414,-0.007443347945809364,-0.0016632074257358909,-0.06211791932582855,-0.0337606742978096,-0.009255794808268547,-0.047932643443346024,-0.0016250032931566238,-0.02672724984586239,0.1106565073132515,0.009462783113121986,0.0008654595585539937,-0.04215381294488907,0.006494253873825073,-0.005133818835020065,0.017055422067642212,0.0053506637923419476,-0.04013533517718315,0.1401204615831375,0.0483381487429142,-0.007467490620911121,-0.022580869495868683,-0.0011133285006508231,-0.019740676507353783,-0.05807878449559212,-0.018413180485367775,-0.04056883603334427,0.08842246979475021,0.00864344835281372,0.02466205507516861,-0.03526611998677254,0.017923111096024513,-0.032365236431360245,-0.028544194996356964,0.01204278040677309,0.01708707958459854,0.15004238486289978,-0.006017040461301804,-0.007047412451356649,-0.032319292426109314,0.07095911353826523,-0.031767379492521286,0.01894022710621357,0.02785627357661724,-0.0036032262723892927,0.12273969501256943,-0.0006657253252342343,-0.003138977102935314,-0.006575653795152903,-0.002767763799056411,0.028509141877293587,-0.04184877127408981,-0.029464861378073692,0.020696233958005905,0.07985803484916687],""w_temp"":[0.1860973984003067,0.10427156835794449,-0.11425349861383438,-0.4243026673793793,-0.25556451082229614,-0.020633529871702194,-0.03703567385673523,0.07225165516138077],""w_vis"":[-0.2434677928686142,0.10901282727718353,0.02182190865278244,-0.018754364922642708,-0.07980576157569885,0.030438918620347977,-0.04333218187093735,-0.017694074660539627],""bias"":[-0.8510891795158386,-0.8162555694580078,-0.8080834150314331,-0.8078165650367737,-0.8128230571746826,-0.8106741905212402,-0.8056193590164185,-0.8097265958786011],""raw_tau"":[0.15231096744537354,0.1872071772813797,0.19549119472503662,0.19599518179893494,0.19098027050495148,0.19224593043327332,0.19783765077590942,0.19342227280139923],""reversal"":[0.009787263348698616,0.09393635392189026,0.10719425231218338,-0.20241205394268036,-0.10647273063659668,0.2722167670726776,0.20360976457595825,0.1900455206632614],""readout"":[-0.0001815961004467681,0.12483973056077957,-0.32036423683166504,0.0981411337852478,0.09126857668161392,0.1869034320116043,-0.2417464703321457,0.3346688151359558],""readout_bias"":[-0.002546161413192749],""beta"":[0.14043952524662018],""sensory_mask"":[0.0,0.0,0.0,0.0,0.0,0.0,0.0,0.0]}"
920030,LTC_NO_FEEDBACK,114,120,8,122880,4.845264750000069,0.3296695351600647,0.376688089966774,"{""w_rec"":[0.16207532584667206,0.09914213418960571,0.017979953438043594,-0.06269127130508423,0.005530222784727812,0.0602092407643795,-0.011687178164720535,-0.09241776913404465,0.08733939379453659,0.11169389635324478,0.14015711843967438,-0.10943733155727386,-0.13136041164398193,0.08748872578144073,0.17075622081756592,0.06478516757488251,-0.025739287957549095,-0.08672159910202026,0.155825674533844,-0.009386509656906128,-0.004563353024423122,-0.018599048256874084,0.02038613334298134,0.1290556937456131,0.06957436352968216,0.07636021822690964,0.049088943749666214,0.07620277255773544,-0.023283425718545914,0.03777723014354706,0.04920928180217743,-0.08786484599113464,0.026725076138973236,-0.10428237169981003,0.04912355914711952,-0.0012490449007600546,0.1002858355641365,0.021635906770825386,0.06705749779939651,0.13591039180755615,0.07372763752937317,0.11665263772010803,0.031119685620069504,-0.02090967632830143,-0.018819615244865417,0.15233756601810455,0.009094370529055595,-0.09786856174468994,0.017245883122086525,-0.12313346564769745,0.011497221887111664,0.03471115976572037,-0.062403131276369095,0.017145255580544472,0.11919645220041275,0.12798477709293365,0.0887177512049675,-0.052436430007219315,0.051154594868421555,-0.0912516638636589,-0.10450711101293564,0.07709942758083344,0.07776502519845963,0.1735880821943283],""w_temp"":[-0.0005367402918636799,0.07231974601745605,-0.17794638872146606,-0.09169797599315643,-0.016865234822034836,0.05478130280971527,0.34674715995788574,-0.017414100468158722],""w_vis"":[0.10950993746519089,-0.06487268209457397,-0.0834796354174614,-0.11405360698699951,-0.13508382439613342,-0.26042020320892334,-0.09241753071546555,0.21525833010673523],""bias"":[-0.8255165815353394,-0.8928943276405334,-0.8114598989486694,-0.8314855694770813,-0.8133882284164429,-0.826156735420227,-0.8121148943901062,-0.8940740823745728],""raw_tau"":[0.17766520380973816,0.11014952510595322,0.19113484025001526,0.17205187678337097,0.1893388032913208,0.17734141647815704,0.19230340421199799,0.10895325988531113],""reversal"":[-0.054232098162174225,0.006890680640935898,-0.1882242113351822,0.03125206381082535,0.11166978627443314,-0.1991461217403412,-0.08989936858415604,-0.0085153728723526],""readout"":[0.11160559952259064,0.2450673133134842,-0.06325612217187881,-0.06352228671312332,0.06140782684087753,0.04600130766630173,-0.07799691706895828,-0.1863827109336853],""readout_bias"":[0.006650639232248068],""beta"":[0.25],""sensory_mask"":[0.0,0.0,0.0,0.0,0.0,0.0,0.0,0.0]}"
920030,LTC_DENSE_FEEDBACK,114,120,8,122880,5.930828374999919,0.32717788219451904,0.37662839740514753,"{""w_rec"":[0.04503975063562393,-0.0600350983440876,0.04363379627466202,0.043051593005657196,-0.0028151783626526594,0.08355764299631119,0.0385780856013298,-0.0706292912364006,-0.010503309778869152,0.0968405082821846,0.03901107236742973,0.013291732408106327,0.03422822058200836,0.02961660362780094,0.0237239059060812,-0.019962308928370476,-0.030026139691472054,-0.032514214515686035,0.16177229583263397,0.024920407682657242,-0.02589998207986355,0.02000417746603489,0.05241357162594795,-0.06634870171546936,-0.04734228923916817,0.02630835399031639,0.029241658747196198,0.1822386384010315,0.006574852392077446,0.01066067349165678,0.022619998082518578,-0.005068024154752493,0.0018364981515333056,-0.08833859115839005,-8.652039105072618e-05,-0.03224412724375725,0.1256106197834015,0.04306419566273689,0.022905221208930016,-0.03060653805732727,-0.016891084611415863,-0.022991960868239403,0.020476099103689194,-0.03891080245375633,0.028904544189572334,0.16768181324005127,-0.032039158046245575,0.01581229269504547,-0.05029112845659256,0.010767234489321709,0.0455312542617321,-0.0020094579085707664,0.014383475296199322,0.033669836819171906,0.1303718090057373,-0.05147949233651161,-0.00171608233358711,-0.00024938196293078363,0.0210263654589653,0.03917232155799866,0.016684317961335182,0.04926628991961479,0.014179984107613564,0.07246135920286179],""w_temp"":[-0.09046421200037003,0.09317377954721451,-0.13838092982769012,-0.215654194355011,0.20679211616516113,0.02064437046647072,-0.11870329827070236,0.007522588595747948],""w_vis"":[0.04458462819457054,0.059394873678684235,-0.04574285447597504,0.1890728771686554,-0.03145873546600342,0.173823744058609,-0.030767029151320457,-0.10233495384454727],""bias"":[-0.8669617176055908,-0.8329644799232483,-0.826941728591919,-0.8216602802276611,-0.820218026638031,-0.7954092621803284,-0.8261154890060425,-0.8335340023040771],""raw_tau"":[0.1358816921710968,0.17034034430980682,0.1766970306634903,0.18194298446178436,0.18340018391609192,0.20778951048851013,0.17749162018299103,0.16988834738731384],""reversal"":[0.0740964487195015,0.02025623992085457,-0.09087064117193222,-0.25562554597854614,-0.0529305599629879,-0.12452822178602219,-0.16192471981048584,0.0385698564350605],""readout"":[0.002838426036760211,0.019270941615104675,0.09523515403270721,0.13121548295021057,-0.03125385567545891,-0.2987343370914459,0.07911087572574615,-0.15523026883602142],""readout_bias"":[0.013550102710723877],""beta"":[0.2436278611421585],""sensory_mask"":[1.0,1.0,1.0,1.0,1.0,1.0,1.0,1.0]}"
920030,LTC_SENSORY_YOKED,114,120,8,122880,6.007012667000026,0.32960087060928345,0.37657950818538666,"{""w_rec"":[0.22029609978199005,0.004725160542875528,-0.01781046949326992,-0.02729513682425022,0.024648062884807587,0.07910975068807602,-0.014249305240809917,0.01605696603655815,0.0071127149276435375,0.08239053189754486,0.02426396682858467,-0.009706838987767696,0.029933543875813484,0.05995825678110123,-0.017110345885157585,-0.029502494260668755,0.08637900650501251,-0.10131728649139404,0.11005223542451859,-0.09548693150281906,0.12376217544078827,0.1169663816690445,-0.06402145326137543,0.07586247473955154,-0.01332852616906166,-0.011249246075749397,0.03021971695125103,0.06805996596813202,0.0378149189054966,0.013570127077400684,-0.001384522533044219,0.025844980031251907,0.02716745249927044,-0.06670153886079788,-0.042094334959983826,0.01951010152697563,0.17804810404777527,0.02442929334938526,-0.011471619829535484,0.018948810175061226,0.014502003788948059,-0.06646725535392761,-0.011691312305629253,0.01326138898730278,0.01639155112206936,0.14294004440307617,-0.00739492941647768,-0.023129967972636223,-0.0379355363547802,0.009652716107666492,-0.005143357440829277,-0.04321187362074852,0.029900413006544113,0.00033266391255892813,0.09264084696769714,0.0211702361702919,0.042959071695804596,-0.10552240163087845,0.02443416230380535,-0.02255396544933319,0.0627782791852951,0.05413013696670532,-0.0029355166479945183,0.19665051996707916],""w_temp"":[0.1430385261774063,0.0948454812169075,-0.1275702714920044,-0.4963138997554779,0.2922157645225525,-0.02924386039376259,-0.1703755259513855,0.11270755529403687],""w_vis"":[0.00039640156319364905,0.12690331041812897,-0.10060868412256241,-0.0021413166541606188,-0.1147671639919281,-0.07422951608896255,0.038019731640815735,-0.0940231904387474],""bias"":[-0.8301297426223755,-0.8050771951675415,-0.9021585583686829,-0.8152918219566345,-0.8129727840423584,-0.8078712821006775,-0.81707763671875,-0.8378945589065552],""raw_tau"":[0.17324846982955933,0.198335200548172,0.10137169808149338,0.18843908607959747,0.19099798798561096,0.1949135959148407,0.18656906485557556,0.1654287576675415],""reversal"":[-0.02503802999854088,0.07584965229034424,0.00851746741682291,0.13736294209957123,-0.09262584149837494,-0.08936195075511932,0.17633196711540222,-0.02578410692512989],""readout"":[-0.036581605672836304,0.3964020311832428,-0.008647211827337742,-0.14422771334648132,-0.0623844750225544,-0.13762590289115906,-0.14140352606773376,0.010892278514802456],""readout_bias"":[0.0075347586534917355],""beta"":[0.2519356310367584],""sensory_mask"":[1.0,1.0,1.0,1.0,0.0,0.0,0.0,0.0]}"
920030,GRU_4,113,120,8,122880,1.7238239580000254,0.5236738920211792,0.37860975563526156,"{""cell.weight_ih"":[-0.4152756333351135,0.10053005069494247,0.5200539231300354,0.5193124413490295,0.05003642663359642,-0.3670266270637512,0.1699066311120987,-0.18840104341506958,-0.5244303941726685,-0.26857566833496094,-0.408390074968338,-0.19717290997505188,-0.4733874797821045,-0.25178927183151245,-0.1070757657289505,0.3515070974826813,0.6004120707511902,-0.2635571360588074,0.10137474536895752,-0.6055657267570496,0.4599051773548126,0.10954373329877853,0.01736418716609478,-0.04519964009523392,0.09551865607500076,-0.26108503341674805,-0.3169459402561188,-0.11812866479158401,0.17695043981075287,-0.5925783514976501,-0.32638493180274963,0.4579257071018219,0.22880709171295166,-0.28062525391578674,-0.172856405377388,-0.4901224672794342],""cell.weight_hh"":[0.5115369558334351,-0.2067343145608902,0.3579038679599762,0.04620777443051338,0.08789747953414917,0.0988064706325531,-0.2447642982006073,0.581395149230957,0.3355982303619385,-0.435648113489151,0.12761035561561584,0.5132883191108704,0.4626365602016449,-0.02961110882461071,0.19842183589935303,-0.4102504253387451,-0.14237144589424133,0.04716739058494568,-0.5543199777603149,0.3981919288635254,-0.07836002856492996,0.2564566731452942,0.45718497037887573,0.12192342430353165,0.18650120496749878,-0.049867428839206696,0.10059243440628052,-0.4363720417022705,-0.20085005462169647,-0.0679640844464302,-0.1602819412946701,-0.3176581859588623,0.3587978184223175,-0.05113225430250168,-0.1682165265083313,0.31189948320388794,-0.23262982070446014,0.26654672622680664,0.043675199151039124,0.018998054787516594,0.35043978691101074,0.586320161819458,0.06805935502052307,-0.03592048957943916,-0.08932483941316605,-0.13608364760875702,-0.2835763990879059,-0.16594865918159485],""cell.bias_ih"":[0.5482979416847229,-0.07375568896532059,-0.45998626947402954,-0.3090561330318451,0.24901391565799713,0.3059684634208679,-0.24822916090488434,0.25402212142944336,0.04428273066878319,-0.06142650917172432,0.251063734292984,-0.13900230824947357],""cell.bias_hh"":[0.009192324243485928,-0.21585698425769806,0.34629517793655396,-0.3672463297843933,-0.18723203241825104,0.1196989193558693,0.13227739930152893,-0.1681070476770401,0.37345045804977417,0.24614709615707397,-0.25941696763038635,0.015506869181990623],""readout.weight"":[-0.19069534540176392,0.25206851959228516,-0.3311263918876648,0.2433292716741562],""readout.bias"":[0.16513924300670624]}"
920030,GRU_8,321,120,8,122880,1.7323355000000902,0.34881430864334106,0.37606008946895597,"{""cell.weight_ih"":[-0.04167543351650238,-0.3253454566001892,-0.03043220192193985,0.2923189103603363,-0.1331571638584137,0.3046068847179413,-0.15265274047851562,0.2456522285938263,0.20413684844970703,0.09156674891710281,0.28268957138061523,0.1788664162158966,0.11427530646324158,0.2779199182987213,0.10815433412790298,0.11532949656248093,0.3792262375354767,0.1393849104642868,-0.27643826603889465,-0.2588120400905609,-0.1933777779340744,0.0812869668006897,-0.32128018140792847,0.1433493047952652,0.15239009261131287,0.4947333037853241,-0.3046659827232361,-0.006037683691829443,0.36778387427330017,0.19884717464447021,-0.27984508872032166,0.25059977173805237,-0.10146128386259079,0.4529668390750885,0.3822142779827118,0.0874873548746109,0.2805892825126648,0.012017357163131237,-0.2721501290798187,-0.33356285095214844,0.019306404516100883,0.0904817059636116,0.33810821175575256,0.3780621886253357,0.021337280049920082,-0.14515654742717743,-0.08378578722476959,-0.29032349586486816,0.01705937460064888,0.03735322132706642,0.03582853451371193,0.0980241522192955,-0.1304011344909668,-0.2594573199748993,-0.2604931592941284,0.14140763878822327,-0.1761442869901657,0.2395702600479126,-0.06771861761808395,0.05807967856526375,0.1430535614490509,-0.30179622769355774,0.20782805979251862,0.3035503327846527,0.39140376448631287,-0.33452460169792175,0.24875813722610474,0.23268167674541473,0.38003256916999817,-0.3584861755371094,-0.20129264891147614,0.11991109699010849],""cell.weight_hh"":[0.24513640999794006,0.10204585641622543,0.11821654438972473,-0.36963292956352234,-0.1655002236366272,-0.29583075642585754,0.1530056893825531,-0.16078507900238037,0.33130887150764465,-0.04176387935876846,0.13717317581176758,0.15857961773872375,-0.42042219638824463,0.023671580478549004,-0.1443644016981125,0.2311234325170517,-0.21719065308570862,0.25030776858329773,-0.12951242923736572,-0.29587364196777344,-0.4122530221939087,0.06139511242508888,-0.03453906998038292,-0.32329466938972473,0.24153897166252136,0.45534321665763855,0.32211166620254517,0.09986675530672073,0.060819752514362335,-0.22110435366630554,-0.22110795974731445,-0.15399494767189026,-0.11213742941617966,-0.374239057302475,-0.2399105429649353,0.14122487604618073,-0.20013843476772308,0.027679769322276115,0.1485176384449005,-0.04520546272397041,0.12701480090618134,0.31199339032173157,0.18923600018024445,-0.07504795491695404,0.08002499490976334,0.18532796204090118,-0.026372941210865974,0.20728440582752228,0.19448843598365784,0.0509345568716526,-0.25386109948158264,-0.008154304698109627,-0.44772881269454956,0.20139366388320923,0.1115388423204422,0.22501696646213531,-0.19473035633563995,-0.34332072734832764,0.09305339306592941,-0.1452069729566574,-0.33238136768341064,0.13365785777568817,-0.11618058383464813,-0.2700318694114685,-0.18018777668476105,-0.1569189578294754,0.11796107143163681,-0.22932852804660797,0.4697806239128113,0.4309835433959961,-0.12323955446481705,-0.06627830117940903,0.07800152152776718,-0.3126319348812103,0.18447139859199524,0.2535933256149292,0.33582982420921326,0.09393342584371567,0.31988227367401123,0.1703491061925888,-0.2552090287208557,-0.046359091997146606,0.22882962226867676,-0.14350172877311707,0.20280839502811432,0.2259158194065094,0.34072962403297424,-0.24171395599842072,-0.36394694447517395,0.1755295693874359,0.23217058181762695,-0.3575025498867035,-0.11690326035022736,0.08537580817937851,0.13778382539749146,0.1243070736527443,0.22135140001773834,-0.062235139310359955,0.2484283298254013,-0.051020681858062744,-0.06338552385568619,0.324945867061615,-0.3218032419681549,0.3452591598033905,0.26521655917167664,-0.04465922713279724,0.30254584550857544,0.4240071773529053,0.11894349753856659,0.07869327813386917,0.2010200023651123,-0.44606563448905945,-0.1468343287706375,-0.04062462970614433,0.06369788199663162,0.2538670003414154,-0.11529450863599777,0.44507285952568054,-0.28713321685791016,0.142184779047966,0.25741222500801086,-0.29613372683525085,-0.31682834029197693,0.1530044674873352,0.14623773097991943,-0.01952182501554489,0.26038840413093567,-0.2888988256454468,-0.06413183361291885,-0.21589376032352448,0.011456104926764965,0.18773353099822998,-0.1666942685842514,0.03671129420399666,0.16785559058189392,0.010698218829929829,0.029134780168533325,-0.32271793484687805,0.14360342919826508,-0.2097276896238327,0.012320776470005512,0.17736567556858063,-0.3557884097099304,-0.31767067313194275,-0.21030035614967346,0.15708419680595398,-0.013285276480019093,-0.42717838287353516,0.16565586626529694,0.11753778159618378,-0.03491603210568428,0.15140077471733093,-0.32287833094596863,0.029774248600006104,0.02074572443962097,0.1525401771068573,-0.020953506231307983,-0.17951911687850952,-0.02412775158882141,0.12320024520158768,-0.240914985537529,-0.0317007414996624,0.14399601519107819,0.12536083161830902,-0.16107197105884552,0.18804152309894562,-0.37130075693130493,0.05758340284228325,-0.2521600127220154,0.3752954304218292,0.22854797542095184,0.3615208566188812,-0.1995324045419693,0.1580469310283661,0.31976190209388733,0.00304226647131145,0.2719729244709015,-0.42131805419921875,-0.0654013380408287,-0.31459805369377136,-0.035513315349817276,0.12816046178340912,0.18755662441253662,-0.14701372385025024,-0.21512141823768616,0.22574329376220703,0.19573329389095306,-0.18250951170921326,0.11339786648750305,-0.3736092150211334,-0.32032325863838196,-0.052040111273527145],""cell.bias_ih"":[0.06967458873987198,-0.2783562242984772,-0.3205741345882416,0.37150970101356506,0.1262633353471756,0.0010941673535853624,-0.021588608622550964,-0.014005194418132305,-0.176183819770813,0.022173142060637474,-0.028851712122559547,-0.05744314566254616,-0.28685882687568665,-0.24508754909038544,-0.22455552220344543,0.3723009526729584,-0.31497547030448914,0.061726611107587814,0.13423733413219452,0.09770230203866959,-0.07217023521661758,0.22762086987495422,-0.254822313785553,0.18616290390491486],""cell.bias_hh"":[-0.25075563788414,0.21720334887504578,-0.3194967806339264,0.34051015973091125,0.015930645167827606,-0.2589203417301178,0.1304491013288498,0.13301976025104523,0.38259357213974,0.45716503262519836,0.15560778975486755,0.41151273250579834,-0.1810983121395111,-0.16211095452308655,0.026707027107477188,0.336649090051651,0.24567845463752747,-0.0681661069393158,0.19729703664779663,-0.247652068734169,0.25024086236953735,0.33993110060691833,0.258012056350708,0.179205060005188],""readout.weight"":[-0.34683969616889954,-0.17446720600128174,-0.1981644481420517,-0.2626102864742279,-0.0247298926115036,0.36035606265068054,-0.05841579660773277,-0.0707068145275116],""readout.bias"":[-0.23475420475006104]}"
920031,LTC_SENSORY_SITE,114,120,8,122880,5.846822374999988,0.3665391802787781,0.27716103196144104,"{""w_rec"":[0.05165576934814453,-0.0657171979546547,0.05621476098895073,0.04925432428717613,0.10366637259721756,-0.061711087822914124,0.016156399622559547,0.03129227086901665,0.05593927577137947,0.10445581376552582,-0.03468775749206543,-0.052150726318359375,-0.2051096260547638,0.017315588891506195,-0.02433687075972557,0.019082345068454742,-0.04604291915893555,-0.050177548080682755,0.20971225202083588,0.08030244708061218,0.09029283374547958,-0.038055211305618286,0.08692534267902374,0.02891044318675995,-0.05265399441123009,-0.05870780348777771,0.06853275746107101,0.17126470804214478,0.04855268448591232,-0.08172881603240967,0.04821188747882843,0.07576607167720795,-0.07069387286901474,-0.07506823539733887,0.0757797583937645,0.03836318477988243,0.18957631289958954,-0.14846815168857574,0.129639133810997,0.1161966472864151,-0.0689978152513504,-0.04511072486639023,0.08869504928588867,0.06189374625682831,0.1269950419664383,0.08207529783248901,0.0475645512342453,0.04108680784702301,-0.09255729615688324,-0.07032117992639542,0.06801807880401611,0.09388428926467896,0.10917335003614426,-0.0762142539024353,0.20125170052051544,0.09273072332143784,-0.021915502846240997,-0.050316162407398224,0.002586387563496828,-0.010907694697380066,-0.17725427448749542,0.004996526055037975,-0.029772792011499405,0.14905771613121033],""w_temp"":[-0.01859155111014843,-0.02856721356511116,-0.12812712788581848,0.03680445998907089,-0.13334819674491882,0.22709012031555176,-0.23660556972026825,0.23519949615001678],""w_vis"":[0.07258562743663788,-0.008586311712861061,0.03702399507164955,-0.0280343946069479,-0.20544534921646118,-0.10286013782024384,-0.1567656695842743,0.09807917475700378],""bias"":[-0.8627894520759583,-0.794516921043396,-0.8562970161437988,-0.8624264597892761,-0.9128670692443848,-0.840458333492279,-0.8700512051582336,-0.8119155168533325],""raw_tau"":[0.1406586617231369,0.20846112072467804,0.14732615649700165,0.1410330981016159,0.09052961319684982,0.1628723293542862,0.13358423113822937,0.19155751168727875],""reversal"":[0.04731523618102074,0.17577794194221497,-0.0594489760696888,-0.0983664020895958,-0.010286998935043812,0.24843250215053558,-0.0364135205745697,-0.08107534795999527],""readout"":[-0.1537172943353653,0.09753153473138809,0.2695147693157196,0.05143525078892708,0.10917196422815323,-0.1980479508638382,0.029440106824040413,-0.020314086228609085],""readout_bias"":[0.024836380034685135],""beta"":[0.22218260169029236],""sensory_mask"":[1.0,1.0,1.0,1.0,0.0,0.0,0.0,0.0]}"
920031,LTC_OUTPUT_SITE,114,120,8,122880,4.954213333999974,0.3574788272380829,0.2772159978747368,"{""w_rec"":[0.047174762934446335,0.0551568828523159,-0.05647408962249756,-0.04454272985458374,-0.03904018551111221,0.07157395035028458,0.04578285664319992,-0.1185060515999794,-0.04117676243185997,0.1553410291671753,-0.045982472598552704,-0.070076584815979,-0.08505930006504059,0.002538260305300355,0.04301740229129791,-0.027472104877233505,-0.04643227532505989,0.043971698731184006,0.04548659175634384,-0.023815810680389404,-0.005246422253549099,0.13512299954891205,0.08147105574607849,-0.06970503181219101,-0.019325805827975273,-0.01694384589791298,-0.0037568830884993076,0.12426827847957611,-0.04093046113848686,-0.08502627164125443,0.0003937471774406731,0.059838443994522095,-0.040243443101644516,-0.013223483227193356,0.0025426854845136404,-0.0042379312217235565,0.08563584834337234,-0.1436937302350998,-0.022385310381650925,0.08219433575868607,-0.028775032609701157,0.054653313010931015,-0.054401054978370667,-0.07809362560510635,-0.09434816241264343,0.15617786347866058,0.04055321589112282,-0.10607404261827469,-0.061156272888183594,0.022142630070447922,-0.05790115147829056,-0.0500093474984169,-0.03377096354961395,0.10917221009731293,0.17194204032421112,-0.08066628128290176,-0.08815588802099228,0.03609870374202728,-0.09468552470207214,-0.028932662680745125,-0.09656986594200134,0.06582266837358475,0.1303023397922516,0.042429108172655106],""w_temp"":[-0.38055792450904846,0.0742100179195404,-0.17077673971652985,0.22069042921066284,0.121302030980587,-0.09804633259773254,-0.058403026312589645,-0.04032103717327118],""w_vis"":[-0.0378129780292511,-0.0247555673122406,-0.07168623805046082,-0.16837383806705475,-0.15718230605125427,-0.11153651028871536,-0.2057756781578064,-0.07142531871795654],""bias"":[-0.8447743654251099,-0.8687995672225952,-0.8401529788970947,-0.8065022230148315,-0.8148845434188843,-0.8971917033195496,-0.851328432559967,-0.883819043636322],""raw_tau"":[0.15925708413124084,0.1345442235469818,0.16355839371681213,0.19673427939414978,0.18827956914901733,0.10621495544910431,0.15226608514785767,0.11964709311723709],""reversal"":[0.09036669135093689,0.0029660374857485294,0.12695668637752533,0.09359469264745712,0.0482294037938118,-0.00764844287186861,-0.04853733628988266,0.022809645161032677],""readout"":[-0.08045987784862518,0.002039704006165266,-0.08815299719572067,0.18718883395195007,0.0760737881064415,0.023540619760751724,0.1619272530078888,-0.18441376090049744],""readout_bias"":[0.011365252546966076],""beta"":[0.16366176307201385],""sensory_mask"":[0.0,0.0,0.0,0.0,0.0,0.0,0.0,0.0]}"
920031,LTC_NO_FEEDBACK,114,120,8,122880,4.866993792000017,0.3554742932319641,0.27691446542739867,"{""w_rec"":[0.0745987668633461,-0.09807897359132767,0.120967797935009,-0.07491805404424667,0.07961194217205048,-0.04631676897406578,0.08933075517416,-0.006552813574671745,-0.07080905139446259,0.050009891390800476,0.01718052849173546,-0.004479761701077223,0.04146690294146538,0.09754626452922821,0.05256814509630203,-0.010768473148345947,0.10364078730344772,-0.005753330420702696,0.14289629459381104,0.00731214415282011,-0.0039015209767967463,-0.03711555898189545,-0.047262877225875854,0.04351337254047394,0.06710919737815857,-0.03364654630422592,0.04920614883303642,0.08881375193595886,0.032573845237493515,-0.05420024320483208,-0.007553762290626764,0.06661580502986908,0.1374678611755371,0.011408202350139618,-0.03222450613975525,-0.013502543792128563,0.15400835871696472,-0.04903164133429527,0.024803349748253822,0.09330413490533829,0.05035464093089104,-0.05956532433629036,0.03798496350646019,-0.04668118432164192,0.03531024232506752,0.11881697177886963,0.04787394776940346,0.031740952283144,-0.10340315848588943,-0.054898492991924286,0.06791467219591141,-0.055043600499629974,0.04982670396566391,0.05630633607506752,0.12107580155134201,-0.048492830246686935,-0.06302807480096817,-0.049124713987112045,0.08693382889032364,-0.10638007521629333,0.08749569207429886,0.06814008951187134,0.061543531715869904,0.12232173979282379],""w_temp"":[0.04494684934616089,0.04179522022604942,0.28228285908699036,0.13195167481899261,0.14584381878376007,0.020876888185739517,0.09141193330287933,-0.1108817383646965],""w_vis"":[-0.1763158142566681,-0.13194985687732697,-0.10778540372848511,0.04401682689785957,-0.021597426384687424,-0.014539380557835102,-0.22692957520484924,-0.23767416179180145],""bias"":[-0.8957294225692749,-0.8451225757598877,-0.821058988571167,-0.8183510899543762,-0.8132812976837158,-0.8591702580451965,-0.8467745184898376,-0.8816077709197998],""raw_tau"":[0.10767614096403122,0.15836235880851746,0.1822563260793686,0.184954434633255,0.18998569250106812,0.14404819905757904,0.15672557055950165,0.12190674245357513],""reversal"":[0.011038416996598244,0.13434021174907684,-0.1498102992773056,0.019331350922584534,-0.0426844023168087,-0.004043097607791424,-0.06939774751663208,-0.009716794826090336],""readout"":[-0.04296183958649635,-0.07820525765419006,-0.017588557675480843,0.009869641624391079,-0.044782478362321854,0.0068312957882881165,0.14672371745109558,0.006579960696399212],""readout_bias"":[0.015194708481431007],""beta"":[0.25],""sensory_mask"":[0.0,0.0,0.0,0.0,0.0,0.0,0.0,0.0]}"
920031,LTC_DENSE_FEEDBACK,114,120,8,122880,5.930429790999938,0.35777074098587036,0.27695455849170686,"{""w_rec"":[0.14741036295890808,-0.16584324836730957,0.10566104203462601,-0.026619482785463333,0.13048066198825836,0.05256723240017891,0.04479660093784332,0.02261868678033352,0.10848511010408401,0.15109819173812866,-0.022221432998776436,-0.08573736250400543,0.030849125236272812,0.1347295641899109,0.02754410170018673,-0.10212390869855881,0.1196974366903305,0.06472625583410263,0.07099496573209763,-0.07552813738584518,-0.012950758449733257,0.09592732042074203,0.05014309659600258,-0.07552464306354523,0.03884778544306755,0.09679269790649414,-0.09113269299268723,0.04577738791704178,-0.036043163388967514,0.05579628422856331,-0.010422267019748688,-0.046772196888923645,0.12397623062133789,0.035300362855196,-0.08328652381896973,-0.07635347545146942,0.09879464656114578,0.11524660885334015,0.07406196743249893,-0.07367273420095444,0.04772007092833519,-0.12935541570186615,0.0975843071937561,-0.03203284740447998,0.1487291306257248,0.17905506491661072,0.03277449309825897,0.02812091074883938,0.0208299458026886,-0.025842929258942604,0.04314703866839409,0.0031125263776630163,0.031643517315387726,0.0733075737953186,0.16531528532505035,-0.06335367262363434,0.030744103714823723,0.14717157185077667,-0.1194845512509346,-0.03571382910013199,-0.07487574219703674,-0.006640530191361904,-0.035210397094488144,0.05397936329245567],""w_temp"":[0.01328674890100956,-0.06147398799657822,-0.19444790482521057,-0.05119200795888901,0.06520608067512512,0.22975678741931915,0.04237290099263191,-0.1315501481294632],""w_vis"":[0.054711610078811646,-0.1265464574098587,-0.009160627610981464,-0.24154123663902283,-0.10453813523054123,0.06417080760002136,-0.12474896758794785,-0.19587591290473938],""bias"":[-0.8048192262649536,-0.8923919200897217,-0.8816999793052673,-0.8530495762825012,-0.8788946270942688,-0.8140680193901062,-0.8555951118469238,-0.8356261849403381],""raw_tau"":[0.19827726483345032,0.11085842549800873,0.12175407260656357,0.1505705565214157,0.12445598840713501,0.18932360410690308,0.1476573795080185,0.16812673211097717],""reversal"":[-0.058682218194007874,-0.004830040503293276,0.008724001236259937,0.05858781188726425,0.0014735308941453695,-0.024429868906736374,-0.0003291581815574318,0.12604323029518127],""readout"":[-0.18935303390026093,0.007939225994050503,-0.01592472940683365,-0.11916413903236389,0.0038735426496714354,-0.04089079424738884,-0.0004137478827033192,-0.27712106704711914],""readout_bias"":[0.017601046711206436],""beta"":[0.25997358560562134],""sensory_mask"":[1.0,1.0,1.0,1.0,1.0,1.0,1.0,1.0]}"
920031,LTC_SENSORY_YOKED,114,120,8,122880,5.991444375000015,0.3571837544441223,0.2770692303776741,"{""w_rec"":[0.06890231370925903,-0.01978353224694729,0.06991003453731537,0.05388171970844269,-0.0057937270030379295,0.0305933840572834,0.02175811305642128,0.021002918481826782,-0.04464176669716835,0.08612378686666489,-0.05964353680610657,0.04696592688560486,-0.018224535509943962,0.0629066452383995,0.05134105309844017,-0.010036981664597988,-0.08365648984909058,-0.0375576876103878,0.059845998883247375,0.08409438282251358,-0.11413711309432983,0.12387154996395111,0.15147458016872406,-0.0863942950963974,0.014395716600120068,-0.036966536194086075,-0.11487960070371628,0.11992350965738297,-0.047270517796278,-0.022410951554775238,0.025667784735560417,-0.08674333244562149,-0.03222456946969032,-0.04177501052618027,-0.13033337891101837,0.035859040915966034,0.016108395531773567,-0.030481625348329544,0.01535337045788765,-0.09091511368751526,-0.03950798511505127,-0.03266589343547821,0.11227869987487793,0.056763242930173874,-0.031118271872401237,0.12976641952991486,0.037774708122015,0.016234325245022774,-0.028886862099170685,0.06572237610816956,0.11179950833320618,-0.04347274824976921,0.05038771033287048,0.019017068669199944,0.14693394303321838,0.05549369752407074,0.03553548827767372,-0.062323667109012604,-0.12412580847740173,0.06973360478878021,-0.06607698649168015,0.021380063146352768,0.04041731357574463,0.05192093551158905],""w_temp"":[0.2209007889032364,0.25341901183128357,-0.0734701007604599,-0.07844240218400955,-0.20700961351394653,0.09321144223213196,0.17667511105537415,0.046534135937690735],""w_vis"":[0.042389363050460815,0.02609604224562645,-0.12265129387378693,0.08407286554574966,-0.1389634609222412,-0.027227668091654778,-0.04568280652165413,-0.09093518555164337],""bias"":[-0.8289353251457214,-0.8539567589759827,-0.9218050241470337,-0.8300814628601074,-0.8596457839012146,-0.8225395083427429,-0.7983297109603882,-0.8619052767753601],""raw_tau"":[0.17449171841144562,0.14942708611488342,0.08157185465097427,0.17352299392223358,0.14406579732894897,0.1806839108467102,0.20495934784412384,0.14153775572776794],""reversal"":[-0.0004831955302506685,-0.0004282417939975858,0.013090482912957668,-0.2002779245376587,0.04249582812190056,-0.008201628923416138,-0.1625233292579651,0.03858036547899246],""readout"":[0.010306021198630333,-0.0008737870375625789,-0.1557077020406723,0.21701036393642426,-0.08315332233905792,-0.04116207733750343,-0.2513958215713501,-0.15012897551059723],""readout_bias"":[0.01453343778848648],""beta"":[0.32816049456596375],""sensory_mask"":[1.0,1.0,1.0,1.0,0.0,0.0,0.0,0.0]}"
920031,GRU_4,113,120,8,122880,1.723059375000048,0.40155959129333496,0.2800963819026947,"{""cell.weight_ih"":[0.2938492000102997,-0.0811971053481102,-0.3214051127433777,-0.06461780518293381,0.15156586468219757,0.28375276923179626,0.0495704747736454,0.09421264380216599,-0.03976474329829216,-0.11177437752485275,-0.17056109011173248,-0.5728441476821899,-0.10953456163406372,0.09847413003444672,-0.031121766194701195,0.12189774960279465,-0.37976372241973877,0.4483281075954437,0.1833050400018692,0.5654463171958923,0.3186950981616974,-0.28942716121673584,0.3341526985168457,0.16471873223781586,-0.5215007066726685,-0.09980219602584839,0.2623305916786194,0.3160295784473419,-0.0010146764107048512,-0.24957701563835144,-0.18322396278381348,-0.399618923664093,-0.24847321212291718,-0.1982186883687973,0.13717693090438843,0.32963263988494873],""cell.weight_hh"":[-0.3428603708744049,-0.1978277713060379,-0.14667513966560364,-0.555088460445404,0.48536208271980286,-0.13497953116893768,-0.43155473470687866,-0.20277567207813263,0.1994990110397339,-0.21246691048145294,-0.3519054353237152,0.12793509662151337,0.2878701984882355,-0.16568034887313843,-0.10733103007078171,-0.4899745583534241,-0.5462937355041504,-0.2528792917728424,-0.08408765494823456,-0.3593014180660248,0.04584839940071106,-0.0973062515258789,-0.038556791841983795,-0.20514994859695435,-0.26577216386795044,-0.2050808221101761,-0.021089160814881325,-0.05123719945549965,0.21915338933467865,-0.3893224895000458,0.3458583652973175,0.48144030570983887,0.24718834459781647,-0.11715830117464066,-0.026460878551006317,0.45529904961586,-0.2291821539402008,0.08296438306570053,0.2869631052017212,-0.2063601166009903,0.44187092781066895,-0.5042943954467773,-0.45122087001800537,-0.23618583381175995,0.1841951459646225,-0.15848000347614288,0.1411316692829132,0.4001008868217468],""cell.bias_ih"":[-0.010708225890994072,0.2894756495952606,0.19975736737251282,-0.3958834409713745,0.35722529888153076,-0.336677610874176,0.04789843037724495,-0.5063731670379639,0.34115687012672424,-0.2692817151546478,-0.3912910223007202,0.3259814977645874],""cell.bias_hh"":[-0.3991367816925049,-0.23837749660015106,0.29343461990356445,-0.31130683422088623,0.21839062869548798,-0.4506791830062866,-0.12225424498319626,0.04422227293252945,-0.3596837520599365,-0.3879304826259613,-0.3555457592010498,0.22117525339126587],""readout.weight"":[-0.34941378235816956,-0.1741551011800766,0.0666995719075203,0.1934734284877777],""readout.bias"":[-0.08304566144943237]}"
920031,GRU_8,321,120,8,122880,1.7294141249999484,0.2885124981403351,0.2800718829035759,"{""cell.weight_ih"":[-0.034258704632520676,0.1405845284461975,-0.12290120124816895,-0.05235094577074051,0.033906083554029465,0.183113694190979,0.3032257556915283,0.07630645483732224,-0.2481366991996765,0.05993005633354187,0.23121051490306854,0.2136208862066269,0.4244619309902191,0.03180737793445587,0.3788135051727295,0.18468844890594482,-0.12599751353263855,-0.024134628474712372,-0.008735169656574726,-0.03108943998813629,-0.11200597882270813,-0.3476516902446747,0.2996741533279419,-0.08295378088951111,-0.23434364795684814,-0.22550922632217407,0.03223586827516556,-0.027370598167181015,0.015102414414286613,-0.040392596274614334,-0.18186315894126892,0.21597620844841003,0.15542782843112946,0.06707853823900223,0.008346663787961006,0.10234931111335754,0.21234188973903656,0.13261355459690094,0.2982337474822998,-0.11882075667381287,-0.17113354802131653,0.1582678109407425,-0.07220665365457535,-0.20803742110729218,0.006191947031766176,0.15417824685573578,0.15092022716999054,-0.0599466972053051,0.30146467685699463,0.09628652036190033,-0.035534102469682693,-0.25232061743736267,0.37323760986328125,0.2447819709777832,-0.11060156673192978,-0.2480093538761139,0.17222295701503754,0.06485414505004883,-0.03790472820401192,0.4077055752277374,0.21672311425209045,0.14526662230491638,-0.22445501387119293,0.35556113719940186,0.02296161837875843,-0.3357856869697571,-0.021096302196383476,-0.30004122853279114,0.029868869110941887,0.26841068267822266,0.2836989462375641,0.008321000263094902],""cell.weight_hh"":[0.3192264139652252,-0.23449262976646423,-0.05885614827275276,0.20928743481636047,-0.17677521705627441,0.3523634076118469,-0.5076737403869629,0.25206658244132996,-0.27383700013160706,0.29823923110961914,0.37642669677734375,0.39150694012641907,-0.08202902227640152,-0.31003376841545105,-0.010944696143269539,0.26192736625671387,-0.16424986720085144,-0.3057803809642792,0.24233141541481018,-0.34823882579803467,0.09262567013502121,0.3280344009399414,-0.04391656070947647,-0.22872236371040344,0.30216023325920105,0.1361527442932129,0.11716756969690323,0.3176468312740326,0.35524192452430725,-0.02754739113152027,-0.07663509994745255,-0.023448288440704346,0.13496117293834686,-0.19289183616638184,-0.29766151309013367,0.14823158085346222,-0.041417986154556274,-0.0434669554233551,-0.35541465878486633,0.4700210690498352,0.1342078000307083,0.0561617948114872,0.09186391532421112,-0.027598926797509193,0.09911159425973892,0.20333777368068695,-0.181204691529274,0.23213379085063934,-0.24935804307460785,0.13752147555351257,0.07863263785839081,-0.06445689499378204,0.237959623336792,-0.22694411873817444,-0.028667185455560684,0.0566740557551384,-0.008336640894412994,-0.18170632421970367,-0.030551249161362648,-0.21005137264728546,-0.20353634655475616,-0.07627150416374207,0.33846330642700195,0.16772179305553436,0.16704434156417847,0.2062658667564392,-0.05380929261445999,-0.2700113356113434,-0.21461167931556702,-0.311109334230423,-0.27832916378974915,-0.05972983315587044,0.08272314816713333,-0.029597211629152298,-0.2576567232608795,0.024540627375245094,-0.10862699151039124,0.1149848997592926,-0.13893841207027435,0.2981369197368622,-0.19980786740779877,-0.2732240557670593,-0.087421715259552,0.33426904678344727,0.270177960395813,0.0520329549908638,0.21098850667476654,-0.1730828732252121,-0.28454160690307617,-0.39434564113616943,0.5105307102203369,0.3271331489086151,-0.14212019741535187,-0.40092891454696655,-0.09655877947807312,0.12314464896917343,-0.07043866068124771,0.27267488837242126,-0.24281208217144012,0.2559335231781006,0.314079225063324,-0.255378395318985,-0.06517407298088074,-0.21579982340335846,0.07899311184883118,0.3136109411716461,-0.09052777290344238,-0.3505648672580719,-0.07555744796991348,-0.016674965620040894,-0.013163166120648384,0.3789138197898865,-0.10631244629621506,0.10411952435970306,0.12917926907539368,-0.050202880054712296,0.09497731178998947,0.02291298471391201,0.21674585342407227,0.30972880125045776,-0.14373056590557098,-0.3272928297519684,-0.21296390891075134,0.0757484957575798,-0.04608796909451485,-0.3511213958263397,-0.199705109000206,-0.08997949957847595,0.26918500661849976,0.0543699786067009,0.3149101734161377,-0.23475661873817444,0.1893092393875122,-0.22120803594589233,-0.030804594978690147,-0.414784699678421,-0.1700316071510315,0.3298790156841278,0.11236502975225449,0.23051567375659943,-0.19190765917301178,-0.23925156891345978,0.10536607354879379,-0.25059106945991516,0.1124914214015007,0.185063436627388,0.04769128933548927,0.17510457336902618,0.08560360223054886,-0.11851692199707031,0.0228706207126379,-0.07711423933506012,-0.07011441141366959,-0.2973346710205078,0.20008167624473572,-0.0651441439986229,0.17264188826084137,0.29228731989860535,0.30690762400627136,-0.092294842004776,-0.2029033750295639,-0.34776178002357483,-0.1273077428340912,-0.0008992504444904625,-0.251487135887146,-0.12612514197826385,-0.0670807957649231,-0.4277970790863037,0.1602213829755783,0.10984307527542114,-0.2735539376735687,-0.03570609539747238,0.24994142353534698,-0.06755062192678452,-0.24689066410064697,0.07660965621471405,-0.2250247746706009,-0.25659671425819397,-0.23649455606937408,0.08561220020055771,0.25254499912261963,-0.04147649556398392,0.12273164838552475,-0.003635281464084983,0.24619728326797485,-0.03778007626533508,-0.2356174886226654,-0.25807511806488037,0.05705763027071953,0.3644482493400574,0.08028101176023483,-0.3534904718399048],""cell.bias_ih"":[-0.22348660230636597,0.2852645516395569,-0.29213541746139526,-0.35302188992500305,0.1357133835554123,0.1537061482667923,0.08843505382537842,0.2922249436378479,0.3440481722354889,-0.36365270614624023,0.315853089094162,-0.276663213968277,-0.13453683257102966,0.042894549667835236,-0.17429521679878235,0.028190743178129196,-0.36950939893722534,0.3017924726009369,-0.06222963705658913,0.21224741637706757,-0.1160920038819313,-0.2853071093559265,0.189978688955307,0.10029512643814087],""cell.bias_hh"":[-0.15517187118530273,0.29327476024627686,0.2030516415834427,-0.0630330890417099,-0.0038376629818230867,0.2452954351902008,-0.36517658829689026,0.18872381746768951,0.34156957268714905,-0.19035625457763672,0.05765204876661301,-0.27773675322532654,0.1526309698820114,0.34254613518714905,0.3303065896034241,-0.25270962715148926,-0.061197809875011444,0.1123720183968544,0.2527174651622772,0.21611511707305908,-0.015136683359742165,0.16847091913223267,-0.020319290459156036,-0.39037299156188965],""readout.weight"":[0.2059614658355713,-0.17632153630256653,0.023013398051261902,-0.14686855673789978,0.040573351085186005,0.11819937825202942,0.043796345591545105,0.08082354068756104],""readout.bias"":[0.2457149773836136]}"
