arm,delay,test_accuracy,test_cross_entropy,n_train,n_test,active_feature_state_values,generator,seed
ELIGIBILITY_TRACE_64,1,0.598,1.312457171626315,3000,1000,64,IID_GAUSSIAN,100
EXACT_FIFO_64,1,0.742,1.0886987636930412,3000,1000,64,IID_GAUSSIAN,100
EXACT_FIFO_256,1,0.742,1.0886987636930412,3000,1000,64,IID_GAUSSIAN,100
EXACT_FIFO_1024,1,0.742,1.0886987636930412,3000,1000,64,IID_GAUSSIAN,100
EXACT_FIFO_4096,1,0.742,1.0886987636930412,3000,1000,64,IID_GAUSSIAN,100
CURRENT_FEATURE_64,1,0.233,1.3919172028481113,3000,1000,64,IID_GAUSSIAN,100
EXACT_REPLAY_UNBOUNDED,1,0.742,1.0886987636930412,3000,1000,64,IID_GAUSSIAN,100
ELIGIBILITY_TRACE_64,4,0.582,1.3203251409642596,3000,1000,64,IID_GAUSSIAN,100
EXACT_FIFO_64,4,0.281,1.3862484172916032,3000,1000,64,IID_GAUSSIAN,100
EXACT_FIFO_256,4,0.742,1.0886263580743463,3000,1000,256,IID_GAUSSIAN,100
EXACT_FIFO_1024,4,0.742,1.0886263580743463,3000,1000,256,IID_GAUSSIAN,100
EXACT_FIFO_4096,4,0.742,1.0886263580743463,3000,1000,256,IID_GAUSSIAN,100
CURRENT_FEATURE_64,4,0.2,1.397774080340374,3000,1000,64,IID_GAUSSIAN,100
EXACT_REPLAY_UNBOUNDED,4,0.742,1.0886263580743463,3000,1000,256,IID_GAUSSIAN,100
ELIGIBILITY_TRACE_64,16,0.554,1.3305851174190488,3000,1000,64,IID_GAUSSIAN,100
EXACT_FIFO_64,16,0.281,1.3862484172916032,3000,1000,64,IID_GAUSSIAN,100
EXACT_FIFO_256,16,0.25,1.3862325013882133,3000,1000,256,IID_GAUSSIAN,100
EXACT_FIFO_1024,16,0.742,1.088347265695239,3000,1000,1024,IID_GAUSSIAN,100
EXACT_FIFO_4096,16,0.742,1.088347265695239,3000,1000,1024,IID_GAUSSIAN,100
CURRENT_FEATURE_64,16,0.246,1.3874313500479625,3000,1000,64,IID_GAUSSIAN,100
EXACT_REPLAY_UNBOUNDED,16,0.742,1.088347265695239,3000,1000,1024,IID_GAUSSIAN,100
ELIGIBILITY_TRACE_64,64,0.275,1.3818622099180333,3000,1000,64,IID_GAUSSIAN,100
EXACT_FIFO_64,64,0.281,1.3862484172916032,3000,1000,64,IID_GAUSSIAN,100
EXACT_FIFO_256,64,0.25,1.3862325013882133,3000,1000,256,IID_GAUSSIAN,100
EXACT_FIFO_1024,64,0.422,1.3845333399805957,3000,1000,1024,IID_GAUSSIAN,100
EXACT_FIFO_4096,64,0.742,1.0872180340771775,3000,1000,4096,IID_GAUSSIAN,100
CURRENT_FEATURE_64,64,0.228,1.3887819874788165,3000,1000,64,IID_GAUSSIAN,100
EXACT_REPLAY_UNBOUNDED,64,0.742,1.0872180340771775,3000,1000,4096,IID_GAUSSIAN,100
ELIGIBILITY_TRACE_64,1,0.61,1.2986408323469714,3000,1000,64,IID_GAUSSIAN,101
EXACT_FIFO_64,1,0.751,1.0450284672603176,3000,1000,64,IID_GAUSSIAN,101
EXACT_FIFO_256,1,0.751,1.0450284672603176,3000,1000,64,IID_GAUSSIAN,101
EXACT_FIFO_1024,1,0.751,1.0450284672603176,3000,1000,64,IID_GAUSSIAN,101
EXACT_FIFO_4096,1,0.751,1.0450284672603176,3000,1000,64,IID_GAUSSIAN,101
CURRENT_FEATURE_64,1,0.221,1.3909027914758902,3000,1000,64,IID_GAUSSIAN,101
EXACT_REPLAY_UNBOUNDED,1,0.751,1.0450284672603176,3000,1000,64,IID_GAUSSIAN,101
ELIGIBILITY_TRACE_64,4,0.59,1.3020352161880588,3000,1000,64,IID_GAUSSIAN,101
EXACT_FIFO_64,4,0.387,1.3859539327421135,3000,1000,64,IID_GAUSSIAN,101
EXACT_FIFO_256,4,0.751,1.0449457439292065,3000,1000,256,IID_GAUSSIAN,101
EXACT_FIFO_1024,4,0.751,1.0449457439292065,3000,1000,256,IID_GAUSSIAN,101
EXACT_FIFO_4096,4,0.751,1.0449457439292065,3000,1000,256,IID_GAUSSIAN,101
CURRENT_FEATURE_64,4,0.185,1.397966117667048,3000,1000,64,IID_GAUSSIAN,101
EXACT_REPLAY_UNBOUNDED,4,0.751,1.0449457439292065,3000,1000,256,IID_GAUSSIAN,101
ELIGIBILITY_TRACE_64,16,0.529,1.3202154057178945,3000,1000,64,IID_GAUSSIAN,101
EXACT_FIFO_64,16,0.387,1.3859539327421135,3000,1000,64,IID_GAUSSIAN,101
EXACT_FIFO_256,16,0.401,1.3851745412887069,3000,1000,256,IID_GAUSSIAN,101
EXACT_FIFO_1024,16,0.751,1.0446204942536983,3000,1000,1024,IID_GAUSSIAN,101
EXACT_FIFO_4096,16,0.751,1.0446204942536983,3000,1000,1024,IID_GAUSSIAN,101
CURRENT_FEATURE_64,16,0.326,1.3766135414989389,3000,1000,64,IID_GAUSSIAN,101
EXACT_REPLAY_UNBOUNDED,16,0.751,1.0446204942536983,3000,1000,1024,IID_GAUSSIAN,101
ELIGIBILITY_TRACE_64,64,0.316,1.3667268595438955,3000,1000,64,IID_GAUSSIAN,101
EXACT_FIFO_64,64,0.387,1.3859539327421135,3000,1000,64,IID_GAUSSIAN,101
EXACT_FIFO_256,64,0.401,1.3851745412887069,3000,1000,256,IID_GAUSSIAN,101
EXACT_FIFO_1024,64,0.495,1.383392463662449,3000,1000,1024,IID_GAUSSIAN,101
EXACT_FIFO_4096,64,0.751,1.0432851490075539,3000,1000,4096,IID_GAUSSIAN,101
CURRENT_FEATURE_64,64,0.182,1.404617876247536,3000,1000,64,IID_GAUSSIAN,101
EXACT_REPLAY_UNBOUNDED,64,0.751,1.0432851490075539,3000,1000,4096,IID_GAUSSIAN,101
ELIGIBILITY_TRACE_64,1,0.56,1.3064146313022593,3000,1000,64,IID_GAUSSIAN,102
EXACT_FIFO_64,1,0.772,1.0795435791901304,3000,1000,64,IID_GAUSSIAN,102
EXACT_FIFO_256,1,0.772,1.0795435791901304,3000,1000,64,IID_GAUSSIAN,102
EXACT_FIFO_1024,1,0.772,1.0795435791901304,3000,1000,64,IID_GAUSSIAN,102
EXACT_FIFO_4096,1,0.772,1.0795435791901304,3000,1000,64,IID_GAUSSIAN,102
CURRENT_FEATURE_64,1,0.271,1.3862970431362314,3000,1000,64,IID_GAUSSIAN,102
EXACT_REPLAY_UNBOUNDED,1,0.772,1.0795435791901304,3000,1000,64,IID_GAUSSIAN,102
ELIGIBILITY_TRACE_64,4,0.559,1.3107407640172455,3000,1000,64,IID_GAUSSIAN,102
EXACT_FIFO_64,4,0.236,1.386295382229529,3000,1000,64,IID_GAUSSIAN,102
EXACT_FIFO_256,4,0.772,1.0794763443029733,3000,1000,256,IID_GAUSSIAN,102
EXACT_FIFO_1024,4,0.772,1.0794763443029733,3000,1000,256,IID_GAUSSIAN,102
EXACT_FIFO_4096,4,0.772,1.0794763443029733,3000,1000,256,IID_GAUSSIAN,102
CURRENT_FEATURE_64,4,0.211,1.3948529537645207,3000,1000,64,IID_GAUSSIAN,102
EXACT_REPLAY_UNBOUNDED,4,0.772,1.0794763443029733,3000,1000,256,IID_GAUSSIAN,102
ELIGIBILITY_TRACE_64,16,0.516,1.3315229536877047,3000,1000,64,IID_GAUSSIAN,102
EXACT_FIFO_64,16,0.236,1.386295382229529,3000,1000,64,IID_GAUSSIAN,102
EXACT_FIFO_256,16,0.299,1.3860148856938932,3000,1000,256,IID_GAUSSIAN,102
EXACT_FIFO_1024,16,0.772,1.0792051407021586,3000,1000,1024,IID_GAUSSIAN,102
EXACT_FIFO_4096,16,0.772,1.0792051407021586,3000,1000,1024,IID_GAUSSIAN,102
CURRENT_FEATURE_64,16,0.265,1.3873465999061991,3000,1000,64,IID_GAUSSIAN,102
EXACT_REPLAY_UNBOUNDED,16,0.772,1.0792051407021586,3000,1000,1024,IID_GAUSSIAN,102
ELIGIBILITY_TRACE_64,64,0.414,1.3587946097778891,3000,1000,64,IID_GAUSSIAN,102
EXACT_FIFO_64,64,0.236,1.386295382229529,3000,1000,64,IID_GAUSSIAN,102
EXACT_FIFO_256,64,0.299,1.3860148856938932,3000,1000,256,IID_GAUSSIAN,102
EXACT_FIFO_1024,64,0.422,1.384193188175735,3000,1000,1024,IID_GAUSSIAN,102
EXACT_FIFO_4096,64,0.772,1.0780893535742988,3000,1000,4096,IID_GAUSSIAN,102
CURRENT_FEATURE_64,64,0.304,1.379327569782261,3000,1000,64,IID_GAUSSIAN,102
EXACT_REPLAY_UNBOUNDED,64,0.772,1.0780893535742988,3000,1000,4096,IID_GAUSSIAN,102
ELIGIBILITY_TRACE_64,1,0.614,1.2837871348865528,3000,1000,64,IID_GAUSSIAN,103
EXACT_FIFO_64,1,0.74,1.0772564880927005,3000,1000,64,IID_GAUSSIAN,103
EXACT_FIFO_256,1,0.74,1.0772564880927005,3000,1000,64,IID_GAUSSIAN,103
EXACT_FIFO_1024,1,0.74,1.0772564880927005,3000,1000,64,IID_GAUSSIAN,103
EXACT_FIFO_4096,1,0.74,1.0772564880927005,3000,1000,64,IID_GAUSSIAN,103
CURRENT_FEATURE_64,1,0.345,1.3762740773938966,3000,1000,64,IID_GAUSSIAN,103
EXACT_REPLAY_UNBOUNDED,1,0.74,1.0772564880927005,3000,1000,64,IID_GAUSSIAN,103
ELIGIBILITY_TRACE_64,4,0.608,1.2877234391601582,3000,1000,64,IID_GAUSSIAN,103
EXACT_FIFO_64,4,0.339,1.3861854527606743,3000,1000,64,IID_GAUSSIAN,103
EXACT_FIFO_256,4,0.74,1.077181488147753,3000,1000,256,IID_GAUSSIAN,103
EXACT_FIFO_1024,4,0.74,1.077181488147753,3000,1000,256,IID_GAUSSIAN,103
EXACT_FIFO_4096,4,0.74,1.077181488147753,3000,1000,256,IID_GAUSSIAN,103
CURRENT_FEATURE_64,4,0.32,1.379468680590552,3000,1000,64,IID_GAUSSIAN,103
EXACT_REPLAY_UNBOUNDED,4,0.74,1.077181488147753,3000,1000,256,IID_GAUSSIAN,103
ELIGIBILITY_TRACE_64,16,0.562,1.307528228036525,3000,1000,64,IID_GAUSSIAN,103
EXACT_FIFO_64,16,0.339,1.3861854527606743,3000,1000,64,IID_GAUSSIAN,103
EXACT_FIFO_256,16,0.332,1.3858812960007345,3000,1000,256,IID_GAUSSIAN,103
EXACT_FIFO_1024,16,0.74,1.0768987955200413,3000,1000,1024,IID_GAUSSIAN,103
EXACT_FIFO_4096,16,0.74,1.0768987955200413,3000,1000,1024,IID_GAUSSIAN,103
CURRENT_FEATURE_64,16,0.288,1.381423487969408,3000,1000,64,IID_GAUSSIAN,103
EXACT_REPLAY_UNBOUNDED,16,0.74,1.0768987955200413,3000,1000,1024,IID_GAUSSIAN,103
ELIGIBILITY_TRACE_64,64,0.408,1.3475152331196874,3000,1000,64,IID_GAUSSIAN,103
EXACT_FIFO_64,64,0.339,1.3861854527606743,3000,1000,64,IID_GAUSSIAN,103
EXACT_FIFO_256,64,0.332,1.3858812960007345,3000,1000,256,IID_GAUSSIAN,103
EXACT_FIFO_1024,64,0.418,1.3844960134168267,3000,1000,1024,IID_GAUSSIAN,103
EXACT_FIFO_4096,64,0.739,1.0757001416003313,3000,1000,4096,IID_GAUSSIAN,103
CURRENT_FEATURE_64,64,0.312,1.3799225357797977,3000,1000,64,IID_GAUSSIAN,103
EXACT_REPLAY_UNBOUNDED,64,0.739,1.0757001416003313,3000,1000,4096,IID_GAUSSIAN,103
ELIGIBILITY_TRACE_64,1,0.672,1.3044471929056858,3000,1000,64,IID_GAUSSIAN,104
EXACT_FIFO_64,1,0.771,1.066508198012393,3000,1000,64,IID_GAUSSIAN,104
EXACT_FIFO_256,1,0.771,1.066508198012393,3000,1000,64,IID_GAUSSIAN,104
EXACT_FIFO_1024,1,0.771,1.066508198012393,3000,1000,64,IID_GAUSSIAN,104
EXACT_FIFO_4096,1,0.771,1.066508198012393,3000,1000,64,IID_GAUSSIAN,104
CURRENT_FEATURE_64,1,0.354,1.3736975094938362,3000,1000,64,IID_GAUSSIAN,104
EXACT_REPLAY_UNBOUNDED,1,0.771,1.066508198012393,3000,1000,64,IID_GAUSSIAN,104
ELIGIBILITY_TRACE_64,4,0.673,1.3069449929164407,3000,1000,64,IID_GAUSSIAN,104
EXACT_FIFO_64,4,0.3,1.3861805298081333,3000,1000,64,IID_GAUSSIAN,104
EXACT_FIFO_256,4,0.771,1.0664314221599878,3000,1000,256,IID_GAUSSIAN,104
EXACT_FIFO_1024,4,0.771,1.0664314221599878,3000,1000,256,IID_GAUSSIAN,104
EXACT_FIFO_4096,4,0.771,1.0664314221599878,3000,1000,256,IID_GAUSSIAN,104
CURRENT_FEATURE_64,4,0.313,1.376185903179312,3000,1000,64,IID_GAUSSIAN,104
EXACT_REPLAY_UNBOUNDED,4,0.771,1.0664314221599878,3000,1000,256,IID_GAUSSIAN,104
ELIGIBILITY_TRACE_64,16,0.631,1.3238532608792406,3000,1000,64,IID_GAUSSIAN,104
EXACT_FIFO_64,16,0.3,1.3861805298081333,3000,1000,64,IID_GAUSSIAN,104
EXACT_FIFO_256,16,0.394,1.385558186232357,3000,1000,256,IID_GAUSSIAN,104
EXACT_FIFO_1024,16,0.771,1.0661411528239664,3000,1000,1024,IID_GAUSSIAN,104
EXACT_FIFO_4096,16,0.771,1.0661411528239664,3000,1000,1024,IID_GAUSSIAN,104
CURRENT_FEATURE_64,16,0.209,1.3958897668516674,3000,1000,64,IID_GAUSSIAN,104
EXACT_REPLAY_UNBOUNDED,16,0.771,1.0661411528239664,3000,1000,1024,IID_GAUSSIAN,104
ELIGIBILITY_TRACE_64,64,0.399,1.3597265315117384,3000,1000,64,IID_GAUSSIAN,104
EXACT_FIFO_64,64,0.3,1.3861805298081333,3000,1000,64,IID_GAUSSIAN,104
EXACT_FIFO_256,64,0.394,1.385558186232357,3000,1000,256,IID_GAUSSIAN,104
EXACT_FIFO_1024,64,0.473,1.383832082295768,3000,1000,1024,IID_GAUSSIAN,104
EXACT_FIFO_4096,64,0.772,1.0649545252182084,3000,1000,4096,IID_GAUSSIAN,104
CURRENT_FEATURE_64,64,0.263,1.3859995004499186,3000,1000,64,IID_GAUSSIAN,104
EXACT_REPLAY_UNBOUNDED,64,0.772,1.0649545252182084,3000,1000,4096,IID_GAUSSIAN,104
ELIGIBILITY_TRACE_64,1,0.649,1.2921902208444358,3000,1000,64,IID_GAUSSIAN,105
EXACT_FIFO_64,1,0.806,1.0261418087718603,3000,1000,64,IID_GAUSSIAN,105
EXACT_FIFO_256,1,0.806,1.0261418087718603,3000,1000,64,IID_GAUSSIAN,105
EXACT_FIFO_1024,1,0.806,1.0261418087718603,3000,1000,64,IID_GAUSSIAN,105
EXACT_FIFO_4096,1,0.806,1.0261418087718603,3000,1000,64,IID_GAUSSIAN,105
CURRENT_FEATURE_64,1,0.231,1.3919787696364945,3000,1000,64,IID_GAUSSIAN,105
EXACT_REPLAY_UNBOUNDED,1,0.806,1.0261418087718603,3000,1000,64,IID_GAUSSIAN,105
ELIGIBILITY_TRACE_64,4,0.648,1.298917393580156,3000,1000,64,IID_GAUSSIAN,105
EXACT_FIFO_64,4,0.288,1.3860985904389511,3000,1000,64,IID_GAUSSIAN,105
EXACT_FIFO_256,4,0.805,1.0260469443822722,3000,1000,256,IID_GAUSSIAN,105
EXACT_FIFO_1024,4,0.805,1.0260469443822722,3000,1000,256,IID_GAUSSIAN,105
EXACT_FIFO_4096,4,0.805,1.0260469443822722,3000,1000,256,IID_GAUSSIAN,105
CURRENT_FEATURE_64,4,0.19,1.3992683701418214,3000,1000,64,IID_GAUSSIAN,105
EXACT_REPLAY_UNBOUNDED,4,0.805,1.0260469443822722,3000,1000,256,IID_GAUSSIAN,105
ELIGIBILITY_TRACE_64,16,0.568,1.3137182722948775,3000,1000,64,IID_GAUSSIAN,105
EXACT_FIFO_64,16,0.288,1.3860985904389511,3000,1000,64,IID_GAUSSIAN,105
EXACT_FIFO_256,16,0.394,1.3856079146280458,3000,1000,256,IID_GAUSSIAN,105
EXACT_FIFO_1024,16,0.805,1.0256926402931135,3000,1000,1024,IID_GAUSSIAN,105
EXACT_FIFO_4096,16,0.805,1.0256926402931135,3000,1000,1024,IID_GAUSSIAN,105
CURRENT_FEATURE_64,16,0.201,1.392892682886842,3000,1000,64,IID_GAUSSIAN,105
EXACT_REPLAY_UNBOUNDED,16,0.805,1.0256926402931135,3000,1000,1024,IID_GAUSSIAN,105
ELIGIBILITY_TRACE_64,64,0.449,1.3590480237440874,3000,1000,64,IID_GAUSSIAN,105
EXACT_FIFO_64,64,0.288,1.3860985904389511,3000,1000,64,IID_GAUSSIAN,105
EXACT_FIFO_256,64,0.394,1.3856079146280458,3000,1000,256,IID_GAUSSIAN,105
EXACT_FIFO_1024,64,0.529,1.3832045599839922,3000,1000,1024,IID_GAUSSIAN,105
EXACT_FIFO_4096,64,0.804,1.0242308868404164,3000,1000,4096,IID_GAUSSIAN,105
CURRENT_FEATURE_64,64,0.211,1.3943090746044096,3000,1000,64,IID_GAUSSIAN,105
EXACT_REPLAY_UNBOUNDED,64,0.804,1.0242308868404164,3000,1000,4096,IID_GAUSSIAN,105
ELIGIBILITY_TRACE_64,1,0.634,1.2927404006972096,3000,1000,64,IID_GAUSSIAN,106
EXACT_FIFO_64,1,0.779,1.0585236887535725,3000,1000,64,IID_GAUSSIAN,106
EXACT_FIFO_256,1,0.779,1.0585236887535725,3000,1000,64,IID_GAUSSIAN,106
EXACT_FIFO_1024,1,0.779,1.0585236887535725,3000,1000,64,IID_GAUSSIAN,106
EXACT_FIFO_4096,1,0.779,1.0585236887535725,3000,1000,64,IID_GAUSSIAN,106
CURRENT_FEATURE_64,1,0.329,1.3769820584090853,3000,1000,64,IID_GAUSSIAN,106
EXACT_REPLAY_UNBOUNDED,1,0.779,1.0585236887535725,3000,1000,64,IID_GAUSSIAN,106
ELIGIBILITY_TRACE_64,4,0.602,1.3020548887071934,3000,1000,64,IID_GAUSSIAN,106
EXACT_FIFO_64,4,0.299,1.3861291115803,3000,1000,64,IID_GAUSSIAN,106
EXACT_FIFO_256,4,0.779,1.0584477919560222,3000,1000,256,IID_GAUSSIAN,106
EXACT_FIFO_1024,4,0.779,1.0584477919560222,3000,1000,256,IID_GAUSSIAN,106
EXACT_FIFO_4096,4,0.779,1.0584477919560222,3000,1000,256,IID_GAUSSIAN,106
CURRENT_FEATURE_64,4,0.182,1.396403532059853,3000,1000,64,IID_GAUSSIAN,106
EXACT_REPLAY_UNBOUNDED,4,0.779,1.0584477919560222,3000,1000,256,IID_GAUSSIAN,106
ELIGIBILITY_TRACE_64,16,0.528,1.3203077209087741,3000,1000,64,IID_GAUSSIAN,106
EXACT_FIFO_64,16,0.299,1.3861291115803,3000,1000,64,IID_GAUSSIAN,106
EXACT_FIFO_256,16,0.383,1.385519446563287,3000,1000,256,IID_GAUSSIAN,106
EXACT_FIFO_1024,16,0.779,1.0581292214489717,3000,1000,1024,IID_GAUSSIAN,106
EXACT_FIFO_4096,16,0.779,1.0581292214489717,3000,1000,1024,IID_GAUSSIAN,106
CURRENT_FEATURE_64,16,0.322,1.3768164390934299,3000,1000,64,IID_GAUSSIAN,106
EXACT_REPLAY_UNBOUNDED,16,0.779,1.0581292214489717,3000,1000,1024,IID_GAUSSIAN,106
ELIGIBILITY_TRACE_64,64,0.439,1.3457731076826591,3000,1000,64,IID_GAUSSIAN,106
EXACT_FIFO_64,64,0.299,1.3861291115803,3000,1000,64,IID_GAUSSIAN,106
EXACT_FIFO_256,64,0.383,1.385519446563287,3000,1000,256,IID_GAUSSIAN,106
EXACT_FIFO_1024,64,0.462,1.3836028329344792,3000,1000,1024,IID_GAUSSIAN,106
EXACT_FIFO_4096,64,0.779,1.056848090292238,3000,1000,4096,IID_GAUSSIAN,106
CURRENT_FEATURE_64,64,0.335,1.3743830760382014,3000,1000,64,IID_GAUSSIAN,106
EXACT_REPLAY_UNBOUNDED,64,0.779,1.056848090292238,3000,1000,4096,IID_GAUSSIAN,106
ELIGIBILITY_TRACE_64,1,0.617,1.3010528604386296,3000,1000,64,IID_GAUSSIAN,107
EXACT_FIFO_64,1,0.784,1.0448769015808606,3000,1000,64,IID_GAUSSIAN,107
EXACT_FIFO_256,1,0.784,1.0448769015808606,3000,1000,64,IID_GAUSSIAN,107
EXACT_FIFO_1024,1,0.784,1.0448769015808606,3000,1000,64,IID_GAUSSIAN,107
EXACT_FIFO_4096,1,0.784,1.0448769015808606,3000,1000,64,IID_GAUSSIAN,107
CURRENT_FEATURE_64,1,0.181,1.3948754540823403,3000,1000,64,IID_GAUSSIAN,107
EXACT_REPLAY_UNBOUNDED,1,0.784,1.0448769015808606,3000,1000,64,IID_GAUSSIAN,107
ELIGIBILITY_TRACE_64,4,0.619,1.302156442678525,3000,1000,64,IID_GAUSSIAN,107
EXACT_FIFO_64,4,0.284,1.386176897284957,3000,1000,64,IID_GAUSSIAN,107
EXACT_FIFO_256,4,0.784,1.0447973647639945,3000,1000,256,IID_GAUSSIAN,107
EXACT_FIFO_1024,4,0.784,1.0447973647639945,3000,1000,256,IID_GAUSSIAN,107
EXACT_FIFO_4096,4,0.784,1.0447973647639945,3000,1000,256,IID_GAUSSIAN,107
CURRENT_FEATURE_64,4,0.32,1.378038836570543,3000,1000,64,IID_GAUSSIAN,107
EXACT_REPLAY_UNBOUNDED,4,0.784,1.0447973647639945,3000,1000,256,IID_GAUSSIAN,107
ELIGIBILITY_TRACE_64,16,0.585,1.3203069739827746,3000,1000,64,IID_GAUSSIAN,107
EXACT_FIFO_64,16,0.284,1.386176897284957,3000,1000,64,IID_GAUSSIAN,107
EXACT_FIFO_256,16,0.323,1.3857976483267216,3000,1000,256,IID_GAUSSIAN,107
EXACT_FIFO_1024,16,0.784,1.0444627052728728,3000,1000,1024,IID_GAUSSIAN,107
EXACT_FIFO_4096,16,0.784,1.0444627052728728,3000,1000,1024,IID_GAUSSIAN,107
CURRENT_FEATURE_64,16,0.32,1.3757607078524092,3000,1000,64,IID_GAUSSIAN,107
EXACT_REPLAY_UNBOUNDED,16,0.784,1.0444627052728728,3000,1000,1024,IID_GAUSSIAN,107
ELIGIBILITY_TRACE_64,64,0.369,1.367147847534795,3000,1000,64,IID_GAUSSIAN,107
EXACT_FIFO_64,64,0.284,1.386176897284957,3000,1000,64,IID_GAUSSIAN,107
EXACT_FIFO_256,64,0.323,1.3857976483267216,3000,1000,256,IID_GAUSSIAN,107
EXACT_FIFO_1024,64,0.45,1.3834950311584129,3000,1000,1024,IID_GAUSSIAN,107
EXACT_FIFO_4096,64,0.783,1.0431089649899796,3000,1000,4096,IID_GAUSSIAN,107
CURRENT_FEATURE_64,64,0.191,1.3992603868464768,3000,1000,64,IID_GAUSSIAN,107
EXACT_REPLAY_UNBOUNDED,64,0.783,1.0431089649899796,3000,1000,4096,IID_GAUSSIAN,107
ELIGIBILITY_TRACE_64,1,0.644,1.2913746430004558,3000,1000,64,IID_GAUSSIAN,108
EXACT_FIFO_64,1,0.788,1.0209147559357576,3000,1000,64,IID_GAUSSIAN,108
EXACT_FIFO_256,1,0.788,1.0209147559357576,3000,1000,64,IID_GAUSSIAN,108
EXACT_FIFO_1024,1,0.788,1.0209147559357576,3000,1000,64,IID_GAUSSIAN,108
EXACT_FIFO_4096,1,0.788,1.0209147559357576,3000,1000,64,IID_GAUSSIAN,108
CURRENT_FEATURE_64,1,0.312,1.3786336595802864,3000,1000,64,IID_GAUSSIAN,108
EXACT_REPLAY_UNBOUNDED,1,0.788,1.0209147559357576,3000,1000,64,IID_GAUSSIAN,108
ELIGIBILITY_TRACE_64,4,0.634,1.299359386653361,3000,1000,64,IID_GAUSSIAN,108
EXACT_FIFO_64,4,0.364,1.3860763181664826,3000,1000,64,IID_GAUSSIAN,108
EXACT_FIFO_256,4,0.788,1.0208187524282042,3000,1000,256,IID_GAUSSIAN,108
EXACT_FIFO_1024,4,0.788,1.0208187524282042,3000,1000,256,IID_GAUSSIAN,108
EXACT_FIFO_4096,4,0.788,1.0208187524282042,3000,1000,256,IID_GAUSSIAN,108
CURRENT_FEATURE_64,4,0.204,1.3939252511484024,3000,1000,64,IID_GAUSSIAN,108
EXACT_REPLAY_UNBOUNDED,4,0.788,1.0208187524282042,3000,1000,256,IID_GAUSSIAN,108
ELIGIBILITY_TRACE_64,16,0.564,1.3252435998829122,3000,1000,64,IID_GAUSSIAN,108
EXACT_FIFO_64,16,0.364,1.3860763181664826,3000,1000,64,IID_GAUSSIAN,108
EXACT_FIFO_256,16,0.299,1.3859023532887635,3000,1000,256,IID_GAUSSIAN,108
EXACT_FIFO_1024,16,0.788,1.020439761933756,3000,1000,1024,IID_GAUSSIAN,108
EXACT_FIFO_4096,16,0.788,1.020439761933756,3000,1000,1024,IID_GAUSSIAN,108
CURRENT_FEATURE_64,16,0.297,1.382373114234028,3000,1000,64,IID_GAUSSIAN,108
EXACT_REPLAY_UNBOUNDED,16,0.788,1.020439761933756,3000,1000,1024,IID_GAUSSIAN,108
ELIGIBILITY_TRACE_64,64,0.36,1.3713026366193926,3000,1000,64,IID_GAUSSIAN,108
EXACT_FIFO_64,64,0.364,1.3860763181664826,3000,1000,64,IID_GAUSSIAN,108
EXACT_FIFO_256,64,0.299,1.3859023532887635,3000,1000,256,IID_GAUSSIAN,108
EXACT_FIFO_1024,64,0.457,1.3835913492279153,3000,1000,1024,IID_GAUSSIAN,108
EXACT_FIFO_4096,64,0.788,1.0188981317335881,3000,1000,4096,IID_GAUSSIAN,108
CURRENT_FEATURE_64,64,0.202,1.3971010629817215,3000,1000,64,IID_GAUSSIAN,108
EXACT_REPLAY_UNBOUNDED,64,0.788,1.0188981317335881,3000,1000,4096,IID_GAUSSIAN,108
ELIGIBILITY_TRACE_64,1,0.608,1.3052131179749775,3000,1000,64,IID_GAUSSIAN,109
EXACT_FIFO_64,1,0.744,1.0553386866309573,3000,1000,64,IID_GAUSSIAN,109
EXACT_FIFO_256,1,0.744,1.0553386866309573,3000,1000,64,IID_GAUSSIAN,109
EXACT_FIFO_1024,1,0.744,1.0553386866309573,3000,1000,64,IID_GAUSSIAN,109
EXACT_FIFO_4096,1,0.744,1.0553386866309573,3000,1000,64,IID_GAUSSIAN,109
CURRENT_FEATURE_64,1,0.219,1.3940444151070894,3000,1000,64,IID_GAUSSIAN,109
EXACT_REPLAY_UNBOUNDED,1,0.744,1.0553386866309573,3000,1000,64,IID_GAUSSIAN,109
ELIGIBILITY_TRACE_64,4,0.595,1.3107425826628305,3000,1000,64,IID_GAUSSIAN,109
EXACT_FIFO_64,4,0.269,1.3861834432657685,3000,1000,64,IID_GAUSSIAN,109
EXACT_FIFO_256,4,0.744,1.0552509786028932,3000,1000,256,IID_GAUSSIAN,109
EXACT_FIFO_1024,4,0.744,1.0552509786028932,3000,1000,256,IID_GAUSSIAN,109
EXACT_FIFO_4096,4,0.744,1.0552509786028932,3000,1000,256,IID_GAUSSIAN,109
CURRENT_FEATURE_64,4,0.282,1.3831059029437476,3000,1000,64,IID_GAUSSIAN,109
EXACT_REPLAY_UNBOUNDED,4,0.744,1.0552509786028932,3000,1000,256,IID_GAUSSIAN,109
ELIGIBILITY_TRACE_64,16,0.514,1.330409387631883,3000,1000,64,IID_GAUSSIAN,109
EXACT_FIFO_64,16,0.269,1.3861834432657685,3000,1000,64,IID_GAUSSIAN,109
EXACT_FIFO_256,16,0.364,1.3856678429822504,3000,1000,256,IID_GAUSSIAN,109
EXACT_FIFO_1024,16,0.744,1.0549230994406722,3000,1000,1024,IID_GAUSSIAN,109
EXACT_FIFO_4096,16,0.744,1.0549230994406722,3000,1000,1024,IID_GAUSSIAN,109
CURRENT_FEATURE_64,16,0.216,1.3913233998982129,3000,1000,64,IID_GAUSSIAN,109
EXACT_REPLAY_UNBOUNDED,16,0.744,1.0549230994406722,3000,1000,1024,IID_GAUSSIAN,109
ELIGIBILITY_TRACE_64,64,0.373,1.3704813736033492,3000,1000,64,IID_GAUSSIAN,109
EXACT_FIFO_64,64,0.269,1.3861834432657685,3000,1000,64,IID_GAUSSIAN,109
EXACT_FIFO_256,64,0.364,1.3856678429822504,3000,1000,256,IID_GAUSSIAN,109
EXACT_FIFO_1024,64,0.436,1.384368950390963,3000,1000,1024,IID_GAUSSIAN,109
EXACT_FIFO_4096,64,0.744,1.0536021294947946,3000,1000,4096,IID_GAUSSIAN,109
CURRENT_FEATURE_64,64,0.296,1.3800625550725405,3000,1000,64,IID_GAUSSIAN,109
EXACT_REPLAY_UNBOUNDED,64,0.744,1.0536021294947946,3000,1000,4096,IID_GAUSSIAN,109
ELIGIBILITY_TRACE_64,1,0.577,1.3054423482488695,3000,1000,64,IID_GAUSSIAN,110
EXACT_FIFO_64,1,0.737,1.0935825390664726,3000,1000,64,IID_GAUSSIAN,110
EXACT_FIFO_256,1,0.737,1.0935825390664726,3000,1000,64,IID_GAUSSIAN,110
EXACT_FIFO_1024,1,0.737,1.0935825390664726,3000,1000,64,IID_GAUSSIAN,110
EXACT_FIFO_4096,1,0.737,1.0935825390664726,3000,1000,64,IID_GAUSSIAN,110
CURRENT_FEATURE_64,1,0.296,1.381422907434363,3000,1000,64,IID_GAUSSIAN,110
EXACT_REPLAY_UNBOUNDED,1,0.737,1.0935825390664726,3000,1000,64,IID_GAUSSIAN,110
ELIGIBILITY_TRACE_64,4,0.565,1.3114067377599092,3000,1000,64,IID_GAUSSIAN,110
EXACT_FIFO_64,4,0.312,1.385942041504405,3000,1000,64,IID_GAUSSIAN,110
EXACT_FIFO_256,4,0.737,1.0935156336818712,3000,1000,256,IID_GAUSSIAN,110
EXACT_FIFO_1024,4,0.737,1.0935156336818712,3000,1000,256,IID_GAUSSIAN,110
EXACT_FIFO_4096,4,0.737,1.0935156336818712,3000,1000,256,IID_GAUSSIAN,110
CURRENT_FEATURE_64,4,0.264,1.3859378168946157,3000,1000,64,IID_GAUSSIAN,110
EXACT_REPLAY_UNBOUNDED,4,0.737,1.0935156336818712,3000,1000,256,IID_GAUSSIAN,110
ELIGIBILITY_TRACE_64,16,0.549,1.3224989204353843,3000,1000,64,IID_GAUSSIAN,110
EXACT_FIFO_64,16,0.312,1.385942041504405,3000,1000,64,IID_GAUSSIAN,110
EXACT_FIFO_256,16,0.355,1.3857633672958283,3000,1000,256,IID_GAUSSIAN,110
EXACT_FIFO_1024,16,0.737,1.0932518199305248,3000,1000,1024,IID_GAUSSIAN,110
EXACT_FIFO_4096,16,0.737,1.0932518199305248,3000,1000,1024,IID_GAUSSIAN,110
CURRENT_FEATURE_64,16,0.286,1.3803795632514921,3000,1000,64,IID_GAUSSIAN,110
EXACT_REPLAY_UNBOUNDED,16,0.737,1.0932518199305248,3000,1000,1024,IID_GAUSSIAN,110
ELIGIBILITY_TRACE_64,64,0.414,1.3559309724181816,3000,1000,64,IID_GAUSSIAN,110
EXACT_FIFO_64,64,0.312,1.385942041504405,3000,1000,64,IID_GAUSSIAN,110
EXACT_FIFO_256,64,0.355,1.3857633672958283,3000,1000,256,IID_GAUSSIAN,110
EXACT_FIFO_1024,64,0.437,1.3841079082055037,3000,1000,1024,IID_GAUSSIAN,110
EXACT_FIFO_4096,64,0.737,1.0922113147319283,3000,1000,4096,IID_GAUSSIAN,110
CURRENT_FEATURE_64,64,0.316,1.3790914572247024,3000,1000,64,IID_GAUSSIAN,110
EXACT_REPLAY_UNBOUNDED,64,0.737,1.0922113147319283,3000,1000,4096,IID_GAUSSIAN,110
ELIGIBILITY_TRACE_64,1,0.581,1.3117870428426488,3000,1000,64,IID_GAUSSIAN,111
EXACT_FIFO_64,1,0.799,1.037732150003555,3000,1000,64,IID_GAUSSIAN,111
EXACT_FIFO_256,1,0.799,1.037732150003555,3000,1000,64,IID_GAUSSIAN,111
EXACT_FIFO_1024,1,0.799,1.037732150003555,3000,1000,64,IID_GAUSSIAN,111
EXACT_FIFO_4096,1,0.799,1.037732150003555,3000,1000,64,IID_GAUSSIAN,111
CURRENT_FEATURE_64,1,0.271,1.387063526417892,3000,1000,64,IID_GAUSSIAN,111
EXACT_REPLAY_UNBOUNDED,1,0.799,1.037732150003555,3000,1000,64,IID_GAUSSIAN,111
ELIGIBILITY_TRACE_64,4,0.561,1.3206127565651484,3000,1000,64,IID_GAUSSIAN,111
EXACT_FIFO_64,4,0.269,1.3862371394676256,3000,1000,64,IID_GAUSSIAN,111
EXACT_FIFO_256,4,0.799,1.0376472780738308,3000,1000,256,IID_GAUSSIAN,111
EXACT_FIFO_1024,4,0.799,1.0376472780738308,3000,1000,256,IID_GAUSSIAN,111
EXACT_FIFO_4096,4,0.799,1.0376472780738308,3000,1000,256,IID_GAUSSIAN,111
CURRENT_FEATURE_64,4,0.152,1.3948855285856945,3000,1000,64,IID_GAUSSIAN,111
EXACT_REPLAY_UNBOUNDED,4,0.799,1.0376472780738308,3000,1000,256,IID_GAUSSIAN,111
ELIGIBILITY_TRACE_64,16,0.511,1.3355987798388165,3000,1000,64,IID_GAUSSIAN,111
EXACT_FIFO_64,16,0.269,1.3862371394676256,3000,1000,64,IID_GAUSSIAN,111
EXACT_FIFO_256,16,0.402,1.3854772449705293,3000,1000,256,IID_GAUSSIAN,111
EXACT_FIFO_1024,16,0.798,1.0372884658294532,3000,1000,1024,IID_GAUSSIAN,111
EXACT_FIFO_4096,16,0.798,1.0372884658294532,3000,1000,1024,IID_GAUSSIAN,111
CURRENT_FEATURE_64,16,0.281,1.3828696430104928,3000,1000,64,IID_GAUSSIAN,111
EXACT_REPLAY_UNBOUNDED,16,0.798,1.0372884658294532,3000,1000,1024,IID_GAUSSIAN,111
ELIGIBILITY_TRACE_64,64,0.306,1.37883576271128,3000,1000,64,IID_GAUSSIAN,111
EXACT_FIFO_64,64,0.269,1.3862371394676256,3000,1000,64,IID_GAUSSIAN,111
EXACT_FIFO_256,64,0.402,1.3854772449705293,3000,1000,256,IID_GAUSSIAN,111
EXACT_FIFO_1024,64,0.584,1.3824292454119855,3000,1000,1024,IID_GAUSSIAN,111
EXACT_FIFO_4096,64,0.798,1.0358879159442829,3000,1000,4096,IID_GAUSSIAN,111
CURRENT_FEATURE_64,64,0.207,1.3958753431629052,3000,1000,64,IID_GAUSSIAN,111
EXACT_REPLAY_UNBOUNDED,64,0.798,1.0358879159442829,3000,1000,4096,IID_GAUSSIAN,111
ELIGIBILITY_TRACE_64,1,0.595,1.3049716290594886,3000,1000,64,IID_GAUSSIAN,112
EXACT_FIFO_64,1,0.713,1.0789384622507554,3000,1000,64,IID_GAUSSIAN,112
EXACT_FIFO_256,1,0.713,1.0789384622507554,3000,1000,64,IID_GAUSSIAN,112
EXACT_FIFO_1024,1,0.713,1.0789384622507554,3000,1000,64,IID_GAUSSIAN,112
EXACT_FIFO_4096,1,0.713,1.0789384622507554,3000,1000,64,IID_GAUSSIAN,112
CURRENT_FEATURE_64,1,0.218,1.394416873004522,3000,1000,64,IID_GAUSSIAN,112
EXACT_REPLAY_UNBOUNDED,1,0.713,1.0789384622507554,3000,1000,64,IID_GAUSSIAN,112
ELIGIBILITY_TRACE_64,4,0.601,1.3097328301228952,3000,1000,64,IID_GAUSSIAN,112
EXACT_FIFO_64,4,0.324,1.3862081069741876,3000,1000,64,IID_GAUSSIAN,112
EXACT_FIFO_256,4,0.713,1.0788569288681293,3000,1000,256,IID_GAUSSIAN,112
EXACT_FIFO_1024,4,0.713,1.0788569288681293,3000,1000,256,IID_GAUSSIAN,112
EXACT_FIFO_4096,4,0.713,1.0788569288681293,3000,1000,256,IID_GAUSSIAN,112
CURRENT_FEATURE_64,4,0.304,1.3815681165583638,3000,1000,64,IID_GAUSSIAN,112
EXACT_REPLAY_UNBOUNDED,4,0.713,1.0788569288681293,3000,1000,256,IID_GAUSSIAN,112
ELIGIBILITY_TRACE_64,16,0.525,1.3278298581281132,3000,1000,64,IID_GAUSSIAN,112
EXACT_FIFO_64,16,0.324,1.3862081069741876,3000,1000,64,IID_GAUSSIAN,112
EXACT_FIFO_256,16,0.309,1.385838309795799,3000,1000,256,IID_GAUSSIAN,112
EXACT_FIFO_1024,16,0.713,1.0785640351510577,3000,1000,1024,IID_GAUSSIAN,112
EXACT_FIFO_4096,16,0.713,1.0785640351510577,3000,1000,1024,IID_GAUSSIAN,112
CURRENT_FEATURE_64,16,0.345,1.3678132589646546,3000,1000,64,IID_GAUSSIAN,112
EXACT_REPLAY_UNBOUNDED,16,0.713,1.0785640351510577,3000,1000,1024,IID_GAUSSIAN,112
ELIGIBILITY_TRACE_64,64,0.347,1.3633598272757754,3000,1000,64,IID_GAUSSIAN,112
EXACT_FIFO_64,64,0.324,1.3862081069741876,3000,1000,64,IID_GAUSSIAN,112
EXACT_FIFO_256,64,0.309,1.385838309795799,3000,1000,256,IID_GAUSSIAN,112
EXACT_FIFO_1024,64,0.401,1.3843242738901251,3000,1000,1024,IID_GAUSSIAN,112
EXACT_FIFO_4096,64,0.713,1.0773730944615534,3000,1000,4096,IID_GAUSSIAN,112
CURRENT_FEATURE_64,64,0.307,1.3794153781376173,3000,1000,64,IID_GAUSSIAN,112
EXACT_REPLAY_UNBOUNDED,64,0.713,1.0773730944615534,3000,1000,4096,IID_GAUSSIAN,112
ELIGIBILITY_TRACE_64,1,0.626,1.307026972220505,3000,1000,64,IID_GAUSSIAN,113
EXACT_FIFO_64,1,0.772,1.0715891772068749,3000,1000,64,IID_GAUSSIAN,113
EXACT_FIFO_256,1,0.772,1.0715891772068749,3000,1000,64,IID_GAUSSIAN,113
EXACT_FIFO_1024,1,0.772,1.0715891772068749,3000,1000,64,IID_GAUSSIAN,113
EXACT_FIFO_4096,1,0.772,1.0715891772068749,3000,1000,64,IID_GAUSSIAN,113
CURRENT_FEATURE_64,1,0.31,1.3806823476001946,3000,1000,64,IID_GAUSSIAN,113
EXACT_REPLAY_UNBOUNDED,1,0.772,1.0715891772068749,3000,1000,64,IID_GAUSSIAN,113
ELIGIBILITY_TRACE_64,4,0.64,1.3113353030942116,3000,1000,64,IID_GAUSSIAN,113
EXACT_FIFO_64,4,0.301,1.3861287063560048,3000,1000,64,IID_GAUSSIAN,113
EXACT_FIFO_256,4,0.772,1.0715131168754843,3000,1000,256,IID_GAUSSIAN,113
EXACT_FIFO_1024,4,0.772,1.0715131168754843,3000,1000,256,IID_GAUSSIAN,113
EXACT_FIFO_4096,4,0.772,1.0715131168754843,3000,1000,256,IID_GAUSSIAN,113
CURRENT_FEATURE_64,4,0.219,1.3918726893095645,3000,1000,64,IID_GAUSSIAN,113
EXACT_REPLAY_UNBOUNDED,4,0.772,1.0715131168754843,3000,1000,256,IID_GAUSSIAN,113
ELIGIBILITY_TRACE_64,16,0.562,1.332202742853441,3000,1000,64,IID_GAUSSIAN,113
EXACT_FIFO_64,16,0.301,1.3861287063560048,3000,1000,64,IID_GAUSSIAN,113
EXACT_FIFO_256,16,0.369,1.38557405408372,3000,1000,256,IID_GAUSSIAN,113
EXACT_FIFO_1024,16,0.772,1.0712234850623499,3000,1000,1024,IID_GAUSSIAN,113
EXACT_FIFO_4096,16,0.772,1.0712234850623499,3000,1000,1024,IID_GAUSSIAN,113
CURRENT_FEATURE_64,16,0.146,1.4036423689194633,3000,1000,64,IID_GAUSSIAN,113
EXACT_REPLAY_UNBOUNDED,16,0.772,1.0712234850623499,3000,1000,1024,IID_GAUSSIAN,113
ELIGIBILITY_TRACE_64,64,0.367,1.366585860371873,3000,1000,64,IID_GAUSSIAN,113
EXACT_FIFO_64,64,0.301,1.3861287063560048,3000,1000,64,IID_GAUSSIAN,113
EXACT_FIFO_256,64,0.369,1.38557405408372,3000,1000,256,IID_GAUSSIAN,113
EXACT_FIFO_1024,64,0.394,1.3843722546992867,3000,1000,1024,IID_GAUSSIAN,113
EXACT_FIFO_4096,64,0.772,1.070076629404907,3000,1000,4096,IID_GAUSSIAN,113
CURRENT_FEATURE_64,64,0.228,1.3919135106073164,3000,1000,64,IID_GAUSSIAN,113
EXACT_REPLAY_UNBOUNDED,64,0.772,1.070076629404907,3000,1000,4096,IID_GAUSSIAN,113
ELIGIBILITY_TRACE_64,1,0.62,1.3046017883093228,3000,1000,64,IID_GAUSSIAN,114
EXACT_FIFO_64,1,0.77,1.053702870671712,3000,1000,64,IID_GAUSSIAN,114
EXACT_FIFO_256,1,0.77,1.053702870671712,3000,1000,64,IID_GAUSSIAN,114
EXACT_FIFO_1024,1,0.77,1.053702870671712,3000,1000,64,IID_GAUSSIAN,114
EXACT_FIFO_4096,1,0.77,1.053702870671712,3000,1000,64,IID_GAUSSIAN,114
CURRENT_FEATURE_64,1,0.278,1.3810667766287146,3000,1000,64,IID_GAUSSIAN,114
EXACT_REPLAY_UNBOUNDED,1,0.77,1.053702870671712,3000,1000,64,IID_GAUSSIAN,114
ELIGIBILITY_TRACE_64,4,0.622,1.306690008588115,3000,1000,64,IID_GAUSSIAN,114
EXACT_FIFO_64,4,0.243,1.3862618064813002,3000,1000,64,IID_GAUSSIAN,114
EXACT_FIFO_256,4,0.77,1.0536256103270074,3000,1000,256,IID_GAUSSIAN,114
EXACT_FIFO_1024,4,0.77,1.0536256103270074,3000,1000,256,IID_GAUSSIAN,114
EXACT_FIFO_4096,4,0.77,1.0536256103270074,3000,1000,256,IID_GAUSSIAN,114
CURRENT_FEATURE_64,4,0.287,1.382259344951852,3000,1000,64,IID_GAUSSIAN,114
EXACT_REPLAY_UNBOUNDED,4,0.77,1.0536256103270074,3000,1000,256,IID_GAUSSIAN,114
ELIGIBILITY_TRACE_64,16,0.609,1.3199893203105209,3000,1000,64,IID_GAUSSIAN,114
EXACT_FIFO_64,16,0.243,1.3862618064813002,3000,1000,64,IID_GAUSSIAN,114
EXACT_FIFO_256,16,0.388,1.3856223435191921,3000,1000,256,IID_GAUSSIAN,114
EXACT_FIFO_1024,16,0.771,1.0533079016785412,3000,1000,1024,IID_GAUSSIAN,114
EXACT_FIFO_4096,16,0.771,1.0533079016785412,3000,1000,1024,IID_GAUSSIAN,114
CURRENT_FEATURE_64,16,0.236,1.3897834686383874,3000,1000,64,IID_GAUSSIAN,114
EXACT_REPLAY_UNBOUNDED,16,0.771,1.0533079016785412,3000,1000,1024,IID_GAUSSIAN,114
ELIGIBILITY_TRACE_64,64,0.419,1.3619946381023984,3000,1000,64,IID_GAUSSIAN,114
EXACT_FIFO_64,64,0.243,1.3862618064813002,3000,1000,64,IID_GAUSSIAN,114
EXACT_FIFO_256,64,0.388,1.3856223435191921,3000,1000,256,IID_GAUSSIAN,114
EXACT_FIFO_1024,64,0.499,1.3836678755536613,3000,1000,1024,IID_GAUSSIAN,114
EXACT_FIFO_4096,64,0.771,1.0520557416607879,3000,1000,4096,IID_GAUSSIAN,114
CURRENT_FEATURE_64,64,0.224,1.3889829234485542,3000,1000,64,IID_GAUSSIAN,114
EXACT_REPLAY_UNBOUNDED,64,0.771,1.0520557416607879,3000,1000,4096,IID_GAUSSIAN,114
ELIGIBILITY_TRACE_64,1,0.608,1.3103877780891264,3000,1000,64,IID_GAUSSIAN,115
EXACT_FIFO_64,1,0.801,1.036707843976394,3000,1000,64,IID_GAUSSIAN,115
EXACT_FIFO_256,1,0.801,1.036707843976394,3000,1000,64,IID_GAUSSIAN,115
EXACT_FIFO_1024,1,0.801,1.036707843976394,3000,1000,64,IID_GAUSSIAN,115
EXACT_FIFO_4096,1,0.801,1.036707843976394,3000,1000,64,IID_GAUSSIAN,115
CURRENT_FEATURE_64,1,0.148,1.4027701171077571,3000,1000,64,IID_GAUSSIAN,115
EXACT_REPLAY_UNBOUNDED,1,0.801,1.036707843976394,3000,1000,64,IID_GAUSSIAN,115
ELIGIBILITY_TRACE_64,4,0.575,1.3165801120412648,3000,1000,64,IID_GAUSSIAN,115
EXACT_FIFO_64,4,0.199,1.3862687162112206,3000,1000,64,IID_GAUSSIAN,115
EXACT_FIFO_256,4,0.801,1.0366190459453701,3000,1000,256,IID_GAUSSIAN,115
EXACT_FIFO_1024,4,0.801,1.0366190459453701,3000,1000,256,IID_GAUSSIAN,115
EXACT_FIFO_4096,4,0.801,1.0366190459453701,3000,1000,256,IID_GAUSSIAN,115
CURRENT_FEATURE_64,4,0.196,1.3973083682133112,3000,1000,64,IID_GAUSSIAN,115
EXACT_REPLAY_UNBOUNDED,4,0.801,1.0366190459453701,3000,1000,256,IID_GAUSSIAN,115
ELIGIBILITY_TRACE_64,16,0.547,1.3327088146727497,3000,1000,64,IID_GAUSSIAN,115
EXACT_FIFO_64,16,0.199,1.3862687162112206,3000,1000,64,IID_GAUSSIAN,115
EXACT_FIFO_256,16,0.313,1.3858376182637402,3000,1000,256,IID_GAUSSIAN,115
EXACT_FIFO_1024,16,0.801,1.0362735870785595,3000,1000,1024,IID_GAUSSIAN,115
EXACT_FIFO_4096,16,0.801,1.0362735870785595,3000,1000,1024,IID_GAUSSIAN,115
CURRENT_FEATURE_64,16,0.297,1.3837226698535319,3000,1000,64,IID_GAUSSIAN,115
EXACT_REPLAY_UNBOUNDED,16,0.801,1.0362735870785595,3000,1000,1024,IID_GAUSSIAN,115
ELIGIBILITY_TRACE_64,64,0.349,1.3651695671809165,3000,1000,64,IID_GAUSSIAN,115
EXACT_FIFO_64,64,0.199,1.3862687162112206,3000,1000,64,IID_GAUSSIAN,115
EXACT_FIFO_256,64,0.313,1.3858376182637402,3000,1000,256,IID_GAUSSIAN,115
EXACT_FIFO_1024,64,0.388,1.3843468553430653,3000,1000,1024,IID_GAUSSIAN,115
EXACT_FIFO_4096,64,0.801,1.0348838559859155,3000,1000,4096,IID_GAUSSIAN,115
CURRENT_FEATURE_64,64,0.207,1.392494100100817,3000,1000,64,IID_GAUSSIAN,115
EXACT_REPLAY_UNBOUNDED,64,0.801,1.0348838559859155,3000,1000,4096,IID_GAUSSIAN,115
ELIGIBILITY_TRACE_64,1,0.591,1.3078100821264018,3000,1000,64,IID_GAUSSIAN,116
EXACT_FIFO_64,1,0.74,1.0841968545874714,3000,1000,64,IID_GAUSSIAN,116
EXACT_FIFO_256,1,0.74,1.0841968545874714,3000,1000,64,IID_GAUSSIAN,116
EXACT_FIFO_1024,1,0.74,1.0841968545874714,3000,1000,64,IID_GAUSSIAN,116
EXACT_FIFO_4096,1,0.74,1.0841968545874714,3000,1000,64,IID_GAUSSIAN,116
CURRENT_FEATURE_64,1,0.275,1.382686477980029,3000,1000,64,IID_GAUSSIAN,116
EXACT_REPLAY_UNBOUNDED,1,0.74,1.0841968545874714,3000,1000,64,IID_GAUSSIAN,116
ELIGIBILITY_TRACE_64,4,0.582,1.3164699476262063,3000,1000,64,IID_GAUSSIAN,116
EXACT_FIFO_64,4,0.279,1.3861869124330883,3000,1000,64,IID_GAUSSIAN,116
EXACT_FIFO_256,4,0.74,1.084124746197906,3000,1000,256,IID_GAUSSIAN,116
EXACT_FIFO_1024,4,0.74,1.084124746197906,3000,1000,256,IID_GAUSSIAN,116
EXACT_FIFO_4096,4,0.74,1.084124746197906,3000,1000,256,IID_GAUSSIAN,116
CURRENT_FEATURE_64,4,0.256,1.3887163561622438,3000,1000,64,IID_GAUSSIAN,116
EXACT_REPLAY_UNBOUNDED,4,0.74,1.084124746197906,3000,1000,256,IID_GAUSSIAN,116
ELIGIBILITY_TRACE_64,16,0.53,1.3317039120924192,3000,1000,64,IID_GAUSSIAN,116
EXACT_FIFO_64,16,0.279,1.3861869124330883,3000,1000,64,IID_GAUSSIAN,116
EXACT_FIFO_256,16,0.335,1.3858581985701084,3000,1000,256,IID_GAUSSIAN,116
EXACT_FIFO_1024,16,0.74,1.08383648541028,3000,1000,1024,IID_GAUSSIAN,116
EXACT_FIFO_4096,16,0.74,1.08383648541028,3000,1000,1024,IID_GAUSSIAN,116
CURRENT_FEATURE_64,16,0.178,1.4037536075663113,3000,1000,64,IID_GAUSSIAN,116
EXACT_REPLAY_UNBOUNDED,16,0.74,1.08383648541028,3000,1000,1024,IID_GAUSSIAN,116
ELIGIBILITY_TRACE_64,64,0.36,1.3715995786479613,3000,1000,64,IID_GAUSSIAN,116
EXACT_FIFO_64,64,0.279,1.3861869124330883,3000,1000,64,IID_GAUSSIAN,116
EXACT_FIFO_256,64,0.335,1.3858581985701084,3000,1000,256,IID_GAUSSIAN,116
EXACT_FIFO_1024,64,0.402,1.3844895340297567,3000,1000,1024,IID_GAUSSIAN,116
EXACT_FIFO_4096,64,0.74,1.0827221841492911,3000,1000,4096,IID_GAUSSIAN,116
CURRENT_FEATURE_64,64,0.327,1.3798983808900653,3000,1000,64,IID_GAUSSIAN,116
EXACT_REPLAY_UNBOUNDED,64,0.74,1.0827221841492911,3000,1000,4096,IID_GAUSSIAN,116
ELIGIBILITY_TRACE_64,1,0.68,1.3126062711921724,3000,1000,64,IID_GAUSSIAN,117
EXACT_FIFO_64,1,0.794,1.0684767205463828,3000,1000,64,IID_GAUSSIAN,117
EXACT_FIFO_256,1,0.794,1.0684767205463828,3000,1000,64,IID_GAUSSIAN,117
EXACT_FIFO_1024,1,0.794,1.0684767205463828,3000,1000,64,IID_GAUSSIAN,117
EXACT_FIFO_4096,1,0.794,1.0684767205463828,3000,1000,64,IID_GAUSSIAN,117
CURRENT_FEATURE_64,1,0.249,1.3875760580756356,3000,1000,64,IID_GAUSSIAN,117
EXACT_REPLAY_UNBOUNDED,1,0.794,1.0684767205463828,3000,1000,64,IID_GAUSSIAN,117
ELIGIBILITY_TRACE_64,4,0.664,1.3144028321073933,3000,1000,64,IID_GAUSSIAN,117
EXACT_FIFO_64,4,0.266,1.3861828175421012,3000,1000,64,IID_GAUSSIAN,117
EXACT_FIFO_256,4,0.794,1.0684012691520774,3000,1000,256,IID_GAUSSIAN,117
EXACT_FIFO_1024,4,0.794,1.0684012691520774,3000,1000,256,IID_GAUSSIAN,117
EXACT_FIFO_4096,4,0.794,1.0684012691520774,3000,1000,256,IID_GAUSSIAN,117
CURRENT_FEATURE_64,4,0.275,1.3815920387054876,3000,1000,64,IID_GAUSSIAN,117
EXACT_REPLAY_UNBOUNDED,4,0.794,1.0684012691520774,3000,1000,256,IID_GAUSSIAN,117
ELIGIBILITY_TRACE_64,16,0.62,1.3285362851347282,3000,1000,64,IID_GAUSSIAN,117
EXACT_FIFO_64,16,0.266,1.3861828175421012,3000,1000,64,IID_GAUSSIAN,117
EXACT_FIFO_256,16,0.386,1.3857030628909506,3000,1000,256,IID_GAUSSIAN,117
EXACT_FIFO_1024,16,0.794,1.0681105471684829,3000,1000,1024,IID_GAUSSIAN,117
EXACT_FIFO_4096,16,0.794,1.0681105471684829,3000,1000,1024,IID_GAUSSIAN,117
CURRENT_FEATURE_64,16,0.202,1.3965333882495583,3000,1000,64,IID_GAUSSIAN,117
EXACT_REPLAY_UNBOUNDED,16,0.794,1.0681105471684829,3000,1000,1024,IID_GAUSSIAN,117
ELIGIBILITY_TRACE_64,64,0.444,1.3593115155387072,3000,1000,64,IID_GAUSSIAN,117
EXACT_FIFO_64,64,0.266,1.3861828175421012,3000,1000,64,IID_GAUSSIAN,117
EXACT_FIFO_256,64,0.386,1.3857030628909506,3000,1000,256,IID_GAUSSIAN,117
EXACT_FIFO_1024,64,0.495,1.384059136998962,3000,1000,1024,IID_GAUSSIAN,117
EXACT_FIFO_4096,64,0.793,1.066939741619533,3000,1000,4096,IID_GAUSSIAN,117
CURRENT_FEATURE_64,64,0.271,1.3864809512485068,3000,1000,64,IID_GAUSSIAN,117
EXACT_REPLAY_UNBOUNDED,64,0.793,1.066939741619533,3000,1000,4096,IID_GAUSSIAN,117
ELIGIBILITY_TRACE_64,1,0.56,1.3089184635294402,3000,1000,64,IID_GAUSSIAN,118
EXACT_FIFO_64,1,0.717,1.078572268827001,3000,1000,64,IID_GAUSSIAN,118
EXACT_FIFO_256,1,0.717,1.078572268827001,3000,1000,64,IID_GAUSSIAN,118
EXACT_FIFO_1024,1,0.717,1.078572268827001,3000,1000,64,IID_GAUSSIAN,118
EXACT_FIFO_4096,1,0.717,1.078572268827001,3000,1000,64,IID_GAUSSIAN,118
CURRENT_FEATURE_64,1,0.303,1.3800128781249967,3000,1000,64,IID_GAUSSIAN,118
EXACT_REPLAY_UNBOUNDED,1,0.717,1.078572268827001,3000,1000,64,IID_GAUSSIAN,118
ELIGIBILITY_TRACE_64,4,0.552,1.3123350973484404,3000,1000,64,IID_GAUSSIAN,118
EXACT_FIFO_64,4,0.246,1.3861514289636807,3000,1000,64,IID_GAUSSIAN,118
EXACT_FIFO_256,4,0.717,1.0785013146435767,3000,1000,256,IID_GAUSSIAN,118
EXACT_FIFO_1024,4,0.717,1.0785013146435767,3000,1000,256,IID_GAUSSIAN,118
EXACT_FIFO_4096,4,0.717,1.0785013146435767,3000,1000,256,IID_GAUSSIAN,118
CURRENT_FEATURE_64,4,0.259,1.3889211192645927,3000,1000,64,IID_GAUSSIAN,118
EXACT_REPLAY_UNBOUNDED,4,0.717,1.0785013146435767,3000,1000,256,IID_GAUSSIAN,118
ELIGIBILITY_TRACE_64,16,0.54,1.3266368985342074,3000,1000,64,IID_GAUSSIAN,118
EXACT_FIFO_64,16,0.246,1.3861514289636807,3000,1000,64,IID_GAUSSIAN,118
EXACT_FIFO_256,16,0.338,1.385881338501817,3000,1000,256,IID_GAUSSIAN,118
EXACT_FIFO_1024,16,0.717,1.078197626471366,3000,1000,1024,IID_GAUSSIAN,118
EXACT_FIFO_4096,16,0.717,1.078197626471366,3000,1000,1024,IID_GAUSSIAN,118
CURRENT_FEATURE_64,16,0.275,1.3864879885399937,3000,1000,64,IID_GAUSSIAN,118
EXACT_REPLAY_UNBOUNDED,16,0.717,1.078197626471366,3000,1000,1024,IID_GAUSSIAN,118
ELIGIBILITY_TRACE_64,64,0.362,1.3691120991281704,3000,1000,64,IID_GAUSSIAN,118
EXACT_FIFO_64,64,0.246,1.3861514289636807,3000,1000,64,IID_GAUSSIAN,118
EXACT_FIFO_256,64,0.338,1.385881338501817,3000,1000,256,IID_GAUSSIAN,118
EXACT_FIFO_1024,64,0.428,1.384007913185847,3000,1000,1024,IID_GAUSSIAN,118
EXACT_FIFO_4096,64,0.717,1.077000980210915,3000,1000,4096,IID_GAUSSIAN,118
CURRENT_FEATURE_64,64,0.269,1.3837723363087624,3000,1000,64,IID_GAUSSIAN,118
EXACT_REPLAY_UNBOUNDED,64,0.717,1.077000980210915,3000,1000,4096,IID_GAUSSIAN,118
ELIGIBILITY_TRACE_64,1,0.577,1.319586437329664,3000,1000,64,IID_GAUSSIAN,119
EXACT_FIFO_64,1,0.771,1.0826761455765186,3000,1000,64,IID_GAUSSIAN,119
EXACT_FIFO_256,1,0.771,1.0826761455765186,3000,1000,64,IID_GAUSSIAN,119
EXACT_FIFO_1024,1,0.771,1.0826761455765186,3000,1000,64,IID_GAUSSIAN,119
EXACT_FIFO_4096,1,0.771,1.0826761455765186,3000,1000,64,IID_GAUSSIAN,119
CURRENT_FEATURE_64,1,0.281,1.3822335998868351,3000,1000,64,IID_GAUSSIAN,119
EXACT_REPLAY_UNBOUNDED,1,0.771,1.0826761455765186,3000,1000,64,IID_GAUSSIAN,119
ELIGIBILITY_TRACE_64,4,0.57,1.3228579548144843,3000,1000,64,IID_GAUSSIAN,119
EXACT_FIFO_64,4,0.305,1.38617808015779,3000,1000,64,IID_GAUSSIAN,119
EXACT_FIFO_256,4,0.771,1.0826066832070629,3000,1000,256,IID_GAUSSIAN,119
EXACT_FIFO_1024,4,0.771,1.0826066832070629,3000,1000,256,IID_GAUSSIAN,119
EXACT_FIFO_4096,4,0.771,1.0826066832070629,3000,1000,256,IID_GAUSSIAN,119
CURRENT_FEATURE_64,4,0.304,1.3783185394007704,3000,1000,64,IID_GAUSSIAN,119
EXACT_REPLAY_UNBOUNDED,4,0.771,1.0826066832070629,3000,1000,256,IID_GAUSSIAN,119
ELIGIBILITY_TRACE_64,16,0.52,1.332606568123293,3000,1000,64,IID_GAUSSIAN,119
EXACT_FIFO_64,16,0.305,1.38617808015779,3000,1000,64,IID_GAUSSIAN,119
EXACT_FIFO_256,16,0.368,1.3856663360058994,3000,1000,256,IID_GAUSSIAN,119
EXACT_FIFO_1024,16,0.771,1.0823242987043145,3000,1000,1024,IID_GAUSSIAN,119
EXACT_FIFO_4096,16,0.771,1.0823242987043145,3000,1000,1024,IID_GAUSSIAN,119
CURRENT_FEATURE_64,16,0.208,1.3932561899283724,3000,1000,64,IID_GAUSSIAN,119
EXACT_REPLAY_UNBOUNDED,16,0.771,1.0823242987043145,3000,1000,1024,IID_GAUSSIAN,119
ELIGIBILITY_TRACE_64,64,0.355,1.374584630825223,3000,1000,64,IID_GAUSSIAN,119
EXACT_FIFO_64,64,0.305,1.38617808015779,3000,1000,64,IID_GAUSSIAN,119
EXACT_FIFO_256,64,0.368,1.3856663360058994,3000,1000,256,IID_GAUSSIAN,119
EXACT_FIFO_1024,64,0.394,1.3844338278812256,3000,1000,1024,IID_GAUSSIAN,119
EXACT_FIFO_4096,64,0.771,1.081210125375811,3000,1000,4096,IID_GAUSSIAN,119
CURRENT_FEATURE_64,64,0.241,1.3877394774468206,3000,1000,64,IID_GAUSSIAN,119
EXACT_REPLAY_UNBOUNDED,64,0.771,1.081210125375811,3000,1000,4096,IID_GAUSSIAN,119
ELIGIBILITY_TRACE_64,1,0.597,1.3160636256659368,3000,1000,64,IID_GAUSSIAN,120
EXACT_FIFO_64,1,0.783,1.076777480848572,3000,1000,64,IID_GAUSSIAN,120
EXACT_FIFO_256,1,0.783,1.076777480848572,3000,1000,64,IID_GAUSSIAN,120
EXACT_FIFO_1024,1,0.783,1.076777480848572,3000,1000,64,IID_GAUSSIAN,120
EXACT_FIFO_4096,1,0.783,1.076777480848572,3000,1000,64,IID_GAUSSIAN,120
CURRENT_FEATURE_64,1,0.345,1.375775539576744,3000,1000,64,IID_GAUSSIAN,120
EXACT_REPLAY_UNBOUNDED,1,0.783,1.076777480848572,3000,1000,64,IID_GAUSSIAN,120
ELIGIBILITY_TRACE_64,4,0.588,1.3215219604798525,3000,1000,64,IID_GAUSSIAN,120
EXACT_FIFO_64,4,0.312,1.3860880694188205,3000,1000,64,IID_GAUSSIAN,120
EXACT_FIFO_256,4,0.783,1.0767088742041853,3000,1000,256,IID_GAUSSIAN,120
EXACT_FIFO_1024,4,0.783,1.0767088742041853,3000,1000,256,IID_GAUSSIAN,120
EXACT_FIFO_4096,4,0.783,1.0767088742041853,3000,1000,256,IID_GAUSSIAN,120
CURRENT_FEATURE_64,4,0.273,1.3802962147704188,3000,1000,64,IID_GAUSSIAN,120
EXACT_REPLAY_UNBOUNDED,4,0.783,1.0767088742041853,3000,1000,256,IID_GAUSSIAN,120
ELIGIBILITY_TRACE_64,16,0.501,1.3359803017677483,3000,1000,64,IID_GAUSSIAN,120
EXACT_FIFO_64,16,0.312,1.3860880694188205,3000,1000,64,IID_GAUSSIAN,120
EXACT_FIFO_256,16,0.432,1.3854675768695361,3000,1000,256,IID_GAUSSIAN,120
EXACT_FIFO_1024,16,0.783,1.0764172778833547,3000,1000,1024,IID_GAUSSIAN,120
EXACT_FIFO_4096,16,0.783,1.0764172778833547,3000,1000,1024,IID_GAUSSIAN,120
CURRENT_FEATURE_64,16,0.302,1.38029781143024,3000,1000,64,IID_GAUSSIAN,120
EXACT_REPLAY_UNBOUNDED,16,0.783,1.0764172778833547,3000,1000,1024,IID_GAUSSIAN,120
ELIGIBILITY_TRACE_64,64,0.372,1.3648701390173674,3000,1000,64,IID_GAUSSIAN,120
EXACT_FIFO_64,64,0.312,1.3860880694188205,3000,1000,64,IID_GAUSSIAN,120
EXACT_FIFO_256,64,0.432,1.3854675768695361,3000,1000,256,IID_GAUSSIAN,120
EXACT_FIFO_1024,64,0.475,1.3832693021880067,3000,1000,1024,IID_GAUSSIAN,120
EXACT_FIFO_4096,64,0.783,1.0752552968010969,3000,1000,4096,IID_GAUSSIAN,120
CURRENT_FEATURE_64,64,0.211,1.3930926499158713,3000,1000,64,IID_GAUSSIAN,120
EXACT_REPLAY_UNBOUNDED,64,0.783,1.0752552968010969,3000,1000,4096,IID_GAUSSIAN,120
ELIGIBILITY_TRACE_64,1,0.627,1.2922192283818497,3000,1000,64,IID_GAUSSIAN,121
EXACT_FIFO_64,1,0.79,1.0730692665037258,3000,1000,64,IID_GAUSSIAN,121
EXACT_FIFO_256,1,0.79,1.0730692665037258,3000,1000,64,IID_GAUSSIAN,121
EXACT_FIFO_1024,1,0.79,1.0730692665037258,3000,1000,64,IID_GAUSSIAN,121
EXACT_FIFO_4096,1,0.79,1.0730692665037258,3000,1000,64,IID_GAUSSIAN,121
CURRENT_FEATURE_64,1,0.379,1.3657493688139395,3000,1000,64,IID_GAUSSIAN,121
EXACT_REPLAY_UNBOUNDED,1,0.79,1.0730692665037258,3000,1000,64,IID_GAUSSIAN,121
ELIGIBILITY_TRACE_64,4,0.583,1.3015089658533106,3000,1000,64,IID_GAUSSIAN,121
EXACT_FIFO_64,4,0.322,1.386107517851411,3000,1000,64,IID_GAUSSIAN,121
EXACT_FIFO_256,4,0.79,1.0729960017307658,3000,1000,256,IID_GAUSSIAN,121
EXACT_FIFO_1024,4,0.79,1.0729960017307658,3000,1000,256,IID_GAUSSIAN,121
EXACT_FIFO_4096,4,0.79,1.0729960017307658,3000,1000,256,IID_GAUSSIAN,121
CURRENT_FEATURE_64,4,0.185,1.3961378611372957,3000,1000,64,IID_GAUSSIAN,121
EXACT_REPLAY_UNBOUNDED,4,0.79,1.0729960017307658,3000,1000,256,IID_GAUSSIAN,121
ELIGIBILITY_TRACE_64,16,0.528,1.318925646532532,3000,1000,64,IID_GAUSSIAN,121
EXACT_FIFO_64,16,0.322,1.386107517851411,3000,1000,64,IID_GAUSSIAN,121
EXACT_FIFO_256,16,0.336,1.385754541681914,3000,1000,256,IID_GAUSSIAN,121
EXACT_FIFO_1024,16,0.79,1.0727070163015482,3000,1000,1024,IID_GAUSSIAN,121
EXACT_FIFO_4096,16,0.79,1.0727070163015482,3000,1000,1024,IID_GAUSSIAN,121
CURRENT_FEATURE_64,16,0.268,1.3850967026820549,3000,1000,64,IID_GAUSSIAN,121
EXACT_REPLAY_UNBOUNDED,16,0.79,1.0727070163015482,3000,1000,1024,IID_GAUSSIAN,121
ELIGIBILITY_TRACE_64,64,0.364,1.3628601675391592,3000,1000,64,IID_GAUSSIAN,121
EXACT_FIFO_64,64,0.322,1.386107517851411,3000,1000,64,IID_GAUSSIAN,121
EXACT_FIFO_256,64,0.336,1.385754541681914,3000,1000,256,IID_GAUSSIAN,121
EXACT_FIFO_1024,64,0.432,1.384148774554516,3000,1000,1024,IID_GAUSSIAN,121
EXACT_FIFO_4096,64,0.789,1.0715490975068942,3000,1000,4096,IID_GAUSSIAN,121
CURRENT_FEATURE_64,64,0.22,1.3922148530857739,3000,1000,64,IID_GAUSSIAN,121
EXACT_REPLAY_UNBOUNDED,64,0.789,1.0715490975068942,3000,1000,4096,IID_GAUSSIAN,121
ELIGIBILITY_TRACE_64,1,0.649,1.2947066474092024,3000,1000,64,IID_GAUSSIAN,122
EXACT_FIFO_64,1,0.771,1.0354516207218798,3000,1000,64,IID_GAUSSIAN,122
EXACT_FIFO_256,1,0.771,1.0354516207218798,3000,1000,64,IID_GAUSSIAN,122
EXACT_FIFO_1024,1,0.771,1.0354516207218798,3000,1000,64,IID_GAUSSIAN,122
EXACT_FIFO_4096,1,0.771,1.0354516207218798,3000,1000,64,IID_GAUSSIAN,122
CURRENT_FEATURE_64,1,0.228,1.39340150881285,3000,1000,64,IID_GAUSSIAN,122
EXACT_REPLAY_UNBOUNDED,1,0.771,1.0354516207218798,3000,1000,64,IID_GAUSSIAN,122
ELIGIBILITY_TRACE_64,4,0.656,1.3004184315937724,3000,1000,64,IID_GAUSSIAN,122
EXACT_FIFO_64,4,0.358,1.386087913615405,3000,1000,64,IID_GAUSSIAN,122
EXACT_FIFO_256,4,0.771,1.0353635733629925,3000,1000,256,IID_GAUSSIAN,122
EXACT_FIFO_1024,4,0.771,1.0353635733629925,3000,1000,256,IID_GAUSSIAN,122
EXACT_FIFO_4096,4,0.771,1.0353635733629925,3000,1000,256,IID_GAUSSIAN,122
CURRENT_FEATURE_64,4,0.181,1.39608134872028,3000,1000,64,IID_GAUSSIAN,122
EXACT_REPLAY_UNBOUNDED,4,0.771,1.0353635733629925,3000,1000,256,IID_GAUSSIAN,122
ELIGIBILITY_TRACE_64,16,0.574,1.31507156100584,3000,1000,64,IID_GAUSSIAN,122
EXACT_FIFO_64,16,0.358,1.386087913615405,3000,1000,64,IID_GAUSSIAN,122
EXACT_FIFO_256,16,0.421,1.385448151991477,3000,1000,256,IID_GAUSSIAN,122
EXACT_FIFO_1024,16,0.77,1.0350067780166816,3000,1000,1024,IID_GAUSSIAN,122
EXACT_FIFO_4096,16,0.77,1.0350067780166816,3000,1000,1024,IID_GAUSSIAN,122
CURRENT_FEATURE_64,16,0.221,1.391694620961372,3000,1000,64,IID_GAUSSIAN,122
EXACT_REPLAY_UNBOUNDED,16,0.77,1.0350067780166816,3000,1000,1024,IID_GAUSSIAN,122
ELIGIBILITY_TRACE_64,64,0.398,1.361314183654942,3000,1000,64,IID_GAUSSIAN,122
EXACT_FIFO_64,64,0.358,1.386087913615405,3000,1000,64,IID_GAUSSIAN,122
EXACT_FIFO_256,64,0.421,1.385448151991477,3000,1000,256,IID_GAUSSIAN,122
EXACT_FIFO_1024,64,0.525,1.3830677854451698,3000,1000,1024,IID_GAUSSIAN,122
EXACT_FIFO_4096,64,0.77,1.0335878164461563,3000,1000,4096,IID_GAUSSIAN,122
CURRENT_FEATURE_64,64,0.355,1.3740127140309772,3000,1000,64,IID_GAUSSIAN,122
EXACT_REPLAY_UNBOUNDED,64,0.77,1.0335878164461563,3000,1000,4096,IID_GAUSSIAN,122
ELIGIBILITY_TRACE_64,1,0.601,1.3017935613230907,3000,1000,64,IID_GAUSSIAN,123
EXACT_FIFO_64,1,0.79,1.07487477501869,3000,1000,64,IID_GAUSSIAN,123
EXACT_FIFO_256,1,0.79,1.07487477501869,3000,1000,64,IID_GAUSSIAN,123
EXACT_FIFO_1024,1,0.79,1.07487477501869,3000,1000,64,IID_GAUSSIAN,123
EXACT_FIFO_4096,1,0.79,1.07487477501869,3000,1000,64,IID_GAUSSIAN,123
CURRENT_FEATURE_64,1,0.294,1.3810205374577709,3000,1000,64,IID_GAUSSIAN,123
EXACT_REPLAY_UNBOUNDED,1,0.79,1.07487477501869,3000,1000,64,IID_GAUSSIAN,123
ELIGIBILITY_TRACE_64,4,0.585,1.3116356703591856,3000,1000,64,IID_GAUSSIAN,123
EXACT_FIFO_64,4,0.382,1.3860706126228624,3000,1000,64,IID_GAUSSIAN,123
EXACT_FIFO_256,4,0.79,1.074805464300529,3000,1000,256,IID_GAUSSIAN,123
EXACT_FIFO_1024,4,0.79,1.074805464300529,3000,1000,256,IID_GAUSSIAN,123
EXACT_FIFO_4096,4,0.79,1.074805464300529,3000,1000,256,IID_GAUSSIAN,123
CURRENT_FEATURE_64,4,0.192,1.3970957275469145,3000,1000,64,IID_GAUSSIAN,123
EXACT_REPLAY_UNBOUNDED,4,0.79,1.074805464300529,3000,1000,256,IID_GAUSSIAN,123
ELIGIBILITY_TRACE_64,16,0.54,1.3251127084167516,3000,1000,64,IID_GAUSSIAN,123
EXACT_FIFO_64,16,0.382,1.3860706126228624,3000,1000,64,IID_GAUSSIAN,123
EXACT_FIFO_256,16,0.348,1.3858419555679675,3000,1000,256,IID_GAUSSIAN,123
EXACT_FIFO_1024,16,0.79,1.0745123470266245,3000,1000,1024,IID_GAUSSIAN,123
EXACT_FIFO_4096,16,0.79,1.0745123470266245,3000,1000,1024,IID_GAUSSIAN,123
CURRENT_FEATURE_64,16,0.292,1.3812477718843508,3000,1000,64,IID_GAUSSIAN,123
EXACT_REPLAY_UNBOUNDED,16,0.79,1.0745123470266245,3000,1000,1024,IID_GAUSSIAN,123
ELIGIBILITY_TRACE_64,64,0.446,1.3598977677811552,3000,1000,64,IID_GAUSSIAN,123
EXACT_FIFO_64,64,0.382,1.3860706126228624,3000,1000,64,IID_GAUSSIAN,123
EXACT_FIFO_256,64,0.348,1.3858419555679675,3000,1000,256,IID_GAUSSIAN,123
EXACT_FIFO_1024,64,0.428,1.384088758263659,3000,1000,1024,IID_GAUSSIAN,123
EXACT_FIFO_4096,64,0.789,1.0733496323138014,3000,1000,4096,IID_GAUSSIAN,123
CURRENT_FEATURE_64,64,0.187,1.397314041802509,3000,1000,64,IID_GAUSSIAN,123
EXACT_REPLAY_UNBOUNDED,64,0.789,1.0733496323138014,3000,1000,4096,IID_GAUSSIAN,123
ELIGIBILITY_TRACE_64,1,0.653,1.3017051808667466,3000,1000,64,IID_GAUSSIAN,124
EXACT_FIFO_64,1,0.754,1.072467898043754,3000,1000,64,IID_GAUSSIAN,124
EXACT_FIFO_256,1,0.754,1.072467898043754,3000,1000,64,IID_GAUSSIAN,124
EXACT_FIFO_1024,1,0.754,1.072467898043754,3000,1000,64,IID_GAUSSIAN,124
EXACT_FIFO_4096,1,0.754,1.072467898043754,3000,1000,64,IID_GAUSSIAN,124
CURRENT_FEATURE_64,1,0.201,1.3969590140798234,3000,1000,64,IID_GAUSSIAN,124
EXACT_REPLAY_UNBOUNDED,1,0.754,1.072467898043754,3000,1000,64,IID_GAUSSIAN,124
ELIGIBILITY_TRACE_64,4,0.634,1.306278207152297,3000,1000,64,IID_GAUSSIAN,124
EXACT_FIFO_64,4,0.247,1.386253216026948,3000,1000,64,IID_GAUSSIAN,124
EXACT_FIFO_256,4,0.754,1.0723939665958924,3000,1000,256,IID_GAUSSIAN,124
EXACT_FIFO_1024,4,0.754,1.0723939665958924,3000,1000,256,IID_GAUSSIAN,124
EXACT_FIFO_4096,4,0.754,1.0723939665958924,3000,1000,256,IID_GAUSSIAN,124
CURRENT_FEATURE_64,4,0.254,1.3851375307661318,3000,1000,64,IID_GAUSSIAN,124
EXACT_REPLAY_UNBOUNDED,4,0.754,1.0723939665958924,3000,1000,256,IID_GAUSSIAN,124
ELIGIBILITY_TRACE_64,16,0.608,1.3226819197249624,3000,1000,64,IID_GAUSSIAN,124
EXACT_FIFO_64,16,0.247,1.386253216026948,3000,1000,64,IID_GAUSSIAN,124
EXACT_FIFO_256,16,0.346,1.3858943861092912,3000,1000,256,IID_GAUSSIAN,124
EXACT_FIFO_1024,16,0.754,1.0721011792604542,3000,1000,1024,IID_GAUSSIAN,124
EXACT_FIFO_4096,16,0.754,1.0721011792604542,3000,1000,1024,IID_GAUSSIAN,124
CURRENT_FEATURE_64,16,0.302,1.378003474013139,3000,1000,64,IID_GAUSSIAN,124
EXACT_REPLAY_UNBOUNDED,16,0.754,1.0721011792604542,3000,1000,1024,IID_GAUSSIAN,124
ELIGIBILITY_TRACE_64,64,0.42,1.3634879761649856,3000,1000,64,IID_GAUSSIAN,124
EXACT_FIFO_64,64,0.247,1.386253216026948,3000,1000,64,IID_GAUSSIAN,124
EXACT_FIFO_256,64,0.346,1.3858943861092912,3000,1000,256,IID_GAUSSIAN,124
EXACT_FIFO_1024,64,0.408,1.3844023207507872,3000,1000,1024,IID_GAUSSIAN,124
EXACT_FIFO_4096,64,0.753,1.0709006277290969,3000,1000,4096,IID_GAUSSIAN,124
CURRENT_FEATURE_64,64,0.224,1.3908647559269802,3000,1000,64,IID_GAUSSIAN,124
EXACT_REPLAY_UNBOUNDED,64,0.753,1.0709006277290969,3000,1000,4096,IID_GAUSSIAN,124
ELIGIBILITY_TRACE_64,1,0.568,1.322419694842958,3000,1000,64,IID_GAUSSIAN,125
EXACT_FIFO_64,1,0.744,1.1114734976911067,3000,1000,64,IID_GAUSSIAN,125
EXACT_FIFO_256,1,0.744,1.1114734976911067,3000,1000,64,IID_GAUSSIAN,125
EXACT_FIFO_1024,1,0.744,1.1114734976911067,3000,1000,64,IID_GAUSSIAN,125
EXACT_FIFO_4096,1,0.744,1.1114734976911067,3000,1000,64,IID_GAUSSIAN,125
CURRENT_FEATURE_64,1,0.153,1.4040546314988749,3000,1000,64,IID_GAUSSIAN,125
EXACT_REPLAY_UNBOUNDED,1,0.744,1.1114734976911067,3000,1000,64,IID_GAUSSIAN,125
ELIGIBILITY_TRACE_64,4,0.569,1.3240032245870474,3000,1000,64,IID_GAUSSIAN,125
EXACT_FIFO_64,4,0.323,1.386132561777222,3000,1000,64,IID_GAUSSIAN,125
EXACT_FIFO_256,4,0.744,1.1114102420330707,3000,1000,256,IID_GAUSSIAN,125
EXACT_FIFO_1024,4,0.744,1.1114102420330707,3000,1000,256,IID_GAUSSIAN,125
EXACT_FIFO_4096,4,0.744,1.1114102420330707,3000,1000,256,IID_GAUSSIAN,125
CURRENT_FEATURE_64,4,0.249,1.3881936531363877,3000,1000,64,IID_GAUSSIAN,125
EXACT_REPLAY_UNBOUNDED,4,0.744,1.1114102420330707,3000,1000,256,IID_GAUSSIAN,125
ELIGIBILITY_TRACE_64,16,0.534,1.3415434413921234,3000,1000,64,IID_GAUSSIAN,125
EXACT_FIFO_64,16,0.323,1.386132561777222,3000,1000,64,IID_GAUSSIAN,125
EXACT_FIFO_256,16,0.31,1.3858782952019355,3000,1000,256,IID_GAUSSIAN,125
EXACT_FIFO_1024,16,0.744,1.1111709284641564,3000,1000,1024,IID_GAUSSIAN,125
EXACT_FIFO_4096,16,0.744,1.1111709284641564,3000,1000,1024,IID_GAUSSIAN,125
CURRENT_FEATURE_64,16,0.141,1.40124218786236,3000,1000,64,IID_GAUSSIAN,125
EXACT_REPLAY_UNBOUNDED,16,0.744,1.1111709284641564,3000,1000,1024,IID_GAUSSIAN,125
ELIGIBILITY_TRACE_64,64,0.422,1.362628871360275,3000,1000,64,IID_GAUSSIAN,125
EXACT_FIFO_64,64,0.323,1.386132561777222,3000,1000,64,IID_GAUSSIAN,125
EXACT_FIFO_256,64,0.31,1.3858782952019355,3000,1000,256,IID_GAUSSIAN,125
EXACT_FIFO_1024,64,0.395,1.3848443712497644,3000,1000,1024,IID_GAUSSIAN,125
EXACT_FIFO_4096,64,0.744,1.1102235636620281,3000,1000,4096,IID_GAUSSIAN,125
CURRENT_FEATURE_64,64,0.209,1.3938234040739113,3000,1000,64,IID_GAUSSIAN,125
EXACT_REPLAY_UNBOUNDED,64,0.744,1.1102235636620281,3000,1000,4096,IID_GAUSSIAN,125
ELIGIBILITY_TRACE_64,1,0.555,1.3058566343389626,3000,1000,64,IID_GAUSSIAN,126
EXACT_FIFO_64,1,0.746,1.084622868602687,3000,1000,64,IID_GAUSSIAN,126
EXACT_FIFO_256,1,0.746,1.084622868602687,3000,1000,64,IID_GAUSSIAN,126
EXACT_FIFO_1024,1,0.746,1.084622868602687,3000,1000,64,IID_GAUSSIAN,126
EXACT_FIFO_4096,1,0.746,1.084622868602687,3000,1000,64,IID_GAUSSIAN,126
CURRENT_FEATURE_64,1,0.23,1.3907145002795729,3000,1000,64,IID_GAUSSIAN,126
EXACT_REPLAY_UNBOUNDED,1,0.746,1.084622868602687,3000,1000,64,IID_GAUSSIAN,126
ELIGIBILITY_TRACE_64,4,0.548,1.3070303114906623,3000,1000,64,IID_GAUSSIAN,126
EXACT_FIFO_64,4,0.252,1.386275552915354,3000,1000,64,IID_GAUSSIAN,126
EXACT_FIFO_256,4,0.746,1.0845562682793484,3000,1000,256,IID_GAUSSIAN,126
EXACT_FIFO_1024,4,0.746,1.0845562682793484,3000,1000,256,IID_GAUSSIAN,126
EXACT_FIFO_4096,4,0.746,1.0845562682793484,3000,1000,256,IID_GAUSSIAN,126
CURRENT_FEATURE_64,4,0.264,1.3846806356650496,3000,1000,64,IID_GAUSSIAN,126
EXACT_REPLAY_UNBOUNDED,4,0.746,1.0845562682793484,3000,1000,256,IID_GAUSSIAN,126
ELIGIBILITY_TRACE_64,16,0.515,1.3265815913221757,3000,1000,64,IID_GAUSSIAN,126
EXACT_FIFO_64,16,0.252,1.386275552915354,3000,1000,64,IID_GAUSSIAN,126
EXACT_FIFO_256,16,0.31,1.3859054458427487,3000,1000,256,IID_GAUSSIAN,126
EXACT_FIFO_1024,16,0.746,1.0842893985001942,3000,1000,1024,IID_GAUSSIAN,126
EXACT_FIFO_4096,16,0.746,1.0842893985001942,3000,1000,1024,IID_GAUSSIAN,126
CURRENT_FEATURE_64,16,0.238,1.3891750442335646,3000,1000,64,IID_GAUSSIAN,126
EXACT_REPLAY_UNBOUNDED,16,0.746,1.0842893985001942,3000,1000,1024,IID_GAUSSIAN,126
ELIGIBILITY_TRACE_64,64,0.342,1.3672610084396744,3000,1000,64,IID_GAUSSIAN,126
EXACT_FIFO_64,64,0.252,1.386275552915354,3000,1000,64,IID_GAUSSIAN,126
EXACT_FIFO_256,64,0.31,1.3859054458427487,3000,1000,256,IID_GAUSSIAN,126
EXACT_FIFO_1024,64,0.448,1.3842257332029175,3000,1000,1024,IID_GAUSSIAN,126
EXACT_FIFO_4096,64,0.744,1.083187177017838,3000,1000,4096,IID_GAUSSIAN,126
CURRENT_FEATURE_64,64,0.276,1.3831758007015265,3000,1000,64,IID_GAUSSIAN,126
EXACT_REPLAY_UNBOUNDED,64,0.744,1.083187177017838,3000,1000,4096,IID_GAUSSIAN,126
ELIGIBILITY_TRACE_64,1,0.643,1.3025051306555682,3000,1000,64,IID_GAUSSIAN,127
EXACT_FIFO_64,1,0.794,1.0568883746855573,3000,1000,64,IID_GAUSSIAN,127
EXACT_FIFO_256,1,0.794,1.0568883746855573,3000,1000,64,IID_GAUSSIAN,127
EXACT_FIFO_1024,1,0.794,1.0568883746855573,3000,1000,64,IID_GAUSSIAN,127
EXACT_FIFO_4096,1,0.794,1.0568883746855573,3000,1000,64,IID_GAUSSIAN,127
CURRENT_FEATURE_64,1,0.215,1.3921846702114435,3000,1000,64,IID_GAUSSIAN,127
EXACT_REPLAY_UNBOUNDED,1,0.794,1.0568883746855573,3000,1000,64,IID_GAUSSIAN,127
ELIGIBILITY_TRACE_64,4,0.631,1.3088070042625217,3000,1000,64,IID_GAUSSIAN,127
EXACT_FIFO_64,4,0.264,1.3860833763673601,3000,1000,64,IID_GAUSSIAN,127
EXACT_FIFO_256,4,0.794,1.0568062591448084,3000,1000,256,IID_GAUSSIAN,127
EXACT_FIFO_1024,4,0.794,1.0568062591448084,3000,1000,256,IID_GAUSSIAN,127
EXACT_FIFO_4096,4,0.794,1.0568062591448084,3000,1000,256,IID_GAUSSIAN,127
CURRENT_FEATURE_64,4,0.256,1.3889223449732644,3000,1000,64,IID_GAUSSIAN,127
EXACT_REPLAY_UNBOUNDED,4,0.794,1.0568062591448084,3000,1000,256,IID_GAUSSIAN,127
ELIGIBILITY_TRACE_64,16,0.625,1.3152990750007538,3000,1000,64,IID_GAUSSIAN,127
EXACT_FIFO_64,16,0.264,1.3860833763673601,3000,1000,64,IID_GAUSSIAN,127
EXACT_FIFO_256,16,0.359,1.3857214453869233,3000,1000,256,IID_GAUSSIAN,127
EXACT_FIFO_1024,16,0.794,1.0564908720828274,3000,1000,1024,IID_GAUSSIAN,127
EXACT_FIFO_4096,16,0.794,1.0564908720828274,3000,1000,1024,IID_GAUSSIAN,127
CURRENT_FEATURE_64,16,0.309,1.3794983938119914,3000,1000,64,IID_GAUSSIAN,127
EXACT_REPLAY_UNBOUNDED,16,0.794,1.0564908720828274,3000,1000,1024,IID_GAUSSIAN,127
ELIGIBILITY_TRACE_64,64,0.423,1.3564148469549915,3000,1000,64,IID_GAUSSIAN,127
EXACT_FIFO_64,64,0.264,1.3860833763673601,3000,1000,64,IID_GAUSSIAN,127
EXACT_FIFO_256,64,0.359,1.3857214453869233,3000,1000,256,IID_GAUSSIAN,127
EXACT_FIFO_1024,64,0.506,1.3834653183848427,3000,1000,1024,IID_GAUSSIAN,127
EXACT_FIFO_4096,64,0.794,1.0552482922079052,3000,1000,4096,IID_GAUSSIAN,127
CURRENT_FEATURE_64,64,0.271,1.3847861248388005,3000,1000,64,IID_GAUSSIAN,127
EXACT_REPLAY_UNBOUNDED,64,0.794,1.0552482922079052,3000,1000,4096,IID_GAUSSIAN,127
ELIGIBILITY_TRACE_64,1,0.65,1.2939383684701347,3000,1000,64,IID_GAUSSIAN,128
EXACT_FIFO_64,1,0.745,1.0566431408768722,3000,1000,64,IID_GAUSSIAN,128
EXACT_FIFO_256,1,0.745,1.0566431408768722,3000,1000,64,IID_GAUSSIAN,128
EXACT_FIFO_1024,1,0.745,1.0566431408768722,3000,1000,64,IID_GAUSSIAN,128
EXACT_FIFO_4096,1,0.745,1.0566431408768722,3000,1000,64,IID_GAUSSIAN,128
CURRENT_FEATURE_64,1,0.289,1.3794634036449507,3000,1000,64,IID_GAUSSIAN,128
EXACT_REPLAY_UNBOUNDED,1,0.745,1.0566431408768722,3000,1000,64,IID_GAUSSIAN,128
ELIGIBILITY_TRACE_64,4,0.655,1.2941724716278353,3000,1000,64,IID_GAUSSIAN,128
EXACT_FIFO_64,4,0.279,1.3861323530395802,3000,1000,64,IID_GAUSSIAN,128
EXACT_FIFO_256,4,0.745,1.0565619687828478,3000,1000,256,IID_GAUSSIAN,128
EXACT_FIFO_1024,4,0.745,1.0565619687828478,3000,1000,256,IID_GAUSSIAN,128
EXACT_FIFO_4096,4,0.745,1.0565619687828478,3000,1000,256,IID_GAUSSIAN,128
CURRENT_FEATURE_64,4,0.289,1.3809632715837847,3000,1000,64,IID_GAUSSIAN,128
EXACT_REPLAY_UNBOUNDED,4,0.745,1.0565619687828478,3000,1000,256,IID_GAUSSIAN,128
ELIGIBILITY_TRACE_64,16,0.591,1.3161712439261837,3000,1000,64,IID_GAUSSIAN,128
EXACT_FIFO_64,16,0.279,1.3861323530395802,3000,1000,64,IID_GAUSSIAN,128
EXACT_FIFO_256,16,0.375,1.3855185272971613,3000,1000,256,IID_GAUSSIAN,128
EXACT_FIFO_1024,16,0.745,1.056240177827376,3000,1000,1024,IID_GAUSSIAN,128
EXACT_FIFO_4096,16,0.745,1.056240177827376,3000,1000,1024,IID_GAUSSIAN,128
CURRENT_FEATURE_64,16,0.265,1.3864151618139744,3000,1000,64,IID_GAUSSIAN,128
EXACT_REPLAY_UNBOUNDED,16,0.745,1.056240177827376,3000,1000,1024,IID_GAUSSIAN,128
ELIGIBILITY_TRACE_64,64,0.369,1.3665456689019913,3000,1000,64,IID_GAUSSIAN,128
EXACT_FIFO_64,64,0.279,1.3861323530395802,3000,1000,64,IID_GAUSSIAN,128
EXACT_FIFO_256,64,0.375,1.3855185272971613,3000,1000,256,IID_GAUSSIAN,128
EXACT_FIFO_1024,64,0.426,1.384087132867349,3000,1000,1024,IID_GAUSSIAN,128
EXACT_FIFO_4096,64,0.743,1.0549741868622304,3000,1000,4096,IID_GAUSSIAN,128
CURRENT_FEATURE_64,64,0.268,1.384511926352043,3000,1000,64,IID_GAUSSIAN,128
EXACT_REPLAY_UNBOUNDED,64,0.743,1.0549741868622304,3000,1000,4096,IID_GAUSSIAN,128
ELIGIBILITY_TRACE_64,1,0.613,1.3132751058047125,3000,1000,64,IID_GAUSSIAN,129
EXACT_FIFO_64,1,0.778,1.0670471912537687,3000,1000,64,IID_GAUSSIAN,129
EXACT_FIFO_256,1,0.778,1.0670471912537687,3000,1000,64,IID_GAUSSIAN,129
EXACT_FIFO_1024,1,0.778,1.0670471912537687,3000,1000,64,IID_GAUSSIAN,129
EXACT_FIFO_4096,1,0.778,1.0670471912537687,3000,1000,64,IID_GAUSSIAN,129
CURRENT_FEATURE_64,1,0.218,1.393566594185839,3000,1000,64,IID_GAUSSIAN,129
EXACT_REPLAY_UNBOUNDED,1,0.778,1.0670471912537687,3000,1000,64,IID_GAUSSIAN,129
ELIGIBILITY_TRACE_64,4,0.603,1.3132647554597916,3000,1000,64,IID_GAUSSIAN,129
EXACT_FIFO_64,4,0.384,1.385945942255983,3000,1000,64,IID_GAUSSIAN,129
EXACT_FIFO_256,4,0.778,1.0669633507259046,3000,1000,256,IID_GAUSSIAN,129
EXACT_FIFO_1024,4,0.778,1.0669633507259046,3000,1000,256,IID_GAUSSIAN,129
EXACT_FIFO_4096,4,0.778,1.0669633507259046,3000,1000,256,IID_GAUSSIAN,129
CURRENT_FEATURE_64,4,0.325,1.3730717799884182,3000,1000,64,IID_GAUSSIAN,129
EXACT_REPLAY_UNBOUNDED,4,0.778,1.0669633507259046,3000,1000,256,IID_GAUSSIAN,129
ELIGIBILITY_TRACE_64,16,0.495,1.3463398718010526,3000,1000,64,IID_GAUSSIAN,129
EXACT_FIFO_64,16,0.384,1.385945942255983,3000,1000,64,IID_GAUSSIAN,129
EXACT_FIFO_256,16,0.374,1.3854617171085055,3000,1000,256,IID_GAUSSIAN,129
EXACT_FIFO_1024,16,0.777,1.0666797853420422,3000,1000,1024,IID_GAUSSIAN,129
EXACT_FIFO_4096,16,0.777,1.0666797853420422,3000,1000,1024,IID_GAUSSIAN,129
CURRENT_FEATURE_64,16,0.289,1.3818594852237644,3000,1000,64,IID_GAUSSIAN,129
EXACT_REPLAY_UNBOUNDED,16,0.777,1.0666797853420422,3000,1000,1024,IID_GAUSSIAN,129
ELIGIBILITY_TRACE_64,64,0.314,1.375636163876581,3000,1000,64,IID_GAUSSIAN,129
EXACT_FIFO_64,64,0.384,1.385945942255983,3000,1000,64,IID_GAUSSIAN,129
EXACT_FIFO_256,64,0.374,1.3854617171085055,3000,1000,256,IID_GAUSSIAN,129
EXACT_FIFO_1024,64,0.49,1.383435858197195,3000,1000,1024,IID_GAUSSIAN,129
EXACT_FIFO_4096,64,0.778,1.0654652486431277,3000,1000,4096,IID_GAUSSIAN,129
CURRENT_FEATURE_64,64,0.29,1.3817658830312907,3000,1000,64,IID_GAUSSIAN,129
EXACT_REPLAY_UNBOUNDED,64,0.778,1.0654652486431277,3000,1000,4096,IID_GAUSSIAN,129
ELIGIBILITY_TRACE_64,1,0.663,1.244820374620517,3000,1000,64,AR1_GAUSSIAN,100
EXACT_FIFO_64,1,0.761,1.0598626297998914,3000,1000,64,AR1_GAUSSIAN,100
EXACT_FIFO_256,1,0.761,1.0598626297998914,3000,1000,64,AR1_GAUSSIAN,100
EXACT_FIFO_1024,1,0.761,1.0598626297998914,3000,1000,64,AR1_GAUSSIAN,100
EXACT_FIFO_4096,1,0.761,1.0598626297998914,3000,1000,64,AR1_GAUSSIAN,100
CURRENT_FEATURE_64,1,0.747,1.1166126133279726,3000,1000,64,AR1_GAUSSIAN,100
EXACT_REPLAY_UNBOUNDED,1,0.761,1.0598626297998914,3000,1000,64,AR1_GAUSSIAN,100
ELIGIBILITY_TRACE_64,4,0.688,1.2148905836377275,3000,1000,64,AR1_GAUSSIAN,100
EXACT_FIFO_64,4,0.266,1.3862138379394042,3000,1000,64,AR1_GAUSSIAN,100
EXACT_FIFO_256,4,0.761,1.0593751772616449,3000,1000,256,AR1_GAUSSIAN,100
EXACT_FIFO_1024,4,0.761,1.0593751772616449,3000,1000,256,AR1_GAUSSIAN,100
EXACT_FIFO_4096,4,0.761,1.0593751772616449,3000,1000,256,AR1_GAUSSIAN,100
CURRENT_FEATURE_64,4,0.671,1.2240172460166892,3000,1000,64,AR1_GAUSSIAN,100
EXACT_REPLAY_UNBOUNDED,4,0.761,1.0593751772616449,3000,1000,256,AR1_GAUSSIAN,100
ELIGIBILITY_TRACE_64,16,0.664,1.2195925040669386,3000,1000,64,AR1_GAUSSIAN,100
EXACT_FIFO_64,16,0.266,1.3862138379394042,3000,1000,64,AR1_GAUSSIAN,100
EXACT_FIFO_256,16,0.287,1.3862159480151512,3000,1000,256,AR1_GAUSSIAN,100
EXACT_FIFO_1024,16,0.761,1.0589369103954545,3000,1000,1024,AR1_GAUSSIAN,100
EXACT_FIFO_4096,16,0.761,1.0589369103954545,3000,1000,1024,AR1_GAUSSIAN,100
CURRENT_FEATURE_64,16,0.268,1.3824897121764557,3000,1000,64,AR1_GAUSSIAN,100
EXACT_REPLAY_UNBOUNDED,16,0.761,1.0589369103954545,3000,1000,1024,AR1_GAUSSIAN,100
ELIGIBILITY_TRACE_64,64,0.448,1.3218928576216986,3000,1000,64,AR1_GAUSSIAN,100
EXACT_FIFO_64,64,0.266,1.3862138379394042,3000,1000,64,AR1_GAUSSIAN,100
EXACT_FIFO_256,64,0.287,1.3862159480151512,3000,1000,256,AR1_GAUSSIAN,100
EXACT_FIFO_1024,64,0.395,1.3834066328764878,3000,1000,1024,AR1_GAUSSIAN,100
EXACT_FIFO_4096,64,0.76,1.0576850527381454,3000,1000,4096,AR1_GAUSSIAN,100
CURRENT_FEATURE_64,64,0.283,1.3788217231237072,3000,1000,64,AR1_GAUSSIAN,100
EXACT_REPLAY_UNBOUNDED,64,0.76,1.0576850527381454,3000,1000,4096,AR1_GAUSSIAN,100
ELIGIBILITY_TRACE_64,1,0.611,1.216926073078054,3000,1000,64,AR1_GAUSSIAN,101
EXACT_FIFO_64,1,0.73,1.0662296087701146,3000,1000,64,AR1_GAUSSIAN,101
EXACT_FIFO_256,1,0.73,1.0662296087701146,3000,1000,64,AR1_GAUSSIAN,101
EXACT_FIFO_1024,1,0.73,1.0662296087701146,3000,1000,64,AR1_GAUSSIAN,101
EXACT_FIFO_4096,1,0.73,1.0662296087701146,3000,1000,64,AR1_GAUSSIAN,101
CURRENT_FEATURE_64,1,0.709,1.1157396999456826,3000,1000,64,AR1_GAUSSIAN,101
EXACT_REPLAY_UNBOUNDED,1,0.73,1.0662296087701146,3000,1000,64,AR1_GAUSSIAN,101
ELIGIBILITY_TRACE_64,4,0.645,1.1913282055549412,3000,1000,64,AR1_GAUSSIAN,101
EXACT_FIFO_64,4,0.262,1.3861687506958371,3000,1000,64,AR1_GAUSSIAN,101
EXACT_FIFO_256,4,0.73,1.065738327729158,3000,1000,256,AR1_GAUSSIAN,101
EXACT_FIFO_1024,4,0.73,1.065738327729158,3000,1000,256,AR1_GAUSSIAN,101
EXACT_FIFO_4096,4,0.73,1.065738327729158,3000,1000,256,AR1_GAUSSIAN,101
CURRENT_FEATURE_64,4,0.674,1.224149627499496,3000,1000,64,AR1_GAUSSIAN,101
EXACT_REPLAY_UNBOUNDED,4,0.73,1.065738327729158,3000,1000,256,AR1_GAUSSIAN,101
ELIGIBILITY_TRACE_64,16,0.656,1.1906091567358927,3000,1000,64,AR1_GAUSSIAN,101
EXACT_FIFO_64,16,0.262,1.3861687506958371,3000,1000,64,AR1_GAUSSIAN,101
EXACT_FIFO_256,16,0.333,1.3858822034798726,3000,1000,256,AR1_GAUSSIAN,101
EXACT_FIFO_1024,16,0.731,1.065251064153365,3000,1000,1024,AR1_GAUSSIAN,101
EXACT_FIFO_4096,16,0.731,1.065251064153365,3000,1000,1024,AR1_GAUSSIAN,101
CURRENT_FEATURE_64,16,0.415,1.3476414902218827,3000,1000,64,AR1_GAUSSIAN,101
EXACT_REPLAY_UNBOUNDED,16,0.731,1.065251064153365,3000,1000,1024,AR1_GAUSSIAN,101
ELIGIBILITY_TRACE_64,64,0.541,1.28357269176222,3000,1000,64,AR1_GAUSSIAN,101
EXACT_FIFO_64,64,0.262,1.3861687506958371,3000,1000,64,AR1_GAUSSIAN,101
EXACT_FIFO_256,64,0.333,1.3858822034798726,3000,1000,256,AR1_GAUSSIAN,101
EXACT_FIFO_1024,64,0.356,1.383699139824726,3000,1000,1024,AR1_GAUSSIAN,101
EXACT_FIFO_4096,64,0.73,1.0639874540274132,3000,1000,4096,AR1_GAUSSIAN,101
CURRENT_FEATURE_64,64,0.31,1.3753888757542625,3000,1000,64,AR1_GAUSSIAN,101
EXACT_REPLAY_UNBOUNDED,64,0.73,1.0639874540274132,3000,1000,4096,AR1_GAUSSIAN,101
ELIGIBILITY_TRACE_64,1,0.637,1.243020093614468,3000,1000,64,AR1_GAUSSIAN,102
EXACT_FIFO_64,1,0.761,1.0433639094075562,3000,1000,64,AR1_GAUSSIAN,102
EXACT_FIFO_256,1,0.761,1.0433639094075562,3000,1000,64,AR1_GAUSSIAN,102
EXACT_FIFO_1024,1,0.761,1.0433639094075562,3000,1000,64,AR1_GAUSSIAN,102
EXACT_FIFO_4096,1,0.761,1.0433639094075562,3000,1000,64,AR1_GAUSSIAN,102
CURRENT_FEATURE_64,1,0.744,1.1046335868723396,3000,1000,64,AR1_GAUSSIAN,102
EXACT_REPLAY_UNBOUNDED,1,0.761,1.0433639094075562,3000,1000,64,AR1_GAUSSIAN,102
ELIGIBILITY_TRACE_64,4,0.658,1.2157764807938412,3000,1000,64,AR1_GAUSSIAN,102
EXACT_FIFO_64,4,0.343,1.3862618151897905,3000,1000,64,AR1_GAUSSIAN,102
EXACT_FIFO_256,4,0.761,1.042891559396508,3000,1000,256,AR1_GAUSSIAN,102
EXACT_FIFO_1024,4,0.761,1.042891559396508,3000,1000,256,AR1_GAUSSIAN,102
EXACT_FIFO_4096,4,0.761,1.042891559396508,3000,1000,256,AR1_GAUSSIAN,102
CURRENT_FEATURE_64,4,0.647,1.2343544193842264,3000,1000,64,AR1_GAUSSIAN,102
EXACT_REPLAY_UNBOUNDED,4,0.761,1.042891559396508,3000,1000,256,AR1_GAUSSIAN,102
ELIGIBILITY_TRACE_64,16,0.649,1.225437291544119,3000,1000,64,AR1_GAUSSIAN,102
EXACT_FIFO_64,16,0.343,1.3862618151897905,3000,1000,64,AR1_GAUSSIAN,102
EXACT_FIFO_256,16,0.358,1.3857376401769934,3000,1000,256,AR1_GAUSSIAN,102
EXACT_FIFO_1024,16,0.759,1.042410890361938,3000,1000,1024,AR1_GAUSSIAN,102
EXACT_FIFO_4096,16,0.759,1.042410890361938,3000,1000,1024,AR1_GAUSSIAN,102
CURRENT_FEATURE_64,16,0.232,1.3970263120663904,3000,1000,64,AR1_GAUSSIAN,102
EXACT_REPLAY_UNBOUNDED,16,0.759,1.042410890361938,3000,1000,1024,AR1_GAUSSIAN,102
ELIGIBILITY_TRACE_64,64,0.45,1.3314784858532425,3000,1000,64,AR1_GAUSSIAN,102
EXACT_FIFO_64,64,0.343,1.3862618151897905,3000,1000,64,AR1_GAUSSIAN,102
EXACT_FIFO_256,64,0.358,1.3857376401769934,3000,1000,256,AR1_GAUSSIAN,102
EXACT_FIFO_1024,64,0.416,1.3835099953601375,3000,1000,1024,AR1_GAUSSIAN,102
EXACT_FIFO_4096,64,0.759,1.0411253843031374,3000,1000,4096,AR1_GAUSSIAN,102
CURRENT_FEATURE_64,64,0.227,1.4008816135179225,3000,1000,64,AR1_GAUSSIAN,102
EXACT_REPLAY_UNBOUNDED,64,0.759,1.0411253843031374,3000,1000,4096,AR1_GAUSSIAN,102
ELIGIBILITY_TRACE_64,1,0.613,1.2452601835559538,3000,1000,64,AR1_GAUSSIAN,103
EXACT_FIFO_64,1,0.719,1.0839054301327598,3000,1000,64,AR1_GAUSSIAN,103
EXACT_FIFO_256,1,0.719,1.0839054301327598,3000,1000,64,AR1_GAUSSIAN,103
EXACT_FIFO_1024,1,0.719,1.0839054301327598,3000,1000,64,AR1_GAUSSIAN,103
EXACT_FIFO_4096,1,0.719,1.0839054301327598,3000,1000,64,AR1_GAUSSIAN,103
CURRENT_FEATURE_64,1,0.702,1.1296282564558346,3000,1000,64,AR1_GAUSSIAN,103
EXACT_REPLAY_UNBOUNDED,1,0.719,1.0839054301327598,3000,1000,64,AR1_GAUSSIAN,103
ELIGIBILITY_TRACE_64,4,0.658,1.2169712506525465,3000,1000,64,AR1_GAUSSIAN,103
EXACT_FIFO_64,4,0.222,1.386405536694915,3000,1000,64,AR1_GAUSSIAN,103
EXACT_FIFO_256,4,0.719,1.0834364027882029,3000,1000,256,AR1_GAUSSIAN,103
EXACT_FIFO_1024,4,0.719,1.0834364027882029,3000,1000,256,AR1_GAUSSIAN,103
EXACT_FIFO_4096,4,0.719,1.0834364027882029,3000,1000,256,AR1_GAUSSIAN,103
CURRENT_FEATURE_64,4,0.641,1.2393125984834064,3000,1000,64,AR1_GAUSSIAN,103
EXACT_REPLAY_UNBOUNDED,4,0.719,1.0834364027882029,3000,1000,256,AR1_GAUSSIAN,103
ELIGIBILITY_TRACE_64,16,0.638,1.2238773085885801,3000,1000,64,AR1_GAUSSIAN,103
EXACT_FIFO_64,16,0.222,1.386405536694915,3000,1000,64,AR1_GAUSSIAN,103
EXACT_FIFO_256,16,0.284,1.3861481689150337,3000,1000,256,AR1_GAUSSIAN,103
EXACT_FIFO_1024,16,0.719,1.0830059179709117,3000,1000,1024,AR1_GAUSSIAN,103
EXACT_FIFO_4096,16,0.719,1.0830059179709117,3000,1000,1024,AR1_GAUSSIAN,103
CURRENT_FEATURE_64,16,0.253,1.3879668854900837,3000,1000,64,AR1_GAUSSIAN,103
EXACT_REPLAY_UNBOUNDED,16,0.719,1.0830059179709117,3000,1000,1024,AR1_GAUSSIAN,103
ELIGIBILITY_TRACE_64,64,0.431,1.3264332463682067,3000,1000,64,AR1_GAUSSIAN,103
EXACT_FIFO_64,64,0.222,1.386405536694915,3000,1000,64,AR1_GAUSSIAN,103
EXACT_FIFO_256,64,0.284,1.3861481689150337,3000,1000,256,AR1_GAUSSIAN,103
EXACT_FIFO_1024,64,0.364,1.3844400180778775,3000,1000,1024,AR1_GAUSSIAN,103
EXACT_FIFO_4096,64,0.717,1.0817888530360478,3000,1000,4096,AR1_GAUSSIAN,103
CURRENT_FEATURE_64,64,0.219,1.402326434834541,3000,1000,64,AR1_GAUSSIAN,103
EXACT_REPLAY_UNBOUNDED,64,0.717,1.0817888530360478,3000,1000,4096,AR1_GAUSSIAN,103
ELIGIBILITY_TRACE_64,1,0.606,1.243087134575883,3000,1000,64,AR1_GAUSSIAN,104
EXACT_FIFO_64,1,0.75,1.0646600653268152,3000,1000,64,AR1_GAUSSIAN,104
EXACT_FIFO_256,1,0.75,1.0646600653268152,3000,1000,64,AR1_GAUSSIAN,104
EXACT_FIFO_1024,1,0.75,1.0646600653268152,3000,1000,64,AR1_GAUSSIAN,104
EXACT_FIFO_4096,1,0.75,1.0646600653268152,3000,1000,64,AR1_GAUSSIAN,104
CURRENT_FEATURE_64,1,0.746,1.1126038800018399,3000,1000,64,AR1_GAUSSIAN,104
EXACT_REPLAY_UNBOUNDED,1,0.75,1.0646600653268152,3000,1000,64,AR1_GAUSSIAN,104
ELIGIBILITY_TRACE_64,4,0.652,1.2140691000170412,3000,1000,64,AR1_GAUSSIAN,104
EXACT_FIFO_64,4,0.358,1.3860007585718181,3000,1000,64,AR1_GAUSSIAN,104
EXACT_FIFO_256,4,0.75,1.0641706253891443,3000,1000,256,AR1_GAUSSIAN,104
EXACT_FIFO_1024,4,0.75,1.0641706253891443,3000,1000,256,AR1_GAUSSIAN,104
EXACT_FIFO_4096,4,0.75,1.0641706253891443,3000,1000,256,AR1_GAUSSIAN,104
CURRENT_FEATURE_64,4,0.661,1.2304694221359704,3000,1000,64,AR1_GAUSSIAN,104
EXACT_REPLAY_UNBOUNDED,4,0.75,1.0641706253891443,3000,1000,256,AR1_GAUSSIAN,104
ELIGIBILITY_TRACE_64,16,0.631,1.2244307213230736,3000,1000,64,AR1_GAUSSIAN,104
EXACT_FIFO_64,16,0.358,1.3860007585718181,3000,1000,64,AR1_GAUSSIAN,104
EXACT_FIFO_256,16,0.362,1.3855368098286311,3000,1000,256,AR1_GAUSSIAN,104
EXACT_FIFO_1024,16,0.749,1.0637072833505112,3000,1000,1024,AR1_GAUSSIAN,104
EXACT_FIFO_4096,16,0.749,1.0637072833505112,3000,1000,1024,AR1_GAUSSIAN,104
CURRENT_FEATURE_64,16,0.233,1.3860840002704726,3000,1000,64,AR1_GAUSSIAN,104
EXACT_REPLAY_UNBOUNDED,16,0.749,1.0637072833505112,3000,1000,1024,AR1_GAUSSIAN,104
ELIGIBILITY_TRACE_64,64,0.522,1.302937902581407,3000,1000,64,AR1_GAUSSIAN,104
EXACT_FIFO_64,64,0.358,1.3860007585718181,3000,1000,64,AR1_GAUSSIAN,104
EXACT_FIFO_256,64,0.362,1.3855368098286311,3000,1000,256,AR1_GAUSSIAN,104
EXACT_FIFO_1024,64,0.388,1.3835779135292543,3000,1000,1024,AR1_GAUSSIAN,104
EXACT_FIFO_4096,64,0.75,1.062428772022871,3000,1000,4096,AR1_GAUSSIAN,104
CURRENT_FEATURE_64,64,0.309,1.3800451932815527,3000,1000,64,AR1_GAUSSIAN,104
EXACT_REPLAY_UNBOUNDED,64,0.75,1.062428772022871,3000,1000,4096,AR1_GAUSSIAN,104
ELIGIBILITY_TRACE_64,1,0.602,1.2455534411890545,3000,1000,64,AR1_GAUSSIAN,105
EXACT_FIFO_64,1,0.798,1.0459065480166623,3000,1000,64,AR1_GAUSSIAN,105
EXACT_FIFO_256,1,0.798,1.0459065480166623,3000,1000,64,AR1_GAUSSIAN,105
EXACT_FIFO_1024,1,0.798,1.0459065480166623,3000,1000,64,AR1_GAUSSIAN,105
EXACT_FIFO_4096,1,0.798,1.0459065480166623,3000,1000,64,AR1_GAUSSIAN,105
CURRENT_FEATURE_64,1,0.778,1.1045689637907499,3000,1000,64,AR1_GAUSSIAN,105
EXACT_REPLAY_UNBOUNDED,1,0.798,1.0459065480166623,3000,1000,64,AR1_GAUSSIAN,105
ELIGIBILITY_TRACE_64,4,0.634,1.2159815298747112,3000,1000,64,AR1_GAUSSIAN,105
EXACT_FIFO_64,4,0.204,1.3862229447799377,3000,1000,64,AR1_GAUSSIAN,105
EXACT_FIFO_256,4,0.798,1.0453892939964342,3000,1000,256,AR1_GAUSSIAN,105
EXACT_FIFO_1024,4,0.798,1.0453892939964342,3000,1000,256,AR1_GAUSSIAN,105
EXACT_FIFO_4096,4,0.798,1.0453892939964342,3000,1000,256,AR1_GAUSSIAN,105
CURRENT_FEATURE_64,4,0.686,1.2263174137040695,3000,1000,64,AR1_GAUSSIAN,105
EXACT_REPLAY_UNBOUNDED,4,0.798,1.0453892939964342,3000,1000,256,AR1_GAUSSIAN,105
ELIGIBILITY_TRACE_64,16,0.637,1.2178967506853045,3000,1000,64,AR1_GAUSSIAN,105
EXACT_FIFO_64,16,0.204,1.3862229447799377,3000,1000,64,AR1_GAUSSIAN,105
EXACT_FIFO_256,16,0.35,1.3858492711079933,3000,1000,256,AR1_GAUSSIAN,105
EXACT_FIFO_1024,16,0.798,1.0448985694011685,3000,1000,1024,AR1_GAUSSIAN,105
EXACT_FIFO_4096,16,0.798,1.0448985694011685,3000,1000,1024,AR1_GAUSSIAN,105
CURRENT_FEATURE_64,16,0.267,1.3834097089981063,3000,1000,64,AR1_GAUSSIAN,105
EXACT_REPLAY_UNBOUNDED,16,0.798,1.0448985694011685,3000,1000,1024,AR1_GAUSSIAN,105
ELIGIBILITY_TRACE_64,64,0.412,1.3279713874615542,3000,1000,64,AR1_GAUSSIAN,105
EXACT_FIFO_64,64,0.204,1.3862229447799377,3000,1000,64,AR1_GAUSSIAN,105
EXACT_FIFO_256,64,0.35,1.3858492711079933,3000,1000,256,AR1_GAUSSIAN,105
EXACT_FIFO_1024,64,0.409,1.3834587286968651,3000,1000,1024,AR1_GAUSSIAN,105
EXACT_FIFO_4096,64,0.798,1.0435944388391851,3000,1000,4096,AR1_GAUSSIAN,105
CURRENT_FEATURE_64,64,0.314,1.3748177520583127,3000,1000,64,AR1_GAUSSIAN,105
EXACT_REPLAY_UNBOUNDED,64,0.798,1.0435944388391851,3000,1000,4096,AR1_GAUSSIAN,105
ELIGIBILITY_TRACE_64,1,0.552,1.2528423481358568,3000,1000,64,AR1_GAUSSIAN,106
EXACT_FIFO_64,1,0.708,1.0776204414791963,3000,1000,64,AR1_GAUSSIAN,106
EXACT_FIFO_256,1,0.708,1.0776204414791963,3000,1000,64,AR1_GAUSSIAN,106
EXACT_FIFO_1024,1,0.708,1.0776204414791963,3000,1000,64,AR1_GAUSSIAN,106
EXACT_FIFO_4096,1,0.708,1.0776204414791963,3000,1000,64,AR1_GAUSSIAN,106
CURRENT_FEATURE_64,1,0.689,1.1221831579446129,3000,1000,64,AR1_GAUSSIAN,106
EXACT_REPLAY_UNBOUNDED,1,0.708,1.0776204414791963,3000,1000,64,AR1_GAUSSIAN,106
ELIGIBILITY_TRACE_64,4,0.586,1.2261738042178958,3000,1000,64,AR1_GAUSSIAN,106
EXACT_FIFO_64,4,0.253,1.3861846531006512,3000,1000,64,AR1_GAUSSIAN,106
EXACT_FIFO_256,4,0.708,1.0771664720259282,3000,1000,256,AR1_GAUSSIAN,106
EXACT_FIFO_1024,4,0.708,1.0771664720259282,3000,1000,256,AR1_GAUSSIAN,106
EXACT_FIFO_4096,4,0.708,1.0771664720259282,3000,1000,256,AR1_GAUSSIAN,106
CURRENT_FEATURE_64,4,0.618,1.2416860556106157,3000,1000,64,AR1_GAUSSIAN,106
EXACT_REPLAY_UNBOUNDED,4,0.708,1.0771664720259282,3000,1000,256,AR1_GAUSSIAN,106
ELIGIBILITY_TRACE_64,16,0.595,1.2331636130933208,3000,1000,64,AR1_GAUSSIAN,106
EXACT_FIFO_64,16,0.253,1.3861846531006512,3000,1000,64,AR1_GAUSSIAN,106
EXACT_FIFO_256,16,0.263,1.385745931946879,3000,1000,256,AR1_GAUSSIAN,106
EXACT_FIFO_1024,16,0.708,1.0767646281610646,3000,1000,1024,AR1_GAUSSIAN,106
EXACT_FIFO_4096,16,0.708,1.0767646281610646,3000,1000,1024,AR1_GAUSSIAN,106
CURRENT_FEATURE_64,16,0.296,1.3776461195086802,3000,1000,64,AR1_GAUSSIAN,106
EXACT_REPLAY_UNBOUNDED,16,0.708,1.0767646281610646,3000,1000,1024,AR1_GAUSSIAN,106
ELIGIBILITY_TRACE_64,64,0.457,1.3185440497465177,3000,1000,64,AR1_GAUSSIAN,106
EXACT_FIFO_64,64,0.253,1.3861846531006512,3000,1000,64,AR1_GAUSSIAN,106
EXACT_FIFO_256,64,0.263,1.385745931946879,3000,1000,256,AR1_GAUSSIAN,106
EXACT_FIFO_1024,64,0.292,1.3839107233952654,3000,1000,1024,AR1_GAUSSIAN,106
EXACT_FIFO_4096,64,0.708,1.0756378108018232,3000,1000,4096,AR1_GAUSSIAN,106
CURRENT_FEATURE_64,64,0.242,1.3871732850614986,3000,1000,64,AR1_GAUSSIAN,106
EXACT_REPLAY_UNBOUNDED,64,0.708,1.0756378108018232,3000,1000,4096,AR1_GAUSSIAN,106
ELIGIBILITY_TRACE_64,1,0.594,1.250768160644062,3000,1000,64,AR1_GAUSSIAN,107
EXACT_FIFO_64,1,0.796,1.0792188086426286,3000,1000,64,AR1_GAUSSIAN,107
EXACT_FIFO_256,1,0.796,1.0792188086426286,3000,1000,64,AR1_GAUSSIAN,107
EXACT_FIFO_1024,1,0.796,1.0792188086426286,3000,1000,64,AR1_GAUSSIAN,107
EXACT_FIFO_4096,1,0.796,1.0792188086426286,3000,1000,64,AR1_GAUSSIAN,107
CURRENT_FEATURE_64,1,0.772,1.1282069952767761,3000,1000,64,AR1_GAUSSIAN,107
EXACT_REPLAY_UNBOUNDED,1,0.796,1.0792188086426286,3000,1000,64,AR1_GAUSSIAN,107
ELIGIBILITY_TRACE_64,4,0.633,1.22343911716606,3000,1000,64,AR1_GAUSSIAN,107
EXACT_FIFO_64,4,0.332,1.3860642175126998,3000,1000,64,AR1_GAUSSIAN,107
EXACT_FIFO_256,4,0.796,1.078742197011151,3000,1000,256,AR1_GAUSSIAN,107
EXACT_FIFO_1024,4,0.796,1.078742197011151,3000,1000,256,AR1_GAUSSIAN,107
EXACT_FIFO_4096,4,0.796,1.078742197011151,3000,1000,256,AR1_GAUSSIAN,107
CURRENT_FEATURE_64,4,0.68,1.2413443399441209,3000,1000,64,AR1_GAUSSIAN,107
EXACT_REPLAY_UNBOUNDED,4,0.796,1.078742197011151,3000,1000,256,AR1_GAUSSIAN,107
ELIGIBILITY_TRACE_64,16,0.629,1.2288690248762097,3000,1000,64,AR1_GAUSSIAN,107
EXACT_FIFO_64,16,0.332,1.3860642175126998,3000,1000,64,AR1_GAUSSIAN,107
EXACT_FIFO_256,16,0.359,1.3857572253970372,3000,1000,256,AR1_GAUSSIAN,107
EXACT_FIFO_1024,16,0.796,1.0783489018294514,3000,1000,1024,AR1_GAUSSIAN,107
EXACT_FIFO_4096,16,0.796,1.0783489018294514,3000,1000,1024,AR1_GAUSSIAN,107
CURRENT_FEATURE_64,16,0.254,1.3890129553335575,3000,1000,64,AR1_GAUSSIAN,107
EXACT_REPLAY_UNBOUNDED,16,0.796,1.0783489018294514,3000,1000,1024,AR1_GAUSSIAN,107
ELIGIBILITY_TRACE_64,64,0.44,1.3307149544704575,3000,1000,64,AR1_GAUSSIAN,107
EXACT_FIFO_64,64,0.332,1.3860642175126998,3000,1000,64,AR1_GAUSSIAN,107
EXACT_FIFO_256,64,0.359,1.3857572253970372,3000,1000,256,AR1_GAUSSIAN,107
EXACT_FIFO_1024,64,0.367,1.384103396679876,3000,1000,1024,AR1_GAUSSIAN,107
EXACT_FIFO_4096,64,0.796,1.0772030639960959,3000,1000,4096,AR1_GAUSSIAN,107
CURRENT_FEATURE_64,64,0.308,1.3783392241512495,3000,1000,64,AR1_GAUSSIAN,107
EXACT_REPLAY_UNBOUNDED,64,0.796,1.0772030639960959,3000,1000,4096,AR1_GAUSSIAN,107
ELIGIBILITY_TRACE_64,1,0.695,1.2347458214759635,3000,1000,64,AR1_GAUSSIAN,108
EXACT_FIFO_64,1,0.776,1.0441070582365666,3000,1000,64,AR1_GAUSSIAN,108
EXACT_FIFO_256,1,0.776,1.0441070582365666,3000,1000,64,AR1_GAUSSIAN,108
EXACT_FIFO_1024,1,0.776,1.0441070582365666,3000,1000,64,AR1_GAUSSIAN,108
EXACT_FIFO_4096,1,0.776,1.0441070582365666,3000,1000,64,AR1_GAUSSIAN,108
CURRENT_FEATURE_64,1,0.754,1.1017126339934051,3000,1000,64,AR1_GAUSSIAN,108
EXACT_REPLAY_UNBOUNDED,1,0.776,1.0441070582365666,3000,1000,64,AR1_GAUSSIAN,108
ELIGIBILITY_TRACE_64,4,0.728,1.2028039891876399,3000,1000,64,AR1_GAUSSIAN,108
EXACT_FIFO_64,4,0.272,1.3862897211979557,3000,1000,64,AR1_GAUSSIAN,108
EXACT_FIFO_256,4,0.776,1.0436156789411757,3000,1000,256,AR1_GAUSSIAN,108
EXACT_FIFO_1024,4,0.776,1.0436156789411757,3000,1000,256,AR1_GAUSSIAN,108
EXACT_FIFO_4096,4,0.776,1.0436156789411757,3000,1000,256,AR1_GAUSSIAN,108
CURRENT_FEATURE_64,4,0.694,1.2237695204961991,3000,1000,64,AR1_GAUSSIAN,108
EXACT_REPLAY_UNBOUNDED,4,0.776,1.0436156789411757,3000,1000,256,AR1_GAUSSIAN,108
ELIGIBILITY_TRACE_64,16,0.718,1.2140252598704082,3000,1000,64,AR1_GAUSSIAN,108
EXACT_FIFO_64,16,0.272,1.3862897211979557,3000,1000,64,AR1_GAUSSIAN,108
EXACT_FIFO_256,16,0.362,1.385870434918299,3000,1000,256,AR1_GAUSSIAN,108
EXACT_FIFO_1024,16,0.776,1.0431684515619606,3000,1000,1024,AR1_GAUSSIAN,108
EXACT_FIFO_4096,16,0.776,1.0431684515619606,3000,1000,1024,AR1_GAUSSIAN,108
CURRENT_FEATURE_64,16,0.257,1.3893864439163,3000,1000,64,AR1_GAUSSIAN,108
EXACT_REPLAY_UNBOUNDED,16,0.776,1.0431684515619606,3000,1000,1024,AR1_GAUSSIAN,108
ELIGIBILITY_TRACE_64,64,0.514,1.3173089247721477,3000,1000,64,AR1_GAUSSIAN,108
EXACT_FIFO_64,64,0.272,1.3862897211979557,3000,1000,64,AR1_GAUSSIAN,108
EXACT_FIFO_256,64,0.362,1.385870434918299,3000,1000,256,AR1_GAUSSIAN,108
EXACT_FIFO_1024,64,0.379,1.3837793274514825,3000,1000,1024,AR1_GAUSSIAN,108
EXACT_FIFO_4096,64,0.775,1.0418182020138353,3000,1000,4096,AR1_GAUSSIAN,108
CURRENT_FEATURE_64,64,0.314,1.3813968463842001,3000,1000,64,AR1_GAUSSIAN,108
EXACT_REPLAY_UNBOUNDED,64,0.775,1.0418182020138353,3000,1000,4096,AR1_GAUSSIAN,108
ELIGIBILITY_TRACE_64,1,0.621,1.2435071344691615,3000,1000,64,AR1_GAUSSIAN,109
EXACT_FIFO_64,1,0.741,1.0972449312073378,3000,1000,64,AR1_GAUSSIAN,109
EXACT_FIFO_256,1,0.741,1.0972449312073378,3000,1000,64,AR1_GAUSSIAN,109
EXACT_FIFO_1024,1,0.741,1.0972449312073378,3000,1000,64,AR1_GAUSSIAN,109
EXACT_FIFO_4096,1,0.741,1.0972449312073378,3000,1000,64,AR1_GAUSSIAN,109
CURRENT_FEATURE_64,1,0.718,1.1419764042500036,3000,1000,64,AR1_GAUSSIAN,109
EXACT_REPLAY_UNBOUNDED,1,0.741,1.0972449312073378,3000,1000,64,AR1_GAUSSIAN,109
ELIGIBILITY_TRACE_64,4,0.658,1.2193233750711943,3000,1000,64,AR1_GAUSSIAN,109
EXACT_FIFO_64,4,0.356,1.386162900671779,3000,1000,64,AR1_GAUSSIAN,109
EXACT_FIFO_256,4,0.74,1.0967980877245729,3000,1000,256,AR1_GAUSSIAN,109
EXACT_FIFO_1024,4,0.74,1.0967980877245729,3000,1000,256,AR1_GAUSSIAN,109
EXACT_FIFO_4096,4,0.74,1.0967980877245729,3000,1000,256,AR1_GAUSSIAN,109
CURRENT_FEATURE_64,4,0.628,1.2515477896547236,3000,1000,64,AR1_GAUSSIAN,109
EXACT_REPLAY_UNBOUNDED,4,0.74,1.0967980877245729,3000,1000,256,AR1_GAUSSIAN,109
ELIGIBILITY_TRACE_64,16,0.626,1.2266160738311231,3000,1000,64,AR1_GAUSSIAN,109
EXACT_FIFO_64,16,0.356,1.386162900671779,3000,1000,64,AR1_GAUSSIAN,109
EXACT_FIFO_256,16,0.303,1.3858248822071526,3000,1000,256,AR1_GAUSSIAN,109
EXACT_FIFO_1024,16,0.74,1.0964107845062485,3000,1000,1024,AR1_GAUSSIAN,109
EXACT_FIFO_4096,16,0.74,1.0964107845062485,3000,1000,1024,AR1_GAUSSIAN,109
CURRENT_FEATURE_64,16,0.265,1.3912262445055057,3000,1000,64,AR1_GAUSSIAN,109
EXACT_REPLAY_UNBOUNDED,16,0.74,1.0964107845062485,3000,1000,1024,AR1_GAUSSIAN,109
ELIGIBILITY_TRACE_64,64,0.389,1.3173645601876844,3000,1000,64,AR1_GAUSSIAN,109
EXACT_FIFO_64,64,0.356,1.386162900671779,3000,1000,64,AR1_GAUSSIAN,109
EXACT_FIFO_256,64,0.303,1.3858248822071526,3000,1000,256,AR1_GAUSSIAN,109
EXACT_FIFO_1024,64,0.352,1.3844052508897913,3000,1000,1024,AR1_GAUSSIAN,109
EXACT_FIFO_4096,64,0.741,1.0953678703373475,3000,1000,4096,AR1_GAUSSIAN,109
CURRENT_FEATURE_64,64,0.177,1.401675212337812,3000,1000,64,AR1_GAUSSIAN,109
EXACT_REPLAY_UNBOUNDED,64,0.741,1.0953678703373475,3000,1000,4096,AR1_GAUSSIAN,109
ELIGIBILITY_TRACE_64,1,0.554,1.268320915128379,3000,1000,64,AR1_GAUSSIAN,110
EXACT_FIFO_64,1,0.754,1.0828065020875757,3000,1000,64,AR1_GAUSSIAN,110
EXACT_FIFO_256,1,0.754,1.0828065020875757,3000,1000,64,AR1_GAUSSIAN,110
EXACT_FIFO_1024,1,0.754,1.0828065020875757,3000,1000,64,AR1_GAUSSIAN,110
EXACT_FIFO_4096,1,0.754,1.0828065020875757,3000,1000,64,AR1_GAUSSIAN,110
CURRENT_FEATURE_64,1,0.733,1.1324323475730413,3000,1000,64,AR1_GAUSSIAN,110
EXACT_REPLAY_UNBOUNDED,1,0.754,1.0828065020875757,3000,1000,64,AR1_GAUSSIAN,110
ELIGIBILITY_TRACE_64,4,0.585,1.2408430151042966,3000,1000,64,AR1_GAUSSIAN,110
EXACT_FIFO_64,4,0.209,1.3862463653341592,3000,1000,64,AR1_GAUSSIAN,110
EXACT_FIFO_256,4,0.754,1.0823622323378805,3000,1000,256,AR1_GAUSSIAN,110
EXACT_FIFO_1024,4,0.754,1.0823622323378805,3000,1000,256,AR1_GAUSSIAN,110
EXACT_FIFO_4096,4,0.754,1.0823622323378805,3000,1000,256,AR1_GAUSSIAN,110
CURRENT_FEATURE_64,4,0.653,1.2418019494058676,3000,1000,64,AR1_GAUSSIAN,110
EXACT_REPLAY_UNBOUNDED,4,0.754,1.0823622323378805,3000,1000,256,AR1_GAUSSIAN,110
ELIGIBILITY_TRACE_64,16,0.586,1.241131964539629,3000,1000,64,AR1_GAUSSIAN,110
EXACT_FIFO_64,16,0.209,1.3862463653341592,3000,1000,64,AR1_GAUSSIAN,110
EXACT_FIFO_256,16,0.28,1.3857037546226292,3000,1000,256,AR1_GAUSSIAN,110
EXACT_FIFO_1024,16,0.754,1.0819158241968274,3000,1000,1024,AR1_GAUSSIAN,110
EXACT_FIFO_4096,16,0.754,1.0819158241968274,3000,1000,1024,AR1_GAUSSIAN,110
CURRENT_FEATURE_64,16,0.319,1.3780269654027175,3000,1000,64,AR1_GAUSSIAN,110
EXACT_REPLAY_UNBOUNDED,16,0.754,1.0819158241968274,3000,1000,1024,AR1_GAUSSIAN,110
ELIGIBILITY_TRACE_64,64,0.429,1.3384128078506345,3000,1000,64,AR1_GAUSSIAN,110
EXACT_FIFO_64,64,0.209,1.3862463653341592,3000,1000,64,AR1_GAUSSIAN,110
EXACT_FIFO_256,64,0.28,1.3857037546226292,3000,1000,256,AR1_GAUSSIAN,110
EXACT_FIFO_1024,64,0.363,1.3841530560234405,3000,1000,1024,AR1_GAUSSIAN,110
EXACT_FIFO_4096,64,0.752,1.0808699168019844,3000,1000,4096,AR1_GAUSSIAN,110
CURRENT_FEATURE_64,64,0.198,1.4065932691614145,3000,1000,64,AR1_GAUSSIAN,110
EXACT_REPLAY_UNBOUNDED,64,0.752,1.0808699168019844,3000,1000,4096,AR1_GAUSSIAN,110
ELIGIBILITY_TRACE_64,1,0.618,1.2478100372113856,3000,1000,64,AR1_GAUSSIAN,111
EXACT_FIFO_64,1,0.749,1.0751897486710964,3000,1000,64,AR1_GAUSSIAN,111
EXACT_FIFO_256,1,0.749,1.0751897486710964,3000,1000,64,AR1_GAUSSIAN,111
EXACT_FIFO_1024,1,0.749,1.0751897486710964,3000,1000,64,AR1_GAUSSIAN,111
EXACT_FIFO_4096,1,0.749,1.0751897486710964,3000,1000,64,AR1_GAUSSIAN,111
CURRENT_FEATURE_64,1,0.715,1.1302343225959048,3000,1000,64,AR1_GAUSSIAN,111
EXACT_REPLAY_UNBOUNDED,1,0.749,1.0751897486710964,3000,1000,64,AR1_GAUSSIAN,111
ELIGIBILITY_TRACE_64,4,0.655,1.2212000622395127,3000,1000,64,AR1_GAUSSIAN,111
EXACT_FIFO_64,4,0.251,1.3860944549125818,3000,1000,64,AR1_GAUSSIAN,111
EXACT_FIFO_256,4,0.748,1.0747362918686072,3000,1000,256,AR1_GAUSSIAN,111
EXACT_FIFO_1024,4,0.748,1.0747362918686072,3000,1000,256,AR1_GAUSSIAN,111
EXACT_FIFO_4096,4,0.748,1.0747362918686072,3000,1000,256,AR1_GAUSSIAN,111
CURRENT_FEATURE_64,4,0.635,1.2386808510456488,3000,1000,64,AR1_GAUSSIAN,111
EXACT_REPLAY_UNBOUNDED,4,0.748,1.0747362918686072,3000,1000,256,AR1_GAUSSIAN,111
ELIGIBILITY_TRACE_64,16,0.642,1.2222028970077305,3000,1000,64,AR1_GAUSSIAN,111
EXACT_FIFO_64,16,0.251,1.3860944549125818,3000,1000,64,AR1_GAUSSIAN,111
EXACT_FIFO_256,16,0.261,1.385518305676904,3000,1000,256,AR1_GAUSSIAN,111
EXACT_FIFO_1024,16,0.746,1.074333880994349,3000,1000,1024,AR1_GAUSSIAN,111
EXACT_FIFO_4096,16,0.746,1.074333880994349,3000,1000,1024,AR1_GAUSSIAN,111
CURRENT_FEATURE_64,16,0.325,1.3705492752818653,3000,1000,64,AR1_GAUSSIAN,111
EXACT_REPLAY_UNBOUNDED,16,0.746,1.074333880994349,3000,1000,1024,AR1_GAUSSIAN,111
ELIGIBILITY_TRACE_64,64,0.412,1.3323253618287019,3000,1000,64,AR1_GAUSSIAN,111
EXACT_FIFO_64,64,0.251,1.3860944549125818,3000,1000,64,AR1_GAUSSIAN,111
EXACT_FIFO_256,64,0.261,1.385518305676904,3000,1000,256,AR1_GAUSSIAN,111
EXACT_FIFO_1024,64,0.381,1.3828322959423875,3000,1000,1024,AR1_GAUSSIAN,111
EXACT_FIFO_4096,64,0.746,1.073284651818724,3000,1000,4096,AR1_GAUSSIAN,111
CURRENT_FEATURE_64,64,0.206,1.404168710219037,3000,1000,64,AR1_GAUSSIAN,111
EXACT_REPLAY_UNBOUNDED,64,0.746,1.073284651818724,3000,1000,4096,AR1_GAUSSIAN,111
ELIGIBILITY_TRACE_64,1,0.547,1.264048639019854,3000,1000,64,AR1_GAUSSIAN,112
EXACT_FIFO_64,1,0.712,1.1294542534733967,3000,1000,64,AR1_GAUSSIAN,112
EXACT_FIFO_256,1,0.712,1.1294542534733967,3000,1000,64,AR1_GAUSSIAN,112
EXACT_FIFO_1024,1,0.712,1.1294542534733967,3000,1000,64,AR1_GAUSSIAN,112
EXACT_FIFO_4096,1,0.712,1.1294542534733967,3000,1000,64,AR1_GAUSSIAN,112
CURRENT_FEATURE_64,1,0.688,1.171698213155666,3000,1000,64,AR1_GAUSSIAN,112
EXACT_REPLAY_UNBOUNDED,1,0.712,1.1294542534733967,3000,1000,64,AR1_GAUSSIAN,112
ELIGIBILITY_TRACE_64,4,0.588,1.242751504200812,3000,1000,64,AR1_GAUSSIAN,112
EXACT_FIFO_64,4,0.268,1.38612965218647,3000,1000,64,AR1_GAUSSIAN,112
EXACT_FIFO_256,4,0.712,1.129042609402907,3000,1000,256,AR1_GAUSSIAN,112
EXACT_FIFO_1024,4,0.712,1.129042609402907,3000,1000,256,AR1_GAUSSIAN,112
EXACT_FIFO_4096,4,0.712,1.129042609402907,3000,1000,256,AR1_GAUSSIAN,112
CURRENT_FEATURE_64,4,0.626,1.2637065684215418,3000,1000,64,AR1_GAUSSIAN,112
EXACT_REPLAY_UNBOUNDED,4,0.712,1.129042609402907,3000,1000,256,AR1_GAUSSIAN,112
ELIGIBILITY_TRACE_64,16,0.554,1.2471685283622438,3000,1000,64,AR1_GAUSSIAN,112
EXACT_FIFO_64,16,0.268,1.38612965218647,3000,1000,64,AR1_GAUSSIAN,112
EXACT_FIFO_256,16,0.425,1.385497320755259,3000,1000,256,AR1_GAUSSIAN,112
EXACT_FIFO_1024,16,0.711,1.1287174539614135,3000,1000,1024,AR1_GAUSSIAN,112
EXACT_FIFO_4096,16,0.711,1.1287174539614135,3000,1000,1024,AR1_GAUSSIAN,112
CURRENT_FEATURE_64,16,0.287,1.3847813348635818,3000,1000,64,AR1_GAUSSIAN,112
EXACT_REPLAY_UNBOUNDED,16,0.711,1.1287174539614135,3000,1000,1024,AR1_GAUSSIAN,112
ELIGIBILITY_TRACE_64,64,0.425,1.3232991141673798,3000,1000,64,AR1_GAUSSIAN,112
EXACT_FIFO_64,64,0.268,1.38612965218647,3000,1000,64,AR1_GAUSSIAN,112
EXACT_FIFO_256,64,0.425,1.385497320755259,3000,1000,256,AR1_GAUSSIAN,112
EXACT_FIFO_1024,64,0.395,1.3836216746517394,3000,1000,1024,AR1_GAUSSIAN,112
EXACT_FIFO_4096,64,0.711,1.1278939291565397,3000,1000,4096,AR1_GAUSSIAN,112
CURRENT_FEATURE_64,64,0.25,1.3882375196180328,3000,1000,64,AR1_GAUSSIAN,112
EXACT_REPLAY_UNBOUNDED,64,0.711,1.1278939291565397,3000,1000,4096,AR1_GAUSSIAN,112
ELIGIBILITY_TRACE_64,1,0.632,1.2248035641456954,3000,1000,64,AR1_GAUSSIAN,113
EXACT_FIFO_64,1,0.752,1.0432782349788823,3000,1000,64,AR1_GAUSSIAN,113
EXACT_FIFO_256,1,0.752,1.0432782349788823,3000,1000,64,AR1_GAUSSIAN,113
EXACT_FIFO_1024,1,0.752,1.0432782349788823,3000,1000,64,AR1_GAUSSIAN,113
EXACT_FIFO_4096,1,0.752,1.0432782349788823,3000,1000,64,AR1_GAUSSIAN,113
CURRENT_FEATURE_64,1,0.739,1.1019956453399922,3000,1000,64,AR1_GAUSSIAN,113
EXACT_REPLAY_UNBOUNDED,1,0.752,1.0432782349788823,3000,1000,64,AR1_GAUSSIAN,113
ELIGIBILITY_TRACE_64,4,0.656,1.1955410708326435,3000,1000,64,AR1_GAUSSIAN,113
EXACT_FIFO_64,4,0.281,1.3860813420519271,3000,1000,64,AR1_GAUSSIAN,113
EXACT_FIFO_256,4,0.752,1.0427941904479745,3000,1000,256,AR1_GAUSSIAN,113
EXACT_FIFO_1024,4,0.752,1.0427941904479745,3000,1000,256,AR1_GAUSSIAN,113
EXACT_FIFO_4096,4,0.752,1.0427941904479745,3000,1000,256,AR1_GAUSSIAN,113
CURRENT_FEATURE_64,4,0.681,1.2218919074786672,3000,1000,64,AR1_GAUSSIAN,113
EXACT_REPLAY_UNBOUNDED,4,0.752,1.0427941904479745,3000,1000,256,AR1_GAUSSIAN,113
ELIGIBILITY_TRACE_64,16,0.646,1.1999071009343478,3000,1000,64,AR1_GAUSSIAN,113
EXACT_FIFO_64,16,0.281,1.3860813420519271,3000,1000,64,AR1_GAUSSIAN,113
EXACT_FIFO_256,16,0.308,1.3857675798807765,3000,1000,256,AR1_GAUSSIAN,113
EXACT_FIFO_1024,16,0.752,1.0422851914089388,3000,1000,1024,AR1_GAUSSIAN,113
EXACT_FIFO_4096,16,0.752,1.0422851914089388,3000,1000,1024,AR1_GAUSSIAN,113
CURRENT_FEATURE_64,16,0.324,1.368153703751304,3000,1000,64,AR1_GAUSSIAN,113
EXACT_REPLAY_UNBOUNDED,16,0.752,1.0422851914089388,3000,1000,1024,AR1_GAUSSIAN,113
ELIGIBILITY_TRACE_64,64,0.512,1.2877262015067088,3000,1000,64,AR1_GAUSSIAN,113
EXACT_FIFO_64,64,0.281,1.3860813420519271,3000,1000,64,AR1_GAUSSIAN,113
EXACT_FIFO_256,64,0.308,1.3857675798807765,3000,1000,256,AR1_GAUSSIAN,113
EXACT_FIFO_1024,64,0.403,1.3838786904501723,3000,1000,1024,AR1_GAUSSIAN,113
EXACT_FIFO_4096,64,0.75,1.0409284214194727,3000,1000,4096,AR1_GAUSSIAN,113
CURRENT_FEATURE_64,64,0.258,1.3865395554965267,3000,1000,64,AR1_GAUSSIAN,113
EXACT_REPLAY_UNBOUNDED,64,0.75,1.0409284214194727,3000,1000,4096,AR1_GAUSSIAN,113
ELIGIBILITY_TRACE_64,1,0.609,1.2601967730260275,3000,1000,64,AR1_GAUSSIAN,114
EXACT_FIFO_64,1,0.725,1.0930660225662143,3000,1000,64,AR1_GAUSSIAN,114
EXACT_FIFO_256,1,0.725,1.0930660225662143,3000,1000,64,AR1_GAUSSIAN,114
EXACT_FIFO_1024,1,0.725,1.0930660225662143,3000,1000,64,AR1_GAUSSIAN,114
EXACT_FIFO_4096,1,0.725,1.0930660225662143,3000,1000,64,AR1_GAUSSIAN,114
CURRENT_FEATURE_64,1,0.718,1.1449899510779795,3000,1000,64,AR1_GAUSSIAN,114
EXACT_REPLAY_UNBOUNDED,1,0.725,1.0930660225662143,3000,1000,64,AR1_GAUSSIAN,114
ELIGIBILITY_TRACE_64,4,0.641,1.2336413429955078,3000,1000,64,AR1_GAUSSIAN,114
EXACT_FIFO_64,4,0.231,1.3860849981121561,3000,1000,64,AR1_GAUSSIAN,114
EXACT_FIFO_256,4,0.725,1.0926374223217072,3000,1000,256,AR1_GAUSSIAN,114
EXACT_FIFO_1024,4,0.725,1.0926374223217072,3000,1000,256,AR1_GAUSSIAN,114
EXACT_FIFO_4096,4,0.725,1.0926374223217072,3000,1000,256,AR1_GAUSSIAN,114
CURRENT_FEATURE_64,4,0.655,1.252134015833399,3000,1000,64,AR1_GAUSSIAN,114
EXACT_REPLAY_UNBOUNDED,4,0.725,1.0926374223217072,3000,1000,256,AR1_GAUSSIAN,114
ELIGIBILITY_TRACE_64,16,0.636,1.2329561148772803,3000,1000,64,AR1_GAUSSIAN,114
EXACT_FIFO_64,16,0.231,1.3860849981121561,3000,1000,64,AR1_GAUSSIAN,114
EXACT_FIFO_256,16,0.374,1.3857527887150254,3000,1000,256,AR1_GAUSSIAN,114
EXACT_FIFO_1024,16,0.725,1.0922601627119053,3000,1000,1024,AR1_GAUSSIAN,114
EXACT_FIFO_4096,16,0.725,1.0922601627119053,3000,1000,1024,AR1_GAUSSIAN,114
CURRENT_FEATURE_64,16,0.249,1.3843591017015817,3000,1000,64,AR1_GAUSSIAN,114
EXACT_REPLAY_UNBOUNDED,16,0.725,1.0922601627119053,3000,1000,1024,AR1_GAUSSIAN,114
ELIGIBILITY_TRACE_64,64,0.376,1.3481644006463211,3000,1000,64,AR1_GAUSSIAN,114
EXACT_FIFO_64,64,0.231,1.3860849981121561,3000,1000,64,AR1_GAUSSIAN,114
EXACT_FIFO_256,64,0.374,1.3857527887150254,3000,1000,256,AR1_GAUSSIAN,114
EXACT_FIFO_1024,64,0.375,1.3844004338621065,3000,1000,1024,AR1_GAUSSIAN,114
EXACT_FIFO_4096,64,0.724,1.091136871821357,3000,1000,4096,AR1_GAUSSIAN,114
CURRENT_FEATURE_64,64,0.329,1.3726590996490649,3000,1000,64,AR1_GAUSSIAN,114
EXACT_REPLAY_UNBOUNDED,64,0.724,1.091136871821357,3000,1000,4096,AR1_GAUSSIAN,114
ELIGIBILITY_TRACE_64,1,0.632,1.2237406305975305,3000,1000,64,AR1_GAUSSIAN,115
EXACT_FIFO_64,1,0.746,1.042524152115321,3000,1000,64,AR1_GAUSSIAN,115
EXACT_FIFO_256,1,0.746,1.042524152115321,3000,1000,64,AR1_GAUSSIAN,115
EXACT_FIFO_1024,1,0.746,1.042524152115321,3000,1000,64,AR1_GAUSSIAN,115
EXACT_FIFO_4096,1,0.746,1.042524152115321,3000,1000,64,AR1_GAUSSIAN,115
CURRENT_FEATURE_64,1,0.74,1.0962544715161966,3000,1000,64,AR1_GAUSSIAN,115
EXACT_REPLAY_UNBOUNDED,1,0.746,1.042524152115321,3000,1000,64,AR1_GAUSSIAN,115
ELIGIBILITY_TRACE_64,4,0.678,1.1951059231904486,3000,1000,64,AR1_GAUSSIAN,115
EXACT_FIFO_64,4,0.289,1.386194130695973,3000,1000,64,AR1_GAUSSIAN,115
EXACT_FIFO_256,4,0.746,1.0420334200409829,3000,1000,256,AR1_GAUSSIAN,115
EXACT_FIFO_1024,4,0.746,1.0420334200409829,3000,1000,256,AR1_GAUSSIAN,115
EXACT_FIFO_4096,4,0.746,1.0420334200409829,3000,1000,256,AR1_GAUSSIAN,115
CURRENT_FEATURE_64,4,0.669,1.2291246323557417,3000,1000,64,AR1_GAUSSIAN,115
EXACT_REPLAY_UNBOUNDED,4,0.746,1.0420334200409829,3000,1000,256,AR1_GAUSSIAN,115
ELIGIBILITY_TRACE_64,16,0.68,1.2045926440239028,3000,1000,64,AR1_GAUSSIAN,115
EXACT_FIFO_64,16,0.289,1.386194130695973,3000,1000,64,AR1_GAUSSIAN,115
EXACT_FIFO_256,16,0.27,1.386054134625933,3000,1000,256,AR1_GAUSSIAN,115
EXACT_FIFO_1024,16,0.746,1.0415924085166826,3000,1000,1024,AR1_GAUSSIAN,115
EXACT_FIFO_4096,16,0.746,1.0415924085166826,3000,1000,1024,AR1_GAUSSIAN,115
CURRENT_FEATURE_64,16,0.348,1.3671348561271215,3000,1000,64,AR1_GAUSSIAN,115
EXACT_REPLAY_UNBOUNDED,16,0.746,1.0415924085166826,3000,1000,1024,AR1_GAUSSIAN,115
ELIGIBILITY_TRACE_64,64,0.501,1.3112987702110444,3000,1000,64,AR1_GAUSSIAN,115
EXACT_FIFO_64,64,0.289,1.386194130695973,3000,1000,64,AR1_GAUSSIAN,115
EXACT_FIFO_256,64,0.27,1.386054134625933,3000,1000,256,AR1_GAUSSIAN,115
EXACT_FIFO_1024,64,0.344,1.384527941904711,3000,1000,1024,AR1_GAUSSIAN,115
EXACT_FIFO_4096,64,0.746,1.0402377809029386,3000,1000,4096,AR1_GAUSSIAN,115
CURRENT_FEATURE_64,64,0.315,1.3694867955645431,3000,1000,64,AR1_GAUSSIAN,115
EXACT_REPLAY_UNBOUNDED,64,0.746,1.0402377809029386,3000,1000,4096,AR1_GAUSSIAN,115
ELIGIBILITY_TRACE_64,1,0.631,1.232196952594335,3000,1000,64,AR1_GAUSSIAN,116
EXACT_FIFO_64,1,0.775,1.0554186737955777,3000,1000,64,AR1_GAUSSIAN,116
EXACT_FIFO_256,1,0.775,1.0554186737955777,3000,1000,64,AR1_GAUSSIAN,116
EXACT_FIFO_1024,1,0.775,1.0554186737955777,3000,1000,64,AR1_GAUSSIAN,116
EXACT_FIFO_4096,1,0.775,1.0554186737955777,3000,1000,64,AR1_GAUSSIAN,116
CURRENT_FEATURE_64,1,0.755,1.1119509493575672,3000,1000,64,AR1_GAUSSIAN,116
EXACT_REPLAY_UNBOUNDED,1,0.775,1.0554186737955777,3000,1000,64,AR1_GAUSSIAN,116
ELIGIBILITY_TRACE_64,4,0.663,1.2059073508955709,3000,1000,64,AR1_GAUSSIAN,116
EXACT_FIFO_64,4,0.242,1.3861645296325091,3000,1000,64,AR1_GAUSSIAN,116
EXACT_FIFO_256,4,0.776,1.0549308075537962,3000,1000,256,AR1_GAUSSIAN,116
EXACT_FIFO_1024,4,0.776,1.0549308075537962,3000,1000,256,AR1_GAUSSIAN,116
EXACT_FIFO_4096,4,0.776,1.0549308075537962,3000,1000,256,AR1_GAUSSIAN,116
CURRENT_FEATURE_64,4,0.703,1.2375803957846363,3000,1000,64,AR1_GAUSSIAN,116
EXACT_REPLAY_UNBOUNDED,4,0.776,1.0549308075537962,3000,1000,256,AR1_GAUSSIAN,116
ELIGIBILITY_TRACE_64,16,0.677,1.209661054796894,3000,1000,64,AR1_GAUSSIAN,116
EXACT_FIFO_64,16,0.242,1.3861645296325091,3000,1000,64,AR1_GAUSSIAN,116
EXACT_FIFO_256,16,0.274,1.3855351214431821,3000,1000,256,AR1_GAUSSIAN,116
EXACT_FIFO_1024,16,0.775,1.054455188418999,3000,1000,1024,AR1_GAUSSIAN,116
EXACT_FIFO_4096,16,0.775,1.054455188418999,3000,1000,1024,AR1_GAUSSIAN,116
CURRENT_FEATURE_64,16,0.312,1.3730058049171174,3000,1000,64,AR1_GAUSSIAN,116
EXACT_REPLAY_UNBOUNDED,16,0.775,1.054455188418999,3000,1000,1024,AR1_GAUSSIAN,116
ELIGIBILITY_TRACE_64,64,0.436,1.3208780919116563,3000,1000,64,AR1_GAUSSIAN,116
EXACT_FIFO_64,64,0.242,1.3861645296325091,3000,1000,64,AR1_GAUSSIAN,116
EXACT_FIFO_256,64,0.274,1.3855351214431821,3000,1000,256,AR1_GAUSSIAN,116
EXACT_FIFO_1024,64,0.347,1.38266078229365,3000,1000,1024,AR1_GAUSSIAN,116
EXACT_FIFO_4096,64,0.775,1.0531999902571587,3000,1000,4096,AR1_GAUSSIAN,116
CURRENT_FEATURE_64,64,0.212,1.396472018275429,3000,1000,64,AR1_GAUSSIAN,116
EXACT_REPLAY_UNBOUNDED,64,0.775,1.0531999902571587,3000,1000,4096,AR1_GAUSSIAN,116
ELIGIBILITY_TRACE_64,1,0.614,1.252298580602228,3000,1000,64,AR1_GAUSSIAN,117
EXACT_FIFO_64,1,0.71,1.1004838023440187,3000,1000,64,AR1_GAUSSIAN,117
EXACT_FIFO_256,1,0.71,1.1004838023440187,3000,1000,64,AR1_GAUSSIAN,117
EXACT_FIFO_1024,1,0.71,1.1004838023440187,3000,1000,64,AR1_GAUSSIAN,117
EXACT_FIFO_4096,1,0.71,1.1004838023440187,3000,1000,64,AR1_GAUSSIAN,117
CURRENT_FEATURE_64,1,0.7,1.1460457536800426,3000,1000,64,AR1_GAUSSIAN,117
EXACT_REPLAY_UNBOUNDED,1,0.71,1.1004838023440187,3000,1000,64,AR1_GAUSSIAN,117
ELIGIBILITY_TRACE_64,4,0.645,1.225660330759949,3000,1000,64,AR1_GAUSSIAN,117
EXACT_FIFO_64,4,0.307,1.386019298582245,3000,1000,64,AR1_GAUSSIAN,117
EXACT_FIFO_256,4,0.71,1.1000336883194464,3000,1000,256,AR1_GAUSSIAN,117
EXACT_FIFO_1024,4,0.71,1.1000336883194464,3000,1000,256,AR1_GAUSSIAN,117
EXACT_FIFO_4096,4,0.71,1.1000336883194464,3000,1000,256,AR1_GAUSSIAN,117
CURRENT_FEATURE_64,4,0.662,1.249421658897829,3000,1000,64,AR1_GAUSSIAN,117
EXACT_REPLAY_UNBOUNDED,4,0.71,1.1000336883194464,3000,1000,256,AR1_GAUSSIAN,117
ELIGIBILITY_TRACE_64,16,0.64,1.2326727009657146,3000,1000,64,AR1_GAUSSIAN,117
EXACT_FIFO_64,16,0.307,1.386019298582245,3000,1000,64,AR1_GAUSSIAN,117
EXACT_FIFO_256,16,0.335,1.385619927994314,3000,1000,256,AR1_GAUSSIAN,117
EXACT_FIFO_1024,16,0.71,1.099658033897094,3000,1000,1024,AR1_GAUSSIAN,117
EXACT_FIFO_4096,16,0.71,1.099658033897094,3000,1000,1024,AR1_GAUSSIAN,117
CURRENT_FEATURE_64,16,0.266,1.384594002452831,3000,1000,64,AR1_GAUSSIAN,117
EXACT_REPLAY_UNBOUNDED,16,0.71,1.099658033897094,3000,1000,1024,AR1_GAUSSIAN,117
ELIGIBILITY_TRACE_64,64,0.411,1.332892853289591,3000,1000,64,AR1_GAUSSIAN,117
EXACT_FIFO_64,64,0.307,1.386019298582245,3000,1000,64,AR1_GAUSSIAN,117
EXACT_FIFO_256,64,0.335,1.385619927994314,3000,1000,256,AR1_GAUSSIAN,117
EXACT_FIFO_1024,64,0.386,1.3841563037269276,3000,1000,1024,AR1_GAUSSIAN,117
EXACT_FIFO_4096,64,0.708,1.0985997010891053,3000,1000,4096,AR1_GAUSSIAN,117
CURRENT_FEATURE_64,64,0.272,1.3846995093185117,3000,1000,64,AR1_GAUSSIAN,117
EXACT_REPLAY_UNBOUNDED,64,0.708,1.0985997010891053,3000,1000,4096,AR1_GAUSSIAN,117
ELIGIBILITY_TRACE_64,1,0.579,1.2769944858401057,3000,1000,64,AR1_GAUSSIAN,118
EXACT_FIFO_64,1,0.719,1.127554402422122,3000,1000,64,AR1_GAUSSIAN,118
EXACT_FIFO_256,1,0.719,1.127554402422122,3000,1000,64,AR1_GAUSSIAN,118
EXACT_FIFO_1024,1,0.719,1.127554402422122,3000,1000,64,AR1_GAUSSIAN,118
EXACT_FIFO_4096,1,0.719,1.127554402422122,3000,1000,64,AR1_GAUSSIAN,118
CURRENT_FEATURE_64,1,0.686,1.171913105730033,3000,1000,64,AR1_GAUSSIAN,118
EXACT_REPLAY_UNBOUNDED,1,0.719,1.127554402422122,3000,1000,64,AR1_GAUSSIAN,118
ELIGIBILITY_TRACE_64,4,0.606,1.2543495457030722,3000,1000,64,AR1_GAUSSIAN,118
EXACT_FIFO_64,4,0.242,1.3861153494152172,3000,1000,64,AR1_GAUSSIAN,118
EXACT_FIFO_256,4,0.718,1.1271644782367962,3000,1000,256,AR1_GAUSSIAN,118
EXACT_FIFO_1024,4,0.718,1.1271644782367962,3000,1000,256,AR1_GAUSSIAN,118
EXACT_FIFO_4096,4,0.718,1.1271644782367962,3000,1000,256,AR1_GAUSSIAN,118
CURRENT_FEATURE_64,4,0.586,1.266661089268987,3000,1000,64,AR1_GAUSSIAN,118
EXACT_REPLAY_UNBOUNDED,4,0.718,1.1271644782367962,3000,1000,256,AR1_GAUSSIAN,118
ELIGIBILITY_TRACE_64,16,0.577,1.2555607410326297,3000,1000,64,AR1_GAUSSIAN,118
EXACT_FIFO_64,16,0.242,1.3861153494152172,3000,1000,64,AR1_GAUSSIAN,118
EXACT_FIFO_256,16,0.254,1.3854504497734006,3000,1000,256,AR1_GAUSSIAN,118
EXACT_FIFO_1024,16,0.719,1.126875278595709,3000,1000,1024,AR1_GAUSSIAN,118
EXACT_FIFO_4096,16,0.719,1.126875278595709,3000,1000,1024,AR1_GAUSSIAN,118
CURRENT_FEATURE_64,16,0.302,1.3791023371146613,3000,1000,64,AR1_GAUSSIAN,118
EXACT_REPLAY_UNBOUNDED,16,0.719,1.126875278595709,3000,1000,1024,AR1_GAUSSIAN,118
ELIGIBILITY_TRACE_64,64,0.458,1.3186039039340882,3000,1000,64,AR1_GAUSSIAN,118
EXACT_FIFO_64,64,0.242,1.3861153494152172,3000,1000,64,AR1_GAUSSIAN,118
EXACT_FIFO_256,64,0.254,1.3854504497734006,3000,1000,256,AR1_GAUSSIAN,118
EXACT_FIFO_1024,64,0.37,1.3844500750947804,3000,1000,1024,AR1_GAUSSIAN,118
EXACT_FIFO_4096,64,0.717,1.1260223888817569,3000,1000,4096,AR1_GAUSSIAN,118
CURRENT_FEATURE_64,64,0.314,1.3767739545326096,3000,1000,64,AR1_GAUSSIAN,118
EXACT_REPLAY_UNBOUNDED,64,0.717,1.1260223888817569,3000,1000,4096,AR1_GAUSSIAN,118
ELIGIBILITY_TRACE_64,1,0.587,1.257344213204853,3000,1000,64,AR1_GAUSSIAN,119
EXACT_FIFO_64,1,0.769,1.0801081481438186,3000,1000,64,AR1_GAUSSIAN,119
EXACT_FIFO_256,1,0.769,1.0801081481438186,3000,1000,64,AR1_GAUSSIAN,119
EXACT_FIFO_1024,1,0.769,1.0801081481438186,3000,1000,64,AR1_GAUSSIAN,119
EXACT_FIFO_4096,1,0.769,1.0801081481438186,3000,1000,64,AR1_GAUSSIAN,119
CURRENT_FEATURE_64,1,0.75,1.1322539123876647,3000,1000,64,AR1_GAUSSIAN,119
EXACT_REPLAY_UNBOUNDED,1,0.769,1.0801081481438186,3000,1000,64,AR1_GAUSSIAN,119
ELIGIBILITY_TRACE_64,4,0.619,1.2307381506680504,3000,1000,64,AR1_GAUSSIAN,119
EXACT_FIFO_64,4,0.224,1.38622159475134,3000,1000,64,AR1_GAUSSIAN,119
EXACT_FIFO_256,4,0.767,1.0796353252834774,3000,1000,256,AR1_GAUSSIAN,119
EXACT_FIFO_1024,4,0.767,1.0796353252834774,3000,1000,256,AR1_GAUSSIAN,119
EXACT_FIFO_4096,4,0.767,1.0796353252834774,3000,1000,256,AR1_GAUSSIAN,119
CURRENT_FEATURE_64,4,0.677,1.2351363113953135,3000,1000,64,AR1_GAUSSIAN,119
EXACT_REPLAY_UNBOUNDED,4,0.767,1.0796353252834774,3000,1000,256,AR1_GAUSSIAN,119
ELIGIBILITY_TRACE_64,16,0.624,1.2261302061764763,3000,1000,64,AR1_GAUSSIAN,119
EXACT_FIFO_64,16,0.224,1.38622159475134,3000,1000,64,AR1_GAUSSIAN,119
EXACT_FIFO_256,16,0.278,1.3859145675117912,3000,1000,256,AR1_GAUSSIAN,119
EXACT_FIFO_1024,16,0.766,1.0791968306466355,3000,1000,1024,AR1_GAUSSIAN,119
EXACT_FIFO_4096,16,0.766,1.0791968306466355,3000,1000,1024,AR1_GAUSSIAN,119
CURRENT_FEATURE_64,16,0.276,1.3799671487439227,3000,1000,64,AR1_GAUSSIAN,119
EXACT_REPLAY_UNBOUNDED,16,0.766,1.0791968306466355,3000,1000,1024,AR1_GAUSSIAN,119
ELIGIBILITY_TRACE_64,64,0.436,1.3243448100931383,3000,1000,64,AR1_GAUSSIAN,119
EXACT_FIFO_64,64,0.224,1.38622159475134,3000,1000,64,AR1_GAUSSIAN,119
EXACT_FIFO_256,64,0.278,1.3859145675117912,3000,1000,256,AR1_GAUSSIAN,119
EXACT_FIFO_1024,64,0.359,1.3837595571640797,3000,1000,1024,AR1_GAUSSIAN,119
EXACT_FIFO_4096,64,0.766,1.078052648657505,3000,1000,4096,AR1_GAUSSIAN,119
CURRENT_FEATURE_64,64,0.251,1.387488962047055,3000,1000,64,AR1_GAUSSIAN,119
EXACT_REPLAY_UNBOUNDED,64,0.766,1.078052648657505,3000,1000,4096,AR1_GAUSSIAN,119
ELIGIBILITY_TRACE_64,1,0.537,1.2875517982729785,3000,1000,64,AR1_GAUSSIAN,120
EXACT_FIFO_64,1,0.721,1.1165329508251831,3000,1000,64,AR1_GAUSSIAN,120
EXACT_FIFO_256,1,0.721,1.1165329508251831,3000,1000,64,AR1_GAUSSIAN,120
EXACT_FIFO_1024,1,0.721,1.1165329508251831,3000,1000,64,AR1_GAUSSIAN,120
EXACT_FIFO_4096,1,0.721,1.1165329508251831,3000,1000,64,AR1_GAUSSIAN,120
CURRENT_FEATURE_64,1,0.711,1.1605904478449374,3000,1000,64,AR1_GAUSSIAN,120
EXACT_REPLAY_UNBOUNDED,1,0.721,1.1165329508251831,3000,1000,64,AR1_GAUSSIAN,120
ELIGIBILITY_TRACE_64,4,0.589,1.2579682904249034,3000,1000,64,AR1_GAUSSIAN,120
EXACT_FIFO_64,4,0.407,1.386004191268797,3000,1000,64,AR1_GAUSSIAN,120
EXACT_FIFO_256,4,0.721,1.1161050126616514,3000,1000,256,AR1_GAUSSIAN,120
EXACT_FIFO_1024,4,0.721,1.1161050126616514,3000,1000,256,AR1_GAUSSIAN,120
EXACT_FIFO_4096,4,0.721,1.1161050126616514,3000,1000,256,AR1_GAUSSIAN,120
CURRENT_FEATURE_64,4,0.652,1.2499669769817527,3000,1000,64,AR1_GAUSSIAN,120
EXACT_REPLAY_UNBOUNDED,4,0.721,1.1161050126616514,3000,1000,256,AR1_GAUSSIAN,120
ELIGIBILITY_TRACE_64,16,0.606,1.2549912039672204,3000,1000,64,AR1_GAUSSIAN,120
EXACT_FIFO_64,16,0.407,1.386004191268797,3000,1000,64,AR1_GAUSSIAN,120
EXACT_FIFO_256,16,0.45,1.3852474379020845,3000,1000,256,AR1_GAUSSIAN,120
EXACT_FIFO_1024,16,0.721,1.115766373938449,3000,1000,1024,AR1_GAUSSIAN,120
EXACT_FIFO_4096,16,0.721,1.115766373938449,3000,1000,1024,AR1_GAUSSIAN,120
CURRENT_FEATURE_64,16,0.271,1.3868756659676456,3000,1000,64,AR1_GAUSSIAN,120
EXACT_REPLAY_UNBOUNDED,16,0.721,1.115766373938449,3000,1000,1024,AR1_GAUSSIAN,120
ELIGIBILITY_TRACE_64,64,0.362,1.3575604256161857,3000,1000,64,AR1_GAUSSIAN,120
EXACT_FIFO_64,64,0.407,1.386004191268797,3000,1000,64,AR1_GAUSSIAN,120
EXACT_FIFO_256,64,0.45,1.3852474379020845,3000,1000,256,AR1_GAUSSIAN,120
EXACT_FIFO_1024,64,0.424,1.383941353802416,3000,1000,1024,AR1_GAUSSIAN,120
EXACT_FIFO_4096,64,0.72,1.1148575630954742,3000,1000,4096,AR1_GAUSSIAN,120
CURRENT_FEATURE_64,64,0.235,1.3924349133136358,3000,1000,64,AR1_GAUSSIAN,120
EXACT_REPLAY_UNBOUNDED,64,0.72,1.1148575630954742,3000,1000,4096,AR1_GAUSSIAN,120
ELIGIBILITY_TRACE_64,1,0.6,1.253627766652563,3000,1000,64,AR1_GAUSSIAN,121
EXACT_FIFO_64,1,0.749,1.0690447406281682,3000,1000,64,AR1_GAUSSIAN,121
EXACT_FIFO_256,1,0.749,1.0690447406281682,3000,1000,64,AR1_GAUSSIAN,121
EXACT_FIFO_1024,1,0.749,1.0690447406281682,3000,1000,64,AR1_GAUSSIAN,121
EXACT_FIFO_4096,1,0.749,1.0690447406281682,3000,1000,64,AR1_GAUSSIAN,121
CURRENT_FEATURE_64,1,0.735,1.1212163843453928,3000,1000,64,AR1_GAUSSIAN,121
EXACT_REPLAY_UNBOUNDED,1,0.749,1.0690447406281682,3000,1000,64,AR1_GAUSSIAN,121
ELIGIBILITY_TRACE_64,4,0.644,1.225767590467503,3000,1000,64,AR1_GAUSSIAN,121
EXACT_FIFO_64,4,0.328,1.3860954681029658,3000,1000,64,AR1_GAUSSIAN,121
EXACT_FIFO_256,4,0.748,1.0685728459166417,3000,1000,256,AR1_GAUSSIAN,121
EXACT_FIFO_1024,4,0.748,1.0685728459166417,3000,1000,256,AR1_GAUSSIAN,121
EXACT_FIFO_4096,4,0.748,1.0685728459166417,3000,1000,256,AR1_GAUSSIAN,121
CURRENT_FEATURE_64,4,0.68,1.238966939298151,3000,1000,64,AR1_GAUSSIAN,121
EXACT_REPLAY_UNBOUNDED,4,0.748,1.0685728459166417,3000,1000,256,AR1_GAUSSIAN,121
ELIGIBILITY_TRACE_64,16,0.646,1.227798350401902,3000,1000,64,AR1_GAUSSIAN,121
EXACT_FIFO_64,16,0.328,1.3860954681029658,3000,1000,64,AR1_GAUSSIAN,121
EXACT_FIFO_256,16,0.381,1.3855833028717601,3000,1000,256,AR1_GAUSSIAN,121
EXACT_FIFO_1024,16,0.747,1.0680947468034465,3000,1000,1024,AR1_GAUSSIAN,121
EXACT_FIFO_4096,16,0.747,1.0680947468034465,3000,1000,1024,AR1_GAUSSIAN,121
CURRENT_FEATURE_64,16,0.318,1.3699297633896648,3000,1000,64,AR1_GAUSSIAN,121
EXACT_REPLAY_UNBOUNDED,16,0.747,1.0680947468034465,3000,1000,1024,AR1_GAUSSIAN,121
ELIGIBILITY_TRACE_64,64,0.394,1.3322992761533219,3000,1000,64,AR1_GAUSSIAN,121
EXACT_FIFO_64,64,0.328,1.3860954681029658,3000,1000,64,AR1_GAUSSIAN,121
EXACT_FIFO_256,64,0.381,1.3855833028717601,3000,1000,256,AR1_GAUSSIAN,121
EXACT_FIFO_1024,64,0.38,1.3841262955530036,3000,1000,1024,AR1_GAUSSIAN,121
EXACT_FIFO_4096,64,0.746,1.066928583710852,3000,1000,4096,AR1_GAUSSIAN,121
CURRENT_FEATURE_64,64,0.194,1.4088725185998163,3000,1000,64,AR1_GAUSSIAN,121
EXACT_REPLAY_UNBOUNDED,64,0.746,1.066928583710852,3000,1000,4096,AR1_GAUSSIAN,121
ELIGIBILITY_TRACE_64,1,0.606,1.2673313290068544,3000,1000,64,AR1_GAUSSIAN,122
EXACT_FIFO_64,1,0.761,1.0886368431741107,3000,1000,64,AR1_GAUSSIAN,122
EXACT_FIFO_256,1,0.761,1.0886368431741107,3000,1000,64,AR1_GAUSSIAN,122
EXACT_FIFO_1024,1,0.761,1.0886368431741107,3000,1000,64,AR1_GAUSSIAN,122
EXACT_FIFO_4096,1,0.761,1.0886368431741107,3000,1000,64,AR1_GAUSSIAN,122
CURRENT_FEATURE_64,1,0.731,1.1385823191309796,3000,1000,64,AR1_GAUSSIAN,122
EXACT_REPLAY_UNBOUNDED,1,0.761,1.0886368431741107,3000,1000,64,AR1_GAUSSIAN,122
ELIGIBILITY_TRACE_64,4,0.649,1.2415481543864604,3000,1000,64,AR1_GAUSSIAN,122
EXACT_FIFO_64,4,0.24,1.3864564006013678,3000,1000,64,AR1_GAUSSIAN,122
EXACT_FIFO_256,4,0.761,1.0882068959356765,3000,1000,256,AR1_GAUSSIAN,122
EXACT_FIFO_1024,4,0.761,1.0882068959356765,3000,1000,256,AR1_GAUSSIAN,122
EXACT_FIFO_4096,4,0.761,1.0882068959356765,3000,1000,256,AR1_GAUSSIAN,122
CURRENT_FEATURE_64,4,0.641,1.2588080472093934,3000,1000,64,AR1_GAUSSIAN,122
EXACT_REPLAY_UNBOUNDED,4,0.761,1.0882068959356765,3000,1000,256,AR1_GAUSSIAN,122
ELIGIBILITY_TRACE_64,16,0.646,1.2423354684662113,3000,1000,64,AR1_GAUSSIAN,122
EXACT_FIFO_64,16,0.24,1.3864564006013678,3000,1000,64,AR1_GAUSSIAN,122
EXACT_FIFO_256,16,0.243,1.3861278489221336,3000,1000,256,AR1_GAUSSIAN,122
EXACT_FIFO_1024,16,0.761,1.0878423343672166,3000,1000,1024,AR1_GAUSSIAN,122
EXACT_FIFO_4096,16,0.761,1.0878423343672166,3000,1000,1024,AR1_GAUSSIAN,122
CURRENT_FEATURE_64,16,0.293,1.3773138856522011,3000,1000,64,AR1_GAUSSIAN,122
EXACT_REPLAY_UNBOUNDED,16,0.761,1.0878423343672166,3000,1000,1024,AR1_GAUSSIAN,122
ELIGIBILITY_TRACE_64,64,0.465,1.3339153352356505,3000,1000,64,AR1_GAUSSIAN,122
EXACT_FIFO_64,64,0.24,1.3864564006013678,3000,1000,64,AR1_GAUSSIAN,122
EXACT_FIFO_256,64,0.243,1.3861278489221336,3000,1000,256,AR1_GAUSSIAN,122
EXACT_FIFO_1024,64,0.327,1.3849878694881266,3000,1000,1024,AR1_GAUSSIAN,122
EXACT_FIFO_4096,64,0.76,1.0867428038703129,3000,1000,4096,AR1_GAUSSIAN,122
CURRENT_FEATURE_64,64,0.218,1.3934740510291141,3000,1000,64,AR1_GAUSSIAN,122
EXACT_REPLAY_UNBOUNDED,64,0.76,1.0867428038703129,3000,1000,4096,AR1_GAUSSIAN,122
ELIGIBILITY_TRACE_64,1,0.643,1.234995007898583,3000,1000,64,AR1_GAUSSIAN,123
EXACT_FIFO_64,1,0.759,1.0417559764582287,3000,1000,64,AR1_GAUSSIAN,123
EXACT_FIFO_256,1,0.759,1.0417559764582287,3000,1000,64,AR1_GAUSSIAN,123
EXACT_FIFO_1024,1,0.759,1.0417559764582287,3000,1000,64,AR1_GAUSSIAN,123
EXACT_FIFO_4096,1,0.759,1.0417559764582287,3000,1000,64,AR1_GAUSSIAN,123
CURRENT_FEATURE_64,1,0.758,1.0977242122925481,3000,1000,64,AR1_GAUSSIAN,123
EXACT_REPLAY_UNBOUNDED,1,0.759,1.0417559764582287,3000,1000,64,AR1_GAUSSIAN,123
ELIGIBILITY_TRACE_64,4,0.683,1.2040206685056234,3000,1000,64,AR1_GAUSSIAN,123
EXACT_FIFO_64,4,0.189,1.3861931910323597,3000,1000,64,AR1_GAUSSIAN,123
EXACT_FIFO_256,4,0.759,1.0412659695921647,3000,1000,256,AR1_GAUSSIAN,123
EXACT_FIFO_1024,4,0.759,1.0412659695921647,3000,1000,256,AR1_GAUSSIAN,123
EXACT_FIFO_4096,4,0.759,1.0412659695921647,3000,1000,256,AR1_GAUSSIAN,123
CURRENT_FEATURE_64,4,0.693,1.225081498047393,3000,1000,64,AR1_GAUSSIAN,123
EXACT_REPLAY_UNBOUNDED,4,0.759,1.0412659695921647,3000,1000,256,AR1_GAUSSIAN,123
ELIGIBILITY_TRACE_64,16,0.699,1.2028566785229373,3000,1000,64,AR1_GAUSSIAN,123
EXACT_FIFO_64,16,0.189,1.3861931910323597,3000,1000,64,AR1_GAUSSIAN,123
EXACT_FIFO_256,16,0.236,1.3854715736830012,3000,1000,256,AR1_GAUSSIAN,123
EXACT_FIFO_1024,16,0.758,1.040806995298755,3000,1000,1024,AR1_GAUSSIAN,123
EXACT_FIFO_4096,16,0.758,1.040806995298755,3000,1000,1024,AR1_GAUSSIAN,123
CURRENT_FEATURE_64,16,0.294,1.3748121689952018,3000,1000,64,AR1_GAUSSIAN,123
EXACT_REPLAY_UNBOUNDED,16,0.758,1.040806995298755,3000,1000,1024,AR1_GAUSSIAN,123
ELIGIBILITY_TRACE_64,64,0.466,1.3186198591047147,3000,1000,64,AR1_GAUSSIAN,123
EXACT_FIFO_64,64,0.189,1.3861931910323597,3000,1000,64,AR1_GAUSSIAN,123
EXACT_FIFO_256,64,0.236,1.3854715736830012,3000,1000,256,AR1_GAUSSIAN,123
EXACT_FIFO_1024,64,0.385,1.3837402084622863,3000,1000,1024,AR1_GAUSSIAN,123
EXACT_FIFO_4096,64,0.759,1.0394387526908855,3000,1000,4096,AR1_GAUSSIAN,123
CURRENT_FEATURE_64,64,0.232,1.396804093660118,3000,1000,64,AR1_GAUSSIAN,123
EXACT_REPLAY_UNBOUNDED,64,0.759,1.0394387526908855,3000,1000,4096,AR1_GAUSSIAN,123
ELIGIBILITY_TRACE_64,1,0.61,1.2516076143057306,3000,1000,64,AR1_GAUSSIAN,124
EXACT_FIFO_64,1,0.71,1.0746393272555652,3000,1000,64,AR1_GAUSSIAN,124
EXACT_FIFO_256,1,0.71,1.0746393272555652,3000,1000,64,AR1_GAUSSIAN,124
EXACT_FIFO_1024,1,0.71,1.0746393272555652,3000,1000,64,AR1_GAUSSIAN,124
EXACT_FIFO_4096,1,0.71,1.0746393272555652,3000,1000,64,AR1_GAUSSIAN,124
CURRENT_FEATURE_64,1,0.69,1.1233078991548424,3000,1000,64,AR1_GAUSSIAN,124
EXACT_REPLAY_UNBOUNDED,1,0.71,1.0746393272555652,3000,1000,64,AR1_GAUSSIAN,124
ELIGIBILITY_TRACE_64,4,0.648,1.2222985509685624,3000,1000,64,AR1_GAUSSIAN,124
EXACT_FIFO_64,4,0.358,1.385892696628056,3000,1000,64,AR1_GAUSSIAN,124
EXACT_FIFO_256,4,0.71,1.074179397076777,3000,1000,256,AR1_GAUSSIAN,124
EXACT_FIFO_1024,4,0.71,1.074179397076777,3000,1000,256,AR1_GAUSSIAN,124
EXACT_FIFO_4096,4,0.71,1.074179397076777,3000,1000,256,AR1_GAUSSIAN,124
CURRENT_FEATURE_64,4,0.624,1.2349648074471615,3000,1000,64,AR1_GAUSSIAN,124
EXACT_REPLAY_UNBOUNDED,4,0.71,1.074179397076777,3000,1000,256,AR1_GAUSSIAN,124
ELIGIBILITY_TRACE_64,16,0.632,1.222647248963448,3000,1000,64,AR1_GAUSSIAN,124
EXACT_FIFO_64,16,0.358,1.385892696628056,3000,1000,64,AR1_GAUSSIAN,124
EXACT_FIFO_256,16,0.342,1.3850266418890147,3000,1000,256,AR1_GAUSSIAN,124
EXACT_FIFO_1024,16,0.71,1.0737554230413238,3000,1000,1024,AR1_GAUSSIAN,124
EXACT_FIFO_4096,16,0.71,1.0737554230413238,3000,1000,1024,AR1_GAUSSIAN,124
CURRENT_FEATURE_64,16,0.374,1.3615874983759069,3000,1000,64,AR1_GAUSSIAN,124
EXACT_REPLAY_UNBOUNDED,16,0.71,1.0737554230413238,3000,1000,1024,AR1_GAUSSIAN,124
ELIGIBILITY_TRACE_64,64,0.419,1.3331064259228578,3000,1000,64,AR1_GAUSSIAN,124
EXACT_FIFO_64,64,0.358,1.385892696628056,3000,1000,64,AR1_GAUSSIAN,124
EXACT_FIFO_256,64,0.342,1.3850266418890147,3000,1000,256,AR1_GAUSSIAN,124
EXACT_FIFO_1024,64,0.38,1.3825405137459343,3000,1000,1024,AR1_GAUSSIAN,124
EXACT_FIFO_4096,64,0.709,1.0724986222133854,3000,1000,4096,AR1_GAUSSIAN,124
CURRENT_FEATURE_64,64,0.225,1.3953412169810695,3000,1000,64,AR1_GAUSSIAN,124
EXACT_REPLAY_UNBOUNDED,64,0.709,1.0724986222133854,3000,1000,4096,AR1_GAUSSIAN,124
ELIGIBILITY_TRACE_64,1,0.598,1.2376864906346938,3000,1000,64,AR1_GAUSSIAN,125
EXACT_FIFO_64,1,0.775,1.058632324503596,3000,1000,64,AR1_GAUSSIAN,125
EXACT_FIFO_256,1,0.775,1.058632324503596,3000,1000,64,AR1_GAUSSIAN,125
EXACT_FIFO_1024,1,0.775,1.058632324503596,3000,1000,64,AR1_GAUSSIAN,125
EXACT_FIFO_4096,1,0.775,1.058632324503596,3000,1000,64,AR1_GAUSSIAN,125
CURRENT_FEATURE_64,1,0.753,1.118565299004766,3000,1000,64,AR1_GAUSSIAN,125
EXACT_REPLAY_UNBOUNDED,1,0.775,1.058632324503596,3000,1000,64,AR1_GAUSSIAN,125
ELIGIBILITY_TRACE_64,4,0.626,1.2122348642542757,3000,1000,64,AR1_GAUSSIAN,125
EXACT_FIFO_64,4,0.262,1.3862673993527002,3000,1000,64,AR1_GAUSSIAN,125
EXACT_FIFO_256,4,0.775,1.058179876809728,3000,1000,256,AR1_GAUSSIAN,125
EXACT_FIFO_1024,4,0.775,1.058179876809728,3000,1000,256,AR1_GAUSSIAN,125
EXACT_FIFO_4096,4,0.775,1.058179876809728,3000,1000,256,AR1_GAUSSIAN,125
CURRENT_FEATURE_64,4,0.655,1.2475577180580624,3000,1000,64,AR1_GAUSSIAN,125
EXACT_REPLAY_UNBOUNDED,4,0.775,1.058179876809728,3000,1000,256,AR1_GAUSSIAN,125
ELIGIBILITY_TRACE_64,16,0.615,1.2293434792438087,3000,1000,64,AR1_GAUSSIAN,125
EXACT_FIFO_64,16,0.262,1.3862673993527002,3000,1000,64,AR1_GAUSSIAN,125
EXACT_FIFO_256,16,0.268,1.3862495118900038,3000,1000,256,AR1_GAUSSIAN,125
EXACT_FIFO_1024,16,0.775,1.0578316241872192,3000,1000,1024,AR1_GAUSSIAN,125
EXACT_FIFO_4096,16,0.775,1.0578316241872192,3000,1000,1024,AR1_GAUSSIAN,125
CURRENT_FEATURE_64,16,0.317,1.3773028211934772,3000,1000,64,AR1_GAUSSIAN,125
EXACT_REPLAY_UNBOUNDED,16,0.775,1.0578316241872192,3000,1000,1024,AR1_GAUSSIAN,125
ELIGIBILITY_TRACE_64,64,0.521,1.299842166033488,3000,1000,64,AR1_GAUSSIAN,125
EXACT_FIFO_64,64,0.262,1.3862673993527002,3000,1000,64,AR1_GAUSSIAN,125
EXACT_FIFO_256,64,0.268,1.3862495118900038,3000,1000,256,AR1_GAUSSIAN,125
EXACT_FIFO_1024,64,0.314,1.3845529081038304,3000,1000,1024,AR1_GAUSSIAN,125
EXACT_FIFO_4096,64,0.775,1.056613133904532,3000,1000,4096,AR1_GAUSSIAN,125
CURRENT_FEATURE_64,64,0.25,1.3917832019498737,3000,1000,64,AR1_GAUSSIAN,125
EXACT_REPLAY_UNBOUNDED,64,0.775,1.056613133904532,3000,1000,4096,AR1_GAUSSIAN,125
ELIGIBILITY_TRACE_64,1,0.616,1.2421432897071951,3000,1000,64,AR1_GAUSSIAN,126
EXACT_FIFO_64,1,0.76,1.0591009517395347,3000,1000,64,AR1_GAUSSIAN,126
EXACT_FIFO_256,1,0.76,1.0591009517395347,3000,1000,64,AR1_GAUSSIAN,126
EXACT_FIFO_1024,1,0.76,1.0591009517395347,3000,1000,64,AR1_GAUSSIAN,126
EXACT_FIFO_4096,1,0.76,1.0591009517395347,3000,1000,64,AR1_GAUSSIAN,126
CURRENT_FEATURE_64,1,0.757,1.1201025711775956,3000,1000,64,AR1_GAUSSIAN,126
EXACT_REPLAY_UNBOUNDED,1,0.76,1.0591009517395347,3000,1000,64,AR1_GAUSSIAN,126
ELIGIBILITY_TRACE_64,4,0.658,1.2164047557313684,3000,1000,64,AR1_GAUSSIAN,126
EXACT_FIFO_64,4,0.26,1.3862087106864562,3000,1000,64,AR1_GAUSSIAN,126
EXACT_FIFO_256,4,0.76,1.0586527969846398,3000,1000,256,AR1_GAUSSIAN,126
EXACT_FIFO_1024,4,0.76,1.0586527969846398,3000,1000,256,AR1_GAUSSIAN,126
EXACT_FIFO_4096,4,0.76,1.0586527969846398,3000,1000,256,AR1_GAUSSIAN,126
CURRENT_FEATURE_64,4,0.676,1.2445072465915612,3000,1000,64,AR1_GAUSSIAN,126
EXACT_REPLAY_UNBOUNDED,4,0.76,1.0586527969846398,3000,1000,256,AR1_GAUSSIAN,126
ELIGIBILITY_TRACE_64,16,0.653,1.2240119649515335,3000,1000,64,AR1_GAUSSIAN,126
EXACT_FIFO_64,16,0.26,1.3862087106864562,3000,1000,64,AR1_GAUSSIAN,126
EXACT_FIFO_256,16,0.27,1.3859648391213428,3000,1000,256,AR1_GAUSSIAN,126
EXACT_FIFO_1024,16,0.76,1.0582325490297149,3000,1000,1024,AR1_GAUSSIAN,126
EXACT_FIFO_4096,16,0.76,1.0582325490297149,3000,1000,1024,AR1_GAUSSIAN,126
CURRENT_FEATURE_64,16,0.306,1.3775174246886517,3000,1000,64,AR1_GAUSSIAN,126
EXACT_REPLAY_UNBOUNDED,16,0.76,1.0582325490297149,3000,1000,1024,AR1_GAUSSIAN,126
ELIGIBILITY_TRACE_64,64,0.419,1.334086640956039,3000,1000,64,AR1_GAUSSIAN,126
EXACT_FIFO_64,64,0.26,1.3862087106864562,3000,1000,64,AR1_GAUSSIAN,126
EXACT_FIFO_256,64,0.27,1.3859648391213428,3000,1000,256,AR1_GAUSSIAN,126
EXACT_FIFO_1024,64,0.348,1.3838820685080913,3000,1000,1024,AR1_GAUSSIAN,126
EXACT_FIFO_4096,64,0.76,1.0570063953033026,3000,1000,4096,AR1_GAUSSIAN,126
CURRENT_FEATURE_64,64,0.227,1.4013978689637987,3000,1000,64,AR1_GAUSSIAN,126
EXACT_REPLAY_UNBOUNDED,64,0.76,1.0570063953033026,3000,1000,4096,AR1_GAUSSIAN,126
ELIGIBILITY_TRACE_64,1,0.661,1.2419431189412578,3000,1000,64,AR1_GAUSSIAN,127
EXACT_FIFO_64,1,0.792,1.0627989994155929,3000,1000,64,AR1_GAUSSIAN,127
EXACT_FIFO_256,1,0.792,1.0627989994155929,3000,1000,64,AR1_GAUSSIAN,127
EXACT_FIFO_1024,1,0.792,1.0627989994155929,3000,1000,64,AR1_GAUSSIAN,127
EXACT_FIFO_4096,1,0.792,1.0627989994155929,3000,1000,64,AR1_GAUSSIAN,127
CURRENT_FEATURE_64,1,0.773,1.114719316490175,3000,1000,64,AR1_GAUSSIAN,127
EXACT_REPLAY_UNBOUNDED,1,0.792,1.0627989994155929,3000,1000,64,AR1_GAUSSIAN,127
ELIGIBILITY_TRACE_64,4,0.694,1.2136693383159314,3000,1000,64,AR1_GAUSSIAN,127
EXACT_FIFO_64,4,0.24,1.3861003448445206,3000,1000,64,AR1_GAUSSIAN,127
EXACT_FIFO_256,4,0.792,1.0623014574765113,3000,1000,256,AR1_GAUSSIAN,127
EXACT_FIFO_1024,4,0.792,1.0623014574765113,3000,1000,256,AR1_GAUSSIAN,127
EXACT_FIFO_4096,4,0.792,1.0623014574765113,3000,1000,256,AR1_GAUSSIAN,127
CURRENT_FEATURE_64,4,0.67,1.2316704582414044,3000,1000,64,AR1_GAUSSIAN,127
EXACT_REPLAY_UNBOUNDED,4,0.792,1.0623014574765113,3000,1000,256,AR1_GAUSSIAN,127
ELIGIBILITY_TRACE_64,16,0.661,1.2231311834694965,3000,1000,64,AR1_GAUSSIAN,127
EXACT_FIFO_64,16,0.24,1.3861003448445206,3000,1000,64,AR1_GAUSSIAN,127
EXACT_FIFO_256,16,0.313,1.3856897864125717,3000,1000,256,AR1_GAUSSIAN,127
EXACT_FIFO_1024,16,0.792,1.0618940101959256,3000,1000,1024,AR1_GAUSSIAN,127
EXACT_FIFO_4096,16,0.792,1.0618940101959256,3000,1000,1024,AR1_GAUSSIAN,127
CURRENT_FEATURE_64,16,0.302,1.3825195261116812,3000,1000,64,AR1_GAUSSIAN,127
EXACT_REPLAY_UNBOUNDED,16,0.792,1.0618940101959256,3000,1000,1024,AR1_GAUSSIAN,127
ELIGIBILITY_TRACE_64,64,0.479,1.3086197272163012,3000,1000,64,AR1_GAUSSIAN,127
EXACT_FIFO_64,64,0.24,1.3861003448445206,3000,1000,64,AR1_GAUSSIAN,127
EXACT_FIFO_256,64,0.313,1.3856897864125717,3000,1000,256,AR1_GAUSSIAN,127
EXACT_FIFO_1024,64,0.339,1.3842622394594017,3000,1000,1024,AR1_GAUSSIAN,127
EXACT_FIFO_4096,64,0.792,1.060703814685471,3000,1000,4096,AR1_GAUSSIAN,127
CURRENT_FEATURE_64,64,0.254,1.3887548457076617,3000,1000,64,AR1_GAUSSIAN,127
EXACT_REPLAY_UNBOUNDED,64,0.792,1.060703814685471,3000,1000,4096,AR1_GAUSSIAN,127
ELIGIBILITY_TRACE_64,1,0.527,1.2782038309006376,3000,1000,64,AR1_GAUSSIAN,128
EXACT_FIFO_64,1,0.703,1.1303358697049186,3000,1000,64,AR1_GAUSSIAN,128
EXACT_FIFO_256,1,0.703,1.1303358697049186,3000,1000,64,AR1_GAUSSIAN,128
EXACT_FIFO_1024,1,0.703,1.1303358697049186,3000,1000,64,AR1_GAUSSIAN,128
EXACT_FIFO_4096,1,0.703,1.1303358697049186,3000,1000,64,AR1_GAUSSIAN,128
CURRENT_FEATURE_64,1,0.673,1.1747940506922323,3000,1000,64,AR1_GAUSSIAN,128
EXACT_REPLAY_UNBOUNDED,1,0.703,1.1303358697049186,3000,1000,64,AR1_GAUSSIAN,128
ELIGIBILITY_TRACE_64,4,0.563,1.255199827693309,3000,1000,64,AR1_GAUSSIAN,128
EXACT_FIFO_64,4,0.21,1.386218467940625,3000,1000,64,AR1_GAUSSIAN,128
EXACT_FIFO_256,4,0.703,1.1299467305124304,3000,1000,256,AR1_GAUSSIAN,128
EXACT_FIFO_1024,4,0.703,1.1299467305124304,3000,1000,256,AR1_GAUSSIAN,128
EXACT_FIFO_4096,4,0.703,1.1299467305124304,3000,1000,256,AR1_GAUSSIAN,128
CURRENT_FEATURE_64,4,0.556,1.27036245175859,3000,1000,64,AR1_GAUSSIAN,128
EXACT_REPLAY_UNBOUNDED,4,0.703,1.1299467305124304,3000,1000,256,AR1_GAUSSIAN,128
ELIGIBILITY_TRACE_64,16,0.566,1.2575806839432346,3000,1000,64,AR1_GAUSSIAN,128
EXACT_FIFO_64,16,0.21,1.386218467940625,3000,1000,64,AR1_GAUSSIAN,128
EXACT_FIFO_256,16,0.24,1.386101615498656,3000,1000,256,AR1_GAUSSIAN,128
EXACT_FIFO_1024,16,0.703,1.1296109293808514,3000,1000,1024,AR1_GAUSSIAN,128
EXACT_FIFO_4096,16,0.703,1.1296109293808514,3000,1000,1024,AR1_GAUSSIAN,128
CURRENT_FEATURE_64,16,0.267,1.3784039065806621,3000,1000,64,AR1_GAUSSIAN,128
EXACT_REPLAY_UNBOUNDED,16,0.703,1.1296109293808514,3000,1000,1024,AR1_GAUSSIAN,128
ELIGIBILITY_TRACE_64,64,0.418,1.3382606552087504,3000,1000,64,AR1_GAUSSIAN,128
EXACT_FIFO_64,64,0.21,1.386218467940625,3000,1000,64,AR1_GAUSSIAN,128
EXACT_FIFO_256,64,0.24,1.386101615498656,3000,1000,256,AR1_GAUSSIAN,128
EXACT_FIFO_1024,64,0.382,1.3839429060256374,3000,1000,1024,AR1_GAUSSIAN,128
EXACT_FIFO_4096,64,0.702,1.12884059801616,3000,1000,4096,AR1_GAUSSIAN,128
CURRENT_FEATURE_64,64,0.284,1.3792684759244844,3000,1000,64,AR1_GAUSSIAN,128
EXACT_REPLAY_UNBOUNDED,64,0.702,1.12884059801616,3000,1000,4096,AR1_GAUSSIAN,128
ELIGIBILITY_TRACE_64,1,0.587,1.2678023056266043,3000,1000,64,AR1_GAUSSIAN,129
EXACT_FIFO_64,1,0.751,1.1008696394995086,3000,1000,64,AR1_GAUSSIAN,129
EXACT_FIFO_256,1,0.751,1.1008696394995086,3000,1000,64,AR1_GAUSSIAN,129
EXACT_FIFO_1024,1,0.751,1.1008696394995086,3000,1000,64,AR1_GAUSSIAN,129
EXACT_FIFO_4096,1,0.751,1.1008696394995086,3000,1000,64,AR1_GAUSSIAN,129
CURRENT_FEATURE_64,1,0.741,1.1484614111593652,3000,1000,64,AR1_GAUSSIAN,129
EXACT_REPLAY_UNBOUNDED,1,0.751,1.1008696394995086,3000,1000,64,AR1_GAUSSIAN,129
ELIGIBILITY_TRACE_64,4,0.633,1.241825801195735,3000,1000,64,AR1_GAUSSIAN,129
EXACT_FIFO_64,4,0.219,1.386198754238443,3000,1000,64,AR1_GAUSSIAN,129
EXACT_FIFO_256,4,0.751,1.1004507312776157,3000,1000,256,AR1_GAUSSIAN,129
EXACT_FIFO_1024,4,0.751,1.1004507312776157,3000,1000,256,AR1_GAUSSIAN,129
EXACT_FIFO_4096,4,0.751,1.1004507312776157,3000,1000,256,AR1_GAUSSIAN,129
CURRENT_FEATURE_64,4,0.627,1.2582265922122404,3000,1000,64,AR1_GAUSSIAN,129
EXACT_REPLAY_UNBOUNDED,4,0.751,1.1004507312776157,3000,1000,256,AR1_GAUSSIAN,129
ELIGIBILITY_TRACE_64,16,0.628,1.2472483069184341,3000,1000,64,AR1_GAUSSIAN,129
EXACT_FIFO_64,16,0.219,1.386198754238443,3000,1000,64,AR1_GAUSSIAN,129
EXACT_FIFO_256,16,0.289,1.386082339166877,3000,1000,256,AR1_GAUSSIAN,129
EXACT_FIFO_1024,16,0.751,1.1000610641840323,3000,1000,1024,AR1_GAUSSIAN,129
EXACT_FIFO_4096,16,0.751,1.1000610641840323,3000,1000,1024,AR1_GAUSSIAN,129
CURRENT_FEATURE_64,16,0.268,1.3866410484040503,3000,1000,64,AR1_GAUSSIAN,129
EXACT_REPLAY_UNBOUNDED,16,0.751,1.1000610641840323,3000,1000,1024,AR1_GAUSSIAN,129
ELIGIBILITY_TRACE_64,64,0.354,1.363141389169825,3000,1000,64,AR1_GAUSSIAN,129
EXACT_FIFO_64,64,0.219,1.386198754238443,3000,1000,64,AR1_GAUSSIAN,129
EXACT_FIFO_256,64,0.289,1.386082339166877,3000,1000,256,AR1_GAUSSIAN,129
EXACT_FIFO_1024,64,0.362,1.3847647340740468,3000,1000,1024,AR1_GAUSSIAN,129
EXACT_FIFO_4096,64,0.749,1.0990875517379035,3000,1000,4096,AR1_GAUSSIAN,129
CURRENT_FEATURE_64,64,0.248,1.3924545999560514,3000,1000,64,AR1_GAUSSIAN,129
EXACT_REPLAY_UNBOUNDED,64,0.749,1.0990875517379035,3000,1000,4096,AR1_GAUSSIAN,129
ELIGIBILITY_TRACE_64,1,0.616,1.2996834428667343,3000,1000,64,SPARSE_SIGN,100
EXACT_FIFO_64,1,0.744,1.066709135187,3000,1000,64,SPARSE_SIGN,100
EXACT_FIFO_256,1,0.744,1.066709135187,3000,1000,64,SPARSE_SIGN,100
EXACT_FIFO_1024,1,0.744,1.066709135187,3000,1000,64,SPARSE_SIGN,100
EXACT_FIFO_4096,1,0.744,1.066709135187,3000,1000,64,SPARSE_SIGN,100
CURRENT_FEATURE_64,1,0.325,1.3774635733098637,3000,1000,64,SPARSE_SIGN,100
EXACT_REPLAY_UNBOUNDED,1,0.744,1.066709135187,3000,1000,64,SPARSE_SIGN,100
ELIGIBILITY_TRACE_64,4,0.601,1.3083672366939219,3000,1000,64,SPARSE_SIGN,100
EXACT_FIFO_64,4,0.186,1.3862219762463628,3000,1000,64,SPARSE_SIGN,100
EXACT_FIFO_256,4,0.744,1.066633225324231,3000,1000,256,SPARSE_SIGN,100
EXACT_FIFO_1024,4,0.744,1.066633225324231,3000,1000,256,SPARSE_SIGN,100
EXACT_FIFO_4096,4,0.744,1.066633225324231,3000,1000,256,SPARSE_SIGN,100
CURRENT_FEATURE_64,4,0.189,1.398277196084738,3000,1000,64,SPARSE_SIGN,100
EXACT_REPLAY_UNBOUNDED,4,0.744,1.066633225324231,3000,1000,256,SPARSE_SIGN,100
ELIGIBILITY_TRACE_64,16,0.589,1.3204742651486578,3000,1000,64,SPARSE_SIGN,100
EXACT_FIFO_64,16,0.186,1.3862219762463628,3000,1000,64,SPARSE_SIGN,100
EXACT_FIFO_256,16,0.336,1.3858449995974096,3000,1000,256,SPARSE_SIGN,100
EXACT_FIFO_1024,16,0.743,1.0663317738850662,3000,1000,1024,SPARSE_SIGN,100
EXACT_FIFO_4096,16,0.743,1.0663317738850662,3000,1000,1024,SPARSE_SIGN,100
CURRENT_FEATURE_64,16,0.263,1.3881150722913198,3000,1000,64,SPARSE_SIGN,100
EXACT_REPLAY_UNBOUNDED,16,0.743,1.0663317738850662,3000,1000,1024,SPARSE_SIGN,100
ELIGIBILITY_TRACE_64,64,0.463,1.35063433501183,3000,1000,64,SPARSE_SIGN,100
EXACT_FIFO_64,64,0.186,1.3862219762463628,3000,1000,64,SPARSE_SIGN,100
EXACT_FIFO_256,64,0.336,1.3858449995974096,3000,1000,256,SPARSE_SIGN,100
EXACT_FIFO_1024,64,0.51,1.3839479276027264,3000,1000,1024,SPARSE_SIGN,100
EXACT_FIFO_4096,64,0.742,1.0651368282775868,3000,1000,4096,SPARSE_SIGN,100
CURRENT_FEATURE_64,64,0.368,1.3682357452219474,3000,1000,64,SPARSE_SIGN,100
EXACT_REPLAY_UNBOUNDED,64,0.742,1.0651368282775868,3000,1000,4096,SPARSE_SIGN,100
ELIGIBILITY_TRACE_64,1,0.658,1.2887659137137424,3000,1000,64,SPARSE_SIGN,101
EXACT_FIFO_64,1,0.768,1.0286833612527102,3000,1000,64,SPARSE_SIGN,101
EXACT_FIFO_256,1,0.768,1.0286833612527102,3000,1000,64,SPARSE_SIGN,101
EXACT_FIFO_1024,1,0.768,1.0286833612527102,3000,1000,64,SPARSE_SIGN,101
EXACT_FIFO_4096,1,0.768,1.0286833612527102,3000,1000,64,SPARSE_SIGN,101
CURRENT_FEATURE_64,1,0.31,1.380545504280004,3000,1000,64,SPARSE_SIGN,101
EXACT_REPLAY_UNBOUNDED,1,0.768,1.0286833612527102,3000,1000,64,SPARSE_SIGN,101
ELIGIBILITY_TRACE_64,4,0.653,1.2966173007683315,3000,1000,64,SPARSE_SIGN,101
EXACT_FIFO_64,4,0.35,1.38603730820771,3000,1000,64,SPARSE_SIGN,101
EXACT_FIFO_256,4,0.768,1.028594766764215,3000,1000,256,SPARSE_SIGN,101
EXACT_FIFO_1024,4,0.768,1.028594766764215,3000,1000,256,SPARSE_SIGN,101
EXACT_FIFO_4096,4,0.768,1.028594766764215,3000,1000,256,SPARSE_SIGN,101
CURRENT_FEATURE_64,4,0.283,1.383647619384925,3000,1000,64,SPARSE_SIGN,101
EXACT_REPLAY_UNBOUNDED,4,0.768,1.028594766764215,3000,1000,256,SPARSE_SIGN,101
ELIGIBILITY_TRACE_64,16,0.599,1.3142515471081433,3000,1000,64,SPARSE_SIGN,101
EXACT_FIFO_64,16,0.35,1.38603730820771,3000,1000,64,SPARSE_SIGN,101
EXACT_FIFO_256,16,0.381,1.3854359728280052,3000,1000,256,SPARSE_SIGN,101
EXACT_FIFO_1024,16,0.768,1.0282325973049395,3000,1000,1024,SPARSE_SIGN,101
EXACT_FIFO_4096,16,0.768,1.0282325973049395,3000,1000,1024,SPARSE_SIGN,101
CURRENT_FEATURE_64,16,0.35,1.3755340095165074,3000,1000,64,SPARSE_SIGN,101
EXACT_REPLAY_UNBOUNDED,16,0.768,1.0282325973049395,3000,1000,1024,SPARSE_SIGN,101
ELIGIBILITY_TRACE_64,64,0.432,1.3449683814732423,3000,1000,64,SPARSE_SIGN,101
EXACT_FIFO_64,64,0.35,1.38603730820771,3000,1000,64,SPARSE_SIGN,101
EXACT_FIFO_256,64,0.381,1.3854359728280052,3000,1000,256,SPARSE_SIGN,101
EXACT_FIFO_1024,64,0.542,1.3837207163176832,3000,1000,1024,SPARSE_SIGN,101
EXACT_FIFO_4096,64,0.768,1.026772359620012,3000,1000,4096,SPARSE_SIGN,101
CURRENT_FEATURE_64,64,0.298,1.3788045819997445,3000,1000,64,SPARSE_SIGN,101
EXACT_REPLAY_UNBOUNDED,64,0.768,1.026772359620012,3000,1000,4096,SPARSE_SIGN,101
ELIGIBILITY_TRACE_64,1,0.66,1.2998479293550504,3000,1000,64,SPARSE_SIGN,102
EXACT_FIFO_64,1,0.783,1.066915397020349,3000,1000,64,SPARSE_SIGN,102
EXACT_FIFO_256,1,0.783,1.066915397020349,3000,1000,64,SPARSE_SIGN,102
EXACT_FIFO_1024,1,0.783,1.066915397020349,3000,1000,64,SPARSE_SIGN,102
EXACT_FIFO_4096,1,0.783,1.066915397020349,3000,1000,64,SPARSE_SIGN,102
CURRENT_FEATURE_64,1,0.265,1.3865746288868535,3000,1000,64,SPARSE_SIGN,102
EXACT_REPLAY_UNBOUNDED,1,0.783,1.066915397020349,3000,1000,64,SPARSE_SIGN,102
ELIGIBILITY_TRACE_64,4,0.653,1.303797086478049,3000,1000,64,SPARSE_SIGN,102
EXACT_FIFO_64,4,0.336,1.3860744881954579,3000,1000,64,SPARSE_SIGN,102
EXACT_FIFO_256,4,0.782,1.0668443450351905,3000,1000,256,SPARSE_SIGN,102
EXACT_FIFO_1024,4,0.782,1.0668443450351905,3000,1000,256,SPARSE_SIGN,102
EXACT_FIFO_4096,4,0.782,1.0668443450351905,3000,1000,256,SPARSE_SIGN,102
CURRENT_FEATURE_64,4,0.262,1.3854679085949897,3000,1000,64,SPARSE_SIGN,102
EXACT_REPLAY_UNBOUNDED,4,0.782,1.0668443450351905,3000,1000,256,SPARSE_SIGN,102
ELIGIBILITY_TRACE_64,16,0.595,1.3225829088031622,3000,1000,64,SPARSE_SIGN,102
EXACT_FIFO_64,16,0.336,1.3860744881954579,3000,1000,64,SPARSE_SIGN,102
EXACT_FIFO_256,16,0.351,1.3856747768765159,3000,1000,256,SPARSE_SIGN,102
EXACT_FIFO_1024,16,0.781,1.0665385824082574,3000,1000,1024,SPARSE_SIGN,102
EXACT_FIFO_4096,16,0.781,1.0665385824082574,3000,1000,1024,SPARSE_SIGN,102
CURRENT_FEATURE_64,16,0.211,1.394634481187417,3000,1000,64,SPARSE_SIGN,102
EXACT_REPLAY_UNBOUNDED,16,0.781,1.0665385824082574,3000,1000,1024,SPARSE_SIGN,102
ELIGIBILITY_TRACE_64,64,0.437,1.3523714223660899,3000,1000,64,SPARSE_SIGN,102
EXACT_FIFO_64,64,0.336,1.3860744881954579,3000,1000,64,SPARSE_SIGN,102
EXACT_FIFO_256,64,0.351,1.3856747768765159,3000,1000,256,SPARSE_SIGN,102
EXACT_FIFO_1024,64,0.484,1.3839371305522872,3000,1000,1024,SPARSE_SIGN,102
EXACT_FIFO_4096,64,0.781,1.0653250670268448,3000,1000,4096,SPARSE_SIGN,102
CURRENT_FEATURE_64,64,0.327,1.3758137037836973,3000,1000,64,SPARSE_SIGN,102
EXACT_REPLAY_UNBOUNDED,64,0.781,1.0653250670268448,3000,1000,4096,SPARSE_SIGN,102
ELIGIBILITY_TRACE_64,1,0.6,1.3031886011295115,3000,1000,64,SPARSE_SIGN,103
EXACT_FIFO_64,1,0.8,1.0235993992518442,3000,1000,64,SPARSE_SIGN,103
EXACT_FIFO_256,1,0.8,1.0235993992518442,3000,1000,64,SPARSE_SIGN,103
EXACT_FIFO_1024,1,0.8,1.0235993992518442,3000,1000,64,SPARSE_SIGN,103
EXACT_FIFO_4096,1,0.8,1.0235993992518442,3000,1000,64,SPARSE_SIGN,103
CURRENT_FEATURE_64,1,0.3,1.3788924094340147,3000,1000,64,SPARSE_SIGN,103
EXACT_REPLAY_UNBOUNDED,1,0.8,1.0235993992518442,3000,1000,64,SPARSE_SIGN,103
ELIGIBILITY_TRACE_64,4,0.597,1.3058140136025969,3000,1000,64,SPARSE_SIGN,103
EXACT_FIFO_64,4,0.257,1.3860991222836656,3000,1000,64,SPARSE_SIGN,103
EXACT_FIFO_256,4,0.799,1.023507868480357,3000,1000,256,SPARSE_SIGN,103
EXACT_FIFO_1024,4,0.799,1.023507868480357,3000,1000,256,SPARSE_SIGN,103
EXACT_FIFO_4096,4,0.799,1.023507868480357,3000,1000,256,SPARSE_SIGN,103
CURRENT_FEATURE_64,4,0.275,1.3835545326129368,3000,1000,64,SPARSE_SIGN,103
EXACT_REPLAY_UNBOUNDED,4,0.799,1.023507868480357,3000,1000,256,SPARSE_SIGN,103
ELIGIBILITY_TRACE_64,16,0.552,1.321914647538395,3000,1000,64,SPARSE_SIGN,103
EXACT_FIFO_64,16,0.257,1.3860991222836656,3000,1000,64,SPARSE_SIGN,103
EXACT_FIFO_256,16,0.364,1.3856056215064214,3000,1000,256,SPARSE_SIGN,103
EXACT_FIFO_1024,16,0.799,1.0231213191935729,3000,1000,1024,SPARSE_SIGN,103
EXACT_FIFO_4096,16,0.799,1.0231213191935729,3000,1000,1024,SPARSE_SIGN,103
CURRENT_FEATURE_64,16,0.258,1.3877748023245635,3000,1000,64,SPARSE_SIGN,103
EXACT_REPLAY_UNBOUNDED,16,0.799,1.0231213191935729,3000,1000,1024,SPARSE_SIGN,103
ELIGIBILITY_TRACE_64,64,0.319,1.3757645794142495,3000,1000,64,SPARSE_SIGN,103
EXACT_FIFO_64,64,0.257,1.3860991222836656,3000,1000,64,SPARSE_SIGN,103
EXACT_FIFO_256,64,0.364,1.3856056215064214,3000,1000,256,SPARSE_SIGN,103
EXACT_FIFO_1024,64,0.502,1.383201056864154,3000,1000,1024,SPARSE_SIGN,103
EXACT_FIFO_4096,64,0.799,1.0216312419013058,3000,1000,4096,SPARSE_SIGN,103
CURRENT_FEATURE_64,64,0.158,1.399423915445748,3000,1000,64,SPARSE_SIGN,103
EXACT_REPLAY_UNBOUNDED,64,0.799,1.0216312419013058,3000,1000,4096,SPARSE_SIGN,103
ELIGIBILITY_TRACE_64,1,0.615,1.3011199702122758,3000,1000,64,SPARSE_SIGN,104
EXACT_FIFO_64,1,0.76,1.068863074105162,3000,1000,64,SPARSE_SIGN,104
EXACT_FIFO_256,1,0.76,1.068863074105162,3000,1000,64,SPARSE_SIGN,104
EXACT_FIFO_1024,1,0.76,1.068863074105162,3000,1000,64,SPARSE_SIGN,104
EXACT_FIFO_4096,1,0.76,1.068863074105162,3000,1000,64,SPARSE_SIGN,104
CURRENT_FEATURE_64,1,0.296,1.3793562273054787,3000,1000,64,SPARSE_SIGN,104
EXACT_REPLAY_UNBOUNDED,1,0.76,1.068863074105162,3000,1000,64,SPARSE_SIGN,104
ELIGIBILITY_TRACE_64,4,0.615,1.303244245028264,3000,1000,64,SPARSE_SIGN,104
EXACT_FIFO_64,4,0.305,1.3862740320758211,3000,1000,64,SPARSE_SIGN,104
EXACT_FIFO_256,4,0.76,1.0687863135348,3000,1000,256,SPARSE_SIGN,104
EXACT_FIFO_1024,4,0.76,1.0687863135348,3000,1000,256,SPARSE_SIGN,104
EXACT_FIFO_4096,4,0.76,1.0687863135348,3000,1000,256,SPARSE_SIGN,104
CURRENT_FEATURE_64,4,0.293,1.3835153704675072,3000,1000,64,SPARSE_SIGN,104
EXACT_REPLAY_UNBOUNDED,4,0.76,1.0687863135348,3000,1000,256,SPARSE_SIGN,104
ELIGIBILITY_TRACE_64,16,0.551,1.3209750378192893,3000,1000,64,SPARSE_SIGN,104
EXACT_FIFO_64,16,0.305,1.3862740320758211,3000,1000,64,SPARSE_SIGN,104
EXACT_FIFO_256,16,0.371,1.3855309054137024,3000,1000,256,SPARSE_SIGN,104
EXACT_FIFO_1024,16,0.76,1.068482362683111,3000,1000,1024,SPARSE_SIGN,104
EXACT_FIFO_4096,16,0.76,1.068482362683111,3000,1000,1024,SPARSE_SIGN,104
CURRENT_FEATURE_64,16,0.243,1.386670011788752,3000,1000,64,SPARSE_SIGN,104
EXACT_REPLAY_UNBOUNDED,16,0.76,1.068482362683111,3000,1000,1024,SPARSE_SIGN,104
ELIGIBILITY_TRACE_64,64,0.387,1.3621495309093947,3000,1000,64,SPARSE_SIGN,104
EXACT_FIFO_64,64,0.305,1.3862740320758211,3000,1000,64,SPARSE_SIGN,104
EXACT_FIFO_256,64,0.371,1.3855309054137024,3000,1000,256,SPARSE_SIGN,104
EXACT_FIFO_1024,64,0.399,1.3840424806369702,3000,1000,1024,SPARSE_SIGN,104
EXACT_FIFO_4096,64,0.76,1.0672789035877734,3000,1000,4096,SPARSE_SIGN,104
CURRENT_FEATURE_64,64,0.278,1.3875940655653058,3000,1000,64,SPARSE_SIGN,104
EXACT_REPLAY_UNBOUNDED,64,0.76,1.0672789035877734,3000,1000,4096,SPARSE_SIGN,104
ELIGIBILITY_TRACE_64,1,0.662,1.3057402362280552,3000,1000,64,SPARSE_SIGN,105
EXACT_FIFO_64,1,0.76,1.0668016726046403,3000,1000,64,SPARSE_SIGN,105
EXACT_FIFO_256,1,0.76,1.0668016726046403,3000,1000,64,SPARSE_SIGN,105
EXACT_FIFO_1024,1,0.76,1.0668016726046403,3000,1000,64,SPARSE_SIGN,105
EXACT_FIFO_4096,1,0.76,1.0668016726046403,3000,1000,64,SPARSE_SIGN,105
CURRENT_FEATURE_64,1,0.203,1.3949344267685995,3000,1000,64,SPARSE_SIGN,105
EXACT_REPLAY_UNBOUNDED,1,0.76,1.0668016726046403,3000,1000,64,SPARSE_SIGN,105
ELIGIBILITY_TRACE_64,4,0.633,1.3098216672856176,3000,1000,64,SPARSE_SIGN,105
EXACT_FIFO_64,4,0.352,1.3860922579536294,3000,1000,64,SPARSE_SIGN,105
EXACT_FIFO_256,4,0.76,1.0667269471160858,3000,1000,256,SPARSE_SIGN,105
EXACT_FIFO_1024,4,0.76,1.0667269471160858,3000,1000,256,SPARSE_SIGN,105
EXACT_FIFO_4096,4,0.76,1.0667269471160858,3000,1000,256,SPARSE_SIGN,105
CURRENT_FEATURE_64,4,0.271,1.383454865838808,3000,1000,64,SPARSE_SIGN,105
EXACT_REPLAY_UNBOUNDED,4,0.76,1.0667269471160858,3000,1000,256,SPARSE_SIGN,105
ELIGIBILITY_TRACE_64,16,0.61,1.3205123303970736,3000,1000,64,SPARSE_SIGN,105
EXACT_FIFO_64,16,0.352,1.3860922579536294,3000,1000,64,SPARSE_SIGN,105
EXACT_FIFO_256,16,0.343,1.3854996421077757,3000,1000,256,SPARSE_SIGN,105
EXACT_FIFO_1024,16,0.759,1.0664220170903886,3000,1000,1024,SPARSE_SIGN,105
EXACT_FIFO_4096,16,0.759,1.0664220170903886,3000,1000,1024,SPARSE_SIGN,105
CURRENT_FEATURE_64,16,0.284,1.3804855133893819,3000,1000,64,SPARSE_SIGN,105
EXACT_REPLAY_UNBOUNDED,16,0.759,1.0664220170903886,3000,1000,1024,SPARSE_SIGN,105
ELIGIBILITY_TRACE_64,64,0.393,1.3583628933291036,3000,1000,64,SPARSE_SIGN,105
EXACT_FIFO_64,64,0.352,1.3860922579536294,3000,1000,64,SPARSE_SIGN,105
EXACT_FIFO_256,64,0.343,1.3854996421077757,3000,1000,256,SPARSE_SIGN,105
EXACT_FIFO_1024,64,0.493,1.383279819849459,3000,1000,1024,SPARSE_SIGN,105
EXACT_FIFO_4096,64,0.759,1.065204549545563,3000,1000,4096,SPARSE_SIGN,105
CURRENT_FEATURE_64,64,0.229,1.3886557767933367,3000,1000,64,SPARSE_SIGN,105
EXACT_REPLAY_UNBOUNDED,64,0.759,1.065204549545563,3000,1000,4096,SPARSE_SIGN,105
ELIGIBILITY_TRACE_64,1,0.625,1.3087078951940725,3000,1000,64,SPARSE_SIGN,106
EXACT_FIFO_64,1,0.762,1.0820254584046034,3000,1000,64,SPARSE_SIGN,106
EXACT_FIFO_256,1,0.762,1.0820254584046034,3000,1000,64,SPARSE_SIGN,106
EXACT_FIFO_1024,1,0.762,1.0820254584046034,3000,1000,64,SPARSE_SIGN,106
EXACT_FIFO_4096,1,0.762,1.0820254584046034,3000,1000,64,SPARSE_SIGN,106
CURRENT_FEATURE_64,1,0.206,1.3945708612787964,3000,1000,64,SPARSE_SIGN,106
EXACT_REPLAY_UNBOUNDED,1,0.762,1.0820254584046034,3000,1000,64,SPARSE_SIGN,106
ELIGIBILITY_TRACE_64,4,0.623,1.3160606153399397,3000,1000,64,SPARSE_SIGN,106
EXACT_FIFO_64,4,0.297,1.3862263504313745,3000,1000,64,SPARSE_SIGN,106
EXACT_FIFO_256,4,0.762,1.0819572338180719,3000,1000,256,SPARSE_SIGN,106
EXACT_FIFO_1024,4,0.762,1.0819572338180719,3000,1000,256,SPARSE_SIGN,106
EXACT_FIFO_4096,4,0.762,1.0819572338180719,3000,1000,256,SPARSE_SIGN,106
CURRENT_FEATURE_64,4,0.235,1.3912622898115565,3000,1000,64,SPARSE_SIGN,106
EXACT_REPLAY_UNBOUNDED,4,0.762,1.0819572338180719,3000,1000,256,SPARSE_SIGN,106
ELIGIBILITY_TRACE_64,16,0.568,1.325522286722391,3000,1000,64,SPARSE_SIGN,106
EXACT_FIFO_64,16,0.297,1.3862263504313745,3000,1000,64,SPARSE_SIGN,106
EXACT_FIFO_256,16,0.322,1.3858069502877555,3000,1000,256,SPARSE_SIGN,106
EXACT_FIFO_1024,16,0.762,1.0816800263781001,3000,1000,1024,SPARSE_SIGN,106
EXACT_FIFO_4096,16,0.762,1.0816800263781001,3000,1000,1024,SPARSE_SIGN,106
CURRENT_FEATURE_64,16,0.213,1.395069585792274,3000,1000,64,SPARSE_SIGN,106
EXACT_REPLAY_UNBOUNDED,16,0.762,1.0816800263781001,3000,1000,1024,SPARSE_SIGN,106
ELIGIBILITY_TRACE_64,64,0.359,1.3699213383890392,3000,1000,64,SPARSE_SIGN,106
EXACT_FIFO_64,64,0.297,1.3862263504313745,3000,1000,64,SPARSE_SIGN,106
EXACT_FIFO_256,64,0.322,1.3858069502877555,3000,1000,256,SPARSE_SIGN,106
EXACT_FIFO_1024,64,0.451,1.3842805750311216,3000,1000,1024,SPARSE_SIGN,106
EXACT_FIFO_4096,64,0.761,1.0805825685740933,3000,1000,4096,SPARSE_SIGN,106
CURRENT_FEATURE_64,64,0.202,1.395072164255976,3000,1000,64,SPARSE_SIGN,106
EXACT_REPLAY_UNBOUNDED,64,0.761,1.0805825685740933,3000,1000,4096,SPARSE_SIGN,106
ELIGIBILITY_TRACE_64,1,0.591,1.3271114161238124,3000,1000,64,SPARSE_SIGN,107
EXACT_FIFO_64,1,0.741,1.1047920683497146,3000,1000,64,SPARSE_SIGN,107
EXACT_FIFO_256,1,0.741,1.1047920683497146,3000,1000,64,SPARSE_SIGN,107
EXACT_FIFO_1024,1,0.741,1.1047920683497146,3000,1000,64,SPARSE_SIGN,107
EXACT_FIFO_4096,1,0.741,1.1047920683497146,3000,1000,64,SPARSE_SIGN,107
CURRENT_FEATURE_64,1,0.168,1.4016343950204393,3000,1000,64,SPARSE_SIGN,107
EXACT_REPLAY_UNBOUNDED,1,0.741,1.1047920683497146,3000,1000,64,SPARSE_SIGN,107
ELIGIBILITY_TRACE_64,4,0.584,1.3324016588223,3000,1000,64,SPARSE_SIGN,107
EXACT_FIFO_64,4,0.264,1.3862096028502642,3000,1000,64,SPARSE_SIGN,107
EXACT_FIFO_256,4,0.741,1.1047327490584493,3000,1000,256,SPARSE_SIGN,107
EXACT_FIFO_1024,4,0.741,1.1047327490584493,3000,1000,256,SPARSE_SIGN,107
EXACT_FIFO_4096,4,0.741,1.1047327490584493,3000,1000,256,SPARSE_SIGN,107
CURRENT_FEATURE_64,4,0.252,1.3883793122152397,3000,1000,64,SPARSE_SIGN,107
EXACT_REPLAY_UNBOUNDED,4,0.741,1.1047327490584493,3000,1000,256,SPARSE_SIGN,107
ELIGIBILITY_TRACE_64,16,0.534,1.3399169491587788,3000,1000,64,SPARSE_SIGN,107
EXACT_FIFO_64,16,0.264,1.3862096028502642,3000,1000,64,SPARSE_SIGN,107
EXACT_FIFO_256,16,0.284,1.3858089690181468,3000,1000,256,SPARSE_SIGN,107
EXACT_FIFO_1024,16,0.74,1.10449457442923,3000,1000,1024,SPARSE_SIGN,107
EXACT_FIFO_4096,16,0.74,1.10449457442923,3000,1000,1024,SPARSE_SIGN,107
CURRENT_FEATURE_64,16,0.246,1.3893281155791235,3000,1000,64,SPARSE_SIGN,107
EXACT_REPLAY_UNBOUNDED,16,0.74,1.10449457442923,3000,1000,1024,SPARSE_SIGN,107
ELIGIBILITY_TRACE_64,64,0.393,1.3679439318922115,3000,1000,64,SPARSE_SIGN,107
EXACT_FIFO_64,64,0.264,1.3862096028502642,3000,1000,64,SPARSE_SIGN,107
EXACT_FIFO_256,64,0.284,1.3858089690181468,3000,1000,256,SPARSE_SIGN,107
EXACT_FIFO_1024,64,0.42,1.3839401264227689,3000,1000,1024,SPARSE_SIGN,107
EXACT_FIFO_4096,64,0.739,1.1035285174472984,3000,1000,4096,SPARSE_SIGN,107
CURRENT_FEATURE_64,64,0.238,1.3912424612482972,3000,1000,64,SPARSE_SIGN,107
EXACT_REPLAY_UNBOUNDED,64,0.739,1.1035285174472984,3000,1000,4096,SPARSE_SIGN,107
ELIGIBILITY_TRACE_64,1,0.601,1.3236235751225705,3000,1000,64,SPARSE_SIGN,108
EXACT_FIFO_64,1,0.775,1.0560697555946732,3000,1000,64,SPARSE_SIGN,108
EXACT_FIFO_256,1,0.775,1.0560697555946732,3000,1000,64,SPARSE_SIGN,108
EXACT_FIFO_1024,1,0.775,1.0560697555946732,3000,1000,64,SPARSE_SIGN,108
EXACT_FIFO_4096,1,0.775,1.0560697555946732,3000,1000,64,SPARSE_SIGN,108
CURRENT_FEATURE_64,1,0.292,1.384102639410883,3000,1000,64,SPARSE_SIGN,108
EXACT_REPLAY_UNBOUNDED,1,0.775,1.0560697555946732,3000,1000,64,SPARSE_SIGN,108
ELIGIBILITY_TRACE_64,4,0.601,1.3266733283996552,3000,1000,64,SPARSE_SIGN,108
EXACT_FIFO_64,4,0.228,1.3862613878041508,3000,1000,64,SPARSE_SIGN,108
EXACT_FIFO_256,4,0.775,1.055993310288933,3000,1000,256,SPARSE_SIGN,108
EXACT_FIFO_1024,4,0.775,1.055993310288933,3000,1000,256,SPARSE_SIGN,108
EXACT_FIFO_4096,4,0.775,1.055993310288933,3000,1000,256,SPARSE_SIGN,108
CURRENT_FEATURE_64,4,0.267,1.384470515872607,3000,1000,64,SPARSE_SIGN,108
EXACT_REPLAY_UNBOUNDED,4,0.775,1.055993310288933,3000,1000,256,SPARSE_SIGN,108
ELIGIBILITY_TRACE_64,16,0.495,1.3529636433031351,3000,1000,64,SPARSE_SIGN,108
EXACT_FIFO_64,16,0.228,1.3862613878041508,3000,1000,64,SPARSE_SIGN,108
EXACT_FIFO_256,16,0.27,1.3862006640442,3000,1000,256,SPARSE_SIGN,108
EXACT_FIFO_1024,16,0.774,1.05567342518231,3000,1000,1024,SPARSE_SIGN,108
EXACT_FIFO_4096,16,0.774,1.05567342518231,3000,1000,1024,SPARSE_SIGN,108
CURRENT_FEATURE_64,16,0.232,1.393148179796854,3000,1000,64,SPARSE_SIGN,108
EXACT_REPLAY_UNBOUNDED,16,0.774,1.05567342518231,3000,1000,1024,SPARSE_SIGN,108
ELIGIBILITY_TRACE_64,64,0.274,1.3827016075064749,3000,1000,64,SPARSE_SIGN,108
EXACT_FIFO_64,64,0.228,1.3862613878041508,3000,1000,64,SPARSE_SIGN,108
EXACT_FIFO_256,64,0.27,1.3862006640442,3000,1000,256,SPARSE_SIGN,108
EXACT_FIFO_1024,64,0.505,1.3838157299315565,3000,1000,1024,SPARSE_SIGN,108
EXACT_FIFO_4096,64,0.774,1.0543626760910874,3000,1000,4096,SPARSE_SIGN,108
CURRENT_FEATURE_64,64,0.336,1.3759512209153693,3000,1000,64,SPARSE_SIGN,108
EXACT_REPLAY_UNBOUNDED,64,0.774,1.0543626760910874,3000,1000,4096,SPARSE_SIGN,108
ELIGIBILITY_TRACE_64,1,0.589,1.293344772445552,3000,1000,64,SPARSE_SIGN,109
EXACT_FIFO_64,1,0.738,1.065389994101491,3000,1000,64,SPARSE_SIGN,109
EXACT_FIFO_256,1,0.738,1.065389994101491,3000,1000,64,SPARSE_SIGN,109
EXACT_FIFO_1024,1,0.738,1.065389994101491,3000,1000,64,SPARSE_SIGN,109
EXACT_FIFO_4096,1,0.738,1.065389994101491,3000,1000,64,SPARSE_SIGN,109
CURRENT_FEATURE_64,1,0.342,1.3704948281830334,3000,1000,64,SPARSE_SIGN,109
EXACT_REPLAY_UNBOUNDED,1,0.738,1.065389994101491,3000,1000,64,SPARSE_SIGN,109
ELIGIBILITY_TRACE_64,4,0.587,1.2960718189367957,3000,1000,64,SPARSE_SIGN,109
EXACT_FIFO_64,4,0.388,1.386005439384939,3000,1000,64,SPARSE_SIGN,109
EXACT_FIFO_256,4,0.738,1.0653135911239693,3000,1000,256,SPARSE_SIGN,109
EXACT_FIFO_1024,4,0.738,1.0653135911239693,3000,1000,256,SPARSE_SIGN,109
EXACT_FIFO_4096,4,0.738,1.0653135911239693,3000,1000,256,SPARSE_SIGN,109
CURRENT_FEATURE_64,4,0.241,1.3878622311383542,3000,1000,64,SPARSE_SIGN,109
EXACT_REPLAY_UNBOUNDED,4,0.738,1.0653135911239693,3000,1000,256,SPARSE_SIGN,109
ELIGIBILITY_TRACE_64,16,0.568,1.3113676155833576,3000,1000,64,SPARSE_SIGN,109
EXACT_FIFO_64,16,0.388,1.386005439384939,3000,1000,64,SPARSE_SIGN,109
EXACT_FIFO_256,16,0.376,1.38552624980597,3000,1000,256,SPARSE_SIGN,109
EXACT_FIFO_1024,16,0.738,1.0649900849146903,3000,1000,1024,SPARSE_SIGN,109
EXACT_FIFO_4096,16,0.738,1.0649900849146903,3000,1000,1024,SPARSE_SIGN,109
CURRENT_FEATURE_64,16,0.382,1.3681661965769443,3000,1000,64,SPARSE_SIGN,109
EXACT_REPLAY_UNBOUNDED,16,0.738,1.0649900849146903,3000,1000,1024,SPARSE_SIGN,109
ELIGIBILITY_TRACE_64,64,0.275,1.3785101952370018,3000,1000,64,SPARSE_SIGN,109
EXACT_FIFO_64,64,0.388,1.386005439384939,3000,1000,64,SPARSE_SIGN,109
EXACT_FIFO_256,64,0.376,1.38552624980597,3000,1000,256,SPARSE_SIGN,109
EXACT_FIFO_1024,64,0.473,1.3837000825510164,3000,1000,1024,SPARSE_SIGN,109
EXACT_FIFO_4096,64,0.739,1.0637603374787639,3000,1000,4096,SPARSE_SIGN,109
CURRENT_FEATURE_64,64,0.272,1.382801029703889,3000,1000,64,SPARSE_SIGN,109
EXACT_REPLAY_UNBOUNDED,64,0.739,1.0637603374787639,3000,1000,4096,SPARSE_SIGN,109
ELIGIBILITY_TRACE_64,1,0.643,1.3181384025322833,3000,1000,64,SPARSE_SIGN,110
EXACT_FIFO_64,1,0.736,1.1040074914318412,3000,1000,64,SPARSE_SIGN,110
EXACT_FIFO_256,1,0.736,1.1040074914318412,3000,1000,64,SPARSE_SIGN,110
EXACT_FIFO_1024,1,0.736,1.1040074914318412,3000,1000,64,SPARSE_SIGN,110
EXACT_FIFO_4096,1,0.736,1.1040074914318412,3000,1000,64,SPARSE_SIGN,110
CURRENT_FEATURE_64,1,0.315,1.3779426423075798,3000,1000,64,SPARSE_SIGN,110
EXACT_REPLAY_UNBOUNDED,1,0.736,1.1040074914318412,3000,1000,64,SPARSE_SIGN,110
ELIGIBILITY_TRACE_64,4,0.61,1.3231899022729063,3000,1000,64,SPARSE_SIGN,110
EXACT_FIFO_64,4,0.241,1.3861711632896934,3000,1000,64,SPARSE_SIGN,110
EXACT_FIFO_256,4,0.736,1.1039444411145634,3000,1000,256,SPARSE_SIGN,110
EXACT_FIFO_1024,4,0.736,1.1039444411145634,3000,1000,256,SPARSE_SIGN,110
EXACT_FIFO_4096,4,0.736,1.1039444411145634,3000,1000,256,SPARSE_SIGN,110
CURRENT_FEATURE_64,4,0.19,1.3973496936706826,3000,1000,64,SPARSE_SIGN,110
EXACT_REPLAY_UNBOUNDED,4,0.736,1.1039444411145634,3000,1000,256,SPARSE_SIGN,110
ELIGIBILITY_TRACE_64,16,0.587,1.3294942265379013,3000,1000,64,SPARSE_SIGN,110
EXACT_FIFO_64,16,0.241,1.3861711632896934,3000,1000,64,SPARSE_SIGN,110
EXACT_FIFO_256,16,0.377,1.3856625201095325,3000,1000,256,SPARSE_SIGN,110
EXACT_FIFO_1024,16,0.736,1.1037022907465885,3000,1000,1024,SPARSE_SIGN,110
EXACT_FIFO_4096,16,0.736,1.1037022907465885,3000,1000,1024,SPARSE_SIGN,110
CURRENT_FEATURE_64,16,0.345,1.3738998153883655,3000,1000,64,SPARSE_SIGN,110
EXACT_REPLAY_UNBOUNDED,16,0.736,1.1037022907465885,3000,1000,1024,SPARSE_SIGN,110
ELIGIBILITY_TRACE_64,64,0.438,1.3541685020457042,3000,1000,64,SPARSE_SIGN,110
EXACT_FIFO_64,64,0.241,1.3861711632896934,3000,1000,64,SPARSE_SIGN,110
EXACT_FIFO_256,64,0.377,1.3856625201095325,3000,1000,256,SPARSE_SIGN,110
EXACT_FIFO_1024,64,0.45,1.3841720329465028,3000,1000,1024,SPARSE_SIGN,110
EXACT_FIFO_4096,64,0.736,1.102719926862686,3000,1000,4096,SPARSE_SIGN,110
CURRENT_FEATURE_64,64,0.221,1.3931232732745804,3000,1000,64,SPARSE_SIGN,110
EXACT_REPLAY_UNBOUNDED,64,0.736,1.102719926862686,3000,1000,4096,SPARSE_SIGN,110
ELIGIBILITY_TRACE_64,1,0.621,1.3233403189674395,3000,1000,64,SPARSE_SIGN,111
EXACT_FIFO_64,1,0.771,1.0763653458110594,3000,1000,64,SPARSE_SIGN,111
EXACT_FIFO_256,1,0.771,1.0763653458110594,3000,1000,64,SPARSE_SIGN,111
EXACT_FIFO_1024,1,0.771,1.0763653458110594,3000,1000,64,SPARSE_SIGN,111
EXACT_FIFO_4096,1,0.771,1.0763653458110594,3000,1000,64,SPARSE_SIGN,111
CURRENT_FEATURE_64,1,0.239,1.3902482174846338,3000,1000,64,SPARSE_SIGN,111
EXACT_REPLAY_UNBOUNDED,1,0.771,1.0763653458110594,3000,1000,64,SPARSE_SIGN,111
ELIGIBILITY_TRACE_64,4,0.597,1.3301448622213525,3000,1000,64,SPARSE_SIGN,111
EXACT_FIFO_64,4,0.245,1.386271971445987,3000,1000,64,SPARSE_SIGN,111
EXACT_FIFO_256,4,0.771,1.0762952473695373,3000,1000,256,SPARSE_SIGN,111
EXACT_FIFO_1024,4,0.771,1.0762952473695373,3000,1000,256,SPARSE_SIGN,111
EXACT_FIFO_4096,4,0.771,1.0762952473695373,3000,1000,256,SPARSE_SIGN,111
CURRENT_FEATURE_64,4,0.196,1.397319986035849,3000,1000,64,SPARSE_SIGN,111
EXACT_REPLAY_UNBOUNDED,4,0.771,1.0762952473695373,3000,1000,256,SPARSE_SIGN,111
ELIGIBILITY_TRACE_64,16,0.532,1.3409711906662727,3000,1000,64,SPARSE_SIGN,111
EXACT_FIFO_64,16,0.245,1.386271971445987,3000,1000,64,SPARSE_SIGN,111
EXACT_FIFO_256,16,0.304,1.385793868341042,3000,1000,256,SPARSE_SIGN,111
EXACT_FIFO_1024,16,0.771,1.0760059833843465,3000,1000,1024,SPARSE_SIGN,111
EXACT_FIFO_4096,16,0.771,1.0760059833843465,3000,1000,1024,SPARSE_SIGN,111
CURRENT_FEATURE_64,16,0.304,1.378817279694692,3000,1000,64,SPARSE_SIGN,111
EXACT_REPLAY_UNBOUNDED,16,0.771,1.0760059833843465,3000,1000,1024,SPARSE_SIGN,111
ELIGIBILITY_TRACE_64,64,0.299,1.3785297213721561,3000,1000,64,SPARSE_SIGN,111
EXACT_FIFO_64,64,0.245,1.386271971445987,3000,1000,64,SPARSE_SIGN,111
EXACT_FIFO_256,64,0.304,1.385793868341042,3000,1000,256,SPARSE_SIGN,111
EXACT_FIFO_1024,64,0.405,1.3845479166232904,3000,1000,1024,SPARSE_SIGN,111
EXACT_FIFO_4096,64,0.771,1.0748735408286278,3000,1000,4096,SPARSE_SIGN,111
CURRENT_FEATURE_64,64,0.232,1.3921437688556169,3000,1000,64,SPARSE_SIGN,111
EXACT_REPLAY_UNBOUNDED,64,0.771,1.0748735408286278,3000,1000,4096,SPARSE_SIGN,111
ELIGIBILITY_TRACE_64,1,0.573,1.3184019439262242,3000,1000,64,SPARSE_SIGN,112
EXACT_FIFO_64,1,0.755,1.0712857832578855,3000,1000,64,SPARSE_SIGN,112
EXACT_FIFO_256,1,0.755,1.0712857832578855,3000,1000,64,SPARSE_SIGN,112
EXACT_FIFO_1024,1,0.755,1.0712857832578855,3000,1000,64,SPARSE_SIGN,112
EXACT_FIFO_4096,1,0.755,1.0712857832578855,3000,1000,64,SPARSE_SIGN,112
CURRENT_FEATURE_64,1,0.257,1.3901855810569892,3000,1000,64,SPARSE_SIGN,112
EXACT_REPLAY_UNBOUNDED,1,0.755,1.0712857832578855,3000,1000,64,SPARSE_SIGN,112
ELIGIBILITY_TRACE_64,4,0.553,1.323377749114749,3000,1000,64,SPARSE_SIGN,112
EXACT_FIFO_64,4,0.249,1.3862529578559235,3000,1000,64,SPARSE_SIGN,112
EXACT_FIFO_256,4,0.755,1.0712081534832256,3000,1000,256,SPARSE_SIGN,112
EXACT_FIFO_1024,4,0.755,1.0712081534832256,3000,1000,256,SPARSE_SIGN,112
EXACT_FIFO_4096,4,0.755,1.0712081534832256,3000,1000,256,SPARSE_SIGN,112
CURRENT_FEATURE_64,4,0.269,1.3840382989971285,3000,1000,64,SPARSE_SIGN,112
EXACT_REPLAY_UNBOUNDED,4,0.755,1.0712081534832256,3000,1000,256,SPARSE_SIGN,112
ELIGIBILITY_TRACE_64,16,0.497,1.340256308909334,3000,1000,64,SPARSE_SIGN,112
EXACT_FIFO_64,16,0.249,1.3862529578559235,3000,1000,64,SPARSE_SIGN,112
EXACT_FIFO_256,16,0.311,1.3859191386562477,3000,1000,256,SPARSE_SIGN,112
EXACT_FIFO_1024,16,0.754,1.0709133536933584,3000,1000,1024,SPARSE_SIGN,112
EXACT_FIFO_4096,16,0.754,1.0709133536933584,3000,1000,1024,SPARSE_SIGN,112
CURRENT_FEATURE_64,16,0.145,1.3997692993485569,3000,1000,64,SPARSE_SIGN,112
EXACT_REPLAY_UNBOUNDED,16,0.754,1.0709133536933584,3000,1000,1024,SPARSE_SIGN,112
ELIGIBILITY_TRACE_64,64,0.339,1.3762675536256188,3000,1000,64,SPARSE_SIGN,112
EXACT_FIFO_64,64,0.249,1.3862529578559235,3000,1000,64,SPARSE_SIGN,112
EXACT_FIFO_256,64,0.311,1.3859191386562477,3000,1000,256,SPARSE_SIGN,112
EXACT_FIFO_1024,64,0.434,1.383987206882081,3000,1000,1024,SPARSE_SIGN,112
EXACT_FIFO_4096,64,0.754,1.0696951393403724,3000,1000,4096,SPARSE_SIGN,112
CURRENT_FEATURE_64,64,0.207,1.3971620142144827,3000,1000,64,SPARSE_SIGN,112
EXACT_REPLAY_UNBOUNDED,64,0.754,1.0696951393403724,3000,1000,4096,SPARSE_SIGN,112
ELIGIBILITY_TRACE_64,1,0.578,1.3258088524197125,3000,1000,64,SPARSE_SIGN,113
EXACT_FIFO_64,1,0.72,1.1088835890625814,3000,1000,64,SPARSE_SIGN,113
EXACT_FIFO_256,1,0.72,1.1088835890625814,3000,1000,64,SPARSE_SIGN,113
EXACT_FIFO_1024,1,0.72,1.1088835890625814,3000,1000,64,SPARSE_SIGN,113
EXACT_FIFO_4096,1,0.72,1.1088835890625814,3000,1000,64,SPARSE_SIGN,113
CURRENT_FEATURE_64,1,0.17,1.4030377879447713,3000,1000,64,SPARSE_SIGN,113
EXACT_REPLAY_UNBOUNDED,1,0.72,1.1088835890625814,3000,1000,64,SPARSE_SIGN,113
ELIGIBILITY_TRACE_64,4,0.578,1.3307651081707508,3000,1000,64,SPARSE_SIGN,113
EXACT_FIFO_64,4,0.254,1.3862599703609944,3000,1000,64,SPARSE_SIGN,113
EXACT_FIFO_256,4,0.72,1.1088222575455557,3000,1000,256,SPARSE_SIGN,113
EXACT_FIFO_1024,4,0.72,1.1088222575455557,3000,1000,256,SPARSE_SIGN,113
EXACT_FIFO_4096,4,0.72,1.1088222575455557,3000,1000,256,SPARSE_SIGN,113
CURRENT_FEATURE_64,4,0.222,1.3937595862875594,3000,1000,64,SPARSE_SIGN,113
EXACT_REPLAY_UNBOUNDED,4,0.72,1.1088222575455557,3000,1000,256,SPARSE_SIGN,113
ELIGIBILITY_TRACE_64,16,0.542,1.3419694199597951,3000,1000,64,SPARSE_SIGN,113
EXACT_FIFO_64,16,0.254,1.3862599703609944,3000,1000,64,SPARSE_SIGN,113
EXACT_FIFO_256,16,0.315,1.385750764457685,3000,1000,256,SPARSE_SIGN,113
EXACT_FIFO_1024,16,0.72,1.108579959134215,3000,1000,1024,SPARSE_SIGN,113
EXACT_FIFO_4096,16,0.72,1.108579959134215,3000,1000,1024,SPARSE_SIGN,113
CURRENT_FEATURE_64,16,0.251,1.3878132522397348,3000,1000,64,SPARSE_SIGN,113
EXACT_REPLAY_UNBOUNDED,16,0.72,1.108579959134215,3000,1000,1024,SPARSE_SIGN,113
ELIGIBILITY_TRACE_64,64,0.319,1.3784239863398715,3000,1000,64,SPARSE_SIGN,113
EXACT_FIFO_64,64,0.254,1.3862599703609944,3000,1000,64,SPARSE_SIGN,113
EXACT_FIFO_256,64,0.315,1.385750764457685,3000,1000,256,SPARSE_SIGN,113
EXACT_FIFO_1024,64,0.456,1.3839895585992636,3000,1000,1024,SPARSE_SIGN,113
EXACT_FIFO_4096,64,0.72,1.1075960953780706,3000,1000,4096,SPARSE_SIGN,113
CURRENT_FEATURE_64,64,0.256,1.3833025662628078,3000,1000,64,SPARSE_SIGN,113
EXACT_REPLAY_UNBOUNDED,64,0.72,1.1075960953780706,3000,1000,4096,SPARSE_SIGN,113
ELIGIBILITY_TRACE_64,1,0.65,1.2919144161438167,3000,1000,64,SPARSE_SIGN,114
EXACT_FIFO_64,1,0.749,1.0428152387875262,3000,1000,64,SPARSE_SIGN,114
EXACT_FIFO_256,1,0.749,1.0428152387875262,3000,1000,64,SPARSE_SIGN,114
EXACT_FIFO_1024,1,0.749,1.0428152387875262,3000,1000,64,SPARSE_SIGN,114
EXACT_FIFO_4096,1,0.749,1.0428152387875262,3000,1000,64,SPARSE_SIGN,114
CURRENT_FEATURE_64,1,0.289,1.38544621747923,3000,1000,64,SPARSE_SIGN,114
EXACT_REPLAY_UNBOUNDED,1,0.749,1.0428152387875262,3000,1000,64,SPARSE_SIGN,114
ELIGIBILITY_TRACE_64,4,0.65,1.29578885853183,3000,1000,64,SPARSE_SIGN,114
EXACT_FIFO_64,4,0.428,1.3859037337304432,3000,1000,64,SPARSE_SIGN,114
EXACT_FIFO_256,4,0.749,1.0427237727405128,3000,1000,256,SPARSE_SIGN,114
EXACT_FIFO_1024,4,0.749,1.0427237727405128,3000,1000,256,SPARSE_SIGN,114
EXACT_FIFO_4096,4,0.749,1.0427237727405128,3000,1000,256,SPARSE_SIGN,114
CURRENT_FEATURE_64,4,0.245,1.3943918984906056,3000,1000,64,SPARSE_SIGN,114
EXACT_REPLAY_UNBOUNDED,4,0.749,1.0427237727405128,3000,1000,256,SPARSE_SIGN,114
ELIGIBILITY_TRACE_64,16,0.595,1.3103937393278784,3000,1000,64,SPARSE_SIGN,114
EXACT_FIFO_64,16,0.428,1.3859037337304432,3000,1000,64,SPARSE_SIGN,114
EXACT_FIFO_256,16,0.408,1.3854823340596172,3000,1000,256,SPARSE_SIGN,114
EXACT_FIFO_1024,16,0.749,1.0423718025746107,3000,1000,1024,SPARSE_SIGN,114
EXACT_FIFO_4096,16,0.749,1.0423718025746107,3000,1000,1024,SPARSE_SIGN,114
CURRENT_FEATURE_64,16,0.173,1.402002540006832,3000,1000,64,SPARSE_SIGN,114
EXACT_REPLAY_UNBOUNDED,16,0.749,1.0423718025746107,3000,1000,1024,SPARSE_SIGN,114
ELIGIBILITY_TRACE_64,64,0.453,1.354109266036307,3000,1000,64,SPARSE_SIGN,114
EXACT_FIFO_64,64,0.428,1.3859037337304432,3000,1000,64,SPARSE_SIGN,114
EXACT_FIFO_256,64,0.408,1.3854823340596172,3000,1000,256,SPARSE_SIGN,114
EXACT_FIFO_1024,64,0.5,1.3830566831717992,3000,1000,1024,SPARSE_SIGN,114
EXACT_FIFO_4096,64,0.749,1.040951769130192,3000,1000,4096,SPARSE_SIGN,114
CURRENT_FEATURE_64,64,0.346,1.372460086265663,3000,1000,64,SPARSE_SIGN,114
EXACT_REPLAY_UNBOUNDED,64,0.749,1.040951769130192,3000,1000,4096,SPARSE_SIGN,114
ELIGIBILITY_TRACE_64,1,0.631,1.306567874816102,3000,1000,64,SPARSE_SIGN,115
EXACT_FIFO_64,1,0.754,1.0865839536001294,3000,1000,64,SPARSE_SIGN,115
EXACT_FIFO_256,1,0.754,1.0865839536001294,3000,1000,64,SPARSE_SIGN,115
EXACT_FIFO_1024,1,0.754,1.0865839536001294,3000,1000,64,SPARSE_SIGN,115
EXACT_FIFO_4096,1,0.754,1.0865839536001294,3000,1000,64,SPARSE_SIGN,115
CURRENT_FEATURE_64,1,0.196,1.3947111170810915,3000,1000,64,SPARSE_SIGN,115
EXACT_REPLAY_UNBOUNDED,1,0.754,1.0865839536001294,3000,1000,64,SPARSE_SIGN,115
ELIGIBILITY_TRACE_64,4,0.622,1.310717815030435,3000,1000,64,SPARSE_SIGN,115
EXACT_FIFO_64,4,0.261,1.3861577312342166,3000,1000,64,SPARSE_SIGN,115
EXACT_FIFO_256,4,0.754,1.086517945726732,3000,1000,256,SPARSE_SIGN,115
EXACT_FIFO_1024,4,0.754,1.086517945726732,3000,1000,256,SPARSE_SIGN,115
EXACT_FIFO_4096,4,0.754,1.086517945726732,3000,1000,256,SPARSE_SIGN,115
CURRENT_FEATURE_64,4,0.242,1.3918457273849811,3000,1000,64,SPARSE_SIGN,115
EXACT_REPLAY_UNBOUNDED,4,0.754,1.086517945726732,3000,1000,256,SPARSE_SIGN,115
ELIGIBILITY_TRACE_64,16,0.556,1.3301787305252561,3000,1000,64,SPARSE_SIGN,115
EXACT_FIFO_64,16,0.261,1.3861577312342166,3000,1000,64,SPARSE_SIGN,115
EXACT_FIFO_256,16,0.319,1.385893103570516,3000,1000,256,SPARSE_SIGN,115
EXACT_FIFO_1024,16,0.754,1.0862552670093597,3000,1000,1024,SPARSE_SIGN,115
EXACT_FIFO_4096,16,0.754,1.0862552670093597,3000,1000,1024,SPARSE_SIGN,115
CURRENT_FEATURE_64,16,0.225,1.3916433483436825,3000,1000,64,SPARSE_SIGN,115
EXACT_REPLAY_UNBOUNDED,16,0.754,1.0862552670093597,3000,1000,1024,SPARSE_SIGN,115
ELIGIBILITY_TRACE_64,64,0.356,1.3679394739768327,3000,1000,64,SPARSE_SIGN,115
EXACT_FIFO_64,64,0.261,1.3861577312342166,3000,1000,64,SPARSE_SIGN,115
EXACT_FIFO_256,64,0.319,1.385893103570516,3000,1000,256,SPARSE_SIGN,115
EXACT_FIFO_1024,64,0.426,1.384304192963487,3000,1000,1024,SPARSE_SIGN,115
EXACT_FIFO_4096,64,0.754,1.0851973109482873,3000,1000,4096,SPARSE_SIGN,115
CURRENT_FEATURE_64,64,0.279,1.3860417896891863,3000,1000,64,SPARSE_SIGN,115
EXACT_REPLAY_UNBOUNDED,64,0.754,1.0851973109482873,3000,1000,4096,SPARSE_SIGN,115
ELIGIBILITY_TRACE_64,1,0.643,1.3135396839837097,3000,1000,64,SPARSE_SIGN,116
EXACT_FIFO_64,1,0.759,1.0810216785861393,3000,1000,64,SPARSE_SIGN,116
EXACT_FIFO_256,1,0.759,1.0810216785861393,3000,1000,64,SPARSE_SIGN,116
EXACT_FIFO_1024,1,0.759,1.0810216785861393,3000,1000,64,SPARSE_SIGN,116
EXACT_FIFO_4096,1,0.759,1.0810216785861393,3000,1000,64,SPARSE_SIGN,116
CURRENT_FEATURE_64,1,0.229,1.391582805649761,3000,1000,64,SPARSE_SIGN,116
EXACT_REPLAY_UNBOUNDED,1,0.759,1.0810216785861393,3000,1000,64,SPARSE_SIGN,116
ELIGIBILITY_TRACE_64,4,0.611,1.3177214416840775,3000,1000,64,SPARSE_SIGN,116
EXACT_FIFO_64,4,0.306,1.3860197343625746,3000,1000,64,SPARSE_SIGN,116
EXACT_FIFO_256,4,0.759,1.0809507815794352,3000,1000,256,SPARSE_SIGN,116
EXACT_FIFO_1024,4,0.759,1.0809507815794352,3000,1000,256,SPARSE_SIGN,116
EXACT_FIFO_4096,4,0.759,1.0809507815794352,3000,1000,256,SPARSE_SIGN,116
CURRENT_FEATURE_64,4,0.203,1.396966475213209,3000,1000,64,SPARSE_SIGN,116
EXACT_REPLAY_UNBOUNDED,4,0.759,1.0809507815794352,3000,1000,256,SPARSE_SIGN,116
ELIGIBILITY_TRACE_64,16,0.518,1.3430826358648646,3000,1000,64,SPARSE_SIGN,116
EXACT_FIFO_64,16,0.306,1.3860197343625746,3000,1000,64,SPARSE_SIGN,116
EXACT_FIFO_256,16,0.366,1.38536636876978,3000,1000,256,SPARSE_SIGN,116
EXACT_FIFO_1024,16,0.759,1.080688751337895,3000,1000,1024,SPARSE_SIGN,116
EXACT_FIFO_4096,16,0.759,1.080688751337895,3000,1000,1024,SPARSE_SIGN,116
CURRENT_FEATURE_64,16,0.162,1.4018932053286395,3000,1000,64,SPARSE_SIGN,116
EXACT_REPLAY_UNBOUNDED,16,0.759,1.080688751337895,3000,1000,1024,SPARSE_SIGN,116
ELIGIBILITY_TRACE_64,64,0.447,1.360354406785816,3000,1000,64,SPARSE_SIGN,116
EXACT_FIFO_64,64,0.306,1.3860197343625746,3000,1000,64,SPARSE_SIGN,116
EXACT_FIFO_256,64,0.366,1.38536636876978,3000,1000,256,SPARSE_SIGN,116
EXACT_FIFO_1024,64,0.459,1.3836416427149836,3000,1000,1024,SPARSE_SIGN,116
EXACT_FIFO_4096,64,0.759,1.0795799374322463,3000,1000,4096,SPARSE_SIGN,116
CURRENT_FEATURE_64,64,0.279,1.382647201243932,3000,1000,64,SPARSE_SIGN,116
EXACT_REPLAY_UNBOUNDED,64,0.759,1.0795799374322463,3000,1000,4096,SPARSE_SIGN,116
ELIGIBILITY_TRACE_64,1,0.632,1.3079576236962993,3000,1000,64,SPARSE_SIGN,117
EXACT_FIFO_64,1,0.745,1.0830138607356214,3000,1000,64,SPARSE_SIGN,117
EXACT_FIFO_256,1,0.745,1.0830138607356214,3000,1000,64,SPARSE_SIGN,117
EXACT_FIFO_1024,1,0.745,1.0830138607356214,3000,1000,64,SPARSE_SIGN,117
EXACT_FIFO_4096,1,0.745,1.0830138607356214,3000,1000,64,SPARSE_SIGN,117
CURRENT_FEATURE_64,1,0.228,1.3911291874788754,3000,1000,64,SPARSE_SIGN,117
EXACT_REPLAY_UNBOUNDED,1,0.745,1.0830138607356214,3000,1000,64,SPARSE_SIGN,117
ELIGIBILITY_TRACE_64,4,0.619,1.3099477178470975,3000,1000,64,SPARSE_SIGN,117
EXACT_FIFO_64,4,0.263,1.3862084350014798,3000,1000,64,SPARSE_SIGN,117
EXACT_FIFO_256,4,0.745,1.0829462020576999,3000,1000,256,SPARSE_SIGN,117
EXACT_FIFO_1024,4,0.745,1.0829462020576999,3000,1000,256,SPARSE_SIGN,117
EXACT_FIFO_4096,4,0.745,1.0829462020576999,3000,1000,256,SPARSE_SIGN,117
CURRENT_FEATURE_64,4,0.322,1.3794042410125547,3000,1000,64,SPARSE_SIGN,117
EXACT_REPLAY_UNBOUNDED,4,0.745,1.0829462020576999,3000,1000,256,SPARSE_SIGN,117
ELIGIBILITY_TRACE_64,16,0.589,1.3234195262525608,3000,1000,64,SPARSE_SIGN,117
EXACT_FIFO_64,16,0.263,1.3862084350014798,3000,1000,64,SPARSE_SIGN,117
EXACT_FIFO_256,16,0.353,1.385780543228636,3000,1000,256,SPARSE_SIGN,117
EXACT_FIFO_1024,16,0.744,1.0826515033861375,3000,1000,1024,SPARSE_SIGN,117
EXACT_FIFO_4096,16,0.744,1.0826515033861375,3000,1000,1024,SPARSE_SIGN,117
CURRENT_FEATURE_64,16,0.215,1.3897526318710183,3000,1000,64,SPARSE_SIGN,117
EXACT_REPLAY_UNBOUNDED,16,0.744,1.0826515033861375,3000,1000,1024,SPARSE_SIGN,117
ELIGIBILITY_TRACE_64,64,0.416,1.3596214813037175,3000,1000,64,SPARSE_SIGN,117
EXACT_FIFO_64,64,0.263,1.3862084350014798,3000,1000,64,SPARSE_SIGN,117
EXACT_FIFO_256,64,0.353,1.385780543228636,3000,1000,256,SPARSE_SIGN,117
EXACT_FIFO_1024,64,0.425,1.384326374424868,3000,1000,1024,SPARSE_SIGN,117
EXACT_FIFO_4096,64,0.744,1.0815195484783253,3000,1000,4096,SPARSE_SIGN,117
CURRENT_FEATURE_64,64,0.242,1.3843524619986851,3000,1000,64,SPARSE_SIGN,117
EXACT_REPLAY_UNBOUNDED,64,0.744,1.0815195484783253,3000,1000,4096,SPARSE_SIGN,117
ELIGIBILITY_TRACE_64,1,0.688,1.2885197547053695,3000,1000,64,SPARSE_SIGN,118
EXACT_FIFO_64,1,0.778,1.0510827736572563,3000,1000,64,SPARSE_SIGN,118
EXACT_FIFO_256,1,0.778,1.0510827736572563,3000,1000,64,SPARSE_SIGN,118
EXACT_FIFO_1024,1,0.778,1.0510827736572563,3000,1000,64,SPARSE_SIGN,118
EXACT_FIFO_4096,1,0.778,1.0510827736572563,3000,1000,64,SPARSE_SIGN,118
CURRENT_FEATURE_64,1,0.251,1.3873794487620876,3000,1000,64,SPARSE_SIGN,118
EXACT_REPLAY_UNBOUNDED,1,0.778,1.0510827736572563,3000,1000,64,SPARSE_SIGN,118
ELIGIBILITY_TRACE_64,4,0.69,1.289080865503502,3000,1000,64,SPARSE_SIGN,118
EXACT_FIFO_64,4,0.27,1.3861920676291442,3000,1000,64,SPARSE_SIGN,118
EXACT_FIFO_256,4,0.778,1.051005258145406,3000,1000,256,SPARSE_SIGN,118
EXACT_FIFO_1024,4,0.778,1.051005258145406,3000,1000,256,SPARSE_SIGN,118
EXACT_FIFO_4096,4,0.778,1.051005258145406,3000,1000,256,SPARSE_SIGN,118
CURRENT_FEATURE_64,4,0.365,1.3718184556846453,3000,1000,64,SPARSE_SIGN,118
EXACT_REPLAY_UNBOUNDED,4,0.778,1.051005258145406,3000,1000,256,SPARSE_SIGN,118
ELIGIBILITY_TRACE_64,16,0.646,1.3091008874328673,3000,1000,64,SPARSE_SIGN,118
EXACT_FIFO_64,16,0.27,1.3861920676291442,3000,1000,64,SPARSE_SIGN,118
EXACT_FIFO_256,16,0.381,1.3855811336969768,3000,1000,256,SPARSE_SIGN,118
EXACT_FIFO_1024,16,0.778,1.0506813152678933,3000,1000,1024,SPARSE_SIGN,118
EXACT_FIFO_4096,16,0.778,1.0506813152678933,3000,1000,1024,SPARSE_SIGN,118
CURRENT_FEATURE_64,16,0.27,1.3851912737725278,3000,1000,64,SPARSE_SIGN,118
EXACT_REPLAY_UNBOUNDED,16,0.778,1.0506813152678933,3000,1000,1024,SPARSE_SIGN,118
ELIGIBILITY_TRACE_64,64,0.473,1.343326221654001,3000,1000,64,SPARSE_SIGN,118
EXACT_FIFO_64,64,0.27,1.3861920676291442,3000,1000,64,SPARSE_SIGN,118
EXACT_FIFO_256,64,0.381,1.3855811336969768,3000,1000,256,SPARSE_SIGN,118
EXACT_FIFO_1024,64,0.479,1.3836584294566843,3000,1000,1024,SPARSE_SIGN,118
EXACT_FIFO_4096,64,0.779,1.0493968540157335,3000,1000,4096,SPARSE_SIGN,118
CURRENT_FEATURE_64,64,0.215,1.3938626026166712,3000,1000,64,SPARSE_SIGN,118
EXACT_REPLAY_UNBOUNDED,64,0.779,1.0493968540157335,3000,1000,4096,SPARSE_SIGN,118
ELIGIBILITY_TRACE_64,1,0.528,1.3240934971849585,3000,1000,64,SPARSE_SIGN,119
EXACT_FIFO_64,1,0.794,1.0578460834862933,3000,1000,64,SPARSE_SIGN,119
EXACT_FIFO_256,1,0.794,1.0578460834862933,3000,1000,64,SPARSE_SIGN,119
EXACT_FIFO_1024,1,0.794,1.0578460834862933,3000,1000,64,SPARSE_SIGN,119
EXACT_FIFO_4096,1,0.794,1.0578460834862933,3000,1000,64,SPARSE_SIGN,119
CURRENT_FEATURE_64,1,0.223,1.3929661502699455,3000,1000,64,SPARSE_SIGN,119
EXACT_REPLAY_UNBOUNDED,1,0.794,1.0578460834862933,3000,1000,64,SPARSE_SIGN,119
ELIGIBILITY_TRACE_64,4,0.531,1.3281045018547102,3000,1000,64,SPARSE_SIGN,119
EXACT_FIFO_64,4,0.313,1.3859956300736627,3000,1000,64,SPARSE_SIGN,119
EXACT_FIFO_256,4,0.794,1.057778127100534,3000,1000,256,SPARSE_SIGN,119
EXACT_FIFO_1024,4,0.794,1.057778127100534,3000,1000,256,SPARSE_SIGN,119
EXACT_FIFO_4096,4,0.794,1.057778127100534,3000,1000,256,SPARSE_SIGN,119
CURRENT_FEATURE_64,4,0.279,1.3832738660620598,3000,1000,64,SPARSE_SIGN,119
EXACT_REPLAY_UNBOUNDED,4,0.794,1.057778127100534,3000,1000,256,SPARSE_SIGN,119
ELIGIBILITY_TRACE_64,16,0.44,1.3485750157475582,3000,1000,64,SPARSE_SIGN,119
EXACT_FIFO_64,16,0.313,1.3859956300736627,3000,1000,64,SPARSE_SIGN,119
EXACT_FIFO_256,16,0.425,1.385420708482707,3000,1000,256,SPARSE_SIGN,119
EXACT_FIFO_1024,16,0.794,1.057475126672522,3000,1000,1024,SPARSE_SIGN,119
EXACT_FIFO_4096,16,0.794,1.057475126672522,3000,1000,1024,SPARSE_SIGN,119
CURRENT_FEATURE_64,16,0.257,1.3861435069001846,3000,1000,64,SPARSE_SIGN,119
EXACT_REPLAY_UNBOUNDED,16,0.794,1.057475126672522,3000,1000,1024,SPARSE_SIGN,119
ELIGIBILITY_TRACE_64,64,0.361,1.3680303548642183,3000,1000,64,SPARSE_SIGN,119
EXACT_FIFO_64,64,0.313,1.3859956300736627,3000,1000,64,SPARSE_SIGN,119
EXACT_FIFO_256,64,0.425,1.385420708482707,3000,1000,256,SPARSE_SIGN,119
EXACT_FIFO_1024,64,0.532,1.3833105497770293,3000,1000,1024,SPARSE_SIGN,119
EXACT_FIFO_4096,64,0.794,1.0562710674175053,3000,1000,4096,SPARSE_SIGN,119
CURRENT_FEATURE_64,64,0.305,1.3778837036272042,3000,1000,64,SPARSE_SIGN,119
EXACT_REPLAY_UNBOUNDED,64,0.794,1.0562710674175053,3000,1000,4096,SPARSE_SIGN,119
ELIGIBILITY_TRACE_64,1,0.601,1.3127565612703775,3000,1000,64,SPARSE_SIGN,120
EXACT_FIFO_64,1,0.721,1.0950843768554555,3000,1000,64,SPARSE_SIGN,120
EXACT_FIFO_256,1,0.721,1.0950843768554555,3000,1000,64,SPARSE_SIGN,120
EXACT_FIFO_1024,1,0.721,1.0950843768554555,3000,1000,64,SPARSE_SIGN,120
EXACT_FIFO_4096,1,0.721,1.0950843768554555,3000,1000,64,SPARSE_SIGN,120
CURRENT_FEATURE_64,1,0.251,1.3919334281729647,3000,1000,64,SPARSE_SIGN,120
EXACT_REPLAY_UNBOUNDED,1,0.721,1.0950843768554555,3000,1000,64,SPARSE_SIGN,120
ELIGIBILITY_TRACE_64,4,0.589,1.318231303549483,3000,1000,64,SPARSE_SIGN,120
EXACT_FIFO_64,4,0.305,1.3860664526727877,3000,1000,64,SPARSE_SIGN,120
EXACT_FIFO_256,4,0.721,1.0950171286161048,3000,1000,256,SPARSE_SIGN,120
EXACT_FIFO_1024,4,0.721,1.0950171286161048,3000,1000,256,SPARSE_SIGN,120
EXACT_FIFO_4096,4,0.721,1.0950171286161048,3000,1000,256,SPARSE_SIGN,120
CURRENT_FEATURE_64,4,0.268,1.3877940379863485,3000,1000,64,SPARSE_SIGN,120
EXACT_REPLAY_UNBOUNDED,4,0.721,1.0950171286161048,3000,1000,256,SPARSE_SIGN,120
ELIGIBILITY_TRACE_64,16,0.518,1.3359625275769125,3000,1000,64,SPARSE_SIGN,120
EXACT_FIFO_64,16,0.305,1.3860664526727877,3000,1000,64,SPARSE_SIGN,120
EXACT_FIFO_256,16,0.344,1.3858726344480812,3000,1000,256,SPARSE_SIGN,120
EXACT_FIFO_1024,16,0.72,1.0947416008519064,3000,1000,1024,SPARSE_SIGN,120
EXACT_FIFO_4096,16,0.72,1.0947416008519064,3000,1000,1024,SPARSE_SIGN,120
CURRENT_FEATURE_64,16,0.189,1.3971170612141504,3000,1000,64,SPARSE_SIGN,120
EXACT_REPLAY_UNBOUNDED,16,0.72,1.0947416008519064,3000,1000,1024,SPARSE_SIGN,120
ELIGIBILITY_TRACE_64,64,0.371,1.3690695083966076,3000,1000,64,SPARSE_SIGN,120
EXACT_FIFO_64,64,0.305,1.3860664526727877,3000,1000,64,SPARSE_SIGN,120
EXACT_FIFO_256,64,0.344,1.3858726344480812,3000,1000,256,SPARSE_SIGN,120
EXACT_FIFO_1024,64,0.492,1.3841815707722744,3000,1000,1024,SPARSE_SIGN,120
EXACT_FIFO_4096,64,0.719,1.09365661554523,3000,1000,4096,SPARSE_SIGN,120
CURRENT_FEATURE_64,64,0.24,1.3920547283275786,3000,1000,64,SPARSE_SIGN,120
EXACT_REPLAY_UNBOUNDED,64,0.719,1.09365661554523,3000,1000,4096,SPARSE_SIGN,120
ELIGIBILITY_TRACE_64,1,0.571,1.3183343696610128,3000,1000,64,SPARSE_SIGN,121
EXACT_FIFO_64,1,0.753,1.1028108543566446,3000,1000,64,SPARSE_SIGN,121
EXACT_FIFO_256,1,0.753,1.1028108543566446,3000,1000,64,SPARSE_SIGN,121
EXACT_FIFO_1024,1,0.753,1.1028108543566446,3000,1000,64,SPARSE_SIGN,121
EXACT_FIFO_4096,1,0.753,1.1028108543566446,3000,1000,64,SPARSE_SIGN,121
CURRENT_FEATURE_64,1,0.254,1.3871865003634543,3000,1000,64,SPARSE_SIGN,121
EXACT_REPLAY_UNBOUNDED,1,0.753,1.1028108543566446,3000,1000,64,SPARSE_SIGN,121
ELIGIBILITY_TRACE_64,4,0.558,1.3219807544170108,3000,1000,64,SPARSE_SIGN,121
EXACT_FIFO_64,4,0.271,1.3860596828237073,3000,1000,64,SPARSE_SIGN,121
EXACT_FIFO_256,4,0.753,1.1027476278921224,3000,1000,256,SPARSE_SIGN,121
EXACT_FIFO_1024,4,0.753,1.1027476278921224,3000,1000,256,SPARSE_SIGN,121
EXACT_FIFO_4096,4,0.753,1.1027476278921224,3000,1000,256,SPARSE_SIGN,121
CURRENT_FEATURE_64,4,0.171,1.3994533157146045,3000,1000,64,SPARSE_SIGN,121
EXACT_REPLAY_UNBOUNDED,4,0.753,1.1027476278921224,3000,1000,256,SPARSE_SIGN,121
ELIGIBILITY_TRACE_64,16,0.521,1.330924633221461,3000,1000,64,SPARSE_SIGN,121
EXACT_FIFO_64,16,0.271,1.3860596828237073,3000,1000,64,SPARSE_SIGN,121
EXACT_FIFO_256,16,0.368,1.3856288144756508,3000,1000,256,SPARSE_SIGN,121
EXACT_FIFO_1024,16,0.753,1.102507145214868,3000,1000,1024,SPARSE_SIGN,121
EXACT_FIFO_4096,16,0.753,1.102507145214868,3000,1000,1024,SPARSE_SIGN,121
CURRENT_FEATURE_64,16,0.19,1.3934247251421958,3000,1000,64,SPARSE_SIGN,121
EXACT_REPLAY_UNBOUNDED,16,0.753,1.102507145214868,3000,1000,1024,SPARSE_SIGN,121
ELIGIBILITY_TRACE_64,64,0.394,1.3568273317295443,3000,1000,64,SPARSE_SIGN,121
EXACT_FIFO_64,64,0.271,1.3860596828237073,3000,1000,64,SPARSE_SIGN,121
EXACT_FIFO_256,64,0.368,1.3856288144756508,3000,1000,256,SPARSE_SIGN,121
EXACT_FIFO_1024,64,0.458,1.383893740240084,3000,1000,1024,SPARSE_SIGN,121
EXACT_FIFO_4096,64,0.753,1.101515544527922,3000,1000,4096,SPARSE_SIGN,121
CURRENT_FEATURE_64,64,0.237,1.3865245735956038,3000,1000,64,SPARSE_SIGN,121
EXACT_REPLAY_UNBOUNDED,64,0.753,1.101515544527922,3000,1000,4096,SPARSE_SIGN,121
ELIGIBILITY_TRACE_64,1,0.629,1.3237696346084014,3000,1000,64,SPARSE_SIGN,122
EXACT_FIFO_64,1,0.716,1.1010222901062263,3000,1000,64,SPARSE_SIGN,122
EXACT_FIFO_256,1,0.716,1.1010222901062263,3000,1000,64,SPARSE_SIGN,122
EXACT_FIFO_1024,1,0.716,1.1010222901062263,3000,1000,64,SPARSE_SIGN,122
EXACT_FIFO_4096,1,0.716,1.1010222901062263,3000,1000,64,SPARSE_SIGN,122
CURRENT_FEATURE_64,1,0.263,1.386808850696849,3000,1000,64,SPARSE_SIGN,122
EXACT_REPLAY_UNBOUNDED,1,0.716,1.1010222901062263,3000,1000,64,SPARSE_SIGN,122
ELIGIBILITY_TRACE_64,4,0.584,1.3252988230940241,3000,1000,64,SPARSE_SIGN,122
EXACT_FIFO_64,4,0.323,1.3861407160467116,3000,1000,64,SPARSE_SIGN,122
EXACT_FIFO_256,4,0.715,1.1009573782248225,3000,1000,256,SPARSE_SIGN,122
EXACT_FIFO_1024,4,0.715,1.1009573782248225,3000,1000,256,SPARSE_SIGN,122
EXACT_FIFO_4096,4,0.715,1.1009573782248225,3000,1000,256,SPARSE_SIGN,122
CURRENT_FEATURE_64,4,0.246,1.3879103759599334,3000,1000,64,SPARSE_SIGN,122
EXACT_REPLAY_UNBOUNDED,4,0.715,1.1009573782248225,3000,1000,256,SPARSE_SIGN,122
ELIGIBILITY_TRACE_64,16,0.541,1.3354935544508482,3000,1000,64,SPARSE_SIGN,122
EXACT_FIFO_64,16,0.323,1.3861407160467116,3000,1000,64,SPARSE_SIGN,122
EXACT_FIFO_256,16,0.322,1.3859624859189494,3000,1000,256,SPARSE_SIGN,122
EXACT_FIFO_1024,16,0.715,1.1007059479452828,3000,1000,1024,SPARSE_SIGN,122
EXACT_FIFO_4096,16,0.715,1.1007059479452828,3000,1000,1024,SPARSE_SIGN,122
CURRENT_FEATURE_64,16,0.258,1.3857985237404482,3000,1000,64,SPARSE_SIGN,122
EXACT_REPLAY_UNBOUNDED,16,0.715,1.1007059479452828,3000,1000,1024,SPARSE_SIGN,122
ELIGIBILITY_TRACE_64,64,0.347,1.3736415784350857,3000,1000,64,SPARSE_SIGN,122
EXACT_FIFO_64,64,0.323,1.3861407160467116,3000,1000,64,SPARSE_SIGN,122
EXACT_FIFO_256,64,0.322,1.3859624859189494,3000,1000,256,SPARSE_SIGN,122
EXACT_FIFO_1024,64,0.391,1.3846085023816888,3000,1000,1024,SPARSE_SIGN,122
EXACT_FIFO_4096,64,0.715,1.099689365349016,3000,1000,4096,SPARSE_SIGN,122
CURRENT_FEATURE_64,64,0.223,1.3907830521529718,3000,1000,64,SPARSE_SIGN,122
EXACT_REPLAY_UNBOUNDED,64,0.715,1.099689365349016,3000,1000,4096,SPARSE_SIGN,122
ELIGIBILITY_TRACE_64,1,0.675,1.2927271959021025,3000,1000,64,SPARSE_SIGN,123
EXACT_FIFO_64,1,0.804,1.04279795268557,3000,1000,64,SPARSE_SIGN,123
EXACT_FIFO_256,1,0.804,1.04279795268557,3000,1000,64,SPARSE_SIGN,123
EXACT_FIFO_1024,1,0.804,1.04279795268557,3000,1000,64,SPARSE_SIGN,123
EXACT_FIFO_4096,1,0.804,1.04279795268557,3000,1000,64,SPARSE_SIGN,123
CURRENT_FEATURE_64,1,0.309,1.3774412464141892,3000,1000,64,SPARSE_SIGN,123
EXACT_REPLAY_UNBOUNDED,1,0.804,1.04279795268557,3000,1000,64,SPARSE_SIGN,123
ELIGIBILITY_TRACE_64,4,0.674,1.2988123620103638,3000,1000,64,SPARSE_SIGN,123
EXACT_FIFO_64,4,0.248,1.3862073530236874,3000,1000,64,SPARSE_SIGN,123
EXACT_FIFO_256,4,0.803,1.0427197098857406,3000,1000,256,SPARSE_SIGN,123
EXACT_FIFO_1024,4,0.803,1.0427197098857406,3000,1000,256,SPARSE_SIGN,123
EXACT_FIFO_4096,4,0.803,1.0427197098857406,3000,1000,256,SPARSE_SIGN,123
CURRENT_FEATURE_64,4,0.221,1.3941114787784434,3000,1000,64,SPARSE_SIGN,123
EXACT_REPLAY_UNBOUNDED,4,0.803,1.0427197098857406,3000,1000,256,SPARSE_SIGN,123
ELIGIBILITY_TRACE_64,16,0.605,1.3156497863160048,3000,1000,64,SPARSE_SIGN,123
EXACT_FIFO_64,16,0.248,1.3862073530236874,3000,1000,64,SPARSE_SIGN,123
EXACT_FIFO_256,16,0.359,1.3856373964212543,3000,1000,256,SPARSE_SIGN,123
EXACT_FIFO_1024,16,0.803,1.0423843676123565,3000,1000,1024,SPARSE_SIGN,123
EXACT_FIFO_4096,16,0.803,1.0423843676123565,3000,1000,1024,SPARSE_SIGN,123
CURRENT_FEATURE_64,16,0.299,1.380970471155556,3000,1000,64,SPARSE_SIGN,123
EXACT_REPLAY_UNBOUNDED,16,0.803,1.0423843676123565,3000,1000,1024,SPARSE_SIGN,123
ELIGIBILITY_TRACE_64,64,0.383,1.3672299434328965,3000,1000,64,SPARSE_SIGN,123
EXACT_FIFO_64,64,0.248,1.3862073530236874,3000,1000,64,SPARSE_SIGN,123
EXACT_FIFO_256,64,0.359,1.3856373964212543,3000,1000,256,SPARSE_SIGN,123
EXACT_FIFO_1024,64,0.419,1.3839242985672837,3000,1000,1024,SPARSE_SIGN,123
EXACT_FIFO_4096,64,0.803,1.0410236383523028,3000,1000,4096,SPARSE_SIGN,123
CURRENT_FEATURE_64,64,0.251,1.3891313226428608,3000,1000,64,SPARSE_SIGN,123
EXACT_REPLAY_UNBOUNDED,64,0.803,1.0410236383523028,3000,1000,4096,SPARSE_SIGN,123
ELIGIBILITY_TRACE_64,1,0.576,1.3098298182937496,3000,1000,64,SPARSE_SIGN,124
EXACT_FIFO_64,1,0.771,1.0961031254966602,3000,1000,64,SPARSE_SIGN,124
EXACT_FIFO_256,1,0.771,1.0961031254966602,3000,1000,64,SPARSE_SIGN,124
EXACT_FIFO_1024,1,0.771,1.0961031254966602,3000,1000,64,SPARSE_SIGN,124
EXACT_FIFO_4096,1,0.771,1.0961031254966602,3000,1000,64,SPARSE_SIGN,124
CURRENT_FEATURE_64,1,0.203,1.3977166088234816,3000,1000,64,SPARSE_SIGN,124
EXACT_REPLAY_UNBOUNDED,1,0.771,1.0961031254966602,3000,1000,64,SPARSE_SIGN,124
ELIGIBILITY_TRACE_64,4,0.561,1.3114311943471553,3000,1000,64,SPARSE_SIGN,124
EXACT_FIFO_64,4,0.347,1.3861329077218238,3000,1000,64,SPARSE_SIGN,124
EXACT_FIFO_256,4,0.771,1.0960416518961291,3000,1000,256,SPARSE_SIGN,124
EXACT_FIFO_1024,4,0.771,1.0960416518961291,3000,1000,256,SPARSE_SIGN,124
EXACT_FIFO_4096,4,0.771,1.0960416518961291,3000,1000,256,SPARSE_SIGN,124
CURRENT_FEATURE_64,4,0.271,1.381926945363969,3000,1000,64,SPARSE_SIGN,124
EXACT_REPLAY_UNBOUNDED,4,0.771,1.0960416518961291,3000,1000,256,SPARSE_SIGN,124
ELIGIBILITY_TRACE_64,16,0.527,1.320689626650676,3000,1000,64,SPARSE_SIGN,124
EXACT_FIFO_64,16,0.347,1.3861329077218238,3000,1000,64,SPARSE_SIGN,124
EXACT_FIFO_256,16,0.283,1.3859953558773883,3000,1000,256,SPARSE_SIGN,124
EXACT_FIFO_1024,16,0.771,1.0957834087172647,3000,1000,1024,SPARSE_SIGN,124
EXACT_FIFO_4096,16,0.771,1.0957834087172647,3000,1000,1024,SPARSE_SIGN,124
CURRENT_FEATURE_64,16,0.262,1.3836177858301997,3000,1000,64,SPARSE_SIGN,124
EXACT_REPLAY_UNBOUNDED,16,0.771,1.0957834087172647,3000,1000,1024,SPARSE_SIGN,124
ELIGIBILITY_TRACE_64,64,0.354,1.3680423334298655,3000,1000,64,SPARSE_SIGN,124
EXACT_FIFO_64,64,0.347,1.3861329077218238,3000,1000,64,SPARSE_SIGN,124
EXACT_FIFO_256,64,0.283,1.3859953558773883,3000,1000,256,SPARSE_SIGN,124
EXACT_FIFO_1024,64,0.431,1.383794443212967,3000,1000,1024,SPARSE_SIGN,124
EXACT_FIFO_4096,64,0.771,1.0947635059753733,3000,1000,4096,SPARSE_SIGN,124
CURRENT_FEATURE_64,64,0.211,1.3963642419584568,3000,1000,64,SPARSE_SIGN,124
EXACT_REPLAY_UNBOUNDED,64,0.771,1.0947635059753733,3000,1000,4096,SPARSE_SIGN,124
ELIGIBILITY_TRACE_64,1,0.652,1.298411050716336,3000,1000,64,SPARSE_SIGN,125
EXACT_FIFO_64,1,0.798,1.0440155399857494,3000,1000,64,SPARSE_SIGN,125
EXACT_FIFO_256,1,0.798,1.0440155399857494,3000,1000,64,SPARSE_SIGN,125
EXACT_FIFO_1024,1,0.798,1.0440155399857494,3000,1000,64,SPARSE_SIGN,125
EXACT_FIFO_4096,1,0.798,1.0440155399857494,3000,1000,64,SPARSE_SIGN,125
CURRENT_FEATURE_64,1,0.174,1.4033343266831566,3000,1000,64,SPARSE_SIGN,125
EXACT_REPLAY_UNBOUNDED,1,0.798,1.0440155399857494,3000,1000,64,SPARSE_SIGN,125
ELIGIBILITY_TRACE_64,4,0.642,1.3029105116951232,3000,1000,64,SPARSE_SIGN,125
EXACT_FIFO_64,4,0.247,1.3863067303068521,3000,1000,64,SPARSE_SIGN,125
EXACT_FIFO_256,4,0.798,1.0439314271641347,3000,1000,256,SPARSE_SIGN,125
EXACT_FIFO_1024,4,0.798,1.0439314271641347,3000,1000,256,SPARSE_SIGN,125
EXACT_FIFO_4096,4,0.798,1.0439314271641347,3000,1000,256,SPARSE_SIGN,125
CURRENT_FEATURE_64,4,0.241,1.388493471092742,3000,1000,64,SPARSE_SIGN,125
EXACT_REPLAY_UNBOUNDED,4,0.798,1.0439314271641347,3000,1000,256,SPARSE_SIGN,125
ELIGIBILITY_TRACE_64,16,0.627,1.3126897249440659,3000,1000,64,SPARSE_SIGN,125
EXACT_FIFO_64,16,0.247,1.3863067303068521,3000,1000,64,SPARSE_SIGN,125
EXACT_FIFO_256,16,0.269,1.3859232676674615,3000,1000,256,SPARSE_SIGN,125
EXACT_FIFO_1024,16,0.798,1.0435999797454365,3000,1000,1024,SPARSE_SIGN,125
EXACT_FIFO_4096,16,0.798,1.0435999797454365,3000,1000,1024,SPARSE_SIGN,125
CURRENT_FEATURE_64,16,0.213,1.3907525131342713,3000,1000,64,SPARSE_SIGN,125
EXACT_REPLAY_UNBOUNDED,16,0.798,1.0435999797454365,3000,1000,1024,SPARSE_SIGN,125
ELIGIBILITY_TRACE_64,64,0.42,1.3577029166794996,3000,1000,64,SPARSE_SIGN,125
EXACT_FIFO_64,64,0.247,1.3863067303068521,3000,1000,64,SPARSE_SIGN,125
EXACT_FIFO_256,64,0.269,1.3859232676674615,3000,1000,256,SPARSE_SIGN,125
EXACT_FIFO_1024,64,0.51,1.3834390961988214,3000,1000,1024,SPARSE_SIGN,125
EXACT_FIFO_4096,64,0.798,1.0422637880028505,3000,1000,4096,SPARSE_SIGN,125
CURRENT_FEATURE_64,64,0.213,1.3921406830349887,3000,1000,64,SPARSE_SIGN,125
EXACT_REPLAY_UNBOUNDED,64,0.798,1.0422637880028505,3000,1000,4096,SPARSE_SIGN,125
ELIGIBILITY_TRACE_64,1,0.538,1.309106630944549,3000,1000,64,SPARSE_SIGN,126
EXACT_FIFO_64,1,0.793,1.043737336225254,3000,1000,64,SPARSE_SIGN,126
EXACT_FIFO_256,1,0.793,1.043737336225254,3000,1000,64,SPARSE_SIGN,126
EXACT_FIFO_1024,1,0.793,1.043737336225254,3000,1000,64,SPARSE_SIGN,126
EXACT_FIFO_4096,1,0.793,1.043737336225254,3000,1000,64,SPARSE_SIGN,126
CURRENT_FEATURE_64,1,0.23,1.3922620229612244,3000,1000,64,SPARSE_SIGN,126
EXACT_REPLAY_UNBOUNDED,1,0.793,1.043737336225254,3000,1000,64,SPARSE_SIGN,126
ELIGIBILITY_TRACE_64,4,0.522,1.314580122213883,3000,1000,64,SPARSE_SIGN,126
EXACT_FIFO_64,4,0.353,1.3859537037364849,3000,1000,64,SPARSE_SIGN,126
EXACT_FIFO_256,4,0.793,1.0436563724217245,3000,1000,256,SPARSE_SIGN,126
EXACT_FIFO_1024,4,0.793,1.0436563724217245,3000,1000,256,SPARSE_SIGN,126
EXACT_FIFO_4096,4,0.793,1.0436563724217245,3000,1000,256,SPARSE_SIGN,126
CURRENT_FEATURE_64,4,0.223,1.390929604823546,3000,1000,64,SPARSE_SIGN,126
EXACT_REPLAY_UNBOUNDED,4,0.793,1.0436563724217245,3000,1000,256,SPARSE_SIGN,126
ELIGIBILITY_TRACE_64,16,0.492,1.320885701009101,3000,1000,64,SPARSE_SIGN,126
EXACT_FIFO_64,16,0.353,1.3859537037364849,3000,1000,64,SPARSE_SIGN,126
EXACT_FIFO_256,16,0.46,1.385456270906618,3000,1000,256,SPARSE_SIGN,126
EXACT_FIFO_1024,16,0.793,1.0433366960065475,3000,1000,1024,SPARSE_SIGN,126
EXACT_FIFO_4096,16,0.793,1.0433366960065475,3000,1000,1024,SPARSE_SIGN,126
CURRENT_FEATURE_64,16,0.27,1.3830214987378577,3000,1000,64,SPARSE_SIGN,126
EXACT_REPLAY_UNBOUNDED,16,0.793,1.0433366960065475,3000,1000,1024,SPARSE_SIGN,126
ELIGIBILITY_TRACE_64,64,0.356,1.3683943722767027,3000,1000,64,SPARSE_SIGN,126
EXACT_FIFO_64,64,0.353,1.3859537037364849,3000,1000,64,SPARSE_SIGN,126
EXACT_FIFO_256,64,0.46,1.385456270906618,3000,1000,256,SPARSE_SIGN,126
EXACT_FIFO_1024,64,0.514,1.3834458998993877,3000,1000,1024,SPARSE_SIGN,126
EXACT_FIFO_4096,64,0.792,1.0420416877070284,3000,1000,4096,SPARSE_SIGN,126
CURRENT_FEATURE_64,64,0.247,1.3863242368955593,3000,1000,64,SPARSE_SIGN,126
EXACT_REPLAY_UNBOUNDED,64,0.792,1.0420416877070284,3000,1000,4096,SPARSE_SIGN,126
ELIGIBILITY_TRACE_64,1,0.612,1.2988548386858947,3000,1000,64,SPARSE_SIGN,127
EXACT_FIFO_64,1,0.749,1.073809325614064,3000,1000,64,SPARSE_SIGN,127
EXACT_FIFO_256,1,0.749,1.073809325614064,3000,1000,64,SPARSE_SIGN,127
EXACT_FIFO_1024,1,0.749,1.073809325614064,3000,1000,64,SPARSE_SIGN,127
EXACT_FIFO_4096,1,0.749,1.073809325614064,3000,1000,64,SPARSE_SIGN,127
CURRENT_FEATURE_64,1,0.242,1.3875103233463622,3000,1000,64,SPARSE_SIGN,127
EXACT_REPLAY_UNBOUNDED,1,0.749,1.073809325614064,3000,1000,64,SPARSE_SIGN,127
ELIGIBILITY_TRACE_64,4,0.602,1.303990134054769,3000,1000,64,SPARSE_SIGN,127
EXACT_FIFO_64,4,0.29,1.3862481698304319,3000,1000,64,SPARSE_SIGN,127
EXACT_FIFO_256,4,0.749,1.0737380029207362,3000,1000,256,SPARSE_SIGN,127
EXACT_FIFO_1024,4,0.749,1.0737380029207362,3000,1000,256,SPARSE_SIGN,127
EXACT_FIFO_4096,4,0.749,1.0737380029207362,3000,1000,256,SPARSE_SIGN,127
CURRENT_FEATURE_64,4,0.252,1.3852002174481732,3000,1000,64,SPARSE_SIGN,127
EXACT_REPLAY_UNBOUNDED,4,0.749,1.0737380029207362,3000,1000,256,SPARSE_SIGN,127
ELIGIBILITY_TRACE_64,16,0.516,1.3213251807016182,3000,1000,64,SPARSE_SIGN,127
EXACT_FIFO_64,16,0.29,1.3862481698304319,3000,1000,64,SPARSE_SIGN,127
EXACT_FIFO_256,16,0.325,1.3858429841046271,3000,1000,256,SPARSE_SIGN,127
EXACT_FIFO_1024,16,0.749,1.0734426555241439,3000,1000,1024,SPARSE_SIGN,127
EXACT_FIFO_4096,16,0.749,1.0734426555241439,3000,1000,1024,SPARSE_SIGN,127
CURRENT_FEATURE_64,16,0.214,1.393362496322773,3000,1000,64,SPARSE_SIGN,127
EXACT_REPLAY_UNBOUNDED,16,0.749,1.0734426555241439,3000,1000,1024,SPARSE_SIGN,127
ELIGIBILITY_TRACE_64,64,0.452,1.35110222182383,3000,1000,64,SPARSE_SIGN,127
EXACT_FIFO_64,64,0.29,1.3862481698304319,3000,1000,64,SPARSE_SIGN,127
EXACT_FIFO_256,64,0.325,1.3858429841046271,3000,1000,256,SPARSE_SIGN,127
EXACT_FIFO_1024,64,0.425,1.384548022562016,3000,1000,1024,SPARSE_SIGN,127
EXACT_FIFO_4096,64,0.749,1.0722684496786807,3000,1000,4096,SPARSE_SIGN,127
CURRENT_FEATURE_64,64,0.225,1.3904138564122195,3000,1000,64,SPARSE_SIGN,127
EXACT_REPLAY_UNBOUNDED,64,0.749,1.0722684496786807,3000,1000,4096,SPARSE_SIGN,127
ELIGIBILITY_TRACE_64,1,0.606,1.3044973752470714,3000,1000,64,SPARSE_SIGN,128
EXACT_FIFO_64,1,0.747,1.0778305192668762,3000,1000,64,SPARSE_SIGN,128
EXACT_FIFO_256,1,0.747,1.0778305192668762,3000,1000,64,SPARSE_SIGN,128
EXACT_FIFO_1024,1,0.747,1.0778305192668762,3000,1000,64,SPARSE_SIGN,128
EXACT_FIFO_4096,1,0.747,1.0778305192668762,3000,1000,64,SPARSE_SIGN,128
CURRENT_FEATURE_64,1,0.275,1.38529006292576,3000,1000,64,SPARSE_SIGN,128
EXACT_REPLAY_UNBOUNDED,1,0.747,1.0778305192668762,3000,1000,64,SPARSE_SIGN,128
ELIGIBILITY_TRACE_64,4,0.596,1.3076346784610011,3000,1000,64,SPARSE_SIGN,128
EXACT_FIFO_64,4,0.319,1.3861418075895018,3000,1000,64,SPARSE_SIGN,128
EXACT_FIFO_256,4,0.747,1.0777598351358868,3000,1000,256,SPARSE_SIGN,128
EXACT_FIFO_1024,4,0.747,1.0777598351358868,3000,1000,256,SPARSE_SIGN,128
EXACT_FIFO_4096,4,0.747,1.0777598351358868,3000,1000,256,SPARSE_SIGN,128
CURRENT_FEATURE_64,4,0.222,1.3888007369897886,3000,1000,64,SPARSE_SIGN,128
EXACT_REPLAY_UNBOUNDED,4,0.747,1.0777598351358868,3000,1000,256,SPARSE_SIGN,128
ELIGIBILITY_TRACE_64,16,0.549,1.3220429291568419,3000,1000,64,SPARSE_SIGN,128
EXACT_FIFO_64,16,0.319,1.3861418075895018,3000,1000,64,SPARSE_SIGN,128
EXACT_FIFO_256,16,0.316,1.3857851208783127,3000,1000,256,SPARSE_SIGN,128
EXACT_FIFO_1024,16,0.747,1.0774919951734099,3000,1000,1024,SPARSE_SIGN,128
EXACT_FIFO_4096,16,0.747,1.0774919951734099,3000,1000,1024,SPARSE_SIGN,128
CURRENT_FEATURE_64,16,0.297,1.3792683025868036,3000,1000,64,SPARSE_SIGN,128
EXACT_REPLAY_UNBOUNDED,16,0.747,1.0774919951734099,3000,1000,1024,SPARSE_SIGN,128
ELIGIBILITY_TRACE_64,64,0.408,1.3585400211268406,3000,1000,64,SPARSE_SIGN,128
EXACT_FIFO_64,64,0.319,1.3861418075895018,3000,1000,64,SPARSE_SIGN,128
EXACT_FIFO_256,64,0.316,1.3857851208783127,3000,1000,256,SPARSE_SIGN,128
EXACT_FIFO_1024,64,0.422,1.3843987500037573,3000,1000,1024,SPARSE_SIGN,128
EXACT_FIFO_4096,64,0.747,1.0763344400660233,3000,1000,4096,SPARSE_SIGN,128
CURRENT_FEATURE_64,64,0.279,1.381683291651338,3000,1000,64,SPARSE_SIGN,128
EXACT_REPLAY_UNBOUNDED,64,0.747,1.0763344400660233,3000,1000,4096,SPARSE_SIGN,128
ELIGIBILITY_TRACE_64,1,0.6,1.316113578091284,3000,1000,64,SPARSE_SIGN,129
EXACT_FIFO_64,1,0.781,1.074022033737467,3000,1000,64,SPARSE_SIGN,129
EXACT_FIFO_256,1,0.781,1.074022033737467,3000,1000,64,SPARSE_SIGN,129
EXACT_FIFO_1024,1,0.781,1.074022033737467,3000,1000,64,SPARSE_SIGN,129
EXACT_FIFO_4096,1,0.781,1.074022033737467,3000,1000,64,SPARSE_SIGN,129
CURRENT_FEATURE_64,1,0.294,1.3824372353239414,3000,1000,64,SPARSE_SIGN,129
EXACT_REPLAY_UNBOUNDED,1,0.781,1.074022033737467,3000,1000,64,SPARSE_SIGN,129
ELIGIBILITY_TRACE_64,4,0.596,1.321149071648359,3000,1000,64,SPARSE_SIGN,129
EXACT_FIFO_64,4,0.305,1.3861512449540683,3000,1000,64,SPARSE_SIGN,129
EXACT_FIFO_256,4,0.781,1.0739493500379573,3000,1000,256,SPARSE_SIGN,129
EXACT_FIFO_1024,4,0.781,1.0739493500379573,3000,1000,256,SPARSE_SIGN,129
EXACT_FIFO_4096,4,0.781,1.0739493500379573,3000,1000,256,SPARSE_SIGN,129
CURRENT_FEATURE_64,4,0.263,1.3860789622207816,3000,1000,64,SPARSE_SIGN,129
EXACT_REPLAY_UNBOUNDED,4,0.781,1.0739493500379573,3000,1000,256,SPARSE_SIGN,129
ELIGIBILITY_TRACE_64,16,0.529,1.3386569471452079,3000,1000,64,SPARSE_SIGN,129
EXACT_FIFO_64,16,0.305,1.3861512449540683,3000,1000,64,SPARSE_SIGN,129
EXACT_FIFO_256,16,0.369,1.3857947928362828,3000,1000,256,SPARSE_SIGN,129
EXACT_FIFO_1024,16,0.781,1.073662274820617,3000,1000,1024,SPARSE_SIGN,129
EXACT_FIFO_4096,16,0.781,1.073662274820617,3000,1000,1024,SPARSE_SIGN,129
CURRENT_FEATURE_64,16,0.315,1.3764960757438498,3000,1000,64,SPARSE_SIGN,129
EXACT_REPLAY_UNBOUNDED,16,0.781,1.073662274820617,3000,1000,1024,SPARSE_SIGN,129
ELIGIBILITY_TRACE_64,64,0.425,1.3672085624193313,3000,1000,64,SPARSE_SIGN,129
EXACT_FIFO_64,64,0.305,1.3861512449540683,3000,1000,64,SPARSE_SIGN,129
EXACT_FIFO_256,64,0.369,1.3857947928362828,3000,1000,256,SPARSE_SIGN,129
EXACT_FIFO_1024,64,0.457,1.3835113249971012,3000,1000,1024,SPARSE_SIGN,129
EXACT_FIFO_4096,64,0.778,1.0725294889294754,3000,1000,4096,SPARSE_SIGN,129
CURRENT_FEATURE_64,64,0.282,1.38261418221921,3000,1000,64,SPARSE_SIGN,129
EXACT_REPLAY_UNBOUNDED,64,0.778,1.0725294889294754,3000,1000,4096,SPARSE_SIGN,129
