arm,delay,capacity_vectors,label_updates_applied,label_updates_possible,update_coverage,peak_active_feature_values,generator,seed
ELIGIBILITY_TRACE_64,1,1,3000,3000,1.0,64,IID_GAUSSIAN,100
EXACT_FIFO_64,1,1,3000,3000,1.0,64,IID_GAUSSIAN,100
EXACT_FIFO_256,1,4,3000,3000,1.0,64,IID_GAUSSIAN,100
EXACT_FIFO_1024,1,16,3000,3000,1.0,64,IID_GAUSSIAN,100
EXACT_FIFO_4096,1,64,3000,3000,1.0,64,IID_GAUSSIAN,100
CURRENT_FEATURE_64,1,1,3000,3000,1.0,64,IID_GAUSSIAN,100
EXACT_REPLAY_UNBOUNDED,1,1,3000,3000,1.0,64,IID_GAUSSIAN,100
ELIGIBILITY_TRACE_64,4,1,3000,3000,1.0,64,IID_GAUSSIAN,100
EXACT_FIFO_64,4,1,1,3000,0.0003333333333333333,64,IID_GAUSSIAN,100
EXACT_FIFO_256,4,4,3000,3000,1.0,256,IID_GAUSSIAN,100
EXACT_FIFO_1024,4,16,3000,3000,1.0,256,IID_GAUSSIAN,100
EXACT_FIFO_4096,4,64,3000,3000,1.0,256,IID_GAUSSIAN,100
CURRENT_FEATURE_64,4,1,3000,3000,1.0,64,IID_GAUSSIAN,100
EXACT_REPLAY_UNBOUNDED,4,4,3000,3000,1.0,256,IID_GAUSSIAN,100
ELIGIBILITY_TRACE_64,16,1,3000,3000,1.0,64,IID_GAUSSIAN,100
EXACT_FIFO_64,16,1,1,3000,0.0003333333333333333,64,IID_GAUSSIAN,100
EXACT_FIFO_256,16,4,4,3000,0.0013333333333333333,256,IID_GAUSSIAN,100
EXACT_FIFO_1024,16,16,3000,3000,1.0,1024,IID_GAUSSIAN,100
EXACT_FIFO_4096,16,64,3000,3000,1.0,1024,IID_GAUSSIAN,100
CURRENT_FEATURE_64,16,1,3000,3000,1.0,64,IID_GAUSSIAN,100
EXACT_REPLAY_UNBOUNDED,16,16,3000,3000,1.0,1024,IID_GAUSSIAN,100
ELIGIBILITY_TRACE_64,64,1,3000,3000,1.0,64,IID_GAUSSIAN,100
EXACT_FIFO_64,64,1,1,3000,0.0003333333333333333,64,IID_GAUSSIAN,100
EXACT_FIFO_256,64,4,4,3000,0.0013333333333333333,256,IID_GAUSSIAN,100
EXACT_FIFO_1024,64,16,16,3000,0.005333333333333333,1024,IID_GAUSSIAN,100
EXACT_FIFO_4096,64,64,3000,3000,1.0,4096,IID_GAUSSIAN,100
CURRENT_FEATURE_64,64,1,3000,3000,1.0,64,IID_GAUSSIAN,100
EXACT_REPLAY_UNBOUNDED,64,64,3000,3000,1.0,4096,IID_GAUSSIAN,100
ELIGIBILITY_TRACE_64,1,1,3000,3000,1.0,64,IID_GAUSSIAN,101
EXACT_FIFO_64,1,1,3000,3000,1.0,64,IID_GAUSSIAN,101
EXACT_FIFO_256,1,4,3000,3000,1.0,64,IID_GAUSSIAN,101
EXACT_FIFO_1024,1,16,3000,3000,1.0,64,IID_GAUSSIAN,101
EXACT_FIFO_4096,1,64,3000,3000,1.0,64,IID_GAUSSIAN,101
CURRENT_FEATURE_64,1,1,3000,3000,1.0,64,IID_GAUSSIAN,101
EXACT_REPLAY_UNBOUNDED,1,1,3000,3000,1.0,64,IID_GAUSSIAN,101
ELIGIBILITY_TRACE_64,4,1,3000,3000,1.0,64,IID_GAUSSIAN,101
EXACT_FIFO_64,4,1,1,3000,0.0003333333333333333,64,IID_GAUSSIAN,101
EXACT_FIFO_256,4,4,3000,3000,1.0,256,IID_GAUSSIAN,101
EXACT_FIFO_1024,4,16,3000,3000,1.0,256,IID_GAUSSIAN,101
EXACT_FIFO_4096,4,64,3000,3000,1.0,256,IID_GAUSSIAN,101
CURRENT_FEATURE_64,4,1,3000,3000,1.0,64,IID_GAUSSIAN,101
EXACT_REPLAY_UNBOUNDED,4,4,3000,3000,1.0,256,IID_GAUSSIAN,101
ELIGIBILITY_TRACE_64,16,1,3000,3000,1.0,64,IID_GAUSSIAN,101
EXACT_FIFO_64,16,1,1,3000,0.0003333333333333333,64,IID_GAUSSIAN,101
EXACT_FIFO_256,16,4,4,3000,0.0013333333333333333,256,IID_GAUSSIAN,101
EXACT_FIFO_1024,16,16,3000,3000,1.0,1024,IID_GAUSSIAN,101
EXACT_FIFO_4096,16,64,3000,3000,1.0,1024,IID_GAUSSIAN,101
CURRENT_FEATURE_64,16,1,3000,3000,1.0,64,IID_GAUSSIAN,101
EXACT_REPLAY_UNBOUNDED,16,16,3000,3000,1.0,1024,IID_GAUSSIAN,101
ELIGIBILITY_TRACE_64,64,1,3000,3000,1.0,64,IID_GAUSSIAN,101
EXACT_FIFO_64,64,1,1,3000,0.0003333333333333333,64,IID_GAUSSIAN,101
EXACT_FIFO_256,64,4,4,3000,0.0013333333333333333,256,IID_GAUSSIAN,101
EXACT_FIFO_1024,64,16,16,3000,0.005333333333333333,1024,IID_GAUSSIAN,101
EXACT_FIFO_4096,64,64,3000,3000,1.0,4096,IID_GAUSSIAN,101
CURRENT_FEATURE_64,64,1,3000,3000,1.0,64,IID_GAUSSIAN,101
EXACT_REPLAY_UNBOUNDED,64,64,3000,3000,1.0,4096,IID_GAUSSIAN,101
ELIGIBILITY_TRACE_64,1,1,3000,3000,1.0,64,IID_GAUSSIAN,102
EXACT_FIFO_64,1,1,3000,3000,1.0,64,IID_GAUSSIAN,102
EXACT_FIFO_256,1,4,3000,3000,1.0,64,IID_GAUSSIAN,102
EXACT_FIFO_1024,1,16,3000,3000,1.0,64,IID_GAUSSIAN,102
EXACT_FIFO_4096,1,64,3000,3000,1.0,64,IID_GAUSSIAN,102
CURRENT_FEATURE_64,1,1,3000,3000,1.0,64,IID_GAUSSIAN,102
EXACT_REPLAY_UNBOUNDED,1,1,3000,3000,1.0,64,IID_GAUSSIAN,102
ELIGIBILITY_TRACE_64,4,1,3000,3000,1.0,64,IID_GAUSSIAN,102
EXACT_FIFO_64,4,1,1,3000,0.0003333333333333333,64,IID_GAUSSIAN,102
EXACT_FIFO_256,4,4,3000,3000,1.0,256,IID_GAUSSIAN,102
EXACT_FIFO_1024,4,16,3000,3000,1.0,256,IID_GAUSSIAN,102
EXACT_FIFO_4096,4,64,3000,3000,1.0,256,IID_GAUSSIAN,102
CURRENT_FEATURE_64,4,1,3000,3000,1.0,64,IID_GAUSSIAN,102
EXACT_REPLAY_UNBOUNDED,4,4,3000,3000,1.0,256,IID_GAUSSIAN,102
ELIGIBILITY_TRACE_64,16,1,3000,3000,1.0,64,IID_GAUSSIAN,102
EXACT_FIFO_64,16,1,1,3000,0.0003333333333333333,64,IID_GAUSSIAN,102
EXACT_FIFO_256,16,4,4,3000,0.0013333333333333333,256,IID_GAUSSIAN,102
EXACT_FIFO_1024,16,16,3000,3000,1.0,1024,IID_GAUSSIAN,102
EXACT_FIFO_4096,16,64,3000,3000,1.0,1024,IID_GAUSSIAN,102
CURRENT_FEATURE_64,16,1,3000,3000,1.0,64,IID_GAUSSIAN,102
EXACT_REPLAY_UNBOUNDED,16,16,3000,3000,1.0,1024,IID_GAUSSIAN,102
ELIGIBILITY_TRACE_64,64,1,3000,3000,1.0,64,IID_GAUSSIAN,102
EXACT_FIFO_64,64,1,1,3000,0.0003333333333333333,64,IID_GAUSSIAN,102
EXACT_FIFO_256,64,4,4,3000,0.0013333333333333333,256,IID_GAUSSIAN,102
EXACT_FIFO_1024,64,16,16,3000,0.005333333333333333,1024,IID_GAUSSIAN,102
EXACT_FIFO_4096,64,64,3000,3000,1.0,4096,IID_GAUSSIAN,102
CURRENT_FEATURE_64,64,1,3000,3000,1.0,64,IID_GAUSSIAN,102
EXACT_REPLAY_UNBOUNDED,64,64,3000,3000,1.0,4096,IID_GAUSSIAN,102
ELIGIBILITY_TRACE_64,1,1,3000,3000,1.0,64,IID_GAUSSIAN,103
EXACT_FIFO_64,1,1,3000,3000,1.0,64,IID_GAUSSIAN,103
EXACT_FIFO_256,1,4,3000,3000,1.0,64,IID_GAUSSIAN,103
EXACT_FIFO_1024,1,16,3000,3000,1.0,64,IID_GAUSSIAN,103
EXACT_FIFO_4096,1,64,3000,3000,1.0,64,IID_GAUSSIAN,103
CURRENT_FEATURE_64,1,1,3000,3000,1.0,64,IID_GAUSSIAN,103
EXACT_REPLAY_UNBOUNDED,1,1,3000,3000,1.0,64,IID_GAUSSIAN,103
ELIGIBILITY_TRACE_64,4,1,3000,3000,1.0,64,IID_GAUSSIAN,103
EXACT_FIFO_64,4,1,1,3000,0.0003333333333333333,64,IID_GAUSSIAN,103
EXACT_FIFO_256,4,4,3000,3000,1.0,256,IID_GAUSSIAN,103
EXACT_FIFO_1024,4,16,3000,3000,1.0,256,IID_GAUSSIAN,103
EXACT_FIFO_4096,4,64,3000,3000,1.0,256,IID_GAUSSIAN,103
CURRENT_FEATURE_64,4,1,3000,3000,1.0,64,IID_GAUSSIAN,103
EXACT_REPLAY_UNBOUNDED,4,4,3000,3000,1.0,256,IID_GAUSSIAN,103
ELIGIBILITY_TRACE_64,16,1,3000,3000,1.0,64,IID_GAUSSIAN,103
EXACT_FIFO_64,16,1,1,3000,0.0003333333333333333,64,IID_GAUSSIAN,103
EXACT_FIFO_256,16,4,4,3000,0.0013333333333333333,256,IID_GAUSSIAN,103
EXACT_FIFO_1024,16,16,3000,3000,1.0,1024,IID_GAUSSIAN,103
EXACT_FIFO_4096,16,64,3000,3000,1.0,1024,IID_GAUSSIAN,103
CURRENT_FEATURE_64,16,1,3000,3000,1.0,64,IID_GAUSSIAN,103
EXACT_REPLAY_UNBOUNDED,16,16,3000,3000,1.0,1024,IID_GAUSSIAN,103
ELIGIBILITY_TRACE_64,64,1,3000,3000,1.0,64,IID_GAUSSIAN,103
EXACT_FIFO_64,64,1,1,3000,0.0003333333333333333,64,IID_GAUSSIAN,103
EXACT_FIFO_256,64,4,4,3000,0.0013333333333333333,256,IID_GAUSSIAN,103
EXACT_FIFO_1024,64,16,16,3000,0.005333333333333333,1024,IID_GAUSSIAN,103
EXACT_FIFO_4096,64,64,3000,3000,1.0,4096,IID_GAUSSIAN,103
CURRENT_FEATURE_64,64,1,3000,3000,1.0,64,IID_GAUSSIAN,103
EXACT_REPLAY_UNBOUNDED,64,64,3000,3000,1.0,4096,IID_GAUSSIAN,103
ELIGIBILITY_TRACE_64,1,1,3000,3000,1.0,64,IID_GAUSSIAN,104
EXACT_FIFO_64,1,1,3000,3000,1.0,64,IID_GAUSSIAN,104
EXACT_FIFO_256,1,4,3000,3000,1.0,64,IID_GAUSSIAN,104
EXACT_FIFO_1024,1,16,3000,3000,1.0,64,IID_GAUSSIAN,104
EXACT_FIFO_4096,1,64,3000,3000,1.0,64,IID_GAUSSIAN,104
CURRENT_FEATURE_64,1,1,3000,3000,1.0,64,IID_GAUSSIAN,104
EXACT_REPLAY_UNBOUNDED,1,1,3000,3000,1.0,64,IID_GAUSSIAN,104
ELIGIBILITY_TRACE_64,4,1,3000,3000,1.0,64,IID_GAUSSIAN,104
EXACT_FIFO_64,4,1,1,3000,0.0003333333333333333,64,IID_GAUSSIAN,104
EXACT_FIFO_256,4,4,3000,3000,1.0,256,IID_GAUSSIAN,104
EXACT_FIFO_1024,4,16,3000,3000,1.0,256,IID_GAUSSIAN,104
EXACT_FIFO_4096,4,64,3000,3000,1.0,256,IID_GAUSSIAN,104
CURRENT_FEATURE_64,4,1,3000,3000,1.0,64,IID_GAUSSIAN,104
EXACT_REPLAY_UNBOUNDED,4,4,3000,3000,1.0,256,IID_GAUSSIAN,104
ELIGIBILITY_TRACE_64,16,1,3000,3000,1.0,64,IID_GAUSSIAN,104
EXACT_FIFO_64,16,1,1,3000,0.0003333333333333333,64,IID_GAUSSIAN,104
EXACT_FIFO_256,16,4,4,3000,0.0013333333333333333,256,IID_GAUSSIAN,104
EXACT_FIFO_1024,16,16,3000,3000,1.0,1024,IID_GAUSSIAN,104
EXACT_FIFO_4096,16,64,3000,3000,1.0,1024,IID_GAUSSIAN,104
CURRENT_FEATURE_64,16,1,3000,3000,1.0,64,IID_GAUSSIAN,104
EXACT_REPLAY_UNBOUNDED,16,16,3000,3000,1.0,1024,IID_GAUSSIAN,104
ELIGIBILITY_TRACE_64,64,1,3000,3000,1.0,64,IID_GAUSSIAN,104
EXACT_FIFO_64,64,1,1,3000,0.0003333333333333333,64,IID_GAUSSIAN,104
EXACT_FIFO_256,64,4,4,3000,0.0013333333333333333,256,IID_GAUSSIAN,104
EXACT_FIFO_1024,64,16,16,3000,0.005333333333333333,1024,IID_GAUSSIAN,104
EXACT_FIFO_4096,64,64,3000,3000,1.0,4096,IID_GAUSSIAN,104
CURRENT_FEATURE_64,64,1,3000,3000,1.0,64,IID_GAUSSIAN,104
EXACT_REPLAY_UNBOUNDED,64,64,3000,3000,1.0,4096,IID_GAUSSIAN,104
ELIGIBILITY_TRACE_64,1,1,3000,3000,1.0,64,IID_GAUSSIAN,105
EXACT_FIFO_64,1,1,3000,3000,1.0,64,IID_GAUSSIAN,105
EXACT_FIFO_256,1,4,3000,3000,1.0,64,IID_GAUSSIAN,105
EXACT_FIFO_1024,1,16,3000,3000,1.0,64,IID_GAUSSIAN,105
EXACT_FIFO_4096,1,64,3000,3000,1.0,64,IID_GAUSSIAN,105
CURRENT_FEATURE_64,1,1,3000,3000,1.0,64,IID_GAUSSIAN,105
EXACT_REPLAY_UNBOUNDED,1,1,3000,3000,1.0,64,IID_GAUSSIAN,105
ELIGIBILITY_TRACE_64,4,1,3000,3000,1.0,64,IID_GAUSSIAN,105
EXACT_FIFO_64,4,1,1,3000,0.0003333333333333333,64,IID_GAUSSIAN,105
EXACT_FIFO_256,4,4,3000,3000,1.0,256,IID_GAUSSIAN,105
EXACT_FIFO_1024,4,16,3000,3000,1.0,256,IID_GAUSSIAN,105
EXACT_FIFO_4096,4,64,3000,3000,1.0,256,IID_GAUSSIAN,105
CURRENT_FEATURE_64,4,1,3000,3000,1.0,64,IID_GAUSSIAN,105
EXACT_REPLAY_UNBOUNDED,4,4,3000,3000,1.0,256,IID_GAUSSIAN,105
ELIGIBILITY_TRACE_64,16,1,3000,3000,1.0,64,IID_GAUSSIAN,105
EXACT_FIFO_64,16,1,1,3000,0.0003333333333333333,64,IID_GAUSSIAN,105
EXACT_FIFO_256,16,4,4,3000,0.0013333333333333333,256,IID_GAUSSIAN,105
EXACT_FIFO_1024,16,16,3000,3000,1.0,1024,IID_GAUSSIAN,105
EXACT_FIFO_4096,16,64,3000,3000,1.0,1024,IID_GAUSSIAN,105
CURRENT_FEATURE_64,16,1,3000,3000,1.0,64,IID_GAUSSIAN,105
EXACT_REPLAY_UNBOUNDED,16,16,3000,3000,1.0,1024,IID_GAUSSIAN,105
ELIGIBILITY_TRACE_64,64,1,3000,3000,1.0,64,IID_GAUSSIAN,105
EXACT_FIFO_64,64,1,1,3000,0.0003333333333333333,64,IID_GAUSSIAN,105
EXACT_FIFO_256,64,4,4,3000,0.0013333333333333333,256,IID_GAUSSIAN,105
EXACT_FIFO_1024,64,16,16,3000,0.005333333333333333,1024,IID_GAUSSIAN,105
EXACT_FIFO_4096,64,64,3000,3000,1.0,4096,IID_GAUSSIAN,105
CURRENT_FEATURE_64,64,1,3000,3000,1.0,64,IID_GAUSSIAN,105
EXACT_REPLAY_UNBOUNDED,64,64,3000,3000,1.0,4096,IID_GAUSSIAN,105
ELIGIBILITY_TRACE_64,1,1,3000,3000,1.0,64,IID_GAUSSIAN,106
EXACT_FIFO_64,1,1,3000,3000,1.0,64,IID_GAUSSIAN,106
EXACT_FIFO_256,1,4,3000,3000,1.0,64,IID_GAUSSIAN,106
EXACT_FIFO_1024,1,16,3000,3000,1.0,64,IID_GAUSSIAN,106
EXACT_FIFO_4096,1,64,3000,3000,1.0,64,IID_GAUSSIAN,106
CURRENT_FEATURE_64,1,1,3000,3000,1.0,64,IID_GAUSSIAN,106
EXACT_REPLAY_UNBOUNDED,1,1,3000,3000,1.0,64,IID_GAUSSIAN,106
ELIGIBILITY_TRACE_64,4,1,3000,3000,1.0,64,IID_GAUSSIAN,106
EXACT_FIFO_64,4,1,1,3000,0.0003333333333333333,64,IID_GAUSSIAN,106
EXACT_FIFO_256,4,4,3000,3000,1.0,256,IID_GAUSSIAN,106
EXACT_FIFO_1024,4,16,3000,3000,1.0,256,IID_GAUSSIAN,106
EXACT_FIFO_4096,4,64,3000,3000,1.0,256,IID_GAUSSIAN,106
CURRENT_FEATURE_64,4,1,3000,3000,1.0,64,IID_GAUSSIAN,106
EXACT_REPLAY_UNBOUNDED,4,4,3000,3000,1.0,256,IID_GAUSSIAN,106
ELIGIBILITY_TRACE_64,16,1,3000,3000,1.0,64,IID_GAUSSIAN,106
EXACT_FIFO_64,16,1,1,3000,0.0003333333333333333,64,IID_GAUSSIAN,106
EXACT_FIFO_256,16,4,4,3000,0.0013333333333333333,256,IID_GAUSSIAN,106
EXACT_FIFO_1024,16,16,3000,3000,1.0,1024,IID_GAUSSIAN,106
EXACT_FIFO_4096,16,64,3000,3000,1.0,1024,IID_GAUSSIAN,106
CURRENT_FEATURE_64,16,1,3000,3000,1.0,64,IID_GAUSSIAN,106
EXACT_REPLAY_UNBOUNDED,16,16,3000,3000,1.0,1024,IID_GAUSSIAN,106
ELIGIBILITY_TRACE_64,64,1,3000,3000,1.0,64,IID_GAUSSIAN,106
EXACT_FIFO_64,64,1,1,3000,0.0003333333333333333,64,IID_GAUSSIAN,106
EXACT_FIFO_256,64,4,4,3000,0.0013333333333333333,256,IID_GAUSSIAN,106
EXACT_FIFO_1024,64,16,16,3000,0.005333333333333333,1024,IID_GAUSSIAN,106
EXACT_FIFO_4096,64,64,3000,3000,1.0,4096,IID_GAUSSIAN,106
CURRENT_FEATURE_64,64,1,3000,3000,1.0,64,IID_GAUSSIAN,106
EXACT_REPLAY_UNBOUNDED,64,64,3000,3000,1.0,4096,IID_GAUSSIAN,106
ELIGIBILITY_TRACE_64,1,1,3000,3000,1.0,64,IID_GAUSSIAN,107
EXACT_FIFO_64,1,1,3000,3000,1.0,64,IID_GAUSSIAN,107
EXACT_FIFO_256,1,4,3000,3000,1.0,64,IID_GAUSSIAN,107
EXACT_FIFO_1024,1,16,3000,3000,1.0,64,IID_GAUSSIAN,107
EXACT_FIFO_4096,1,64,3000,3000,1.0,64,IID_GAUSSIAN,107
CURRENT_FEATURE_64,1,1,3000,3000,1.0,64,IID_GAUSSIAN,107
EXACT_REPLAY_UNBOUNDED,1,1,3000,3000,1.0,64,IID_GAUSSIAN,107
ELIGIBILITY_TRACE_64,4,1,3000,3000,1.0,64,IID_GAUSSIAN,107
EXACT_FIFO_64,4,1,1,3000,0.0003333333333333333,64,IID_GAUSSIAN,107
EXACT_FIFO_256,4,4,3000,3000,1.0,256,IID_GAUSSIAN,107
EXACT_FIFO_1024,4,16,3000,3000,1.0,256,IID_GAUSSIAN,107
EXACT_FIFO_4096,4,64,3000,3000,1.0,256,IID_GAUSSIAN,107
CURRENT_FEATURE_64,4,1,3000,3000,1.0,64,IID_GAUSSIAN,107
EXACT_REPLAY_UNBOUNDED,4,4,3000,3000,1.0,256,IID_GAUSSIAN,107
ELIGIBILITY_TRACE_64,16,1,3000,3000,1.0,64,IID_GAUSSIAN,107
EXACT_FIFO_64,16,1,1,3000,0.0003333333333333333,64,IID_GAUSSIAN,107
EXACT_FIFO_256,16,4,4,3000,0.0013333333333333333,256,IID_GAUSSIAN,107
EXACT_FIFO_1024,16,16,3000,3000,1.0,1024,IID_GAUSSIAN,107
EXACT_FIFO_4096,16,64,3000,3000,1.0,1024,IID_GAUSSIAN,107
CURRENT_FEATURE_64,16,1,3000,3000,1.0,64,IID_GAUSSIAN,107
EXACT_REPLAY_UNBOUNDED,16,16,3000,3000,1.0,1024,IID_GAUSSIAN,107
ELIGIBILITY_TRACE_64,64,1,3000,3000,1.0,64,IID_GAUSSIAN,107
EXACT_FIFO_64,64,1,1,3000,0.0003333333333333333,64,IID_GAUSSIAN,107
EXACT_FIFO_256,64,4,4,3000,0.0013333333333333333,256,IID_GAUSSIAN,107
EXACT_FIFO_1024,64,16,16,3000,0.005333333333333333,1024,IID_GAUSSIAN,107
EXACT_FIFO_4096,64,64,3000,3000,1.0,4096,IID_GAUSSIAN,107
CURRENT_FEATURE_64,64,1,3000,3000,1.0,64,IID_GAUSSIAN,107
EXACT_REPLAY_UNBOUNDED,64,64,3000,3000,1.0,4096,IID_GAUSSIAN,107
ELIGIBILITY_TRACE_64,1,1,3000,3000,1.0,64,IID_GAUSSIAN,108
EXACT_FIFO_64,1,1,3000,3000,1.0,64,IID_GAUSSIAN,108
EXACT_FIFO_256,1,4,3000,3000,1.0,64,IID_GAUSSIAN,108
EXACT_FIFO_1024,1,16,3000,3000,1.0,64,IID_GAUSSIAN,108
EXACT_FIFO_4096,1,64,3000,3000,1.0,64,IID_GAUSSIAN,108
CURRENT_FEATURE_64,1,1,3000,3000,1.0,64,IID_GAUSSIAN,108
EXACT_REPLAY_UNBOUNDED,1,1,3000,3000,1.0,64,IID_GAUSSIAN,108
ELIGIBILITY_TRACE_64,4,1,3000,3000,1.0,64,IID_GAUSSIAN,108
EXACT_FIFO_64,4,1,1,3000,0.0003333333333333333,64,IID_GAUSSIAN,108
EXACT_FIFO_256,4,4,3000,3000,1.0,256,IID_GAUSSIAN,108
EXACT_FIFO_1024,4,16,3000,3000,1.0,256,IID_GAUSSIAN,108
EXACT_FIFO_4096,4,64,3000,3000,1.0,256,IID_GAUSSIAN,108
CURRENT_FEATURE_64,4,1,3000,3000,1.0,64,IID_GAUSSIAN,108
EXACT_REPLAY_UNBOUNDED,4,4,3000,3000,1.0,256,IID_GAUSSIAN,108
ELIGIBILITY_TRACE_64,16,1,3000,3000,1.0,64,IID_GAUSSIAN,108
EXACT_FIFO_64,16,1,1,3000,0.0003333333333333333,64,IID_GAUSSIAN,108
EXACT_FIFO_256,16,4,4,3000,0.0013333333333333333,256,IID_GAUSSIAN,108
EXACT_FIFO_1024,16,16,3000,3000,1.0,1024,IID_GAUSSIAN,108
EXACT_FIFO_4096,16,64,3000,3000,1.0,1024,IID_GAUSSIAN,108
CURRENT_FEATURE_64,16,1,3000,3000,1.0,64,IID_GAUSSIAN,108
EXACT_REPLAY_UNBOUNDED,16,16,3000,3000,1.0,1024,IID_GAUSSIAN,108
ELIGIBILITY_TRACE_64,64,1,3000,3000,1.0,64,IID_GAUSSIAN,108
EXACT_FIFO_64,64,1,1,3000,0.0003333333333333333,64,IID_GAUSSIAN,108
EXACT_FIFO_256,64,4,4,3000,0.0013333333333333333,256,IID_GAUSSIAN,108
EXACT_FIFO_1024,64,16,16,3000,0.005333333333333333,1024,IID_GAUSSIAN,108
EXACT_FIFO_4096,64,64,3000,3000,1.0,4096,IID_GAUSSIAN,108
CURRENT_FEATURE_64,64,1,3000,3000,1.0,64,IID_GAUSSIAN,108
EXACT_REPLAY_UNBOUNDED,64,64,3000,3000,1.0,4096,IID_GAUSSIAN,108
ELIGIBILITY_TRACE_64,1,1,3000,3000,1.0,64,IID_GAUSSIAN,109
EXACT_FIFO_64,1,1,3000,3000,1.0,64,IID_GAUSSIAN,109
EXACT_FIFO_256,1,4,3000,3000,1.0,64,IID_GAUSSIAN,109
EXACT_FIFO_1024,1,16,3000,3000,1.0,64,IID_GAUSSIAN,109
EXACT_FIFO_4096,1,64,3000,3000,1.0,64,IID_GAUSSIAN,109
CURRENT_FEATURE_64,1,1,3000,3000,1.0,64,IID_GAUSSIAN,109
EXACT_REPLAY_UNBOUNDED,1,1,3000,3000,1.0,64,IID_GAUSSIAN,109
ELIGIBILITY_TRACE_64,4,1,3000,3000,1.0,64,IID_GAUSSIAN,109
EXACT_FIFO_64,4,1,1,3000,0.0003333333333333333,64,IID_GAUSSIAN,109
EXACT_FIFO_256,4,4,3000,3000,1.0,256,IID_GAUSSIAN,109
EXACT_FIFO_1024,4,16,3000,3000,1.0,256,IID_GAUSSIAN,109
EXACT_FIFO_4096,4,64,3000,3000,1.0,256,IID_GAUSSIAN,109
CURRENT_FEATURE_64,4,1,3000,3000,1.0,64,IID_GAUSSIAN,109
EXACT_REPLAY_UNBOUNDED,4,4,3000,3000,1.0,256,IID_GAUSSIAN,109
ELIGIBILITY_TRACE_64,16,1,3000,3000,1.0,64,IID_GAUSSIAN,109
EXACT_FIFO_64,16,1,1,3000,0.0003333333333333333,64,IID_GAUSSIAN,109
EXACT_FIFO_256,16,4,4,3000,0.0013333333333333333,256,IID_GAUSSIAN,109
EXACT_FIFO_1024,16,16,3000,3000,1.0,1024,IID_GAUSSIAN,109
EXACT_FIFO_4096,16,64,3000,3000,1.0,1024,IID_GAUSSIAN,109
CURRENT_FEATURE_64,16,1,3000,3000,1.0,64,IID_GAUSSIAN,109
EXACT_REPLAY_UNBOUNDED,16,16,3000,3000,1.0,1024,IID_GAUSSIAN,109
ELIGIBILITY_TRACE_64,64,1,3000,3000,1.0,64,IID_GAUSSIAN,109
EXACT_FIFO_64,64,1,1,3000,0.0003333333333333333,64,IID_GAUSSIAN,109
EXACT_FIFO_256,64,4,4,3000,0.0013333333333333333,256,IID_GAUSSIAN,109
EXACT_FIFO_1024,64,16,16,3000,0.005333333333333333,1024,IID_GAUSSIAN,109
EXACT_FIFO_4096,64,64,3000,3000,1.0,4096,IID_GAUSSIAN,109
CURRENT_FEATURE_64,64,1,3000,3000,1.0,64,IID_GAUSSIAN,109
EXACT_REPLAY_UNBOUNDED,64,64,3000,3000,1.0,4096,IID_GAUSSIAN,109
ELIGIBILITY_TRACE_64,1,1,3000,3000,1.0,64,IID_GAUSSIAN,110
EXACT_FIFO_64,1,1,3000,3000,1.0,64,IID_GAUSSIAN,110
EXACT_FIFO_256,1,4,3000,3000,1.0,64,IID_GAUSSIAN,110
EXACT_FIFO_1024,1,16,3000,3000,1.0,64,IID_GAUSSIAN,110
EXACT_FIFO_4096,1,64,3000,3000,1.0,64,IID_GAUSSIAN,110
CURRENT_FEATURE_64,1,1,3000,3000,1.0,64,IID_GAUSSIAN,110
EXACT_REPLAY_UNBOUNDED,1,1,3000,3000,1.0,64,IID_GAUSSIAN,110
ELIGIBILITY_TRACE_64,4,1,3000,3000,1.0,64,IID_GAUSSIAN,110
EXACT_FIFO_64,4,1,1,3000,0.0003333333333333333,64,IID_GAUSSIAN,110
EXACT_FIFO_256,4,4,3000,3000,1.0,256,IID_GAUSSIAN,110
EXACT_FIFO_1024,4,16,3000,3000,1.0,256,IID_GAUSSIAN,110
EXACT_FIFO_4096,4,64,3000,3000,1.0,256,IID_GAUSSIAN,110
CURRENT_FEATURE_64,4,1,3000,3000,1.0,64,IID_GAUSSIAN,110
EXACT_REPLAY_UNBOUNDED,4,4,3000,3000,1.0,256,IID_GAUSSIAN,110
ELIGIBILITY_TRACE_64,16,1,3000,3000,1.0,64,IID_GAUSSIAN,110
EXACT_FIFO_64,16,1,1,3000,0.0003333333333333333,64,IID_GAUSSIAN,110
EXACT_FIFO_256,16,4,4,3000,0.0013333333333333333,256,IID_GAUSSIAN,110
EXACT_FIFO_1024,16,16,3000,3000,1.0,1024,IID_GAUSSIAN,110
EXACT_FIFO_4096,16,64,3000,3000,1.0,1024,IID_GAUSSIAN,110
CURRENT_FEATURE_64,16,1,3000,3000,1.0,64,IID_GAUSSIAN,110
EXACT_REPLAY_UNBOUNDED,16,16,3000,3000,1.0,1024,IID_GAUSSIAN,110
ELIGIBILITY_TRACE_64,64,1,3000,3000,1.0,64,IID_GAUSSIAN,110
EXACT_FIFO_64,64,1,1,3000,0.0003333333333333333,64,IID_GAUSSIAN,110
EXACT_FIFO_256,64,4,4,3000,0.0013333333333333333,256,IID_GAUSSIAN,110
EXACT_FIFO_1024,64,16,16,3000,0.005333333333333333,1024,IID_GAUSSIAN,110
EXACT_FIFO_4096,64,64,3000,3000,1.0,4096,IID_GAUSSIAN,110
CURRENT_FEATURE_64,64,1,3000,3000,1.0,64,IID_GAUSSIAN,110
EXACT_REPLAY_UNBOUNDED,64,64,3000,3000,1.0,4096,IID_GAUSSIAN,110
ELIGIBILITY_TRACE_64,1,1,3000,3000,1.0,64,IID_GAUSSIAN,111
EXACT_FIFO_64,1,1,3000,3000,1.0,64,IID_GAUSSIAN,111
EXACT_FIFO_256,1,4,3000,3000,1.0,64,IID_GAUSSIAN,111
EXACT_FIFO_1024,1,16,3000,3000,1.0,64,IID_GAUSSIAN,111
EXACT_FIFO_4096,1,64,3000,3000,1.0,64,IID_GAUSSIAN,111
CURRENT_FEATURE_64,1,1,3000,3000,1.0,64,IID_GAUSSIAN,111
EXACT_REPLAY_UNBOUNDED,1,1,3000,3000,1.0,64,IID_GAUSSIAN,111
ELIGIBILITY_TRACE_64,4,1,3000,3000,1.0,64,IID_GAUSSIAN,111
EXACT_FIFO_64,4,1,1,3000,0.0003333333333333333,64,IID_GAUSSIAN,111
EXACT_FIFO_256,4,4,3000,3000,1.0,256,IID_GAUSSIAN,111
EXACT_FIFO_1024,4,16,3000,3000,1.0,256,IID_GAUSSIAN,111
EXACT_FIFO_4096,4,64,3000,3000,1.0,256,IID_GAUSSIAN,111
CURRENT_FEATURE_64,4,1,3000,3000,1.0,64,IID_GAUSSIAN,111
EXACT_REPLAY_UNBOUNDED,4,4,3000,3000,1.0,256,IID_GAUSSIAN,111
ELIGIBILITY_TRACE_64,16,1,3000,3000,1.0,64,IID_GAUSSIAN,111
EXACT_FIFO_64,16,1,1,3000,0.0003333333333333333,64,IID_GAUSSIAN,111
EXACT_FIFO_256,16,4,4,3000,0.0013333333333333333,256,IID_GAUSSIAN,111
EXACT_FIFO_1024,16,16,3000,3000,1.0,1024,IID_GAUSSIAN,111
EXACT_FIFO_4096,16,64,3000,3000,1.0,1024,IID_GAUSSIAN,111
CURRENT_FEATURE_64,16,1,3000,3000,1.0,64,IID_GAUSSIAN,111
EXACT_REPLAY_UNBOUNDED,16,16,3000,3000,1.0,1024,IID_GAUSSIAN,111
ELIGIBILITY_TRACE_64,64,1,3000,3000,1.0,64,IID_GAUSSIAN,111
EXACT_FIFO_64,64,1,1,3000,0.0003333333333333333,64,IID_GAUSSIAN,111
EXACT_FIFO_256,64,4,4,3000,0.0013333333333333333,256,IID_GAUSSIAN,111
EXACT_FIFO_1024,64,16,16,3000,0.005333333333333333,1024,IID_GAUSSIAN,111
EXACT_FIFO_4096,64,64,3000,3000,1.0,4096,IID_GAUSSIAN,111
CURRENT_FEATURE_64,64,1,3000,3000,1.0,64,IID_GAUSSIAN,111
EXACT_REPLAY_UNBOUNDED,64,64,3000,3000,1.0,4096,IID_GAUSSIAN,111
ELIGIBILITY_TRACE_64,1,1,3000,3000,1.0,64,IID_GAUSSIAN,112
EXACT_FIFO_64,1,1,3000,3000,1.0,64,IID_GAUSSIAN,112
EXACT_FIFO_256,1,4,3000,3000,1.0,64,IID_GAUSSIAN,112
EXACT_FIFO_1024,1,16,3000,3000,1.0,64,IID_GAUSSIAN,112
EXACT_FIFO_4096,1,64,3000,3000,1.0,64,IID_GAUSSIAN,112
CURRENT_FEATURE_64,1,1,3000,3000,1.0,64,IID_GAUSSIAN,112
EXACT_REPLAY_UNBOUNDED,1,1,3000,3000,1.0,64,IID_GAUSSIAN,112
ELIGIBILITY_TRACE_64,4,1,3000,3000,1.0,64,IID_GAUSSIAN,112
EXACT_FIFO_64,4,1,1,3000,0.0003333333333333333,64,IID_GAUSSIAN,112
EXACT_FIFO_256,4,4,3000,3000,1.0,256,IID_GAUSSIAN,112
EXACT_FIFO_1024,4,16,3000,3000,1.0,256,IID_GAUSSIAN,112
EXACT_FIFO_4096,4,64,3000,3000,1.0,256,IID_GAUSSIAN,112
CURRENT_FEATURE_64,4,1,3000,3000,1.0,64,IID_GAUSSIAN,112
EXACT_REPLAY_UNBOUNDED,4,4,3000,3000,1.0,256,IID_GAUSSIAN,112
ELIGIBILITY_TRACE_64,16,1,3000,3000,1.0,64,IID_GAUSSIAN,112
EXACT_FIFO_64,16,1,1,3000,0.0003333333333333333,64,IID_GAUSSIAN,112
EXACT_FIFO_256,16,4,4,3000,0.0013333333333333333,256,IID_GAUSSIAN,112
EXACT_FIFO_1024,16,16,3000,3000,1.0,1024,IID_GAUSSIAN,112
EXACT_FIFO_4096,16,64,3000,3000,1.0,1024,IID_GAUSSIAN,112
CURRENT_FEATURE_64,16,1,3000,3000,1.0,64,IID_GAUSSIAN,112
EXACT_REPLAY_UNBOUNDED,16,16,3000,3000,1.0,1024,IID_GAUSSIAN,112
ELIGIBILITY_TRACE_64,64,1,3000,3000,1.0,64,IID_GAUSSIAN,112
EXACT_FIFO_64,64,1,1,3000,0.0003333333333333333,64,IID_GAUSSIAN,112
EXACT_FIFO_256,64,4,4,3000,0.0013333333333333333,256,IID_GAUSSIAN,112
EXACT_FIFO_1024,64,16,16,3000,0.005333333333333333,1024,IID_GAUSSIAN,112
EXACT_FIFO_4096,64,64,3000,3000,1.0,4096,IID_GAUSSIAN,112
CURRENT_FEATURE_64,64,1,3000,3000,1.0,64,IID_GAUSSIAN,112
EXACT_REPLAY_UNBOUNDED,64,64,3000,3000,1.0,4096,IID_GAUSSIAN,112
ELIGIBILITY_TRACE_64,1,1,3000,3000,1.0,64,IID_GAUSSIAN,113
EXACT_FIFO_64,1,1,3000,3000,1.0,64,IID_GAUSSIAN,113
EXACT_FIFO_256,1,4,3000,3000,1.0,64,IID_GAUSSIAN,113
EXACT_FIFO_1024,1,16,3000,3000,1.0,64,IID_GAUSSIAN,113
EXACT_FIFO_4096,1,64,3000,3000,1.0,64,IID_GAUSSIAN,113
CURRENT_FEATURE_64,1,1,3000,3000,1.0,64,IID_GAUSSIAN,113
EXACT_REPLAY_UNBOUNDED,1,1,3000,3000,1.0,64,IID_GAUSSIAN,113
ELIGIBILITY_TRACE_64,4,1,3000,3000,1.0,64,IID_GAUSSIAN,113
EXACT_FIFO_64,4,1,1,3000,0.0003333333333333333,64,IID_GAUSSIAN,113
EXACT_FIFO_256,4,4,3000,3000,1.0,256,IID_GAUSSIAN,113
EXACT_FIFO_1024,4,16,3000,3000,1.0,256,IID_GAUSSIAN,113
EXACT_FIFO_4096,4,64,3000,3000,1.0,256,IID_GAUSSIAN,113
CURRENT_FEATURE_64,4,1,3000,3000,1.0,64,IID_GAUSSIAN,113
EXACT_REPLAY_UNBOUNDED,4,4,3000,3000,1.0,256,IID_GAUSSIAN,113
ELIGIBILITY_TRACE_64,16,1,3000,3000,1.0,64,IID_GAUSSIAN,113
EXACT_FIFO_64,16,1,1,3000,0.0003333333333333333,64,IID_GAUSSIAN,113
EXACT_FIFO_256,16,4,4,3000,0.0013333333333333333,256,IID_GAUSSIAN,113
EXACT_FIFO_1024,16,16,3000,3000,1.0,1024,IID_GAUSSIAN,113
EXACT_FIFO_4096,16,64,3000,3000,1.0,1024,IID_GAUSSIAN,113
CURRENT_FEATURE_64,16,1,3000,3000,1.0,64,IID_GAUSSIAN,113
EXACT_REPLAY_UNBOUNDED,16,16,3000,3000,1.0,1024,IID_GAUSSIAN,113
ELIGIBILITY_TRACE_64,64,1,3000,3000,1.0,64,IID_GAUSSIAN,113
EXACT_FIFO_64,64,1,1,3000,0.0003333333333333333,64,IID_GAUSSIAN,113
EXACT_FIFO_256,64,4,4,3000,0.0013333333333333333,256,IID_GAUSSIAN,113
EXACT_FIFO_1024,64,16,16,3000,0.005333333333333333,1024,IID_GAUSSIAN,113
EXACT_FIFO_4096,64,64,3000,3000,1.0,4096,IID_GAUSSIAN,113
CURRENT_FEATURE_64,64,1,3000,3000,1.0,64,IID_GAUSSIAN,113
EXACT_REPLAY_UNBOUNDED,64,64,3000,3000,1.0,4096,IID_GAUSSIAN,113
ELIGIBILITY_TRACE_64,1,1,3000,3000,1.0,64,IID_GAUSSIAN,114
EXACT_FIFO_64,1,1,3000,3000,1.0,64,IID_GAUSSIAN,114
EXACT_FIFO_256,1,4,3000,3000,1.0,64,IID_GAUSSIAN,114
EXACT_FIFO_1024,1,16,3000,3000,1.0,64,IID_GAUSSIAN,114
EXACT_FIFO_4096,1,64,3000,3000,1.0,64,IID_GAUSSIAN,114
CURRENT_FEATURE_64,1,1,3000,3000,1.0,64,IID_GAUSSIAN,114
EXACT_REPLAY_UNBOUNDED,1,1,3000,3000,1.0,64,IID_GAUSSIAN,114
ELIGIBILITY_TRACE_64,4,1,3000,3000,1.0,64,IID_GAUSSIAN,114
EXACT_FIFO_64,4,1,1,3000,0.0003333333333333333,64,IID_GAUSSIAN,114
EXACT_FIFO_256,4,4,3000,3000,1.0,256,IID_GAUSSIAN,114
EXACT_FIFO_1024,4,16,3000,3000,1.0,256,IID_GAUSSIAN,114
EXACT_FIFO_4096,4,64,3000,3000,1.0,256,IID_GAUSSIAN,114
CURRENT_FEATURE_64,4,1,3000,3000,1.0,64,IID_GAUSSIAN,114
EXACT_REPLAY_UNBOUNDED,4,4,3000,3000,1.0,256,IID_GAUSSIAN,114
ELIGIBILITY_TRACE_64,16,1,3000,3000,1.0,64,IID_GAUSSIAN,114
EXACT_FIFO_64,16,1,1,3000,0.0003333333333333333,64,IID_GAUSSIAN,114
EXACT_FIFO_256,16,4,4,3000,0.0013333333333333333,256,IID_GAUSSIAN,114
EXACT_FIFO_1024,16,16,3000,3000,1.0,1024,IID_GAUSSIAN,114
EXACT_FIFO_4096,16,64,3000,3000,1.0,1024,IID_GAUSSIAN,114
CURRENT_FEATURE_64,16,1,3000,3000,1.0,64,IID_GAUSSIAN,114
EXACT_REPLAY_UNBOUNDED,16,16,3000,3000,1.0,1024,IID_GAUSSIAN,114
ELIGIBILITY_TRACE_64,64,1,3000,3000,1.0,64,IID_GAUSSIAN,114
EXACT_FIFO_64,64,1,1,3000,0.0003333333333333333,64,IID_GAUSSIAN,114
EXACT_FIFO_256,64,4,4,3000,0.0013333333333333333,256,IID_GAUSSIAN,114
EXACT_FIFO_1024,64,16,16,3000,0.005333333333333333,1024,IID_GAUSSIAN,114
EXACT_FIFO_4096,64,64,3000,3000,1.0,4096,IID_GAUSSIAN,114
CURRENT_FEATURE_64,64,1,3000,3000,1.0,64,IID_GAUSSIAN,114
EXACT_REPLAY_UNBOUNDED,64,64,3000,3000,1.0,4096,IID_GAUSSIAN,114
ELIGIBILITY_TRACE_64,1,1,3000,3000,1.0,64,IID_GAUSSIAN,115
EXACT_FIFO_64,1,1,3000,3000,1.0,64,IID_GAUSSIAN,115
EXACT_FIFO_256,1,4,3000,3000,1.0,64,IID_GAUSSIAN,115
EXACT_FIFO_1024,1,16,3000,3000,1.0,64,IID_GAUSSIAN,115
EXACT_FIFO_4096,1,64,3000,3000,1.0,64,IID_GAUSSIAN,115
CURRENT_FEATURE_64,1,1,3000,3000,1.0,64,IID_GAUSSIAN,115
EXACT_REPLAY_UNBOUNDED,1,1,3000,3000,1.0,64,IID_GAUSSIAN,115
ELIGIBILITY_TRACE_64,4,1,3000,3000,1.0,64,IID_GAUSSIAN,115
EXACT_FIFO_64,4,1,1,3000,0.0003333333333333333,64,IID_GAUSSIAN,115
EXACT_FIFO_256,4,4,3000,3000,1.0,256,IID_GAUSSIAN,115
EXACT_FIFO_1024,4,16,3000,3000,1.0,256,IID_GAUSSIAN,115
EXACT_FIFO_4096,4,64,3000,3000,1.0,256,IID_GAUSSIAN,115
CURRENT_FEATURE_64,4,1,3000,3000,1.0,64,IID_GAUSSIAN,115
EXACT_REPLAY_UNBOUNDED,4,4,3000,3000,1.0,256,IID_GAUSSIAN,115
ELIGIBILITY_TRACE_64,16,1,3000,3000,1.0,64,IID_GAUSSIAN,115
EXACT_FIFO_64,16,1,1,3000,0.0003333333333333333,64,IID_GAUSSIAN,115
EXACT_FIFO_256,16,4,4,3000,0.0013333333333333333,256,IID_GAUSSIAN,115
EXACT_FIFO_1024,16,16,3000,3000,1.0,1024,IID_GAUSSIAN,115
EXACT_FIFO_4096,16,64,3000,3000,1.0,1024,IID_GAUSSIAN,115
CURRENT_FEATURE_64,16,1,3000,3000,1.0,64,IID_GAUSSIAN,115
EXACT_REPLAY_UNBOUNDED,16,16,3000,3000,1.0,1024,IID_GAUSSIAN,115
ELIGIBILITY_TRACE_64,64,1,3000,3000,1.0,64,IID_GAUSSIAN,115
EXACT_FIFO_64,64,1,1,3000,0.0003333333333333333,64,IID_GAUSSIAN,115
EXACT_FIFO_256,64,4,4,3000,0.0013333333333333333,256,IID_GAUSSIAN,115
EXACT_FIFO_1024,64,16,16,3000,0.005333333333333333,1024,IID_GAUSSIAN,115
EXACT_FIFO_4096,64,64,3000,3000,1.0,4096,IID_GAUSSIAN,115
CURRENT_FEATURE_64,64,1,3000,3000,1.0,64,IID_GAUSSIAN,115
EXACT_REPLAY_UNBOUNDED,64,64,3000,3000,1.0,4096,IID_GAUSSIAN,115
ELIGIBILITY_TRACE_64,1,1,3000,3000,1.0,64,IID_GAUSSIAN,116
EXACT_FIFO_64,1,1,3000,3000,1.0,64,IID_GAUSSIAN,116
EXACT_FIFO_256,1,4,3000,3000,1.0,64,IID_GAUSSIAN,116
EXACT_FIFO_1024,1,16,3000,3000,1.0,64,IID_GAUSSIAN,116
EXACT_FIFO_4096,1,64,3000,3000,1.0,64,IID_GAUSSIAN,116
CURRENT_FEATURE_64,1,1,3000,3000,1.0,64,IID_GAUSSIAN,116
EXACT_REPLAY_UNBOUNDED,1,1,3000,3000,1.0,64,IID_GAUSSIAN,116
ELIGIBILITY_TRACE_64,4,1,3000,3000,1.0,64,IID_GAUSSIAN,116
EXACT_FIFO_64,4,1,1,3000,0.0003333333333333333,64,IID_GAUSSIAN,116
EXACT_FIFO_256,4,4,3000,3000,1.0,256,IID_GAUSSIAN,116
EXACT_FIFO_1024,4,16,3000,3000,1.0,256,IID_GAUSSIAN,116
EXACT_FIFO_4096,4,64,3000,3000,1.0,256,IID_GAUSSIAN,116
CURRENT_FEATURE_64,4,1,3000,3000,1.0,64,IID_GAUSSIAN,116
EXACT_REPLAY_UNBOUNDED,4,4,3000,3000,1.0,256,IID_GAUSSIAN,116
ELIGIBILITY_TRACE_64,16,1,3000,3000,1.0,64,IID_GAUSSIAN,116
EXACT_FIFO_64,16,1,1,3000,0.0003333333333333333,64,IID_GAUSSIAN,116
EXACT_FIFO_256,16,4,4,3000,0.0013333333333333333,256,IID_GAUSSIAN,116
EXACT_FIFO_1024,16,16,3000,3000,1.0,1024,IID_GAUSSIAN,116
EXACT_FIFO_4096,16,64,3000,3000,1.0,1024,IID_GAUSSIAN,116
CURRENT_FEATURE_64,16,1,3000,3000,1.0,64,IID_GAUSSIAN,116
EXACT_REPLAY_UNBOUNDED,16,16,3000,3000,1.0,1024,IID_GAUSSIAN,116
ELIGIBILITY_TRACE_64,64,1,3000,3000,1.0,64,IID_GAUSSIAN,116
EXACT_FIFO_64,64,1,1,3000,0.0003333333333333333,64,IID_GAUSSIAN,116
EXACT_FIFO_256,64,4,4,3000,0.0013333333333333333,256,IID_GAUSSIAN,116
EXACT_FIFO_1024,64,16,16,3000,0.005333333333333333,1024,IID_GAUSSIAN,116
EXACT_FIFO_4096,64,64,3000,3000,1.0,4096,IID_GAUSSIAN,116
CURRENT_FEATURE_64,64,1,3000,3000,1.0,64,IID_GAUSSIAN,116
EXACT_REPLAY_UNBOUNDED,64,64,3000,3000,1.0,4096,IID_GAUSSIAN,116
ELIGIBILITY_TRACE_64,1,1,3000,3000,1.0,64,IID_GAUSSIAN,117
EXACT_FIFO_64,1,1,3000,3000,1.0,64,IID_GAUSSIAN,117
EXACT_FIFO_256,1,4,3000,3000,1.0,64,IID_GAUSSIAN,117
EXACT_FIFO_1024,1,16,3000,3000,1.0,64,IID_GAUSSIAN,117
EXACT_FIFO_4096,1,64,3000,3000,1.0,64,IID_GAUSSIAN,117
CURRENT_FEATURE_64,1,1,3000,3000,1.0,64,IID_GAUSSIAN,117
EXACT_REPLAY_UNBOUNDED,1,1,3000,3000,1.0,64,IID_GAUSSIAN,117
ELIGIBILITY_TRACE_64,4,1,3000,3000,1.0,64,IID_GAUSSIAN,117
EXACT_FIFO_64,4,1,1,3000,0.0003333333333333333,64,IID_GAUSSIAN,117
EXACT_FIFO_256,4,4,3000,3000,1.0,256,IID_GAUSSIAN,117
EXACT_FIFO_1024,4,16,3000,3000,1.0,256,IID_GAUSSIAN,117
EXACT_FIFO_4096,4,64,3000,3000,1.0,256,IID_GAUSSIAN,117
CURRENT_FEATURE_64,4,1,3000,3000,1.0,64,IID_GAUSSIAN,117
EXACT_REPLAY_UNBOUNDED,4,4,3000,3000,1.0,256,IID_GAUSSIAN,117
ELIGIBILITY_TRACE_64,16,1,3000,3000,1.0,64,IID_GAUSSIAN,117
EXACT_FIFO_64,16,1,1,3000,0.0003333333333333333,64,IID_GAUSSIAN,117
EXACT_FIFO_256,16,4,4,3000,0.0013333333333333333,256,IID_GAUSSIAN,117
EXACT_FIFO_1024,16,16,3000,3000,1.0,1024,IID_GAUSSIAN,117
EXACT_FIFO_4096,16,64,3000,3000,1.0,1024,IID_GAUSSIAN,117
CURRENT_FEATURE_64,16,1,3000,3000,1.0,64,IID_GAUSSIAN,117
EXACT_REPLAY_UNBOUNDED,16,16,3000,3000,1.0,1024,IID_GAUSSIAN,117
ELIGIBILITY_TRACE_64,64,1,3000,3000,1.0,64,IID_GAUSSIAN,117
EXACT_FIFO_64,64,1,1,3000,0.0003333333333333333,64,IID_GAUSSIAN,117
EXACT_FIFO_256,64,4,4,3000,0.0013333333333333333,256,IID_GAUSSIAN,117
EXACT_FIFO_1024,64,16,16,3000,0.005333333333333333,1024,IID_GAUSSIAN,117
EXACT_FIFO_4096,64,64,3000,3000,1.0,4096,IID_GAUSSIAN,117
CURRENT_FEATURE_64,64,1,3000,3000,1.0,64,IID_GAUSSIAN,117
EXACT_REPLAY_UNBOUNDED,64,64,3000,3000,1.0,4096,IID_GAUSSIAN,117
ELIGIBILITY_TRACE_64,1,1,3000,3000,1.0,64,IID_GAUSSIAN,118
EXACT_FIFO_64,1,1,3000,3000,1.0,64,IID_GAUSSIAN,118
EXACT_FIFO_256,1,4,3000,3000,1.0,64,IID_GAUSSIAN,118
EXACT_FIFO_1024,1,16,3000,3000,1.0,64,IID_GAUSSIAN,118
EXACT_FIFO_4096,1,64,3000,3000,1.0,64,IID_GAUSSIAN,118
CURRENT_FEATURE_64,1,1,3000,3000,1.0,64,IID_GAUSSIAN,118
EXACT_REPLAY_UNBOUNDED,1,1,3000,3000,1.0,64,IID_GAUSSIAN,118
ELIGIBILITY_TRACE_64,4,1,3000,3000,1.0,64,IID_GAUSSIAN,118
EXACT_FIFO_64,4,1,1,3000,0.0003333333333333333,64,IID_GAUSSIAN,118
EXACT_FIFO_256,4,4,3000,3000,1.0,256,IID_GAUSSIAN,118
EXACT_FIFO_1024,4,16,3000,3000,1.0,256,IID_GAUSSIAN,118
EXACT_FIFO_4096,4,64,3000,3000,1.0,256,IID_GAUSSIAN,118
CURRENT_FEATURE_64,4,1,3000,3000,1.0,64,IID_GAUSSIAN,118
EXACT_REPLAY_UNBOUNDED,4,4,3000,3000,1.0,256,IID_GAUSSIAN,118
ELIGIBILITY_TRACE_64,16,1,3000,3000,1.0,64,IID_GAUSSIAN,118
EXACT_FIFO_64,16,1,1,3000,0.0003333333333333333,64,IID_GAUSSIAN,118
EXACT_FIFO_256,16,4,4,3000,0.0013333333333333333,256,IID_GAUSSIAN,118
EXACT_FIFO_1024,16,16,3000,3000,1.0,1024,IID_GAUSSIAN,118
EXACT_FIFO_4096,16,64,3000,3000,1.0,1024,IID_GAUSSIAN,118
CURRENT_FEATURE_64,16,1,3000,3000,1.0,64,IID_GAUSSIAN,118
EXACT_REPLAY_UNBOUNDED,16,16,3000,3000,1.0,1024,IID_GAUSSIAN,118
ELIGIBILITY_TRACE_64,64,1,3000,3000,1.0,64,IID_GAUSSIAN,118
EXACT_FIFO_64,64,1,1,3000,0.0003333333333333333,64,IID_GAUSSIAN,118
EXACT_FIFO_256,64,4,4,3000,0.0013333333333333333,256,IID_GAUSSIAN,118
EXACT_FIFO_1024,64,16,16,3000,0.005333333333333333,1024,IID_GAUSSIAN,118
EXACT_FIFO_4096,64,64,3000,3000,1.0,4096,IID_GAUSSIAN,118
CURRENT_FEATURE_64,64,1,3000,3000,1.0,64,IID_GAUSSIAN,118
EXACT_REPLAY_UNBOUNDED,64,64,3000,3000,1.0,4096,IID_GAUSSIAN,118
ELIGIBILITY_TRACE_64,1,1,3000,3000,1.0,64,IID_GAUSSIAN,119
EXACT_FIFO_64,1,1,3000,3000,1.0,64,IID_GAUSSIAN,119
EXACT_FIFO_256,1,4,3000,3000,1.0,64,IID_GAUSSIAN,119
EXACT_FIFO_1024,1,16,3000,3000,1.0,64,IID_GAUSSIAN,119
EXACT_FIFO_4096,1,64,3000,3000,1.0,64,IID_GAUSSIAN,119
CURRENT_FEATURE_64,1,1,3000,3000,1.0,64,IID_GAUSSIAN,119
EXACT_REPLAY_UNBOUNDED,1,1,3000,3000,1.0,64,IID_GAUSSIAN,119
ELIGIBILITY_TRACE_64,4,1,3000,3000,1.0,64,IID_GAUSSIAN,119
EXACT_FIFO_64,4,1,1,3000,0.0003333333333333333,64,IID_GAUSSIAN,119
EXACT_FIFO_256,4,4,3000,3000,1.0,256,IID_GAUSSIAN,119
EXACT_FIFO_1024,4,16,3000,3000,1.0,256,IID_GAUSSIAN,119
EXACT_FIFO_4096,4,64,3000,3000,1.0,256,IID_GAUSSIAN,119
CURRENT_FEATURE_64,4,1,3000,3000,1.0,64,IID_GAUSSIAN,119
EXACT_REPLAY_UNBOUNDED,4,4,3000,3000,1.0,256,IID_GAUSSIAN,119
ELIGIBILITY_TRACE_64,16,1,3000,3000,1.0,64,IID_GAUSSIAN,119
EXACT_FIFO_64,16,1,1,3000,0.0003333333333333333,64,IID_GAUSSIAN,119
EXACT_FIFO_256,16,4,4,3000,0.0013333333333333333,256,IID_GAUSSIAN,119
EXACT_FIFO_1024,16,16,3000,3000,1.0,1024,IID_GAUSSIAN,119
EXACT_FIFO_4096,16,64,3000,3000,1.0,1024,IID_GAUSSIAN,119
CURRENT_FEATURE_64,16,1,3000,3000,1.0,64,IID_GAUSSIAN,119
EXACT_REPLAY_UNBOUNDED,16,16,3000,3000,1.0,1024,IID_GAUSSIAN,119
ELIGIBILITY_TRACE_64,64,1,3000,3000,1.0,64,IID_GAUSSIAN,119
EXACT_FIFO_64,64,1,1,3000,0.0003333333333333333,64,IID_GAUSSIAN,119
EXACT_FIFO_256,64,4,4,3000,0.0013333333333333333,256,IID_GAUSSIAN,119
EXACT_FIFO_1024,64,16,16,3000,0.005333333333333333,1024,IID_GAUSSIAN,119
EXACT_FIFO_4096,64,64,3000,3000,1.0,4096,IID_GAUSSIAN,119
CURRENT_FEATURE_64,64,1,3000,3000,1.0,64,IID_GAUSSIAN,119
EXACT_REPLAY_UNBOUNDED,64,64,3000,3000,1.0,4096,IID_GAUSSIAN,119
ELIGIBILITY_TRACE_64,1,1,3000,3000,1.0,64,IID_GAUSSIAN,120
EXACT_FIFO_64,1,1,3000,3000,1.0,64,IID_GAUSSIAN,120
EXACT_FIFO_256,1,4,3000,3000,1.0,64,IID_GAUSSIAN,120
EXACT_FIFO_1024,1,16,3000,3000,1.0,64,IID_GAUSSIAN,120
EXACT_FIFO_4096,1,64,3000,3000,1.0,64,IID_GAUSSIAN,120
CURRENT_FEATURE_64,1,1,3000,3000,1.0,64,IID_GAUSSIAN,120
EXACT_REPLAY_UNBOUNDED,1,1,3000,3000,1.0,64,IID_GAUSSIAN,120
ELIGIBILITY_TRACE_64,4,1,3000,3000,1.0,64,IID_GAUSSIAN,120
EXACT_FIFO_64,4,1,1,3000,0.0003333333333333333,64,IID_GAUSSIAN,120
EXACT_FIFO_256,4,4,3000,3000,1.0,256,IID_GAUSSIAN,120
EXACT_FIFO_1024,4,16,3000,3000,1.0,256,IID_GAUSSIAN,120
EXACT_FIFO_4096,4,64,3000,3000,1.0,256,IID_GAUSSIAN,120
CURRENT_FEATURE_64,4,1,3000,3000,1.0,64,IID_GAUSSIAN,120
EXACT_REPLAY_UNBOUNDED,4,4,3000,3000,1.0,256,IID_GAUSSIAN,120
ELIGIBILITY_TRACE_64,16,1,3000,3000,1.0,64,IID_GAUSSIAN,120
EXACT_FIFO_64,16,1,1,3000,0.0003333333333333333,64,IID_GAUSSIAN,120
EXACT_FIFO_256,16,4,4,3000,0.0013333333333333333,256,IID_GAUSSIAN,120
EXACT_FIFO_1024,16,16,3000,3000,1.0,1024,IID_GAUSSIAN,120
EXACT_FIFO_4096,16,64,3000,3000,1.0,1024,IID_GAUSSIAN,120
CURRENT_FEATURE_64,16,1,3000,3000,1.0,64,IID_GAUSSIAN,120
EXACT_REPLAY_UNBOUNDED,16,16,3000,3000,1.0,1024,IID_GAUSSIAN,120
ELIGIBILITY_TRACE_64,64,1,3000,3000,1.0,64,IID_GAUSSIAN,120
EXACT_FIFO_64,64,1,1,3000,0.0003333333333333333,64,IID_GAUSSIAN,120
EXACT_FIFO_256,64,4,4,3000,0.0013333333333333333,256,IID_GAUSSIAN,120
EXACT_FIFO_1024,64,16,16,3000,0.005333333333333333,1024,IID_GAUSSIAN,120
EXACT_FIFO_4096,64,64,3000,3000,1.0,4096,IID_GAUSSIAN,120
CURRENT_FEATURE_64,64,1,3000,3000,1.0,64,IID_GAUSSIAN,120
EXACT_REPLAY_UNBOUNDED,64,64,3000,3000,1.0,4096,IID_GAUSSIAN,120
ELIGIBILITY_TRACE_64,1,1,3000,3000,1.0,64,IID_GAUSSIAN,121
EXACT_FIFO_64,1,1,3000,3000,1.0,64,IID_GAUSSIAN,121
EXACT_FIFO_256,1,4,3000,3000,1.0,64,IID_GAUSSIAN,121
EXACT_FIFO_1024,1,16,3000,3000,1.0,64,IID_GAUSSIAN,121
EXACT_FIFO_4096,1,64,3000,3000,1.0,64,IID_GAUSSIAN,121
CURRENT_FEATURE_64,1,1,3000,3000,1.0,64,IID_GAUSSIAN,121
EXACT_REPLAY_UNBOUNDED,1,1,3000,3000,1.0,64,IID_GAUSSIAN,121
ELIGIBILITY_TRACE_64,4,1,3000,3000,1.0,64,IID_GAUSSIAN,121
EXACT_FIFO_64,4,1,1,3000,0.0003333333333333333,64,IID_GAUSSIAN,121
EXACT_FIFO_256,4,4,3000,3000,1.0,256,IID_GAUSSIAN,121
EXACT_FIFO_1024,4,16,3000,3000,1.0,256,IID_GAUSSIAN,121
EXACT_FIFO_4096,4,64,3000,3000,1.0,256,IID_GAUSSIAN,121
CURRENT_FEATURE_64,4,1,3000,3000,1.0,64,IID_GAUSSIAN,121
EXACT_REPLAY_UNBOUNDED,4,4,3000,3000,1.0,256,IID_GAUSSIAN,121
ELIGIBILITY_TRACE_64,16,1,3000,3000,1.0,64,IID_GAUSSIAN,121
EXACT_FIFO_64,16,1,1,3000,0.0003333333333333333,64,IID_GAUSSIAN,121
EXACT_FIFO_256,16,4,4,3000,0.0013333333333333333,256,IID_GAUSSIAN,121
EXACT_FIFO_1024,16,16,3000,3000,1.0,1024,IID_GAUSSIAN,121
EXACT_FIFO_4096,16,64,3000,3000,1.0,1024,IID_GAUSSIAN,121
CURRENT_FEATURE_64,16,1,3000,3000,1.0,64,IID_GAUSSIAN,121
EXACT_REPLAY_UNBOUNDED,16,16,3000,3000,1.0,1024,IID_GAUSSIAN,121
ELIGIBILITY_TRACE_64,64,1,3000,3000,1.0,64,IID_GAUSSIAN,121
EXACT_FIFO_64,64,1,1,3000,0.0003333333333333333,64,IID_GAUSSIAN,121
EXACT_FIFO_256,64,4,4,3000,0.0013333333333333333,256,IID_GAUSSIAN,121
EXACT_FIFO_1024,64,16,16,3000,0.005333333333333333,1024,IID_GAUSSIAN,121
EXACT_FIFO_4096,64,64,3000,3000,1.0,4096,IID_GAUSSIAN,121
CURRENT_FEATURE_64,64,1,3000,3000,1.0,64,IID_GAUSSIAN,121
EXACT_REPLAY_UNBOUNDED,64,64,3000,3000,1.0,4096,IID_GAUSSIAN,121
ELIGIBILITY_TRACE_64,1,1,3000,3000,1.0,64,IID_GAUSSIAN,122
EXACT_FIFO_64,1,1,3000,3000,1.0,64,IID_GAUSSIAN,122
EXACT_FIFO_256,1,4,3000,3000,1.0,64,IID_GAUSSIAN,122
EXACT_FIFO_1024,1,16,3000,3000,1.0,64,IID_GAUSSIAN,122
EXACT_FIFO_4096,1,64,3000,3000,1.0,64,IID_GAUSSIAN,122
CURRENT_FEATURE_64,1,1,3000,3000,1.0,64,IID_GAUSSIAN,122
EXACT_REPLAY_UNBOUNDED,1,1,3000,3000,1.0,64,IID_GAUSSIAN,122
ELIGIBILITY_TRACE_64,4,1,3000,3000,1.0,64,IID_GAUSSIAN,122
EXACT_FIFO_64,4,1,1,3000,0.0003333333333333333,64,IID_GAUSSIAN,122
EXACT_FIFO_256,4,4,3000,3000,1.0,256,IID_GAUSSIAN,122
EXACT_FIFO_1024,4,16,3000,3000,1.0,256,IID_GAUSSIAN,122
EXACT_FIFO_4096,4,64,3000,3000,1.0,256,IID_GAUSSIAN,122
CURRENT_FEATURE_64,4,1,3000,3000,1.0,64,IID_GAUSSIAN,122
EXACT_REPLAY_UNBOUNDED,4,4,3000,3000,1.0,256,IID_GAUSSIAN,122
ELIGIBILITY_TRACE_64,16,1,3000,3000,1.0,64,IID_GAUSSIAN,122
EXACT_FIFO_64,16,1,1,3000,0.0003333333333333333,64,IID_GAUSSIAN,122
EXACT_FIFO_256,16,4,4,3000,0.0013333333333333333,256,IID_GAUSSIAN,122
EXACT_FIFO_1024,16,16,3000,3000,1.0,1024,IID_GAUSSIAN,122
EXACT_FIFO_4096,16,64,3000,3000,1.0,1024,IID_GAUSSIAN,122
CURRENT_FEATURE_64,16,1,3000,3000,1.0,64,IID_GAUSSIAN,122
EXACT_REPLAY_UNBOUNDED,16,16,3000,3000,1.0,1024,IID_GAUSSIAN,122
ELIGIBILITY_TRACE_64,64,1,3000,3000,1.0,64,IID_GAUSSIAN,122
EXACT_FIFO_64,64,1,1,3000,0.0003333333333333333,64,IID_GAUSSIAN,122
EXACT_FIFO_256,64,4,4,3000,0.0013333333333333333,256,IID_GAUSSIAN,122
EXACT_FIFO_1024,64,16,16,3000,0.005333333333333333,1024,IID_GAUSSIAN,122
EXACT_FIFO_4096,64,64,3000,3000,1.0,4096,IID_GAUSSIAN,122
CURRENT_FEATURE_64,64,1,3000,3000,1.0,64,IID_GAUSSIAN,122
EXACT_REPLAY_UNBOUNDED,64,64,3000,3000,1.0,4096,IID_GAUSSIAN,122
ELIGIBILITY_TRACE_64,1,1,3000,3000,1.0,64,IID_GAUSSIAN,123
EXACT_FIFO_64,1,1,3000,3000,1.0,64,IID_GAUSSIAN,123
EXACT_FIFO_256,1,4,3000,3000,1.0,64,IID_GAUSSIAN,123
EXACT_FIFO_1024,1,16,3000,3000,1.0,64,IID_GAUSSIAN,123
EXACT_FIFO_4096,1,64,3000,3000,1.0,64,IID_GAUSSIAN,123
CURRENT_FEATURE_64,1,1,3000,3000,1.0,64,IID_GAUSSIAN,123
EXACT_REPLAY_UNBOUNDED,1,1,3000,3000,1.0,64,IID_GAUSSIAN,123
ELIGIBILITY_TRACE_64,4,1,3000,3000,1.0,64,IID_GAUSSIAN,123
EXACT_FIFO_64,4,1,1,3000,0.0003333333333333333,64,IID_GAUSSIAN,123
EXACT_FIFO_256,4,4,3000,3000,1.0,256,IID_GAUSSIAN,123
EXACT_FIFO_1024,4,16,3000,3000,1.0,256,IID_GAUSSIAN,123
EXACT_FIFO_4096,4,64,3000,3000,1.0,256,IID_GAUSSIAN,123
CURRENT_FEATURE_64,4,1,3000,3000,1.0,64,IID_GAUSSIAN,123
EXACT_REPLAY_UNBOUNDED,4,4,3000,3000,1.0,256,IID_GAUSSIAN,123
ELIGIBILITY_TRACE_64,16,1,3000,3000,1.0,64,IID_GAUSSIAN,123
EXACT_FIFO_64,16,1,1,3000,0.0003333333333333333,64,IID_GAUSSIAN,123
EXACT_FIFO_256,16,4,4,3000,0.0013333333333333333,256,IID_GAUSSIAN,123
EXACT_FIFO_1024,16,16,3000,3000,1.0,1024,IID_GAUSSIAN,123
EXACT_FIFO_4096,16,64,3000,3000,1.0,1024,IID_GAUSSIAN,123
CURRENT_FEATURE_64,16,1,3000,3000,1.0,64,IID_GAUSSIAN,123
EXACT_REPLAY_UNBOUNDED,16,16,3000,3000,1.0,1024,IID_GAUSSIAN,123
ELIGIBILITY_TRACE_64,64,1,3000,3000,1.0,64,IID_GAUSSIAN,123
EXACT_FIFO_64,64,1,1,3000,0.0003333333333333333,64,IID_GAUSSIAN,123
EXACT_FIFO_256,64,4,4,3000,0.0013333333333333333,256,IID_GAUSSIAN,123
EXACT_FIFO_1024,64,16,16,3000,0.005333333333333333,1024,IID_GAUSSIAN,123
EXACT_FIFO_4096,64,64,3000,3000,1.0,4096,IID_GAUSSIAN,123
CURRENT_FEATURE_64,64,1,3000,3000,1.0,64,IID_GAUSSIAN,123
EXACT_REPLAY_UNBOUNDED,64,64,3000,3000,1.0,4096,IID_GAUSSIAN,123
ELIGIBILITY_TRACE_64,1,1,3000,3000,1.0,64,IID_GAUSSIAN,124
EXACT_FIFO_64,1,1,3000,3000,1.0,64,IID_GAUSSIAN,124
EXACT_FIFO_256,1,4,3000,3000,1.0,64,IID_GAUSSIAN,124
EXACT_FIFO_1024,1,16,3000,3000,1.0,64,IID_GAUSSIAN,124
EXACT_FIFO_4096,1,64,3000,3000,1.0,64,IID_GAUSSIAN,124
CURRENT_FEATURE_64,1,1,3000,3000,1.0,64,IID_GAUSSIAN,124
EXACT_REPLAY_UNBOUNDED,1,1,3000,3000,1.0,64,IID_GAUSSIAN,124
ELIGIBILITY_TRACE_64,4,1,3000,3000,1.0,64,IID_GAUSSIAN,124
EXACT_FIFO_64,4,1,1,3000,0.0003333333333333333,64,IID_GAUSSIAN,124
EXACT_FIFO_256,4,4,3000,3000,1.0,256,IID_GAUSSIAN,124
EXACT_FIFO_1024,4,16,3000,3000,1.0,256,IID_GAUSSIAN,124
EXACT_FIFO_4096,4,64,3000,3000,1.0,256,IID_GAUSSIAN,124
CURRENT_FEATURE_64,4,1,3000,3000,1.0,64,IID_GAUSSIAN,124
EXACT_REPLAY_UNBOUNDED,4,4,3000,3000,1.0,256,IID_GAUSSIAN,124
ELIGIBILITY_TRACE_64,16,1,3000,3000,1.0,64,IID_GAUSSIAN,124
EXACT_FIFO_64,16,1,1,3000,0.0003333333333333333,64,IID_GAUSSIAN,124
EXACT_FIFO_256,16,4,4,3000,0.0013333333333333333,256,IID_GAUSSIAN,124
EXACT_FIFO_1024,16,16,3000,3000,1.0,1024,IID_GAUSSIAN,124
EXACT_FIFO_4096,16,64,3000,3000,1.0,1024,IID_GAUSSIAN,124
CURRENT_FEATURE_64,16,1,3000,3000,1.0,64,IID_GAUSSIAN,124
EXACT_REPLAY_UNBOUNDED,16,16,3000,3000,1.0,1024,IID_GAUSSIAN,124
ELIGIBILITY_TRACE_64,64,1,3000,3000,1.0,64,IID_GAUSSIAN,124
EXACT_FIFO_64,64,1,1,3000,0.0003333333333333333,64,IID_GAUSSIAN,124
EXACT_FIFO_256,64,4,4,3000,0.0013333333333333333,256,IID_GAUSSIAN,124
EXACT_FIFO_1024,64,16,16,3000,0.005333333333333333,1024,IID_GAUSSIAN,124
EXACT_FIFO_4096,64,64,3000,3000,1.0,4096,IID_GAUSSIAN,124
CURRENT_FEATURE_64,64,1,3000,3000,1.0,64,IID_GAUSSIAN,124
EXACT_REPLAY_UNBOUNDED,64,64,3000,3000,1.0,4096,IID_GAUSSIAN,124
ELIGIBILITY_TRACE_64,1,1,3000,3000,1.0,64,IID_GAUSSIAN,125
EXACT_FIFO_64,1,1,3000,3000,1.0,64,IID_GAUSSIAN,125
EXACT_FIFO_256,1,4,3000,3000,1.0,64,IID_GAUSSIAN,125
EXACT_FIFO_1024,1,16,3000,3000,1.0,64,IID_GAUSSIAN,125
EXACT_FIFO_4096,1,64,3000,3000,1.0,64,IID_GAUSSIAN,125
CURRENT_FEATURE_64,1,1,3000,3000,1.0,64,IID_GAUSSIAN,125
EXACT_REPLAY_UNBOUNDED,1,1,3000,3000,1.0,64,IID_GAUSSIAN,125
ELIGIBILITY_TRACE_64,4,1,3000,3000,1.0,64,IID_GAUSSIAN,125
EXACT_FIFO_64,4,1,1,3000,0.0003333333333333333,64,IID_GAUSSIAN,125
EXACT_FIFO_256,4,4,3000,3000,1.0,256,IID_GAUSSIAN,125
EXACT_FIFO_1024,4,16,3000,3000,1.0,256,IID_GAUSSIAN,125
EXACT_FIFO_4096,4,64,3000,3000,1.0,256,IID_GAUSSIAN,125
CURRENT_FEATURE_64,4,1,3000,3000,1.0,64,IID_GAUSSIAN,125
EXACT_REPLAY_UNBOUNDED,4,4,3000,3000,1.0,256,IID_GAUSSIAN,125
ELIGIBILITY_TRACE_64,16,1,3000,3000,1.0,64,IID_GAUSSIAN,125
EXACT_FIFO_64,16,1,1,3000,0.0003333333333333333,64,IID_GAUSSIAN,125
EXACT_FIFO_256,16,4,4,3000,0.0013333333333333333,256,IID_GAUSSIAN,125
EXACT_FIFO_1024,16,16,3000,3000,1.0,1024,IID_GAUSSIAN,125
EXACT_FIFO_4096,16,64,3000,3000,1.0,1024,IID_GAUSSIAN,125
CURRENT_FEATURE_64,16,1,3000,3000,1.0,64,IID_GAUSSIAN,125
EXACT_REPLAY_UNBOUNDED,16,16,3000,3000,1.0,1024,IID_GAUSSIAN,125
ELIGIBILITY_TRACE_64,64,1,3000,3000,1.0,64,IID_GAUSSIAN,125
EXACT_FIFO_64,64,1,1,3000,0.0003333333333333333,64,IID_GAUSSIAN,125
EXACT_FIFO_256,64,4,4,3000,0.0013333333333333333,256,IID_GAUSSIAN,125
EXACT_FIFO_1024,64,16,16,3000,0.005333333333333333,1024,IID_GAUSSIAN,125
EXACT_FIFO_4096,64,64,3000,3000,1.0,4096,IID_GAUSSIAN,125
CURRENT_FEATURE_64,64,1,3000,3000,1.0,64,IID_GAUSSIAN,125
EXACT_REPLAY_UNBOUNDED,64,64,3000,3000,1.0,4096,IID_GAUSSIAN,125
ELIGIBILITY_TRACE_64,1,1,3000,3000,1.0,64,IID_GAUSSIAN,126
EXACT_FIFO_64,1,1,3000,3000,1.0,64,IID_GAUSSIAN,126
EXACT_FIFO_256,1,4,3000,3000,1.0,64,IID_GAUSSIAN,126
EXACT_FIFO_1024,1,16,3000,3000,1.0,64,IID_GAUSSIAN,126
EXACT_FIFO_4096,1,64,3000,3000,1.0,64,IID_GAUSSIAN,126
CURRENT_FEATURE_64,1,1,3000,3000,1.0,64,IID_GAUSSIAN,126
EXACT_REPLAY_UNBOUNDED,1,1,3000,3000,1.0,64,IID_GAUSSIAN,126
ELIGIBILITY_TRACE_64,4,1,3000,3000,1.0,64,IID_GAUSSIAN,126
EXACT_FIFO_64,4,1,1,3000,0.0003333333333333333,64,IID_GAUSSIAN,126
EXACT_FIFO_256,4,4,3000,3000,1.0,256,IID_GAUSSIAN,126
EXACT_FIFO_1024,4,16,3000,3000,1.0,256,IID_GAUSSIAN,126
EXACT_FIFO_4096,4,64,3000,3000,1.0,256,IID_GAUSSIAN,126
CURRENT_FEATURE_64,4,1,3000,3000,1.0,64,IID_GAUSSIAN,126
EXACT_REPLAY_UNBOUNDED,4,4,3000,3000,1.0,256,IID_GAUSSIAN,126
ELIGIBILITY_TRACE_64,16,1,3000,3000,1.0,64,IID_GAUSSIAN,126
EXACT_FIFO_64,16,1,1,3000,0.0003333333333333333,64,IID_GAUSSIAN,126
EXACT_FIFO_256,16,4,4,3000,0.0013333333333333333,256,IID_GAUSSIAN,126
EXACT_FIFO_1024,16,16,3000,3000,1.0,1024,IID_GAUSSIAN,126
EXACT_FIFO_4096,16,64,3000,3000,1.0,1024,IID_GAUSSIAN,126
CURRENT_FEATURE_64,16,1,3000,3000,1.0,64,IID_GAUSSIAN,126
EXACT_REPLAY_UNBOUNDED,16,16,3000,3000,1.0,1024,IID_GAUSSIAN,126
ELIGIBILITY_TRACE_64,64,1,3000,3000,1.0,64,IID_GAUSSIAN,126
EXACT_FIFO_64,64,1,1,3000,0.0003333333333333333,64,IID_GAUSSIAN,126
EXACT_FIFO_256,64,4,4,3000,0.0013333333333333333,256,IID_GAUSSIAN,126
EXACT_FIFO_1024,64,16,16,3000,0.005333333333333333,1024,IID_GAUSSIAN,126
EXACT_FIFO_4096,64,64,3000,3000,1.0,4096,IID_GAUSSIAN,126
CURRENT_FEATURE_64,64,1,3000,3000,1.0,64,IID_GAUSSIAN,126
EXACT_REPLAY_UNBOUNDED,64,64,3000,3000,1.0,4096,IID_GAUSSIAN,126
ELIGIBILITY_TRACE_64,1,1,3000,3000,1.0,64,IID_GAUSSIAN,127
EXACT_FIFO_64,1,1,3000,3000,1.0,64,IID_GAUSSIAN,127
EXACT_FIFO_256,1,4,3000,3000,1.0,64,IID_GAUSSIAN,127
EXACT_FIFO_1024,1,16,3000,3000,1.0,64,IID_GAUSSIAN,127
EXACT_FIFO_4096,1,64,3000,3000,1.0,64,IID_GAUSSIAN,127
CURRENT_FEATURE_64,1,1,3000,3000,1.0,64,IID_GAUSSIAN,127
EXACT_REPLAY_UNBOUNDED,1,1,3000,3000,1.0,64,IID_GAUSSIAN,127
ELIGIBILITY_TRACE_64,4,1,3000,3000,1.0,64,IID_GAUSSIAN,127
EXACT_FIFO_64,4,1,1,3000,0.0003333333333333333,64,IID_GAUSSIAN,127
EXACT_FIFO_256,4,4,3000,3000,1.0,256,IID_GAUSSIAN,127
EXACT_FIFO_1024,4,16,3000,3000,1.0,256,IID_GAUSSIAN,127
EXACT_FIFO_4096,4,64,3000,3000,1.0,256,IID_GAUSSIAN,127
CURRENT_FEATURE_64,4,1,3000,3000,1.0,64,IID_GAUSSIAN,127
EXACT_REPLAY_UNBOUNDED,4,4,3000,3000,1.0,256,IID_GAUSSIAN,127
ELIGIBILITY_TRACE_64,16,1,3000,3000,1.0,64,IID_GAUSSIAN,127
EXACT_FIFO_64,16,1,1,3000,0.0003333333333333333,64,IID_GAUSSIAN,127
EXACT_FIFO_256,16,4,4,3000,0.0013333333333333333,256,IID_GAUSSIAN,127
EXACT_FIFO_1024,16,16,3000,3000,1.0,1024,IID_GAUSSIAN,127
EXACT_FIFO_4096,16,64,3000,3000,1.0,1024,IID_GAUSSIAN,127
CURRENT_FEATURE_64,16,1,3000,3000,1.0,64,IID_GAUSSIAN,127
EXACT_REPLAY_UNBOUNDED,16,16,3000,3000,1.0,1024,IID_GAUSSIAN,127
ELIGIBILITY_TRACE_64,64,1,3000,3000,1.0,64,IID_GAUSSIAN,127
EXACT_FIFO_64,64,1,1,3000,0.0003333333333333333,64,IID_GAUSSIAN,127
EXACT_FIFO_256,64,4,4,3000,0.0013333333333333333,256,IID_GAUSSIAN,127
EXACT_FIFO_1024,64,16,16,3000,0.005333333333333333,1024,IID_GAUSSIAN,127
EXACT_FIFO_4096,64,64,3000,3000,1.0,4096,IID_GAUSSIAN,127
CURRENT_FEATURE_64,64,1,3000,3000,1.0,64,IID_GAUSSIAN,127
EXACT_REPLAY_UNBOUNDED,64,64,3000,3000,1.0,4096,IID_GAUSSIAN,127
ELIGIBILITY_TRACE_64,1,1,3000,3000,1.0,64,IID_GAUSSIAN,128
EXACT_FIFO_64,1,1,3000,3000,1.0,64,IID_GAUSSIAN,128
EXACT_FIFO_256,1,4,3000,3000,1.0,64,IID_GAUSSIAN,128
EXACT_FIFO_1024,1,16,3000,3000,1.0,64,IID_GAUSSIAN,128
EXACT_FIFO_4096,1,64,3000,3000,1.0,64,IID_GAUSSIAN,128
CURRENT_FEATURE_64,1,1,3000,3000,1.0,64,IID_GAUSSIAN,128
EXACT_REPLAY_UNBOUNDED,1,1,3000,3000,1.0,64,IID_GAUSSIAN,128
ELIGIBILITY_TRACE_64,4,1,3000,3000,1.0,64,IID_GAUSSIAN,128
EXACT_FIFO_64,4,1,1,3000,0.0003333333333333333,64,IID_GAUSSIAN,128
EXACT_FIFO_256,4,4,3000,3000,1.0,256,IID_GAUSSIAN,128
EXACT_FIFO_1024,4,16,3000,3000,1.0,256,IID_GAUSSIAN,128
EXACT_FIFO_4096,4,64,3000,3000,1.0,256,IID_GAUSSIAN,128
CURRENT_FEATURE_64,4,1,3000,3000,1.0,64,IID_GAUSSIAN,128
EXACT_REPLAY_UNBOUNDED,4,4,3000,3000,1.0,256,IID_GAUSSIAN,128
ELIGIBILITY_TRACE_64,16,1,3000,3000,1.0,64,IID_GAUSSIAN,128
EXACT_FIFO_64,16,1,1,3000,0.0003333333333333333,64,IID_GAUSSIAN,128
EXACT_FIFO_256,16,4,4,3000,0.0013333333333333333,256,IID_GAUSSIAN,128
EXACT_FIFO_1024,16,16,3000,3000,1.0,1024,IID_GAUSSIAN,128
EXACT_FIFO_4096,16,64,3000,3000,1.0,1024,IID_GAUSSIAN,128
CURRENT_FEATURE_64,16,1,3000,3000,1.0,64,IID_GAUSSIAN,128
EXACT_REPLAY_UNBOUNDED,16,16,3000,3000,1.0,1024,IID_GAUSSIAN,128
ELIGIBILITY_TRACE_64,64,1,3000,3000,1.0,64,IID_GAUSSIAN,128
EXACT_FIFO_64,64,1,1,3000,0.0003333333333333333,64,IID_GAUSSIAN,128
EXACT_FIFO_256,64,4,4,3000,0.0013333333333333333,256,IID_GAUSSIAN,128
EXACT_FIFO_1024,64,16,16,3000,0.005333333333333333,1024,IID_GAUSSIAN,128
EXACT_FIFO_4096,64,64,3000,3000,1.0,4096,IID_GAUSSIAN,128
CURRENT_FEATURE_64,64,1,3000,3000,1.0,64,IID_GAUSSIAN,128
EXACT_REPLAY_UNBOUNDED,64,64,3000,3000,1.0,4096,IID_GAUSSIAN,128
ELIGIBILITY_TRACE_64,1,1,3000,3000,1.0,64,IID_GAUSSIAN,129
EXACT_FIFO_64,1,1,3000,3000,1.0,64,IID_GAUSSIAN,129
EXACT_FIFO_256,1,4,3000,3000,1.0,64,IID_GAUSSIAN,129
EXACT_FIFO_1024,1,16,3000,3000,1.0,64,IID_GAUSSIAN,129
EXACT_FIFO_4096,1,64,3000,3000,1.0,64,IID_GAUSSIAN,129
CURRENT_FEATURE_64,1,1,3000,3000,1.0,64,IID_GAUSSIAN,129
EXACT_REPLAY_UNBOUNDED,1,1,3000,3000,1.0,64,IID_GAUSSIAN,129
ELIGIBILITY_TRACE_64,4,1,3000,3000,1.0,64,IID_GAUSSIAN,129
EXACT_FIFO_64,4,1,1,3000,0.0003333333333333333,64,IID_GAUSSIAN,129
EXACT_FIFO_256,4,4,3000,3000,1.0,256,IID_GAUSSIAN,129
EXACT_FIFO_1024,4,16,3000,3000,1.0,256,IID_GAUSSIAN,129
EXACT_FIFO_4096,4,64,3000,3000,1.0,256,IID_GAUSSIAN,129
CURRENT_FEATURE_64,4,1,3000,3000,1.0,64,IID_GAUSSIAN,129
EXACT_REPLAY_UNBOUNDED,4,4,3000,3000,1.0,256,IID_GAUSSIAN,129
ELIGIBILITY_TRACE_64,16,1,3000,3000,1.0,64,IID_GAUSSIAN,129
EXACT_FIFO_64,16,1,1,3000,0.0003333333333333333,64,IID_GAUSSIAN,129
EXACT_FIFO_256,16,4,4,3000,0.0013333333333333333,256,IID_GAUSSIAN,129
EXACT_FIFO_1024,16,16,3000,3000,1.0,1024,IID_GAUSSIAN,129
EXACT_FIFO_4096,16,64,3000,3000,1.0,1024,IID_GAUSSIAN,129
CURRENT_FEATURE_64,16,1,3000,3000,1.0,64,IID_GAUSSIAN,129
EXACT_REPLAY_UNBOUNDED,16,16,3000,3000,1.0,1024,IID_GAUSSIAN,129
ELIGIBILITY_TRACE_64,64,1,3000,3000,1.0,64,IID_GAUSSIAN,129
EXACT_FIFO_64,64,1,1,3000,0.0003333333333333333,64,IID_GAUSSIAN,129
EXACT_FIFO_256,64,4,4,3000,0.0013333333333333333,256,IID_GAUSSIAN,129
EXACT_FIFO_1024,64,16,16,3000,0.005333333333333333,1024,IID_GAUSSIAN,129
EXACT_FIFO_4096,64,64,3000,3000,1.0,4096,IID_GAUSSIAN,129
CURRENT_FEATURE_64,64,1,3000,3000,1.0,64,IID_GAUSSIAN,129
EXACT_REPLAY_UNBOUNDED,64,64,3000,3000,1.0,4096,IID_GAUSSIAN,129
ELIGIBILITY_TRACE_64,1,1,3000,3000,1.0,64,AR1_GAUSSIAN,100
EXACT_FIFO_64,1,1,3000,3000,1.0,64,AR1_GAUSSIAN,100
EXACT_FIFO_256,1,4,3000,3000,1.0,64,AR1_GAUSSIAN,100
EXACT_FIFO_1024,1,16,3000,3000,1.0,64,AR1_GAUSSIAN,100
EXACT_FIFO_4096,1,64,3000,3000,1.0,64,AR1_GAUSSIAN,100
CURRENT_FEATURE_64,1,1,3000,3000,1.0,64,AR1_GAUSSIAN,100
EXACT_REPLAY_UNBOUNDED,1,1,3000,3000,1.0,64,AR1_GAUSSIAN,100
ELIGIBILITY_TRACE_64,4,1,3000,3000,1.0,64,AR1_GAUSSIAN,100
EXACT_FIFO_64,4,1,1,3000,0.0003333333333333333,64,AR1_GAUSSIAN,100
EXACT_FIFO_256,4,4,3000,3000,1.0,256,AR1_GAUSSIAN,100
EXACT_FIFO_1024,4,16,3000,3000,1.0,256,AR1_GAUSSIAN,100
EXACT_FIFO_4096,4,64,3000,3000,1.0,256,AR1_GAUSSIAN,100
CURRENT_FEATURE_64,4,1,3000,3000,1.0,64,AR1_GAUSSIAN,100
EXACT_REPLAY_UNBOUNDED,4,4,3000,3000,1.0,256,AR1_GAUSSIAN,100
ELIGIBILITY_TRACE_64,16,1,3000,3000,1.0,64,AR1_GAUSSIAN,100
EXACT_FIFO_64,16,1,1,3000,0.0003333333333333333,64,AR1_GAUSSIAN,100
EXACT_FIFO_256,16,4,4,3000,0.0013333333333333333,256,AR1_GAUSSIAN,100
EXACT_FIFO_1024,16,16,3000,3000,1.0,1024,AR1_GAUSSIAN,100
EXACT_FIFO_4096,16,64,3000,3000,1.0,1024,AR1_GAUSSIAN,100
CURRENT_FEATURE_64,16,1,3000,3000,1.0,64,AR1_GAUSSIAN,100
EXACT_REPLAY_UNBOUNDED,16,16,3000,3000,1.0,1024,AR1_GAUSSIAN,100
ELIGIBILITY_TRACE_64,64,1,3000,3000,1.0,64,AR1_GAUSSIAN,100
EXACT_FIFO_64,64,1,1,3000,0.0003333333333333333,64,AR1_GAUSSIAN,100
EXACT_FIFO_256,64,4,4,3000,0.0013333333333333333,256,AR1_GAUSSIAN,100
EXACT_FIFO_1024,64,16,16,3000,0.005333333333333333,1024,AR1_GAUSSIAN,100
EXACT_FIFO_4096,64,64,3000,3000,1.0,4096,AR1_GAUSSIAN,100
CURRENT_FEATURE_64,64,1,3000,3000,1.0,64,AR1_GAUSSIAN,100
EXACT_REPLAY_UNBOUNDED,64,64,3000,3000,1.0,4096,AR1_GAUSSIAN,100
ELIGIBILITY_TRACE_64,1,1,3000,3000,1.0,64,AR1_GAUSSIAN,101
EXACT_FIFO_64,1,1,3000,3000,1.0,64,AR1_GAUSSIAN,101
EXACT_FIFO_256,1,4,3000,3000,1.0,64,AR1_GAUSSIAN,101
EXACT_FIFO_1024,1,16,3000,3000,1.0,64,AR1_GAUSSIAN,101
EXACT_FIFO_4096,1,64,3000,3000,1.0,64,AR1_GAUSSIAN,101
CURRENT_FEATURE_64,1,1,3000,3000,1.0,64,AR1_GAUSSIAN,101
EXACT_REPLAY_UNBOUNDED,1,1,3000,3000,1.0,64,AR1_GAUSSIAN,101
ELIGIBILITY_TRACE_64,4,1,3000,3000,1.0,64,AR1_GAUSSIAN,101
EXACT_FIFO_64,4,1,1,3000,0.0003333333333333333,64,AR1_GAUSSIAN,101
EXACT_FIFO_256,4,4,3000,3000,1.0,256,AR1_GAUSSIAN,101
EXACT_FIFO_1024,4,16,3000,3000,1.0,256,AR1_GAUSSIAN,101
EXACT_FIFO_4096,4,64,3000,3000,1.0,256,AR1_GAUSSIAN,101
CURRENT_FEATURE_64,4,1,3000,3000,1.0,64,AR1_GAUSSIAN,101
EXACT_REPLAY_UNBOUNDED,4,4,3000,3000,1.0,256,AR1_GAUSSIAN,101
ELIGIBILITY_TRACE_64,16,1,3000,3000,1.0,64,AR1_GAUSSIAN,101
EXACT_FIFO_64,16,1,1,3000,0.0003333333333333333,64,AR1_GAUSSIAN,101
EXACT_FIFO_256,16,4,4,3000,0.0013333333333333333,256,AR1_GAUSSIAN,101
EXACT_FIFO_1024,16,16,3000,3000,1.0,1024,AR1_GAUSSIAN,101
EXACT_FIFO_4096,16,64,3000,3000,1.0,1024,AR1_GAUSSIAN,101
CURRENT_FEATURE_64,16,1,3000,3000,1.0,64,AR1_GAUSSIAN,101
EXACT_REPLAY_UNBOUNDED,16,16,3000,3000,1.0,1024,AR1_GAUSSIAN,101
ELIGIBILITY_TRACE_64,64,1,3000,3000,1.0,64,AR1_GAUSSIAN,101
EXACT_FIFO_64,64,1,1,3000,0.0003333333333333333,64,AR1_GAUSSIAN,101
EXACT_FIFO_256,64,4,4,3000,0.0013333333333333333,256,AR1_GAUSSIAN,101
EXACT_FIFO_1024,64,16,16,3000,0.005333333333333333,1024,AR1_GAUSSIAN,101
EXACT_FIFO_4096,64,64,3000,3000,1.0,4096,AR1_GAUSSIAN,101
CURRENT_FEATURE_64,64,1,3000,3000,1.0,64,AR1_GAUSSIAN,101
EXACT_REPLAY_UNBOUNDED,64,64,3000,3000,1.0,4096,AR1_GAUSSIAN,101
ELIGIBILITY_TRACE_64,1,1,3000,3000,1.0,64,AR1_GAUSSIAN,102
EXACT_FIFO_64,1,1,3000,3000,1.0,64,AR1_GAUSSIAN,102
EXACT_FIFO_256,1,4,3000,3000,1.0,64,AR1_GAUSSIAN,102
EXACT_FIFO_1024,1,16,3000,3000,1.0,64,AR1_GAUSSIAN,102
EXACT_FIFO_4096,1,64,3000,3000,1.0,64,AR1_GAUSSIAN,102
CURRENT_FEATURE_64,1,1,3000,3000,1.0,64,AR1_GAUSSIAN,102
EXACT_REPLAY_UNBOUNDED,1,1,3000,3000,1.0,64,AR1_GAUSSIAN,102
ELIGIBILITY_TRACE_64,4,1,3000,3000,1.0,64,AR1_GAUSSIAN,102
EXACT_FIFO_64,4,1,1,3000,0.0003333333333333333,64,AR1_GAUSSIAN,102
EXACT_FIFO_256,4,4,3000,3000,1.0,256,AR1_GAUSSIAN,102
EXACT_FIFO_1024,4,16,3000,3000,1.0,256,AR1_GAUSSIAN,102
EXACT_FIFO_4096,4,64,3000,3000,1.0,256,AR1_GAUSSIAN,102
CURRENT_FEATURE_64,4,1,3000,3000,1.0,64,AR1_GAUSSIAN,102
EXACT_REPLAY_UNBOUNDED,4,4,3000,3000,1.0,256,AR1_GAUSSIAN,102
ELIGIBILITY_TRACE_64,16,1,3000,3000,1.0,64,AR1_GAUSSIAN,102
EXACT_FIFO_64,16,1,1,3000,0.0003333333333333333,64,AR1_GAUSSIAN,102
EXACT_FIFO_256,16,4,4,3000,0.0013333333333333333,256,AR1_GAUSSIAN,102
EXACT_FIFO_1024,16,16,3000,3000,1.0,1024,AR1_GAUSSIAN,102
EXACT_FIFO_4096,16,64,3000,3000,1.0,1024,AR1_GAUSSIAN,102
CURRENT_FEATURE_64,16,1,3000,3000,1.0,64,AR1_GAUSSIAN,102
EXACT_REPLAY_UNBOUNDED,16,16,3000,3000,1.0,1024,AR1_GAUSSIAN,102
ELIGIBILITY_TRACE_64,64,1,3000,3000,1.0,64,AR1_GAUSSIAN,102
EXACT_FIFO_64,64,1,1,3000,0.0003333333333333333,64,AR1_GAUSSIAN,102
EXACT_FIFO_256,64,4,4,3000,0.0013333333333333333,256,AR1_GAUSSIAN,102
EXACT_FIFO_1024,64,16,16,3000,0.005333333333333333,1024,AR1_GAUSSIAN,102
EXACT_FIFO_4096,64,64,3000,3000,1.0,4096,AR1_GAUSSIAN,102
CURRENT_FEATURE_64,64,1,3000,3000,1.0,64,AR1_GAUSSIAN,102
EXACT_REPLAY_UNBOUNDED,64,64,3000,3000,1.0,4096,AR1_GAUSSIAN,102
ELIGIBILITY_TRACE_64,1,1,3000,3000,1.0,64,AR1_GAUSSIAN,103
EXACT_FIFO_64,1,1,3000,3000,1.0,64,AR1_GAUSSIAN,103
EXACT_FIFO_256,1,4,3000,3000,1.0,64,AR1_GAUSSIAN,103
EXACT_FIFO_1024,1,16,3000,3000,1.0,64,AR1_GAUSSIAN,103
EXACT_FIFO_4096,1,64,3000,3000,1.0,64,AR1_GAUSSIAN,103
CURRENT_FEATURE_64,1,1,3000,3000,1.0,64,AR1_GAUSSIAN,103
EXACT_REPLAY_UNBOUNDED,1,1,3000,3000,1.0,64,AR1_GAUSSIAN,103
ELIGIBILITY_TRACE_64,4,1,3000,3000,1.0,64,AR1_GAUSSIAN,103
EXACT_FIFO_64,4,1,1,3000,0.0003333333333333333,64,AR1_GAUSSIAN,103
EXACT_FIFO_256,4,4,3000,3000,1.0,256,AR1_GAUSSIAN,103
EXACT_FIFO_1024,4,16,3000,3000,1.0,256,AR1_GAUSSIAN,103
EXACT_FIFO_4096,4,64,3000,3000,1.0,256,AR1_GAUSSIAN,103
CURRENT_FEATURE_64,4,1,3000,3000,1.0,64,AR1_GAUSSIAN,103
EXACT_REPLAY_UNBOUNDED,4,4,3000,3000,1.0,256,AR1_GAUSSIAN,103
ELIGIBILITY_TRACE_64,16,1,3000,3000,1.0,64,AR1_GAUSSIAN,103
EXACT_FIFO_64,16,1,1,3000,0.0003333333333333333,64,AR1_GAUSSIAN,103
EXACT_FIFO_256,16,4,4,3000,0.0013333333333333333,256,AR1_GAUSSIAN,103
EXACT_FIFO_1024,16,16,3000,3000,1.0,1024,AR1_GAUSSIAN,103
EXACT_FIFO_4096,16,64,3000,3000,1.0,1024,AR1_GAUSSIAN,103
CURRENT_FEATURE_64,16,1,3000,3000,1.0,64,AR1_GAUSSIAN,103
EXACT_REPLAY_UNBOUNDED,16,16,3000,3000,1.0,1024,AR1_GAUSSIAN,103
ELIGIBILITY_TRACE_64,64,1,3000,3000,1.0,64,AR1_GAUSSIAN,103
EXACT_FIFO_64,64,1,1,3000,0.0003333333333333333,64,AR1_GAUSSIAN,103
EXACT_FIFO_256,64,4,4,3000,0.0013333333333333333,256,AR1_GAUSSIAN,103
EXACT_FIFO_1024,64,16,16,3000,0.005333333333333333,1024,AR1_GAUSSIAN,103
EXACT_FIFO_4096,64,64,3000,3000,1.0,4096,AR1_GAUSSIAN,103
CURRENT_FEATURE_64,64,1,3000,3000,1.0,64,AR1_GAUSSIAN,103
EXACT_REPLAY_UNBOUNDED,64,64,3000,3000,1.0,4096,AR1_GAUSSIAN,103
ELIGIBILITY_TRACE_64,1,1,3000,3000,1.0,64,AR1_GAUSSIAN,104
EXACT_FIFO_64,1,1,3000,3000,1.0,64,AR1_GAUSSIAN,104
EXACT_FIFO_256,1,4,3000,3000,1.0,64,AR1_GAUSSIAN,104
EXACT_FIFO_1024,1,16,3000,3000,1.0,64,AR1_GAUSSIAN,104
EXACT_FIFO_4096,1,64,3000,3000,1.0,64,AR1_GAUSSIAN,104
CURRENT_FEATURE_64,1,1,3000,3000,1.0,64,AR1_GAUSSIAN,104
EXACT_REPLAY_UNBOUNDED,1,1,3000,3000,1.0,64,AR1_GAUSSIAN,104
ELIGIBILITY_TRACE_64,4,1,3000,3000,1.0,64,AR1_GAUSSIAN,104
EXACT_FIFO_64,4,1,1,3000,0.0003333333333333333,64,AR1_GAUSSIAN,104
EXACT_FIFO_256,4,4,3000,3000,1.0,256,AR1_GAUSSIAN,104
EXACT_FIFO_1024,4,16,3000,3000,1.0,256,AR1_GAUSSIAN,104
EXACT_FIFO_4096,4,64,3000,3000,1.0,256,AR1_GAUSSIAN,104
CURRENT_FEATURE_64,4,1,3000,3000,1.0,64,AR1_GAUSSIAN,104
EXACT_REPLAY_UNBOUNDED,4,4,3000,3000,1.0,256,AR1_GAUSSIAN,104
ELIGIBILITY_TRACE_64,16,1,3000,3000,1.0,64,AR1_GAUSSIAN,104
EXACT_FIFO_64,16,1,1,3000,0.0003333333333333333,64,AR1_GAUSSIAN,104
EXACT_FIFO_256,16,4,4,3000,0.0013333333333333333,256,AR1_GAUSSIAN,104
EXACT_FIFO_1024,16,16,3000,3000,1.0,1024,AR1_GAUSSIAN,104
EXACT_FIFO_4096,16,64,3000,3000,1.0,1024,AR1_GAUSSIAN,104
CURRENT_FEATURE_64,16,1,3000,3000,1.0,64,AR1_GAUSSIAN,104
EXACT_REPLAY_UNBOUNDED,16,16,3000,3000,1.0,1024,AR1_GAUSSIAN,104
ELIGIBILITY_TRACE_64,64,1,3000,3000,1.0,64,AR1_GAUSSIAN,104
EXACT_FIFO_64,64,1,1,3000,0.0003333333333333333,64,AR1_GAUSSIAN,104
EXACT_FIFO_256,64,4,4,3000,0.0013333333333333333,256,AR1_GAUSSIAN,104
EXACT_FIFO_1024,64,16,16,3000,0.005333333333333333,1024,AR1_GAUSSIAN,104
EXACT_FIFO_4096,64,64,3000,3000,1.0,4096,AR1_GAUSSIAN,104
CURRENT_FEATURE_64,64,1,3000,3000,1.0,64,AR1_GAUSSIAN,104
EXACT_REPLAY_UNBOUNDED,64,64,3000,3000,1.0,4096,AR1_GAUSSIAN,104
ELIGIBILITY_TRACE_64,1,1,3000,3000,1.0,64,AR1_GAUSSIAN,105
EXACT_FIFO_64,1,1,3000,3000,1.0,64,AR1_GAUSSIAN,105
EXACT_FIFO_256,1,4,3000,3000,1.0,64,AR1_GAUSSIAN,105
EXACT_FIFO_1024,1,16,3000,3000,1.0,64,AR1_GAUSSIAN,105
EXACT_FIFO_4096,1,64,3000,3000,1.0,64,AR1_GAUSSIAN,105
CURRENT_FEATURE_64,1,1,3000,3000,1.0,64,AR1_GAUSSIAN,105
EXACT_REPLAY_UNBOUNDED,1,1,3000,3000,1.0,64,AR1_GAUSSIAN,105
ELIGIBILITY_TRACE_64,4,1,3000,3000,1.0,64,AR1_GAUSSIAN,105
EXACT_FIFO_64,4,1,1,3000,0.0003333333333333333,64,AR1_GAUSSIAN,105
EXACT_FIFO_256,4,4,3000,3000,1.0,256,AR1_GAUSSIAN,105
EXACT_FIFO_1024,4,16,3000,3000,1.0,256,AR1_GAUSSIAN,105
EXACT_FIFO_4096,4,64,3000,3000,1.0,256,AR1_GAUSSIAN,105
CURRENT_FEATURE_64,4,1,3000,3000,1.0,64,AR1_GAUSSIAN,105
EXACT_REPLAY_UNBOUNDED,4,4,3000,3000,1.0,256,AR1_GAUSSIAN,105
ELIGIBILITY_TRACE_64,16,1,3000,3000,1.0,64,AR1_GAUSSIAN,105
EXACT_FIFO_64,16,1,1,3000,0.0003333333333333333,64,AR1_GAUSSIAN,105
EXACT_FIFO_256,16,4,4,3000,0.0013333333333333333,256,AR1_GAUSSIAN,105
EXACT_FIFO_1024,16,16,3000,3000,1.0,1024,AR1_GAUSSIAN,105
EXACT_FIFO_4096,16,64,3000,3000,1.0,1024,AR1_GAUSSIAN,105
CURRENT_FEATURE_64,16,1,3000,3000,1.0,64,AR1_GAUSSIAN,105
EXACT_REPLAY_UNBOUNDED,16,16,3000,3000,1.0,1024,AR1_GAUSSIAN,105
ELIGIBILITY_TRACE_64,64,1,3000,3000,1.0,64,AR1_GAUSSIAN,105
EXACT_FIFO_64,64,1,1,3000,0.0003333333333333333,64,AR1_GAUSSIAN,105
EXACT_FIFO_256,64,4,4,3000,0.0013333333333333333,256,AR1_GAUSSIAN,105
EXACT_FIFO_1024,64,16,16,3000,0.005333333333333333,1024,AR1_GAUSSIAN,105
EXACT_FIFO_4096,64,64,3000,3000,1.0,4096,AR1_GAUSSIAN,105
CURRENT_FEATURE_64,64,1,3000,3000,1.0,64,AR1_GAUSSIAN,105
EXACT_REPLAY_UNBOUNDED,64,64,3000,3000,1.0,4096,AR1_GAUSSIAN,105
ELIGIBILITY_TRACE_64,1,1,3000,3000,1.0,64,AR1_GAUSSIAN,106
EXACT_FIFO_64,1,1,3000,3000,1.0,64,AR1_GAUSSIAN,106
EXACT_FIFO_256,1,4,3000,3000,1.0,64,AR1_GAUSSIAN,106
EXACT_FIFO_1024,1,16,3000,3000,1.0,64,AR1_GAUSSIAN,106
EXACT_FIFO_4096,1,64,3000,3000,1.0,64,AR1_GAUSSIAN,106
CURRENT_FEATURE_64,1,1,3000,3000,1.0,64,AR1_GAUSSIAN,106
EXACT_REPLAY_UNBOUNDED,1,1,3000,3000,1.0,64,AR1_GAUSSIAN,106
ELIGIBILITY_TRACE_64,4,1,3000,3000,1.0,64,AR1_GAUSSIAN,106
EXACT_FIFO_64,4,1,1,3000,0.0003333333333333333,64,AR1_GAUSSIAN,106
EXACT_FIFO_256,4,4,3000,3000,1.0,256,AR1_GAUSSIAN,106
EXACT_FIFO_1024,4,16,3000,3000,1.0,256,AR1_GAUSSIAN,106
EXACT_FIFO_4096,4,64,3000,3000,1.0,256,AR1_GAUSSIAN,106
CURRENT_FEATURE_64,4,1,3000,3000,1.0,64,AR1_GAUSSIAN,106
EXACT_REPLAY_UNBOUNDED,4,4,3000,3000,1.0,256,AR1_GAUSSIAN,106
ELIGIBILITY_TRACE_64,16,1,3000,3000,1.0,64,AR1_GAUSSIAN,106
EXACT_FIFO_64,16,1,1,3000,0.0003333333333333333,64,AR1_GAUSSIAN,106
EXACT_FIFO_256,16,4,4,3000,0.0013333333333333333,256,AR1_GAUSSIAN,106
EXACT_FIFO_1024,16,16,3000,3000,1.0,1024,AR1_GAUSSIAN,106
EXACT_FIFO_4096,16,64,3000,3000,1.0,1024,AR1_GAUSSIAN,106
CURRENT_FEATURE_64,16,1,3000,3000,1.0,64,AR1_GAUSSIAN,106
EXACT_REPLAY_UNBOUNDED,16,16,3000,3000,1.0,1024,AR1_GAUSSIAN,106
ELIGIBILITY_TRACE_64,64,1,3000,3000,1.0,64,AR1_GAUSSIAN,106
EXACT_FIFO_64,64,1,1,3000,0.0003333333333333333,64,AR1_GAUSSIAN,106
EXACT_FIFO_256,64,4,4,3000,0.0013333333333333333,256,AR1_GAUSSIAN,106
EXACT_FIFO_1024,64,16,16,3000,0.005333333333333333,1024,AR1_GAUSSIAN,106
EXACT_FIFO_4096,64,64,3000,3000,1.0,4096,AR1_GAUSSIAN,106
CURRENT_FEATURE_64,64,1,3000,3000,1.0,64,AR1_GAUSSIAN,106
EXACT_REPLAY_UNBOUNDED,64,64,3000,3000,1.0,4096,AR1_GAUSSIAN,106
ELIGIBILITY_TRACE_64,1,1,3000,3000,1.0,64,AR1_GAUSSIAN,107
EXACT_FIFO_64,1,1,3000,3000,1.0,64,AR1_GAUSSIAN,107
EXACT_FIFO_256,1,4,3000,3000,1.0,64,AR1_GAUSSIAN,107
EXACT_FIFO_1024,1,16,3000,3000,1.0,64,AR1_GAUSSIAN,107
EXACT_FIFO_4096,1,64,3000,3000,1.0,64,AR1_GAUSSIAN,107
CURRENT_FEATURE_64,1,1,3000,3000,1.0,64,AR1_GAUSSIAN,107
EXACT_REPLAY_UNBOUNDED,1,1,3000,3000,1.0,64,AR1_GAUSSIAN,107
ELIGIBILITY_TRACE_64,4,1,3000,3000,1.0,64,AR1_GAUSSIAN,107
EXACT_FIFO_64,4,1,1,3000,0.0003333333333333333,64,AR1_GAUSSIAN,107
EXACT_FIFO_256,4,4,3000,3000,1.0,256,AR1_GAUSSIAN,107
EXACT_FIFO_1024,4,16,3000,3000,1.0,256,AR1_GAUSSIAN,107
EXACT_FIFO_4096,4,64,3000,3000,1.0,256,AR1_GAUSSIAN,107
CURRENT_FEATURE_64,4,1,3000,3000,1.0,64,AR1_GAUSSIAN,107
EXACT_REPLAY_UNBOUNDED,4,4,3000,3000,1.0,256,AR1_GAUSSIAN,107
ELIGIBILITY_TRACE_64,16,1,3000,3000,1.0,64,AR1_GAUSSIAN,107
EXACT_FIFO_64,16,1,1,3000,0.0003333333333333333,64,AR1_GAUSSIAN,107
EXACT_FIFO_256,16,4,4,3000,0.0013333333333333333,256,AR1_GAUSSIAN,107
EXACT_FIFO_1024,16,16,3000,3000,1.0,1024,AR1_GAUSSIAN,107
EXACT_FIFO_4096,16,64,3000,3000,1.0,1024,AR1_GAUSSIAN,107
CURRENT_FEATURE_64,16,1,3000,3000,1.0,64,AR1_GAUSSIAN,107
EXACT_REPLAY_UNBOUNDED,16,16,3000,3000,1.0,1024,AR1_GAUSSIAN,107
ELIGIBILITY_TRACE_64,64,1,3000,3000,1.0,64,AR1_GAUSSIAN,107
EXACT_FIFO_64,64,1,1,3000,0.0003333333333333333,64,AR1_GAUSSIAN,107
EXACT_FIFO_256,64,4,4,3000,0.0013333333333333333,256,AR1_GAUSSIAN,107
EXACT_FIFO_1024,64,16,16,3000,0.005333333333333333,1024,AR1_GAUSSIAN,107
EXACT_FIFO_4096,64,64,3000,3000,1.0,4096,AR1_GAUSSIAN,107
CURRENT_FEATURE_64,64,1,3000,3000,1.0,64,AR1_GAUSSIAN,107
EXACT_REPLAY_UNBOUNDED,64,64,3000,3000,1.0,4096,AR1_GAUSSIAN,107
ELIGIBILITY_TRACE_64,1,1,3000,3000,1.0,64,AR1_GAUSSIAN,108
EXACT_FIFO_64,1,1,3000,3000,1.0,64,AR1_GAUSSIAN,108
EXACT_FIFO_256,1,4,3000,3000,1.0,64,AR1_GAUSSIAN,108
EXACT_FIFO_1024,1,16,3000,3000,1.0,64,AR1_GAUSSIAN,108
EXACT_FIFO_4096,1,64,3000,3000,1.0,64,AR1_GAUSSIAN,108
CURRENT_FEATURE_64,1,1,3000,3000,1.0,64,AR1_GAUSSIAN,108
EXACT_REPLAY_UNBOUNDED,1,1,3000,3000,1.0,64,AR1_GAUSSIAN,108
ELIGIBILITY_TRACE_64,4,1,3000,3000,1.0,64,AR1_GAUSSIAN,108
EXACT_FIFO_64,4,1,1,3000,0.0003333333333333333,64,AR1_GAUSSIAN,108
EXACT_FIFO_256,4,4,3000,3000,1.0,256,AR1_GAUSSIAN,108
EXACT_FIFO_1024,4,16,3000,3000,1.0,256,AR1_GAUSSIAN,108
EXACT_FIFO_4096,4,64,3000,3000,1.0,256,AR1_GAUSSIAN,108
CURRENT_FEATURE_64,4,1,3000,3000,1.0,64,AR1_GAUSSIAN,108
EXACT_REPLAY_UNBOUNDED,4,4,3000,3000,1.0,256,AR1_GAUSSIAN,108
ELIGIBILITY_TRACE_64,16,1,3000,3000,1.0,64,AR1_GAUSSIAN,108
EXACT_FIFO_64,16,1,1,3000,0.0003333333333333333,64,AR1_GAUSSIAN,108
EXACT_FIFO_256,16,4,4,3000,0.0013333333333333333,256,AR1_GAUSSIAN,108
EXACT_FIFO_1024,16,16,3000,3000,1.0,1024,AR1_GAUSSIAN,108
EXACT_FIFO_4096,16,64,3000,3000,1.0,1024,AR1_GAUSSIAN,108
CURRENT_FEATURE_64,16,1,3000,3000,1.0,64,AR1_GAUSSIAN,108
EXACT_REPLAY_UNBOUNDED,16,16,3000,3000,1.0,1024,AR1_GAUSSIAN,108
ELIGIBILITY_TRACE_64,64,1,3000,3000,1.0,64,AR1_GAUSSIAN,108
EXACT_FIFO_64,64,1,1,3000,0.0003333333333333333,64,AR1_GAUSSIAN,108
EXACT_FIFO_256,64,4,4,3000,0.0013333333333333333,256,AR1_GAUSSIAN,108
EXACT_FIFO_1024,64,16,16,3000,0.005333333333333333,1024,AR1_GAUSSIAN,108
EXACT_FIFO_4096,64,64,3000,3000,1.0,4096,AR1_GAUSSIAN,108
CURRENT_FEATURE_64,64,1,3000,3000,1.0,64,AR1_GAUSSIAN,108
EXACT_REPLAY_UNBOUNDED,64,64,3000,3000,1.0,4096,AR1_GAUSSIAN,108
ELIGIBILITY_TRACE_64,1,1,3000,3000,1.0,64,AR1_GAUSSIAN,109
EXACT_FIFO_64,1,1,3000,3000,1.0,64,AR1_GAUSSIAN,109
EXACT_FIFO_256,1,4,3000,3000,1.0,64,AR1_GAUSSIAN,109
EXACT_FIFO_1024,1,16,3000,3000,1.0,64,AR1_GAUSSIAN,109
EXACT_FIFO_4096,1,64,3000,3000,1.0,64,AR1_GAUSSIAN,109
CURRENT_FEATURE_64,1,1,3000,3000,1.0,64,AR1_GAUSSIAN,109
EXACT_REPLAY_UNBOUNDED,1,1,3000,3000,1.0,64,AR1_GAUSSIAN,109
ELIGIBILITY_TRACE_64,4,1,3000,3000,1.0,64,AR1_GAUSSIAN,109
EXACT_FIFO_64,4,1,1,3000,0.0003333333333333333,64,AR1_GAUSSIAN,109
EXACT_FIFO_256,4,4,3000,3000,1.0,256,AR1_GAUSSIAN,109
EXACT_FIFO_1024,4,16,3000,3000,1.0,256,AR1_GAUSSIAN,109
EXACT_FIFO_4096,4,64,3000,3000,1.0,256,AR1_GAUSSIAN,109
CURRENT_FEATURE_64,4,1,3000,3000,1.0,64,AR1_GAUSSIAN,109
EXACT_REPLAY_UNBOUNDED,4,4,3000,3000,1.0,256,AR1_GAUSSIAN,109
ELIGIBILITY_TRACE_64,16,1,3000,3000,1.0,64,AR1_GAUSSIAN,109
EXACT_FIFO_64,16,1,1,3000,0.0003333333333333333,64,AR1_GAUSSIAN,109
EXACT_FIFO_256,16,4,4,3000,0.0013333333333333333,256,AR1_GAUSSIAN,109
EXACT_FIFO_1024,16,16,3000,3000,1.0,1024,AR1_GAUSSIAN,109
EXACT_FIFO_4096,16,64,3000,3000,1.0,1024,AR1_GAUSSIAN,109
CURRENT_FEATURE_64,16,1,3000,3000,1.0,64,AR1_GAUSSIAN,109
EXACT_REPLAY_UNBOUNDED,16,16,3000,3000,1.0,1024,AR1_GAUSSIAN,109
ELIGIBILITY_TRACE_64,64,1,3000,3000,1.0,64,AR1_GAUSSIAN,109
EXACT_FIFO_64,64,1,1,3000,0.0003333333333333333,64,AR1_GAUSSIAN,109
EXACT_FIFO_256,64,4,4,3000,0.0013333333333333333,256,AR1_GAUSSIAN,109
EXACT_FIFO_1024,64,16,16,3000,0.005333333333333333,1024,AR1_GAUSSIAN,109
EXACT_FIFO_4096,64,64,3000,3000,1.0,4096,AR1_GAUSSIAN,109
CURRENT_FEATURE_64,64,1,3000,3000,1.0,64,AR1_GAUSSIAN,109
EXACT_REPLAY_UNBOUNDED,64,64,3000,3000,1.0,4096,AR1_GAUSSIAN,109
ELIGIBILITY_TRACE_64,1,1,3000,3000,1.0,64,AR1_GAUSSIAN,110
EXACT_FIFO_64,1,1,3000,3000,1.0,64,AR1_GAUSSIAN,110
EXACT_FIFO_256,1,4,3000,3000,1.0,64,AR1_GAUSSIAN,110
EXACT_FIFO_1024,1,16,3000,3000,1.0,64,AR1_GAUSSIAN,110
EXACT_FIFO_4096,1,64,3000,3000,1.0,64,AR1_GAUSSIAN,110
CURRENT_FEATURE_64,1,1,3000,3000,1.0,64,AR1_GAUSSIAN,110
EXACT_REPLAY_UNBOUNDED,1,1,3000,3000,1.0,64,AR1_GAUSSIAN,110
ELIGIBILITY_TRACE_64,4,1,3000,3000,1.0,64,AR1_GAUSSIAN,110
EXACT_FIFO_64,4,1,1,3000,0.0003333333333333333,64,AR1_GAUSSIAN,110
EXACT_FIFO_256,4,4,3000,3000,1.0,256,AR1_GAUSSIAN,110
EXACT_FIFO_1024,4,16,3000,3000,1.0,256,AR1_GAUSSIAN,110
EXACT_FIFO_4096,4,64,3000,3000,1.0,256,AR1_GAUSSIAN,110
CURRENT_FEATURE_64,4,1,3000,3000,1.0,64,AR1_GAUSSIAN,110
EXACT_REPLAY_UNBOUNDED,4,4,3000,3000,1.0,256,AR1_GAUSSIAN,110
ELIGIBILITY_TRACE_64,16,1,3000,3000,1.0,64,AR1_GAUSSIAN,110
EXACT_FIFO_64,16,1,1,3000,0.0003333333333333333,64,AR1_GAUSSIAN,110
EXACT_FIFO_256,16,4,4,3000,0.0013333333333333333,256,AR1_GAUSSIAN,110
EXACT_FIFO_1024,16,16,3000,3000,1.0,1024,AR1_GAUSSIAN,110
EXACT_FIFO_4096,16,64,3000,3000,1.0,1024,AR1_GAUSSIAN,110
CURRENT_FEATURE_64,16,1,3000,3000,1.0,64,AR1_GAUSSIAN,110
EXACT_REPLAY_UNBOUNDED,16,16,3000,3000,1.0,1024,AR1_GAUSSIAN,110
ELIGIBILITY_TRACE_64,64,1,3000,3000,1.0,64,AR1_GAUSSIAN,110
EXACT_FIFO_64,64,1,1,3000,0.0003333333333333333,64,AR1_GAUSSIAN,110
EXACT_FIFO_256,64,4,4,3000,0.0013333333333333333,256,AR1_GAUSSIAN,110
EXACT_FIFO_1024,64,16,16,3000,0.005333333333333333,1024,AR1_GAUSSIAN,110
EXACT_FIFO_4096,64,64,3000,3000,1.0,4096,AR1_GAUSSIAN,110
CURRENT_FEATURE_64,64,1,3000,3000,1.0,64,AR1_GAUSSIAN,110
EXACT_REPLAY_UNBOUNDED,64,64,3000,3000,1.0,4096,AR1_GAUSSIAN,110
ELIGIBILITY_TRACE_64,1,1,3000,3000,1.0,64,AR1_GAUSSIAN,111
EXACT_FIFO_64,1,1,3000,3000,1.0,64,AR1_GAUSSIAN,111
EXACT_FIFO_256,1,4,3000,3000,1.0,64,AR1_GAUSSIAN,111
EXACT_FIFO_1024,1,16,3000,3000,1.0,64,AR1_GAUSSIAN,111
EXACT_FIFO_4096,1,64,3000,3000,1.0,64,AR1_GAUSSIAN,111
CURRENT_FEATURE_64,1,1,3000,3000,1.0,64,AR1_GAUSSIAN,111
EXACT_REPLAY_UNBOUNDED,1,1,3000,3000,1.0,64,AR1_GAUSSIAN,111
ELIGIBILITY_TRACE_64,4,1,3000,3000,1.0,64,AR1_GAUSSIAN,111
EXACT_FIFO_64,4,1,1,3000,0.0003333333333333333,64,AR1_GAUSSIAN,111
EXACT_FIFO_256,4,4,3000,3000,1.0,256,AR1_GAUSSIAN,111
EXACT_FIFO_1024,4,16,3000,3000,1.0,256,AR1_GAUSSIAN,111
EXACT_FIFO_4096,4,64,3000,3000,1.0,256,AR1_GAUSSIAN,111
CURRENT_FEATURE_64,4,1,3000,3000,1.0,64,AR1_GAUSSIAN,111
EXACT_REPLAY_UNBOUNDED,4,4,3000,3000,1.0,256,AR1_GAUSSIAN,111
ELIGIBILITY_TRACE_64,16,1,3000,3000,1.0,64,AR1_GAUSSIAN,111
EXACT_FIFO_64,16,1,1,3000,0.0003333333333333333,64,AR1_GAUSSIAN,111
EXACT_FIFO_256,16,4,4,3000,0.0013333333333333333,256,AR1_GAUSSIAN,111
EXACT_FIFO_1024,16,16,3000,3000,1.0,1024,AR1_GAUSSIAN,111
EXACT_FIFO_4096,16,64,3000,3000,1.0,1024,AR1_GAUSSIAN,111
CURRENT_FEATURE_64,16,1,3000,3000,1.0,64,AR1_GAUSSIAN,111
EXACT_REPLAY_UNBOUNDED,16,16,3000,3000,1.0,1024,AR1_GAUSSIAN,111
ELIGIBILITY_TRACE_64,64,1,3000,3000,1.0,64,AR1_GAUSSIAN,111
EXACT_FIFO_64,64,1,1,3000,0.0003333333333333333,64,AR1_GAUSSIAN,111
EXACT_FIFO_256,64,4,4,3000,0.0013333333333333333,256,AR1_GAUSSIAN,111
EXACT_FIFO_1024,64,16,16,3000,0.005333333333333333,1024,AR1_GAUSSIAN,111
EXACT_FIFO_4096,64,64,3000,3000,1.0,4096,AR1_GAUSSIAN,111
CURRENT_FEATURE_64,64,1,3000,3000,1.0,64,AR1_GAUSSIAN,111
EXACT_REPLAY_UNBOUNDED,64,64,3000,3000,1.0,4096,AR1_GAUSSIAN,111
ELIGIBILITY_TRACE_64,1,1,3000,3000,1.0,64,AR1_GAUSSIAN,112
EXACT_FIFO_64,1,1,3000,3000,1.0,64,AR1_GAUSSIAN,112
EXACT_FIFO_256,1,4,3000,3000,1.0,64,AR1_GAUSSIAN,112
EXACT_FIFO_1024,1,16,3000,3000,1.0,64,AR1_GAUSSIAN,112
EXACT_FIFO_4096,1,64,3000,3000,1.0,64,AR1_GAUSSIAN,112
CURRENT_FEATURE_64,1,1,3000,3000,1.0,64,AR1_GAUSSIAN,112
EXACT_REPLAY_UNBOUNDED,1,1,3000,3000,1.0,64,AR1_GAUSSIAN,112
ELIGIBILITY_TRACE_64,4,1,3000,3000,1.0,64,AR1_GAUSSIAN,112
EXACT_FIFO_64,4,1,1,3000,0.0003333333333333333,64,AR1_GAUSSIAN,112
EXACT_FIFO_256,4,4,3000,3000,1.0,256,AR1_GAUSSIAN,112
EXACT_FIFO_1024,4,16,3000,3000,1.0,256,AR1_GAUSSIAN,112
EXACT_FIFO_4096,4,64,3000,3000,1.0,256,AR1_GAUSSIAN,112
CURRENT_FEATURE_64,4,1,3000,3000,1.0,64,AR1_GAUSSIAN,112
EXACT_REPLAY_UNBOUNDED,4,4,3000,3000,1.0,256,AR1_GAUSSIAN,112
ELIGIBILITY_TRACE_64,16,1,3000,3000,1.0,64,AR1_GAUSSIAN,112
EXACT_FIFO_64,16,1,1,3000,0.0003333333333333333,64,AR1_GAUSSIAN,112
EXACT_FIFO_256,16,4,4,3000,0.0013333333333333333,256,AR1_GAUSSIAN,112
EXACT_FIFO_1024,16,16,3000,3000,1.0,1024,AR1_GAUSSIAN,112
EXACT_FIFO_4096,16,64,3000,3000,1.0,1024,AR1_GAUSSIAN,112
CURRENT_FEATURE_64,16,1,3000,3000,1.0,64,AR1_GAUSSIAN,112
EXACT_REPLAY_UNBOUNDED,16,16,3000,3000,1.0,1024,AR1_GAUSSIAN,112
ELIGIBILITY_TRACE_64,64,1,3000,3000,1.0,64,AR1_GAUSSIAN,112
EXACT_FIFO_64,64,1,1,3000,0.0003333333333333333,64,AR1_GAUSSIAN,112
EXACT_FIFO_256,64,4,4,3000,0.0013333333333333333,256,AR1_GAUSSIAN,112
EXACT_FIFO_1024,64,16,16,3000,0.005333333333333333,1024,AR1_GAUSSIAN,112
EXACT_FIFO_4096,64,64,3000,3000,1.0,4096,AR1_GAUSSIAN,112
CURRENT_FEATURE_64,64,1,3000,3000,1.0,64,AR1_GAUSSIAN,112
EXACT_REPLAY_UNBOUNDED,64,64,3000,3000,1.0,4096,AR1_GAUSSIAN,112
ELIGIBILITY_TRACE_64,1,1,3000,3000,1.0,64,AR1_GAUSSIAN,113
EXACT_FIFO_64,1,1,3000,3000,1.0,64,AR1_GAUSSIAN,113
EXACT_FIFO_256,1,4,3000,3000,1.0,64,AR1_GAUSSIAN,113
EXACT_FIFO_1024,1,16,3000,3000,1.0,64,AR1_GAUSSIAN,113
EXACT_FIFO_4096,1,64,3000,3000,1.0,64,AR1_GAUSSIAN,113
CURRENT_FEATURE_64,1,1,3000,3000,1.0,64,AR1_GAUSSIAN,113
EXACT_REPLAY_UNBOUNDED,1,1,3000,3000,1.0,64,AR1_GAUSSIAN,113
ELIGIBILITY_TRACE_64,4,1,3000,3000,1.0,64,AR1_GAUSSIAN,113
EXACT_FIFO_64,4,1,1,3000,0.0003333333333333333,64,AR1_GAUSSIAN,113
EXACT_FIFO_256,4,4,3000,3000,1.0,256,AR1_GAUSSIAN,113
EXACT_FIFO_1024,4,16,3000,3000,1.0,256,AR1_GAUSSIAN,113
EXACT_FIFO_4096,4,64,3000,3000,1.0,256,AR1_GAUSSIAN,113
CURRENT_FEATURE_64,4,1,3000,3000,1.0,64,AR1_GAUSSIAN,113
EXACT_REPLAY_UNBOUNDED,4,4,3000,3000,1.0,256,AR1_GAUSSIAN,113
ELIGIBILITY_TRACE_64,16,1,3000,3000,1.0,64,AR1_GAUSSIAN,113
EXACT_FIFO_64,16,1,1,3000,0.0003333333333333333,64,AR1_GAUSSIAN,113
EXACT_FIFO_256,16,4,4,3000,0.0013333333333333333,256,AR1_GAUSSIAN,113
EXACT_FIFO_1024,16,16,3000,3000,1.0,1024,AR1_GAUSSIAN,113
EXACT_FIFO_4096,16,64,3000,3000,1.0,1024,AR1_GAUSSIAN,113
CURRENT_FEATURE_64,16,1,3000,3000,1.0,64,AR1_GAUSSIAN,113
EXACT_REPLAY_UNBOUNDED,16,16,3000,3000,1.0,1024,AR1_GAUSSIAN,113
ELIGIBILITY_TRACE_64,64,1,3000,3000,1.0,64,AR1_GAUSSIAN,113
EXACT_FIFO_64,64,1,1,3000,0.0003333333333333333,64,AR1_GAUSSIAN,113
EXACT_FIFO_256,64,4,4,3000,0.0013333333333333333,256,AR1_GAUSSIAN,113
EXACT_FIFO_1024,64,16,16,3000,0.005333333333333333,1024,AR1_GAUSSIAN,113
EXACT_FIFO_4096,64,64,3000,3000,1.0,4096,AR1_GAUSSIAN,113
CURRENT_FEATURE_64,64,1,3000,3000,1.0,64,AR1_GAUSSIAN,113
EXACT_REPLAY_UNBOUNDED,64,64,3000,3000,1.0,4096,AR1_GAUSSIAN,113
ELIGIBILITY_TRACE_64,1,1,3000,3000,1.0,64,AR1_GAUSSIAN,114
EXACT_FIFO_64,1,1,3000,3000,1.0,64,AR1_GAUSSIAN,114
EXACT_FIFO_256,1,4,3000,3000,1.0,64,AR1_GAUSSIAN,114
EXACT_FIFO_1024,1,16,3000,3000,1.0,64,AR1_GAUSSIAN,114
EXACT_FIFO_4096,1,64,3000,3000,1.0,64,AR1_GAUSSIAN,114
CURRENT_FEATURE_64,1,1,3000,3000,1.0,64,AR1_GAUSSIAN,114
EXACT_REPLAY_UNBOUNDED,1,1,3000,3000,1.0,64,AR1_GAUSSIAN,114
ELIGIBILITY_TRACE_64,4,1,3000,3000,1.0,64,AR1_GAUSSIAN,114
EXACT_FIFO_64,4,1,1,3000,0.0003333333333333333,64,AR1_GAUSSIAN,114
EXACT_FIFO_256,4,4,3000,3000,1.0,256,AR1_GAUSSIAN,114
EXACT_FIFO_1024,4,16,3000,3000,1.0,256,AR1_GAUSSIAN,114
EXACT_FIFO_4096,4,64,3000,3000,1.0,256,AR1_GAUSSIAN,114
CURRENT_FEATURE_64,4,1,3000,3000,1.0,64,AR1_GAUSSIAN,114
EXACT_REPLAY_UNBOUNDED,4,4,3000,3000,1.0,256,AR1_GAUSSIAN,114
ELIGIBILITY_TRACE_64,16,1,3000,3000,1.0,64,AR1_GAUSSIAN,114
EXACT_FIFO_64,16,1,1,3000,0.0003333333333333333,64,AR1_GAUSSIAN,114
EXACT_FIFO_256,16,4,4,3000,0.0013333333333333333,256,AR1_GAUSSIAN,114
EXACT_FIFO_1024,16,16,3000,3000,1.0,1024,AR1_GAUSSIAN,114
EXACT_FIFO_4096,16,64,3000,3000,1.0,1024,AR1_GAUSSIAN,114
CURRENT_FEATURE_64,16,1,3000,3000,1.0,64,AR1_GAUSSIAN,114
EXACT_REPLAY_UNBOUNDED,16,16,3000,3000,1.0,1024,AR1_GAUSSIAN,114
ELIGIBILITY_TRACE_64,64,1,3000,3000,1.0,64,AR1_GAUSSIAN,114
EXACT_FIFO_64,64,1,1,3000,0.0003333333333333333,64,AR1_GAUSSIAN,114
EXACT_FIFO_256,64,4,4,3000,0.0013333333333333333,256,AR1_GAUSSIAN,114
EXACT_FIFO_1024,64,16,16,3000,0.005333333333333333,1024,AR1_GAUSSIAN,114
EXACT_FIFO_4096,64,64,3000,3000,1.0,4096,AR1_GAUSSIAN,114
CURRENT_FEATURE_64,64,1,3000,3000,1.0,64,AR1_GAUSSIAN,114
EXACT_REPLAY_UNBOUNDED,64,64,3000,3000,1.0,4096,AR1_GAUSSIAN,114
ELIGIBILITY_TRACE_64,1,1,3000,3000,1.0,64,AR1_GAUSSIAN,115
EXACT_FIFO_64,1,1,3000,3000,1.0,64,AR1_GAUSSIAN,115
EXACT_FIFO_256,1,4,3000,3000,1.0,64,AR1_GAUSSIAN,115
EXACT_FIFO_1024,1,16,3000,3000,1.0,64,AR1_GAUSSIAN,115
EXACT_FIFO_4096,1,64,3000,3000,1.0,64,AR1_GAUSSIAN,115
CURRENT_FEATURE_64,1,1,3000,3000,1.0,64,AR1_GAUSSIAN,115
EXACT_REPLAY_UNBOUNDED,1,1,3000,3000,1.0,64,AR1_GAUSSIAN,115
ELIGIBILITY_TRACE_64,4,1,3000,3000,1.0,64,AR1_GAUSSIAN,115
EXACT_FIFO_64,4,1,1,3000,0.0003333333333333333,64,AR1_GAUSSIAN,115
EXACT_FIFO_256,4,4,3000,3000,1.0,256,AR1_GAUSSIAN,115
EXACT_FIFO_1024,4,16,3000,3000,1.0,256,AR1_GAUSSIAN,115
EXACT_FIFO_4096,4,64,3000,3000,1.0,256,AR1_GAUSSIAN,115
CURRENT_FEATURE_64,4,1,3000,3000,1.0,64,AR1_GAUSSIAN,115
EXACT_REPLAY_UNBOUNDED,4,4,3000,3000,1.0,256,AR1_GAUSSIAN,115
ELIGIBILITY_TRACE_64,16,1,3000,3000,1.0,64,AR1_GAUSSIAN,115
EXACT_FIFO_64,16,1,1,3000,0.0003333333333333333,64,AR1_GAUSSIAN,115
EXACT_FIFO_256,16,4,4,3000,0.0013333333333333333,256,AR1_GAUSSIAN,115
EXACT_FIFO_1024,16,16,3000,3000,1.0,1024,AR1_GAUSSIAN,115
EXACT_FIFO_4096,16,64,3000,3000,1.0,1024,AR1_GAUSSIAN,115
CURRENT_FEATURE_64,16,1,3000,3000,1.0,64,AR1_GAUSSIAN,115
EXACT_REPLAY_UNBOUNDED,16,16,3000,3000,1.0,1024,AR1_GAUSSIAN,115
ELIGIBILITY_TRACE_64,64,1,3000,3000,1.0,64,AR1_GAUSSIAN,115
EXACT_FIFO_64,64,1,1,3000,0.0003333333333333333,64,AR1_GAUSSIAN,115
EXACT_FIFO_256,64,4,4,3000,0.0013333333333333333,256,AR1_GAUSSIAN,115
EXACT_FIFO_1024,64,16,16,3000,0.005333333333333333,1024,AR1_GAUSSIAN,115
EXACT_FIFO_4096,64,64,3000,3000,1.0,4096,AR1_GAUSSIAN,115
CURRENT_FEATURE_64,64,1,3000,3000,1.0,64,AR1_GAUSSIAN,115
EXACT_REPLAY_UNBOUNDED,64,64,3000,3000,1.0,4096,AR1_GAUSSIAN,115
ELIGIBILITY_TRACE_64,1,1,3000,3000,1.0,64,AR1_GAUSSIAN,116
EXACT_FIFO_64,1,1,3000,3000,1.0,64,AR1_GAUSSIAN,116
EXACT_FIFO_256,1,4,3000,3000,1.0,64,AR1_GAUSSIAN,116
EXACT_FIFO_1024,1,16,3000,3000,1.0,64,AR1_GAUSSIAN,116
EXACT_FIFO_4096,1,64,3000,3000,1.0,64,AR1_GAUSSIAN,116
CURRENT_FEATURE_64,1,1,3000,3000,1.0,64,AR1_GAUSSIAN,116
EXACT_REPLAY_UNBOUNDED,1,1,3000,3000,1.0,64,AR1_GAUSSIAN,116
ELIGIBILITY_TRACE_64,4,1,3000,3000,1.0,64,AR1_GAUSSIAN,116
EXACT_FIFO_64,4,1,1,3000,0.0003333333333333333,64,AR1_GAUSSIAN,116
EXACT_FIFO_256,4,4,3000,3000,1.0,256,AR1_GAUSSIAN,116
EXACT_FIFO_1024,4,16,3000,3000,1.0,256,AR1_GAUSSIAN,116
EXACT_FIFO_4096,4,64,3000,3000,1.0,256,AR1_GAUSSIAN,116
CURRENT_FEATURE_64,4,1,3000,3000,1.0,64,AR1_GAUSSIAN,116
EXACT_REPLAY_UNBOUNDED,4,4,3000,3000,1.0,256,AR1_GAUSSIAN,116
ELIGIBILITY_TRACE_64,16,1,3000,3000,1.0,64,AR1_GAUSSIAN,116
EXACT_FIFO_64,16,1,1,3000,0.0003333333333333333,64,AR1_GAUSSIAN,116
EXACT_FIFO_256,16,4,4,3000,0.0013333333333333333,256,AR1_GAUSSIAN,116
EXACT_FIFO_1024,16,16,3000,3000,1.0,1024,AR1_GAUSSIAN,116
EXACT_FIFO_4096,16,64,3000,3000,1.0,1024,AR1_GAUSSIAN,116
CURRENT_FEATURE_64,16,1,3000,3000,1.0,64,AR1_GAUSSIAN,116
EXACT_REPLAY_UNBOUNDED,16,16,3000,3000,1.0,1024,AR1_GAUSSIAN,116
ELIGIBILITY_TRACE_64,64,1,3000,3000,1.0,64,AR1_GAUSSIAN,116
EXACT_FIFO_64,64,1,1,3000,0.0003333333333333333,64,AR1_GAUSSIAN,116
EXACT_FIFO_256,64,4,4,3000,0.0013333333333333333,256,AR1_GAUSSIAN,116
EXACT_FIFO_1024,64,16,16,3000,0.005333333333333333,1024,AR1_GAUSSIAN,116
EXACT_FIFO_4096,64,64,3000,3000,1.0,4096,AR1_GAUSSIAN,116
CURRENT_FEATURE_64,64,1,3000,3000,1.0,64,AR1_GAUSSIAN,116
EXACT_REPLAY_UNBOUNDED,64,64,3000,3000,1.0,4096,AR1_GAUSSIAN,116
ELIGIBILITY_TRACE_64,1,1,3000,3000,1.0,64,AR1_GAUSSIAN,117
EXACT_FIFO_64,1,1,3000,3000,1.0,64,AR1_GAUSSIAN,117
EXACT_FIFO_256,1,4,3000,3000,1.0,64,AR1_GAUSSIAN,117
EXACT_FIFO_1024,1,16,3000,3000,1.0,64,AR1_GAUSSIAN,117
EXACT_FIFO_4096,1,64,3000,3000,1.0,64,AR1_GAUSSIAN,117
CURRENT_FEATURE_64,1,1,3000,3000,1.0,64,AR1_GAUSSIAN,117
EXACT_REPLAY_UNBOUNDED,1,1,3000,3000,1.0,64,AR1_GAUSSIAN,117
ELIGIBILITY_TRACE_64,4,1,3000,3000,1.0,64,AR1_GAUSSIAN,117
EXACT_FIFO_64,4,1,1,3000,0.0003333333333333333,64,AR1_GAUSSIAN,117
EXACT_FIFO_256,4,4,3000,3000,1.0,256,AR1_GAUSSIAN,117
EXACT_FIFO_1024,4,16,3000,3000,1.0,256,AR1_GAUSSIAN,117
EXACT_FIFO_4096,4,64,3000,3000,1.0,256,AR1_GAUSSIAN,117
CURRENT_FEATURE_64,4,1,3000,3000,1.0,64,AR1_GAUSSIAN,117
EXACT_REPLAY_UNBOUNDED,4,4,3000,3000,1.0,256,AR1_GAUSSIAN,117
ELIGIBILITY_TRACE_64,16,1,3000,3000,1.0,64,AR1_GAUSSIAN,117
EXACT_FIFO_64,16,1,1,3000,0.0003333333333333333,64,AR1_GAUSSIAN,117
EXACT_FIFO_256,16,4,4,3000,0.0013333333333333333,256,AR1_GAUSSIAN,117
EXACT_FIFO_1024,16,16,3000,3000,1.0,1024,AR1_GAUSSIAN,117
EXACT_FIFO_4096,16,64,3000,3000,1.0,1024,AR1_GAUSSIAN,117
CURRENT_FEATURE_64,16,1,3000,3000,1.0,64,AR1_GAUSSIAN,117
EXACT_REPLAY_UNBOUNDED,16,16,3000,3000,1.0,1024,AR1_GAUSSIAN,117
ELIGIBILITY_TRACE_64,64,1,3000,3000,1.0,64,AR1_GAUSSIAN,117
EXACT_FIFO_64,64,1,1,3000,0.0003333333333333333,64,AR1_GAUSSIAN,117
EXACT_FIFO_256,64,4,4,3000,0.0013333333333333333,256,AR1_GAUSSIAN,117
EXACT_FIFO_1024,64,16,16,3000,0.005333333333333333,1024,AR1_GAUSSIAN,117
EXACT_FIFO_4096,64,64,3000,3000,1.0,4096,AR1_GAUSSIAN,117
CURRENT_FEATURE_64,64,1,3000,3000,1.0,64,AR1_GAUSSIAN,117
EXACT_REPLAY_UNBOUNDED,64,64,3000,3000,1.0,4096,AR1_GAUSSIAN,117
ELIGIBILITY_TRACE_64,1,1,3000,3000,1.0,64,AR1_GAUSSIAN,118
EXACT_FIFO_64,1,1,3000,3000,1.0,64,AR1_GAUSSIAN,118
EXACT_FIFO_256,1,4,3000,3000,1.0,64,AR1_GAUSSIAN,118
EXACT_FIFO_1024,1,16,3000,3000,1.0,64,AR1_GAUSSIAN,118
EXACT_FIFO_4096,1,64,3000,3000,1.0,64,AR1_GAUSSIAN,118
CURRENT_FEATURE_64,1,1,3000,3000,1.0,64,AR1_GAUSSIAN,118
EXACT_REPLAY_UNBOUNDED,1,1,3000,3000,1.0,64,AR1_GAUSSIAN,118
ELIGIBILITY_TRACE_64,4,1,3000,3000,1.0,64,AR1_GAUSSIAN,118
EXACT_FIFO_64,4,1,1,3000,0.0003333333333333333,64,AR1_GAUSSIAN,118
EXACT_FIFO_256,4,4,3000,3000,1.0,256,AR1_GAUSSIAN,118
EXACT_FIFO_1024,4,16,3000,3000,1.0,256,AR1_GAUSSIAN,118
EXACT_FIFO_4096,4,64,3000,3000,1.0,256,AR1_GAUSSIAN,118
CURRENT_FEATURE_64,4,1,3000,3000,1.0,64,AR1_GAUSSIAN,118
EXACT_REPLAY_UNBOUNDED,4,4,3000,3000,1.0,256,AR1_GAUSSIAN,118
ELIGIBILITY_TRACE_64,16,1,3000,3000,1.0,64,AR1_GAUSSIAN,118
EXACT_FIFO_64,16,1,1,3000,0.0003333333333333333,64,AR1_GAUSSIAN,118
EXACT_FIFO_256,16,4,4,3000,0.0013333333333333333,256,AR1_GAUSSIAN,118
EXACT_FIFO_1024,16,16,3000,3000,1.0,1024,AR1_GAUSSIAN,118
EXACT_FIFO_4096,16,64,3000,3000,1.0,1024,AR1_GAUSSIAN,118
CURRENT_FEATURE_64,16,1,3000,3000,1.0,64,AR1_GAUSSIAN,118
EXACT_REPLAY_UNBOUNDED,16,16,3000,3000,1.0,1024,AR1_GAUSSIAN,118
ELIGIBILITY_TRACE_64,64,1,3000,3000,1.0,64,AR1_GAUSSIAN,118
EXACT_FIFO_64,64,1,1,3000,0.0003333333333333333,64,AR1_GAUSSIAN,118
EXACT_FIFO_256,64,4,4,3000,0.0013333333333333333,256,AR1_GAUSSIAN,118
EXACT_FIFO_1024,64,16,16,3000,0.005333333333333333,1024,AR1_GAUSSIAN,118
EXACT_FIFO_4096,64,64,3000,3000,1.0,4096,AR1_GAUSSIAN,118
CURRENT_FEATURE_64,64,1,3000,3000,1.0,64,AR1_GAUSSIAN,118
EXACT_REPLAY_UNBOUNDED,64,64,3000,3000,1.0,4096,AR1_GAUSSIAN,118
ELIGIBILITY_TRACE_64,1,1,3000,3000,1.0,64,AR1_GAUSSIAN,119
EXACT_FIFO_64,1,1,3000,3000,1.0,64,AR1_GAUSSIAN,119
EXACT_FIFO_256,1,4,3000,3000,1.0,64,AR1_GAUSSIAN,119
EXACT_FIFO_1024,1,16,3000,3000,1.0,64,AR1_GAUSSIAN,119
EXACT_FIFO_4096,1,64,3000,3000,1.0,64,AR1_GAUSSIAN,119
CURRENT_FEATURE_64,1,1,3000,3000,1.0,64,AR1_GAUSSIAN,119
EXACT_REPLAY_UNBOUNDED,1,1,3000,3000,1.0,64,AR1_GAUSSIAN,119
ELIGIBILITY_TRACE_64,4,1,3000,3000,1.0,64,AR1_GAUSSIAN,119
EXACT_FIFO_64,4,1,1,3000,0.0003333333333333333,64,AR1_GAUSSIAN,119
EXACT_FIFO_256,4,4,3000,3000,1.0,256,AR1_GAUSSIAN,119
EXACT_FIFO_1024,4,16,3000,3000,1.0,256,AR1_GAUSSIAN,119
EXACT_FIFO_4096,4,64,3000,3000,1.0,256,AR1_GAUSSIAN,119
CURRENT_FEATURE_64,4,1,3000,3000,1.0,64,AR1_GAUSSIAN,119
EXACT_REPLAY_UNBOUNDED,4,4,3000,3000,1.0,256,AR1_GAUSSIAN,119
ELIGIBILITY_TRACE_64,16,1,3000,3000,1.0,64,AR1_GAUSSIAN,119
EXACT_FIFO_64,16,1,1,3000,0.0003333333333333333,64,AR1_GAUSSIAN,119
EXACT_FIFO_256,16,4,4,3000,0.0013333333333333333,256,AR1_GAUSSIAN,119
EXACT_FIFO_1024,16,16,3000,3000,1.0,1024,AR1_GAUSSIAN,119
EXACT_FIFO_4096,16,64,3000,3000,1.0,1024,AR1_GAUSSIAN,119
CURRENT_FEATURE_64,16,1,3000,3000,1.0,64,AR1_GAUSSIAN,119
EXACT_REPLAY_UNBOUNDED,16,16,3000,3000,1.0,1024,AR1_GAUSSIAN,119
ELIGIBILITY_TRACE_64,64,1,3000,3000,1.0,64,AR1_GAUSSIAN,119
EXACT_FIFO_64,64,1,1,3000,0.0003333333333333333,64,AR1_GAUSSIAN,119
EXACT_FIFO_256,64,4,4,3000,0.0013333333333333333,256,AR1_GAUSSIAN,119
EXACT_FIFO_1024,64,16,16,3000,0.005333333333333333,1024,AR1_GAUSSIAN,119
EXACT_FIFO_4096,64,64,3000,3000,1.0,4096,AR1_GAUSSIAN,119
CURRENT_FEATURE_64,64,1,3000,3000,1.0,64,AR1_GAUSSIAN,119
EXACT_REPLAY_UNBOUNDED,64,64,3000,3000,1.0,4096,AR1_GAUSSIAN,119
ELIGIBILITY_TRACE_64,1,1,3000,3000,1.0,64,AR1_GAUSSIAN,120
EXACT_FIFO_64,1,1,3000,3000,1.0,64,AR1_GAUSSIAN,120
EXACT_FIFO_256,1,4,3000,3000,1.0,64,AR1_GAUSSIAN,120
EXACT_FIFO_1024,1,16,3000,3000,1.0,64,AR1_GAUSSIAN,120
EXACT_FIFO_4096,1,64,3000,3000,1.0,64,AR1_GAUSSIAN,120
CURRENT_FEATURE_64,1,1,3000,3000,1.0,64,AR1_GAUSSIAN,120
EXACT_REPLAY_UNBOUNDED,1,1,3000,3000,1.0,64,AR1_GAUSSIAN,120
ELIGIBILITY_TRACE_64,4,1,3000,3000,1.0,64,AR1_GAUSSIAN,120
EXACT_FIFO_64,4,1,1,3000,0.0003333333333333333,64,AR1_GAUSSIAN,120
EXACT_FIFO_256,4,4,3000,3000,1.0,256,AR1_GAUSSIAN,120
EXACT_FIFO_1024,4,16,3000,3000,1.0,256,AR1_GAUSSIAN,120
EXACT_FIFO_4096,4,64,3000,3000,1.0,256,AR1_GAUSSIAN,120
CURRENT_FEATURE_64,4,1,3000,3000,1.0,64,AR1_GAUSSIAN,120
EXACT_REPLAY_UNBOUNDED,4,4,3000,3000,1.0,256,AR1_GAUSSIAN,120
ELIGIBILITY_TRACE_64,16,1,3000,3000,1.0,64,AR1_GAUSSIAN,120
EXACT_FIFO_64,16,1,1,3000,0.0003333333333333333,64,AR1_GAUSSIAN,120
EXACT_FIFO_256,16,4,4,3000,0.0013333333333333333,256,AR1_GAUSSIAN,120
EXACT_FIFO_1024,16,16,3000,3000,1.0,1024,AR1_GAUSSIAN,120
EXACT_FIFO_4096,16,64,3000,3000,1.0,1024,AR1_GAUSSIAN,120
CURRENT_FEATURE_64,16,1,3000,3000,1.0,64,AR1_GAUSSIAN,120
EXACT_REPLAY_UNBOUNDED,16,16,3000,3000,1.0,1024,AR1_GAUSSIAN,120
ELIGIBILITY_TRACE_64,64,1,3000,3000,1.0,64,AR1_GAUSSIAN,120
EXACT_FIFO_64,64,1,1,3000,0.0003333333333333333,64,AR1_GAUSSIAN,120
EXACT_FIFO_256,64,4,4,3000,0.0013333333333333333,256,AR1_GAUSSIAN,120
EXACT_FIFO_1024,64,16,16,3000,0.005333333333333333,1024,AR1_GAUSSIAN,120
EXACT_FIFO_4096,64,64,3000,3000,1.0,4096,AR1_GAUSSIAN,120
CURRENT_FEATURE_64,64,1,3000,3000,1.0,64,AR1_GAUSSIAN,120
EXACT_REPLAY_UNBOUNDED,64,64,3000,3000,1.0,4096,AR1_GAUSSIAN,120
ELIGIBILITY_TRACE_64,1,1,3000,3000,1.0,64,AR1_GAUSSIAN,121
EXACT_FIFO_64,1,1,3000,3000,1.0,64,AR1_GAUSSIAN,121
EXACT_FIFO_256,1,4,3000,3000,1.0,64,AR1_GAUSSIAN,121
EXACT_FIFO_1024,1,16,3000,3000,1.0,64,AR1_GAUSSIAN,121
EXACT_FIFO_4096,1,64,3000,3000,1.0,64,AR1_GAUSSIAN,121
CURRENT_FEATURE_64,1,1,3000,3000,1.0,64,AR1_GAUSSIAN,121
EXACT_REPLAY_UNBOUNDED,1,1,3000,3000,1.0,64,AR1_GAUSSIAN,121
ELIGIBILITY_TRACE_64,4,1,3000,3000,1.0,64,AR1_GAUSSIAN,121
EXACT_FIFO_64,4,1,1,3000,0.0003333333333333333,64,AR1_GAUSSIAN,121
EXACT_FIFO_256,4,4,3000,3000,1.0,256,AR1_GAUSSIAN,121
EXACT_FIFO_1024,4,16,3000,3000,1.0,256,AR1_GAUSSIAN,121
EXACT_FIFO_4096,4,64,3000,3000,1.0,256,AR1_GAUSSIAN,121
CURRENT_FEATURE_64,4,1,3000,3000,1.0,64,AR1_GAUSSIAN,121
EXACT_REPLAY_UNBOUNDED,4,4,3000,3000,1.0,256,AR1_GAUSSIAN,121
ELIGIBILITY_TRACE_64,16,1,3000,3000,1.0,64,AR1_GAUSSIAN,121
EXACT_FIFO_64,16,1,1,3000,0.0003333333333333333,64,AR1_GAUSSIAN,121
EXACT_FIFO_256,16,4,4,3000,0.0013333333333333333,256,AR1_GAUSSIAN,121
EXACT_FIFO_1024,16,16,3000,3000,1.0,1024,AR1_GAUSSIAN,121
EXACT_FIFO_4096,16,64,3000,3000,1.0,1024,AR1_GAUSSIAN,121
CURRENT_FEATURE_64,16,1,3000,3000,1.0,64,AR1_GAUSSIAN,121
EXACT_REPLAY_UNBOUNDED,16,16,3000,3000,1.0,1024,AR1_GAUSSIAN,121
ELIGIBILITY_TRACE_64,64,1,3000,3000,1.0,64,AR1_GAUSSIAN,121
EXACT_FIFO_64,64,1,1,3000,0.0003333333333333333,64,AR1_GAUSSIAN,121
EXACT_FIFO_256,64,4,4,3000,0.0013333333333333333,256,AR1_GAUSSIAN,121
EXACT_FIFO_1024,64,16,16,3000,0.005333333333333333,1024,AR1_GAUSSIAN,121
EXACT_FIFO_4096,64,64,3000,3000,1.0,4096,AR1_GAUSSIAN,121
CURRENT_FEATURE_64,64,1,3000,3000,1.0,64,AR1_GAUSSIAN,121
EXACT_REPLAY_UNBOUNDED,64,64,3000,3000,1.0,4096,AR1_GAUSSIAN,121
ELIGIBILITY_TRACE_64,1,1,3000,3000,1.0,64,AR1_GAUSSIAN,122
EXACT_FIFO_64,1,1,3000,3000,1.0,64,AR1_GAUSSIAN,122
EXACT_FIFO_256,1,4,3000,3000,1.0,64,AR1_GAUSSIAN,122
EXACT_FIFO_1024,1,16,3000,3000,1.0,64,AR1_GAUSSIAN,122
EXACT_FIFO_4096,1,64,3000,3000,1.0,64,AR1_GAUSSIAN,122
CURRENT_FEATURE_64,1,1,3000,3000,1.0,64,AR1_GAUSSIAN,122
EXACT_REPLAY_UNBOUNDED,1,1,3000,3000,1.0,64,AR1_GAUSSIAN,122
ELIGIBILITY_TRACE_64,4,1,3000,3000,1.0,64,AR1_GAUSSIAN,122
EXACT_FIFO_64,4,1,1,3000,0.0003333333333333333,64,AR1_GAUSSIAN,122
EXACT_FIFO_256,4,4,3000,3000,1.0,256,AR1_GAUSSIAN,122
EXACT_FIFO_1024,4,16,3000,3000,1.0,256,AR1_GAUSSIAN,122
EXACT_FIFO_4096,4,64,3000,3000,1.0,256,AR1_GAUSSIAN,122
CURRENT_FEATURE_64,4,1,3000,3000,1.0,64,AR1_GAUSSIAN,122
EXACT_REPLAY_UNBOUNDED,4,4,3000,3000,1.0,256,AR1_GAUSSIAN,122
ELIGIBILITY_TRACE_64,16,1,3000,3000,1.0,64,AR1_GAUSSIAN,122
EXACT_FIFO_64,16,1,1,3000,0.0003333333333333333,64,AR1_GAUSSIAN,122
EXACT_FIFO_256,16,4,4,3000,0.0013333333333333333,256,AR1_GAUSSIAN,122
EXACT_FIFO_1024,16,16,3000,3000,1.0,1024,AR1_GAUSSIAN,122
EXACT_FIFO_4096,16,64,3000,3000,1.0,1024,AR1_GAUSSIAN,122
CURRENT_FEATURE_64,16,1,3000,3000,1.0,64,AR1_GAUSSIAN,122
EXACT_REPLAY_UNBOUNDED,16,16,3000,3000,1.0,1024,AR1_GAUSSIAN,122
ELIGIBILITY_TRACE_64,64,1,3000,3000,1.0,64,AR1_GAUSSIAN,122
EXACT_FIFO_64,64,1,1,3000,0.0003333333333333333,64,AR1_GAUSSIAN,122
EXACT_FIFO_256,64,4,4,3000,0.0013333333333333333,256,AR1_GAUSSIAN,122
EXACT_FIFO_1024,64,16,16,3000,0.005333333333333333,1024,AR1_GAUSSIAN,122
EXACT_FIFO_4096,64,64,3000,3000,1.0,4096,AR1_GAUSSIAN,122
CURRENT_FEATURE_64,64,1,3000,3000,1.0,64,AR1_GAUSSIAN,122
EXACT_REPLAY_UNBOUNDED,64,64,3000,3000,1.0,4096,AR1_GAUSSIAN,122
ELIGIBILITY_TRACE_64,1,1,3000,3000,1.0,64,AR1_GAUSSIAN,123
EXACT_FIFO_64,1,1,3000,3000,1.0,64,AR1_GAUSSIAN,123
EXACT_FIFO_256,1,4,3000,3000,1.0,64,AR1_GAUSSIAN,123
EXACT_FIFO_1024,1,16,3000,3000,1.0,64,AR1_GAUSSIAN,123
EXACT_FIFO_4096,1,64,3000,3000,1.0,64,AR1_GAUSSIAN,123
CURRENT_FEATURE_64,1,1,3000,3000,1.0,64,AR1_GAUSSIAN,123
EXACT_REPLAY_UNBOUNDED,1,1,3000,3000,1.0,64,AR1_GAUSSIAN,123
ELIGIBILITY_TRACE_64,4,1,3000,3000,1.0,64,AR1_GAUSSIAN,123
EXACT_FIFO_64,4,1,1,3000,0.0003333333333333333,64,AR1_GAUSSIAN,123
EXACT_FIFO_256,4,4,3000,3000,1.0,256,AR1_GAUSSIAN,123
EXACT_FIFO_1024,4,16,3000,3000,1.0,256,AR1_GAUSSIAN,123
EXACT_FIFO_4096,4,64,3000,3000,1.0,256,AR1_GAUSSIAN,123
CURRENT_FEATURE_64,4,1,3000,3000,1.0,64,AR1_GAUSSIAN,123
EXACT_REPLAY_UNBOUNDED,4,4,3000,3000,1.0,256,AR1_GAUSSIAN,123
ELIGIBILITY_TRACE_64,16,1,3000,3000,1.0,64,AR1_GAUSSIAN,123
EXACT_FIFO_64,16,1,1,3000,0.0003333333333333333,64,AR1_GAUSSIAN,123
EXACT_FIFO_256,16,4,4,3000,0.0013333333333333333,256,AR1_GAUSSIAN,123
EXACT_FIFO_1024,16,16,3000,3000,1.0,1024,AR1_GAUSSIAN,123
EXACT_FIFO_4096,16,64,3000,3000,1.0,1024,AR1_GAUSSIAN,123
CURRENT_FEATURE_64,16,1,3000,3000,1.0,64,AR1_GAUSSIAN,123
EXACT_REPLAY_UNBOUNDED,16,16,3000,3000,1.0,1024,AR1_GAUSSIAN,123
ELIGIBILITY_TRACE_64,64,1,3000,3000,1.0,64,AR1_GAUSSIAN,123
EXACT_FIFO_64,64,1,1,3000,0.0003333333333333333,64,AR1_GAUSSIAN,123
EXACT_FIFO_256,64,4,4,3000,0.0013333333333333333,256,AR1_GAUSSIAN,123
EXACT_FIFO_1024,64,16,16,3000,0.005333333333333333,1024,AR1_GAUSSIAN,123
EXACT_FIFO_4096,64,64,3000,3000,1.0,4096,AR1_GAUSSIAN,123
CURRENT_FEATURE_64,64,1,3000,3000,1.0,64,AR1_GAUSSIAN,123
EXACT_REPLAY_UNBOUNDED,64,64,3000,3000,1.0,4096,AR1_GAUSSIAN,123
ELIGIBILITY_TRACE_64,1,1,3000,3000,1.0,64,AR1_GAUSSIAN,124
EXACT_FIFO_64,1,1,3000,3000,1.0,64,AR1_GAUSSIAN,124
EXACT_FIFO_256,1,4,3000,3000,1.0,64,AR1_GAUSSIAN,124
EXACT_FIFO_1024,1,16,3000,3000,1.0,64,AR1_GAUSSIAN,124
EXACT_FIFO_4096,1,64,3000,3000,1.0,64,AR1_GAUSSIAN,124
CURRENT_FEATURE_64,1,1,3000,3000,1.0,64,AR1_GAUSSIAN,124
EXACT_REPLAY_UNBOUNDED,1,1,3000,3000,1.0,64,AR1_GAUSSIAN,124
ELIGIBILITY_TRACE_64,4,1,3000,3000,1.0,64,AR1_GAUSSIAN,124
EXACT_FIFO_64,4,1,1,3000,0.0003333333333333333,64,AR1_GAUSSIAN,124
EXACT_FIFO_256,4,4,3000,3000,1.0,256,AR1_GAUSSIAN,124
EXACT_FIFO_1024,4,16,3000,3000,1.0,256,AR1_GAUSSIAN,124
EXACT_FIFO_4096,4,64,3000,3000,1.0,256,AR1_GAUSSIAN,124
CURRENT_FEATURE_64,4,1,3000,3000,1.0,64,AR1_GAUSSIAN,124
EXACT_REPLAY_UNBOUNDED,4,4,3000,3000,1.0,256,AR1_GAUSSIAN,124
ELIGIBILITY_TRACE_64,16,1,3000,3000,1.0,64,AR1_GAUSSIAN,124
EXACT_FIFO_64,16,1,1,3000,0.0003333333333333333,64,AR1_GAUSSIAN,124
EXACT_FIFO_256,16,4,4,3000,0.0013333333333333333,256,AR1_GAUSSIAN,124
EXACT_FIFO_1024,16,16,3000,3000,1.0,1024,AR1_GAUSSIAN,124
EXACT_FIFO_4096,16,64,3000,3000,1.0,1024,AR1_GAUSSIAN,124
CURRENT_FEATURE_64,16,1,3000,3000,1.0,64,AR1_GAUSSIAN,124
EXACT_REPLAY_UNBOUNDED,16,16,3000,3000,1.0,1024,AR1_GAUSSIAN,124
ELIGIBILITY_TRACE_64,64,1,3000,3000,1.0,64,AR1_GAUSSIAN,124
EXACT_FIFO_64,64,1,1,3000,0.0003333333333333333,64,AR1_GAUSSIAN,124
EXACT_FIFO_256,64,4,4,3000,0.0013333333333333333,256,AR1_GAUSSIAN,124
EXACT_FIFO_1024,64,16,16,3000,0.005333333333333333,1024,AR1_GAUSSIAN,124
EXACT_FIFO_4096,64,64,3000,3000,1.0,4096,AR1_GAUSSIAN,124
CURRENT_FEATURE_64,64,1,3000,3000,1.0,64,AR1_GAUSSIAN,124
EXACT_REPLAY_UNBOUNDED,64,64,3000,3000,1.0,4096,AR1_GAUSSIAN,124
ELIGIBILITY_TRACE_64,1,1,3000,3000,1.0,64,AR1_GAUSSIAN,125
EXACT_FIFO_64,1,1,3000,3000,1.0,64,AR1_GAUSSIAN,125
EXACT_FIFO_256,1,4,3000,3000,1.0,64,AR1_GAUSSIAN,125
EXACT_FIFO_1024,1,16,3000,3000,1.0,64,AR1_GAUSSIAN,125
EXACT_FIFO_4096,1,64,3000,3000,1.0,64,AR1_GAUSSIAN,125
CURRENT_FEATURE_64,1,1,3000,3000,1.0,64,AR1_GAUSSIAN,125
EXACT_REPLAY_UNBOUNDED,1,1,3000,3000,1.0,64,AR1_GAUSSIAN,125
ELIGIBILITY_TRACE_64,4,1,3000,3000,1.0,64,AR1_GAUSSIAN,125
EXACT_FIFO_64,4,1,1,3000,0.0003333333333333333,64,AR1_GAUSSIAN,125
EXACT_FIFO_256,4,4,3000,3000,1.0,256,AR1_GAUSSIAN,125
EXACT_FIFO_1024,4,16,3000,3000,1.0,256,AR1_GAUSSIAN,125
EXACT_FIFO_4096,4,64,3000,3000,1.0,256,AR1_GAUSSIAN,125
CURRENT_FEATURE_64,4,1,3000,3000,1.0,64,AR1_GAUSSIAN,125
EXACT_REPLAY_UNBOUNDED,4,4,3000,3000,1.0,256,AR1_GAUSSIAN,125
ELIGIBILITY_TRACE_64,16,1,3000,3000,1.0,64,AR1_GAUSSIAN,125
EXACT_FIFO_64,16,1,1,3000,0.0003333333333333333,64,AR1_GAUSSIAN,125
EXACT_FIFO_256,16,4,4,3000,0.0013333333333333333,256,AR1_GAUSSIAN,125
EXACT_FIFO_1024,16,16,3000,3000,1.0,1024,AR1_GAUSSIAN,125
EXACT_FIFO_4096,16,64,3000,3000,1.0,1024,AR1_GAUSSIAN,125
CURRENT_FEATURE_64,16,1,3000,3000,1.0,64,AR1_GAUSSIAN,125
EXACT_REPLAY_UNBOUNDED,16,16,3000,3000,1.0,1024,AR1_GAUSSIAN,125
ELIGIBILITY_TRACE_64,64,1,3000,3000,1.0,64,AR1_GAUSSIAN,125
EXACT_FIFO_64,64,1,1,3000,0.0003333333333333333,64,AR1_GAUSSIAN,125
EXACT_FIFO_256,64,4,4,3000,0.0013333333333333333,256,AR1_GAUSSIAN,125
EXACT_FIFO_1024,64,16,16,3000,0.005333333333333333,1024,AR1_GAUSSIAN,125
EXACT_FIFO_4096,64,64,3000,3000,1.0,4096,AR1_GAUSSIAN,125
CURRENT_FEATURE_64,64,1,3000,3000,1.0,64,AR1_GAUSSIAN,125
EXACT_REPLAY_UNBOUNDED,64,64,3000,3000,1.0,4096,AR1_GAUSSIAN,125
ELIGIBILITY_TRACE_64,1,1,3000,3000,1.0,64,AR1_GAUSSIAN,126
EXACT_FIFO_64,1,1,3000,3000,1.0,64,AR1_GAUSSIAN,126
EXACT_FIFO_256,1,4,3000,3000,1.0,64,AR1_GAUSSIAN,126
EXACT_FIFO_1024,1,16,3000,3000,1.0,64,AR1_GAUSSIAN,126
EXACT_FIFO_4096,1,64,3000,3000,1.0,64,AR1_GAUSSIAN,126
CURRENT_FEATURE_64,1,1,3000,3000,1.0,64,AR1_GAUSSIAN,126
EXACT_REPLAY_UNBOUNDED,1,1,3000,3000,1.0,64,AR1_GAUSSIAN,126
ELIGIBILITY_TRACE_64,4,1,3000,3000,1.0,64,AR1_GAUSSIAN,126
EXACT_FIFO_64,4,1,1,3000,0.0003333333333333333,64,AR1_GAUSSIAN,126
EXACT_FIFO_256,4,4,3000,3000,1.0,256,AR1_GAUSSIAN,126
EXACT_FIFO_1024,4,16,3000,3000,1.0,256,AR1_GAUSSIAN,126
EXACT_FIFO_4096,4,64,3000,3000,1.0,256,AR1_GAUSSIAN,126
CURRENT_FEATURE_64,4,1,3000,3000,1.0,64,AR1_GAUSSIAN,126
EXACT_REPLAY_UNBOUNDED,4,4,3000,3000,1.0,256,AR1_GAUSSIAN,126
ELIGIBILITY_TRACE_64,16,1,3000,3000,1.0,64,AR1_GAUSSIAN,126
EXACT_FIFO_64,16,1,1,3000,0.0003333333333333333,64,AR1_GAUSSIAN,126
EXACT_FIFO_256,16,4,4,3000,0.0013333333333333333,256,AR1_GAUSSIAN,126
EXACT_FIFO_1024,16,16,3000,3000,1.0,1024,AR1_GAUSSIAN,126
EXACT_FIFO_4096,16,64,3000,3000,1.0,1024,AR1_GAUSSIAN,126
CURRENT_FEATURE_64,16,1,3000,3000,1.0,64,AR1_GAUSSIAN,126
EXACT_REPLAY_UNBOUNDED,16,16,3000,3000,1.0,1024,AR1_GAUSSIAN,126
ELIGIBILITY_TRACE_64,64,1,3000,3000,1.0,64,AR1_GAUSSIAN,126
EXACT_FIFO_64,64,1,1,3000,0.0003333333333333333,64,AR1_GAUSSIAN,126
EXACT_FIFO_256,64,4,4,3000,0.0013333333333333333,256,AR1_GAUSSIAN,126
EXACT_FIFO_1024,64,16,16,3000,0.005333333333333333,1024,AR1_GAUSSIAN,126
EXACT_FIFO_4096,64,64,3000,3000,1.0,4096,AR1_GAUSSIAN,126
CURRENT_FEATURE_64,64,1,3000,3000,1.0,64,AR1_GAUSSIAN,126
EXACT_REPLAY_UNBOUNDED,64,64,3000,3000,1.0,4096,AR1_GAUSSIAN,126
ELIGIBILITY_TRACE_64,1,1,3000,3000,1.0,64,AR1_GAUSSIAN,127
EXACT_FIFO_64,1,1,3000,3000,1.0,64,AR1_GAUSSIAN,127
EXACT_FIFO_256,1,4,3000,3000,1.0,64,AR1_GAUSSIAN,127
EXACT_FIFO_1024,1,16,3000,3000,1.0,64,AR1_GAUSSIAN,127
EXACT_FIFO_4096,1,64,3000,3000,1.0,64,AR1_GAUSSIAN,127
CURRENT_FEATURE_64,1,1,3000,3000,1.0,64,AR1_GAUSSIAN,127
EXACT_REPLAY_UNBOUNDED,1,1,3000,3000,1.0,64,AR1_GAUSSIAN,127
ELIGIBILITY_TRACE_64,4,1,3000,3000,1.0,64,AR1_GAUSSIAN,127
EXACT_FIFO_64,4,1,1,3000,0.0003333333333333333,64,AR1_GAUSSIAN,127
EXACT_FIFO_256,4,4,3000,3000,1.0,256,AR1_GAUSSIAN,127
EXACT_FIFO_1024,4,16,3000,3000,1.0,256,AR1_GAUSSIAN,127
EXACT_FIFO_4096,4,64,3000,3000,1.0,256,AR1_GAUSSIAN,127
CURRENT_FEATURE_64,4,1,3000,3000,1.0,64,AR1_GAUSSIAN,127
EXACT_REPLAY_UNBOUNDED,4,4,3000,3000,1.0,256,AR1_GAUSSIAN,127
ELIGIBILITY_TRACE_64,16,1,3000,3000,1.0,64,AR1_GAUSSIAN,127
EXACT_FIFO_64,16,1,1,3000,0.0003333333333333333,64,AR1_GAUSSIAN,127
EXACT_FIFO_256,16,4,4,3000,0.0013333333333333333,256,AR1_GAUSSIAN,127
EXACT_FIFO_1024,16,16,3000,3000,1.0,1024,AR1_GAUSSIAN,127
EXACT_FIFO_4096,16,64,3000,3000,1.0,1024,AR1_GAUSSIAN,127
CURRENT_FEATURE_64,16,1,3000,3000,1.0,64,AR1_GAUSSIAN,127
EXACT_REPLAY_UNBOUNDED,16,16,3000,3000,1.0,1024,AR1_GAUSSIAN,127
ELIGIBILITY_TRACE_64,64,1,3000,3000,1.0,64,AR1_GAUSSIAN,127
EXACT_FIFO_64,64,1,1,3000,0.0003333333333333333,64,AR1_GAUSSIAN,127
EXACT_FIFO_256,64,4,4,3000,0.0013333333333333333,256,AR1_GAUSSIAN,127
EXACT_FIFO_1024,64,16,16,3000,0.005333333333333333,1024,AR1_GAUSSIAN,127
EXACT_FIFO_4096,64,64,3000,3000,1.0,4096,AR1_GAUSSIAN,127
CURRENT_FEATURE_64,64,1,3000,3000,1.0,64,AR1_GAUSSIAN,127
EXACT_REPLAY_UNBOUNDED,64,64,3000,3000,1.0,4096,AR1_GAUSSIAN,127
ELIGIBILITY_TRACE_64,1,1,3000,3000,1.0,64,AR1_GAUSSIAN,128
EXACT_FIFO_64,1,1,3000,3000,1.0,64,AR1_GAUSSIAN,128
EXACT_FIFO_256,1,4,3000,3000,1.0,64,AR1_GAUSSIAN,128
EXACT_FIFO_1024,1,16,3000,3000,1.0,64,AR1_GAUSSIAN,128
EXACT_FIFO_4096,1,64,3000,3000,1.0,64,AR1_GAUSSIAN,128
CURRENT_FEATURE_64,1,1,3000,3000,1.0,64,AR1_GAUSSIAN,128
EXACT_REPLAY_UNBOUNDED,1,1,3000,3000,1.0,64,AR1_GAUSSIAN,128
ELIGIBILITY_TRACE_64,4,1,3000,3000,1.0,64,AR1_GAUSSIAN,128
EXACT_FIFO_64,4,1,1,3000,0.0003333333333333333,64,AR1_GAUSSIAN,128
EXACT_FIFO_256,4,4,3000,3000,1.0,256,AR1_GAUSSIAN,128
EXACT_FIFO_1024,4,16,3000,3000,1.0,256,AR1_GAUSSIAN,128
EXACT_FIFO_4096,4,64,3000,3000,1.0,256,AR1_GAUSSIAN,128
CURRENT_FEATURE_64,4,1,3000,3000,1.0,64,AR1_GAUSSIAN,128
EXACT_REPLAY_UNBOUNDED,4,4,3000,3000,1.0,256,AR1_GAUSSIAN,128
ELIGIBILITY_TRACE_64,16,1,3000,3000,1.0,64,AR1_GAUSSIAN,128
EXACT_FIFO_64,16,1,1,3000,0.0003333333333333333,64,AR1_GAUSSIAN,128
EXACT_FIFO_256,16,4,4,3000,0.0013333333333333333,256,AR1_GAUSSIAN,128
EXACT_FIFO_1024,16,16,3000,3000,1.0,1024,AR1_GAUSSIAN,128
EXACT_FIFO_4096,16,64,3000,3000,1.0,1024,AR1_GAUSSIAN,128
CURRENT_FEATURE_64,16,1,3000,3000,1.0,64,AR1_GAUSSIAN,128
EXACT_REPLAY_UNBOUNDED,16,16,3000,3000,1.0,1024,AR1_GAUSSIAN,128
ELIGIBILITY_TRACE_64,64,1,3000,3000,1.0,64,AR1_GAUSSIAN,128
EXACT_FIFO_64,64,1,1,3000,0.0003333333333333333,64,AR1_GAUSSIAN,128
EXACT_FIFO_256,64,4,4,3000,0.0013333333333333333,256,AR1_GAUSSIAN,128
EXACT_FIFO_1024,64,16,16,3000,0.005333333333333333,1024,AR1_GAUSSIAN,128
EXACT_FIFO_4096,64,64,3000,3000,1.0,4096,AR1_GAUSSIAN,128
CURRENT_FEATURE_64,64,1,3000,3000,1.0,64,AR1_GAUSSIAN,128
EXACT_REPLAY_UNBOUNDED,64,64,3000,3000,1.0,4096,AR1_GAUSSIAN,128
ELIGIBILITY_TRACE_64,1,1,3000,3000,1.0,64,AR1_GAUSSIAN,129
EXACT_FIFO_64,1,1,3000,3000,1.0,64,AR1_GAUSSIAN,129
EXACT_FIFO_256,1,4,3000,3000,1.0,64,AR1_GAUSSIAN,129
EXACT_FIFO_1024,1,16,3000,3000,1.0,64,AR1_GAUSSIAN,129
EXACT_FIFO_4096,1,64,3000,3000,1.0,64,AR1_GAUSSIAN,129
CURRENT_FEATURE_64,1,1,3000,3000,1.0,64,AR1_GAUSSIAN,129
EXACT_REPLAY_UNBOUNDED,1,1,3000,3000,1.0,64,AR1_GAUSSIAN,129
ELIGIBILITY_TRACE_64,4,1,3000,3000,1.0,64,AR1_GAUSSIAN,129
EXACT_FIFO_64,4,1,1,3000,0.0003333333333333333,64,AR1_GAUSSIAN,129
EXACT_FIFO_256,4,4,3000,3000,1.0,256,AR1_GAUSSIAN,129
EXACT_FIFO_1024,4,16,3000,3000,1.0,256,AR1_GAUSSIAN,129
EXACT_FIFO_4096,4,64,3000,3000,1.0,256,AR1_GAUSSIAN,129
CURRENT_FEATURE_64,4,1,3000,3000,1.0,64,AR1_GAUSSIAN,129
EXACT_REPLAY_UNBOUNDED,4,4,3000,3000,1.0,256,AR1_GAUSSIAN,129
ELIGIBILITY_TRACE_64,16,1,3000,3000,1.0,64,AR1_GAUSSIAN,129
EXACT_FIFO_64,16,1,1,3000,0.0003333333333333333,64,AR1_GAUSSIAN,129
EXACT_FIFO_256,16,4,4,3000,0.0013333333333333333,256,AR1_GAUSSIAN,129
EXACT_FIFO_1024,16,16,3000,3000,1.0,1024,AR1_GAUSSIAN,129
EXACT_FIFO_4096,16,64,3000,3000,1.0,1024,AR1_GAUSSIAN,129
CURRENT_FEATURE_64,16,1,3000,3000,1.0,64,AR1_GAUSSIAN,129
EXACT_REPLAY_UNBOUNDED,16,16,3000,3000,1.0,1024,AR1_GAUSSIAN,129
ELIGIBILITY_TRACE_64,64,1,3000,3000,1.0,64,AR1_GAUSSIAN,129
EXACT_FIFO_64,64,1,1,3000,0.0003333333333333333,64,AR1_GAUSSIAN,129
EXACT_FIFO_256,64,4,4,3000,0.0013333333333333333,256,AR1_GAUSSIAN,129
EXACT_FIFO_1024,64,16,16,3000,0.005333333333333333,1024,AR1_GAUSSIAN,129
EXACT_FIFO_4096,64,64,3000,3000,1.0,4096,AR1_GAUSSIAN,129
CURRENT_FEATURE_64,64,1,3000,3000,1.0,64,AR1_GAUSSIAN,129
EXACT_REPLAY_UNBOUNDED,64,64,3000,3000,1.0,4096,AR1_GAUSSIAN,129
ELIGIBILITY_TRACE_64,1,1,3000,3000,1.0,64,SPARSE_SIGN,100
EXACT_FIFO_64,1,1,3000,3000,1.0,64,SPARSE_SIGN,100
EXACT_FIFO_256,1,4,3000,3000,1.0,64,SPARSE_SIGN,100
EXACT_FIFO_1024,1,16,3000,3000,1.0,64,SPARSE_SIGN,100
EXACT_FIFO_4096,1,64,3000,3000,1.0,64,SPARSE_SIGN,100
CURRENT_FEATURE_64,1,1,3000,3000,1.0,64,SPARSE_SIGN,100
EXACT_REPLAY_UNBOUNDED,1,1,3000,3000,1.0,64,SPARSE_SIGN,100
ELIGIBILITY_TRACE_64,4,1,3000,3000,1.0,64,SPARSE_SIGN,100
EXACT_FIFO_64,4,1,1,3000,0.0003333333333333333,64,SPARSE_SIGN,100
EXACT_FIFO_256,4,4,3000,3000,1.0,256,SPARSE_SIGN,100
EXACT_FIFO_1024,4,16,3000,3000,1.0,256,SPARSE_SIGN,100
EXACT_FIFO_4096,4,64,3000,3000,1.0,256,SPARSE_SIGN,100
CURRENT_FEATURE_64,4,1,3000,3000,1.0,64,SPARSE_SIGN,100
EXACT_REPLAY_UNBOUNDED,4,4,3000,3000,1.0,256,SPARSE_SIGN,100
ELIGIBILITY_TRACE_64,16,1,3000,3000,1.0,64,SPARSE_SIGN,100
EXACT_FIFO_64,16,1,1,3000,0.0003333333333333333,64,SPARSE_SIGN,100
EXACT_FIFO_256,16,4,4,3000,0.0013333333333333333,256,SPARSE_SIGN,100
EXACT_FIFO_1024,16,16,3000,3000,1.0,1024,SPARSE_SIGN,100
EXACT_FIFO_4096,16,64,3000,3000,1.0,1024,SPARSE_SIGN,100
CURRENT_FEATURE_64,16,1,3000,3000,1.0,64,SPARSE_SIGN,100
EXACT_REPLAY_UNBOUNDED,16,16,3000,3000,1.0,1024,SPARSE_SIGN,100
ELIGIBILITY_TRACE_64,64,1,3000,3000,1.0,64,SPARSE_SIGN,100
EXACT_FIFO_64,64,1,1,3000,0.0003333333333333333,64,SPARSE_SIGN,100
EXACT_FIFO_256,64,4,4,3000,0.0013333333333333333,256,SPARSE_SIGN,100
EXACT_FIFO_1024,64,16,16,3000,0.005333333333333333,1024,SPARSE_SIGN,100
EXACT_FIFO_4096,64,64,3000,3000,1.0,4096,SPARSE_SIGN,100
CURRENT_FEATURE_64,64,1,3000,3000,1.0,64,SPARSE_SIGN,100
EXACT_REPLAY_UNBOUNDED,64,64,3000,3000,1.0,4096,SPARSE_SIGN,100
ELIGIBILITY_TRACE_64,1,1,3000,3000,1.0,64,SPARSE_SIGN,101
EXACT_FIFO_64,1,1,3000,3000,1.0,64,SPARSE_SIGN,101
EXACT_FIFO_256,1,4,3000,3000,1.0,64,SPARSE_SIGN,101
EXACT_FIFO_1024,1,16,3000,3000,1.0,64,SPARSE_SIGN,101
EXACT_FIFO_4096,1,64,3000,3000,1.0,64,SPARSE_SIGN,101
CURRENT_FEATURE_64,1,1,3000,3000,1.0,64,SPARSE_SIGN,101
EXACT_REPLAY_UNBOUNDED,1,1,3000,3000,1.0,64,SPARSE_SIGN,101
ELIGIBILITY_TRACE_64,4,1,3000,3000,1.0,64,SPARSE_SIGN,101
EXACT_FIFO_64,4,1,1,3000,0.0003333333333333333,64,SPARSE_SIGN,101
EXACT_FIFO_256,4,4,3000,3000,1.0,256,SPARSE_SIGN,101
EXACT_FIFO_1024,4,16,3000,3000,1.0,256,SPARSE_SIGN,101
EXACT_FIFO_4096,4,64,3000,3000,1.0,256,SPARSE_SIGN,101
CURRENT_FEATURE_64,4,1,3000,3000,1.0,64,SPARSE_SIGN,101
EXACT_REPLAY_UNBOUNDED,4,4,3000,3000,1.0,256,SPARSE_SIGN,101
ELIGIBILITY_TRACE_64,16,1,3000,3000,1.0,64,SPARSE_SIGN,101
EXACT_FIFO_64,16,1,1,3000,0.0003333333333333333,64,SPARSE_SIGN,101
EXACT_FIFO_256,16,4,4,3000,0.0013333333333333333,256,SPARSE_SIGN,101
EXACT_FIFO_1024,16,16,3000,3000,1.0,1024,SPARSE_SIGN,101
EXACT_FIFO_4096,16,64,3000,3000,1.0,1024,SPARSE_SIGN,101
CURRENT_FEATURE_64,16,1,3000,3000,1.0,64,SPARSE_SIGN,101
EXACT_REPLAY_UNBOUNDED,16,16,3000,3000,1.0,1024,SPARSE_SIGN,101
ELIGIBILITY_TRACE_64,64,1,3000,3000,1.0,64,SPARSE_SIGN,101
EXACT_FIFO_64,64,1,1,3000,0.0003333333333333333,64,SPARSE_SIGN,101
EXACT_FIFO_256,64,4,4,3000,0.0013333333333333333,256,SPARSE_SIGN,101
EXACT_FIFO_1024,64,16,16,3000,0.005333333333333333,1024,SPARSE_SIGN,101
EXACT_FIFO_4096,64,64,3000,3000,1.0,4096,SPARSE_SIGN,101
CURRENT_FEATURE_64,64,1,3000,3000,1.0,64,SPARSE_SIGN,101
EXACT_REPLAY_UNBOUNDED,64,64,3000,3000,1.0,4096,SPARSE_SIGN,101
ELIGIBILITY_TRACE_64,1,1,3000,3000,1.0,64,SPARSE_SIGN,102
EXACT_FIFO_64,1,1,3000,3000,1.0,64,SPARSE_SIGN,102
EXACT_FIFO_256,1,4,3000,3000,1.0,64,SPARSE_SIGN,102
EXACT_FIFO_1024,1,16,3000,3000,1.0,64,SPARSE_SIGN,102
EXACT_FIFO_4096,1,64,3000,3000,1.0,64,SPARSE_SIGN,102
CURRENT_FEATURE_64,1,1,3000,3000,1.0,64,SPARSE_SIGN,102
EXACT_REPLAY_UNBOUNDED,1,1,3000,3000,1.0,64,SPARSE_SIGN,102
ELIGIBILITY_TRACE_64,4,1,3000,3000,1.0,64,SPARSE_SIGN,102
EXACT_FIFO_64,4,1,1,3000,0.0003333333333333333,64,SPARSE_SIGN,102
EXACT_FIFO_256,4,4,3000,3000,1.0,256,SPARSE_SIGN,102
EXACT_FIFO_1024,4,16,3000,3000,1.0,256,SPARSE_SIGN,102
EXACT_FIFO_4096,4,64,3000,3000,1.0,256,SPARSE_SIGN,102
CURRENT_FEATURE_64,4,1,3000,3000,1.0,64,SPARSE_SIGN,102
EXACT_REPLAY_UNBOUNDED,4,4,3000,3000,1.0,256,SPARSE_SIGN,102
ELIGIBILITY_TRACE_64,16,1,3000,3000,1.0,64,SPARSE_SIGN,102
EXACT_FIFO_64,16,1,1,3000,0.0003333333333333333,64,SPARSE_SIGN,102
EXACT_FIFO_256,16,4,4,3000,0.0013333333333333333,256,SPARSE_SIGN,102
EXACT_FIFO_1024,16,16,3000,3000,1.0,1024,SPARSE_SIGN,102
EXACT_FIFO_4096,16,64,3000,3000,1.0,1024,SPARSE_SIGN,102
CURRENT_FEATURE_64,16,1,3000,3000,1.0,64,SPARSE_SIGN,102
EXACT_REPLAY_UNBOUNDED,16,16,3000,3000,1.0,1024,SPARSE_SIGN,102
ELIGIBILITY_TRACE_64,64,1,3000,3000,1.0,64,SPARSE_SIGN,102
EXACT_FIFO_64,64,1,1,3000,0.0003333333333333333,64,SPARSE_SIGN,102
EXACT_FIFO_256,64,4,4,3000,0.0013333333333333333,256,SPARSE_SIGN,102
EXACT_FIFO_1024,64,16,16,3000,0.005333333333333333,1024,SPARSE_SIGN,102
EXACT_FIFO_4096,64,64,3000,3000,1.0,4096,SPARSE_SIGN,102
CURRENT_FEATURE_64,64,1,3000,3000,1.0,64,SPARSE_SIGN,102
EXACT_REPLAY_UNBOUNDED,64,64,3000,3000,1.0,4096,SPARSE_SIGN,102
ELIGIBILITY_TRACE_64,1,1,3000,3000,1.0,64,SPARSE_SIGN,103
EXACT_FIFO_64,1,1,3000,3000,1.0,64,SPARSE_SIGN,103
EXACT_FIFO_256,1,4,3000,3000,1.0,64,SPARSE_SIGN,103
EXACT_FIFO_1024,1,16,3000,3000,1.0,64,SPARSE_SIGN,103
EXACT_FIFO_4096,1,64,3000,3000,1.0,64,SPARSE_SIGN,103
CURRENT_FEATURE_64,1,1,3000,3000,1.0,64,SPARSE_SIGN,103
EXACT_REPLAY_UNBOUNDED,1,1,3000,3000,1.0,64,SPARSE_SIGN,103
ELIGIBILITY_TRACE_64,4,1,3000,3000,1.0,64,SPARSE_SIGN,103
EXACT_FIFO_64,4,1,1,3000,0.0003333333333333333,64,SPARSE_SIGN,103
EXACT_FIFO_256,4,4,3000,3000,1.0,256,SPARSE_SIGN,103
EXACT_FIFO_1024,4,16,3000,3000,1.0,256,SPARSE_SIGN,103
EXACT_FIFO_4096,4,64,3000,3000,1.0,256,SPARSE_SIGN,103
CURRENT_FEATURE_64,4,1,3000,3000,1.0,64,SPARSE_SIGN,103
EXACT_REPLAY_UNBOUNDED,4,4,3000,3000,1.0,256,SPARSE_SIGN,103
ELIGIBILITY_TRACE_64,16,1,3000,3000,1.0,64,SPARSE_SIGN,103
EXACT_FIFO_64,16,1,1,3000,0.0003333333333333333,64,SPARSE_SIGN,103
EXACT_FIFO_256,16,4,4,3000,0.0013333333333333333,256,SPARSE_SIGN,103
EXACT_FIFO_1024,16,16,3000,3000,1.0,1024,SPARSE_SIGN,103
EXACT_FIFO_4096,16,64,3000,3000,1.0,1024,SPARSE_SIGN,103
CURRENT_FEATURE_64,16,1,3000,3000,1.0,64,SPARSE_SIGN,103
EXACT_REPLAY_UNBOUNDED,16,16,3000,3000,1.0,1024,SPARSE_SIGN,103
ELIGIBILITY_TRACE_64,64,1,3000,3000,1.0,64,SPARSE_SIGN,103
EXACT_FIFO_64,64,1,1,3000,0.0003333333333333333,64,SPARSE_SIGN,103
EXACT_FIFO_256,64,4,4,3000,0.0013333333333333333,256,SPARSE_SIGN,103
EXACT_FIFO_1024,64,16,16,3000,0.005333333333333333,1024,SPARSE_SIGN,103
EXACT_FIFO_4096,64,64,3000,3000,1.0,4096,SPARSE_SIGN,103
CURRENT_FEATURE_64,64,1,3000,3000,1.0,64,SPARSE_SIGN,103
EXACT_REPLAY_UNBOUNDED,64,64,3000,3000,1.0,4096,SPARSE_SIGN,103
ELIGIBILITY_TRACE_64,1,1,3000,3000,1.0,64,SPARSE_SIGN,104
EXACT_FIFO_64,1,1,3000,3000,1.0,64,SPARSE_SIGN,104
EXACT_FIFO_256,1,4,3000,3000,1.0,64,SPARSE_SIGN,104
EXACT_FIFO_1024,1,16,3000,3000,1.0,64,SPARSE_SIGN,104
EXACT_FIFO_4096,1,64,3000,3000,1.0,64,SPARSE_SIGN,104
CURRENT_FEATURE_64,1,1,3000,3000,1.0,64,SPARSE_SIGN,104
EXACT_REPLAY_UNBOUNDED,1,1,3000,3000,1.0,64,SPARSE_SIGN,104
ELIGIBILITY_TRACE_64,4,1,3000,3000,1.0,64,SPARSE_SIGN,104
EXACT_FIFO_64,4,1,1,3000,0.0003333333333333333,64,SPARSE_SIGN,104
EXACT_FIFO_256,4,4,3000,3000,1.0,256,SPARSE_SIGN,104
EXACT_FIFO_1024,4,16,3000,3000,1.0,256,SPARSE_SIGN,104
EXACT_FIFO_4096,4,64,3000,3000,1.0,256,SPARSE_SIGN,104
CURRENT_FEATURE_64,4,1,3000,3000,1.0,64,SPARSE_SIGN,104
EXACT_REPLAY_UNBOUNDED,4,4,3000,3000,1.0,256,SPARSE_SIGN,104
ELIGIBILITY_TRACE_64,16,1,3000,3000,1.0,64,SPARSE_SIGN,104
EXACT_FIFO_64,16,1,1,3000,0.0003333333333333333,64,SPARSE_SIGN,104
EXACT_FIFO_256,16,4,4,3000,0.0013333333333333333,256,SPARSE_SIGN,104
EXACT_FIFO_1024,16,16,3000,3000,1.0,1024,SPARSE_SIGN,104
EXACT_FIFO_4096,16,64,3000,3000,1.0,1024,SPARSE_SIGN,104
CURRENT_FEATURE_64,16,1,3000,3000,1.0,64,SPARSE_SIGN,104
EXACT_REPLAY_UNBOUNDED,16,16,3000,3000,1.0,1024,SPARSE_SIGN,104
ELIGIBILITY_TRACE_64,64,1,3000,3000,1.0,64,SPARSE_SIGN,104
EXACT_FIFO_64,64,1,1,3000,0.0003333333333333333,64,SPARSE_SIGN,104
EXACT_FIFO_256,64,4,4,3000,0.0013333333333333333,256,SPARSE_SIGN,104
EXACT_FIFO_1024,64,16,16,3000,0.005333333333333333,1024,SPARSE_SIGN,104
EXACT_FIFO_4096,64,64,3000,3000,1.0,4096,SPARSE_SIGN,104
CURRENT_FEATURE_64,64,1,3000,3000,1.0,64,SPARSE_SIGN,104
EXACT_REPLAY_UNBOUNDED,64,64,3000,3000,1.0,4096,SPARSE_SIGN,104
ELIGIBILITY_TRACE_64,1,1,3000,3000,1.0,64,SPARSE_SIGN,105
EXACT_FIFO_64,1,1,3000,3000,1.0,64,SPARSE_SIGN,105
EXACT_FIFO_256,1,4,3000,3000,1.0,64,SPARSE_SIGN,105
EXACT_FIFO_1024,1,16,3000,3000,1.0,64,SPARSE_SIGN,105
EXACT_FIFO_4096,1,64,3000,3000,1.0,64,SPARSE_SIGN,105
CURRENT_FEATURE_64,1,1,3000,3000,1.0,64,SPARSE_SIGN,105
EXACT_REPLAY_UNBOUNDED,1,1,3000,3000,1.0,64,SPARSE_SIGN,105
ELIGIBILITY_TRACE_64,4,1,3000,3000,1.0,64,SPARSE_SIGN,105
EXACT_FIFO_64,4,1,1,3000,0.0003333333333333333,64,SPARSE_SIGN,105
EXACT_FIFO_256,4,4,3000,3000,1.0,256,SPARSE_SIGN,105
EXACT_FIFO_1024,4,16,3000,3000,1.0,256,SPARSE_SIGN,105
EXACT_FIFO_4096,4,64,3000,3000,1.0,256,SPARSE_SIGN,105
CURRENT_FEATURE_64,4,1,3000,3000,1.0,64,SPARSE_SIGN,105
EXACT_REPLAY_UNBOUNDED,4,4,3000,3000,1.0,256,SPARSE_SIGN,105
ELIGIBILITY_TRACE_64,16,1,3000,3000,1.0,64,SPARSE_SIGN,105
EXACT_FIFO_64,16,1,1,3000,0.0003333333333333333,64,SPARSE_SIGN,105
EXACT_FIFO_256,16,4,4,3000,0.0013333333333333333,256,SPARSE_SIGN,105
EXACT_FIFO_1024,16,16,3000,3000,1.0,1024,SPARSE_SIGN,105
EXACT_FIFO_4096,16,64,3000,3000,1.0,1024,SPARSE_SIGN,105
CURRENT_FEATURE_64,16,1,3000,3000,1.0,64,SPARSE_SIGN,105
EXACT_REPLAY_UNBOUNDED,16,16,3000,3000,1.0,1024,SPARSE_SIGN,105
ELIGIBILITY_TRACE_64,64,1,3000,3000,1.0,64,SPARSE_SIGN,105
EXACT_FIFO_64,64,1,1,3000,0.0003333333333333333,64,SPARSE_SIGN,105
EXACT_FIFO_256,64,4,4,3000,0.0013333333333333333,256,SPARSE_SIGN,105
EXACT_FIFO_1024,64,16,16,3000,0.005333333333333333,1024,SPARSE_SIGN,105
EXACT_FIFO_4096,64,64,3000,3000,1.0,4096,SPARSE_SIGN,105
CURRENT_FEATURE_64,64,1,3000,3000,1.0,64,SPARSE_SIGN,105
EXACT_REPLAY_UNBOUNDED,64,64,3000,3000,1.0,4096,SPARSE_SIGN,105
ELIGIBILITY_TRACE_64,1,1,3000,3000,1.0,64,SPARSE_SIGN,106
EXACT_FIFO_64,1,1,3000,3000,1.0,64,SPARSE_SIGN,106
EXACT_FIFO_256,1,4,3000,3000,1.0,64,SPARSE_SIGN,106
EXACT_FIFO_1024,1,16,3000,3000,1.0,64,SPARSE_SIGN,106
EXACT_FIFO_4096,1,64,3000,3000,1.0,64,SPARSE_SIGN,106
CURRENT_FEATURE_64,1,1,3000,3000,1.0,64,SPARSE_SIGN,106
EXACT_REPLAY_UNBOUNDED,1,1,3000,3000,1.0,64,SPARSE_SIGN,106
ELIGIBILITY_TRACE_64,4,1,3000,3000,1.0,64,SPARSE_SIGN,106
EXACT_FIFO_64,4,1,1,3000,0.0003333333333333333,64,SPARSE_SIGN,106
EXACT_FIFO_256,4,4,3000,3000,1.0,256,SPARSE_SIGN,106
EXACT_FIFO_1024,4,16,3000,3000,1.0,256,SPARSE_SIGN,106
EXACT_FIFO_4096,4,64,3000,3000,1.0,256,SPARSE_SIGN,106
CURRENT_FEATURE_64,4,1,3000,3000,1.0,64,SPARSE_SIGN,106
EXACT_REPLAY_UNBOUNDED,4,4,3000,3000,1.0,256,SPARSE_SIGN,106
ELIGIBILITY_TRACE_64,16,1,3000,3000,1.0,64,SPARSE_SIGN,106
EXACT_FIFO_64,16,1,1,3000,0.0003333333333333333,64,SPARSE_SIGN,106
EXACT_FIFO_256,16,4,4,3000,0.0013333333333333333,256,SPARSE_SIGN,106
EXACT_FIFO_1024,16,16,3000,3000,1.0,1024,SPARSE_SIGN,106
EXACT_FIFO_4096,16,64,3000,3000,1.0,1024,SPARSE_SIGN,106
CURRENT_FEATURE_64,16,1,3000,3000,1.0,64,SPARSE_SIGN,106
EXACT_REPLAY_UNBOUNDED,16,16,3000,3000,1.0,1024,SPARSE_SIGN,106
ELIGIBILITY_TRACE_64,64,1,3000,3000,1.0,64,SPARSE_SIGN,106
EXACT_FIFO_64,64,1,1,3000,0.0003333333333333333,64,SPARSE_SIGN,106
EXACT_FIFO_256,64,4,4,3000,0.0013333333333333333,256,SPARSE_SIGN,106
EXACT_FIFO_1024,64,16,16,3000,0.005333333333333333,1024,SPARSE_SIGN,106
EXACT_FIFO_4096,64,64,3000,3000,1.0,4096,SPARSE_SIGN,106
CURRENT_FEATURE_64,64,1,3000,3000,1.0,64,SPARSE_SIGN,106
EXACT_REPLAY_UNBOUNDED,64,64,3000,3000,1.0,4096,SPARSE_SIGN,106
ELIGIBILITY_TRACE_64,1,1,3000,3000,1.0,64,SPARSE_SIGN,107
EXACT_FIFO_64,1,1,3000,3000,1.0,64,SPARSE_SIGN,107
EXACT_FIFO_256,1,4,3000,3000,1.0,64,SPARSE_SIGN,107
EXACT_FIFO_1024,1,16,3000,3000,1.0,64,SPARSE_SIGN,107
EXACT_FIFO_4096,1,64,3000,3000,1.0,64,SPARSE_SIGN,107
CURRENT_FEATURE_64,1,1,3000,3000,1.0,64,SPARSE_SIGN,107
EXACT_REPLAY_UNBOUNDED,1,1,3000,3000,1.0,64,SPARSE_SIGN,107
ELIGIBILITY_TRACE_64,4,1,3000,3000,1.0,64,SPARSE_SIGN,107
EXACT_FIFO_64,4,1,1,3000,0.0003333333333333333,64,SPARSE_SIGN,107
EXACT_FIFO_256,4,4,3000,3000,1.0,256,SPARSE_SIGN,107
EXACT_FIFO_1024,4,16,3000,3000,1.0,256,SPARSE_SIGN,107
EXACT_FIFO_4096,4,64,3000,3000,1.0,256,SPARSE_SIGN,107
CURRENT_FEATURE_64,4,1,3000,3000,1.0,64,SPARSE_SIGN,107
EXACT_REPLAY_UNBOUNDED,4,4,3000,3000,1.0,256,SPARSE_SIGN,107
ELIGIBILITY_TRACE_64,16,1,3000,3000,1.0,64,SPARSE_SIGN,107
EXACT_FIFO_64,16,1,1,3000,0.0003333333333333333,64,SPARSE_SIGN,107
EXACT_FIFO_256,16,4,4,3000,0.0013333333333333333,256,SPARSE_SIGN,107
EXACT_FIFO_1024,16,16,3000,3000,1.0,1024,SPARSE_SIGN,107
EXACT_FIFO_4096,16,64,3000,3000,1.0,1024,SPARSE_SIGN,107
CURRENT_FEATURE_64,16,1,3000,3000,1.0,64,SPARSE_SIGN,107
EXACT_REPLAY_UNBOUNDED,16,16,3000,3000,1.0,1024,SPARSE_SIGN,107
ELIGIBILITY_TRACE_64,64,1,3000,3000,1.0,64,SPARSE_SIGN,107
EXACT_FIFO_64,64,1,1,3000,0.0003333333333333333,64,SPARSE_SIGN,107
EXACT_FIFO_256,64,4,4,3000,0.0013333333333333333,256,SPARSE_SIGN,107
EXACT_FIFO_1024,64,16,16,3000,0.005333333333333333,1024,SPARSE_SIGN,107
EXACT_FIFO_4096,64,64,3000,3000,1.0,4096,SPARSE_SIGN,107
CURRENT_FEATURE_64,64,1,3000,3000,1.0,64,SPARSE_SIGN,107
EXACT_REPLAY_UNBOUNDED,64,64,3000,3000,1.0,4096,SPARSE_SIGN,107
ELIGIBILITY_TRACE_64,1,1,3000,3000,1.0,64,SPARSE_SIGN,108
EXACT_FIFO_64,1,1,3000,3000,1.0,64,SPARSE_SIGN,108
EXACT_FIFO_256,1,4,3000,3000,1.0,64,SPARSE_SIGN,108
EXACT_FIFO_1024,1,16,3000,3000,1.0,64,SPARSE_SIGN,108
EXACT_FIFO_4096,1,64,3000,3000,1.0,64,SPARSE_SIGN,108
CURRENT_FEATURE_64,1,1,3000,3000,1.0,64,SPARSE_SIGN,108
EXACT_REPLAY_UNBOUNDED,1,1,3000,3000,1.0,64,SPARSE_SIGN,108
ELIGIBILITY_TRACE_64,4,1,3000,3000,1.0,64,SPARSE_SIGN,108
EXACT_FIFO_64,4,1,1,3000,0.0003333333333333333,64,SPARSE_SIGN,108
EXACT_FIFO_256,4,4,3000,3000,1.0,256,SPARSE_SIGN,108
EXACT_FIFO_1024,4,16,3000,3000,1.0,256,SPARSE_SIGN,108
EXACT_FIFO_4096,4,64,3000,3000,1.0,256,SPARSE_SIGN,108
CURRENT_FEATURE_64,4,1,3000,3000,1.0,64,SPARSE_SIGN,108
EXACT_REPLAY_UNBOUNDED,4,4,3000,3000,1.0,256,SPARSE_SIGN,108
ELIGIBILITY_TRACE_64,16,1,3000,3000,1.0,64,SPARSE_SIGN,108
EXACT_FIFO_64,16,1,1,3000,0.0003333333333333333,64,SPARSE_SIGN,108
EXACT_FIFO_256,16,4,4,3000,0.0013333333333333333,256,SPARSE_SIGN,108
EXACT_FIFO_1024,16,16,3000,3000,1.0,1024,SPARSE_SIGN,108
EXACT_FIFO_4096,16,64,3000,3000,1.0,1024,SPARSE_SIGN,108
CURRENT_FEATURE_64,16,1,3000,3000,1.0,64,SPARSE_SIGN,108
EXACT_REPLAY_UNBOUNDED,16,16,3000,3000,1.0,1024,SPARSE_SIGN,108
ELIGIBILITY_TRACE_64,64,1,3000,3000,1.0,64,SPARSE_SIGN,108
EXACT_FIFO_64,64,1,1,3000,0.0003333333333333333,64,SPARSE_SIGN,108
EXACT_FIFO_256,64,4,4,3000,0.0013333333333333333,256,SPARSE_SIGN,108
EXACT_FIFO_1024,64,16,16,3000,0.005333333333333333,1024,SPARSE_SIGN,108
EXACT_FIFO_4096,64,64,3000,3000,1.0,4096,SPARSE_SIGN,108
CURRENT_FEATURE_64,64,1,3000,3000,1.0,64,SPARSE_SIGN,108
EXACT_REPLAY_UNBOUNDED,64,64,3000,3000,1.0,4096,SPARSE_SIGN,108
ELIGIBILITY_TRACE_64,1,1,3000,3000,1.0,64,SPARSE_SIGN,109
EXACT_FIFO_64,1,1,3000,3000,1.0,64,SPARSE_SIGN,109
EXACT_FIFO_256,1,4,3000,3000,1.0,64,SPARSE_SIGN,109
EXACT_FIFO_1024,1,16,3000,3000,1.0,64,SPARSE_SIGN,109
EXACT_FIFO_4096,1,64,3000,3000,1.0,64,SPARSE_SIGN,109
CURRENT_FEATURE_64,1,1,3000,3000,1.0,64,SPARSE_SIGN,109
EXACT_REPLAY_UNBOUNDED,1,1,3000,3000,1.0,64,SPARSE_SIGN,109
ELIGIBILITY_TRACE_64,4,1,3000,3000,1.0,64,SPARSE_SIGN,109
EXACT_FIFO_64,4,1,1,3000,0.0003333333333333333,64,SPARSE_SIGN,109
EXACT_FIFO_256,4,4,3000,3000,1.0,256,SPARSE_SIGN,109
EXACT_FIFO_1024,4,16,3000,3000,1.0,256,SPARSE_SIGN,109
EXACT_FIFO_4096,4,64,3000,3000,1.0,256,SPARSE_SIGN,109
CURRENT_FEATURE_64,4,1,3000,3000,1.0,64,SPARSE_SIGN,109
EXACT_REPLAY_UNBOUNDED,4,4,3000,3000,1.0,256,SPARSE_SIGN,109
ELIGIBILITY_TRACE_64,16,1,3000,3000,1.0,64,SPARSE_SIGN,109
EXACT_FIFO_64,16,1,1,3000,0.0003333333333333333,64,SPARSE_SIGN,109
EXACT_FIFO_256,16,4,4,3000,0.0013333333333333333,256,SPARSE_SIGN,109
EXACT_FIFO_1024,16,16,3000,3000,1.0,1024,SPARSE_SIGN,109
EXACT_FIFO_4096,16,64,3000,3000,1.0,1024,SPARSE_SIGN,109
CURRENT_FEATURE_64,16,1,3000,3000,1.0,64,SPARSE_SIGN,109
EXACT_REPLAY_UNBOUNDED,16,16,3000,3000,1.0,1024,SPARSE_SIGN,109
ELIGIBILITY_TRACE_64,64,1,3000,3000,1.0,64,SPARSE_SIGN,109
EXACT_FIFO_64,64,1,1,3000,0.0003333333333333333,64,SPARSE_SIGN,109
EXACT_FIFO_256,64,4,4,3000,0.0013333333333333333,256,SPARSE_SIGN,109
EXACT_FIFO_1024,64,16,16,3000,0.005333333333333333,1024,SPARSE_SIGN,109
EXACT_FIFO_4096,64,64,3000,3000,1.0,4096,SPARSE_SIGN,109
CURRENT_FEATURE_64,64,1,3000,3000,1.0,64,SPARSE_SIGN,109
EXACT_REPLAY_UNBOUNDED,64,64,3000,3000,1.0,4096,SPARSE_SIGN,109
ELIGIBILITY_TRACE_64,1,1,3000,3000,1.0,64,SPARSE_SIGN,110
EXACT_FIFO_64,1,1,3000,3000,1.0,64,SPARSE_SIGN,110
EXACT_FIFO_256,1,4,3000,3000,1.0,64,SPARSE_SIGN,110
EXACT_FIFO_1024,1,16,3000,3000,1.0,64,SPARSE_SIGN,110
EXACT_FIFO_4096,1,64,3000,3000,1.0,64,SPARSE_SIGN,110
CURRENT_FEATURE_64,1,1,3000,3000,1.0,64,SPARSE_SIGN,110
EXACT_REPLAY_UNBOUNDED,1,1,3000,3000,1.0,64,SPARSE_SIGN,110
ELIGIBILITY_TRACE_64,4,1,3000,3000,1.0,64,SPARSE_SIGN,110
EXACT_FIFO_64,4,1,1,3000,0.0003333333333333333,64,SPARSE_SIGN,110
EXACT_FIFO_256,4,4,3000,3000,1.0,256,SPARSE_SIGN,110
EXACT_FIFO_1024,4,16,3000,3000,1.0,256,SPARSE_SIGN,110
EXACT_FIFO_4096,4,64,3000,3000,1.0,256,SPARSE_SIGN,110
CURRENT_FEATURE_64,4,1,3000,3000,1.0,64,SPARSE_SIGN,110
EXACT_REPLAY_UNBOUNDED,4,4,3000,3000,1.0,256,SPARSE_SIGN,110
ELIGIBILITY_TRACE_64,16,1,3000,3000,1.0,64,SPARSE_SIGN,110
EXACT_FIFO_64,16,1,1,3000,0.0003333333333333333,64,SPARSE_SIGN,110
EXACT_FIFO_256,16,4,4,3000,0.0013333333333333333,256,SPARSE_SIGN,110
EXACT_FIFO_1024,16,16,3000,3000,1.0,1024,SPARSE_SIGN,110
EXACT_FIFO_4096,16,64,3000,3000,1.0,1024,SPARSE_SIGN,110
CURRENT_FEATURE_64,16,1,3000,3000,1.0,64,SPARSE_SIGN,110
EXACT_REPLAY_UNBOUNDED,16,16,3000,3000,1.0,1024,SPARSE_SIGN,110
ELIGIBILITY_TRACE_64,64,1,3000,3000,1.0,64,SPARSE_SIGN,110
EXACT_FIFO_64,64,1,1,3000,0.0003333333333333333,64,SPARSE_SIGN,110
EXACT_FIFO_256,64,4,4,3000,0.0013333333333333333,256,SPARSE_SIGN,110
EXACT_FIFO_1024,64,16,16,3000,0.005333333333333333,1024,SPARSE_SIGN,110
EXACT_FIFO_4096,64,64,3000,3000,1.0,4096,SPARSE_SIGN,110
CURRENT_FEATURE_64,64,1,3000,3000,1.0,64,SPARSE_SIGN,110
EXACT_REPLAY_UNBOUNDED,64,64,3000,3000,1.0,4096,SPARSE_SIGN,110
ELIGIBILITY_TRACE_64,1,1,3000,3000,1.0,64,SPARSE_SIGN,111
EXACT_FIFO_64,1,1,3000,3000,1.0,64,SPARSE_SIGN,111
EXACT_FIFO_256,1,4,3000,3000,1.0,64,SPARSE_SIGN,111
EXACT_FIFO_1024,1,16,3000,3000,1.0,64,SPARSE_SIGN,111
EXACT_FIFO_4096,1,64,3000,3000,1.0,64,SPARSE_SIGN,111
CURRENT_FEATURE_64,1,1,3000,3000,1.0,64,SPARSE_SIGN,111
EXACT_REPLAY_UNBOUNDED,1,1,3000,3000,1.0,64,SPARSE_SIGN,111
ELIGIBILITY_TRACE_64,4,1,3000,3000,1.0,64,SPARSE_SIGN,111
EXACT_FIFO_64,4,1,1,3000,0.0003333333333333333,64,SPARSE_SIGN,111
EXACT_FIFO_256,4,4,3000,3000,1.0,256,SPARSE_SIGN,111
EXACT_FIFO_1024,4,16,3000,3000,1.0,256,SPARSE_SIGN,111
EXACT_FIFO_4096,4,64,3000,3000,1.0,256,SPARSE_SIGN,111
CURRENT_FEATURE_64,4,1,3000,3000,1.0,64,SPARSE_SIGN,111
EXACT_REPLAY_UNBOUNDED,4,4,3000,3000,1.0,256,SPARSE_SIGN,111
ELIGIBILITY_TRACE_64,16,1,3000,3000,1.0,64,SPARSE_SIGN,111
EXACT_FIFO_64,16,1,1,3000,0.0003333333333333333,64,SPARSE_SIGN,111
EXACT_FIFO_256,16,4,4,3000,0.0013333333333333333,256,SPARSE_SIGN,111
EXACT_FIFO_1024,16,16,3000,3000,1.0,1024,SPARSE_SIGN,111
EXACT_FIFO_4096,16,64,3000,3000,1.0,1024,SPARSE_SIGN,111
CURRENT_FEATURE_64,16,1,3000,3000,1.0,64,SPARSE_SIGN,111
EXACT_REPLAY_UNBOUNDED,16,16,3000,3000,1.0,1024,SPARSE_SIGN,111
ELIGIBILITY_TRACE_64,64,1,3000,3000,1.0,64,SPARSE_SIGN,111
EXACT_FIFO_64,64,1,1,3000,0.0003333333333333333,64,SPARSE_SIGN,111
EXACT_FIFO_256,64,4,4,3000,0.0013333333333333333,256,SPARSE_SIGN,111
EXACT_FIFO_1024,64,16,16,3000,0.005333333333333333,1024,SPARSE_SIGN,111
EXACT_FIFO_4096,64,64,3000,3000,1.0,4096,SPARSE_SIGN,111
CURRENT_FEATURE_64,64,1,3000,3000,1.0,64,SPARSE_SIGN,111
EXACT_REPLAY_UNBOUNDED,64,64,3000,3000,1.0,4096,SPARSE_SIGN,111
ELIGIBILITY_TRACE_64,1,1,3000,3000,1.0,64,SPARSE_SIGN,112
EXACT_FIFO_64,1,1,3000,3000,1.0,64,SPARSE_SIGN,112
EXACT_FIFO_256,1,4,3000,3000,1.0,64,SPARSE_SIGN,112
EXACT_FIFO_1024,1,16,3000,3000,1.0,64,SPARSE_SIGN,112
EXACT_FIFO_4096,1,64,3000,3000,1.0,64,SPARSE_SIGN,112
CURRENT_FEATURE_64,1,1,3000,3000,1.0,64,SPARSE_SIGN,112
EXACT_REPLAY_UNBOUNDED,1,1,3000,3000,1.0,64,SPARSE_SIGN,112
ELIGIBILITY_TRACE_64,4,1,3000,3000,1.0,64,SPARSE_SIGN,112
EXACT_FIFO_64,4,1,1,3000,0.0003333333333333333,64,SPARSE_SIGN,112
EXACT_FIFO_256,4,4,3000,3000,1.0,256,SPARSE_SIGN,112
EXACT_FIFO_1024,4,16,3000,3000,1.0,256,SPARSE_SIGN,112
EXACT_FIFO_4096,4,64,3000,3000,1.0,256,SPARSE_SIGN,112
CURRENT_FEATURE_64,4,1,3000,3000,1.0,64,SPARSE_SIGN,112
EXACT_REPLAY_UNBOUNDED,4,4,3000,3000,1.0,256,SPARSE_SIGN,112
ELIGIBILITY_TRACE_64,16,1,3000,3000,1.0,64,SPARSE_SIGN,112
EXACT_FIFO_64,16,1,1,3000,0.0003333333333333333,64,SPARSE_SIGN,112
EXACT_FIFO_256,16,4,4,3000,0.0013333333333333333,256,SPARSE_SIGN,112
EXACT_FIFO_1024,16,16,3000,3000,1.0,1024,SPARSE_SIGN,112
EXACT_FIFO_4096,16,64,3000,3000,1.0,1024,SPARSE_SIGN,112
CURRENT_FEATURE_64,16,1,3000,3000,1.0,64,SPARSE_SIGN,112
EXACT_REPLAY_UNBOUNDED,16,16,3000,3000,1.0,1024,SPARSE_SIGN,112
ELIGIBILITY_TRACE_64,64,1,3000,3000,1.0,64,SPARSE_SIGN,112
EXACT_FIFO_64,64,1,1,3000,0.0003333333333333333,64,SPARSE_SIGN,112
EXACT_FIFO_256,64,4,4,3000,0.0013333333333333333,256,SPARSE_SIGN,112
EXACT_FIFO_1024,64,16,16,3000,0.005333333333333333,1024,SPARSE_SIGN,112
EXACT_FIFO_4096,64,64,3000,3000,1.0,4096,SPARSE_SIGN,112
CURRENT_FEATURE_64,64,1,3000,3000,1.0,64,SPARSE_SIGN,112
EXACT_REPLAY_UNBOUNDED,64,64,3000,3000,1.0,4096,SPARSE_SIGN,112
ELIGIBILITY_TRACE_64,1,1,3000,3000,1.0,64,SPARSE_SIGN,113
EXACT_FIFO_64,1,1,3000,3000,1.0,64,SPARSE_SIGN,113
EXACT_FIFO_256,1,4,3000,3000,1.0,64,SPARSE_SIGN,113
EXACT_FIFO_1024,1,16,3000,3000,1.0,64,SPARSE_SIGN,113
EXACT_FIFO_4096,1,64,3000,3000,1.0,64,SPARSE_SIGN,113
CURRENT_FEATURE_64,1,1,3000,3000,1.0,64,SPARSE_SIGN,113
EXACT_REPLAY_UNBOUNDED,1,1,3000,3000,1.0,64,SPARSE_SIGN,113
ELIGIBILITY_TRACE_64,4,1,3000,3000,1.0,64,SPARSE_SIGN,113
EXACT_FIFO_64,4,1,1,3000,0.0003333333333333333,64,SPARSE_SIGN,113
EXACT_FIFO_256,4,4,3000,3000,1.0,256,SPARSE_SIGN,113
EXACT_FIFO_1024,4,16,3000,3000,1.0,256,SPARSE_SIGN,113
EXACT_FIFO_4096,4,64,3000,3000,1.0,256,SPARSE_SIGN,113
CURRENT_FEATURE_64,4,1,3000,3000,1.0,64,SPARSE_SIGN,113
EXACT_REPLAY_UNBOUNDED,4,4,3000,3000,1.0,256,SPARSE_SIGN,113
ELIGIBILITY_TRACE_64,16,1,3000,3000,1.0,64,SPARSE_SIGN,113
EXACT_FIFO_64,16,1,1,3000,0.0003333333333333333,64,SPARSE_SIGN,113
EXACT_FIFO_256,16,4,4,3000,0.0013333333333333333,256,SPARSE_SIGN,113
EXACT_FIFO_1024,16,16,3000,3000,1.0,1024,SPARSE_SIGN,113
EXACT_FIFO_4096,16,64,3000,3000,1.0,1024,SPARSE_SIGN,113
CURRENT_FEATURE_64,16,1,3000,3000,1.0,64,SPARSE_SIGN,113
EXACT_REPLAY_UNBOUNDED,16,16,3000,3000,1.0,1024,SPARSE_SIGN,113
ELIGIBILITY_TRACE_64,64,1,3000,3000,1.0,64,SPARSE_SIGN,113
EXACT_FIFO_64,64,1,1,3000,0.0003333333333333333,64,SPARSE_SIGN,113
EXACT_FIFO_256,64,4,4,3000,0.0013333333333333333,256,SPARSE_SIGN,113
EXACT_FIFO_1024,64,16,16,3000,0.005333333333333333,1024,SPARSE_SIGN,113
EXACT_FIFO_4096,64,64,3000,3000,1.0,4096,SPARSE_SIGN,113
CURRENT_FEATURE_64,64,1,3000,3000,1.0,64,SPARSE_SIGN,113
EXACT_REPLAY_UNBOUNDED,64,64,3000,3000,1.0,4096,SPARSE_SIGN,113
ELIGIBILITY_TRACE_64,1,1,3000,3000,1.0,64,SPARSE_SIGN,114
EXACT_FIFO_64,1,1,3000,3000,1.0,64,SPARSE_SIGN,114
EXACT_FIFO_256,1,4,3000,3000,1.0,64,SPARSE_SIGN,114
EXACT_FIFO_1024,1,16,3000,3000,1.0,64,SPARSE_SIGN,114
EXACT_FIFO_4096,1,64,3000,3000,1.0,64,SPARSE_SIGN,114
CURRENT_FEATURE_64,1,1,3000,3000,1.0,64,SPARSE_SIGN,114
EXACT_REPLAY_UNBOUNDED,1,1,3000,3000,1.0,64,SPARSE_SIGN,114
ELIGIBILITY_TRACE_64,4,1,3000,3000,1.0,64,SPARSE_SIGN,114
EXACT_FIFO_64,4,1,1,3000,0.0003333333333333333,64,SPARSE_SIGN,114
EXACT_FIFO_256,4,4,3000,3000,1.0,256,SPARSE_SIGN,114
EXACT_FIFO_1024,4,16,3000,3000,1.0,256,SPARSE_SIGN,114
EXACT_FIFO_4096,4,64,3000,3000,1.0,256,SPARSE_SIGN,114
CURRENT_FEATURE_64,4,1,3000,3000,1.0,64,SPARSE_SIGN,114
EXACT_REPLAY_UNBOUNDED,4,4,3000,3000,1.0,256,SPARSE_SIGN,114
ELIGIBILITY_TRACE_64,16,1,3000,3000,1.0,64,SPARSE_SIGN,114
EXACT_FIFO_64,16,1,1,3000,0.0003333333333333333,64,SPARSE_SIGN,114
EXACT_FIFO_256,16,4,4,3000,0.0013333333333333333,256,SPARSE_SIGN,114
EXACT_FIFO_1024,16,16,3000,3000,1.0,1024,SPARSE_SIGN,114
EXACT_FIFO_4096,16,64,3000,3000,1.0,1024,SPARSE_SIGN,114
CURRENT_FEATURE_64,16,1,3000,3000,1.0,64,SPARSE_SIGN,114
EXACT_REPLAY_UNBOUNDED,16,16,3000,3000,1.0,1024,SPARSE_SIGN,114
ELIGIBILITY_TRACE_64,64,1,3000,3000,1.0,64,SPARSE_SIGN,114
EXACT_FIFO_64,64,1,1,3000,0.0003333333333333333,64,SPARSE_SIGN,114
EXACT_FIFO_256,64,4,4,3000,0.0013333333333333333,256,SPARSE_SIGN,114
EXACT_FIFO_1024,64,16,16,3000,0.005333333333333333,1024,SPARSE_SIGN,114
EXACT_FIFO_4096,64,64,3000,3000,1.0,4096,SPARSE_SIGN,114
CURRENT_FEATURE_64,64,1,3000,3000,1.0,64,SPARSE_SIGN,114
EXACT_REPLAY_UNBOUNDED,64,64,3000,3000,1.0,4096,SPARSE_SIGN,114
ELIGIBILITY_TRACE_64,1,1,3000,3000,1.0,64,SPARSE_SIGN,115
EXACT_FIFO_64,1,1,3000,3000,1.0,64,SPARSE_SIGN,115
EXACT_FIFO_256,1,4,3000,3000,1.0,64,SPARSE_SIGN,115
EXACT_FIFO_1024,1,16,3000,3000,1.0,64,SPARSE_SIGN,115
EXACT_FIFO_4096,1,64,3000,3000,1.0,64,SPARSE_SIGN,115
CURRENT_FEATURE_64,1,1,3000,3000,1.0,64,SPARSE_SIGN,115
EXACT_REPLAY_UNBOUNDED,1,1,3000,3000,1.0,64,SPARSE_SIGN,115
ELIGIBILITY_TRACE_64,4,1,3000,3000,1.0,64,SPARSE_SIGN,115
EXACT_FIFO_64,4,1,1,3000,0.0003333333333333333,64,SPARSE_SIGN,115
EXACT_FIFO_256,4,4,3000,3000,1.0,256,SPARSE_SIGN,115
EXACT_FIFO_1024,4,16,3000,3000,1.0,256,SPARSE_SIGN,115
EXACT_FIFO_4096,4,64,3000,3000,1.0,256,SPARSE_SIGN,115
CURRENT_FEATURE_64,4,1,3000,3000,1.0,64,SPARSE_SIGN,115
EXACT_REPLAY_UNBOUNDED,4,4,3000,3000,1.0,256,SPARSE_SIGN,115
ELIGIBILITY_TRACE_64,16,1,3000,3000,1.0,64,SPARSE_SIGN,115
EXACT_FIFO_64,16,1,1,3000,0.0003333333333333333,64,SPARSE_SIGN,115
EXACT_FIFO_256,16,4,4,3000,0.0013333333333333333,256,SPARSE_SIGN,115
EXACT_FIFO_1024,16,16,3000,3000,1.0,1024,SPARSE_SIGN,115
EXACT_FIFO_4096,16,64,3000,3000,1.0,1024,SPARSE_SIGN,115
CURRENT_FEATURE_64,16,1,3000,3000,1.0,64,SPARSE_SIGN,115
EXACT_REPLAY_UNBOUNDED,16,16,3000,3000,1.0,1024,SPARSE_SIGN,115
ELIGIBILITY_TRACE_64,64,1,3000,3000,1.0,64,SPARSE_SIGN,115
EXACT_FIFO_64,64,1,1,3000,0.0003333333333333333,64,SPARSE_SIGN,115
EXACT_FIFO_256,64,4,4,3000,0.0013333333333333333,256,SPARSE_SIGN,115
EXACT_FIFO_1024,64,16,16,3000,0.005333333333333333,1024,SPARSE_SIGN,115
EXACT_FIFO_4096,64,64,3000,3000,1.0,4096,SPARSE_SIGN,115
CURRENT_FEATURE_64,64,1,3000,3000,1.0,64,SPARSE_SIGN,115
EXACT_REPLAY_UNBOUNDED,64,64,3000,3000,1.0,4096,SPARSE_SIGN,115
ELIGIBILITY_TRACE_64,1,1,3000,3000,1.0,64,SPARSE_SIGN,116
EXACT_FIFO_64,1,1,3000,3000,1.0,64,SPARSE_SIGN,116
EXACT_FIFO_256,1,4,3000,3000,1.0,64,SPARSE_SIGN,116
EXACT_FIFO_1024,1,16,3000,3000,1.0,64,SPARSE_SIGN,116
EXACT_FIFO_4096,1,64,3000,3000,1.0,64,SPARSE_SIGN,116
CURRENT_FEATURE_64,1,1,3000,3000,1.0,64,SPARSE_SIGN,116
EXACT_REPLAY_UNBOUNDED,1,1,3000,3000,1.0,64,SPARSE_SIGN,116
ELIGIBILITY_TRACE_64,4,1,3000,3000,1.0,64,SPARSE_SIGN,116
EXACT_FIFO_64,4,1,1,3000,0.0003333333333333333,64,SPARSE_SIGN,116
EXACT_FIFO_256,4,4,3000,3000,1.0,256,SPARSE_SIGN,116
EXACT_FIFO_1024,4,16,3000,3000,1.0,256,SPARSE_SIGN,116
EXACT_FIFO_4096,4,64,3000,3000,1.0,256,SPARSE_SIGN,116
CURRENT_FEATURE_64,4,1,3000,3000,1.0,64,SPARSE_SIGN,116
EXACT_REPLAY_UNBOUNDED,4,4,3000,3000,1.0,256,SPARSE_SIGN,116
ELIGIBILITY_TRACE_64,16,1,3000,3000,1.0,64,SPARSE_SIGN,116
EXACT_FIFO_64,16,1,1,3000,0.0003333333333333333,64,SPARSE_SIGN,116
EXACT_FIFO_256,16,4,4,3000,0.0013333333333333333,256,SPARSE_SIGN,116
EXACT_FIFO_1024,16,16,3000,3000,1.0,1024,SPARSE_SIGN,116
EXACT_FIFO_4096,16,64,3000,3000,1.0,1024,SPARSE_SIGN,116
CURRENT_FEATURE_64,16,1,3000,3000,1.0,64,SPARSE_SIGN,116
EXACT_REPLAY_UNBOUNDED,16,16,3000,3000,1.0,1024,SPARSE_SIGN,116
ELIGIBILITY_TRACE_64,64,1,3000,3000,1.0,64,SPARSE_SIGN,116
EXACT_FIFO_64,64,1,1,3000,0.0003333333333333333,64,SPARSE_SIGN,116
EXACT_FIFO_256,64,4,4,3000,0.0013333333333333333,256,SPARSE_SIGN,116
EXACT_FIFO_1024,64,16,16,3000,0.005333333333333333,1024,SPARSE_SIGN,116
EXACT_FIFO_4096,64,64,3000,3000,1.0,4096,SPARSE_SIGN,116
CURRENT_FEATURE_64,64,1,3000,3000,1.0,64,SPARSE_SIGN,116
EXACT_REPLAY_UNBOUNDED,64,64,3000,3000,1.0,4096,SPARSE_SIGN,116
ELIGIBILITY_TRACE_64,1,1,3000,3000,1.0,64,SPARSE_SIGN,117
EXACT_FIFO_64,1,1,3000,3000,1.0,64,SPARSE_SIGN,117
EXACT_FIFO_256,1,4,3000,3000,1.0,64,SPARSE_SIGN,117
EXACT_FIFO_1024,1,16,3000,3000,1.0,64,SPARSE_SIGN,117
EXACT_FIFO_4096,1,64,3000,3000,1.0,64,SPARSE_SIGN,117
CURRENT_FEATURE_64,1,1,3000,3000,1.0,64,SPARSE_SIGN,117
EXACT_REPLAY_UNBOUNDED,1,1,3000,3000,1.0,64,SPARSE_SIGN,117
ELIGIBILITY_TRACE_64,4,1,3000,3000,1.0,64,SPARSE_SIGN,117
EXACT_FIFO_64,4,1,1,3000,0.0003333333333333333,64,SPARSE_SIGN,117
EXACT_FIFO_256,4,4,3000,3000,1.0,256,SPARSE_SIGN,117
EXACT_FIFO_1024,4,16,3000,3000,1.0,256,SPARSE_SIGN,117
EXACT_FIFO_4096,4,64,3000,3000,1.0,256,SPARSE_SIGN,117
CURRENT_FEATURE_64,4,1,3000,3000,1.0,64,SPARSE_SIGN,117
EXACT_REPLAY_UNBOUNDED,4,4,3000,3000,1.0,256,SPARSE_SIGN,117
ELIGIBILITY_TRACE_64,16,1,3000,3000,1.0,64,SPARSE_SIGN,117
EXACT_FIFO_64,16,1,1,3000,0.0003333333333333333,64,SPARSE_SIGN,117
EXACT_FIFO_256,16,4,4,3000,0.0013333333333333333,256,SPARSE_SIGN,117
EXACT_FIFO_1024,16,16,3000,3000,1.0,1024,SPARSE_SIGN,117
EXACT_FIFO_4096,16,64,3000,3000,1.0,1024,SPARSE_SIGN,117
CURRENT_FEATURE_64,16,1,3000,3000,1.0,64,SPARSE_SIGN,117
EXACT_REPLAY_UNBOUNDED,16,16,3000,3000,1.0,1024,SPARSE_SIGN,117
ELIGIBILITY_TRACE_64,64,1,3000,3000,1.0,64,SPARSE_SIGN,117
EXACT_FIFO_64,64,1,1,3000,0.0003333333333333333,64,SPARSE_SIGN,117
EXACT_FIFO_256,64,4,4,3000,0.0013333333333333333,256,SPARSE_SIGN,117
EXACT_FIFO_1024,64,16,16,3000,0.005333333333333333,1024,SPARSE_SIGN,117
EXACT_FIFO_4096,64,64,3000,3000,1.0,4096,SPARSE_SIGN,117
CURRENT_FEATURE_64,64,1,3000,3000,1.0,64,SPARSE_SIGN,117
EXACT_REPLAY_UNBOUNDED,64,64,3000,3000,1.0,4096,SPARSE_SIGN,117
ELIGIBILITY_TRACE_64,1,1,3000,3000,1.0,64,SPARSE_SIGN,118
EXACT_FIFO_64,1,1,3000,3000,1.0,64,SPARSE_SIGN,118
EXACT_FIFO_256,1,4,3000,3000,1.0,64,SPARSE_SIGN,118
EXACT_FIFO_1024,1,16,3000,3000,1.0,64,SPARSE_SIGN,118
EXACT_FIFO_4096,1,64,3000,3000,1.0,64,SPARSE_SIGN,118
CURRENT_FEATURE_64,1,1,3000,3000,1.0,64,SPARSE_SIGN,118
EXACT_REPLAY_UNBOUNDED,1,1,3000,3000,1.0,64,SPARSE_SIGN,118
ELIGIBILITY_TRACE_64,4,1,3000,3000,1.0,64,SPARSE_SIGN,118
EXACT_FIFO_64,4,1,1,3000,0.0003333333333333333,64,SPARSE_SIGN,118
EXACT_FIFO_256,4,4,3000,3000,1.0,256,SPARSE_SIGN,118
EXACT_FIFO_1024,4,16,3000,3000,1.0,256,SPARSE_SIGN,118
EXACT_FIFO_4096,4,64,3000,3000,1.0,256,SPARSE_SIGN,118
CURRENT_FEATURE_64,4,1,3000,3000,1.0,64,SPARSE_SIGN,118
EXACT_REPLAY_UNBOUNDED,4,4,3000,3000,1.0,256,SPARSE_SIGN,118
ELIGIBILITY_TRACE_64,16,1,3000,3000,1.0,64,SPARSE_SIGN,118
EXACT_FIFO_64,16,1,1,3000,0.0003333333333333333,64,SPARSE_SIGN,118
EXACT_FIFO_256,16,4,4,3000,0.0013333333333333333,256,SPARSE_SIGN,118
EXACT_FIFO_1024,16,16,3000,3000,1.0,1024,SPARSE_SIGN,118
EXACT_FIFO_4096,16,64,3000,3000,1.0,1024,SPARSE_SIGN,118
CURRENT_FEATURE_64,16,1,3000,3000,1.0,64,SPARSE_SIGN,118
EXACT_REPLAY_UNBOUNDED,16,16,3000,3000,1.0,1024,SPARSE_SIGN,118
ELIGIBILITY_TRACE_64,64,1,3000,3000,1.0,64,SPARSE_SIGN,118
EXACT_FIFO_64,64,1,1,3000,0.0003333333333333333,64,SPARSE_SIGN,118
EXACT_FIFO_256,64,4,4,3000,0.0013333333333333333,256,SPARSE_SIGN,118
EXACT_FIFO_1024,64,16,16,3000,0.005333333333333333,1024,SPARSE_SIGN,118
EXACT_FIFO_4096,64,64,3000,3000,1.0,4096,SPARSE_SIGN,118
CURRENT_FEATURE_64,64,1,3000,3000,1.0,64,SPARSE_SIGN,118
EXACT_REPLAY_UNBOUNDED,64,64,3000,3000,1.0,4096,SPARSE_SIGN,118
ELIGIBILITY_TRACE_64,1,1,3000,3000,1.0,64,SPARSE_SIGN,119
EXACT_FIFO_64,1,1,3000,3000,1.0,64,SPARSE_SIGN,119
EXACT_FIFO_256,1,4,3000,3000,1.0,64,SPARSE_SIGN,119
EXACT_FIFO_1024,1,16,3000,3000,1.0,64,SPARSE_SIGN,119
EXACT_FIFO_4096,1,64,3000,3000,1.0,64,SPARSE_SIGN,119
CURRENT_FEATURE_64,1,1,3000,3000,1.0,64,SPARSE_SIGN,119
EXACT_REPLAY_UNBOUNDED,1,1,3000,3000,1.0,64,SPARSE_SIGN,119
ELIGIBILITY_TRACE_64,4,1,3000,3000,1.0,64,SPARSE_SIGN,119
EXACT_FIFO_64,4,1,1,3000,0.0003333333333333333,64,SPARSE_SIGN,119
EXACT_FIFO_256,4,4,3000,3000,1.0,256,SPARSE_SIGN,119
EXACT_FIFO_1024,4,16,3000,3000,1.0,256,SPARSE_SIGN,119
EXACT_FIFO_4096,4,64,3000,3000,1.0,256,SPARSE_SIGN,119
CURRENT_FEATURE_64,4,1,3000,3000,1.0,64,SPARSE_SIGN,119
EXACT_REPLAY_UNBOUNDED,4,4,3000,3000,1.0,256,SPARSE_SIGN,119
ELIGIBILITY_TRACE_64,16,1,3000,3000,1.0,64,SPARSE_SIGN,119
EXACT_FIFO_64,16,1,1,3000,0.0003333333333333333,64,SPARSE_SIGN,119
EXACT_FIFO_256,16,4,4,3000,0.0013333333333333333,256,SPARSE_SIGN,119
EXACT_FIFO_1024,16,16,3000,3000,1.0,1024,SPARSE_SIGN,119
EXACT_FIFO_4096,16,64,3000,3000,1.0,1024,SPARSE_SIGN,119
CURRENT_FEATURE_64,16,1,3000,3000,1.0,64,SPARSE_SIGN,119
EXACT_REPLAY_UNBOUNDED,16,16,3000,3000,1.0,1024,SPARSE_SIGN,119
ELIGIBILITY_TRACE_64,64,1,3000,3000,1.0,64,SPARSE_SIGN,119
EXACT_FIFO_64,64,1,1,3000,0.0003333333333333333,64,SPARSE_SIGN,119
EXACT_FIFO_256,64,4,4,3000,0.0013333333333333333,256,SPARSE_SIGN,119
EXACT_FIFO_1024,64,16,16,3000,0.005333333333333333,1024,SPARSE_SIGN,119
EXACT_FIFO_4096,64,64,3000,3000,1.0,4096,SPARSE_SIGN,119
CURRENT_FEATURE_64,64,1,3000,3000,1.0,64,SPARSE_SIGN,119
EXACT_REPLAY_UNBOUNDED,64,64,3000,3000,1.0,4096,SPARSE_SIGN,119
ELIGIBILITY_TRACE_64,1,1,3000,3000,1.0,64,SPARSE_SIGN,120
EXACT_FIFO_64,1,1,3000,3000,1.0,64,SPARSE_SIGN,120
EXACT_FIFO_256,1,4,3000,3000,1.0,64,SPARSE_SIGN,120
EXACT_FIFO_1024,1,16,3000,3000,1.0,64,SPARSE_SIGN,120
EXACT_FIFO_4096,1,64,3000,3000,1.0,64,SPARSE_SIGN,120
CURRENT_FEATURE_64,1,1,3000,3000,1.0,64,SPARSE_SIGN,120
EXACT_REPLAY_UNBOUNDED,1,1,3000,3000,1.0,64,SPARSE_SIGN,120
ELIGIBILITY_TRACE_64,4,1,3000,3000,1.0,64,SPARSE_SIGN,120
EXACT_FIFO_64,4,1,1,3000,0.0003333333333333333,64,SPARSE_SIGN,120
EXACT_FIFO_256,4,4,3000,3000,1.0,256,SPARSE_SIGN,120
EXACT_FIFO_1024,4,16,3000,3000,1.0,256,SPARSE_SIGN,120
EXACT_FIFO_4096,4,64,3000,3000,1.0,256,SPARSE_SIGN,120
CURRENT_FEATURE_64,4,1,3000,3000,1.0,64,SPARSE_SIGN,120
EXACT_REPLAY_UNBOUNDED,4,4,3000,3000,1.0,256,SPARSE_SIGN,120
ELIGIBILITY_TRACE_64,16,1,3000,3000,1.0,64,SPARSE_SIGN,120
EXACT_FIFO_64,16,1,1,3000,0.0003333333333333333,64,SPARSE_SIGN,120
EXACT_FIFO_256,16,4,4,3000,0.0013333333333333333,256,SPARSE_SIGN,120
EXACT_FIFO_1024,16,16,3000,3000,1.0,1024,SPARSE_SIGN,120
EXACT_FIFO_4096,16,64,3000,3000,1.0,1024,SPARSE_SIGN,120
CURRENT_FEATURE_64,16,1,3000,3000,1.0,64,SPARSE_SIGN,120
EXACT_REPLAY_UNBOUNDED,16,16,3000,3000,1.0,1024,SPARSE_SIGN,120
ELIGIBILITY_TRACE_64,64,1,3000,3000,1.0,64,SPARSE_SIGN,120
EXACT_FIFO_64,64,1,1,3000,0.0003333333333333333,64,SPARSE_SIGN,120
EXACT_FIFO_256,64,4,4,3000,0.0013333333333333333,256,SPARSE_SIGN,120
EXACT_FIFO_1024,64,16,16,3000,0.005333333333333333,1024,SPARSE_SIGN,120
EXACT_FIFO_4096,64,64,3000,3000,1.0,4096,SPARSE_SIGN,120
CURRENT_FEATURE_64,64,1,3000,3000,1.0,64,SPARSE_SIGN,120
EXACT_REPLAY_UNBOUNDED,64,64,3000,3000,1.0,4096,SPARSE_SIGN,120
ELIGIBILITY_TRACE_64,1,1,3000,3000,1.0,64,SPARSE_SIGN,121
EXACT_FIFO_64,1,1,3000,3000,1.0,64,SPARSE_SIGN,121
EXACT_FIFO_256,1,4,3000,3000,1.0,64,SPARSE_SIGN,121
EXACT_FIFO_1024,1,16,3000,3000,1.0,64,SPARSE_SIGN,121
EXACT_FIFO_4096,1,64,3000,3000,1.0,64,SPARSE_SIGN,121
CURRENT_FEATURE_64,1,1,3000,3000,1.0,64,SPARSE_SIGN,121
EXACT_REPLAY_UNBOUNDED,1,1,3000,3000,1.0,64,SPARSE_SIGN,121
ELIGIBILITY_TRACE_64,4,1,3000,3000,1.0,64,SPARSE_SIGN,121
EXACT_FIFO_64,4,1,1,3000,0.0003333333333333333,64,SPARSE_SIGN,121
EXACT_FIFO_256,4,4,3000,3000,1.0,256,SPARSE_SIGN,121
EXACT_FIFO_1024,4,16,3000,3000,1.0,256,SPARSE_SIGN,121
EXACT_FIFO_4096,4,64,3000,3000,1.0,256,SPARSE_SIGN,121
CURRENT_FEATURE_64,4,1,3000,3000,1.0,64,SPARSE_SIGN,121
EXACT_REPLAY_UNBOUNDED,4,4,3000,3000,1.0,256,SPARSE_SIGN,121
ELIGIBILITY_TRACE_64,16,1,3000,3000,1.0,64,SPARSE_SIGN,121
EXACT_FIFO_64,16,1,1,3000,0.0003333333333333333,64,SPARSE_SIGN,121
EXACT_FIFO_256,16,4,4,3000,0.0013333333333333333,256,SPARSE_SIGN,121
EXACT_FIFO_1024,16,16,3000,3000,1.0,1024,SPARSE_SIGN,121
EXACT_FIFO_4096,16,64,3000,3000,1.0,1024,SPARSE_SIGN,121
CURRENT_FEATURE_64,16,1,3000,3000,1.0,64,SPARSE_SIGN,121
EXACT_REPLAY_UNBOUNDED,16,16,3000,3000,1.0,1024,SPARSE_SIGN,121
ELIGIBILITY_TRACE_64,64,1,3000,3000,1.0,64,SPARSE_SIGN,121
EXACT_FIFO_64,64,1,1,3000,0.0003333333333333333,64,SPARSE_SIGN,121
EXACT_FIFO_256,64,4,4,3000,0.0013333333333333333,256,SPARSE_SIGN,121
EXACT_FIFO_1024,64,16,16,3000,0.005333333333333333,1024,SPARSE_SIGN,121
EXACT_FIFO_4096,64,64,3000,3000,1.0,4096,SPARSE_SIGN,121
CURRENT_FEATURE_64,64,1,3000,3000,1.0,64,SPARSE_SIGN,121
EXACT_REPLAY_UNBOUNDED,64,64,3000,3000,1.0,4096,SPARSE_SIGN,121
ELIGIBILITY_TRACE_64,1,1,3000,3000,1.0,64,SPARSE_SIGN,122
EXACT_FIFO_64,1,1,3000,3000,1.0,64,SPARSE_SIGN,122
EXACT_FIFO_256,1,4,3000,3000,1.0,64,SPARSE_SIGN,122
EXACT_FIFO_1024,1,16,3000,3000,1.0,64,SPARSE_SIGN,122
EXACT_FIFO_4096,1,64,3000,3000,1.0,64,SPARSE_SIGN,122
CURRENT_FEATURE_64,1,1,3000,3000,1.0,64,SPARSE_SIGN,122
EXACT_REPLAY_UNBOUNDED,1,1,3000,3000,1.0,64,SPARSE_SIGN,122
ELIGIBILITY_TRACE_64,4,1,3000,3000,1.0,64,SPARSE_SIGN,122
EXACT_FIFO_64,4,1,1,3000,0.0003333333333333333,64,SPARSE_SIGN,122
EXACT_FIFO_256,4,4,3000,3000,1.0,256,SPARSE_SIGN,122
EXACT_FIFO_1024,4,16,3000,3000,1.0,256,SPARSE_SIGN,122
EXACT_FIFO_4096,4,64,3000,3000,1.0,256,SPARSE_SIGN,122
CURRENT_FEATURE_64,4,1,3000,3000,1.0,64,SPARSE_SIGN,122
EXACT_REPLAY_UNBOUNDED,4,4,3000,3000,1.0,256,SPARSE_SIGN,122
ELIGIBILITY_TRACE_64,16,1,3000,3000,1.0,64,SPARSE_SIGN,122
EXACT_FIFO_64,16,1,1,3000,0.0003333333333333333,64,SPARSE_SIGN,122
EXACT_FIFO_256,16,4,4,3000,0.0013333333333333333,256,SPARSE_SIGN,122
EXACT_FIFO_1024,16,16,3000,3000,1.0,1024,SPARSE_SIGN,122
EXACT_FIFO_4096,16,64,3000,3000,1.0,1024,SPARSE_SIGN,122
CURRENT_FEATURE_64,16,1,3000,3000,1.0,64,SPARSE_SIGN,122
EXACT_REPLAY_UNBOUNDED,16,16,3000,3000,1.0,1024,SPARSE_SIGN,122
ELIGIBILITY_TRACE_64,64,1,3000,3000,1.0,64,SPARSE_SIGN,122
EXACT_FIFO_64,64,1,1,3000,0.0003333333333333333,64,SPARSE_SIGN,122
EXACT_FIFO_256,64,4,4,3000,0.0013333333333333333,256,SPARSE_SIGN,122
EXACT_FIFO_1024,64,16,16,3000,0.005333333333333333,1024,SPARSE_SIGN,122
EXACT_FIFO_4096,64,64,3000,3000,1.0,4096,SPARSE_SIGN,122
CURRENT_FEATURE_64,64,1,3000,3000,1.0,64,SPARSE_SIGN,122
EXACT_REPLAY_UNBOUNDED,64,64,3000,3000,1.0,4096,SPARSE_SIGN,122
ELIGIBILITY_TRACE_64,1,1,3000,3000,1.0,64,SPARSE_SIGN,123
EXACT_FIFO_64,1,1,3000,3000,1.0,64,SPARSE_SIGN,123
EXACT_FIFO_256,1,4,3000,3000,1.0,64,SPARSE_SIGN,123
EXACT_FIFO_1024,1,16,3000,3000,1.0,64,SPARSE_SIGN,123
EXACT_FIFO_4096,1,64,3000,3000,1.0,64,SPARSE_SIGN,123
CURRENT_FEATURE_64,1,1,3000,3000,1.0,64,SPARSE_SIGN,123
EXACT_REPLAY_UNBOUNDED,1,1,3000,3000,1.0,64,SPARSE_SIGN,123
ELIGIBILITY_TRACE_64,4,1,3000,3000,1.0,64,SPARSE_SIGN,123
EXACT_FIFO_64,4,1,1,3000,0.0003333333333333333,64,SPARSE_SIGN,123
EXACT_FIFO_256,4,4,3000,3000,1.0,256,SPARSE_SIGN,123
EXACT_FIFO_1024,4,16,3000,3000,1.0,256,SPARSE_SIGN,123
EXACT_FIFO_4096,4,64,3000,3000,1.0,256,SPARSE_SIGN,123
CURRENT_FEATURE_64,4,1,3000,3000,1.0,64,SPARSE_SIGN,123
EXACT_REPLAY_UNBOUNDED,4,4,3000,3000,1.0,256,SPARSE_SIGN,123
ELIGIBILITY_TRACE_64,16,1,3000,3000,1.0,64,SPARSE_SIGN,123
EXACT_FIFO_64,16,1,1,3000,0.0003333333333333333,64,SPARSE_SIGN,123
EXACT_FIFO_256,16,4,4,3000,0.0013333333333333333,256,SPARSE_SIGN,123
EXACT_FIFO_1024,16,16,3000,3000,1.0,1024,SPARSE_SIGN,123
EXACT_FIFO_4096,16,64,3000,3000,1.0,1024,SPARSE_SIGN,123
CURRENT_FEATURE_64,16,1,3000,3000,1.0,64,SPARSE_SIGN,123
EXACT_REPLAY_UNBOUNDED,16,16,3000,3000,1.0,1024,SPARSE_SIGN,123
ELIGIBILITY_TRACE_64,64,1,3000,3000,1.0,64,SPARSE_SIGN,123
EXACT_FIFO_64,64,1,1,3000,0.0003333333333333333,64,SPARSE_SIGN,123
EXACT_FIFO_256,64,4,4,3000,0.0013333333333333333,256,SPARSE_SIGN,123
EXACT_FIFO_1024,64,16,16,3000,0.005333333333333333,1024,SPARSE_SIGN,123
EXACT_FIFO_4096,64,64,3000,3000,1.0,4096,SPARSE_SIGN,123
CURRENT_FEATURE_64,64,1,3000,3000,1.0,64,SPARSE_SIGN,123
EXACT_REPLAY_UNBOUNDED,64,64,3000,3000,1.0,4096,SPARSE_SIGN,123
ELIGIBILITY_TRACE_64,1,1,3000,3000,1.0,64,SPARSE_SIGN,124
EXACT_FIFO_64,1,1,3000,3000,1.0,64,SPARSE_SIGN,124
EXACT_FIFO_256,1,4,3000,3000,1.0,64,SPARSE_SIGN,124
EXACT_FIFO_1024,1,16,3000,3000,1.0,64,SPARSE_SIGN,124
EXACT_FIFO_4096,1,64,3000,3000,1.0,64,SPARSE_SIGN,124
CURRENT_FEATURE_64,1,1,3000,3000,1.0,64,SPARSE_SIGN,124
EXACT_REPLAY_UNBOUNDED,1,1,3000,3000,1.0,64,SPARSE_SIGN,124
ELIGIBILITY_TRACE_64,4,1,3000,3000,1.0,64,SPARSE_SIGN,124
EXACT_FIFO_64,4,1,1,3000,0.0003333333333333333,64,SPARSE_SIGN,124
EXACT_FIFO_256,4,4,3000,3000,1.0,256,SPARSE_SIGN,124
EXACT_FIFO_1024,4,16,3000,3000,1.0,256,SPARSE_SIGN,124
EXACT_FIFO_4096,4,64,3000,3000,1.0,256,SPARSE_SIGN,124
CURRENT_FEATURE_64,4,1,3000,3000,1.0,64,SPARSE_SIGN,124
EXACT_REPLAY_UNBOUNDED,4,4,3000,3000,1.0,256,SPARSE_SIGN,124
ELIGIBILITY_TRACE_64,16,1,3000,3000,1.0,64,SPARSE_SIGN,124
EXACT_FIFO_64,16,1,1,3000,0.0003333333333333333,64,SPARSE_SIGN,124
EXACT_FIFO_256,16,4,4,3000,0.0013333333333333333,256,SPARSE_SIGN,124
EXACT_FIFO_1024,16,16,3000,3000,1.0,1024,SPARSE_SIGN,124
EXACT_FIFO_4096,16,64,3000,3000,1.0,1024,SPARSE_SIGN,124
CURRENT_FEATURE_64,16,1,3000,3000,1.0,64,SPARSE_SIGN,124
EXACT_REPLAY_UNBOUNDED,16,16,3000,3000,1.0,1024,SPARSE_SIGN,124
ELIGIBILITY_TRACE_64,64,1,3000,3000,1.0,64,SPARSE_SIGN,124
EXACT_FIFO_64,64,1,1,3000,0.0003333333333333333,64,SPARSE_SIGN,124
EXACT_FIFO_256,64,4,4,3000,0.0013333333333333333,256,SPARSE_SIGN,124
EXACT_FIFO_1024,64,16,16,3000,0.005333333333333333,1024,SPARSE_SIGN,124
EXACT_FIFO_4096,64,64,3000,3000,1.0,4096,SPARSE_SIGN,124
CURRENT_FEATURE_64,64,1,3000,3000,1.0,64,SPARSE_SIGN,124
EXACT_REPLAY_UNBOUNDED,64,64,3000,3000,1.0,4096,SPARSE_SIGN,124
ELIGIBILITY_TRACE_64,1,1,3000,3000,1.0,64,SPARSE_SIGN,125
EXACT_FIFO_64,1,1,3000,3000,1.0,64,SPARSE_SIGN,125
EXACT_FIFO_256,1,4,3000,3000,1.0,64,SPARSE_SIGN,125
EXACT_FIFO_1024,1,16,3000,3000,1.0,64,SPARSE_SIGN,125
EXACT_FIFO_4096,1,64,3000,3000,1.0,64,SPARSE_SIGN,125
CURRENT_FEATURE_64,1,1,3000,3000,1.0,64,SPARSE_SIGN,125
EXACT_REPLAY_UNBOUNDED,1,1,3000,3000,1.0,64,SPARSE_SIGN,125
ELIGIBILITY_TRACE_64,4,1,3000,3000,1.0,64,SPARSE_SIGN,125
EXACT_FIFO_64,4,1,1,3000,0.0003333333333333333,64,SPARSE_SIGN,125
EXACT_FIFO_256,4,4,3000,3000,1.0,256,SPARSE_SIGN,125
EXACT_FIFO_1024,4,16,3000,3000,1.0,256,SPARSE_SIGN,125
EXACT_FIFO_4096,4,64,3000,3000,1.0,256,SPARSE_SIGN,125
CURRENT_FEATURE_64,4,1,3000,3000,1.0,64,SPARSE_SIGN,125
EXACT_REPLAY_UNBOUNDED,4,4,3000,3000,1.0,256,SPARSE_SIGN,125
ELIGIBILITY_TRACE_64,16,1,3000,3000,1.0,64,SPARSE_SIGN,125
EXACT_FIFO_64,16,1,1,3000,0.0003333333333333333,64,SPARSE_SIGN,125
EXACT_FIFO_256,16,4,4,3000,0.0013333333333333333,256,SPARSE_SIGN,125
EXACT_FIFO_1024,16,16,3000,3000,1.0,1024,SPARSE_SIGN,125
EXACT_FIFO_4096,16,64,3000,3000,1.0,1024,SPARSE_SIGN,125
CURRENT_FEATURE_64,16,1,3000,3000,1.0,64,SPARSE_SIGN,125
EXACT_REPLAY_UNBOUNDED,16,16,3000,3000,1.0,1024,SPARSE_SIGN,125
ELIGIBILITY_TRACE_64,64,1,3000,3000,1.0,64,SPARSE_SIGN,125
EXACT_FIFO_64,64,1,1,3000,0.0003333333333333333,64,SPARSE_SIGN,125
EXACT_FIFO_256,64,4,4,3000,0.0013333333333333333,256,SPARSE_SIGN,125
EXACT_FIFO_1024,64,16,16,3000,0.005333333333333333,1024,SPARSE_SIGN,125
EXACT_FIFO_4096,64,64,3000,3000,1.0,4096,SPARSE_SIGN,125
CURRENT_FEATURE_64,64,1,3000,3000,1.0,64,SPARSE_SIGN,125
EXACT_REPLAY_UNBOUNDED,64,64,3000,3000,1.0,4096,SPARSE_SIGN,125
ELIGIBILITY_TRACE_64,1,1,3000,3000,1.0,64,SPARSE_SIGN,126
EXACT_FIFO_64,1,1,3000,3000,1.0,64,SPARSE_SIGN,126
EXACT_FIFO_256,1,4,3000,3000,1.0,64,SPARSE_SIGN,126
EXACT_FIFO_1024,1,16,3000,3000,1.0,64,SPARSE_SIGN,126
EXACT_FIFO_4096,1,64,3000,3000,1.0,64,SPARSE_SIGN,126
CURRENT_FEATURE_64,1,1,3000,3000,1.0,64,SPARSE_SIGN,126
EXACT_REPLAY_UNBOUNDED,1,1,3000,3000,1.0,64,SPARSE_SIGN,126
ELIGIBILITY_TRACE_64,4,1,3000,3000,1.0,64,SPARSE_SIGN,126
EXACT_FIFO_64,4,1,1,3000,0.0003333333333333333,64,SPARSE_SIGN,126
EXACT_FIFO_256,4,4,3000,3000,1.0,256,SPARSE_SIGN,126
EXACT_FIFO_1024,4,16,3000,3000,1.0,256,SPARSE_SIGN,126
EXACT_FIFO_4096,4,64,3000,3000,1.0,256,SPARSE_SIGN,126
CURRENT_FEATURE_64,4,1,3000,3000,1.0,64,SPARSE_SIGN,126
EXACT_REPLAY_UNBOUNDED,4,4,3000,3000,1.0,256,SPARSE_SIGN,126
ELIGIBILITY_TRACE_64,16,1,3000,3000,1.0,64,SPARSE_SIGN,126
EXACT_FIFO_64,16,1,1,3000,0.0003333333333333333,64,SPARSE_SIGN,126
EXACT_FIFO_256,16,4,4,3000,0.0013333333333333333,256,SPARSE_SIGN,126
EXACT_FIFO_1024,16,16,3000,3000,1.0,1024,SPARSE_SIGN,126
EXACT_FIFO_4096,16,64,3000,3000,1.0,1024,SPARSE_SIGN,126
CURRENT_FEATURE_64,16,1,3000,3000,1.0,64,SPARSE_SIGN,126
EXACT_REPLAY_UNBOUNDED,16,16,3000,3000,1.0,1024,SPARSE_SIGN,126
ELIGIBILITY_TRACE_64,64,1,3000,3000,1.0,64,SPARSE_SIGN,126
EXACT_FIFO_64,64,1,1,3000,0.0003333333333333333,64,SPARSE_SIGN,126
EXACT_FIFO_256,64,4,4,3000,0.0013333333333333333,256,SPARSE_SIGN,126
EXACT_FIFO_1024,64,16,16,3000,0.005333333333333333,1024,SPARSE_SIGN,126
EXACT_FIFO_4096,64,64,3000,3000,1.0,4096,SPARSE_SIGN,126
CURRENT_FEATURE_64,64,1,3000,3000,1.0,64,SPARSE_SIGN,126
EXACT_REPLAY_UNBOUNDED,64,64,3000,3000,1.0,4096,SPARSE_SIGN,126
ELIGIBILITY_TRACE_64,1,1,3000,3000,1.0,64,SPARSE_SIGN,127
EXACT_FIFO_64,1,1,3000,3000,1.0,64,SPARSE_SIGN,127
EXACT_FIFO_256,1,4,3000,3000,1.0,64,SPARSE_SIGN,127
EXACT_FIFO_1024,1,16,3000,3000,1.0,64,SPARSE_SIGN,127
EXACT_FIFO_4096,1,64,3000,3000,1.0,64,SPARSE_SIGN,127
CURRENT_FEATURE_64,1,1,3000,3000,1.0,64,SPARSE_SIGN,127
EXACT_REPLAY_UNBOUNDED,1,1,3000,3000,1.0,64,SPARSE_SIGN,127
ELIGIBILITY_TRACE_64,4,1,3000,3000,1.0,64,SPARSE_SIGN,127
EXACT_FIFO_64,4,1,1,3000,0.0003333333333333333,64,SPARSE_SIGN,127
EXACT_FIFO_256,4,4,3000,3000,1.0,256,SPARSE_SIGN,127
EXACT_FIFO_1024,4,16,3000,3000,1.0,256,SPARSE_SIGN,127
EXACT_FIFO_4096,4,64,3000,3000,1.0,256,SPARSE_SIGN,127
CURRENT_FEATURE_64,4,1,3000,3000,1.0,64,SPARSE_SIGN,127
EXACT_REPLAY_UNBOUNDED,4,4,3000,3000,1.0,256,SPARSE_SIGN,127
ELIGIBILITY_TRACE_64,16,1,3000,3000,1.0,64,SPARSE_SIGN,127
EXACT_FIFO_64,16,1,1,3000,0.0003333333333333333,64,SPARSE_SIGN,127
EXACT_FIFO_256,16,4,4,3000,0.0013333333333333333,256,SPARSE_SIGN,127
EXACT_FIFO_1024,16,16,3000,3000,1.0,1024,SPARSE_SIGN,127
EXACT_FIFO_4096,16,64,3000,3000,1.0,1024,SPARSE_SIGN,127
CURRENT_FEATURE_64,16,1,3000,3000,1.0,64,SPARSE_SIGN,127
EXACT_REPLAY_UNBOUNDED,16,16,3000,3000,1.0,1024,SPARSE_SIGN,127
ELIGIBILITY_TRACE_64,64,1,3000,3000,1.0,64,SPARSE_SIGN,127
EXACT_FIFO_64,64,1,1,3000,0.0003333333333333333,64,SPARSE_SIGN,127
EXACT_FIFO_256,64,4,4,3000,0.0013333333333333333,256,SPARSE_SIGN,127
EXACT_FIFO_1024,64,16,16,3000,0.005333333333333333,1024,SPARSE_SIGN,127
EXACT_FIFO_4096,64,64,3000,3000,1.0,4096,SPARSE_SIGN,127
CURRENT_FEATURE_64,64,1,3000,3000,1.0,64,SPARSE_SIGN,127
EXACT_REPLAY_UNBOUNDED,64,64,3000,3000,1.0,4096,SPARSE_SIGN,127
ELIGIBILITY_TRACE_64,1,1,3000,3000,1.0,64,SPARSE_SIGN,128
EXACT_FIFO_64,1,1,3000,3000,1.0,64,SPARSE_SIGN,128
EXACT_FIFO_256,1,4,3000,3000,1.0,64,SPARSE_SIGN,128
EXACT_FIFO_1024,1,16,3000,3000,1.0,64,SPARSE_SIGN,128
EXACT_FIFO_4096,1,64,3000,3000,1.0,64,SPARSE_SIGN,128
CURRENT_FEATURE_64,1,1,3000,3000,1.0,64,SPARSE_SIGN,128
EXACT_REPLAY_UNBOUNDED,1,1,3000,3000,1.0,64,SPARSE_SIGN,128
ELIGIBILITY_TRACE_64,4,1,3000,3000,1.0,64,SPARSE_SIGN,128
EXACT_FIFO_64,4,1,1,3000,0.0003333333333333333,64,SPARSE_SIGN,128
EXACT_FIFO_256,4,4,3000,3000,1.0,256,SPARSE_SIGN,128
EXACT_FIFO_1024,4,16,3000,3000,1.0,256,SPARSE_SIGN,128
EXACT_FIFO_4096,4,64,3000,3000,1.0,256,SPARSE_SIGN,128
CURRENT_FEATURE_64,4,1,3000,3000,1.0,64,SPARSE_SIGN,128
EXACT_REPLAY_UNBOUNDED,4,4,3000,3000,1.0,256,SPARSE_SIGN,128
ELIGIBILITY_TRACE_64,16,1,3000,3000,1.0,64,SPARSE_SIGN,128
EXACT_FIFO_64,16,1,1,3000,0.0003333333333333333,64,SPARSE_SIGN,128
EXACT_FIFO_256,16,4,4,3000,0.0013333333333333333,256,SPARSE_SIGN,128
EXACT_FIFO_1024,16,16,3000,3000,1.0,1024,SPARSE_SIGN,128
EXACT_FIFO_4096,16,64,3000,3000,1.0,1024,SPARSE_SIGN,128
CURRENT_FEATURE_64,16,1,3000,3000,1.0,64,SPARSE_SIGN,128
EXACT_REPLAY_UNBOUNDED,16,16,3000,3000,1.0,1024,SPARSE_SIGN,128
ELIGIBILITY_TRACE_64,64,1,3000,3000,1.0,64,SPARSE_SIGN,128
EXACT_FIFO_64,64,1,1,3000,0.0003333333333333333,64,SPARSE_SIGN,128
EXACT_FIFO_256,64,4,4,3000,0.0013333333333333333,256,SPARSE_SIGN,128
EXACT_FIFO_1024,64,16,16,3000,0.005333333333333333,1024,SPARSE_SIGN,128
EXACT_FIFO_4096,64,64,3000,3000,1.0,4096,SPARSE_SIGN,128
CURRENT_FEATURE_64,64,1,3000,3000,1.0,64,SPARSE_SIGN,128
EXACT_REPLAY_UNBOUNDED,64,64,3000,3000,1.0,4096,SPARSE_SIGN,128
ELIGIBILITY_TRACE_64,1,1,3000,3000,1.0,64,SPARSE_SIGN,129
EXACT_FIFO_64,1,1,3000,3000,1.0,64,SPARSE_SIGN,129
EXACT_FIFO_256,1,4,3000,3000,1.0,64,SPARSE_SIGN,129
EXACT_FIFO_1024,1,16,3000,3000,1.0,64,SPARSE_SIGN,129
EXACT_FIFO_4096,1,64,3000,3000,1.0,64,SPARSE_SIGN,129
CURRENT_FEATURE_64,1,1,3000,3000,1.0,64,SPARSE_SIGN,129
EXACT_REPLAY_UNBOUNDED,1,1,3000,3000,1.0,64,SPARSE_SIGN,129
ELIGIBILITY_TRACE_64,4,1,3000,3000,1.0,64,SPARSE_SIGN,129
EXACT_FIFO_64,4,1,1,3000,0.0003333333333333333,64,SPARSE_SIGN,129
EXACT_FIFO_256,4,4,3000,3000,1.0,256,SPARSE_SIGN,129
EXACT_FIFO_1024,4,16,3000,3000,1.0,256,SPARSE_SIGN,129
EXACT_FIFO_4096,4,64,3000,3000,1.0,256,SPARSE_SIGN,129
CURRENT_FEATURE_64,4,1,3000,3000,1.0,64,SPARSE_SIGN,129
EXACT_REPLAY_UNBOUNDED,4,4,3000,3000,1.0,256,SPARSE_SIGN,129
ELIGIBILITY_TRACE_64,16,1,3000,3000,1.0,64,SPARSE_SIGN,129
EXACT_FIFO_64,16,1,1,3000,0.0003333333333333333,64,SPARSE_SIGN,129
EXACT_FIFO_256,16,4,4,3000,0.0013333333333333333,256,SPARSE_SIGN,129
EXACT_FIFO_1024,16,16,3000,3000,1.0,1024,SPARSE_SIGN,129
EXACT_FIFO_4096,16,64,3000,3000,1.0,1024,SPARSE_SIGN,129
CURRENT_FEATURE_64,16,1,3000,3000,1.0,64,SPARSE_SIGN,129
EXACT_REPLAY_UNBOUNDED,16,16,3000,3000,1.0,1024,SPARSE_SIGN,129
ELIGIBILITY_TRACE_64,64,1,3000,3000,1.0,64,SPARSE_SIGN,129
EXACT_FIFO_64,64,1,1,3000,0.0003333333333333333,64,SPARSE_SIGN,129
EXACT_FIFO_256,64,4,4,3000,0.0013333333333333333,256,SPARSE_SIGN,129
EXACT_FIFO_1024,64,16,16,3000,0.005333333333333333,1024,SPARSE_SIGN,129
EXACT_FIFO_4096,64,64,3000,3000,1.0,4096,SPARSE_SIGN,129
CURRENT_FEATURE_64,64,1,3000,3000,1.0,64,SPARSE_SIGN,129
EXACT_REPLAY_UNBOUNDED,64,64,3000,3000,1.0,4096,SPARSE_SIGN,129
