rho,seed,delay,arm,horizon,accuracy,active_history_float_values,n_train,n_test
0.0,30,4,HORIZON_1,1,0.279,0,3000,1000
0.0,30,4,HORIZON_2,2,0.237,128,3000,1000
0.0,30,4,HORIZON_4,4,0.218,256,3000,1000
0.0,30,4,HORIZON_8,8,0.737,512,3000,1000
0.0,30,4,HORIZON_16,16,0.708,1024,3000,1000
0.0,30,4,HORIZON_32,32,0.667,2048,3000,1000
0.0,30,4,HORIZON_64,64,0.639,4096,3000,1000
0.0,30,4,ELIGIBILITY_TRACE,,0.613,64,3000,1000
0.0,30,4,EXACT_REPLAY,,0.767,256,3000,1000
0.0,30,16,HORIZON_1,1,0.298,0,3000,1000
0.0,30,16,HORIZON_2,2,0.33,128,3000,1000
0.0,30,16,HORIZON_4,4,0.304,256,3000,1000
0.0,30,16,HORIZON_8,8,0.312,512,3000,1000
0.0,30,16,HORIZON_16,16,0.309,1024,3000,1000
0.0,30,16,HORIZON_32,32,0.636,2048,3000,1000
0.0,30,16,HORIZON_64,64,0.601,4096,3000,1000
0.0,30,16,ELIGIBILITY_TRACE,,0.581,64,3000,1000
0.0,30,16,EXACT_REPLAY,,0.767,1024,3000,1000
0.0,30,64,HORIZON_1,1,0.168,0,3000,1000
0.0,30,64,HORIZON_2,2,0.184,128,3000,1000
0.0,30,64,HORIZON_4,4,0.225,256,3000,1000
0.0,30,64,HORIZON_8,8,0.214,512,3000,1000
0.0,30,64,HORIZON_16,16,0.174,1024,3000,1000
0.0,30,64,HORIZON_32,32,0.157,2048,3000,1000
0.0,30,64,HORIZON_64,64,0.202,4096,3000,1000
0.0,30,64,ELIGIBILITY_TRACE,,0.319,64,3000,1000
0.0,30,64,EXACT_REPLAY,,0.767,4096,3000,1000
0.0,31,4,HORIZON_1,1,0.262,0,3000,1000
0.0,31,4,HORIZON_2,2,0.284,128,3000,1000
0.0,31,4,HORIZON_4,4,0.287,256,3000,1000
0.0,31,4,HORIZON_8,8,0.731,512,3000,1000
0.0,31,4,HORIZON_16,16,0.734,1024,3000,1000
0.0,31,4,HORIZON_32,32,0.667,2048,3000,1000
0.0,31,4,HORIZON_64,64,0.66,4096,3000,1000
0.0,31,4,ELIGIBILITY_TRACE,,0.627,64,3000,1000
0.0,31,4,EXACT_REPLAY,,0.786,256,3000,1000
0.0,31,16,HORIZON_1,1,0.172,0,3000,1000
0.0,31,16,HORIZON_2,2,0.221,128,3000,1000
0.0,31,16,HORIZON_4,4,0.315,256,3000,1000
0.0,31,16,HORIZON_8,8,0.27,512,3000,1000
0.0,31,16,HORIZON_16,16,0.331,1024,3000,1000
0.0,31,16,HORIZON_32,32,0.659,2048,3000,1000
0.0,31,16,HORIZON_64,64,0.613,4096,3000,1000
0.0,31,16,ELIGIBILITY_TRACE,,0.607,64,3000,1000
0.0,31,16,EXACT_REPLAY,,0.786,1024,3000,1000
0.0,31,64,HORIZON_1,1,0.133,0,3000,1000
0.0,31,64,HORIZON_2,2,0.175,128,3000,1000
0.0,31,64,HORIZON_4,4,0.257,256,3000,1000
0.0,31,64,HORIZON_8,8,0.326,512,3000,1000
0.0,31,64,HORIZON_16,16,0.302,1024,3000,1000
0.0,31,64,HORIZON_32,32,0.255,2048,3000,1000
0.0,31,64,HORIZON_64,64,0.341,4096,3000,1000
0.0,31,64,ELIGIBILITY_TRACE,,0.463,64,3000,1000
0.0,31,64,EXACT_REPLAY,,0.786,4096,3000,1000
0.0,32,4,HORIZON_1,1,0.225,0,3000,1000
0.0,32,4,HORIZON_2,2,0.197,128,3000,1000
0.0,32,4,HORIZON_4,4,0.249,256,3000,1000
0.0,32,4,HORIZON_8,8,0.704,512,3000,1000
0.0,32,4,HORIZON_16,16,0.668,1024,3000,1000
0.0,32,4,HORIZON_32,32,0.63,2048,3000,1000
0.0,32,4,HORIZON_64,64,0.607,4096,3000,1000
0.0,32,4,ELIGIBILITY_TRACE,,0.583,64,3000,1000
0.0,32,4,EXACT_REPLAY,,0.754,256,3000,1000
0.0,32,16,HORIZON_1,1,0.196,0,3000,1000
0.0,32,16,HORIZON_2,2,0.249,128,3000,1000
0.0,32,16,HORIZON_4,4,0.23,256,3000,1000
0.0,32,16,HORIZON_8,8,0.237,512,3000,1000
0.0,32,16,HORIZON_16,16,0.262,1024,3000,1000
0.0,32,16,HORIZON_32,32,0.617,2048,3000,1000
0.0,32,16,HORIZON_64,64,0.589,4096,3000,1000
0.0,32,16,ELIGIBILITY_TRACE,,0.562,64,3000,1000
0.0,32,16,EXACT_REPLAY,,0.754,1024,3000,1000
0.0,32,64,HORIZON_1,1,0.222,0,3000,1000
0.0,32,64,HORIZON_2,2,0.208,128,3000,1000
0.0,32,64,HORIZON_4,4,0.208,256,3000,1000
0.0,32,64,HORIZON_8,8,0.241,512,3000,1000
0.0,32,64,HORIZON_16,16,0.299,1024,3000,1000
0.0,32,64,HORIZON_32,32,0.291,2048,3000,1000
0.0,32,64,HORIZON_64,64,0.269,4096,3000,1000
0.0,32,64,ELIGIBILITY_TRACE,,0.418,64,3000,1000
0.0,32,64,EXACT_REPLAY,,0.753,4096,3000,1000
0.0,33,4,HORIZON_1,1,0.184,0,3000,1000
0.0,33,4,HORIZON_2,2,0.211,128,3000,1000
0.0,33,4,HORIZON_4,4,0.194,256,3000,1000
0.0,33,4,HORIZON_8,8,0.718,512,3000,1000
0.0,33,4,HORIZON_16,16,0.694,1024,3000,1000
0.0,33,4,HORIZON_32,32,0.657,2048,3000,1000
0.0,33,4,HORIZON_64,64,0.62,4096,3000,1000
0.0,33,4,ELIGIBILITY_TRACE,,0.613,64,3000,1000
0.0,33,4,EXACT_REPLAY,,0.765,256,3000,1000
0.0,33,16,HORIZON_1,1,0.245,0,3000,1000
0.0,33,16,HORIZON_2,2,0.284,128,3000,1000
0.0,33,16,HORIZON_4,4,0.306,256,3000,1000
0.0,33,16,HORIZON_8,8,0.305,512,3000,1000
0.0,33,16,HORIZON_16,16,0.223,1024,3000,1000
0.0,33,16,HORIZON_32,32,0.631,2048,3000,1000
0.0,33,16,HORIZON_64,64,0.576,4096,3000,1000
0.0,33,16,ELIGIBILITY_TRACE,,0.562,64,3000,1000
0.0,33,16,EXACT_REPLAY,,0.765,1024,3000,1000
0.0,33,64,HORIZON_1,1,0.219,0,3000,1000
0.0,33,64,HORIZON_2,2,0.21,128,3000,1000
0.0,33,64,HORIZON_4,4,0.327,256,3000,1000
0.0,33,64,HORIZON_8,8,0.289,512,3000,1000
0.0,33,64,HORIZON_16,16,0.298,1024,3000,1000
0.0,33,64,HORIZON_32,32,0.273,2048,3000,1000
0.0,33,64,HORIZON_64,64,0.257,4096,3000,1000
0.0,33,64,ELIGIBILITY_TRACE,,0.399,64,3000,1000
0.0,33,64,EXACT_REPLAY,,0.765,4096,3000,1000
0.0,34,4,HORIZON_1,1,0.342,0,3000,1000
0.0,34,4,HORIZON_2,2,0.362,128,3000,1000
0.0,34,4,HORIZON_4,4,0.256,256,3000,1000
0.0,34,4,HORIZON_8,8,0.678,512,3000,1000
0.0,34,4,HORIZON_16,16,0.645,1024,3000,1000
0.0,34,4,HORIZON_32,32,0.622,2048,3000,1000
0.0,34,4,HORIZON_64,64,0.596,4096,3000,1000
0.0,34,4,ELIGIBILITY_TRACE,,0.555,64,3000,1000
0.0,34,4,EXACT_REPLAY,,0.751,256,3000,1000
0.0,34,16,HORIZON_1,1,0.303,0,3000,1000
0.0,34,16,HORIZON_2,2,0.284,128,3000,1000
0.0,34,16,HORIZON_4,4,0.353,256,3000,1000
0.0,34,16,HORIZON_8,8,0.279,512,3000,1000
0.0,34,16,HORIZON_16,16,0.313,1024,3000,1000
0.0,34,16,HORIZON_32,32,0.596,2048,3000,1000
0.0,34,16,HORIZON_64,64,0.586,4096,3000,1000
0.0,34,16,ELIGIBILITY_TRACE,,0.55,64,3000,1000
0.0,34,16,EXACT_REPLAY,,0.751,1024,3000,1000
0.0,34,64,HORIZON_1,1,0.288,0,3000,1000
0.0,34,64,HORIZON_2,2,0.257,128,3000,1000
0.0,34,64,HORIZON_4,4,0.239,256,3000,1000
0.0,34,64,HORIZON_8,8,0.248,512,3000,1000
0.0,34,64,HORIZON_16,16,0.217,1024,3000,1000
0.0,34,64,HORIZON_32,32,0.246,2048,3000,1000
0.0,34,64,HORIZON_64,64,0.245,4096,3000,1000
0.0,34,64,ELIGIBILITY_TRACE,,0.35,64,3000,1000
0.0,34,64,EXACT_REPLAY,,0.752,4096,3000,1000
0.0,35,4,HORIZON_1,1,0.238,0,3000,1000
0.0,35,4,HORIZON_2,2,0.241,128,3000,1000
0.0,35,4,HORIZON_4,4,0.212,256,3000,1000
0.0,35,4,HORIZON_8,8,0.734,512,3000,1000
0.0,35,4,HORIZON_16,16,0.687,1024,3000,1000
0.0,35,4,HORIZON_32,32,0.677,2048,3000,1000
0.0,35,4,HORIZON_64,64,0.632,4096,3000,1000
0.0,35,4,ELIGIBILITY_TRACE,,0.606,64,3000,1000
0.0,35,4,EXACT_REPLAY,,0.773,256,3000,1000
0.0,35,16,HORIZON_1,1,0.312,0,3000,1000
0.0,35,16,HORIZON_2,2,0.346,128,3000,1000
0.0,35,16,HORIZON_4,4,0.282,256,3000,1000
0.0,35,16,HORIZON_8,8,0.278,512,3000,1000
0.0,35,16,HORIZON_16,16,0.269,1024,3000,1000
0.0,35,16,HORIZON_32,32,0.634,2048,3000,1000
0.0,35,16,HORIZON_64,64,0.606,4096,3000,1000
0.0,35,16,ELIGIBILITY_TRACE,,0.576,64,3000,1000
0.0,35,16,EXACT_REPLAY,,0.774,1024,3000,1000
0.0,35,64,HORIZON_1,1,0.206,0,3000,1000
0.0,35,64,HORIZON_2,2,0.198,128,3000,1000
0.0,35,64,HORIZON_4,4,0.214,256,3000,1000
0.0,35,64,HORIZON_8,8,0.226,512,3000,1000
0.0,35,64,HORIZON_16,16,0.256,1024,3000,1000
0.0,35,64,HORIZON_32,32,0.274,2048,3000,1000
0.0,35,64,HORIZON_64,64,0.268,4096,3000,1000
0.0,35,64,ELIGIBILITY_TRACE,,0.425,64,3000,1000
0.0,35,64,EXACT_REPLAY,,0.772,4096,3000,1000
0.0,36,4,HORIZON_1,1,0.16,0,3000,1000
0.0,36,4,HORIZON_2,2,0.156,128,3000,1000
0.0,36,4,HORIZON_4,4,0.203,256,3000,1000
0.0,36,4,HORIZON_8,8,0.704,512,3000,1000
0.0,36,4,HORIZON_16,16,0.683,1024,3000,1000
0.0,36,4,HORIZON_32,32,0.648,2048,3000,1000
0.0,36,4,HORIZON_64,64,0.64,4096,3000,1000
0.0,36,4,ELIGIBILITY_TRACE,,0.637,64,3000,1000
0.0,36,4,EXACT_REPLAY,,0.747,256,3000,1000
0.0,36,16,HORIZON_1,1,0.232,0,3000,1000
0.0,36,16,HORIZON_2,2,0.253,128,3000,1000
0.0,36,16,HORIZON_4,4,0.31,256,3000,1000
0.0,36,16,HORIZON_8,8,0.341,512,3000,1000
0.0,36,16,HORIZON_16,16,0.29,1024,3000,1000
0.0,36,16,HORIZON_32,32,0.643,2048,3000,1000
0.0,36,16,HORIZON_64,64,0.598,4096,3000,1000
0.0,36,16,ELIGIBILITY_TRACE,,0.595,64,3000,1000
0.0,36,16,EXACT_REPLAY,,0.746,1024,3000,1000
0.0,36,64,HORIZON_1,1,0.232,0,3000,1000
0.0,36,64,HORIZON_2,2,0.212,128,3000,1000
0.0,36,64,HORIZON_4,4,0.22,256,3000,1000
0.0,36,64,HORIZON_8,8,0.224,512,3000,1000
0.0,36,64,HORIZON_16,16,0.258,1024,3000,1000
0.0,36,64,HORIZON_32,32,0.267,2048,3000,1000
0.0,36,64,HORIZON_64,64,0.28,4096,3000,1000
0.0,36,64,ELIGIBILITY_TRACE,,0.434,64,3000,1000
0.0,36,64,EXACT_REPLAY,,0.746,4096,3000,1000
0.0,37,4,HORIZON_1,1,0.271,0,3000,1000
0.0,37,4,HORIZON_2,2,0.282,128,3000,1000
0.0,37,4,HORIZON_4,4,0.296,256,3000,1000
0.0,37,4,HORIZON_8,8,0.687,512,3000,1000
0.0,37,4,HORIZON_16,16,0.675,1024,3000,1000
0.0,37,4,HORIZON_32,32,0.593,2048,3000,1000
0.0,37,4,HORIZON_64,64,0.543,4096,3000,1000
0.0,37,4,ELIGIBILITY_TRACE,,0.528,64,3000,1000
0.0,37,4,EXACT_REPLAY,,0.761,256,3000,1000
0.0,37,16,HORIZON_1,1,0.233,0,3000,1000
0.0,37,16,HORIZON_2,2,0.198,128,3000,1000
0.0,37,16,HORIZON_4,4,0.228,256,3000,1000
0.0,37,16,HORIZON_8,8,0.191,512,3000,1000
0.0,37,16,HORIZON_16,16,0.201,1024,3000,1000
0.0,37,16,HORIZON_32,32,0.556,2048,3000,1000
0.0,37,16,HORIZON_64,64,0.465,4096,3000,1000
0.0,37,16,ELIGIBILITY_TRACE,,0.434,64,3000,1000
0.0,37,16,EXACT_REPLAY,,0.761,1024,3000,1000
0.0,37,64,HORIZON_1,1,0.308,0,3000,1000
0.0,37,64,HORIZON_2,2,0.281,128,3000,1000
0.0,37,64,HORIZON_4,4,0.306,256,3000,1000
0.0,37,64,HORIZON_8,8,0.278,512,3000,1000
0.0,37,64,HORIZON_16,16,0.224,1024,3000,1000
0.0,37,64,HORIZON_32,32,0.225,2048,3000,1000
0.0,37,64,HORIZON_64,64,0.21,4096,3000,1000
0.0,37,64,ELIGIBILITY_TRACE,,0.295,64,3000,1000
0.0,37,64,EXACT_REPLAY,,0.761,4096,3000,1000
0.0,38,4,HORIZON_1,1,0.2,0,3000,1000
0.0,38,4,HORIZON_2,2,0.13,128,3000,1000
0.0,38,4,HORIZON_4,4,0.216,256,3000,1000
0.0,38,4,HORIZON_8,8,0.703,512,3000,1000
0.0,38,4,HORIZON_16,16,0.652,1024,3000,1000
0.0,38,4,HORIZON_32,32,0.624,2048,3000,1000
0.0,38,4,HORIZON_64,64,0.611,4096,3000,1000
0.0,38,4,ELIGIBILITY_TRACE,,0.591,64,3000,1000
0.0,38,4,EXACT_REPLAY,,0.763,256,3000,1000
0.0,38,16,HORIZON_1,1,0.313,0,3000,1000
0.0,38,16,HORIZON_2,2,0.244,128,3000,1000
0.0,38,16,HORIZON_4,4,0.333,256,3000,1000
0.0,38,16,HORIZON_8,8,0.338,512,3000,1000
0.0,38,16,HORIZON_16,16,0.317,1024,3000,1000
0.0,38,16,HORIZON_32,32,0.612,2048,3000,1000
0.0,38,16,HORIZON_64,64,0.604,4096,3000,1000
0.0,38,16,ELIGIBILITY_TRACE,,0.576,64,3000,1000
0.0,38,16,EXACT_REPLAY,,0.763,1024,3000,1000
0.0,38,64,HORIZON_1,1,0.274,0,3000,1000
0.0,38,64,HORIZON_2,2,0.231,128,3000,1000
0.0,38,64,HORIZON_4,4,0.269,256,3000,1000
0.0,38,64,HORIZON_8,8,0.218,512,3000,1000
0.0,38,64,HORIZON_16,16,0.211,1024,3000,1000
0.0,38,64,HORIZON_32,32,0.238,2048,3000,1000
0.0,38,64,HORIZON_64,64,0.267,4096,3000,1000
0.0,38,64,ELIGIBILITY_TRACE,,0.362,64,3000,1000
0.0,38,64,EXACT_REPLAY,,0.763,4096,3000,1000
0.0,39,4,HORIZON_1,1,0.329,0,3000,1000
0.0,39,4,HORIZON_2,2,0.247,128,3000,1000
0.0,39,4,HORIZON_4,4,0.23,256,3000,1000
0.0,39,4,HORIZON_8,8,0.656,512,3000,1000
0.0,39,4,HORIZON_16,16,0.633,1024,3000,1000
0.0,39,4,HORIZON_32,32,0.607,2048,3000,1000
0.0,39,4,HORIZON_64,64,0.613,4096,3000,1000
0.0,39,4,ELIGIBILITY_TRACE,,0.577,64,3000,1000
0.0,39,4,EXACT_REPLAY,,0.734,256,3000,1000
0.0,39,16,HORIZON_1,1,0.141,0,3000,1000
0.0,39,16,HORIZON_2,2,0.135,128,3000,1000
0.0,39,16,HORIZON_4,4,0.199,256,3000,1000
0.0,39,16,HORIZON_8,8,0.255,512,3000,1000
0.0,39,16,HORIZON_16,16,0.206,1024,3000,1000
0.0,39,16,HORIZON_32,32,0.574,2048,3000,1000
0.0,39,16,HORIZON_64,64,0.55,4096,3000,1000
0.0,39,16,ELIGIBILITY_TRACE,,0.506,64,3000,1000
0.0,39,16,EXACT_REPLAY,,0.734,1024,3000,1000
0.0,39,64,HORIZON_1,1,0.251,0,3000,1000
0.0,39,64,HORIZON_2,2,0.277,128,3000,1000
0.0,39,64,HORIZON_4,4,0.244,256,3000,1000
0.0,39,64,HORIZON_8,8,0.314,512,3000,1000
0.0,39,64,HORIZON_16,16,0.329,1024,3000,1000
0.0,39,64,HORIZON_32,32,0.317,2048,3000,1000
0.0,39,64,HORIZON_64,64,0.258,4096,3000,1000
0.0,39,64,ELIGIBILITY_TRACE,,0.36,64,3000,1000
0.0,39,64,EXACT_REPLAY,,0.734,4096,3000,1000
0.0,40,4,HORIZON_1,1,0.286,0,3000,1000
0.0,40,4,HORIZON_2,2,0.272,128,3000,1000
0.0,40,4,HORIZON_4,4,0.25,256,3000,1000
0.0,40,4,HORIZON_8,8,0.694,512,3000,1000
0.0,40,4,HORIZON_16,16,0.68,1024,3000,1000
0.0,40,4,HORIZON_32,32,0.622,2048,3000,1000
0.0,40,4,HORIZON_64,64,0.614,4096,3000,1000
0.0,40,4,ELIGIBILITY_TRACE,,0.625,64,3000,1000
0.0,40,4,EXACT_REPLAY,,0.733,256,3000,1000
0.0,40,16,HORIZON_1,1,0.184,0,3000,1000
0.0,40,16,HORIZON_2,2,0.206,128,3000,1000
0.0,40,16,HORIZON_4,4,0.224,256,3000,1000
0.0,40,16,HORIZON_8,8,0.271,512,3000,1000
0.0,40,16,HORIZON_16,16,0.265,1024,3000,1000
0.0,40,16,HORIZON_32,32,0.621,2048,3000,1000
0.0,40,16,HORIZON_64,64,0.592,4096,3000,1000
0.0,40,16,ELIGIBILITY_TRACE,,0.582,64,3000,1000
0.0,40,16,EXACT_REPLAY,,0.733,1024,3000,1000
0.0,40,64,HORIZON_1,1,0.302,0,3000,1000
0.0,40,64,HORIZON_2,2,0.275,128,3000,1000
0.0,40,64,HORIZON_4,4,0.244,256,3000,1000
0.0,40,64,HORIZON_8,8,0.256,512,3000,1000
0.0,40,64,HORIZON_16,16,0.232,1024,3000,1000
0.0,40,64,HORIZON_32,32,0.232,2048,3000,1000
0.0,40,64,HORIZON_64,64,0.25,4096,3000,1000
0.0,40,64,ELIGIBILITY_TRACE,,0.438,64,3000,1000
0.0,40,64,EXACT_REPLAY,,0.733,4096,3000,1000
0.0,41,4,HORIZON_1,1,0.188,0,3000,1000
0.0,41,4,HORIZON_2,2,0.272,128,3000,1000
0.0,41,4,HORIZON_4,4,0.234,256,3000,1000
0.0,41,4,HORIZON_8,8,0.721,512,3000,1000
0.0,41,4,HORIZON_16,16,0.679,1024,3000,1000
0.0,41,4,HORIZON_32,32,0.652,2048,3000,1000
0.0,41,4,HORIZON_64,64,0.673,4096,3000,1000
0.0,41,4,ELIGIBILITY_TRACE,,0.665,64,3000,1000
0.0,41,4,EXACT_REPLAY,,0.758,256,3000,1000
0.0,41,16,HORIZON_1,1,0.315,0,3000,1000
0.0,41,16,HORIZON_2,2,0.273,128,3000,1000
0.0,41,16,HORIZON_4,4,0.265,256,3000,1000
0.0,41,16,HORIZON_8,8,0.286,512,3000,1000
0.0,41,16,HORIZON_16,16,0.251,1024,3000,1000
0.0,41,16,HORIZON_32,32,0.63,2048,3000,1000
0.0,41,16,HORIZON_64,64,0.634,4096,3000,1000
0.0,41,16,ELIGIBILITY_TRACE,,0.633,64,3000,1000
0.0,41,16,EXACT_REPLAY,,0.758,1024,3000,1000
0.0,41,64,HORIZON_1,1,0.204,0,3000,1000
0.0,41,64,HORIZON_2,2,0.229,128,3000,1000
0.0,41,64,HORIZON_4,4,0.199,256,3000,1000
0.0,41,64,HORIZON_8,8,0.177,512,3000,1000
0.0,41,64,HORIZON_16,16,0.195,1024,3000,1000
0.0,41,64,HORIZON_32,32,0.211,2048,3000,1000
0.0,41,64,HORIZON_64,64,0.159,4096,3000,1000
0.0,41,64,ELIGIBILITY_TRACE,,0.353,64,3000,1000
0.0,41,64,EXACT_REPLAY,,0.758,4096,3000,1000
0.0,42,4,HORIZON_1,1,0.215,0,3000,1000
0.0,42,4,HORIZON_2,2,0.204,128,3000,1000
0.0,42,4,HORIZON_4,4,0.227,256,3000,1000
0.0,42,4,HORIZON_8,8,0.683,512,3000,1000
0.0,42,4,HORIZON_16,16,0.664,1024,3000,1000
0.0,42,4,HORIZON_32,32,0.637,2048,3000,1000
0.0,42,4,HORIZON_64,64,0.611,4096,3000,1000
0.0,42,4,ELIGIBILITY_TRACE,,0.609,64,3000,1000
0.0,42,4,EXACT_REPLAY,,0.761,256,3000,1000
0.0,42,16,HORIZON_1,1,0.256,0,3000,1000
0.0,42,16,HORIZON_2,2,0.193,128,3000,1000
0.0,42,16,HORIZON_4,4,0.314,256,3000,1000
0.0,42,16,HORIZON_8,8,0.319,512,3000,1000
0.0,42,16,HORIZON_16,16,0.231,1024,3000,1000
0.0,42,16,HORIZON_32,32,0.616,2048,3000,1000
0.0,42,16,HORIZON_64,64,0.588,4096,3000,1000
0.0,42,16,ELIGIBILITY_TRACE,,0.556,64,3000,1000
0.0,42,16,EXACT_REPLAY,,0.761,1024,3000,1000
0.0,42,64,HORIZON_1,1,0.257,0,3000,1000
0.0,42,64,HORIZON_2,2,0.211,128,3000,1000
0.0,42,64,HORIZON_4,4,0.172,256,3000,1000
0.0,42,64,HORIZON_8,8,0.173,512,3000,1000
0.0,42,64,HORIZON_16,16,0.251,1024,3000,1000
0.0,42,64,HORIZON_32,32,0.233,2048,3000,1000
0.0,42,64,HORIZON_64,64,0.243,4096,3000,1000
0.0,42,64,ELIGIBILITY_TRACE,,0.366,64,3000,1000
0.0,42,64,EXACT_REPLAY,,0.761,4096,3000,1000
0.0,43,4,HORIZON_1,1,0.22,0,3000,1000
0.0,43,4,HORIZON_2,2,0.231,128,3000,1000
0.0,43,4,HORIZON_4,4,0.225,256,3000,1000
0.0,43,4,HORIZON_8,8,0.671,512,3000,1000
0.0,43,4,HORIZON_16,16,0.684,1024,3000,1000
0.0,43,4,HORIZON_32,32,0.67,2048,3000,1000
0.0,43,4,HORIZON_64,64,0.645,4096,3000,1000
0.0,43,4,ELIGIBILITY_TRACE,,0.642,64,3000,1000
0.0,43,4,EXACT_REPLAY,,0.778,256,3000,1000
0.0,43,16,HORIZON_1,1,0.214,0,3000,1000
0.0,43,16,HORIZON_2,2,0.257,128,3000,1000
0.0,43,16,HORIZON_4,4,0.247,256,3000,1000
0.0,43,16,HORIZON_8,8,0.25,512,3000,1000
0.0,43,16,HORIZON_16,16,0.296,1024,3000,1000
0.0,43,16,HORIZON_32,32,0.628,2048,3000,1000
0.0,43,16,HORIZON_64,64,0.587,4096,3000,1000
0.0,43,16,ELIGIBILITY_TRACE,,0.6,64,3000,1000
0.0,43,16,EXACT_REPLAY,,0.779,1024,3000,1000
0.0,43,64,HORIZON_1,1,0.216,0,3000,1000
0.0,43,64,HORIZON_2,2,0.232,128,3000,1000
0.0,43,64,HORIZON_4,4,0.28,256,3000,1000
0.0,43,64,HORIZON_8,8,0.283,512,3000,1000
0.0,43,64,HORIZON_16,16,0.285,1024,3000,1000
0.0,43,64,HORIZON_32,32,0.238,2048,3000,1000
0.0,43,64,HORIZON_64,64,0.259,4096,3000,1000
0.0,43,64,ELIGIBILITY_TRACE,,0.407,64,3000,1000
0.0,43,64,EXACT_REPLAY,,0.779,4096,3000,1000
0.0,44,4,HORIZON_1,1,0.3,0,3000,1000
0.0,44,4,HORIZON_2,2,0.242,128,3000,1000
0.0,44,4,HORIZON_4,4,0.225,256,3000,1000
0.0,44,4,HORIZON_8,8,0.699,512,3000,1000
0.0,44,4,HORIZON_16,16,0.662,1024,3000,1000
0.0,44,4,HORIZON_32,32,0.649,2048,3000,1000
0.0,44,4,HORIZON_64,64,0.615,4096,3000,1000
0.0,44,4,ELIGIBILITY_TRACE,,0.597,64,3000,1000
0.0,44,4,EXACT_REPLAY,,0.753,256,3000,1000
0.0,44,16,HORIZON_1,1,0.307,0,3000,1000
0.0,44,16,HORIZON_2,2,0.294,128,3000,1000
0.0,44,16,HORIZON_4,4,0.268,256,3000,1000
0.0,44,16,HORIZON_8,8,0.284,512,3000,1000
0.0,44,16,HORIZON_16,16,0.261,1024,3000,1000
0.0,44,16,HORIZON_32,32,0.583,2048,3000,1000
0.0,44,16,HORIZON_64,64,0.579,4096,3000,1000
0.0,44,16,ELIGIBILITY_TRACE,,0.56,64,3000,1000
0.0,44,16,EXACT_REPLAY,,0.753,1024,3000,1000
0.0,44,64,HORIZON_1,1,0.275,0,3000,1000
0.0,44,64,HORIZON_2,2,0.308,128,3000,1000
0.0,44,64,HORIZON_4,4,0.281,256,3000,1000
0.0,44,64,HORIZON_8,8,0.288,512,3000,1000
0.0,44,64,HORIZON_16,16,0.276,1024,3000,1000
0.0,44,64,HORIZON_32,32,0.284,2048,3000,1000
0.0,44,64,HORIZON_64,64,0.336,4096,3000,1000
0.0,44,64,ELIGIBILITY_TRACE,,0.456,64,3000,1000
0.0,44,64,EXACT_REPLAY,,0.752,4096,3000,1000
0.0,45,4,HORIZON_1,1,0.234,0,3000,1000
0.0,45,4,HORIZON_2,2,0.217,128,3000,1000
0.0,45,4,HORIZON_4,4,0.217,256,3000,1000
0.0,45,4,HORIZON_8,8,0.74,512,3000,1000
0.0,45,4,HORIZON_16,16,0.674,1024,3000,1000
0.0,45,4,HORIZON_32,32,0.621,2048,3000,1000
0.0,45,4,HORIZON_64,64,0.58,4096,3000,1000
0.0,45,4,ELIGIBILITY_TRACE,,0.557,64,3000,1000
0.0,45,4,EXACT_REPLAY,,0.792,256,3000,1000
0.0,45,16,HORIZON_1,1,0.224,0,3000,1000
0.0,45,16,HORIZON_2,2,0.173,128,3000,1000
0.0,45,16,HORIZON_4,4,0.195,256,3000,1000
0.0,45,16,HORIZON_8,8,0.18,512,3000,1000
0.0,45,16,HORIZON_16,16,0.2,1024,3000,1000
0.0,45,16,HORIZON_32,32,0.559,2048,3000,1000
0.0,45,16,HORIZON_64,64,0.531,4096,3000,1000
0.0,45,16,ELIGIBILITY_TRACE,,0.507,64,3000,1000
0.0,45,16,EXACT_REPLAY,,0.792,1024,3000,1000
0.0,45,64,HORIZON_1,1,0.221,0,3000,1000
0.0,45,64,HORIZON_2,2,0.308,128,3000,1000
0.0,45,64,HORIZON_4,4,0.218,256,3000,1000
0.0,45,64,HORIZON_8,8,0.223,512,3000,1000
0.0,45,64,HORIZON_16,16,0.212,1024,3000,1000
0.0,45,64,HORIZON_32,32,0.258,2048,3000,1000
0.0,45,64,HORIZON_64,64,0.248,4096,3000,1000
0.0,45,64,ELIGIBILITY_TRACE,,0.384,64,3000,1000
0.0,45,64,EXACT_REPLAY,,0.792,4096,3000,1000
0.0,46,4,HORIZON_1,1,0.228,0,3000,1000
0.0,46,4,HORIZON_2,2,0.27,128,3000,1000
0.0,46,4,HORIZON_4,4,0.28,256,3000,1000
0.0,46,4,HORIZON_8,8,0.699,512,3000,1000
0.0,46,4,HORIZON_16,16,0.676,1024,3000,1000
0.0,46,4,HORIZON_32,32,0.649,2048,3000,1000
0.0,46,4,HORIZON_64,64,0.597,4096,3000,1000
0.0,46,4,ELIGIBILITY_TRACE,,0.561,64,3000,1000
0.0,46,4,EXACT_REPLAY,,0.771,256,3000,1000
0.0,46,16,HORIZON_1,1,0.212,0,3000,1000
0.0,46,16,HORIZON_2,2,0.273,128,3000,1000
0.0,46,16,HORIZON_4,4,0.19,256,3000,1000
0.0,46,16,HORIZON_8,8,0.2,512,3000,1000
0.0,46,16,HORIZON_16,16,0.208,1024,3000,1000
0.0,46,16,HORIZON_32,32,0.563,2048,3000,1000
0.0,46,16,HORIZON_64,64,0.518,4096,3000,1000
0.0,46,16,ELIGIBILITY_TRACE,,0.489,64,3000,1000
0.0,46,16,EXACT_REPLAY,,0.771,1024,3000,1000
0.0,46,64,HORIZON_1,1,0.267,0,3000,1000
0.0,46,64,HORIZON_2,2,0.287,128,3000,1000
0.0,46,64,HORIZON_4,4,0.204,256,3000,1000
0.0,46,64,HORIZON_8,8,0.25,512,3000,1000
0.0,46,64,HORIZON_16,16,0.246,1024,3000,1000
0.0,46,64,HORIZON_32,32,0.262,2048,3000,1000
0.0,46,64,HORIZON_64,64,0.25,4096,3000,1000
0.0,46,64,ELIGIBILITY_TRACE,,0.386,64,3000,1000
0.0,46,64,EXACT_REPLAY,,0.771,4096,3000,1000
0.0,47,4,HORIZON_1,1,0.22,0,3000,1000
0.0,47,4,HORIZON_2,2,0.215,128,3000,1000
0.0,47,4,HORIZON_4,4,0.205,256,3000,1000
0.0,47,4,HORIZON_8,8,0.748,512,3000,1000
0.0,47,4,HORIZON_16,16,0.686,1024,3000,1000
0.0,47,4,HORIZON_32,32,0.648,2048,3000,1000
0.0,47,4,HORIZON_64,64,0.614,4096,3000,1000
0.0,47,4,ELIGIBILITY_TRACE,,0.587,64,3000,1000
0.0,47,4,EXACT_REPLAY,,0.812,256,3000,1000
0.0,47,16,HORIZON_1,1,0.196,0,3000,1000
0.0,47,16,HORIZON_2,2,0.167,128,3000,1000
0.0,47,16,HORIZON_4,4,0.189,256,3000,1000
0.0,47,16,HORIZON_8,8,0.207,512,3000,1000
0.0,47,16,HORIZON_16,16,0.227,1024,3000,1000
0.0,47,16,HORIZON_32,32,0.603,2048,3000,1000
0.0,47,16,HORIZON_64,64,0.567,4096,3000,1000
0.0,47,16,ELIGIBILITY_TRACE,,0.553,64,3000,1000
0.0,47,16,EXACT_REPLAY,,0.812,1024,3000,1000
0.0,47,64,HORIZON_1,1,0.334,0,3000,1000
0.0,47,64,HORIZON_2,2,0.242,128,3000,1000
0.0,47,64,HORIZON_4,4,0.29,256,3000,1000
0.0,47,64,HORIZON_8,8,0.301,512,3000,1000
0.0,47,64,HORIZON_16,16,0.265,1024,3000,1000
0.0,47,64,HORIZON_32,32,0.299,2048,3000,1000
0.0,47,64,HORIZON_64,64,0.278,4096,3000,1000
0.0,47,64,ELIGIBILITY_TRACE,,0.419,64,3000,1000
0.0,47,64,EXACT_REPLAY,,0.809,4096,3000,1000
0.0,48,4,HORIZON_1,1,0.228,0,3000,1000
0.0,48,4,HORIZON_2,2,0.243,128,3000,1000
0.0,48,4,HORIZON_4,4,0.248,256,3000,1000
0.0,48,4,HORIZON_8,8,0.676,512,3000,1000
0.0,48,4,HORIZON_16,16,0.646,1024,3000,1000
0.0,48,4,HORIZON_32,32,0.602,2048,3000,1000
0.0,48,4,HORIZON_64,64,0.61,4096,3000,1000
0.0,48,4,ELIGIBILITY_TRACE,,0.599,64,3000,1000
0.0,48,4,EXACT_REPLAY,,0.757,256,3000,1000
0.0,48,16,HORIZON_1,1,0.252,0,3000,1000
0.0,48,16,HORIZON_2,2,0.201,128,3000,1000
0.0,48,16,HORIZON_4,4,0.122,256,3000,1000
0.0,48,16,HORIZON_8,8,0.217,512,3000,1000
0.0,48,16,HORIZON_16,16,0.196,1024,3000,1000
0.0,48,16,HORIZON_32,32,0.548,2048,3000,1000
0.0,48,16,HORIZON_64,64,0.516,4096,3000,1000
0.0,48,16,ELIGIBILITY_TRACE,,0.522,64,3000,1000
0.0,48,16,EXACT_REPLAY,,0.756,1024,3000,1000
0.0,48,64,HORIZON_1,1,0.243,0,3000,1000
0.0,48,64,HORIZON_2,2,0.266,128,3000,1000
0.0,48,64,HORIZON_4,4,0.212,256,3000,1000
0.0,48,64,HORIZON_8,8,0.211,512,3000,1000
0.0,48,64,HORIZON_16,16,0.218,1024,3000,1000
0.0,48,64,HORIZON_32,32,0.247,2048,3000,1000
0.0,48,64,HORIZON_64,64,0.224,4096,3000,1000
0.0,48,64,ELIGIBILITY_TRACE,,0.353,64,3000,1000
0.0,48,64,EXACT_REPLAY,,0.755,4096,3000,1000
0.0,49,4,HORIZON_1,1,0.19,0,3000,1000
0.0,49,4,HORIZON_2,2,0.233,128,3000,1000
0.0,49,4,HORIZON_4,4,0.255,256,3000,1000
0.0,49,4,HORIZON_8,8,0.697,512,3000,1000
0.0,49,4,HORIZON_16,16,0.687,1024,3000,1000
0.0,49,4,HORIZON_32,32,0.623,2048,3000,1000
0.0,49,4,HORIZON_64,64,0.579,4096,3000,1000
0.0,49,4,ELIGIBILITY_TRACE,,0.55,64,3000,1000
0.0,49,4,EXACT_REPLAY,,0.767,256,3000,1000
0.0,49,16,HORIZON_1,1,0.335,0,3000,1000
0.0,49,16,HORIZON_2,2,0.299,128,3000,1000
0.0,49,16,HORIZON_4,4,0.302,256,3000,1000
0.0,49,16,HORIZON_8,8,0.259,512,3000,1000
0.0,49,16,HORIZON_16,16,0.249,1024,3000,1000
0.0,49,16,HORIZON_32,32,0.509,2048,3000,1000
0.0,49,16,HORIZON_64,64,0.501,4096,3000,1000
0.0,49,16,ELIGIBILITY_TRACE,,0.482,64,3000,1000
0.0,49,16,EXACT_REPLAY,,0.768,1024,3000,1000
0.0,49,64,HORIZON_1,1,0.281,0,3000,1000
0.0,49,64,HORIZON_2,2,0.224,128,3000,1000
0.0,49,64,HORIZON_4,4,0.179,256,3000,1000
0.0,49,64,HORIZON_8,8,0.202,512,3000,1000
0.0,49,64,HORIZON_16,16,0.197,1024,3000,1000
0.0,49,64,HORIZON_32,32,0.212,2048,3000,1000
0.0,49,64,HORIZON_64,64,0.234,4096,3000,1000
0.0,49,64,ELIGIBILITY_TRACE,,0.348,64,3000,1000
0.0,49,64,EXACT_REPLAY,,0.766,4096,3000,1000
0.0,50,4,HORIZON_1,1,0.279,0,3000,1000
0.0,50,4,HORIZON_2,2,0.3,128,3000,1000
0.0,50,4,HORIZON_4,4,0.301,256,3000,1000
0.0,50,4,HORIZON_8,8,0.726,512,3000,1000
0.0,50,4,HORIZON_16,16,0.679,1024,3000,1000
0.0,50,4,HORIZON_32,32,0.649,2048,3000,1000
0.0,50,4,HORIZON_64,64,0.626,4096,3000,1000
0.0,50,4,ELIGIBILITY_TRACE,,0.599,64,3000,1000
0.0,50,4,EXACT_REPLAY,,0.756,256,3000,1000
0.0,50,16,HORIZON_1,1,0.267,0,3000,1000
0.0,50,16,HORIZON_2,2,0.244,128,3000,1000
0.0,50,16,HORIZON_4,4,0.228,256,3000,1000
0.0,50,16,HORIZON_8,8,0.283,512,3000,1000
0.0,50,16,HORIZON_16,16,0.255,1024,3000,1000
0.0,50,16,HORIZON_32,32,0.568,2048,3000,1000
0.0,50,16,HORIZON_64,64,0.565,4096,3000,1000
0.0,50,16,ELIGIBILITY_TRACE,,0.533,64,3000,1000
0.0,50,16,EXACT_REPLAY,,0.755,1024,3000,1000
0.0,50,64,HORIZON_1,1,0.253,0,3000,1000
0.0,50,64,HORIZON_2,2,0.265,128,3000,1000
0.0,50,64,HORIZON_4,4,0.254,256,3000,1000
0.0,50,64,HORIZON_8,8,0.237,512,3000,1000
0.0,50,64,HORIZON_16,16,0.204,1024,3000,1000
0.0,50,64,HORIZON_32,32,0.217,2048,3000,1000
0.0,50,64,HORIZON_64,64,0.222,4096,3000,1000
0.0,50,64,ELIGIBILITY_TRACE,,0.327,64,3000,1000
0.0,50,64,EXACT_REPLAY,,0.755,4096,3000,1000
0.0,51,4,HORIZON_1,1,0.216,0,3000,1000
0.0,51,4,HORIZON_2,2,0.169,128,3000,1000
0.0,51,4,HORIZON_4,4,0.184,256,3000,1000
0.0,51,4,HORIZON_8,8,0.681,512,3000,1000
0.0,51,4,HORIZON_16,16,0.654,1024,3000,1000
0.0,51,4,HORIZON_32,32,0.676,2048,3000,1000
0.0,51,4,HORIZON_64,64,0.678,4096,3000,1000
0.0,51,4,ELIGIBILITY_TRACE,,0.653,64,3000,1000
0.0,51,4,EXACT_REPLAY,,0.755,256,3000,1000
0.0,51,16,HORIZON_1,1,0.248,0,3000,1000
0.0,51,16,HORIZON_2,2,0.209,128,3000,1000
0.0,51,16,HORIZON_4,4,0.166,256,3000,1000
0.0,51,16,HORIZON_8,8,0.171,512,3000,1000
0.0,51,16,HORIZON_16,16,0.139,1024,3000,1000
0.0,51,16,HORIZON_32,32,0.574,2048,3000,1000
0.0,51,16,HORIZON_64,64,0.592,4096,3000,1000
0.0,51,16,ELIGIBILITY_TRACE,,0.564,64,3000,1000
0.0,51,16,EXACT_REPLAY,,0.754,1024,3000,1000
0.0,51,64,HORIZON_1,1,0.222,0,3000,1000
0.0,51,64,HORIZON_2,2,0.219,128,3000,1000
0.0,51,64,HORIZON_4,4,0.267,256,3000,1000
0.0,51,64,HORIZON_8,8,0.251,512,3000,1000
0.0,51,64,HORIZON_16,16,0.284,1024,3000,1000
0.0,51,64,HORIZON_32,32,0.28,2048,3000,1000
0.0,51,64,HORIZON_64,64,0.24,4096,3000,1000
0.0,51,64,ELIGIBILITY_TRACE,,0.369,64,3000,1000
0.0,51,64,EXACT_REPLAY,,0.754,4096,3000,1000
0.0,52,4,HORIZON_1,1,0.27,0,3000,1000
0.0,52,4,HORIZON_2,2,0.246,128,3000,1000
0.0,52,4,HORIZON_4,4,0.285,256,3000,1000
0.0,52,4,HORIZON_8,8,0.733,512,3000,1000
0.0,52,4,HORIZON_16,16,0.698,1024,3000,1000
0.0,52,4,HORIZON_32,32,0.641,2048,3000,1000
0.0,52,4,HORIZON_64,64,0.595,4096,3000,1000
0.0,52,4,ELIGIBILITY_TRACE,,0.565,64,3000,1000
0.0,52,4,EXACT_REPLAY,,0.795,256,3000,1000
0.0,52,16,HORIZON_1,1,0.237,0,3000,1000
0.0,52,16,HORIZON_2,2,0.279,128,3000,1000
0.0,52,16,HORIZON_4,4,0.329,256,3000,1000
0.0,52,16,HORIZON_8,8,0.387,512,3000,1000
0.0,52,16,HORIZON_16,16,0.346,1024,3000,1000
0.0,52,16,HORIZON_32,32,0.63,2048,3000,1000
0.0,52,16,HORIZON_64,64,0.564,4096,3000,1000
0.0,52,16,ELIGIBILITY_TRACE,,0.524,64,3000,1000
0.0,52,16,EXACT_REPLAY,,0.795,1024,3000,1000
0.0,52,64,HORIZON_1,1,0.174,0,3000,1000
0.0,52,64,HORIZON_2,2,0.185,128,3000,1000
0.0,52,64,HORIZON_4,4,0.217,256,3000,1000
0.0,52,64,HORIZON_8,8,0.22,512,3000,1000
0.0,52,64,HORIZON_16,16,0.318,1024,3000,1000
0.0,52,64,HORIZON_32,32,0.318,2048,3000,1000
0.0,52,64,HORIZON_64,64,0.347,4096,3000,1000
0.0,52,64,ELIGIBILITY_TRACE,,0.428,64,3000,1000
0.0,52,64,EXACT_REPLAY,,0.795,4096,3000,1000
0.0,53,4,HORIZON_1,1,0.307,0,3000,1000
0.0,53,4,HORIZON_2,2,0.405,128,3000,1000
0.0,53,4,HORIZON_4,4,0.352,256,3000,1000
0.0,53,4,HORIZON_8,8,0.709,512,3000,1000
0.0,53,4,HORIZON_16,16,0.683,1024,3000,1000
0.0,53,4,HORIZON_32,32,0.667,2048,3000,1000
0.0,53,4,HORIZON_64,64,0.655,4096,3000,1000
0.0,53,4,ELIGIBILITY_TRACE,,0.633,64,3000,1000
0.0,53,4,EXACT_REPLAY,,0.774,256,3000,1000
0.0,53,16,HORIZON_1,1,0.231,0,3000,1000
0.0,53,16,HORIZON_2,2,0.273,128,3000,1000
0.0,53,16,HORIZON_4,4,0.268,256,3000,1000
0.0,53,16,HORIZON_8,8,0.297,512,3000,1000
0.0,53,16,HORIZON_16,16,0.35,1024,3000,1000
0.0,53,16,HORIZON_32,32,0.653,2048,3000,1000
0.0,53,16,HORIZON_64,64,0.626,4096,3000,1000
0.0,53,16,ELIGIBILITY_TRACE,,0.622,64,3000,1000
0.0,53,16,EXACT_REPLAY,,0.774,1024,3000,1000
0.0,53,64,HORIZON_1,1,0.234,0,3000,1000
0.0,53,64,HORIZON_2,2,0.228,128,3000,1000
0.0,53,64,HORIZON_4,4,0.263,256,3000,1000
0.0,53,64,HORIZON_8,8,0.294,512,3000,1000
0.0,53,64,HORIZON_16,16,0.319,1024,3000,1000
0.0,53,64,HORIZON_32,32,0.244,2048,3000,1000
0.0,53,64,HORIZON_64,64,0.249,4096,3000,1000
0.0,53,64,ELIGIBILITY_TRACE,,0.406,64,3000,1000
0.0,53,64,EXACT_REPLAY,,0.773,4096,3000,1000
0.0,54,4,HORIZON_1,1,0.312,0,3000,1000
0.0,54,4,HORIZON_2,2,0.307,128,3000,1000
0.0,54,4,HORIZON_4,4,0.288,256,3000,1000
0.0,54,4,HORIZON_8,8,0.678,512,3000,1000
0.0,54,4,HORIZON_16,16,0.64,1024,3000,1000
0.0,54,4,HORIZON_32,32,0.591,2048,3000,1000
0.0,54,4,HORIZON_64,64,0.57,4096,3000,1000
0.0,54,4,ELIGIBILITY_TRACE,,0.59,64,3000,1000
0.0,54,4,EXACT_REPLAY,,0.746,256,3000,1000
0.0,54,16,HORIZON_1,1,0.227,0,3000,1000
0.0,54,16,HORIZON_2,2,0.194,128,3000,1000
0.0,54,16,HORIZON_4,4,0.221,256,3000,1000
0.0,54,16,HORIZON_8,8,0.243,512,3000,1000
0.0,54,16,HORIZON_16,16,0.305,1024,3000,1000
0.0,54,16,HORIZON_32,32,0.595,2048,3000,1000
0.0,54,16,HORIZON_64,64,0.586,4096,3000,1000
0.0,54,16,ELIGIBILITY_TRACE,,0.577,64,3000,1000
0.0,54,16,EXACT_REPLAY,,0.746,1024,3000,1000
0.0,54,64,HORIZON_1,1,0.277,0,3000,1000
0.0,54,64,HORIZON_2,2,0.2,128,3000,1000
0.0,54,64,HORIZON_4,4,0.212,256,3000,1000
0.0,54,64,HORIZON_8,8,0.195,512,3000,1000
0.0,54,64,HORIZON_16,16,0.16,1024,3000,1000
0.0,54,64,HORIZON_32,32,0.197,2048,3000,1000
0.0,54,64,HORIZON_64,64,0.204,4096,3000,1000
0.0,54,64,ELIGIBILITY_TRACE,,0.338,64,3000,1000
0.0,54,64,EXACT_REPLAY,,0.745,4096,3000,1000
0.0,55,4,HORIZON_1,1,0.314,0,3000,1000
0.0,55,4,HORIZON_2,2,0.274,128,3000,1000
0.0,55,4,HORIZON_4,4,0.29,256,3000,1000
0.0,55,4,HORIZON_8,8,0.674,512,3000,1000
0.0,55,4,HORIZON_16,16,0.611,1024,3000,1000
0.0,55,4,HORIZON_32,32,0.558,2048,3000,1000
0.0,55,4,HORIZON_64,64,0.542,4096,3000,1000
0.0,55,4,ELIGIBILITY_TRACE,,0.535,64,3000,1000
0.0,55,4,EXACT_REPLAY,,0.724,256,3000,1000
0.0,55,16,HORIZON_1,1,0.272,0,3000,1000
0.0,55,16,HORIZON_2,2,0.283,128,3000,1000
0.0,55,16,HORIZON_4,4,0.241,256,3000,1000
0.0,55,16,HORIZON_8,8,0.231,512,3000,1000
0.0,55,16,HORIZON_16,16,0.244,1024,3000,1000
0.0,55,16,HORIZON_32,32,0.548,2048,3000,1000
0.0,55,16,HORIZON_64,64,0.486,4096,3000,1000
0.0,55,16,ELIGIBILITY_TRACE,,0.483,64,3000,1000
0.0,55,16,EXACT_REPLAY,,0.724,1024,3000,1000
0.0,55,64,HORIZON_1,1,0.243,0,3000,1000
0.0,55,64,HORIZON_2,2,0.225,128,3000,1000
0.0,55,64,HORIZON_4,4,0.219,256,3000,1000
0.0,55,64,HORIZON_8,8,0.246,512,3000,1000
0.0,55,64,HORIZON_16,16,0.246,1024,3000,1000
0.0,55,64,HORIZON_32,32,0.25,2048,3000,1000
0.0,55,64,HORIZON_64,64,0.265,4096,3000,1000
0.0,55,64,ELIGIBILITY_TRACE,,0.369,64,3000,1000
0.0,55,64,EXACT_REPLAY,,0.724,4096,3000,1000
0.0,56,4,HORIZON_1,1,0.264,0,3000,1000
0.0,56,4,HORIZON_2,2,0.255,128,3000,1000
0.0,56,4,HORIZON_4,4,0.278,256,3000,1000
0.0,56,4,HORIZON_8,8,0.702,512,3000,1000
0.0,56,4,HORIZON_16,16,0.699,1024,3000,1000
0.0,56,4,HORIZON_32,32,0.644,2048,3000,1000
0.0,56,4,HORIZON_64,64,0.631,4096,3000,1000
0.0,56,4,ELIGIBILITY_TRACE,,0.603,64,3000,1000
0.0,56,4,EXACT_REPLAY,,0.754,256,3000,1000
0.0,56,16,HORIZON_1,1,0.236,0,3000,1000
0.0,56,16,HORIZON_2,2,0.18,128,3000,1000
0.0,56,16,HORIZON_4,4,0.233,256,3000,1000
0.0,56,16,HORIZON_8,8,0.271,512,3000,1000
0.0,56,16,HORIZON_16,16,0.228,1024,3000,1000
0.0,56,16,HORIZON_32,32,0.58,2048,3000,1000
0.0,56,16,HORIZON_64,64,0.553,4096,3000,1000
0.0,56,16,ELIGIBILITY_TRACE,,0.539,64,3000,1000
0.0,56,16,EXACT_REPLAY,,0.754,1024,3000,1000
0.0,56,64,HORIZON_1,1,0.196,0,3000,1000
0.0,56,64,HORIZON_2,2,0.22,128,3000,1000
0.0,56,64,HORIZON_4,4,0.172,256,3000,1000
0.0,56,64,HORIZON_8,8,0.175,512,3000,1000
0.0,56,64,HORIZON_16,16,0.206,1024,3000,1000
0.0,56,64,HORIZON_32,32,0.193,2048,3000,1000
0.0,56,64,HORIZON_64,64,0.191,4096,3000,1000
0.0,56,64,ELIGIBILITY_TRACE,,0.292,64,3000,1000
0.0,56,64,EXACT_REPLAY,,0.754,4096,3000,1000
0.0,57,4,HORIZON_1,1,0.188,0,3000,1000
0.0,57,4,HORIZON_2,2,0.193,128,3000,1000
0.0,57,4,HORIZON_4,4,0.204,256,3000,1000
0.0,57,4,HORIZON_8,8,0.705,512,3000,1000
0.0,57,4,HORIZON_16,16,0.685,1024,3000,1000
0.0,57,4,HORIZON_32,32,0.647,2048,3000,1000
0.0,57,4,HORIZON_64,64,0.653,4096,3000,1000
0.0,57,4,ELIGIBILITY_TRACE,,0.607,64,3000,1000
0.0,57,4,EXACT_REPLAY,,0.753,256,3000,1000
0.0,57,16,HORIZON_1,1,0.197,0,3000,1000
0.0,57,16,HORIZON_2,2,0.227,128,3000,1000
0.0,57,16,HORIZON_4,4,0.243,256,3000,1000
0.0,57,16,HORIZON_8,8,0.24,512,3000,1000
0.0,57,16,HORIZON_16,16,0.224,1024,3000,1000
0.0,57,16,HORIZON_32,32,0.612,2048,3000,1000
0.0,57,16,HORIZON_64,64,0.598,4096,3000,1000
0.0,57,16,ELIGIBILITY_TRACE,,0.565,64,3000,1000
0.0,57,16,EXACT_REPLAY,,0.753,1024,3000,1000
0.0,57,64,HORIZON_1,1,0.182,0,3000,1000
0.0,57,64,HORIZON_2,2,0.21,128,3000,1000
0.0,57,64,HORIZON_4,4,0.194,256,3000,1000
0.0,57,64,HORIZON_8,8,0.229,512,3000,1000
0.0,57,64,HORIZON_16,16,0.247,1024,3000,1000
0.0,57,64,HORIZON_32,32,0.288,2048,3000,1000
0.0,57,64,HORIZON_64,64,0.263,4096,3000,1000
0.0,57,64,ELIGIBILITY_TRACE,,0.404,64,3000,1000
0.0,57,64,EXACT_REPLAY,,0.753,4096,3000,1000
0.0,58,4,HORIZON_1,1,0.236,0,3000,1000
0.0,58,4,HORIZON_2,2,0.224,128,3000,1000
0.0,58,4,HORIZON_4,4,0.255,256,3000,1000
0.0,58,4,HORIZON_8,8,0.665,512,3000,1000
0.0,58,4,HORIZON_16,16,0.646,1024,3000,1000
0.0,58,4,HORIZON_32,32,0.618,2048,3000,1000
0.0,58,4,HORIZON_64,64,0.581,4096,3000,1000
0.0,58,4,ELIGIBILITY_TRACE,,0.563,64,3000,1000
0.0,58,4,EXACT_REPLAY,,0.712,256,3000,1000
0.0,58,16,HORIZON_1,1,0.23,0,3000,1000
0.0,58,16,HORIZON_2,2,0.267,128,3000,1000
0.0,58,16,HORIZON_4,4,0.235,256,3000,1000
0.0,58,16,HORIZON_8,8,0.251,512,3000,1000
0.0,58,16,HORIZON_16,16,0.276,1024,3000,1000
0.0,58,16,HORIZON_32,32,0.574,2048,3000,1000
0.0,58,16,HORIZON_64,64,0.516,4096,3000,1000
0.0,58,16,ELIGIBILITY_TRACE,,0.512,64,3000,1000
0.0,58,16,EXACT_REPLAY,,0.712,1024,3000,1000
0.0,58,64,HORIZON_1,1,0.263,0,3000,1000
0.0,58,64,HORIZON_2,2,0.235,128,3000,1000
0.0,58,64,HORIZON_4,4,0.216,256,3000,1000
0.0,58,64,HORIZON_8,8,0.228,512,3000,1000
0.0,58,64,HORIZON_16,16,0.251,1024,3000,1000
0.0,58,64,HORIZON_32,32,0.297,2048,3000,1000
0.0,58,64,HORIZON_64,64,0.291,4096,3000,1000
0.0,58,64,ELIGIBILITY_TRACE,,0.402,64,3000,1000
0.0,58,64,EXACT_REPLAY,,0.712,4096,3000,1000
0.0,59,4,HORIZON_1,1,0.227,0,3000,1000
0.0,59,4,HORIZON_2,2,0.242,128,3000,1000
0.0,59,4,HORIZON_4,4,0.215,256,3000,1000
0.0,59,4,HORIZON_8,8,0.721,512,3000,1000
0.0,59,4,HORIZON_16,16,0.7,1024,3000,1000
0.0,59,4,HORIZON_32,32,0.682,2048,3000,1000
0.0,59,4,HORIZON_64,64,0.659,4096,3000,1000
0.0,59,4,ELIGIBILITY_TRACE,,0.647,64,3000,1000
0.0,59,4,EXACT_REPLAY,,0.782,256,3000,1000
0.0,59,16,HORIZON_1,1,0.254,0,3000,1000
0.0,59,16,HORIZON_2,2,0.248,128,3000,1000
0.0,59,16,HORIZON_4,4,0.268,256,3000,1000
0.0,59,16,HORIZON_8,8,0.248,512,3000,1000
0.0,59,16,HORIZON_16,16,0.296,1024,3000,1000
0.0,59,16,HORIZON_32,32,0.637,2048,3000,1000
0.0,59,16,HORIZON_64,64,0.601,4096,3000,1000
0.0,59,16,ELIGIBILITY_TRACE,,0.582,64,3000,1000
0.0,59,16,EXACT_REPLAY,,0.781,1024,3000,1000
0.0,59,64,HORIZON_1,1,0.215,0,3000,1000
0.0,59,64,HORIZON_2,2,0.206,128,3000,1000
0.0,59,64,HORIZON_4,4,0.299,256,3000,1000
0.0,59,64,HORIZON_8,8,0.361,512,3000,1000
0.0,59,64,HORIZON_16,16,0.276,1024,3000,1000
0.0,59,64,HORIZON_32,32,0.295,2048,3000,1000
0.0,59,64,HORIZON_64,64,0.282,4096,3000,1000
0.0,59,64,ELIGIBILITY_TRACE,,0.4,64,3000,1000
0.0,59,64,EXACT_REPLAY,,0.779,4096,3000,1000
0.5,30,4,HORIZON_1,1,0.437,0,3000,1000
0.5,30,4,HORIZON_2,2,0.495,128,3000,1000
0.5,30,4,HORIZON_4,4,0.679,256,3000,1000
0.5,30,4,HORIZON_8,8,0.706,512,3000,1000
0.5,30,4,HORIZON_16,16,0.7,1024,3000,1000
0.5,30,4,HORIZON_32,32,0.663,2048,3000,1000
0.5,30,4,HORIZON_64,64,0.653,4096,3000,1000
0.5,30,4,ELIGIBILITY_TRACE,,0.636,64,3000,1000
0.5,30,4,EXACT_REPLAY,,0.733,256,3000,1000
0.5,30,16,HORIZON_1,1,0.154,0,3000,1000
0.5,30,16,HORIZON_2,2,0.135,128,3000,1000
0.5,30,16,HORIZON_4,4,0.149,256,3000,1000
0.5,30,16,HORIZON_8,8,0.191,512,3000,1000
0.5,30,16,HORIZON_16,16,0.466,1024,3000,1000
0.5,30,16,HORIZON_32,32,0.625,2048,3000,1000
0.5,30,16,HORIZON_64,64,0.611,4096,3000,1000
0.5,30,16,ELIGIBILITY_TRACE,,0.585,64,3000,1000
0.5,30,16,EXACT_REPLAY,,0.733,1024,3000,1000
0.5,30,64,HORIZON_1,1,0.186,0,3000,1000
0.5,30,64,HORIZON_2,2,0.186,128,3000,1000
0.5,30,64,HORIZON_4,4,0.203,256,3000,1000
0.5,30,64,HORIZON_8,8,0.22,512,3000,1000
0.5,30,64,HORIZON_16,16,0.172,1024,3000,1000
0.5,30,64,HORIZON_32,32,0.18,2048,3000,1000
0.5,30,64,HORIZON_64,64,0.281,4096,3000,1000
0.5,30,64,ELIGIBILITY_TRACE,,0.437,64,3000,1000
0.5,30,64,EXACT_REPLAY,,0.731,4096,3000,1000
0.5,31,4,HORIZON_1,1,0.454,0,3000,1000
0.5,31,4,HORIZON_2,2,0.535,128,3000,1000
0.5,31,4,HORIZON_4,4,0.723,256,3000,1000
0.5,31,4,HORIZON_8,8,0.755,512,3000,1000
0.5,31,4,HORIZON_16,16,0.749,1024,3000,1000
0.5,31,4,HORIZON_32,32,0.726,2048,3000,1000
0.5,31,4,HORIZON_64,64,0.705,4096,3000,1000
0.5,31,4,ELIGIBILITY_TRACE,,0.709,64,3000,1000
0.5,31,4,EXACT_REPLAY,,0.759,256,3000,1000
0.5,31,16,HORIZON_1,1,0.335,0,3000,1000
0.5,31,16,HORIZON_2,2,0.331,128,3000,1000
0.5,31,16,HORIZON_4,4,0.327,256,3000,1000
0.5,31,16,HORIZON_8,8,0.319,512,3000,1000
0.5,31,16,HORIZON_16,16,0.561,1024,3000,1000
0.5,31,16,HORIZON_32,32,0.687,2048,3000,1000
0.5,31,16,HORIZON_64,64,0.665,4096,3000,1000
0.5,31,16,ELIGIBILITY_TRACE,,0.659,64,3000,1000
0.5,31,16,EXACT_REPLAY,,0.759,1024,3000,1000
0.5,31,64,HORIZON_1,1,0.284,0,3000,1000
0.5,31,64,HORIZON_2,2,0.25,128,3000,1000
0.5,31,64,HORIZON_4,4,0.32,256,3000,1000
0.5,31,64,HORIZON_8,8,0.365,512,3000,1000
0.5,31,64,HORIZON_16,16,0.373,1024,3000,1000
0.5,31,64,HORIZON_32,32,0.337,2048,3000,1000
0.5,31,64,HORIZON_64,64,0.418,4096,3000,1000
0.5,31,64,ELIGIBILITY_TRACE,,0.534,64,3000,1000
0.5,31,64,EXACT_REPLAY,,0.759,4096,3000,1000
0.5,32,4,HORIZON_1,1,0.318,0,3000,1000
0.5,32,4,HORIZON_2,2,0.377,128,3000,1000
0.5,32,4,HORIZON_4,4,0.614,256,3000,1000
0.5,32,4,HORIZON_8,8,0.708,512,3000,1000
0.5,32,4,HORIZON_16,16,0.701,1024,3000,1000
0.5,32,4,HORIZON_32,32,0.689,2048,3000,1000
0.5,32,4,HORIZON_64,64,0.663,4096,3000,1000
0.5,32,4,ELIGIBILITY_TRACE,,0.655,64,3000,1000
0.5,32,4,EXACT_REPLAY,,0.748,256,3000,1000
0.5,32,16,HORIZON_1,1,0.246,0,3000,1000
0.5,32,16,HORIZON_2,2,0.22,128,3000,1000
0.5,32,16,HORIZON_4,4,0.23,256,3000,1000
0.5,32,16,HORIZON_8,8,0.3,512,3000,1000
0.5,32,16,HORIZON_16,16,0.548,1024,3000,1000
0.5,32,16,HORIZON_32,32,0.685,2048,3000,1000
0.5,32,16,HORIZON_64,64,0.65,4096,3000,1000
0.5,32,16,ELIGIBILITY_TRACE,,0.646,64,3000,1000
0.5,32,16,EXACT_REPLAY,,0.748,1024,3000,1000
0.5,32,64,HORIZON_1,1,0.196,0,3000,1000
0.5,32,64,HORIZON_2,2,0.279,128,3000,1000
0.5,32,64,HORIZON_4,4,0.292,256,3000,1000
0.5,32,64,HORIZON_8,8,0.307,512,3000,1000
0.5,32,64,HORIZON_16,16,0.335,1024,3000,1000
0.5,32,64,HORIZON_32,32,0.342,2048,3000,1000
0.5,32,64,HORIZON_64,64,0.404,4096,3000,1000
0.5,32,64,ELIGIBILITY_TRACE,,0.468,64,3000,1000
0.5,32,64,EXACT_REPLAY,,0.747,4096,3000,1000
0.5,33,4,HORIZON_1,1,0.355,0,3000,1000
0.5,33,4,HORIZON_2,2,0.43,128,3000,1000
0.5,33,4,HORIZON_4,4,0.693,256,3000,1000
0.5,33,4,HORIZON_8,8,0.761,512,3000,1000
0.5,33,4,HORIZON_16,16,0.728,1024,3000,1000
0.5,33,4,HORIZON_32,32,0.722,2048,3000,1000
0.5,33,4,HORIZON_64,64,0.667,4096,3000,1000
0.5,33,4,ELIGIBILITY_TRACE,,0.671,64,3000,1000
0.5,33,4,EXACT_REPLAY,,0.764,256,3000,1000
0.5,33,16,HORIZON_1,1,0.261,0,3000,1000
0.5,33,16,HORIZON_2,2,0.234,128,3000,1000
0.5,33,16,HORIZON_4,4,0.193,256,3000,1000
0.5,33,16,HORIZON_8,8,0.206,512,3000,1000
0.5,33,16,HORIZON_16,16,0.477,1024,3000,1000
0.5,33,16,HORIZON_32,32,0.655,2048,3000,1000
0.5,33,16,HORIZON_64,64,0.667,4096,3000,1000
0.5,33,16,ELIGIBILITY_TRACE,,0.654,64,3000,1000
0.5,33,16,EXACT_REPLAY,,0.764,1024,3000,1000
0.5,33,64,HORIZON_1,1,0.351,0,3000,1000
0.5,33,64,HORIZON_2,2,0.338,128,3000,1000
0.5,33,64,HORIZON_4,4,0.342,256,3000,1000
0.5,33,64,HORIZON_8,8,0.313,512,3000,1000
0.5,33,64,HORIZON_16,16,0.229,1024,3000,1000
0.5,33,64,HORIZON_32,32,0.192,2048,3000,1000
0.5,33,64,HORIZON_64,64,0.258,4096,3000,1000
0.5,33,64,ELIGIBILITY_TRACE,,0.395,64,3000,1000
0.5,33,64,EXACT_REPLAY,,0.764,4096,3000,1000
0.5,34,4,HORIZON_1,1,0.398,0,3000,1000
0.5,34,4,HORIZON_2,2,0.456,128,3000,1000
0.5,34,4,HORIZON_4,4,0.654,256,3000,1000
0.5,34,4,HORIZON_8,8,0.704,512,3000,1000
0.5,34,4,HORIZON_16,16,0.678,1024,3000,1000
0.5,34,4,HORIZON_32,32,0.639,2048,3000,1000
0.5,34,4,HORIZON_64,64,0.613,4096,3000,1000
0.5,34,4,ELIGIBILITY_TRACE,,0.606,64,3000,1000
0.5,34,4,EXACT_REPLAY,,0.742,256,3000,1000
0.5,34,16,HORIZON_1,1,0.253,0,3000,1000
0.5,34,16,HORIZON_2,2,0.231,128,3000,1000
0.5,34,16,HORIZON_4,4,0.212,256,3000,1000
0.5,34,16,HORIZON_8,8,0.226,512,3000,1000
0.5,34,16,HORIZON_16,16,0.529,1024,3000,1000
0.5,34,16,HORIZON_32,32,0.648,2048,3000,1000
0.5,34,16,HORIZON_64,64,0.609,4096,3000,1000
0.5,34,16,ELIGIBILITY_TRACE,,0.592,64,3000,1000
0.5,34,16,EXACT_REPLAY,,0.742,1024,3000,1000
0.5,34,64,HORIZON_1,1,0.245,0,3000,1000
0.5,34,64,HORIZON_2,2,0.279,128,3000,1000
0.5,34,64,HORIZON_4,4,0.242,256,3000,1000
0.5,34,64,HORIZON_8,8,0.269,512,3000,1000
0.5,34,64,HORIZON_16,16,0.274,1024,3000,1000
0.5,34,64,HORIZON_32,32,0.27,2048,3000,1000
0.5,34,64,HORIZON_64,64,0.305,4096,3000,1000
0.5,34,64,ELIGIBILITY_TRACE,,0.385,64,3000,1000
0.5,34,64,EXACT_REPLAY,,0.739,4096,3000,1000
0.5,35,4,HORIZON_1,1,0.311,0,3000,1000
0.5,35,4,HORIZON_2,2,0.434,128,3000,1000
0.5,35,4,HORIZON_4,4,0.675,256,3000,1000
0.5,35,4,HORIZON_8,8,0.746,512,3000,1000
0.5,35,4,HORIZON_16,16,0.738,1024,3000,1000
0.5,35,4,HORIZON_32,32,0.694,2048,3000,1000
0.5,35,4,HORIZON_64,64,0.689,4096,3000,1000
0.5,35,4,ELIGIBILITY_TRACE,,0.685,64,3000,1000
0.5,35,4,EXACT_REPLAY,,0.768,256,3000,1000
0.5,35,16,HORIZON_1,1,0.169,0,3000,1000
0.5,35,16,HORIZON_2,2,0.164,128,3000,1000
0.5,35,16,HORIZON_4,4,0.191,256,3000,1000
0.5,35,16,HORIZON_8,8,0.225,512,3000,1000
0.5,35,16,HORIZON_16,16,0.425,1024,3000,1000
0.5,35,16,HORIZON_32,32,0.643,2048,3000,1000
0.5,35,16,HORIZON_64,64,0.611,4096,3000,1000
0.5,35,16,ELIGIBILITY_TRACE,,0.6,64,3000,1000
0.5,35,16,EXACT_REPLAY,,0.769,1024,3000,1000
0.5,35,64,HORIZON_1,1,0.174,0,3000,1000
0.5,35,64,HORIZON_2,2,0.181,128,3000,1000
0.5,35,64,HORIZON_4,4,0.159,256,3000,1000
0.5,35,64,HORIZON_8,8,0.155,512,3000,1000
0.5,35,64,HORIZON_16,16,0.144,1024,3000,1000
0.5,35,64,HORIZON_32,32,0.131,2048,3000,1000
0.5,35,64,HORIZON_64,64,0.17,4096,3000,1000
0.5,35,64,ELIGIBILITY_TRACE,,0.271,64,3000,1000
0.5,35,64,EXACT_REPLAY,,0.768,4096,3000,1000
0.5,36,4,HORIZON_1,1,0.432,0,3000,1000
0.5,36,4,HORIZON_2,2,0.53,128,3000,1000
0.5,36,4,HORIZON_4,4,0.69,256,3000,1000
0.5,36,4,HORIZON_8,8,0.754,512,3000,1000
0.5,36,4,HORIZON_16,16,0.733,1024,3000,1000
0.5,36,4,HORIZON_32,32,0.692,2048,3000,1000
0.5,36,4,HORIZON_64,64,0.66,4096,3000,1000
0.5,36,4,ELIGIBILITY_TRACE,,0.675,64,3000,1000
0.5,36,4,EXACT_REPLAY,,0.784,256,3000,1000
0.5,36,16,HORIZON_1,1,0.278,0,3000,1000
0.5,36,16,HORIZON_2,2,0.313,128,3000,1000
0.5,36,16,HORIZON_4,4,0.297,256,3000,1000
0.5,36,16,HORIZON_8,8,0.279,512,3000,1000
0.5,36,16,HORIZON_16,16,0.516,1024,3000,1000
0.5,36,16,HORIZON_32,32,0.662,2048,3000,1000
0.5,36,16,HORIZON_64,64,0.629,4096,3000,1000
0.5,36,16,ELIGIBILITY_TRACE,,0.628,64,3000,1000
0.5,36,16,EXACT_REPLAY,,0.784,1024,3000,1000
0.5,36,64,HORIZON_1,1,0.312,0,3000,1000
0.5,36,64,HORIZON_2,2,0.339,128,3000,1000
0.5,36,64,HORIZON_4,4,0.302,256,3000,1000
0.5,36,64,HORIZON_8,8,0.266,512,3000,1000
0.5,36,64,HORIZON_16,16,0.303,1024,3000,1000
0.5,36,64,HORIZON_32,32,0.276,2048,3000,1000
0.5,36,64,HORIZON_64,64,0.329,4096,3000,1000
0.5,36,64,ELIGIBILITY_TRACE,,0.45,64,3000,1000
0.5,36,64,EXACT_REPLAY,,0.784,4096,3000,1000
0.5,37,4,HORIZON_1,1,0.426,0,3000,1000
0.5,37,4,HORIZON_2,2,0.501,128,3000,1000
0.5,37,4,HORIZON_4,4,0.659,256,3000,1000
0.5,37,4,HORIZON_8,8,0.723,512,3000,1000
0.5,37,4,HORIZON_16,16,0.694,1024,3000,1000
0.5,37,4,HORIZON_32,32,0.657,2048,3000,1000
0.5,37,4,HORIZON_64,64,0.623,4096,3000,1000
0.5,37,4,ELIGIBILITY_TRACE,,0.599,64,3000,1000
0.5,37,4,EXACT_REPLAY,,0.733,256,3000,1000
0.5,37,16,HORIZON_1,1,0.224,0,3000,1000
0.5,37,16,HORIZON_2,2,0.248,128,3000,1000
0.5,37,16,HORIZON_4,4,0.266,256,3000,1000
0.5,37,16,HORIZON_8,8,0.262,512,3000,1000
0.5,37,16,HORIZON_16,16,0.468,1024,3000,1000
0.5,37,16,HORIZON_32,32,0.59,2048,3000,1000
0.5,37,16,HORIZON_64,64,0.589,4096,3000,1000
0.5,37,16,ELIGIBILITY_TRACE,,0.577,64,3000,1000
0.5,37,16,EXACT_REPLAY,,0.733,1024,3000,1000
0.5,37,64,HORIZON_1,1,0.288,0,3000,1000
0.5,37,64,HORIZON_2,2,0.256,128,3000,1000
0.5,37,64,HORIZON_4,4,0.236,256,3000,1000
0.5,37,64,HORIZON_8,8,0.27,512,3000,1000
0.5,37,64,HORIZON_16,16,0.238,1024,3000,1000
0.5,37,64,HORIZON_32,32,0.248,2048,3000,1000
0.5,37,64,HORIZON_64,64,0.328,4096,3000,1000
0.5,37,64,ELIGIBILITY_TRACE,,0.424,64,3000,1000
0.5,37,64,EXACT_REPLAY,,0.731,4096,3000,1000
0.5,38,4,HORIZON_1,1,0.344,0,3000,1000
0.5,38,4,HORIZON_2,2,0.481,128,3000,1000
0.5,38,4,HORIZON_4,4,0.713,256,3000,1000
0.5,38,4,HORIZON_8,8,0.749,512,3000,1000
0.5,38,4,HORIZON_16,16,0.722,1024,3000,1000
0.5,38,4,HORIZON_32,32,0.673,2048,3000,1000
0.5,38,4,HORIZON_64,64,0.648,4096,3000,1000
0.5,38,4,ELIGIBILITY_TRACE,,0.609,64,3000,1000
0.5,38,4,EXACT_REPLAY,,0.772,256,3000,1000
0.5,38,16,HORIZON_1,1,0.236,0,3000,1000
0.5,38,16,HORIZON_2,2,0.281,128,3000,1000
0.5,38,16,HORIZON_4,4,0.299,256,3000,1000
0.5,38,16,HORIZON_8,8,0.232,512,3000,1000
0.5,38,16,HORIZON_16,16,0.496,1024,3000,1000
0.5,38,16,HORIZON_32,32,0.658,2048,3000,1000
0.5,38,16,HORIZON_64,64,0.628,4096,3000,1000
0.5,38,16,ELIGIBILITY_TRACE,,0.583,64,3000,1000
0.5,38,16,EXACT_REPLAY,,0.772,1024,3000,1000
0.5,38,64,HORIZON_1,1,0.227,0,3000,1000
0.5,38,64,HORIZON_2,2,0.236,128,3000,1000
0.5,38,64,HORIZON_4,4,0.239,256,3000,1000
0.5,38,64,HORIZON_8,8,0.214,512,3000,1000
0.5,38,64,HORIZON_16,16,0.227,1024,3000,1000
0.5,38,64,HORIZON_32,32,0.246,2048,3000,1000
0.5,38,64,HORIZON_64,64,0.31,4096,3000,1000
0.5,38,64,ELIGIBILITY_TRACE,,0.382,64,3000,1000
0.5,38,64,EXACT_REPLAY,,0.77,4096,3000,1000
0.5,39,4,HORIZON_1,1,0.426,0,3000,1000
0.5,39,4,HORIZON_2,2,0.479,128,3000,1000
0.5,39,4,HORIZON_4,4,0.641,256,3000,1000
0.5,39,4,HORIZON_8,8,0.707,512,3000,1000
0.5,39,4,HORIZON_16,16,0.684,1024,3000,1000
0.5,39,4,HORIZON_32,32,0.662,2048,3000,1000
0.5,39,4,HORIZON_64,64,0.638,4096,3000,1000
0.5,39,4,ELIGIBILITY_TRACE,,0.614,64,3000,1000
0.5,39,4,EXACT_REPLAY,,0.744,256,3000,1000
0.5,39,16,HORIZON_1,1,0.308,0,3000,1000
0.5,39,16,HORIZON_2,2,0.265,128,3000,1000
0.5,39,16,HORIZON_4,4,0.208,256,3000,1000
0.5,39,16,HORIZON_8,8,0.225,512,3000,1000
0.5,39,16,HORIZON_16,16,0.499,1024,3000,1000
0.5,39,16,HORIZON_32,32,0.653,2048,3000,1000
0.5,39,16,HORIZON_64,64,0.626,4096,3000,1000
0.5,39,16,ELIGIBILITY_TRACE,,0.597,64,3000,1000
0.5,39,16,EXACT_REPLAY,,0.744,1024,3000,1000
0.5,39,64,HORIZON_1,1,0.38,0,3000,1000
0.5,39,64,HORIZON_2,2,0.387,128,3000,1000
0.5,39,64,HORIZON_4,4,0.357,256,3000,1000
0.5,39,64,HORIZON_8,8,0.273,512,3000,1000
0.5,39,64,HORIZON_16,16,0.257,1024,3000,1000
0.5,39,64,HORIZON_32,32,0.308,2048,3000,1000
0.5,39,64,HORIZON_64,64,0.374,4096,3000,1000
0.5,39,64,ELIGIBILITY_TRACE,,0.444,64,3000,1000
0.5,39,64,EXACT_REPLAY,,0.743,4096,3000,1000
0.5,40,4,HORIZON_1,1,0.344,0,3000,1000
0.5,40,4,HORIZON_2,2,0.469,128,3000,1000
0.5,40,4,HORIZON_4,4,0.653,256,3000,1000
0.5,40,4,HORIZON_8,8,0.715,512,3000,1000
0.5,40,4,HORIZON_16,16,0.687,1024,3000,1000
0.5,40,4,HORIZON_32,32,0.664,2048,3000,1000
0.5,40,4,HORIZON_64,64,0.653,4096,3000,1000
0.5,40,4,ELIGIBILITY_TRACE,,0.655,64,3000,1000
0.5,40,4,EXACT_REPLAY,,0.754,256,3000,1000
0.5,40,16,HORIZON_1,1,0.269,0,3000,1000
0.5,40,16,HORIZON_2,2,0.27,128,3000,1000
0.5,40,16,HORIZON_4,4,0.301,256,3000,1000
0.5,40,16,HORIZON_8,8,0.282,512,3000,1000
0.5,40,16,HORIZON_16,16,0.476,1024,3000,1000
0.5,40,16,HORIZON_32,32,0.619,2048,3000,1000
0.5,40,16,HORIZON_64,64,0.58,4096,3000,1000
0.5,40,16,ELIGIBILITY_TRACE,,0.575,64,3000,1000
0.5,40,16,EXACT_REPLAY,,0.754,1024,3000,1000
0.5,40,64,HORIZON_1,1,0.226,0,3000,1000
0.5,40,64,HORIZON_2,2,0.218,128,3000,1000
0.5,40,64,HORIZON_4,4,0.22,256,3000,1000
0.5,40,64,HORIZON_8,8,0.216,512,3000,1000
0.5,40,64,HORIZON_16,16,0.165,1024,3000,1000
0.5,40,64,HORIZON_32,32,0.186,2048,3000,1000
0.5,40,64,HORIZON_64,64,0.292,4096,3000,1000
0.5,40,64,ELIGIBILITY_TRACE,,0.435,64,3000,1000
0.5,40,64,EXACT_REPLAY,,0.754,4096,3000,1000
0.5,41,4,HORIZON_1,1,0.441,0,3000,1000
0.5,41,4,HORIZON_2,2,0.467,128,3000,1000
0.5,41,4,HORIZON_4,4,0.655,256,3000,1000
0.5,41,4,HORIZON_8,8,0.747,512,3000,1000
0.5,41,4,HORIZON_16,16,0.744,1024,3000,1000
0.5,41,4,HORIZON_32,32,0.714,2048,3000,1000
0.5,41,4,HORIZON_64,64,0.706,4096,3000,1000
0.5,41,4,ELIGIBILITY_TRACE,,0.69,64,3000,1000
0.5,41,4,EXACT_REPLAY,,0.767,256,3000,1000
0.5,41,16,HORIZON_1,1,0.184,0,3000,1000
0.5,41,16,HORIZON_2,2,0.199,128,3000,1000
0.5,41,16,HORIZON_4,4,0.217,256,3000,1000
0.5,41,16,HORIZON_8,8,0.253,512,3000,1000
0.5,41,16,HORIZON_16,16,0.528,1024,3000,1000
0.5,41,16,HORIZON_32,32,0.659,2048,3000,1000
0.5,41,16,HORIZON_64,64,0.646,4096,3000,1000
0.5,41,16,ELIGIBILITY_TRACE,,0.632,64,3000,1000
0.5,41,16,EXACT_REPLAY,,0.767,1024,3000,1000
0.5,41,64,HORIZON_1,1,0.249,0,3000,1000
0.5,41,64,HORIZON_2,2,0.203,128,3000,1000
0.5,41,64,HORIZON_4,4,0.173,256,3000,1000
0.5,41,64,HORIZON_8,8,0.185,512,3000,1000
0.5,41,64,HORIZON_16,16,0.235,1024,3000,1000
0.5,41,64,HORIZON_32,32,0.256,2048,3000,1000
0.5,41,64,HORIZON_64,64,0.317,4096,3000,1000
0.5,41,64,ELIGIBILITY_TRACE,,0.412,64,3000,1000
0.5,41,64,EXACT_REPLAY,,0.765,4096,3000,1000
0.5,42,4,HORIZON_1,1,0.399,0,3000,1000
0.5,42,4,HORIZON_2,2,0.472,128,3000,1000
0.5,42,4,HORIZON_4,4,0.626,256,3000,1000
0.5,42,4,HORIZON_8,8,0.683,512,3000,1000
0.5,42,4,HORIZON_16,16,0.641,1024,3000,1000
0.5,42,4,HORIZON_32,32,0.604,2048,3000,1000
0.5,42,4,HORIZON_64,64,0.564,4096,3000,1000
0.5,42,4,ELIGIBILITY_TRACE,,0.551,64,3000,1000
0.5,42,4,EXACT_REPLAY,,0.714,256,3000,1000
0.5,42,16,HORIZON_1,1,0.28,0,3000,1000
0.5,42,16,HORIZON_2,2,0.284,128,3000,1000
0.5,42,16,HORIZON_4,4,0.277,256,3000,1000
0.5,42,16,HORIZON_8,8,0.205,512,3000,1000
0.5,42,16,HORIZON_16,16,0.456,1024,3000,1000
0.5,42,16,HORIZON_32,32,0.574,2048,3000,1000
0.5,42,16,HORIZON_64,64,0.531,4096,3000,1000
0.5,42,16,ELIGIBILITY_TRACE,,0.51,64,3000,1000
0.5,42,16,EXACT_REPLAY,,0.714,1024,3000,1000
0.5,42,64,HORIZON_1,1,0.293,0,3000,1000
0.5,42,64,HORIZON_2,2,0.287,128,3000,1000
0.5,42,64,HORIZON_4,4,0.31,256,3000,1000
0.5,42,64,HORIZON_8,8,0.296,512,3000,1000
0.5,42,64,HORIZON_16,16,0.281,1024,3000,1000
0.5,42,64,HORIZON_32,32,0.262,2048,3000,1000
0.5,42,64,HORIZON_64,64,0.299,4096,3000,1000
0.5,42,64,ELIGIBILITY_TRACE,,0.383,64,3000,1000
0.5,42,64,EXACT_REPLAY,,0.714,4096,3000,1000
0.5,43,4,HORIZON_1,1,0.466,0,3000,1000
0.5,43,4,HORIZON_2,2,0.503,128,3000,1000
0.5,43,4,HORIZON_4,4,0.634,256,3000,1000
0.5,43,4,HORIZON_8,8,0.685,512,3000,1000
0.5,43,4,HORIZON_16,16,0.67,1024,3000,1000
0.5,43,4,HORIZON_32,32,0.658,2048,3000,1000
0.5,43,4,HORIZON_64,64,0.667,4096,3000,1000
0.5,43,4,ELIGIBILITY_TRACE,,0.646,64,3000,1000
0.5,43,4,EXACT_REPLAY,,0.729,256,3000,1000
0.5,43,16,HORIZON_1,1,0.167,0,3000,1000
0.5,43,16,HORIZON_2,2,0.186,128,3000,1000
0.5,43,16,HORIZON_4,4,0.172,256,3000,1000
0.5,43,16,HORIZON_8,8,0.185,512,3000,1000
0.5,43,16,HORIZON_16,16,0.428,1024,3000,1000
0.5,43,16,HORIZON_32,32,0.601,2048,3000,1000
0.5,43,16,HORIZON_64,64,0.591,4096,3000,1000
0.5,43,16,ELIGIBILITY_TRACE,,0.584,64,3000,1000
0.5,43,16,EXACT_REPLAY,,0.728,1024,3000,1000
0.5,43,64,HORIZON_1,1,0.294,0,3000,1000
0.5,43,64,HORIZON_2,2,0.29,128,3000,1000
0.5,43,64,HORIZON_4,4,0.29,256,3000,1000
0.5,43,64,HORIZON_8,8,0.265,512,3000,1000
0.5,43,64,HORIZON_16,16,0.281,1024,3000,1000
0.5,43,64,HORIZON_32,32,0.242,2048,3000,1000
0.5,43,64,HORIZON_64,64,0.246,4096,3000,1000
0.5,43,64,ELIGIBILITY_TRACE,,0.331,64,3000,1000
0.5,43,64,EXACT_REPLAY,,0.728,4096,3000,1000
0.5,44,4,HORIZON_1,1,0.351,0,3000,1000
0.5,44,4,HORIZON_2,2,0.414,128,3000,1000
0.5,44,4,HORIZON_4,4,0.669,256,3000,1000
0.5,44,4,HORIZON_8,8,0.715,512,3000,1000
0.5,44,4,HORIZON_16,16,0.721,1024,3000,1000
0.5,44,4,HORIZON_32,32,0.745,2048,3000,1000
0.5,44,4,HORIZON_64,64,0.68,4096,3000,1000
0.5,44,4,ELIGIBILITY_TRACE,,0.682,64,3000,1000
0.5,44,4,EXACT_REPLAY,,0.75,256,3000,1000
0.5,44,16,HORIZON_1,1,0.243,0,3000,1000
0.5,44,16,HORIZON_2,2,0.236,128,3000,1000
0.5,44,16,HORIZON_4,4,0.242,256,3000,1000
0.5,44,16,HORIZON_8,8,0.237,512,3000,1000
0.5,44,16,HORIZON_16,16,0.499,1024,3000,1000
0.5,44,16,HORIZON_32,32,0.679,2048,3000,1000
0.5,44,16,HORIZON_64,64,0.656,4096,3000,1000
0.5,44,16,ELIGIBILITY_TRACE,,0.65,64,3000,1000
0.5,44,16,EXACT_REPLAY,,0.75,1024,3000,1000
0.5,44,64,HORIZON_1,1,0.215,0,3000,1000
0.5,44,64,HORIZON_2,2,0.209,128,3000,1000
0.5,44,64,HORIZON_4,4,0.239,256,3000,1000
0.5,44,64,HORIZON_8,8,0.294,512,3000,1000
0.5,44,64,HORIZON_16,16,0.246,1024,3000,1000
0.5,44,64,HORIZON_32,32,0.197,2048,3000,1000
0.5,44,64,HORIZON_64,64,0.264,4096,3000,1000
0.5,44,64,ELIGIBILITY_TRACE,,0.351,64,3000,1000
0.5,44,64,EXACT_REPLAY,,0.75,4096,3000,1000
0.5,45,4,HORIZON_1,1,0.314,0,3000,1000
0.5,45,4,HORIZON_2,2,0.387,128,3000,1000
0.5,45,4,HORIZON_4,4,0.701,256,3000,1000
0.5,45,4,HORIZON_8,8,0.769,512,3000,1000
0.5,45,4,HORIZON_16,16,0.735,1024,3000,1000
0.5,45,4,HORIZON_32,32,0.704,2048,3000,1000
0.5,45,4,HORIZON_64,64,0.67,4096,3000,1000
0.5,45,4,ELIGIBILITY_TRACE,,0.645,64,3000,1000
0.5,45,4,EXACT_REPLAY,,0.768,256,3000,1000
0.5,45,16,HORIZON_1,1,0.176,0,3000,1000
0.5,45,16,HORIZON_2,2,0.16,128,3000,1000
0.5,45,16,HORIZON_4,4,0.18,256,3000,1000
0.5,45,16,HORIZON_8,8,0.193,512,3000,1000
0.5,45,16,HORIZON_16,16,0.402,1024,3000,1000
0.5,45,16,HORIZON_32,32,0.655,2048,3000,1000
0.5,45,16,HORIZON_64,64,0.625,4096,3000,1000
0.5,45,16,ELIGIBILITY_TRACE,,0.587,64,3000,1000
0.5,45,16,EXACT_REPLAY,,0.768,1024,3000,1000
0.5,45,64,HORIZON_1,1,0.166,0,3000,1000
0.5,45,64,HORIZON_2,2,0.158,128,3000,1000
0.5,45,64,HORIZON_4,4,0.192,256,3000,1000
0.5,45,64,HORIZON_8,8,0.184,512,3000,1000
0.5,45,64,HORIZON_16,16,0.178,1024,3000,1000
0.5,45,64,HORIZON_32,32,0.204,2048,3000,1000
0.5,45,64,HORIZON_64,64,0.281,4096,3000,1000
0.5,45,64,ELIGIBILITY_TRACE,,0.377,64,3000,1000
0.5,45,64,EXACT_REPLAY,,0.767,4096,3000,1000
0.5,46,4,HORIZON_1,1,0.33,0,3000,1000
0.5,46,4,HORIZON_2,2,0.435,128,3000,1000
0.5,46,4,HORIZON_4,4,0.687,256,3000,1000
0.5,46,4,HORIZON_8,8,0.778,512,3000,1000
0.5,46,4,HORIZON_16,16,0.743,1024,3000,1000
0.5,46,4,HORIZON_32,32,0.716,2048,3000,1000
0.5,46,4,HORIZON_64,64,0.696,4096,3000,1000
0.5,46,4,ELIGIBILITY_TRACE,,0.663,64,3000,1000
0.5,46,4,EXACT_REPLAY,,0.78,256,3000,1000
0.5,46,16,HORIZON_1,1,0.217,0,3000,1000
0.5,46,16,HORIZON_2,2,0.186,128,3000,1000
0.5,46,16,HORIZON_4,4,0.17,256,3000,1000
0.5,46,16,HORIZON_8,8,0.156,512,3000,1000
0.5,46,16,HORIZON_16,16,0.396,1024,3000,1000
0.5,46,16,HORIZON_32,32,0.656,2048,3000,1000
0.5,46,16,HORIZON_64,64,0.628,4096,3000,1000
0.5,46,16,ELIGIBILITY_TRACE,,0.61,64,3000,1000
0.5,46,16,EXACT_REPLAY,,0.78,1024,3000,1000
0.5,46,64,HORIZON_1,1,0.197,0,3000,1000
0.5,46,64,HORIZON_2,2,0.222,128,3000,1000
0.5,46,64,HORIZON_4,4,0.198,256,3000,1000
0.5,46,64,HORIZON_8,8,0.261,512,3000,1000
0.5,46,64,HORIZON_16,16,0.232,1024,3000,1000
0.5,46,64,HORIZON_32,32,0.235,2048,3000,1000
0.5,46,64,HORIZON_64,64,0.285,4096,3000,1000
0.5,46,64,ELIGIBILITY_TRACE,,0.394,64,3000,1000
0.5,46,64,EXACT_REPLAY,,0.778,4096,3000,1000
0.5,47,4,HORIZON_1,1,0.417,0,3000,1000
0.5,47,4,HORIZON_2,2,0.489,128,3000,1000
0.5,47,4,HORIZON_4,4,0.686,256,3000,1000
0.5,47,4,HORIZON_8,8,0.777,512,3000,1000
0.5,47,4,HORIZON_16,16,0.768,1024,3000,1000
0.5,47,4,HORIZON_32,32,0.715,2048,3000,1000
0.5,47,4,HORIZON_64,64,0.69,4096,3000,1000
0.5,47,4,ELIGIBILITY_TRACE,,0.678,64,3000,1000
0.5,47,4,EXACT_REPLAY,,0.799,256,3000,1000
0.5,47,16,HORIZON_1,1,0.281,0,3000,1000
0.5,47,16,HORIZON_2,2,0.261,128,3000,1000
0.5,47,16,HORIZON_4,4,0.287,256,3000,1000
0.5,47,16,HORIZON_8,8,0.251,512,3000,1000
0.5,47,16,HORIZON_16,16,0.514,1024,3000,1000
0.5,47,16,HORIZON_32,32,0.721,2048,3000,1000
0.5,47,16,HORIZON_64,64,0.679,4096,3000,1000
0.5,47,16,ELIGIBILITY_TRACE,,0.652,64,3000,1000
0.5,47,16,EXACT_REPLAY,,0.799,1024,3000,1000
0.5,47,64,HORIZON_1,1,0.242,0,3000,1000
0.5,47,64,HORIZON_2,2,0.228,128,3000,1000
0.5,47,64,HORIZON_4,4,0.26,256,3000,1000
0.5,47,64,HORIZON_8,8,0.287,512,3000,1000
0.5,47,64,HORIZON_16,16,0.314,1024,3000,1000
0.5,47,64,HORIZON_32,32,0.308,2048,3000,1000
0.5,47,64,HORIZON_64,64,0.334,4096,3000,1000
0.5,47,64,ELIGIBILITY_TRACE,,0.418,64,3000,1000
0.5,47,64,EXACT_REPLAY,,0.798,4096,3000,1000
0.5,48,4,HORIZON_1,1,0.31,0,3000,1000
0.5,48,4,HORIZON_2,2,0.382,128,3000,1000
0.5,48,4,HORIZON_4,4,0.69,256,3000,1000
0.5,48,4,HORIZON_8,8,0.729,512,3000,1000
0.5,48,4,HORIZON_16,16,0.704,1024,3000,1000
0.5,48,4,HORIZON_32,32,0.68,2048,3000,1000
0.5,48,4,HORIZON_64,64,0.656,4096,3000,1000
0.5,48,4,ELIGIBILITY_TRACE,,0.659,64,3000,1000
0.5,48,4,EXACT_REPLAY,,0.752,256,3000,1000
0.5,48,16,HORIZON_1,1,0.224,0,3000,1000
0.5,48,16,HORIZON_2,2,0.192,128,3000,1000
0.5,48,16,HORIZON_4,4,0.188,256,3000,1000
0.5,48,16,HORIZON_8,8,0.167,512,3000,1000
0.5,48,16,HORIZON_16,16,0.453,1024,3000,1000
0.5,48,16,HORIZON_32,32,0.663,2048,3000,1000
0.5,48,16,HORIZON_64,64,0.624,4096,3000,1000
0.5,48,16,ELIGIBILITY_TRACE,,0.627,64,3000,1000
0.5,48,16,EXACT_REPLAY,,0.752,1024,3000,1000
0.5,48,64,HORIZON_1,1,0.235,0,3000,1000
0.5,48,64,HORIZON_2,2,0.225,128,3000,1000
0.5,48,64,HORIZON_4,4,0.265,256,3000,1000
0.5,48,64,HORIZON_8,8,0.25,512,3000,1000
0.5,48,64,HORIZON_16,16,0.294,1024,3000,1000
0.5,48,64,HORIZON_32,32,0.298,2048,3000,1000
0.5,48,64,HORIZON_64,64,0.345,4096,3000,1000
0.5,48,64,ELIGIBILITY_TRACE,,0.466,64,3000,1000
0.5,48,64,EXACT_REPLAY,,0.752,4096,3000,1000
0.5,49,4,HORIZON_1,1,0.381,0,3000,1000
0.5,49,4,HORIZON_2,2,0.497,128,3000,1000
0.5,49,4,HORIZON_4,4,0.711,256,3000,1000
0.5,49,4,HORIZON_8,8,0.767,512,3000,1000
0.5,49,4,HORIZON_16,16,0.74,1024,3000,1000
0.5,49,4,HORIZON_32,32,0.699,2048,3000,1000
0.5,49,4,HORIZON_64,64,0.671,4096,3000,1000
0.5,49,4,ELIGIBILITY_TRACE,,0.663,64,3000,1000
0.5,49,4,EXACT_REPLAY,,0.801,256,3000,1000
0.5,49,16,HORIZON_1,1,0.285,0,3000,1000
0.5,49,16,HORIZON_2,2,0.264,128,3000,1000
0.5,49,16,HORIZON_4,4,0.275,256,3000,1000
0.5,49,16,HORIZON_8,8,0.302,512,3000,1000
0.5,49,16,HORIZON_16,16,0.536,1024,3000,1000
0.5,49,16,HORIZON_32,32,0.7,2048,3000,1000
0.5,49,16,HORIZON_64,64,0.644,4096,3000,1000
0.5,49,16,ELIGIBILITY_TRACE,,0.637,64,3000,1000
0.5,49,16,EXACT_REPLAY,,0.801,1024,3000,1000
0.5,49,64,HORIZON_1,1,0.373,0,3000,1000
0.5,49,64,HORIZON_2,2,0.375,128,3000,1000
0.5,49,64,HORIZON_4,4,0.366,256,3000,1000
0.5,49,64,HORIZON_8,8,0.35,512,3000,1000
0.5,49,64,HORIZON_16,16,0.308,1024,3000,1000
0.5,49,64,HORIZON_32,32,0.279,2048,3000,1000
0.5,49,64,HORIZON_64,64,0.342,4096,3000,1000
0.5,49,64,ELIGIBILITY_TRACE,,0.434,64,3000,1000
0.5,49,64,EXACT_REPLAY,,0.801,4096,3000,1000
0.5,50,4,HORIZON_1,1,0.435,0,3000,1000
0.5,50,4,HORIZON_2,2,0.479,128,3000,1000
0.5,50,4,HORIZON_4,4,0.672,256,3000,1000
0.5,50,4,HORIZON_8,8,0.737,512,3000,1000
0.5,50,4,HORIZON_16,16,0.706,1024,3000,1000
0.5,50,4,HORIZON_32,32,0.693,2048,3000,1000
0.5,50,4,HORIZON_64,64,0.676,4096,3000,1000
0.5,50,4,ELIGIBILITY_TRACE,,0.677,64,3000,1000
0.5,50,4,EXACT_REPLAY,,0.736,256,3000,1000
0.5,50,16,HORIZON_1,1,0.216,0,3000,1000
0.5,50,16,HORIZON_2,2,0.237,128,3000,1000
0.5,50,16,HORIZON_4,4,0.223,256,3000,1000
0.5,50,16,HORIZON_8,8,0.26,512,3000,1000
0.5,50,16,HORIZON_16,16,0.559,1024,3000,1000
0.5,50,16,HORIZON_32,32,0.656,2048,3000,1000
0.5,50,16,HORIZON_64,64,0.655,4096,3000,1000
0.5,50,16,ELIGIBILITY_TRACE,,0.651,64,3000,1000
0.5,50,16,EXACT_REPLAY,,0.735,1024,3000,1000
0.5,50,64,HORIZON_1,1,0.273,0,3000,1000
0.5,50,64,HORIZON_2,2,0.288,128,3000,1000
0.5,50,64,HORIZON_4,4,0.29,256,3000,1000
0.5,50,64,HORIZON_8,8,0.226,512,3000,1000
0.5,50,64,HORIZON_16,16,0.245,1024,3000,1000
0.5,50,64,HORIZON_32,32,0.232,2048,3000,1000
0.5,50,64,HORIZON_64,64,0.274,4096,3000,1000
0.5,50,64,ELIGIBILITY_TRACE,,0.391,64,3000,1000
0.5,50,64,EXACT_REPLAY,,0.735,4096,3000,1000
0.5,51,4,HORIZON_1,1,0.388,0,3000,1000
0.5,51,4,HORIZON_2,2,0.475,128,3000,1000
0.5,51,4,HORIZON_4,4,0.71,256,3000,1000
0.5,51,4,HORIZON_8,8,0.739,512,3000,1000
0.5,51,4,HORIZON_16,16,0.734,1024,3000,1000
0.5,51,4,HORIZON_32,32,0.72,2048,3000,1000
0.5,51,4,HORIZON_64,64,0.683,4096,3000,1000
0.5,51,4,ELIGIBILITY_TRACE,,0.684,64,3000,1000
0.5,51,4,EXACT_REPLAY,,0.754,256,3000,1000
0.5,51,16,HORIZON_1,1,0.338,0,3000,1000
0.5,51,16,HORIZON_2,2,0.337,128,3000,1000
0.5,51,16,HORIZON_4,4,0.345,256,3000,1000
0.5,51,16,HORIZON_8,8,0.283,512,3000,1000
0.5,51,16,HORIZON_16,16,0.533,1024,3000,1000
0.5,51,16,HORIZON_32,32,0.656,2048,3000,1000
0.5,51,16,HORIZON_64,64,0.648,4096,3000,1000
0.5,51,16,ELIGIBILITY_TRACE,,0.66,64,3000,1000
0.5,51,16,EXACT_REPLAY,,0.754,1024,3000,1000
0.5,51,64,HORIZON_1,1,0.29,0,3000,1000
0.5,51,64,HORIZON_2,2,0.279,128,3000,1000
0.5,51,64,HORIZON_4,4,0.263,256,3000,1000
0.5,51,64,HORIZON_8,8,0.22,512,3000,1000
0.5,51,64,HORIZON_16,16,0.167,1024,3000,1000
0.5,51,64,HORIZON_32,32,0.174,2048,3000,1000
0.5,51,64,HORIZON_64,64,0.277,4096,3000,1000
0.5,51,64,ELIGIBILITY_TRACE,,0.429,64,3000,1000
0.5,51,64,EXACT_REPLAY,,0.755,4096,3000,1000
0.5,52,4,HORIZON_1,1,0.337,0,3000,1000
0.5,52,4,HORIZON_2,2,0.435,128,3000,1000
0.5,52,4,HORIZON_4,4,0.642,256,3000,1000
0.5,52,4,HORIZON_8,8,0.693,512,3000,1000
0.5,52,4,HORIZON_16,16,0.665,1024,3000,1000
0.5,52,4,HORIZON_32,32,0.644,2048,3000,1000
0.5,52,4,HORIZON_64,64,0.62,4096,3000,1000
0.5,52,4,ELIGIBILITY_TRACE,,0.616,64,3000,1000
0.5,52,4,EXACT_REPLAY,,0.721,256,3000,1000
0.5,52,16,HORIZON_1,1,0.323,0,3000,1000
0.5,52,16,HORIZON_2,2,0.324,128,3000,1000
0.5,52,16,HORIZON_4,4,0.283,256,3000,1000
0.5,52,16,HORIZON_8,8,0.207,512,3000,1000
0.5,52,16,HORIZON_16,16,0.386,1024,3000,1000
0.5,52,16,HORIZON_32,32,0.579,2048,3000,1000
0.5,52,16,HORIZON_64,64,0.528,4096,3000,1000
0.5,52,16,ELIGIBILITY_TRACE,,0.517,64,3000,1000
0.5,52,16,EXACT_REPLAY,,0.721,1024,3000,1000
0.5,52,64,HORIZON_1,1,0.253,0,3000,1000
0.5,52,64,HORIZON_2,2,0.277,128,3000,1000
0.5,52,64,HORIZON_4,4,0.291,256,3000,1000
0.5,52,64,HORIZON_8,8,0.25,512,3000,1000
0.5,52,64,HORIZON_16,16,0.222,1024,3000,1000
0.5,52,64,HORIZON_32,32,0.217,2048,3000,1000
0.5,52,64,HORIZON_64,64,0.253,4096,3000,1000
0.5,52,64,ELIGIBILITY_TRACE,,0.357,64,3000,1000
0.5,52,64,EXACT_REPLAY,,0.72,4096,3000,1000
0.5,53,4,HORIZON_1,1,0.335,0,3000,1000
0.5,53,4,HORIZON_2,2,0.423,128,3000,1000
0.5,53,4,HORIZON_4,4,0.687,256,3000,1000
0.5,53,4,HORIZON_8,8,0.764,512,3000,1000
0.5,53,4,HORIZON_16,16,0.762,1024,3000,1000
0.5,53,4,HORIZON_32,32,0.746,2048,3000,1000
0.5,53,4,HORIZON_64,64,0.706,4096,3000,1000
0.5,53,4,ELIGIBILITY_TRACE,,0.703,64,3000,1000
0.5,53,4,EXACT_REPLAY,,0.805,256,3000,1000
0.5,53,16,HORIZON_1,1,0.251,0,3000,1000
0.5,53,16,HORIZON_2,2,0.238,128,3000,1000
0.5,53,16,HORIZON_4,4,0.244,256,3000,1000
0.5,53,16,HORIZON_8,8,0.203,512,3000,1000
0.5,53,16,HORIZON_16,16,0.37,1024,3000,1000
0.5,53,16,HORIZON_32,32,0.658,2048,3000,1000
0.5,53,16,HORIZON_64,64,0.624,4096,3000,1000
0.5,53,16,ELIGIBILITY_TRACE,,0.625,64,3000,1000
0.5,53,16,EXACT_REPLAY,,0.805,1024,3000,1000
0.5,53,64,HORIZON_1,1,0.151,0,3000,1000
0.5,53,64,HORIZON_2,2,0.136,128,3000,1000
0.5,53,64,HORIZON_4,4,0.166,256,3000,1000
0.5,53,64,HORIZON_8,8,0.157,512,3000,1000
0.5,53,64,HORIZON_16,16,0.169,1024,3000,1000
0.5,53,64,HORIZON_32,32,0.175,2048,3000,1000
0.5,53,64,HORIZON_64,64,0.227,4096,3000,1000
0.5,53,64,ELIGIBILITY_TRACE,,0.361,64,3000,1000
0.5,53,64,EXACT_REPLAY,,0.804,4096,3000,1000
0.5,54,4,HORIZON_1,1,0.404,0,3000,1000
0.5,54,4,HORIZON_2,2,0.479,128,3000,1000
0.5,54,4,HORIZON_4,4,0.652,256,3000,1000
0.5,54,4,HORIZON_8,8,0.742,512,3000,1000
0.5,54,4,HORIZON_16,16,0.738,1024,3000,1000
0.5,54,4,HORIZON_32,32,0.696,2048,3000,1000
0.5,54,4,HORIZON_64,64,0.65,4096,3000,1000
0.5,54,4,ELIGIBILITY_TRACE,,0.647,64,3000,1000
0.5,54,4,EXACT_REPLAY,,0.758,256,3000,1000
0.5,54,16,HORIZON_1,1,0.118,0,3000,1000
0.5,54,16,HORIZON_2,2,0.132,128,3000,1000
0.5,54,16,HORIZON_4,4,0.102,256,3000,1000
0.5,54,16,HORIZON_8,8,0.138,512,3000,1000
0.5,54,16,HORIZON_16,16,0.454,1024,3000,1000
0.5,54,16,HORIZON_32,32,0.708,2048,3000,1000
0.5,54,16,HORIZON_64,64,0.642,4096,3000,1000
0.5,54,16,ELIGIBILITY_TRACE,,0.616,64,3000,1000
0.5,54,16,EXACT_REPLAY,,0.758,1024,3000,1000
0.5,54,64,HORIZON_1,1,0.198,0,3000,1000
0.5,54,64,HORIZON_2,2,0.215,128,3000,1000
0.5,54,64,HORIZON_4,4,0.233,256,3000,1000
0.5,54,64,HORIZON_8,8,0.227,512,3000,1000
0.5,54,64,HORIZON_16,16,0.253,1024,3000,1000
0.5,54,64,HORIZON_32,32,0.226,2048,3000,1000
0.5,54,64,HORIZON_64,64,0.257,4096,3000,1000
0.5,54,64,ELIGIBILITY_TRACE,,0.376,64,3000,1000
0.5,54,64,EXACT_REPLAY,,0.758,4096,3000,1000
0.5,55,4,HORIZON_1,1,0.333,0,3000,1000
0.5,55,4,HORIZON_2,2,0.389,128,3000,1000
0.5,55,4,HORIZON_4,4,0.647,256,3000,1000
0.5,55,4,HORIZON_8,8,0.747,512,3000,1000
0.5,55,4,HORIZON_16,16,0.724,1024,3000,1000
0.5,55,4,HORIZON_32,32,0.685,2048,3000,1000
0.5,55,4,HORIZON_64,64,0.673,4096,3000,1000
0.5,55,4,ELIGIBILITY_TRACE,,0.643,64,3000,1000
0.5,55,4,EXACT_REPLAY,,0.787,256,3000,1000
0.5,55,16,HORIZON_1,1,0.262,0,3000,1000
0.5,55,16,HORIZON_2,2,0.253,128,3000,1000
0.5,55,16,HORIZON_4,4,0.257,256,3000,1000
0.5,55,16,HORIZON_8,8,0.271,512,3000,1000
0.5,55,16,HORIZON_16,16,0.458,1024,3000,1000
0.5,55,16,HORIZON_32,32,0.634,2048,3000,1000
0.5,55,16,HORIZON_64,64,0.624,4096,3000,1000
0.5,55,16,ELIGIBILITY_TRACE,,0.599,64,3000,1000
0.5,55,16,EXACT_REPLAY,,0.787,1024,3000,1000
0.5,55,64,HORIZON_1,1,0.185,0,3000,1000
0.5,55,64,HORIZON_2,2,0.18,128,3000,1000
0.5,55,64,HORIZON_4,4,0.216,256,3000,1000
0.5,55,64,HORIZON_8,8,0.221,512,3000,1000
0.5,55,64,HORIZON_16,16,0.272,1024,3000,1000
0.5,55,64,HORIZON_32,32,0.279,2048,3000,1000
0.5,55,64,HORIZON_64,64,0.304,4096,3000,1000
0.5,55,64,ELIGIBILITY_TRACE,,0.396,64,3000,1000
0.5,55,64,EXACT_REPLAY,,0.787,4096,3000,1000
0.5,56,4,HORIZON_1,1,0.363,0,3000,1000
0.5,56,4,HORIZON_2,2,0.434,128,3000,1000
0.5,56,4,HORIZON_4,4,0.629,256,3000,1000
0.5,56,4,HORIZON_8,8,0.685,512,3000,1000
0.5,56,4,HORIZON_16,16,0.646,1024,3000,1000
0.5,56,4,HORIZON_32,32,0.619,2048,3000,1000
0.5,56,4,HORIZON_64,64,0.583,4096,3000,1000
0.5,56,4,ELIGIBILITY_TRACE,,0.599,64,3000,1000
0.5,56,4,EXACT_REPLAY,,0.723,256,3000,1000
0.5,56,16,HORIZON_1,1,0.247,0,3000,1000
0.5,56,16,HORIZON_2,2,0.192,128,3000,1000
0.5,56,16,HORIZON_4,4,0.171,256,3000,1000
0.5,56,16,HORIZON_8,8,0.195,512,3000,1000
0.5,56,16,HORIZON_16,16,0.449,1024,3000,1000
0.5,56,16,HORIZON_32,32,0.597,2048,3000,1000
0.5,56,16,HORIZON_64,64,0.547,4096,3000,1000
0.5,56,16,ELIGIBILITY_TRACE,,0.543,64,3000,1000
0.5,56,16,EXACT_REPLAY,,0.723,1024,3000,1000
0.5,56,64,HORIZON_1,1,0.198,0,3000,1000
0.5,56,64,HORIZON_2,2,0.186,128,3000,1000
0.5,56,64,HORIZON_4,4,0.23,256,3000,1000
0.5,56,64,HORIZON_8,8,0.272,512,3000,1000
0.5,56,64,HORIZON_16,16,0.321,1024,3000,1000
0.5,56,64,HORIZON_32,32,0.264,2048,3000,1000
0.5,56,64,HORIZON_64,64,0.316,4096,3000,1000
0.5,56,64,ELIGIBILITY_TRACE,,0.414,64,3000,1000
0.5,56,64,EXACT_REPLAY,,0.723,4096,3000,1000
0.5,57,4,HORIZON_1,1,0.47,0,3000,1000
0.5,57,4,HORIZON_2,2,0.5,128,3000,1000
0.5,57,4,HORIZON_4,4,0.602,256,3000,1000
0.5,57,4,HORIZON_8,8,0.698,512,3000,1000
0.5,57,4,HORIZON_16,16,0.675,1024,3000,1000
0.5,57,4,HORIZON_32,32,0.659,2048,3000,1000
0.5,57,4,HORIZON_64,64,0.631,4096,3000,1000
0.5,57,4,ELIGIBILITY_TRACE,,0.619,64,3000,1000
0.5,57,4,EXACT_REPLAY,,0.71,256,3000,1000
0.5,57,16,HORIZON_1,1,0.209,0,3000,1000
0.5,57,16,HORIZON_2,2,0.214,128,3000,1000
0.5,57,16,HORIZON_4,4,0.235,256,3000,1000
0.5,57,16,HORIZON_8,8,0.207,512,3000,1000
0.5,57,16,HORIZON_16,16,0.399,1024,3000,1000
0.5,57,16,HORIZON_32,32,0.591,2048,3000,1000
0.5,57,16,HORIZON_64,64,0.555,4096,3000,1000
0.5,57,16,ELIGIBILITY_TRACE,,0.556,64,3000,1000
0.5,57,16,EXACT_REPLAY,,0.71,1024,3000,1000
0.5,57,64,HORIZON_1,1,0.24,0,3000,1000
0.5,57,64,HORIZON_2,2,0.232,128,3000,1000
0.5,57,64,HORIZON_4,4,0.245,256,3000,1000
0.5,57,64,HORIZON_8,8,0.285,512,3000,1000
0.5,57,64,HORIZON_16,16,0.288,1024,3000,1000
0.5,57,64,HORIZON_32,32,0.379,2048,3000,1000
0.5,57,64,HORIZON_64,64,0.395,4096,3000,1000
0.5,57,64,ELIGIBILITY_TRACE,,0.488,64,3000,1000
0.5,57,64,EXACT_REPLAY,,0.709,4096,3000,1000
0.5,58,4,HORIZON_1,1,0.354,0,3000,1000
0.5,58,4,HORIZON_2,2,0.439,128,3000,1000
0.5,58,4,HORIZON_4,4,0.65,256,3000,1000
0.5,58,4,HORIZON_8,8,0.702,512,3000,1000
0.5,58,4,HORIZON_16,16,0.707,1024,3000,1000
0.5,58,4,HORIZON_32,32,0.694,2048,3000,1000
0.5,58,4,HORIZON_64,64,0.656,4096,3000,1000
0.5,58,4,ELIGIBILITY_TRACE,,0.645,64,3000,1000
0.5,58,4,EXACT_REPLAY,,0.729,256,3000,1000
0.5,58,16,HORIZON_1,1,0.229,0,3000,1000
0.5,58,16,HORIZON_2,2,0.22,128,3000,1000
0.5,58,16,HORIZON_4,4,0.202,256,3000,1000
0.5,58,16,HORIZON_8,8,0.168,512,3000,1000
0.5,58,16,HORIZON_16,16,0.44,1024,3000,1000
0.5,58,16,HORIZON_32,32,0.631,2048,3000,1000
0.5,58,16,HORIZON_64,64,0.593,4096,3000,1000
0.5,58,16,ELIGIBILITY_TRACE,,0.577,64,3000,1000
0.5,58,16,EXACT_REPLAY,,0.729,1024,3000,1000
0.5,58,64,HORIZON_1,1,0.289,0,3000,1000
0.5,58,64,HORIZON_2,2,0.297,128,3000,1000
0.5,58,64,HORIZON_4,4,0.271,256,3000,1000
0.5,58,64,HORIZON_8,8,0.265,512,3000,1000
0.5,58,64,HORIZON_16,16,0.354,1024,3000,1000
0.5,58,64,HORIZON_32,32,0.325,2048,3000,1000
0.5,58,64,HORIZON_64,64,0.38,4096,3000,1000
0.5,58,64,ELIGIBILITY_TRACE,,0.455,64,3000,1000
0.5,58,64,EXACT_REPLAY,,0.73,4096,3000,1000
0.5,59,4,HORIZON_1,1,0.345,0,3000,1000
0.5,59,4,HORIZON_2,2,0.421,128,3000,1000
0.5,59,4,HORIZON_4,4,0.64,256,3000,1000
0.5,59,4,HORIZON_8,8,0.697,512,3000,1000
0.5,59,4,HORIZON_16,16,0.66,1024,3000,1000
0.5,59,4,HORIZON_32,32,0.622,2048,3000,1000
0.5,59,4,HORIZON_64,64,0.606,4096,3000,1000
0.5,59,4,ELIGIBILITY_TRACE,,0.609,64,3000,1000
0.5,59,4,EXACT_REPLAY,,0.732,256,3000,1000
0.5,59,16,HORIZON_1,1,0.239,0,3000,1000
0.5,59,16,HORIZON_2,2,0.22,128,3000,1000
0.5,59,16,HORIZON_4,4,0.222,256,3000,1000
0.5,59,16,HORIZON_8,8,0.238,512,3000,1000
0.5,59,16,HORIZON_16,16,0.467,1024,3000,1000
0.5,59,16,HORIZON_32,32,0.607,2048,3000,1000
0.5,59,16,HORIZON_64,64,0.562,4096,3000,1000
0.5,59,16,ELIGIBILITY_TRACE,,0.548,64,3000,1000
0.5,59,16,EXACT_REPLAY,,0.732,1024,3000,1000
0.5,59,64,HORIZON_1,1,0.227,0,3000,1000
0.5,59,64,HORIZON_2,2,0.321,128,3000,1000
0.5,59,64,HORIZON_4,4,0.297,256,3000,1000
0.5,59,64,HORIZON_8,8,0.293,512,3000,1000
0.5,59,64,HORIZON_16,16,0.271,1024,3000,1000
0.5,59,64,HORIZON_32,32,0.268,2048,3000,1000
0.5,59,64,HORIZON_64,64,0.349,4096,3000,1000
0.5,59,64,ELIGIBILITY_TRACE,,0.44,64,3000,1000
0.5,59,64,EXACT_REPLAY,,0.731,4096,3000,1000
0.9,30,4,HORIZON_1,1,0.732,0,3000,1000
0.9,30,4,HORIZON_2,2,0.734,128,3000,1000
0.9,30,4,HORIZON_4,4,0.747,256,3000,1000
0.9,30,4,HORIZON_8,8,0.76,512,3000,1000
0.9,30,4,HORIZON_16,16,0.751,1024,3000,1000
0.9,30,4,HORIZON_32,32,0.709,2048,3000,1000
0.9,30,4,HORIZON_64,64,0.679,4096,3000,1000
0.9,30,4,ELIGIBILITY_TRACE,,0.674,64,3000,1000
0.9,30,4,EXACT_REPLAY,,0.76,256,3000,1000
0.9,30,16,HORIZON_1,1,0.508,0,3000,1000
0.9,30,16,HORIZON_2,2,0.53,128,3000,1000
0.9,30,16,HORIZON_4,4,0.572,256,3000,1000
0.9,30,16,HORIZON_8,8,0.638,512,3000,1000
0.9,30,16,HORIZON_16,16,0.724,1024,3000,1000
0.9,30,16,HORIZON_32,32,0.754,2048,3000,1000
0.9,30,16,HORIZON_64,64,0.714,4096,3000,1000
0.9,30,16,ELIGIBILITY_TRACE,,0.692,64,3000,1000
0.9,30,16,EXACT_REPLAY,,0.761,1024,3000,1000
0.9,30,64,HORIZON_1,1,0.129,0,3000,1000
0.9,30,64,HORIZON_2,2,0.13,128,3000,1000
0.9,30,64,HORIZON_4,4,0.133,256,3000,1000
0.9,30,64,HORIZON_8,8,0.13,512,3000,1000
0.9,30,64,HORIZON_16,16,0.155,1024,3000,1000
0.9,30,64,HORIZON_32,32,0.197,2048,3000,1000
0.9,30,64,HORIZON_64,64,0.389,4096,3000,1000
0.9,30,64,ELIGIBILITY_TRACE,,0.509,64,3000,1000
0.9,30,64,EXACT_REPLAY,,0.761,4096,3000,1000
0.9,31,4,HORIZON_1,1,0.694,0,3000,1000
0.9,31,4,HORIZON_2,2,0.699,128,3000,1000
0.9,31,4,HORIZON_4,4,0.713,256,3000,1000
0.9,31,4,HORIZON_8,8,0.725,512,3000,1000
0.9,31,4,HORIZON_16,16,0.708,1024,3000,1000
0.9,31,4,HORIZON_32,32,0.673,2048,3000,1000
0.9,31,4,HORIZON_64,64,0.657,4096,3000,1000
0.9,31,4,ELIGIBILITY_TRACE,,0.644,64,3000,1000
0.9,31,4,EXACT_REPLAY,,0.738,256,3000,1000
0.9,31,16,HORIZON_1,1,0.393,0,3000,1000
0.9,31,16,HORIZON_2,2,0.421,128,3000,1000
0.9,31,16,HORIZON_4,4,0.437,256,3000,1000
0.9,31,16,HORIZON_8,8,0.501,512,3000,1000
0.9,31,16,HORIZON_16,16,0.635,1024,3000,1000
0.9,31,16,HORIZON_32,32,0.685,2048,3000,1000
0.9,31,16,HORIZON_64,64,0.659,4096,3000,1000
0.9,31,16,ELIGIBILITY_TRACE,,0.66,64,3000,1000
0.9,31,16,EXACT_REPLAY,,0.737,1024,3000,1000
0.9,31,64,HORIZON_1,1,0.254,0,3000,1000
0.9,31,64,HORIZON_2,2,0.263,128,3000,1000
0.9,31,64,HORIZON_4,4,0.274,256,3000,1000
0.9,31,64,HORIZON_8,8,0.278,512,3000,1000
0.9,31,64,HORIZON_16,16,0.283,1024,3000,1000
0.9,31,64,HORIZON_32,32,0.311,2048,3000,1000
0.9,31,64,HORIZON_64,64,0.408,4096,3000,1000
0.9,31,64,ELIGIBILITY_TRACE,,0.483,64,3000,1000
0.9,31,64,EXACT_REPLAY,,0.738,4096,3000,1000
0.9,32,4,HORIZON_1,1,0.628,0,3000,1000
0.9,32,4,HORIZON_2,2,0.635,128,3000,1000
0.9,32,4,HORIZON_4,4,0.655,256,3000,1000
0.9,32,4,HORIZON_8,8,0.666,512,3000,1000
0.9,32,4,HORIZON_16,16,0.654,1024,3000,1000
0.9,32,4,HORIZON_32,32,0.628,2048,3000,1000
0.9,32,4,HORIZON_64,64,0.623,4096,3000,1000
0.9,32,4,ELIGIBILITY_TRACE,,0.605,64,3000,1000
0.9,32,4,EXACT_REPLAY,,0.687,256,3000,1000
0.9,32,16,HORIZON_1,1,0.419,0,3000,1000
0.9,32,16,HORIZON_2,2,0.424,128,3000,1000
0.9,32,16,HORIZON_4,4,0.45,256,3000,1000
0.9,32,16,HORIZON_8,8,0.491,512,3000,1000
0.9,32,16,HORIZON_16,16,0.582,1024,3000,1000
0.9,32,16,HORIZON_32,32,0.628,2048,3000,1000
0.9,32,16,HORIZON_64,64,0.62,4096,3000,1000
0.9,32,16,ELIGIBILITY_TRACE,,0.6,64,3000,1000
0.9,32,16,EXACT_REPLAY,,0.686,1024,3000,1000
0.9,32,64,HORIZON_1,1,0.183,0,3000,1000
0.9,32,64,HORIZON_2,2,0.182,128,3000,1000
0.9,32,64,HORIZON_4,4,0.172,256,3000,1000
0.9,32,64,HORIZON_8,8,0.178,512,3000,1000
0.9,32,64,HORIZON_16,16,0.213,1024,3000,1000
0.9,32,64,HORIZON_32,32,0.201,2048,3000,1000
0.9,32,64,HORIZON_64,64,0.318,4096,3000,1000
0.9,32,64,ELIGIBILITY_TRACE,,0.411,64,3000,1000
0.9,32,64,EXACT_REPLAY,,0.687,4096,3000,1000
0.9,33,4,HORIZON_1,1,0.728,0,3000,1000
0.9,33,4,HORIZON_2,2,0.734,128,3000,1000
0.9,33,4,HORIZON_4,4,0.746,256,3000,1000
0.9,33,4,HORIZON_8,8,0.759,512,3000,1000
0.9,33,4,HORIZON_16,16,0.738,1024,3000,1000
0.9,33,4,HORIZON_32,32,0.736,2048,3000,1000
0.9,33,4,HORIZON_64,64,0.703,4096,3000,1000
0.9,33,4,ELIGIBILITY_TRACE,,0.69,64,3000,1000
0.9,33,4,EXACT_REPLAY,,0.782,256,3000,1000
0.9,33,16,HORIZON_1,1,0.48,0,3000,1000
0.9,33,16,HORIZON_2,2,0.494,128,3000,1000
0.9,33,16,HORIZON_4,4,0.523,256,3000,1000
0.9,33,16,HORIZON_8,8,0.562,512,3000,1000
0.9,33,16,HORIZON_16,16,0.672,1024,3000,1000
0.9,33,16,HORIZON_32,32,0.707,2048,3000,1000
0.9,33,16,HORIZON_64,64,0.691,4096,3000,1000
0.9,33,16,ELIGIBILITY_TRACE,,0.68,64,3000,1000
0.9,33,16,EXACT_REPLAY,,0.78,1024,3000,1000
0.9,33,64,HORIZON_1,1,0.251,0,3000,1000
0.9,33,64,HORIZON_2,2,0.244,128,3000,1000
0.9,33,64,HORIZON_4,4,0.24,256,3000,1000
0.9,33,64,HORIZON_8,8,0.235,512,3000,1000
0.9,33,64,HORIZON_16,16,0.239,1024,3000,1000
0.9,33,64,HORIZON_32,32,0.263,2048,3000,1000
0.9,33,64,HORIZON_64,64,0.409,4096,3000,1000
0.9,33,64,ELIGIBILITY_TRACE,,0.482,64,3000,1000
0.9,33,64,EXACT_REPLAY,,0.78,4096,3000,1000
0.9,34,4,HORIZON_1,1,0.727,0,3000,1000
0.9,34,4,HORIZON_2,2,0.737,128,3000,1000
0.9,34,4,HORIZON_4,4,0.742,256,3000,1000
0.9,34,4,HORIZON_8,8,0.745,512,3000,1000
0.9,34,4,HORIZON_16,16,0.741,1024,3000,1000
0.9,34,4,HORIZON_32,32,0.704,2048,3000,1000
0.9,34,4,HORIZON_64,64,0.646,4096,3000,1000
0.9,34,4,ELIGIBILITY_TRACE,,0.623,64,3000,1000
0.9,34,4,EXACT_REPLAY,,0.756,256,3000,1000
0.9,34,16,HORIZON_1,1,0.452,0,3000,1000
0.9,34,16,HORIZON_2,2,0.47,128,3000,1000
0.9,34,16,HORIZON_4,4,0.503,256,3000,1000
0.9,34,16,HORIZON_8,8,0.57,512,3000,1000
0.9,34,16,HORIZON_16,16,0.676,1024,3000,1000
0.9,34,16,HORIZON_32,32,0.721,2048,3000,1000
0.9,34,16,HORIZON_64,64,0.683,4096,3000,1000
0.9,34,16,ELIGIBILITY_TRACE,,0.656,64,3000,1000
0.9,34,16,EXACT_REPLAY,,0.756,1024,3000,1000
0.9,34,64,HORIZON_1,1,0.19,0,3000,1000
0.9,34,64,HORIZON_2,2,0.174,128,3000,1000
0.9,34,64,HORIZON_4,4,0.187,256,3000,1000
0.9,34,64,HORIZON_8,8,0.227,512,3000,1000
0.9,34,64,HORIZON_16,16,0.229,1024,3000,1000
0.9,34,64,HORIZON_32,32,0.252,2048,3000,1000
0.9,34,64,HORIZON_64,64,0.354,4096,3000,1000
0.9,34,64,ELIGIBILITY_TRACE,,0.4,64,3000,1000
0.9,34,64,EXACT_REPLAY,,0.756,4096,3000,1000
0.9,35,4,HORIZON_1,1,0.733,0,3000,1000
0.9,35,4,HORIZON_2,2,0.743,128,3000,1000
0.9,35,4,HORIZON_4,4,0.77,256,3000,1000
0.9,35,4,HORIZON_8,8,0.787,512,3000,1000
0.9,35,4,HORIZON_16,16,0.755,1024,3000,1000
0.9,35,4,HORIZON_32,32,0.714,2048,3000,1000
0.9,35,4,HORIZON_64,64,0.677,4096,3000,1000
0.9,35,4,ELIGIBILITY_TRACE,,0.663,64,3000,1000
0.9,35,4,EXACT_REPLAY,,0.798,256,3000,1000
0.9,35,16,HORIZON_1,1,0.491,0,3000,1000
0.9,35,16,HORIZON_2,2,0.505,128,3000,1000
0.9,35,16,HORIZON_4,4,0.511,256,3000,1000
0.9,35,16,HORIZON_8,8,0.57,512,3000,1000
0.9,35,16,HORIZON_16,16,0.707,1024,3000,1000
0.9,35,16,HORIZON_32,32,0.728,2048,3000,1000
0.9,35,16,HORIZON_64,64,0.71,4096,3000,1000
0.9,35,16,ELIGIBILITY_TRACE,,0.695,64,3000,1000
0.9,35,16,EXACT_REPLAY,,0.797,1024,3000,1000
0.9,35,64,HORIZON_1,1,0.25,0,3000,1000
0.9,35,64,HORIZON_2,2,0.241,128,3000,1000
0.9,35,64,HORIZON_4,4,0.25,256,3000,1000
0.9,35,64,HORIZON_8,8,0.244,512,3000,1000
0.9,35,64,HORIZON_16,16,0.261,1024,3000,1000
0.9,35,64,HORIZON_32,32,0.289,2048,3000,1000
0.9,35,64,HORIZON_64,64,0.45,4096,3000,1000
0.9,35,64,ELIGIBILITY_TRACE,,0.549,64,3000,1000
0.9,35,64,EXACT_REPLAY,,0.797,4096,3000,1000
0.9,36,4,HORIZON_1,1,0.671,0,3000,1000
0.9,36,4,HORIZON_2,2,0.681,128,3000,1000
0.9,36,4,HORIZON_4,4,0.698,256,3000,1000
0.9,36,4,HORIZON_8,8,0.713,512,3000,1000
0.9,36,4,HORIZON_16,16,0.7,1024,3000,1000
0.9,36,4,HORIZON_32,32,0.647,2048,3000,1000
0.9,36,4,HORIZON_64,64,0.647,4096,3000,1000
0.9,36,4,ELIGIBILITY_TRACE,,0.628,64,3000,1000
0.9,36,4,EXACT_REPLAY,,0.728,256,3000,1000
0.9,36,16,HORIZON_1,1,0.446,0,3000,1000
0.9,36,16,HORIZON_2,2,0.452,128,3000,1000
0.9,36,16,HORIZON_4,4,0.459,256,3000,1000
0.9,36,16,HORIZON_8,8,0.5,512,3000,1000
0.9,36,16,HORIZON_16,16,0.619,1024,3000,1000
0.9,36,16,HORIZON_32,32,0.672,2048,3000,1000
0.9,36,16,HORIZON_64,64,0.649,4096,3000,1000
0.9,36,16,ELIGIBILITY_TRACE,,0.639,64,3000,1000
0.9,36,16,EXACT_REPLAY,,0.728,1024,3000,1000
0.9,36,64,HORIZON_1,1,0.33,0,3000,1000
0.9,36,64,HORIZON_2,2,0.354,128,3000,1000
0.9,36,64,HORIZON_4,4,0.357,256,3000,1000
0.9,36,64,HORIZON_8,8,0.361,512,3000,1000
0.9,36,64,HORIZON_16,16,0.344,1024,3000,1000
0.9,36,64,HORIZON_32,32,0.29,2048,3000,1000
0.9,36,64,HORIZON_64,64,0.406,4096,3000,1000
0.9,36,64,ELIGIBILITY_TRACE,,0.46,64,3000,1000
0.9,36,64,EXACT_REPLAY,,0.726,4096,3000,1000
0.9,37,4,HORIZON_1,1,0.663,0,3000,1000
0.9,37,4,HORIZON_2,2,0.672,128,3000,1000
0.9,37,4,HORIZON_4,4,0.678,256,3000,1000
0.9,37,4,HORIZON_8,8,0.694,512,3000,1000
0.9,37,4,HORIZON_16,16,0.663,1024,3000,1000
0.9,37,4,HORIZON_32,32,0.645,2048,3000,1000
0.9,37,4,HORIZON_64,64,0.595,4096,3000,1000
0.9,37,4,ELIGIBILITY_TRACE,,0.572,64,3000,1000
0.9,37,4,EXACT_REPLAY,,0.713,256,3000,1000
0.9,37,16,HORIZON_1,1,0.393,0,3000,1000
0.9,37,16,HORIZON_2,2,0.411,128,3000,1000
0.9,37,16,HORIZON_4,4,0.436,256,3000,1000
0.9,37,16,HORIZON_8,8,0.481,512,3000,1000
0.9,37,16,HORIZON_16,16,0.624,1024,3000,1000
0.9,37,16,HORIZON_32,32,0.648,2048,3000,1000
0.9,37,16,HORIZON_64,64,0.605,4096,3000,1000
0.9,37,16,ELIGIBILITY_TRACE,,0.594,64,3000,1000
0.9,37,16,EXACT_REPLAY,,0.713,1024,3000,1000
0.9,37,64,HORIZON_1,1,0.18,0,3000,1000
0.9,37,64,HORIZON_2,2,0.187,128,3000,1000
0.9,37,64,HORIZON_4,4,0.194,256,3000,1000
0.9,37,64,HORIZON_8,8,0.189,512,3000,1000
0.9,37,64,HORIZON_16,16,0.22,1024,3000,1000
0.9,37,64,HORIZON_32,32,0.246,2048,3000,1000
0.9,37,64,HORIZON_64,64,0.374,4096,3000,1000
0.9,37,64,ELIGIBILITY_TRACE,,0.439,64,3000,1000
0.9,37,64,EXACT_REPLAY,,0.713,4096,3000,1000
0.9,38,4,HORIZON_1,1,0.705,0,3000,1000
0.9,38,4,HORIZON_2,2,0.706,128,3000,1000
0.9,38,4,HORIZON_4,4,0.72,256,3000,1000
0.9,38,4,HORIZON_8,8,0.726,512,3000,1000
0.9,38,4,HORIZON_16,16,0.706,1024,3000,1000
0.9,38,4,HORIZON_32,32,0.653,2048,3000,1000
0.9,38,4,HORIZON_64,64,0.646,4096,3000,1000
0.9,38,4,ELIGIBILITY_TRACE,,0.623,64,3000,1000
0.9,38,4,EXACT_REPLAY,,0.734,256,3000,1000
0.9,38,16,HORIZON_1,1,0.432,0,3000,1000
0.9,38,16,HORIZON_2,2,0.443,128,3000,1000
0.9,38,16,HORIZON_4,4,0.467,256,3000,1000
0.9,38,16,HORIZON_8,8,0.533,512,3000,1000
0.9,38,16,HORIZON_16,16,0.671,1024,3000,1000
0.9,38,16,HORIZON_32,32,0.7,2048,3000,1000
0.9,38,16,HORIZON_64,64,0.661,4096,3000,1000
0.9,38,16,ELIGIBILITY_TRACE,,0.648,64,3000,1000
0.9,38,16,EXACT_REPLAY,,0.734,1024,3000,1000
0.9,38,64,HORIZON_1,1,0.225,0,3000,1000
0.9,38,64,HORIZON_2,2,0.228,128,3000,1000
0.9,38,64,HORIZON_4,4,0.241,256,3000,1000
0.9,38,64,HORIZON_8,8,0.262,512,3000,1000
0.9,38,64,HORIZON_16,16,0.288,1024,3000,1000
0.9,38,64,HORIZON_32,32,0.249,2048,3000,1000
0.9,38,64,HORIZON_64,64,0.393,4096,3000,1000
0.9,38,64,ELIGIBILITY_TRACE,,0.486,64,3000,1000
0.9,38,64,EXACT_REPLAY,,0.733,4096,3000,1000
0.9,39,4,HORIZON_1,1,0.66,0,3000,1000
0.9,39,4,HORIZON_2,2,0.674,128,3000,1000
0.9,39,4,HORIZON_4,4,0.691,256,3000,1000
0.9,39,4,HORIZON_8,8,0.697,512,3000,1000
0.9,39,4,HORIZON_16,16,0.682,1024,3000,1000
0.9,39,4,HORIZON_32,32,0.646,2048,3000,1000
0.9,39,4,HORIZON_64,64,0.624,4096,3000,1000
0.9,39,4,ELIGIBILITY_TRACE,,0.608,64,3000,1000
0.9,39,4,EXACT_REPLAY,,0.714,256,3000,1000
0.9,39,16,HORIZON_1,1,0.406,0,3000,1000
0.9,39,16,HORIZON_2,2,0.415,128,3000,1000
0.9,39,16,HORIZON_4,4,0.432,256,3000,1000
0.9,39,16,HORIZON_8,8,0.48,512,3000,1000
0.9,39,16,HORIZON_16,16,0.594,1024,3000,1000
0.9,39,16,HORIZON_32,32,0.648,2048,3000,1000
0.9,39,16,HORIZON_64,64,0.63,4096,3000,1000
0.9,39,16,ELIGIBILITY_TRACE,,0.617,64,3000,1000
0.9,39,16,EXACT_REPLAY,,0.714,1024,3000,1000
0.9,39,64,HORIZON_1,1,0.196,0,3000,1000
0.9,39,64,HORIZON_2,2,0.194,128,3000,1000
0.9,39,64,HORIZON_4,4,0.189,256,3000,1000
0.9,39,64,HORIZON_8,8,0.195,512,3000,1000
0.9,39,64,HORIZON_16,16,0.204,1024,3000,1000
0.9,39,64,HORIZON_32,32,0.227,2048,3000,1000
0.9,39,64,HORIZON_64,64,0.338,4096,3000,1000
0.9,39,64,ELIGIBILITY_TRACE,,0.403,64,3000,1000
0.9,39,64,EXACT_REPLAY,,0.713,4096,3000,1000
0.9,40,4,HORIZON_1,1,0.683,0,3000,1000
0.9,40,4,HORIZON_2,2,0.691,128,3000,1000
0.9,40,4,HORIZON_4,4,0.701,256,3000,1000
0.9,40,4,HORIZON_8,8,0.71,512,3000,1000
0.9,40,4,HORIZON_16,16,0.696,1024,3000,1000
0.9,40,4,HORIZON_32,32,0.686,2048,3000,1000
0.9,40,4,HORIZON_64,64,0.623,4096,3000,1000
0.9,40,4,ELIGIBILITY_TRACE,,0.622,64,3000,1000
0.9,40,4,EXACT_REPLAY,,0.716,256,3000,1000
0.9,40,16,HORIZON_1,1,0.396,0,3000,1000
0.9,40,16,HORIZON_2,2,0.419,128,3000,1000
0.9,40,16,HORIZON_4,4,0.446,256,3000,1000
0.9,40,16,HORIZON_8,8,0.514,512,3000,1000
0.9,40,16,HORIZON_16,16,0.642,1024,3000,1000
0.9,40,16,HORIZON_32,32,0.68,2048,3000,1000
0.9,40,16,HORIZON_64,64,0.644,4096,3000,1000
0.9,40,16,ELIGIBILITY_TRACE,,0.651,64,3000,1000
0.9,40,16,EXACT_REPLAY,,0.716,1024,3000,1000
0.9,40,64,HORIZON_1,1,0.202,0,3000,1000
0.9,40,64,HORIZON_2,2,0.209,128,3000,1000
0.9,40,64,HORIZON_4,4,0.234,256,3000,1000
0.9,40,64,HORIZON_8,8,0.271,512,3000,1000
0.9,40,64,HORIZON_16,16,0.281,1024,3000,1000
0.9,40,64,HORIZON_32,32,0.241,2048,3000,1000
0.9,40,64,HORIZON_64,64,0.393,4096,3000,1000
0.9,40,64,ELIGIBILITY_TRACE,,0.499,64,3000,1000
0.9,40,64,EXACT_REPLAY,,0.716,4096,3000,1000
0.9,41,4,HORIZON_1,1,0.669,0,3000,1000
0.9,41,4,HORIZON_2,2,0.686,128,3000,1000
0.9,41,4,HORIZON_4,4,0.705,256,3000,1000
0.9,41,4,HORIZON_8,8,0.718,512,3000,1000
0.9,41,4,HORIZON_16,16,0.7,1024,3000,1000
0.9,41,4,HORIZON_32,32,0.64,2048,3000,1000
0.9,41,4,HORIZON_64,64,0.636,4096,3000,1000
0.9,41,4,ELIGIBILITY_TRACE,,0.631,64,3000,1000
0.9,41,4,EXACT_REPLAY,,0.74,256,3000,1000
0.9,41,16,HORIZON_1,1,0.419,0,3000,1000
0.9,41,16,HORIZON_2,2,0.431,128,3000,1000
0.9,41,16,HORIZON_4,4,0.46,256,3000,1000
0.9,41,16,HORIZON_8,8,0.515,512,3000,1000
0.9,41,16,HORIZON_16,16,0.611,1024,3000,1000
0.9,41,16,HORIZON_32,32,0.649,2048,3000,1000
0.9,41,16,HORIZON_64,64,0.631,4096,3000,1000
0.9,41,16,ELIGIBILITY_TRACE,,0.637,64,3000,1000
0.9,41,16,EXACT_REPLAY,,0.739,1024,3000,1000
0.9,41,64,HORIZON_1,1,0.242,0,3000,1000
0.9,41,64,HORIZON_2,2,0.239,128,3000,1000
0.9,41,64,HORIZON_4,4,0.252,256,3000,1000
0.9,41,64,HORIZON_8,8,0.261,512,3000,1000
0.9,41,64,HORIZON_16,16,0.246,1024,3000,1000
0.9,41,64,HORIZON_32,32,0.268,2048,3000,1000
0.9,41,64,HORIZON_64,64,0.428,4096,3000,1000
0.9,41,64,ELIGIBILITY_TRACE,,0.512,64,3000,1000
0.9,41,64,EXACT_REPLAY,,0.738,4096,3000,1000
0.9,42,4,HORIZON_1,1,0.661,0,3000,1000
0.9,42,4,HORIZON_2,2,0.674,128,3000,1000
0.9,42,4,HORIZON_4,4,0.69,256,3000,1000
0.9,42,4,HORIZON_8,8,0.709,512,3000,1000
0.9,42,4,HORIZON_16,16,0.689,1024,3000,1000
0.9,42,4,HORIZON_32,32,0.683,2048,3000,1000
0.9,42,4,HORIZON_64,64,0.633,4096,3000,1000
0.9,42,4,ELIGIBILITY_TRACE,,0.619,64,3000,1000
0.9,42,4,EXACT_REPLAY,,0.728,256,3000,1000
0.9,42,16,HORIZON_1,1,0.455,0,3000,1000
0.9,42,16,HORIZON_2,2,0.465,128,3000,1000
0.9,42,16,HORIZON_4,4,0.482,256,3000,1000
0.9,42,16,HORIZON_8,8,0.509,512,3000,1000
0.9,42,16,HORIZON_16,16,0.592,1024,3000,1000
0.9,42,16,HORIZON_32,32,0.645,2048,3000,1000
0.9,42,16,HORIZON_64,64,0.635,4096,3000,1000
0.9,42,16,ELIGIBILITY_TRACE,,0.625,64,3000,1000
0.9,42,16,EXACT_REPLAY,,0.724,1024,3000,1000
0.9,42,64,HORIZON_1,1,0.246,0,3000,1000
0.9,42,64,HORIZON_2,2,0.246,128,3000,1000
0.9,42,64,HORIZON_4,4,0.243,256,3000,1000
0.9,42,64,HORIZON_8,8,0.268,512,3000,1000
0.9,42,64,HORIZON_16,16,0.271,1024,3000,1000
0.9,42,64,HORIZON_32,32,0.222,2048,3000,1000
0.9,42,64,HORIZON_64,64,0.355,4096,3000,1000
0.9,42,64,ELIGIBILITY_TRACE,,0.459,64,3000,1000
0.9,42,64,EXACT_REPLAY,,0.724,4096,3000,1000
0.9,43,4,HORIZON_1,1,0.666,0,3000,1000
0.9,43,4,HORIZON_2,2,0.674,128,3000,1000
0.9,43,4,HORIZON_4,4,0.683,256,3000,1000
0.9,43,4,HORIZON_8,8,0.688,512,3000,1000
0.9,43,4,HORIZON_16,16,0.683,1024,3000,1000
0.9,43,4,HORIZON_32,32,0.64,2048,3000,1000
0.9,43,4,HORIZON_64,64,0.605,4096,3000,1000
0.9,43,4,ELIGIBILITY_TRACE,,0.594,64,3000,1000
0.9,43,4,EXACT_REPLAY,,0.691,256,3000,1000
0.9,43,16,HORIZON_1,1,0.441,0,3000,1000
0.9,43,16,HORIZON_2,2,0.46,128,3000,1000
0.9,43,16,HORIZON_4,4,0.492,256,3000,1000
0.9,43,16,HORIZON_8,8,0.55,512,3000,1000
0.9,43,16,HORIZON_16,16,0.628,1024,3000,1000
0.9,43,16,HORIZON_32,32,0.65,2048,3000,1000
0.9,43,16,HORIZON_64,64,0.641,4096,3000,1000
0.9,43,16,ELIGIBILITY_TRACE,,0.638,64,3000,1000
0.9,43,16,EXACT_REPLAY,,0.693,1024,3000,1000
0.9,43,64,HORIZON_1,1,0.198,0,3000,1000
0.9,43,64,HORIZON_2,2,0.213,128,3000,1000
0.9,43,64,HORIZON_4,4,0.211,256,3000,1000
0.9,43,64,HORIZON_8,8,0.223,512,3000,1000
0.9,43,64,HORIZON_16,16,0.242,1024,3000,1000
0.9,43,64,HORIZON_32,32,0.261,2048,3000,1000
0.9,43,64,HORIZON_64,64,0.38,4096,3000,1000
0.9,43,64,ELIGIBILITY_TRACE,,0.452,64,3000,1000
0.9,43,64,EXACT_REPLAY,,0.693,4096,3000,1000
0.9,44,4,HORIZON_1,1,0.634,0,3000,1000
0.9,44,4,HORIZON_2,2,0.647,128,3000,1000
0.9,44,4,HORIZON_4,4,0.665,256,3000,1000
0.9,44,4,HORIZON_8,8,0.672,512,3000,1000
0.9,44,4,HORIZON_16,16,0.668,1024,3000,1000
0.9,44,4,HORIZON_32,32,0.66,2048,3000,1000
0.9,44,4,HORIZON_64,64,0.641,4096,3000,1000
0.9,44,4,ELIGIBILITY_TRACE,,0.65,64,3000,1000
0.9,44,4,EXACT_REPLAY,,0.696,256,3000,1000
0.9,44,16,HORIZON_1,1,0.52,0,3000,1000
0.9,44,16,HORIZON_2,2,0.524,128,3000,1000
0.9,44,16,HORIZON_4,4,0.531,256,3000,1000
0.9,44,16,HORIZON_8,8,0.564,512,3000,1000
0.9,44,16,HORIZON_16,16,0.61,1024,3000,1000
0.9,44,16,HORIZON_32,32,0.642,2048,3000,1000
0.9,44,16,HORIZON_64,64,0.659,4096,3000,1000
0.9,44,16,ELIGIBILITY_TRACE,,0.651,64,3000,1000
0.9,44,16,EXACT_REPLAY,,0.696,1024,3000,1000
0.9,44,64,HORIZON_1,1,0.221,0,3000,1000
0.9,44,64,HORIZON_2,2,0.227,128,3000,1000
0.9,44,64,HORIZON_4,4,0.221,256,3000,1000
0.9,44,64,HORIZON_8,8,0.23,512,3000,1000
0.9,44,64,HORIZON_16,16,0.265,1024,3000,1000
0.9,44,64,HORIZON_32,32,0.285,2048,3000,1000
0.9,44,64,HORIZON_64,64,0.412,4096,3000,1000
0.9,44,64,ELIGIBILITY_TRACE,,0.494,64,3000,1000
0.9,44,64,EXACT_REPLAY,,0.695,4096,3000,1000
0.9,45,4,HORIZON_1,1,0.721,0,3000,1000
0.9,45,4,HORIZON_2,2,0.728,128,3000,1000
0.9,45,4,HORIZON_4,4,0.739,256,3000,1000
0.9,45,4,HORIZON_8,8,0.754,512,3000,1000
0.9,45,4,HORIZON_16,16,0.739,1024,3000,1000
0.9,45,4,HORIZON_32,32,0.705,2048,3000,1000
0.9,45,4,HORIZON_64,64,0.689,4096,3000,1000
0.9,45,4,ELIGIBILITY_TRACE,,0.667,64,3000,1000
0.9,45,4,EXACT_REPLAY,,0.759,256,3000,1000
0.9,45,16,HORIZON_1,1,0.432,0,3000,1000
0.9,45,16,HORIZON_2,2,0.446,128,3000,1000
0.9,45,16,HORIZON_4,4,0.476,256,3000,1000
0.9,45,16,HORIZON_8,8,0.546,512,3000,1000
0.9,45,16,HORIZON_16,16,0.673,1024,3000,1000
0.9,45,16,HORIZON_32,32,0.709,2048,3000,1000
0.9,45,16,HORIZON_64,64,0.693,4096,3000,1000
0.9,45,16,ELIGIBILITY_TRACE,,0.692,64,3000,1000
0.9,45,16,EXACT_REPLAY,,0.76,1024,3000,1000
0.9,45,64,HORIZON_1,1,0.331,0,3000,1000
0.9,45,64,HORIZON_2,2,0.319,128,3000,1000
0.9,45,64,HORIZON_4,4,0.313,256,3000,1000
0.9,45,64,HORIZON_8,8,0.292,512,3000,1000
0.9,45,64,HORIZON_16,16,0.285,1024,3000,1000
0.9,45,64,HORIZON_32,32,0.205,2048,3000,1000
0.9,45,64,HORIZON_64,64,0.362,4096,3000,1000
0.9,45,64,ELIGIBILITY_TRACE,,0.47,64,3000,1000
0.9,45,64,EXACT_REPLAY,,0.758,4096,3000,1000
0.9,46,4,HORIZON_1,1,0.663,0,3000,1000
0.9,46,4,HORIZON_2,2,0.667,128,3000,1000
0.9,46,4,HORIZON_4,4,0.683,256,3000,1000
0.9,46,4,HORIZON_8,8,0.686,512,3000,1000
0.9,46,4,HORIZON_16,16,0.672,1024,3000,1000
0.9,46,4,HORIZON_32,32,0.636,2048,3000,1000
0.9,46,4,HORIZON_64,64,0.611,4096,3000,1000
0.9,46,4,ELIGIBILITY_TRACE,,0.582,64,3000,1000
0.9,46,4,EXACT_REPLAY,,0.709,256,3000,1000
0.9,46,16,HORIZON_1,1,0.435,0,3000,1000
0.9,46,16,HORIZON_2,2,0.449,128,3000,1000
0.9,46,16,HORIZON_4,4,0.49,256,3000,1000
0.9,46,16,HORIZON_8,8,0.541,512,3000,1000
0.9,46,16,HORIZON_16,16,0.629,1024,3000,1000
0.9,46,16,HORIZON_32,32,0.655,2048,3000,1000
0.9,46,16,HORIZON_64,64,0.61,4096,3000,1000
0.9,46,16,ELIGIBILITY_TRACE,,0.601,64,3000,1000
0.9,46,16,EXACT_REPLAY,,0.708,1024,3000,1000
0.9,46,64,HORIZON_1,1,0.265,0,3000,1000
0.9,46,64,HORIZON_2,2,0.27,128,3000,1000
0.9,46,64,HORIZON_4,4,0.246,256,3000,1000
0.9,46,64,HORIZON_8,8,0.251,512,3000,1000
0.9,46,64,HORIZON_16,16,0.303,1024,3000,1000
0.9,46,64,HORIZON_32,32,0.354,2048,3000,1000
0.9,46,64,HORIZON_64,64,0.462,4096,3000,1000
0.9,46,64,ELIGIBILITY_TRACE,,0.5,64,3000,1000
0.9,46,64,EXACT_REPLAY,,0.708,4096,3000,1000
0.9,47,4,HORIZON_1,1,0.741,0,3000,1000
0.9,47,4,HORIZON_2,2,0.737,128,3000,1000
0.9,47,4,HORIZON_4,4,0.746,256,3000,1000
0.9,47,4,HORIZON_8,8,0.753,512,3000,1000
0.9,47,4,HORIZON_16,16,0.733,1024,3000,1000
0.9,47,4,HORIZON_32,32,0.695,2048,3000,1000
0.9,47,4,HORIZON_64,64,0.655,4096,3000,1000
0.9,47,4,ELIGIBILITY_TRACE,,0.627,64,3000,1000
0.9,47,4,EXACT_REPLAY,,0.762,256,3000,1000
0.9,47,16,HORIZON_1,1,0.45,0,3000,1000
0.9,47,16,HORIZON_2,2,0.462,128,3000,1000
0.9,47,16,HORIZON_4,4,0.488,256,3000,1000
0.9,47,16,HORIZON_8,8,0.581,512,3000,1000
0.9,47,16,HORIZON_16,16,0.703,1024,3000,1000
0.9,47,16,HORIZON_32,32,0.717,2048,3000,1000
0.9,47,16,HORIZON_64,64,0.687,4096,3000,1000
0.9,47,16,ELIGIBILITY_TRACE,,0.658,64,3000,1000
0.9,47,16,EXACT_REPLAY,,0.762,1024,3000,1000
0.9,47,64,HORIZON_1,1,0.222,0,3000,1000
0.9,47,64,HORIZON_2,2,0.227,128,3000,1000
0.9,47,64,HORIZON_4,4,0.216,256,3000,1000
0.9,47,64,HORIZON_8,8,0.194,512,3000,1000
0.9,47,64,HORIZON_16,16,0.177,1024,3000,1000
0.9,47,64,HORIZON_32,32,0.147,2048,3000,1000
0.9,47,64,HORIZON_64,64,0.272,4096,3000,1000
0.9,47,64,ELIGIBILITY_TRACE,,0.361,64,3000,1000
0.9,47,64,EXACT_REPLAY,,0.762,4096,3000,1000
0.9,48,4,HORIZON_1,1,0.726,0,3000,1000
0.9,48,4,HORIZON_2,2,0.73,128,3000,1000
0.9,48,4,HORIZON_4,4,0.737,256,3000,1000
0.9,48,4,HORIZON_8,8,0.74,512,3000,1000
0.9,48,4,HORIZON_16,16,0.712,1024,3000,1000
0.9,48,4,HORIZON_32,32,0.683,2048,3000,1000
0.9,48,4,HORIZON_64,64,0.685,4096,3000,1000
0.9,48,4,ELIGIBILITY_TRACE,,0.696,64,3000,1000
0.9,48,4,EXACT_REPLAY,,0.757,256,3000,1000
0.9,48,16,HORIZON_1,1,0.553,0,3000,1000
0.9,48,16,HORIZON_2,2,0.568,128,3000,1000
0.9,48,16,HORIZON_4,4,0.589,256,3000,1000
0.9,48,16,HORIZON_8,8,0.635,512,3000,1000
0.9,48,16,HORIZON_16,16,0.711,1024,3000,1000
0.9,48,16,HORIZON_32,32,0.719,2048,3000,1000
0.9,48,16,HORIZON_64,64,0.701,4096,3000,1000
0.9,48,16,ELIGIBILITY_TRACE,,0.713,64,3000,1000
0.9,48,16,EXACT_REPLAY,,0.755,1024,3000,1000
0.9,48,64,HORIZON_1,1,0.278,0,3000,1000
0.9,48,64,HORIZON_2,2,0.277,128,3000,1000
0.9,48,64,HORIZON_4,4,0.281,256,3000,1000
0.9,48,64,HORIZON_8,8,0.279,512,3000,1000
0.9,48,64,HORIZON_16,16,0.265,1024,3000,1000
0.9,48,64,HORIZON_32,32,0.247,2048,3000,1000
0.9,48,64,HORIZON_64,64,0.419,4096,3000,1000
0.9,48,64,ELIGIBILITY_TRACE,,0.531,64,3000,1000
0.9,48,64,EXACT_REPLAY,,0.755,4096,3000,1000
0.9,49,4,HORIZON_1,1,0.661,0,3000,1000
0.9,49,4,HORIZON_2,2,0.676,128,3000,1000
0.9,49,4,HORIZON_4,4,0.695,256,3000,1000
0.9,49,4,HORIZON_8,8,0.716,512,3000,1000
0.9,49,4,HORIZON_16,16,0.711,1024,3000,1000
0.9,49,4,HORIZON_32,32,0.671,2048,3000,1000
0.9,49,4,HORIZON_64,64,0.63,4096,3000,1000
0.9,49,4,ELIGIBILITY_TRACE,,0.623,64,3000,1000
0.9,49,4,EXACT_REPLAY,,0.731,256,3000,1000
0.9,49,16,HORIZON_1,1,0.439,0,3000,1000
0.9,49,16,HORIZON_2,2,0.445,128,3000,1000
0.9,49,16,HORIZON_4,4,0.469,256,3000,1000
0.9,49,16,HORIZON_8,8,0.517,512,3000,1000
0.9,49,16,HORIZON_16,16,0.618,1024,3000,1000
0.9,49,16,HORIZON_32,32,0.671,2048,3000,1000
0.9,49,16,HORIZON_64,64,0.637,4096,3000,1000
0.9,49,16,ELIGIBILITY_TRACE,,0.63,64,3000,1000
0.9,49,16,EXACT_REPLAY,,0.731,1024,3000,1000
0.9,49,64,HORIZON_1,1,0.215,0,3000,1000
0.9,49,64,HORIZON_2,2,0.235,128,3000,1000
0.9,49,64,HORIZON_4,4,0.226,256,3000,1000
0.9,49,64,HORIZON_8,8,0.221,512,3000,1000
0.9,49,64,HORIZON_16,16,0.222,1024,3000,1000
0.9,49,64,HORIZON_32,32,0.227,2048,3000,1000
0.9,49,64,HORIZON_64,64,0.392,4096,3000,1000
0.9,49,64,ELIGIBILITY_TRACE,,0.489,64,3000,1000
0.9,49,64,EXACT_REPLAY,,0.726,4096,3000,1000
0.9,50,4,HORIZON_1,1,0.643,0,3000,1000
0.9,50,4,HORIZON_2,2,0.655,128,3000,1000
0.9,50,4,HORIZON_4,4,0.67,256,3000,1000
0.9,50,4,HORIZON_8,8,0.679,512,3000,1000
0.9,50,4,HORIZON_16,16,0.682,1024,3000,1000
0.9,50,4,HORIZON_32,32,0.642,2048,3000,1000
0.9,50,4,HORIZON_64,64,0.599,4096,3000,1000
0.9,50,4,ELIGIBILITY_TRACE,,0.577,64,3000,1000
0.9,50,4,EXACT_REPLAY,,0.697,256,3000,1000
0.9,50,16,HORIZON_1,1,0.433,0,3000,1000
0.9,50,16,HORIZON_2,2,0.455,128,3000,1000
0.9,50,16,HORIZON_4,4,0.5,256,3000,1000
0.9,50,16,HORIZON_8,8,0.552,512,3000,1000
0.9,50,16,HORIZON_16,16,0.61,1024,3000,1000
0.9,50,16,HORIZON_32,32,0.662,2048,3000,1000
0.9,50,16,HORIZON_64,64,0.631,4096,3000,1000
0.9,50,16,ELIGIBILITY_TRACE,,0.602,64,3000,1000
0.9,50,16,EXACT_REPLAY,,0.695,1024,3000,1000
0.9,50,64,HORIZON_1,1,0.231,0,3000,1000
0.9,50,64,HORIZON_2,2,0.243,128,3000,1000
0.9,50,64,HORIZON_4,4,0.255,256,3000,1000
0.9,50,64,HORIZON_8,8,0.274,512,3000,1000
0.9,50,64,HORIZON_16,16,0.291,1024,3000,1000
0.9,50,64,HORIZON_32,32,0.316,2048,3000,1000
0.9,50,64,HORIZON_64,64,0.392,4096,3000,1000
0.9,50,64,ELIGIBILITY_TRACE,,0.504,64,3000,1000
0.9,50,64,EXACT_REPLAY,,0.695,4096,3000,1000
0.9,51,4,HORIZON_1,1,0.703,0,3000,1000
0.9,51,4,HORIZON_2,2,0.706,128,3000,1000
0.9,51,4,HORIZON_4,4,0.718,256,3000,1000
0.9,51,4,HORIZON_8,8,0.721,512,3000,1000
0.9,51,4,HORIZON_16,16,0.714,1024,3000,1000
0.9,51,4,HORIZON_32,32,0.684,2048,3000,1000
0.9,51,4,HORIZON_64,64,0.668,4096,3000,1000
0.9,51,4,ELIGIBILITY_TRACE,,0.644,64,3000,1000
0.9,51,4,EXACT_REPLAY,,0.732,256,3000,1000
0.9,51,16,HORIZON_1,1,0.432,0,3000,1000
0.9,51,16,HORIZON_2,2,0.451,128,3000,1000
0.9,51,16,HORIZON_4,4,0.48,256,3000,1000
0.9,51,16,HORIZON_8,8,0.562,512,3000,1000
0.9,51,16,HORIZON_16,16,0.678,1024,3000,1000
0.9,51,16,HORIZON_32,32,0.692,2048,3000,1000
0.9,51,16,HORIZON_64,64,0.686,4096,3000,1000
0.9,51,16,ELIGIBILITY_TRACE,,0.671,64,3000,1000
0.9,51,16,EXACT_REPLAY,,0.73,1024,3000,1000
0.9,51,64,HORIZON_1,1,0.27,0,3000,1000
0.9,51,64,HORIZON_2,2,0.283,128,3000,1000
0.9,51,64,HORIZON_4,4,0.294,256,3000,1000
0.9,51,64,HORIZON_8,8,0.304,512,3000,1000
0.9,51,64,HORIZON_16,16,0.287,1024,3000,1000
0.9,51,64,HORIZON_32,32,0.257,2048,3000,1000
0.9,51,64,HORIZON_64,64,0.362,4096,3000,1000
0.9,51,64,ELIGIBILITY_TRACE,,0.475,64,3000,1000
0.9,51,64,EXACT_REPLAY,,0.728,4096,3000,1000
0.9,52,4,HORIZON_1,1,0.666,0,3000,1000
0.9,52,4,HORIZON_2,2,0.67,128,3000,1000
0.9,52,4,HORIZON_4,4,0.69,256,3000,1000
0.9,52,4,HORIZON_8,8,0.706,512,3000,1000
0.9,52,4,HORIZON_16,16,0.699,1024,3000,1000
0.9,52,4,HORIZON_32,32,0.657,2048,3000,1000
0.9,52,4,HORIZON_64,64,0.612,4096,3000,1000
0.9,52,4,ELIGIBILITY_TRACE,,0.597,64,3000,1000
0.9,52,4,EXACT_REPLAY,,0.718,256,3000,1000
0.9,52,16,HORIZON_1,1,0.401,0,3000,1000
0.9,52,16,HORIZON_2,2,0.411,128,3000,1000
0.9,52,16,HORIZON_4,4,0.43,256,3000,1000
0.9,52,16,HORIZON_8,8,0.497,512,3000,1000
0.9,52,16,HORIZON_16,16,0.604,1024,3000,1000
0.9,52,16,HORIZON_32,32,0.67,2048,3000,1000
0.9,52,16,HORIZON_64,64,0.643,4096,3000,1000
0.9,52,16,ELIGIBILITY_TRACE,,0.607,64,3000,1000
0.9,52,16,EXACT_REPLAY,,0.718,1024,3000,1000
0.9,52,64,HORIZON_1,1,0.294,0,3000,1000
0.9,52,64,HORIZON_2,2,0.296,128,3000,1000
0.9,52,64,HORIZON_4,4,0.293,256,3000,1000
0.9,52,64,HORIZON_8,8,0.28,512,3000,1000
0.9,52,64,HORIZON_16,16,0.267,1024,3000,1000
0.9,52,64,HORIZON_32,32,0.268,2048,3000,1000
0.9,52,64,HORIZON_64,64,0.391,4096,3000,1000
0.9,52,64,ELIGIBILITY_TRACE,,0.445,64,3000,1000
0.9,52,64,EXACT_REPLAY,,0.716,4096,3000,1000
0.9,53,4,HORIZON_1,1,0.756,0,3000,1000
0.9,53,4,HORIZON_2,2,0.763,128,3000,1000
0.9,53,4,HORIZON_4,4,0.778,256,3000,1000
0.9,53,4,HORIZON_8,8,0.788,512,3000,1000
0.9,53,4,HORIZON_16,16,0.773,1024,3000,1000
0.9,53,4,HORIZON_32,32,0.757,2048,3000,1000
0.9,53,4,HORIZON_64,64,0.732,4096,3000,1000
0.9,53,4,ELIGIBILITY_TRACE,,0.734,64,3000,1000
0.9,53,4,EXACT_REPLAY,,0.797,256,3000,1000
0.9,53,16,HORIZON_1,1,0.536,0,3000,1000
0.9,53,16,HORIZON_2,2,0.547,128,3000,1000
0.9,53,16,HORIZON_4,4,0.556,256,3000,1000
0.9,53,16,HORIZON_8,8,0.611,512,3000,1000
0.9,53,16,HORIZON_16,16,0.702,1024,3000,1000
0.9,53,16,HORIZON_32,32,0.751,2048,3000,1000
0.9,53,16,HORIZON_64,64,0.74,4096,3000,1000
0.9,53,16,ELIGIBILITY_TRACE,,0.728,64,3000,1000
0.9,53,16,EXACT_REPLAY,,0.796,1024,3000,1000
0.9,53,64,HORIZON_1,1,0.2,0,3000,1000
0.9,53,64,HORIZON_2,2,0.195,128,3000,1000
0.9,53,64,HORIZON_4,4,0.199,256,3000,1000
0.9,53,64,HORIZON_8,8,0.218,512,3000,1000
0.9,53,64,HORIZON_16,16,0.257,1024,3000,1000
0.9,53,64,HORIZON_32,32,0.34,2048,3000,1000
0.9,53,64,HORIZON_64,64,0.552,4096,3000,1000
0.9,53,64,ELIGIBILITY_TRACE,,0.639,64,3000,1000
0.9,53,64,EXACT_REPLAY,,0.796,4096,3000,1000
0.9,54,4,HORIZON_1,1,0.618,0,3000,1000
0.9,54,4,HORIZON_2,2,0.627,128,3000,1000
0.9,54,4,HORIZON_4,4,0.649,256,3000,1000
0.9,54,4,HORIZON_8,8,0.674,512,3000,1000
0.9,54,4,HORIZON_16,16,0.652,1024,3000,1000
0.9,54,4,HORIZON_32,32,0.621,2048,3000,1000
0.9,54,4,HORIZON_64,64,0.596,4096,3000,1000
0.9,54,4,ELIGIBILITY_TRACE,,0.588,64,3000,1000
0.9,54,4,EXACT_REPLAY,,0.702,256,3000,1000
0.9,54,16,HORIZON_1,1,0.374,0,3000,1000
0.9,54,16,HORIZON_2,2,0.392,128,3000,1000
0.9,54,16,HORIZON_4,4,0.432,256,3000,1000
0.9,54,16,HORIZON_8,8,0.469,512,3000,1000
0.9,54,16,HORIZON_16,16,0.561,1024,3000,1000
0.9,54,16,HORIZON_32,32,0.61,2048,3000,1000
0.9,54,16,HORIZON_64,64,0.575,4096,3000,1000
0.9,54,16,ELIGIBILITY_TRACE,,0.569,64,3000,1000
0.9,54,16,EXACT_REPLAY,,0.7,1024,3000,1000
0.9,54,64,HORIZON_1,1,0.255,0,3000,1000
0.9,54,64,HORIZON_2,2,0.247,128,3000,1000
0.9,54,64,HORIZON_4,4,0.26,256,3000,1000
0.9,54,64,HORIZON_8,8,0.261,512,3000,1000
0.9,54,64,HORIZON_16,16,0.261,1024,3000,1000
0.9,54,64,HORIZON_32,32,0.279,2048,3000,1000
0.9,54,64,HORIZON_64,64,0.387,4096,3000,1000
0.9,54,64,ELIGIBILITY_TRACE,,0.489,64,3000,1000
0.9,54,64,EXACT_REPLAY,,0.699,4096,3000,1000
0.9,55,4,HORIZON_1,1,0.656,0,3000,1000
0.9,55,4,HORIZON_2,2,0.668,128,3000,1000
0.9,55,4,HORIZON_4,4,0.666,256,3000,1000
0.9,55,4,HORIZON_8,8,0.679,512,3000,1000
0.9,55,4,HORIZON_16,16,0.65,1024,3000,1000
0.9,55,4,HORIZON_32,32,0.608,2048,3000,1000
0.9,55,4,HORIZON_64,64,0.561,4096,3000,1000
0.9,55,4,ELIGIBILITY_TRACE,,0.53,64,3000,1000
0.9,55,4,EXACT_REPLAY,,0.699,256,3000,1000
0.9,55,16,HORIZON_1,1,0.367,0,3000,1000
0.9,55,16,HORIZON_2,2,0.369,128,3000,1000
0.9,55,16,HORIZON_4,4,0.378,256,3000,1000
0.9,55,16,HORIZON_8,8,0.48,512,3000,1000
0.9,55,16,HORIZON_16,16,0.613,1024,3000,1000
0.9,55,16,HORIZON_32,32,0.626,2048,3000,1000
0.9,55,16,HORIZON_64,64,0.605,4096,3000,1000
0.9,55,16,ELIGIBILITY_TRACE,,0.584,64,3000,1000
0.9,55,16,EXACT_REPLAY,,0.7,1024,3000,1000
0.9,55,64,HORIZON_1,1,0.258,0,3000,1000
0.9,55,64,HORIZON_2,2,0.265,128,3000,1000
0.9,55,64,HORIZON_4,4,0.281,256,3000,1000
0.9,55,64,HORIZON_8,8,0.286,512,3000,1000
0.9,55,64,HORIZON_16,16,0.287,1024,3000,1000
0.9,55,64,HORIZON_32,32,0.297,2048,3000,1000
0.9,55,64,HORIZON_64,64,0.387,4096,3000,1000
0.9,55,64,ELIGIBILITY_TRACE,,0.446,64,3000,1000
0.9,55,64,EXACT_REPLAY,,0.699,4096,3000,1000
0.9,56,4,HORIZON_1,1,0.645,0,3000,1000
0.9,56,4,HORIZON_2,2,0.65,128,3000,1000
0.9,56,4,HORIZON_4,4,0.663,256,3000,1000
0.9,56,4,HORIZON_8,8,0.674,512,3000,1000
0.9,56,4,HORIZON_16,16,0.67,1024,3000,1000
0.9,56,4,HORIZON_32,32,0.664,2048,3000,1000
0.9,56,4,HORIZON_64,64,0.648,4096,3000,1000
0.9,56,4,ELIGIBILITY_TRACE,,0.636,64,3000,1000
0.9,56,4,EXACT_REPLAY,,0.688,256,3000,1000
0.9,56,16,HORIZON_1,1,0.45,0,3000,1000
0.9,56,16,HORIZON_2,2,0.456,128,3000,1000
0.9,56,16,HORIZON_4,4,0.462,256,3000,1000
0.9,56,16,HORIZON_8,8,0.495,512,3000,1000
0.9,56,16,HORIZON_16,16,0.592,1024,3000,1000
0.9,56,16,HORIZON_32,32,0.631,2048,3000,1000
0.9,56,16,HORIZON_64,64,0.626,4096,3000,1000
0.9,56,16,ELIGIBILITY_TRACE,,0.628,64,3000,1000
0.9,56,16,EXACT_REPLAY,,0.688,1024,3000,1000
0.9,56,64,HORIZON_1,1,0.182,0,3000,1000
0.9,56,64,HORIZON_2,2,0.177,128,3000,1000
0.9,56,64,HORIZON_4,4,0.188,256,3000,1000
0.9,56,64,HORIZON_8,8,0.215,512,3000,1000
0.9,56,64,HORIZON_16,16,0.224,1024,3000,1000
0.9,56,64,HORIZON_32,32,0.234,2048,3000,1000
0.9,56,64,HORIZON_64,64,0.36,4096,3000,1000
0.9,56,64,ELIGIBILITY_TRACE,,0.439,64,3000,1000
0.9,56,64,EXACT_REPLAY,,0.686,4096,3000,1000
0.9,57,4,HORIZON_1,1,0.676,0,3000,1000
0.9,57,4,HORIZON_2,2,0.685,128,3000,1000
0.9,57,4,HORIZON_4,4,0.707,256,3000,1000
0.9,57,4,HORIZON_8,8,0.715,512,3000,1000
0.9,57,4,HORIZON_16,16,0.66,1024,3000,1000
0.9,57,4,HORIZON_32,32,0.579,2048,3000,1000
0.9,57,4,HORIZON_64,64,0.546,4096,3000,1000
0.9,57,4,ELIGIBILITY_TRACE,,0.548,64,3000,1000
0.9,57,4,EXACT_REPLAY,,0.737,256,3000,1000
0.9,57,16,HORIZON_1,1,0.356,0,3000,1000
0.9,57,16,HORIZON_2,2,0.38,128,3000,1000
0.9,57,16,HORIZON_4,4,0.39,256,3000,1000
0.9,57,16,HORIZON_8,8,0.442,512,3000,1000
0.9,57,16,HORIZON_16,16,0.589,1024,3000,1000
0.9,57,16,HORIZON_32,32,0.607,2048,3000,1000
0.9,57,16,HORIZON_64,64,0.562,4096,3000,1000
0.9,57,16,ELIGIBILITY_TRACE,,0.547,64,3000,1000
0.9,57,16,EXACT_REPLAY,,0.737,1024,3000,1000
0.9,57,64,HORIZON_1,1,0.242,0,3000,1000
0.9,57,64,HORIZON_2,2,0.234,128,3000,1000
0.9,57,64,HORIZON_4,4,0.254,256,3000,1000
0.9,57,64,HORIZON_8,8,0.25,512,3000,1000
0.9,57,64,HORIZON_16,16,0.231,1024,3000,1000
0.9,57,64,HORIZON_32,32,0.209,2048,3000,1000
0.9,57,64,HORIZON_64,64,0.309,4096,3000,1000
0.9,57,64,ELIGIBILITY_TRACE,,0.381,64,3000,1000
0.9,57,64,EXACT_REPLAY,,0.736,4096,3000,1000
0.9,58,4,HORIZON_1,1,0.668,0,3000,1000
0.9,58,4,HORIZON_2,2,0.678,128,3000,1000
0.9,58,4,HORIZON_4,4,0.697,256,3000,1000
0.9,58,4,HORIZON_8,8,0.701,512,3000,1000
0.9,58,4,HORIZON_16,16,0.693,1024,3000,1000
0.9,58,4,HORIZON_32,32,0.656,2048,3000,1000
0.9,58,4,HORIZON_64,64,0.636,4096,3000,1000
0.9,58,4,ELIGIBILITY_TRACE,,0.637,64,3000,1000
0.9,58,4,EXACT_REPLAY,,0.716,256,3000,1000
0.9,58,16,HORIZON_1,1,0.48,0,3000,1000
0.9,58,16,HORIZON_2,2,0.491,128,3000,1000
0.9,58,16,HORIZON_4,4,0.507,256,3000,1000
0.9,58,16,HORIZON_8,8,0.56,512,3000,1000
0.9,58,16,HORIZON_16,16,0.638,1024,3000,1000
0.9,58,16,HORIZON_32,32,0.664,2048,3000,1000
0.9,58,16,HORIZON_64,64,0.636,4096,3000,1000
0.9,58,16,ELIGIBILITY_TRACE,,0.632,64,3000,1000
0.9,58,16,EXACT_REPLAY,,0.715,1024,3000,1000
0.9,58,64,HORIZON_1,1,0.183,0,3000,1000
0.9,58,64,HORIZON_2,2,0.199,128,3000,1000
0.9,58,64,HORIZON_4,4,0.201,256,3000,1000
0.9,58,64,HORIZON_8,8,0.19,512,3000,1000
0.9,58,64,HORIZON_16,16,0.177,1024,3000,1000
0.9,58,64,HORIZON_32,32,0.204,2048,3000,1000
0.9,58,64,HORIZON_64,64,0.373,4096,3000,1000
0.9,58,64,ELIGIBILITY_TRACE,,0.438,64,3000,1000
0.9,58,64,EXACT_REPLAY,,0.714,4096,3000,1000
0.9,59,4,HORIZON_1,1,0.67,0,3000,1000
0.9,59,4,HORIZON_2,2,0.682,128,3000,1000
0.9,59,4,HORIZON_4,4,0.701,256,3000,1000
0.9,59,4,HORIZON_8,8,0.705,512,3000,1000
0.9,59,4,HORIZON_16,16,0.685,1024,3000,1000
0.9,59,4,HORIZON_32,32,0.661,2048,3000,1000
0.9,59,4,HORIZON_64,64,0.632,4096,3000,1000
0.9,59,4,ELIGIBILITY_TRACE,,0.641,64,3000,1000
0.9,59,4,EXACT_REPLAY,,0.721,256,3000,1000
0.9,59,16,HORIZON_1,1,0.417,0,3000,1000
0.9,59,16,HORIZON_2,2,0.411,128,3000,1000
0.9,59,16,HORIZON_4,4,0.428,256,3000,1000
0.9,59,16,HORIZON_8,8,0.485,512,3000,1000
0.9,59,16,HORIZON_16,16,0.607,1024,3000,1000
0.9,59,16,HORIZON_32,32,0.65,2048,3000,1000
0.9,59,16,HORIZON_64,64,0.624,4096,3000,1000
0.9,59,16,ELIGIBILITY_TRACE,,0.626,64,3000,1000
0.9,59,16,EXACT_REPLAY,,0.719,1024,3000,1000
0.9,59,64,HORIZON_1,1,0.212,0,3000,1000
0.9,59,64,HORIZON_2,2,0.202,128,3000,1000
0.9,59,64,HORIZON_4,4,0.207,256,3000,1000
0.9,59,64,HORIZON_8,8,0.209,512,3000,1000
0.9,59,64,HORIZON_16,16,0.197,1024,3000,1000
0.9,59,64,HORIZON_32,32,0.223,2048,3000,1000
0.9,59,64,HORIZON_64,64,0.374,4096,3000,1000
0.9,59,64,ELIGIBILITY_TRACE,,0.447,64,3000,1000
0.9,59,64,EXACT_REPLAY,,0.719,4096,3000,1000
