seed_block,reversal_interval_s,arm,aligned_progress_rate,forward_occupancy,mean_forward_run_s,p90_forward_run_s,mean_switch_recovery_lag_s,recovery_observations,n_agents
20261014,0.0,SENSORY_SITE_FB,0.1314838741815826,0.14652,2.7284916201117317,6.586666666666671,nan,0,50
20261014,0.0,OUTPUT_SITE_FB,0.029236046117553854,1.0,200.0,200.0,nan,0,50
20261014,0.0,NO_FEEDBACK,0.04500389208917998,0.03976,0.7967935871743488,1.4666666666666666,nan,0,50
20261014,40.0,SENSORY_SITE_FB,0.08019897729185994,0.14310666666666666,2.715496521189121,6.186666666666671,1.2652278177458034,139,50
20261014,40.0,OUTPUT_SITE_FB,0.005831606263608062,1.0,200.0,200.0,0.0,100,50
20261014,40.0,NO_FEEDBACK,0.008885945606947481,0.03954666666666667,0.7877822045152723,1.4666666666666666,1.2475452196382428,129,50
20261014,20.0,SENSORY_SITE_FB,0.059481247766006,0.1438,2.72865275142315,6.720000000000004,1.3407407407407406,324,50
20261014,20.0,OUTPUT_SITE_FB,-1.950369987850431e-05,1.0,200.0,200.0,0.0,222,50
20261014,20.0,NO_FEEDBACK,0.007328326775653517,0.03956,0.7896207584830339,1.4666666666666666,1.117256162915327,311,50
20261014,10.0,SENSORY_SITE_FB,0.045889076154475725,0.13054666666666667,2.4130622304374616,6.133333333333333,1.3272904483430799,684,50
20261014,10.0,OUTPUT_SITE_FB,-1.9503699878352433e-05,1.0,200.0,200.0,0.0,472,50
20261014,10.0,NO_FEEDBACK,-0.0006970129676767603,0.04001333333333333,0.8099865047233468,1.4666666666666666,1.1543967280163598,652,50
20261014,5.0,SENSORY_SITE_FB,0.02097110569816812,0.11805333333333333,2.1118664281454977,5.2,2.198023920956838,1923,50
20261014,5.0,OUTPUT_SITE_FB,0.00037057029768746466,1.0,200.0,200.0,2.5001734304543874,1922,50
20261014,5.0,NO_FEEDBACK,0.018077626248064305,0.039933333333333335,0.8116531165311652,1.586666666666671,2.1758584807492194,1922,50
20261015,0.0,SENSORY_SITE_FB,0.12830739483848128,0.1828,3.2183098591549295,7.2,nan,0,50
20261015,0.0,OUTPUT_SITE_FB,0.1398689743458144,1.0,200.0,200.0,nan,0,50
20261015,0.0,NO_FEEDBACK,0.11435167055702393,0.045893333333333335,0.875826972010178,1.6,nan,0,50
20261015,40.0,SENSORY_SITE_FB,0.09562449354515244,0.17405333333333334,3.0061024755325274,6.720000000000012,1.4533333333333334,150,50
20261015,40.0,OUTPUT_SITE_FB,0.027899148318478638,1.0,200.0,200.0,0.0,100,50
20261015,40.0,NO_FEEDBACK,-0.015488817946163294,0.04461333333333333,0.8513994910941476,1.6,1.0676328502415457,138,50
20261015,20.0,SENSORY_SITE_FB,0.08017564811090373,0.16117333333333334,2.8276023391812863,6.680000000000003,1.5886608015640273,341,50
20261015,20.0,OUTPUT_SITE_FB,-9.330818835644799e-05,1.0,200.0,200.0,0.0,221,50
20261015,20.0,NO_FEEDBACK,0.026213559831103628,0.04364,0.8360153256704981,1.4666666666666666,1.524045407636739,323,50
20261015,10.0,SENSORY_SITE_FB,0.05647594164926288,0.14321333333333333,2.431465761177136,6.0,1.4907166907166907,693,50
20261015,10.0,OUTPUT_SITE_FB,-9.33081883559403e-05,1.0,200.0,200.0,0.0,471,50
20261015,10.0,NO_FEEDBACK,0.003940938119186327,0.04436,0.8547206165703276,1.6,1.2671771311893825,653,50
20261015,5.0,SENSORY_SITE_FB,0.014877764077435183,0.12977333333333332,2.2032823995472555,5.2,2.2206465067778933,1918,50
20261015,5.0,OUTPUT_SITE_FB,0.0017728555787662461,1.0,200.0,200.0,2.500086760367864,1921,50
20261015,5.0,NO_FEEDBACK,-0.002545824362565835,0.04276,0.8175908221797322,1.4666666666666666,2.2275897969807392,1921,50
20261016,0.0,SENSORY_SITE_FB,0.1116637914016036,0.15246666666666667,3.08013468013468,8.160000000000005,nan,0,50
20261016,0.0,OUTPUT_SITE_FB,0.06703997613969914,1.0,200.0,200.0,nan,0,50
20261016,0.0,NO_FEEDBACK,-0.030988556051777846,0.04070666666666667,0.881096681096681,1.7333333333333334,nan,0,50
20261016,40.0,SENSORY_SITE_FB,0.08976421962905766,0.15214666666666668,3.0187830687830686,8.133333333333333,1.587637969094923,151,50
20261016,40.0,OUTPUT_SITE_FB,0.013372216721661334,1.0,200.0,200.0,0.0,100,50
20261016,40.0,NO_FEEDBACK,-0.018922091445870603,0.042146666666666666,0.9122655122655122,1.8666666666666667,1.097810218978102,137,50
20261016,20.0,SENSORY_SITE_FB,0.09275142136528909,0.14498666666666668,2.820752269779507,6.893333333333332,1.380146290491118,319,50
20261016,20.0,OUTPUT_SITE_FB,-4.4723132848128343e-05,1.0,200.0,200.0,0.0,222,50
20261016,20.0,NO_FEEDBACK,0.012387829407824387,0.04052,0.8732758620689655,1.8666666666666667,1.1109691160809372,313,50
20261016,10.0,SENSORY_SITE_FB,0.04962491651453605,0.13453333333333334,2.648293963254593,6.8,1.267269076305221,664,50
20261016,10.0,OUTPUT_SITE_FB,-4.4723132848219294e-05,1.0,200.0,200.0,0.0,472,50
20261016,10.0,NO_FEEDBACK,0.009740518418884752,0.03924,0.8384615384615385,1.7333333333333334,1.1765903307888042,655,50
20261016,5.0,SENSORY_SITE_FB,0.011740027391034422,0.115,2.2072936660268714,5.466666666666667,2.268473163105784,1919,50
20261016,5.0,OUTPUT_SITE_FB,0.0008497395241189966,1.0,200.0,200.0,2.5001734304543874,1922,50
20261016,5.0,NO_FEEDBACK,0.010731063757179029,0.039586666666666666,0.855003599712023,1.7333333333333334,2.230713170223841,1921,50
20261017,0.0,SENSORY_SITE_FB,0.07378685218338785,0.17618666666666666,3.7014005602240894,9.133333333333333,nan,0,50
20261017,0.0,OUTPUT_SITE_FB,0.07770375302007501,1.0,200.0,200.0,nan,0,50
20261017,0.0,NO_FEEDBACK,-0.008593296071917524,0.03914666666666667,0.8641648270787344,1.6,nan,0,50
20261017,40.0,SENSORY_SITE_FB,0.10712575927185622,0.15406666666666666,3.1442176870748297,8.013333333333335,1.6495495495495498,148,50
20261017,40.0,OUTPUT_SITE_FB,0.01549928095597248,1.0,200.0,200.0,0.0,100,50
20261017,40.0,NO_FEEDBACK,0.010351001443321161,0.0388,0.8546255506607929,1.6,1.272549019607843,136,50
20261017,20.0,SENSORY_SITE_FB,0.08912582068591716,0.15333333333333332,3.110209601081812,8.106666666666667,1.3447852760736196,326,50
20261017,20.0,OUTPUT_SITE_FB,-5.183706005354072e-05,1.0,200.0,200.0,0.0,221,50
20261017,20.0,NO_FEEDBACK,-0.006681702128198657,0.03982666666666667,0.8753113553113553,1.680000000000003,1.1723522853957635,299,50
20261017,10.0,SENSORY_SITE_FB,0.04079148831910345,0.12782666666666667,2.5113294040602487,6.186666666666664,1.4349112426035504,676,50
20261017,10.0,OUTPUT_SITE_FB,-5.1837060053208187e-05,1.0,200.0,200.0,0.0,471,50
20261017,10.0,NO_FEEDBACK,0.009184045847994217,0.03868,0.8614699331848552,1.6,1.237366003062787,653,50
20261017,5.0,SENSORY_SITE_FB,0.020183779081593953,0.12272,2.378294573643411,5.6,2.216336461591936,1918,50
20261017,5.0,OUTPUT_SITE_FB,0.000984904141014911,1.0,200.0,200.0,2.500086760367864,1921,50
20261017,5.0,NO_FEEDBACK,0.0024783787573980504,0.0388,0.8584070796460177,1.6,2.2174487313173445,1918,50
20261018,0.0,SENSORY_SITE_FB,0.11441916620602029,0.16484,3.2258317025440313,8.0,nan,0,50
20261018,0.0,OUTPUT_SITE_FB,-0.08433530532705209,1.0,200.0,200.0,nan,0,50
20261018,0.0,NO_FEEDBACK,0.07142557373847444,0.045053333333333334,0.9083333333333333,1.7333333333333334,nan,0,50
20261018,40.0,SENSORY_SITE_FB,0.10247159515329897,0.15922666666666666,3.103833658219623,7.333333333333333,1.4252252252252253,148,50
20261018,40.0,OUTPUT_SITE_FB,-0.01682205223001219,1.0,200.0,200.0,0.0,100,50
20261018,40.0,NO_FEEDBACK,0.01603179249757108,0.04428,0.887374749498998,1.6,1.2666666666666668,142,50
20261018,20.0,SENSORY_SITE_FB,0.08831191207212731,0.15097333333333332,2.9315210355987054,6.880000000000003,1.4590956887486854,317,50
20261018,20.0,OUTPUT_SITE_FB,5.626104424763874e-05,1.0,200.0,200.0,0.0,226,50
20261018,20.0,NO_FEEDBACK,0.017078347430926066,0.04482666666666667,0.9223593964334705,1.7333333333333334,1.404,300,50
20261018,10.0,SENSORY_SITE_FB,0.06828132082433802,0.13973333333333332,2.697554697554698,6.706666666666668,1.534407027818448,683,50
20261018,10.0,OUTPUT_SITE_FB,5.6261044247424506e-05,1.0,200.0,200.0,0.0,476,50
20261018,10.0,NO_FEEDBACK,0.01464233507973602,0.04577333333333333,0.9265856950067476,1.7333333333333334,1.3181818181818181,660,50
20261018,5.0,SENSORY_SITE_FB,0.010090597596577634,0.1218,2.32,5.466666666666667,2.22780674313521,1918,50
20261018,5.0,OUTPUT_SITE_FB,-0.0010689598407031986,1.0,200.0,200.0,2.5005192107995846,1926,50
20261018,5.0,NO_FEEDBACK,0.0018230281235653877,0.043813333333333336,0.8815560026827631,1.7333333333333334,2.2336455081512314,1922,50
20261019,0.0,SENSORY_SITE_FB,0.15894829598328428,0.1488,2.856046065259117,6.266666666666667,nan,0,50
20261019,0.0,OUTPUT_SITE_FB,-0.05779044065661609,1.0,200.0,200.0,nan,0,50
20261019,0.0,NO_FEEDBACK,0.08412296660922207,0.043533333333333334,0.8848238482384824,1.6,nan,0,50
20261019,40.0,SENSORY_SITE_FB,0.10111826759881085,0.14730666666666667,2.77937106918239,6.666666666666667,1.4648148148148148,144,50
20261019,40.0,OUTPUT_SITE_FB,-0.011527246001553644,1.0,200.0,200.0,0.0,100,50
20261019,40.0,NO_FEEDBACK,0.01709515215616095,0.043853333333333334,0.8753160345974716,1.6,1.251643192488263,142,50
20261019,20.0,SENSORY_SITE_FB,0.06713346684020302,0.13312,2.5259962049335862,6.053333333333338,1.4963427377220482,319,50
20261019,20.0,OUTPUT_SITE_FB,3.855266221261324e-05,1.0,200.0,200.0,0.0,229,50
20261019,20.0,NO_FEEDBACK,0.019302399472898045,0.04276,0.8655870445344129,1.6,1.311392405063291,316,50
20261019,10.0,SENSORY_SITE_FB,0.06049888041877033,0.13494666666666666,2.580242192479286,6.480000000000003,1.500342633382281,681,50
20261019,10.0,OUTPUT_SITE_FB,3.8552662212165955e-05,1.0,200.0,200.0,0.0,479,50
20261019,10.0,NO_FEEDBACK,0.019069848985494967,0.04290666666666667,0.8668013468013468,1.6,1.3171225937183386,658,50
20261019,5.0,SENSORY_SITE_FB,0.02304842198750936,0.11885333333333334,2.25528146742568,5.333333333333333,2.233905951761235,1921,50
20261019,5.0,OUTPUT_SITE_FB,-0.0007325005820384092,1.0,200.0,200.0,2.500777604976671,1929,50
20261019,5.0,NO_FEEDBACK,0.012865113529702352,0.04256,0.8597979797979798,1.6,2.2023276011811705,1919,50
20261020,0.0,SENSORY_SITE_FB,0.08222825804639218,0.15565333333333334,3.0341780376868095,7.600000000000008,nan,0,50
20261020,0.0,OUTPUT_SITE_FB,-0.015565938453154283,1.0,200.0,200.0,nan,0,50
20261020,0.0,NO_FEEDBACK,0.04172007231994289,0.0426,0.8640973630831643,1.4666666666666666,nan,0,50
20261020,40.0,SENSORY_SITE_FB,0.1162666318907136,0.15565333333333334,2.8985723153320917,7.253333333333337,1.5060402684563758,149,50
20261020,40.0,OUTPUT_SITE_FB,-0.003104880318541613,1.0,200.0,200.0,0.0,100,50
20261020,40.0,NO_FEEDBACK,-0.004335019637221348,0.042,0.8571428571428572,1.480000000000003,1.3125925925925925,135,50
20261020,20.0,SENSORY_SITE_FB,0.06011469591482822,0.13933333333333334,2.643896268184693,6.453333333333338,1.3831223628691984,316,50
20261020,20.0,OUTPUT_SITE_FB,1.0384215112314443e-05,1.0,200.0,200.0,0.0,224,50
20261020,20.0,NO_FEEDBACK,0.002815616783706102,0.04132,0.8502057613168724,1.6,1.2250559284116331,298,50
20261020,10.0,SENSORY_SITE_FB,0.0450622741582285,0.13384,2.5110694183864917,6.266666666666667,1.3663716814159292,678,50
20261020,10.0,OUTPUT_SITE_FB,1.038421511209746e-05,1.0,200.0,200.0,0.0,474,50
20261020,10.0,NO_FEEDBACK,0.0120289401642093,0.04296,0.8785276073619632,1.6,1.156570268899036,657,50
20261020,5.0,SENSORY_SITE_FB,0.020177098407130237,0.11690666666666667,2.156949569495695,5.186666666666671,2.22745915884602,1918,50
20261020,5.0,OUTPUT_SITE_FB,-0.0001973000871313264,1.0,200.0,200.0,2.5003465003465,1924,50
20261020,5.0,NO_FEEDBACK,0.008678359408596893,0.041813333333333334,0.8498644986449865,1.6,2.215256008359457,1914,50
20261021,0.0,SENSORY_SITE_FB,0.09756060458937615,0.16073333333333334,3.273591310251188,8.266666666666666,nan,0,50
20261021,0.0,OUTPUT_SITE_FB,0.16614182947059386,1.0,200.0,200.0,nan,0,50
20261021,0.0,NO_FEEDBACK,0.02474472078773385,0.04201333333333333,0.9093795093795093,1.7333333333333334,nan,0,50
20261021,40.0,SENSORY_SITE_FB,0.11548975879122964,0.14909333333333333,2.9699867197875163,8.253333333333337,1.4509259259259257,144,50
20261021,40.0,OUTPUT_SITE_FB,0.033139697806343286,1.0,200.0,200.0,0.0,100,50
20261021,40.0,NO_FEEDBACK,0.026706519251219783,0.04190666666666667,0.9031609195402299,1.8666666666666667,1.5022222222222221,135,50
20261021,20.0,SENSORY_SITE_FB,0.09321626320372238,0.14994666666666667,2.945907007203667,7.866666666666666,1.376047904191617,334,50
20261021,20.0,OUTPUT_SITE_FB,-0.00011083510971972323,1.0,200.0,200.0,0.0,220,50
20261021,20.0,NO_FEEDBACK,0.02486446103573179,0.04085333333333333,0.8766809728183118,1.6,1.39447983014862,314,50
20261021,10.0,SENSORY_SITE_FB,0.04308084969576832,0.12781333333333333,2.4963541666666664,6.386666666666671,1.3201201201201203,666,50
20261021,10.0,OUTPUT_SITE_FB,-0.00011083510972060217,1.0,200.0,200.0,0.0,470,50
20261021,10.0,NO_FEEDBACK,0.001258613897588571,0.04112,0.89004329004329,1.7333333333333334,1.2578538102643857,643,50
20261021,5.0,SENSORY_SITE_FB,0.01655959840157365,0.11784,2.2881553398058254,5.466666666666667,2.242862129144852,1910,50
20261021,5.0,OUTPUT_SITE_FB,0.0021058670846839686,1.0,200.0,200.0,2.5,1920,50
20261021,5.0,NO_FEEDBACK,0.0016558557521152665,0.04144,0.8854700854700855,1.7733333333333348,2.2509147935180347,1913,50
20261022,0.0,SENSORY_SITE_FB,0.11292046896949892,0.17632,3.4236893203883496,8.34666666666667,nan,0,50
20261022,0.0,OUTPUT_SITE_FB,0.0023159847730418242,1.0,200.0,200.0,nan,0,50
20261022,0.0,NO_FEEDBACK,-0.013774115940913477,0.04488,0.9012048192771084,1.7333333333333334,nan,0,50
20261022,40.0,SENSORY_SITE_FB,0.09776469193935876,0.16176,3.0636363636363635,8.173333333333336,1.552183908045977,145,50
20261022,40.0,OUTPUT_SITE_FB,0.00046196093871874025,1.0,200.0,200.0,0.0,100,50
20261022,40.0,NO_FEEDBACK,-0.0038523652796170994,0.044386666666666665,0.9003380662609872,1.6,1.2238805970149254,134,50
20261022,20.0,SENSORY_SITE_FB,0.0636356600998344,0.14172,2.6099447513812155,7.040000000000002,1.4748387096774194,310,50
20261022,20.0,OUTPUT_SITE_FB,-1.5450198621310473e-06,1.0,200.0,200.0,0.0,226,50
20261022,20.0,NO_FEEDBACK,0.014353621599130222,0.043706666666666665,0.8829629629629628,1.6,1.2709401709401709,312,50
20261022,10.0,SENSORY_SITE_FB,0.06227691108979385,0.14312,2.64547134935305,6.8,1.4080543425521592,687,50
20261022,10.0,OUTPUT_SITE_FB,-1.5450198618277788e-06,1.0,200.0,200.0,0.0,476,50
20261022,10.0,NO_FEEDBACK,0.016985457542257092,0.04481333333333333,0.8909211398277005,1.7333333333333334,1.2349726775956285,671,50
20261022,5.0,SENSORY_SITE_FB,0.017640925872361442,0.12810666666666667,2.3549019607843134,5.733333333333333,2.2249913464866733,1926,50
20261022,5.0,OUTPUT_SITE_FB,2.935537737686068e-05,1.0,200.0,200.0,2.5005192107995846,1926,50
20261022,5.0,NO_FEEDBACK,0.011950701225854005,0.04374666666666667,0.8749333333333333,1.7333333333333334,2.1854469854469856,1924,50
20261023,0.0,SENSORY_SITE_FB,0.09754111455300071,0.17158666666666667,3.2436042848141144,8.053333333333331,nan,0,50
20261023,0.0,OUTPUT_SITE_FB,0.2116765137037321,1.0,200.0,200.0,nan,0,50
20261023,0.0,NO_FEEDBACK,0.024228106881643122,0.04533333333333334,0.8906352324819908,1.6,nan,0,50
20261023,40.0,SENSORY_SITE_FB,0.11239815105745625,0.16722666666666666,3.074019607843137,7.693333333333332,1.4045662100456622,146,50
20261023,40.0,OUTPUT_SITE_FB,0.04222233328713487,1.0,200.0,200.0,0.0,100,50
20261023,40.0,NO_FEEDBACK,-0.001989615766087015,0.04602666666666667,0.9114191419141914,1.7333333333333334,1.1990610328638498,142,50
20261023,20.0,SENSORY_SITE_FB,0.09400766310440938,0.16122666666666666,2.942092457420925,7.2,1.3167728237791934,314,50
20261023,20.0,OUTPUT_SITE_FB,-0.000141211817014144,1.0,200.0,200.0,0.0,218,50
20261023,20.0,NO_FEEDBACK,-0.01351100210524331,0.0466,0.9083820662768031,1.7333333333333334,1.2168284789644013,309,50
20261023,10.0,SENSORY_SITE_FB,0.03997166971659362,0.14048,2.4863716814159296,5.733333333333333,1.429457364341085,688,50
20261023,10.0,OUTPUT_SITE_FB,-0.0001412118170141248,1.0,200.0,200.0,0.0,468,50
20261023,10.0,NO_FEEDBACK,-0.004189500191451668,0.045373333333333335,0.8861979166666667,1.6,1.3597979797979798,660,50
20261023,5.0,SENSORY_SITE_FB,0.020206852843630982,0.13221333333333332,2.3779376498800957,5.8,2.1828372497824193,1915,50
20261023,5.0,OUTPUT_SITE_FB,0.0026830245232626736,1.0,200.0,200.0,2.4998262078554045,1918,50
20261023,5.0,NO_FEEDBACK,0.011230049513920492,0.04465333333333334,0.879002624671916,1.6,2.1617805599026254,1917,50
20261024,0.0,SENSORY_SITE_FB,0.08650825929013922,0.15378666666666665,3.0573889993373093,7.5466666666666695,nan,0,50
20261024,0.0,OUTPUT_SITE_FB,0.0560224980305665,1.0,200.0,200.0,nan,0,50
20261024,0.0,NO_FEEDBACK,0.0097160345469331,0.03964,0.8122950819672131,1.6,nan,0,50
20261024,40.0,SENSORY_SITE_FB,0.12848699821767856,0.16170666666666667,3.2212483399734393,8.773333333333342,1.5910514541387022,149,50
20261024,40.0,OUTPUT_SITE_FB,0.011174601008098878,1.0,200.0,200.0,0.0,100,50
20261024,40.0,NO_FEEDBACK,0.009478209776601174,0.040106666666666665,0.8218579234972677,1.6,1.336296296296296,135,50
20261024,20.0,SENSORY_SITE_FB,0.09912814935761581,0.13730666666666666,2.6713359273670556,7.866666666666666,1.6083333333333336,336,50
20261024,20.0,OUTPUT_SITE_FB,-3.7373247519545316e-05,1.0,200.0,200.0,0.0,225,50
20261024,20.0,NO_FEEDBACK,0.022317335715329723,0.03944,0.811522633744856,1.5333333333333332,1.4020964360587003,318,50
20261024,10.0,SENSORY_SITE_FB,0.04747202635131574,0.1236,2.3453510436432636,5.7866666666666715,1.4222222222222223,678,50
20261024,10.0,OUTPUT_SITE_FB,-3.737324751930533e-05,1.0,200.0,200.0,0.0,475,50
20261024,10.0,NO_FEEDBACK,0.013600299909610598,0.03970666666666667,0.8136612021857923,1.5066666666666682,1.1243628950050968,654,50
20261024,5.0,SENSORY_SITE_FB,0.013800553651431988,0.11114666666666667,2.0892230576441104,5.053333333333338,2.24005544005544,1924,50
20261024,5.0,OUTPUT_SITE_FB,0.0007100917028556125,1.0,200.0,200.0,2.5004329004329002,1925,50
20261024,5.0,NO_FEEDBACK,0.003806013236226832,0.04012,0.8204498977505111,1.6,2.250294831772459,1922,50
20261025,0.0,SENSORY_SITE_FB,0.14651832097622786,0.16732,3.1992351816443594,7.840000000000002,nan,0,50
20261025,0.0,OUTPUT_SITE_FB,-0.0567682923739384,1.0,200.0,200.0,nan,0,50
20261025,0.0,NO_FEEDBACK,0.03938631124763233,0.04216,0.8710743801652893,1.6,nan,0,50
20261025,40.0,SENSORY_SITE_FB,0.08492257318260427,0.15265333333333334,2.874827369742624,7.333333333333333,1.3580246913580245,135,50
20261025,40.0,OUTPUT_SITE_FB,-0.011323361854441136,1.0,200.0,200.0,0.0,100,50
20261025,40.0,NO_FEEDBACK,-0.00866597126768936,0.042133333333333335,0.875952875952876,1.6,1.05985401459854,137,50
20261025,20.0,SENSORY_SITE_FB,0.10516035672149815,0.15370666666666666,3.0436963696369634,8.080000000000004,1.7013499480789205,321,50
20261025,20.0,OUTPUT_SITE_FB,3.787077543305326e-05,1.0,200.0,200.0,0.0,227,50
20261025,20.0,NO_FEEDBACK,0.014772317292651311,0.041826666666666665,0.8732080723729992,1.6,1.573941368078176,307,50
20261025,10.0,SENSORY_SITE_FB,0.04167386769852316,0.13050666666666666,2.430291744258225,5.6,1.4627623230844313,683,50
20261025,10.0,OUTPUT_SITE_FB,3.787077543313835e-05,1.0,200.0,200.0,0.0,477,50
20261025,10.0,NO_FEEDBACK,0.012804536569476053,0.0414,0.8589211618257262,1.4666666666666666,1.3646115288220553,665,50
20261025,5.0,SENSORY_SITE_FB,0.013094545700931312,0.11606666666666667,2.1493827160493826,5.066666666666666,2.2527301092043683,1923,50
20261025,5.0,OUTPUT_SITE_FB,-0.0007195447332255247,1.0,200.0,200.0,2.5006054315862305,1927,50
20261025,5.0,NO_FEEDBACK,0.01320890155862492,0.04196,0.8815126050420168,1.5333333333333332,2.212502164502164,1925,50
20261026,0.0,SENSORY_SITE_FB,0.14149696878508305,0.16669333333333333,3.1994881637875876,7.2,nan,0,50
20261026,0.0,OUTPUT_SITE_FB,0.045305673664041424,1.0,200.0,200.0,nan,0,50
20261026,0.0,NO_FEEDBACK,-0.011657648758625067,0.0398,0.8291666666666666,1.7333333333333334,nan,0,50
20261026,40.0,SENSORY_SITE_FB,0.10077452882969774,0.16198666666666667,3.0854603174603175,7.94666666666667,1.3343065693430658,137,50
20261026,40.0,OUTPUT_SITE_FB,0.009036955587423226,1.0,200.0,200.0,0.0,100,50
20261026,40.0,NO_FEEDBACK,0.040507615265401316,0.04157333333333333,0.8519125683060109,1.7333333333333334,1.041904761904762,140,50
20261026,20.0,SENSORY_SITE_FB,0.04658410583472493,0.14353333333333335,2.7339682539682544,7.066666666666666,1.4488322717622082,314,50
20261026,20.0,OUTPUT_SITE_FB,-3.0223931729941002e-05,1.0,200.0,200.0,0.0,224,50
20261026,20.0,NO_FEEDBACK,0.01036430340045418,0.03924,0.8141078838174273,1.6,1.2949891067538126,306,50
20261026,10.0,SENSORY_SITE_FB,0.04240422597712004,0.12726666666666667,2.383270911360799,5.693333333333332,1.4350414836505612,683,50
20261026,10.0,OUTPUT_SITE_FB,-3.0223931730519915e-05,1.0,200.0,200.0,0.0,474,50
20261026,10.0,NO_FEEDBACK,-0.0111715152270537,0.03886666666666667,0.8013745704467353,1.6,1.261793675479523,643,50
20261026,5.0,SENSORY_SITE_FB,0.021795618139162382,0.12161333333333334,2.219221411192214,5.240000000000001,2.207994438651373,1918,50
20261026,5.0,OUTPUT_SITE_FB,0.0005742547028798389,1.0,200.0,200.0,2.5003465003465006,1924,50
20261026,5.0,NO_FEEDBACK,0.011422540324605187,0.04006666666666667,0.8261168384879726,1.6,2.2086021505376343,1922,50
20261027,0.0,SENSORY_SITE_FB,0.03169349419595319,0.14154666666666665,2.802904290429043,6.4,nan,0,50
20261027,0.0,OUTPUT_SITE_FB,-0.11038933937556801,1.0,200.0,200.0,nan,0,50
20261027,0.0,NO_FEEDBACK,-0.03342758378373797,0.04337333333333333,0.8887978142076504,1.6,nan,0,50
20261027,40.0,SENSORY_SITE_FB,0.0932047480140817,0.14576,2.9210420841683367,6.933333333333334,1.3162162162162163,148,50
20261027,40.0,OUTPUT_SITE_FB,-0.022018954285052936,1.0,200.0,200.0,0.0,100,50
20261027,40.0,NO_FEEDBACK,0.019309597748609266,0.04404,0.8933062880324544,1.6,1.5270983213429254,139,50
20261027,20.0,SENSORY_SITE_FB,0.07369892131883016,0.14350666666666667,2.8473544973544973,7.293333333333332,1.1769392033542978,318,50
20261027,20.0,OUTPUT_SITE_FB,7.364198757527447e-05,1.0,200.0,200.0,0.0,231,50
20261027,20.0,NO_FEEDBACK,-0.0049227212709406784,0.04312,0.881799591002045,1.7333333333333334,1.0419595314164003,313,50
20261027,10.0,SENSORY_SITE_FB,0.0317938079028457,0.12536,2.4532289628180037,5.866666666666666,1.3633183408295853,667,50
20261027,10.0,OUTPUT_SITE_FB,7.364198757521159e-05,1.0,200.0,200.0,0.0,481,50
20261027,10.0,NO_FEEDBACK,0.005549417391009239,0.043533333333333334,0.8848238482384824,1.6,1.329255861365953,654,50
20261027,5.0,SENSORY_SITE_FB,0.016125656494679945,0.12216,2.4,5.6,2.2481868898186894,1912,50
20261027,5.0,OUTPUT_SITE_FB,-0.0013991977639331887,1.0,200.0,200.0,2.5009494217158634,1931,50
20261027,5.0,NO_FEEDBACK,0.005300757894442374,0.04296,0.8609218436873748,1.6,2.229138381201044,1915,50
20261028,0.0,SENSORY_SITE_FB,0.17328033837964327,0.17488,3.3891472868217054,8.266666666666666,nan,0,50
20261028,0.0,OUTPUT_SITE_FB,0.012029842403153673,1.0,200.0,200.0,nan,0,50
20261028,0.0,NO_FEEDBACK,0.04386796561770442,0.0426,0.8968421052631579,1.7333333333333334,nan,0,50
20261028,40.0,SENSORY_SITE_FB,0.13361534799999353,0.16602666666666666,3.281159420289855,8.266666666666666,1.5906759906759909,143,50
20261028,40.0,OUTPUT_SITE_FB,0.0023995482845513305,1.0,200.0,200.0,0.0,100,50
20261028,40.0,NO_FEEDBACK,-0.008161365832152611,0.042173333333333334,0.884136967155835,1.7333333333333334,1.3734335839598997,133,50
20261028,20.0,SENSORY_SITE_FB,0.06395072496293008,0.14988,2.8279245283018866,7.2133333333333365,1.3845201238390095,323,50
20261028,20.0,OUTPUT_SITE_FB,-8.0252450984025e-06,1.0,200.0,200.0,0.0,225,50
20261028,20.0,NO_FEEDBACK,-0.026990141365735017,0.041973333333333335,0.8855133614627285,1.6933333333333318,1.118742985409652,297,50
20261028,10.0,SENSORY_SITE_FB,0.04138919066910831,0.13396,2.4899628252788104,6.840000000000002,1.444181459566075,676,50
20261028,10.0,OUTPUT_SITE_FB,-8.025245098547363e-06,1.0,200.0,200.0,0.0,475,50
20261028,10.0,NO_FEEDBACK,0.007174526269635256,0.041773333333333336,0.8794385964912281,1.6,1.2303951367781154,658,50
20261028,5.0,SENSORY_SITE_FB,0.02204668616792801,0.1236,2.276243093922652,5.733333333333333,2.2604732080723724,1916,50
20261028,5.0,OUTPUT_SITE_FB,0.0001524796568779122,1.0,200.0,200.0,2.5004329004329,1925,50
20261028,5.0,NO_FEEDBACK,0.012845802271903357,0.04156,0.8786469344608879,1.6,2.203307223672759,1915,50
20261029,0.0,SENSORY_SITE_FB,0.1168036268757524,0.16978666666666667,3.4025384101536407,9.226666666666665,nan,0,50
20261029,0.0,OUTPUT_SITE_FB,0.09369779094759187,1.0,200.0,200.0,nan,0,50
20261029,0.0,NO_FEEDBACK,-0.007258305568184545,0.04332,0.9062761506276151,1.7333333333333334,nan,0,50
20261029,40.0,SENSORY_SITE_FB,0.13535834318649137,0.16461333333333333,3.3526137135098435,9.2,1.3712962962962962,144,50
20261029,40.0,OUTPUT_SITE_FB,0.01868955269735156,1.0,200.0,200.0,0.0,100,50
20261029,40.0,NO_FEEDBACK,0.0012832438779079383,0.04242666666666667,0.8857341684064023,1.7333333333333334,1.300243309002433,137,50
20261029,20.0,SENSORY_SITE_FB,0.09369221576948505,0.15116,2.963921568627451,6.933333333333334,1.45769622833843,327,50
20261029,20.0,OUTPUT_SITE_FB,-6.250686520883093e-05,1.0,200.0,200.0,0.0,221,50
20261029,20.0,NO_FEEDBACK,0.037199931035900406,0.0428,0.8972746331236897,1.7866666666666713,1.3452991452991454,312,50
20261029,10.0,SENSORY_SITE_FB,0.045836763162270214,0.12970666666666666,2.480050987890376,6.4,1.5691248770894788,678,50
20261029,10.0,OUTPUT_SITE_FB,-6.250686520850266e-05,1.0,200.0,200.0,0.0,471,50
20261029,10.0,NO_FEEDBACK,0.015483824370976515,0.041773333333333336,0.8925925925925926,1.7333333333333334,1.3518350930115637,663,50
20261029,5.0,SENSORY_SITE_FB,0.020265418759032296,0.11648,2.2271510516252393,5.2,2.2464793617759278,1922,50
20261029,5.0,OUTPUT_SITE_FB,0.0011876304389621176,1.0,200.0,200.0,2.500086760367864,1921,50
20261029,5.0,NO_FEEDBACK,0.014255176405638345,0.041346666666666664,0.8595980595980596,1.6,2.2184146763586012,1926,50
20261030,0.0,SENSORY_SITE_FB,0.11038072058519695,0.18934666666666666,3.7199738048461035,9.333333333333334,nan,0,50
20261030,0.0,OUTPUT_SITE_FB,-0.06377822020231019,1.0,200.0,200.0,nan,0,50
20261030,0.0,NO_FEEDBACK,-0.025487799259998962,0.041826666666666665,0.8677731673582296,1.6,nan,0,50
20261030,40.0,SENSORY_SITE_FB,0.10216592299341266,0.16737333333333335,3.3143234323432345,8.213333333333336,1.0235011990407672,139,50
20261030,40.0,OUTPUT_SITE_FB,-0.01272160629785862,1.0,200.0,200.0,0.0,100,50
20261030,40.0,NO_FEEDBACK,0.010983704545729075,0.04237333333333333,0.8718792866941015,1.7333333333333334,1.2130325814536342,133,50
20261030,20.0,SENSORY_SITE_FB,0.10555609628173765,0.15456,2.9609195402298853,6.933333333333334,1.2344900105152472,317,50
20261030,20.0,OUTPUT_SITE_FB,4.25471782539276e-05,1.0,200.0,200.0,0.0,230,50
20261030,20.0,NO_FEEDBACK,0.009465591699005618,0.04116,0.8451745379876796,1.6,1.4226537216828479,309,50
20261030,10.0,SENSORY_SITE_FB,0.05972127024484536,0.13258666666666666,2.5795071335927364,6.493333333333331,1.4090729783037474,676,50
20261030,10.0,OUTPUT_SITE_FB,4.254717825376133e-05,1.0,200.0,200.0,0.0,480,50
20261030,10.0,NO_FEEDBACK,0.011540627239421756,0.04256,0.8793388429752066,1.7333333333333334,1.2643962848297212,646,50
20261030,5.0,SENSORY_SITE_FB,0.014267995860473897,0.12212,2.308506616257089,5.3599999999999985,2.228175839390793,1926,50
20261030,5.0,OUTPUT_SITE_FB,-0.000808396386820403,1.0,200.0,200.0,2.500863557858376,1930,50
20261030,5.0,NO_FEEDBACK,0.005840183161966863,0.040946666666666666,0.8442611683848796,1.6,2.2454971369078605,1921,50
20261031,0.0,SENSORY_SITE_FB,0.1101080167523119,0.17472,3.347126436781609,8.133333333333333,nan,0,50
20261031,0.0,OUTPUT_SITE_FB,0.11806361673933864,1.0,200.0,200.0,nan,0,50
20261031,0.0,NO_FEEDBACK,0.031133543321680997,0.0444,0.9079754601226994,1.6,nan,0,50
20261031,40.0,SENSORY_SITE_FB,0.11941064094728465,0.16506666666666667,3.108600125549278,7.2,1.0684931506849316,146,50
20261031,40.0,OUTPUT_SITE_FB,0.02354971407942903,1.0,200.0,200.0,0.0,100,50
20261031,40.0,NO_FEEDBACK,0.01141874924588988,0.04293333333333333,0.8569527611443779,1.6,1.2854166666666667,128,50
20261031,20.0,SENSORY_SITE_FB,0.08651813259645505,0.15598666666666666,2.9047796399751706,7.066666666666666,1.3262054507337526,318,50
20261031,20.0,OUTPUT_SITE_FB,-7.876158555027714e-05,1.0,200.0,200.0,0.0,220,50
20261031,20.0,NO_FEEDBACK,-0.010913615280240107,0.04368,0.8824242424242424,1.6,1.1647964796479646,303,50
20261031,10.0,SENSORY_SITE_FB,0.066954166406664,0.14364,2.7517241379310344,6.7866666666666715,1.4135693215339233,678,50
20261031,10.0,OUTPUT_SITE_FB,-7.876158554992223e-05,1.0,200.0,200.0,0.0,470,50
20261031,10.0,NO_FEEDBACK,0.010347659183564284,0.04409333333333333,0.8943881000676132,1.6,1.3181357649442755,658,50
20261031,5.0,SENSORY_SITE_FB,0.021920124497462588,0.12453333333333333,2.2892156862745097,5.466666666666667,2.2324821955879797,1919,50
20261031,5.0,OUTPUT_SITE_FB,0.0014964701254485157,1.0,200.0,200.0,2.5,1920,50
20261031,5.0,NO_FEEDBACK,0.012242355814909655,0.04436,0.8819085487077535,1.706666666666668,2.1995841995841996,1924,50
20261032,0.0,SENSORY_SITE_FB,0.10357512662727106,0.16313333333333332,3.107301587301587,7.333333333333333,nan,0,50
20261032,0.0,OUTPUT_SITE_FB,0.09467353384407594,1.0,200.0,200.0,nan,0,50
20261032,0.0,NO_FEEDBACK,0.007083849080731423,0.04210666666666667,0.8371106693174287,1.7333333333333334,nan,0,50
20261032,40.0,SENSORY_SITE_FB,0.06623713079238991,0.1574,2.9475655430711614,7.026666666666665,1.5612612612612613,148,50
20261032,40.0,OUTPUT_SITE_FB,0.018884180533275494,1.0,200.0,200.0,0.0,100,50
20261032,40.0,NO_FEEDBACK,-0.02079815064259764,0.04324,0.8647999999999999,1.7333333333333334,1.5366906474820146,139,50
20261032,20.0,SENSORY_SITE_FB,0.10832939502511377,0.14757333333333333,2.748106765983861,7.066666666666666,1.5507507507507508,333,50
20261032,20.0,OUTPUT_SITE_FB,-6.315779442663505e-05,1.0,200.0,200.0,0.0,221,50
20261032,20.0,NO_FEEDBACK,0.018761753206305427,0.04348,0.8644135188866799,1.8400000000000014,1.3864118895966029,314,50
20261032,10.0,SENSORY_SITE_FB,0.049083301776321524,0.13870666666666667,2.5686419753086422,7.080000000000003,1.5959302325581395,688,50
20261032,10.0,OUTPUT_SITE_FB,-6.315779442580051e-05,1.0,200.0,200.0,0.0,471,50
20261032,10.0,NO_FEEDBACK,0.010998374926157661,0.04293333333333333,0.8569527611443779,1.7333333333333334,1.3347432024169186,662,50
20261032,5.0,SENSORY_SITE_FB,0.02033841374029934,0.12596,2.290181818181818,5.866666666666666,2.2182514803204456,1914,50
20261032,5.0,OUTPUT_SITE_FB,0.0011999980940875427,1.0,200.0,200.0,2.5000867603678643,1921,50
20261032,5.0,NO_FEEDBACK,0.011133239207077183,0.04412,0.8877263581488933,1.8666666666666667,2.2024330900243307,1918,50
20261033,0.0,SENSORY_SITE_FB,0.098049606191237,0.17124,3.286756238003839,8.4,nan,0,50
20261033,0.0,OUTPUT_SITE_FB,-0.056956182803889234,1.0,200.0,200.0,nan,0,50
20261033,0.0,NO_FEEDBACK,-0.00409733762238813,0.04430666666666667,0.8826029216467464,1.6,nan,0,50
20261033,40.0,SENSORY_SITE_FB,0.12536572723200612,0.1578,3.0346153846153845,7.466666666666667,1.6438228438228437,143,50
20261033,40.0,OUTPUT_SITE_FB,-0.01136083966535262,1.0,200.0,200.0,0.0,100,50
20261033,40.0,NO_FEEDBACK,0.03862651643810113,0.04456,0.8947791164658634,1.6,1.2917874396135265,138,50
20261033,20.0,SENSORY_SITE_FB,0.10433582662092292,0.14997333333333332,2.8404040404040405,7.2,1.4914046121593292,318,50
20261033,20.0,OUTPUT_SITE_FB,3.7996119282084705e-05,1.0,200.0,200.0,0.0,228,50
20261033,20.0,NO_FEEDBACK,0.031311005109164396,0.044533333333333334,0.8871181938911022,1.6,1.1145969498910673,306,50
20261033,10.0,SENSORY_SITE_FB,0.06470854444229365,0.14329333333333333,2.65358024691358,6.94666666666667,1.324586977648202,686,50
20261033,10.0,OUTPUT_SITE_FB,3.799611928232416e-05,1.0,200.0,200.0,0.0,478,50
20261033,10.0,NO_FEEDBACK,0.01113467989756915,0.04442666666666667,0.8867598137059215,1.6,1.1115897435897435,650,50
20261033,5.0,SENSORY_SITE_FB,-0.0008425103343573051,0.11925333333333334,2.1257278669043376,4.933333333333334,2.2724335591453877,1919,50
20261033,5.0,OUTPUT_SITE_FB,-0.0007219262663601803,1.0,200.0,200.0,2.5006915629322264,1928,50
20261033,5.0,NO_FEEDBACK,0.0020555568943726368,0.04225333333333333,0.8433799068529608,1.4666666666666666,2.241001564945227,1917,50
20261034,0.0,SENSORY_SITE_FB,0.13374133532397578,0.16710666666666665,3.322200132538105,7.9733333333333345,nan,0,50
20261034,0.0,OUTPUT_SITE_FB,0.08028540092252479,1.0,200.0,200.0,nan,0,50
20261034,0.0,NO_FEEDBACK,0.010959163748793549,0.04156,0.8379032258064516,1.6,nan,0,50
20261034,40.0,SENSORY_SITE_FB,0.10093827594871005,0.15836,3.111198428290766,7.466666666666667,1.4559284116331097,149,50
20261034,40.0,OUTPUT_SITE_FB,0.01601423273904927,1.0,200.0,200.0,0.0,100,50
20261034,40.0,NO_FEEDBACK,-0.010836644608326845,0.04164,0.839516129032258,1.6,1.2125603864734298,138,50
20261034,20.0,SENSORY_SITE_FB,0.08361134425907417,0.15116,2.946588693957115,7.733333333333333,1.6759545923632608,323,50
20261034,20.0,OUTPUT_SITE_FB,-5.355930681967766e-05,1.0,200.0,200.0,0.0,223,50
20261034,20.0,NO_FEEDBACK,0.018589031110033103,0.04204,0.8458752515090544,1.6,1.5314040728831726,311,50
20261034,10.0,SENSORY_SITE_FB,0.03898270693142655,0.13193333333333335,2.522625876354366,6.240000000000001,1.5713155291790306,674,50
20261034,10.0,OUTPUT_SITE_FB,-5.355930681938741e-05,1.0,200.0,200.0,0.0,473,50
20261034,10.0,NO_FEEDBACK,0.0032397182100921042,0.041466666666666666,0.8377104377104377,1.6,1.2967121901871523,659,50
20261034,5.0,SENSORY_SITE_FB,0.01645077671870281,0.11612,2.2287907869481765,5.333333333333333,2.239651871192341,1915,50
20261034,5.0,OUTPUT_SITE_FB,0.0010176268295716843,1.0,200.0,200.0,2.500260010400416,1923,50
20261034,5.0,NO_FEEDBACK,0.009476188709429213,0.04192,0.8537678207739308,1.7333333333333334,2.2228680159142016,1927,50
20261035,0.0,SENSORY_SITE_FB,0.10524755469494353,0.16824,3.305304518664047,7.7866666666666635,nan,0,50
20261035,0.0,OUTPUT_SITE_FB,-0.10427012129432514,1.0,200.0,200.0,nan,0,50
20261035,0.0,NO_FEEDBACK,0.06474759029928484,0.043146666666666667,0.8896219931271477,1.7333333333333334,nan,0,50
20261035,40.0,SENSORY_SITE_FB,0.09067822023242948,0.15734666666666666,3.0852287581699347,7.866666666666666,1.5602836879432622,141,50
20261035,40.0,OUTPUT_SITE_FB,-0.02079837642895462,1.0,200.0,200.0,0.0,100,50
20261035,40.0,NO_FEEDBACK,0.02822713382708832,0.04225333333333333,0.8748102139406487,1.7333333333333334,1.3263681592039802,134,50
20261035,20.0,SENSORY_SITE_FB,0.077820157997953,0.14993333333333334,2.888888888888889,7.466666666666667,1.569811320754717,318,50
20261035,20.0,OUTPUT_SITE_FB,6.955978738813435e-05,1.0,200.0,200.0,0.0,228,50
20261035,20.0,NO_FEEDBACK,0.0063162261631240614,0.04273333333333333,0.879286694101509,1.7333333333333334,1.2786102062975029,307,50
20261035,10.0,SENSORY_SITE_FB,0.05193079641386401,0.1302,2.5232558139534884,6.4,1.465686274509804,680,50
20261035,10.0,OUTPUT_SITE_FB,6.95597873881269e-05,1.0,200.0,200.0,0.0,478,50
20261035,10.0,NO_FEEDBACK,0.011327505836360541,0.04257333333333333,0.8706203135650988,1.7333333333333334,1.3735579377233282,653,50
20261035,5.0,SENSORY_SITE_FB,0.01908798206295542,0.1242,2.2915129151291516,5.720000000000004,2.2504251258025327,1921,50
20261035,5.0,OUTPUT_SITE_FB,-0.0013216359603684406,1.0,200.0,200.0,2.5006915629322273,1928,50
20261035,5.0,NO_FEEDBACK,0.006564360397406259,0.042613333333333336,0.8804407713498623,1.7333333333333334,2.230081724917405,1917,50
20261036,0.0,SENSORY_SITE_FB,0.14714420356784874,0.19350666666666666,3.5311435523114354,8.653333333333338,nan,0,50
20261036,0.0,OUTPUT_SITE_FB,-0.08893710940743345,1.0,200.0,200.0,nan,0,50
20261036,0.0,NO_FEEDBACK,0.08311850882301657,0.04804,0.8750455373406193,1.6,nan,0,50
20261036,40.0,SENSORY_SITE_FB,0.09606130980379156,0.18537333333333333,3.2578793204452254,8.053333333333331,1.8399999999999999,155,50
20261036,40.0,OUTPUT_SITE_FB,-0.017739957113290548,1.0,200.0,200.0,0.0,100,50
20261036,40.0,NO_FEEDBACK,0.007822888017867027,0.047786666666666665,0.880049109883364,1.7333333333333334,1.231050228310502,146,50
20261036,20.0,SENSORY_SITE_FB,0.10537701641514367,0.17028,2.9613913043478264,7.2,1.7579365079365081,336,50
20261036,20.0,OUTPUT_SITE_FB,5.9330960244906094e-05,1.0,200.0,200.0,0.0,227,50
20261036,20.0,NO_FEEDBACK,0.022502077686856633,0.04724,0.8683823529411764,1.6,1.6796697626418988,323,50
20261036,10.0,SENSORY_SITE_FB,0.03767113654989143,0.15002666666666667,2.609159420289855,6.346666666666669,1.3774524158125914,683,50
20261036,10.0,OUTPUT_SITE_FB,5.9330960245127603e-05,1.0,200.0,200.0,0.0,477,50
20261036,10.0,NO_FEEDBACK,-0.003736681424061197,0.047413333333333335,0.8747847478474785,1.7333333333333334,1.4522522522522523,666,50
20261036,5.0,SENSORY_SITE_FB,0.01683777027114916,0.14069333333333334,2.400910125142207,5.533333333333333,2.2272869837950857,1913,50
20261036,5.0,OUTPUT_SITE_FB,-0.0011272882446572395,1.0,200.0,200.0,2.5006054315862305,1927,50
20261036,5.0,NO_FEEDBACK,0.005261792308835765,0.04837333333333333,0.884338817794028,1.7333333333333334,2.195680947405085,1914,50
20261037,0.0,SENSORY_SITE_FB,0.06743273721211916,0.16013333333333332,3.004377736085053,7.6,nan,0,50
20261037,0.0,OUTPUT_SITE_FB,0.08183936348327533,1.0,200.0,200.0,nan,0,50
20261037,0.0,NO_FEEDBACK,-0.005304296508759101,0.04209333333333334,0.8418666666666667,1.7333333333333334,nan,0,50
20261037,40.0,SENSORY_SITE_FB,0.08945274888962901,0.15217333333333333,2.865787821720025,6.8,1.7140229885057474,145,50
20261037,40.0,OUTPUT_SITE_FB,0.016324195918278016,1.0,200.0,200.0,0.0,100,50
20261037,40.0,NO_FEEDBACK,0.01657806281382346,0.04216,0.8551724137931034,1.7333333333333334,1.5700483091787438,138,50
20261037,20.0,SENSORY_SITE_FB,0.0817108043690178,0.14322666666666667,2.667163252638113,6.666666666666667,1.4706349206349205,336,50
20261037,20.0,OUTPUT_SITE_FB,-5.459597297005931e-05,1.0,200.0,200.0,0.0,221,50
20261037,20.0,NO_FEEDBACK,0.010409623428585632,0.04274666666666667,0.853226879574185,1.4666666666666666,1.1705573080967404,317,50
20261037,10.0,SENSORY_SITE_FB,0.045092584738665537,0.12992,2.3283154121863796,5.733333333333333,1.4993275696445725,694,50
20261037,10.0,OUTPUT_SITE_FB,-5.459597297045669e-05,1.0,200.0,200.0,0.0,471,50
20261037,10.0,NO_FEEDBACK,0.0117832709802301,0.04290666666666667,0.8685560053981106,1.7333333333333334,1.2939530234882557,667,50
20261037,5.0,SENSORY_SITE_FB,0.010961873677992642,0.11829333333333333,2.194681508967223,5.066666666666666,2.2614799446749654,1928,50
20261037,5.0,OUTPUT_SITE_FB,0.0010373234864460242,1.0,200.0,200.0,2.500086760367864,1921,50
20261037,5.0,NO_FEEDBACK,0.005693643638063554,0.04309333333333333,0.874104124408384,1.7333333333333334,2.2152994115610936,1926,50
20261038,0.0,SENSORY_SITE_FB,0.08971781721315832,0.17345333333333332,3.119664268585132,7.733333333333333,nan,0,50
20261038,0.0,OUTPUT_SITE_FB,0.08912786971435847,1.0,200.0,200.0,nan,0,50
20261038,0.0,NO_FEEDBACK,-0.024036759881774894,0.04644,0.8845714285714286,1.7333333333333334,nan,0,50
20261038,40.0,SENSORY_SITE_FB,0.10581010264042627,0.17389333333333334,3.2083640836408365,7.6,1.352112676056338,142,50
20261038,40.0,OUTPUT_SITE_FB,0.017778007367975444,1.0,200.0,200.0,0.0,100,50
20261038,40.0,NO_FEEDBACK,0.004849947124794436,0.046213333333333335,0.8853128991060025,1.7333333333333334,1.317530864197531,135,50
20261038,20.0,SENSORY_SITE_FB,0.06525223015868832,0.15761333333333333,2.881413772090189,7.2,1.431138975966562,319,50
20261038,20.0,OUTPUT_SITE_FB,-5.9458218621986703e-05,1.0,200.0,200.0,0.0,221,50
20261038,20.0,NO_FEEDBACK,0.008689836072296071,0.04513333333333333,0.8420398009950248,1.6,1.4179072276159654,309,50
20261038,10.0,SENSORY_SITE_FB,0.04715120157752412,0.14754666666666666,2.616075650118203,6.626666666666665,1.5912790697674417,688,50
20261038,10.0,OUTPUT_SITE_FB,-5.945821862213094e-05,1.0,200.0,200.0,0.0,471,50
20261038,10.0,NO_FEEDBACK,0.013414894642805123,0.04464,0.8551724137931034,1.6,1.3485714285714285,665,50
20261038,5.0,SENSORY_SITE_FB,0.028486052265167296,0.14469333333333334,2.583809523809524,5.880000000000003,2.181641506159986,1921,50
20261038,5.0,OUTPUT_SITE_FB,0.0011297061538176776,1.0,200.0,200.0,2.500086760367864,1921,50
20261038,5.0,NO_FEEDBACK,0.012207719458829602,0.046733333333333335,0.8952745849297573,1.7333333333333334,2.153114697206316,1921,50
20261039,0.0,SENSORY_SITE_FB,0.1271128627278078,0.17625333333333335,3.313032581453634,8.64000000000001,nan,0,50
20261039,0.0,OUTPUT_SITE_FB,0.025491829181596516,1.0,200.0,200.0,nan,0,50
20261039,0.0,NO_FEEDBACK,0.010943019947295048,0.04290666666666667,0.8446194225721785,1.4666666666666666,nan,0,50
20261039,40.0,SENSORY_SITE_FB,0.13719659306237347,0.16641333333333333,3.1339610797237913,8.133333333333333,1.7649122807017543,152,50
20261039,40.0,OUTPUT_SITE_FB,0.005084761124281151,1.0,200.0,200.0,0.0,100,50
20261039,40.0,NO_FEEDBACK,0.022596819311375596,0.043386666666666664,0.8712182061579652,1.6,1.4526806526806526,143,50
20261039,20.0,SENSORY_SITE_FB,0.10382777856330136,0.15646666666666667,2.9191542288557217,7.533333333333333,1.4834834834834836,333,50
20261039,20.0,OUTPUT_SITE_FB,-1.7005890047120963e-05,1.0,200.0,200.0,0.0,223,50
20261039,20.0,NO_FEEDBACK,0.026712498459743283,0.043653333333333336,0.8661375661375661,1.6,1.3473251028806585,324,50
20261039,10.0,SENSORY_SITE_FB,0.07583551760292154,0.14749333333333334,2.647995212447636,6.720000000000004,1.5025787965616044,698,50
20261039,10.0,OUTPUT_SITE_FB,-1.7005890047457496e-05,1.0,200.0,200.0,0.0,473,50
20261039,10.0,NO_FEEDBACK,0.019893631586172866,0.04462666666666667,0.8784776902887139,1.6400000000000015,1.3526627218934912,676,50
20261039,5.0,SENSORY_SITE_FB,0.02341012824941479,0.12528,2.2736842105263158,5.466666666666667,2.2423230742479565,1917,50
20261039,5.0,OUTPUT_SITE_FB,0.00032311191090750134,1.0,200.0,200.0,2.5002600104004156,1923,50
20261039,5.0,NO_FEEDBACK,0.002263601507437734,0.04326666666666667,0.8533859303090071,1.6,2.2204351610095734,1915,50
20261040,0.0,SENSORY_SITE_FB,0.11631961812222191,0.19193333333333334,3.3264009243212014,8.85333333333333,nan,0,50
20261040,0.0,OUTPUT_SITE_FB,0.02095450819237942,1.0,200.0,200.0,nan,0,50
20261040,0.0,NO_FEEDBACK,0.03145523314407305,0.0472,0.890566037735849,1.7333333333333334,nan,0,50
20261040,40.0,SENSORY_SITE_FB,0.12361829585373955,0.17828,3.0791018998272883,7.760000000000006,1.5703703703703702,153,50
20261040,40.0,OUTPUT_SITE_FB,0.004179718445312528,1.0,200.0,200.0,0.0,100,50
20261040,40.0,NO_FEEDBACK,0.009492264934363604,0.0476,0.9066666666666666,1.7333333333333334,1.2065727699530515,142,50
20261040,20.0,SENSORY_SITE_FB,0.07711846726643376,0.17310666666666666,2.9743413516609394,7.6,1.4831785345717237,323,50
20261040,20.0,OUTPUT_SITE_FB,-1.3978991456077506e-05,1.0,200.0,200.0,0.0,223,50
20261040,20.0,NO_FEEDBACK,0.00135296819714372,0.047053333333333336,0.8877987421383648,1.7466666666666697,1.322077922077922,308,50
20261040,10.0,SENSORY_SITE_FB,0.060811357667336884,0.15261333333333332,2.6043230944254834,6.8,1.5400472813238768,705,50
20261040,10.0,OUTPUT_SITE_FB,-1.397899145586834e-05,1.0,200.0,200.0,0.0,473,50
20261040,10.0,NO_FEEDBACK,0.008750998039669998,0.046746666666666666,0.8786967418546365,1.7333333333333334,1.1865030674846626,652,50
20261040,5.0,SENSORY_SITE_FB,0.0206967084618556,0.13972,2.3681355932203387,6.0,2.1860013860013856,1924,50
20261040,5.0,OUTPUT_SITE_FB,0.00026560083766189233,1.0,200.0,200.0,2.500260010400416,1923,50
20261040,5.0,NO_FEEDBACK,0.007869496844013411,0.04666666666666667,0.888888888888889,1.7333333333333334,2.1797948182924705,1917,50
20261041,0.0,SENSORY_SITE_FB,0.10481829692193159,0.17677333333333334,3.3799872530274055,8.373333333333335,nan,0,50
20261041,0.0,OUTPUT_SITE_FB,0.029642987571276837,1.0,200.0,200.0,nan,0,50
20261041,0.0,NO_FEEDBACK,-0.03302812043297734,0.046746666666666666,0.9024453024453024,1.7333333333333334,nan,0,50
20261041,40.0,SENSORY_SITE_FB,0.12507656730466216,0.16694666666666666,3.198212005108557,7.986666666666671,1.420623501199041,139,50
20261041,40.0,OUTPUT_SITE_FB,0.005912777374124524,1.0,200.0,200.0,0.0,100,50
20261041,40.0,NO_FEEDBACK,0.017009560514953337,0.04556,0.8678095238095238,1.680000000000003,1.0958637469586374,137,50
20261041,20.0,SENSORY_SITE_FB,0.07526881104012881,0.14434666666666668,2.6485626911314983,6.613333333333336,1.1548654244306418,322,50
20261041,20.0,OUTPUT_SITE_FB,-1.9775175164598835e-05,1.0,200.0,200.0,0.0,226,50
20261041,20.0,NO_FEEDBACK,0.007106970266723712,0.04582666666666667,0.8745547073791349,1.6933333333333318,1.2501061571125267,314,50
20261041,10.0,SENSORY_SITE_FB,0.04944087132039073,0.13569333333333333,2.5128395061728392,6.266666666666667,1.4930596285434994,682,50
20261041,10.0,OUTPUT_SITE_FB,-1.9775175164633208e-05,1.0,200.0,200.0,0.0,476,50
20261041,10.0,NO_FEEDBACK,0.006924371557773953,0.04514666666666667,0.8732430689877498,1.7333333333333334,1.2880808080808082,660,50
20261041,5.0,SENSORY_SITE_FB,0.020428816104442072,0.12830666666666668,2.3118318318318316,5.466666666666667,2.224652777777778,1920,50
20261041,5.0,OUTPUT_SITE_FB,0.0003757283281214448,1.0,200.0,200.0,2.500519210799584,1926,50
20261041,5.0,NO_FEEDBACK,0.012735982499564926,0.04478666666666667,0.8596289187460012,1.6,2.2309771309771307,1924,50
20261042,0.0,SENSORY_SITE_FB,0.08668351259491444,0.17872,3.4106870229007633,8.666666666666666,nan,0,50
20261042,0.0,OUTPUT_SITE_FB,0.15696180628798856,1.0,200.0,200.0,nan,0,50
20261042,0.0,NO_FEEDBACK,0.01341126704160925,0.044706666666666665,0.8941333333333333,1.6,nan,0,50
20261042,40.0,SENSORY_SITE_FB,0.08785825409773675,0.16217333333333334,3.083143219264892,7.933333333333334,1.2544217687074828,147,50
20261042,40.0,OUTPUT_SITE_FB,0.03130859244837095,1.0,200.0,200.0,0.0,100,50
20261042,40.0,NO_FEEDBACK,0.018728109809947692,0.04432,0.8881763527054108,1.6,1.38628841607565,141,50
20261042,20.0,SENSORY_SITE_FB,0.0647757070226179,0.15414666666666665,2.8545679012345677,7.333333333333333,1.6491228070175439,342,50
20261042,20.0,OUTPUT_SITE_FB,-0.00010471101153361744,1.0,200.0,200.0,0.0,219,50
20261042,20.0,NO_FEEDBACK,-0.0004386235894939382,0.04482666666666667,0.8806810740013097,1.6,1.573001038421599,321,50
20261042,10.0,SENSORY_SITE_FB,0.04789212932349378,0.14513333333333334,2.70771144278607,6.933333333333334,1.4617502458210423,678,50
20261042,10.0,OUTPUT_SITE_FB,-0.00010471101153330267,1.0,200.0,200.0,0.0,469,50
20261042,10.0,NO_FEEDBACK,0.0016436782470916234,0.04488,0.8922465208747515,1.6,1.2831300813008129,656,50
20261042,5.0,SENSORY_SITE_FB,0.018642448148694247,0.12882666666666667,2.3768757687576874,5.466666666666667,2.1985370950888194,1914,50
20261042,5.0,OUTPUT_SITE_FB,0.001989509219127065,1.0,200.0,200.0,2.499913149209658,1919,50
20261042,5.0,NO_FEEDBACK,-0.00232173783482408,0.044213333333333334,0.8807436918990704,1.6,2.2254216657972528,1917,50
20261043,0.0,SENSORY_SITE_FB,0.10379482040441669,0.14970666666666665,2.935424836601307,7.613333333333336,nan,0,50
20261043,0.0,OUTPUT_SITE_FB,-0.09862444343591466,1.0,200.0,200.0,nan,0,50
20261043,0.0,NO_FEEDBACK,0.0753725454636598,0.04212,0.8793319415448851,1.6,nan,0,50
20261043,40.0,SENSORY_SITE_FB,0.11580290474541573,0.14148,2.7905325443786984,6.933333333333334,1.45413870246085,149,50
20261043,40.0,OUTPUT_SITE_FB,-0.01967225389415474,1.0,200.0,200.0,0.0,100,50
20261043,40.0,NO_FEEDBACK,0.052675400465046825,0.041653333333333334,0.869589422407794,1.4666666666666666,1.8127659574468085,141,50
20261043,20.0,SENSORY_SITE_FB,0.070182003972292,0.13786666666666667,2.7518296739853625,6.666666666666667,1.3762208067940551,314,50
20261043,20.0,OUTPUT_SITE_FB,6.57934912855552e-05,1.0,200.0,200.0,0.0,226,50
20261043,20.0,NO_FEEDBACK,0.008639800565133245,0.04254666666666667,0.8772508591065291,1.680000000000003,1.2989106753812638,306,50
20261043,10.0,SENSORY_SITE_FB,0.041758400656019656,0.12908,2.482307692307692,6.133333333333333,1.4798600699650175,667,50
20261043,10.0,OUTPUT_SITE_FB,6.579349128481801e-05,1.0,200.0,200.0,0.0,476,50
20261043,10.0,NO_FEEDBACK,0.010038906806160104,0.04172,0.8673596673596673,1.6,1.2799999999999998,645,50
20261043,5.0,SENSORY_SITE_FB,0.006436693090296701,0.12193333333333334,2.363049095607235,5.933333333333334,2.2463888888888888,1920,50
20261043,5.0,OUTPUT_SITE_FB,-0.001250076334411164,1.0,200.0,200.0,2.500519210799584,1926,50
20261043,5.0,NO_FEEDBACK,0.0013221370841583196,0.041773333333333336,0.8613058419243986,1.6,2.2040972222222224,1920,50
20261044,0.0,SENSORY_SITE_FB,0.05731723117622742,0.18008,3.4966990291262134,8.4,nan,0,50
20261044,0.0,OUTPUT_SITE_FB,0.12287697933058782,1.0,200.0,200.0,nan,0,50
20261044,0.0,NO_FEEDBACK,-0.001919023974760162,0.04136,0.8510288065843621,1.6,nan,0,50
20261044,40.0,SENSORY_SITE_FB,0.14061145725298899,0.16604,3.281422924901186,8.6,1.4216216216216218,148,50
20261044,40.0,OUTPUT_SITE_FB,0.02450981775840356,1.0,200.0,200.0,0.0,100,50
20261044,40.0,NO_FEEDBACK,0.00027319427699148486,0.04022666666666667,0.8363132363132363,1.4666666666666666,1.1485564304461944,127,50
20261044,20.0,SENSORY_SITE_FB,0.07065223701533001,0.14357333333333333,2.724351676154333,6.586666666666671,1.4938511326860842,309,50
20261044,20.0,OUTPUT_SITE_FB,-8.197263464407669e-05,1.0,200.0,200.0,0.0,221,50
20261044,20.0,NO_FEEDBACK,0.012124362553139064,0.040626666666666665,0.8376632302405498,1.4666666666666666,1.3608743169398907,305,50
20261044,10.0,SENSORY_SITE_FB,0.058259912752187996,0.13214666666666666,2.4654228855721394,5.866666666666666,1.4414361960213489,687,50
20261044,10.0,OUTPUT_SITE_FB,-8.197263464322333e-05,1.0,200.0,200.0,0.0,471,50
20261044,10.0,NO_FEEDBACK,0.0015268495630165173,0.040946666666666666,0.8477570738440304,1.5733333333333348,1.2892874937717986,669,50
20261044,5.0,SENSORY_SITE_FB,0.022740943076761833,0.12330666666666666,2.3353535353535353,5.6,2.2271656271656273,1924,50
20261044,5.0,OUTPUT_SITE_FB,0.0015574800582262092,1.0,200.0,200.0,2.5000867603678643,1921,50
20261044,5.0,NO_FEEDBACK,0.007837625462450674,0.040773333333333335,0.8406872852233677,1.6,2.1896821261073476,1919,50
20261045,0.0,SENSORY_SITE_FB,0.0895432840657233,0.16084,3.242741935483871,7.733333333333333,nan,0,50
20261045,0.0,OUTPUT_SITE_FB,-0.0760909683758681,1.0,200.0,200.0,nan,0,50
20261045,0.0,NO_FEEDBACK,0.06191284279492048,0.040613333333333335,0.8391184573002755,1.6,nan,0,50
20261045,40.0,SENSORY_SITE_FB,0.10921228544406889,0.15069333333333335,2.9899470899470897,7.25333333333333,1.4985915492957746,142,50
20261045,40.0,OUTPUT_SITE_FB,-0.01517758475275864,1.0,200.0,200.0,0.0,100,50
20261045,40.0,NO_FEEDBACK,0.05867083810685349,0.04037333333333333,0.8428670842032011,1.6,1.6946859903381644,138,50
20261045,20.0,SENSORY_SITE_FB,0.08518841502143443,0.1408,2.777120315581854,6.586666666666671,1.6186836518046708,314,50
20261045,20.0,OUTPUT_SITE_FB,5.076115302000126e-05,1.0,200.0,200.0,0.0,228,50
20261045,20.0,NO_FEEDBACK,0.02325520855579313,0.040573333333333336,0.8470424495476687,1.6,1.4671140939597316,298,50
20261045,10.0,SENSORY_SITE_FB,0.04000943282046355,0.12936,2.5069767441860464,6.0,1.4502994011976047,668,50
20261045,10.0,OUTPUT_SITE_FB,5.0761153019551305e-05,1.0,200.0,200.0,0.0,478,50
20261045,10.0,NO_FEEDBACK,0.01462171752969398,0.040986666666666664,0.8521136521136521,1.6,1.3412844036697247,654,50
20261045,5.0,SENSORY_SITE_FB,0.024774160746890796,0.11890666666666666,2.340682414698163,5.373333333333335,2.250477679346882,1919,50
20261045,5.0,OUTPUT_SITE_FB,-0.0009644619073657668,1.0,200.0,200.0,2.500691562932227,1928,50
20261045,5.0,NO_FEEDBACK,0.00904671226810581,0.04006666666666667,0.8347222222222223,1.6,2.2327260107582854,1921,50
20261046,0.0,SENSORY_SITE_FB,0.14686961513825367,0.16233333333333333,3.0286069651741294,7.733333333333333,nan,0,50
20261046,0.0,OUTPUT_SITE_FB,0.03572384994254316,1.0,200.0,200.0,nan,0,50
20261046,0.0,NO_FEEDBACK,0.08625055515118953,0.043973333333333336,0.8588541666666667,1.6,nan,0,50
20261046,40.0,SENSORY_SITE_FB,0.12283956163331856,0.16489333333333334,3.0535802469135804,7.893333333333339,1.7066666666666668,150,50
20261046,40.0,OUTPUT_SITE_FB,0.007125704558252492,1.0,200.0,200.0,0.0,100,50
20261046,40.0,NO_FEEDBACK,0.027462397717859823,0.04368,0.8432432432432433,1.6,1.6908212560386473,138,50
20261046,20.0,SENSORY_SITE_FB,0.07192579948934495,0.14448,2.646153846153846,6.333333333333333,1.293134328358209,335,50
20261046,20.0,OUTPUT_SITE_FB,-2.383178782065132e-05,1.0,200.0,200.0,0.0,225,50
20261046,20.0,NO_FEEDBACK,0.0299731415771576,0.04496,0.8646153846153846,1.6,1.0952076677316294,313,50
20261046,10.0,SENSORY_SITE_FB,0.04662950255895235,0.12926666666666667,2.3894023413431915,5.866666666666666,1.518789653489507,683,50
20261046,10.0,OUTPUT_SITE_FB,-2.3831787820673257e-05,1.0,200.0,200.0,0.0,475,50
20261046,10.0,NO_FEEDBACK,0.015310571681556825,0.043866666666666665,0.8567708333333334,1.6,1.3186746987951805,664,50
20261046,5.0,SENSORY_SITE_FB,0.012642023046971393,0.12161333333333334,2.126107226107226,5.066666666666666,2.1901696088611975,1926,50
20261046,5.0,OUTPUT_SITE_FB,0.00045280396858459246,1.0,200.0,200.0,2.5004329004329002,1925,50
20261046,5.0,NO_FEEDBACK,0.00040587840149184837,0.0446,0.861003861003861,1.6,2.192329149232915,1912,50
20261047,0.0,SENSORY_SITE_FB,0.13751575417252165,0.1554,2.982725527831094,8.133333333333333,nan,0,50
20261047,0.0,OUTPUT_SITE_FB,-0.1368941289148098,1.0,200.0,200.0,nan,0,50
20261047,0.0,NO_FEEDBACK,0.09132776903645791,0.038746666666666665,0.8140056022408962,1.6,nan,0,50
20261047,40.0,SENSORY_SITE_FB,0.12290553522546442,0.14674666666666666,2.8661458333333334,6.506666666666676,1.348965517241379,145,50
20261047,40.0,OUTPUT_SITE_FB,-0.0273057668749348,1.0,200.0,200.0,0.0,100,50
20261047,40.0,NO_FEEDBACK,0.021204806420435266,0.038586666666666665,0.8106442577030811,1.6,1.0685579196217496,141,50
20261047,20.0,SENSORY_SITE_FB,0.09339113303916918,0.132,2.563106796116505,5.94666666666667,1.6112852664576802,319,50
20261047,20.0,OUTPUT_SITE_FB,9.13236350327665e-05,1.0,200.0,200.0,0.0,230,50
20261047,20.0,NO_FEEDBACK,0.030584285526569225,0.03904,0.8133333333333332,1.480000000000003,1.154555198285102,311,50
20261047,10.0,SENSORY_SITE_FB,0.05384169184368342,0.12652,2.4191204588910136,6.240000000000001,1.396532937097573,673,50
20261047,10.0,OUTPUT_SITE_FB,9.132363503311112e-05,1.0,200.0,200.0,0.0,480,50
20261047,10.0,NO_FEEDBACK,0.006349262832118632,0.039,0.8210526315789474,1.6,1.2476043276661515,647,50
20261047,5.0,SENSORY_SITE_FB,0.011850877805074142,0.11110666666666667,2.11631746031746,5.466666666666667,2.2351023239680887,1922,50
20261047,5.0,OUTPUT_SITE_FB,-0.0017351490656314966,1.0,200.0,200.0,2.500863557858376,1930,50
20261047,5.0,NO_FEEDBACK,0.004934865145094858,0.03862666666666666,0.8080892608089261,1.6,2.2342192113948234,1919,50
20261048,0.0,SENSORY_SITE_FB,0.10646007031724217,0.17904,3.1857651245551604,8.4,nan,0,50
20261048,0.0,OUTPUT_SITE_FB,-0.0808793223652466,1.0,200.0,200.0,nan,0,50
20261048,0.0,NO_FEEDBACK,0.06283816226128261,0.046906666666666666,0.902051282051282,1.7333333333333334,nan,0,50
20261048,40.0,SENSORY_SITE_FB,0.16023981576322766,0.16602666666666666,3.002290536467752,7.733333333333333,1.834451901565995,149,50
20261048,40.0,OUTPUT_SITE_FB,-0.01613270005817823,1.0,200.0,200.0,0.0,100,50
20261048,40.0,NO_FEEDBACK,0.017153691165798752,0.04565333333333333,0.879640333975594,1.6,1.3427230046948357,142,50
20261048,20.0,SENSORY_SITE_FB,0.09119428621197082,0.15253333333333333,2.6854460093896715,7.466666666666667,1.5960079840319363,334,50
20261048,20.0,OUTPUT_SITE_FB,5.395551858865382e-05,1.0,200.0,200.0,0.0,228,50
20261048,20.0,NO_FEEDBACK,0.01855157145534133,0.046,0.8846153846153847,1.6133333333333364,1.6521739130434783,322,50
20261048,10.0,SENSORY_SITE_FB,0.049246222951626485,0.14222666666666667,2.5039906103286382,6.666666666666667,1.5521759923481586,697,50
20261048,10.0,OUTPUT_SITE_FB,5.395551858895757e-05,1.0,200.0,200.0,0.0,478,50
20261048,10.0,NO_FEEDBACK,0.006848875435194736,0.045706666666666666,0.8962091503267974,1.6,1.5258382642998027,676,50
20261048,5.0,SENSORY_SITE_FB,0.015472013032370068,0.13008,2.2821052631578946,5.866666666666666,2.2057261842790212,1921,50
20261048,5.0,OUTPUT_SITE_FB,-0.0010251548531954085,1.0,200.0,200.0,2.5006915629322264,1928,50
20261048,5.0,NO_FEEDBACK,0.0046481649787160515,0.045386666666666665,0.8612270714737508,1.6,2.1923600209314498,1911,50
20261049,0.0,SENSORY_SITE_FB,0.10560529627596224,0.16113333333333332,3.034526051475204,8.266666666666666,nan,0,50
20261049,0.0,OUTPUT_SITE_FB,0.14038263771662182,1.0,200.0,200.0,nan,0,50
20261049,0.0,NO_FEEDBACK,0.05483542748855375,0.04294666666666667,0.8555112881806108,1.7333333333333334,nan,0,50
20261049,40.0,SENSORY_SITE_FB,0.10950630070476568,0.14557333333333333,2.671070336391437,6.880000000000003,1.6368421052631579,152,50
20261049,40.0,OUTPUT_SITE_FB,0.028001606856084004,1.0,200.0,200.0,0.0,100,50
20261049,40.0,NO_FEEDBACK,0.021224505940698805,0.04194666666666667,0.8306270627062706,1.6,1.5695238095238093,140,50
20261049,20.0,SENSORY_SITE_FB,0.057754905182210756,0.14501333333333333,2.6510664229128578,6.8,1.3462904911180775,319,50
20261049,20.0,OUTPUT_SITE_FB,-9.365085904991233e-05,1.0,200.0,200.0,0.0,221,50
20261049,20.0,NO_FEEDBACK,0.001697287190557355,0.042493333333333334,0.8532797858099063,1.6,1.4256742179072275,309,50
20261049,10.0,SENSORY_SITE_FB,0.042250778107328156,0.13228,2.3748653500897663,6.133333333333333,1.5291913214990138,676,50
20261049,10.0,OUTPUT_SITE_FB,-9.36508590502136e-05,1.0,200.0,200.0,0.0,471,50
20261049,10.0,NO_FEEDBACK,0.004973402417217794,0.0418,0.8343313373253493,1.6,1.3518350930115637,663,50
20261049,5.0,SENSORY_SITE_FB,0.02574322735740788,0.11796,2.148633879781421,5.333333333333333,2.2383480825958704,1921,50
20261049,5.0,OUTPUT_SITE_FB,0.0017793663219586755,1.0,200.0,200.0,2.5000867603678643,1921,50
20261049,5.0,NO_FEEDBACK,0.011202737698023674,0.04204,0.839121756487026,1.7333333333333334,2.251713395638629,1926,50
20261050,0.0,SENSORY_SITE_FB,0.12768912107663008,0.18197333333333332,3.338960244648318,8.29333333333334,nan,0,50
20261050,0.0,OUTPUT_SITE_FB,-0.0114702950041638,1.0,200.0,200.0,nan,0,50
20261050,0.0,NO_FEEDBACK,0.020864569694019845,0.04382666666666667,0.8379859783301465,1.5733333333333348,nan,0,50
20261050,40.0,SENSORY_SITE_FB,0.15276783467482802,0.16537333333333334,2.9796996996996996,6.8,1.635135135135135,148,50
20261050,40.0,OUTPUT_SITE_FB,-0.0022879374291153278,1.0,200.0,200.0,0.0,100,50
20261050,40.0,NO_FEEDBACK,0.05768758903333577,0.043186666666666665,0.824173027989822,1.6,1.28,140,50
20261050,20.0,SENSORY_SITE_FB,0.10045431466280819,0.15585333333333334,2.8492382693479583,6.933333333333334,1.2826175869120655,326,50
20261050,20.0,OUTPUT_SITE_FB,7.651964645654097e-06,1.0,200.0,200.0,0.0,224,50
20261050,20.0,NO_FEEDBACK,0.016821230765752235,0.043533333333333334,0.8307888040712468,1.6,1.067952840300107,311,50
20261050,10.0,SENSORY_SITE_FB,0.05002033013415626,0.14277333333333334,2.5586618876941456,6.266666666666667,1.4031098153547132,686,50
20261050,10.0,OUTPUT_SITE_FB,7.651964645604093e-06,1.0,200.0,200.0,0.0,474,50
20261050,10.0,NO_FEEDBACK,0.002381858787533353,0.04409333333333333,0.8335223692501575,1.4933333333333318,1.2747230614300102,662,50
20261050,5.0,SENSORY_SITE_FB,0.019511605953822113,0.12718666666666667,2.259088217880403,5.333333333333333,2.2380211036152913,1927,50
20261050,5.0,OUTPUT_SITE_FB,-0.00014538732827171406,1.0,200.0,200.0,2.5003465003465,1924,50
20261050,5.0,NO_FEEDBACK,0.01086455477679178,0.043693333333333334,0.8322539682539682,1.6,2.192160943461672,1922,50
20261051,0.0,SENSORY_SITE_FB,0.039454752075320294,0.18689333333333333,3.650260416666667,9.186666666666671,nan,0,50
20261051,0.0,OUTPUT_SITE_FB,0.015478911489084346,1.0,200.0,200.0,nan,0,50
20261051,0.0,NO_FEEDBACK,0.041865130821287615,0.042706666666666664,0.8610215053763441,1.6,nan,0,50
20261051,40.0,SENSORY_SITE_FB,0.11504156171159056,0.16689333333333334,3.178920634920635,8.080000000000004,1.5355119825708061,153,50
20261051,40.0,OUTPUT_SITE_FB,0.0030875213710716432,1.0,200.0,200.0,0.0,100,50
20261051,40.0,NO_FEEDBACK,0.010406811720481421,0.041933333333333336,0.8386666666666667,1.6,1.169032258064516,155,50
20261051,20.0,SENSORY_SITE_FB,0.1127088746641474,0.16628,3.18544061302682,8.266666666666666,1.3525562372188138,326,50
20261051,20.0,OUTPUT_SITE_FB,-1.0326158431051624e-05,1.0,200.0,200.0,0.0,224,50
20261051,20.0,NO_FEEDBACK,0.0021310004077446454,0.04268,0.8674796747967479,1.6,1.349634273772205,319,50
20261051,10.0,SENSORY_SITE_FB,0.06568863617638852,0.14514666666666667,2.738616352201258,7.2133333333333365,1.489568170790878,687,50
20261051,10.0,OUTPUT_SITE_FB,-1.0326158431219757e-05,1.0,200.0,200.0,0.0,474,50
20261051,10.0,NO_FEEDBACK,-0.0014540801231701038,0.042866666666666664,0.8748299319727891,1.6,1.2638845955692941,647,50
20261051,5.0,SENSORY_SITE_FB,0.024312665294257303,0.12785333333333335,2.376456009913259,5.733333333333333,2.2248134652090927,1921,50
20261051,5.0,OUTPUT_SITE_FB,0.00019619701020187722,1.0,200.0,200.0,2.5003465003465,1924,50
20261051,5.0,NO_FEEDBACK,0.00989944586155787,0.042653333333333335,0.8651791751183232,1.6,2.235532286212914,1910,50
20261052,0.0,SENSORY_SITE_FB,0.08658661298042618,0.19432,3.558974358974359,8.866666666666667,nan,0,50
20261052,0.0,OUTPUT_SITE_FB,0.1401407726026444,1.0,200.0,200.0,nan,0,50
20261052,0.0,NO_FEEDBACK,0.055185371579353264,0.047986666666666664,0.9054088050314465,1.7333333333333334,nan,0,50
20261052,40.0,SENSORY_SITE_FB,0.12068647428374697,0.17741333333333334,3.237469586374696,7.373333333333335,1.4262068965517243,145,50
20261052,40.0,OUTPUT_SITE_FB,0.027953362914070603,1.0,200.0,200.0,0.0,100,50
20261052,40.0,NO_FEEDBACK,0.05050750200641042,0.047093333333333334,0.8936116382036685,1.7333333333333334,1.5348148148148146,135,50
20261052,20.0,SENSORY_SITE_FB,0.11830944189299464,0.17632,3.0933333333333333,8.013333333333335,1.5898338220918866,341,50
20261052,20.0,OUTPUT_SITE_FB,-9.348950807338099e-05,1.0,200.0,200.0,0.0,219,50
20261052,20.0,NO_FEEDBACK,-0.0030057286931933023,0.04630666666666667,0.8753623188405797,1.7333333333333334,1.4573544973544976,315,50
20261052,10.0,SENSORY_SITE_FB,0.06985549697968284,0.15944,2.8727927927927928,7.146666666666669,1.4390870185449358,701,50
20261052,10.0,OUTPUT_SITE_FB,-9.348950807361263e-05,1.0,200.0,200.0,0.0,469,50
20261052,10.0,NO_FEEDBACK,0.017176634435156112,0.04681333333333333,0.8882985452245414,1.6533333333333378,1.238989898989899,660,50
20261052,5.0,SENSORY_SITE_FB,0.01988755407013707,0.13830666666666666,2.439271017048795,5.7866666666666715,2.215672029060716,1927,50
20261052,5.0,OUTPUT_SITE_FB,0.0017763006534024085,1.0,200.0,200.0,2.499913149209658,1919,50
20261052,5.0,NO_FEEDBACK,0.006075514969665272,0.04661333333333333,0.8778405524168237,1.7333333333333334,2.206028924899808,1913,50
20261053,0.0,SENSORY_SITE_FB,0.058680370199227797,0.16684,3.177904761904762,8.080000000000004,nan,0,50
20261053,0.0,OUTPUT_SITE_FB,-0.08278001062082097,1.0,200.0,200.0,nan,0,50
20261053,0.0,NO_FEEDBACK,-0.004659238980756339,0.04252,0.876701030927835,1.6,nan,0,50
20261053,40.0,SENSORY_SITE_FB,0.11867699569432243,0.16018666666666667,3.104392764857881,8.066666666666666,1.406837606837607,156,50
20261053,40.0,OUTPUT_SITE_FB,-0.01651182333263958,1.0,200.0,200.0,0.0,100,50
20261053,40.0,NO_FEEDBACK,0.019062567981413057,0.041653333333333334,0.848336727766463,1.6,1.4318840579710144,138,50
20261053,20.0,SENSORY_SITE_FB,0.0988896455171188,0.1398,2.5841035120147873,6.4,1.362130177514793,338,50
20261053,20.0,OUTPUT_SITE_FB,5.5223489407351244e-05,1.0,200.0,200.0,0.0,229,50
20261053,20.0,NO_FEEDBACK,0.026814946775021473,0.04088,0.8225352112676055,1.4666666666666666,1.2709401709401709,312,50
20261053,10.0,SENSORY_SITE_FB,0.04330161717373968,0.13288,2.4607407407407407,6.133333333333333,1.4666666666666668,678,50
20261053,10.0,OUTPUT_SITE_FB,5.5223489406953165e-05,1.0,200.0,200.0,0.0,479,50
20261053,10.0,NO_FEEDBACK,0.010713921803407356,0.04138666666666667,0.8344086021505376,1.6,1.3296914516944867,659,50
20261053,5.0,SENSORY_SITE_FB,0.018246603294534043,0.11988,2.183606557377049,4.933333333333334,2.218924061581041,1927,50
20261053,5.0,OUTPUT_SITE_FB,-0.0010492462987294138,1.0,200.0,200.0,2.5007776049766717,1929,50
20261053,5.0,NO_FEEDBACK,0.008258347923506252,0.04128,0.8356275303643724,1.4666666666666666,2.205128205128205,1924,50
20261054,0.0,SENSORY_SITE_FB,0.09352480765791996,0.15650666666666666,3.056770833333333,6.386666666666671,nan,0,50
20261054,0.0,OUTPUT_SITE_FB,0.11285459555509962,1.0,200.0,200.0,nan,0,50
20261054,0.0,NO_FEEDBACK,0.044634572319068554,0.042,0.8641975308641976,1.6,nan,0,50
20261054,40.0,SENSORY_SITE_FB,0.10155500029877816,0.15416,2.9760617760617762,7.466666666666667,1.3197452229299362,157,50
20261054,40.0,OUTPUT_SITE_FB,0.02251068984054351,1.0,200.0,200.0,0.0,100,50
20261054,40.0,NO_FEEDBACK,0.033082797426366786,0.04208,0.8605316973415132,1.6,1.060093896713615,142,50
20261054,20.0,SENSORY_SITE_FB,0.09584294663319785,0.14184,2.7068702290076336,6.533333333333333,1.4946946946946948,333,50
20261054,20.0,OUTPUT_SITE_FB,-7.528658809547188e-05,1.0,200.0,200.0,0.0,220,50
20261054,20.0,NO_FEEDBACK,0.015020916026216679,0.04121333333333333,0.8428084526244035,1.6,1.3111111111111111,318,50
20261054,10.0,SENSORY_SITE_FB,0.07351254041701684,0.13622666666666666,2.6451779935275077,6.4,1.2243664717348928,684,50
20261054,10.0,OUTPUT_SITE_FB,-7.528658809547935e-05,1.0,200.0,200.0,0.0,470,50
20261054,10.0,NO_FEEDBACK,0.00889558424275172,0.0416,0.8455284552845529,1.6,1.2262595419847329,655,50
20261054,5.0,SENSORY_SITE_FB,0.01739239311148847,0.11930666666666667,2.225870646766169,5.466666666666667,2.2321167883211674,1918,50
20261054,5.0,OUTPUT_SITE_FB,0.0014304451738136666,1.0,200.0,200.0,2.5,1920,50
20261054,5.0,NO_FEEDBACK,0.007679030431569842,0.04206666666666667,0.8550135501355014,1.6,2.2316190476190476,1925,50
20261055,0.0,SENSORY_SITE_FB,0.14837303256475942,0.17529333333333333,3.351688973868706,7.6,nan,0,50
20261055,0.0,OUTPUT_SITE_FB,0.049125439666840305,1.0,200.0,200.0,nan,0,50
20261055,0.0,NO_FEEDBACK,0.02794588501010893,0.04264,0.8649087221095334,1.4666666666666666,nan,0,50
20261055,40.0,SENSORY_SITE_FB,0.11087532483742453,0.17330666666666666,3.1339361060880044,7.333333333333333,1.7707434052757793,139,50
20261055,40.0,OUTPUT_SITE_FB,0.009798870220403606,1.0,200.0,200.0,0.0,100,50
20261055,40.0,NO_FEEDBACK,0.018781745413573903,0.04289333333333333,0.8595858383433533,1.6,1.2411027568922306,133,50
20261055,20.0,SENSORY_SITE_FB,0.07832802120319539,0.16334666666666667,3.041837368094351,7.6,1.4483904465212878,321,50
20261055,20.0,OUTPUT_SITE_FB,-3.277214120460243e-05,1.0,200.0,200.0,0.0,223,50
20261055,20.0,NO_FEEDBACK,0.004142720864815054,0.044226666666666664,0.8863059452237808,1.7333333333333334,1.3925925925925924,315,50
20261055,10.0,SENSORY_SITE_FB,0.05637164061033309,0.14668,2.7162962962962967,7.066666666666666,1.3918984870668616,683,50
20261055,10.0,OUTPUT_SITE_FB,-3.277214120542125e-05,1.0,200.0,200.0,0.0,473,50
20261055,10.0,NO_FEEDBACK,0.006081750481044386,0.04288,0.8576,1.6,1.2095383054287163,657,50
20261055,5.0,SENSORY_SITE_FB,0.018218970312240058,0.12962666666666667,2.3525710828796127,6.0,2.231152647975078,1926,50
20261055,5.0,OUTPUT_SITE_FB,0.0006226706829019818,1.0,200.0,200.0,2.500260010400416,1923,50
20261055,5.0,NO_FEEDBACK,0.004444907890152757,0.04325333333333333,0.8702883970489603,1.6533333333333378,2.222337842525148,1922,50
20261056,0.0,SENSORY_SITE_FB,0.10945081119044826,0.18728,3.723260437375745,9.706666666666669,nan,0,50
20261056,0.0,OUTPUT_SITE_FB,0.21141810999978441,1.0,200.0,200.0,nan,0,50
20261056,0.0,NO_FEEDBACK,0.023012261782978792,0.04593333333333333,0.9223560910307897,1.7333333333333334,nan,0,50
20261056,40.0,SENSORY_SITE_FB,0.12083973675725686,0.17412,3.4074363992172207,9.333333333333334,1.5546666666666666,150,50
20261056,40.0,OUTPUT_SITE_FB,0.04217079045359287,1.0,200.0,200.0,0.0,100,50
20261056,40.0,NO_FEEDBACK,0.004495020304067572,0.04488,0.8887128712871286,1.680000000000003,1.3657407407407407,144,50
20261056,20.0,SENSORY_SITE_FB,0.10414153241888985,0.15929333333333334,3.1731739707835325,8.38666666666667,1.5422084623323014,323,50
20261056,20.0,OUTPUT_SITE_FB,-0.00014103943295583717,1.0,200.0,200.0,0.0,219,50
20261056,20.0,NO_FEEDBACK,0.010086506840822398,0.045533333333333335,0.8893229166666666,1.6,1.3254658385093165,322,50
20261056,10.0,SENSORY_SITE_FB,0.0453069529541592,0.13688,2.568105065666041,7.2,1.5990224828934505,682,50
20261056,10.0,OUTPUT_SITE_FB,-0.00014103943295544,1.0,200.0,200.0,0.0,469,50
20261056,10.0,NO_FEEDBACK,-0.000974129426206877,0.04548,0.9005940594059405,1.680000000000003,1.3052099140111282,659,50
20261056,5.0,SENSORY_SITE_FB,0.013578491199454413,0.12941333333333332,2.378921568627451,6.0,2.217389789161875,1913,50
20261056,5.0,OUTPUT_SITE_FB,0.002679749226147967,1.0,200.0,200.0,2.4999131492096582,1919,50
20261056,5.0,NO_FEEDBACK,0.0004269343716184654,0.04394666666666667,0.8600130463144161,1.6,2.185898778359511,1910,50
20261057,0.0,SENSORY_SITE_FB,0.07632620773399432,0.1662,3.190019193857965,7.6,nan,0,50
20261057,0.0,OUTPUT_SITE_FB,0.08933090114886541,1.0,200.0,200.0,nan,0,50
20261057,0.0,NO_FEEDBACK,-0.016438669950614923,0.041093333333333336,0.8543312543312543,1.7333333333333334,nan,0,50
20261057,40.0,SENSORY_SITE_FB,0.13595176623286617,0.17341333333333334,3.4203813280736353,8.666666666666666,1.40990990990991,148,50
20261057,40.0,OUTPUT_SITE_FB,0.017818505299206866,1.0,200.0,200.0,0.0,100,50
20261057,40.0,NO_FEEDBACK,-0.006850266773921207,0.041,0.8649789029535865,1.7333333333333334,1.5762962962962963,135,50
20261057,20.0,SENSORY_SITE_FB,0.07042036085108187,0.13685333333333333,2.5724310776942354,5.866666666666666,1.4867521367521368,312,50
20261057,20.0,OUTPUT_SITE_FB,-5.959366320774855e-05,1.0,200.0,200.0,0.0,221,50
20261057,20.0,NO_FEEDBACK,-0.005593275970221568,0.0406,0.8511530398322851,1.6,1.3289328932893287,303,50
20261057,10.0,SENSORY_SITE_FB,0.0574864180870577,0.13817333333333334,2.5826791277258567,6.533333333333333,1.2772033481043823,677,50
20261057,10.0,OUTPUT_SITE_FB,-5.959366320806652e-05,1.0,200.0,200.0,0.0,471,50
20261057,10.0,NO_FEEDBACK,-0.0007858660968300061,0.04209333333333334,0.8751212751212751,1.7333333333333334,1.2431552162849875,655,50
20261057,5.0,SENSORY_SITE_FB,0.01997592746619923,0.11784,2.134782608695652,5.186666666666671,2.2250304612706704,1915,50
20261057,5.0,OUTPUT_SITE_FB,0.0011322796009530362,1.0,200.0,200.0,2.500086760367864,1921,50
20261057,5.0,NO_FEEDBACK,0.006541363091832824,0.03970666666666667,0.8237897648686031,1.6,2.23785664578984,1916,50
20261058,0.0,SENSORY_SITE_FB,0.13598967281577326,0.16918666666666668,3.3173856209150325,8.4,nan,0,50
20261058,0.0,OUTPUT_SITE_FB,-0.02650594434110887,1.0,200.0,200.0,nan,0,50
20261058,0.0,NO_FEEDBACK,0.041241590725975684,0.04414666666666667,0.8707429322813938,1.6533333333333378,nan,0,50
20261058,40.0,SENSORY_SITE_FB,0.11723693563117404,0.16574666666666665,3.1813179782469607,8.0,1.3863013698630138,146,50
20261058,40.0,OUTPUT_SITE_FB,-0.005287042933951521,1.0,200.0,200.0,0.0,100,50
20261058,40.0,NO_FEEDBACK,0.009094869656549471,0.04405333333333333,0.8604166666666666,1.7200000000000044,1.2407960199004975,134,50
20261058,20.0,SENSORY_SITE_FB,0.08569556838062582,0.15394666666666668,2.888305190744215,7.333333333333333,1.5656441717791412,326,50
20261058,20.0,OUTPUT_SITE_FB,1.768241784022191e-05,1.0,200.0,200.0,0.0,226,50
20261058,20.0,NO_FEEDBACK,0.002167330645635879,0.04352,0.8566929133858268,1.6,1.3734204793028322,306,50
20261058,10.0,SENSORY_SITE_FB,0.040183971382681254,0.13986666666666667,2.6340238543628374,6.533333333333333,1.5365263667150457,689,50
20261058,10.0,OUTPUT_SITE_FB,1.768241783997393e-05,1.0,200.0,200.0,0.0,476,50
20261058,10.0,NO_FEEDBACK,0.004601216297711726,0.045026666666666666,0.8951623591782637,1.6,1.2510978043912175,668,50
20261058,5.0,SENSORY_SITE_FB,0.02361981879969153,0.13237333333333334,2.389410348977136,5.733333333333333,2.188251651025374,1918,50
20261058,5.0,OUTPUT_SITE_FB,-0.0003359659389464417,1.0,200.0,200.0,2.500519210799584,1926,50
20261058,5.0,NO_FEEDBACK,0.00808386551358429,0.043973333333333336,0.8673241288625904,1.7333333333333334,2.1632950990615223,1918,50
20261059,0.0,SENSORY_SITE_FB,0.12337546516339698,0.17252,3.1197106690777576,7.466666666666667,nan,0,50
20261059,0.0,OUTPUT_SITE_FB,-0.015566530535628613,1.0,200.0,200.0,nan,0,50
20261059,0.0,NO_FEEDBACK,0.02302425301253366,0.04596,0.8590654205607478,1.6,nan,0,50
20261059,40.0,SENSORY_SITE_FB,0.11187483960837426,0.16641333333333333,2.9716666666666667,6.94666666666667,1.5372549019607842,153,50
20261059,40.0,OUTPUT_SITE_FB,-0.0031049984190494257,1.0,200.0,200.0,0.0,100,50
20261059,40.0,NO_FEEDBACK,-0.005672512353557689,0.04624,0.869172932330827,1.6,1.5972413793103448,145,50
20261059,20.0,SENSORY_SITE_FB,0.08577860720654755,0.15288,2.658782608695652,6.133333333333333,1.5337448559670783,324,50
20261059,20.0,OUTPUT_SITE_FB,1.0384610097619618e-05,1.0,200.0,200.0,0.0,223,50
20261059,20.0,NO_FEEDBACK,0.02230077792816803,0.04594666666666666,0.8685570258349086,1.6,1.431578947368421,323,50
20261059,10.0,SENSORY_SITE_FB,0.040364030946787546,0.13762666666666667,2.393507246376812,5.733333333333333,1.5451207729468597,690,50
20261059,10.0,OUTPUT_SITE_FB,1.0384610097265635e-05,1.0,200.0,200.0,0.0,473,50
20261059,10.0,NO_FEEDBACK,0.01129604279838228,0.045426666666666664,0.8538847117794486,1.6,1.277139979859013,662,50
20261059,5.0,SENSORY_SITE_FB,0.02179074295860113,0.12365333333333334,2.1430387059503175,4.986666666666664,2.22598166407196,1927,50
20261059,5.0,OUTPUT_SITE_FB,-0.00019730759184579362,1.0,200.0,200.0,2.500260010400416,1923,50
20261059,5.0,NO_FEEDBACK,0.008274060195699078,0.04533333333333334,0.8505315822388992,1.6,2.2105627705627704,1925,50
20261060,0.0,SENSORY_SITE_FB,0.1461214555174499,0.16938666666666666,3.3343832020997377,8.266666666666666,nan,0,50
20261060,0.0,OUTPUT_SITE_FB,-0.04704056895833729,1.0,200.0,200.0,nan,0,50
20261060,0.0,NO_FEEDBACK,0.11018563831858014,0.04481333333333333,0.898062792251169,1.7599999999999985,nan,0,50
20261060,40.0,SENSORY_SITE_FB,0.11283314520970851,0.15425333333333333,2.9493945188017845,7.7866666666666715,1.325170068027211,147,50
20261060,40.0,OUTPUT_SITE_FB,-0.009383008751529337,1.0,200.0,200.0,0.0,100,50
20261060,40.0,NO_FEEDBACK,0.051707340908454295,0.04518666666666667,0.9128619528619528,1.8133333333333364,1.607511737089202,142,50
20261060,20.0,SENSORY_SITE_FB,0.07188230816712496,0.14592,2.702222222222222,6.413333333333337,1.3619047619047617,322,50
20261060,20.0,OUTPUT_SITE_FB,3.1381300172104075e-05,1.0,200.0,200.0,0.0,225,50
20261060,20.0,NO_FEEDBACK,0.009580653742620366,0.043186666666666665,0.8534914361001318,1.6,1.3243589743589743,312,50
20261060,10.0,SENSORY_SITE_FB,0.059673530190565205,0.13777333333333333,2.594601381042059,6.266666666666667,1.4238514173998045,682,50
20261060,10.0,OUTPUT_SITE_FB,3.1381300172118996e-05,1.0,200.0,200.0,0.0,475,50
20261060,10.0,NO_FEEDBACK,0.008305224464713191,0.04482666666666667,0.9019450033534541,1.7333333333333334,1.4001014713343483,657,50
20261060,5.0,SENSORY_SITE_FB,0.022810792104104034,0.12841333333333332,2.409255784865541,5.866666666666666,2.1906555090655506,1912,50
20261060,5.0,OUTPUT_SITE_FB,-0.0005962447032743476,1.0,200.0,200.0,2.5004329004329002,1925,50
20261060,5.0,NO_FEEDBACK,0.006957975249705316,0.043146666666666667,0.8805442176870748,1.7466666666666697,2.1904960835509133,1915,50
20261061,0.0,SENSORY_SITE_FB,0.15255464058293738,0.20092,3.7207407407407405,9.066666666666666,nan,0,50
20261061,0.0,OUTPUT_SITE_FB,0.055522388221671645,1.0,200.0,200.0,nan,0,50
20261061,0.0,NO_FEEDBACK,0.05645641775977109,0.04817333333333333,0.931785944551902,1.7333333333333334,nan,0,50
20261061,40.0,SENSORY_SITE_FB,0.15510273295635482,0.19186666666666666,3.606516290726817,9.6,1.5770419426048563,151,50
20261061,40.0,OUTPUT_SITE_FB,0.011074845949486106,1.0,200.0,200.0,0.0,100,50
20261061,40.0,NO_FEEDBACK,0.0827178652130697,0.04836,0.9317919075144508,1.7333333333333334,1.3843400447427292,149,50
20261061,20.0,SENSORY_SITE_FB,0.07544330472505334,0.16290666666666667,3.005658056580566,7.986666666666671,1.5265221878224975,323,50
20261061,20.0,OUTPUT_SITE_FB,-3.703961856042959e-05,1.0,200.0,200.0,0.0,225,50
20261061,20.0,NO_FEEDBACK,-0.004306923730591034,0.04728,0.9040152963671129,1.7333333333333334,1.2797385620915032,306,50
20261061,10.0,SENSORY_SITE_FB,0.050746760609996736,0.15108,2.6834813499111903,6.773333333333334,1.4595375722543353,692,50
20261061,10.0,OUTPUT_SITE_FB,-3.703961856003683e-05,1.0,200.0,200.0,0.0,475,50
20261061,10.0,NO_FEEDBACK,0.009076437415252755,0.047426666666666666,0.905089058524173,1.6,1.1796126401630989,654,50
20261061,5.0,SENSORY_SITE_FB,0.021916299567773332,0.13704,2.375043327556326,5.733333333333333,2.242348877374784,1930,50
20261061,5.0,OUTPUT_SITE_FB,0.0007037527526431948,1.0,200.0,200.0,2.5004329004329002,1925,50
20261061,5.0,NO_FEEDBACK,0.006459323383472695,0.047773333333333334,0.9117048346055979,1.7333333333333334,2.2120423390595176,1921,50
20261062,0.0,SENSORY_SITE_FB,0.045247695048652066,0.1752,3.408560311284047,8.45333333333333,nan,0,50
20261062,0.0,OUTPUT_SITE_FB,0.02030906847198841,1.0,200.0,200.0,nan,0,50
20261062,0.0,NO_FEEDBACK,0.04828347755297461,0.04088,0.8394250513347022,1.7333333333333334,nan,0,50
20261062,40.0,SENSORY_SITE_FB,0.1423800796135389,0.17677333333333334,3.3799872530274055,8.266666666666666,1.4394366197183097,142,50
20261062,40.0,OUTPUT_SITE_FB,0.0040509749653927256,1.0,200.0,200.0,0.0,100,50
20261062,40.0,NO_FEEDBACK,0.028741190303556,0.04090666666666667,0.8451790633608816,1.7333333333333334,1.1952380952380952,140,50
20261062,20.0,SENSORY_SITE_FB,0.07993938537343366,0.15873333333333334,3.0762273901808785,8.466666666666667,1.4411522633744855,324,50
20261062,20.0,OUTPUT_SITE_FB,-1.3548411255301752e-05,1.0,200.0,200.0,0.0,227,50
20261062,20.0,NO_FEEDBACK,0.00013487141129595325,0.041973333333333335,0.8601092896174863,1.7333333333333334,1.4550161812297735,309,50
20261062,10.0,SENSORY_SITE_FB,0.07163109732638162,0.13876,2.5601476014760145,6.7866666666666715,1.459163059163059,693,50
20261062,10.0,OUTPUT_SITE_FB,-1.3548411255892301e-05,1.0,200.0,200.0,0.0,477,50
20261062,10.0,NO_FEEDBACK,0.007437580154883085,0.041,0.8418891170431211,1.6,1.258486707566462,652,50
20261062,5.0,SENSORY_SITE_FB,0.02394777043710586,0.12516,2.3482176360225138,5.333333333333333,2.2041212121212115,1925,50
20261062,5.0,OUTPUT_SITE_FB,0.00025741981385455287,1.0,200.0,200.0,2.5006054315862305,1927,50
20261062,5.0,NO_FEEDBACK,0.005049832315947235,0.040973333333333334,0.8361904761904762,1.6,2.249670482136663,1922,50
20261063,0.0,SENSORY_SITE_FB,0.12600792129145105,0.17897333333333335,3.1676696165191744,6.74666666666667,nan,0,50
20261063,0.0,OUTPUT_SITE_FB,-0.06326627670152275,1.0,200.0,200.0,nan,0,50
20261063,0.0,NO_FEEDBACK,0.07234031987671931,0.046573333333333335,0.9025839793281654,1.7333333333333334,nan,0,50
20261063,40.0,SENSORY_SITE_FB,0.08434214132165177,0.16570666666666667,2.9857057057057057,6.480000000000003,1.4324074074074074,144,50
20261063,40.0,OUTPUT_SITE_FB,-0.012619490816380077,1.0,200.0,200.0,0.0,100,50
20261063,40.0,NO_FEEDBACK,0.02897678460256876,0.04556,0.87447216890595,1.6,1.2160756501182033,141,50
20261063,20.0,SENSORY_SITE_FB,0.08526071943651964,0.16609333333333334,3.030900243309002,7.240000000000001,1.3395638629283488,321,50
20261063,20.0,OUTPUT_SITE_FB,4.220565490344352e-05,1.0,200.0,200.0,0.0,228,50
20261063,20.0,NO_FEEDBACK,0.014916737198386409,0.04661333333333333,0.908641975308642,1.7333333333333334,1.3689189189189188,296,50
20261063,10.0,SENSORY_SITE_FB,0.061546968002107905,0.14132,2.479298245614035,5.74666666666667,1.4309832134292566,695,50
20261063,10.0,OUTPUT_SITE_FB,4.2205654904011955e-05,1.0,200.0,200.0,0.0,478,50
20261063,10.0,NO_FEEDBACK,0.010063087640068361,0.04532,0.8715384615384616,1.6,1.2729073798910353,673,50
20261063,5.0,SENSORY_SITE_FB,0.018881123775440028,0.13162666666666667,2.2812247255921436,5.466666666666667,2.2215512753774074,1921,50
20261063,5.0,OUTPUT_SITE_FB,-0.0008019074431815364,1.0,200.0,200.0,2.5006915629322264,1928,50
20261063,5.0,NO_FEEDBACK,0.006835001206303422,0.04545333333333333,0.8674300254452926,1.6,2.218918918918919,1924,50
20261064,0.0,SENSORY_SITE_FB,0.08521345568104016,0.15694666666666668,3.1017127799736492,8.466666666666667,nan,0,50
20261064,0.0,OUTPUT_SITE_FB,-0.028789358968770058,1.0,200.0,200.0,nan,0,50
20261064,0.0,NO_FEEDBACK,-0.002708480528968854,0.0424,0.8706365503080082,1.6,nan,0,50
20261064,40.0,SENSORY_SITE_FB,0.08201474154811762,0.14758666666666667,2.882552083333333,7.586666666666671,1.2454780361757105,129,50
20261064,40.0,OUTPUT_SITE_FB,-0.0057425072259256115,1.0,200.0,200.0,0.0,100,50
20261064,40.0,NO_FEEDBACK,0.03263397262975484,0.042466666666666666,0.8666666666666667,1.6,0.9461728395061727,135,50
20261064,20.0,SENSORY_SITE_FB,0.10829325734478523,0.14364,2.844356435643564,7.333333333333333,1.4365853658536583,328,50
20261064,20.0,OUTPUT_SITE_FB,1.920570978594931e-05,1.0,200.0,200.0,0.0,228,50
20261064,20.0,NO_FEEDBACK,0.023410387833028484,0.04278666666666667,0.8608987256874581,1.7333333333333334,1.0905982905982905,312,50
20261064,10.0,SENSORY_SITE_FB,0.029936233646093154,0.13048,2.475901328273245,6.853333333333338,1.3801587301587301,672,50
20261064,10.0,OUTPUT_SITE_FB,1.9205709785738366e-05,1.0,200.0,200.0,0.0,478,50
20261064,10.0,NO_FEEDBACK,0.0017308991056498911,0.04258666666666667,0.8853776853776854,1.7333333333333334,1.2654434250764526,654,50
20261064,5.0,SENSORY_SITE_FB,0.0101524621509725,0.11849333333333334,2.18219766728054,5.440000000000001,2.254014598540146,1918,50
20261064,5.0,OUTPUT_SITE_FB,-0.0003649084859282768,1.0,200.0,200.0,2.500691562932227,1928,50
20261064,5.0,NO_FEEDBACK,0.0041993881677769304,0.042346666666666664,0.8695414099931554,1.6,2.2157903869512405,1921,50
20261065,0.0,SENSORY_SITE_FB,0.12534455687066312,0.16990666666666668,3.3446194225721784,8.173333333333336,nan,0,50
20261065,0.0,OUTPUT_SITE_FB,-0.17743263907399176,1.0,200.0,200.0,nan,0,50
20261065,0.0,NO_FEEDBACK,0.06406253979620481,0.04034666666666667,0.8183908045977012,1.6,nan,0,50
20261065,40.0,SENSORY_SITE_FB,0.14753968081399188,0.15332,2.942802303262956,7.066666666666666,1.418018018018018,148,50
20261065,40.0,OUTPUT_SITE_FB,-0.03539183394471183,1.0,200.0,200.0,0.0,100,50
20261065,40.0,NO_FEEDBACK,0.06490402798950545,0.04104,0.8375510204081633,1.6,1.3699530516431924,142,50
20261065,20.0,SENSORY_SITE_FB,0.07980241309384845,0.14473333333333332,2.695220360024829,6.933333333333334,1.3973816717019134,331,50
20261065,20.0,OUTPUT_SITE_FB,0.0001183673376073834,1.0,200.0,200.0,0.0,232,50
20261065,20.0,NO_FEEDBACK,0.010698360901764715,0.03902666666666667,0.8030178326474623,1.4666666666666666,1.215005359056806,311,50
20261065,10.0,SENSORY_SITE_FB,0.05683909363294085,0.12976,2.4483018867924526,6.14666666666667,1.2810572687224668,681,50
20261065,10.0,OUTPUT_SITE_FB,0.00011836733760792057,1.0,200.0,200.0,0.0,482,50
20261065,10.0,NO_FEEDBACK,0.020792041453824225,0.038893333333333335,0.7889114266396214,1.4666666666666666,1.0660512820512822,650,50
20261065,5.0,SENSORY_SITE_FB,0.015213101467169225,0.11501333333333333,2.1064713064713065,5.466666666666667,2.2310925829425043,1919,50
20261065,5.0,OUTPUT_SITE_FB,-0.0022489794145470945,1.0,200.0,200.0,2.5010351966873707,1932,50
20261065,5.0,NO_FEEDBACK,0.00735717149923831,0.03950666666666667,0.8013522650439486,1.6,2.229834638816362,1915,50
20261066,0.0,SENSORY_SITE_FB,0.17117983922730412,0.17388,3.214048059149723,7.733333333333333,nan,0,50
20261066,0.0,OUTPUT_SITE_FB,-0.09028937579604665,1.0,200.0,200.0,nan,0,50
20261066,0.0,NO_FEEDBACK,0.08688781708343711,0.043666666666666666,0.8317460317460318,1.5466666666666697,nan,0,50
20261066,40.0,SENSORY_SITE_FB,0.1186835697985031,0.18190666666666666,3.393781094527363,8.866666666666667,1.3115646258503402,147,50
20261066,40.0,OUTPUT_SITE_FB,-0.018009688701145707,1.0,200.0,200.0,0.0,100,50
20261066,40.0,NO_FEEDBACK,0.010486459462116142,0.04528,0.8724470134874759,1.7333333333333334,1.1774647887323944,142,50
20261066,20.0,SENSORY_SITE_FB,0.10757027417788163,0.16076,3.0104868913857676,8.133333333333333,1.5856287425149702,334,50
20261066,20.0,OUTPUT_SITE_FB,6.023307257807282e-05,1.0,200.0,200.0,0.0,229,50
20261066,20.0,NO_FEEDBACK,0.019008208682293814,0.04530666666666667,0.8548427672955975,1.6,1.189098532494759,318,50
20261066,10.0,SENSORY_SITE_FB,0.058474678189749725,0.1428,2.639556377079482,7.6,1.524,700,50
20261066,10.0,OUTPUT_SITE_FB,6.0233072578727944e-05,1.0,200.0,200.0,0.0,479,50
20261066,10.0,NO_FEEDBACK,0.0060085362399659266,0.044226666666666664,0.8440203562340967,1.6,1.3859070464767616,667,50
20261066,5.0,SENSORY_SITE_FB,0.014919329277587772,0.12898666666666667,2.270892018779343,5.333333333333333,2.231421619742788,1918,50
20261066,5.0,OUTPUT_SITE_FB,-0.0011444283790027169,1.0,200.0,200.0,2.5007776049766717,1929,50
20261066,5.0,NO_FEEDBACK,0.0070773785489092215,0.04346666666666667,0.8358974358974359,1.6,2.211994421199442,1912,50
20261067,0.0,SENSORY_SITE_FB,0.11434152499662315,0.1792,3.687242798353909,9.0,nan,0,50
20261067,0.0,OUTPUT_SITE_FB,0.0676806666908497,1.0,200.0,200.0,nan,0,50
20261067,0.0,NO_FEEDBACK,-0.02023988208161875,0.044066666666666664,0.927719298245614,1.7333333333333334,nan,0,50
20261067,40.0,SENSORY_SITE_FB,0.12424821504366834,0.15316,3.094141414141414,7.866666666666666,1.5718820861678005,147,50
20261067,40.0,OUTPUT_SITE_FB,0.013500012902310161,1.0,200.0,200.0,0.0,100,50
20261067,40.0,NO_FEEDBACK,0.03167752582275008,0.04372,0.9243128964059196,1.8400000000000014,1.6,138,50
20261067,20.0,SENSORY_SITE_FB,0.0953055275252657,0.15222666666666668,3.081511470985155,8.093333333333332,1.5456635318704284,319,50
20261067,20.0,OUTPUT_SITE_FB,-4.515054482322274e-05,1.0,200.0,200.0,0.0,225,50
20261067,20.0,NO_FEEDBACK,0.018273211969666792,0.04336,0.9264957264957265,1.8666666666666667,1.2460369163952225,307,50
20261067,10.0,SENSORY_SITE_FB,0.06063273177683013,0.1368,2.741482965931864,7.466666666666667,1.6031465093411996,678,50
20261067,10.0,OUTPUT_SITE_FB,-4.51505448237711e-05,1.0,200.0,200.0,0.0,475,50
20261067,10.0,NO_FEEDBACK,0.016725640036309237,0.043,0.9129511677282378,1.8666666666666667,1.2819738167170192,662,50
20261067,5.0,SENSORY_SITE_FB,0.018235319567450444,0.12233333333333334,2.3480486244401795,5.866666666666666,2.2426958485322213,1919,50
20261067,5.0,OUTPUT_SITE_FB,0.0008578603516519221,1.0,200.0,200.0,2.5004329004329,1925,50
20261067,5.0,NO_FEEDBACK,0.0042347180819725825,0.042706666666666664,0.9105899076048329,1.7599999999999985,2.212608847091605,1914,50
20261068,0.0,SENSORY_SITE_FB,0.12402006838495565,0.18926666666666667,3.63275751759437,9.066666666666666,nan,0,50
20261068,0.0,OUTPUT_SITE_FB,-0.09451113220649011,1.0,200.0,200.0,nan,0,50
20261068,0.0,NO_FEEDBACK,0.010774976750904896,0.041933333333333336,0.8592896174863387,1.6,nan,0,50
20261068,40.0,SENSORY_SITE_FB,0.13359915035637196,0.17290666666666665,3.2747474747474747,8.840000000000002,1.4749425287356321,145,50
20261068,40.0,OUTPUT_SITE_FB,-0.01885178687774502,1.0,200.0,200.0,0.0,100,50
20261068,40.0,NO_FEEDBACK,0.030642037980305365,0.04196,0.8616016427104722,1.6,1.4895522388059703,134,50
20261068,20.0,SENSORY_SITE_FB,0.08574764471128016,0.16373333333333334,2.9878345498783454,8.266666666666666,1.5053627760252366,317,50
20261068,20.0,OUTPUT_SITE_FB,6.304945444071066e-05,1.0,200.0,200.0,0.0,229,50
20261068,20.0,NO_FEEDBACK,0.00254071150410755,0.043333333333333335,0.8807588075880758,1.6,1.429014396456257,301,50
20261068,10.0,SENSORY_SITE_FB,0.05265815327346087,0.14232,2.597080291970803,6.533333333333333,1.4588693957115009,684,50
20261068,10.0,OUTPUT_SITE_FB,6.30494544410528e-05,1.0,200.0,200.0,0.0,479,50
20261068,10.0,NO_FEEDBACK,0.008006151298899493,0.04208,0.8694214876033058,1.6,1.2897081413210445,651,50
20261068,5.0,SENSORY_SITE_FB,0.015491482456474116,0.13008,2.314590747330961,5.733333333333333,2.250616640611429,1919,50
20261068,5.0,OUTPUT_SITE_FB,-0.0011979396343717464,1.0,200.0,200.0,2.5007776049766717,1929,50
20261068,5.0,NO_FEEDBACK,0.0035079614479645626,0.04206666666666667,0.8691460055096418,1.6,2.1985340314136126,1910,50
20261069,0.0,SENSORY_SITE_FB,0.12005257517646892,0.16936,3.435294117647059,9.440000000000001,nan,0,50
20261069,0.0,OUTPUT_SITE_FB,-0.04305385970246284,1.0,200.0,200.0,nan,0,50
20261069,0.0,NO_FEEDBACK,0.02392903775627686,0.04137333333333333,0.8637439109255393,1.7333333333333334,nan,0,50
20261069,40.0,SENSORY_SITE_FB,0.12892383915600886,0.14746666666666666,2.967136150234742,7.440000000000009,1.37679012345679,135,50
20261069,40.0,OUTPUT_SITE_FB,-0.00858779456373381,1.0,200.0,200.0,0.0,100,50
20261069,40.0,NO_FEEDBACK,0.02346979688627349,0.04066666666666666,0.8597603946441156,1.6,1.0687179487179488,130,50
20261069,20.0,SENSORY_SITE_FB,0.07971317242020745,0.14073333333333332,2.7812911725955205,6.8,1.450733752620545,318,50
20261069,20.0,OUTPUT_SITE_FB,2.8721720948879258e-05,1.0,200.0,200.0,0.0,229,50
20261069,20.0,NO_FEEDBACK,0.0243826655543991,0.040826666666666664,0.8452726017943408,1.7333333333333334,1.1890350877192983,304,50
20261069,10.0,SENSORY_SITE_FB,0.04857120423634878,0.12748,2.4235741444866923,6.266666666666667,1.4566813509544787,681,50
20261069,10.0,OUTPUT_SITE_FB,2.8721720948855812e-05,1.0,200.0,200.0,0.0,479,50
20261069,10.0,NO_FEEDBACK,0.008662160085452262,0.03896,0.8254237288135593,1.4666666666666666,1.2728395061728395,648,50
20261069,5.0,SENSORY_SITE_FB,0.018438908022425576,0.11946666666666667,2.220570012391574,5.466666666666667,2.2219216094346166,1922,50
20261069,5.0,OUTPUT_SITE_FB,-0.0005457126980297957,1.0,200.0,200.0,2.5007776049766712,1929,50
20261069,5.0,NO_FEEDBACK,0.0047970939380163734,0.04069333333333333,0.8442600276625173,1.6,2.232795419052577,1921,50
20261070,0.0,SENSORY_SITE_FB,0.05860895173541146,0.16021333333333335,3.075111964171465,8.666666666666666,nan,0,50
20261070,0.0,OUTPUT_SITE_FB,-0.0987237617914604,1.0,200.0,200.0,nan,0,50
20261070,0.0,NO_FEEDBACK,0.04119851687125238,0.042306666666666666,0.8564102564102565,1.7333333333333334,nan,0,50
20261070,40.0,SENSORY_SITE_FB,0.11703277449573615,0.16416,3.138814531548757,8.666666666666666,1.1056277056277055,154,50
20261070,40.0,OUTPUT_SITE_FB,-0.01969206456013715,1.0,200.0,200.0,0.0,100,50
20261070,40.0,NO_FEEDBACK,0.019559677936737987,0.042666666666666665,0.8689748811948405,1.7333333333333334,1.3333333333333335,131,50
20261070,20.0,SENSORY_SITE_FB,0.08439217528687035,0.15557333333333334,2.9576679340937897,8.2,1.3535967578520771,329,50
20261070,20.0,OUTPUT_SITE_FB,6.585974769238731e-05,1.0,200.0,200.0,0.0,231,50
20261070,20.0,NO_FEEDBACK,0.016795798230296716,0.04242666666666667,0.8783988957902001,1.7333333333333334,1.1761129207383276,307,50
20261070,10.0,SENSORY_SITE_FB,0.035486395737117746,0.1308,2.4586466165413534,6.0,1.3705705705705704,666,50
20261070,10.0,OUTPUT_SITE_FB,6.585974769281383e-05,1.0,200.0,200.0,0.0,481,50
20261070,10.0,NO_FEEDBACK,0.003638575692756889,0.041666666666666664,0.8503401360544218,1.6,1.3895929933024214,647,50
20261070,5.0,SENSORY_SITE_FB,0.012297195056734093,0.12405333333333333,2.267885435709933,5.333333333333333,2.2526791927626997,1916,50
20261070,5.0,OUTPUT_SITE_FB,-0.0012513352061626047,1.0,200.0,200.0,2.5009494217158643,1931,50
20261070,5.0,NO_FEEDBACK,0.00738316015895321,0.04269333333333333,0.8730743012951602,1.7333333333333334,2.2381944444444444,1920,50
20261071,0.0,SENSORY_SITE_FB,0.1332241910588776,0.15708,3.0860510805500985,7.6,nan,0,50
20261071,0.0,OUTPUT_SITE_FB,0.024222545191429423,1.0,200.0,200.0,nan,0,50
20261071,0.0,NO_FEEDBACK,-0.017188809739515296,0.03964,0.8292887029288704,1.6,nan,0,50
20261071,40.0,SENSORY_SITE_FB,0.08663980577584487,0.15082666666666666,3.0105123087159016,6.4,1.1902676399026764,137,50
20261071,40.0,OUTPUT_SITE_FB,0.004831581729312628,1.0,200.0,200.0,0.0,100,50
20261071,40.0,NO_FEEDBACK,0.011603769082292343,0.03988,0.8273858921161826,1.6,0.9152882205513785,133,50
20261071,20.0,SENSORY_SITE_FB,0.06506587295221299,0.13713333333333333,2.6627831715210357,6.026666666666673,1.3795833333333332,320,50
20261071,20.0,OUTPUT_SITE_FB,-1.61591362187961e-05,1.0,200.0,200.0,0.0,227,50
20261071,20.0,NO_FEEDBACK,0.004029657374720088,0.04028,0.8288065843621398,1.6,1.1826666666666668,300,50
20261071,10.0,SENSORY_SITE_FB,0.036981351509285505,0.12381333333333333,2.3810256410256407,5.613333333333336,1.4758072528564332,671,50
20261071,10.0,OUTPUT_SITE_FB,-1.615913621870204e-05,1.0,200.0,200.0,0.0,477,50
20261071,10.0,NO_FEEDBACK,0.011201164553082411,0.03918666666666667,0.8180932498260264,1.6,1.2413087934560327,652,50
20261071,5.0,SENSORY_SITE_FB,0.013462895623216791,0.12026666666666666,2.3039591315453385,5.466666666666667,2.2184604667363286,1914,50
20261071,5.0,OUTPUT_SITE_FB,0.00030702358815013007,1.0,200.0,200.0,2.5006054315862305,1927,50
20261071,5.0,NO_FEEDBACK,0.006273184018525348,0.03968,0.8266666666666667,1.6,2.234164934164934,1924,50
20261072,0.0,SENSORY_SITE_FB,0.051351970716717106,0.16632,3.2046242774566474,8.559999999999999,nan,0,50
20261072,0.0,OUTPUT_SITE_FB,-0.18162136644187057,1.0,200.0,200.0,nan,0,50
20261072,0.0,NO_FEEDBACK,0.02704113920093036,0.040106666666666665,0.8021333333333334,1.6,nan,0,50
20261072,40.0,SENSORY_SITE_FB,0.08213553811458867,0.15789333333333333,3.083854166666667,8.133333333333333,1.4460850111856822,149,50
20261072,40.0,OUTPUT_SITE_FB,-0.036227343940039916,1.0,200.0,200.0,0.0,100,50
20261072,40.0,NO_FEEDBACK,0.04910741416721911,0.0402,0.7992047713717694,1.4666666666666666,1.384037558685446,142,50
20261072,20.0,SENSORY_SITE_FB,0.07549619269794097,0.13992,2.6753346080305924,7.573333333333335,1.5802313354363826,317,50
20261072,20.0,OUTPUT_SITE_FB,0.00012116168541838377,1.0,200.0,200.0,0.0,231,50
20261072,20.0,NO_FEEDBACK,0.02049888189520503,0.04076,0.8135728542914171,1.4666666666666666,1.4132450331125828,302,50
20261072,10.0,SENSORY_SITE_FB,0.05683214443565323,0.127,2.3738317757009346,6.0,1.5740029542097487,677,50
20261072,10.0,OUTPUT_SITE_FB,0.0001211616854177084,1.0,200.0,200.0,0.0,481,50
20261072,10.0,NO_FEEDBACK,0.024934136632875067,0.04038666666666667,0.8077333333333333,1.480000000000003,1.2368530020703934,644,50
20261072,5.0,SENSORY_SITE_FB,0.01700675252511902,0.12173333333333333,2.3011972274732195,5.626666666666665,2.255786555786555,1924,50
20261072,5.0,OUTPUT_SITE_FB,-0.0023020720229455227,1.0,200.0,200.0,2.5009494217158634,1931,50
20261072,5.0,NO_FEEDBACK,0.007810261997493336,0.041093333333333336,0.8169648774022531,1.6,2.244548448604611,1923,50
20261073,0.0,SENSORY_SITE_FB,0.15290830660438046,0.16405333333333333,3.1248253968253965,7.680000000000003,nan,0,50
20261073,0.0,OUTPUT_SITE_FB,-0.0039143789643362155,1.0,200.0,200.0,nan,0,50
20261073,0.0,NO_FEEDBACK,0.019323124521348687,0.042813333333333335,0.9013333333333333,1.7333333333333334,nan,0,50
20261073,40.0,SENSORY_SITE_FB,0.13254018214541885,0.15497333333333332,2.98025641025641,8.426666666666673,1.755082742316785,141,50
20261073,40.0,OUTPUT_SITE_FB,-0.0007807867313779991,1.0,200.0,200.0,0.0,100,50
20261073,40.0,NO_FEEDBACK,0.022821985905054975,0.04257333333333333,0.9000704721634954,1.6,1.186967418546366,133,50
20261073,20.0,SENSORY_SITE_FB,0.08134240501149244,0.14486666666666667,2.7752234993614304,6.8,1.516989247311828,310,50
20261073,20.0,OUTPUT_SITE_FB,2.6113268607637073e-06,1.0,200.0,200.0,0.0,226,50
20261073,20.0,NO_FEEDBACK,0.0247821713099908,0.04194666666666667,0.8830877192982456,1.6,1.2621923937360178,298,50
20261073,10.0,SENSORY_SITE_FB,0.04822841280626796,0.1348,2.607350096711799,6.986666666666671,1.638318670576735,682,50
20261073,10.0,OUTPUT_SITE_FB,2.6113268609904593e-06,1.0,200.0,200.0,0.0,476,50
20261073,10.0,NO_FEEDBACK,0.01178463386569006,0.041986666666666665,0.8783821478382148,1.6,1.3390243902439023,656,50
20261073,5.0,SENSORY_SITE_FB,0.011217079770773663,0.11616,2.151111111111111,5.333333333333333,2.284791666666666,1920,50
20261073,5.0,OUTPUT_SITE_FB,-4.9615210355271964e-05,1.0,200.0,200.0,2.5005192107995846,1926,50
20261073,5.0,NO_FEEDBACK,0.011733697065437577,0.041466666666666666,0.8693221523410203,1.6,2.2412039439543334,1927,50
20261074,0.0,SENSORY_SITE_FB,0.11737954291054829,0.17428,3.209576427255985,7.9733333333333345,nan,0,50
20261074,0.0,OUTPUT_SITE_FB,-0.04360184839854425,1.0,200.0,200.0,nan,0,50
20261074,0.0,NO_FEEDBACK,0.11027259704596945,0.041613333333333336,0.8256613756613757,1.6,nan,0,50
20261074,40.0,SENSORY_SITE_FB,0.13354060632710435,0.17190666666666668,3.160049019607843,7.693333333333332,1.000453514739229,147,50
20261074,40.0,OUTPUT_SITE_FB,-0.008697099847341485,1.0,200.0,200.0,0.0,100,50
20261074,40.0,NO_FEEDBACK,0.029165294724802292,0.042493333333333334,0.8447978793903247,1.706666666666668,0.8357487922705312,138,50
20261074,20.0,SENSORY_SITE_FB,0.09176169944013815,0.15117333333333333,2.7436176648517847,6.933333333333334,1.3641025641025641,325,50
20261074,20.0,OUTPUT_SITE_FB,2.908729045895031e-05,1.0,200.0,200.0,0.0,229,50
20261074,20.0,NO_FEEDBACK,0.01410941802074451,0.04141333333333334,0.8041423948220064,1.4666666666666666,1.2030601092896176,305,50
20261074,10.0,SENSORY_SITE_FB,0.05804342542428585,0.13748,2.48158844765343,6.266666666666667,1.429209121785541,687,50
20261074,10.0,OUTPUT_SITE_FB,2.908729045892331e-05,1.0,200.0,200.0,0.0,479,50
20261074,10.0,NO_FEEDBACK,0.007953755461921279,0.04102666666666667,0.815639496355202,1.6,1.2626506024096387,664,50
20261074,5.0,SENSORY_SITE_FB,0.01551197168821135,0.1232,2.176678445229682,5.333333333333333,2.238808038808039,1924,50
20261074,5.0,OUTPUT_SITE_FB,-0.0005526585187273903,1.0,200.0,200.0,2.5007776049766717,1929,50
20261074,5.0,NO_FEEDBACK,0.008051940405874394,0.04090666666666667,0.8020915032679738,1.4666666666666666,2.2256890275611023,1923,50
20261075,0.0,SENSORY_SITE_FB,0.09529527914367035,0.18252,3.4699619771863115,8.733333333333333,nan,0,50
20261075,0.0,OUTPUT_SITE_FB,-0.03458101429362182,1.0,200.0,200.0,nan,0,50
20261075,0.0,NO_FEEDBACK,0.042354171416049954,0.04508,0.8685934489402697,1.7333333333333334,nan,0,50
20261075,40.0,SENSORY_SITE_FB,0.15412834887801585,0.16236,2.9845588235294116,8.133333333333333,1.3342047930283225,153,50
20261075,40.0,OUTPUT_SITE_FB,-0.006897747347427602,1.0,200.0,200.0,0.0,100,50
20261075,40.0,NO_FEEDBACK,0.04052797500869517,0.045,0.8490566037735849,1.7333333333333334,1.2591549295774647,142,50
20261075,20.0,SENSORY_SITE_FB,0.11419360206519039,0.16184,2.9212996389891694,8.266666666666666,1.4694117647058824,340,50
20261075,20.0,OUTPUT_SITE_FB,2.3069389122391114e-05,1.0,200.0,200.0,0.0,227,50
20261075,20.0,NO_FEEDBACK,0.029904040897739567,0.04425333333333333,0.8349685534591195,1.7333333333333334,1.49717868338558,319,50
20261075,10.0,SENSORY_SITE_FB,0.04723273617646503,0.13705333333333333,2.434339846062759,6.933333333333334,1.4384015594541908,684,50
20261075,10.0,OUTPUT_SITE_FB,2.306938912206462e-05,1.0,200.0,200.0,0.0,477,50
20261075,10.0,NO_FEEDBACK,0.011689435707040806,0.04410666666666667,0.8417302798982188,1.7333333333333334,1.318095238095238,665,50
20261075,5.0,SENSORY_SITE_FB,0.014389823392959897,0.12470666666666666,2.1878362573099412,5.346666666666669,2.241497659906396,1923,50
20261075,5.0,OUTPUT_SITE_FB,-0.0004383183933147057,1.0,200.0,200.0,2.5006054315862305,1927,50
20261075,5.0,NO_FEEDBACK,0.009844693264477709,0.04442666666666667,0.8527191298784389,1.7333333333333334,2.1905751905751902,1924,50
20261076,0.0,SENSORY_SITE_FB,0.10120713509297254,0.17988,3.4459770114942527,8.773333333333342,nan,0,50
20261076,0.0,OUTPUT_SITE_FB,0.06421719823561574,1.0,200.0,200.0,nan,0,50
20261076,0.0,NO_FEEDBACK,0.03328671839609783,0.04645333333333333,0.9020064724919094,1.7333333333333334,nan,0,50
20261076,40.0,SENSORY_SITE_FB,0.08640441321822812,0.16037333333333334,3.060559796437659,7.159999999999998,1.0882882882882883,148,50
20261076,40.0,OUTPUT_SITE_FB,0.012809167626717513,1.0,200.0,200.0,0.0,100,50
20261076,40.0,NO_FEEDBACK,0.029610618534767867,0.04586666666666667,0.8719898605830164,1.6666666666666667,0.9918465227817747,139,50
20261076,20.0,SENSORY_SITE_FB,0.10331007368884564,0.15670666666666666,2.9456140350877194,7.986666666666671,1.4404833836858009,331,50
20261076,20.0,OUTPUT_SITE_FB,-4.284002550676238e-05,1.0,200.0,200.0,0.0,222,50
20261076,20.0,NO_FEEDBACK,0.017066714594627136,0.04593333333333333,0.9006535947712418,1.7333333333333334,1.2463387978142075,305,50
20261076,10.0,SENSORY_SITE_FB,0.059134119359495904,0.1374,2.612167300380228,6.333333333333333,1.532193732193732,702,50
20261076,10.0,OUTPUT_SITE_FB,-4.2840025507268996e-05,1.0,200.0,200.0,0.0,472,50
20261076,10.0,NO_FEEDBACK,0.015391622503204666,0.0448,0.8648648648648649,1.6,1.3373921867072553,657,50
20261076,5.0,SENSORY_SITE_FB,0.015508687112255382,0.12821333333333335,2.365559655596556,5.6,2.2027139874739037,1916,50
20261076,5.0,OUTPUT_SITE_FB,0.0008139604846408913,1.0,200.0,200.0,2.5001734304543874,1922,50
20261076,5.0,NO_FEEDBACK,0.005486824734676957,0.04654666666666667,0.8899936265137031,1.7333333333333334,2.224488380159556,1922,50
20261077,0.0,SENSORY_SITE_FB,0.11849431738276667,0.15665333333333334,3.0359173126614984,7.2,nan,0,50
20261077,0.0,OUTPUT_SITE_FB,-0.0036355761939609686,1.0,200.0,200.0,nan,0,50
20261077,0.0,NO_FEEDBACK,0.06301326843296301,0.04277333333333333,0.8693766937669377,1.7200000000000044,nan,0,50
20261077,40.0,SENSORY_SITE_FB,0.10515230363466418,0.15417333333333333,2.871011793916822,6.373333333333342,1.5555555555555556,141,50
20261077,40.0,OUTPUT_SITE_FB,-0.0007251749713095124,1.0,200.0,200.0,0.0,100,50
20261077,40.0,NO_FEEDBACK,0.02255283852058143,0.04330666666666667,0.8856169052488071,1.7333333333333334,1.1650118203309692,141,50
20261077,20.0,SENSORY_SITE_FB,0.08080359496993132,0.14136,2.6324022346368716,6.320000000000005,1.4152560083594568,319,50
20261077,20.0,OUTPUT_SITE_FB,2.425334351877373e-06,1.0,200.0,200.0,0.0,225,50
20261077,20.0,NO_FEEDBACK,0.013730311708401709,0.042453333333333336,0.8681663258350375,1.6,1.0733964248159833,317,50
20261077,10.0,SENSORY_SITE_FB,0.027179707881008618,0.12688,2.34962962962963,5.866666666666666,1.4980740740740741,675,50
20261077,10.0,OUTPUT_SITE_FB,2.4253343519994752e-06,1.0,200.0,200.0,0.0,475,50
20261077,10.0,NO_FEEDBACK,0.01424711356963301,0.04253333333333333,0.8806073153899241,1.6,1.1712696004046534,659,50
20261077,5.0,SENSORY_SITE_FB,0.010357293844111501,0.11369333333333333,2.082295482295482,5.2,2.212203626220363,1912,50
20261077,5.0,OUTPUT_SITE_FB,-4.608135269208322e-05,1.0,200.0,200.0,2.5004329004329,1925,50
20261077,5.0,NO_FEEDBACK,0.009988682200587577,0.04224,0.8602851323828921,1.6,2.203091888136182,1919,50
20261078,0.0,SENSORY_SITE_FB,0.07478693891988801,0.17968,3.2669090909090905,7.906666666666676,nan,0,50
20261078,0.0,OUTPUT_SITE_FB,-0.16374358528422306,1.0,200.0,200.0,nan,0,50
20261078,0.0,NO_FEEDBACK,0.07132984901884118,0.044346666666666666,0.8712508185985592,1.6,nan,0,50
20261078,40.0,SENSORY_SITE_FB,0.13408149537285124,0.16946666666666665,3.0868245294474805,8.266666666666666,1.4045045045045044,148,50
20261078,40.0,OUTPUT_SITE_FB,-0.03266132888591219,1.0,200.0,200.0,0.0,100,50
20261078,40.0,NO_FEEDBACK,0.057144062868939374,0.04426666666666667,0.8713910761154855,1.6,1.5666666666666667,136,50
20261078,20.0,SENSORY_SITE_FB,0.10388331119675752,0.16942666666666667,3.1259532595325954,8.933333333333334,1.3589430894308943,328,50
20261078,20.0,OUTPUT_SITE_FB,0.00010923521366497617,1.0,200.0,200.0,0.0,228,50
20261078,20.0,NO_FEEDBACK,0.022927857915006053,0.044866666666666666,0.8678272082527402,1.6,1.2025316455696202,316,50
20261078,10.0,SENSORY_SITE_FB,0.06781232004055104,0.15521333333333334,2.832360097323601,7.106666666666668,1.5271340009537435,699,50
20261078,10.0,OUTPUT_SITE_FB,0.00010923521366512823,1.0,200.0,200.0,0.0,478,50
20261078,10.0,NO_FEEDBACK,-0.002441794447288481,0.04466666666666667,0.8844884488448844,1.6,1.3953394123606888,658,50
20261078,5.0,SENSORY_SITE_FB,0.02319184969968824,0.13661333333333334,2.392527729130181,5.6,2.1910925539318025,1916,50
20261078,5.0,OUTPUT_SITE_FB,-0.002075469059640001,1.0,200.0,200.0,2.5006915629322264,1928,50
20261078,5.0,NO_FEEDBACK,0.007621707663068944,0.043346666666666665,0.86005291005291,1.6,2.218510786360473,1916,50
20261079,0.0,SENSORY_SITE_FB,0.08287421624809958,0.17428,3.600826446280992,8.45333333333333,nan,0,50
20261079,0.0,OUTPUT_SITE_FB,-0.10281640163540265,1.0,200.0,200.0,nan,0,50
20261079,0.0,NO_FEEDBACK,0.026567825704277494,0.04069333333333333,0.8658156028368794,1.6,nan,0,50
20261079,40.0,SENSORY_SITE_FB,0.12436608899539495,0.15168,3.0457831325301203,7.773333333333334,1.4288288288288287,148,50
20261079,40.0,OUTPUT_SITE_FB,-0.02050840833154481,1.0,200.0,200.0,0.0,100,50
20261079,40.0,NO_FEEDBACK,0.02639865462573657,0.04056,0.8666666666666667,1.6,1.2666666666666666,132,50
20261079,20.0,SENSORY_SITE_FB,0.09262988900227206,0.14366666666666666,2.839262187088274,7.266666666666667,1.3866666666666667,320,50
20261079,20.0,OUTPUT_SITE_FB,6.858999442067813e-05,1.0,200.0,200.0,0.0,228,50
20261079,20.0,NO_FEEDBACK,0.030492672359524346,0.0396,0.855291576673866,1.6,1.2524731182795699,310,50
20261079,10.0,SENSORY_SITE_FB,0.04481283262693282,0.13014666666666666,2.61338688085676,6.933333333333334,1.4154922538730632,667,50
20261079,10.0,OUTPUT_SITE_FB,6.858999442017436e-05,1.0,200.0,200.0,0.0,478,50
20261079,10.0,NO_FEEDBACK,-0.006793708055872159,0.04126666666666667,0.8912886969042476,1.7333333333333334,1.2047991653625454,639,50
20261079,5.0,SENSORY_SITE_FB,0.010264728048128632,0.11704,2.268217054263566,5.466666666666667,2.2408376963350785,1910,50
20261079,5.0,OUTPUT_SITE_FB,-0.0013032098939778393,1.0,200.0,200.0,2.5006915629322264,1928,50
20261079,5.0,NO_FEEDBACK,0.0025637211030342393,0.03918666666666667,0.8373219373219373,1.4666666666666666,2.2391766963195536,1911,50
20261080,0.0,SENSORY_SITE_FB,0.04375832933877693,0.18228,3.4653992395437263,8.666666666666666,nan,0,50
20261080,0.0,OUTPUT_SITE_FB,0.10201266678998652,1.0,200.0,200.0,nan,0,50
20261080,0.0,NO_FEEDBACK,-0.026221678529409247,0.044346666666666666,0.8958922558922559,1.7333333333333334,nan,0,50
20261080,40.0,SENSORY_SITE_FB,0.08846422825667875,0.17601333333333333,3.3210062893081758,8.533333333333333,0.9504504504504506,148,50
20261080,40.0,OUTPUT_SITE_FB,0.02034809030700953,1.0,200.0,200.0,0.0,100,50
20261080,40.0,NO_FEEDBACK,-0.0006289073749777604,0.04572,0.9349693251533742,1.7333333333333334,0.6505910165484634,141,50
20261080,20.0,SENSORY_SITE_FB,0.09016502583588927,0.16153333333333333,3.0136815920398012,8.066666666666666,1.3033932135728543,334,50
20261080,20.0,OUTPUT_SITE_FB,-6.805381373675488e-05,1.0,200.0,200.0,0.0,223,50
20261080,20.0,NO_FEEDBACK,0.009166914157422964,0.04398666666666667,0.8797333333333333,1.6,1.2776371308016878,316,50
20261080,10.0,SENSORY_SITE_FB,0.05491330502480754,0.14196,2.6386617100371748,6.666666666666667,1.4633720930232557,688,50
20261080,10.0,OUTPUT_SITE_FB,-6.80538137361598e-05,1.0,200.0,200.0,0.0,473,50
20261080,10.0,NO_FEEDBACK,0.011222908418178803,0.04476,0.906072874493927,1.7333333333333334,1.3282904689863844,661,50
20261080,5.0,SENSORY_SITE_FB,0.025278504806448224,0.12957333333333335,2.3601700060716455,5.6,2.225993406212042,1921,50
20261080,5.0,OUTPUT_SITE_FB,0.0012930224609802516,1.0,200.0,200.0,2.500260010400416,1923,50
20261080,5.0,NO_FEEDBACK,0.008985650124996254,0.043866666666666665,0.8790915163660654,1.6,2.205613305613306,1924,50
20261081,0.0,SENSORY_SITE_FB,0.049527857545627475,0.16517333333333334,3.251443569553806,8.573333333333334,nan,0,50
20261081,0.0,OUTPUT_SITE_FB,0.14130216909039223,1.0,200.0,200.0,nan,0,50
20261081,0.0,NO_FEEDBACK,-0.05587278167602298,0.04274666666666667,0.860093896713615,1.6533333333333378,nan,0,50
20261081,40.0,SENSORY_SITE_FB,0.09920870828697209,0.15644,3.049512670565302,7.573333333333335,1.4425055928411634,149,50
20261081,40.0,OUTPUT_SITE_FB,0.028185022386942926,1.0,200.0,200.0,0.0,100,50
20261081,40.0,NO_FEEDBACK,-0.016719307710346708,0.043,0.8582834331337325,1.7333333333333334,1.4564814814814815,144,50
20261081,20.0,SENSORY_SITE_FB,0.11133005067862205,0.14397333333333334,2.6810676598386096,6.373333333333342,1.522020202020202,330,50
20261081,20.0,OUTPUT_SITE_FB,-9.426428891953514e-05,1.0,200.0,200.0,0.0,222,50
20261081,20.0,NO_FEEDBACK,0.0360316529136747,0.04224,0.8331360946745562,1.6,1.39958071278826,318,50
20261081,10.0,SENSORY_SITE_FB,0.04903433762230472,0.1338,2.5009345794392526,6.266666666666667,1.5133431806991628,677,50
20261081,10.0,OUTPUT_SITE_FB,-9.426428891977246e-05,1.0,200.0,200.0,0.0,472,50
20261081,10.0,NO_FEEDBACK,0.002456597491174572,0.041133333333333334,0.8210246174318031,1.6,1.3703591299949418,659,50
20261081,5.0,SENSORY_SITE_FB,0.021422638942490597,0.1178,2.145719489981785,5.333333333333333,2.2149419310105736,1923,50
20261081,5.0,OUTPUT_SITE_FB,0.0017910214894713082,1.0,200.0,200.0,2.5001734304543874,1922,50
20261081,5.0,NO_FEEDBACK,0.010492405762991118,0.04254666666666667,0.8492348636061211,1.7333333333333334,2.200624349635796,1922,50
20261082,0.0,SENSORY_SITE_FB,0.08888203538060208,0.17098666666666668,3.097584541062802,7.586666666666671,nan,0,50
20261082,0.0,OUTPUT_SITE_FB,0.03980047453906325,1.0,200.0,200.0,nan,0,50
20261082,0.0,NO_FEEDBACK,0.015603733041118608,0.047626666666666664,0.9449735449735449,1.7333333333333334,nan,0,50
20261082,40.0,SENSORY_SITE_FB,0.09309108018650351,0.16429333333333335,3.0256599140577043,7.306666666666668,1.2285057471264367,145,50
20261082,40.0,OUTPUT_SITE_FB,0.007938853827337526,1.0,200.0,200.0,0.0,100,50
20261082,40.0,NO_FEEDBACK,0.039009015433705295,0.04708,0.9511111111111111,1.7333333333333334,1.0328502415458936,138,50
20261082,20.0,SENSORY_SITE_FB,0.09993452040041842,0.15616,2.834119782214156,7.333333333333333,1.4775757575757575,330,50
20261082,20.0,OUTPUT_SITE_FB,-2.6551350593568835e-05,1.0,200.0,200.0,0.0,223,50
20261082,20.0,NO_FEEDBACK,0.038556652117000025,0.04684,0.9330677290836653,1.8666666666666667,1.1849056603773584,318,50
20261082,10.0,SENSORY_SITE_FB,0.05335907836347096,0.1416,2.5106382978723403,6.226666666666665,1.618199233716475,696,50
20261082,10.0,OUTPUT_SITE_FB,-2.6551350592859713e-05,1.0,200.0,200.0,0.0,473,50
20261082,10.0,NO_FEEDBACK,0.007613850198070797,0.046413333333333334,0.9245683930942894,1.7333333333333334,1.3686215538847117,665,50
20261082,5.0,SENSORY_SITE_FB,0.02391116395156843,0.12734666666666666,2.3070048309178746,5.6,2.192099792099792,1924,50
20261082,5.0,OUTPUT_SITE_FB,0.0005044756612689777,1.0,200.0,200.0,2.500260010400416,1923,50
20261082,5.0,NO_FEEDBACK,0.008990361610915275,0.045533333333333335,0.8998682476943346,1.7333333333333334,2.1966113416320887,1928,50
20261083,0.0,SENSORY_SITE_FB,0.1359752867532012,0.16976,3.1969868173258003,7.866666666666666,nan,0,50
20261083,0.0,OUTPUT_SITE_FB,-0.06907414796805234,1.0,200.0,200.0,nan,0,50
20261083,0.0,NO_FEEDBACK,0.04374482695477044,0.044066666666666664,0.855663430420712,1.6,nan,0,50
20261083,40.0,SENSORY_SITE_FB,0.14635538780015692,0.15918666666666667,2.9754517133956386,7.333333333333333,1.5311546840958605,153,50
20261083,40.0,OUTPUT_SITE_FB,-0.013777965471945635,1.0,200.0,200.0,0.0,100,50
20261083,40.0,NO_FEEDBACK,0.07520022509809228,0.04428,0.8716535433070867,1.6,1.552183908045977,145,50
20261083,20.0,SENSORY_SITE_FB,0.07260225489442935,0.15008,2.8210526315789473,7.066666666666666,1.6207407407407406,315,50
20261083,20.0,OUTPUT_SITE_FB,4.608015207962914e-05,1.0,200.0,200.0,0.0,228,50
20261083,20.0,NO_FEEDBACK,-0.010257203484923968,0.04342666666666667,0.8416020671834625,1.6,1.5232456140350876,304,50
20261083,10.0,SENSORY_SITE_FB,0.04756496673610654,0.14050666666666667,2.582843137254902,6.3599999999999985,1.4357348703170028,694,50
20261083,10.0,OUTPUT_SITE_FB,4.608015207991816e-05,1.0,200.0,200.0,0.0,478,50
20261083,10.0,NO_FEEDBACK,0.010516395357309092,0.04362666666666667,0.8487678339818417,1.6,1.2465671641791043,670,50
20261083,5.0,SENSORY_SITE_FB,0.012415391156665838,0.12569333333333332,2.2770531400966183,5.333333333333333,2.218848167539267,1910,50
20261083,5.0,OUTPUT_SITE_FB,-0.0008755228895217645,1.0,200.0,200.0,2.500691562932227,1928,50
20261083,5.0,NO_FEEDBACK,0.008168081874471681,0.042866666666666664,0.8539176626826029,1.6,2.189510367659871,1913,50
20261084,0.0,SENSORY_SITE_FB,0.09936806136131165,0.17546666666666666,3.3873873873873874,8.706666666666669,nan,0,50
20261084,0.0,OUTPUT_SITE_FB,-0.1673017840186331,1.0,200.0,200.0,nan,0,50
20261084,0.0,NO_FEEDBACK,0.017405736336101527,0.04345333333333333,0.867332002661344,1.7333333333333334,nan,0,50
20261084,40.0,SENSORY_SITE_FB,0.11600013567319348,0.1552,2.8794063079777366,6.959999999999998,1.4606451612903226,155,50
20261084,40.0,OUTPUT_SITE_FB,-0.03337106966082117,1.0,200.0,200.0,0.0,100,50
20261084,40.0,NO_FEEDBACK,0.010302636592197528,0.0434,0.8821138211382115,1.6,1.240712468193384,131,50
20261084,20.0,SENSORY_SITE_FB,0.09156175597813006,0.15537333333333334,2.9150719199499684,7.5466666666666695,1.6321138211382111,328,50
20261084,20.0,OUTPUT_SITE_FB,0.00011160892863122989,1.0,200.0,200.0,0.0,233,50
20261084,20.0,NO_FEEDBACK,0.028210747378331985,0.043666666666666666,0.8803763440860215,1.7333333333333334,1.5673202614379085,306,50
20261084,10.0,SENSORY_SITE_FB,0.04218358805484019,0.13154666666666667,2.3874168179068365,5.733333333333333,1.5597447226313206,679,50
20261084,10.0,OUTPUT_SITE_FB,0.0001116089286314132,1.0,200.0,200.0,0.0,483,50
20261084,10.0,NO_FEEDBACK,-0.0021504225621885647,0.0418,0.8565573770491803,1.6,1.3168977914740627,649,50
20261084,5.0,SENSORY_SITE_FB,0.01764261483105089,0.12584,2.243137254901961,5.066666666666666,2.219117135905457,1918,50
20261084,5.0,OUTPUT_SITE_FB,-0.002120569643998704,1.0,200.0,200.0,2.5011208829108464,1933,50
20261084,5.0,NO_FEEDBACK,0.007330691157018801,0.04228,0.8699588477366255,1.6,2.2420961304875933,1921,50
20261085,0.0,SENSORY_SITE_FB,0.08854381780391053,0.16909333333333335,3.131358024691358,8.413333333333336,nan,0,50
20261085,0.0,OUTPUT_SITE_FB,-0.0496573523597214,1.0,200.0,200.0,nan,0,50
20261085,0.0,NO_FEEDBACK,0.0018336284856089258,0.045066666666666665,0.8871391076115485,1.7733333333333348,nan,0,50
20261085,40.0,SENSORY_SITE_FB,0.13108819492074553,0.16128,3.0372881355932204,7.866666666666666,1.54161220043573,153,50
20261085,40.0,OUTPUT_SITE_FB,-0.009904968882960451,1.0,200.0,200.0,0.0,100,50
20261085,40.0,NO_FEEDBACK,0.0016934183241910418,0.04568,0.8939334637964775,1.8666666666666667,1.336130536130536,143,50
20261085,20.0,SENSORY_SITE_FB,0.08775777922697985,0.14382666666666666,2.6197935640558594,6.533333333333333,1.6179640718562873,334,50
20261085,20.0,OUTPUT_SITE_FB,3.312698623094264e-05,1.0,200.0,200.0,0.0,228,50
20261085,20.0,NO_FEEDBACK,0.015404461363164666,0.04389333333333333,0.8606535947712418,1.6,1.5576719576719578,315,50
20261085,10.0,SENSORY_SITE_FB,0.055646896336412614,0.13544,2.422898032200358,6.266666666666667,1.478787878787879,682,50
20261085,10.0,OUTPUT_SITE_FB,3.31269862312217e-05,1.0,200.0,200.0,0.0,478,50
20261085,10.0,NO_FEEDBACK,0.008384359202979095,0.044866666666666666,0.8884488448844884,1.7333333333333334,1.4104733131923464,662,50
20261085,5.0,SENSORY_SITE_FB,0.011121167088384513,0.12212,2.2366300366300367,5.2,2.2194022024121653,1907,50
20261085,5.0,OUTPUT_SITE_FB,-0.000629412738382038,1.0,200.0,200.0,2.500691562932227,1928,50
20261085,5.0,NO_FEEDBACK,0.004487141781892103,0.04394666666666667,0.8771789753825682,1.7333333333333334,2.223173277661795,1916,50
20261086,0.0,SENSORY_SITE_FB,0.10585751754886212,0.16762666666666667,3.1928888888888887,7.733333333333333,nan,0,50
20261086,0.0,OUTPUT_SITE_FB,0.16033601033667877,1.0,200.0,200.0,nan,0,50
20261086,0.0,NO_FEEDBACK,0.0358169454552525,0.043293333333333336,0.8710932260228034,1.7333333333333334,nan,0,50
20261086,40.0,SENSORY_SITE_FB,0.06323885760392763,0.14610666666666666,2.7619407687460615,7.333333333333333,1.2818390804597701,145,50
20261086,40.0,OUTPUT_SITE_FB,0.03198163248209958,1.0,200.0,200.0,0.0,100,50
20261086,40.0,NO_FEEDBACK,0.025328828812773183,0.04277333333333333,0.864107744107744,1.6,1.0036529680365296,146,50
20261086,20.0,SENSORY_SITE_FB,0.06660779810811064,0.15684,2.9874285714285715,7.6,1.4017910447761193,335,50
20261086,20.0,OUTPUT_SITE_FB,-0.00010696198154533257,1.0,200.0,200.0,0.0,219,50
20261086,20.0,NO_FEEDBACK,-0.025370123795222008,0.04174666666666667,0.8537150647580095,1.6,1.2721868365180469,314,50
20261086,10.0,SENSORY_SITE_FB,0.052529916468348224,0.13654666666666668,2.5715003138731953,6.133333333333333,1.4453488372093024,688,50
20261086,10.0,OUTPUT_SITE_FB,-0.00010696198154531658,1.0,200.0,200.0,0.0,469,50
20261086,10.0,NO_FEEDBACK,0.01294193305507639,0.04278666666666667,0.8626344086021506,1.7333333333333334,1.1206931702344545,654,50
20261086,5.0,SENSORY_SITE_FB,0.016127282254538706,0.12005333333333333,2.260891399874451,5.466666666666667,2.222804260520342,1909,50
20261086,5.0,OUTPUT_SITE_FB,0.002032277649364131,1.0,200.0,200.0,2.499913149209658,1919,50
20261086,5.0,NO_FEEDBACK,0.007381074399383123,0.042706666666666664,0.8575635876840696,1.6,2.2108315863032844,1908,50
20261087,0.0,SENSORY_SITE_FB,0.08073783968118241,0.18866666666666668,3.442822384428224,8.666666666666666,nan,0,50
20261087,0.0,OUTPUT_SITE_FB,0.07547438904787394,1.0,200.0,200.0,nan,0,50
20261087,0.0,NO_FEEDBACK,0.022323310827535317,0.047213333333333336,0.887468671679198,1.6,nan,0,50
20261087,40.0,SENSORY_SITE_FB,0.10429740527626619,0.17676,3.2314442413162703,7.920000000000004,1.4754385964912282,152,50
20261087,40.0,OUTPUT_SITE_FB,0.01505459794884249,1.0,200.0,200.0,0.0,100,50
20261087,40.0,NO_FEEDBACK,0.0473973990409061,0.048133333333333334,0.8980099502487562,1.6,1.2941724941724941,143,50
20261087,20.0,SENSORY_SITE_FB,0.11615506138318364,0.16998666666666667,3.030065359477124,7.866666666666666,1.3755620723362658,341,50
20261087,20.0,OUTPUT_SITE_FB,-5.034982591586328e-05,1.0,200.0,200.0,0.0,222,50
20261087,20.0,NO_FEEDBACK,0.008887235625612234,0.047413333333333335,0.8862305295950156,1.7333333333333334,1.3042194092827004,316,50
20261087,10.0,SENSORY_SITE_FB,0.07242580519522596,0.15438666666666667,2.8224253503961,7.7866666666666715,1.4607534573199807,699,50
20261087,10.0,OUTPUT_SITE_FB,-5.034982591555135e-05,1.0,200.0,200.0,0.0,472,50
20261087,10.0,NO_FEEDBACK,0.00695564625566592,0.04808,0.8920222634508349,1.6,1.2584584584584584,666,50
20261087,5.0,SENSORY_SITE_FB,0.01793043381670917,0.13113333333333332,2.3168433451118964,5.6,2.226283724978242,1915,50
20261087,5.0,OUTPUT_SITE_FB,0.0009566466924013266,1.0,200.0,200.0,2.5001734304543874,1922,50
20261087,5.0,NO_FEEDBACK,0.005012356086133769,0.046946666666666664,0.8693827160493828,1.6,2.2162839248434234,1916,50
20261088,0.0,SENSORY_SITE_FB,0.13882272868787907,0.17348,3.2007380073800737,8.0,nan,0,50
20261088,0.0,OUTPUT_SITE_FB,0.007854515830122807,1.0,200.0,200.0,nan,0,50
20261088,0.0,NO_FEEDBACK,0.008706089013229801,0.042986666666666666,0.8772789115646258,1.7333333333333334,nan,0,50
20261088,40.0,SENSORY_SITE_FB,0.0626840137010856,0.15441333333333335,2.762313655336911,6.533333333333333,1.5348370927318296,133,50
20261088,40.0,OUTPUT_SITE_FB,0.0015667112963342249,1.0,200.0,200.0,0.0,100,50
20261088,40.0,NO_FEEDBACK,-0.01816091373195653,0.04186666666666667,0.8440860215053764,1.6,1.0409876543209877,135,50
20261088,20.0,SENSORY_SITE_FB,0.09477330047059061,0.14824,2.6661870503597123,6.4,1.4286286286286287,333,50
20261088,20.0,OUTPUT_SITE_FB,-5.2398371113083546e-06,1.0,200.0,200.0,0.0,225,50
20261088,20.0,NO_FEEDBACK,0.015807399238768664,0.04405333333333333,0.88996632996633,1.7333333333333334,1.3592592592592592,324,50
20261088,10.0,SENSORY_SITE_FB,0.047348359076105316,0.12766666666666668,2.231934731934732,5.2,1.392375366568915,682,50
20261088,10.0,OUTPUT_SITE_FB,-5.239837111392953e-06,1.0,200.0,200.0,0.0,475,50
20261088,10.0,NO_FEEDBACK,0.011395978686047888,0.04269333333333333,0.8766598220396988,1.6,1.2891628145865432,649,50
20261088,5.0,SENSORY_SITE_FB,0.012785401211387461,0.12005333333333333,2.1248377581120943,5.2,2.226292056885189,1922,50
20261088,5.0,OUTPUT_SITE_FB,9.955690511838102e-05,1.0,200.0,200.0,2.5004329004329002,1925,50
20261088,5.0,NO_FEEDBACK,0.0031121895805281373,0.04258666666666667,0.8726775956284153,1.6,2.179912967798085,1915,50
20261089,0.0,SENSORY_SITE_FB,0.13696599388447736,0.17405333333333334,3.3862516212710765,8.8,nan,0,50
20261089,0.0,OUTPUT_SITE_FB,0.08278926603436582,1.0,200.0,200.0,nan,0,50
20261089,0.0,NO_FEEDBACK,0.04928596764197365,0.04456,0.8788954635108481,1.7333333333333334,nan,0,50
20261089,40.0,SENSORY_SITE_FB,0.08659804108000435,0.15924,2.993233082706767,7.6,1.359080459770115,145,50
20261089,40.0,OUTPUT_SITE_FB,0.016513669475833926,1.0,200.0,200.0,0.0,100,50
20261089,40.0,NO_FEEDBACK,0.009029245967273126,0.044333333333333336,0.8658854166666666,1.6,1.4676470588235293,136,50
20261089,20.0,SENSORY_SITE_FB,0.0827763142182885,0.15138666666666667,2.956770833333333,8.133333333333333,1.5241590214067278,327,50
20261089,20.0,OUTPUT_SITE_FB,-5.522966379862453e-05,1.0,200.0,200.0,0.0,222,50
20261089,20.0,NO_FEEDBACK,-0.009509354325853014,0.04398666666666667,0.8727513227513227,1.7333333333333334,1.3957918050941307,301,50
20261089,10.0,SENSORY_SITE_FB,0.04580468916834969,0.1344,2.488888888888889,6.4,1.5530651340996169,696,50
20261089,10.0,OUTPUT_SITE_FB,-5.5229663798600724e-05,1.0,200.0,200.0,0.0,472,50
20261089,10.0,NO_FEEDBACK,0.010266905055142106,0.044186666666666666,0.8767195767195767,1.6,1.2659476117103237,649,50
20261089,5.0,SENSORY_SITE_FB,0.015900082314930154,0.12908,2.351183970856102,5.626666666666665,2.211018711018711,1924,50
20261089,5.0,OUTPUT_SITE_FB,0.0010493636121768023,1.0,200.0,200.0,2.5001734304543874,1922,50
20261089,5.0,NO_FEEDBACK,0.002937176523187693,0.04356,0.8660039761431412,1.6,2.2492602262837247,1915,50
20261090,0.0,SENSORY_SITE_FB,0.1158359918200198,0.17013333333333333,3.0877192982456143,7.733333333333333,nan,0,50
20261090,0.0,OUTPUT_SITE_FB,-0.07643171636761092,1.0,200.0,200.0,nan,0,50
20261090,0.0,NO_FEEDBACK,-0.026827244549385326,0.04512,0.8899408284023669,1.8666666666666667,nan,0,50
20261090,40.0,SENSORY_SITE_FB,0.10339160288805356,0.16193333333333335,2.896839594514013,6.693333333333332,1.3549019607843136,136,50
20261090,40.0,OUTPUT_SITE_FB,-0.015245552497607716,1.0,200.0,200.0,0.0,100,50
20261090,40.0,NO_FEEDBACK,0.017424528412445718,0.04492,0.894820717131474,1.7333333333333334,1.0395989974937345,133,50
20261090,20.0,SENSORY_SITE_FB,0.08554436973394747,0.15868,2.8746376811594203,7.453333333333338,1.367479674796748,328,50
20261090,20.0,OUTPUT_SITE_FB,5.098846989154069e-05,1.0,200.0,200.0,0.0,223,50
20261090,20.0,NO_FEEDBACK,0.0035618499846716348,0.045066666666666665,0.885396201702685,1.7333333333333334,1.1426160337552744,316,50
20261090,10.0,SENSORY_SITE_FB,0.047249989334849286,0.13996,2.54010889292196,6.666666666666667,1.5452893352462935,697,50
20261090,10.0,OUTPUT_SITE_FB,5.0988469891741416e-05,1.0,200.0,200.0,0.0,473,50
20261090,10.0,NO_FEEDBACK,0.0022406006929397418,0.04508,0.8962226640159047,1.7333333333333334,1.3715994020926754,669,50
20261090,5.0,SENSORY_SITE_FB,0.0008366043098380864,0.12017333333333333,2.1307328605200944,5.066666666666666,2.2615626638699524,1907,50
20261090,5.0,OUTPUT_SITE_FB,-0.0009687809279418403,1.0,200.0,200.0,2.5002600104004156,1923,50
20261090,5.0,NO_FEEDBACK,0.00034940877267410926,0.04429333333333333,0.8840984697272122,1.7333333333333334,2.222641509433962,1908,50
20261091,0.0,SENSORY_SITE_FB,0.12489017287138529,0.17021333333333333,3.117460317460317,7.533333333333333,nan,0,50
20261091,0.0,OUTPUT_SITE_FB,-0.012658487170345987,1.0,200.0,200.0,nan,0,50
20261091,0.0,NO_FEEDBACK,0.08169721379942954,0.04352,0.8450485436893204,1.6,nan,0,50
20261091,40.0,SENSORY_SITE_FB,0.12822139204042624,0.17081333333333334,3.18681592039801,7.866666666666666,1.1090507726269316,151,50
20261091,40.0,OUTPUT_SITE_FB,-0.0025249417371138723,1.0,200.0,200.0,0.0,100,50
20261091,40.0,NO_FEEDBACK,0.022151784808363113,0.043973333333333336,0.8456410256410256,1.6,1.0731034482758621,145,50
20261091,20.0,SENSORY_SITE_FB,0.07459349050669553,0.15654666666666667,2.84630303030303,7.333333333333333,1.4787512588116818,331,50
20261091,20.0,OUTPUT_SITE_FB,8.444621194867352e-06,1.0,200.0,200.0,0.0,225,50
20261091,20.0,NO_FEEDBACK,0.018207393931300223,0.044,0.8477842003853565,1.6,1.3207150368033647,317,50
20261091,10.0,SENSORY_SITE_FB,0.046613695633379075,0.14097333333333334,2.5914215686274513,6.533333333333333,1.6154285714285714,700,50
20261091,10.0,OUTPUT_SITE_FB,8.44462119446514e-06,1.0,200.0,200.0,0.0,475,50
20261091,10.0,NO_FEEDBACK,-0.0007664920954918979,0.0442,0.8549323017408124,1.6,1.3441930618401208,663,50
20261091,5.0,SENSORY_SITE_FB,0.012765887186391734,0.12609333333333334,2.280168776371308,5.333333333333333,2.2122733612273358,1912,50
20261091,5.0,OUTPUT_SITE_FB,-0.00016044780269279939,1.0,200.0,200.0,2.5004329004329002,1925,50
20261091,5.0,NO_FEEDBACK,0.002515729881785319,0.043666666666666666,0.838131797824696,1.6,2.2168230795968022,1918,50
20261092,0.0,SENSORY_SITE_FB,0.12000333391843808,0.163,3.4100418410041837,8.8,nan,0,50
20261092,0.0,OUTPUT_SITE_FB,0.011189439841054239,1.0,200.0,200.0,nan,0,50
20261092,0.0,NO_FEEDBACK,0.03128546591956135,0.040466666666666665,0.8702508960573477,1.680000000000003,nan,0,50
20261092,40.0,SENSORY_SITE_FB,0.10370133364760178,0.15429333333333334,3.19447895100069,8.0,1.405057471264368,145,50
20261092,40.0,OUTPUT_SITE_FB,0.0022319162858408415,1.0,200.0,200.0,0.0,100,50
20261092,40.0,NO_FEEDBACK,0.049491675471497805,0.03998666666666666,0.8525941719971571,1.6266666666666652,1.1567816091954022,145,50
20261092,20.0,SENSORY_SITE_FB,0.07724238556781123,0.14137333333333332,2.805026455026455,7.293333333333332,1.420125786163522,318,50
20261092,20.0,OUTPUT_SITE_FB,-7.46460296251763e-06,1.0,200.0,200.0,0.0,226,50
20261092,20.0,NO_FEEDBACK,-0.00840917908937896,0.04008,0.8564102564102565,1.6,1.0527964205816556,298,50
20261092,10.0,SENSORY_SITE_FB,0.05926283595553392,0.13534666666666667,2.659070072036673,7.333333333333333,1.340828402366864,676,50
20261092,10.0,OUTPUT_SITE_FB,-7.464602962596034e-06,1.0,200.0,200.0,0.0,476,50
20261092,10.0,NO_FEEDBACK,0.009902718453984752,0.03864,0.8345572354211662,1.6,1.233590932509016,647,50
20261092,5.0,SENSORY_SITE_FB,0.02371674830836199,0.11936,2.322178988326848,6.093333333333332,2.2266178266178263,1911,50
20261092,5.0,OUTPUT_SITE_FB,0.000141827456290991,1.0,200.0,200.0,2.5005192107995846,1926,50
20261092,5.0,NO_FEEDBACK,0.002185265546907201,0.03877333333333333,0.8249645390070922,1.6,2.240529709008538,1913,50
20261093,0.0,SENSORY_SITE_FB,0.12629471852553434,0.17221333333333333,3.343948220064725,8.480000000000002,nan,0,50
20261093,0.0,OUTPUT_SITE_FB,-0.05615603892831914,1.0,200.0,200.0,nan,0,50
20261093,0.0,NO_FEEDBACK,-0.031476084057472674,0.042986666666666666,0.8701754385964912,1.6,nan,0,50
20261093,40.0,SENSORY_SITE_FB,0.06477424490606702,0.16301333333333334,3.0873737373737375,8.666666666666666,1.258874458874459,154,50
20261093,40.0,OUTPUT_SITE_FB,-0.011201237918323469,1.0,200.0,200.0,0.0,100,50
20261093,40.0,NO_FEEDBACK,0.012388629476269222,0.04441333333333333,0.902710027100271,1.7333333333333334,1.2616091954022988,145,50
20261093,20.0,SENSORY_SITE_FB,0.07984686592041573,0.14726666666666666,2.7021406727828747,6.74666666666667,1.6027944111776449,334,50
20261093,20.0,OUTPUT_SITE_FB,3.746233417554876e-05,1.0,200.0,200.0,0.0,228,50
20261093,20.0,NO_FEEDBACK,0.012531185858564668,0.0418,0.8277227722772277,1.6,1.3870833333333334,320,50
20261093,10.0,SENSORY_SITE_FB,0.0440841042873866,0.13958666666666666,2.561223241590214,6.8,1.3823328452903856,683,50
20261093,10.0,OUTPUT_SITE_FB,3.7462334174853494e-05,1.0,200.0,200.0,0.0,478,50
20261093,10.0,NO_FEEDBACK,0.006954816668270071,0.04342666666666667,0.8844534962661236,1.7333333333333334,1.295063613231552,655,50
20261093,5.0,SENSORY_SITE_FB,0.013208479519630166,0.11765333333333333,2.1787654320987655,5.346666666666669,2.2560527228581337,1922,50
20261093,5.0,OUTPUT_SITE_FB,-0.0007117843493249314,1.0,200.0,200.0,2.500691562932227,1928,50
20261093,5.0,NO_FEEDBACK,0.010814339608345986,0.043533333333333334,0.8671978751660027,1.7333333333333334,2.2421400034740313,1919,50
20261094,0.0,SENSORY_SITE_FB,0.09314867042948015,0.17829333333333333,3.189505068574836,7.7866666666666635,nan,0,50
20261094,0.0,OUTPUT_SITE_FB,0.04174563731547523,1.0,200.0,200.0,nan,0,50
20261094,0.0,NO_FEEDBACK,0.047056618469002914,0.04272,0.8360078277886497,1.6,nan,0,50
20261094,40.0,SENSORY_SITE_FB,0.11017940230701509,0.16374666666666668,2.939796529024536,7.573333333333342,1.2085714285714284,140,50
20261094,40.0,OUTPUT_SITE_FB,0.00832684827039886,1.0,200.0,200.0,0.0,100,50
20261094,40.0,NO_FEEDBACK,-0.013812923883289278,0.04208,0.8267190569744597,1.6,1.0129198966408268,129,50
20261094,20.0,SENSORY_SITE_FB,0.09907362533412804,0.16209333333333334,2.899701848539058,7.733333333333333,1.4199395770392749,331,50
20261094,20.0,OUTPUT_SITE_FB,-2.7848990870552724e-05,1.0,200.0,200.0,0.0,224,50
20261094,20.0,NO_FEEDBACK,0.007809181027743418,0.04237333333333333,0.8341207349081365,1.6,1.1742765273311897,311,50
20261094,10.0,SENSORY_SITE_FB,0.05481694277344493,0.13606666666666667,2.3379152348224514,6.1199999999999966,1.5114285714285713,700,50
20261094,10.0,OUTPUT_SITE_FB,-2.784899087086945e-05,1.0,200.0,200.0,0.0,474,50
20261094,10.0,NO_FEEDBACK,0.007106467421548105,0.04173333333333333,0.8231426692965155,1.6,1.263672654690619,668,50
20261094,5.0,SENSORY_SITE_FB,0.01653526814848636,0.12697333333333333,2.116222222222222,5.333333333333333,2.208063955509211,1918,50
20261094,5.0,OUTPUT_SITE_FB,0.0005291308265470426,1.0,200.0,200.0,2.5003465003465,1924,50
20261094,5.0,NO_FEEDBACK,0.0017930700735023153,0.04156,0.8181102362204724,1.6,2.228075655040777,1921,50
20261095,0.0,SENSORY_SITE_FB,0.042495471208106005,0.16337333333333334,3.2415343915343917,8.933333333333334,nan,0,50
20261095,0.0,OUTPUT_SITE_FB,0.17606335346750696,1.0,200.0,200.0,nan,0,50
20261095,0.0,NO_FEEDBACK,0.0240514829822307,0.04376,0.8734530938123752,1.6,nan,0,50
20261095,40.0,SENSORY_SITE_FB,0.08120977492282204,0.15389333333333333,2.948148148148148,7.840000000000009,1.4043795620437958,137,50
20261095,40.0,OUTPUT_SITE_FB,0.035118707596252366,1.0,200.0,200.0,0.0,100,50
20261095,40.0,NO_FEEDBACK,0.023065066544193952,0.042826666666666666,0.8565333333333334,1.6,1.5393034825870648,134,50
20261095,20.0,SENSORY_SITE_FB,0.060805819527914855,0.14381333333333332,2.708349026993095,6.533333333333333,1.5022222222222221,330,50
20261095,20.0,OUTPUT_SITE_FB,-0.00011745387155916162,1.0,200.0,200.0,0.0,220,50
20261095,20.0,NO_FEEDBACK,-0.0002302806966317963,0.04204,0.8527383367139959,1.4666666666666666,1.417610062893082,318,50
20261095,10.0,SENSORY_SITE_FB,0.03984260995385647,0.13254666666666667,2.505608065532451,6.4,1.3333333333333335,676,50
20261095,10.0,OUTPUT_SITE_FB,-0.00011745387155886,1.0,200.0,200.0,0.0,470,50
20261095,10.0,NO_FEEDBACK,-0.0019128979138306047,0.04253333333333333,0.8523714094856379,1.6,1.26512583461736,649,50
20261095,5.0,SENSORY_SITE_FB,0.010377342518822615,0.12237333333333333,2.270377241805813,5.733333333333333,2.2313294999128765,1913,50
20261095,5.0,OUTPUT_SITE_FB,0.0022316235596283023,1.0,200.0,200.0,2.5,1920,50
20261095,5.0,NO_FEEDBACK,0.0032582531646791367,0.04308,0.8703030303030302,1.7333333333333334,2.2340477435093224,1913,50
20261096,0.0,SENSORY_SITE_FB,0.14521950011942292,0.17276,3.1933456561922364,8.533333333333333,nan,0,50
20261096,0.0,OUTPUT_SITE_FB,-0.027954445913023027,1.0,200.0,200.0,nan,0,50
20261096,0.0,NO_FEEDBACK,0.028154441984106927,0.044866666666666666,0.8832020997375328,1.7333333333333334,nan,0,50
20261096,40.0,SENSORY_SITE_FB,0.1181107640441199,0.15914666666666666,2.88832425892317,7.066666666666666,1.521412803532009,151,50
20261096,40.0,OUTPUT_SITE_FB,-0.005575970198794149,1.0,200.0,200.0,0.0,100,50
20261096,40.0,NO_FEEDBACK,0.048713559894041206,0.04345333333333333,0.8453955901426718,1.6,1.3814814814814815,144,50
20261096,20.0,SENSORY_SITE_FB,0.09442903952241664,0.15905333333333332,2.8555356074207063,7.253333333333337,1.3998009950248755,335,50
20261096,20.0,OUTPUT_SITE_FB,1.8648729760435855e-05,1.0,200.0,200.0,0.0,222,50
20261096,20.0,NO_FEEDBACK,0.02371778517459392,0.04461333333333333,0.8764898493778651,1.7333333333333334,1.4535864978902953,316,50
20261096,10.0,SENSORY_SITE_FB,0.04230143361150824,0.14094666666666666,2.434312032239493,6.160000000000006,1.4607194244604318,695,50
20261096,10.0,OUTPUT_SITE_FB,1.8648729761338955e-05,1.0,200.0,200.0,0.0,472,50
20261096,10.0,NO_FEEDBACK,0.0037870380914242956,0.04358666666666667,0.8563195808775377,1.7333333333333334,1.4564102564102563,663,50
20261096,5.0,SENSORY_SITE_FB,0.015923576175353053,0.12796,2.2488576449912125,5.333333333333333,2.2064785788923715,1914,50
20261096,5.0,OUTPUT_SITE_FB,-0.00035432586547547233,1.0,200.0,200.0,2.5001734304543874,1922,50
20261096,5.0,NO_FEEDBACK,0.004329182322196089,0.04392,0.8611764705882353,1.7333333333333334,2.2397782397782398,1924,50
20261097,0.0,SENSORY_SITE_FB,0.09909977265658065,0.1618,3.1417475728155337,7.733333333333333,nan,0,50
20261097,0.0,OUTPUT_SITE_FB,-0.09068082909689763,1.0,200.0,200.0,nan,0,50
20261097,0.0,NO_FEEDBACK,0.007383270934815569,0.04478666666666667,0.9311157311157312,1.8666666666666667,nan,0,50
20261097,40.0,SENSORY_SITE_FB,0.10195297784778831,0.15432,2.9394285714285715,7.280000000000003,1.3166666666666667,152,50
20261097,40.0,OUTPUT_SITE_FB,-0.01808777044694673,1.0,200.0,200.0,0.0,100,50
20261097,40.0,NO_FEEDBACK,0.018913081913206814,0.04476,0.9267080745341615,1.8666666666666667,1.3288288288288288,148,50
20261097,20.0,SENSORY_SITE_FB,0.07596957881202601,0.15226666666666666,2.8675455116133084,7.2,1.2752556237218815,326,50
20261097,20.0,OUTPUT_SITE_FB,6.049421554180441e-05,1.0,200.0,200.0,0.0,227,50
20261097,20.0,NO_FEEDBACK,0.020580338880432866,0.044853333333333335,0.9210130047912388,1.7333333333333334,1.0525,320,50
20261097,10.0,SENSORY_SITE_FB,0.05240229519253772,0.12830666666666668,2.430050505050505,6.0,1.3858823529411766,680,50
20261097,10.0,OUTPUT_SITE_FB,6.049421554195078e-05,1.0,200.0,200.0,0.0,477,50
20261097,10.0,NO_FEEDBACK,0.01428296259074267,0.041666666666666664,0.8520790729379686,1.6,1.3284478371501272,655,50
20261097,5.0,SENSORY_SITE_FB,0.011645831647813382,0.12194666666666666,2.2922305764411024,5.2,2.2593977154724816,1926,50
20261097,5.0,OUTPUT_SITE_FB,-0.001149390095290778,1.0,200.0,200.0,2.5006054315862305,1927,50
20261097,5.0,NO_FEEDBACK,0.0075435446590253466,0.04252,0.8821576763485477,1.6,2.2406944444444443,1920,50
20261098,0.0,SENSORY_SITE_FB,0.11594677296018142,0.16690666666666668,3.197445721583653,8.253333333333337,nan,0,50
20261098,0.0,OUTPUT_SITE_FB,-0.11711378332323606,1.0,200.0,200.0,nan,0,50
20261098,0.0,NO_FEEDBACK,0.07313904591838412,0.04890666666666667,0.9333333333333333,1.7333333333333334,nan,0,50
20261098,40.0,SENSORY_SITE_FB,0.08797219414908765,0.16614666666666666,3.134842767295597,7.74666666666667,1.3581196581196582,156,50
20261098,40.0,OUTPUT_SITE_FB,-0.02336025431197294,1.0,200.0,200.0,0.0,100,50
20261098,40.0,NO_FEEDBACK,-0.016240163932758633,0.048626666666666665,0.9279898218829516,1.7333333333333334,1.2895238095238093,140,50
20261098,20.0,SENSORY_SITE_FB,0.07919722438710282,0.15592,2.9253283302063786,7.440000000000001,1.462111801242236,322,50
20261098,20.0,OUTPUT_SITE_FB,7.812794084273271e-05,1.0,200.0,200.0,0.0,229,50
20261098,20.0,NO_FEEDBACK,-0.002897441250204306,0.04918666666666666,0.9495495495495496,1.8666666666666667,1.2891832229580573,302,50
20261098,10.0,SENSORY_SITE_FB,0.04922561885677821,0.14513333333333334,2.7280701754385963,7.186666666666671,1.5038759689922478,688,50
20261098,10.0,OUTPUT_SITE_FB,7.812794084270003e-05,1.0,200.0,200.0,0.0,479,50
20261098,10.0,NO_FEEDBACK,0.007680437623003084,0.048946666666666666,0.9394753678822777,1.7333333333333334,1.2788335847159378,663,50
20261098,5.0,SENSORY_SITE_FB,0.02367514415447061,0.12864,2.3095152603231597,5.6,2.2087016814005893,1923,50
20261098,5.0,OUTPUT_SITE_FB,-0.0014844308760116175,1.0,200.0,200.0,2.5007776049766717,1929,50
20261098,5.0,NO_FEEDBACK,0.006766658393489092,0.04768,0.916923076923077,1.7333333333333334,2.2107638888888888,1920,50
20261099,0.0,SENSORY_SITE_FB,0.10509015903840564,0.19728,3.5291592128801432,9.093333333333332,nan,0,50
20261099,0.0,OUTPUT_SITE_FB,0.005452871158423141,1.0,200.0,200.0,nan,0,50
20261099,0.0,NO_FEEDBACK,-0.021835218447245557,0.04986666666666666,0.9462365591397849,1.7333333333333334,nan,0,50
20261099,40.0,SENSORY_SITE_FB,0.1509384404829833,0.17677333333333334,3.128731563421829,8.74666666666667,1.7798657718120805,149,50
20261099,40.0,OUTPUT_SITE_FB,0.0010876640936410783,1.0,200.0,200.0,0.0,100,50
20261099,40.0,NO_FEEDBACK,0.060774286563322746,0.04868,0.9343570057581574,1.7333333333333334,1.4303030303030302,143,50
20261099,20.0,SENSORY_SITE_FB,0.10138243474490566,0.16972,2.96195462478185,8.4,1.7597597597597598,333,50
20261099,20.0,OUTPUT_SITE_FB,-3.637672553738902e-06,1.0,200.0,200.0,0.0,225,50
20261099,20.0,NO_FEEDBACK,0.017389797560159643,0.049506666666666664,0.9484035759897829,1.8666666666666667,1.4620545073375264,318,50
20261099,10.0,SENSORY_SITE_FB,0.06840775936713023,0.15618666666666667,2.721022067363531,7.293333333333339,1.527777777777778,696,50
20261099,10.0,OUTPUT_SITE_FB,-3.6376725540293362e-06,1.0,200.0,200.0,0.0,475,50
20261099,10.0,NO_FEEDBACK,0.014848624905225054,0.05146666666666667,0.9897435897435898,1.880000000000003,1.2134134134134131,666,50
20261099,5.0,SENSORY_SITE_FB,0.019420070804182787,0.13650666666666667,2.4640192539109504,6.0,2.2308977035490605,1916,50
20261099,5.0,OUTPUT_SITE_FB,6.911577852576758e-05,1.0,200.0,200.0,2.5004329004329,1925,50
20261099,5.0,NO_FEEDBACK,0.00690472551344343,0.04852,0.9172022684310018,1.7333333333333334,2.2220138888888887,1920,50
20261100,0.0,SENSORY_SITE_FB,0.17866704117733656,0.15697333333333333,3.0303732303732303,7.6400000000000015,nan,0,50
20261100,0.0,OUTPUT_SITE_FB,-0.006892122025750652,1.0,200.0,200.0,nan,0,50
20261100,0.0,NO_FEEDBACK,0.10579308969803548,0.04206666666666667,0.8673539518900344,1.6,nan,0,50
20261100,40.0,SENSORY_SITE_FB,0.12696627291762747,0.15285333333333334,2.8785938480853734,7.6,0.8632603406326034,137,50
20261100,40.0,OUTPUT_SITE_FB,-0.0013747461545687272,1.0,200.0,200.0,0.0,100,50
20261100,40.0,NO_FEEDBACK,0.032004695106400145,0.04174666666666667,0.8572210814510609,1.6,1.1474747474747475,132,50
20261100,20.0,SENSORY_SITE_FB,0.0857792928263349,0.15030666666666667,2.820012507817386,7.706666666666668,1.2251028806584363,324,50
20261100,20.0,OUTPUT_SITE_FB,4.597813226296776e-06,1.0,200.0,200.0,0.0,223,50
20261100,20.0,NO_FEEDBACK,0.0005285719724661277,0.041826666666666665,0.857103825136612,1.6,1.4023732470334414,309,50
20261100,10.0,SENSORY_SITE_FB,0.05220239432491263,0.13590666666666668,2.530850403476102,6.8,1.3772525849335304,677,50
20261100,10.0,OUTPUT_SITE_FB,4.597813226342629e-06,1.0,200.0,200.0,0.0,473,50
20261100,10.0,NO_FEEDBACK,0.005269331872528145,0.04201333333333333,0.8680440771349862,1.6,1.1854358974358974,650,50
20261100,5.0,SENSORY_SITE_FB,0.02061052606714022,0.12053333333333334,2.244568590937306,5.6,2.2139470013946996,1912,50
20261100,5.0,OUTPUT_SITE_FB,-8.735845129357488e-05,1.0,200.0,200.0,2.500260010400416,1923,50
20261100,5.0,NO_FEEDBACK,0.00413004486915766,0.041626666666666666,0.8636237897648686,1.6,2.2119783481753097,1909,50
20261101,0.0,SENSORY_SITE_FB,0.06968490413035175,0.16996,3.1708955223880597,7.933333333333334,nan,0,50
20261101,0.0,OUTPUT_SITE_FB,-0.06409599362111194,1.0,200.0,200.0,nan,0,50
20261101,0.0,NO_FEEDBACK,0.007097411802109225,0.042133333333333335,0.8563685636856369,1.7333333333333334,nan,0,50
20261101,40.0,SENSORY_SITE_FB,0.06268308971227554,0.15996,2.995505617977528,7.386666666666663,1.1376498800959232,139,50
20261101,40.0,OUTPUT_SITE_FB,-0.012784991389401451,1.0,200.0,200.0,0.0,100,50
20261101,40.0,NO_FEEDBACK,0.0013697045627245068,0.04194666666666667,0.8543109300746775,1.7333333333333334,1.1059431524547803,129,50
20261101,20.0,SENSORY_SITE_FB,0.04458541008109655,0.13374666666666668,2.495273631840796,6.266666666666667,1.2288524590163934,305,50
20261101,20.0,OUTPUT_SITE_FB,4.275916852658916e-05,1.0,200.0,200.0,0.0,226,50
20261101,20.0,NO_FEEDBACK,0.024988816480889946,0.0426,0.8765432098765432,1.7333333333333334,1.2022446689113353,297,50
20261101,10.0,SENSORY_SITE_FB,0.034676768476313215,0.12768,2.474418604651163,6.4,1.35681592039801,670,50
20261101,10.0,OUTPUT_SITE_FB,4.2759168526371205e-05,1.0,200.0,200.0,0.0,476,50
20261101,10.0,NO_FEEDBACK,0.0063352681375463266,0.04244,0.8608519269776876,1.7333333333333334,1.1702786377708978,646,50
20261101,5.0,SENSORY_SITE_FB,0.009645161751115643,0.11868,2.2519924098671726,5.653333333333338,2.2425125802533405,1921,50
20261101,5.0,OUTPUT_SITE_FB,-0.0008124242020022106,1.0,200.0,200.0,2.5005192107995846,1926,50
20261101,5.0,NO_FEEDBACK,0.009506573938881721,0.04133333333333333,0.8522336769759451,1.7333333333333334,2.1961558441558444,1925,50
20261102,0.0,SENSORY_SITE_FB,0.06855379375055597,0.18202666666666667,3.527648578811369,9.066666666666666,nan,0,50
20261102,0.0,OUTPUT_SITE_FB,0.06207995300893034,1.0,200.0,200.0,nan,0,50
20261102,0.0,NO_FEEDBACK,-0.021867516243843078,0.043386666666666664,0.8764983164983166,1.7333333333333334,nan,0,50
20261102,40.0,SENSORY_SITE_FB,0.07242698481148416,0.15992,2.9614814814814814,7.066666666666666,1.0611872146118722,146,50
20261102,40.0,OUTPUT_SITE_FB,0.012382859205916363,1.0,200.0,200.0,0.0,100,50
20261102,40.0,NO_FEEDBACK,0.021334996369225923,0.04322666666666666,0.8785907859078591,1.7333333333333334,1.1120567375886523,141,50
20261102,20.0,SENSORY_SITE_FB,0.06602081774198407,0.14212,2.5839999999999996,6.280000000000003,1.4443037974683544,316,50
20261102,20.0,OUTPUT_SITE_FB,-4.141424483589269e-05,1.0,200.0,200.0,0.0,225,50
20261102,20.0,NO_FEEDBACK,0.0005737593456004241,0.042813333333333335,0.8614352783366868,1.6,1.2248062015503876,301,50
20261102,10.0,SENSORY_SITE_FB,0.037660589805018775,0.14048,2.558834244080146,6.533333333333333,1.3323383084577114,670,50
20261102,10.0,OUTPUT_SITE_FB,-4.141424483601757e-05,1.0,200.0,200.0,0.0,475,50
20261102,10.0,NO_FEEDBACK,0.0018655943094449516,0.043026666666666664,0.8674731182795699,1.6,1.183690112130479,654,50
20261102,5.0,SENSORY_SITE_FB,0.023718789850757448,0.12757333333333334,2.366852195423624,5.626666666666665,2.213736741436272,1917,50
20261102,5.0,OUTPUT_SITE_FB,0.0007868706518811848,1.0,200.0,200.0,2.5004329004329002,1925,50
20261102,5.0,NO_FEEDBACK,0.00835947025431152,0.043133333333333336,0.8661311914323963,1.6,2.2081504702194357,1914,50
20261103,0.0,SENSORY_SITE_FB,0.15017374386988724,0.15706666666666666,2.8714198659354055,6.8,nan,0,50
20261103,0.0,OUTPUT_SITE_FB,0.014054404228116829,1.0,200.0,200.0,nan,0,50
20261103,0.0,NO_FEEDBACK,0.0747265735738978,0.04432,0.8330827067669172,1.6,nan,0,50
20261103,40.0,SENSORY_SITE_FB,0.10876179101359741,0.16912,3.047207207207207,7.066666666666666,1.4146572104018915,141,50
20261103,40.0,OUTPUT_SITE_FB,0.0028033801629131073,1.0,200.0,200.0,0.0,100,50
20261103,40.0,NO_FEEDBACK,0.015114767668276085,0.042653333333333335,0.8155513065646909,1.6,1.2427480916030536,131,50
20261103,20.0,SENSORY_SITE_FB,0.06434901520298915,0.15332,2.767509025270758,6.8,1.5453207150368033,317,50
20261103,20.0,OUTPUT_SITE_FB,-9.375853387418864e-06,1.0,200.0,200.0,0.0,224,50
20261103,20.0,NO_FEEDBACK,-0.01680713696048661,0.04428,0.8450381679389313,1.7333333333333334,1.3518763796909492,302,50
20261103,10.0,SENSORY_SITE_FB,0.05004480311834361,0.13729333333333332,2.4171361502347417,5.866666666666666,1.3883381924198253,686,50
20261103,10.0,OUTPUT_SITE_FB,-9.375853387844302e-06,1.0,200.0,200.0,0.0,474,50
20261103,10.0,NO_FEEDBACK,0.0031721864712965855,0.0438,0.8186915887850468,1.6,1.199388379204893,654,50
20261103,5.0,SENSORY_SITE_FB,0.01478980577878648,0.12968,2.295221238938053,5.466666666666667,2.21544885177453,1916,50
20261103,5.0,OUTPUT_SITE_FB,0.00017814121436579596,1.0,200.0,200.0,2.5003465003465,1924,50
20261103,5.0,NO_FEEDBACK,0.005217410544061823,0.043653333333333336,0.8236477987421383,1.6,2.1962421711899793,1916,50
20261104,0.0,SENSORY_SITE_FB,0.12541345903883572,0.18474666666666667,3.4149106592729512,8.933333333333334,nan,0,50
20261104,0.0,OUTPUT_SITE_FB,-0.003510491208823477,1.0,200.0,200.0,nan,0,50
20261104,0.0,NO_FEEDBACK,0.030029465707421953,0.04608,0.9271629778672033,1.8666666666666667,nan,0,50
20261104,40.0,SENSORY_SITE_FB,0.09498920280277835,0.17644,3.3103189493433396,8.666666666666666,1.5455782312925168,147,50
20261104,40.0,OUTPUT_SITE_FB,-0.0007002247307789412,1.0,200.0,200.0,0.0,100,50
20261104,40.0,NO_FEEDBACK,0.002039407012439521,0.045386666666666665,0.9300546448087432,1.7333333333333334,1.417745803357314,139,50
20261104,20.0,SENSORY_SITE_FB,0.08250896199367572,0.1644,3.0332103321033212,8.373333333333342,1.5672727272727274,330,50
20261104,20.0,OUTPUT_SITE_FB,2.341888731958086e-06,1.0,200.0,200.0,0.0,224,50
20261104,20.0,NO_FEEDBACK,0.00416373263939711,0.04532,0.917408906882591,1.7333333333333334,1.5118210862619805,313,50
20261104,10.0,SENSORY_SITE_FB,0.0519930536565241,0.15290666666666666,2.6920187793427233,6.933333333333334,1.3865513928914506,694,50
20261104,10.0,OUTPUT_SITE_FB,2.3418887315523217e-06,1.0,200.0,200.0,0.0,474,50
20261104,10.0,NO_FEEDBACK,0.007520778647024602,0.044373333333333334,0.9000676132521974,1.7333333333333334,1.301996007984032,668,50
20261104,5.0,SENSORY_SITE_FB,0.028824917140551385,0.14033333333333334,2.528528528528528,6.0,2.204051948051948,1925,50
20261104,5.0,OUTPUT_SITE_FB,-4.449588590249059e-05,1.0,200.0,200.0,2.5003465003465,1924,50
20261104,5.0,NO_FEEDBACK,0.013659682654601485,0.04444,0.9050916496945011,1.7333333333333334,2.2243529616119506,1919,50
20261105,0.0,SENSORY_SITE_FB,0.09308608651785924,0.1726,3.522448979591837,10.8,nan,0,50
20261105,0.0,OUTPUT_SITE_FB,-0.09719726298730177,1.0,200.0,200.0,nan,0,50
20261105,0.0,NO_FEEDBACK,0.027135263803049623,0.043546666666666664,0.8905248807089298,1.7333333333333334,nan,0,50
20261105,40.0,SENSORY_SITE_FB,0.11864021580572867,0.15762666666666666,3.139973439575033,8.653333333333338,1.3009803921568628,136,50
20261105,40.0,OUTPUT_SITE_FB,-0.019387579475118984,1.0,200.0,200.0,0.0,100,50
20261105,40.0,NO_FEEDBACK,0.00541467877115083,0.04273333333333333,0.8865836791147995,1.7200000000000044,1.2010582010582012,126,50
20261105,20.0,SENSORY_SITE_FB,0.07624803559540463,0.14062666666666668,2.846693657219973,7.293333333333332,1.4324675324675324,308,50
20261105,20.0,OUTPUT_SITE_FB,6.484140292691691e-05,1.0,200.0,200.0,0.0,227,50
20261105,20.0,NO_FEEDBACK,0.00017117785659554095,0.04312,0.902092050209205,1.7333333333333334,1.1051454138702461,298,50
20261105,10.0,SENSORY_SITE_FB,0.06907812732635804,0.12929333333333334,2.540144073346431,6.133333333333333,1.3592156862745097,680,50
20261105,10.0,OUTPUT_SITE_FB,6.484140292749902e-05,1.0,200.0,200.0,0.0,477,50
20261105,10.0,NO_FEEDBACK,0.01268437554956905,0.042826666666666666,0.8903672903672903,1.7333333333333334,1.1324973876698017,638,50
20261105,5.0,SENSORY_SITE_FB,0.016804981542411362,0.11652,2.2891944990176816,5.493333333333331,2.2789968652037618,1914,50
20261105,5.0,OUTPUT_SITE_FB,-0.001231986655609642,1.0,200.0,200.0,2.5006054315862305,1927,50
20261105,5.0,NO_FEEDBACK,0.01053121165503934,0.04204,0.8740124740124741,1.7333333333333334,2.2459878154917314,1915,50
20261106,0.0,SENSORY_SITE_FB,0.09414857452542451,0.17616,3.174054054054054,8.373333333333342,nan,0,50
20261106,0.0,OUTPUT_SITE_FB,-0.1951001972741705,1.0,200.0,200.0,nan,0,50
20261106,0.0,NO_FEEDBACK,0.012371202754837605,0.0502,0.9127272727272727,1.6133333333333364,nan,0,50
20261106,40.0,SENSORY_SITE_FB,0.12012980256212677,0.16494666666666666,2.8786503781268182,6.773333333333342,1.7729468599033815,138,50
20261106,40.0,OUTPUT_SITE_FB,-0.038915916601052564,1.0,200.0,200.0,0.0,100,50
20261106,40.0,NO_FEEDBACK,0.058657040580463726,0.04974666666666667,0.9044848484848484,1.6133333333333364,1.4133333333333333,140,50
20261106,20.0,SENSORY_SITE_FB,0.11073708749526845,0.16369333333333333,2.892108362779741,7.3999999999999995,1.4529707955689828,331,50
20261106,20.0,OUTPUT_SITE_FB,0.00013015356722698997,1.0,200.0,200.0,0.0,229,50
20261106,20.0,NO_FEEDBACK,0.03461469722205523,0.049506666666666664,0.9067155067155067,1.6,1.2175548589341691,319,50
20261106,10.0,SENSORY_SITE_FB,0.04300727083567792,0.1442,2.486206896551724,6.14666666666667,1.6407300672430354,694,50
20261106,10.0,OUTPUT_SITE_FB,0.0001301535672275108,1.0,200.0,200.0,0.0,479,50
20261106,10.0,NO_FEEDBACK,0.010544977683273506,0.04896,0.9033210332103321,1.7333333333333334,1.3475978207033181,673,50
20261106,5.0,SENSORY_SITE_FB,0.013372716375154556,0.13472,2.306849315068493,5.6,2.198781549173194,1915,50
20261106,5.0,OUTPUT_SITE_FB,-0.0024729177773244737,1.0,200.0,200.0,2.5007776049766717,1929,50
20261106,5.0,NO_FEEDBACK,0.00466849049857377,0.04985333333333333,0.9147400611620795,1.7333333333333334,2.2092157885585118,1917,50
20261107,0.0,SENSORY_SITE_FB,0.06516914888497878,0.1818,3.543859649122807,8.773333333333335,nan,0,50
20261107,0.0,OUTPUT_SITE_FB,0.06750096211733808,1.0,200.0,200.0,nan,0,50
20261107,0.0,NO_FEEDBACK,-0.03216844644889451,0.042173333333333334,0.8589273591310251,1.6,nan,0,50
20261107,40.0,SENSORY_SITE_FB,0.10485443952245498,0.16148,3.14775828460039,7.840000000000002,1.2603406326034066,137,50
20261107,40.0,OUTPUT_SITE_FB,0.013464167893985359,1.0,200.0,200.0,0.0,100,50
20261107,40.0,NO_FEEDBACK,-0.0232115547259036,0.04264,0.875564681724846,1.7333333333333334,1.2330666666666665,125,50
20261107,20.0,SENSORY_SITE_FB,0.09164725456250301,0.15462666666666666,2.9793192035966602,7.333333333333333,1.4061767838125665,313,50
20261107,20.0,OUTPUT_SITE_FB,-4.503066185352438e-05,1.0,200.0,200.0,0.0,222,50
20261107,20.0,NO_FEEDBACK,0.013633423040288061,0.04185333333333333,0.8576502732240437,1.6,1.2017718715393135,301,50
20261107,10.0,SENSORY_SITE_FB,0.05403846693478646,0.13941333333333333,2.6354127284183995,6.8,1.3309523809523809,672,50
20261107,10.0,OUTPUT_SITE_FB,-4.5030661853204635e-05,1.0,200.0,200.0,0.0,472,50
20261107,10.0,NO_FEEDBACK,0.0025781030087394293,0.04294666666666667,0.8658602150537634,1.6,1.272281776416539,653,50
20261107,5.0,SENSORY_SITE_FB,0.00884826925349735,0.1212,2.3041825095057034,5.733333333333333,2.246367744177963,1918,50
20261107,5.0,OUTPUT_SITE_FB,0.0008555825752029701,1.0,200.0,200.0,2.5001734304543874,1922,50
20261107,5.0,NO_FEEDBACK,0.009013417524452087,0.041253333333333336,0.8470910335386721,1.6,2.213625304136253,1918,50
20261108,0.0,SENSORY_SITE_FB,0.07919054848335126,0.17412,3.3484615384615384,7.733333333333333,nan,0,50
20261108,0.0,OUTPUT_SITE_FB,0.014677014106310338,1.0,200.0,200.0,nan,0,50
20261108,0.0,NO_FEEDBACK,0.0016331584731731248,0.04512,0.891699604743083,1.7333333333333334,nan,0,50
20261108,40.0,SENSORY_SITE_FB,0.09368768521814878,0.16088,3.081992337164751,7.733333333333333,1.1813519813519813,143,50
20261108,40.0,OUTPUT_SITE_FB,0.0029275698584284968,1.0,200.0,200.0,0.0,100,50
20261108,40.0,NO_FEEDBACK,-0.004007938710880357,0.04482666666666667,0.8929614873837982,1.7333333333333334,1.056330749354005,129,50
20261108,20.0,SENSORY_SITE_FB,0.0777161001329936,0.15105333333333335,2.860858585858586,6.840000000000002,1.395268817204301,310,50
20261108,20.0,OUTPUT_SITE_FB,-9.791203539829407e-06,1.0,200.0,200.0,0.0,224,50
20261108,20.0,NO_FEEDBACK,0.01881333669333352,0.04325333333333333,0.8531229454306377,1.7333333333333334,1.1584699453551914,305,50
20261108,10.0,SENSORY_SITE_FB,0.04369322425895242,0.13486666666666666,2.520872274143302,6.8,1.317820324005891,679,50
20261108,10.0,OUTPUT_SITE_FB,-9.791203539871062e-06,1.0,200.0,200.0,0.0,474,50
20261108,10.0,NO_FEEDBACK,0.0002992988074831171,0.04549333333333333,0.9062416998671979,1.8666666666666667,1.102469135802469,648,50
20261108,5.0,SENSORY_SITE_FB,0.019754427983848855,0.12252,2.2688888888888887,5.466666666666667,2.223031564342698,1922,50
20261108,5.0,OUTPUT_SITE_FB,0.00018603286725811223,1.0,200.0,200.0,2.5003465003465006,1924,50
20261108,5.0,NO_FEEDBACK,0.010125908731197146,0.04326666666666667,0.8705566733735748,1.7333333333333334,2.2090448751527845,1909,50
20261109,0.0,SENSORY_SITE_FB,0.14260443489852317,0.1522,3.01984126984127,6.8,nan,0,50
20261109,0.0,OUTPUT_SITE_FB,0.1027137505839258,1.0,200.0,200.0,nan,0,50
20261109,0.0,NO_FEEDBACK,0.08007258803175996,0.039053333333333336,0.8489855072463769,1.4666666666666666,nan,0,50
20261109,40.0,SENSORY_SITE_FB,0.06668710158935261,0.1488,2.987951807228916,6.840000000000002,1.4734793187347932,137,50
20261109,40.0,OUTPUT_SITE_FB,0.020487932904998517,1.0,200.0,200.0,0.0,100,50
20261109,40.0,NO_FEEDBACK,-0.0006216537209118199,0.0394,0.8546637744034706,1.6,1.3170483460559796,131,50
20261109,20.0,SENSORY_SITE_FB,0.0649335263980811,0.13826666666666668,2.7271531886916502,6.533333333333333,1.276008492569002,314,50
20261109,20.0,OUTPUT_SITE_FB,-6.852151473176917e-05,1.0,200.0,200.0,0.0,221,50
20261109,20.0,NO_FEEDBACK,-0.005380180677273559,0.04022666666666667,0.8707070707070707,1.4666666666666666,1.032329988851728,299,50
20261109,10.0,SENSORY_SITE_FB,0.02982662944252961,0.12913333333333332,2.537000654878847,6.293333333333332,1.3410217501264543,659,50
20261109,10.0,OUTPUT_SITE_FB,-6.852151473216885e-05,1.0,200.0,200.0,0.0,471,50
20261109,10.0,NO_FEEDBACK,-0.0014099563538067727,0.0398,0.8633405639913233,1.6,1.2769865841073271,646,50
20261109,5.0,SENSORY_SITE_FB,0.007419836418462691,0.11752,2.2090225563909773,5.720000000000004,2.229986052998605,1912,50
20261109,5.0,OUTPUT_SITE_FB,0.0013019087799167064,1.0,200.0,200.0,2.5000867603678643,1921,50
20261109,5.0,NO_FEEDBACK,0.004174129980253859,0.03888,0.8470588235294118,1.4666666666666666,2.2374238468233245,1915,50
20261110,0.0,SENSORY_SITE_FB,0.11636723564081912,0.16002666666666668,3.3338888888888887,8.666666666666666,nan,0,50
20261110,0.0,OUTPUT_SITE_FB,0.0274129959808807,1.0,200.0,200.0,nan,0,50
20261110,0.0,NO_FEEDBACK,-0.01682988531832953,0.04225333333333333,0.910632183908046,1.7333333333333334,nan,0,50
20261110,40.0,SENSORY_SITE_FB,0.10043696067274904,0.14477333333333334,3.0035961272475795,8.266666666666666,1.3527777777777779,144,50
20261110,40.0,OUTPUT_SITE_FB,0.005467969178308244,1.0,200.0,200.0,0.0,100,50
20261110,40.0,NO_FEEDBACK,0.01510608621266148,0.04117333333333333,0.8873563218390804,1.7333333333333334,1.2367816091954023,145,50
20261110,20.0,SENSORY_SITE_FB,0.07780892614403337,0.13909333333333335,2.940662438336857,7.813333333333336,1.3134199134199134,308,50
20261110,20.0,OUTPUT_SITE_FB,-1.82875223363121e-05,1.0,200.0,200.0,0.0,225,50
20261110,20.0,NO_FEEDBACK,0.0029448935916296147,0.040413333333333336,0.8691039426523298,1.6,1.1342105263157896,304,50
20261110,10.0,SENSORY_SITE_FB,0.05203090398864614,0.12962666666666667,2.6727147766323025,7.2,1.3313580246913579,675,50
20261110,10.0,OUTPUT_SITE_FB,-1.8287522335965712e-05,1.0,200.0,200.0,0.0,475,50
20261110,10.0,NO_FEEDBACK,-0.0007861999663323896,0.04050666666666667,0.8600141542816702,1.7333333333333334,1.1294478527607361,652,50
20261110,5.0,SENSORY_SITE_FB,0.012318946118468812,0.11538666666666667,2.3548299319727892,5.333333333333333,2.281064162754303,1917,50
20261110,5.0,OUTPUT_SITE_FB,0.00034746292437396907,1.0,200.0,200.0,2.5004329004329002,1925,50
20261110,5.0,NO_FEEDBACK,-0.00423526616704168,0.039786666666666665,0.8341020265548567,1.6,2.271925272444214,1927,50
20261111,0.0,SENSORY_SITE_FB,0.13694186297888117,0.17621333333333333,3.6332646048109964,9.066666666666666,nan,0,50
20261111,0.0,OUTPUT_SITE_FB,-0.03018680982172285,1.0,200.0,200.0,nan,0,50
20261111,0.0,NO_FEEDBACK,0.06229946496371775,0.04064,0.8758620689655172,1.6,nan,0,50
20261111,40.0,SENSORY_SITE_FB,0.13891541650382985,0.16664,3.3461847389558232,8.533333333333333,1.2427672955974844,159,50
20261111,40.0,OUTPUT_SITE_FB,-0.0060212515921921166,1.0,200.0,200.0,0.0,100,50
20261111,40.0,NO_FEEDBACK,0.047222915790538215,0.04132,0.884796573875803,1.7333333333333334,1.1444444444444446,144,50
20261111,20.0,SENSORY_SITE_FB,0.08807378700363673,0.14962666666666666,2.9925333333333333,7.74666666666667,1.4962962962962962,333,50
20261111,20.0,OUTPUT_SITE_FB,2.013796519066311e-05,1.0,200.0,200.0,0.0,226,50
20261111,20.0,NO_FEEDBACK,0.01813870508526259,0.04058666666666667,0.8747126436781609,1.7333333333333334,1.256644880174292,306,50
20261111,10.0,SENSORY_SITE_FB,0.049373424647171274,0.13121333333333332,2.57281045751634,6.8,1.4300148588410104,673,50
20261111,10.0,OUTPUT_SITE_FB,2.013796519104254e-05,1.0,200.0,200.0,0.0,476,50
20261111,10.0,NO_FEEDBACK,-0.0012233933500287644,0.040266666666666666,0.8622412562455389,1.6,1.303842159916926,642,50
20261111,5.0,SENSORY_SITE_FB,0.01922359702146001,0.12053333333333334,2.322414900449582,5.466666666666667,2.24301860545992,1917,50
20261111,5.0,OUTPUT_SITE_FB,-0.0003826213386342657,1.0,200.0,200.0,2.5005192107995846,1926,50
20261111,5.0,NO_FEEDBACK,0.009939588415192704,0.04121333333333333,0.8750176928520877,1.7333333333333334,2.2157108098713936,1918,50
20261112,0.0,SENSORY_SITE_FB,0.09253024519403223,0.1742,3.4223968565815324,8.0,nan,0,50
20261112,0.0,OUTPUT_SITE_FB,0.06290099527739454,1.0,200.0,200.0,nan,0,50
20261112,0.0,NO_FEEDBACK,-0.005951881502559009,0.038386666666666666,0.8684766214177979,1.7333333333333334,nan,0,50
20261112,40.0,SENSORY_SITE_FB,0.12468698249143984,0.15501333333333334,3.0817760106030483,7.733333333333333,1.4739229024943308,147,50
20261112,40.0,OUTPUT_SITE_FB,0.012546629478279132,1.0,200.0,200.0,0.0,100,50
20261112,40.0,NO_FEEDBACK,0.02788488815514835,0.03836,0.8620224719101124,1.7333333333333334,1.6126520681265206,137,50
20261112,20.0,SENSORY_SITE_FB,0.09631230220194884,0.15481333333333333,3.0716931216931216,7.693333333333332,1.4904615384615383,325,50
20261112,20.0,OUTPUT_SITE_FB,-4.1961971499326014e-05,1.0,200.0,200.0,0.0,223,50
20261112,20.0,NO_FEEDBACK,-0.013234933993476585,0.03866666666666667,0.872836719337848,1.7333333333333334,1.1977851605758583,301,50
20261112,10.0,SENSORY_SITE_FB,0.06648273968841385,0.14208,2.6858223062381854,6.666666666666667,1.42810551558753,695,50
20261112,10.0,OUTPUT_SITE_FB,-4.1961971499108584e-05,1.0,200.0,200.0,0.0,473,50
20261112,10.0,NO_FEEDBACK,0.010911817617148623,0.039053333333333336,0.8756352765321375,1.7333333333333334,1.2558421851289832,659,50
20261112,5.0,SENSORY_SITE_FB,0.024388307651656133,0.12121333333333334,2.2784461152882205,5.466666666666667,2.2325549212938935,1927,50
20261112,5.0,OUTPUT_SITE_FB,0.0007972774584859976,1.0,200.0,200.0,2.500260010400416,1923,50
20261112,5.0,NO_FEEDBACK,0.0036329677220482454,0.03778666666666667,0.851051051051051,1.7333333333333334,2.2348643006263043,1916,50
20261113,0.0,SENSORY_SITE_FB,0.07436466418255779,0.18938666666666668,3.593674889310563,9.38666666666667,nan,0,50
20261113,0.0,OUTPUT_SITE_FB,-0.11387739802019442,1.0,200.0,200.0,nan,0,50
20261113,0.0,NO_FEEDBACK,0.03189820917931371,0.04556,0.8863813229571985,1.7333333333333334,nan,0,50
20261113,40.0,SENSORY_SITE_FB,0.10432403618687874,0.17234666666666668,3.094195092758827,8.320000000000004,1.5513513513513513,148,50
20261113,40.0,OUTPUT_SITE_FB,-0.022714704475007664,1.0,200.0,200.0,0.0,100,50
20261113,40.0,NO_FEEDBACK,0.011304196080338703,0.045173333333333336,0.8771521035598705,1.7333333333333334,1.3032863849765257,142,50
20261113,20.0,SENSORY_SITE_FB,0.0836510523813842,0.15977333333333332,2.8429418742586003,7.453333333333338,1.590707070707071,330,50
20261113,20.0,OUTPUT_SITE_FB,7.596891128751438e-05,1.0,200.0,200.0,0.0,229,50
20261113,20.0,NO_FEEDBACK,0.017436190796046955,0.04408,0.864313725490196,1.6133333333333364,1.3273118279569893,310,50
20261113,10.0,SENSORY_SITE_FB,0.06040668410556997,0.14176,2.478321678321678,6.386666666666663,1.6520921485660554,709,50
20261113,10.0,OUTPUT_SITE_FB,7.596891128763872e-05,1.0,200.0,200.0,0.0,479,50
20261113,10.0,NO_FEEDBACK,0.004216938112158945,0.04472,0.875146771037182,1.7333333333333334,1.4621099554234769,673,50
20261113,5.0,SENSORY_SITE_FB,0.01826321255378471,0.13510666666666668,2.34968115942029,5.733333333333333,2.1883376849434293,1915,50
20261113,5.0,OUTPUT_SITE_FB,-0.001443409314465528,1.0,200.0,200.0,2.5007776049766717,1929,50
20261113,5.0,NO_FEEDBACK,0.0046159015706123225,0.04550666666666667,0.8819121447028423,1.6,2.196802224539451,1918,50
