seed_block,training_seed,arm,parameter_count,updates,batch_size_trajectories,sequence_length,final_training_mse,training_seconds,trained_with_self_donor_yoke,learned_parameters
0,810000,SELF_SENSORY,4,100,32,96,0.32956036925315857,0.5146587919443846,False,"[0.7128179669380188,0.7692713141441345,0.980957567691803,0.22270192205905914]"
0,810000,CROSS_AGENT_YOKED_SENSORY,4,100,32,96,0.32363376161152063,0.7039569159969687,True,"[0.7394039630889893,0.7996490001678467,1.0055962800979614,0.007732585072517395]"
0,810000,SELF_OUTPUT,4,100,32,96,0.3143208920955658,0.5076284157112241,False,"[0.689495325088501,0.7915545105934143,1.0234508514404297,0.24783650040626526]"
0,810000,NO_FEEDBACK,3,100,32,96,0.31463900208473206,0.42482116678729653,False,"[0.7104129791259766,0.8199615478515625,1.0592997074127197]"
0,810000,GENERIC_RNN_1D,6,100,32,96,0.3224268853664398,0.5593830826692283,False,"[0.669510543346405,0.6960727572441101,0.9892314076423645,0.7049459218978882,-0.3412443995475769,-0.0074049667455255985]"
0,810000,GRU_8,297,100,32,96,0.24367380142211914,0.9997288752347231,False,"[0.04843433201313019,0.01213337853550911,-0.29378047585487366,-0.35068291425704956,0.3338881731033325,0.0007153449114412069,-0.6129305958747864,-0.3134293854236603,0.16901375353336334,-0.008059625513851643,-0.23216673731803894,0.3170601427555084,-0.6352367401123047,-0.5265344977378845,-0.47597941756248474,0.11898293346166611,0.33401331305503845,-0.40030068159103394,0.028620481491088867,-0.5561809539794922,0.2321474403142929,-0.7751016616821289,0.19691716134548187,-0.9624108672142029,-0.4631904661655426,-0.0516071654856205,0.08281706273555756,-0.548450231552124,0.5129836797714233,-0.7009906768798828,0.2749301791191101,-0.3032092750072479,-0.09888362139463425,0.21958991885185242,-0.6373071074485779,-0.3972480893135071,0.713524580001831,-0.12901169061660767,-0.44236746430397034,0.2530845105648041,0.18509942293167114,0.08555465191602707,-0.5733339786529541,0.04416113719344139,0.33494287729263306,-0.0005221883184276521,0.6603999137878418,-0.15962344408035278,-0.20338119566440582,0.01683548465371132,-0.23418693244457245,-0.08769096434116364,-0.22938592731952667,-0.21345362067222595,0.0017283293418586254,-0.20484185218811035,-0.5048424005508423,0.4710797369480133,0.09561698883771896,-0.021552300080657005,-0.7679106593132019,0.33640676736831665,-0.21447263658046722,-0.5112876892089844,-0.2973746061325073,0.033375341445207596,0.17247967422008514,-0.4120691418647766,-0.10039159655570984,0.18316802382469177,0.43395406007766724,-0.27067965269088745,-0.6751117706298828,0.5231208205223083,-0.040722671896219254,-0.15717282891273499,-0.8275102972984314,0.3872697651386261,0.6075500845909119,-0.10260442644357681,-0.1510838121175766,0.0795208215713501,-0.03483479470014572,0.44146832823753357,0.23091080784797668,0.19115234911441803,-0.4163707196712494,-0.2031126767396927,0.048919856548309326,0.3849572539329529,-0.2599160671234131,-0.09222500771284103,-0.48046618700027466,0.09523095190525055,0.17472496628761292,0.14045041799545288,-0.546287477016449,0.15672613680362701,0.060820650309324265,-0.29379817843437195,-0.22813263535499573,0.10889727622270584,0.3899160623550415,0.11252019554376602,0.19280992448329926,-0.04106617346405983,-0.3563063442707062,0.15310606360435486,-0.05065721645951271,0.2949080765247345,-0.36159002780914307,0.08428478986024857,-0.13885408639907837,0.034638069570064545,0.20645539462566376,-0.3650807738304138,0.08741887658834457,0.20754149556159973,-0.017505144700407982,0.38317960500717163,-0.6574262380599976,0.31985974311828613,0.37805619835853577,-0.31845012307167053,-0.6537888050079346,0.4093230366706848,0.5584489703178406,0.12613797187805176,-0.6802495121955872,0.12308377772569656,0.06795798242092133,-0.4660405218601227,-0.9280939102172852,0.11275574564933777,0.5654461979866028,0.022806283086538315,-0.9669119119644165,0.4391605257987976,0.5442723631858826,-0.43457186222076416,-1.1691367626190186,0.4282412827014923,0.4303467571735382,0.11329416185617447,-0.18276537954807281,0.18102283775806427,-0.389747679233551,-0.2129792720079422,-0.06648848950862885,0.018253495916724205,0.2931140065193176,0.2531541585922241,-0.3049662709236145,0.0010618539527058601,0.39616137742996216,-0.6214150190353394,-0.8785588145256042,0.4108678996562958,0.47301456332206726,-0.1210523173213005,-0.6777471899986267,0.14295198023319244,0.62422776222229,-0.6013988256454468,-0.6421818733215332,-0.12416441738605499,0.8429574370384216,-0.19916896522045135,-0.6343533992767334,0.26719793677330017,0.6715293526649475,-0.1823701709508896,-0.6107252836227417,0.5789173245429993,0.6742283701896667,0.11329174041748047,0.14799152314662933,0.41816794872283936,0.09300998598337173,0.029823167249560356,0.1332540512084961,0.17431937158107758,-0.48430076241493225,0.027515308931469917,0.12921474874019623,0.4868604838848114,-0.09474128484725952,-0.0028133271262049675,-0.012907515279948711,0.2783709168434143,-0.22553284466266632,-0.4250027537345886,-0.03233916684985161,-0.0384095273911953,0.1679656207561493,0.29542452096939087,-0.07738618552684784,-0.237497016787529,-0.1670711785554886,0.14837156236171722,0.15192614495754242,-0.08947887271642685,-0.20044070482254028,0.06420579552650452,-0.4359552562236786,-0.11809355020523071,-0.3338620960712433,-0.38496777415275574,0.053755756467580795,-0.299919068813324,-0.32534894347190857,0.5367447137832642,0.08883029967546463,0.037121545523405075,-0.1567748785018921,0.18249139189720154,0.14422433078289032,0.31621748208999634,-0.36724889278411865,-0.39633601903915405,-0.31205645203590393,0.10498587787151337,-0.22967852652072906,-0.20576629042625427,0.06087426468729973,0.07792922109365463,0.5039951205253601,-0.4279850125312805,0.23362794518470764,0.10595422238111496,-0.11874602735042572,0.15944194793701172,0.19890141487121582,-0.2568640410900116,-0.08898674696683884,-0.0601777583360672,0.19971023499965668,-0.29925185441970825,-0.0005516582168638706,0.41460931301116943,0.1547267735004425,-0.028523985296487808,-0.21034078299999237,-0.543737530708313,0.4029946029186249,0.16206316649913788,-0.21280765533447266,0.4560738205909729,0.12883229553699493,-0.48863446712493896,-1.079764485359192,-0.992431640625,-0.16664588451385498,-0.8699674606323242,-0.691389799118042,-0.5788606405258179,0.32213202118873596,-0.04342281445860863,-0.1662859320640564,0.027797214686870575,0.15275193750858307,-0.19580888748168945,-0.2991698384284973,0.22152464091777802,-0.18999260663986206,-0.057978540658950806,-0.5674999356269836,-0.23398719727993011,0.26775169372558594,-0.06511882692575455,0.19396358728408813,0.03391602262854576,-0.09744894504547119,-0.7918239831924438,-0.5952724814414978,-0.5197666883468628,0.11522512882947922,-0.5407401919364929,-0.473174512386322,-0.46927011013031006,-0.11142156273126602,0.001134710037149489,0.19939230382442474,0.24873296916484833,0.17975309491157532,-0.008089197799563408,-0.40232688188552856,-0.33334121108055115,-0.02580132521688938,-0.3757629692554474,0.4651556611061096,-0.3889482021331787,0.13794970512390137,-0.5412924885749817,0.4156114459037781,0.6865221858024597,0.20117178559303284]"
1,810001,SELF_SENSORY,4,100,32,96,0.2974230945110321,0.50237483298406,False,"[-0.9834167957305908,0.6909633278846741,-1.02183997631073,-0.2942047119140625]"
1,810001,CROSS_AGENT_YOKED_SENSORY,4,100,32,96,0.29518630599141865,0.6952382498420775,True,"[-0.9947724938392639,0.7292022705078125,-1.0357738733291626,-0.019839832559227943]"
1,810001,SELF_OUTPUT,4,100,32,96,0.29034581780433655,0.5033936249092221,False,"[-0.9829679131507874,0.6826990246772766,-0.9998388290405273,0.3351021707057953]"
1,810001,NO_FEEDBACK,3,100,32,96,0.2950637638568878,0.42910012509673834,False,"[-0.9947131276130676,0.7289702296257019,-1.0353716611862183]"
1,810001,GENERIC_RNN_1D,6,100,32,96,0.29306915402412415,0.5630438751541078,False,"[-0.9324570894241333,0.650895357131958,-1.0165046453475952,-0.7299745082855225,0.3079366087913513,0.002141423989087343]"
1,810001,GRU_8,297,100,32,96,0.23259373009204865,0.987695749849081,False,"[-0.7738046050071716,-0.7271889448165894,0.4021633267402649,0.33611470460891724,-0.17488232254981995,-0.5843867659568787,-0.5746954083442688,-0.01683976873755455,0.013985520228743553,0.3859711289405823,0.44443729519844055,-0.015670295804739,-0.8505226373672485,0.22713708877563477,-0.5484740734100342,-0.0322112999856472,0.08148951083421707,-0.8524727821350098,-0.06724391877651215,-0.9043670296669006,0.0593891516327858,-0.449856162071228,0.30567628145217896,-0.38733258843421936,-0.6694144606590271,-0.7801976799964905,0.3211592733860016,0.18944501876831055,-0.057527996599674225,-0.6394181847572327,0.15746508538722992,-0.5491831302642822,-0.4488973021507263,-0.3468649685382843,0.649431586265564,-0.07014284282922745,-0.4825429618358612,0.01715213432908058,0.19039490818977356,0.08501408249139786,0.2814907431602478,0.16388346254825592,-0.007208693772554398,0.23237863183021545,0.5088614225387573,-0.061962541192770004,-0.5395463705062866,-0.14277684688568115,0.06643012166023254,0.1318478286266327,-0.16264420747756958,0.023758865892887115,0.470600426197052,-0.036232203245162964,0.18759272992610931,0.06786466389894485,-0.5025312304496765,0.12169838696718216,-0.5066729784011841,0.3949284255504608,0.10747712850570679,-0.3440728783607483,-0.04340168461203575,-0.08190886676311493,-0.2050178200006485,0.1456625908613205,0.27516505122184753,0.3705044090747833,0.18506614863872528,-0.18275582790374756,-0.29399049282073975,0.02363172546029091,-0.21985197067260742,-0.3954126834869385,0.03772128373384476,0.47059696912765503,0.07805609703063965,-0.15092574059963226,0.03784637153148651,-0.10736033320426941,-0.517821192741394,0.15148906409740448,-0.6266112923622131,-0.19542676210403442,0.24831631779670715,0.3238483667373657,0.1237570121884346,-0.06338009983301163,0.3107788562774658,-0.21214376389980316,0.21553847193717957,-0.4404773712158203,0.050751011818647385,0.4084984064102173,0.1998283863067627,-0.16606247425079346,-0.7014855742454529,0.3292543292045593,-0.26288390159606934,0.028306549414992332,-0.0011605951003730297,0.16111114621162415,0.18221929669380188,-0.2811482548713684,0.37140777707099915,0.021464502438902855,-0.34497666358947754,0.22932472825050354,-0.2369200587272644,-0.34094521403312683,0.2063138484954834,-0.433970183134079,0.1969992071390152,-0.4640777111053467,-0.3706133961677551,0.8983150124549866,-0.5325692296028137,-0.8042989373207092,0.09941462427377701,-0.8116549849510193,0.386186420917511,-0.23429806530475616,-0.02314009703695774,0.5204660892486572,-0.8153929710388184,-0.7445546388626099,-0.011314773000776768,-0.3231344223022461,0.2886371910572052,-0.28413280844688416,-0.3734140396118164,0.6203895807266235,-0.4803605079650879,-0.6913658976554871,0.0006057373248040676,-0.30120906233787537,-0.24992574751377106,0.09000875055789948,-0.5288345813751221,0.6571754217147827,-0.6581136584281921,-0.5710419416427612,0.054279062896966934,-0.3811418414115906,-0.3871563971042633,-0.6432435512542725,-0.14876429736614227,0.8002744913101196,-0.6493997573852539,-0.5526047348976135,-0.1640845388174057,-0.6943061947822571,0.017839793115854263,0.4685312807559967,0.2612156867980957,-0.21948446333408356,0.10697555541992188,0.22468063235282898,0.31289464235305786,-0.12375088781118393,-0.09521615505218506,-0.22447577118873596,-0.2181377112865448,0.7902345061302185,-0.2662160396575928,-0.2954755425453186,0.11529875546693802,-0.23387961089611053,0.0695810467004776,-0.0778723880648613,-0.41992366313934326,0.4706016778945923,-0.7502062916755676,-0.9214257001876831,0.07372625172138214,-0.21770398318767548,-0.021990904584527016,0.27418187260627747,0.4697608947753906,0.059874821454286575,0.5384371280670166,0.4755455553531647,-0.4555186331272125,0.33184510469436646,-0.26944684982299805,0.3064255714416504,-0.11662755906581879,-0.2073765993118286,-0.0297081358730793,-0.2991487383842468,-0.03012971580028534,0.038627512753009796,0.12850543856620789,-0.4424396753311157,0.07102490216493607,0.0024492284283041954,-0.14984098076820374,0.2866004705429077,-0.33408939838409424,0.12133728712797165,-0.2875695824623108,0.09517135471105576,-0.18602515757083893,-0.2561837136745453,-0.4836118519306183,-0.15260519087314606,-0.14974159002304077,-0.2056918442249298,-0.24133440852165222,0.0008004917181096971,-0.29699191451072693,-0.49281033873558044,-0.020800601691007614,-0.42744359374046326,0.20120318233966827,-0.08289580792188644,0.21557050943374634,0.010366215370595455,-0.021563829854130745,-0.369672954082489,-0.005489258095622063,0.7029614448547363,-0.04005860909819603,0.17320220172405243,-0.023689981549978256,0.3657192587852478,-0.40914368629455566,-0.29532235860824585,-0.30792486667633057,-0.22438271343708038,0.3720194101333618,-0.30334779620170593,-0.14330387115478516,-0.29431644082069397,0.12554608285427094,-0.12116125971078873,-0.279900461435318,0.2852109372615814,0.1690456122159958,0.04491877928376198,-0.1800917685031891,-0.3734704554080963,-0.20039081573486328,-0.3104867935180664,0.013491645455360413,0.0665276050567627,0.02391117811203003,0.0026296020951122046,-0.8670246601104736,-0.7919895648956299,-0.7801494598388672,-0.8162634968757629,-0.4594113826751709,0.3145322799682617,-0.507802426815033,-0.8336955308914185,-0.14506232738494873,0.12701231241226196,-0.07010526955127716,-0.16798491775989532,0.3639982342720032,0.40866097807884216,0.06877133250236511,0.1673077791929245,-0.23586048185825348,-0.33901163935661316,-0.0588487833738327,-0.38306406140327454,-0.10927797108888626,0.24470852315425873,0.22796468436717987,-0.10805963724851608,-0.9726501703262329,-0.56719970703125,-0.7924737930297852,-0.4024258553981781,-0.5531070232391357,0.17801786959171295,-0.503512442111969,-0.683111846446991,0.22179445624351501,0.15659917891025543,0.26316094398498535,-0.27468013763427734,0.36596599221229553,0.3229701817035675,-0.02564249373972416,0.19586031138896942,-0.5587987303733826,0.4665641784667969,-0.5653606653213501,0.27440160512924194,0.3949611485004425,0.08098810911178589,0.5630716681480408,-0.592230498790741,-0.02633676305413246]"
2,810002,SELF_SENSORY,4,100,32,96,0.3214265704154968,0.498433040920645,False,"[-1.0030462741851807,0.7041333913803101,-0.989142656326294,-0.2709605097770691]"
2,810002,CROSS_AGENT_YOKED_SENSORY,4,100,32,96,0.31954113702861786,0.7025520829483867,True,"[-1.010120153427124,0.7442333698272705,-0.9978201985359192,0.021990813314914703]"
2,810002,SELF_OUTPUT,4,100,32,96,0.3141445219516754,0.5048221247270703,False,"[-1.0063570737838745,0.7007614970207214,-0.9746567606925964,0.32321345806121826]"
2,810002,NO_FEEDBACK,3,100,32,96,0.3197815716266632,0.433511083945632,False,"[-1.0099879503250122,0.7441525459289551,-0.9972395300865173]"
2,810002,GENERIC_RNN_1D,6,100,32,96,0.31459841132164,0.5589719577692449,False,"[-0.9508805871009827,0.6656522154808044,-0.9815753102302551,-0.7551517486572266,0.34990930557250977,-0.015988929197192192]"
2,810002,GRU_8,297,100,32,96,0.25683993101119995,0.9887233339250088,False,"[0.20857340097427368,0.018030745908617973,0.562881588935852,-0.14372454583644867,-0.22678762674331665,-0.035143330693244934,0.6531549096107483,0.16504225134849548,0.03071395307779312,-0.27963629364967346,-0.7849121689796448,-0.4867798686027527,0.40872058272361755,0.07972211390733719,0.13923189043998718,0.17800311744213104,-0.3546777367591858,-0.6660582423210144,0.14921031892299652,-0.6118818521499634,-0.4012223780155182,0.38850918412208557,-0.009196176193654537,-0.39929550886154175,0.6101095676422119,0.33266717195510864,0.11038915812969208,-0.7729222774505615,-0.013600372709333897,-0.10351816564798355,-0.057630885392427444,-0.5213528275489807,-0.6083249449729919,-0.07699670642614365,0.4987717270851135,-0.15295566618442535,0.09312433749437332,0.20754194259643555,0.16566362977027893,0.19688351452350616,-0.13093890249729156,-0.007005807477980852,-0.45198699831962585,0.09276144206523895,-0.2674371898174286,-0.30568382143974304,0.4041876494884491,0.17901451885700226,0.07294480502605438,0.33035770058631897,0.1934870332479477,0.24348653852939606,-0.3874454200267792,-0.03422465920448303,0.2933727502822876,0.3650658428668976,-0.3953445255756378,-0.0028079692274332047,-0.03419366106390953,0.31149888038635254,0.2307479977607727,-0.48401227593421936,-0.5692542791366577,0.14325302839279175,0.022074006497859955,-0.24201124906539917,0.1844291388988495,-0.4564051926136017,-0.12123142182826996,0.12773625552654266,0.0674499124288559,-0.24617967009544373,0.004163199104368687,-0.3573148548603058,-0.1044473871588707,-0.5180635452270508,0.29271775484085083,0.33398759365081787,-0.28738832473754883,0.11002709716558456,0.1253613382577896,-0.3654947876930237,0.1060522049665451,0.031768351793289185,0.03391498699784279,0.6944631934165955,0.4186723530292511,-0.3758370876312256,-0.5183033347129822,-0.2725614011287689,-0.13474635779857635,0.3321257531642914,-0.012793057598173618,0.5707358121871948,0.3564075827598572,-0.26776355504989624,0.23374369740486145,-0.00350124086253345,-0.06746217608451843,-0.11586187779903412,-0.7195971012115479,-0.41442424058914185,0.19474494457244873,-0.26407358050346375,0.19821663200855255,0.15160194039344788,-0.24438124895095825,0.47350096702575684,-0.43623536825180054,-0.05170052498579025,0.2639414370059967,-0.17327424883842468,0.8903757929801941,0.2747689485549927,-1.1849870681762695,-0.05709129571914673,-0.8510625958442688,-0.5111796855926514,0.9124724268913269,-0.11568334698677063,0.23046524822711945,0.3696824908256531,-0.6082298159599304,-0.508033812046051,-0.8134049773216248,-0.3901216983795166,0.7557687759399414,0.44558870792388916,-0.42047908902168274,-0.050896499305963516,0.16415804624557495,0.11638888716697693,0.27597978711128235,-0.03473786637187004,-0.05302654579281807,-0.21054355800151825,0.1507246196269989,-0.32059141993522644,-0.41168540716171265,-0.3855355381965637,-0.7247514724731445,-0.3162577152252197,0.8024850487709045,0.2759559750556946,-0.2944224774837494,-0.40320509672164917,0.03741231560707092,-0.2685301899909973,-0.243952676653862,-0.2799612581729889,-0.1563217043876648,0.5192848443984985,0.3423158526420593,0.26847121119499207,-0.9171310663223267,-0.20738883316516876,-0.6446946859359741,-0.5202469825744629,0.3609352707862854,0.14623473584651947,0.05613790825009346,0.05684925988316536,-0.03252105787396431,-0.5048813819885254,-0.17172536253929138,0.17438150942325592,-0.11565099656581879,-0.3803878128528595,0.23020710051059723,-0.10048485547304153,-0.2587987184524536,-0.3571120500564575,-0.38326454162597656,-0.5671840310096741,0.491119921207428,0.0732947438955307,-0.019123805686831474,0.05895023047924042,0.21795083582401276,0.33594197034835815,-0.2444368153810501,0.19190280139446259,0.473084032535553,-0.028970226645469666,-0.46144989132881165,0.5139983296394348,0.37707340717315674,-0.22417263686656952,-0.11672566831111908,-0.18400080502033234,-0.5298858284950256,-0.018059102818369865,-0.318553626537323,-0.520046591758728,0.2212737500667572,0.2610414922237396,0.3250184655189514,0.05813499167561531,0.46101120114326477,0.13587704300880432,-0.04128091409802437,0.03750903531908989,0.5474622845649719,-0.33005666732788086,0.21265852451324463,-0.49676066637039185,-0.5612735152244568,0.2170717567205429,-0.30750924348831177,-0.4635564386844635,-0.12658673524856567,-0.10020642727613449,0.0877438560128212,0.1684790998697281,-0.15125134587287903,-0.00016803041216917336,-0.5195713043212891,-0.5127779841423035,-0.33938708901405334,0.21620555222034454,0.3546167016029358,0.5485513210296631,0.2224246710538864,0.01383519172668457,0.08033747971057892,-0.35030844807624817,-0.21204574406147003,-0.31203460693359375,0.04406486079096794,-0.0024433538783341646,-0.3417767584323883,0.1696099191904068,-0.2550985813140869,0.08011344075202942,-0.19893580675125122,-0.017951054498553276,0.060404613614082336,-0.19047991931438446,-0.11684338748455048,0.011125263758003712,-0.21331357955932617,0.096317358314991,-0.4712725281715393,0.12729240953922272,0.10347933322191238,0.18936672806739807,-0.19932769238948822,-0.2654803693294525,-0.9199520945549011,-1.0247982740402222,0.2588954269886017,-0.3418959975242615,0.08876623213291168,-0.6588159799575806,-0.10455363243818283,-0.6058338284492493,-0.12026945501565933,-0.3999975919723511,0.45381245017051697,-0.30355995893478394,0.5044359564781189,-0.3372563421726227,-0.11982874572277069,-0.1356717050075531,-0.4539923071861267,-0.41654345393180847,-0.18001209199428558,0.4745693504810333,-0.22238107025623322,-0.1372796893119812,0.11883838474750519,-0.3455032706260681,-1.1684805154800415,-0.89029860496521,0.28495287895202637,-0.5988303422927856,-0.023053638637065887,-0.7327089309692383,-0.4374827742576599,-0.39562422037124634,0.09737536311149597,0.4212768077850342,-0.05789104849100113,0.061010804027318954,0.24349722266197205,0.6216649413108826,-0.13481779396533966,0.09954523295164108,-0.5758235454559326,0.6158699989318848,-0.11350791156291962,0.42161864042282104,-0.2608175277709961,-0.757440447807312,-0.116579569876194,0.29661279916763306,0.15272384881973267]"
3,810003,SELF_SENSORY,4,100,32,96,0.3054117262363434,0.5104852919466794,False,"[-0.9862371683120728,0.6764684915542603,-1.0213730335235596,-0.24846382439136505]"
3,810003,CROSS_AGENT_YOKED_SENSORY,4,100,32,96,0.3035855325864812,0.7007049173116684,True,"[-0.996306300163269,0.7132921814918518,-1.0364627838134766,0.026652367785573006]"
3,810003,SELF_OUTPUT,4,100,32,96,0.30062440037727356,0.5043106246739626,False,"[-0.9886569976806641,0.6688029766082764,-1.0071324110031128,0.31897109746932983]"
3,810003,NO_FEEDBACK,3,100,32,96,0.30370834469795227,0.42424575006589293,False,"[-0.996232807636261,0.7132366895675659,-1.0360957384109497]"
3,810003,GENERIC_RNN_1D,6,100,32,96,0.2984921634197235,0.5604937500320375,False,"[-0.9332260489463806,0.6224226951599121,-1.0124183893203735,-0.7556432485580444,0.3814088702201843,-0.03213760256767273]"
3,810003,GRU_8,297,100,32,96,0.24451379477977753,0.9958834582939744,False,"[0.3167742192745209,-0.038487471640110016,0.5324966311454773,0.14897511899471283,-0.8240415453910828,0.04569755122065544,-0.6881927251815796,-0.43674296140670776,0.473520427942276,0.4368022680282593,0.08804403245449066,-0.4444960355758667,0.11637154221534729,0.4206930994987488,0.2571242153644562,-0.1198703870177269,0.6469271183013916,-0.2680548131465912,0.07803971320390701,-0.6699443459510803,0.1666950285434723,-0.6570118069648743,0.041460271924734116,-0.9707242846488953,0.03989139944314957,-0.8512556552886963,-0.517588198184967,0.02684430219233036,-0.52255779504776,0.3572583794593811,0.25171196460723877,-0.06537920236587524,0.26934972405433655,0.4432440400123596,-0.7527744174003601,0.046170495450496674,-0.4571070075035095,-0.19096019864082336,0.7106696963310242,0.27194294333457947,0.6346710324287415,-0.03977813571691513,-0.08951316773891449,-0.24708417057991028,-0.06082838028669357,0.22217299044132233,0.08516796678304672,0.014934283681213856,-0.05564733222126961,-0.24234823882579803,0.12754620611667633,0.006595146376639605,-0.22818468511104584,-0.3885619342327118,-0.2617896497249603,-0.2750982344150543,0.1265854686498642,-0.05584245175123215,0.17449694871902466,-0.032290149480104446,0.38328567147254944,0.4210609197616577,-0.09362386167049408,0.38217249512672424,-0.2470037341117859,-0.13447652757167816,0.22046300768852234,0.04216410964727402,-0.5091502070426941,0.5049782395362854,-0.22684352099895477,-0.04359268769621849,0.4763387441635132,-0.0881533995270729,-0.35907018184661865,-0.2392428070306778,-0.19105352461338043,-0.1538286954164505,-0.5176944732666016,-0.3907065987586975,0.04545430466532707,0.8255693912506104,0.7620744705200195,0.22789624333381653,0.06230971962213516,0.0700104683637619,0.1901577264070511,0.16584892570972443,0.1888001263141632,0.07428533583879471,0.09965347498655319,-0.41734635829925537,-0.4179759621620178,0.022077739238739014,0.13548646867275238,-0.12899184226989746,0.09815767407417297,0.04754922538995743,0.41269364953041077,0.002623453736305237,0.014532472006976604,-0.01348726823925972,0.33602374792099,-0.22004909813404083,0.2396620810031891,-0.04840487614274025,-0.5116645097732544,0.10926614701747894,0.2908227741718292,-0.17248499393463135,-0.24682192504405975,0.00883016362786293,0.30674272775650024,0.4484366476535797,-0.650719940662384,0.3388327658176422,0.2268267124891281,0.8453958034515381,-0.918798565864563,-0.5115354061126709,0.9585811495780945,0.17159800231456757,-0.4549858868122101,0.1848561316728592,-0.19389081001281738,0.7304132580757141,-0.6448926329612732,-0.5627802610397339,0.9853301048278809,-0.15333957970142365,-0.329734206199646,0.14427946507930756,-0.3478941023349762,0.8635163903236389,-0.8754623532295227,-0.6569872498512268,1.0570567846298218,-0.1917944848537445,-0.3622850775718689,-0.10246287286281586,-0.2830677926540375,0.6472871899604797,-0.5849570631980896,-0.6524133086204529,0.9471983313560486,-0.13603372871875763,-0.5436001420021057,-0.21712210774421692,-0.2794620394706726,0.4990394115447998,-0.949012041091919,-0.2392970621585846,-0.06785623729228973,0.17232155799865723,0.039620302617549896,0.02472957968711853,-0.33137184381484985,-0.11271488666534424,0.04158320650458336,0.2715549170970917,-0.49399808049201965,0.5460320711135864,0.6354013681411743,-0.45920658111572266,0.08371821790933609,-0.6698466539382935,0.21746686100959778,0.42330360412597656,-0.15514564514160156,0.22569076716899872,0.3811914026737213,0.012223474681377411,-0.10065507143735886,-0.3027491867542267,0.20109938085079193,0.16856445372104645,0.03285974636673927,-0.17132851481437683,0.098670095205307,-0.3387525975704193,-0.22958478331565857,-0.17259246110916138,0.36842286586761475,0.09522533416748047,0.11109744012355804,0.2598753571510315,-0.10625290870666504,-0.26482072472572327,-0.5160788893699646,0.38172826170921326,-0.12296634167432785,0.1214933916926384,-0.27156519889831543,0.4658336341381073,0.0017176076071336865,-0.003962941002100706,0.0049537308514118195,0.14136992394924164,-0.0011254361597821116,-0.4617491066455841,0.01198374480009079,0.04756362363696098,-0.061087287962436676,-0.013138527050614357,0.45040205121040344,0.23890262842178345,-0.2780187726020813,-0.04690368101000786,0.054240427911281586,-0.28336331248283386,-0.27142006158828735,0.3373003602027893,0.2353186458349228,-0.300815224647522,-0.41813093423843384,0.2753390967845917,0.11151038855314255,-0.33129483461380005,0.40380868315696716,0.012089082971215248,0.3610913157463074,0.1111983135342598,0.08058375865221024,-0.20564477145671844,-0.2489827573299408,-0.24404937028884888,0.006688268855214119,0.037848860025405884,0.46492576599121094,0.10090114176273346,-0.2348979264497757,0.40720292925834656,-0.09914614260196686,0.36091169714927673,0.029621988534927368,-0.2456243634223938,0.09053340554237366,-0.18183699250221252,-0.14034239947795868,-0.19549986720085144,0.048862822353839874,0.3543638586997986,0.10437168180942535,-0.00941392034292221,0.2491990029811859,-0.3638225197792053,0.03026261180639267,-0.15501345694065094,-0.21402736008167267,-0.41246652603149414,-1.005629301071167,-1.0098674297332764,-0.6988924145698547,0.4056333899497986,-0.10142819583415985,0.23887929320335388,-0.6458861231803894,0.22968555986881256,-0.12667080760002136,0.023230234161019325,0.005235450807958841,-0.22332032024860382,0.2441709190607071,0.46787095069885254,-0.3601149618625641,-0.10230798274278641,-0.32340624928474426,-0.19483816623687744,0.42489051818847656,-0.13892695307731628,0.3153842091560364,-0.09430313110351562,-0.67426997423172,-0.823735773563385,-0.578262984752655,-0.818651020526886,-0.3218587338924408,0.46982845664024353,0.35037294030189514,0.27038711309432983,-0.40635135769844055,-0.2841491997241974,0.6722845435142517,-0.38905003666877747,0.1587156057357788,0.04821121692657471,0.08568677306175232,-0.18312843143939972,0.22643320262432098,-0.358560711145401,-0.5903650522232056,0.6510220766067505,0.5891595482826233,-0.033174946904182434,0.08387873321771622,-0.10827400535345078,0.05244527757167816]"
4,810004,SELF_SENSORY,4,100,32,96,0.30519890785217285,0.502420415636152,False,"[0.884919285774231,0.7441127896308899,1.015892505645752,0.2442048192024231]"
4,810004,CROSS_AGENT_YOKED_SENSORY,4,100,32,96,0.3043069571987452,0.6984230000525713,True,"[0.8895164728164673,0.783635139465332,1.0270048379898071,-0.011100281029939651]"
4,810004,SELF_OUTPUT,4,100,32,96,0.3007408082485199,0.5026418748311698,False,"[0.8779200911521912,0.7418697476387024,0.9946993589401245,0.32906803488731384]"
4,810004,NO_FEEDBACK,3,100,32,96,0.3045386075973511,0.42711770767346025,False,"[0.8901002407073975,0.7817772626876831,1.026495337486267]"
4,810004,GENERIC_RNN_1D,6,100,32,96,0.29990649223327637,0.55561099993065,False,"[0.8472641706466675,0.7133774757385254,1.0120539665222168,0.6514187455177307,-0.2914253771305084,-0.012073466554284096]"
4,810004,GRU_8,297,100,32,96,0.24383091926574707,0.9836406670510769,False,"[-0.808935821056366,0.018948568031191826,0.23182104527950287,0.2948809564113617,-0.1691855490207672,-0.06140194833278656,-0.371578186750412,0.31735965609550476,-0.5704755187034607,0.32228443026542664,-0.7504739165306091,0.38792428374290466,0.07039541006088257,0.017044086009263992,-0.2935313582420349,0.11825262755155563,0.04704292491078377,-0.6632173657417297,0.061340756714344025,0.026277918368577957,0.007071584463119507,-0.2870665490627289,-0.16343633830547333,-0.4753895401954651,-0.017156973481178284,-0.9062408208847046,0.014327812008559704,-0.6993207931518555,-0.32340100407600403,-0.21986016631126404,0.6367525458335876,0.24039536714553833,-0.557441771030426,-0.35850057005882263,-0.021260106936097145,-0.3549261689186096,-0.26054802536964417,0.1704823225736618,0.3428007960319519,-0.013194512575864792,0.5323134660720825,-0.018325531855225563,0.6796626448631287,0.3180622458457947,-0.10470792651176453,-0.04916851967573166,-0.14697502553462982,0.21968914568424225,0.06669652462005615,0.3070358633995056,0.049217209219932556,-0.03872634842991829,-0.31786057353019714,0.07226455956697464,0.26221930980682373,0.41544416546821594,-0.42208415269851685,-0.2960056662559509,-0.5661730170249939,0.6450278759002686,0.6326057314872742,0.14148066937923431,0.10146769881248474,0.1330333948135376,-0.02054877020418644,-0.011430335231125355,-0.6174783706665039,-0.05020347237586975,0.563657283782959,-0.39061591029167175,0.23734967410564423,0.12079662084579468,-0.2999083995819092,-0.24037964642047882,0.019160032272338867,0.33398154377937317,0.2912592589855194,-0.010882382281124592,-0.4572542905807495,-0.15595707297325134,0.13731595873832703,-0.00017020641826093197,-0.3426859974861145,0.4793952405452728,0.30703991651535034,0.2396097034215927,-0.08635135740041733,-0.40978333353996277,-0.1846940517425537,-0.26282450556755066,-0.3039005994796753,0.5854901671409607,0.16364577412605286,-0.036993298679590225,0.1373329609632492,-0.015267552807927132,0.511297881603241,-0.3915167450904846,0.17981937527656555,-0.20441538095474243,-0.03320373594760895,-0.4713858664035797,0.4239853322505951,0.4076119363307953,0.3951703608036041,0.24894985556602478,-0.36843088269233704,0.4208064079284668,-0.1926794797182083,-0.033493708819150925,0.5314472913742065,0.07507763803005219,-0.37882184982299805,0.5720966458320618,-0.19885605573654175,-0.15234830975532532,-0.37215471267700195,0.17564864456653595,0.6708167195320129,-0.5261074900627136,0.15239731967449188,-0.3085443675518036,-0.2515827715396881,0.08791612833738327,-0.5356712341308594,-0.3741759955883026,0.44024530053138733,-0.19677557051181793,-0.26042109727859497,0.9980794191360474,0.033493347465991974,-0.24296334385871887,0.09608551114797592,0.4063096046447754,0.5132117867469788,-0.6711595058441162,-0.18918590247631073,0.8021015524864197,0.23252981901168823,-0.11296732723712921,0.11139710247516632,0.8196108937263489,0.6381146907806396,-0.29331180453300476,-0.3565744161605835,0.8428855538368225,0.16741980612277985,0.017094537615776062,-0.054015595465898514,0.42174115777015686,0.565697968006134,-0.45743948221206665,-0.6279694437980652,1.1005229949951172,0.08926574140787125,-0.3374171555042267,-0.5816976428031921,0.4664663076400757,0.9147787690162659,-0.8027447462081909,0.31539079546928406,0.26362335681915283,0.04862304776906967,0.28197646141052246,0.30522629618644714,0.06797375530004501,0.2885070741176605,0.01997406780719757,0.3551870286464691,0.4010625183582306,0.3159688115119934,0.16092976927757263,0.24822649359703064,-0.3584303557872772,-0.1503906548023224,-0.22008976340293884,0.02098780870437622,-0.09699366986751556,-0.3134254217147827,-0.01816827990114689,-0.05566960945725441,-0.31560638546943665,-0.04567711055278778,0.12130998820066452,-0.024009760469198227,-0.44593605399131775,-0.015669317916035652,0.010133876465260983,-0.5217547416687012,0.010494926944375038,0.34436091780662537,-0.12005787342786789,0.39601293206214905,0.06294283270835876,-0.21906541287899017,0.1185854822397232,-0.4769872725009918,-0.29926183819770813,0.32935187220573425,0.19104525446891785,-0.5502110123634338,-0.07798730581998825,-0.17143207788467407,0.003831112291663885,0.013454725965857506,0.49982768297195435,-0.3389585018157959,-0.259356290102005,-0.2657405138015747,0.42911621928215027,-0.02541450224816799,0.10173032432794571,0.3798397183418274,0.278392493724823,-0.3395110070705414,-0.42675092816352844,-0.1621701568365097,-0.07449617981910706,0.41574570536613464,-0.15881836414337158,0.49497517943382263,0.10237466543912888,-0.0436568446457386,-0.5403121113777161,-0.23327675461769104,0.3147692382335663,0.012902340851724148,-0.03106166608631611,-0.07738040387630463,0.00024822665727697313,-0.16051337122917175,-0.26263752579689026,-0.09298241138458252,0.24874566495418549,0.3178347051143646,-0.25346753001213074,0.23628021776676178,0.23712961375713348,-0.3361867368221283,-0.4859898090362549,-0.10115035623311996,0.3966323137283325,0.5069814920425415,0.41159939765930176,-0.062380626797676086,0.3081490099430084,-0.3453559875488281,-0.21443752944469452,-1.029255986213684,-0.08135352283716202,-0.4821901023387909,-0.3466491401195526,-0.5818642377853394,-1.069362998008728,-0.3064040243625641,-0.29099515080451965,0.1090078055858612,-0.1622675359249115,-0.20815612375736237,0.08151036500930786,0.13286122679710388,-0.1439906805753708,-0.17115579545497894,0.21033982932567596,-0.5790951251983643,-0.09730681777000427,0.3339858651161194,0.1844419538974762,0.21707338094711304,0.04892592504620552,-0.0635567456483841,-0.0501144640147686,-0.6715711951255798,-0.06750289350748062,-0.38618817925453186,-0.4858218729496002,-0.9842612743377686,-0.955925464630127,-0.01091795600950718,0.29003939032554626,0.45905110239982605,-0.15004633367061615,0.14724420011043549,-0.021513625979423523,-0.23705533146858215,-0.23614411056041718,-0.25712987780570984,-0.0977708101272583,-0.6598303318023682,0.010037880390882492,-0.35677507519721985,0.49126341938972473,0.4759262204170227,0.5067408680915833,-0.07826929539442062,-0.03723454102873802,0.05852586776018143]"
5,810005,SELF_SENSORY,4,100,32,96,0.35558271408081055,0.5106818745844066,False,"[0.7384179830551147,0.9641708135604858,0.9993544220924377,0.11497528105974197]"
5,810005,CROSS_AGENT_YOKED_SENSORY,4,100,32,96,0.3522366223553295,0.7018908751197159,True,"[0.7400998473167419,1.006126880645752,1.0048474073410034,-0.02084227278828621]"
5,810005,SELF_OUTPUT,4,100,32,96,0.363069087266922,0.509032292291522,False,"[0.7230998873710632,0.962615430355072,0.9793781042098999,0.3180152475833893]"
5,810005,NO_FEEDBACK,3,100,32,96,0.35180118680000305,0.4313125000335276,False,"[0.7314095497131348,1.0109623670578003,1.0122292041778564]"
5,810005,GENERIC_RNN_1D,6,100,32,96,0.3525344431400299,0.5628785416483879,False,"[0.7257080674171448,0.8937636613845825,0.9902196526527405,0.4857213795185089,-0.2603422999382019,-0.004294066224247217]"
5,810005,GRU_8,297,100,32,96,0.2832546532154083,0.9872379577718675,False,"[0.2791352868080139,-0.29710984230041504,0.10624143481254578,-0.26118016242980957,0.6935417056083679,-0.2850911319255829,-0.325532466173172,-0.21953345835208893,-0.516750693321228,0.027153149247169495,0.8619053363800049,-0.13760478794574738,-0.3642679452896118,-0.2655429542064667,-0.38981011509895325,-0.27878695726394653,0.2311108559370041,-0.08033059537410736,-0.18248151242733002,-0.7796990871429443,-0.18657726049423218,-0.15953530371189117,0.07508140057325363,-0.449258416891098,0.29568925499916077,0.11516311019659042,-0.13003218173980713,-0.6348972320556641,0.28062179684638977,0.2112729847431183,0.026314973831176758,-0.9519624710083008,0.28067123889923096,0.22021575272083282,-0.5762267112731934,-0.4019452631473541,0.13270270824432373,0.28913071751594543,-0.6901534795761108,0.19011026620864868,-0.12759047746658325,0.13584399223327637,-0.3483659327030182,-0.0028860834427177906,0.0406239815056324,-0.07979802042245865,-0.7479745149612427,-0.18378084897994995,-0.14418137073516846,0.1419244110584259,-0.47193458676338196,-0.040323879569768906,-0.32657408714294434,-0.23859231173992157,0.1045680120587349,-0.24435895681381226,0.17456534504890442,0.4124954640865326,0.11434796452522278,0.034516673535108566,-0.4924744665622711,-0.45279353857040405,-0.5006846189498901,-0.3185596168041229,-0.06728202104568481,0.1578415483236313,0.1958635300397873,-0.3793206214904785,-0.27174922823905945,-0.14922934770584106,-0.02528996765613556,-0.3725365996360779,0.40305349230766296,-0.3056333363056183,-0.2963448166847229,-0.303700715303421,0.20433227717876434,-0.49278879165649414,0.11595596373081207,-0.17532771825790405,0.009264344349503517,-0.5201268792152405,-0.04281223192811012,0.3294433653354645,0.2334427386522293,0.16891132295131683,0.314506858587265,0.46497219800949097,0.19772467017173767,-0.12282247841358185,-0.15277427434921265,-0.11351904273033142,0.04572340473532677,0.28609955310821533,-0.29830870032310486,-0.2609711289405823,0.04120923578739166,0.3849664032459259,-0.08813747018575668,-0.03276169300079346,0.14522910118103027,0.31185290217399597,0.14418449997901917,-0.17893356084823608,-0.4733278453350067,0.27731814980506897,0.3127835690975189,0.44992414116859436,-0.24270093441009521,-0.18354591727256775,-0.4370700418949127,0.43416285514831543,0.40149471163749695,0.33343756198883057,-0.06318283081054688,0.1671518087387085,0.027908023446798325,-0.2116590291261673,-0.4113970994949341,0.20296038687229156,0.3467099070549011,0.5019961595535278,-0.48386913537979126,-0.4989930987358093,-0.963658332824707,0.2474866807460785,-0.8910952806472778,0.16494247317314148,0.16978177428245544,0.5601880550384521,-0.45304760336875916,-0.034975387156009674,-0.14309129118919373,0.3135908842086792,-0.5880553722381592,0.10364870727062225,0.3951837122440338,0.9294238090515137,-0.267023503780365,-0.0866469293832779,-1.0136622190475464,0.2688472867012024,-0.4106876850128174,-0.39823025465011597,0.3137953579425812,0.5048342347145081,-0.8168464303016663,-0.6867197751998901,-0.04514855146408081,0.2759142518043518,0.14181046187877655,-0.38951271772384644,0.28722715377807617,0.8684366941452026,-0.6861976385116577,-0.03380598500370979,-0.6811659932136536,0.2509574592113495,-0.575153648853302,-0.5314978361129761,-0.3132239878177643,-0.004060141276568174,0.553632915019989,0.4006505012512207,0.31499093770980835,-0.33082115650177,0.12404783070087433,0.21798206865787506,0.4206654131412506,0.932165801525116,-0.4747585654258728,-0.1408824771642685,-1.0597634315490723,0.2664569616317749,-0.41052863001823425,-0.4613872468471527,-0.1667695939540863,0.19174951314926147,-0.18068651854991913,-0.22659975290298462,-0.15201334655284882,0.18635308742523193,-0.3477908670902252,-0.021787011995911598,-0.055973947048187256,-0.3296622037887573,0.006367414258420467,-0.25508999824523926,0.08242801576852798,0.348662793636322,0.41505706310272217,0.1574445366859436,-0.0383821502327919,-0.2953866124153137,0.22967571020126343,-0.06691807508468628,0.11808376759290695,-0.33559250831604004,-0.03486886993050575,-0.4783337116241455,-0.4847402274608612,0.1403430998325348,0.11258886754512787,0.3369210362434387,0.07367110252380371,0.13104130327701569,-0.09056246280670166,-0.0016400364693254232,-0.1767725795507431,0.034581925719976425,0.10454102605581284,0.4870648980140686,0.32461968064308167,-0.04561587795615196,-0.18206816911697388,0.601309061050415,-0.5046217441558838,0.18163460493087769,0.30915743112564087,0.22901004552841187,0.04861971363425255,-0.3514307141304016,-0.40853697061538696,0.2601759731769562,-0.2515677809715271,-0.0688159242272377,0.11553096771240234,-0.13474060595035553,0.30140313506126404,0.03369923308491707,-0.3446703851222992,-0.1337348371744156,-0.5047973394393921,-0.027598626911640167,-0.06694147735834122,-0.08418921381235123,-0.04018383473157883,-0.11399424076080322,-0.13514238595962524,0.5153106451034546,-0.5283212661743164,-0.38302886486053467,-0.3526120185852051,0.3452248275279999,0.16962479054927826,0.2811505198478699,-0.3702542185783386,-0.26475459337234497,-0.5084542632102966,-0.7425014972686768,-0.5967560410499573,-0.8421187400817871,0.0886942520737648,-0.5407975912094116,0.46480420231819153,-0.9302230477333069,-0.06974368542432785,-0.135308638215065,-0.17851881682872772,-0.03847138211131096,0.32572174072265625,0.19844359159469604,0.3472107946872711,-0.008129158057272434,0.05799559876322746,-0.035211216658353806,-0.1225806251168251,0.23748330771923065,0.20024438202381134,0.20315656065940857,-0.4951949715614319,0.1334586888551712,-0.4105629622936249,-0.5662146806716919,-0.6277320981025696,-0.8599618673324585,0.00027290821890346706,-0.39415261149406433,-0.021114880219101906,-0.4148658215999603,-0.08424181491136551,-0.20047324895858765,0.49987804889678955,0.07033691555261612,0.19750620424747467,-0.42968878149986267,0.40571117401123047,0.21985162794589996,0.13769258558750153,-0.4223319888114929,0.29701071977615356,-0.590668797492981,-0.35689717531204224,-0.5184917449951172,0.003275610040873289,-0.602199375629425,0.01260467804968357]"
6,810006,SELF_SENSORY,4,100,32,96,0.3283179700374603,0.5075914170593023,False,"[0.9148892760276794,0.8449960350990295,1.0616596937179565,0.15687139332294464]"
6,810006,CROSS_AGENT_YOKED_SENSORY,4,100,32,96,0.33274095879931875,0.6990676671266556,True,"[0.9182735681533813,0.861356794834137,1.0443737506866455,0.0012454227544367313]"
6,810006,SELF_OUTPUT,4,100,32,96,0.32115092873573303,0.5021597919985652,False,"[0.9523065090179443,0.8223355412483215,1.0433413982391357,0.2323942333459854]"
6,810006,NO_FEEDBACK,3,100,32,96,0.33619579672813416,0.4242656659334898,False,"[0.9171444177627563,0.8361386656761169,1.0236364603042603]"
6,810006,GENERIC_RNN_1D,6,100,32,96,0.32915595173835754,0.5526806251145899,False,"[0.9210195541381836,0.8375757336616516,1.0547102689743042,0.1951165348291397,-0.050791606307029724,-0.029038215056061745]"
6,810006,GRU_8,297,100,32,96,0.2747103273868561,0.9978000828996301,False,"[0.4881993532180786,0.42769312858581543,-0.45354947447776794,0.0205522570759058,-0.6467483043670654,-0.09805924445390701,0.8443608283996582,0.039583850651979446,0.45466333627700806,0.30831179022789,0.3042207658290863,-0.013340242207050323,0.5187403559684753,-0.027513286098837852,0.353093683719635,0.21523287892341614,-0.44667327404022217,-0.27711501717567444,-0.15193496644496918,-0.43280282616615295,-0.04914595186710358,-0.5656915903091431,0.007917114533483982,-1.0316483974456787,-0.1426321268081665,-0.12182334810495377,0.02948652021586895,-0.7819976210594177,-2.965051680803299e-05,0.26719439029693604,-0.26373234391212463,-0.8542803525924683,0.3198823928833008,0.3908328413963318,0.6926781535148621,0.10694783180952072,0.5003126263618469,0.27560684084892273,0.4196617305278778,-0.014961998909711838,0.17021632194519043,0.21472536027431488,-0.5655585527420044,-0.2687576711177826,-0.09342661499977112,0.29555457830429077,0.45114466547966003,0.5649625658988953,0.34060999751091003,0.28240254521369934,0.2109147012233734,0.06772421300411224,0.31569424271583557,-0.19862127304077148,-0.5634069442749023,-0.11948340386152267,0.2647985816001892,0.48047471046447754,0.5113934874534607,0.18325287103652954,-0.20495645701885223,-0.36201012134552,0.08259791135787964,0.37105792760849,0.1978939324617386,0.21346615254878998,0.42555615305900574,-0.12441720813512802,0.3571697473526001,-0.17845846712589264,-0.16939860582351685,0.27759894728660583,-0.1925107091665268,0.4995468854904175,-0.15721215307712555,-0.6129947304725647,-0.3776841461658478,-0.12707053124904633,-0.12265663594007492,-0.25152185559272766,0.08318725228309631,0.2770885229110718,0.5990553498268127,0.07822731137275696,0.16586127877235413,-0.1998334676027298,-0.3182612955570221,-0.11501564830541611,-0.5117316842079163,0.07000821828842163,0.057766158133745193,0.37477195262908936,-0.1179560050368309,-0.3282051384449005,-0.6230781674385071,-0.2206600159406662,0.08192992210388184,0.3664446473121643,0.2743445336818695,-0.25003480911254883,-0.3461265563964844,-0.45580777525901794,0.08336486667394638,0.4572887718677521,0.22811368107795715,0.22063830494880676,0.6195446848869324,0.23906879127025604,-0.018649715930223465,-0.3291061818599701,0.11254966259002686,0.44460374116897583,-0.682695746421814,-0.17392918467521667,0.2978067696094513,0.2713558077812195,0.17720696330070496,-0.15387625992298126,-0.7161757946014404,-0.5167550444602966,-0.4578433334827423,0.11590660363435745,0.2580799162387848,0.36673763394355774,-0.2865316569805145,-0.32308652997016907,-0.7909889221191406,-0.6205567717552185,-0.6167005896568298,0.199508398771286,0.004256403539329767,0.18242666125297546,-0.06398176401853561,-0.4687546193599701,-0.8951741456985474,-0.18503139913082123,-0.39780670404434204,-0.4395582377910614,-0.09698884934186935,0.3486286401748657,-0.15676382184028625,-0.3863499164581299,-0.5976360440254211,-0.3266468048095703,-0.41712144017219543,-0.25902190804481506,0.1469283252954483,0.5174075365066528,-0.5684033036231995,-0.40485620498657227,-0.783802330493927,-0.4041309058666229,-0.5517005324363708,0.27923113107681274,0.1597241759300232,0.3254477083683014,0.047318264842033386,0.013065324164927006,-0.3675096035003662,-0.5199155807495117,-0.14524783194065094,-0.7366699576377869,-0.7930066585540771,-0.1884724646806717,0.10434304922819138,0.5883486866950989,0.38384202122688293,0.40524765849113464,-0.18863463401794434,-0.06561585515737534,0.19913747906684875,0.23073500394821167,0.05408896878361702,-0.41134145855903625,-0.27949365973472595,0.04615747183561325,0.3994216322898865,0.39673781394958496,0.42045754194259644,-0.18563830852508545,-0.1821047067642212,-0.1569453626871109,-0.21426530182361603,-0.09907747060060501,0.1309746950864792,0.49042177200317383,-0.1441042125225067,0.176703542470932,-0.36683332920074463,-0.08434131741523743,-0.38123252987861633,-0.204184889793396,-0.19694891571998596,0.39983683824539185,0.035805486142635345,-0.2790793180465698,0.12676285207271576,-0.2925862669944763,-0.13226622343063354,-0.2203977108001709,-0.056235529482364655,0.3530464768409729,0.42697691917419434,-0.03362615406513214,-0.32500606775283813,-0.4769992232322693,0.6050180196762085,0.17567884922027588,-0.02869020402431488,0.08177247643470764,0.4073655307292938,0.23511020839214325,-0.156272754073143,-0.12111848592758179,-0.15445266664028168,-0.02852911874651909,-0.35056647658348083,0.035618435591459274,0.1146145761013031,0.05702346935868263,-0.2128717303276062,-0.1133812814950943,0.1872681826353073,-0.1958794742822647,0.32287460565567017,0.5032269358634949,0.018543338403105736,-0.3064119219779968,-0.2589874267578125,-0.3733738362789154,0.24229709804058075,-0.022426502779126167,0.2869148552417755,0.20566610991954803,0.19638517498970032,-0.19363440573215485,0.10463476926088333,-0.07732219249010086,-0.1283574253320694,-0.05955703929066658,-0.2737228274345398,0.09190532565116882,0.22812578082084656,0.11537311226129532,-0.37120765447616577,-0.04823323339223862,0.019494853913784027,-0.23926478624343872,-0.5760000348091125,-0.6824204921722412,-0.6332689523696899,-1.04318368434906,-0.33044329285621643,-0.970604658126831,0.11438214033842087,-0.4673634469509125,0.012507611885666847,0.11257238686084747,0.09221218526363373,-0.24086658656597137,-0.14843587577342987,0.20144009590148926,0.3949491083621979,-0.04283010587096214,-0.4366178512573242,0.017675461247563362,-0.277407169342041,-0.181941956281662,0.04999042674899101,-0.13249677419662476,0.18467825651168823,-0.1760980784893036,-0.47085532546043396,-0.3792486786842346,-0.9506468176841736,-0.7724779844284058,-0.6039461493492126,-0.38055434823036194,-0.012865881435573101,-0.6751561164855957,0.38326558470726013,-0.1078730970621109,-0.30184075236320496,0.098747618496418,0.2899414300918579,-0.24397435784339905,0.4554098844528198,0.2976512312889099,0.3158930838108063,0.4372553527355194,0.489003449678421,0.6143259406089783,0.18359026312828064,-0.6744467616081238,0.04255864396691322,0.35310080647468567,-0.18570458889007568]"
7,810007,SELF_SENSORY,4,100,32,96,0.380288690328598,0.503475499805063,False,"[0.838915228843689,0.7990691065788269,0.758436381816864,0.17504513263702393]"
7,810007,CROSS_AGENT_YOKED_SENSORY,4,100,32,96,0.36613790619023234,0.7016769163310528,True,"[0.8534298539161682,0.8133229613304138,0.7990237474441528,0.022517837584018707]"
7,810007,SELF_OUTPUT,4,100,32,96,0.34288668632507324,0.5015903753228486,False,"[0.8613165616989136,0.7872725129127502,0.8456811308860779,0.34476298093795776]"
7,810007,NO_FEEDBACK,3,100,32,96,0.3663982152938843,0.42724591633304954,False,"[0.8344034552574158,0.7959834933280945,0.8025877475738525]"
7,810007,GENERIC_RNN_1D,6,100,32,96,0.38764262199401855,0.5563624589703977,False,"[0.8485932350158691,0.7728661298751831,0.7416992783546448,0.10318770259618759,0.020633740350604057,-0.005577316973358393]"
7,810007,GRU_8,297,100,32,96,0.24845533072948456,0.995098166167736,False,"[-0.1349816471338272,0.2575598955154419,-0.3416401743888855,0.34437504410743713,0.43956586718559265,-0.33690783381462097,0.16449016332626343,-0.19253790378570557,-0.45065969228744507,0.3150065243244171,0.73691725730896,-0.02030056342482567,0.7615840435028076,-0.12412119656801224,0.5726718902587891,0.30104902386665344,0.38497304916381836,-0.2641608417034149,-0.05917353555560112,-0.5244175791740417,-0.23870860040187836,-0.5467732548713684,0.5057787299156189,0.19196078181266785,-0.052697788923978806,-0.8564491271972656,-0.38619062304496765,-0.7587228417396545,0.2075868397951126,-0.23872233927249908,-0.034536950290203094,-0.3062937259674072,-0.0826190710067749,-0.11963344365358353,-0.6439338326454163,-0.21103732287883759,0.527461588382721,0.16298599541187286,0.2631025016307831,-0.2390972524881363,-0.7098327279090881,-0.15946859121322632,-0.39616650342941284,0.03578295558691025,0.16459158062934875,0.05900651589035988,-0.7295063138008118,-0.08185283839702606,-0.07423122972249985,0.5543712377548218,0.23569805920124054,-0.5412241220474243,0.05133143067359924,-0.5572301745414734,8.084671571850777e-05,0.3780810534954071,-0.19627968966960907,-0.44968095421791077,0.3543209731578827,0.04703619331121445,-0.4282032549381256,-0.08880273252725601,-0.11164407432079315,-0.18347646296024323,-0.15481486916542053,0.040019042789936066,-0.15756738185882568,-0.007285933010280132,-0.05092373862862587,-0.040159836411476135,0.4053279161453247,0.16063626110553741,0.42620229721069336,-0.13357101380825043,0.16595548391342163,-0.12493564188480377,0.09528813511133194,0.4536285698413849,-0.07534921169281006,0.2315504401922226,-0.177183136343956,0.4515964090824127,0.21707677841186523,-0.11702029407024384,-0.011528736911714077,-0.056899916380643845,0.4457038938999176,0.22805273532867432,0.4026122987270355,-0.15175563097000122,-0.23470814526081085,0.4792081415653229,-0.1896972954273224,0.42134949564933777,-0.10915276408195496,0.09890078753232956,-0.6780509352684021,0.4158157706260681,-0.17993660271167755,0.2523745596408844,-0.00680108368396759,0.15996132791042328,-0.43437817692756653,0.3171595335006714,-0.00047681876458227634,0.01866719499230385,-0.038789354264736176,0.36900439858436584,-0.026353323832154274,-0.3300599455833435,0.2702464461326599,0.021022923290729523,-0.24854230880737305,-0.24455039203166962,-0.06795861572027206,0.8830499053001404,0.06517602503299713,-0.027756934985518456,-0.09032689779996872,-0.155970498919487,0.1349986344575882,-0.4109082520008087,-0.705277144908905,0.9967581629753113,-0.28501471877098083,0.3832729756832123,0.08472701162099838,-0.23403334617614746,0.878716230392456,-0.33362090587615967,-0.4747524559497833,1.0676711797714233,0.0636005774140358,0.6178271770477295,0.24006077647209167,-0.2906956672668457,-0.5382069945335388,0.31710317730903625,0.04454190656542778,0.2723665237426758,0.026290221139788628,0.18340611457824707,-0.4577982425689697,0.09034135937690735,0.28850021958351135,-0.14559081196784973,-0.47480282187461853,0.4826888144016266,-0.44697344303131104,0.38579654693603516,0.4410640597343445,0.08262442797422409,0.41165891289711,-0.09556013345718384,-0.5346793532371521,0.5331660509109497,-0.2358124852180481,0.6994232535362244,-0.12701311707496643,0.11039755493402481,-0.016914958134293556,0.5126079320907593,-0.7708501815795898,0.696022093296051,-0.08036412298679352,0.44588911533355713,-0.32754403352737427,0.428407222032547,0.3891463577747345,-0.10846291482448578,-0.7232986688613892,0.5012075901031494,-0.2573149800300598,0.7146120667457581,0.26881298422813416,-0.2806137502193451,-0.2725377082824707,-0.5292196273803711,0.1333303153514862,0.10709960013628006,-0.45223578810691833,0.23704110085964203,-0.35274943709373474,-0.36265042424201965,-0.011121354065835476,-0.18650250136852264,0.10204726457595825,-0.3960293233394623,0.3269524574279785,-0.22863073647022247,-0.2156946063041687,0.32256588339805603,0.07138926535844803,-0.05960413068532944,0.16263124346733093,-0.19340167939662933,-0.4830741882324219,0.14904505014419556,-0.28614991903305054,-0.16002194583415985,0.46047306060791016,-0.08109483867883682,0.014009146951138973,0.18976648151874542,-0.024282800033688545,0.22149571776390076,-0.18213137984275818,-0.018302762880921364,0.2871628701686859,0.2852374315261841,0.005329988431185484,-0.28210845589637756,0.1853550374507904,-0.21286170184612274,0.16832706332206726,0.34739431738853455,0.19999046623706818,0.14102579653263092,-0.12499862909317017,-0.010063758119940758,0.09326015412807465,0.23002612590789795,0.24353045225143433,0.25082889199256897,-0.044456690549850464,-0.25769826769828796,0.3035286068916321,0.05902351438999176,0.02900055982172489,-0.4412170350551605,0.0929485335946083,-0.49611249566078186,0.1216358169913292,0.5141156911849976,0.012142027728259563,-0.23256567120552063,0.13700488209724426,-0.028083791956305504,0.31507375836372375,0.21724843978881836,0.316649854183197,0.3012264668941498,0.12217755615711212,-0.3006378412246704,0.3354894816875458,-0.22697357833385468,0.04273926839232445,0.35353049635887146,0.11819138377904892,-0.46817144751548767,-0.9272249937057495,0.33391010761260986,-0.829256534576416,-0.4071562588214874,-0.4692680537700653,-0.4342145323753357,0.11254478245973587,0.12413611263036728,0.11803727596998215,-0.2912306487560272,0.03007430024445057,-0.29268038272857666,-0.33659934997558594,0.17306433618068695,0.4157748818397522,-0.14799083769321442,0.30425333976745605,-0.5223105549812317,-0.06433842331171036,-0.2448081374168396,-0.0661177933216095,-0.03636081889271736,0.20994573831558228,-0.30291277170181274,-0.31611597537994385,0.24706141650676727,-0.5068206787109375,-0.6153179407119751,-0.13752734661102295,-0.39941421151161194,-0.32458773255348206,-0.12543971836566925,0.2006177455186844,0.09428771585226059,0.020034614950418472,-0.11635631322860718,0.1562032252550125,-0.32590484619140625,0.03144395351409912,-0.37885138392448425,0.4787926971912384,0.15430712699890137,-0.47693300247192383,-0.660513162612915,0.2407233864068985,-0.48322296142578125,-0.13942089676856995]"
8,810008,SELF_SENSORY,4,100,32,96,0.3184760510921478,0.5068799997679889,False,"[0.7744640111923218,0.9970531463623047,0.9583063721656799,0.0921187549829483]"
8,810008,CROSS_AGENT_YOKED_SENSORY,4,100,32,96,0.31984553188977993,0.7266308329999447,True,"[0.7671342492103577,1.0409932136535645,0.9643833041191101,-0.014471909031271935]"
8,810008,SELF_OUTPUT,4,100,32,96,0.3111579120159149,0.5081133339554071,False,"[0.7689409255981445,0.99021977186203,0.9383360147476196,0.30821698904037476]"
8,810008,NO_FEEDBACK,3,100,32,96,0.319391131401062,0.4286744170822203,False,"[0.7658794522285461,1.040697693824768,0.9654015302658081]"
8,810008,GENERIC_RNN_1D,6,100,32,96,0.3172641694545746,0.5586571665480733,False,"[0.7640348076820374,0.9492886662483215,0.9542922973632812,0.43945369124412537,-0.2385324090719223,-0.007594655267894268]"
8,810008,GRU_8,297,100,32,96,0.2420140951871872,0.9863689998164773,False,"[-0.5741038918495178,-0.22568494081497192,0.3924105763435364,0.1888778656721115,0.4613482356071472,0.01084513496607542,0.4199037253856659,-0.07470354437828064,0.5198150277137756,0.26549914479255676,0.48448073863983154,-0.01647777669131756,-0.45291224122047424,-0.6162561774253845,-0.36119160056114197,-0.15595687925815582,0.0537763312458992,-0.882164716720581,0.6643908023834229,0.30935138463974,0.06908223032951355,0.03135063871741295,-0.10705398768186569,-0.3787097930908203,0.029846949502825737,-0.9067650437355042,0.07610160112380981,-0.8140031099319458,0.2049977332353592,-0.6816396117210388,0.13303245604038239,-0.9719833135604858,-0.4961090385913849,-0.35290828347206116,-0.002058996120467782,0.14245803654193878,0.021810034289956093,0.018823742866516113,0.5261617302894592,-0.08257997035980225,-0.7689540386199951,-0.13141615688800812,-0.43178173899650574,-0.24393901228904724,-0.35987672209739685,0.037777047604322433,-0.5691452622413635,0.018238071352243423,0.25498080253601074,-0.29354366660118103,-0.297372043132782,-0.01793060079216957,0.3962332606315613,-0.06782606989145279,-0.011688152328133583,-0.25022903084754944,-0.325888067483902,0.4219697117805481,-0.2807786762714386,0.032420966774225235,-0.233489990234375,-0.3703407049179077,-0.01615297421813011,-0.2989443242549896,-0.07620656490325928,0.16029927134513855,0.06669389456510544,0.3669684827327728,-0.10482533276081085,0.020187510177493095,0.011338351294398308,-0.07618660479784012,0.12707923352718353,0.057584743946790695,-0.46180200576782227,0.31460845470428467,-0.14572082459926605,-0.1069846972823143,-0.04913840815424919,0.05142464488744736,0.23008646070957184,0.5728965997695923,-0.6347365379333496,0.2149236649274826,-0.17916306853294373,-0.2911124527454376,-0.0489385612308979,-0.31808629631996155,-0.2158394157886505,0.07351679354906082,-0.2060193419456482,0.03051985800266266,-0.25173094868659973,0.09902671724557877,-0.5238465070724487,0.13727323710918427,0.03390558436512947,-0.016756204888224602,0.1042119711637497,0.08862987160682678,0.2978096902370453,-0.12085923552513123,0.12164666503667831,0.11538814008235931,0.27522385120391846,0.34656083583831787,-0.15611033141613007,0.08031335473060608,-0.0035021749790757895,-0.1855650097131729,-0.22496715188026428,0.408080130815506,-0.24868091940879822,0.614086389541626,-0.7608760595321655,0.3541516065597534,0.15730880200862885,-0.16928544640541077,-0.4523441791534424,0.0717478096485138,-0.4989466071128845,-0.10461433231830597,0.48772236704826355,-0.23745743930339813,-0.12807932496070862,-0.20297057926654816,0.10737709701061249,0.04703089967370033,-0.7575178146362305,0.2803139388561249,0.15455736219882965,-0.39747780561447144,0.7129943370819092,0.156867116689682,0.04397966340184212,0.7134575843811035,-0.011211425065994263,0.791873037815094,-0.5450330376625061,0.48563331365585327,-0.10181975364685059,-0.015739738941192627,-0.11505284160375595,0.24395650625228882,-0.23974458873271942,0.41723600029945374,-0.8246136903762817,0.9061617255210876,0.41448599100112915,-0.04265918955206871,-0.3075093924999237,0.1921328902244568,0.18835321068763733,0.9353427290916443,-0.4847140610218048,0.23499324917793274,0.22156916558742523,-0.38966622948646545,-0.6190931797027588,0.1053977981209755,0.022490644827485085,0.5731550455093384,-0.8249711394309998,0.5577813982963562,-0.00524047389626503,-0.1476835012435913,-0.421739786863327,0.4155678451061249,0.1367756873369217,0.550319492816925,-1.0191121101379395,0.692847490310669,-0.12087142467498779,-0.23819497227668762,-0.549873411655426,0.31929290294647217,0.4292362630367279,0.1003957986831665,0.20500566065311432,-0.4800838530063629,0.03445412963628769,0.3221976161003113,0.07150648534297943,0.3609112799167633,0.08663146197795868,0.17031438648700714,-0.04038194566965103,-0.3987804651260376,-0.17701593041419983,0.24955704808235168,-0.27878227829933167,0.23637664318084717,0.0212226752191782,-0.31614822149276733,-0.1098264828324318,0.1767282634973526,-0.04659442976117134,0.10346097499132156,-0.1264764666557312,-0.29912522435188293,0.25189730525016785,0.1380392611026764,-0.10541436076164246,-0.42637601494789124,-0.21274976432323456,0.39768046140670776,-0.39690065383911133,0.13559164106845856,-0.04230542480945587,0.31545981764793396,0.018679730594158173,0.3505679666996002,0.44934916496276855,-0.15474604070186615,-0.030226007103919983,0.39585956931114197,0.3511020839214325,-0.1158696711063385,0.1640678495168686,0.26466190814971924,0.0719175785779953,-0.25285595655441284,-0.013907872140407562,-0.052780136466026306,0.26364150643348694,-0.10302161425352097,0.24939733743667603,0.09607040137052536,0.2693485617637634,0.39940518140792847,0.10614430159330368,0.3380473554134369,0.17107568681240082,-0.22618502378463745,0.4016517400741577,-0.2654009163379669,0.011415707878768444,0.08336128294467926,-0.048986248672008514,0.07186520099639893,0.21250857412815094,0.30969858169555664,0.09554977715015411,-0.11541641503572464,-0.21709156036376953,0.0069830832071602345,0.15149937570095062,-0.6462699174880981,-0.5261788368225098,0.04755525663495064,-0.2749972939491272,-0.7708876132965088,-0.36436182260513306,-0.2882930040359497,-0.8443933129310608,-0.6695699691772461,-0.047705989331007004,-0.4399660527706146,0.30965662002563477,-0.3205490708351135,0.20659026503562927,0.26132556796073914,-0.17193561792373657,-0.1923430860042572,0.1054464802145958,0.12465320527553558,-0.3131435513496399,0.012735797092318535,-0.06677723675966263,-0.3188130855560303,-0.04940342158079147,-0.3419559895992279,-0.376171737909317,0.2806449234485626,0.056998543441295624,-0.9454367160797119,-0.5442758798599243,-0.8129174113273621,-0.6701207756996155,-0.7123796939849854,0.19687454402446747,-0.39274197816848755,0.5701221823692322,0.22196897864341736,-0.2763998210430145,-0.22576861083507538,0.4793398380279541,-0.010056992061436176,-0.542635977268219,0.08835336565971375,0.014818432740867138,0.2917620539665222,-0.49344444274902344,-0.38672131299972534,-0.4821335971355438,-0.7103740572929382,0.0976836234331131]"
9,810009,SELF_SENSORY,4,100,32,96,0.33475056290626526,0.5077065406367183,False,"[0.7565515041351318,0.9408833980560303,1.0522600412368774,0.1345890760421753]"
9,810009,CROSS_AGENT_YOKED_SENSORY,4,100,32,96,0.3286021657367366,0.6975329578854144,True,"[0.7569593787193298,0.9782492518424988,1.0667383670806885,0.01757524535059929]"
9,810009,SELF_OUTPUT,4,100,32,96,0.34101200103759766,0.5014359578490257,False,"[0.7447522878646851,0.9255280494689941,1.021005392074585,0.2965427339076996]"
9,810009,NO_FEEDBACK,3,100,32,96,0.32882586121559143,0.4260558751411736,False,"[0.7572851777076721,0.9751700758934021,1.0636050701141357]"
9,810009,GENERIC_RNN_1D,6,100,32,96,0.3256871700286865,0.5607592919841409,False,"[0.7498282790184021,0.8518612384796143,1.036812663078308,0.4883568286895752,-0.24089807271957397,-0.004099475685507059]"
9,810009,GRU_8,297,100,32,96,0.2722698450088501,0.9923000419512391,False,"[-0.8185809850692749,0.18038718402385712,0.12899719178676605,-0.051947902888059616,-0.07377656549215317,0.5893686413764954,-0.5947439074516296,-0.16796839237213135,0.06084439158439636,-0.026888512074947357,-0.22765420377254486,0.13512609899044037,-0.07346972823143005,-0.6357089281082153,-0.3542121648788452,-0.10061560571193695,-0.16584599018096924,-0.6054932475090027,0.047328416258096695,-0.373538613319397,-0.3608761727809906,-0.10870204120874405,-0.5149009227752686,-0.6070916056632996,0.40255579352378845,0.13379508256912231,0.11724958568811417,-0.37961381673812866,0.07053151726722717,-0.9078890085220337,0.07959084212779999,-0.6162148118019104,-0.2672185003757477,-0.47536394000053406,-0.674399197101593,0.09539894759654999,-0.07991473376750946,-0.3766913414001465,0.22339358925819397,0.49668875336647034,0.009035558439791203,0.2421419769525528,-0.5784697532653809,-0.32822132110595703,-0.5622038841247559,-0.2315608114004135,0.6192223429679871,-0.0740857869386673,-0.1096949428319931,-0.16433832049369812,0.04319149628281593,0.053011029958724976,-0.2885524332523346,0.04382306709885597,0.24597470462322235,-0.34380584955215454,-0.2499842643737793,-0.0024255895987153053,0.4887876808643341,-0.07038740813732147,-0.5342591404914856,-0.6005370020866394,-0.32784876227378845,0.39839252829551697,0.11201385408639908,-0.08518851548433304,-0.2616170048713684,0.13604851067066193,0.12021493166685104,-0.35387352108955383,-0.5520542860031128,0.6684356331825256,-0.30738386511802673,-0.13905395567417145,-0.3426785469055176,0.4560069143772125,-0.022119442000985146,-0.08009492605924606,-0.011265650391578674,-0.05728071182966232,0.04498960077762604,0.5387414693832397,0.47546112537384033,-0.26563748717308044,0.3581157922744751,0.45377930998802185,-0.2956232726573944,-0.3712993860244751,-0.3261427879333496,-0.31044501066207886,0.3169627785682678,0.041671913117170334,-0.6082217693328857,-0.050629474222660065,-0.1214873418211937,0.3541441857814789,-0.4278513789176941,0.06418215483427048,-0.06034279614686966,0.34828153252601624,0.08854802697896957,-0.1181824579834938,-0.23013032972812653,0.1140114814043045,-0.34002405405044556,0.07636280357837677,-0.14131967723369598,-0.13471198081970215,0.05510137230157852,0.23704679310321808,0.05246727541089058,-0.12885040044784546,0.13210844993591309,0.12520521879196167,0.846011757850647,-0.6477656960487366,-0.5349593162536621,-0.5929521918296814,-0.5450722575187683,0.3040628731250763,-0.15436366200447083,0.25546494126319885,0.9074283242225647,-0.6737601161003113,-0.7436132431030273,-0.6569291949272156,-0.28681403398513794,0.2896600067615509,-0.37998685240745544,0.9821323752403259,0.34407922625541687,0.01388425100594759,-0.6243451833724976,-0.09484419226646423,-0.09644234925508499,-0.19533491134643555,-0.3925974667072296,0.11793690174818039,0.46320727467536926,-0.6933817863464355,-0.5762288570404053,-0.5414649248123169,-0.6372829079627991,0.0394761748611927,0.3515413701534271,0.13463684916496277,0.06006711721420288,0.19645950198173523,0.2837022840976715,0.20760096609592438,0.11966236680746078,-0.08699937164783478,0.18986263871192932,-0.0005162928719073534,0.7344698905944824,-0.20396265387535095,-0.7351566553115845,-0.18692165613174438,-0.4801494777202606,-0.15280792117118835,-0.18876804411411285,0.3599430024623871,0.6089295744895935,-0.10173575580120087,-1.043718695640564,-0.3797592520713806,-0.23842094838619232,0.15128597617149353,-0.20515666902065277,0.4681663513183594,0.8118888139724731,-0.36630457639694214,-0.4594557583332062,-0.49700939655303955,-0.3094906508922577,0.441506564617157,-0.44295811653137207,0.49707233905792236,-0.40408647060394287,0.30536410212516785,0.33898359537124634,0.48055610060691833,-0.011511352844536304,-0.2556658983230591,-0.10585397481918335,-0.11967046558856964,0.049154575914144516,0.3245164752006531,-0.09958707541227341,0.30973193049430847,0.07766734808683395,-0.39427196979522705,0.03274773061275482,0.46433815360069275,0.386268675327301,0.020827915519475937,0.2626292109489441,0.3636392652988434,0.10780487209558487,-0.1540026068687439,-0.09939923137426376,-0.3740137815475464,0.23586010932922363,-0.5631346702575684,-0.47201141715049744,-0.5505145788192749,0.1664246767759323,0.27032920718193054,0.3803858458995819,-0.16859155893325806,0.1305122673511505,0.08891722559928894,0.09874183684587479,0.0481305755674839,-0.15866243839263916,-0.04358607158064842,0.21261638402938843,0.1589629203081131,-0.46079114079475403,-0.11532745510339737,-0.18804395198822021,-0.21375411748886108,0.22696056962013245,-0.29584360122680664,0.15548300743103027,0.23149390518665314,-0.2083435207605362,0.07453083246946335,0.43317580223083496,-0.04127155989408493,0.11045261472463608,-0.21183384954929352,0.1157226487994194,-0.3183291256427765,-0.004782064817845821,-0.10348838567733765,0.10952110588550568,-0.4249533712863922,-0.39424747228622437,0.19955052435398102,0.3484412133693695,0.23079825937747955,0.4088665246963501,0.2238151729106903,0.07530753314495087,-0.09020626544952393,0.004902114160358906,-0.1483280211687088,-0.7628633975982666,-0.771640419960022,-0.13352656364440918,-0.6993827223777771,0.5293484926223755,-0.14682593941688538,-0.3615243136882782,-0.3001728057861328,0.05671121925115585,-0.0022524483501911163,-0.5377117395401001,0.3564678132534027,0.21366168558597565,0.43688496947288513,0.08548156172037125,0.1448189616203308,0.1919080913066864,0.1528853476047516,0.27558523416519165,-0.18340003490447998,0.08106735348701477,0.012622123584151268,-0.27221155166625977,-0.18540440499782562,-0.5352405309677124,-0.6875021457672119,-0.37658247351646423,-0.757292628288269,0.4446908235549927,-0.15222270786762238,-0.5402870774269104,-0.6961785554885864,0.020850591361522675,-0.21466724574565887,-0.5808409452438354,-0.20210736989974976,0.05784428492188454,-0.026207633316516876,0.03517039865255356,-0.1651904582977295,-0.2546289563179016,-0.5669726133346558,-0.12005911022424698,0.4552834630012512,-0.003668220480903983,-0.256900817155838,-0.5509281754493713,0.6693786978721619,-0.07307601720094681]"
10,810010,SELF_SENSORY,4,100,32,96,0.32355573773384094,0.5112810409627855,False,"[-1.0736761093139648,0.6008442640304565,-1.009772777557373,-0.3465414345264435]"
10,810010,CROSS_AGENT_YOKED_SENSORY,4,100,32,96,0.32291594408533864,0.702209500130266,True,"[-1.0872200727462769,0.6454207897186279,-1.017008900642395,-0.012700898572802544]"
10,810010,SELF_OUTPUT,4,100,32,96,0.3217347264289856,0.5075401668436825,False,"[-1.0679715871810913,0.5979633331298828,-0.9744645357131958,0.33510491251945496]"
10,810010,NO_FEEDBACK,3,100,32,96,0.3231152594089508,0.4281894997693598,False,"[-1.0873109102249146,0.6452826261520386,-1.0168594121932983]"
10,810010,GENERIC_RNN_1D,6,100,32,96,0.32331395149230957,0.5529501670971513,False,"[-1.0358633995056152,0.579474151134491,-1.008612036705017,-0.6185510754585266,0.26957613229751587,-0.008736956864595413]"
10,810010,GRU_8,297,100,32,96,0.27541881799697876,0.9856294998899102,False,"[0.01813020370900631,-0.03416647017002106,0.42477425932884216,0.20808754861354828,0.26797422766685486,-0.294998437166214,-0.7551752328872681,-0.10883490741252899,0.26241475343704224,-0.01594727113842964,-0.36575615406036377,-0.41321468353271484,0.35794806480407715,-0.1474187821149826,0.08716852217912674,-0.12822456657886505,0.24256324768066406,-0.8581344485282898,-0.1494850516319275,-0.7686542868614197,0.07488641142845154,-0.9354924559593201,-0.17617657780647278,-0.34558582305908203,-0.3982277512550354,0.25746533274650574,-0.17075711488723755,-0.8667274713516235,0.014830341562628746,0.0037516802549362183,-0.11919941753149033,-0.19656004011631012,-0.6984801292419434,0.08957789093255997,0.5501856207847595,0.3998781144618988,0.6527772545814514,0.35155272483825684,0.5759015083312988,0.0010120832594111562,-0.06441587209701538,0.5045191049575806,-0.6647508144378662,-0.25722187757492065,-0.05626942589879036,0.45524588227272034,-0.5254501700401306,-0.24740426242351532,-0.14970582723617554,0.5403948426246643,0.33696267008781433,0.3647304177284241,0.11357752233743668,-0.6895993947982788,0.001616920344531536,-0.012501922436058521,-0.13947542011737823,0.2837648391723633,0.16488663852214813,-0.006418952252715826,0.07075855880975723,0.0848236158490181,-0.41128820180892944,-0.06487882137298584,-0.386916846036911,-0.18484511971473694,0.021673904731869698,-0.09555317461490631,-0.41472455859184265,0.11085210740566254,0.25264161825180054,-0.0862279012799263,-0.05467541888356209,-0.09628700464963913,-0.09429492801427841,0.2976722717285156,-0.028240708634257317,0.13687774538993835,0.2242646962404251,-0.37018245458602905,-0.28628596663475037,0.34520429372787476,0.3770846128463745,0.47019997239112854,-0.030572781339287758,-0.15794984996318817,0.2422294169664383,0.08319994062185287,0.2474958896636963,-0.31545019149780273,-0.2577653229236603,0.28923672437667847,-0.009412236511707306,-0.2461709976196289,0.28723016381263733,-0.04110445827245712,0.22587548196315765,0.309974730014801,0.46610087156295776,-0.053464293479919434,0.04721720144152641,-0.38214850425720215,-0.3480326533317566,-0.28441867232322693,0.2713658809661865,-0.06552749872207642,-0.1569751799106598,0.12166746705770493,-0.2935774326324463,-0.2244812697172165,0.0007041641511023045,-0.023872332647442818,-0.40370720624923706,-0.36815422773361206,0.3321481943130493,0.0509355254471302,-0.7152665257453918,-0.09065154194831848,-0.31327876448631287,-0.236317440867424,-0.1805822104215622,-0.6231259703636169,0.587046205997467,0.03670717403292656,-0.4132976531982422,0.2364543080329895,-0.2347569614648819,-0.33509668707847595,-0.6942543983459473,-0.41864013671875,0.1952938288450241,0.05842098221182823,-0.3920762240886688,0.07027873396873474,-0.4218086898326874,-0.1771363914012909,-0.34339582920074463,-0.28844887018203735,0.006839319132268429,-0.11907866597175598,-0.8201366662979126,0.03682428225874901,-0.1096111387014389,-0.07064541429281235,0.19930104911327362,-0.4741765558719635,-0.7015936374664307,-0.6570107340812683,0.11101626604795456,0.6847888827323914,0.12873122096061707,0.6092027425765991,-0.45459020137786865,-0.2717698812484741,-0.005682164803147316,-0.20522847771644592,-0.765356719493866,0.0011991576757282019,-0.09060708433389664,-0.31054651737213135,0.35959774255752563,-0.4527723491191864,-0.23128928244113922,-0.3923315405845642,-0.3260989189147949,0.09996112436056137,-0.18847158551216125,0.44037964940071106,-0.6903953552246094,-0.3193735182285309,0.18108883500099182,-0.350789338350296,-0.6212054491043091,0.05412781238555908,-0.27326053380966187,-0.12173545360565186,-0.11696421355009079,-0.4240833818912506,-0.27021124958992004,-0.09906996786594391,0.4328938126564026,-0.18582910299301147,0.014867502264678478,0.40228068828582764,-0.09867358207702637,0.2268400490283966,0.07698673754930496,0.07500828057527542,-0.36605459451675415,-0.0710950717329979,-0.1929132640361786,-0.2835014760494232,0.3412819504737854,0.14502988755702972,-0.1585838496685028,-0.0028598280623555183,-0.12801329791545868,-0.20337817072868347,-0.2589782178401947,0.11172617971897125,-0.40349435806274414,-0.03485952317714691,-0.22384397685527802,-0.03322674706578255,0.14271807670593262,-0.04427871108055115,-0.5635150074958801,-0.050605226308107376,-0.2696821391582489,0.14391832053661346,0.16597793996334076,0.11395815014839172,0.47157853841781616,-0.528545081615448,-0.4374288022518158,-0.36714306473731995,0.1574687957763672,-0.42381051182746887,-0.005445974413305521,-0.1662980020046234,0.09152422845363617,-0.15069541335105896,0.37084245681762695,0.04826735332608223,0.06694090366363525,0.5253888368606567,0.409638375043869,0.5787904858589172,0.3724799156188965,-0.12542402744293213,0.22986401617527008,-0.2879388928413391,0.3649728298187256,-0.342401385307312,0.09916666895151138,-0.12978434562683105,-0.19630900025367737,0.19823400676250458,0.1564672738313675,0.25545573234558105,0.10007236897945404,-0.22669629752635956,-0.14299528300762177,0.10550528019666672,0.28128552436828613,-0.38763052225112915,0.46728718280792236,-0.14950139820575714,-0.46355101466178894,-0.630513608455658,-0.7366043925285339,-0.4572128653526306,-0.1892911046743393,-0.3214668035507202,0.12549340724945068,-0.556834876537323,0.22955560684204102,-0.09459497779607773,-0.1892623007297516,0.2852112948894501,0.21090145409107208,-0.09627697616815567,-0.1298590749502182,0.06462227553129196,-0.2858617603778839,0.16315379738807678,-0.2739751935005188,-0.2887897193431854,0.4811822772026062,-0.2885593771934509,0.23177185654640198,0.2751910388469696,-0.9845477938652039,-0.482384592294693,-1.019913911819458,-0.9379773736000061,-0.07982978224754333,-0.3925829529762268,-0.2745814025402069,-0.21298815310001373,-0.171873539686203,0.3766607642173767,0.16638512909412384,-0.34006085991859436,0.4640718996524811,0.24798475205898285,0.030523594468832016,0.12496628612279892,-0.394229918718338,0.4951591491699219,0.2640635371208191,0.3664575517177582,0.20902274549007416,-0.50096595287323,0.13500626385211945,-0.38963550329208374,-0.22733302414417267]"
11,810011,SELF_SENSORY,4,100,32,96,0.30342671275138855,0.49647658271715045,False,"[-0.6489546895027161,0.8642418384552002,-1.2214537858963013,-0.10491026937961578]"
11,810011,CROSS_AGENT_YOKED_SENSORY,4,100,32,96,0.30548466579557965,0.699694000184536,True,"[-0.6414201855659485,0.9197725057601929,-1.236244797706604,0.003224314423277974]"
11,810011,SELF_OUTPUT,4,100,32,96,0.30215486884117126,0.5071979169733822,False,"[-0.630843997001648,0.8634495139122009,-1.1966726779937744,0.30335769057273865]"
11,810011,NO_FEEDBACK,3,100,32,96,0.30535605549812317,0.42712249979376793,False,"[-0.6409223079681396,0.9198300242424011,-1.2362186908721924]"
11,810011,GENERIC_RNN_1D,6,100,32,96,0.3054673373699188,0.5610624169930816,False,"[-0.6330996751785278,0.8054506778717041,-1.213003396987915,-0.3866610825061798,0.18792180716991425,0.005145755130797625]"
11,810011,GRU_8,297,100,32,96,0.2645203769207001,0.9934497498907149,False,"[0.692331075668335,0.1557842195034027,0.024727558717131615,-0.3504917025566101,0.6787415742874146,-0.012558186426758766,0.07063262909650803,0.12573878467082977,-0.11369741708040237,0.46740761399269104,-0.13555121421813965,-0.3187806010246277,0.3032834529876709,-0.005627465434372425,0.14194852113723755,0.11844389885663986,0.10493949055671692,-0.8192119002342224,-0.3170773983001709,0.1816965937614441,0.24965554475784302,-0.5902126431465149,-0.058917492628097534,-0.37682101130485535,-0.0656706914305687,-0.3541181683540344,0.10596948117017746,-0.6860212683677673,0.1403438001871109,-0.4488714337348938,0.11892528831958771,-0.12249157577753067,0.5880242586135864,0.11411327123641968,-0.1075105145573616,-0.05948910117149353,0.42676979303359985,-0.15173028409481049,0.5412590503692627,-0.1531396210193634,-0.14000000059604645,-0.07301495969295502,-0.3978375196456909,-0.32365933060646057,0.7398349642753601,0.16927871108055115,-0.06158849224448204,-0.024290388450026512,0.17367364466190338,-0.2429765909910202,-0.45894941687583923,-0.17697353661060333,-0.24362768232822418,-0.05954047292470932,-0.21988128125667572,-0.04407883808016777,0.13089755177497864,0.0666969045996666,0.06619273126125336,0.13004280626773834,0.1560584306716919,-0.291755735874176,-0.17262589931488037,-0.3059307932853699,0.3146340250968933,0.6342886090278625,-0.5987447500228882,-0.5844791531562805,0.3340076804161072,0.2916366457939148,-0.36845362186431885,0.09142513573169708,0.1411915421485901,0.28136712312698364,0.0888369232416153,-0.1993025243282318,0.04173751175403595,0.2628847658634186,0.21369612216949463,-0.3897041082382202,-0.04153871163725853,-0.11055678129196167,-0.07757117599248886,0.12057056277990341,-0.23029550909996033,0.03884740173816681,0.12271498143672943,-0.15538336336612701,-0.4750209152698517,0.14256852865219116,-0.4788837432861328,-0.32425954937934875,-0.1520366370677948,0.11682841181755066,-0.13288621604442596,0.3097679913043976,-0.4237230122089386,0.3109275698661804,0.025189023464918137,0.15249356627464294,0.03428041189908981,0.14220498502254486,0.018457334488630295,0.21191498637199402,0.4281079173088074,-0.15818436443805695,0.08315128087997437,0.3840087652206421,-0.07915285974740982,0.12675325572490692,0.2461896389722824,-0.03758029639720917,-0.5271451473236084,0.934605598449707,0.5506303310394287,-0.07826821506023407,0.8011730909347534,-0.5173994302749634,0.014352329075336456,0.42309582233428955,0.4085882008075714,0.24044466018676758,0.011981219053268433,0.2667275667190552,0.2182571142911911,-0.33879244327545166,0.09913279116153717,-0.1466711163520813,-0.5521669387817383,0.4176923632621765,-0.039627861231565475,0.11510501056909561,0.5273316502571106,-0.8954539895057678,0.19445373117923737,0.6560418605804443,-0.530185341835022,0.4163762331008911,0.31495630741119385,0.3591027557849884,0.5348038673400879,-0.2112363576889038,0.594866156578064,0.5311106443405151,0.4901450276374817,0.6163373589515686,-0.19573527574539185,-0.2056480050086975,-0.6299160718917847,-0.11877202242612839,0.20150193572044373,0.18543614447116852,-0.45275720953941345,0.8733400106430054,0.16777251660823822,-0.3578098714351654,0.4010314345359802,-0.58598792552948,0.20194262266159058,0.6188530325889587,-0.668646514415741,0.48720529675483704,0.22154143452644348,-0.19669857621192932,0.4000900387763977,-1.0397676229476929,0.20829473435878754,0.5085475444793701,0.5250712037086487,-0.12098105251789093,-0.1314808577299118,-0.4765154719352722,-0.5296054482460022,0.4434768557548523,0.2696375250816345,-0.16241446137428284,0.48404547572135925,-0.10525359213352203,0.40788891911506653,0.31845971941947937,0.04726867750287056,0.13344720005989075,-0.04212285578250885,-0.4450947940349579,-0.21500007808208466,0.05253378301858902,0.1689959168434143,0.3036670982837677,0.1732873171567917,0.26340433955192566,-0.1743943989276886,-0.09083493798971176,0.5165395736694336,-0.2621857225894928,-0.20001961290836334,0.259227454662323,-0.4550561010837555,-0.18206484615802765,0.10992323607206345,-0.24788065254688263,0.36388441920280457,-0.3529362082481384,0.4097548723220825,0.1504056453704834,-0.07443679124116898,0.03406376764178276,0.5356389284133911,-0.4511234760284424,0.49606969952583313,-0.269330233335495,0.4961625933647156,-0.07193612307310104,-0.31746989488601685,-0.2395222932100296,0.46377304196357727,0.13118554651737213,0.08673987537622452,0.2523674964904785,-0.051966480910778046,-0.26282766461372375,0.20420444011688232,0.23336349427700043,-0.3904847502708435,-0.0698564276099205,0.2406478375196457,0.06926287710666656,0.3389393985271454,-0.188021719455719,-0.11635448783636093,-0.32394883036613464,0.10459939390420914,-0.21419250965118408,-0.06927301734685898,0.052984561771154404,0.08921799808740616,-0.1677055060863495,-0.24254746735095978,-0.12152393162250519,0.36569613218307495,-0.15736086666584015,-0.3029266893863678,-0.315742164850235,0.005248877219855785,0.4755893647670746,-0.030030488967895508,0.023140201345086098,0.09553658962249756,0.138601616024971,-0.6298581957817078,0.39309945702552795,-1.0436469316482544,-0.3275526165962219,0.175577312707901,-0.7735023498535156,-0.8121645450592041,0.39759331941604614,-0.12622204422950745,-0.25879573822021484,-0.04674242436885834,-0.048129647970199585,-0.13918286561965942,0.22020909190177917,-0.17892450094223022,-0.46038326621055603,0.03279251232743263,-0.13890522718429565,0.4103507995605469,-0.05915110185742378,0.20234768092632294,0.013368837535381317,-0.2892400324344635,-0.357089102268219,-0.5268902778625488,0.38214966654777527,-0.6218568682670593,-0.27867162227630615,-0.13220572471618652,-0.6987137794494629,-0.4407443404197693,0.13825948536396027,0.26318565011024475,0.0035468926653265953,0.05469425767660141,0.177268847823143,-0.06206272542476654,0.2716364860534668,0.10960926860570908,-0.024434169754385948,0.637824535369873,-0.07717598974704742,0.5094870924949646,0.3682526648044586,0.004314355552196503,-0.5143447518348694,0.44314032793045044,0.08032592386007309,0.10569807142019272]"
12,810012,SELF_SENSORY,4,100,32,96,0.2929098904132843,0.5015563750639558,False,"[0.9607464671134949,0.5173364281654358,1.1902530193328857,0.3062039315700531]"
12,810012,CROSS_AGENT_YOKED_SENSORY,4,100,32,96,0.2940323811462368,0.6901656668633223,True,"[0.9712236523628235,0.5677995085716248,1.2049521207809448,-0.023319462314248085]"
12,810012,SELF_OUTPUT,4,100,32,96,0.2872701585292816,0.5028234589844942,False,"[0.9537438750267029,0.521628737449646,1.1671911478042603,0.3362342119216919]"
12,810012,NO_FEEDBACK,3,100,32,96,0.29375073313713074,0.42896454222500324,False,"[0.9710803031921387,0.5676478147506714,1.2048373222351074]"
12,810012,GENERIC_RNN_1D,6,100,32,96,0.29396116733551025,0.5555011671967804,False,"[0.9142900109291077,0.4891934394836426,1.184983491897583,0.614042341709137,-0.27041131258010864,-0.020269619300961494]"
12,810012,GRU_8,297,100,32,96,0.25405967235565186,0.9833886669948697,False,"[1.0390595197677612,-0.012041149660944939,0.49929770827293396,0.36119532585144043,-0.4689082205295563,0.22501051425933838,0.6039263010025024,-0.16604751348495483,-0.11981497704982758,0.10435105115175247,-0.02112451195716858,-0.015858585014939308,0.2449236959218979,0.07429802417755127,0.05526207014918327,0.031921084970235825,-0.16043126583099365,-0.942829966545105,-0.07144433259963989,0.15072676539421082,0.029130958020687103,-0.6350368857383728,0.023405233398079872,-0.6118091940879822,0.15124483406543732,-0.5338057279586792,0.15346531569957733,0.38895347714424133,-0.07228700071573257,-0.5851397514343262,-0.5668330788612366,-0.03190138190984726,-0.5195318460464478,-0.014999349601566792,0.1403726041316986,0.18059323728084564,0.6588500142097473,0.3646847903728485,0.35328713059425354,0.17980806529521942,-0.5978705286979675,-0.12889225780963898,-0.10228926688432693,0.490265816450119,-0.6081545948982239,-0.2811591625213623,-0.16233207285404205,-0.13629166781902313,0.19870564341545105,-0.3089468479156494,0.09671823680400848,-0.12028566002845764,0.47035330533981323,-0.16835059225559235,-0.2003200501203537,0.35184943675994873,0.15366610884666443,0.2921067178249359,-0.015335704199969769,-0.368023157119751,-0.029548827558755875,-0.059445224702358246,0.008432074449956417,-0.10471585392951965,0.01669941656291485,-0.2247408628463745,-0.09629181772470474,-0.5070294737815857,0.4065716862678528,0.03696318343281746,0.25202345848083496,0.5465808510780334,-0.25372493267059326,-0.052102621644735336,0.3330749571323395,0.21839141845703125,0.4386715590953827,-0.21397793292999268,-0.27025488018989563,0.03160550072789192,0.3281792998313904,0.05916138365864754,-0.1951105296611786,-0.1249585747718811,-0.09733088314533234,-0.03954663500189781,0.3254554569721222,-0.17136506736278534,-0.16034790873527527,-0.13291631639003754,0.5167175531387329,0.18335659801959991,-0.5781593322753906,-0.2370596081018448,-0.6677262187004089,-0.09304564446210861,0.012529515661299229,0.03739405423402786,0.22746595740318298,0.40408259630203247,0.0136679382994771,-0.4375692903995514,0.18380442261695862,0.07002454996109009,0.46053755283355713,-0.3224061131477356,-0.2277485877275467,-0.20401941239833832,0.4204029440879822,-0.11521434783935547,0.2311740666627884,0.21400508284568787,0.4123363792896271,-0.4961338937282562,-0.21419048309326172,0.3894362449645996,-0.2559555172920227,-0.7880862951278687,0.29085850715637207,0.4914264678955078,-0.12091824412345886,0.5756397843360901,0.04218870401382446,-0.014433858916163445,0.38285231590270996,0.4017539918422699,-0.39833691716194153,-0.1707097738981247,0.14732354879379272,-0.14859649538993835,0.35474449396133423,0.14288602769374847,-0.11507129669189453,-0.668229877948761,0.31239449977874756,0.6831938028335571,0.25919127464294434,-0.7332852482795715,-0.1025952696800232,0.0369444414973259,-0.7341225147247314,-0.24961650371551514,0.17685092985630035,0.8712611198425293,0.25124624371528625,-0.9489635825157166,0.4592643976211548,-0.2504735589027405,-0.8089513778686523,-0.8611853718757629,0.5994278192520142,0.927746593952179,0.5288860201835632,0.27354007959365845,-0.48920518159866333,-0.7180310487747192,0.5364832282066345,0.5258557796478271,0.2545068860054016,-0.06800898909568787,0.8116390705108643,-0.7488583326339722,0.1591929942369461,0.30775415897369385,-0.7266544103622437,-0.5436239838600159,0.11623570322990417,0.6953879594802856,-0.44485870003700256,-0.16136892139911652,0.14061105251312256,0.19599372148513794,-0.023699171841144562,-0.30284082889556885,0.11758079379796982,-0.22373633086681366,0.24635247886180878,-0.16840434074401855,-0.214949831366539,-0.3249737322330475,-0.26890337467193604,0.054476261138916016,0.253073513507843,0.32744601368904114,0.08168032020330429,-0.3252844214439392,-0.17480798065662384,-0.06062055379152298,0.45602792501449585,0.17271661758422852,0.2832431197166443,-0.10053965449333191,0.15489280223846436,0.4875957667827606,0.4716828465461731,0.2677326500415802,-0.06562268733978271,0.07505783438682556,0.02562057413160801,-0.3914915919303894,-0.13767743110656738,-0.08969848603010178,0.48731452226638794,-0.042634185403585434,0.09888476878404617,0.20507308840751648,-0.19077655673027039,-0.48884353041648865,-0.017591265961527824,-0.3582974970340729,0.06292740255594254,-0.045647233724594116,0.292553573846817,0.27733367681503296,-0.083903968334198,-0.032160405069589615,0.03724091127514839,0.46990320086479187,-0.19459865987300873,0.4534972310066223,-0.20070716738700867,-0.23254217207431793,-0.4331859052181244,0.03855389356613159,0.36280977725982666,-0.23072555661201477,-0.1773001253604889,-0.0036500324495136738,-0.15907199680805206,-0.007089236285537481,0.2211710512638092,-0.032327666878700256,0.010239282622933388,0.12534381449222565,-0.09186840057373047,0.2507484555244446,-0.46791476011276245,-0.3527182340621948,-0.13640008866786957,0.16034938395023346,0.0785297155380249,-0.14163030683994293,-0.07702373713254929,-0.09239785373210907,-0.5308426022529602,0.03130919486284256,-0.3657183349132538,0.2814721167087555,-0.7322381734848022,0.4768553376197815,-0.7788503766059875,-0.6240424513816833,-0.6629473567008972,0.0632253885269165,-0.3385218679904938,-0.2920666038990021,0.03215150535106659,0.4830460846424103,-0.17102327942848206,-0.36548560857772827,0.16162042319774628,0.2881377041339874,0.1497015655040741,-0.18517406284809113,-0.18331362307071686,-0.2646605968475342,-0.11464522033929825,-0.10481098294258118,-0.28763601183891296,-0.19689388573169708,-0.1970207244157791,-0.009569637477397919,-0.960003137588501,0.22447842359542847,-0.19972719252109528,-0.5017557144165039,-0.6087328791618347,0.47699129581451416,-0.5474749803543091,0.0007359756855294108,-0.3621984124183655,-0.06629598140716553,-0.3457561731338501,0.34411486983299255,0.11753623932600021,0.13210748136043549,-0.12616612017154694,-0.33393990993499756,-0.43391022086143494,-0.1468668431043625,0.5715429782867432,0.6043701767921448,-0.6406411528587341,-0.025720426812767982,-0.6601236462593079,-0.07348931580781937,0.03340975567698479]"
13,810013,SELF_SENSORY,4,100,32,96,0.3368217945098877,0.5039182910695672,False,"[-0.9848436117172241,0.79301518201828,-0.963746964931488,-0.2536477744579315]"
13,810013,CROSS_AGENT_YOKED_SENSORY,4,100,32,96,0.33949192848005144,0.7047962080687284,True,"[-0.9900115728378296,0.8299372792243958,-0.9700719118118286,-0.003220878541469574]"
13,810013,SELF_OUTPUT,4,100,32,96,0.32738205790519714,0.5021377908997238,False,"[-0.9778201580047607,0.783347487449646,-0.9324938654899597,0.3145332336425781]"
13,810013,NO_FEEDBACK,3,100,32,96,0.3395443260669708,0.42659854097291827,False,"[-0.9899222254753113,0.8297305107116699,-0.969846248626709]"
13,810013,GENERIC_RNN_1D,6,100,32,96,0.3347196877002716,0.5555756250396371,False,"[-0.9424179196357727,0.7772465944290161,-0.9635583758354187,-0.6164951920509338,0.259914755821228,-0.008021166548132896]"
13,810013,GRU_8,297,100,32,96,0.2706333100795746,0.9891096660867333,False,"[0.1007666364312172,0.13955755531787872,0.8433371186256409,0.2298053801059723,-0.4747130870819092,-0.0950489267706871,0.6504896283149719,-0.19903717935085297,0.24547913670539856,0.14387184381484985,0.7235619425773621,0.34659865498542786,-0.34136271476745605,0.05035816878080368,-0.6985875368118286,-0.5942013263702393,-0.19792598485946655,-0.8798626661300659,0.09249625355005264,-0.7355241179466248,0.2911842167377472,-0.8158982992172241,-0.4980350732803345,-0.8176226615905762,-0.25308433175086975,-0.2790858745574951,0.04198987036943436,-0.6380234360694885,0.4986908733844757,-0.19980032742023468,-0.1000056192278862,-0.6115593910217285,0.5588525533676147,0.23316340148448944,0.5394456386566162,0.016013076528906822,-0.26804932951927185,0.3868606388568878,-0.25619688630104065,-0.29283079504966736,-0.09519349783658981,-0.14364494383335114,0.45732080936431885,0.14409586787223816,-0.23938094079494476,0.08693898469209671,-0.5473833680152893,-0.265886515378952,0.2173192948102951,0.5567014813423157,-0.3426462411880493,-0.051355794072151184,-0.19073179364204407,0.3503898084163666,-0.07994440943002701,-0.5556347966194153,-0.26311051845550537,0.005590120330452919,-0.21499963104724884,-0.17975106835365295,-0.0073005505837500095,-0.3917820453643799,0.3741881251335144,0.041564419865608215,0.36844444274902344,-0.2957051992416382,-0.28363871574401855,-0.5780017971992493,0.41986703872680664,-0.22469721734523773,-0.021261632442474365,0.14405672252178192,0.01915355771780014,-0.18647682666778564,0.4165048897266388,-0.17714692652225494,-0.06188654154539108,0.37512442469596863,-0.3754422068595886,0.05603283643722534,0.18920695781707764,0.08748564124107361,0.2405749261379242,-0.09595648944377899,0.17389856278896332,-0.26258584856987,0.44496068358421326,-0.11247411370277405,-0.17725326120853424,0.3911922574043274,0.09478762000799179,0.5557506680488586,-0.30691471695899963,0.025295326486229897,-0.06731041520833969,-0.3338676393032074,-0.17945826053619385,-0.046402428299188614,0.2732464075088501,0.09216602891683578,0.36404532194137573,-0.14855729043483734,-0.2878510057926178,0.16444921493530273,0.14389702677726746,0.14387556910514832,-0.003957741428166628,0.047576118260622025,-0.15015769004821777,-0.03270811215043068,-0.012164604850113392,0.0753825232386589,-0.5025637745857239,0.314853310585022,-0.9410580992698669,0.38162484765052795,-0.7232860326766968,-0.08643481135368347,-0.5706658363342285,0.02704688161611557,-0.1579681783914566,0.042453110218048096,-0.48034051060676575,0.8572537302970886,-0.6165716052055359,-0.38719892501831055,-0.6752395033836365,-0.06676141917705536,-0.31531211733818054,-0.32899945974349976,-0.6866258978843689,0.7240350842475891,-0.6965811252593994,0.28714340925216675,-0.1740102469921112,-0.25052136182785034,-0.21408094465732574,-0.08662094175815582,-0.921667218208313,0.9729037880897522,-0.5267791152000427,-0.3651461899280548,-0.43196946382522583,-0.4169856905937195,-0.07551517337560654,-0.40748870372772217,-0.5932580828666687,0.12556134164333344,-0.27121299505233765,-0.07270519435405731,-0.5452551245689392,0.22661447525024414,-0.15634773671627045,-0.17426876723766327,-0.5667575001716614,0.7071446180343628,-0.7457572221755981,-0.2992708086967468,-0.9990395903587341,-0.01956600323319435,0.2566695809364319,-0.33381709456443787,-0.6863260865211487,0.18188965320587158,-0.3034488260746002,-0.7300224900245667,-0.048362717032432556,-0.5170604586601257,-0.06023000180721283,0.02823808044195175,-0.7634902596473694,0.8811652660369873,-0.3910398483276367,-0.24807441234588623,-0.7080660462379456,0.17051443457603455,0.27216362953186035,0.3294948637485504,-0.17480440437793732,0.15629470348358154,-0.1607608199119568,0.19084633886814117,0.09510324895381927,-0.39604318141937256,0.4745103716850281,0.2190832793712616,0.45960336923599243,-0.27172842621803284,-0.19786681234836578,-0.009088951162993908,0.0889679491519928,-0.20210590958595276,0.30792081356048584,-0.09267100691795349,0.05907602235674858,-0.36824071407318115,0.15101589262485504,-0.46707022190093994,0.31322646141052246,0.44190165400505066,-0.09732118993997574,-0.02834899164736271,-0.039154279977083206,0.4455952048301697,-0.32047033309936523,0.04673149436712265,-0.563295304775238,0.3623259663581848,0.35344961285591125,0.10630976408720016,0.019279878586530685,-0.07552916556596756,-0.22571058571338654,-0.22476790845394135,0.40226632356643677,-0.5215966105461121,0.2862142026424408,0.1548372507095337,0.36811670660972595,-0.10568919777870178,0.2362147867679596,0.08832957595586777,0.481528103351593,-0.13701938092708588,0.07529615610837936,-0.41305598616600037,-0.02522111125290394,-0.13229361176490784,0.18196378648281097,-0.481081485748291,-0.18203303217887878,0.06824864447116852,0.16415594518184662,-0.15237367153167725,0.00024255301104858518,-0.3494725227355957,0.43505731225013733,-0.36611098051071167,0.39439743757247925,-0.0345706008374691,0.36143815517425537,0.06283334642648697,0.4146348536014557,-0.04639394208788872,0.4987993538379669,-0.26891887187957764,-0.03775510564446449,0.17283986508846283,-0.5801001787185669,-0.6103683710098267,-0.7890080809593201,-0.9587562680244446,0.15665100514888763,-0.6399386525154114,-0.4776865541934967,-0.6801302433013916,0.044838640838861465,-0.16868622601032257,0.17346546053886414,-0.5118260979652405,0.47100237011909485,-0.20243211090564728,0.18143334984779358,-0.16232796013355255,-0.143868088722229,0.2018684297800064,0.02152108959853649,0.042251188308000565,0.5137374401092529,0.019351091235876083,-0.13856945931911469,-0.11141277849674225,-0.716103196144104,-0.8470595479011536,-0.3310842514038086,-0.6999276280403137,-0.039250344038009644,-0.7489398121833801,-0.3998497724533081,-0.4046488106250763,-0.04718098044395447,0.16893988847732544,0.29170072078704834,0.10067737847566605,0.3480173349380493,0.15196464955806732,0.3659951984882355,0.1110442578792572,0.7103851437568665,0.4757065773010254,-0.15125228464603424,-0.17749667167663574,-0.09103145450353622,0.7438841462135315,-0.2604331970214844,-0.4156816303730011,-0.06230645999312401]"
14,810014,SELF_SENSORY,4,100,32,96,0.28231021761894226,0.509052749723196,False,"[1.0477713346481323,0.5800965428352356,1.0313652753829956,0.32499396800994873]"
14,810014,CROSS_AGENT_YOKED_SENSORY,4,100,32,96,0.28544774740827816,0.6941041252575815,True,"[1.0616683959960938,0.6214675903320312,1.0498952865600586,0.006867230869829655]"
14,810014,SELF_OUTPUT,4,100,32,96,0.2738398611545563,0.5132487923838198,False,"[1.035903811454773,0.5759292840957642,1.0009799003601074,0.32929229736328125]"
14,810014,NO_FEEDBACK,3,100,32,96,0.28566527366638184,0.44952787505462766,False,"[1.0616929531097412,0.6200835704803467,1.0489076375961304]"
14,810014,GENERIC_RNN_1D,6,100,32,96,0.27820512652397156,0.5566949583590031,False,"[0.99162358045578,0.524605393409729,1.0242122411727905,0.8023373484611511,-0.36898064613342285,-0.02423674613237381]"
14,810014,GRU_8,297,100,32,96,0.22546227276325226,0.9856391251087189,False,"[0.6565966010093689,0.037378087639808655,-0.46856895089149475,-0.5308791399002075,0.012415078468620777,0.38370195031166077,-0.10359667986631393,-0.1245531216263771,0.5372323393821716,0.432483434677124,-0.07696101814508438,-0.22667919099330902,0.0724119022488594,-0.2008780688047409,0.3762769401073456,-0.13527080416679382,-0.0596364326775074,-0.6139358878135681,0.5727987885475159,-0.5706074237823486,0.02910420671105385,-0.44674572348594666,0.022144993767142296,-0.2252473384141922,-0.6245790123939514,0.04308667778968811,-0.09212428331375122,-0.3455703854560852,-0.017672449350357056,-0.043920356780290604,-0.13891297578811646,-0.7460613250732422,-0.6592186093330383,-0.018848754465579987,0.2065132111310959,-0.008484608493745327,0.6091266870498657,0.24235641956329346,0.6604141592979431,-0.01627413183450699,0.146249920129776,0.015032547526061535,0.5901957750320435,0.4583289623260498,-0.0709976851940155,-0.16486959159374237,0.5427163243293762,-0.02652961201965809,-0.2027096301317215,0.499914288520813,-0.15222947299480438,-0.20820023119449615,0.07426629215478897,0.09942161291837692,-0.7120575904846191,0.010359084233641624,0.4309330880641937,-0.04998074099421501,-0.17779326438903809,-0.01644597388803959,-0.011984547600150108,-0.18028539419174194,0.5437367558479309,0.03766290098428726,0.40282750129699707,-0.11023873090744019,-0.2808232009410858,-0.2774471938610077,0.3068044185638428,-0.3377894163131714,-0.10032618790864944,-0.19051998853683472,0.49468061327934265,0.005935478024184704,-0.36205655336380005,-0.2191113978624344,0.11850089579820633,-0.3576487898826599,0.3035116493701935,-0.027045736089348793,-0.4396045506000519,0.011130196042358875,0.4087817668914795,-0.10704305768013,0.46196386218070984,0.42806926369667053,0.34641605615615845,-0.0303440373390913,0.18073110282421112,0.45326897501945496,0.09155170619487762,-0.39895790815353394,0.02574712038040161,-0.2704238295555115,0.2817044258117676,0.19975526630878448,-0.26425379514694214,0.048755064606666565,-0.056274522095918655,-0.0735350102186203,-0.4474949538707733,-0.2418990284204483,-0.018379833549261093,0.3058112561702728,-0.49533891677856445,0.24568723142147064,-0.05555218458175659,0.22811079025268555,-0.43613213300704956,-0.13208000361919403,-0.27111393213272095,-0.271023154258728,-0.18215912580490112,0.9093683362007141,-0.2255372703075409,0.18295146524906158,-1.0402332544326782,-0.28335100412368774,-0.7549141645431519,-0.1924983710050583,0.23002755641937256,0.5608845353126526,0.03607368469238281,0.4838206470012665,-0.44436001777648926,-0.47361209988594055,-0.8974657654762268,0.023819992318749428,-0.08367256075143814,0.9839514493942261,-0.10520979017019272,0.3078356683254242,-0.4620732069015503,-0.2676311135292053,-0.7105231285095215,-0.7597509026527405,-0.2639402747154236,0.42658939957618713,0.01778578944504261,0.2733806073665619,-0.9040183424949646,-0.3117668926715851,-0.7489945292472839,-0.28255149722099304,0.678686797618866,0.6578879952430725,0.19709554314613342,0.12425496429204941,-0.5099408626556396,-0.10079734772443771,-0.5825417637825012,-0.4707363247871399,0.035273902118206024,1.0210909843444824,-0.1203661784529686,0.1898181438446045,-0.5429893732070923,-0.01692746765911579,-0.5945415496826172,-0.5926585793495178,0.03788204491138458,0.33026137948036194,0.18889811635017395,0.1266920268535614,-0.36838364601135254,-0.22219489514827728,-0.15708474814891815,0.1794397532939911,0.1713513731956482,0.4498218297958374,-0.02699044719338417,0.7234043478965759,-0.6111252307891846,-0.32094523310661316,-0.45985960960388184,-0.4632951617240906,0.17737703025341034,0.15318803489208221,-0.16675975918769836,-0.41923555731773376,-0.10666798055171967,0.1675957590341568,-0.20587725937366486,0.09222403168678284,0.03847986087203026,0.3481246531009674,0.21840998530387878,0.3021559715270996,-0.4309041500091553,0.10454027354717255,-0.42049866914749146,0.14934468269348145,-0.13809609413146973,-0.4062179923057556,0.0020505329594016075,0.4724827706813812,-0.03784055635333061,-0.053500983864068985,-0.3327704071998596,0.015253765508532524,-0.3244919776916504,0.02260955236852169,-0.07681240141391754,0.007189478259533644,-0.10096599906682968,0.18977029621601105,-0.3992343842983246,0.17036505043506622,-0.43480703234672546,-0.18355558812618256,-0.005419829394668341,0.3454444110393524,-0.287483811378479,0.3209611773490906,0.2612919807434082,0.15498879551887512,-0.10730728507041931,0.1026180237531662,-0.07303749024868011,0.08457446843385696,0.07114783674478531,-0.09315931051969528,-0.1982324719429016,0.3722529411315918,0.15331220626831055,-0.16759701073169708,0.39181166887283325,0.054496437311172485,0.0709991306066513,-0.10075562447309494,-0.030492406338453293,0.2173980325460434,-0.19853685796260834,-0.2994673550128937,0.4650822579860687,-0.2257743626832962,0.17502611875534058,-0.22634746134281158,-0.16749487817287445,-0.3131704330444336,-0.4172189235687256,0.32270359992980957,0.38057059049606323,-0.22717629373073578,0.13657979667186737,-0.23845049738883972,0.061885807663202286,-0.33349066972732544,-0.44829925894737244,-0.23139779269695282,-0.8243597149848938,-0.6643009185791016,-0.16561758518218994,-0.994010865688324,0.17645904421806335,-0.9314026236534119,0.09543891996145248,-0.13899235427379608,0.06169213727116585,-0.029742972925305367,0.41529908776283264,0.1260470747947693,0.49701428413391113,0.15001682937145233,-0.07438616454601288,0.15895503759384155,0.25127458572387695,0.1624688357114792,0.1929982304573059,0.20871785283088684,-0.07194974273443222,0.032001279294490814,-0.97476726770401,-0.6327873468399048,-0.422304630279541,-0.3400706946849823,-0.1363334357738495,-0.7157371640205383,-0.37079548835754395,-0.6156009435653687,-0.42268985509872437,-0.2532048523426056,-0.20006564259529114,0.18455171585083008,0.48951640725135803,-0.32140904664993286,0.18152353167533875,0.061219166964292526,-0.4659835398197174,0.4367763102054596,0.5629108548164368,0.5740677714347839,0.15128426253795624,0.4801345765590668,-0.05107603967189789,0.46765896677970886,0.0024469797499477863]"
15,810015,SELF_SENSORY,4,100,32,96,0.3070172071456909,0.5003294162452221,False,"[0.8544986248016357,0.8734294772148132,1.0183491706848145,0.23108835518360138]"
15,810015,CROSS_AGENT_YOKED_SENSORY,4,100,32,96,0.30547556824675676,0.6943956669420004,True,"[0.8846055269241333,0.8911092281341553,1.0006972551345825,0.011266419664025307]"
15,810015,SELF_OUTPUT,4,100,32,96,0.3037429749965668,0.5087652080692351,False,"[0.8266310095787048,0.8834094405174255,1.0176440477371216,0.324260950088501]"
15,810015,NO_FEEDBACK,3,100,32,96,0.30210837721824646,0.42710070917382836,False,"[0.8132249712944031,0.9284091591835022,1.0356494188308716]"
15,810015,GENERIC_RNN_1D,6,100,32,96,0.2993214428424835,0.5557351247407496,False,"[0.8360496759414673,0.8880477547645569,1.0250797271728516,0.36417609453201294,-0.14438199996948242,-0.0077903675846755505]"
15,810015,GRU_8,297,100,32,96,0.23545633256435394,0.9880855004303157,False,"[0.24851658940315247,-0.0656980648636818,0.16609252989292145,-0.027767542749643326,-0.339387983083725,-0.43882542848587036,0.15689069032669067,0.43472975492477417,0.6588252186775208,-0.34994426369667053,0.05318716913461685,0.4104534387588501,-0.3295501172542572,0.061188116669654846,-0.0782441571354866,-0.514633059501648,0.13631927967071533,-0.3176358938217163,-0.07019620388746262,-0.23447242379188538,-0.06373924016952515,-1.0053153038024902,-0.46693676710128784,-0.2770914137363434,0.03333565592765808,-0.6881335377693176,-0.15329588949680328,-0.31966978311538696,0.06604001671075821,0.4714149832725525,0.114805206656456,-0.6813298463821411,-0.40950605273246765,-0.016508406028151512,0.538748025894165,0.1585220992565155,-0.8662848472595215,-0.25938230752944946,0.07223141193389893,0.6650937795639038,-0.5686553120613098,0.07190976291894913,0.24320626258850098,0.190270334482193,-0.10660295188426971,0.1969469040632248,-0.6104635000228882,0.08086781203746796,0.2538384199142456,-0.12510442733764648,-0.39304420351982117,-0.2137991487979889,0.18415892124176025,-0.0344354584813118,-0.02008381113409996,0.32684049010276794,0.012402248568832874,-0.049611955881118774,0.23593418300151825,-0.42904579639434814,0.22936411201953888,-0.3933406174182892,0.6644030213356018,0.10521054267883301,-0.1916368007659912,-0.46875545382499695,0.01224591676145792,-0.47685205936431885,0.47203367948532104,0.0818188413977623,0.3385198414325714,-0.13747049868106842,0.20350125432014465,-0.005924802273511887,-0.06549664586782455,0.6348468661308289,-0.39444875717163086,-0.3776543438434601,0.18831320106983185,0.2647678852081299,0.1493455320596695,0.17308461666107178,-0.3418145477771759,-0.5979813933372498,-0.38781917095184326,-0.209647536277771,-0.17710690200328827,-0.04008367657661438,-0.2563837766647339,-0.09600863605737686,-0.2786879241466522,0.40550243854522705,0.0444520004093647,0.06675639003515244,0.330356627702713,0.12695735692977905,0.3608228862285614,-0.38447993993759155,0.1378062665462494,-0.0087677501142025,0.02625975012779236,-0.4393852949142456,0.1958482265472412,0.031394220888614655,0.1485864222049713,-0.13048462569713593,0.08700252324342728,-0.30866140127182007,0.4541616439819336,-0.2618289291858673,0.05202590674161911,0.13755474984645844,-0.3145194351673126,0.03014322929084301,-0.21126557886600494,-0.766574501991272,0.547248899936676,-0.16376632452011108,0.3694760799407959,-0.1091146320104599,-0.3416149616241455,0.45387279987335205,0.32214751839637756,-0.7158845067024231,0.6632369160652161,0.21545089781284332,0.6755907535552979,-0.4002722501754761,-0.1777556985616684,0.1307886391878128,-0.20689845085144043,-1.0952359437942505,0.585209846496582,0.3675318956375122,0.7437744140625,-0.08374955505132675,-0.25009599328041077,0.1817616969347,-0.22824624180793762,-0.017650822177529335,0.17665284872055054,0.39344513416290283,0.4412787854671478,0.27561771869659424,-0.6097263097763062,-0.09110161662101746,0.1381802260875702,-0.6800110936164856,0.14440520107746124,-0.16829510033130646,0.6044609546661377,-0.2877458333969116,-0.3165866732597351,0.15142793953418732,-0.0685444176197052,-0.5466334223747253,0.30840954184532166,-0.1699792742729187,0.21918316185474396,0.3069160282611847,-0.5904731750488281,0.07408986240625381,-0.5240553021430969,0.3033725321292877,-0.49576300382614136,-0.1890920102596283,-0.8054306507110596,-0.6771164536476135,-0.636408269405365,-0.10702940076589584,0.11014170199632645,-0.4560057520866394,0.45750361680984497,-0.11387524753808975,0.7638128399848938,-0.47840458154678345,0.23393596708774567,-0.4054003357887268,0.009658627212047577,-0.07429758459329605,0.15517157316207886,-0.3485898971557617,0.016125468537211418,0.29931724071502686,-0.13534165918827057,0.3292875587940216,0.11405441910028458,0.27345162630081177,-0.210658460855484,0.3357540965080261,-0.38332119584083557,-0.4453265964984894,0.16131910681724548,-0.14516198635101318,0.11574316024780273,0.11215564608573914,-0.12169477343559265,0.16308240592479706,0.3740237057209015,0.3648923933506012,0.08288384974002838,0.22169087827205658,0.2176600694656372,0.28316178917884827,-0.365293949842453,0.014116204343736172,-0.19720564782619476,0.21860745549201965,0.1286279559135437,0.0542706735432148,0.018880534917116165,-0.14501747488975525,0.3959485590457916,-0.20139987766742706,0.4525320529937744,-0.014709667302668095,-0.07032758742570877,0.26087486743927,-0.07510294765233994,0.39002126455307007,0.13557837903499603,-0.46351850032806396,0.2675975561141968,0.22470587491989136,-0.55866539478302,0.08171065151691437,-0.20044437050819397,-0.29281455278396606,-0.34235072135925293,0.5050283074378967,-0.14897379279136658,-0.031140418723225594,-0.07778569310903549,-0.1458408087491989,0.09982325881719589,-0.27393579483032227,0.10579080134630203,-0.34846580028533936,-0.17684699594974518,0.29776665568351746,-0.17868877947330475,0.34787076711654663,-0.2634466290473938,0.4035681188106537,-0.08932720124721527,0.22143174707889557,0.31736648082733154,0.1764240562915802,-0.5576201677322388,-0.26465746760368347,-0.7256471514701843,0.10899189114570618,-0.6094478368759155,-0.3859432339668274,0.11915981024503708,-0.8618687987327576,0.2757621705532074,-0.12283444404602051,0.02266753278672695,0.4023350477218628,0.031134316697716713,-0.11958225071430206,-0.13127875328063965,-0.040126100182533264,0.1116328313946724,0.15346978604793549,-0.35752376914024353,0.4130909740924835,-0.27063533663749695,-0.06084274500608444,0.3430894613265991,0.23969030380249023,-0.5087332129478455,-0.457394540309906,-0.6897009611129761,-0.019482506439089775,-0.3140493333339691,-0.5689338445663452,0.5064948797225952,-0.8022146821022034,-0.1949072927236557,0.02156042493879795,0.26022663712501526,0.5777300596237183,-0.30391308665275574,0.021548651158809662,-0.49727940559387207,0.10398943722248077,-0.5937466621398926,0.5410426259040833,-0.417227178812027,0.049639537930488586,-0.6725492477416992,0.15345808863639832,0.18341392278671265,-0.46792224049568176,0.05433192104101181]"
16,810016,SELF_SENSORY,4,100,32,96,0.3133782148361206,0.5086809159256518,False,"[-1.0062718391418457,0.7124345898628235,-0.965945839881897,-0.30904385447502136]"
16,810016,CROSS_AGENT_YOKED_SENSORY,4,100,32,96,0.3119644002794007,0.6995277917012572,True,"[-1.0195178985595703,0.7494684457778931,-0.9776890277862549,-0.020816687494516373]"
16,810016,SELF_OUTPUT,4,100,32,96,0.3042740821838379,0.5052140830084682,False,"[-1.0162737369537354,0.7065264582633972,-0.9577817320823669,0.3406657576560974]"
16,810016,NO_FEEDBACK,3,100,32,96,0.3123164474964142,0.42621966591104865,False,"[-1.01900315284729,0.7475974559783936,-0.9758836627006531]"
16,810016,GENERIC_RNN_1D,6,100,32,96,0.307931512594223,0.564632875379175,False,"[-0.961054265499115,0.6779061555862427,-0.9624616503715515,-0.7097957134246826,0.3066055178642273,-0.003793856827542186]"
16,810016,GRU_8,297,100,32,96,0.25975632667541504,0.9936529169790447,False,"[0.6603542566299438,0.23386250436306,0.12078072130680084,0.0013221331173554063,-0.0657733678817749,0.44390708208084106,-0.7531560659408569,0.4718689024448395,-0.17227892577648163,0.348542720079422,-0.22449953854084015,0.15636812150478363,-0.032851092517375946,0.3667740821838379,-0.851823091506958,-0.11176963895559311,0.1298266500234604,-0.580755889415741,0.061773866415023804,-0.4061153531074524,0.19140657782554626,-0.30132269859313965,0.06986083090305328,-0.760270357131958,-0.009067868813872337,0.1712714433670044,0.07102814316749573,-0.6884785294532776,0.1449909508228302,-0.1782057285308838,-0.11407142877578735,-0.7961148619651794,0.1587148904800415,0.2304897904396057,0.19413875043392181,-0.1478811800479889,0.2550305128097534,-0.2501016855239868,0.4718966484069824,-0.1449272483587265,0.005110967438668013,0.07888078689575195,0.8167834877967834,0.17978590726852417,-0.07559722661972046,-0.18745961785316467,-0.5604134798049927,-0.15524587035179138,0.18964071571826935,-0.08980550616979599,-0.2987031936645508,0.2350175529718399,0.004756643436849117,-0.11437566578388214,-0.21413537859916687,-0.32242169976234436,-0.11899782717227936,-0.10863172262907028,0.4256758391857147,0.03903019428253174,0.0952734649181366,0.4655624330043793,-0.2225775122642517,-0.18815162777900696,0.14121030271053314,-0.5825712084770203,-0.2848091721534729,-0.3454861342906952,-0.47186803817749023,-0.5286577343940735,0.03145044296979904,0.08953182399272919,0.5806646943092346,-0.1900469809770584,0.48663660883903503,-0.18082071840763092,-0.4223148226737976,0.2981869578361511,0.09858471900224686,-0.9080419540405273,-0.13765984773635864,-0.1996324062347412,0.22264187037944794,-0.4094713628292084,0.3971286714076996,-0.6077431440353394,0.5683634281158447,-0.008414424024522305,0.16697676479816437,0.1643296480178833,-0.16943322122097015,-0.22713910043239594,-0.16321153938770294,0.1966032087802887,-0.4509868323802948,-0.24307532608509064,-0.12048255652189255,-0.06676176935434341,0.41130608320236206,-0.44302117824554443,0.541749119758606,-0.14316651225090027,0.246519535779953,0.41259506344795227,0.3185413181781769,-0.4700486361980438,0.6256084442138672,0.24785085022449493,0.1056399792432785,-0.08388982713222504,0.31242233514785767,-0.265143483877182,-0.8158386945724487,0.603272557258606,0.054970234632492065,0.015202044509351254,-0.16355371475219727,-0.033328935503959656,-0.1792699247598648,0.04744286462664604,-0.4825931191444397,0.14907199144363403,-0.2401730865240097,-0.40816420316696167,0.2858385741710663,-0.14049917459487915,0.04111286252737045,0.22940145432949066,-0.2337626814842224,0.4459729790687561,0.037321124225854874,0.736497163772583,0.5790550708770752,-0.42753228545188904,-0.2742624580860138,0.5305795073509216,-0.37875860929489136,0.6832582354545593,0.3347528278827667,0.4666561782360077,0.41202661395072937,-0.16731438040733337,-0.9103830456733704,0.08625687658786774,0.019224856048822403,-0.14800868928432465,0.7557948231697083,0.4202139973640442,0.15113960206508636,0.6106472015380859,-0.09304531663656235,0.04769918695092201,-0.4373728036880493,0.8626807332038879,-0.10425445437431335,0.7499017715454102,0.4423646330833435,-0.16722801327705383,-0.23642010986804962,0.13063430786132812,0.13601724803447723,0.5726170539855957,0.65339195728302,-0.22437407076358795,0.22250191867351532,-0.1563807874917984,-0.39500635862350464,0.2031979113817215,-0.6497730612754822,0.9783981442451477,0.6313137412071228,0.5710705518722534,0.5871290564537048,-0.1495138704776764,-0.6774566173553467,0.27101510763168335,0.3062787353992462,-0.14255760610103607,-0.06668314337730408,0.43669256567955017,-0.11747898906469345,0.21701887249946594,0.022565724328160286,-0.35407665371894836,-0.09755915403366089,0.31504344940185547,0.3428158462047577,-0.31669485569000244,0.174090176820755,-0.24619729816913605,0.34063056111335754,0.25342750549316406,0.12474290281534195,0.44370198249816895,0.01380087062716484,0.0576312281191349,0.0087800407782197,0.6772758364677429,-0.44707462191581726,-0.5881472826004028,0.16109997034072876,0.27738967537879944,0.3517300486564636,-0.010756691917777061,-0.3100711405277252,0.5949118137359619,-0.6552896499633789,0.12418511509895325,-0.4013948142528534,0.33751240372657776,0.1665833443403244,0.5229789018630981,-0.44664323329925537,0.14803606271743774,-0.18318867683410645,0.129538431763649,-0.06921911239624023,0.017171325162053108,-0.22377899289131165,0.5138872861862183,-0.10140679031610489,0.16949379444122314,-0.2688429355621338,-0.2493068277835846,0.03349623829126358,0.24748025834560394,-0.009914617985486984,0.5019747614860535,-0.046721938997507095,-0.04240036383271217,-0.38833802938461304,0.12680436670780182,-0.14702479541301727,-0.13955377042293549,0.2326696664094925,-0.5497961044311523,-0.20672303438186646,-0.559519350528717,0.31268608570098877,-0.2807340919971466,-0.341979444026947,0.0336737260222435,0.37388256192207336,-0.07816007733345032,0.20481552183628082,-0.20403103530406952,-0.1835896372795105,0.27268338203430176,-0.31055551767349243,-0.25212031602859497,-0.830186128616333,-0.4530983567237854,0.2919601500034332,-0.3833850026130676,-0.44429266452789307,-0.45824170112609863,-0.09807287156581879,-0.6034317016601562,0.39299142360687256,0.06814569979906082,-0.2615832984447479,0.01323246955871582,0.2947002649307251,-0.3517923951148987,0.09014000743627548,0.10045483708381653,0.2756322920322418,0.09564591944217682,0.3941928446292877,0.13872699439525604,-0.09671687334775925,-0.04232748970389366,-0.28577756881713867,-0.2923617362976074,-0.31226637959480286,-0.7144256234169006,0.2158220410346985,-0.8474618792533875,-0.3224487006664276,-0.8046826720237732,0.5707459449768066,-0.05438029766082764,-0.22998695075511932,-0.34976086020469666,-0.3491629958152771,-0.05726327374577522,-0.042495302855968475,0.3496975898742676,0.24370652437210083,-0.028849784284830093,0.6167013049125671,0.4480647146701813,0.0287473127245903,0.4683680832386017,-0.03742673993110657,-0.47597038745880127,-0.02804841659963131]"
17,810017,SELF_SENSORY,4,100,32,96,0.33695152401924133,0.5030317497439682,False,"[-0.9209973812103271,0.73521488904953,-1.0126547813415527,-0.27743425965309143]"
17,810017,CROSS_AGENT_YOKED_SENSORY,4,100,32,96,0.333907551404187,0.6984091657213867,True,"[-0.9313012361526489,0.7733883857727051,-1.0249861478805542,-0.03838390111923218]"
17,810017,SELF_OUTPUT,4,100,32,96,0.3352881669998169,0.5110682500526309,False,"[-0.9125004410743713,0.7256965637207031,-0.9830017685890198,0.3362823724746704]"
17,810017,NO_FEEDBACK,3,100,32,96,0.3332320749759674,0.43178462516516447,False,"[-0.9307934641838074,0.7724262475967407,-1.0251519680023193]"
17,810017,GENERIC_RNN_1D,6,100,32,96,0.33259662985801697,0.5518008749932051,False,"[-0.884557843208313,0.7077287435531616,-1.013418436050415,-0.6212280988693237,0.263621062040329,-0.002187025500461459]"
17,810017,GRU_8,297,100,32,96,0.27265873551368713,0.9973127921111882,False,"[0.6356260180473328,-0.08977022022008896,-0.5734325051307678,0.3816199004650116,0.31208235025405884,-0.06315582245588303,-0.594963014125824,-0.5821835994720459,0.8574216961860657,-0.2076009213924408,0.21658509969711304,0.026367833837866783,-0.09932827204465866,0.0482369065284729,-0.20474065840244293,0.14511527121067047,0.13474206626415253,-0.4966215491294861,0.19614359736442566,0.06658931076526642,-0.020754113793373108,-0.4659721553325653,0.03974764049053192,-0.48159897327423096,-0.00810620840638876,-0.9198802709579468,0.2816033661365509,0.30578047037124634,0.10207807272672653,-0.637643575668335,-0.017455682158470154,-0.26698651909828186,-0.7318661212921143,-0.12246815115213394,-0.06309781968593597,-0.2792958915233612,0.1141987293958664,-0.19919778406620026,-0.6711397767066956,-0.04374229535460472,-0.5954036116600037,-0.3057034909725189,-0.2079499512910843,-0.3415813744068146,-0.45061326026916504,0.25725600123405457,-0.29378193616867065,-0.05931393802165985,-0.0693260133266449,0.10854030400514603,-0.3071466088294983,-0.08519568294286728,0.2404235154390335,0.5651975274085999,-0.14770802855491638,-0.05471194535493851,0.5200791954994202,-0.09332021325826645,-0.32460251450538635,0.5236390829086304,-0.06402340531349182,0.4447365403175354,0.03843754902482033,0.11489745229482651,-0.15302640199661255,0.4389979839324951,-0.385895699262619,-0.0539059117436409,-0.31083944439888,-0.0164501890540123,-0.22758661210536957,-0.15186843276023865,-0.07867603749036789,-0.4949207305908203,0.5713477730751038,0.2800721526145935,0.29720568656921387,0.572407066822052,-0.02758854068815708,0.07474920898675919,0.23253893852233887,-0.1734076738357544,-0.041237492114305496,0.2679762542247772,0.5548843741416931,-0.13321472704410553,0.002448697341606021,-0.16011865437030792,0.056939490139484406,-0.10986495018005371,-0.12163759768009186,0.19982895255088806,-0.08477853238582611,-0.3516463041305542,-0.3474513292312622,0.34558504819869995,-0.15707232058048248,-0.053203146904706955,-0.3905223309993744,0.2819468379020691,0.5165966749191284,-0.1273607313632965,-0.25228235125541687,-0.02777593582868576,0.17822358012199402,-0.2868761420249939,-0.23298238217830658,-0.1450331062078476,-0.1843859702348709,0.5256471633911133,0.18481826782226562,-0.1273030787706375,-0.1901690810918808,-0.4046008586883545,0.3595142960548401,0.47881510853767395,0.14379122853279114,-0.23317711055278778,-0.5245978832244873,-0.2169882357120514,-0.05434524640440941,-0.7716185450553894,0.6397572755813599,-0.964361846446991,0.06088899075984955,-0.3902381956577301,-0.6532372832298279,0.1512957662343979,0.3711813688278198,-0.1475295126438141,0.2416621446609497,-0.8655542731285095,0.3386373519897461,0.10565187782049179,-0.003289630636572838,0.749205470085144,0.17181551456451416,-0.3979438543319702,0.8417093753814697,-0.18773798644542694,0.6290830969810486,-0.15992969274520874,-1.0070267915725708,0.3382047712802887,0.08574303239583969,-0.9794753789901733,0.8942705988883972,-0.00662363413721323,0.39451754093170166,-0.36650872230529785,-0.9228307008743286,0.4533417522907257,0.07364878803491592,0.0911581888794899,-0.0668974444270134,-0.4560014009475708,-0.015095306560397148,-0.042771417647600174,0.0415169782936573,-0.226140558719635,0.5470419526100159,-0.9724645614624023,0.39941710233688354,-0.8239424228668213,0.09827351570129395,-0.017391424626111984,-0.3195023238658905,0.6531515121459961,-0.2558315396308899,-0.36440524458885193,0.7077787518501282,-0.14935515820980072,0.5130053162574768,-0.6115856766700745,-0.47800520062446594,0.3299456238746643,0.5715886950492859,-0.2447107881307602,0.35151755809783936,0.10720210522413254,-0.1564197540283203,0.4208770990371704,0.008630582131445408,0.2732960283756256,0.04257296770811081,-0.3522970378398895,0.45127612352371216,0.5176852941513062,0.10909942537546158,0.06938007473945618,0.15613433718681335,-0.03402144834399223,-0.29038697481155396,0.4230850040912628,-0.2397250533103943,-0.0705852210521698,-0.3815082013607025,-0.10226710885763168,-0.026943044736981392,-0.2507510483264923,0.3500523865222931,-0.18319912254810333,0.0746857076883316,0.11633235216140747,-0.15646108984947205,0.026930611580610275,-0.01786728948354721,0.018367212265729904,0.21084706485271454,-0.0748356282711029,0.26930704712867737,-0.0631508156657219,0.10692470520734787,-0.015334168449044228,-0.2893054485321045,-0.11284202337265015,-0.11157567799091339,0.07216519117355347,0.25559163093566895,-0.08826674520969391,-0.15053114295005798,0.15197834372520447,-0.21483227610588074,-0.26872316002845764,0.25475582480430603,0.39082837104797363,-0.2217676341533661,0.23770037293434143,-0.3244929611682892,-0.12150643765926361,-0.4700362980365753,0.15177050232887268,0.536074161529541,-0.33283889293670654,0.09475509077310562,0.2909580171108246,0.27831199765205383,0.45083311200141907,-0.010157505050301552,0.03907579928636551,0.4491533935070038,0.42138275504112244,-0.10953336954116821,-0.05835631117224693,-0.04253172501921654,-0.34052324295043945,0.22134746611118317,0.4220850169658661,-0.3466510772705078,-0.15358732640743256,0.022087935358285904,-1.0513395071029663,-0.6727281808853149,-0.17371371388435364,-0.3950055241584778,-0.9721649885177612,0.20441022515296936,0.2936500012874603,-0.552528440952301,-0.07416796684265137,0.1822652518749237,0.14587490260601044,0.14934052526950836,-0.02678348682820797,-0.12568581104278564,0.432687908411026,-0.022741008549928665,-0.22911901772022247,0.06783996522426605,-0.44415539503097534,0.06680659204721451,0.5472652316093445,-0.44019246101379395,-0.016082601621747017,-0.4940834939479828,-0.7628240585327148,-0.6686220169067383,-0.22358061373233795,-0.8827272653579712,-0.4139570891857147,-0.24416600167751312,0.3662763237953186,0.16508662700653076,0.46922966837882996,-0.34935569763183594,0.28499484062194824,0.14930669963359833,0.0570673793554306,-0.3968980610370636,-0.2101743072271347,0.17952635884284973,-0.7439408302307129,-0.4590565860271454,-0.1067034974694252,-0.2808404564857483,-0.626849889755249,0.11834009736776352]"
18,810018,SELF_SENSORY,4,100,32,96,0.26777902245521545,0.5096331248059869,False,"[0.7898761034011841,0.524056077003479,1.29256272315979,0.22784936428070068]"
18,810018,CROSS_AGENT_YOKED_SENSORY,4,100,32,96,0.2627271116146706,0.7028620420023799,True,"[0.8075932860374451,0.5728797316551208,1.3224518299102783,0.010542739182710648]"
18,810018,SELF_OUTPUT,4,100,32,96,0.26848334074020386,0.5063884160481393,False,"[0.7709729671478271,0.5362509489059448,1.280521035194397,0.311128705739975]"
18,810018,NO_FEEDBACK,3,100,32,96,0.26282140612602234,0.43027466675266623,False,"[0.8042120933532715,0.5726815462112427,1.3219693899154663]"
18,810018,GENERIC_RNN_1D,6,100,32,96,0.25645503401756287,0.55973633332178,False,"[0.741580605506897,0.4390159547328949,1.2638967037200928,0.7033616900444031,-0.298344224691391,-0.04431251436471939]"
18,810018,GRU_8,297,100,32,96,0.22696954011917114,0.9852065830491483,False,"[-0.11188719421625137,-0.12756067514419556,-0.2108713835477829,-0.5135836601257324,0.27369025349617004,-0.16458195447921753,-0.2549125850200653,0.241249680519104,0.7502484321594238,-0.24512210488319397,0.08988437801599503,0.1372862458229065,-0.32818281650543213,0.15714940428733826,0.7965354919433594,-0.41031134128570557,-0.46372124552726746,-0.21792083978652954,-0.07409323751926422,-0.20401698350906372,-0.09047279506921768,-0.3440214991569519,-0.03199222683906555,-0.7445944547653198,-0.24872711300849915,-0.4923095107078552,-0.10847501456737518,0.4611530303955078,-0.23496609926223755,-0.7898013591766357,-0.3109937012195587,-0.679957926273346,0.045527711510658264,0.4641694128513336,-0.4301009774208069,-0.4362989664077759,-0.5971173644065857,0.029109742492437363,0.477506548166275,0.32182732224464417,-0.5015478730201721,-0.14341114461421967,0.022458640858530998,-0.03350626677274704,0.5051093101501465,-0.0007140167290344834,0.37441486120224,0.0131659721955657,0.2737938463687897,-0.20813453197479248,0.295343279838562,0.1258327215909958,0.30927640199661255,-0.34416913986206055,-0.2925832271575928,-0.2772460877895355,-0.46172693371772766,-0.2466864436864853,-0.18877306580543518,0.22402870655059814,-0.030931370332837105,0.0895657166838646,-0.02359725348651409,-0.006383996922522783,-0.35035422444343567,0.34868934750556946,0.42119166254997253,0.27069395780563354,0.1992938369512558,-0.43358302116394043,-0.23436523973941803,-0.11721501499414444,0.3335590660572052,0.20954909920692444,-0.15035369992256165,-0.4469359219074249,0.4418671131134033,-0.2796463370323181,-0.13702116906642914,0.1872665286064148,-0.5019040703773499,-0.4311734735965729,0.2403387427330017,0.4401867389678955,-0.13562382757663727,-0.3145906329154968,0.2022494077682495,0.028860900551080704,0.052094295620918274,-0.3569522202014923,-0.2282661646604538,0.3135666251182556,-0.26790353655815125,0.4330675005912781,0.4321284592151642,-0.12302073836326599,0.22712308168411255,0.13530825078487396,-0.02735399641096592,0.006371346302330494,0.28910741209983826,-0.1676236391067505,-0.4028506278991699,-0.014034810476005077,-0.040074530988931656,0.06957649439573288,-0.16757512092590332,-0.08263219147920609,0.16453136503696442,0.09594286233186722,0.39325079321861267,-0.31626996397972107,0.13122162222862244,0.0641128271818161,0.5554630160331726,0.19707009196281433,-0.26357004046440125,-0.6715577244758606,0.0032561346888542175,-0.18013152480125427,-0.5578611493110657,0.10336879640817642,0.4083668291568756,0.4816667139530182,-0.019287455826997757,-0.13079990446567535,0.09657122194766998,-0.1775100976228714,-0.7586570382118225,0.6491374373435974,-0.06984595209360123,0.5372970700263977,-0.06151917949318886,-0.7144123315811157,0.13687025010585785,-0.7562054395675659,-0.6655346155166626,0.1466781347990036,-0.09617071598768234,0.10374893993139267,0.2537400424480438,-0.3690134882926941,0.35571661591529846,-0.5724380016326904,-0.9895415902137756,0.6799024939537048,-0.03616958484053612,0.6484284400939941,0.06290335953235626,-0.5048344135284424,-0.054659295827150345,-0.5068435668945312,0.3059815764427185,-0.5213019847869873,-0.25583934783935547,0.024683380499482155,0.10795187950134277,0.30763813853263855,0.5989071726799011,0.6064630150794983,-0.5919042825698853,0.6212154626846313,-0.3525974154472351,0.5490999817848206,0.33467626571655273,-0.35765472054481506,0.10273858904838562,-0.976786732673645,-0.8661345839500427,0.7533183097839355,-0.3938378691673279,0.05713681876659393,0.17772845923900604,-0.8549884557723999,-0.003911897540092468,-0.7466661930084229,0.0069120232947170734,0.17999228835105896,-0.3034600019454956,0.28943774104118347,-0.3735807240009308,0.3549308478832245,-0.1241944432258606,0.13464364409446716,0.3153957426548004,-0.21750272810459137,-0.3142930865287781,-0.14635847508907318,-0.13515891134738922,0.15787360072135925,-0.17223267257213593,0.254908949136734,0.1746629923582077,0.05938131734728813,0.40296077728271484,0.12018940597772598,-0.0851363018155098,-0.28005361557006836,-0.4783981442451477,-0.18905684351921082,-0.24001248180866241,-0.22558605670928955,-0.04147470369935036,0.4894924461841583,0.03447410464286804,-0.13979773223400116,0.09684242308139801,0.08891953527927399,-0.3682059943675995,0.21540164947509766,0.125889852643013,-0.22632433474063873,-0.013534429483115673,-0.0912056490778923,-0.3949081599712372,-0.3904695510864258,0.30515339970588684,0.05361843854188919,-0.1515037715435028,-0.3453454077243805,0.4309138059616089,0.14045500755310059,0.06313764303922653,-0.2093147486448288,-0.3806731104850769,-0.22044779360294342,-0.08781158924102783,0.25802579522132874,-0.3169805705547333,0.37892255187034607,-0.174171581864357,-0.18829764425754547,-0.18239936232566833,-0.10853155702352524,0.007851416245102882,0.19441144168376923,-0.15625493228435516,0.22216401994228363,-0.07126028835773468,0.09906592220067978,-0.20311632752418518,-0.23866617679595947,0.019412092864513397,0.2715633809566498,-0.4893345832824707,-0.4236443340778351,-0.15474477410316467,-0.4014085531234741,0.20741160213947296,-0.6056459546089172,-0.9593789577484131,-0.38894417881965637,-0.4208827614784241,-0.11315856873989105,-1.0651789903640747,-1.0768907070159912,0.4214574992656708,-0.2278604358434677,-0.050891757011413574,0.05389290302991867,0.16602608561515808,0.3852098286151886,0.14784322679042816,0.15971794724464417,-0.003854934824630618,-0.4342663288116455,-0.23820923268795013,-0.23887032270431519,0.04779122397303581,-0.20314183831214905,0.057662442326545715,-0.19126318395137787,-0.14654171466827393,-0.36673641204833984,-0.7943758964538574,-0.7034175395965576,-0.5973467826843262,0.07252416014671326,-0.4317086637020111,-0.4514111876487732,-0.019006287679076195,-0.06738317757844925,-0.1918623447418213,-0.41834843158721924,-0.40414300560951233,-0.16926439106464386,-0.13791809976100922,0.39323148131370544,0.17621701955795288,-0.2572941780090332,-0.47530603408813477,0.6933891177177429,-0.36341968178749084,-0.05026315525174141,0.59166020154953,0.5342473983764648,-0.25807467103004456]"
19,810019,SELF_SENSORY,4,100,32,96,0.30138322710990906,0.5020628338679671,False,"[-0.893212080001831,0.5698780417442322,-1.149648666381836,-0.3080614507198334]"
19,810019,CROSS_AGENT_YOKED_SENSORY,4,100,32,96,0.29598455739027824,0.6974867922253907,True,"[-0.9077612161636353,0.6078251004219055,-1.147797703742981,-0.008503410033881664]"
19,810019,SELF_OUTPUT,4,100,32,96,0.3025653660297394,0.5030302917584777,False,"[-0.89387446641922,0.5628082752227783,-1.1059690713882446,0.33383089303970337]"
19,810019,NO_FEEDBACK,3,100,32,96,0.296387642621994,0.4260678752325475,False,"[-0.9149665832519531,0.6014710068702698,-1.1411750316619873]"
19,810019,GENERIC_RNN_1D,6,100,32,96,0.2974792718887329,0.5572793753817677,False,"[-0.8645915985107422,0.5469250082969666,-1.1422333717346191,-0.5574805736541748,0.2263888716697693,-0.023223726078867912]"
19,810019,GRU_8,297,100,32,96,0.25499168038368225,0.9936049999669194,False,"[-0.15847542881965637,0.3824077546596527,0.05879822373390198,-0.08501708507537842,0.34592384099960327,-0.46755874156951904,0.03947314992547035,0.22952358424663544,0.787625789642334,0.14119599759578705,0.5018876194953918,-0.11366751790046692,0.06130916625261307,-0.4120498597621918,-0.5728935599327087,-0.1480315774679184,-0.3680114448070526,0.3895707428455353,-0.15843528509140015,-0.38335615396499634,0.5890079736709595,0.721674919128418,-0.046309277415275574,-0.5679033994674683,-0.027302706614136696,-0.2935301959514618,0.04082450643181801,-0.6724191904067993,0.9268382787704468,-0.2798224091529846,0.14729756116867065,-0.5824006795883179,0.045136019587516785,0.475807785987854,-0.2540457248687744,-0.3292926251888275,0.012290926650166512,-0.1218056008219719,-0.4337103068828583,0.020092960447072983,-0.6353175044059753,-0.06434965878725052,0.6185904145240784,-0.039885859936475754,-0.1728897988796234,-0.03275727480649948,0.6939557790756226,-0.12074743211269379,0.004936843179166317,0.3225998878479004,0.13934585452079773,-0.1507961004972458,0.28242558240890503,0.03525884822010994,-0.16077060997486115,-0.32820063829421997,-0.3988723158836365,0.3281301259994507,0.025857768952846527,0.12042951583862305,0.09962458908557892,-0.13245631754398346,0.09970374405384064,-0.19427752494812012,-0.2920915484428406,-0.08780573308467865,-0.0713404193520546,0.08112605661153793,-0.3139546811580658,0.05968940258026123,-0.026896284893155098,-0.17390291392803192,0.5245161056518555,-0.21962158381938934,-0.17298518121242523,-0.26160573959350586,-0.09758520871400833,0.5522730946540833,0.41963130235671997,0.3183359205722809,-0.11848722398281097,-0.1568048745393753,-0.6187578439712524,0.08271714299917221,-0.20381997525691986,-0.32551702857017517,0.0531577505171299,0.4063260555267334,0.055808473378419876,-0.2540660500526428,-0.07652370631694794,-0.2437652349472046,-0.15885953605175018,-0.099342942237854,0.009420112706720829,0.010904571041464806,0.03569246828556061,-0.3562929928302765,0.04533834755420685,-0.013017885386943817,0.15047773718833923,0.10828147828578949,-0.22200998663902283,0.14573416113853455,0.1952694058418274,0.3149353861808777,-0.055118244141340256,-0.18764561414718628,0.4376755952835083,-0.3909376263618469,-0.25230303406715393,-0.23540574312210083,0.20559635758399963,0.08403021097183228,0.4701366424560547,0.17649602890014648,0.3000331521034241,-0.43228834867477417,0.15987762808799744,-0.08209792524576187,-0.04920947551727295,0.8194952607154846,-0.6383823156356812,0.0008826791308820248,0.1544339805841446,-0.16450990736484528,-0.5668365955352783,0.24744464457035065,0.5326260328292847,-0.1242137923836708,0.30601656436920166,-0.4502592086791992,-0.30811774730682373,0.219745934009552,0.12870623171329498,0.1236066222190857,-0.5165383219718933,0.9692317843437195,-0.647053062915802,-0.08783997595310211,-0.005670364014804363,0.28473207354545593,-0.37816527485847473,0.19235987961292267,-0.8335742354393005,0.649070680141449,-0.7720159292221069,0.27715644240379333,0.13133768737316132,0.03149085119366646,-0.8583860397338867,0.48305001854896545,-0.9624582529067993,0.2850915193557739,-1.151194453239441,0.11734605580568314,0.3674568235874176,0.12225091457366943,-0.6406726837158203,0.4296809732913971,-0.23723280429840088,0.977993905544281,-0.33446112275123596,-0.2950669527053833,-0.3988228738307953,0.061841998249292374,-0.5032938122749329,0.8898976445198059,-0.9432042837142944,0.2525216042995453,-0.9401635527610779,0.4238511919975281,0.04975266382098198,0.3665214776992798,-0.7305539846420288,0.14767877757549286,-0.09470462799072266,-0.1050216481089592,0.3836916387081146,-0.06525151431560516,0.16040921211242676,-0.12690690159797668,-0.10446073114871979,0.004768847953528166,-0.3571339249610901,-0.32311537861824036,0.02920631691813469,0.30074918270111084,0.19308003783226013,0.36165276169776917,-0.2218606024980545,-0.28777316212654114,0.40675804018974304,-0.40516236424446106,-0.30795803666114807,-0.02842118963599205,0.22229847311973572,-0.19358180463314056,0.43268242478370667,-0.18320563435554504,-0.42321035265922546,-0.12086997181177139,0.21981129050254822,-0.03970450535416603,0.15641121566295624,-0.35443368554115295,-0.08037528395652771,-0.21291139721870422,-0.4736066460609436,0.2700006365776062,-0.053581468760967255,0.09786097705364227,0.16842998564243317,-0.34655502438545227,-0.26134711503982544,-0.27193716168403625,0.3912338316440582,-0.4880145192146301,-0.39922788739204407,-0.012027044780552387,-0.1014726385474205,-0.0965883880853653,0.08330941945314407,0.4074805676937103,0.016378117725253105,-0.016489995643496513,-0.1287660002708435,-0.2653379440307617,0.19424767792224884,0.062127601355314255,0.1820453703403473,0.007270919159054756,0.5720025300979614,0.08954872936010361,-0.49622052907943726,-0.019596153870224953,-0.34138309955596924,0.016475506126880646,-0.16439956426620483,0.33606430888175964,-0.08995064347982407,-0.2910407781600952,0.2349405288696289,-0.07982887327671051,-0.037525299936532974,-0.054014209657907486,0.016368906944990158,0.07984454929828644,0.44360485672950745,-0.5979572534561157,0.09706996381282806,-0.45494332909584045,-0.44528406858444214,-0.5655441284179688,-0.5062950849533081,-0.9937731027603149,0.2456638514995575,-0.012617677450180054,0.40442734956741333,0.2197653353214264,0.34763389825820923,-0.23740197718143463,0.48671695590019226,0.3124116361141205,0.3211176097393036,0.09347205609083176,0.2846090495586395,0.27899909019470215,0.11128334701061249,-0.04363908991217613,0.08581387996673584,-0.13331089913845062,0.45710840821266174,-0.3401685655117035,0.1829696148633957,-0.6031128764152527,-0.6062467694282532,-0.8361273407936096,-0.30294162034988403,-0.7361615896224976,0.44390836358070374,-0.12621432542800903,0.23369844257831573,-0.18566149473190308,-0.2615707516670227,0.33471742272377014,0.11290514469146729,-0.5107446312904358,-0.08539681136608124,-0.21933510899543762,-0.05692007765173912,-0.49865636229515076,-0.42477554082870483,0.6473686695098877,-0.20863300561904907,0.62445068359375,0.12380176037549973]"
20,810020,SELF_SENSORY,4,100,32,96,0.3106083869934082,0.5102976663038135,False,"[0.7885937690734863,0.8738710880279541,1.058488130569458,0.1453694999217987]"
20,810020,CROSS_AGENT_YOKED_SENSORY,4,100,32,96,0.30930846023918374,0.7013800828717649,True,"[0.7797937393188477,0.9197981357574463,1.0655056238174438,-0.022113075479865074]"
20,810020,SELF_OUTPUT,4,100,32,96,0.30872103571891785,0.5162881659343839,False,"[0.7830867767333984,0.8687766790390015,1.0345053672790527,0.3017359972000122]"
20,810020,NO_FEEDBACK,3,100,32,96,0.3097447454929352,0.4270959999412298,False,"[0.7793336510658264,0.9177963733673096,1.064014196395874]"
20,810020,GENERIC_RNN_1D,6,100,32,96,0.3052865266799927,0.5554808750748634,False,"[0.7638378739356995,0.8545304536819458,1.0597437620162964,0.41963452100753784,-0.23093274235725403,-0.02323983423411846]"
20,810020,GRU_8,297,100,32,96,0.25732800364494324,0.9863850842230022,False,"[0.07845454663038254,0.6118271350860596,-0.4091469347476959,0.10099781304597855,0.01147436536848545,0.27499616146087646,0.6895350813865662,0.1846914440393448,0.09906156361103058,-0.02042328007519245,-0.6187661290168762,0.25623178482055664,-0.7033156156539917,0.38780421018600464,-0.05685815587639809,0.3725667893886566,0.09205752611160278,0.08971008658409119,0.0510789155960083,0.17909617722034454,-0.1234261766076088,-0.5135205984115601,-0.019685858860611916,-0.6680001020431519,-0.3062905967235565,-0.9339205026626587,-0.06717544049024582,-0.4707115590572357,0.30469366908073425,-0.227861225605011,-0.4615863859653473,-0.24850159883499146,-0.023275019600987434,-0.2683357298374176,0.0361129492521286,0.002014752011746168,0.3823922276496887,0.07531020790338516,0.4916308522224426,0.018723776564002037,0.4825863838195801,0.06973329931497574,0.670576274394989,0.403476357460022,0.07689191401004791,0.3965763449668884,0.11204539984464645,0.23927922546863556,0.029765907675027847,-0.23432819545269012,0.374772846698761,0.3162344992160797,-0.11357518285512924,0.29661786556243896,-0.040950506925582886,0.02170228213071823,-0.29049110412597656,-0.2572779953479767,0.11153779923915863,-0.29167717695236206,0.09687795490026474,-0.567276656627655,-0.1520817130804062,-0.2588273584842682,-0.09603340178728104,-0.48980119824409485,0.07282183319330215,0.5858606100082397,0.39848706126213074,0.20373083651065826,-0.05247902870178223,0.23168827593326569,0.6440971493721008,0.002772823441773653,-0.09593591839075089,0.17236299812793732,0.01875969208776951,0.4702816903591156,-0.2768847346305847,0.4656878411769867,0.07771940529346466,-0.4295417070388794,-0.07383543252944946,0.3728004992008209,-0.09405438601970673,0.17265985906124115,-0.14885149896144867,0.5039241909980774,0.19093607366085052,0.13494834303855896,0.456158310174942,-0.3770366311073303,0.2922155559062958,-0.1724652647972107,0.10780251026153564,-0.500652551651001,0.17894507944583893,0.1478922814130783,0.1983935683965683,-0.39215439558029175,0.11632954329252243,-0.4480128288269043,0.2291841208934784,-0.3492419421672821,-0.14809617400169373,0.32198941707611084,0.0628187283873558,-0.4842416048049927,0.09761450439691544,0.06358718872070312,-0.24399399757385254,-0.2736653983592987,0.11618354171514511,0.28634604811668396,0.19310541450977325,-0.20928876101970673,-0.011359353549778461,0.42666786909103394,-0.2122228592634201,-0.2773902714252472,0.8585413098335266,0.20445115864276886,-0.19270634651184082,0.6087304949760437,-0.04045630618929863,-0.014546253718435764,-0.1931067854166031,0.1477220356464386,0.5604743957519531,0.3588349521160126,-0.23371581733226776,-0.10416176170110703,-0.08831734955310822,-0.03320162743330002,0.7890777587890625,0.28377893567085266,0.4396977126598358,0.4415930211544037,-0.6898804903030396,-0.1855774074792862,-0.44197672605514526,0.15841451287269592,0.9271824359893799,-0.13281682133674622,0.7218406796455383,0.5240674614906311,-0.5707554817199707,0.16829076409339905,-0.5364870429039001,0.23297882080078125,0.26649683713912964,0.6041514277458191,0.7010248899459839,0.7303978800773621,-0.6052407622337341,-0.27734217047691345,-0.2926691770553589,0.2123452126979828,0.3635461926460266,0.2723621129989624,1.1600542068481445,0.6446163058280945,-0.5722900629043579,-0.40611493587493896,-0.19102588295936584,0.4362955689430237,0.06871453672647476,-0.08678686618804932,0.7667593955993652,0.4218374788761139,-0.2051561027765274,-0.4637373089790344,0.05388890206813812,0.24294660985469818,0.16995759308338165,-0.034100983291864395,0.006114145740866661,0.07357985526323318,-0.19185206294059753,0.08491404354572296,-0.21536755561828613,0.16926904022693634,0.4044022560119629,-0.4634231626987457,0.06030398607254028,-0.40865394473075867,-0.3063606917858124,0.242295503616333,0.1386602520942688,0.5166125893592834,0.02364168129861355,-0.05204949900507927,0.20149904489517212,-0.5205624103546143,0.011538812890648842,0.3834293484687805,0.10571179538965225,0.430063396692276,0.0660172626376152,0.3302607238292694,-0.18336808681488037,-0.1520031839609146,0.15577393770217896,0.1227864995598793,0.34364041686058044,0.08490300923585892,-0.19886209070682526,0.5190341472625732,-0.06492963433265686,0.12529301643371582,-0.12107869237661362,0.5876392126083374,-0.003701466368511319,0.4646492302417755,-0.41154682636260986,0.006690417416393757,0.3849588632583618,-0.0053253695368766785,-0.677858293056488,0.44587549567222595,0.1867045760154724,0.2857356369495392,0.01734541915357113,0.13592518866062164,0.7215427756309509,0.12002087384462357,0.07556205242872238,0.3949114978313446,0.24669227004051208,0.2840668559074402,-0.4390433430671692,0.5595884323120117,-0.4447147846221924,0.1641828417778015,0.1441134214401245,-0.3440900444984436,-0.1618758887052536,-0.11326224356889725,0.4692976772785187,-0.4112403690814972,0.4492661952972412,-0.1790568083524704,0.5749995708465576,0.053305670619010925,0.3669028878211975,0.016183141618967056,0.39767175912857056,0.31067270040512085,-0.251803457736969,0.10834719240665436,-0.4846814274787903,-0.4649590253829956,-0.4682668149471283,-1.0293357372283936,-0.48123612999916077,0.014041873626410961,-0.151559978723526,-0.06557121872901917,0.29778873920440674,-0.28900662064552307,0.12536951899528503,0.04427902027964592,-0.10257403552532196,-0.2792540192604065,0.5068162083625793,0.387995183467865,0.325444757938385,-0.4482472836971283,0.05016274377703667,-0.20585452020168304,0.46314841508865356,0.3846101462841034,-0.08353134989738464,0.32671308517456055,-0.7714017629623413,-0.7089455127716064,-0.9210925698280334,-1.0479347705841064,-0.018043341115117073,-0.10375431180000305,-0.5433142185211182,-0.3682909607887268,0.12386900186538696,0.5094752907752991,-0.11857354640960693,-0.43654415011405945,-0.49217692017555237,0.11819777637720108,0.026328958570957184,0.08801984041929245,0.3012697994709015,0.7051234841346741,0.6142027974128723,0.5176765322685242,0.2705616056919098,0.05749493092298508,-0.09040241688489914]"
21,810021,SELF_SENSORY,4,100,32,96,0.33282801508903503,0.5133925410918891,False,"[0.8288841843605042,0.8654773831367493,1.0250871181488037,0.1717592179775238]"
21,810021,CROSS_AGENT_YOKED_SENSORY,4,100,32,96,0.32912697874939206,0.7045404589734972,True,"[0.8308538198471069,0.8995271921157837,1.0399067401885986,-0.028168724849820137]"
21,810021,SELF_OUTPUT,4,100,32,96,0.33315977454185486,0.5079432087950408,False,"[0.8161682486534119,0.8564266562461853,1.0013164281845093,0.30548667907714844]"
21,810021,NO_FEEDBACK,3,100,32,96,0.3293262720108032,0.431037416215986,False,"[0.8295328617095947,0.899675726890564,1.0400923490524292]"
21,810021,GENERIC_RNN_1D,6,100,32,96,0.32829806208610535,0.5535924998112023,False,"[0.8001352548599243,0.8062348365783691,1.0142931938171387,0.5968096256256104,-0.2984223961830139,-0.017774812877178192]"
21,810021,GRU_8,297,100,32,96,0.26610949635505676,0.9899174589663744,False,"[0.39764678478240967,0.14321927726268768,0.37458088994026184,-0.06060706079006195,-0.24765807390213013,0.06384432315826416,-0.2737271785736084,0.48208653926849365,0.48602449893951416,0.32780489325523376,-0.7554501891136169,-0.3006996810436249,0.3387242257595062,-0.004493562504649162,0.08117086440324783,-0.04602736234664917,-0.09885159879922867,-0.9666193723678589,-0.32194334268569946,-0.20435436069965363,0.2705235481262207,-0.34724393486976624,0.3618677258491516,-0.049920015037059784,0.0273941271007061,-0.5971298217773438,0.17904214560985565,-0.6883442997932434,-0.3429827094078064,-0.9240756630897522,-0.2003311663866043,-0.7390444278717041,-0.7374781966209412,-0.1973569393157959,-0.5427515506744385,-0.2839014530181885,0.010296840220689774,-0.1580049991607666,-0.32967883348464966,0.10337229073047638,0.3476404845714569,0.09065385162830353,-0.3248128294944763,-0.39108574390411377,0.45365116000175476,0.050958842039108276,-0.6727684736251831,0.17666371166706085,-0.4813019633293152,0.3502933382987976,0.1119885966181755,-0.011229924857616425,0.17277006804943085,-0.09018448740243912,0.3851865828037262,-0.17280253767967224,-0.23122231662273407,0.2198888212442398,0.504922091960907,-0.04823318496346474,0.36969122290611267,0.002310209209099412,-0.04406580701470375,0.17726311087608337,0.06221224367618561,-0.004276571795344353,0.10832846909761429,0.3867033123970032,0.05226530507206917,0.13142699003219604,-0.058222174644470215,0.151475191116333,-0.01084914430975914,0.09709159284830093,-0.1482965648174286,0.5063099265098572,0.06437520682811737,-0.5180893540382385,0.3767891526222229,-0.1494525820016861,0.029879258945584297,-0.014447218738496304,0.07320353388786316,-0.05515918508172035,0.05050569027662277,-0.09422117471694946,-0.185208261013031,-0.35624295473098755,0.42649322748184204,0.2804872691631317,-0.10673004388809204,-0.09722179919481277,-0.35339927673339844,-0.05154602229595184,0.31353482604026794,-0.0526914969086647,0.08451514691114426,0.3368810713291168,-0.00887362752109766,-0.12294740229845047,0.1777353584766388,-0.24477455019950867,0.02416086755692959,-0.11741722375154495,-0.44162464141845703,-0.3934582769870758,0.2131446897983551,-0.39514869451522827,0.04095173999667168,-0.23793469369411469,0.4007108807563782,-0.3187568485736847,0.22014980018138885,0.5465821623802185,0.8504301905632019,-0.4516136646270752,0.10481887310743332,0.0400814414024353,0.14819024503231049,0.28856220841407776,-0.06240057945251465,0.20442603528499603,0.7838355898857117,-0.731947124004364,-0.16321764886379242,-0.1494484841823578,-0.1936367154121399,0.4880998730659485,-0.5559757947921753,-0.29585400223731995,-0.5075889229774475,0.7008698582649231,-0.6577515006065369,-0.29654842615127563,0.7947840690612793,-0.49040892720222473,0.09030094742774963,0.25453662872314453,0.6623282432556152,-0.4959421455860138,-0.2618124783039093,-0.07884839922189713,-0.3490840792655945,0.37465834617614746,0.3785761296749115,0.12228825688362122,0.3648223578929901,-0.6676910519599915,0.07578148692846298,0.050142139196395874,-0.03691180422902107,0.42612430453300476,-0.336203396320343,0.7276337146759033,0.5453218221664429,-0.5372694134712219,-0.4437333345413208,-0.35137057304382324,0.1939277946949005,0.41220393776893616,0.21207065880298615,0.5488293766975403,0.6562587022781372,-0.1606328934431076,-0.10964803397655487,0.08570297062397003,-0.137680321931839,-0.035541828721761703,0.39818239212036133,0.26753437519073486,0.8012136220932007,-0.6345371603965759,0.0013360024895519018,-0.457684725522995,-0.33692145347595215,0.3703168034553528,0.10689001530408859,-0.06948274374008179,0.2930915355682373,0.150272399187088,0.29034897685050964,0.21854843199253082,0.15661154687404633,0.33834245800971985,-0.14533323049545288,0.45541122555732727,0.2581450641155243,0.37918177247047424,0.18736712634563446,-0.22675451636314392,0.26186344027519226,0.05592823401093483,-0.4874219596385956,-0.1856573224067688,-0.32243144512176514,-0.21172277629375458,0.1819252371788025,-0.22868052124977112,0.13125602900981903,-0.1606224924325943,0.27697327733039856,0.3469451665878296,0.006728321313858032,0.0647110864520073,-0.263074666261673,0.256158709526062,-0.39036795496940613,0.46766629815101624,-0.3474143445491791,-0.398668110370636,-0.18428684771060944,0.013571150600910187,0.3917318880558014,0.2562772333621979,0.21645916998386383,0.01279369369149208,-0.14334778487682343,-0.35475635528564453,-0.1568186730146408,0.3577854335308075,-0.1368945837020874,0.16148364543914795,0.21792761981487274,0.026505237445235252,-0.11139238625764847,0.2068888247013092,-0.11903595179319382,0.028406009078025818,0.1336403340101242,0.008667981252074242,-0.22129446268081665,0.05031413584947586,0.30256161093711853,-0.10698655247688293,-0.03198139742016792,-0.2214629203081131,0.07493750751018524,0.3655897378921509,-0.32558420300483704,0.07737618684768677,0.03707899898290634,0.041055090725421906,0.44953927397727966,-0.13461369276046753,-0.10361681878566742,-0.5280681848526001,-0.10445135831832886,-0.07175952941179276,-0.6266071796417236,-0.6643269062042236,-0.3133195638656616,-0.8095832467079163,-0.9239314198493958,-0.8536666035652161,-0.6374964714050293,-0.34239956736564636,0.09150277078151703,0.009108702652156353,-0.30895811319351196,0.1884518414735794,-0.04023759812116623,0.21605272591114044,-0.03435404971241951,-0.0971989557147026,-0.43033820390701294,0.061134226620197296,0.16375644505023956,0.183834969997406,0.11033343523740768,-0.009714596904814243,-0.5077588558197021,-0.5077656507492065,-0.7432882189750671,-0.877960205078125,-0.20571479201316833,-0.4401586949825287,-0.46551385521888733,-0.25264856219291687,-0.5997946262359619,-0.6004032492637634,-0.03780434653162956,-0.1700025051832199,-0.38996976613998413,0.327837198972702,0.003973084501922131,0.17594623565673828,0.14016766846179962,-0.003892428707331419,-0.37337347865104675,-0.4165281653404236,0.0357687883079052,-0.43375715613365173,0.5323690176010132,-0.3570828139781952,0.4969334900379181,-0.5745221376419067,-0.08758749067783356]"
22,810022,SELF_SENSORY,4,100,32,96,0.2870151996612549,0.5064829578623176,False,"[0.8621761798858643,0.8048957586288452,1.025930404663086,0.1696472018957138]"
22,810022,CROSS_AGENT_YOKED_SENSORY,4,100,32,96,0.28560511677774003,0.7033047922886908,True,"[0.8693317174911499,0.8425977230072021,1.0427415370941162,-0.019291818141937256]"
22,810022,SELF_OUTPUT,4,100,32,96,0.2825760841369629,0.5073826252482831,False,"[0.8465218544006348,0.799845814704895,0.9990850687026978,0.3124394416809082]"
22,810022,NO_FEEDBACK,3,100,32,96,0.2859400510787964,0.4287447910755873,False,"[0.8665167093276978,0.8422640562057495,1.042632818222046]"
22,810022,GENERIC_RNN_1D,6,100,32,96,0.28493818640708923,0.5613605831749737,False,"[0.8257947564125061,0.7423815727233887,1.0128225088119507,0.6620317697525024,-0.3407028019428253,-0.010807061567902565]"
22,810022,GRU_8,297,100,32,96,0.22444896399974823,0.9838066250085831,False,"[-0.5219972729682922,0.03072514943778515,-0.3573589622974396,0.0725465789437294,0.33016324043273926,0.2645036280155182,-0.1482703685760498,0.1926266998052597,0.03241117298603058,-0.03470010310411453,-0.6028868556022644,0.15001820027828217,0.30377793312072754,-0.12167021632194519,-0.1947176307439804,-0.3110281825065613,-0.09179621189832687,-0.7813978791236877,0.3906013071537018,-0.47235915064811707,0.18406984210014343,-0.4233631491661072,0.04834618419408798,-0.19508010149002075,-0.5793049335479736,-0.16637668013572693,0.043818630278110504,-0.8992006778717041,-0.052174609154462814,-0.5101575255393982,-0.0060521080158650875,-0.930936336517334,0.352631151676178,0.2571457624435425,0.6422968506813049,0.04880896210670471,-0.281893789768219,-0.1997319906949997,0.18415546417236328,-0.062267791479825974,0.025366285815835,-0.4806567430496216,-0.49529650807380676,0.11336296796798706,-0.4638158679008484,0.014315084554255009,0.48571133613586426,-0.03159819543361664,0.30480724573135376,0.3646532893180847,-0.11037369817495346,0.10000156611204147,0.12616372108459473,-0.015392258763313293,-0.5142360925674438,-0.3853171467781067,0.37647318840026855,0.27330341935157776,0.022796716541051865,-0.20558489859104156,0.5626646876335144,-0.17832763493061066,-0.46465349197387695,0.28380563855171204,0.13157686591148376,7.626117439940572e-05,-0.10638761520385742,-0.38719502091407776,0.2468293309211731,-0.26116466522216797,0.19720664620399475,-0.10217974334955215,0.1461283266544342,-0.12424828857183456,0.16628234088420868,-0.07145626842975616,-0.3236020505428314,0.19394966959953308,-0.1062764897942543,-0.382916122674942,0.18635812401771545,0.08170733600854874,-0.09844774752855301,0.07147052884101868,-0.23036517202854156,0.3608066737651825,-0.01311243325471878,-0.23995202779769897,-0.051420483738183975,-0.33572328090667725,-0.10991806536912918,-0.14234864711761475,0.35844770073890686,-0.18772150576114655,-0.4304717183113098,0.1125170886516571,-0.22009775042533875,0.041455239057540894,0.22268827259540558,-0.37763679027557373,-0.18225730955600739,-0.12034155428409576,0.5923733115196228,0.46670690178871155,0.2124462127685547,-0.011629890650510788,-0.3271402418613434,-0.5110039710998535,-0.17943960428237915,-0.11849555373191833,-0.2300824373960495,0.375011146068573,-0.026216907426714897,0.33792972564697266,-0.27796846628189087,-0.6529362201690674,0.19145901501178741,-0.5775280594825745,0.4607515037059784,0.44357234239578247,-0.2476605474948883,-0.10002041608095169,0.3197478652000427,-0.118118517100811,0.6595696210861206,-0.09986454248428345,0.324557900428772,0.18260657787322998,-0.49179714918136597,-0.09467973560094833,0.3147667646408081,-0.5299416780471802,0.30242472887039185,-0.41914933919906616,0.42631882429122925,0.24615828692913055,-0.21902188658714294,0.42343005537986755,-0.01692173443734646,-0.2398722767829895,0.593090832233429,-0.4140661656856537,0.15427953004837036,0.3048804998397827,0.45531851053237915,0.1586662232875824,0.07527990639209747,-0.17319197952747345,-0.3622080981731415,0.029938671737909317,0.3473055362701416,0.15347068011760712,-0.2700101137161255,0.20522350072860718,-0.370093435049057,-1.0379308462142944,0.11949443072080612,-0.09168606996536255,0.4008597731590271,0.34464091062545776,-0.22674590349197388,0.21644385159015656,0.18118320405483246,-0.9707531332969666,0.30382972955703735,0.06744515150785446,0.36970970034599304,0.3733426034450531,-0.22323936223983765,-0.08282825350761414,0.07567935436964035,-0.5664100050926208,0.14272381365299225,-0.3737926185131073,0.6118427515029907,0.3831450641155243,0.30468860268592834,0.49996834993362427,-0.3531875014305115,-0.17644920945167542,-0.24320416152477264,-0.4032980501651764,-0.18568535149097443,0.07793885469436646,0.14123457670211792,0.22987917065620422,0.05751476809382439,-0.2027234435081482,0.22766803205013275,-0.0377768874168396,0.07963253557682037,0.37465181946754456,-0.29980015754699707,-0.05075374245643616,-0.3441213071346283,-0.029856940731406212,-0.2769198715686798,0.34303098917007446,0.3608855903148651,-0.009774844162166119,-0.06993527710437775,0.04197702184319496,0.42874306440353394,0.19714023172855377,-0.04980691522359848,0.24575339257717133,-0.16157786548137665,-0.5540287494659424,-0.47981804609298706,-0.20931249856948853,-0.09352056682109833,-0.08187145739793777,0.20011310279369354,0.047034189105033875,0.3504842221736908,-0.3665333688259125,-0.09599541872739792,-0.4699147343635559,-0.038195960223674774,-0.10611940175294876,-0.18464699387550354,0.023310460150241852,-0.170745387673378,-0.3197058439254761,-0.06321680545806885,0.1275988221168518,0.11182044446468353,-0.0202571339905262,0.13337379693984985,0.0982915535569191,0.22006550431251526,0.10550160706043243,0.0305158831179142,0.20891894400119781,0.05592087656259537,0.0621567964553833,0.08479755371809006,-0.41644996404647827,-0.17172685265541077,-0.012088404037058353,-0.04139929637312889,0.261896014213562,0.02179287187755108,0.12973566353321075,0.09607033431529999,0.3633621633052826,-0.49161145091056824,-0.16396310925483704,-0.6367599368095398,-0.2860119342803955,-0.31497904658317566,-0.09046566486358643,0.08152960985898972,-0.6400609016418457,-0.8680561780929565,-0.5702269077301025,0.2540830671787262,-0.03357252851128578,0.16262446343898773,0.2994092106819153,-0.08191293478012085,-0.22640365362167358,-0.09840875118970871,-0.15827210247516632,0.08866927027702332,0.2952251732349396,-0.05145924165844917,0.08271118253469467,-0.28220000863075256,-0.26155462861061096,-0.39489856362342834,0.2567795515060425,-0.38745298981666565,-0.16977079212665558,-0.23907804489135742,-0.1005067527294159,0.03403064236044884,-0.7008000612258911,-0.9680112600326538,-0.6376478672027588,-0.3036584258079529,-0.058789607137441635,-0.026019467040896416,0.5639983415603638,0.19059541821479797,0.4263753592967987,-0.17824816703796387,-0.15161721408367157,0.5567108988761902,0.27361559867858887,-0.436271607875824,0.13912774622440338,-0.06826925277709961,-0.6329289674758911,-0.8019906282424927,0.4734373688697815,-0.12632602453231812]"
23,810023,SELF_SENSORY,4,100,32,96,0.281289279460907,0.5034419586881995,False,"[-0.8357828855514526,0.7355080842971802,-1.1463284492492676,-0.23664294183254242]"
23,810023,CROSS_AGENT_YOKED_SENSORY,4,100,32,96,0.2784730652024936,0.6979172909632325,True,"[-0.8393930792808533,0.773801326751709,-1.144212007522583,-0.0013968973653391004]"
23,810023,SELF_OUTPUT,4,100,32,96,0.28394320607185364,0.505559875164181,False,"[-0.8080192804336548,0.7252593636512756,-1.0860960483551025,0.3133666515350342]"
23,810023,NO_FEEDBACK,3,100,32,96,0.279229074716568,0.4291024999693036,False,"[-0.8391793966293335,0.7684934735298157,-1.1384544372558594]"
23,810023,GENERIC_RNN_1D,6,100,32,96,0.2789653241634369,0.5612490000203252,False,"[-0.8159502744674683,0.7299668788909912,-1.1450614929199219,-0.40195178985595703,0.1746845543384552,-0.012194907292723656]"
23,810023,GRU_8,297,100,32,96,0.23170246183872223,0.9944738326594234,False,"[0.08593767136335373,0.28412526845932007,-0.1092706099152565,0.12540346384048462,0.30574411153793335,0.02097901701927185,-0.40933549404144287,-0.0878680869936943,-0.10776545107364655,-0.33627694845199585,-0.6006098389625549,-0.040130939334630966,0.37895435094833374,-0.32148829102516174,-0.0669400542974472,-0.07736879587173462,0.08014806360006332,-0.529055655002594,-0.2027949094772339,-0.4776325523853302,0.5248008370399475,0.26705318689346313,-0.04305150732398033,-0.986725389957428,-0.512292206287384,0.002087512519210577,0.2578805983066559,-0.6664639115333557,-0.31764665246009827,-0.7577558159828186,0.15400336682796478,-0.6265687942504883,0.6413623094558716,0.07434586435556412,0.4014071822166443,0.3521694540977478,-0.01842956803739071,0.2925480008125305,-0.7002564668655396,-0.2828817069530487,-0.028117967769503593,0.49807843565940857,-0.40860843658447266,-0.3615296483039856,0.5210027694702148,0.3379703164100647,0.7044026255607605,-0.18662512302398682,0.023276856169104576,-0.010128306224942207,0.07304432988166809,-0.4189009666442871,0.2840956151485443,-0.029344547539949417,0.14020691812038422,0.3138003349304199,-0.37684714794158936,0.06499305367469788,0.43539899587631226,0.29082557559013367,0.06329045444726944,0.13196155428886414,0.3842393457889557,-0.27798032760620117,0.47623351216316223,-0.178275004029274,-0.025621188804507256,-0.3584480881690979,-0.08317392319440842,-0.3863535225391388,0.30714964866638184,0.3178861737251282,-0.04233778640627861,0.13371077179908752,-0.18450254201889038,0.3365601897239685,-0.0937277302145958,0.05917643383145332,-0.16692328453063965,0.09145529568195343,0.0500093437731266,-0.14842340350151062,0.03971005603671074,-0.45450761914253235,0.10778648406267166,0.08460737019777298,-0.5133479237556458,-0.0015159423928707838,-0.2767755091190338,0.5260809063911438,0.20689789950847626,0.19602800905704498,-0.13640069961547852,-0.21232007443904877,0.021916745230555534,-0.31510335206985474,0.2466282695531845,-0.5091304779052734,0.11768672615289688,-0.43834343552589417,-0.13878637552261353,-0.5020082592964172,-0.3901107907295227,0.4056418836116791,-0.0692402571439743,0.0033817063085734844,-0.2736567258834839,0.11922699958086014,-0.570081889629364,-0.0855577364563942,0.012066652998328209,0.37008199095726013,0.06809370964765549,-0.25177112221717834,0.23554150760173798,-0.1253376454114914,-0.7600200772285461,-0.3194526433944702,-0.7435005307197571,0.41813501715660095,0.10775589942932129,-0.4682925045490265,-0.17370212078094482,-0.19125398993492126,-0.5326791405677795,-0.31041470170021057,-0.7263920307159424,0.5402703881263733,-0.42658042907714844,-0.12708044052124023,-0.8100581765174866,0.03731638565659523,-0.5521178245544434,0.1667032390832901,-0.15557341277599335,-0.14677806198596954,-0.04177607223391533,-0.750819742679596,0.011166323907673359,-0.43873879313468933,-1.0525323152542114,-0.3522172272205353,-0.3296186327934265,0.002578555140644312,-0.722296416759491,-0.12541843950748444,0.513996422290802,0.1281023919582367,-0.06757516413927078,0.16261452436447144,0.19834169745445251,-0.36793726682662964,-0.027218926697969437,-0.25863972306251526,-0.053049519658088684,0.05133739113807678,-0.6818566918373108,-0.6048139929771423,-0.16132399439811707,0.6064140200614929,0.18211612105369568,-0.1425817906856537,-0.014233890920877457,0.2340097427368164,-0.9181910753250122,-0.6496866345405579,-0.8246166706085205,-0.0592215321958065,0.3909038007259369,-0.33250704407691956,-0.27532410621643066,-0.15640002489089966,-0.8327572345733643,-0.5327484607696533,-0.8473997116088867,-0.03963134065270424,0.37140360474586487,-0.17971540987491608,-0.042412735521793365,-0.2708185911178589,0.36185452342033386,-0.18497537076473236,0.3067382574081421,0.010431766510009766,0.27977484464645386,-0.4498365521430969,-0.4623274803161621,0.19397637248039246,-0.1557154655456543,-0.21154282987117767,0.022112378850579262,0.45702630281448364,0.0973411500453949,0.2697979509830475,-0.220774307847023,-0.20246578752994537,0.4322965145111084,0.16982631385326385,0.05105385184288025,0.4481378495693207,0.151552215218544,-0.09666305035352707,0.37551045417785645,-0.11998600512742996,0.19882453978061676,0.4466942548751831,-0.2220434844493866,-0.15763400495052338,-0.24419564008712769,0.3992491662502289,0.2694745659828186,-0.035727608948946,0.018380235880613327,-0.11302612721920013,0.11434070020914078,-0.026018956676125526,-0.3332254886627197,0.2845224142074585,0.3733595907688141,0.2858101427555084,-0.1492757946252823,0.2039385288953781,0.1513473093509674,-0.10145850479602814,0.09696531295776367,-0.17775556445121765,-0.37695854902267456,0.15514487028121948,-0.07740021497011185,0.1850365698337555,0.03632098063826561,0.220732644200325,-0.19544824957847595,-0.20419058203697205,-0.5204091668128967,-0.2640590965747833,-0.22375406324863434,0.1764744222164154,0.2985785901546478,0.17006932199001312,-0.23064565658569336,0.47828933596611023,-0.2750350534915924,-0.391140878200531,-0.12962062656879425,-0.17378291487693787,-0.12720562517642975,-0.08011846989393234,-0.5908104181289673,-0.4906821846961975,-0.1199071854352951,-0.6704509258270264,0.30370500683784485,-0.37470901012420654,-0.3413301110267639,-0.490474671125412,-0.20831654965877533,0.19184282422065735,-0.3516480326652527,0.007888930849730968,0.5948323607444763,0.2460789978504181,0.15163683891296387,0.025085484609007835,-0.2237645983695984,0.3828061521053314,-0.14563900232315063,-0.3251379132270813,-0.004287732299417257,0.12833993136882782,-0.25656235218048096,0.14903217554092407,-0.3966744542121887,-1.0434238910675049,0.12528692185878754,-0.9160909652709961,0.024218689650297165,-0.28278687596321106,-0.38457393646240234,-0.3689590394496918,-0.048124540597200394,0.014852955006062984,0.3855058252811432,0.3078763484954834,-0.08422121405601501,0.25323885679244995,0.13561303913593292,-0.13799357414245605,0.5765682458877563,0.5865545868873596,0.1471966654062271,-0.43589624762535095,0.06628638505935669,-0.5986973643302917,0.4565885663032532,0.27922073006629944,-0.09348554164171219]"
24,810024,SELF_SENSORY,4,100,32,96,0.30847790837287903,0.5063761249184608,False,"[-0.8773255348205566,0.759854793548584,-1.0499907732009888,-0.17087294161319733]"
24,810024,CROSS_AGENT_YOKED_SENSORY,4,100,32,96,0.31297455001740876,0.6950902920216322,True,"[-0.8811585903167725,0.7993473410606384,-1.0593756437301636,0.024086251854896545]"
24,810024,SELF_OUTPUT,4,100,32,96,0.3009890019893646,0.5026737921871245,False,"[-0.8668004274368286,0.7560381889343262,-1.0228254795074463,0.30272725224494934]"
24,810024,NO_FEEDBACK,3,100,32,96,0.3125474154949188,0.43367916624993086,False,"[-0.8807530999183655,0.7990389466285706,-1.0592833757400513]"
24,810024,GENERIC_RNN_1D,6,100,32,96,0.3086671531200409,0.5562791251577437,False,"[-0.8422726988792419,0.7284795045852661,-1.0463314056396484,-0.5642760396003723,0.2714526951313019,-0.021787075325846672]"
24,810024,GRU_8,297,100,32,96,0.25921931862831116,0.9829579158686101,False,"[-0.5012173652648926,-0.5303763747215271,-0.109602190554142,0.13122740387916565,-0.008758126758038998,0.1602967232465744,0.16140013933181763,0.04273705929517746,0.2938603460788727,0.01821974106132984,-0.32102566957473755,-0.6122663021087646,0.11138075590133667,-0.03213300183415413,-0.0951024740934372,0.09347635507583618,0.5090009570121765,-0.008894841186702251,-0.16641992330551147,0.31615644693374634,0.06065426021814346,0.2919890582561493,-0.019216246902942657,-0.2874194383621216,0.0490875206887722,-0.7764838933944702,-0.04333452135324478,-0.9532068967819214,0.010607167147099972,-0.008447767235338688,-0.25536873936653137,-0.1694355607032776,-0.06994981318712234,0.11114446818828583,-0.0012289767619222403,0.25627875328063965,-0.11006297171115875,-0.01951834373176098,0.6575018167495728,0.003046465339139104,-0.631070613861084,-0.3782370984554291,-0.6714194416999817,0.0044792452827095985,0.005528667941689491,0.5221459269523621,-0.3150947391986847,-0.1455381214618683,0.21090102195739746,0.3895924985408783,0.019921530038118362,0.0568656288087368,0.4873373210430145,-0.04125148057937622,0.043945103883743286,0.3044244349002838,-0.07919274270534515,0.03556058555841446,-0.15553201735019684,0.08246588706970215,0.07974070310592651,-0.2121657282114029,-0.021134890615940094,0.09733924269676208,-0.24687235057353973,0.06770912557840347,0.3727430999279022,0.28195419907569885,-0.019090862944722176,-0.23534011840820312,0.4931884706020355,-0.22985237836837769,0.17606356739997864,-0.306153804063797,0.3326718807220459,0.08852528780698776,-0.09776768088340759,0.14031805098056793,-0.14174745976924896,-0.1912616789340973,-0.21783116459846497,-0.42379626631736755,0.4266391396522522,0.3615114986896515,-0.39722856879234314,-0.0732518658041954,0.054053258150815964,0.0441833958029747,0.5682432651519775,-0.047214385122060776,0.013216148130595684,0.07434575259685516,0.5397301316261292,0.0416463278234005,-0.20469313859939575,-0.11121848970651627,0.038287434726953506,0.12923477590084076,-0.3264724612236023,-0.15353120863437653,0.1819024384021759,0.004884462803602219,0.06360669434070587,-0.0783265084028244,-0.140743225812912,0.19349786639213562,-0.4593586325645447,0.42520955204963684,0.34091871976852417,0.15374521911144257,0.19413506984710693,-0.3633610010147095,-0.1949261575937271,-0.004964721389114857,-0.1676836609840393,0.23311865329742432,-0.5829053521156311,0.03698790818452835,0.22396381199359894,-0.49318572878837585,-0.11364816874265671,-0.10505697876214981,-0.374521404504776,0.18203116953372955,0.35472771525382996,-0.021513981744647026,0.2024155706167221,0.12079432606697083,0.006861651316285133,0.34153950214385986,0.07833213359117508,0.45951810479164124,0.53511643409729,-0.10449709743261337,0.07281240075826645,-0.06812306493520737,0.5483790636062622,-0.4660695195198059,0.6571524143218994,0.05511291325092316,0.15811946988105774,-0.2080845832824707,-0.9458434581756592,0.35225537419319153,0.5308453440666199,-0.5919438600540161,0.7791031002998352,-0.2830543518066406,0.04661890119314194,-0.4390381872653961,-0.6602698564529419,0.021378735080361366,1.018646240234375,-0.8689788579940796,0.7865185141563416,-0.08858786523342133,0.06909074634313583,-0.3290383219718933,-1.0913230180740356,0.08715798705816269,0.1147468090057373,-0.5491727590560913,0.21170750260353088,0.1140875592827797,0.2253156304359436,-0.21760636568069458,-0.22076007723808289,0.43871304392814636,0.6939000487327576,-0.6199606657028198,0.3194350600242615,-0.6293950080871582,-0.3210122585296631,-0.43547070026397705,-0.5800967812538147,0.016152357682585716,-0.005252200644463301,-0.39766600728034973,0.2651759088039398,-0.09907693415880203,-0.26126641035079956,0.08150406181812286,-0.3994242250919342,0.09710399061441422,0.03274895250797272,0.18339812755584717,-0.04966933652758598,0.1287146806716919,0.1408044397830963,-0.21680980920791626,0.27339300513267517,-0.12181782722473145,0.01866084337234497,-0.16207100450992584,-0.08177421241998672,-0.18886665999889374,0.12301386147737503,-0.10891681909561157,-0.4045540690422058,-0.0002397251082584262,0.023466115817427635,0.12552569806575775,0.10359923541545868,0.3702964186668396,-0.14814463257789612,-0.16112692654132843,0.29307618737220764,-0.2537499964237213,0.28227871656417847,0.20561492443084717,-0.46749457716941833,-0.2167910635471344,0.24898602068424225,-0.02197934500873089,-0.42249277234077454,0.13491111993789673,-0.12558601796627045,-0.03821388632059097,-0.4105331599712372,0.043271031230688095,0.5907773971557617,0.12546956539154053,-0.2929464280605316,-0.08544892817735672,-0.12457097321748734,0.08503121882677078,-0.11754950135946274,-0.2372940182685852,0.4086684286594391,0.010843636468052864,-0.2896740436553955,-0.08368606865406036,0.07029286026954651,0.2990998327732086,-0.00501362094655633,-0.2581539750099182,0.4942537248134613,0.33018651604652405,-0.3136026859283447,0.02708924002945423,-0.1160401776432991,0.01811598613858223,-0.07767386734485626,0.2520146369934082,-0.22613437473773956,-0.01720360666513443,0.46372684836387634,0.3691398501396179,0.3796732723712921,-0.1702001690864563,0.08600443601608276,-0.44500383734703064,-0.8415784239768982,-0.4652785062789917,-0.2874457538127899,-0.8551677465438843,-0.4820842444896698,0.34728628396987915,-0.3210768699645996,0.16323162615299225,0.3918672204017639,-0.08950912207365036,0.19654986262321472,-0.2080046683549881,-0.03969128057360649,-0.31343862414360046,0.048535022884607315,0.10965947061777115,-0.09302392601966858,-0.3012504577636719,0.2889907956123352,0.3891894519329071,0.3779919445514679,-0.03457861766219139,0.3240824043750763,-0.38753941655158997,-0.48670750856399536,-0.7465183138847351,0.0847078487277031,-0.8624527454376221,-0.34929192066192627,0.29771849513053894,-0.41318202018737793,-0.3467545211315155,-0.349282830953598,0.15719829499721527,0.22683246433734894,0.22179394960403442,0.17401598393917084,0.007122264709323645,-0.08714430779218674,0.40727341175079346,-0.6254278421401978,-0.6767339110374451,-0.06733997166156769,-0.6215218901634216,0.018024684861302376]"
25,810025,SELF_SENSORY,4,100,32,96,0.3406972885131836,0.5058339172974229,False,"[0.8572599291801453,0.2414155900478363,0.9024922251701355,0.32773733139038086]"
25,810025,CROSS_AGENT_YOKED_SENSORY,4,100,32,96,0.3492999671510721,0.6961732092313468,True,"[0.8703213930130005,0.2593425512313843,0.9071704149246216,0.04573230817914009]"
25,810025,SELF_OUTPUT,4,100,32,96,0.33523616194725037,0.5043268329463899,False,"[0.8426802754402161,0.19841046631336212,0.8813132047653198,0.32345375418663025]"
25,810025,NO_FEEDBACK,3,100,32,96,0.3918778896331787,0.43371162470430136,False,"[0.8159223198890686,0.1801002323627472,0.8526491522789001]"
25,810025,GENERIC_RNN_1D,6,100,32,96,0.3659881055355072,0.5667555411346257,False,"[0.8195511102676392,0.17854592204093933,0.8507916927337646,0.3427087068557739,-0.11122331768274307,-0.01646028645336628]"
25,810025,GRU_8,297,100,32,96,0.20755277574062347,0.9930627918802202,False,"[-0.5819050669670105,-0.16474366188049316,-0.4541996419429779,-0.6084951758384705,0.2675541341304779,-0.04192127287387848,-0.45712047815322876,0.009195801801979542,-0.6122809648513794,-0.41318148374557495,-0.18001388013362885,0.08187737315893173,0.11552321910858154,-0.3255998194217682,-0.31221166253089905,-0.5513674020767212,0.03911762684583664,-0.4021470844745636,0.011239481158554554,-0.6964733600616455,0.3011893928050995,-0.834154486656189,0.2823150157928467,0.24262575805187225,0.13761006295681,-0.9473323822021484,-0.1882673054933548,0.33215537667274475,0.5361617803573608,0.19661295413970947,0.07579515874385834,-0.4727727770805359,0.3380240201950073,0.30301201343536377,0.6505652666091919,0.0800049901008606,0.4015658497810364,0.01119028776884079,-0.12775033712387085,0.19077645242214203,-0.7175989747047424,0.0846320167183876,0.08186645805835724,0.2515014410018921,0.08781694620847702,-0.5839468836784363,0.5835224390029907,0.1243656650185585,-0.22459565103054047,-0.005788902752101421,-0.3729374408721924,-0.19147127866744995,0.40363550186157227,-0.06213684380054474,0.2084835320711136,0.23696725070476532,0.16098278760910034,-0.09932436794042587,0.12254250794649124,-0.30045291781425476,-0.024889346212148666,0.025973428040742874,0.21264034509658813,0.09699533134698868,-0.46251749992370605,-0.21502062678337097,-0.5937756299972534,-0.22374114394187927,0.4993412494659424,-0.3472472131252289,-0.21515221893787384,-0.022237129509449005,-0.5156353116035461,-0.41250473260879517,-0.189199298620224,-0.015025477856397629,0.08396422863006592,-0.3846695125102997,-0.18816782534122467,-0.5424101948738098,0.1416655033826828,0.17382533848285675,0.34620577096939087,-0.4461626410484314,-0.03959479182958603,-0.18093541264533997,0.41347911953926086,-0.22971493005752563,-0.322450190782547,0.01855641044676304,-0.012073316611349583,-0.21824288368225098,-0.47619566321372986,0.36866894364356995,0.36259937286376953,0.12408813834190369,-0.13447722792625427,-0.19682003557682037,0.4280189573764801,-0.5082253217697144,-0.01292258221656084,-0.3262694478034973,-0.0830838531255722,-0.1182628720998764,-0.09584707766771317,-0.42074695229530334,0.08500060439109802,-0.5976206660270691,-0.1815219223499298,-0.22943250834941864,-0.39659690856933594,-0.39586958289146423,0.14329849183559418,-0.2612285912036896,0.4705764651298523,-0.3610648214817047,-0.3619489371776581,-0.809352457523346,0.9238808751106262,-0.44710832834243774,0.6282321810722351,-0.2544873356819153,0.3668147921562195,-0.7002107501029968,-0.0418214313685894,-0.4250839650630951,0.9877522587776184,-0.2730630338191986,-0.18869523704051971,-0.1767546534538269,0.41347119212150574,-0.6259604096412659,-0.1440359652042389,-0.42900508642196655,0.35340210795402527,-0.05364196375012398,-0.3361828625202179,0.5178524851799011,0.07949358969926834,0.3238334357738495,-0.16357292234897614,0.23916670680046082,0.5179328918457031,0.368610143661499,0.47186732292175293,-0.010765990242362022,0.23562832176685333,-0.8776289820671082,-0.041885290294885635,-0.4985761344432831,1.0791524648666382,-0.15565477311611176,-0.33445221185684204,0.09126035869121552,-0.00545839499682188,0.3818184435367584,0.033978503197431564,0.5047848224639893,-0.9516181945800781,0.22214500606060028,-0.3037818372249603,-0.3244979679584503,-0.5000612735748291,-0.06261470913887024,0.5214329957962036,0.2548413872718811,-0.42318305373191833,-0.01889435015618801,0.014366052113473415,-0.29663848876953125,0.7302246689796448,-0.4033016860485077,-0.32663437724113464,-0.9684731364250183,0.6718454957008362,-0.3291444778442383,-0.24297849833965302,0.007210056763142347,0.5106192827224731,-0.04419325664639473,-0.11784016340970993,-0.016875525936484337,0.25774312019348145,0.45848825573921204,-0.18509213626384735,0.33075180649757385,-0.08876889199018478,-0.235309436917305,0.06103165075182915,0.0759817361831665,0.057258088141679764,0.5195984840393066,0.4054473638534546,0.31457871198654175,0.42833051085472107,-0.07568837702274323,-0.1390686333179474,0.4860389232635498,-0.22984078526496887,0.20949232578277588,-0.19208641350269318,-0.24098357558250427,-0.2044835090637207,0.3009220361709595,0.011758570559322834,-0.1740487515926361,-0.3173955976963043,-0.18431083858013153,-0.11415727436542511,0.1438962072134018,-0.3177957534790039,0.32006850838661194,-0.07208309322595596,-0.4649059474468231,-0.07422785460948944,-0.24448809027671814,-0.1488231122493744,-0.05152442678809166,0.1193569153547287,0.468635618686676,0.0038450623396784067,-0.3873462677001953,-0.38081490993499756,0.09377751499414444,0.007670156192034483,-0.20474788546562195,0.03543170541524887,-0.16920004785060883,-0.010147938504815102,-0.26042085886001587,0.08389191329479218,0.05224943161010742,-0.232781320810318,0.14318004250526428,0.33657434582710266,0.1088198721408844,0.12946324050426483,0.26092255115509033,0.035418786108493805,0.006463470868766308,0.08516839891672134,-0.4821264147758484,0.13519254326820374,0.31351709365844727,-0.04003644734621048,0.02952880598604679,-0.10653338581323624,-0.09064380824565887,-0.23307040333747864,-0.31053879857063293,-0.6183273792266846,0.21425633132457733,-0.5405880808830261,0.05665501579642296,-0.2457105964422226,-0.7724525332450867,0.12418007105588913,0.11633516848087311,-0.1641911119222641,0.17366206645965576,-0.08063199371099472,0.17245261371135712,-0.4421348571777344,0.11012855172157288,0.08843005448579788,0.10045745223760605,0.1845204383134842,0.28112149238586426,0.08924025297164917,-0.06477797776460648,-0.36057764291763306,-0.13468466699123383,-0.8324021697044373,-0.5332130789756775,-0.4462434649467468,0.08547799289226532,-0.39904025197029114,0.34763577580451965,0.3724040687084198,-0.8869746327400208,-0.3391527235507965,-0.2583993673324585,0.05838213488459587,0.5049885511398315,0.1408526599407196,-0.02497175894677639,-0.08400528877973557,-0.41775673627853394,0.4574452340602875,0.54108065366745,0.5323500037193298,-0.22332988679409027,-0.6616314649581909,-0.06887336820363998,0.05231263488531113,0.6975919604301453,0.22816592454910278]"
26,810026,SELF_SENSORY,4,100,32,96,0.3229708671569824,0.5034232502803206,False,"[-1.0059846639633179,0.8320519924163818,-0.9613264799118042,-0.21645458042621613]"
26,810026,CROSS_AGENT_YOKED_SENSORY,4,100,32,96,0.3209441280085282,0.6864943341352046,True,"[-1.0120551586151123,0.8679425716400146,-0.976344645023346,0.024283770471811295]"
26,810026,SELF_OUTPUT,4,100,32,96,0.3131515085697174,0.5101761249825358,False,"[-1.031982421875,0.8233175277709961,-0.962630033493042,0.31129151582717896]"
26,810026,NO_FEEDBACK,3,100,32,96,0.3217279613018036,0.43252445897087455,False,"[-1.0163922309875488,0.8604873418807983,-0.9714294672012329]"
26,810026,GENERIC_RNN_1D,6,100,32,96,0.32452577352523804,0.5575743750669062,False,"[-0.9636740684509277,0.7799981236457825,-0.9511129260063171,-0.7332664132118225,0.3653637170791626,-0.01012312714010477]"
26,810026,GRU_8,297,100,32,96,0.26016342639923096,0.9869426656514406,False,"[-0.6402784585952759,-0.2587611973285675,0.030681392177939415,0.003399444278329611,0.525898277759552,0.09778387099504471,-0.4852323830127716,0.06080663576722145,-0.15414847433567047,-0.22704431414604187,-0.24407516419887543,0.13870055973529816,-0.30989596247673035,-0.36206045746803284,0.13229559361934662,-0.11670152097940445,-0.23322390019893646,-0.9129329919815063,-0.21479004621505737,-0.5017513632774353,-0.3337728977203369,-0.7646863460540771,0.228377565741539,-0.8110066652297974,-0.21440961956977844,-0.6742214560508728,0.0620441697537899,-0.4929867088794708,0.2813868224620819,-0.16571910679340363,0.21196067333221436,-0.45772916078567505,-0.6003818511962891,0.06526684761047363,-0.35252559185028076,-0.34302935004234314,-0.35612615942955017,-0.24340209364891052,0.6863021850585938,-0.10897615551948547,-0.5907770991325378,-0.36275485157966614,0.6768854260444641,0.31114551424980164,-0.25769147276878357,-0.143144890666008,-0.12184665352106094,-0.019350014626979828,-0.2645166516304016,0.011356730945408344,0.00629369355738163,-0.3323352038860321,-0.518898606300354,-0.045761022716760635,-0.11642102897167206,-0.3113844096660614,0.004614067263901234,-0.3798728585243225,-0.33106788992881775,-0.11819937080144882,0.0031988106202334166,-0.029056238010525703,0.03151266649365425,-0.5539042353630066,-0.2696254253387451,-0.5312477350234985,0.17309890687465668,-0.240696981549263,-0.0547962449491024,0.5588185787200928,-0.10357142239809036,-0.2727413773536682,0.2505874037742615,0.3130281865596771,0.3608076274394989,0.49545255303382874,0.02345571666955948,0.03210436925292015,-0.03647591918706894,0.06971171498298645,-0.38850492238998413,-0.12304253876209259,-0.39420437812805176,0.08123141527175903,-0.5278982520103455,0.493802934885025,0.09562500566244125,-0.4577164649963379,-0.19517245888710022,-0.14870554208755493,-0.3932094871997833,0.0992102399468422,-0.4792789816856384,0.5799534320831299,-0.21225076913833618,-0.5717554092407227,-0.012668224051594734,-0.1592106968164444,0.2367900162935257,-0.4099954068660736,0.31385084986686707,0.20244480669498444,-0.2761373519897461,0.05858083814382553,-0.5723557472229004,-0.5584406852722168,0.11713866144418716,-0.18357159197330475,-0.48363301157951355,0.2457096129655838,0.07026427239179611,-0.2024778127670288,0.11327911168336868,0.7251901626586914,0.5230542421340942,0.7177123427391052,-0.052569951862096786,-0.040026526898145676,-0.6352154016494751,-0.9030489325523376,0.15202565491199493,0.31747761368751526,0.06768354028463364,0.2097841501235962,0.16192860901355743,0.2991357147693634,-0.5044323205947876,-0.42160147428512573,0.4678591787815094,0.5630834102630615,0.22186236083507538,0.5094066858291626,0.16368988156318665,0.24951376020908356,-0.4336636960506439,-0.4758776128292084,0.14491990208625793,0.7579728364944458,0.1264955848455429,0.1853727400302887,0.0474095493555069,0.41374585032463074,-0.6386157274246216,-0.9855620265007019,-0.01381153054535389,0.3755062520503998,0.6370274424552917,0.38626721501350403,0.16333134472370148,0.14751707017421722,-0.5614417195320129,-0.6503647565841675,0.16047435998916626,0.3664686679840088,0.7012487649917603,0.7185208201408386,0.1401096135377884,0.07029251009225845,-0.4226067364215851,-0.6568400263786316,0.11995837837457657,0.5292513370513916,0.12700986862182617,0.716686487197876,0.13534827530384064,-0.21347838640213013,-0.3069998025894165,-0.8144586682319641,0.4840541183948517,0.37069204449653625,0.22448579967021942,-0.08478987962007523,-0.1498410552740097,-0.3328780233860016,-0.6146141290664673,0.08303438872098923,0.1915145069360733,-0.32225868105888367,-0.21029801666736603,-0.34476110339164734,-0.06531819701194763,-0.4925781190395355,0.039762143045663834,0.42620429396629333,-0.1311231255531311,0.03223395720124245,0.023220837116241455,-0.2628689110279083,0.4507679343223572,-0.14995141327381134,0.333465576171875,0.39843177795410156,0.39218994975090027,0.12777815759181976,0.27524927258491516,-0.22316806018352509,-0.18211962282657623,-0.5253023505210876,-0.07898486405611038,0.2470548152923584,0.32362574338912964,0.2691637873649597,-0.254830926656723,-0.2359795719385147,-0.18749500811100006,-0.04152212664484978,-0.24514195322990417,0.25894519686698914,0.04347173497080803,-0.2447657734155655,-0.29346156120300293,-0.45645666122436523,0.3715778887271881,-0.4590330421924591,0.10212836414575577,0.5023277401924133,-0.25479063391685486,0.0231323279440403,0.017956770956516266,0.08506838977336884,-0.05676402896642685,0.37610867619514465,-0.16638751327991486,-0.2983313798904419,0.2947981357574463,0.29283788800239563,0.25090861320495605,-0.21876144409179688,0.005722393747419119,-0.21356654167175293,0.23918600380420685,0.1226922795176506,-0.4322946071624756,-0.19645698368549347,-0.367594450712204,0.19566281139850616,-0.11624643951654434,0.2635525166988373,0.3714280128479004,-0.1266518384218216,-0.23262695968151093,-0.02880029007792473,-0.2775022089481354,0.15976735949516296,0.4688552916049957,0.2582854628562927,-0.10376567393541336,0.3527207374572754,-0.9682585000991821,-0.9058888554573059,-0.5532543659210205,-0.8213043212890625,-0.5166066884994507,-0.720964789390564,-0.4425451457500458,-0.23438362777233124,-0.3355129063129425,-0.18527837097644806,-0.1081308126449585,-0.08408565074205399,-0.03532320633530617,-0.05904269218444824,0.24874471127986908,0.028760116547346115,0.0847531110048294,0.20993812382221222,0.24876995384693146,-0.24827753007411957,0.118414007127285,0.10035842657089233,-0.004198550712317228,0.5835497975349426,-0.7296481132507324,-0.6860806345939636,-0.27468934655189514,-0.7323836088180542,-0.7529763579368591,-0.48426562547683716,-0.31650179624557495,-0.6716521978378296,0.1462738960981369,-0.25740376114845276,-0.21201784908771515,-0.2545395493507385,0.013855169527232647,-0.1837521344423294,0.36693036556243896,0.4248017966747284,-0.4179624915122986,-0.4281708002090454,-0.39789342880249023,0.328226774930954,-0.4195428490638733,0.43894144892692566,-0.2787364721298218,0.002939156722277403,-0.17092619836330414]"
27,810027,SELF_SENSORY,4,100,32,96,0.8405399322509766,0.5028192908503115,False,"[-0.3357888162136078,0.09683435410261154,-0.3205350637435913,-0.2202775776386261]"
27,810027,CROSS_AGENT_YOKED_SENSORY,4,100,32,96,0.8774382538971556,0.7024416672065854,True,"[-0.3095446527004242,0.0679175853729248,-0.2894594967365265,-0.024238932877779007]"
27,810027,SELF_OUTPUT,4,100,32,96,0.8406184315681458,0.5068931668065488,False,"[-0.3342793881893158,0.09510583430528641,-0.3145449757575989,0.07459630072116852]"
27,810027,NO_FEEDBACK,3,100,32,96,0.8764617443084717,0.4240678329952061,False,"[-0.31139031052589417,0.07025613635778427,-0.29175278544425964]"
27,810027,GENERIC_RNN_1D,6,100,32,96,0.8683412075042725,0.5595297911204398,False,"[-0.3119780421257019,0.07168269157409668,-0.29434725642204285,-0.20900072157382965,0.06065061315894127,-0.010135195218026638]"
27,810027,GRU_8,297,100,32,96,0.23924504220485687,0.9864734997972846,False,"[0.507882297039032,0.2227032482624054,0.3739064037799835,-0.25728094577789307,0.5533126592636108,0.14594586193561554,-0.0897563174366951,-0.6029568910598755,0.7498988509178162,0.17560537159442902,0.6961574554443359,-0.2428528219461441,0.29598087072372437,0.2385881096124649,-0.7274370789527893,-0.38551345467567444,-0.32265177369117737,-0.3289021849632263,-0.305101603269577,-0.7349143624305725,-0.40885576605796814,-0.907566487789154,0.4770486354827881,-0.2235276848077774,-0.6188080310821533,-0.3639552891254425,0.05046185106039047,-0.5363016128540039,0.03008381277322769,-0.4798785448074341,-0.14539921283721924,-0.863597571849823,-0.39308422803878784,-0.10348070412874222,-0.7707751989364624,0.045235734432935715,-0.3833443820476532,-0.4122779965400696,0.33540216088294983,-0.09798642992973328,-0.3960954546928406,-0.3858804404735565,-0.3817979395389557,-0.2461632490158081,-0.2426924854516983,0.46664154529571533,-0.5026230812072754,-0.18768349289894104,0.07755069434642792,-0.4128267765045166,-0.0673895999789238,0.6059033274650574,-0.1833333671092987,-0.644696831703186,-0.6426728963851929,-0.4876037538051605,-0.16243021190166473,-0.5055001378059387,0.12410881370306015,-0.06358058750629425,0.38788530230522156,-0.23184123635292053,-0.5825743079185486,-0.2913309335708618,-0.12963737547397614,-0.19968390464782715,0.3506440818309784,0.31452271342277527,0.24059157073497772,0.16152337193489075,-0.4185206890106201,0.0034960168413817883,0.5229232907295227,0.3585250675678253,0.5848341584205627,0.28840065002441406,-0.0106296855956316,-0.19375397264957428,-0.32911232113838196,0.06268232315778732,0.17267514765262604,0.10550378262996674,-0.006968279369175434,-0.3990498483181,0.011757288128137589,-0.1436697542667389,0.001982571557164192,-0.04406805709004402,-0.008033574558794498,-0.08117099851369858,0.23914054036140442,-0.08271479606628418,-0.16211020946502686,-0.05124431475996971,-0.1574237197637558,-0.6765573620796204,-0.41675233840942383,0.09352715313434601,-0.2412697672843933,-0.49040091037750244,-0.3229838013648987,0.01423164177685976,-0.3063836395740509,0.03856806829571724,-0.016622673720121384,0.18636123836040497,-0.08232796937227249,-0.06406289339065552,-0.36277279257774353,-0.07048751413822174,-0.047591645270586014,0.2176070660352707,0.10668125003576279,0.3927307426929474,0.5829518437385559,0.9387559294700623,0.4057571291923523,-0.0949161946773529,-0.3950304687023163,-0.4628259539604187,0.6612533926963806,-0.07319313287734985,0.2744467556476593,0.8803242444992065,0.43719416856765747,-0.22842414677143097,-0.716020941734314,-0.01469019241631031,-0.24803811311721802,0.5295940041542053,0.5288944840431213,0.6759856343269348,0.8135460615158081,-0.26794925332069397,-0.6630005240440369,-0.3666209876537323,-0.011844699271023273,0.037470877170562744,0.1739908754825592,0.5827758312225342,0.8570497632026672,-0.31627631187438965,-0.458663672208786,-0.032666608691215515,0.19180484116077423,0.11544732749462128,0.16987110674381256,0.6091732382774353,0.6048861145973206,-0.13583403825759888,-0.7885235548019409,-0.23437397181987762,0.24298352003097534,0.2738126814365387,0.5231805443763733,0.42890939116477966,0.7017208337783813,0.09169447422027588,-0.8758000731468201,-0.29531800746917725,0.02991783618927002,0.08293270319700241,-0.19930560886859894,-0.227907195687294,0.5841314196586609,0.01667446829378605,-0.18091875314712524,-0.2685845196247101,0.42330825328826904,0.040040645748376846,0.43973490595817566,0.8763943910598755,0.5123966932296753,-0.029535388574004173,-0.5171536803245544,-0.241561159491539,-0.16868342459201813,0.20462755858898163,0.2835417091846466,0.12312929332256317,0.47651010751724243,0.18409311771392822,0.11776496469974518,0.48042988777160645,0.03889456391334534,-0.012407791800796986,0.27423983812332153,-0.06609427183866501,-0.038083214312791824,0.3007949888706207,0.028389757499098778,0.3380005657672882,-0.05083863437175751,0.28938767313957214,-0.18229535222053528,-0.1273094266653061,0.23407243192195892,-0.18308594822883606,-0.020982466638088226,0.542853593826294,0.0768876001238823,0.08692479133605957,-0.012035948224365711,0.006925152614712715,0.0283716581761837,-0.31400009989738464,-0.43771111965179443,0.08070551604032516,0.12115250527858734,0.3218837380409241,0.0038124455604702234,0.5743829011917114,0.188092902302742,-0.41461214423179626,-0.08529389649629593,0.32623162865638733,0.06856744736433029,0.3613867461681366,0.4326077699661255,-0.13262203335762024,-0.041400738060474396,0.39522334933280945,0.34059393405914307,-0.04597998782992363,-0.3946109712123871,-0.4464779496192932,-0.030578842386603355,-0.4239455759525299,-0.503385603427887,0.4744223654270172,-0.34419992566108704,-0.22800880670547485,-0.040919236838817596,-0.15585900843143463,-0.3565935790538788,-0.2397124320268631,-0.375435471534729,0.2757086455821991,0.5005223751068115,0.4526783525943756,-0.09801001846790314,-0.3703825771808624,0.10335282236337662,-0.4050139784812927,-0.21369989216327667,-0.16662514209747314,0.6069819927215576,0.054069288074970245,-0.7721416354179382,-0.4133829176425934,-0.7896780371665955,-0.75478595495224,-0.3307512402534485,-0.38842421770095825,-0.6601888537406921,-0.6838581562042236,0.06994804739952087,0.056168314069509506,0.07185734063386917,-0.20757348835468292,-0.19162225723266602,0.2517942488193512,-0.05220617353916168,-0.3247431218624115,-0.1582043319940567,-0.3405875861644745,0.10569813847541809,-0.3193131685256958,-0.16816550493240356,-0.008604522794485092,0.31686002016067505,-0.15292979776859283,-0.9492000937461853,-0.7443950772285461,-0.5371630787849426,-0.33629941940307617,-0.888772189617157,-0.17774046957492828,-0.33223211765289307,-0.36086028814315796,-0.1607283651828766,-0.3251761496067047,-0.35512101650238037,0.006657939404249191,-0.4826734662055969,-0.3418436348438263,0.48767155408859253,0.43402162194252014,-0.4310249984264374,-0.4758787453174591,-0.5090039968490601,0.24325352907180786,-0.304133802652359,-0.4156937003135681,-0.08283812552690506,-0.5129880309104919,-0.22026532888412476]"
28,810028,SELF_SENSORY,4,100,32,96,0.2829038202762604,0.5077105001546443,False,"[0.9434219598770142,0.5139678120613098,1.1374090909957886,0.30945855379104614]"
28,810028,CROSS_AGENT_YOKED_SENSORY,4,100,32,96,0.27992308139385486,0.6945156245492399,True,"[0.9584680795669556,0.5640085935592651,1.1587496995925903,0.014993504621088505]"
28,810028,SELF_OUTPUT,4,100,32,96,0.280128538608551,0.5072327922098339,False,"[0.9312816858291626,0.5187134146690369,1.1101813316345215,0.3428305387496948]"
28,810028,NO_FEEDBACK,3,100,32,96,0.2801183760166168,0.42783545795828104,False,"[0.9588568806648254,0.5636563897132874,1.156724214553833]"
28,810028,GENERIC_RNN_1D,6,100,32,96,0.28246092796325684,0.5586954578757286,False,"[0.8902375102043152,0.4625583291053772,1.1265299320220947,0.7377827763557434,-0.3200174868106842,-0.03000519797205925]"
28,810028,GRU_8,297,100,32,96,0.23727190494537354,0.9992962907999754,False,"[-0.19061996042728424,0.1405705213546753,-0.6478310823440552,-0.48278048634529114,-0.3869112730026245,-0.6553213596343994,0.44984889030456543,-0.1974305510520935,-0.04541841521859169,0.24426151812076569,0.4117039442062378,-0.4039080739021301,0.28689685463905334,0.28547945618629456,0.5181280374526978,-0.2436571568250656,0.029098857194185257,-0.2767215967178345,0.03594940900802612,-0.9677176475524902,-0.14575542509555817,-0.5329563021659851,0.06938367336988449,-0.4481097459793091,-0.15199221670627594,0.4294505715370178,0.021548371762037277,-0.2554005980491638,-0.141507089138031,0.3845844566822052,-0.4573729634284973,0.5028027892112732,-0.5534458756446838,-0.3117949366569519,-0.43636929988861084,-0.11803630739450455,0.61187744140625,0.40994971990585327,0.6745772361755371,-0.21102729439735413,0.13848920166492462,0.23929613828659058,-0.6338444948196411,-0.15461768209934235,-0.011048396117985249,-0.18431799113750458,0.05419722944498062,-0.1221468523144722,-0.23336109519004822,-0.35371190309524536,0.13188402354717255,0.2097044438123703,-0.42451876401901245,0.25131168961524963,0.12732449173927307,-0.02686615288257599,-0.00925859808921814,-0.24198821187019348,0.04859880357980728,0.012198023498058319,-0.2020295411348343,0.48525744676589966,0.25007879734039307,-0.023200519382953644,-0.0059194969944655895,-0.07085087895393372,0.09678976237773895,0.23857273161411285,-0.23462063074111938,0.24333256483078003,-0.04947920888662338,-0.276436448097229,-0.1263226568698883,-0.2623930275440216,0.2559016942977905,0.2934530973434448,-0.4340810775756836,0.2940273880958557,0.5032888650894165,-0.436933696269989,0.3396282494068146,0.29435843229293823,-0.4154749810695648,-0.2963925302028656,0.07539715617895126,0.17236696183681488,0.04440312832593918,0.4881426990032196,-0.14199775457382202,0.1842547059059143,-0.02663552016019821,0.39639970660209656,-0.49114587903022766,-0.24447111785411835,0.046587489545345306,-0.7033151388168335,-0.22068743407726288,0.10134909301996231,0.04717114195227623,0.4955727458000183,0.45564210414886475,-0.1762397736310959,-0.12875573337078094,-0.13493552803993225,-0.21677471697330475,-0.27595967054367065,0.21730661392211914,0.1228003203868866,-0.10228341072797775,-0.11837483942508698,0.33982542157173157,0.21110749244689941,0.11328660696744919,-0.15949539840221405,-0.22740165889263153,0.12742114067077637,-0.16712869703769684,0.20717692375183105,0.02497168444097042,-0.48206040263175964,-0.3708229064941406,-0.5464062094688416,-0.5059687495231628,-0.17181360721588135,-1.0880545377731323,-0.4048716127872467,0.17079825699329376,-0.6434103846549988,-0.2703094780445099,-0.14504243433475494,-0.48696285486221313,0.1461208462715149,-1.1760374307632446,-0.11349815875291824,0.48741164803504944,-0.8821617364883423,0.01520191878080368,-0.29148557782173157,-0.31091833114624023,0.10238905251026154,-0.4363740086555481,-0.12145962566137314,0.19392047822475433,-0.9909146428108215,-0.7929516434669495,-0.6633390784263611,0.7314148545265198,1.0358901023864746,0.9962051510810852,-0.9770222306251526,0.6274204254150391,-0.04611445590853691,-0.46758607029914856,0.14925555884838104,-0.23962782323360443,-0.21171864867210388,-1.1248652935028076,-0.3249255120754242,0.654049813747406,-0.6954137682914734,0.5026901364326477,-0.047325048595666885,0.13670966029167175,-0.0988159254193306,-0.014568481594324112,0.43613335490226746,-0.6353685855865479,0.3742949068546295,0.4063524901866913,0.23947960138320923,0.006242925766855478,0.34689170122146606,-0.2777082026004791,0.35026320815086365,-0.5973884463310242,0.8441067934036255,-0.105939120054245,-0.09816505014896393,0.09767543524503708,-0.23555292189121246,-0.14652998745441437,-0.06167338788509369,0.1426415741443634,0.13325169682502747,0.11217284202575684,0.19508790969848633,0.13612420856952667,-0.14320410788059235,0.11461029201745987,0.28500115871429443,0.14238013327121735,0.08622178435325623,-0.25376570224761963,0.033870864659547806,0.0668342188000679,0.24007537961006165,0.1833079755306244,0.007797551807016134,0.32919827103614807,-0.29016226530075073,-0.5459998250007629,-0.042032331228256226,-0.045429304242134094,0.23077577352523804,0.21464474499225616,-0.3743332028388977,0.12282922863960266,0.087405726313591,0.47433966398239136,0.4037826359272003,-0.295335978269577,-0.33238258957862854,0.08864731341600418,0.5177063941955566,-0.29495692253112793,0.2708819508552551,0.09148532152175903,0.4739076793193817,-0.09642091393470764,-0.3646868169307709,-0.31480661034584045,-0.08127931505441666,-0.10872886329889297,0.09452012181282043,0.16530536115169525,0.4752046465873718,-0.3658411204814911,-0.38803568482398987,-0.1686028689146042,0.18640504777431488,0.1273423433303833,-0.16472798585891724,0.10207885503768921,-0.4692208170890808,0.05364504083991051,-0.05238352715969086,0.13223792612552643,-0.47130733728408813,0.2935946583747864,-0.12988059222698212,0.07875455915927887,0.028667613863945007,0.11693178117275238,0.334014892578125,0.24679553508758545,-0.24993175268173218,0.3762584924697876,0.0434500128030777,-0.25426188111305237,-0.6323367357254028,-0.6470192670822144,-0.9386510252952576,0.0649762898683548,-0.705130934715271,0.00026487940340302885,-0.07018530368804932,0.20832578837871552,-0.10128206759691238,0.03131707385182381,0.052795153111219406,-0.13265933096408844,0.13199055194854736,0.13951390981674194,0.19203680753707886,-0.017669549211859703,-0.32775190472602844,-0.09263534843921661,0.18949635326862335,0.4656147062778473,-0.19044578075408936,0.07417359948158264,0.1699042022228241,-0.3694305717945099,-0.8360108137130737,-1.056655764579773,-0.51850825548172,0.1207657903432846,-0.7342410683631897,0.192421555519104,0.0902719646692276,0.21456964313983917,0.4159345328807831,-0.19404904544353485,0.1281900852918625,0.5502051711082458,-0.041293952614068985,-0.2591603696346283,0.27348005771636963,-0.2368844598531723,-0.5754879117012024,0.4792732298374176,0.6273566484451294,-0.08539226651191711,-0.6932710409164429,-0.19324752688407898,-0.030535520985722542,-0.01775895431637764]"
29,810029,SELF_SENSORY,4,100,32,96,0.2913595139980316,0.5039958329871297,False,"[0.7794448137283325,0.7514697909355164,1.1545900106430054,0.19383540749549866]"
29,810029,CROSS_AGENT_YOKED_SENSORY,4,100,32,96,0.29015852975460327,0.6967728747986257,True,"[0.7830950617790222,0.790759801864624,1.1547505855560303,-0.013827674090862274]"
29,810029,SELF_OUTPUT,4,100,32,96,0.2906140387058258,0.5049585001543164,False,"[0.7581557035446167,0.7617113590240479,1.1559768915176392,0.301972359418869]"
29,810029,NO_FEEDBACK,3,100,32,96,0.2881426513195038,0.4316274579614401,False,"[0.7515081763267517,0.8077124953269958,1.1807849407196045]"
29,810029,GENERIC_RNN_1D,6,100,32,96,0.2802179455757141,0.560503541957587,False,"[0.7505587935447693,0.7563844919204712,1.1683604717254639,0.37150123715400696,-0.15732431411743164,-0.03387979045510292]"
29,810029,GRU_8,297,100,32,96,0.23973779380321503,1.0010894583538175,False,"[-0.13997407257556915,-0.1120627224445343,-0.778047502040863,-0.053567539900541306,-0.7209898829460144,0.3199121356010437,0.4315534830093384,-0.17226411402225494,-0.6425924897193909,0.32988089323043823,0.36716631054878235,0.30622628331184387,0.06536738574504852,0.28616639971733093,-0.07607392966747284,-0.23095110058784485,-0.2259538769721985,-0.3913399577140808,0.08913706243038177,-0.9864585995674133,-0.033065520226955414,-0.7862175703048706,0.012834872119128704,-0.4544018805027008,0.02941817231476307,-0.4462808668613434,-0.18368352949619293,-0.564532458782196,-0.5383160710334778,0.20148348808288574,0.08593127131462097,-1.000606656074524,-0.2234252393245697,0.2391781359910965,0.3788091540336609,0.09030985832214355,-0.275151789188385,-0.4268959164619446,-0.6519555449485779,-0.04464324191212654,-0.6647756099700928,-0.30192163586616516,0.16614152491092682,0.4356120824813843,0.20511983335018158,0.42337337136268616,0.6052762269973755,-0.06214619800448418,0.15140338242053986,0.36609727144241333,-0.20786719024181366,-0.27741917967796326,-0.5227334499359131,0.3693561851978302,0.5195600986480713,-0.12226757407188416,0.003993852995336056,0.3519728183746338,-0.14162389934062958,0.31084564328193665,-0.21481968462467194,0.12725503742694855,-0.5296090841293335,0.2764672636985779,-0.00824166089296341,0.7318859696388245,-0.08968374133110046,-0.35789966583251953,-0.428882896900177,0.0931428000330925,0.20298907160758972,-0.05322851613163948,0.03954048827290535,0.3965189456939697,-0.35400640964508057,-0.06064898893237114,-0.36498403549194336,-0.24125047028064728,0.31142136454582214,-0.17632929980754852,-0.40375271439552307,0.4617464244365692,0.15441064536571503,-0.11714555323123932,-0.029614204540848732,-0.8105932474136353,-0.30689942836761475,-0.20156331360340118,-0.1566530019044876,0.23467803001403809,0.23544397950172424,0.10680520534515381,0.07348427176475525,-0.030848825350403786,0.002193821594119072,0.08203424513339996,0.07105132937431335,-0.09264551848173141,0.0050965286791324615,0.45416390895843506,0.27734455466270447,0.3955429494380951,0.22090771794319153,-0.30948618054389954,-0.529370129108429,0.4364687502384186,-0.1609087437391281,-0.4711894094944,0.08462171256542206,-0.4619259834289551,-0.36050161719322205,0.3228124678134918,-0.4101937413215637,-0.04028594493865967,-0.11922714859247208,0.09890589863061905,0.1235266849398613,-0.5502493381500244,-0.17880034446716309,0.13962964713573456,-0.0313410609960556,0.16152533888816833,-0.36718201637268066,-0.03333709388971329,0.10898414254188538,-0.5095259547233582,-0.43516111373901367,0.5261400938034058,-0.39660245180130005,0.7541487216949463,-0.23764701187610626,-0.1765938252210617,-0.040232572704553604,-0.9144791960716248,-0.41216060519218445,0.18558308482170105,-0.1031540259718895,-0.3521604537963867,-0.07129891216754913,-0.045377217233181,0.09529528021812439,-0.36409613490104675,-0.8841182589530945,0.6161370873451233,0.3105514645576477,0.008561519905924797,-0.34526562690734863,0.13468165695667267,0.1439075917005539,-0.4031553864479065,-0.7192943692207336,0.7181036472320557,0.7967219352722168,0.15604156255722046,-0.46257272362709045,0.2579129934310913,-0.415588915348053,-0.9771617650985718,-0.29728102684020996,0.12827640771865845,-0.7679787874221802,0.7288830280303955,-0.17878620326519012,-0.16645723581314087,-0.21031367778778076,-0.17697755992412567,0.3486425280570984,0.45221593976020813,0.3035937547683716,0.10515794157981873,-0.02536165341734886,-0.13296405971050262,-0.0720776617527008,-0.74676913022995,-0.7310659885406494,0.39656636118888855,-0.35077208280563354,0.3402358591556549,-0.29545384645462036,-0.0952044352889061,-0.00861104391515255,-0.014736328274011612,0.022841529920697212,0.21144773066043854,-0.3888951539993286,0.3525451421737671,-0.2788771688938141,-0.020959634333848953,-0.06561120599508286,-0.5142902731895447,-0.20519064366817474,0.07978680729866028,-0.009954297915101051,-0.04769635573029518,-0.265729695558548,0.4480665326118469,0.19497598707675934,0.1469729095697403,0.12701742351055145,-0.2587631046772003,0.40158092975616455,0.23708556592464447,-0.08836443722248077,0.2669466435909271,0.37182068824768066,-0.17156442999839783,0.19321811199188232,-0.31162622570991516,-0.17811685800552368,-0.1767653375864029,0.14878101646900177,0.23028108477592468,0.13605983555316925,0.48583635687828064,-0.06946706026792526,-0.4618571400642395,0.011635600589215755,0.16305968165397644,-0.2397954761981964,0.10866251587867737,-0.13739673793315887,0.14099697768688202,0.6125198006629944,0.06110332906246185,0.27930331230163574,-0.38663485646247864,-0.13993343710899353,0.07974249124526978,0.2525377869606018,-0.05145407095551491,0.15348006784915924,-0.4103192687034607,-0.0821085050702095,-0.03770168870687485,-0.2162146121263504,-0.12863169610500336,-0.09435028582811356,-0.16913793981075287,-0.25959116220474243,-0.09678637981414795,0.06631637364625931,-0.2240859568119049,0.1451420783996582,0.10349170118570328,0.0075583690777421,-0.12494850903749466,0.4716854691505432,0.019622743129730225,-0.5691844820976257,-0.8452987670898438,-0.47067686915397644,-0.48493942618370056,-0.410858154296875,-0.5282506346702576,0.19039885699748993,-0.7216430902481079,-0.11136240512132645,0.06918761134147644,0.21041572093963623,0.14836902916431427,-0.03929850086569786,-0.1260138899087906,0.5475571155548096,-0.16316813230514526,-0.15560607612133026,-0.0007004895014688373,-0.06803446263074875,0.33732277154922485,0.16645729541778564,-0.1863929182291031,0.4349803328514099,-0.29756391048431396,0.013782402500510216,-0.8223185539245605,-0.620356559753418,-0.5046865344047546,-0.37000077962875366,-0.6559833884239197,0.018130233511328697,-0.9924845695495605,0.18059125542640686,-0.24057537317276,0.12395065277814865,-0.2884039282798767,0.21707147359848022,0.5522314310073853,0.5724586844444275,0.1963992863893509,-0.08959072083234787,0.8607772588729858,-0.475191593170166,-0.5331169366836548,-0.4471575915813446,0.32375073432922363,0.1111450120806694,0.6766860485076904,-0.0011225520865991712]"
30,810030,SELF_SENSORY,4,100,32,96,0.3289683759212494,0.5034637083299458,False,"[0.867323637008667,0.8386054635047913,0.9549664855003357,0.23024965822696686]"
30,810030,CROSS_AGENT_YOKED_SENSORY,4,100,32,96,0.3222124886049999,0.7079181671142578,True,"[0.8690966963768005,0.8744611740112305,0.9598078727722168,0.012725125066936016]"
30,810030,SELF_OUTPUT,4,100,32,96,0.3303377330303192,0.5066545843146741,False,"[0.8677558302879333,0.8319709897041321,0.9448171854019165,0.32881787419319153]"
30,810030,NO_FEEDBACK,3,100,32,96,0.3216536343097687,0.42509625013917685,False,"[0.8682440519332886,0.8729373812675476,0.9604699015617371]"
30,810030,GENERIC_RNN_1D,6,100,32,96,0.3182964026927948,0.5545975831337273,False,"[0.8405134081840515,0.8254619240760803,0.9542078375816345,0.525260329246521,-0.21609269082546234,-0.00855767447501421]"
30,810030,GRU_8,297,100,32,96,0.24037422239780426,0.9915960421785712,False,"[0.07017487287521362,0.32003578543663025,0.672957718372345,0.12871681153774261,-0.2359665334224701,0.31742528080940247,-0.19000785052776337,0.03409940376877785,-0.766975462436676,-0.21781516075134277,-0.49423718452453613,-0.5244627594947815,0.1967601180076599,-0.31037163734436035,-0.027510546147823334,0.08512043952941895,-0.17993608117103577,0.44598686695098877,-0.05799378082156181,-0.6648259162902832,-0.17969119548797607,-0.3874259889125824,0.1181321069598198,-0.4179888665676117,0.07454744726419449,-0.7332122325897217,0.19994255900382996,-0.5003818869590759,-0.05547834932804108,-0.8705757856369019,0.15308591723442078,-0.40890803933143616,-0.042930278927087784,0.3815639615058899,-0.6365935802459717,-0.1778983622789383,0.09191612899303436,0.05378901585936546,-0.4856014847755432,-0.16454727947711945,0.44580262899398804,0.332913875579834,-0.46040740609169006,-0.0034241119865328074,-0.6200353503227234,-0.09878309071063995,0.4298701584339142,-0.04472217708826065,0.1357584446668625,-0.612434983253479,0.2341553419828415,-0.8790464401245117,0.6682521104812622,0.16918712854385376,-0.014614648185670376,0.04414137825369835,-0.26108866930007935,-0.4177727997303009,-0.21761159598827362,0.29047515988349915,0.3694348633289337,0.07738810777664185,0.1640879213809967,0.11916335672140121,0.1744084507226944,0.3743458390235901,-0.08576370030641556,0.4426250159740448,-0.3006066083908081,0.4580446779727936,0.42969033122062683,-0.017698422074317932,-0.33484145998954773,-0.32139402627944946,-0.009561683051288128,-0.1066223606467247,0.37162134051322937,-0.32902225852012634,-0.675825834274292,0.017693668603897095,-0.23592577874660492,-0.041403502225875854,0.07604013383388519,-0.34557780623435974,-0.07397045195102692,-0.04908072203397751,-0.30627185106277466,-0.10542411357164383,-0.37780460715293884,0.43110233545303345,-0.4972885847091675,-0.2886688709259033,-0.23751859366893768,0.0014381202636286616,-0.013899208977818489,0.24757884442806244,0.06313055008649826,-0.12461904436349869,-0.5379160642623901,-0.19517354667186737,0.15913914144039154,-0.1238141879439354,-0.35640931129455566,0.19322040677070618,-0.17430894076824188,-0.11612255871295929,-0.39722397923469543,-0.04898291081190109,-0.4657543897628784,0.2048155516386032,0.3094364404678345,-0.32135993242263794,0.47428300976753235,0.4675215780735016,0.018964312970638275,0.9406701922416687,-0.23751091957092285,0.9143152832984924,0.4341467022895813,-0.4912715554237366,-0.5862593650817871,0.3857654929161072,-0.5144558548927307,-0.10515879094600677,0.2079133540391922,-0.6129215955734253,-0.015971913933753967,0.17451702058315277,-0.3897639513015747,-0.35760003328323364,-0.030511749908328056,0.030058354139328003,0.6246324181556702,-0.16552522778511047,-0.3907400965690613,-0.21406503021717072,-0.6560846567153931,0.19342462718486786,-1.128272533416748,-0.6649041771888733,0.17038629949092865,-0.4725642502307892,0.41157013177871704,0.32791104912757874,-0.8556820750236511,0.22802627086639404,-0.4881223440170288,-0.2299075871706009,-0.09173168241977692,-0.7858066558837891,-0.01127055287361145,0.3753471076488495,-0.8137829303741455,0.44047072529792786,-0.9234864711761475,-0.09081527590751648,0.18953126668930054,-0.3291306495666504,-0.0009198997868224978,0.9364639520645142,-0.8987041115760803,0.1259894073009491,-0.8442927598953247,-0.4911125898361206,-0.020867547020316124,-0.3148021101951599,0.13070547580718994,0.30352672934532166,-1.0695050954818726,0.1883070170879364,-0.7812928557395935,-0.02447935938835144,-0.008344530127942562,-0.555350661277771,0.1716984212398529,0.7217934727668762,-0.07263466715812683,-0.3590003252029419,0.2226460725069046,-0.4459274113178253,0.1488044410943985,-0.1808527112007141,-0.06367465853691101,-0.06013568118214607,-0.02268248051404953,0.20952609181404114,-0.5254184603691101,-0.04958854615688324,-0.21784892678260803,0.03606914356350899,0.2926735281944275,0.023349056020379066,0.0759200006723404,-0.1280275583267212,0.10238334536552429,0.046169593930244446,-0.08277752250432968,0.2920607030391693,0.5096923112869263,0.021376166492700577,0.5594343543052673,0.3353612422943115,-0.1792803406715393,-0.11236167699098587,0.0006557464366778731,-0.05939111113548279,-0.03399447351694107,0.07085186243057251,-0.3997702896595001,0.07141213864088058,-0.2979969382286072,-0.3342098891735077,0.38435763120651245,0.11246678233146667,-0.346298485994339,-0.0023321975022554398,-0.04306342452764511,-0.09874965995550156,-0.03990326076745987,-0.1488403081893921,-0.06756118685007095,-0.14677582681179047,0.39534056186676025,-0.008489515632390976,-0.12971431016921997,0.20600692927837372,-0.19429780542850494,0.09499041736125946,-0.186829075217247,0.3274068534374237,-0.13004948198795319,0.06632852554321289,-0.08028607815504074,-0.1612139344215393,0.04452325776219368,0.06070660054683685,-0.13013184070587158,-0.13715456426143646,-0.4363149106502533,-0.3276950418949127,0.5320536494255066,-0.05896048620343208,0.45422065258026123,-0.03618749603629112,-0.3808746039867401,0.0627080500125885,-0.010296612977981567,-0.2289559245109558,-0.15863372385501862,-0.5050718188285828,-0.09182281047105789,-0.4709036946296692,-0.4408729672431946,-1.0746718645095825,-0.45794612169265747,-0.45122745633125305,0.19784733653068542,0.21709872782230377,0.607186496257782,0.1034628227353096,-0.0018084438052028418,0.05190817639231682,-0.005065198056399822,-0.09024684876203537,0.25936150550842285,-0.27847403287887573,0.030201619490981102,-0.5144274830818176,-0.18065442144870758,-0.4051699638366699,-0.24155724048614502,-0.26715683937072754,0.11736118048429489,-0.33109599351882935,0.09322938323020935,-0.8905443549156189,-0.7867669463157654,-0.786044180393219,-0.31588536500930786,-0.45792144536972046,0.31983089447021484,-0.4021005928516388,0.4134063124656677,0.041368529200553894,-0.234891876578331,0.356602281332016,0.15214739739894867,-0.14000259339809418,0.1011858880519867,-0.6271963119506836,0.048435188829898834,-0.4867868423461914,0.5843063592910767,-0.569687008857727,-0.6122369170188904,0.5192117094993591,0.004386045504361391]"
31,810031,SELF_SENSORY,4,100,32,96,0.29325973987579346,0.5103393332101405,False,"[0.8623705506324768,0.8270630240440369,0.9874857664108276,0.1800771951675415]"
31,810031,CROSS_AGENT_YOKED_SENSORY,4,100,32,96,0.2872798324780459,0.7014233330264688,True,"[0.8689126372337341,0.857142448425293,1.0024224519729614,-0.0289088636636734]"
31,810031,SELF_OUTPUT,4,100,32,96,0.29284653067588806,0.5061605838127434,False,"[0.8477203845977783,0.8253325819969177,0.9720606207847595,0.31943440437316895]"
31,810031,NO_FEEDBACK,3,100,32,96,0.2870604991912842,0.43213879177346826,False,"[0.8637404441833496,0.8639203310012817,1.0060385465621948]"
31,810031,GENERIC_RNN_1D,6,100,32,96,0.2863069772720337,0.5500099579803646,False,"[0.8273345232009888,0.7718361616134644,0.9807713031768799,0.6737086772918701,-0.33223894238471985,-0.011762387119233608]"
31,810031,GRU_8,297,100,32,96,0.2156994789838791,1.0079407920129597,False,"[-0.27108141779899597,-0.2315722405910492,0.020663773640990257,0.16335484385490417,0.5350782871246338,0.008697080425918102,-0.5989710688591003,-0.1815938949584961,-0.42942386865615845,0.047840360552072525,-0.5302748084068298,0.2511633336544037,-0.15235815942287445,0.37958061695098877,-0.3148348927497864,-0.4343591630458832,0.5444433689117432,-0.8452882766723633,0.09795811772346497,-0.18084445595741272,-0.049291063100099564,-0.9198279976844788,0.10193153470754623,-0.9293423295021057,0.12856286764144897,-0.14178872108459473,-0.3854174315929413,0.36709073185920715,0.07412585616111755,-0.32260406017303467,0.022957971319556236,-0.3886748254299164,-0.36571013927459717,0.23251409828662872,0.6551603078842163,0.1994406282901764,-0.6165571212768555,0.29643145203590393,0.5946080684661865,0.21724864840507507,0.0739331766963005,0.31142085790634155,0.07421689480543137,0.03506946936249733,-0.4124041497707367,0.16787482798099518,-0.4745487868785858,-0.3087920546531677,0.09486743062734604,-0.027311060577630997,0.09594099968671799,-0.22731971740722656,0.1875600516796112,0.2115982323884964,0.3392671048641205,0.012219782918691635,0.20798654854297638,-0.24378949403762817,0.1555638462305069,-0.3203752934932709,-0.27553385496139526,-0.04189734533429146,-0.0318785198032856,0.13072171807289124,-0.39520788192749023,0.03794489800930023,0.029963750392198563,0.37127596139907837,-0.18373706936836243,0.10453297197818756,0.32103386521339417,-0.018520286306738853,0.04369858652353287,0.13324402272701263,0.5264527797698975,0.2250618189573288,-0.3887021839618683,-0.0776524767279625,0.41943684220314026,-0.12218430638313293,0.33953019976615906,-0.43658503890037537,-0.2670885920524597,-0.1255548596382141,0.012917401269078255,0.23368585109710693,0.14728005230426788,-0.15972575545310974,0.26843276619911194,0.005354423075914383,-0.006305327173322439,0.17592169344425201,-0.05215894430875778,-0.2126479148864746,0.3425823152065277,0.11964418739080429,0.03734444081783295,0.09366995096206665,0.24276411533355713,-0.1932523399591446,0.051896438002586365,-0.10977571457624435,0.3168160617351532,-0.13122932612895966,-0.11223196983337402,-0.4678720533847809,0.18423135578632355,-0.18643072247505188,-0.8215413689613342,0.25933191180229187,-0.16099859774112701,0.1306229829788208,-0.5297250747680664,0.22414380311965942,0.20623891055583954,0.4593561887741089,-0.16608841717243195,-0.49156349897384644,-0.09665283560752869,-0.22858530282974243,-0.6645820140838623,0.12721937894821167,0.6419118642807007,-0.07497584819793701,-0.4877159595489502,0.18980717658996582,0.1682223528623581,-0.09856098890304565,-0.6895331144332886,-0.21744725108146667,0.19531062245368958,-0.06867732852697372,-0.9686305522918701,-0.18407216668128967,-0.013337296433746815,-0.16004009544849396,-0.6846463680267334,-0.16434215009212494,0.0025468124076724052,0.4245189130306244,-0.6868427395820618,-0.019172020256519318,0.24248410761356354,0.15907026827335358,-0.47304418683052063,-0.0016978447092697024,-0.5367931723594666,0.6582456231117249,0.02717958390712738,0.11056692153215408,-0.20901407301425934,-0.02210478112101555,-0.12986743450164795,0.8142749667167664,-0.47636982798576355,0.8091129660606384,-0.45549991726875305,0.0003095600986853242,-0.32831916213035583,-0.6650237441062927,-0.5372709035873413,0.01578528806567192,0.7133446931838989,0.3330228924751282,-0.2906017303466797,-0.08865407109260559,-0.03860855475068092,-0.05387888848781586,-0.12122645229101181,0.1531742364168167,0.45754432678222656,0.1335151046514511,-0.35745400190353394,-0.4780561923980713,-0.04815974086523056,-0.1486051380634308,-0.2825709581375122,-0.458416610956192,-0.2051021009683609,-0.27472856640815735,-0.20097938179969788,-0.04319820925593376,-0.04015972837805748,0.41491422057151794,-0.11387541890144348,0.12183184921741486,-0.0677967444062233,0.4306972026824951,0.47555139660835266,0.028810376301407814,0.05838456004858017,-0.19520822167396545,0.02936571277678013,-0.09260883182287216,-0.04063526168465614,0.16636335849761963,-0.31319960951805115,0.3439672291278839,0.16817651689052582,0.14198969304561615,-0.3492337167263031,-0.17262153327465057,0.050151277333498,0.1599656492471695,0.19894224405288696,0.0813937708735466,-0.3975007236003876,0.04690774902701378,0.11434845626354218,-0.27219468355178833,0.4040798246860504,-0.43985694646835327,-0.11876185238361359,0.047467198222875595,-0.13795989751815796,0.4696495831012726,-0.05598888918757439,0.3805916905403137,-0.33672913908958435,0.36597809195518494,0.03636619821190834,0.19259540736675262,-0.3684031665325165,-0.20922255516052246,0.08782464265823364,-0.36703357100486755,0.255206435918808,-0.23235848546028137,-0.16210418939590454,0.37986278533935547,0.2616606652736664,0.2882820963859558,0.13641047477722168,-0.4553700089454651,-0.08304327726364136,-0.06269863992929459,0.19579115509986877,0.1288897693157196,0.31135040521621704,0.012932691723108292,0.37616169452667236,-0.1495705246925354,-0.3379717767238617,-0.2649354636669159,-0.0768176019191742,-0.1953796148300171,0.2885236144065857,0.06669203191995621,-0.39961278438568115,-0.6681250929832458,-0.47679054737091064,-0.9627441167831421,-0.4775429368019104,-0.21660089492797852,-0.8402032256126404,-0.8889498710632324,0.34661057591438293,-0.20020781457424164,-0.12118033319711685,-0.14920541644096375,0.23668524622917175,0.08628057688474655,-0.14312653243541718,0.18193812668323517,0.4137449860572815,0.20846927165985107,-0.2872888147830963,-0.5832568407058716,0.03897654637694359,-0.3447813093662262,-0.11455649882555008,0.26555606722831726,-0.6215047240257263,-0.8326825499534607,-0.9358838200569153,-0.8786379098892212,-0.1892126053571701,-0.1018669381737709,-0.6275238394737244,-0.6357201933860779,0.1765632927417755,-0.04628985375165939,-0.18778321146965027,-0.14277878403663635,0.11202652007341385,-0.04130567982792854,0.04560823366045952,-0.018831823021173477,-0.28454384207725525,0.33799439668655396,-0.6856889724731445,0.6495307683944702,0.0785210058093071,0.19245480000972748,-0.4204549491405487,-0.6265745759010315,0.20837374031543732]"
