seed_block,training_seed,arm,parameter_count,updates,batch_size_trajectories,sequence_length,final_training_mse,training_seconds,trained_with_self_donor_yoke,learned_parameters
0,820000,SELF_SENSORY,4,100,32,96,0.2828652858734131,0.5889623337425292,False,"[-0.8285164833068848,0.8344546556472778,-1.063823938369751,-0.19028575718402863]"
0,820000,CROSS_AGENT_YOKED_SENSORY,4,100,32,96,0.2816448506956011,0.7917011664249003,True,"[-0.8274990916252136,0.877934992313385,-1.068519949913025,0.002640801016241312]"
0,820000,LAG1_SENSORY,4,100,32,96,0.2815525531768799,0.6303358748555183,False,"[-0.8310596346855164,0.8380943536758423,-1.0644503831863403,-0.19589543342590332]"
0,820000,LAG4_SENSORY,4,100,32,96,0.28091520071029663,0.6263814172707498,False,"[-0.8314810991287231,0.8486015200614929,-1.0655326843261719,-0.1803007870912552]"
0,820000,SELF_OUTPUT,4,100,32,96,0.2852729558944702,0.5448385416530073,False,"[-0.8117238879203796,0.829106330871582,-1.0252134799957275,0.30880099534988403]"
0,820000,NO_FEEDBACK,3,100,32,96,0.2818717062473297,0.47539983317255974,False,"[-0.8272808790206909,0.8746153116226196,-1.0674655437469482]"
0,820000,GENERIC_RNN_1D,6,100,32,96,0.2736370265483856,0.6031954172067344,False,"[-0.7993435263633728,0.818571150302887,-1.06248939037323,-0.47241219878196716,0.2173841893672943,-0.012928544543683529]"
0,820000,GRU_8,297,100,32,96,0.21888987720012665,1.0455602910369635,False,"[0.28919944167137146,0.23018097877502441,-0.8199257254600525,-0.19469225406646729,0.6937286853790283,0.08893050253391266,-0.3117430806159973,-0.36539480090141296,0.22933770716190338,0.3135330080986023,-0.14844855666160583,-0.4373227059841156,-0.4318508505821228,-0.0016029077814891934,0.02759491465985775,0.3174267113208771,-0.0203256718814373,-0.45941102504730225,-0.4420696198940277,-0.5931881070137024,-0.2088790386915207,-0.970326840877533,-0.07347957789897919,-0.3209719657897949,-0.21525020897388458,0.2649376392364502,0.2545657753944397,-0.28731903433799744,-0.5989252328872681,-0.5085973143577576,0.016563495621085167,0.18370425701141357,0.5904185771942139,0.2466960996389389,-0.4484002888202667,-0.23090322315692902,0.46144720911979675,0.36220628023147583,0.5963655710220337,0.510398805141449,0.006526801269501448,-0.09799711406230927,0.14896659553050995,-0.17479056119918823,-0.470995157957077,-0.36398759484291077,0.04488382488489151,-0.5472861528396606,0.4382217228412628,0.06722196191549301,0.09010714292526245,0.5298073887825012,0.045347556471824646,0.27366599440574646,-0.27463847398757935,0.49428442120552063,-0.22709237039089203,-0.2023095041513443,-0.1846044659614563,-0.27407145500183105,-0.12860696017742157,-0.2895267903804779,-0.04408499225974083,-0.034437090158462524,-0.09680274873971939,-0.11809949576854706,0.03286841884255409,0.1986430287361145,-0.16477806866168976,0.01898117922246456,0.10504265129566193,0.47238966822624207,-0.15885739028453827,0.1627223789691925,-0.16652585566043854,-0.058169059455394745,-0.10310103744268417,-0.18828889727592468,-0.009981686249375343,0.00014893393381498754,0.05715939775109291,-0.33910295367240906,0.08063539862632751,0.19770953059196472,0.17668095231056213,0.12432711571455002,-0.06311878561973572,0.22750352323055267,-0.057307444512844086,0.03201869875192642,-0.23534871637821198,0.3221494257450104,0.06203179061412811,-0.15009154379367828,-0.1307486891746521,-0.42046356201171875,-0.009055817499756813,0.35103243589401245,-0.43089619278907776,-0.02126074582338333,-0.21278825402259827,0.26358678936958313,0.4189174473285675,-0.12560050189495087,0.3764079511165619,-0.056486353278160095,0.023687971755862236,-0.14285629987716675,0.5023432970046997,-0.13356715440750122,-0.47115302085876465,0.031559742987155914,-0.30871114134788513,0.24679403007030487,0.08099928498268127,0.15373069047927856,-0.7692152261734009,0.43757814168930054,0.08435065299272537,0.0420975424349308,0.06897497177124023,0.14089636504650116,-0.41196420788764954,0.258709579706192,-0.9559728503227234,0.30719831585884094,0.8301416039466858,-0.004746097140014172,-0.27413323521614075,0.016914889216423035,-0.02990490384399891,0.5933234691619873,-0.3968486487865448,0.5477026104927063,0.4287858009338379,-0.5260035991668701,0.1328243613243103,0.18891647458076477,-0.6053837537765503,0.20873309671878815,-0.5160378813743591,0.5793994069099426,0.2728990912437439,0.057664986699819565,-0.3334895074367523,0.43634122610092163,-0.36504244804382324,-0.044142358005046844,0.21254944801330566,-0.578971266746521,0.11806610971689224,-0.8796336650848389,0.0922534391283989,0.017118245363235474,-0.3346180319786072,0.01332065649330616,0.05081785470247269,0.5786086916923523,0.09888444095849991,0.0005647687939926982,0.3499142825603485,0.30722129344940186,-0.46624183654785156,0.6235331296920776,-0.9840429425239563,0.5470286011695862,0.8500244617462158,-0.17261984944343567,-0.7063937187194824,0.40332093834877014,-0.6903679370880127,0.049245625734329224,-0.23637346923351288,-0.2254677265882492,0.2185610830783844,-0.5130348205566406,0.45884189009666443,0.08322107046842575,0.3149564266204834,0.27104222774505615,-0.07500742375850677,0.09801667928695679,0.3987106382846832,0.19497528672218323,-0.18779858946800232,-0.11357901990413666,0.14471714198589325,-0.14304332435131073,0.2334136813879013,-0.37571293115615845,-0.23214776813983917,-0.4725878834724426,0.20877470076084137,0.10492610186338425,0.3776043951511383,0.2657514810562134,0.26430821418762207,-0.06585930287837982,0.28252163529396057,0.1868429034948349,0.2003742754459381,-0.26118406653404236,0.0614376924932003,0.08776786178350449,0.18128225207328796,0.06315107643604279,-0.07156524062156677,-0.17263542115688324,0.4524446129798889,-0.05059180408716202,0.37511491775512695,0.006041831336915493,-0.022043604403734207,0.2567223608493805,0.018475940451025963,-0.16284331679344177,-0.05259992182254791,-0.011027625761926174,-0.43657517433166504,0.18810789287090302,-0.3475417494773865,0.06840135157108307,0.623967170715332,-0.2965654134750366,0.11463773995637894,0.14156584441661835,-0.5305328369140625,-0.028563715517520905,0.17305225133895874,-0.33031243085861206,-0.311777800321579,-0.12895038723945618,-0.549721896648407,0.06636657565832138,-0.3183920085430145,-0.523966372013092,0.3626830279827118,0.10492906719446182,0.492498517036438,-0.41145434975624084,0.09428811073303223,-0.10376659780740738,-0.2675558626651764,-0.07760347425937653,-0.15194448828697205,-0.3353179097175598,-0.12145111709833145,-0.015505152754485607,-0.8393303155899048,-0.7096248269081116,-0.8516153693199158,-0.8661460280418396,0.24569439888000488,-0.3068964183330536,-0.6717220544815063,-0.3194344639778137,-0.07832945883274078,-0.3044300377368927,-0.10682612657546997,-0.23082217574119568,0.35546499490737915,-0.08552592247724533,-0.3533385992050171,0.19034193456172943,-0.28452223539352417,0.09918838739395142,0.19056101143360138,-0.1699918508529663,0.21322397887706757,0.23621690273284912,-0.28505536913871765,0.3846946060657501,-0.45834019780158997,-0.7746655344963074,-0.938763439655304,-0.3255305290222168,0.005541634745895863,-0.03319308161735535,-0.7103495597839355,-0.12559708952903748,0.13870550692081451,0.4423978626728058,0.3942272365093231,-0.3139876425266266,0.42578786611557007,0.045557621866464615,0.337479829788208,-0.20490244030952454,0.601828932762146,-0.7511436343193054,0.4477531909942627,0.5711012482643127,-0.01633460633456707,0.08259761333465576,-0.4600682854652405,-0.1329801231622696,-0.20735470950603485]"
1,820001,SELF_SENSORY,4,100,32,96,0.39016398787498474,0.5471722083166242,False,"[0.6811345219612122,0.7162654399871826,0.7981731295585632,0.2831597924232483]"
1,820001,CROSS_AGENT_YOKED_SENSORY,4,100,32,96,0.3983997150975423,0.7863039169460535,True,"[0.6867324113845825,0.7286304831504822,0.7957857251167297,-0.026463452726602554]"
1,820001,LAG1_SENSORY,4,100,32,96,0.3895195424556732,0.6276803747750819,False,"[0.6822460293769836,0.7181931734085083,0.798419177532196,0.27305465936660767]"
1,820001,LAG4_SENSORY,4,100,32,96,0.3906576633453369,0.6265219589695334,False,"[0.6839074492454529,0.7223426699638367,0.7986920475959778,0.23745857179164886]"
1,820001,SELF_OUTPUT,4,100,32,96,0.37794551253318787,0.5516921249218285,False,"[0.6756203174591064,0.7139505743980408,0.7826846837997437,0.27490535378456116]"
1,820001,NO_FEEDBACK,3,100,32,96,0.3948644697666168,0.4692901251837611,False,"[0.6880788803100586,0.7342517375946045,0.8014196753501892]"
1,820001,GENERIC_RNN_1D,6,100,32,96,0.3894338607788086,0.604865166824311,False,"[0.6688238382339478,0.7061097025871277,0.7887258529663086,0.40675419569015503,-0.15340708196163177,-0.034918732941150665]"
1,820001,GRU_8,297,100,32,96,0.25253811478614807,1.05240866728127,False,"[0.37950611114501953,0.3936087489128113,0.5652022361755371,0.5215234160423279,0.20963367819786072,0.07846323400735855,-0.5522258877754211,-0.36479172110557556,-0.4629371166229248,0.16820362210273743,0.4618612229824066,-0.02244061604142189,0.34473907947540283,-0.2890266180038452,-0.27004218101501465,0.46300429105758667,-0.007900305092334747,-0.2759394347667694,-0.2854233384132385,-0.12744535505771637,-0.15856999158859253,-0.502674400806427,0.2253962904214859,-0.3014395833015442,-0.044267985969781876,-0.6564399600028992,0.0007633808418177068,-0.49563559889793396,0.3404392600059509,-0.8551109433174133,-0.10031512379646301,-0.5655986666679382,-0.08670342713594437,-0.01488902885466814,0.20250557363033295,-0.10940247774124146,0.6181750297546387,0.43838265538215637,-0.30957260727882385,-0.018359553068876266,0.7173071503639221,0.1578366905450821,0.49846377968788147,-0.06848138570785522,0.4134271442890167,-0.2806134521961212,0.5206688642501831,0.17452363669872284,-0.024575814604759216,0.31626805663108826,-0.0011075467336922884,0.08229756355285645,0.213314950466156,-0.2990300953388214,-0.27979859709739685,0.452441930770874,0.2610439658164978,-0.004914295393973589,0.02242821268737316,-0.006585376337170601,0.10913637280464172,0.0147241884842515,0.262119323015213,-0.0869937315583229,0.14071305096149445,-0.4558406174182892,-0.08705788850784302,-0.4425656795501709,0.3737333416938782,0.49572622776031494,0.24733220040798187,0.33234983682632446,0.3093077838420868,-0.06504702568054199,-0.13691312074661255,-0.23461873829364777,-0.5043004155158997,-0.41750723123550415,-0.2914118468761444,0.37596243619918823,0.03490433469414711,-0.2203206568956375,-0.05680001899600029,-0.6419362425804138,0.3788502812385559,0.5330563187599182,0.05139491707086563,-0.12239499390125275,0.24818772077560425,-0.5518421530723572,0.12195727229118347,-0.379030704498291,0.27318650484085083,0.3157573342323303,0.5678754448890686,0.05319250375032425,-0.28237995505332947,-0.3225380778312683,-0.40375202894210815,0.02405776083469391,0.04097462445497513,-0.09116151928901672,0.0048670219257473946,-0.04321501404047012,-0.19793878495693207,0.4224071204662323,0.39473122358322144,-0.5836483240127563,0.4532756507396698,0.18457399308681488,0.4058263301849365,0.36154505610466003,-0.01629718393087387,-0.23018521070480347,-0.6593424081802368,0.07172907143831253,-0.46073949337005615,-0.18157561123371124,-0.11894255876541138,-0.30778828263282776,-0.5004073977470398,-0.6088618636131287,-0.21266034245491028,-0.04871511459350586,-0.10590603947639465,-0.9473277926445007,0.48975032567977905,-0.3359779119491577,0.05764826387166977,-0.48296356201171875,-0.240906223654747,-0.22918957471847534,0.4504770040512085,0.10744374990463257,0.8194229006767273,-0.7187047004699707,-0.08145591616630554,-0.529364824295044,-0.5050464868545532,-0.10278232395648956,0.7074426412582397,-0.07358095049858093,0.32128724455833435,-0.10737019777297974,0.09995431452989578,-0.6833629012107849,-0.4117041826248169,-0.501770555973053,0.36295104026794434,0.026921341195702553,0.9780422449111938,-0.29573529958724976,0.006584729999303818,-0.4288349151611328,0.06264366209506989,-0.2397734373807907,0.45983853936195374,-0.2280251383781433,0.697027862071991,-0.36889711022377014,-0.16016685962677002,-0.8706050515174866,0.11047768592834473,-0.3898681402206421,-0.17314469814300537,0.18890409171581268,0.12047956138849258,0.058831531554460526,-0.19934464991092682,-0.7253395915031433,-0.09807714819908142,-0.009401886723935604,0.7311230301856995,0.3425709903240204,0.5194526314735413,-0.5410296320915222,-0.18342570960521698,-0.049520984292030334,-0.3088105320930481,0.26680660247802734,-0.4444892108440399,-0.32253214716911316,-0.4566705822944641,-0.39950239658355713,0.30835431814193726,-0.113895483314991,0.0656125620007515,-0.19404742121696472,0.4725811779499054,0.32468539476394653,0.14077061414718628,0.12876386940479279,0.029558289796113968,0.18380728363990784,0.17602653801441193,-0.26427051424980164,0.270916610956192,-0.23722659051418304,0.3248741030693054,-0.14068607985973358,-0.2575186789035797,0.5185180902481079,-0.08444273471832275,-0.014960705302655697,-0.4105643332004547,-0.2167397439479828,-0.19256871938705444,0.05645405128598213,0.027644775807857513,-0.26020658016204834,0.42882171273231506,-0.3349514603614807,-0.13152731955051422,0.10493458807468414,-0.03486765921115875,0.03932226076722145,-0.09328828006982803,0.24178548157215118,-0.037251003086566925,0.06165064498782158,0.27280834317207336,0.33779239654541016,-0.20773053169250488,-0.0036965475883334875,-0.23909953236579895,-0.4068721830844879,-0.2572864890098572,0.0029444117099046707,-0.11560244858264923,-0.13838344812393188,-0.21945516765117645,-0.4145396947860718,0.2776690423488617,-0.5899034738540649,0.30301734805107117,-0.10331543534994125,0.2279084324836731,0.215226411819458,0.01430784072726965,0.1886397749185562,0.3662548065185547,-0.08777521550655365,-0.29082778096199036,0.24894878268241882,-0.08365241438150406,0.008902804926037788,-0.37973257899284363,-0.0665845051407814,-0.3490103483200073,-0.23800146579742432,-0.4915273189544678,-0.18915359675884247,-0.6099643111228943,-1.030074119567871,-0.5495360493659973,-0.8421837091445923,0.17814666032791138,0.3267364501953125,-0.12624359130859375,-0.02801557257771492,-0.1270071417093277,-0.18009860813617706,-0.3404865860939026,0.29036083817481995,0.1435592770576477,0.28138449788093567,-0.151800736784935,0.37796857953071594,-0.005783095955848694,0.12467645108699799,0.2107536643743515,-0.0500086173415184,-0.34388267993927,-0.3023644685745239,-0.6927257180213928,-0.2862488627433777,-0.7430789470672607,-0.4548368453979492,-0.6715596914291382,-0.584189772605896,-0.36914196610450745,0.5156190395355225,0.18265987932682037,0.007470405660569668,-0.10679564625024796,0.4776584506034851,0.12453287094831467,-0.08617666363716125,-0.2181207537651062,0.43300387263298035,0.7027283310890198,-0.2713860273361206,0.4712539613246918,0.5516424179077148,0.23206733167171478,0.3931353688240051,-0.24275484681129456]"
2,820002,SELF_SENSORY,4,100,32,96,0.2758878171443939,0.5542989578098059,False,"[-0.7929525971412659,0.9429548978805542,-1.0630589723587036,-0.14701056480407715]"
2,820002,CROSS_AGENT_YOKED_SENSORY,4,100,32,96,0.2715837160072126,0.774685624986887,True,"[-0.7859306335449219,0.985204815864563,-1.0697722434997559,-0.035195063799619675]"
2,820002,LAG1_SENSORY,4,100,32,96,0.27537044882774353,0.6225912910886109,False,"[-0.7963574528694153,0.9428500533103943,-1.0635625123977661,-0.1547793745994568]"
2,820002,LAG4_SENSORY,4,100,32,96,0.2742343842983246,0.6225622077472508,False,"[-0.7955978512763977,0.9524872899055481,-1.0648235082626343,-0.14142808318138123]"
2,820002,SELF_OUTPUT,4,100,32,96,0.2816590368747711,0.5420145839452744,False,"[-0.7796815633773804,0.9277439713478088,-1.0276188850402832,0.29081258177757263]"
2,820002,NO_FEEDBACK,3,100,32,96,0.27104052901268005,0.47222395800054073,False,"[-0.7853934168815613,0.9851537346839905,-1.0697883367538452]"
2,820002,GENERIC_RNN_1D,6,100,32,96,0.2728758752346039,0.6042315419763327,False,"[-0.7810060381889343,0.884468674659729,-1.0560905933380127,-0.45407941937446594,0.20664796233177185,0.0014858890790492296]"
2,820002,GRU_8,297,100,32,96,0.2155817598104477,1.0412476249039173,False,"[-0.2084289789199829,0.0744301900267601,-0.48101627826690674,0.3742266297340393,-0.32214608788490295,-0.5106090903282166,-0.17524610459804535,-0.1813971847295761,0.5556979179382324,0.23397892713546753,-0.4237164556980133,-0.538990318775177,-0.493822306394577,-0.03721937909722328,-0.9492807388305664,0.2674665153026581,0.6120757460594177,0.031838107854127884,-0.1370798498392105,-0.6318460702896118,0.021103721112012863,-0.29586735367774963,0.5540322661399841,0.24301160871982574,0.0787070095539093,-0.5124177932739258,-0.09081127494573593,-0.2203599214553833,0.18529395759105682,-0.8221258521080017,0.06630805134773254,-0.5398033261299133,0.15311923623085022,-0.2646404206752777,0.414395272731781,0.0913788303732872,-0.6714847683906555,-0.2357775866985321,0.006338678766041994,-0.4299233555793762,-0.51996910572052,-0.30176055431365967,-0.3741825520992279,0.11678628623485565,-0.36465519666671753,-0.044493675231933594,0.4953077733516693,0.36851969361305237,0.2999148666858673,0.3059293031692505,-0.006162981502711773,-0.2415340691804886,-0.15262125432491302,0.005350901745259762,-0.10271424800157547,0.32475417852401733,-0.3730105459690094,0.41965407133102417,-0.24711716175079346,-0.006398344878107309,-0.23089899122714996,-0.5872517228126526,-0.11044349521398544,0.41190406680107117,-0.23267672955989838,-0.19096602499485016,-0.0353504903614521,0.2828507721424103,-0.0032570213079452515,-0.01681717485189438,-0.022353800013661385,-0.2560073435306549,-0.16052569448947906,-0.5467550754547119,0.3777743875980377,0.14623045921325684,0.4315876066684723,-0.1163698062300682,-0.038511160761117935,-0.16148200631141663,-0.2195839285850525,-0.013171026483178139,-0.05124970152974129,0.1456226110458374,-0.06002519279718399,-0.47265076637268066,0.026597773656249046,0.13288946449756622,0.10372990369796753,-0.0888732299208641,-0.39535507559776306,0.36422422528266907,0.06830129772424698,-0.5031161904335022,0.000648408371489495,0.2081286907196045,-0.2950363755226135,0.1545034646987915,0.3015735447406769,0.6706541180610657,0.135462686419487,0.12409668415784836,-0.06090313568711281,0.049556370824575424,-0.27442657947540283,0.0818762332201004,-0.8160108923912048,0.22907452285289764,-0.4388500452041626,-0.22572998702526093,-0.00620124489068985,0.25009670853614807,0.38936859369277954,-0.2897198498249054,-0.28448325395584106,-0.10245534032583237,0.1532270312309265,5.6995777413249016e-05,0.27629926800727844,0.2973174452781677,0.38688957691192627,-0.353667289018631,0.15010617673397064,0.8694114089012146,0.43089261651039124,-0.29341626167297363,-0.8047283291816711,0.5142056941986084,0.31475523114204407,-0.4043290317058563,0.37519770860671997,0.48214903473854065,0.7956157922744751,-0.4612657129764557,-0.4575224816799164,0.31386521458625793,-0.03826918825507164,0.41301965713500977,0.10187021642923355,-0.45338645577430725,-0.5262492895126343,-0.1675928384065628,0.2941727638244629,0.04452069103717804,0.6764820218086243,0.1277020126581192,0.007117202505469322,1.0012743473052979,0.7263421416282654,-0.5605871677398682,0.06295107305049896,-0.07583753764629364,0.7535292506217957,-0.4192363917827606,0.206813246011734,0.5206807851791382,0.8168097734451294,-0.17195473611354828,-0.2944410741329193,0.3119578957557678,0.4539892077445984,-0.16031910479068756,0.4569774568080902,0.5595173239707947,0.4215920865535736,-0.2234402745962143,-0.8144887685775757,0.20806528627872467,0.5752552151679993,-0.2461310476064682,0.045565471053123474,0.9098559021949768,0.2537894546985626,-0.04506916180253029,-0.20152804255485535,-0.080813929438591,-0.32000839710235596,-0.234561026096344,0.06924605369567871,0.3659449517726898,-0.0824049562215805,0.22700746357440948,0.15322428941726685,0.059303168207407,0.37216663360595703,-0.1975882649421692,-0.5277305245399475,-0.4868275821208954,0.15103773772716522,-0.44560888409614563,-0.3880791664123535,0.27048683166503906,0.13668881356716156,-0.1022193506360054,0.24165989458560944,0.13230811059474945,-0.054656386375427246,0.10667294263839722,-0.02938981167972088,-0.1377299278974533,-0.13043229281902313,0.3234744668006897,-0.1341744065284729,0.1403966248035431,0.01584659516811371,-0.10266291350126266,-0.08147067576646805,0.1702345460653305,0.2520110607147217,-0.2712823748588562,-0.23014844954013824,-0.07077543437480927,-0.3109608292579651,-0.31733715534210205,-0.30910512804985046,-0.05758453533053398,-0.3077436089515686,0.03358042612671852,0.19635134935379028,-0.4449292719364166,-0.19889196753501892,-0.3043152093887329,-0.02716279961168766,-0.15776561200618744,-0.4758281707763672,-0.12175173312425613,0.3548261523246765,0.019813667982816696,-0.11426316946744919,0.19466286897659302,0.5057974457740784,-0.5250909328460693,0.26549381017684937,0.003975557163357735,-0.44252562522888184,-0.26126718521118164,-0.27791136503219604,-0.41385340690612793,0.17525054514408112,0.13429491221904755,0.23286442458629608,0.09062135219573975,0.17164477705955505,0.05260171741247177,-0.36453720927238464,0.40063121914863586,-0.10243220627307892,0.1798303723335266,-0.056949179619550705,-0.510617733001709,-0.904941976070404,0.541266679763794,-0.7650651931762695,-0.6819835305213928,-0.4418543875217438,-0.8363164663314819,-0.41631123423576355,0.13188162446022034,-0.08004529774188995,-0.48625126481056213,-0.030520714819431305,-0.13115939497947693,-0.2809606194496155,-0.11996593326330185,-0.05390547588467598,0.15126842260360718,-0.1183832436800003,-0.31622010469436646,0.1502823531627655,0.15043844282627106,-0.03298230469226837,0.07784736901521683,-0.20517762005329132,-0.36163511872291565,-0.27677249908447266,0.05957651883363724,-0.3967874050140381,-0.49664023518562317,-0.8611152768135071,-0.4640401303768158,-0.1462240070104599,-0.06692685186862946,0.40341687202453613,-0.14063884317874908,-0.2467271387577057,0.31434935331344604,0.567853569984436,-0.5745871663093567,0.06461025029420853,0.5892427563667297,-0.4763564467430115,0.07833787053823471,-0.35446926951408386,-0.28096437454223633,-0.6306017637252808,0.39872294664382935,0.06052360311150551]"
3,820003,SELF_SENSORY,4,100,32,96,0.3286576271057129,0.5529629169031978,False,"[-0.6658006310462952,0.8330472111701965,-1.048826813697815,-0.1492929607629776]"
3,820003,CROSS_AGENT_YOKED_SENSORY,4,100,32,96,0.33058909537579984,0.7880653748288751,True,"[-0.6645549535751343,0.8749645352363586,-1.0576865673065186,0.031359296292066574]"
3,820003,LAG1_SENSORY,4,100,32,96,0.32821720838546753,0.6339020002633333,False,"[-0.6670889258384705,0.837020218372345,-1.0495712757110596,-0.14639069139957428]"
3,820003,LAG4_SENSORY,4,100,32,96,0.3279484808444977,0.6285512079484761,False,"[-0.6671397089958191,0.8481249213218689,-1.0512518882751465,-0.12279465049505234]"
3,820003,SELF_OUTPUT,4,100,32,96,0.32304152846336365,0.5508670415729284,False,"[-0.6609503626823425,0.8367512226104736,-1.0305604934692383,0.32293984293937683]"
3,820003,NO_FEEDBACK,3,100,32,96,0.3296351432800293,0.4749920000322163,False,"[-0.6641414165496826,0.8755813241004944,-1.0584567785263062]"
3,820003,GENERIC_RNN_1D,6,100,32,96,0.33122676610946655,0.6034992076456547,False,"[-0.6444803476333618,0.8148075342178345,-1.0504045486450195,-0.4399404227733612,0.21508920192718506,-0.02872396819293499]"
3,820003,GRU_8,297,100,32,96,0.2611048221588135,1.0356653328053653,False,"[-0.5131666660308838,-0.19983899593353271,-0.5836905241012573,-0.009380556643009186,0.24870046973228455,-0.2199636697769165,-0.612061619758606,0.04919222742319107,-0.1760733425617218,0.19281354546546936,-0.08280951529741287,0.12314050644636154,0.17276236414909363,0.06888226419687271,0.7147861123085022,-0.2698790729045868,0.12523163855075836,-0.8834120035171509,0.12149135768413544,-0.9390957951545715,-0.23390920460224152,-0.7363525629043579,0.01892734132707119,-0.7063201069831848,-0.37951645255088806,-0.4335564374923706,0.188253715634346,-0.660747230052948,-0.32184842228889465,-0.8236469030380249,-0.30881768465042114,-0.5284955501556396,0.5226996541023254,0.3608469069004059,0.3915691673755646,0.45995110273361206,0.4635290205478668,0.13270309567451477,0.583576500415802,0.08903816342353821,-0.3843251168727875,-0.24825166165828705,-0.28806573152542114,0.2794983685016632,0.3052254319190979,0.3735407590866089,-0.5563501119613647,0.055632077157497406,0.18916495144367218,-0.1302470862865448,0.15653586387634277,0.042159758508205414,-0.35279181599617004,-0.040031854063272476,0.4379338026046753,-0.009604817256331444,-0.1014258936047554,0.21004745364189148,-0.10427214950323105,-0.27948611974716187,-0.4567112326622009,-0.402865469455719,0.46991103887557983,-0.3455716073513031,0.010789983905851841,0.501010537147522,0.05466396361589432,0.497422993183136,-0.09634512662887573,-0.4905069172382355,0.09544838219881058,-0.12409107387065887,0.11463334411382675,-0.17029118537902832,0.44776520133018494,-0.05614224448800087,0.25925248861312866,-0.2730964720249176,0.10741472244262695,-0.030856596305966377,0.37693262100219727,0.29991427063941956,0.4003716707229614,-0.2474111020565033,-0.5384517908096313,-0.49074509739875793,-0.02436038665473461,0.059457723051309586,-0.04472578689455986,-0.05858112499117851,0.3229658007621765,0.11286382377147675,-0.04632148519158363,-0.12916168570518494,0.31375953555107117,0.22743573784828186,0.33900102972984314,0.2654055953025818,0.43047282099723816,0.29984503984451294,-0.3435777723789215,-0.5513644218444824,0.1657916158437729,-0.14491082727909088,0.18891412019729614,0.6380581855773926,-0.03233564272522926,-0.06530983000993729,0.30753350257873535,-0.30912280082702637,-0.15671852231025696,-0.3442921042442322,0.6867088675498962,0.7235041856765747,-0.3131718635559082,0.18448422849178314,0.261299729347229,-0.22357340157032013,-0.5383405685424805,0.16359984874725342,0.33050528168678284,0.4051811993122101,-0.5379478335380554,0.5745419859886169,0.10877315700054169,-0.611990749835968,-0.5570772290229797,0.5821757912635803,0.7623963356018066,0.3700277805328369,-0.5861350893974304,0.11162614822387695,0.5829333066940308,-0.6217470765113831,-0.4206562936306,0.3664359748363495,0.6367433667182922,0.741802453994751,-0.728621244430542,0.32628193497657776,0.7828168272972107,-0.07916060835123062,-0.384683758020401,0.2335178107023239,0.45338499546051025,0.7531124949455261,-0.43628573417663574,0.030918844044208527,0.20340578258037567,-0.5887476801872253,-0.37721872329711914,0.7261601090431213,0.07246258854866028,-0.10322605818510056,-0.007823441177606583,0.42335930466651917,0.16595560312271118,-0.40891310572624207,0.01125441212207079,0.14054778218269348,0.4217909872531891,0.27818727493286133,-0.43855419754981995,0.3565872311592102,0.024509010836482048,-0.1881399005651474,-0.20173871517181396,0.13695953786373138,0.4190734922885895,0.4538067877292633,-0.39452308416366577,0.2742980420589447,0.841681957244873,-0.6043638586997986,-0.6434860229492188,0.7905553579330444,-0.11802602559328079,0.261597216129303,-0.21033698320388794,0.5504218339920044,-0.2904127836227417,0.01628161408007145,0.05469787120819092,0.19260857999324799,-0.10757351666688919,-0.1555260866880417,-0.25027185678482056,0.4665625989437103,-0.17619377374649048,-0.25129881501197815,-0.3017750084400177,-0.12850525975227356,0.20181666314601898,-0.05404352769255638,-0.11831796914339066,0.10339680314064026,-0.1564994901418686,-0.43989330530166626,0.16198568046092987,0.12902869284152985,0.06964952498674393,0.46411633491516113,-0.17401887476444244,0.2622312605381012,0.2070300281047821,-0.38287439942359924,-0.16611357033252716,0.09815923869609833,-0.4152403473854065,-0.32236209511756897,-0.05552755296230316,0.08218082785606384,0.35346442461013794,0.27868250012397766,0.041243117302656174,0.1307586282491684,-0.09576354920864105,0.10016779601573944,-0.01173296757042408,-0.30917397141456604,-0.24059955775737762,0.15199247002601624,0.44714662432670593,-0.09058137983083725,0.08541708439588547,0.41359972953796387,-0.017044376581907272,0.3634617030620575,0.21289102733135223,-0.4086647927761078,0.057235296815633774,0.08850528299808502,-0.38931745290756226,0.26707690954208374,-0.2830949127674103,-0.0681539922952652,0.377462774515152,0.17056149244308472,-0.13864102959632874,-0.10465595126152039,0.043609894812107086,-0.21747954189777374,-0.14933641254901886,-0.13365022838115692,-0.2899453639984131,-0.26480138301849365,0.2715045213699341,0.010548646561801434,-0.41928377747535706,-0.4341281056404114,-0.48816198110580444,-0.7433345317840576,-0.8116495013237,-0.12778745591640472,-0.8535389304161072,-0.5202702283859253,-0.15988633036613464,-0.297517329454422,0.15125904977321625,0.14227797091007233,-0.211723193526268,-0.044648971408605576,0.1360785812139511,-0.005341260228306055,-0.09738853573799133,0.14029087126255035,-0.18850590288639069,-0.120716392993927,0.19181612133979797,-0.4810836911201477,0.21197977662086487,-0.5145121216773987,-0.4278128445148468,-0.6823916435241699,-1.061976432800293,-0.35039567947387695,-0.5990113615989685,-0.5618934035301208,-0.767083466053009,-0.7079204320907593,-0.29149967432022095,-0.2771551012992859,0.05056849494576454,-0.34197965264320374,0.15662135183811188,0.07524487376213074,0.18423478305339813,-0.20750285685062408,0.5700706839561462,0.41502419114112854,0.3229687213897705,0.5167672038078308,-0.41478046774864197,-0.15049557387828827,0.3154873549938202,-0.5266172885894775,-0.12489696592092514]"
4,820004,SELF_SENSORY,4,100,32,96,0.279891699552536,0.5555397090502083,False,"[0.5877325534820557,1.027345061302185,1.1168845891952515,0.02094264328479767]"
4,820004,CROSS_AGENT_YOKED_SENSORY,4,100,32,96,0.27919294437037784,0.7774248751811683,True,"[0.5924062132835388,1.063829779624939,1.1278407573699951,-0.01700662076473236]"
4,820004,LAG1_SENSORY,4,100,32,96,0.27962395548820496,0.6289161248132586,False,"[0.589233934879303,1.028813362121582,1.1180126667022705,0.020342431962490082]"
4,820004,LAG4_SENSORY,4,100,32,96,0.27970394492149353,0.6209809998981655,False,"[0.5894255638122559,1.0377401113510132,1.1206382513046265,0.011114838533103466]"
4,820004,SELF_OUTPUT,4,100,32,96,0.270961731672287,0.5546555421315134,False,"[0.5688372254371643,1.0091828107833862,1.098838210105896,0.2636184096336365]"
4,820004,NO_FEEDBACK,3,100,32,96,0.278204083442688,0.4702154169790447,False,"[0.581084668636322,1.0657587051391602,1.1386209726333618]"
4,820004,GENERIC_RNN_1D,6,100,32,96,0.283049613237381,0.599827874917537,False,"[0.5937826633453369,0.8928922414779663,1.0976444482803345,0.31416186690330505,-0.16450804471969604,0.005343505647033453]"
4,820004,GRU_8,297,100,32,96,0.2144107073545456,1.0426650000736117,False,"[-0.06119117513298988,-0.20588670670986176,0.2915392518043518,0.19676458835601807,0.29861247539520264,0.4241137206554413,0.6357733607292175,-0.31985676288604736,-0.6874690651893616,-0.13872405886650085,0.6272327899932861,0.07479750365018845,0.20013213157653809,0.2291678786277771,-0.3576706051826477,-0.33224523067474365,0.5192394852638245,-0.8992078900337219,-0.2878545820713043,-0.42085757851600647,0.10755819082260132,0.155569389462471,0.030854173004627228,-0.949715793132782,0.09809833019971848,-0.8973771333694458,0.043880995362997055,-0.3693031668663025,-0.21866263449192047,-0.5614033937454224,0.2582680583000183,-0.7487776875495911,-0.33047398924827576,-0.06721359491348267,-0.5627826452255249,-0.1647690385580063,-0.11980800330638885,0.18292945623397827,0.6068845391273499,0.2665165662765503,0.6338477730751038,0.28278103470802307,0.6238515377044678,-0.03685837611556053,-0.5277450084686279,-0.02856803871691227,-0.6024295091629028,-0.05887439101934433,0.14859329164028168,0.21567414700984955,-0.231615349650383,-0.42820248007774353,-0.4634416699409485,0.3851938247680664,0.39131447672843933,-0.07549729198217392,-0.0494861826300621,-0.24901188910007477,-0.025905754417181015,-0.07773016393184662,-0.016828933730721474,0.19348813593387604,-0.04660594090819359,0.15325437486171722,0.08201422542333603,0.09666187316179276,0.16679365932941437,0.2302277535200119,0.413164883852005,0.39384159445762634,-0.6232700347900391,-0.2166610211133957,0.27642810344696045,0.23051708936691284,0.12560103833675385,0.2972630560398102,0.11641551554203033,0.19565242528915405,-0.20141832530498505,-0.44558650255203247,-0.14467111229896545,0.26751187443733215,-0.17260751128196716,-0.02546604909002781,-0.1452581286430359,0.13763520121574402,0.17045482993125916,0.16245929896831512,0.02536122128367424,0.3170880973339081,0.17602208256721497,0.23867887258529663,0.08150161057710648,-0.5424343347549438,0.22969365119934082,0.616732656955719,-0.01506690215319395,-0.5254489183425903,0.008562307804822922,-0.09482154250144958,0.26419946551322937,0.04729285463690758,0.009680787101387978,-0.3435571491718292,0.23989996314048767,0.5031872391700745,-0.20591619610786438,-0.15370850265026093,0.03169262781739235,-0.3705945611000061,0.5820296406745911,0.20333045721054077,-0.6770628690719604,0.32608237862586975,-0.8379180431365967,-0.14340844750404358,0.47620928287506104,0.4403601288795471,0.081997349858284,-0.37869226932525635,-0.376679927110672,0.40649157762527466,-0.3987293243408203,-0.1531078815460205,0.1633642315864563,0.18301932513713837,-0.13716107606887817,0.07287779450416565,0.3217828571796417,0.43632423877716064,-0.3533569276332855,-0.6092919707298279,-0.41841036081314087,-0.04131203517317772,0.4172952175140381,0.04281865432858467,-0.6975371241569519,0.2539178729057312,-0.42571377754211426,-0.40755316615104675,0.42099881172180176,0.14990971982479095,0.272722452878952,-0.15985630452632904,-0.452898770570755,0.33676379919052124,-0.4246540367603302,-0.5809215903282166,0.27966299653053284,0.3053297996520996,0.09220414608716965,-0.416423499584198,-0.9157738089561462,0.2283790558576584,-0.9476446509361267,-0.00522360485047102,0.3083018958568573,0.029114168137311935,0.15944033861160278,0.2574460804462433,-0.9314898252487183,0.35483965277671814,-0.7307353615760803,0.10286618769168854,0.0469815768301487,0.2700860798358917,0.3477105498313904,0.02455851249396801,-0.002918948419392109,0.33628901839256287,-0.6827993392944336,-0.33191171288490295,0.3983742594718933,0.11619393527507782,-0.3261678218841553,0.09242188930511475,-0.30300575494766235,-0.06402967125177383,0.33068937063217163,-0.29844754934310913,-0.18109311163425446,-0.004035335965454578,-0.0801493301987648,-0.07289472222328186,-0.013291570357978344,-0.11421994864940643,-0.22456370294094086,-0.2547723948955536,0.20088006556034088,0.27294301986694336,-0.27347254753112793,0.37579479813575745,0.19657284021377563,-0.1266130954027176,-0.07554692775011063,0.4622403681278229,-0.035654306411743164,0.28001558780670166,-0.5977087020874023,0.01323921699076891,0.3801923096179962,0.05757221207022667,-0.2211032658815384,0.07634196430444717,-0.16242003440856934,0.2209983468055725,0.23362869024276733,-0.48227354884147644,-0.2215029001235962,0.07464468479156494,-0.008024766109883785,-0.10304003953933716,0.2585035562515259,-0.12128786742687225,0.07500119507312775,-0.3934032618999481,0.3849020302295685,-0.43528714776039124,-0.12230043858289719,-0.024005113169550896,-0.2121804654598236,-0.08592380583286285,-0.35289379954338074,-0.39380472898483276,-0.08614517003297806,-0.15324760973453522,0.32139861583709717,0.027774935588240623,0.0984601080417633,0.04240117594599724,0.32809871435165405,0.438481867313385,-0.002659437246620655,0.18926076591014862,-0.0668007954955101,-0.40871232748031616,-0.09985426068305969,-0.06332730501890182,0.31238827109336853,0.28608793020248413,-0.4144337773323059,-0.07120414823293686,-0.051125820726156235,-0.2181335985660553,-0.33274316787719727,0.275177925825119,-0.2627622187137604,0.18380528688430786,-0.5016577839851379,-0.5754290819168091,-0.25960010290145874,-0.3893376588821411,-0.7834842801094055,-0.5541008710861206,-0.8041111826896667,-0.5293247699737549,0.22970055043697357,-0.10652239620685577,0.3978379964828491,0.041388966143131256,-0.016475563868880272,-0.10269109904766083,0.011408892460167408,-0.10046416521072388,0.002553633414208889,-0.15868201851844788,0.44640663266181946,-0.35427385568618774,-0.1992052048444748,0.35358238220214844,0.3662947714328766,-0.02191500924527645,-0.7947177886962891,-0.36502566933631897,0.21908687055110931,-0.755833625793457,-0.9453408122062683,-0.7632444500923157,-0.8369664549827576,-0.6545958518981934,0.17202839255332947,-0.044035930186510086,0.5045477747917175,0.20127655565738678,-0.36726823449134827,0.13122792541980743,-0.41293832659721375,0.23549620807170868,-0.2379460483789444,-0.2750984728336334,-0.060034893453121185,0.42489585280418396,0.5666002035140991,0.6459420919418335,-0.5075228214263916,-0.38886138796806335,-0.0009811681229621172]"
5,820005,SELF_SENSORY,4,100,32,96,0.34061846137046814,0.5495273750275373,False,"[0.7072469592094421,0.9290384650230408,1.0919177532196045,0.08772720396518707]"
5,820005,CROSS_AGENT_YOKED_SENSORY,4,100,32,96,0.3372857468672663,0.7770845829509199,True,"[0.7096624374389648,0.9671425223350525,1.1099905967712402,-0.009783962741494179]"
5,820005,LAG1_SENSORY,4,100,32,96,0.3400605618953705,0.6240807920694351,False,"[0.7096992135047913,0.9299777150154114,1.093155026435852,0.0962437242269516]"
5,820005,LAG4_SENSORY,4,100,32,96,0.3396635055541992,0.6272319159470499,False,"[0.7103180885314941,0.9387261867523193,1.0963199138641357,0.09199424833059311]"
5,820005,SELF_OUTPUT,4,100,32,96,0.346310019493103,0.5501953330822289,False,"[0.6966509222984314,0.9118477702140808,1.0655065774917603,0.28604328632354736]"
5,820005,NO_FEEDBACK,3,100,32,96,0.33786582946777344,0.47676104214042425,False,"[0.7092376351356506,0.9648778438568115,1.1067372560501099]"
5,820005,GENERIC_RNN_1D,6,100,32,96,0.34201911091804504,0.6068351250141859,False,"[0.7051202058792114,0.8191678524017334,1.0724788904190063,0.47641414403915405,-0.24695207178592682,0.002702669706195593]"
5,820005,GRU_8,297,100,32,96,0.28291305899620056,1.0529909171164036,False,"[0.2258882075548172,0.443204402923584,0.2501015067100525,-0.2183942347764969,0.3923409879207611,-0.14366759359836578,-0.4795111417770386,0.0124666104093194,-0.5423591732978821,0.20648573338985443,0.06758064031600952,0.2940105199813843,0.19926004111766815,-0.5514369606971741,0.6676372289657593,0.41938814520835876,-0.409037709236145,-0.03335574269294739,-0.2440817654132843,-0.969449520111084,-0.23632560670375824,-0.3430245518684387,-0.13439831137657166,-0.7824311852455139,0.2829238474369049,-0.2348926067352295,-0.18354694545269012,0.36442822217941284,-0.28860238194465637,0.11957382410764694,0.07205969840288162,-0.31111544370651245,0.0581328347325325,-0.2497643381357193,0.4451698362827301,0.01631692424416542,-0.5315883755683899,0.06485982239246368,0.47998398542404175,0.5020932555198669,0.09157616645097733,-0.14927083253860474,-0.10826939344406128,-0.3958566188812256,-0.08859389275312424,0.07937488704919815,0.5400061011314392,0.34199610352516174,-0.09961641579866409,0.39784252643585205,-0.5608890056610107,0.384059876203537,-0.3833055794239044,-0.03775625303387642,-0.1465325802564621,-0.05029718205332756,0.12089236080646515,0.39553287625312805,-0.04183981567621231,0.23053376376628876,0.515784502029419,0.13963860273361206,-0.0700717493891716,-0.07610868662595749,0.4067583382129669,-0.036401018500328064,0.16778193414211273,0.6059260964393616,0.36929404735565186,-0.37889134883880615,-0.35354676842689514,0.34016749262809753,0.1605268120765686,0.24469861388206482,-0.06577625125646591,0.13810314238071442,0.09148585796356201,-0.11750712245702744,0.17287930846214294,-0.007361564785242081,-0.37495744228363037,-0.544554591178894,0.0444202646613121,-0.18043498694896698,-0.09570986777544022,0.22361235320568085,0.08750243484973907,0.17017872631549835,-0.4442349076271057,-0.236313596367836,0.26238223910331726,0.007623935583978891,-0.020863115787506104,-0.17196568846702576,0.37936219573020935,0.06996873021125793,0.3726232945919037,0.17785759270191193,0.3911195397377014,-0.46718358993530273,0.1270858496427536,0.0295543372631073,0.02016325294971466,0.2731150984764099,-0.22375312447547913,-0.021980732679367065,-0.29223349690437317,0.07172248512506485,-0.17463766038417816,0.3090251386165619,0.20527495443820953,0.046483658254146576,-0.17236937582492828,-0.6834365129470825,0.1593284159898758,-0.8677476048469543,-0.057462748140096664,0.5602509379386902,0.6721109747886658,-0.2538589537143707,0.7092241048812866,-0.3996427059173584,0.5538951754570007,0.322751522064209,1.14106285572052,0.8065757155418396,-0.751949667930603,0.13185584545135498,0.9355142712593079,-0.35844817757606506,0.6488977670669556,-0.3247067630290985,0.946805477142334,0.9514071345329285,-0.12514962255954742,0.5377560257911682,0.9706422686576843,-0.40765324234962463,0.5460923910140991,0.30491742491722107,1.0534754991531372,0.6190946698188782,-0.06480231136083603,0.11975440382957458,0.5735929608345032,0.34714275598526,0.17186638712882996,0.07244086265563965,0.819720983505249,0.27859997749328613,-0.522580087184906,-0.0029674433171749115,-0.2065679132938385,0.4550186097621918,-0.09622864425182343,0.44687727093696594,-0.04201989248394966,0.07840340584516525,-0.24704737961292267,-0.10984105616807938,-0.4942832291126251,0.33756741881370544,-0.3502195477485657,0.3210732042789459,-0.4738292098045349,-0.1747545599937439,-0.3570326268672943,-0.21750161051750183,0.6048564314842224,-0.2975187599658966,0.49844515323638916,-0.25174424052238464,0.4839019179344177,0.6396555304527283,-0.3850615620613098,0.42013704776763916,-0.18079063296318054,-0.3177330791950226,0.49769845604896545,-0.4977526068687439,-0.04363691061735153,0.4415435194969177,0.04697425663471222,-0.013039689511060715,0.08593962341547012,0.149244487285614,0.029401272535324097,0.41814136505126953,0.18520061671733856,-0.05001481994986534,-0.40927472710609436,0.0584038570523262,0.08975108712911606,-0.040753405541181564,0.41520294547080994,0.06494391709566116,-0.06458614021539688,0.2114904373884201,-0.05190562456846237,-0.44860172271728516,0.35922524333000183,0.029024377465248108,-0.3525627553462982,0.34844326972961426,-0.15298360586166382,-0.5067875385284424,-0.06980157643556595,0.053685955703258514,0.5953255295753479,0.10626275837421417,0.07261612266302109,0.060885410755872726,-0.15158416330814362,0.17652302980422974,-0.0911947637796402,0.35567575693130493,-0.05119113251566887,0.2079230397939682,-0.1490262746810913,0.25197359919548035,0.19663497805595398,-0.4421672523021698,-0.10320201516151428,0.3367791771888733,-0.2508063018321991,0.28134018182754517,0.11815036088228226,0.24265064299106598,-0.2644231617450714,0.18922677636146545,-0.07124503701925278,0.2693234086036682,-0.04275934025645256,0.3094557821750641,-0.17847338318824768,0.5623566508293152,-0.4780784249305725,-0.40801316499710083,0.07452423870563507,-0.03770492598414421,0.21724943816661835,-0.09081211686134338,0.02076926827430725,0.0028687892481684685,-0.3073255717754364,0.24101528525352478,-0.10555580258369446,0.0017056497745215893,0.2270624190568924,-0.4535137116909027,-0.7540810704231262,-0.9520267844200134,-0.6462612748146057,0.1757739931344986,0.15165071189403534,-0.5135623812675476,-0.3244546949863434,0.07766624540090561,-0.06793957948684692,-0.08593693375587463,-0.1533128172159195,-0.03175653889775276,0.02835654281079769,-0.4341431260108948,0.22233404219150543,0.06659580767154694,-0.4681406319141388,-0.13097836077213287,0.24721907079219818,0.26135003566741943,-0.13375011086463928,-0.33506399393081665,-0.11769947409629822,-1.0751157999038696,-0.9002076983451843,-0.3506503105163574,-0.5299027562141418,0.0964646115899086,0.424547404050827,-0.5422638058662415,-0.3509655296802521,0.18827755749225616,-0.24382348358631134,-0.3772507607936859,-0.5000819563865662,-0.17167459428310394,0.05580734461545944,0.07314041256904602,-0.06780699640512466,0.7527618408203125,-0.6036708354949951,0.771246612071991,0.09273800998926163,0.016258006915450096,-0.008716718293726444,0.49087291955947876,-0.20239245891571045]"
6,820006,SELF_SENSORY,4,100,32,96,0.2916390597820282,0.5535844997502863,False,"[-0.669257402420044,0.9429610967636108,-1.1374402046203613,-0.08214153349399567]"
6,820006,CROSS_AGENT_YOKED_SENSORY,4,100,32,96,0.2913220910765215,0.7886867909692228,True,"[-0.6608148813247681,0.9904342889785767,-1.146593451499939,-0.004305216018110514]"
6,820006,LAG1_SENSORY,4,100,32,96,0.2909461557865143,0.6249823332764208,False,"[-0.6710477471351624,0.9442659020423889,-1.138254165649414,-0.08452621102333069]"
6,820006,LAG4_SENSORY,4,100,32,96,0.29100385308265686,0.6266419580206275,False,"[-0.6699780225753784,0.9544022679328918,-1.1402206420898438,-0.07704953849315643]"
6,820006,SELF_OUTPUT,4,100,32,96,0.2897675037384033,0.5455384156666696,False,"[-0.653462827205658,0.9322763085365295,-1.1029231548309326,0.27599382400512695]"
6,820006,NO_FEEDBACK,3,100,32,96,0.29143306612968445,0.46828016685321927,False,"[-0.6603347063064575,0.9903863668441772,-1.1458076238632202]"
6,820006,GENERIC_RNN_1D,6,100,32,96,0.28539589047431946,0.5985069586895406,False,"[-0.6649495959281921,0.8733177781105042,-1.130250334739685,-0.3452010154724121,0.1689390391111374,0.0020473161712288857]"
6,820006,GRU_8,297,100,32,96,0.24217551946640015,1.0336083332076669,False,"[-0.338122695684433,0.17255863547325134,-0.43867027759552,-0.0753222331404686,0.301630437374115,-0.13583692908287048,-0.580379068851471,-0.19023168087005615,-0.6367391347885132,0.22653138637542725,0.07655251771211624,-0.1354886144399643,-0.7380772233009338,-0.18197350203990936,-0.44220611453056335,0.09352695941925049,-0.31139904260635376,-0.24640919268131256,0.38691121339797974,0.23191434144973755,0.31913015246391296,-0.36250215768814087,-0.12325657904148102,-0.3611276149749756,-0.2536742091178894,-0.3125185966491699,-0.19710209965705872,-0.7117434740066528,-0.12518930435180664,-0.9687021970748901,-0.22422532737255096,-0.02791636250913143,0.16123825311660767,0.34592700004577637,-0.12002617120742798,-0.0861884206533432,-0.4571438431739807,-0.0070251403376460075,0.6318106651306152,0.24331562221050262,0.07725899666547775,0.2251560539007187,-0.44518372416496277,-0.049711503088474274,-0.7195591926574707,-0.16088396310806274,-0.15489010512828827,-0.3538171350955963,-0.0801331177353859,0.16497747600078583,0.06680405884981155,0.17590229213237762,0.2765794098377228,-0.4877627193927765,-0.2116219401359558,-0.04231759160757065,0.06674588471651077,-0.47290319204330444,-0.15944693982601166,0.07537274807691574,0.17473217844963074,0.272492378950119,-0.09859207272529602,0.02017870731651783,-4.888512194156647e-05,0.3074208199977875,0.5880650281906128,-0.566972017288208,-0.016481824219226837,0.3079328238964081,0.24802067875862122,0.03327346593141556,0.46351996064186096,0.06775736808776855,0.22094318270683289,-0.05895640328526497,0.2196635603904724,-0.316189169883728,0.09302280098199844,0.0012241080403327942,0.27037665247917175,0.13735055923461914,-0.18479104340076447,0.1330125480890274,0.3864571154117584,-0.07234355807304382,-0.24358126521110535,-0.3269710838794708,0.2698659896850586,-0.4756297171115875,-0.027153467759490013,-0.11471811681985855,0.04997630789875984,0.27518606185913086,0.04800747334957123,0.41929736733436584,0.17258679866790771,-0.3035537600517273,0.10667768120765686,-0.3378657102584839,0.08789697289466858,-0.00445415498688817,-0.1586706042289734,0.16244864463806152,0.14014731347560883,0.08520195633172989,0.03521038219332695,-0.236934095621109,-0.04511060193181038,0.588379442691803,0.1674281805753708,-0.08042322099208832,-0.4254421293735504,-0.28785017132759094,-0.5251206159591675,0.45890018343925476,0.045352496206760406,0.20444174110889435,-0.032519251108169556,0.7310692667961121,-0.06307800114154816,-0.08728063106536865,0.13009226322174072,0.23253583908081055,-0.006429795641452074,-0.504572331905365,-0.4459209144115448,-0.022384336218237877,-0.6551151275634766,-0.6511250138282776,-0.6190117597579956,0.12850463390350342,-0.6366796493530273,0.5827525854110718,-0.003919549286365509,0.8567749857902527,-0.6390919089317322,-0.20344752073287964,-0.43282297253608704,0.03290078788995743,-0.4819575846195221,0.7621634006500244,-0.6164898872375488,0.2876603603363037,0.20311346650123596,-0.4604598879814148,-0.4942705035209656,0.20886290073394775,-0.1002916470170021,0.09154514968395233,-0.06838006526231766,0.49573925137519836,-0.2001192271709442,-0.44956904649734497,-0.5383637547492981,0.1093396320939064,-0.7021365761756897,0.5550659894943237,-0.013677278533577919,0.6765497922897339,-0.6027587056159973,-0.6668151617050171,-0.6232705116271973,-0.00971901323646307,-0.3157103657722473,0.3829379379749298,-0.09109459817409515,0.8364429473876953,0.23634912073612213,0.23122818768024445,0.3109588027000427,0.029273368418216705,0.6094542741775513,-0.2946528494358063,-0.37521329522132874,-0.011522809974849224,0.2229020595550537,0.02468065917491913,0.13122530281543732,0.36872047185897827,-0.09533001482486725,0.14112114906311035,-0.3528859615325928,0.06189616024494171,0.24152939021587372,-0.3267393410205841,0.2584473192691803,-0.0906279906630516,0.038930054754018784,0.1650983840227127,-0.14868682622909546,-0.08540503680706024,-0.12829142808914185,-0.1257297843694687,0.3101777136325836,-0.3818621039390564,-0.2760491967201233,0.32419753074645996,0.2070871740579605,0.2219344973564148,-0.034760598093271255,-0.16187095642089844,0.011396213434636593,0.2713225781917572,-0.1777620017528534,-0.24112683534622192,-0.255854070186615,-0.13828229904174805,0.21139293909072876,0.16632294654846191,-0.5223206281661987,0.34039366245269775,-0.20198269188404083,-0.4624444246292114,0.16467814147472382,-0.2517065703868866,0.40594491362571716,0.08921676874160767,-0.16123820841312408,-0.3582936227321625,-0.25889819860458374,0.42537108063697815,-0.09412329643964767,-0.03313601016998291,0.3117321729660034,-0.18512195348739624,0.48862215876579285,0.08566804230213165,0.1494559645652771,-0.031997695565223694,-0.12960340082645416,0.00867471657693386,-0.17818284034729004,-0.24170607328414917,-0.3202934265136719,0.5456286668777466,-0.09222334623336792,-0.42564716935157776,0.15953128039836884,-0.03545074537396431,0.26321515440940857,0.10309461504220963,-0.17066700756549835,0.1261942982673645,0.3524373471736908,-0.18829253315925598,-0.13543471693992615,0.3317258954048157,-0.19489505887031555,-0.3055362105369568,-0.5669045448303223,-0.7286803722381592,-0.2559884786605835,-0.7495700120925903,-0.8314003944396973,0.5371002554893494,0.06540696322917938,0.4075014889240265,0.17553678154945374,0.16527169942855835,0.37381693720817566,-0.1559135466814041,-0.10851169377565384,-0.45188331604003906,-0.33942392468452454,0.11760709434747696,0.3582421541213989,0.23420123755931854,0.19630560278892517,-0.44582611322402954,0.03400515764951706,-0.06470586359500885,-0.6686351895332336,-0.15877985954284668,-0.7478485703468323,-0.5437681078910828,-0.3420761525630951,-0.7650813460350037,-0.4691298007965088,0.4737006723880768,-0.04622667655348778,0.1992248147726059,0.14239414036273956,-0.4166508615016937,-0.1457815319299698,0.11380806565284729,0.4821873903274536,-0.3834676444530487,0.32909685373306274,-0.1112191453576088,-0.629119873046875,0.376539021730423,0.203889399766922,-0.7675104141235352,-0.666252851486206,0.14710597693920135,0.09762314707040787]"
7,820007,SELF_SENSORY,4,100,32,96,0.3695164620876312,0.555525541305542,False,"[-0.8980033993721008,0.7334780097007751,-0.9331788420677185,-0.29416173696517944]"
7,820007,CROSS_AGENT_YOKED_SENSORY,4,100,32,96,0.3662062117538003,0.7787458747625351,True,"[-0.9076887965202332,0.7694400548934937,-0.9382355213165283,0.0044106412678956985]"
7,820007,LAG1_SENSORY,4,100,32,96,0.3679978847503662,0.6246967501938343,False,"[-0.8997870683670044,0.7397907376289368,-0.9338229298591614,-0.29001617431640625]"
7,820007,LAG4_SENSORY,4,100,32,96,0.367145299911499,0.6365584172308445,False,"[-0.9017003178596497,0.751065194606781,-0.9349212050437927,-0.2614368796348572]"
7,820007,SELF_OUTPUT,4,100,32,96,0.3663707673549652,0.5510315001010895,False,"[-0.8994805216789246,0.7307563424110413,-0.9134889841079712,0.349776953458786]"
7,820007,NO_FEEDBACK,3,100,32,96,0.3662342131137848,0.47025191597640514,False,"[-0.9075390696525574,0.7690545916557312,-0.9383054375648499]"
7,820007,GENERIC_RNN_1D,6,100,32,96,0.36241665482521057,0.6057468745857477,False,"[-0.8585256338119507,0.7049744725227356,-0.9309853315353394,-0.6963148713111877,0.3231392502784729,-0.012420138344168663]"
7,820007,GRU_8,297,100,32,96,0.29070618748664856,1.0409495839849114,False,"[0.2622448801994324,-0.1814246028661728,0.08266186714172363,0.28267478942871094,-0.688145101070404,-0.216586172580719,0.8461862802505493,0.245435893535614,-0.46671372652053833,-0.3011453151702881,-0.362016886472702,0.6421688199043274,0.14057107269763947,-0.07749376446008682,0.6619064807891846,0.08052463084459305,0.05152074620127678,-0.5887448787689209,-0.02387087792158127,-0.8793915510177612,0.041557677090168,-0.9612686038017273,-0.039769385010004044,-0.6949079632759094,0.04793453589081764,-0.4260280132293701,-0.39408448338508606,-0.9459704160690308,-0.2781509757041931,-0.7502340078353882,0.1877310425043106,-0.8188406825065613,-0.7102456092834473,0.1194010004401207,0.45393794775009155,0.19753038883209229,-0.5392448902130127,-0.37650322914123535,-0.5426139831542969,-0.02426764741539955,0.1827697604894638,0.13089518249034882,-0.1765117347240448,-0.23768652975559235,-0.42081594467163086,-0.4897570013999939,0.3520519733428955,-0.06930384039878845,0.11291590332984924,-0.31054067611694336,-0.32567328214645386,-0.4744410514831543,-0.35469233989715576,0.23750603199005127,0.004365791566669941,-0.30854302644729614,0.33122754096984863,-0.4442006051540375,-0.03428766131401062,0.6116069555282593,-0.28102511167526245,-0.22596067190170288,-0.2075759917497635,-0.49063387513160706,-0.03222644701600075,0.03943968564271927,-0.2687709629535675,-0.232036754488945,0.32190513610839844,-0.3268759846687317,0.09762419015169144,-0.15006045997142792,0.13991312682628632,-0.3034660518169403,0.46109190583229065,0.256387323141098,-0.4011879861354828,0.5465779304504395,0.3071068227291107,-0.5679901242256165,0.4698723554611206,0.21878273785114288,0.15476687252521515,-0.020815296098589897,0.39563143253326416,-0.1745297610759735,0.11517080664634705,-0.23116515576839447,-0.29269182682037354,-0.01428945641964674,-0.2189919799566269,-0.04306212440133095,0.04702288657426834,-0.41418805718421936,-0.7036049962043762,0.01563604734838009,-0.6096247434616089,0.5691691040992737,-0.008424862287938595,-0.7031371593475342,0.11710315942764282,-0.17435863614082336,-0.30837640166282654,0.19850587844848633,-0.09598220884799957,-0.1126328557729721,0.0212373249232769,-0.12672282755374908,-0.24612697958946228,0.14821353554725647,-0.06251547485589981,-0.03622538223862648,0.07705239951610565,0.1700623631477356,-0.158527210354805,0.11752127856016159,0.21757738292217255,0.029348965734243393,0.8401297926902771,0.5915634036064148,-0.05593601614236832,0.2254171073436737,-0.38415664434432983,0.006931295618414879,0.46716779470443726,0.6943857669830322,0.7820631861686707,0.44945916533470154,0.2888663411140442,0.23338182270526886,-0.3076481223106384,-0.31401896476745605,0.4835518002510071,0.4803401827812195,0.46103572845458984,0.49061474204063416,0.13774091005325317,0.3862239718437195,0.14120817184448242,-0.5738174319267273,0.38466155529022217,0.7613993287086487,0.49968716502189636,0.5778200626373291,-0.2532126009464264,0.5299928188323975,-0.19115005433559418,-0.5525780916213989,0.015876712277531624,0.9210975170135498,0.28948700428009033,0.5633602738380432,-0.8042032718658447,0.1970997154712677,-0.1430768221616745,-0.4375953674316406,0.852655827999115,0.5921230912208557,0.7264825105667114,0.69907146692276,-0.05063456669449806,0.5438879728317261,-0.04403908550739288,0.12972447276115417,0.452894002199173,0.3766658902168274,0.5340542197227478,0.6913199424743652,-0.08866558969020844,0.32514676451683044,-0.06561179459095001,-0.30555418133735657,0.7133632898330688,0.3851732611656189,0.8424530625343323,0.3626609444618225,0.46208059787750244,-0.2728159427642822,0.20487137138843536,-0.20321065187454224,0.17178833484649658,-0.498435914516449,0.4108341932296753,0.06175816431641579,-0.2091202437877655,0.2780821621417999,-0.4230823218822479,0.021524084731936455,-0.3577885627746582,0.40734124183654785,0.0071792444214224815,0.10376232117414474,0.3663567006587982,0.09088074415922165,0.09624612331390381,-0.01041756384074688,0.31503021717071533,-0.14875945448875427,-0.1271180361509323,0.03045380488038063,-0.33136260509490967,-0.2775063216686249,0.15796956419944763,-0.28727224469184875,-0.24579259753227234,-0.05986205115914345,0.020474951714277267,-0.07593805342912674,-0.3879445493221283,-0.037356726825237274,-0.5030277371406555,0.013665873557329178,0.2522485852241516,0.03381012752652168,-0.03427880257368088,-0.04723510146141052,0.26837798953056335,-0.15990565717220306,0.43704500794410706,0.43463030457496643,0.5855264663696289,-0.6723559498786926,0.06593862175941467,-0.2581479549407959,0.3131534159183502,0.1702895164489746,0.21507969498634338,0.0442461296916008,0.10000922530889511,-0.19013600051403046,0.060132261365652084,-0.3338526487350464,-0.30921119451522827,-0.0799809992313385,-0.4856798052787781,0.099395751953125,0.0881119966506958,0.23250392079353333,0.0761077031493187,-0.2292153686285019,0.35980483889579773,0.1292130947113037,-0.24016116559505463,0.009777398779988289,0.03711151331663132,0.4524539113044739,-0.4084671139717102,0.24710120260715485,-0.4520435631275177,-0.8413599729537964,-0.5581851005554199,-1.0364636182785034,-0.29590272903442383,-0.6196699142456055,-0.375260591506958,-0.6739760041236877,0.07280595600605011,-0.17074629664421082,0.07414146512746811,0.15658260881900787,-0.08164278417825699,-0.07542677968740463,0.005164185538887978,-0.26235535740852356,0.07545823603868484,0.09460533410310745,-0.268658310174942,-0.1194242462515831,-0.014884211122989655,0.2544177770614624,-0.032982949167490005,0.4367346167564392,-0.6575607061386108,-0.41709059476852417,-0.544218897819519,-0.4738977253437042,-0.4170093536376953,-0.4770853519439697,-0.589824378490448,-0.5270339846611023,-0.08500126749277115,0.11909541487693787,0.3911346197128296,-0.31634628772735596,-0.46926581859588623,-0.02561388909816742,-0.05810418725013733,0.2580662667751312,-0.352441668510437,0.6259722709655762,-0.3477686047554016,-0.4045439660549164,0.34875115752220154,-0.23913663625717163,-0.4906306862831116,0.47021493315696716,0.07511044293642044]"
8,820008,SELF_SENSORY,4,100,32,96,0.30909404158592224,0.556559500284493,False,"[-0.7692335844039917,0.5601581335067749,-1.265634536743164,-0.2401483952999115]"
8,820008,CROSS_AGENT_YOKED_SENSORY,4,100,32,96,0.30481876894860666,0.7771470830775797,True,"[-0.7765799760818481,0.6150891184806824,-1.2869491577148438,-0.016714878380298615]"
8,820008,LAG1_SENSORY,4,100,32,96,0.3081289827823639,0.6214012079872191,False,"[-0.7706549167633057,0.5701916813850403,-1.2676362991333008,-0.2285221964120865]"
8,820008,LAG4_SENSORY,4,100,32,96,0.30697762966156006,0.6232623332180083,False,"[-0.7721594572067261,0.5866061449050903,-1.271889328956604,-0.1903047263622284]"
8,820008,SELF_OUTPUT,4,100,32,96,0.3076142966747284,0.5435532089322805,False,"[-0.7623000741004944,0.5642639398574829,-1.2465108633041382,0.3434310555458069]"
8,820008,NO_FEEDBACK,3,100,32,96,0.30492445826530457,0.471043084282428,False,"[-0.7763707637786865,0.6152229905128479,-1.2870543003082275]"
8,820008,GENERIC_RNN_1D,6,100,32,96,0.3100591003894806,0.6036484581418335,False,"[-0.7293776869773865,0.518011748790741,-1.2550745010375977,-0.5948108434677124,0.2724374532699585,-0.031222671270370483]"
8,820008,GRU_8,297,100,32,96,0.26552802324295044,1.0502044167369604,False,"[-0.05075777694582939,-0.019973257556557655,-0.13721150159835815,-0.08837395906448364,0.366988867521286,0.442710816860199,-0.008028916083276272,-0.2658354640007019,-0.5974021553993225,0.3516043424606323,-0.36639702320098877,-0.2989617586135864,-0.44223448634147644,0.3431430757045746,0.07156160473823547,0.01581546850502491,-0.016851676627993584,-0.5686484575271606,-0.2080542892217636,-0.5748027563095093,0.8352521657943726,0.2782498896121979,-0.1645057499408722,0.27683115005493164,-0.010968970134854317,-0.32629090547561646,0.19294580817222595,-0.5769358277320862,-0.08206748217344284,-0.841637372970581,0.18384023010730743,0.4892241954803467,-0.6380114555358887,0.05754069238901138,-0.44741806387901306,-0.007957719266414642,-0.09481285512447357,0.1679176390171051,0.012386941350996494,0.10050192475318909,0.7234429717063904,0.40231138467788696,-0.5092058777809143,-0.10059984773397446,-0.37263166904449463,-0.3375483453273773,-0.01852281391620636,-0.20504526793956757,-0.6043095588684082,-0.29908475279808044,-0.42490139603614807,0.3109278082847595,0.2181759625673294,-0.5988494753837585,-0.22406476736068726,-0.15709830820560455,-0.3673461675643921,0.411520779132843,-0.6298195719718933,-0.1322048455476761,0.27615511417388916,0.028036652132868767,0.33566853404045105,0.14475959539413452,-0.1690060943365097,-0.3557347357273102,0.16276806592941284,0.153398334980011,0.5601727366447449,0.4049299955368042,-0.48835495114326477,-0.0438307449221611,0.006922867149114609,-0.2807178497314453,0.5223953127861023,-0.19403879344463348,-0.31248196959495544,0.505721926689148,0.2543725073337555,-0.17923356592655182,-0.5806059837341309,0.043762464076280594,-0.2154020220041275,0.24206581711769104,0.11774293333292007,0.03420563414692879,-0.4365749955177307,-0.2732606530189514,-0.03369981795549393,0.023929184302687645,-0.3388584852218628,-0.47107627987861633,-0.3375207781791687,-0.08389066159725189,0.26792222261428833,0.02708926983177662,0.20751236379146576,-0.5754771828651428,-0.07713131606578827,0.33243295550346375,0.04463299363851547,0.055991943925619125,0.065422423183918,-0.38631725311279297,0.5074464082717896,0.3914739787578583,0.12338290363550186,-0.5076368451118469,-0.2766500413417816,-0.41361743211746216,0.025556595996022224,0.4198201596736908,-0.18913523852825165,0.2730981409549713,-0.898360013961792,-0.4902825951576233,-0.3959002196788788,-0.5609789490699768,0.10161593556404114,0.7045038938522339,-0.22752687335014343,0.7358020544052124,-0.4188762307167053,-1.0108487606048584,-0.4007919430732727,-0.6176595091819763,-0.04021769016981125,1.0493589639663696,0.2567032277584076,0.3536742925643921,0.0552501417696476,-0.15772345662117004,0.04199269786477089,0.016330979764461517,-0.232587993144989,0.059353891760110855,-0.3478553593158722,-0.15426553785800934,-0.4506208002567291,0.09115277230739594,-0.13630381226539612,0.34274449944496155,0.015845347195863724,0.16323162615299225,0.10178625583648682,0.3058060109615326,-0.47047990560531616,-0.6409274935722351,-0.0949820876121521,-0.7997503280639648,-0.14322516322135925,0.29072701930999756,0.16216541826725006,0.8053473234176636,-0.654252827167511,-0.4580506384372711,0.1448533535003662,-0.8722168803215027,0.20010259747505188,0.5988550782203674,0.08339479565620422,0.27237364649772644,-0.17933723330497742,-0.3436554968357086,-0.1417001187801361,-0.5032473206520081,-0.0659843385219574,0.4184703826904297,-0.25032684206962585,-0.3821733891963959,0.32004836201667786,-0.027457639575004578,0.3484703004360199,0.05027071386575699,-0.07932258397340775,-0.08984602987766266,0.07732128351926804,0.12946978211402893,0.39281609654426575,-0.1910194456577301,-0.00748417479917407,0.16190576553344727,0.4323907792568207,0.17680759727954865,0.0656513050198555,-0.17962677776813507,0.06854064017534256,-0.04810753092169762,-0.0900411307811737,-0.050072841346263885,0.34172728657722473,0.009378086775541306,0.07076021283864975,-0.029588855803012848,-0.07836560159921646,0.043417081236839294,0.4874561131000519,0.2880069613456726,-0.3067117929458618,-0.46675705909729004,0.3720802068710327,-0.2196715772151947,0.36356765031814575,0.1473345011472702,0.0473296232521534,0.28617921471595764,0.41947150230407715,-0.20168741047382355,-0.06855157017707825,0.07684770226478577,-0.21044088900089264,0.059270694851875305,0.31132471561431885,-0.09846312552690506,-0.3264640271663666,-0.1884133517742157,0.16827969253063202,-0.05562377721071243,0.2225218564271927,0.17952319979667664,0.06771358847618103,0.24805477261543274,0.4839841425418854,-0.11006106436252594,0.38334277272224426,-0.45038485527038574,0.4314032196998596,-0.08249317109584808,0.09207688271999359,0.3744848370552063,0.39178574085235596,0.41706153750419617,0.12237182259559631,-0.05305012688040733,-0.49099788069725037,-0.0765778198838234,-0.11040622740983963,0.06774529069662094,-0.15281318128108978,0.18527132272720337,0.0043871765956282616,-0.038776934146881104,-0.06700761616230011,0.25685277581214905,-0.21540780365467072,-0.004770659375935793,0.46731874346733093,-0.25585484504699707,-0.520663857460022,-0.48858213424682617,0.3032624125480652,0.13752761483192444,-0.7316829562187195,-0.37925800681114197,-0.16833965480327606,0.40565258264541626,0.021058112382888794,-0.18336603045463562,0.576388418674469,0.30991432070732117,-0.04483423009514809,-0.010101963765919209,-0.17451991140842438,-0.3797015845775604,0.10450305789709091,-0.0804329663515091,0.030965164303779602,0.2836747467517853,-0.19343434274196625,-0.1128450259566307,0.06874941289424896,0.06435893476009369,-0.416957288980484,-0.6722925305366516,-0.20891666412353516,0.008315669372677803,-0.762624979019165,-0.6714980602264404,-0.6836778521537781,-0.20441989600658417,0.06219843775033951,0.10239727795124054,0.4369429647922516,0.2588960826396942,-0.39765316247940063,0.23900064826011658,0.4056515097618103,-0.20024704933166504,-0.5383140444755554,-0.7350890040397644,0.00045352490269578993,0.020497875288128853,0.5030046701431274,-0.6410151720046997,-0.5332035422325134,-0.003347896970808506,0.010814118199050426]"
9,820009,SELF_SENSORY,4,100,32,96,0.30022189021110535,0.5530199171043932,False,"[0.7893460392951965,0.898682177066803,1.041576862335205,0.13679130375385284]"
9,820009,CROSS_AGENT_YOKED_SENSORY,4,100,32,96,0.30168559605447537,0.7832012921571732,True,"[0.7882150411605835,0.9406369924545288,1.055153727531433,0.010606133379042149]"
9,820009,LAG1_SENSORY,4,100,32,96,0.2993370294570923,0.6230147918686271,False,"[0.7915937304496765,0.9014787673950195,1.0426603555679321,0.14410246908664703]"
9,820009,LAG4_SENSORY,4,100,32,96,0.29931578040122986,0.6320612919516861,False,"[0.791213870048523,0.9123522639274597,1.0452394485473633,0.1322631537914276]"
9,820009,SELF_OUTPUT,4,100,32,96,0.29508092999458313,0.5457907076925039,False,"[0.7715430855751038,0.8947371244430542,1.0142261981964111,0.3026565611362457]"
9,820009,NO_FEEDBACK,3,100,32,96,0.30240681767463684,0.46680987533181906,False,"[0.7862012386322021,0.9399840235710144,1.0540544986724854]"
9,820009,GENERIC_RNN_1D,6,100,32,96,0.30101102590560913,0.6011205832473934,False,"[0.769896388053894,0.8313258290290833,1.0262091159820557,0.5171241164207458,-0.25839748978614807,-0.004708603955805302]"
9,820009,GRU_8,297,100,32,96,0.241768479347229,1.0316263753920794,False,"[0.011564571410417557,0.41598954796791077,-0.4895796775817871,0.28702792525291443,-0.8431627154350281,-0.31810951232910156,0.13103659451007843,-0.0050040618516504765,-0.14424312114715576,-0.22673477232456207,0.0787394568324089,0.08742325752973557,0.2048390507698059,0.12677238881587982,-0.7915295362472534,0.09642070531845093,-0.6292465925216675,-0.12395108491182327,-0.463941752910614,-0.22325770556926727,0.035979319363832474,-0.950961709022522,-0.6083106994628906,-0.21396569907665253,-0.3287457525730133,0.44230419397354126,0.032359860837459564,-0.34255433082580566,0.5091554522514343,-0.07219140976667404,-0.1314913034439087,-0.46378955245018005,0.2036355882883072,0.33245494961738586,0.12292896956205368,0.18162801861763,0.6385391354560852,0.2987755239009857,0.13853809237480164,0.07886764407157898,0.030384307727217674,-0.06545909494161606,-0.6625044345855713,-0.40547823905944824,-0.23632068932056427,0.0006208379054442048,-0.5485231280326843,-0.352840781211853,-0.21365584433078766,0.2600879669189453,0.35631996393203735,-0.22549107670783997,0.19633711874485016,-0.42948004603385925,-0.18617257475852966,-0.2311648577451706,0.47433003783226013,-0.07252073287963867,-0.3925934135913849,0.32751724123954773,0.4567195177078247,0.30073124170303345,0.19383054971694946,0.2642967998981476,-0.2285890281200409,0.6466589570045471,-0.2157660722732544,-0.48686179518699646,0.4225938022136688,-0.01354174129664898,-0.32528558373451233,0.22699978947639465,0.17642271518707275,0.032411377876996994,0.6193634271621704,0.14723706245422363,-0.4637261629104614,-0.10812289267778397,-0.2827271819114685,-0.5552024841308594,0.3366255462169647,-0.07951334118843079,-0.06876981258392334,0.3110305964946747,0.13569122552871704,-0.2700275778770447,-0.33197644352912903,0.015565712936222553,-0.13858860731124878,0.029486237093806267,0.49619460105895996,-0.1014634370803833,0.057072579860687256,-0.5637080073356628,-0.40835335850715637,0.08291465789079666,0.37045589089393616,0.245804563164711,0.3536422550678253,0.26569926738739014,0.22221975028514862,-0.45343947410583496,-0.3980851471424103,0.09351138025522232,0.09249405562877655,0.5456427931785583,-0.0031365107279270887,-0.15556655824184418,0.4376140534877777,0.39437076449394226,-0.25319626927375793,-0.5964289307594299,-0.6230445504188538,0.2358768731355667,0.09919705241918564,-0.43897104263305664,-0.28420382738113403,-0.19112257659435272,-0.4010113775730133,-0.48506394028663635,-0.21825484931468964,-0.2058507204055786,0.16568729281425476,-0.4820759892463684,-0.25178244709968567,-0.1309276819229126,-0.36356300115585327,-0.7599824070930481,-0.5013309121131897,-0.35051122307777405,0.43459489941596985,-0.8325747847557068,-0.5134370923042297,-0.26486364006996155,-0.4847043752670288,0.02850845642387867,-0.17343518137931824,0.15258248150348663,-0.1861267387866974,0.2513504922389984,0.014446069486439228,0.247035950422287,0.27023687958717346,-0.17889374494552612,0.29532337188720703,0.45304855704307556,0.042171791195869446,0.2864326536655426,-0.01113826036453247,-0.07003795355558395,0.351982444524765,-0.4698191285133362,-0.8075721859931946,-0.21317431330680847,0.29630720615386963,-0.49074774980545044,-0.41855791211128235,-0.1941879242658615,-0.6221489310264587,0.025182392448186874,-0.1270596832036972,-0.08924523741006851,-0.40422138571739197,0.12016943097114563,-0.45427432656288147,0.48892921209335327,-0.3334557116031647,-0.0012713940814137459,-0.9711676836013794,-0.25345349311828613,0.7348713874816895,-1.0450389385223389,-1.0190321207046509,-0.07208029180765152,-0.5430699586868286,0.29640495777130127,0.37129223346710205,0.129460871219635,0.23313163220882416,0.010817580856382847,-0.20582464337348938,-0.22955550253391266,0.05678150802850723,-0.4392595589160919,0.27078789472579956,-0.40579065680503845,0.3757581412792206,0.06104433909058571,-0.17325419187545776,-0.13899436593055725,-0.26301833987236023,-0.5173517465591431,-0.2930592894554138,-0.009179346263408661,0.44072479009628296,-0.13515473902225494,-0.6077269911766052,-0.0036863230634480715,-0.363662451505661,-0.44790637493133545,0.5008378624916077,-0.20093724131584167,0.05783630535006523,-0.2893514633178711,0.05028974264860153,-0.10664984583854675,-0.049085021018981934,-0.28794509172439575,0.31948208808898926,-0.43426308035850525,0.24614317715168,-0.0409134179353714,-0.4044165015220642,-0.043217845261096954,-0.27775248885154724,-0.12913177907466888,-0.06911066919565201,0.1665297895669937,-0.3712840676307678,-0.028068259358406067,0.19146420061588287,0.047938186675310135,0.29107916355133057,0.2793757915496826,-0.026961799710989,-0.3570651113986969,0.22665910422801971,0.17058588564395905,0.3019101619720459,-0.06102645397186279,0.03091779164969921,-0.44209322333335876,0.43304088711738586,0.33801305294036865,-0.298721045255661,0.45180758833885193,0.3261135220527649,0.5106269717216492,0.5655980110168457,0.2106959968805313,0.27919337153434753,-0.17313481867313385,-0.35840192437171936,0.14767605066299438,0.14724096655845642,-0.15103109180927277,-0.29188966751098633,0.022151699289679527,-0.49011287093162537,-0.4753740131855011,-0.9612536430358887,0.30570101737976074,0.2577905058860779,-0.7136632800102234,-0.26714420318603516,-0.8104972243309021,0.45735612511634827,0.4273740351200104,0.07724234461784363,0.3840719163417816,0.35880374908447266,0.2515265941619873,0.388496994972229,-0.29618412256240845,0.29149001836776733,0.26838046312332153,-0.0512428805232048,0.2593420445919037,-0.16999438405036926,-0.2787158489227295,-0.1915123015642166,0.16716383397579193,-0.10501259565353394,-0.32009807229042053,-0.46409037709236145,0.35736578702926636,0.4573233127593994,-0.8322286009788513,-0.22740808129310608,-0.5803633332252502,0.21441763639450073,-0.3836296796798706,-0.31374987959861755,0.40396884083747864,0.22266070544719696,-0.120183065533638,0.23278188705444336,0.17691539227962494,0.18850059807300568,0.2541055977344513,0.5821224451065063,0.25161299109458923,0.07161112129688263,-0.7727647423744202,-0.10947355628013611,-0.4532093107700348,-0.1803518831729889]"
10,820010,SELF_SENSORY,4,100,32,96,0.29079586267471313,0.5490347500890493,False,"[0.8647892475128174,0.6286565065383911,1.1421157121658325,0.20841966569423676]"
10,820010,CROSS_AGENT_YOKED_SENSORY,4,100,32,96,0.2898017785608788,0.7811551671475172,True,"[0.8783435821533203,0.666643500328064,1.169441819190979,-0.016370685771107674]"
10,820010,LAG1_SENSORY,4,100,32,96,0.28955885767936707,0.6313959169201553,False,"[0.8663668036460876,0.6369569301605225,1.1442170143127441,0.21486088633537292]"
10,820010,LAG4_SENSORY,4,100,32,96,0.28872624039649963,0.6249120840802789,False,"[0.8688427805900574,0.6492522358894348,1.1488845348358154,0.19139732420444489]"
10,820010,SELF_OUTPUT,4,100,32,96,0.28646591305732727,0.5506640840321779,False,"[0.8487325310707092,0.624984860420227,1.1207592487335205,0.31027084589004517]"
10,820010,NO_FEEDBACK,3,100,32,96,0.29005035758018494,0.47506995871663094,False,"[0.8777461647987366,0.6632919907569885,1.1665834188461304]"
10,820010,GENERIC_RNN_1D,6,100,32,96,0.29633522033691406,0.6056434577330947,False,"[0.8116968870162964,0.5374549031257629,1.118804931640625,0.7829486727714539,-0.36930322647094727,-0.027020415291190147]"
10,820010,GRU_8,297,100,32,96,0.25108417868614197,1.0467771673575044,False,"[0.06868955492973328,-0.024265669286251068,0.44053342938423157,-0.21389789879322052,0.3826406002044678,0.051025088876485825,-0.2624530494213104,-0.551937997341156,0.5901670455932617,-0.2399059683084488,-0.8623883128166199,0.10100430250167847,-0.17432239651679993,0.06655392050743103,-0.5199365019798279,0.5200943350791931,0.24657705426216125,-0.27825430035591125,0.07011521607637405,-0.5316036939620972,-0.45793259143829346,-0.44626834988594055,0.22518111765384674,-0.27575281262397766,-0.05133974179625511,-0.3963141143321991,0.061600279062986374,-0.6671598553657532,0.1840256303548813,0.17663158476352692,-0.1280118227005005,-0.5062685012817383,-0.14093343913555145,-0.35283932089805603,-0.6573528051376343,-0.05499856173992157,0.4402473270893097,0.37090176343917847,0.4566784203052521,0.09709855914115906,-0.38622742891311646,-0.3473479449748993,0.621258020401001,0.39674603939056396,0.11627304553985596,-0.13369759917259216,-0.0004985958221368492,-0.25142887234687805,0.109094999730587,0.2497035562992096,0.29110187292099,-0.023545244708657265,-0.17090478539466858,-0.0064015802927315235,-0.22918280959129333,-0.40280938148498535,-0.001736550941132009,-0.5602076053619385,0.3026757538318634,0.46109113097190857,0.31985294818878174,0.34132954478263855,0.08332653343677521,0.23961594700813293,-0.045420125126838684,-0.22378772497177124,-0.39454448223114014,0.19755081832408905,0.12053320556879044,0.4730890989303589,0.09848583489656448,0.3691690266132355,0.5664650797843933,0.00521100964397192,0.10214725881814957,0.052918121218681335,0.3005223572254181,-0.3042151629924774,0.4013480842113495,0.06549263000488281,0.19544973969459534,-0.5156946778297424,-0.14917349815368652,-0.0822276845574379,0.08246205002069473,-0.006136193405836821,-0.3061903119087219,-0.27438753843307495,-0.31200769543647766,0.4672940969467163,0.09131000936031342,0.18265487253665924,0.21081319451332092,-0.24335820972919464,-0.24368397891521454,-0.4476066529750824,-0.13153167068958282,0.13628774881362915,0.1596524864435196,-0.08305299282073975,0.35440516471862793,-0.5781787037849426,-0.2225208878517151,-0.2733890116214752,-0.3500033915042877,-0.007521429099142551,0.25920766592025757,0.19051319360733032,0.10041946917772293,-0.34705814719200134,-0.11776638776063919,0.28420698642730713,0.2933162450790405,0.5035135746002197,-0.5029800534248352,0.3808693587779999,0.11410244554281235,0.13557639718055725,-0.716788113117218,-0.3678123354911804,-0.19605503976345062,0.29649388790130615,-0.3766751289367676,0.3156285285949707,0.2482985407114029,0.3921686112880707,-0.5051220059394836,-0.40964850783348083,-0.35432562232017517,0.36747533082962036,-0.9399654269218445,0.7041189670562744,0.17618784308433533,0.21139580011367798,-0.574170708656311,-0.38702377676963806,0.18077106773853302,0.3644062280654907,-0.6301969289779663,0.5336370468139648,0.31836387515068054,0.18278884887695312,-0.82254958152771,-0.3528682291507721,0.2221161425113678,0.24964214861392975,-0.9020804762840271,0.3632759749889374,0.3396812975406647,0.5503421425819397,-0.9373118877410889,-0.5164287686347961,0.11543530970811844,0.009241417981684208,-0.9158943295478821,0.5243525505065918,0.08963754028081894,0.29423922300338745,-0.8010572195053101,-0.4413513243198395,0.2807748317718506,-0.4807274341583252,0.5441409349441528,0.272506445646286,-0.025847187265753746,0.23030978441238403,0.2852538526058197,0.37744268774986267,0.5108605027198792,-0.10036862641572952,-0.1619894802570343,0.60190349817276,-0.20558425784111023,0.1603376269340515,-0.33674752712249756,0.2143860161304474,0.014046973548829556,0.1379864513874054,-0.2781742215156555,-0.5206961631774902,0.2303161770105362,-0.0737282931804657,-0.2119140625,-0.08330590277910233,-0.3079775273799896,0.3926253020763397,-0.21314388513565063,-0.1613806188106537,0.25549858808517456,-0.15908347070217133,-0.47093909978866577,-0.1740991473197937,-0.05552111193537712,-0.1782578080892563,-0.05750825256109238,-0.16539287567138672,-0.04784103482961655,0.08059398829936981,0.4069801867008209,0.33004578948020935,-0.3806763291358948,-0.19460250437259674,-0.488780677318573,0.2853972911834717,-0.5082515478134155,-0.14632181823253632,-0.05026766285300255,0.07708364725112915,0.02456776611506939,0.30525562167167664,0.0673232153058052,-0.021637441590428352,-0.19271422922611237,-0.1408780813217163,-0.3460959196090698,-0.02202356792986393,0.08929779380559921,-0.4064476788043976,-0.1183716207742691,0.06584316492080688,-0.140876904129982,-0.02663051337003708,0.009239483624696732,0.17893745005130768,-0.0665326938033104,-0.036146849393844604,0.3556656241416931,-0.3000218868255615,0.12664037942886353,-0.44522541761398315,-0.32833331823349,-0.25048863887786865,0.0849422737956047,0.5627738833427429,-0.13327209651470184,-0.44170016050338745,-0.021269477903842926,-0.45701590180397034,0.1011166200041771,0.13499091565608978,0.43254128098487854,-0.16216765344142914,-0.1165744811296463,-0.21763448417186737,-0.5114587545394897,-0.3427366018295288,0.2811720073223114,0.045117881149053574,-0.021231774240732193,-0.5947670936584473,-1.049782633781433,-0.4259773790836334,-0.6939253211021423,-0.6463435292243958,0.1402369737625122,-0.4591437876224518,0.14419861137866974,0.38206425309181213,0.11075397580862045,0.029540590941905975,0.2148912101984024,-0.08211182057857513,0.3287586569786072,0.11378929764032364,0.1659422218799591,0.0426139160990715,-0.029562393203377724,0.2302427589893341,0.15683460235595703,-0.03844679147005081,-0.01685607060790062,0.48890310525894165,-0.13816851377487183,-0.7068201303482056,-0.4907155930995941,-0.4766709804534912,-0.5939991474151611,-0.6616211533546448,0.32677823305130005,-0.00713026337325573,0.16780419647693634,-0.275855153799057,0.25067973136901855,-0.5952616333961487,-0.1807904690504074,-0.5062083601951599,0.5301235318183899,0.3392808735370636,-0.17383188009262085,-0.6301609873771667,0.25462082028388977,0.24642889201641083,-0.6561869382858276,0.5314165949821472,-0.047831930220127106,-0.2086126059293747,0.03308666869997978]"
11,820011,SELF_SENSORY,4,100,32,96,0.32466450333595276,0.5509600839577615,False,"[-0.8461157083511353,0.8795212507247925,-1.0065993070602417,-0.16204304993152618]"
11,820011,CROSS_AGENT_YOKED_SENSORY,4,100,32,96,0.3275095870514833,0.781245875172317,True,"[-0.8414841294288635,0.9251306056976318,-1.0151729583740234,0.007164647802710533]"
11,820011,LAG1_SENSORY,4,100,32,96,0.3236786723136902,0.627208458725363,False,"[-0.8487409353256226,0.8833363056182861,-1.0074098110198975,-0.1678028702735901]"
11,820011,LAG4_SENSORY,4,100,32,96,0.323790967464447,0.6256330828182399,False,"[-0.8485667705535889,0.8950634598731995,-1.0090274810791016,-0.1511676013469696]"
11,820011,SELF_OUTPUT,4,100,32,96,0.31572720408439636,0.5539241251535714,False,"[-0.8417959213256836,0.8740475177764893,-0.9849281907081604,0.3100437521934509]"
11,820011,NO_FEEDBACK,3,100,32,96,0.32746949791908264,0.47073950013145804,False,"[-0.8412129878997803,0.9253032803535461,-1.0151124000549316]"
11,820011,GENERIC_RNN_1D,6,100,32,96,0.327135294675827,0.6044460837729275,False,"[-0.8150739073753357,0.8486318588256836,-1.0005649328231812,-0.5299453735351562,0.2775379717350006,-0.015731997787952423]"
11,820011,GRU_8,297,100,32,96,0.25968995690345764,1.0376067920587957,False,"[0.4293404519557953,-0.4035602807998657,0.5037419199943542,-0.04466327652335167,0.22114232182502747,-0.40486955642700195,-0.3387722969055176,-0.5405030250549316,0.5154948234558105,0.11117848753929138,-0.3828732371330261,-0.5418350100517273,0.31203633546829224,-0.24700605869293213,-0.021758753806352615,-0.3335857093334198,-0.19075854122638702,-0.5989751219749451,0.12250097841024399,-0.5761568546295166,0.14569981396198273,-0.6415263414382935,0.1854078322649002,-0.562428891658783,0.09265495836734772,-0.937646746635437,0.3989696502685547,-0.4923535883426666,0.2938745319843292,-0.7846903800964355,-0.23061271011829376,-0.3808245062828064,-0.38949933648109436,-0.23528794944286346,0.1605612188577652,-0.1831812709569931,0.5884060263633728,0.13848896324634552,0.5872818231582642,-0.12445566058158875,-0.661105751991272,0.10486520826816559,0.6663012504577637,-0.18598425388336182,0.38660910725593567,-0.1562347561120987,0.6278592348098755,0.40837448835372925,0.36559242010116577,0.3708042502403259,0.046203404664993286,0.34240081906318665,-0.35766467452049255,0.46049898862838745,0.41328057646751404,-0.2634630501270294,0.1690288484096527,-0.7417449951171875,-0.0641246810555458,-0.2231697291135788,-0.11873205751180649,-0.34666845202445984,-0.747687578201294,0.13153494894504547,0.18563564121723175,-0.1206730455160141,0.23062284290790558,0.5280853509902954,-0.37760505080223083,0.48331400752067566,-0.052764467895030975,0.4341258108615875,0.3829706609249115,0.3480648398399353,-0.07521738857030869,-0.39610767364501953,0.5937364101409912,-0.306710809469223,-0.3474765717983246,-0.027171917259693146,-0.11081942170858383,-0.24718233942985535,-0.15154418349266052,0.4268616735935211,-0.11075709760189056,0.2890133857727051,0.3202866017818451,0.12396102398633957,-0.09562914073467255,0.606941282749176,-0.1123923659324646,-0.4572634696960449,0.33468303084373474,0.30459681153297424,-0.40466320514678955,-0.1590968817472458,0.0003365167649462819,-0.31641218066215515,-0.08989094942808151,0.1581657975912094,0.10689077526330948,0.2688378095626831,-0.013919726014137268,-0.04116247594356537,0.38639992475509644,0.02409672550857067,-0.08359754830598831,0.2892107665538788,0.3179956376552582,0.3366817831993103,-0.07078411430120468,0.10602500289678574,0.76752769947052,0.6712559461593628,-0.30276989936828613,0.29186663031578064,0.28158989548683167,0.2812062203884125,0.3061399757862091,-0.4694858491420746,0.04126746580004692,-0.42764705419540405,0.10292777419090271,0.060693345963954926,-0.06034296378493309,0.2565611004829407,-0.1325724720954895,-0.1580098569393158,0.4915471374988556,0.19667863845825195,-0.4482426643371582,0.20597247779369354,0.43317365646362305,0.6515184044837952,0.7295814752578735,-0.4821893572807312,0.7593880891799927,-0.004411004949361086,-0.10112340748310089,0.35775819420814514,-0.16873249411582947,0.48772794008255005,-0.01834956370294094,-0.7315361499786377,0.8223270177841187,0.6886886954307556,-0.42448335886001587,0.5670848488807678,0.30620333552360535,0.4378068149089813,0.3034651577472687,-0.5122318267822266,0.5308213829994202,0.5596324801445007,0.06734223663806915,0.7264239192008972,0.35759279131889343,0.3783585727214813,0.04451322183012962,-0.5919559597969055,0.6985902786254883,0.5519089102745056,-0.27627912163734436,0.5884197354316711,0.2173013985157013,0.6583541035652161,0.14078554511070251,-0.56874680519104,0.7671468257904053,0.422168493270874,-0.19086849689483643,0.05412200838327408,-0.07090774178504944,-0.028313957154750824,0.4028717279434204,-0.5987552404403687,0.08942102640867233,0.09396860748529434,0.2663716971874237,0.06981488317251205,-0.0032362150959670544,0.08065123856067657,0.2964467406272888,-0.4494427740573883,-0.16632023453712463,-0.09420690685510635,0.10447458922863007,-0.07105257362127304,-0.5342987775802612,0.49271073937416077,0.5193877220153809,0.4987766742706299,-0.15088976919651031,0.0011010959278792143,0.022914711385965347,-0.10274302214384079,0.11475270241498947,-0.2091638147830963,-0.05188951641321182,0.2859416604042053,0.24192503094673157,-0.30034035444259644,0.45010843873023987,0.24370959401130676,-0.030929692089557648,0.3646114468574524,0.42815694212913513,-0.06128562241792679,-0.12978297472000122,0.5718486309051514,-0.18407559394836426,0.20163802802562714,0.026497405022382736,0.14587964117527008,-0.22078435122966766,-0.2757564187049866,-0.05180762708187103,-0.24237161874771118,-0.09239022433757782,-0.1558695286512375,-0.24949710071086884,0.08290139585733414,0.11796689033508301,0.5610034465789795,0.31791961193084717,0.19436994194984436,0.42229723930358887,0.4701690971851349,0.0815320760011673,-0.15553858876228333,-0.021493829786777496,0.29923152923583984,0.05964381992816925,0.2707172930240631,0.004530996084213257,-0.14233556389808655,-0.006310928612947464,-0.06916558742523193,0.4341568946838379,-0.134596586227417,0.027260828763246536,0.3268176317214966,-0.09854714572429657,0.10235672444105148,-0.11723031848669052,-0.36449897289276123,-0.08748574554920197,-0.40987062454223633,-1.0250071287155151,-0.5426729917526245,-0.68906569480896,-0.879275381565094,-0.43235647678375244,-1.0777952671051025,-0.8183075785636902,-0.6464726328849792,-0.11661596596240997,-0.3682853579521179,-0.07529470324516296,0.05928364023566246,0.04040393978357315,-0.20849338173866272,-0.11261878907680511,0.19302460551261902,-0.012408747337758541,-0.10364728420972824,-0.2579016089439392,-0.29374444484710693,-0.4461670517921448,-0.3141906261444092,0.1083514541387558,-0.03333272784948349,-0.6091538667678833,-0.47394344210624695,-0.5196051597595215,-0.5991118550300598,-0.48861998319625854,-0.49068212509155273,-0.4604729115962982,-0.2938200831413269,0.0002156330447178334,0.22099728882312775,0.022776981815695763,-0.05565757304430008,-0.24243639409542084,-0.2876242697238922,0.26994267106056213,-0.14413760602474213,-0.3365604281425476,0.2669397294521332,0.5846153497695923,0.4016278386116028,-0.5435447692871094,0.3173348307609558,0.6806612014770508,0.33357927203178406,0.08949575573205948]"
12,820012,SELF_SENSORY,4,100,32,96,0.339094877243042,0.5639011249877512,False,"[0.7866045236587524,0.7579484581947327,0.9092816114425659,0.292616069316864]"
12,820012,CROSS_AGENT_YOKED_SENSORY,4,100,32,96,0.34314451764999054,0.7846148340031505,True,"[0.7906557321548462,0.7828560471534729,0.9113821983337402,0.015358781442046165]"
12,820012,LAG1_SENSORY,4,100,32,96,0.33841240406036377,0.6308378749527037,False,"[0.7882807850837708,0.7610459327697754,0.9094932675361633,0.28263574838638306]"
12,820012,LAG4_SENSORY,4,100,32,96,0.339261531829834,0.6301321252249181,False,"[0.7901776432991028,0.7677382230758667,0.9097639322280884,0.24360978603363037]"
12,820012,SELF_OUTPUT,4,100,32,96,0.32531335949897766,0.551203082781285,False,"[0.7856117486953735,0.7599764466285706,0.8978472948074341,0.3276819586753845]"
12,820012,NO_FEEDBACK,3,100,32,96,0.3433597981929779,0.47473625000566244,False,"[0.79030442237854,0.7827752232551575,0.9121081829071045]"
12,820012,GENERIC_RNN_1D,6,100,32,96,0.33910927176475525,0.6071434170007706,False,"[0.7669644355773926,0.7523918747901917,0.9058117270469666,0.44235026836395264,-0.20614704489707947,-0.03587239980697632]"
12,820012,GRU_8,297,100,32,96,0.24483513832092285,1.0430432921275496,False,"[-0.09816143661737442,-0.06319896876811981,0.6218311786651611,-0.27457141876220703,-0.00024358101654797792,-0.20186424255371094,0.07266275584697723,-0.015678152441978455,0.07226371765136719,0.5094969868659973,-0.5515887141227722,0.09152159839868546,-0.09017792344093323,-0.0458621010184288,0.773533284664154,-0.1654493808746338,-0.025553658604621887,-0.4630163908004761,-0.29293394088745117,-0.5733495950698853,-0.1252061426639557,-0.9551129937171936,-0.08465464413166046,-0.8333350419998169,-0.21492941677570343,-0.24490323662757874,-0.10677249729633331,-0.6944368481636047,-0.16964708268642426,-0.14106279611587524,-0.19683146476745605,-0.46816253662109375,-0.3835195302963257,-0.29172050952911377,0.23110726475715637,0.14938338100910187,-0.5409508347511292,-0.25762489438056946,-0.5016771554946899,-0.007410135120153427,-0.367367148399353,0.06482017785310745,0.4554727375507355,0.318676620721817,-0.6167810559272766,0.1886574625968933,-0.37314778566360474,-0.3555954396724701,-0.27542218565940857,-0.20104363560676575,-0.14312595129013062,-0.17251628637313843,-0.1652093529701233,0.0454956591129303,-0.5646260976791382,0.0010034403530880809,-0.2714623808860779,-0.5954675674438477,0.12451359629631042,-0.25841596722602844,-0.2032260298728943,0.5314086675643921,-0.2145378440618515,0.40431201457977295,0.20897141098976135,0.16873212158679962,-0.3534153997898102,-0.2563100755214691,-0.20136037468910217,-0.21754033863544464,-0.33654990792274475,-0.39702409505844116,-0.31066110730171204,-0.18268842995166779,-0.28809410333633423,-0.12331487238407135,0.04641270637512207,0.503196656703949,-0.37118470668792725,0.1199842318892479,-0.6602239012718201,0.22224797308444977,-0.18877030909061432,-0.3040752410888672,-0.15773680806159973,0.5242588520050049,-0.15016843378543854,-0.32720616459846497,0.31764328479766846,0.28281643986701965,-0.16520047187805176,-0.057311248034238815,-0.01449446938931942,0.1908116191625595,0.3170991837978363,-0.18958927690982819,0.006608042400330305,0.14371414482593536,-0.34082481265068054,-0.35466650128364563,-0.10368651896715164,-0.3688596785068512,0.041091833263635635,-0.42353105545043945,0.3831844925880432,-0.5984940528869629,-0.018686719238758087,0.18902884423732758,0.003252597525715828,0.5928570032119751,-0.032871514558792114,0.21845313906669617,-0.09828425198793411,-0.28942158818244934,-0.020257044583559036,0.21617315709590912,0.4636075794696808,0.9428389072418213,-0.2957255244255066,0.6451032757759094,0.26162979006767273,-0.7115085124969482,0.7303269505500793,0.13550543785095215,0.5990258455276489,0.8088381886482239,-0.1469249427318573,0.39687591791152954,-0.03208751976490021,0.02294919267296791,0.28182587027549744,0.07402299344539642,0.20598852634429932,0.5106663107872009,-0.23598861694335938,0.11955049633979797,-0.47753873467445374,-0.051238492131233215,-0.011085999198257923,0.3362763226032257,0.09355919063091278,0.32983091473579407,-0.037291474640369415,0.47892531752586365,-0.09541237354278564,0.0837506577372551,0.465406209230423,0.4242877960205078,0.5711327195167542,0.7435690760612488,0.060486745089292526,0.42686727643013,-0.09346310794353485,-0.5687800645828247,0.39029958844184875,0.1854560226202011,0.6127552390098572,0.2413550466299057,-0.519618809223175,0.5675647258758545,0.0377698577940464,-0.6412227153778076,0.12760737538337708,0.2584170699119568,0.3340943157672882,0.2679014801979065,-0.08620452880859375,0.21091578900814056,-0.3208696246147156,-0.7190512418746948,0.12453167885541916,0.6467321515083313,0.32431018352508545,0.540739893913269,-0.3292962908744812,0.6881738901138306,0.22978319227695465,0.16670656204223633,0.052584853023290634,-0.19554729759693146,0.2393449991941452,-0.4550623297691345,0.18261714279651642,-0.026031987741589546,-0.10766993463039398,-0.4722071588039398,-0.5037983655929565,-0.4562584161758423,-0.27497193217277527,-0.13762320578098297,0.14520996809005737,-0.23997531831264496,-0.08513204008340836,0.05059342831373215,0.08191317319869995,-0.04432052746415138,-0.37435752153396606,-0.16107778251171112,-0.17927829921245575,-0.03331340476870537,0.0708223283290863,0.3435324430465698,0.38564398884773254,0.16357921063899994,-0.19198845326900482,0.08022819459438324,0.3050478994846344,-0.4780307114124298,0.23810546100139618,0.5798356533050537,0.4617231488227844,-0.09923990815877914,-0.2015279233455658,-0.2667020857334137,0.2971261739730835,-0.44062259793281555,0.06906963139772415,-0.006649767514318228,0.08870729804039001,0.295046329498291,0.33831167221069336,0.4401668906211853,-0.24302630126476288,0.07402878254652023,0.03934313356876373,0.4805511236190796,-0.22683534026145935,0.2590586245059967,0.16139429807662964,-0.2691313624382019,0.419441819190979,-0.027345189824700356,-0.15820901095867157,0.21929463744163513,0.1370798796415329,0.08936804533004761,0.11446240544319153,-0.11040233075618744,0.07906192541122437,-0.261660099029541,-0.28922200202941895,-0.4121021330356598,-0.10540519654750824,0.05218806490302086,0.2770077884197235,0.2248067855834961,0.1984730362892151,-0.05812627822160721,-0.7978021502494812,-0.4383092522621155,-1.0438262224197388,-0.6791456937789917,-0.41736361384391785,-0.5568474531173706,-0.441631942987442,-0.9470060467720032,0.1279219537973404,-0.03575682267546654,-0.19302409887313843,-0.20706024765968323,-0.19880886375904083,-0.21956461668014526,-0.20900146663188934,0.02063939906656742,-0.16733618080615997,0.16451489925384521,-0.07707510888576508,0.17669890820980072,0.3006156384944916,-0.33045077323913574,0.1702234447002411,-0.200450137257576,-0.2832390069961548,-0.4320559501647949,-0.3438599407672882,-0.8123276233673096,-0.36112749576568604,-0.9334518909454346,-0.21792759001255035,-0.9584579467773438,0.029116209596395493,0.02855786494910717,0.19591934978961945,0.014907877892255783,-0.24897712469100952,-0.15281663835048676,0.20240752398967743,-0.23239824175834656,-0.71712726354599,0.43941807746887207,-0.3811297118663788,-0.49151164293289185,-0.4458237290382385,0.4485604763031006,-0.43791651725769043,-0.6063302159309387,-0.2512166202068329]"
13,820013,SELF_SENSORY,4,100,32,96,0.3116863965988159,0.5545462090522051,False,"[0.8258190155029297,0.7574697136878967,1.0681140422821045,0.20708009600639343]"
13,820013,CROSS_AGENT_YOKED_SENSORY,4,100,32,96,0.30732767759282514,0.7845629579387605,True,"[0.8273562788963318,0.8010926246643066,1.0824668407440186,-0.004240089096128941]"
13,820013,LAG1_SENSORY,4,100,32,96,0.31044963002204895,0.6338576669804752,False,"[0.8276888728141785,0.7638447880744934,1.069402813911438,0.21059612929821014]"
13,820013,LAG4_SENSORY,4,100,32,96,0.31014809012413025,0.6236064163967967,False,"[0.8284816145896912,0.7766646146774292,1.072070598602295,0.18921634554862976]"
13,820013,SELF_OUTPUT,4,100,32,96,0.3102981746196747,0.5513502918183804,False,"[0.817292332649231,0.7560226321220398,1.0490989685058594,0.32943326234817505]"
13,820013,NO_FEEDBACK,3,100,32,96,0.3075043857097626,0.4773400411941111,False,"[0.8275380730628967,0.7999763488769531,1.0818214416503906]"
13,820013,GENERIC_RNN_1D,6,100,32,96,0.305919885635376,0.6032828749157488,False,"[0.7945587635040283,0.7218637466430664,1.0603044033050537,0.5779962539672852,-0.27510473132133484,-0.017062639817595482]"
13,820013,GRU_8,297,100,32,96,0.24513040482997894,1.056238458957523,False,"[-0.022703172639012337,-0.15417718887329102,0.6360242962837219,0.24491161108016968,-0.7176257371902466,0.11515370011329651,1.0788273811340332,0.037417687475681305,-0.08963499963283539,0.14077432453632355,0.08723189681768417,0.5444214344024658,-0.4975064992904663,-0.27086225152015686,-0.3674778640270233,-0.17149575054645538,-0.2765789031982422,0.3725520968437195,0.1243252381682396,-0.55844646692276,-0.13559839129447937,-0.6972300410270691,-0.050996243953704834,-0.629535973072052,-0.0014423736138269305,-0.5868343114852905,0.5745581984519958,0.3640883266925812,0.11869832873344421,-0.31075671315193176,-0.03361576423048973,-0.6306115388870239,0.07496155053377151,0.16898225247859955,-0.2972390055656433,-0.21468444168567657,0.6438809633255005,0.018870148807764053,-0.5735980272293091,-0.16099628806114197,0.5422109961509705,0.18469753861427307,-0.09334911406040192,-0.47460657358169556,0.7662642002105713,0.303689181804657,0.6072492599487305,0.18410688638687134,0.35607007145881653,-0.20545680820941925,-0.4158712923526764,0.1672784388065338,-0.2952682673931122,0.5100200772285461,-0.3657536208629608,-0.44573062658309937,0.2073608636856079,0.28877413272857666,-0.17126284539699554,0.31555554270744324,-0.31209251284599304,0.30609655380249023,0.11148836463689804,0.10216464102268219,-0.20329058170318604,-0.006745163816958666,0.29347535967826843,0.013003166764974594,-0.025401102378964424,0.2066212296485901,0.03599393367767334,0.21480759978294373,-0.20282313227653503,0.3742651343345642,-0.43419256806373596,0.5751078724861145,0.28129181265830994,0.05421869829297066,0.25674015283584595,0.06684589385986328,0.12832021713256836,0.32441094517707825,-0.03007597103714943,0.5155646800994873,-0.5566088557243347,-0.23971188068389893,-0.025717198848724365,-0.4224736988544464,-0.011118845082819462,0.5089702010154724,0.2508111000061035,0.02102208137512207,-0.5294350981712341,0.033923566341400146,-0.5935155153274536,-0.35923534631729126,0.05789990350604057,-0.3148239850997925,-0.37627342343330383,-0.05543564260005951,-0.3703100085258484,0.43477287888526917,-0.16103070974349976,-0.17804010212421417,0.17048192024230957,0.0010200566612184048,0.13812901079654694,0.3871329426765442,-0.4512972831726074,0.20392689108848572,-0.18495957553386688,-0.317123144865036,-0.1228887289762497,-0.019339406862854958,-0.09493844211101532,0.16484588384628296,0.12743248045444489,-0.3492780923843384,-0.5076682567596436,-0.2129794806241989,0.43267402052879333,0.1796991378068924,-0.3032882511615753,0.18094156682491302,-0.24562036991119385,0.3591090440750122,0.30165261030197144,0.27637413144111633,0.45476478338241577,-0.5905594825744629,-0.484296053647995,0.49200353026390076,0.2853734493255615,0.2853241264820099,0.556832492351532,0.09894958883523941,0.5110366940498352,-0.44826215505599976,-0.36899811029434204,0.5254782438278198,0.15471996366977692,1.0093246698379517,0.5941060185432434,-0.1537587195634842,0.3470837473869324,-0.6394019722938538,-0.6298951506614685,0.3116961717605591,0.10123534500598907,0.8914220333099365,0.6245923638343811,-0.131379172205925,-0.49101439118385315,0.1008433923125267,0.07635757327079773,-0.27407094836235046,0.190249964594841,-0.007030305918306112,0.312319278717041,0.34180715680122375,0.44602593779563904,-0.1918102353811264,-0.38846054673194885,0.5863341689109802,0.08943627029657364,0.7096912264823914,0.32892653346061707,0.34281784296035767,0.5915993452072144,-0.6237890124320984,-0.17062927782535553,0.7849336266517639,0.4910849928855896,0.47176051139831543,0.15435738861560822,-0.08369966596364975,-0.07504451274871826,-0.013078133575618267,0.2817724645137787,0.25469493865966797,0.06120964512228966,0.5882379412651062,-0.11245755106210709,-0.019839242100715637,0.1571168154478073,-0.41188499331474304,-0.28129056096076965,-0.11752142757177353,0.013082257471978664,0.17398039996623993,-0.33828291296958923,-0.4045616686344147,0.48852425813674927,0.05823621526360512,0.12488676607608795,-0.014821290038526058,0.1093413457274437,0.22234559059143066,0.17322838306427002,0.4615958333015442,0.3188455402851105,0.010443100705742836,0.14998526871204376,-0.15910816192626953,-0.03807828575372696,0.609960675239563,-0.4179922342300415,-0.11796970665454865,-0.30190300941467285,-0.2698596119880676,-0.16133640706539154,0.15405496954917908,0.4977283179759979,-0.09695194661617279,0.31282150745391846,-0.023269888013601303,0.01644042693078518,0.045575100928545,-0.1965751051902771,0.10818342864513397,0.48504239320755005,0.31406211853027344,0.4589615762233734,-0.03448692336678505,0.0970248207449913,-0.09487100690603256,0.05246824026107788,-0.10495053976774216,0.47007203102111816,0.19517211616039276,-0.09181805700063705,-0.0002532067592255771,-0.22579236328601837,-0.290266752243042,-0.11717864125967026,0.07176091521978378,0.3398416042327881,0.0827089324593544,0.128618985414505,-0.0898514986038208,-0.18879738450050354,0.347954660654068,-0.1626066118478775,-0.16185981035232544,0.0786430761218071,0.020622825250029564,-0.3337194621562958,-0.10624757409095764,0.1533578634262085,-0.81163489818573,-0.7003639340400696,-0.6392243504524231,-0.5627025961875916,0.3708590567111969,-0.3436695635318756,-0.5125065445899963,-0.283784419298172,0.3243624269962311,0.3041764497756958,0.24564270675182343,-0.1366293877363205,-0.5797112584114075,-0.12543891370296478,0.02191605046391487,0.04793151840567589,0.2709744870662689,-0.18685311079025269,0.029826104640960693,0.38832181692123413,0.4103902280330658,-0.31282126903533936,0.09925088286399841,-0.12610240280628204,-0.32028165459632874,-0.24122385680675507,-0.5551266670227051,-0.37936028838157654,0.1771450936794281,-0.7057411074638367,-0.8854358196258545,-0.23854056000709534,0.02872181311249733,-0.3210751414299011,-0.3471304476261139,0.07625102251768112,-0.5930279493331909,-0.39201873540878296,-0.142929345369339,-0.010222744196653366,-0.3156975209712982,0.45795610547065735,-0.4527868926525116,0.5809959769248962,0.20509198307991028,0.39355069398880005,0.5057805776596069,0.16009826958179474]"
14,820014,SELF_SENSORY,4,100,32,96,0.2880375385284424,0.5520050418563187,False,"[-0.8490799069404602,0.6258827447891235,-1.169360637664795,-0.28104665875434875]"
14,820014,CROSS_AGENT_YOKED_SENSORY,4,100,32,96,0.29029323185802175,0.7769126249477267,True,"[-0.8657530546188354,0.6564902663230896,-1.1610164642333984,0.004426575731486082]"
14,820014,LAG1_SENSORY,4,100,32,96,0.28643670678138733,0.6291802916675806,False,"[-0.8514218330383301,0.6323235630989075,-1.1694152355194092,-0.2770809233188629]"
14,820014,LAG4_SENSORY,4,100,32,96,0.2859848439693451,0.6321157091297209,False,"[-0.8547734022140503,0.642485499382019,-1.168929934501648,-0.24513906240463257]"
14,820014,SELF_OUTPUT,4,100,32,96,0.2888534963130951,0.5496304580010474,False,"[-0.8367614150047302,0.6203126907348633,-1.1191556453704834,0.31502261757850647]"
14,820014,NO_FEEDBACK,3,100,32,96,0.2907310426235199,0.4740387499332428,False,"[-0.8652145862579346,0.6547858715057373,-1.1581132411956787]"
14,820014,GENERIC_RNN_1D,6,100,32,96,0.2829984426498413,0.5985893341712654,False,"[-0.8328493237495422,0.61611008644104,-1.165086030960083,-0.4425642192363739,0.16003680229187012,-0.026270678266882896]"
14,820014,GRU_8,297,100,32,96,0.24013732373714447,1.0371307088062167,False,"[0.6514114141464233,-0.3335229754447937,-0.2060425877571106,0.04878264293074608,-0.411339670419693,-0.5330252051353455,0.7083693146705627,0.2355165332555771,0.21027612686157227,-0.2854178249835968,0.614579975605011,0.08491166681051254,-0.2175624817609787,0.5057933926582336,-0.0712629035115242,-0.11725295335054398,0.19699040055274963,-0.5159627795219421,0.041380733251571655,-0.3728763461112976,-0.10515645146369934,-0.5151870250701904,0.03398450091481209,-0.8813189268112183,0.38204091787338257,-0.7032142877578735,-0.07782159745693207,-0.4160485565662384,0.9989027380943298,-0.43605679273605347,0.4642629623413086,-0.6489665508270264,0.3585469126701355,0.13890446722507477,0.6309380531311035,-0.1059713214635849,-0.40630078315734863,-0.12979480624198914,0.5028602480888367,-0.1887418031692505,-0.390433132648468,-0.02477477490901947,-0.5500718355178833,0.10150168836116791,0.15927881002426147,-0.12465610355138779,-0.12925155460834503,-0.0644252821803093,-0.6006210446357727,-0.38965660333633423,0.5731555223464966,-0.192058265209198,0.054678477346897125,0.13005197048187256,0.10926997661590576,0.15383532643318176,0.14994502067565918,-0.10129068046808243,0.415365993976593,-0.08532668650150299,0.2816963195800781,0.29596203565597534,0.19088903069496155,-0.19998303055763245,0.08399619162082672,-0.18977220356464386,-0.22667858004570007,-0.20416131615638733,0.05374075099825859,0.025753913447260857,-0.012586208060383797,-0.05920664966106415,-0.3069828152656555,-0.42169809341430664,0.21676194667816162,-0.5370808243751526,0.4924667775630951,-0.14979349076747894,0.1451537162065506,-0.16526886820793152,-0.4643918573856354,0.08783773332834244,0.3743773400783539,-0.1705242395401001,0.45489758253097534,0.4390328526496887,0.32548052072525024,0.17248599231243134,0.2832503318786621,0.3020578920841217,-0.14100751280784607,-0.27680471539497375,-0.15870164334774017,0.011983569711446762,0.022269675508141518,0.10190144926309586,-0.10784516483545303,-0.522402822971344,0.26229971647262573,-0.2731119990348816,0.3472464680671692,-0.1435278356075287,-0.5371934175491333,0.21087776124477386,-0.04362538829445839,-0.4268781840801239,0.1790042370557785,0.0949709415435791,0.41105958819389343,0.3464686870574951,-0.3357016146183014,-0.07317108660936356,0.29833266139030457,0.3663806617259979,0.5425158143043518,0.10683993995189667,-0.3879980742931366,0.36884164810180664,0.8017385601997375,-0.8682801723480225,0.1295159012079239,0.21547433733940125,0.19667519629001617,0.13426950573921204,-0.21272620558738708,0.510658860206604,0.9530003070831299,-0.47273850440979004,0.3282009959220886,-0.1284695267677307,0.33054235577583313,-0.0065325298346579075,-0.5555429458618164,0.18045513331890106,0.7449107766151428,-0.8772401809692383,0.27729132771492004,0.15903908014297485,0.528068482875824,-0.267453670501709,-0.3669222295284271,0.3939710855484009,0.6310558915138245,-0.7508256435394287,-0.01474479679018259,-0.3145190477371216,0.12414247542619705,-0.14122378826141357,-0.23347339034080505,0.09938313812017441,0.812889575958252,-0.2292790561914444,0.3812423646450043,0.1435001641511917,0.6169238686561584,0.09385786205530167,-0.3619324862957001,0.5818911194801331,0.8399099707603455,-0.6758653521537781,0.7341799736022949,0.26678064465522766,-0.35451823472976685,0.3053666949272156,0.18791736662387848,-0.6059751510620117,-0.15364079177379608,0.122114397585392,0.20577792823314667,0.6514212489128113,0.08600244671106339,-0.1114516332745552,0.16109509766101837,-0.4492717683315277,0.32336676120758057,-0.024198075756430626,-0.16248734295368195,-0.19183585047721863,-0.09799949824810028,0.2714037001132965,0.13314074277877808,0.033827103674411774,-0.5205776691436768,0.4293300211429596,-0.11476484686136246,0.2902575433254242,-0.2404991090297699,-0.13190101087093353,-0.26756104826927185,-0.2670742869377136,-0.03476983308792114,-0.033819396048784256,0.20194163918495178,0.03793219476938248,0.12081033736467361,0.028349237516522408,0.4160299301147461,0.051705501973629,0.15521465241909027,0.11806514859199524,0.2312116175889969,0.3301747441291809,-0.4140920639038086,0.3468659818172455,-0.11867561936378479,-0.24062274396419525,-0.20536188781261444,0.4800383150577545,-0.14700298011302948,-0.4036398231983185,0.2917494475841522,-0.41664114594459534,0.07528453320264816,0.22435495257377625,0.13991665840148926,-0.0004076205659657717,0.3068573474884033,-0.28407469391822815,0.4109592139720917,-0.0792764350771904,-0.3236868381500244,-0.13274849951267242,0.1194545328617096,0.18954193592071533,0.3048514425754547,0.11615357547998428,-0.14349889755249023,0.11489985883235931,-0.006475788541138172,-0.1781773418188095,0.3007042706012726,-0.04403284564614296,-0.16332894563674927,-0.3597182631492615,0.0013569847214967012,-0.5011066198348999,0.1306895762681961,-0.08037625998258591,-0.3431124687194824,0.23314180970191956,-0.5016377568244934,-0.06460405141115189,-0.2713458240032196,0.3195790648460388,0.34708109498023987,-0.07292008399963379,0.46687811613082886,0.5133413672447205,-0.3968851864337921,-0.31102287769317627,-0.24167054891586304,-0.3065899908542633,-0.8561820983886719,-0.5810691118240356,0.009421665221452713,-0.41400066018104553,-0.21460387110710144,0.19760647416114807,-0.22970813512802124,0.05852500721812248,0.2989904284477234,-0.13179250061511993,-0.7093207836151123,0.4291326105594635,-0.4133351147174835,-0.10347200930118561,-0.2812524437904358,-0.09868217259645462,0.17036546766757965,-0.25590407848358154,0.15238451957702637,-0.014164878986775875,-0.4497116208076477,-0.22827494144439697,-0.9115960001945496,-0.7464249730110168,-0.4871201813220978,-0.8030977249145508,-0.29547083377838135,-0.5591045618057251,-0.027656525373458862,-0.11284925788640976,0.335269033908844,0.08078521490097046,0.07882048934698105,-0.14405383169651031,-0.6034861207008362,0.31533679366111755,0.7191669344902039,0.5526697039604187,-0.6659789681434631,0.3540821373462677,-0.5274529457092285,-0.7170795202255249,0.15701942145824432,-0.19946813583374023,0.22244542837142944]"
15,820015,SELF_SENSORY,4,100,32,96,0.28784069418907166,0.5505751250311732,False,"[-0.7634130716323853,0.8907479643821716,-1.066785216331482,-0.1195102408528328]"
15,820015,CROSS_AGENT_YOKED_SENSORY,4,100,32,96,0.28439358091474615,0.7877317913807929,True,"[-0.7674794793128967,0.9281997084617615,-1.0820999145507812,0.02971043810248375]"
15,820015,LAG1_SENSORY,4,100,32,96,0.2871685028076172,0.6292083342559636,False,"[-0.7656724452972412,0.893043577671051,-1.0679447650909424,-0.1307399719953537]"
15,820015,LAG4_SENSORY,4,100,32,96,0.28679338097572327,0.6251302496530116,False,"[-0.7659087777137756,0.9030458927154541,-1.0708445310592651,-0.1252129077911377]"
15,820015,SELF_OUTPUT,4,100,32,96,0.2838838994503021,0.5528017496690154,False,"[-0.7749204039573669,0.881188154220581,-1.0586284399032593,0.30125969648361206]"
15,820015,NO_FEEDBACK,3,100,32,96,0.28510767221450806,0.47857637517154217,False,"[-0.7626513242721558,0.9302710294723511,-1.0815600156784058]"
15,820015,GENERIC_RNN_1D,6,100,32,96,0.2851400375366211,0.6056995000690222,False,"[-0.7480733394622803,0.7900635004043579,-1.0416300296783447,-0.5652059316635132,0.29400190711021423,-0.002435284899547696]"
15,820015,GRU_8,297,100,32,96,0.23165863752365112,1.0390908331610262,False,"[-0.34382152557373047,-0.40458953380584717,0.08050017803907394,-0.04405253753066063,-0.4060235321521759,0.16598281264305115,-0.4114532470703125,-0.20488621294498444,-0.28510981798171997,-0.07967390865087509,-0.5064190626144409,0.3418087065219879,0.01083972118794918,0.2861645817756653,-0.10581782460212708,-0.22174511849880219,0.2962459921836853,-0.51027911901474,-0.3630153238773346,-0.16503314673900604,0.1795853227376938,-0.7315477132797241,0.3620627522468567,-0.8659888505935669,0.10819343477487564,-0.8135531544685364,0.5050675272941589,-0.03020952269434929,0.006868145428597927,0.15241330862045288,0.2686381936073303,-0.7006731629371643,-0.6882392168045044,-0.3331651985645294,-0.058761801570653915,-0.1384953111410141,-0.28648898005485535,-0.13305911421775818,-0.5559350848197937,0.1220468208193779,0.42403092980384827,0.13663350045681,0.012470456771552563,-0.2868122160434723,0.037528857588768005,0.3372628390789032,0.32366812229156494,0.2399650663137436,0.21801438927650452,0.25626808404922485,-0.031786028295755386,-0.11246348172426224,-0.023487787693738937,0.03860444948077202,0.02798767387866974,-0.3064546585083008,-0.10281714797019958,-0.5774518847465515,0.12804220616817474,0.41364654898643494,-0.3156208395957947,-0.3820774257183075,0.1261933147907257,0.09922768175601959,0.5168492197990417,0.3651316463947296,0.0319894514977932,0.416765421628952,-0.2696259021759033,0.052761297672986984,0.5868306159973145,-0.21009311079978943,-0.05223260074853897,0.12061524391174316,0.08043856918811798,-0.17159295082092285,-0.05963369086384773,0.10115616023540497,-0.24185720086097717,-0.43451759219169617,-0.11047951877117157,0.4399069547653198,0.07051919400691986,0.6272942423820496,-0.1153470054268837,0.22615639865398407,0.1780068278312683,-0.4601278305053711,-0.029269296675920486,-0.1994623988866806,0.5158799290657043,-0.024029111489653587,-0.09145376831293106,-0.4528857469558716,0.3185473680496216,-0.6079452633857727,0.00496011134237051,-0.46775197982788086,-0.5756482481956482,0.3594421446323395,0.3977610468864441,-0.5864574909210205,-0.07510704547166824,0.0016515384195372462,0.17744207382202148,0.08704297244548798,0.08524345606565475,-0.6578836441040039,0.12018512934446335,0.21444810926914215,0.1072046309709549,-0.006521089933812618,-0.42901384830474854,0.0817432850599289,0.24972188472747803,-0.4338030219078064,-0.2078360617160797,0.4397723078727722,-0.5827521085739136,0.3682200014591217,0.5028197765350342,-0.3897112011909485,0.22359450161457062,0.04601454362273216,-0.4805337190628052,-0.030163580551743507,0.07070638984441757,0.016042806208133698,-0.31882336735725403,-0.4665678143501282,-0.4991855025291443,-0.30096179246902466,-0.3468453884124756,0.5226459503173828,-0.44549182057380676,0.33073896169662476,-0.4117230176925659,-0.308510959148407,-0.17732836306095123,-0.15071922540664673,-0.09650227427482605,0.6350395083427429,-1.0012357234954834,1.021668553352356,-0.41606053709983826,0.03663698956370354,-0.13925841450691223,-0.2027955949306488,0.010816466063261032,0.8570219278335571,-0.8635981678962708,0.439602255821228,0.03788047283887863,-0.19940392673015594,-0.04283019155263901,0.2832963764667511,-0.40140584111213684,-0.2843901515007019,-0.5111945867538452,0.2755959928035736,0.13508011400699615,0.3510831296443939,0.018334701657295227,0.10186443477869034,-0.4930417537689209,0.6199939846992493,0.24343723058700562,-0.013529627583920956,0.006954904645681381,-0.10304991155862808,-0.18840263783931732,0.05181749910116196,-0.1692502498626709,0.7109364867210388,-0.6693519949913025,0.05922573059797287,-0.03591078892350197,0.4806312024593353,0.3561190664768219,0.16309766471385956,0.0931907519698143,-0.09249097108840942,-0.048349276185035706,-0.3600865304470062,-0.4324566423892975,-0.00401883153244853,-0.009586818516254425,-0.17123498022556305,0.1406787633895874,-0.5138322710990906,-0.20579391717910767,0.31921684741973877,0.5300235152244568,-0.059309277683496475,-0.267069548368454,0.42799240350723267,-0.1527114063501358,0.36965063214302063,0.14044198393821716,-0.47774940729141235,-0.044490158557891846,0.009931160137057304,0.14832273125648499,0.07431736588478088,-0.5253921747207642,-0.020249148830771446,0.38231390714645386,-0.17425832152366638,-0.6025848984718323,-0.5184199213981628,-0.020929347723722458,-0.20911240577697754,-0.055827077478170395,-0.4201792776584625,-0.0076037002727389336,0.008803373202681541,-0.20427533984184265,-0.32228946685791016,-0.31497257947921753,-0.270346462726593,0.44538477063179016,0.13115788996219635,-0.4114556908607483,0.582899272441864,0.01860327646136284,-0.555195689201355,-0.08873278647661209,-0.5900193452835083,0.6412137746810913,-0.4745948612689972,-0.15511715412139893,0.41103336215019226,0.01025332510471344,0.2301361858844757,0.13441549241542816,0.21664249897003174,0.04232598841190338,-0.03713937848806381,-0.21507574617862701,-0.2630559504032135,-0.540981113910675,0.27379050850868225,-0.04844516143202782,-0.44620832800865173,0.5275134444236755,0.16111557185649872,0.40211641788482666,-0.2848548889160156,-0.8108897805213928,0.43858516216278076,-0.8089712858200073,-0.534019410610199,-0.3406699001789093,-0.16224735975265503,-0.3301500082015991,-0.6056251525878906,0.1076577752828598,0.04579246789216995,-0.08853689581155777,0.03922000899910927,0.13610461354255676,-0.019983548671007156,0.12767963111400604,-0.39472389221191406,0.0002890010364353657,0.22200243175029755,0.3029887080192566,-0.3259815275669098,0.1689082384109497,0.02840733528137207,0.5413213968276978,0.11542428284883499,-0.5417095422744751,0.05156750604510307,-0.5518442988395691,-0.5025310516357422,-0.8255499005317688,-0.38936594128608704,-0.19999605417251587,-0.1040964275598526,0.3163987696170807,0.04993007704615593,0.12947838008403778,0.07891298085451126,-0.20872074365615845,-0.03151671588420868,0.43331795930862427,-0.5475945472717285,-0.46820878982543945,0.06727194786071777,-0.5865532159805298,-0.6896035671234131,0.6900337338447571,0.10598419606685638,0.25003647804260254,0.1550808846950531,0.15102708339691162]"
16,820016,SELF_SENSORY,4,100,32,96,0.2755880355834961,0.5595365418121219,False,"[-0.8667152523994446,0.717613697052002,-1.13370680809021,-0.2353115677833557]"
16,820016,CROSS_AGENT_YOKED_SENSORY,4,100,32,96,0.27865126166719095,0.7743230829946697,True,"[-0.8720230460166931,0.7529900074005127,-1.1319656372070312,0.01142751332372427]"
16,820016,LAG1_SENSORY,4,100,32,96,0.27469974756240845,0.6290525002405047,False,"[-0.8689225316047668,0.7228593826293945,-1.1340571641921997,-0.23876966536045074]"
16,820016,LAG4_SENSORY,4,100,32,96,0.27570679783821106,0.6272812499664724,False,"[-0.8710225224494934,0.7323616743087769,-1.1340668201446533,-0.21584846079349518]"
16,820016,SELF_OUTPUT,4,100,32,96,0.2775022089481354,0.547654832713306,False,"[-0.8449884057044983,0.7061188817024231,-1.0789777040481567,0.3137919008731842]"
16,820016,NO_FEEDBACK,3,100,32,96,0.27910706400871277,0.47170529095456004,False,"[-0.8724778294563293,0.7486211061477661,-1.1284433603286743]"
16,820016,GENERIC_RNN_1D,6,100,32,96,0.27179068326950073,0.6046882919035852,False,"[-0.8479236960411072,0.7127158045768738,-1.1329443454742432,-0.3787195086479187,0.16144730150699615,-0.029803743585944176]"
16,820016,GRU_8,297,100,32,96,0.2270938903093338,1.0433554169721901,False,"[0.08659279346466064,0.25383394956588745,0.012040816247463226,-0.11892759799957275,0.6719554662704468,-0.1362953633069992,0.12709712982177734,0.04489046707749367,-0.20849475264549255,-0.16985763609409332,-0.11086805164813995,0.42814844846725464,-0.7547879219055176,-0.5655865669250488,0.46142810583114624,-0.1987653523683548,-0.08012373745441437,-0.16140982508659363,0.4078705906867981,0.1110016256570816,-0.4034390449523926,-0.3039461672306061,-0.017979959025979042,-0.22292596101760864,-0.19529059529304504,-0.34109801054000854,0.12792807817459106,0.09357332438230515,-0.06510791927576065,-0.8274480104446411,-0.09016811847686768,-0.8663326501846313,-0.20335786044597626,-0.2620760202407837,-0.20768071711063385,0.5644304752349854,0.3606160581111908,0.37318024039268494,0.13885383307933807,0.3521553874015808,-0.5673770308494568,-0.03165827691555023,0.011669619008898735,0.39167624711990356,0.6542405486106873,0.2321924865245819,0.5856959819793701,0.2446950078010559,-0.11679323762655258,0.060357384383678436,0.14963790774345398,-0.15080444514751434,-0.311271995306015,0.22609397768974304,0.42389801144599915,0.5248762369155884,0.17782166600227356,0.07309914380311966,-0.09136727452278137,-0.23280644416809082,0.3162725567817688,0.28562748432159424,0.098406583070755,0.2291068434715271,-0.21449615061283112,-0.38727009296417236,-0.06238932907581329,-0.14166885614395142,-0.05762474983930588,-0.38388901948928833,0.585017204284668,0.6412337422370911,-0.11293274909257889,-0.5214017033576965,0.432894766330719,0.419827401638031,-0.15219728648662567,-0.03710547834634781,0.6811306476593018,0.11861947923898697,-0.06654021143913269,0.4323270618915558,-0.06264175474643707,0.08515527099370956,0.18295122683048248,-0.16361576318740845,-0.24663983285427094,-0.5262806415557861,0.2842426002025604,-0.23048385977745056,-0.868598222732544,-0.529758095741272,-0.05018555000424385,0.028553398326039314,0.04201314225792885,0.10090839117765427,0.03372836858034134,0.1540561318397522,0.12052346020936966,-0.44124194979667664,-0.23357175290584564,-0.36839455366134644,-0.023256242275238037,-0.2883521020412445,0.01858813874423504,-0.7296960949897766,-0.21007196605205536,-0.6785043478012085,-0.558978796005249,-0.21670597791671753,0.4513864815235138,0.36129406094551086,0.3914543688297272,-1.0953854322433472,-0.5270698070526123,-0.7760542035102844,0.014545460231602192,-0.4138496518135071,0.5635446906089783,0.08327396959066391,0.5120903253555298,-0.17949946224689484,-0.04859062284231186,-0.17103762924671173,-0.1839214414358139,0.5840871930122375,-0.5043303966522217,-0.014127909205853939,0.35432004928588867,-0.6681195497512817,-0.11291253566741943,-0.4391523003578186,-0.13068901002407074,-0.788242518901825,0.19682297110557556,-0.04003818705677986,-0.1375887095928192,-0.507462739944458,0.36553841829299927,-0.27887728810310364,0.04234010726213455,-0.6124123334884644,-0.14791573584079742,-0.17092666029930115,-0.15695884823799133,-1.145266056060791,-0.5692464113235474,-0.3093811869621277,-0.0762549489736557,-1.0481550693511963,0.22232761979103088,-0.19799505174160004,0.4739108979701996,-0.14212962985038757,0.4891703724861145,0.4078983962535858,0.16995322704315186,0.4225972890853882,-0.03227889910340309,0.11305784434080124,0.07494156807661057,-1.0056599378585815,-0.3284085988998413,-0.3747825026512146,0.08138453215360641,-0.9198859930038452,0.5438913106918335,-0.15329578518867493,-0.11706682294607162,-0.8740771412849426,-0.15987448394298553,-0.8347586393356323,0.38069796562194824,-0.3999248147010803,0.5410285592079163,0.02313224785029888,-0.45666083693504333,0.2202945202589035,-0.07402785867452621,-0.11990099400281906,-0.1054043248295784,0.10552678257226944,-0.6155567765235901,0.10770507156848907,0.49914756417274475,-0.23115091025829315,0.1901950091123581,-0.15228430926799774,-0.21250762045383453,0.6428369283676147,-0.16148391366004944,-0.0029103239066898823,0.23335270583629608,-0.15357372164726257,0.19389232993125916,0.27928364276885986,-0.274551659822464,0.2462138533592224,0.4056074023246765,0.4623052179813385,-0.14056146144866943,-0.41630226373672485,-0.1197456642985344,0.25334715843200684,-0.08207502961158752,0.04927261173725128,0.3474610149860382,0.4603658616542816,-0.2506060302257538,-0.14705988764762878,-0.03645502030849457,0.22554638981819153,0.14541731774806976,0.3505210876464844,-0.09796153753995895,0.021854598075151443,0.4489690065383911,0.21355949342250824,-0.18977920711040497,0.00013972293527331203,-0.0577554777264595,-0.10084432363510132,0.14624875783920288,0.008233140222728252,0.010497691109776497,-0.40872421860694885,-0.09149757772684097,-0.4548910856246948,-0.2150016576051712,0.057185642421245575,-0.011594530194997787,0.21260236203670502,0.2299763262271881,-0.2853949964046478,0.2185245305299759,-0.34192290902137756,-0.48106759786605835,0.17229507863521576,0.310899943113327,0.048690468072891235,-0.03721136599779129,0.5670555233955383,0.11358335614204407,0.01566700078547001,-0.09166402369737625,0.022799262776970863,-0.277082234621048,-0.047515589743852615,-0.190754234790802,0.5720933079719543,-0.2953198552131653,-0.4706991910934448,-0.4269562363624573,0.45685240626335144,-0.7879088521003723,-0.6608420014381409,0.20260515809059143,0.054728731513023376,-0.16500774025917053,0.22608517110347748,-0.3436385691165924,0.4527661204338074,-0.05483826622366905,-0.09345172345638275,0.3408639132976532,0.3386165499687195,0.15128426253795624,0.5610630512237549,0.09717506915330887,-0.0455746203660965,-0.2927583158016205,0.09623689204454422,-0.5959405899047852,0.4962299168109894,-0.3942200541496277,-0.18440870940685272,-0.7821019887924194,0.1795637309551239,-0.49965372681617737,-0.9703524708747864,-0.3404475748538971,0.27415207028388977,0.21214251220226288,0.14804331958293915,0.308520644903183,0.42011359333992004,-0.19718432426452637,0.17988571524620056,-0.2550717890262604,-0.00936769600957632,0.38188475370407104,0.37528225779533386,-0.5132459402084351,-0.09163769334554672,0.7819936871528625,0.6043652892112732,-0.21999122202396393]"
17,820017,SELF_SENSORY,4,100,32,96,0.30096837878227234,0.5541682075709105,False,"[0.9410203695297241,0.7079975008964539,0.9822475910186768,0.24451157450675964]"
17,820017,CROSS_AGENT_YOKED_SENSORY,4,100,32,96,0.3004270608693289,0.77365633379668,True,"[0.9532639384269714,0.7440966963768005,0.9945135116577148,-0.01885797083377838]"
17,820017,LAG1_SENSORY,4,100,32,96,0.2995636761188507,0.6371611249633133,False,"[0.9426203370094299,0.7151037454605103,0.9833876490592957,0.2526059150695801]"
17,820017,LAG4_SENSORY,4,100,32,96,0.29908087849617004,0.6342484997585416,False,"[0.9448383450508118,0.7262650728225708,0.9856753349304199,0.2280706912279129]"
17,820017,SELF_OUTPUT,4,100,32,96,0.295685738325119,0.542242250405252,False,"[0.9379345774650574,0.7009373307228088,0.9564900398254395,0.31801509857177734]"
17,820017,NO_FEEDBACK,3,100,32,96,0.30075135827064514,0.46801358414813876,False,"[0.9532198309898376,0.7399225234985352,0.9939983487129211]"
17,820017,GENERIC_RNN_1D,6,100,32,96,0.29528334736824036,0.6004608338698745,False,"[0.8994112610816956,0.6673962473869324,0.978533923625946,0.6964673399925232,-0.32028305530548096,-0.02189379557967186]"
17,820017,GRU_8,297,100,32,96,0.22481608390808105,1.0380113748833537,False,"[0.5920931100845337,0.33848321437835693,-0.18615280091762543,-0.3140619397163391,-0.6497735977172852,-0.2856949269771576,0.5064207315444946,0.05566217377781868,-0.43880563974380493,-0.21833783388137817,0.3771607279777527,0.0008516129455529153,-0.15130621194839478,0.37266337871551514,-0.05540544539690018,-0.4563519358634949,-0.006355034187436104,-0.5256091356277466,0.12514595687389374,-0.7018759250640869,0.14936430752277374,-0.8398794531822205,-0.05173661932349205,-0.5526211261749268,0.1596045345067978,-0.4823472797870636,-0.10280650109052658,-0.2078128308057785,0.18848873674869537,-0.8556444048881531,-0.17732511460781097,-0.8336319923400879,0.39286041259765625,0.2281312644481659,-0.2521481215953827,-0.09359978139400482,-0.6612380743026733,0.06631237268447876,0.6522994637489319,0.10077887028455734,0.6191988587379456,-0.051913995295763016,-0.16463275253772736,-0.15197235345840454,-0.35864466428756714,-0.5301327109336853,-0.720288872718811,-0.2899177670478821,0.3323259949684143,-0.3372361660003662,0.09231321513652802,0.036338966339826584,0.01564759947359562,0.16960446536540985,0.1729232668876648,0.07015631347894669,0.0009788842871785164,0.15087267756462097,-0.008685887791216373,0.1357724964618683,-0.19047152996063232,-0.35274630784988403,-0.06832822412252426,0.4290978014469147,-0.18519261479377747,-0.18215064704418182,-0.14217433333396912,-0.3979216516017914,-0.09661826491355896,-0.11717930436134338,-0.3190356492996216,-0.28907033801078796,-0.2201557457447052,-0.00430961512029171,-0.4802105128765106,0.4896987974643707,0.16786381602287292,0.5658290982246399,0.1771993339061737,0.2980230748653412,0.000684488913975656,-0.04930751398205757,0.40540754795074463,-0.35592976212501526,0.22535523772239685,0.15392674505710602,-0.22939471900463104,0.07588247954845428,0.1153748407959938,-0.058882612735033035,0.13662633299827576,-0.32312971353530884,-0.1355334371328354,0.42450547218322754,0.03753994405269623,0.36625638604164124,0.267453134059906,-0.05285435542464256,-0.6045573949813843,0.22713391482830048,0.23922331631183624,0.3551020622253418,-0.0802978128194809,0.18532802164554596,-0.0942339226603508,-0.22399109601974487,-0.23710383474826813,-0.23660942912101746,-0.06778308749198914,0.5260677933692932,-0.20672988891601562,0.6133984327316284,0.13884767889976501,-0.7256240844726562,-0.5724982619285583,-0.2820602357387543,0.08239679783582687,0.511090874671936,0.1404893547296524,0.8289265632629395,0.1155850738286972,-0.1476287841796875,-0.5540635585784912,-0.19996677339076996,0.5195208787918091,0.8516847491264343,-0.03092360869050026,0.526740312576294,-0.26927998661994934,-0.6843862533569336,-0.4914086163043976,0.12974296510219574,0.18176895380020142,0.8204585313796997,-0.32268691062927246,0.8187934756278992,-0.12563194334506989,-0.17643266916275024,-0.18996340036392212,0.15101207792758942,0.19430917501449585,0.5316927433013916,-0.09560448676347733,0.9790762662887573,0.09459616243839264,-0.31791946291923523,-0.19114993512630463,-0.17704205214977264,0.478257417678833,0.8783370852470398,-0.415080726146698,0.6710260510444641,0.10857341438531876,0.088450126349926,-0.2596401572227478,0.3792492151260376,0.29506927728652954,0.18878498673439026,-0.1699380874633789,0.45117300748825073,-0.2925119996070862,-0.1709253489971161,-0.18961192667484283,0.0578857846558094,0.733761727809906,0.41183236241340637,-0.0472671240568161,0.5329568982124329,0.06023777276277542,-0.5161080360412598,-0.174007385969162,-0.1121126040816307,0.3725629150867462,0.7745979428291321,-0.7560458779335022,0.5245951414108276,0.15438728034496307,0.25689202547073364,-0.15237072110176086,-0.09045260399580002,0.14007699489593506,-0.14183436334133148,0.0457846000790596,0.16856633126735687,-0.34539586305618286,0.1223316416144371,-6.0301066696411e-05,0.03034021146595478,-0.01412932388484478,-0.3660319447517395,0.42851191759109497,-0.11251120269298553,0.024653540924191475,0.2286914736032486,-0.03593636676669121,-0.46029508113861084,-0.21017901599407196,-0.2893688678741455,0.38357532024383545,-0.45950230956077576,-0.20257197320461273,0.04285678640007973,-0.4937094449996948,0.39779695868492126,0.13087864220142365,0.17084597051143646,-0.15030278265476227,0.3341009020805359,0.29570382833480835,0.288912296295166,-0.13316820561885834,0.36408835649490356,0.08589337021112442,0.35432660579681396,0.06339176744222641,0.05824277177453041,0.22596454620361328,-0.05503487214446068,-0.018378157168626785,-0.026826754212379456,-0.2946130931377411,-0.029795004054903984,-0.20579150319099426,0.2792152464389801,-0.36119040846824646,-0.23297594487667084,0.29255571961402893,-0.05101834982633591,0.0005905228317715228,-0.5465284585952759,-0.031250499188899994,-0.7363408207893372,0.07868251204490662,-0.4122748374938965,-0.11069644242525101,-0.02828659489750862,0.3391668200492859,0.0761924460530281,0.4500924348831177,0.16440698504447937,-0.6654855012893677,-0.357730507850647,-0.29101380705833435,-0.13240504264831543,-0.2678845524787903,0.05039609223604202,-0.13869322836399078,-0.32076236605644226,-0.6316341757774353,-0.6430789828300476,-0.47551438212394714,-0.6615777015686035,-0.804884672164917,-0.17402565479278564,-0.9379907250404358,-0.791235625743866,-0.17946644127368927,0.11782359331846237,-0.15561196208000183,-0.0841372087597847,-0.013931011781096458,-0.2943219542503357,0.3353766202926636,-0.2874282896518707,-0.2906952202320099,-0.2139585167169571,0.0034296370577067137,0.26891300082206726,-0.2603710889816284,-0.19355171918869019,-0.1633104681968689,-0.6330056190490723,-1.0172739028930664,-0.1714857965707779,-0.7501618266105652,-0.25656163692474365,-0.5858052372932434,-0.47851064801216125,-0.8228874206542969,-0.7025242447853088,0.35834765434265137,0.07379565387964249,0.3175077438354492,0.3351590633392334,-0.10437915474176407,-0.16196541488170624,-0.08967440575361252,0.10761100798845291,0.4108869731426239,-0.21735252439975739,-0.6975123286247253,0.6871625781059265,0.5763120651245117,-0.11663258820772171,-0.3196786940097809,-0.5114239454269409,0.025909528136253357]"
18,820018,SELF_SENSORY,4,100,32,96,0.30108824372291565,0.5500105409882963,False,"[0.8713560700416565,0.6606088280677795,1.1012355089187622,0.23723606765270233]"
18,820018,CROSS_AGENT_YOKED_SENSORY,4,100,32,96,0.30361308358243755,0.7869891668669879,True,"[0.8795806765556335,0.7036107182502747,1.1146037578582764,-0.005275939591228962]"
18,820018,LAG1_SENSORY,4,100,32,96,0.30027294158935547,0.6196972499601543,False,"[0.8729035258293152,0.6689713001251221,1.1025952100753784,0.23636402189731598]"
18,820018,LAG4_SENSORY,4,100,32,96,0.30112841725349426,0.6245956248603761,False,"[0.8743793964385986,0.6828029751777649,1.1053340435028076,0.20167961716651917]"
18,820018,SELF_OUTPUT,4,100,32,96,0.293758749961853,0.5540850828401744,False,"[0.8634855151176453,0.6592898964881897,1.0796313285827637,0.324217289686203]"
18,820018,NO_FEEDBACK,3,100,32,96,0.30341485142707825,0.47853037528693676,False,"[0.8776053786277771,0.7045190930366516,1.1157152652740479]"
18,820018,GENERIC_RNN_1D,6,100,32,96,0.2988094091415405,0.6092649581842124,False,"[0.8362146019935608,0.629548192024231,1.0967249870300293,0.5759407877922058,-0.2609820067882538,-0.025816641747951508]"
18,820018,GRU_8,297,100,32,96,0.250523179769516,1.0296020838432014,False,"[-0.4238562285900116,0.030368180945515633,0.18683621287345886,-0.11231034994125366,-0.29844924807548523,-0.2858807146549225,-0.07541491836309433,-0.12450271099805832,0.7222012877464294,0.17735087871551514,0.08085086941719055,0.1523207128047943,0.005425663664937019,0.39791783690452576,-0.6234793066978455,-0.46875253319740295,0.425028920173645,-0.5615301728248596,0.10215944051742554,-0.5771265029907227,0.6123481392860413,-0.7620747685432434,0.22434596717357635,-0.6390969753265381,0.18540477752685547,-0.5237909555435181,-0.45397356152534485,-0.41117799282073975,-0.5148709416389465,0.03632817417383194,0.2216017246246338,-0.6357923150062561,0.21505407989025116,0.0627518966794014,0.5675276517868042,0.38356876373291016,0.5309454798698425,-0.3863001763820648,0.5586203336715698,0.03692025691270828,-0.5861161947250366,-0.12240038067102432,-0.4233511686325073,-0.3982534110546112,0.039787884801626205,-0.10062558203935623,-0.6810994744300842,-0.16309602558612823,-0.1092977523803711,-0.46122094988822937,0.09910095483064651,-0.336408406496048,-0.08977505564689636,-0.00468012411147356,0.06033158674836159,0.34396299719810486,0.2376655489206314,-0.4983958303928375,-0.07220188528299332,0.07633136212825775,0.0405927449464798,0.3585192859172821,0.057018257677555084,0.15987183153629303,0.03160995617508888,-0.011200030334293842,-0.42052656412124634,-0.2967172861099243,-0.02094009332358837,0.4461226165294647,-0.23173965513706207,0.3975996971130371,0.04079655930399895,-0.08247824013233185,-0.13026438653469086,-0.4116581976413727,0.5649836659431458,-0.06746582686901093,0.09960522502660751,0.42922529578208923,-0.06045271456241608,0.16082920134067535,-0.3713618814945221,-0.18003655970096588,0.6555578708648682,0.22032715380191803,-0.33690088987350464,0.4855518043041229,0.5661724805831909,-0.3471944034099579,0.30324575304985046,-0.03446291759610176,-0.04646101966500282,0.3666722774505615,-0.2394280582666397,0.20521007478237152,0.08775395900011063,0.531408965587616,-0.14150920510292053,0.4595169723033905,-0.2907326817512512,-0.5216600894927979,0.13328157365322113,-0.5568416118621826,-0.01831791177392006,-0.2240992933511734,0.2780079245567322,-0.02986179292201996,0.18489469587802887,0.5678377747535706,-0.1332295536994934,-0.1284552961587906,0.5112703442573547,-0.2912963032722473,0.47777944803237915,0.08001330494880676,-0.17700867354869843,0.29972562193870544,-0.4012400209903717,-0.19849006831645966,0.5270227789878845,-0.0412018708884716,0.517494797706604,-0.0671120434999466,-0.11005252599716187,0.7661044001579285,-0.28235098719596863,-0.3440426290035248,0.7481251358985901,-0.3988953232765198,1.1146467924118042,-0.2369803786277771,0.28569862246513367,0.7491571307182312,-0.9590343236923218,-0.5345880389213562,0.758898913860321,-0.43711113929748535,0.3235599100589752,0.2839289605617523,-0.12044776231050491,0.6482480764389038,-0.6388043761253357,-0.3395083248615265,0.2721792459487915,-0.2893202006816864,0.6129496693611145,0.17958328127861023,0.30534929037094116,0.5760824680328369,-0.500393271446228,-0.5357659459114075,0.5738693475723267,-0.4979163110256195,0.7601606845855713,0.17498283088207245,0.39143964648246765,0.9297645092010498,-0.32126620411872864,-0.20422373712062836,0.5079174041748047,-0.3720613420009613,0.170871764421463,-0.1875169575214386,-0.02438756451010704,0.28142955899238586,-0.17360401153564453,0.04167284443974495,0.7804364562034607,-0.5238438248634338,0.7539905905723572,0.3114168047904968,0.04251675307750702,0.6592017412185669,-0.4706873893737793,-0.2646098732948303,-0.15619786083698273,0.16510537266731262,0.4486309289932251,0.4335017204284668,-0.35342711210250854,0.04680350795388222,-0.2122349590063095,-0.2620701491832733,-0.32775798439979553,0.4120754301548004,-0.40628162026405334,0.2777416706085205,0.11116403341293335,-0.18517474830150604,-0.10426555573940277,-0.11029443144798279,0.13334247469902039,-0.03879304975271225,0.16807150840759277,0.2573363184928894,-0.29155880212783813,0.0018972060643136501,-0.4200715720653534,-0.3063523471355438,-0.39918938279151917,0.15678447484970093,-0.30397340655326843,0.4134330153465271,-0.3548077940940857,0.14328813552856445,-0.4908060133457184,-0.1185847595334053,0.3603094220161438,-0.4942876398563385,0.12851667404174805,-0.18253839015960693,0.15245388448238373,0.15316271781921387,-0.2166190892457962,-0.16737714409828186,0.17245616018772125,-0.08407492190599442,0.07979796826839447,-0.20412702858448029,-0.21503275632858276,-0.2274782806634903,-0.4037584364414215,-0.2664388418197632,-0.11194901913404465,0.5392242074012756,-0.42514923214912415,0.4934634566307068,0.11620523780584335,-0.2510337829589844,0.16454580426216125,-0.3010443449020386,0.13063983619213104,0.016312384977936745,-0.054832011461257935,-0.46215975284576416,0.03324689343571663,0.12719470262527466,0.13897278904914856,-0.14946480095386505,0.1472621113061905,-0.01839424856007099,0.08794067054986954,0.24902242422103882,0.0996394082903862,-0.025525545701384544,0.13148242235183716,-0.44809070229530334,-0.6840667724609375,-0.29682910442352295,-0.6632746458053589,-0.6779627203941345,-0.4751526415348053,-0.21474023163318634,-0.3206813335418701,-0.6705202460289001,-0.20649223029613495,-0.17968113720417023,-0.42451295256614685,-0.04647691547870636,0.235381081700325,-0.23287205398082733,0.29402151703834534,0.08778468519449234,-0.038618721067905426,0.2563278377056122,0.47610166668891907,0.48363158106803894,0.05423097312450409,-0.11854317784309387,-0.007268700748682022,-0.2914239764213562,-0.7576817274093628,-0.2520441710948944,-0.9118468165397644,-0.20647543668746948,-0.8579407930374146,-0.5837592482566833,0.34725990891456604,-0.8800338506698608,-0.2586726248264313,-0.2252631038427353,-0.32152143120765686,-0.04117833077907562,-0.012107002548873425,0.11915861070156097,0.4634452760219574,0.4245894253253937,0.3831958770751953,0.6395218372344971,0.22141681611537933,0.4219028949737549,-0.6337809562683105,-0.318435400724411,0.11523706465959549,-0.5114988088607788,0.12414425611495972]"
19,820019,SELF_SENSORY,4,100,32,96,0.27107998728752136,0.5456877499818802,False,"[0.7605517506599426,0.9154390096664429,1.0653992891311646,0.11782534420490265]"
19,820019,CROSS_AGENT_YOKED_SENSORY,4,100,32,96,0.27182023992728055,0.7853946248069406,True,"[0.7534646391868591,0.9617171287536621,1.072487711906433,-0.0006619139458052814]"
19,820019,LAG1_SENSORY,4,100,32,96,0.27067047357559204,0.6272366251796484,False,"[0.7631435394287109,0.9169237613677979,1.066080093383789,0.12285947054624557]"
19,820019,LAG4_SENSORY,4,100,32,96,0.2712049186229706,0.624791834037751,False,"[0.7627314329147339,0.9269223213195801,1.0676451921463013,0.11001373827457428]"
19,820019,SELF_OUTPUT,4,100,32,96,0.26612648367881775,0.5452833748422563,False,"[0.7531851530075073,0.9113617539405823,1.0404492616653442,0.29412806034088135]"
19,820019,NO_FEEDBACK,3,100,32,96,0.27186083793640137,0.4653036668896675,False,"[0.7533921003341675,0.9611049294471741,1.0723551511764526]"
19,820019,GENERIC_RNN_1D,6,100,32,96,0.2696973979473114,0.6030223332345486,False,"[0.7424700260162354,0.8627020120620728,1.0558090209960938,0.4548604488372803,-0.23238345980644226,-0.00833647046238184]"
19,820019,GRU_8,297,100,32,96,0.21223711967468262,1.0405215830542147,False,"[-0.022447561845183372,-0.011446842923760414,0.18089188635349274,0.014613375999033451,0.016836119815707207,0.12210623174905777,0.45319417119026184,0.14619094133377075,0.7212717533111572,0.12836578488349915,0.256486177444458,-0.029394499957561493,0.1694994568824768,-0.04643546789884567,0.3450133502483368,0.08654951304197311,0.2674553692340851,-0.5256877541542053,-0.2551710903644562,-0.3393701910972595,-0.5536190867424011,-0.34215694665908813,0.43833115696907043,0.14262564480304718,0.045976631343364716,-0.9709376692771912,-0.07801949232816696,0.3548472821712494,-0.13014240562915802,-0.21488428115844727,-0.07479541748762131,-0.4420883059501648,0.5783643126487732,-0.04049575328826904,0.4579056203365326,0.2690783739089966,-0.1459779441356659,-0.27435392141342163,-0.023557163774967194,0.15009094774723053,0.5809687376022339,0.1479291319847107,0.09059560298919678,0.2554601728916168,-0.5716477632522583,0.19773247838020325,-0.6795475482940674,-0.2797603905200958,0.14550639688968658,0.273079514503479,-0.39265352487564087,0.21500694751739502,0.5595072507858276,-0.43290945887565613,-0.05491023510694504,-0.07273602485656738,-0.20109929144382477,0.3640151917934418,0.14256435632705688,0.12302939593791962,0.03301604092121124,0.2420540601015091,-0.19958318769931793,-0.12788793444633484,-0.47630128264427185,-0.38005030155181885,0.3598957657814026,-0.11638087034225464,-0.06118644401431084,-0.09814099222421646,-0.08771631866693497,0.30406710505485535,-0.3851465582847595,0.15288925170898438,-0.18918243050575256,-0.29315268993377686,-0.03225300461053848,0.5433759689331055,-0.3357885181903839,-0.12402840703725815,-0.4317375421524048,-0.29605618119239807,0.5040140151977539,0.2621024250984192,-0.23530852794647217,-0.25992128252983093,-0.14777399599552155,0.05320948362350464,0.42246660590171814,0.44295281171798706,-0.48835885524749756,0.17618300020694733,0.3791850507259369,-0.25099411606788635,-0.1906946897506714,-0.2593569755554199,0.1232159435749054,0.35488781332969666,-0.2182069718837738,0.49841248989105225,-0.0847356840968132,-0.038965895771980286,-0.26951199769973755,-0.2728746831417084,0.05254634469747543,0.04693286493420601,-0.0032280641607940197,0.23604868352413177,0.45749014616012573,-0.501780092716217,-0.3515970706939697,-0.38059699535369873,0.700372576713562,-0.3060138523578644,-0.2570122480392456,0.965142011642456,0.5521656274795532,-1.0388031005859375,0.14344573020935059,0.055930670350790024,0.5450510382652283,-0.518345296382904,-0.127578467130661,0.38675427436828613,0.25338515639305115,-1.0015774965286255,0.37057653069496155,-0.16881948709487915,-0.310404896736145,0.06573940068483353,-0.020995287224650383,0.0937916710972786,-0.08454629778862,-0.02230074815452099,-0.02076105587184429,0.2815588116645813,0.1437731832265854,-0.15688882768154144,0.5106597542762756,-0.09489285945892334,-0.33292335271835327,0.21537673473358154,0.16308757662773132,0.05260993167757988,0.8527721166610718,-0.4387567639350891,-0.21128402650356293,0.6191441416740417,0.39327993988990784,-0.9178029298782349,0.5617579817771912,0.21049827337265015,-0.08143472671508789,-0.07400348037481308,0.8423856496810913,-0.14115412533283234,0.03829122334718704,0.4384657144546509,-0.37669363617897034,0.5805517435073853,0.5182148814201355,0.13150744140148163,-0.4651055932044983,0.8347151875495911,0.35544347763061523,-0.39143291115760803,0.5497314929962158,0.4170096516609192,0.8801524639129639,-0.531149685382843,-0.3981669247150421,0.7414088249206543,0.3331919312477112,-0.9545756578445435,0.5147396326065063,-0.20081110298633575,-0.19882671535015106,0.13898944854736328,-0.3833680748939514,0.3152589201927185,-0.019002815708518028,0.15013530850410461,-0.5127345323562622,0.1156938225030899,0.3419061005115509,0.032042376697063446,-0.2749670445919037,0.41473454236984253,0.34023961424827576,-0.06132921576499939,-0.1888899952173233,-0.10963122546672821,0.2964678406715393,0.4096553921699524,-0.34580036997795105,0.19979038834571838,0.1798933744430542,-0.1359304040670395,-0.29795634746551514,-0.0340179018676281,0.057662319391965866,0.08565059304237366,0.5049237608909607,-0.3483627736568451,-0.11630485206842422,-0.022934690117836,0.04954198747873306,0.4340250492095947,-0.3705762028694153,0.057949669659137726,-0.3391755521297455,0.38856005668640137,0.3261178135871887,0.2915642559528351,-0.3296065032482147,-0.34900951385498047,-0.08735811710357666,0.020437929779291153,-0.42497196793556213,0.03315532207489014,0.08877395838499069,-0.20374269783496857,0.08192247897386551,-0.2999146580696106,0.1291990429162979,-0.35223785042762756,-0.05986608564853668,-0.12674807012081146,-0.18725664913654327,-0.03125853091478348,0.48756060004234314,0.3761388957500458,-0.07640111446380615,-0.349788099527359,0.3677120506763458,-0.07889430969953537,0.09264664351940155,-0.03789154812693596,0.30035462975502014,-0.02649996243417263,-0.11123862862586975,0.29747244715690613,0.376120388507843,0.16409651935100555,0.40127021074295044,0.09590873122215271,-0.2031129151582718,-0.10535173863172531,-0.6171285510063171,-1.009495496749878,0.11142005771398544,0.379431813955307,-0.5161886215209961,-0.04097875580191612,-0.37468892335891724,-0.5258339047431946,-0.22280198335647583,-0.029720447957515717,0.2613924443721771,-0.35748982429504395,-0.20699241757392883,0.2516595125198364,-0.1367330402135849,0.19769395887851715,-0.5736322999000549,-0.18769365549087524,0.19916799664497375,0.4456603527069092,0.16550865769386292,0.13697193562984467,0.20072032511234283,-0.5453836917877197,-0.7559153437614441,-0.9591102004051208,-0.27172380685806274,0.4603555202484131,-0.7301055192947388,-0.11242728680372238,-0.8244542479515076,-1.006434440612793,-0.1040225699543953,0.2637399435043335,-0.15746477246284485,-0.22211818397045135,0.1216454952955246,0.5290002822875977,-0.06715931743383408,-0.2614836096763611,0.47128498554229736,0.5621930956840515,-0.04513344168663025,-0.11159265041351318,0.4771982431411743,0.07292034476995468,-0.445671945810318,-0.5738953948020935,-0.16488569974899292]"
20,820020,SELF_SENSORY,4,100,32,96,0.32052505016326904,0.546063750050962,False,"[-0.7526436448097229,0.7147364020347595,-1.0218887329101562,-0.28923657536506653]"
20,820020,CROSS_AGENT_YOKED_SENSORY,4,100,32,96,0.3164500945015676,0.7851343750953674,True,"[-0.7603204846382141,0.7517609000205994,-1.0283617973327637,-0.017805270850658417]"
20,820020,LAG1_SENSORY,4,100,32,96,0.3193601667881012,0.6292506670579314,False,"[-0.7544758319854736,0.7191887497901917,-1.0224615335464478,-0.2787339389324188]"
20,820020,LAG4_SENSORY,4,100,32,96,0.3190007209777832,0.6322448328137398,False,"[-0.7563776969909668,0.7293037176132202,-1.0236777067184448,-0.24449114501476288]"
20,820020,SELF_OUTPUT,4,100,32,96,0.3126838207244873,0.5539117497391999,False,"[-0.7584945559501648,0.7170220613479614,-1.0063618421554565,0.34825676679611206]"
20,820020,NO_FEEDBACK,3,100,32,96,0.3160124719142914,0.47912400029599667,False,"[-0.7599931359291077,0.752221405506134,-1.029020071029663]"
20,820020,GENERIC_RNN_1D,6,100,32,96,0.31451526284217834,0.6052751247771084,False,"[-0.7322402000427246,0.7056736350059509,-1.021459937095642,-0.485696941614151,0.18188317120075226,-0.018296830356121063]"
20,820020,GRU_8,297,100,32,96,0.2511807978153229,1.0351844169199467,False,"[0.42564651370048523,0.2155001163482666,-0.5012829303741455,-0.7009211778640747,0.06709049642086029,-0.18796031177043915,0.37169432640075684,-0.5671154856681824,0.17774783074855804,0.2707492411136627,0.04819835349917412,-0.04808540642261505,0.7072163820266724,-0.09096001088619232,-0.7305141687393188,-0.08877145498991013,0.07604416459798813,-0.4115285277366638,0.09987135231494904,-0.49917173385620117,-0.08394412696361542,-0.0640840083360672,-0.5011078715324402,-0.5959084033966064,-0.21760520339012146,-0.26053205132484436,-0.1847045123577118,-0.6229069828987122,-0.47746312618255615,-0.18445108830928802,0.28676673769950867,-0.201152965426445,-0.5665267109870911,0.08654914796352386,0.6117427945137024,-0.0317709818482399,0.08515679836273193,0.5473748445510864,-0.38652563095092773,-0.40631040930747986,0.2058589607477188,0.5735514163970947,0.4876425564289093,0.22821950912475586,-0.3155163824558258,0.17408402264118195,-0.3124844431877136,0.045228078961372375,-0.07172200828790665,0.3464723825454712,-0.3830687403678894,0.08869346231222153,-0.3889351785182953,0.2964310348033905,-0.24351730942726135,-0.20223368704319,0.3082019090652466,-0.03919953107833862,-0.6517033576965332,0.1370464265346527,-0.6799506545066833,0.1465757042169571,0.25370103120803833,-0.10524984449148178,-0.43152061104774475,0.11845371872186661,-0.37953513860702515,0.2848820686340332,0.07990631461143494,0.3706279695034027,-0.0570792630314827,-0.14676007628440857,-0.15795257687568665,0.5413724184036255,0.3629675805568695,0.19124658405780792,-0.23454630374908447,0.3548583686351776,0.3461504280567169,-0.5398377776145935,-0.6661282777786255,0.08071339875459671,0.26934918761253357,-0.07043690979480743,-0.019234217703342438,0.32366421818733215,-0.20414195954799652,0.024266241118311882,-0.40239977836608887,0.43402019143104553,-0.013532191514968872,-0.002162938704714179,-0.32422131299972534,0.6398463249206543,0.0005686560180038214,-0.2013521045446396,-0.44659292697906494,0.40428587794303894,-0.048992615193128586,-0.24568922817707062,-0.004684919957071543,0.08745364844799042,-0.269970178604126,-0.43776535987854004,0.10984797775745392,-0.1501968950033188,-0.15729033946990967,-0.1881592869758606,-0.16379046440124512,-0.45361655950546265,0.14836722612380981,-0.24618780612945557,0.36669713258743286,0.8241985440254211,-0.6132762432098389,0.5754506587982178,-0.2166581153869629,-0.038483623415231705,0.43123459815979004,-0.9709356427192688,0.25481948256492615,0.60483717918396,-0.2492147535085678,0.26448866724967957,-0.9367706179618835,0.07811532914638519,0.7262755632400513,-0.8485056161880493,0.0001103102695196867,-0.23028144240379333,0.11097149550914764,-0.2885294258594513,-0.030423860996961594,-0.5019615888595581,-0.11339949816465378,0.24524126946926117,0.044569965451955795,0.43849724531173706,-0.21982498466968536,0.23245704174041748,-0.7258347868919373,0.06969638168811798,0.28030383586883545,-0.3164170980453491,-0.3488239347934723,0.383293479681015,-0.4186176061630249,0.5881510972976685,-0.06926755607128143,0.19547909498214722,0.38214170932769775,-0.29873189330101013,-0.19025607407093048,0.6305505633354187,-0.45042964816093445,0.9171946048736572,0.022001340985298157,-0.064165398478508,0.7840888500213623,-0.4240435063838959,0.11524944007396698,0.5883867144584656,-0.2633292078971863,0.47096216678619385,-0.012902293354272842,-0.31266242265701294,0.5666420459747314,-0.7113531231880188,-0.07896656543016434,0.7140949368476868,-0.7710941433906555,0.5977168679237366,-0.28258687257766724,0.08166180551052094,0.7478212118148804,-0.858914852142334,0.311715304851532,0.02432176098227501,0.21692556142807007,0.30709269642829895,0.11585281044244766,-0.49961328506469727,0.11419486254453659,0.14802014827728271,-0.27088358998298645,0.011303854174911976,0.07326658815145493,0.1125907376408577,-0.08596152067184448,0.1872822493314743,0.2946256399154663,-0.31305763125419617,-0.08829893171787262,0.3619837164878845,0.13067102432250977,-0.07704418897628784,-0.3603300154209137,-0.00891218613833189,-0.15657883882522583,-0.23073163628578186,0.22904886305332184,-0.17349348962306976,0.0405033677816391,-0.20177491009235382,-0.18884024024009705,-0.06794434785842896,0.008808092214167118,0.20820729434490204,-0.14983320236206055,-0.046396803110837936,-0.31335949897766113,0.16756173968315125,0.04462742432951927,0.5343813300132751,-0.2918560802936554,0.1253618597984314,-0.4448304772377014,0.599692702293396,0.0033816732466220856,0.2757338881492615,-0.03343641012907028,0.18862836062908173,-0.07317782193422318,0.23255912959575653,0.11135958880186081,-0.33301159739494324,0.013666016049683094,0.307607501745224,-0.21475137770175934,-0.5515628457069397,0.41280797123908997,0.07262242585420609,0.18131482601165771,-0.13420142233371735,0.1345929354429245,-0.3445743918418884,0.38236746191978455,-0.3501088321208954,0.041983962059020996,0.3508668839931488,0.024423304945230484,-0.019974980503320694,0.2292494922876358,-0.30287206172943115,0.2472463995218277,0.19547513127326965,-0.2450212836265564,0.16859623789787292,-0.4562557637691498,-0.3020792603492737,0.3660663366317749,-0.9737871885299683,-0.3527105152606964,-0.923259973526001,-0.7656576037406921,-0.9090628623962402,0.1292005479335785,-0.17362533509731293,-0.009411265142261982,-0.2842574417591095,-0.1167701855301857,-0.188261017203331,-0.2145403027534485,-0.015295131132006645,0.18519005179405212,-0.21010147035121918,-0.24090547859668732,-0.20795919001102448,0.10689210891723633,-0.18640360236167908,-0.2782770097255707,-0.37360402941703796,-0.9821283221244812,-0.4766608476638794,0.1176101341843605,-0.6638402938842773,-0.733928382396698,-0.5832564234733582,-0.5316061973571777,-0.8544792532920837,-0.09791337698698044,-0.04259711876511574,0.2505873441696167,-0.17234237492084503,0.4426906406879425,0.277425080537796,-0.3743489980697632,0.30727919936180115,-0.4731367528438568,0.4111737012863159,0.0706460252404213,-0.3900066018104553,0.2763127088546753,0.6480693817138672,-0.3001800775527954,-0.48289766907691956,-0.1603827029466629]"
21,820021,SELF_SENSORY,4,100,32,96,0.28273844718933105,0.5462845000438392,False,"[-0.9451241493225098,0.5692667961120605,-1.071395993232727,-0.33918556571006775]"
21,820021,CROSS_AGENT_YOKED_SENSORY,4,100,32,96,0.28315530286358026,0.7789472918957472,True,"[-0.9558528065681458,0.6090205311775208,-1.0779860019683838,-0.003418500069528818]"
21,820021,LAG1_SENSORY,4,100,32,96,0.281559020280838,0.6277011251077056,False,"[-0.9468435645103455,0.5777066349983215,-1.0722317695617676,-0.3271760046482086]"
21,820021,LAG4_SENSORY,4,100,32,96,0.28117960691452026,0.6252905000001192,False,"[-0.9496710300445557,0.5894212126731873,-1.0738004446029663,-0.2777361571788788]"
21,820021,SELF_OUTPUT,4,100,32,96,0.2786882221698761,0.5424779169261456,False,"[-0.9467916488647461,0.5691651701927185,-1.0537943840026855,0.34165239334106445]"
21,820021,NO_FEEDBACK,3,100,32,96,0.2831932604312897,0.47682562517002225,False,"[-0.9556584358215332,0.6081468462944031,-1.0777349472045898]"
21,820021,GENERIC_RNN_1D,6,100,32,96,0.27654075622558594,0.6061204997822642,False,"[-0.9072004556655884,0.5351883769035339,-1.061102032661438,-0.6887651085853577,0.27288228273391724,-0.026038262993097305]"
21,820021,GRU_8,297,100,32,96,0.22501593828201294,1.0396871250122786,False,"[0.6936452388763428,-0.2912014126777649,-0.47461214661598206,-0.14690543711185455,0.559239387512207,-0.40721434354782104,0.015375451184809208,-0.07085198909044266,-0.11791267991065979,0.11601362377405167,-0.10055079311132431,0.08756949752569199,-0.3252367377281189,-0.05933837592601776,-0.4949232041835785,0.146457239985466,-0.2816455662250519,-0.5772659182548523,-0.1971787065267563,-0.30614352226257324,-0.14548993110656738,-0.343529611825943,0.38562923669815063,-0.5655696392059326,-0.2258722484111786,-0.42200785875320435,-0.03147762641310692,-0.7305055856704712,-0.622482180595398,-0.2619451582431793,-0.1929248571395874,-0.9060579538345337,0.3968161642551422,0.301876038312912,0.590787410736084,0.2649446725845337,-0.4057330787181854,-0.3466523587703705,-0.37732380628585815,0.24227888882160187,-0.5431379675865173,-0.3180757462978363,-0.5524030327796936,-0.05526193231344223,-0.15147019922733307,-0.351561039686203,0.32450544834136963,0.42157310247421265,-0.18430960178375244,-0.17379404604434967,-0.04733201861381531,-0.15198279917240143,-0.13650508224964142,-0.5169467926025391,-0.1354183405637741,-0.18272875249385834,-0.21674053370952606,0.013799997046589851,-0.133999764919281,-0.28687188029289246,-0.15789920091629028,-0.5697147846221924,0.02723112516105175,-0.19166922569274902,0.24933162331581116,-0.2952590882778168,0.017801200971007347,0.18595720827579498,-0.03447514772415161,-0.3372090458869934,0.46675461530685425,0.07427922636270523,-0.3384345769882202,0.273335725069046,-0.07527691125869751,-0.6692466735839844,0.11360130459070206,0.056368693709373474,0.03622543439269066,-0.24730518460273743,-0.12268001586198807,0.4708307981491089,-0.007235664874315262,-0.12988027930259705,-0.17407579720020294,0.01492631621658802,-0.17320995032787323,0.6685453653335571,0.18298768997192383,0.528014063835144,-0.11003955453634262,-0.5861837267875671,-0.11855007708072662,-0.6853063702583313,-0.1828349530696869,0.4112943410873413,0.23874783515930176,0.5149719715118408,-0.13100358843803406,0.07299277931451797,-0.5957168340682983,-0.3005197048187256,-0.38100194931030273,0.6742007732391357,-0.1277114748954773,0.30984464287757874,-0.04706722870469093,0.09124382585287094,-0.2163572758436203,-0.2961091697216034,-0.39146190881729126,0.5563778281211853,-0.35488179326057434,-0.10572287440299988,0.3323366940021515,-0.8970354795455933,0.1767919659614563,-0.30569031834602356,0.5434092879295349,0.07090350985527039,0.00036421872209757566,-0.015282287262380123,0.6470263600349426,-0.4078758955001831,-0.057510942220687866,-0.15216267108917236,0.6586094498634338,-0.2576631009578705,-0.39726871252059937,-0.327914834022522,0.6963743567466736,-0.4780455529689789,-0.16026347875595093,-0.4323039650917053,0.3895617723464966,0.3244771957397461,-0.18206530809402466,-0.07366129755973816,0.3037866950035095,-0.3806692063808441,-0.04152796044945717,0.10171280056238174,0.441368967294693,-0.3294483721256256,0.005915923044085503,-0.16570457816123962,0.21841280162334442,-0.8578169345855713,0.2578260898590088,-0.3184676766395569,0.24804499745368958,-0.26304829120635986,-0.3647759258747101,-0.2825641632080078,0.35918641090393066,-0.5284466743469238,-0.046172574162483215,-0.23428544402122498,0.13332399725914001,-0.21826690435409546,-0.33996960520744324,-0.20176491141319275,0.7508431077003479,-0.7761440873146057,0.2248416393995285,-0.3214527666568756,0.5387881994247437,0.1764201819896698,-0.43674996495246887,-0.07128605246543884,0.46638479828834534,-0.7716550827026367,0.19421051442623138,-0.2784065306186676,0.11020252853631973,0.36695387959480286,0.19923464953899384,-0.081827312707901,-0.3070845901966095,-0.1735965460538864,-0.33106860518455505,0.12863858044147491,-0.07677961885929108,0.07738293707370758,-0.0770341083407402,0.4646749496459961,0.40432673692703247,0.09104599803686142,0.07638216018676758,-0.038996413350105286,0.6477679014205933,-0.14329269528388977,-0.057467713952064514,0.08211503177881241,0.16316397488117218,-0.28545045852661133,-0.0047124773263931274,0.12605896592140198,0.10701625049114227,0.1336684376001358,0.21621952950954437,0.26262789964675903,0.14176210761070251,0.08705183863639832,-0.04039817303419113,0.2859508991241455,-0.021059012040495872,0.12489552050828934,0.0399053581058979,-0.2613718509674072,-0.3487285375595093,0.4212287664413452,-0.08944951742887497,0.481524258852005,-0.21574163436889648,0.1808665543794632,0.03191710263490677,-0.44734182953834534,0.09077421575784683,0.5590957403182983,0.10595051944255829,0.032621823251247406,-0.08732670545578003,0.05565032362937927,0.1646222472190857,-0.4146057069301605,0.3787609934806824,0.24806049466133118,0.5085891485214233,0.09401831030845642,-0.23155270516872406,-0.18532487750053406,-0.03740553557872772,0.09444666653871536,0.3579084277153015,-0.5397828817367554,-0.22738945484161377,-0.5530312061309814,0.2946755290031433,-0.12126825749874115,-0.1389690637588501,-0.17037637531757355,-0.3407064974308014,-0.1345222294330597,-0.1546502411365509,0.08602365106344223,0.36567389965057373,0.2379911094903946,-0.94093918800354,-1.0613439083099365,-0.40032491087913513,-0.06015148386359215,-0.7891045808792114,-0.560262143611908,-0.7682859897613525,-0.7242234945297241,-0.1578277200460434,0.09609245508909225,-0.028536276891827583,0.16898001730442047,-0.16196274757385254,0.0546819306910038,-0.19229435920715332,0.19733570516109467,-0.3045382499694824,-0.37336963415145874,-0.26169198751449585,-0.3376327157020569,-0.06992647051811218,-0.2086409330368042,0.3836681842803955,0.22867995500564575,-0.4261794090270996,-0.9581118226051331,-0.6755889058113098,-0.09617312997579575,-0.4978371262550354,-0.7473537921905518,-0.18024204671382904,-0.3977709114551544,0.5781096816062927,-0.12993212044239044,-0.42433857917785645,0.08975386619567871,0.12635725736618042,0.08091738075017929,0.017468586564064026,-0.2399144023656845,0.5318036079406738,0.45739269256591797,-0.47187909483909607,-0.20741039514541626,-0.40931040048599243,-0.44711771607398987,-0.27149176597595215,0.6692122220993042,-0.2987200617790222]"
22,820022,SELF_SENSORY,4,100,32,96,0.3535982668399811,0.5428141672164202,False,"[-1.065360426902771,0.7874054908752441,-0.8723093271255493,-0.31178969144821167]"
22,820022,CROSS_AGENT_YOKED_SENSORY,4,100,32,96,0.34962577634930625,0.7773748328909278,True,"[-1.0817711353302002,0.8242433071136475,-0.8849577903747559,0.021987637504935265]"
22,820022,LAG1_SENSORY,4,100,32,96,0.35212603211402893,0.6181067093275487,False,"[-1.0669277906417847,0.7943882942199707,-0.8730031847953796,-0.32733988761901855]"
22,820022,LAG4_SENSORY,4,100,32,96,0.35221490263938904,0.6283102915622294,False,"[-1.0695700645446777,0.8041525483131409,-0.874000608921051,-0.30428579449653625]"
22,820022,SELF_OUTPUT,4,100,32,96,0.33722829818725586,0.5446353331208229,False,"[-1.1006935834884644,0.7741817235946655,-0.8898922204971313,0.3234483599662781]"
22,820022,NO_FEEDBACK,3,100,32,96,0.35326114296913147,0.47410616697743535,False,"[-1.0835926532745361,0.8062924146652222,-0.8714187741279602]"
22,820022,GENERIC_RNN_1D,6,100,32,96,0.35024961829185486,0.6061400840990245,False,"[-1.0220955610275269,0.7312838435173035,-0.8707576394081116,-0.8243732452392578,0.36091184616088867,-0.004344133660197258]"
22,820022,GRU_8,297,100,32,96,0.26870858669281006,1.0397174167446792,False,"[-0.4020088016986847,-0.3928661346435547,0.019235709682106972,0.5471715331077576,0.10137469321489334,0.04786881431937218,0.6398322582244873,-0.40372493863105774,-0.795168936252594,-0.2963780462741852,0.3591325879096985,-0.24690040946006775,-0.8471643924713135,-0.2908308207988739,0.004606599919497967,-0.17682857811450958,0.32209426164627075,-1.0268878936767578,0.06753085553646088,-0.4945531189441681,0.528328537940979,0.021285753697156906,0.5821207165718079,0.2102508842945099,0.34210360050201416,-0.5829228758811951,-0.23241940140724182,-1.049133539199829,0.31540995836257935,-0.39227181673049927,0.13939200341701508,-0.36314263939857483,-0.5838117599487305,-0.24887903034687042,-0.5096169114112854,-0.1777532398700714,0.15870451927185059,0.17761099338531494,0.026603132486343384,-0.31996291875839233,0.4602624475955963,-0.13353025913238525,-0.4001469314098358,0.11089691519737244,0.3380529284477234,-0.19392459094524384,-0.47746625542640686,-0.4514008164405823,-0.22827602922916412,0.035242967307567596,-0.38395053148269653,0.2754071354866028,0.01900610327720642,0.6760491132736206,-0.15573281049728394,0.07439136505126953,0.5463510155677795,0.4656730890274048,-0.06913412362337112,0.0315718948841095,-0.08179236948490143,-0.07642514258623123,-0.06886094808578491,0.43385380506515503,-0.09275564551353455,0.3195422291755676,0.17193889617919922,-0.08422914892435074,-0.3455337584018707,-0.3326267600059509,0.4002639353275299,-0.26869261264801025,-0.09923472255468369,-0.5210694074630737,0.0463106669485569,-0.018920058384537697,0.474007248878479,0.367774099111557,-0.07182816416025162,-0.04031205549836159,0.33860328793525696,-0.0013087836559861898,-0.09775006026029587,0.43756169080734253,-0.23699511587619781,0.2744589149951935,0.26820817589759827,0.5170738101005554,0.10712312906980515,-0.35428133606910706,0.4035007655620575,-0.28338387608528137,0.19678929448127747,-0.052585721015930176,0.08681537210941315,-0.5155478715896606,0.07496464252471924,0.38543325662612915,-0.2465912103652954,0.33803045749664307,-0.16670453548431396,0.47554871439933777,-0.10185360163450241,0.18310052156448364,0.006509467028081417,-0.5089571475982666,0.15770593285560608,0.16079825162887573,0.11062846332788467,0.3304749131202698,0.4292873442173004,-0.10131067037582397,-0.3617591857910156,0.06264477968215942,0.6411131024360657,0.963325560092926,0.8553418517112732,1.07212495803833,0.9643601179122925,0.32098686695098877,-0.31055760383605957,0.21559906005859375,0.6793731451034546,0.6598536372184753,0.881464958190918,0.8334935307502747,0.34742748737335205,0.17310622334480286,0.14708726108074188,0.5134844183921814,0.0718809962272644,-0.3214872181415558,-0.31928518414497375,-0.2575373649597168,0.01123767253011465,0.10388675332069397,-0.21436075866222382,0.6415950059890747,0.23876097798347473,0.14237599074840546,0.056526411324739456,0.057317256927490234,-0.2571442723274231,0.5250434279441833,-0.6902439594268799,-0.05663376301527023,1.0302621126174927,0.5418444871902466,0.323241651058197,0.7834545373916626,0.49206218123435974,0.18576543033123016,-0.3553403317928314,0.48778030276298523,0.7091165781021118,1.0950727462768555,0.3772955536842346,0.7761119604110718,0.6009004712104797,0.0324254184961319,-0.6838513016700745,0.4779037535190582,0.8038321137428284,0.11118702590465546,0.6862126588821411,0.581762433052063,0.2529561221599579,-0.290103554725647,-0.15774710476398468,0.5022287368774414,0.29201874136924744,0.8780608177185059,0.44534143805503845,0.20003452897071838,0.8205695748329163,0.19097423553466797,-0.21947970986366272,0.045742835849523544,-0.11472674459218979,-0.05945400148630142,-0.4065264165401459,0.18951313197612762,0.23282428085803986,0.08501122891902924,-0.03268473967909813,0.6452794075012207,-0.5389285683631897,0.25287720561027527,-0.006204680074006319,-0.0142752043902874,0.21031610667705536,0.40192967653274536,-0.3117421269416809,0.5247658491134644,-0.4933750033378601,0.16000501811504364,-0.0849127471446991,0.3347606658935547,0.2792145609855652,0.522416353225708,-0.00698921037837863,-0.38921958208084106,-0.12083517760038376,-0.32891401648521423,-0.3997935950756073,-0.2583450973033905,0.3197394907474518,-0.35415902733802795,-0.19510872662067413,-0.36697855591773987,0.3346395492553711,-0.01611364632844925,-0.03587944060564041,-0.15029725432395935,-0.2612942159175873,-0.27222418785095215,-0.2664330005645752,0.19711904227733612,-0.13804812729358673,0.4541141092777252,-0.08210226893424988,0.4318479299545288,-0.2807582914829254,-0.035613201558589935,-0.21107567846775055,-0.22285425662994385,0.22926592826843262,0.07451144605875015,0.48731136322021484,0.38686081767082214,0.31818073987960815,-0.42223402857780457,-0.192783921957016,0.19626444578170776,0.18897198140621185,0.2849943935871124,-0.13734057545661926,0.10795646905899048,-0.3985876739025116,-0.1860610693693161,-0.4324586093425751,0.15419134497642517,0.1672133356332779,0.04822312667965889,0.009750248864293098,-0.3139166235923767,-0.3097464442253113,-0.2570282220840454,-0.87407386302948,-0.9675312638282776,0.07560381293296814,-0.19780497252941132,-0.874622106552124,-0.8174338936805725,-0.4276794195175171,-0.8540663719177246,0.17873315513134003,-0.03321649134159088,-0.2947312593460083,-0.4888118505477905,-0.2508107125759125,-0.17276686429977417,0.22710826992988586,0.26899805665016174,-0.49992209672927856,0.5803104639053345,-0.021626172587275505,0.2031356394290924,-0.24328792095184326,-0.1880263388156891,-0.08218467235565186,0.0440269410610199,-0.6345840096473694,-0.9253563284873962,-0.24511854350566864,-0.20530284941196442,-0.8734688758850098,-0.9440371990203857,-0.26530590653419495,-0.301466166973114,0.2470303475856781,-0.027658384293317795,0.0839444249868393,0.2829347252845764,-0.29079940915107727,-0.36175790429115295,-0.2286929041147232,0.01356916781514883,-0.5204371213912964,-0.625519871711731,0.03292331099510193,0.07716639339923859,0.3642776906490326,-0.5966736674308777,0.5748423933982849,-0.37946590781211853,0.13458651304244995]"
23,820023,SELF_SENSORY,4,100,32,96,0.5357978343963623,0.5489144581370056,False,"[-0.5560722351074219,0.3974345326423645,-0.6451312899589539,-0.2019890397787094]"
23,820023,CROSS_AGENT_YOKED_SENSORY,4,100,32,96,0.5386363450512676,0.7777191665954888,True,"[-0.5678725242614746,0.4165079891681671,-0.6582505702972412,0.03875388577580452]"
23,820023,LAG1_SENSORY,4,100,32,96,0.5361747741699219,0.6282608327455819,False,"[-0.5565533638000488,0.3982887864112854,-0.645659863948822,-0.19897612929344177]"
23,820023,LAG4_SENSORY,4,100,32,96,0.5379528999328613,0.6277569998055696,False,"[-0.5579250454902649,0.40067002177238464,-0.6471242904663086,-0.18583570420742035]"
23,820023,SELF_OUTPUT,4,100,32,96,0.47009697556495667,0.5493351249024272,False,"[-0.5960182547569275,0.44492143392562866,-0.6877030730247498,0.2326086312532425]"
23,820023,NO_FEEDBACK,3,100,32,96,0.538963258266449,0.47331058280542493,False,"[-0.565955400466919,0.414850652217865,-0.6575977802276611]"
23,820023,GENERIC_RNN_1D,6,100,32,96,0.5355174541473389,0.607014374807477,False,"[-0.5551527142524719,0.3961884081363678,-0.6438602209091187,-0.222812682390213,0.021100247278809547,-0.03977636992931366]"
23,820023,GRU_8,297,100,32,96,0.2655746042728424,1.0576104591600597,False,"[0.2443956881761551,-0.1391277015209198,0.7639877796173096,-0.326681911945343,0.2237032949924469,-0.035397741943597794,-0.8846800327301025,-0.05725209042429924,0.4742775559425354,0.13947393000125885,-0.4609331786632538,-0.2577567994594574,-0.573972761631012,0.40777963399887085,-0.2109302282333374,-0.3837343156337738,-0.18770627677440643,0.3671867847442627,-0.1883649379014969,-0.9094041585922241,-0.1773080825805664,-0.5498244166374207,-0.17246116697788239,-0.7588431239128113,-0.06572244316339493,-0.8395830392837524,0.15926358103752136,-0.22933480143547058,-0.03564663603901863,-0.07150456309318542,0.3354858160018921,0.07582498341798782,-0.1051257997751236,-0.4805728793144226,0.5276234149932861,0.005472458899021149,0.4063951373100281,0.08882926404476166,0.532874345779419,0.03431057184934616,-0.7493151426315308,-0.11938689649105072,-0.623984694480896,-0.24711230397224426,0.024892112240195274,0.10006725788116455,-0.03785059601068497,-0.5489307045936584,-0.2848495543003082,0.15717652440071106,-0.04520702362060547,0.2833043336868286,-0.2824642062187195,0.1600739061832428,0.42086711525917053,-0.02221016399562359,0.4171874523162842,0.3675117790699005,-0.2306446135044098,0.12663708627223969,-0.4684169292449951,-0.5433825850486755,0.6663678884506226,0.49963968992233276,-0.23268350958824158,0.41964247822761536,0.2525469958782196,0.5262131690979004,-0.08350801467895508,-0.5654509663581848,0.28935879468917847,0.5127702951431274,0.49023228883743286,0.1682056337594986,0.14646045863628387,0.24596647918224335,0.06697729974985123,-0.038046982139348984,-0.26140230894088745,0.013014060445129871,0.27906009554862976,0.4160790741443634,-0.1369963139295578,0.045460499823093414,-0.5046946406364441,-0.0064564961940050125,0.3019011914730072,0.5184983611106873,-0.26187118887901306,0.27067914605140686,-0.047699686139822006,0.2902161777019501,-0.1464095562696457,0.47884926199913025,0.355610728263855,-0.48200723528862,-0.14168520271778107,0.5760529041290283,0.4400860071182251,0.31295570731163025,-0.11106016486883163,-0.18614080548286438,0.06613976508378983,-0.4928889572620392,0.33744099736213684,0.00014606444165110588,0.47564658522605896,-0.34142711758613586,-0.06270750612020493,0.16256918013095856,-0.10612284392118454,0.06773924082517624,-0.1630057990550995,0.6631658673286438,-0.14690159261226654,0.20616164803504944,-0.16779842972755432,-0.43702203035354614,0.2393094152212143,0.3096783757209778,1.1247618198394775,-0.38608086109161377,0.19640718400478363,-0.43416616320610046,0.36139383912086487,-0.5909384489059448,-0.8181674480438232,0.6800206899642944,1.0013923645019531,-0.10271486639976501,-0.37268561124801636,-0.06457071751356125,-0.22124841809272766,-0.5164551734924316,-0.4074382781982422,1.1727757453918457,0.9031456112861633,-0.2581915259361267,0.1868683099746704,-0.29999080300331116,-0.04942230507731438,-0.2699747383594513,-0.8118522763252258,0.5892988443374634,0.8821572065353394,-0.2542143166065216,-0.003460798878222704,-0.27381646633148193,0.06205384060740471,-0.2845500707626343,-0.849667489528656,0.571129322052002,0.8291531801223755,-0.12000492960214615,-0.19918552041053772,0.0035812566056847572,0.5435875654220581,-0.2586088180541992,-0.11343005299568176,0.7632769346237183,-0.008354718796908855,0.3910156786441803,-0.5804221630096436,0.41742339730262756,-0.08756211400032043,-0.467776894569397,-0.0035296869464218616,0.6512011289596558,-0.30225539207458496,-0.36375078558921814,-0.49110719561576843,-0.2295672595500946,0.018305175006389618,0.09260057657957077,0.07184289395809174,0.09021427482366562,0.03555497154593468,0.12658154964447021,-0.4296385645866394,0.09766607731580734,-0.3514842391014099,-0.14282746613025665,0.4999152719974518,-0.02549341693520546,0.014848127029836178,-0.05614393204450607,0.056523554027080536,0.46017980575561523,-0.17774568498134613,-0.14359475672245026,0.6830956935882568,0.2831553518772125,-0.2665383517742157,0.40416571497917175,-0.03843773528933525,0.15994243323802948,-0.25026509165763855,0.001295136520639062,0.2772938311100006,0.1765901893377304,-0.32211312651634216,-0.04389096051454544,-0.04442223906517029,-0.17039212584495544,-0.330925315618515,-0.47953251004219055,0.0335831344127655,0.09304849803447723,0.3295719027519226,-0.35787490010261536,-0.028082575649023056,-0.49982622265815735,-0.11848431080579758,0.3594093322753906,-0.1119106262922287,-0.03997879847884178,0.2541062831878662,-0.39909330010414124,0.13131967186927795,0.15883144736289978,0.2551337480545044,0.45655345916748047,-0.5332987904548645,-0.29294881224632263,0.03134307637810707,-0.3171376883983612,-0.35861819982528687,-0.4892410635948181,0.09123462438583374,0.23398399353027344,-0.5723873376846313,-0.44282785058021545,0.0700007975101471,-0.18609464168548584,0.3107050955295563,-0.16182151436805725,-0.04564877599477768,0.10285215824842453,-0.0034367248881608248,0.18678705394268036,-0.18827122449874878,-0.17432206869125366,-0.04717238247394562,0.1700713336467743,-0.4034561216831207,-0.08938528597354889,0.13826793432235718,-0.4353027045726776,0.4282896816730499,-0.9052668213844299,-0.8570859432220459,-0.4697555601596832,-0.6140652894973755,-0.3373907804489136,-0.19313904643058777,0.3420175015926361,-0.14953042566776276,-0.10339910537004471,-0.08888670057058334,0.3035010099411011,0.138680100440979,0.03442467004060745,-0.06146564707159996,-0.31079521775245667,-0.1816546618938446,-0.20830830931663513,0.09914825111627579,-0.22964327037334442,-0.10229808837175369,0.460058331489563,0.07418352365493774,-0.5042068958282471,0.3417632281780243,-0.6703612804412842,-0.4913773238658905,-0.6872836947441101,-0.7376000881195068,-0.5241768956184387,-0.2111327350139618,0.3766462504863739,0.16384051740169525,0.3937889039516449,0.2030622959136963,-0.5175289511680603,-0.07535038143396378,0.4355507493019104,0.11556030064821243,0.12007452547550201,-0.03996908292174339,0.5039509534835815,0.6334613561630249,0.4733864367008209,-0.4508504569530487,-0.42616426944732666,-0.08598054200410843,-0.11499448120594025,-0.11380451172590256]"
24,820024,SELF_SENSORY,4,100,32,96,0.3138299286365509,0.5567986248061061,False,"[0.7094501852989197,0.7436479926109314,1.2886581420898438,0.14880403876304626]"
24,820024,CROSS_AGENT_YOKED_SENSORY,4,100,32,96,0.31585372150098734,0.7908750842325389,True,"[0.7067326903343201,0.7915777564048767,1.295690894126892,0.017539195716381073]"
24,820024,LAG1_SENSORY,4,100,32,96,0.3133092224597931,0.6365957078523934,False,"[0.7115061283111572,0.7480143308639526,1.2897179126739502,0.1493500918149948]"
24,820024,LAG4_SENSORY,4,100,32,96,0.31327947974205017,0.6282494161278009,False,"[0.7117317318916321,0.7603785991668701,1.2915372848510742,0.1301262527704239]"
24,820024,SELF_OUTPUT,4,100,32,96,0.3121867775917053,0.5490264580585063,False,"[0.7059448957443237,0.7405478954315186,1.2636486291885376,0.29525986313819885]"
24,820024,NO_FEEDBACK,3,100,32,96,0.31615960597991943,0.4946490000002086,False,"[0.7065395712852478,0.7904877066612244,1.294014811515808]"
24,820024,GENERIC_RNN_1D,6,100,32,96,0.31883129477500916,0.6353941247798502,False,"[0.6856023669242859,0.7117299437522888,1.282065987586975,0.4031111001968384,-0.18216821551322937,-0.008218983188271523]"
24,820024,GRU_8,297,100,32,96,0.27503833174705505,1.0412280410528183,False,"[0.5048655271530151,0.2623074948787689,0.20715925097465515,-0.08160781860351562,0.38647738099098206,0.2552947402000427,-0.07816635072231293,-0.3819131851196289,-0.16767652332782745,-0.18868599832057953,-0.19147053360939026,-0.37882134318351746,-0.358496755361557,0.07779502868652344,-0.4158630073070526,0.47008365392684937,0.17790482938289642,-0.3431742489337921,0.21460144221782684,-0.5920424461364746,0.20461505651474,-0.4840308725833893,0.059094443917274475,-0.941841185092926,-0.43901345133781433,-0.14752371609210968,0.01657041534781456,-0.5295115113258362,0.0698665976524353,-0.5475993752479553,0.36817312240600586,-0.6397380232810974,-0.7669611573219299,0.17535237967967987,0.2602393329143524,0.08323444426059723,-0.45751652121543884,0.17446132004261017,0.5854439735412598,0.13556289672851562,-0.1534525454044342,-0.2929155230522156,-0.5773118138313293,-0.3780573308467865,0.30943864583969116,0.23445867002010345,0.05390680208802223,0.2617451846599579,-0.24106092751026154,-0.11596458405256271,0.4660814702510834,0.030437089502811432,0.21907922625541687,0.2265826165676117,-0.0818299949169159,0.09125400334596634,0.11720815300941467,-0.08162246644496918,0.43893253803253174,0.007661647163331509,0.16870403289794922,0.017210135236382484,0.11977063864469528,-0.04711541905999184,-0.3284924328327179,-0.3301742970943451,-0.18521887063980103,0.25580671429634094,-0.10346032679080963,-0.21753066778182983,-0.3254457116127014,0.36753758788108826,0.4566074013710022,-0.5623993873596191,0.09631449729204178,0.08319439738988876,0.381675124168396,0.26567864418029785,-0.04752812907099724,-0.6917546391487122,0.24232855439186096,0.1983620524406433,0.3955227732658386,-0.3499203324317932,-0.009183134883642197,-0.07746997475624084,0.19062362611293793,-0.2946050763130188,0.251979798078537,-0.2589276432991028,0.46509435772895813,-0.050886016339063644,0.1306341290473938,-0.12484364211559296,0.11840562522411346,-0.3189126253128052,0.04243628680706024,0.2306494563817978,0.20330500602722168,0.04685387387871742,0.23558925092220306,0.30783990025520325,-0.1385585069656372,-0.19347327947616577,0.4287344515323639,-0.2385675311088562,0.3338114321231842,-0.2444068044424057,-0.07138179987668991,0.08844135701656342,-0.07549366354942322,-0.01211866270750761,0.06967050582170486,0.2208213061094284,-0.6463806629180908,-0.5869029760360718,0.446426123380661,0.09667647629976273,0.686089038848877,-0.8110149502754211,-0.03730013221502304,0.27666300535202026,-0.1781621128320694,-0.14475111663341522,0.7389035224914551,0.26815077662467957,0.4201584756374359,-0.6022812724113464,0.03935374319553375,0.09448711574077606,-0.72515869140625,-0.4267145097255707,0.5843077898025513,0.19518812000751495,0.4358363449573517,-0.8457737565040588,-0.08309873193502426,0.20010946691036224,-0.32749539613723755,-0.42787444591522217,0.623802900314331,0.2798398435115814,0.8344503045082092,-0.8535593152046204,0.09710010141134262,0.547249436378479,-0.020584378391504288,-0.31626471877098083,0.13186991214752197,0.16536560654640198,0.14130571484565735,-0.4515807032585144,0.05827635899186134,0.4074475169181824,-0.42415520548820496,-0.2224046140909195,0.5122157335281372,0.31973373889923096,0.42590224742889404,-0.45935070514678955,-0.10964683443307877,0.12051320821046829,-0.6757213473320007,-0.015098349191248417,0.8284062147140503,0.5465704202651978,0.7701424360275269,-0.5368615984916687,-0.32768934965133667,0.1003251001238823,-0.2319120615720749,-0.09200990200042725,0.8588670492172241,0.05140390247106552,0.128548264503479,-0.36861929297447205,0.04347938671708107,-0.1527656465768814,-0.33550044894218445,-0.10851944983005524,0.08976765722036362,0.3902433216571808,0.3183020055294037,-0.5562869310379028,-0.37683266401290894,-0.08891274034976959,-0.09149807691574097,-0.03112504631280899,0.2586228549480438,-0.4486400783061981,0.1562451869249344,0.38778331875801086,-0.19002924859523773,-0.10560598969459534,-0.006539209745824337,-0.43104496598243713,0.09602537751197815,0.46151605248451233,0.2885373830795288,-0.05419187992811203,-0.27571895718574524,0.25770103931427,-0.32392701506614685,-0.17634893953800201,0.16160134971141815,-0.3124028146266937,-0.02112407796084881,0.4987543821334839,0.49294090270996094,0.2560705840587616,0.10717666149139404,-0.19517546892166138,-0.4124346673488617,-0.14774875342845917,-0.1591990441083908,-0.32854074239730835,0.004204138647764921,0.15751111507415771,0.39640864729881287,-0.15440836548805237,-0.4300273656845093,-0.1426749974489212,-0.4334230422973633,-0.10950622707605362,0.09893491119146347,0.33824458718299866,-0.39718079566955566,0.05256957188248634,0.12462850660085678,-0.07314148545265198,0.21413874626159668,0.4425496459007263,0.29883521795272827,-0.5831021666526794,0.4147372245788574,0.020171599462628365,-0.36601072549819946,0.06825689971446991,-0.11710900813341141,-0.34179696440696716,0.19766631722450256,-0.055583447217941284,-0.3332104980945587,-0.05189831554889679,0.13276700675487518,0.026042390614748,-0.22399911284446716,0.30489885807037354,-0.5998507738113403,-0.6487947702407837,-0.7803177237510681,-0.7133098840713501,-0.6287607550621033,-0.4394894540309906,-0.5018706917762756,-0.47121089696884155,0.2184128761291504,-0.22210891544818878,0.24186252057552338,0.15058529376983643,-0.34702643752098083,-0.09554684162139893,-0.25221362709999084,0.02553657628595829,0.1350502073764801,0.034711599349975586,-0.4026120603084564,0.0724281519651413,0.04993593320250511,-0.15869510173797607,-0.19884228706359863,0.43741607666015625,-0.8968563079833984,-0.8251416087150574,-0.8898628354072571,-0.9192953109741211,-0.32563525438308716,-0.8853747844696045,-0.3638569712638855,-0.1211567223072052,-0.1898072361946106,0.11009503901004791,-0.19363364577293396,-0.18473248183727264,0.24223941564559937,0.0671267881989479,-0.26471853256225586,0.23370108008384705,-0.3350400924682617,0.622905969619751,-0.5466703176498413,0.4661062955856323,-0.2303919643163681,-0.5726686120033264,0.6022000908851624,-0.03544918820261955,0.11478236317634583]"
25,820025,SELF_SENSORY,4,100,32,96,0.3040113151073456,0.5488378340378404,False,"[-1.0658406019210815,0.5940605401992798,-0.9962210655212402,-0.3147134780883789]"
25,820025,CROSS_AGENT_YOKED_SENSORY,4,100,32,96,0.30242108931209766,0.772184208035469,True,"[-1.0779343843460083,0.6379862427711487,-1.0053486824035645,0.01657436415553093]"
25,820025,LAG1_SENSORY,4,100,32,96,0.3030720353126526,0.631849333178252,False,"[-1.067046046257019,0.6053162813186646,-0.9972994327545166,-0.3146882951259613]"
25,820025,LAG4_SENSORY,4,100,32,96,0.3023291528224945,0.6254445840604603,False,"[-1.0697449445724487,0.6194727420806885,-0.9992263317108154,-0.26324912905693054]"
25,820025,SELF_OUTPUT,4,100,32,96,0.2969750165939331,0.5463895001448691,False,"[-1.0678660869598389,0.5945169925689697,-0.9795532822608948,0.32557907700538635]"
25,820025,NO_FEEDBACK,3,100,32,96,0.3024751543998718,0.4705472909845412,False,"[-1.0777384042739868,0.6379601359367371,-1.0050050020217896]"
25,820025,GENERIC_RNN_1D,6,100,32,96,0.30199822783470154,0.6032186667434871,False,"[-1.015335202217102,0.5593641400337219,-0.9913370013237,-0.7219657897949219,0.3619658648967743,-0.03946194052696228]"
25,820025,GRU_8,297,100,32,96,0.24181164801120758,1.0372250410728157,False,"[-0.22929495573043823,-0.03722789138555527,0.06080091372132301,0.5919660925865173,-0.066994309425354,0.30246612429618835,0.1333068162202835,0.07995415478944778,-0.6803925037384033,0.3246343433856964,-0.34288889169692993,-0.32055234909057617,0.36933496594429016,-0.10402829200029373,0.32139477133750916,-0.11539104580879211,-0.323283314704895,-0.4202478528022766,0.43991249799728394,-0.7110464572906494,-0.45444461703300476,0.3375716507434845,-0.668608546257019,-0.29270920157432556,0.16857099533081055,-0.8890183568000793,0.1570250242948532,-0.5262157917022705,0.1753270924091339,-0.6954327821731567,0.2151487022638321,-0.7795682549476624,0.21278296411037445,0.5089686512947083,0.019802575930953026,-0.1288973093032837,0.05402103438973427,-0.23903176188468933,0.10969025641679764,-0.07310298830270767,-0.7150614857673645,-0.10051169246435165,0.6309595704078674,0.2246590554714203,0.7021875977516174,0.39080366492271423,-0.6124910712242126,0.040743689984083176,0.1502494066953659,-0.4292583167552948,-0.18447048962116241,0.4067176878452301,-0.448024719953537,0.11664344370365143,0.4320567548274994,0.3810427784919739,0.07900071144104004,-0.2974472641944885,0.07209394127130508,0.023444510996341705,-0.16582080721855164,-0.06346891820430756,-0.28725045919418335,0.4090428650379181,0.21860887110233307,-0.538745641708374,-0.3766588866710663,0.5681477189064026,-0.29459908604621887,-0.003474445780739188,0.3674466907978058,0.01403108611702919,-0.06113893538713455,0.20186389982700348,-0.13729171454906464,-0.05570107698440552,-0.31926587224006653,0.5384786128997803,0.3190721869468689,-0.4695698320865631,0.3863547146320343,0.439927339553833,-0.3471018373966217,-0.5479804873466492,0.34588146209716797,-0.3463098704814911,-0.1685551553964615,0.1637575775384903,-0.035929907113313675,0.11458896100521088,0.33692097663879395,-0.2190929502248764,0.20959773659706116,0.11874998360872269,-0.3038426637649536,-0.04644370079040527,-0.31862497329711914,0.004418179392814636,0.24930396676063538,-0.38443997502326965,0.16397634148597717,0.21606294810771942,0.2837592363357544,0.28537413477897644,0.3132549524307251,0.1586490273475647,0.3505547046661377,-0.4101559817790985,0.1915246546268463,0.006088985595852137,0.24586567282676697,-0.06325086951255798,-0.2837773859500885,0.6424655914306641,0.24630142748355865,-0.4715716540813446,-0.11173101514577866,-0.048520561307668686,0.2845139503479004,-0.33605366945266724,-0.15263043344020844,0.31197741627693176,0.7523737549781799,-0.5448041558265686,0.07324342429637909,0.071652851998806,-0.07787952572107315,-0.21247217059135437,0.2365281730890274,0.047916315495967865,-0.28218886256217957,-0.38400930166244507,-0.04279761761426926,-0.20222207903862,-0.6386837363243103,-0.053159717470407486,0.022348903119564056,0.2850368916988373,-0.21091078221797943,0.221205472946167,0.399030476808548,-0.5606996417045593,-0.16542933881282806,0.39268606901168823,-0.6075815558433533,0.31893351674079895,0.5060918927192688,-1.0085384845733643,-0.26156187057495117,0.45744577050209045,-0.0885191410779953,-0.16252915561199188,-0.19584184885025024,0.2583707869052887,0.8958902359008789,-0.5913060307502747,-0.21989907324314117,0.3610018491744995,-0.1545865684747696,0.0368170365691185,-0.32455578446388245,0.6589217185974121,0.527065634727478,-0.7180712223052979,-0.33536040782928467,0.24002313613891602,-0.44570285081863403,-0.2983112335205078,-0.5929573178291321,0.6282370090484619,0.5249356031417847,-0.5742829442024231,-0.2727794051170349,0.4425045847892761,-0.24802353978157043,-0.12403187900781631,0.03080993890762329,-0.3709671199321747,0.5175203084945679,-0.22241908311843872,-0.28072866797447205,0.052190639078617096,0.4504599869251251,-0.18906114995479584,-0.00023683661129325628,-0.48825299739837646,0.26332369446754456,0.043056730180978775,-0.20461620390415192,0.5180796384811401,0.4162578880786896,-0.08486063778400421,0.0630020946264267,0.5810659527778625,0.2674503028392792,-0.4103122651576996,0.4323316812515259,-0.10605113208293915,-0.3235085904598236,0.19085434079170227,0.20130234956741333,-0.04676453769207001,-0.08015448600053787,-0.09667115658521652,-0.18604321777820587,0.20898565649986267,-0.099655881524086,-0.2340574711561203,-0.006628049071878195,0.39948245882987976,-0.15082359313964844,-0.14057601988315582,0.21616263687610626,-0.33296817541122437,-0.07448041439056396,0.07335885614156723,0.1831371784210205,-0.20050916075706482,0.43339991569519043,-0.13795918226242065,-0.2819868326187134,0.23674681782722473,0.02370387688279152,-0.0460764579474926,0.20381905138492584,-0.38206762075424194,-0.11617081612348557,0.45714959502220154,-0.388157457113266,0.2678915858268738,-0.06996799260377884,0.21153494715690613,-0.35750430822372437,0.4251669645309448,0.20905515551567078,-0.08309698849916458,0.43682846426963806,0.10626696050167084,-0.3015947937965393,-0.10426002740859985,0.18736082315444946,0.48872387409210205,0.019626539200544357,-0.4006352126598358,-0.2879418134689331,-0.26973211765289307,-0.2464030385017395,-0.36062127351760864,-0.7306392192840576,-0.5259432792663574,-0.03891635686159134,-0.062062863260507584,-0.2925233840942383,-0.608814537525177,-0.8320475220680237,-0.4431579113006592,0.11390591412782669,-0.2589951157569885,-0.5434391498565674,0.4753926992416382,0.0913926288485527,-0.11642329394817352,-0.3121953308582306,0.17236590385437012,0.31819814443588257,0.0633196085691452,0.2506137490272522,-0.22583164274692535,0.08284257352352142,-0.03072248585522175,-0.0356312096118927,0.08067242056131363,-0.10220066457986832,0.013790812343358994,-0.21012787520885468,-0.07880085706710815,-0.5225550532341003,-0.9005753397941589,-0.8502961993217468,-0.519120454788208,0.11954513937234879,-0.05314581096172333,-0.36007726192474365,0.3528297245502472,0.22522404789924622,0.05578365921974182,-0.11785385012626648,0.18161870539188385,0.3664110004901886,0.12310291826725006,-0.001137257320806384,0.11529262363910675,-0.3570192754268646,0.7104586362838745,0.4468359053134918,-0.6498058438301086,0.011737434193491936]"
26,820026,SELF_SENSORY,4,100,32,96,0.29003360867500305,0.5491644167341292,False,"[1.0449787378311157,0.6754918098449707,0.9787324666976929,0.36841773986816406]"
26,820026,CROSS_AGENT_YOKED_SENSORY,4,100,32,96,0.2924059051120491,0.792000750079751,True,"[1.0597724914550781,0.7148308753967285,0.981535792350769,0.0458068884909153]"
26,820026,LAG1_SENSORY,4,100,32,96,0.2885032594203949,0.6379817076958716,False,"[1.04691481590271,0.684613049030304,0.9793137311935425,0.36821845173835754]"
26,820026,LAG4_SENSORY,4,100,32,96,0.28932055830955505,0.6536520416848361,False,"[1.050216555595398,0.6972395181655884,0.9800333380699158,0.33070361614227295]"
26,820026,SELF_OUTPUT,4,100,32,96,0.28595972061157227,0.5465152082033455,False,"[1.051433801651001,0.6677840948104858,0.9543782472610474,0.3553890883922577]"
26,820026,NO_FEEDBACK,3,100,32,96,0.29227277636528015,0.476215582806617,False,"[1.0598726272583008,0.7135477662086487,0.9812105298042297]"
26,820026,GENERIC_RNN_1D,6,100,32,96,0.285091370344162,0.6040643332526088,False,"[1.01314115524292,0.6624091267585754,0.978742778301239,0.5987192988395691,-0.2457445114850998,-0.0005542696453630924]"
26,820026,GRU_8,297,100,32,96,0.2258102297782898,1.0402677920646966,False,"[0.7040868401527405,0.041888169944286346,-0.35523808002471924,-0.6030604839324951,0.06137824058532715,0.17027458548545837,-0.037281785160303116,0.13211914896965027,0.18878273665905,-0.0428074486553669,0.5334094762802124,-0.112852543592453,-0.4800280034542084,-0.38403812050819397,-0.14983142912387848,-0.41500037908554077,-0.09648264944553375,-0.20373810827732086,0.062279727309942245,-0.5543347001075745,0.12707409262657166,-0.9682759046554565,-0.09515054523944855,-0.008297199383378029,0.5778563618659973,-0.029867174103856087,0.037342749536037445,-0.5177580714225769,0.011379986070096493,0.1605227291584015,0.48932281136512756,0.2459736317396164,0.6339062452316284,0.06064871698617935,0.7399359941482544,0.20033365488052368,0.5038926601409912,-0.10434025526046753,0.1272842139005661,0.09186430275440216,0.09126617759466171,-0.2242455929517746,0.5128047466278076,0.1266450583934784,0.11370524019002914,0.10321097820997238,0.07839301973581314,0.11371918022632599,-0.061848849058151245,-0.01071853470057249,0.20645062625408173,0.27222493290901184,0.3573276698589325,0.4085862338542938,0.6590189337730408,-0.22825883328914642,-0.07421687990427017,-0.4957873523235321,-0.062394704669713974,-0.13073842227458954,0.07913835346698761,-0.3188055157661438,-0.2945464551448822,0.04507022723555565,0.31639835238456726,0.5543760657310486,-0.1349944770336151,0.005653065163642168,-0.1685551553964615,0.055747468024492264,-0.05434555187821388,0.03035902790725231,0.3005615770816803,0.480035662651062,-0.004361538682132959,-0.4167897701263428,-0.3458125591278076,-0.033387623727321625,-0.0431007482111454,0.2267189919948578,0.24609865248203278,0.3842288553714752,0.18316452205181122,-0.0013267258182168007,0.05063995346426964,-0.07278850674629211,-0.036698997020721436,0.26445770263671875,0.19109833240509033,-0.31496503949165344,-0.2452385574579239,0.08785663545131683,-0.4574994742870331,-0.6771259903907776,0.19593800604343414,0.5005987286567688,-0.4631477892398834,0.0757916197180748,0.1387452632188797,-0.4302573502063751,0.15877556800842285,-0.5551648139953613,-0.03136606514453888,-0.07835754007101059,-0.07726194709539413,0.337031751871109,-0.11722344160079956,-0.043650735169649124,-0.028569407761096954,0.48661723732948303,-0.10480129718780518,0.18353809416294098,-0.01874125562608242,0.15863296389579773,0.35218894481658936,0.5315200686454773,1.0278544425964355,0.06046893820166588,0.2981489598751068,-0.582752525806427,-0.018364761024713516,0.0701959878206253,0.4888336956501007,0.9961864352226257,0.5743522047996521,-0.14183734357357025,-0.04328733682632446,-0.15978506207466125,-0.5060753226280212,0.2912489175796509,0.6366311311721802,0.9749315977096558,1.161647081375122,0.27484527230262756,-0.24502691626548767,-0.7353222370147705,-0.08307324349880219,-0.5635671019554138,-0.19619697332382202,-0.3301251232624054,-0.2524506151676178,-0.23664404451847076,0.06995776295661926,-0.0706087127327919,0.3586439788341522,-0.05497525632381439,-0.41290482878685,-0.10763874650001526,-0.03373531252145767,-0.3638891279697418,0.17839188873767853,-0.0458373986184597,-0.3909566104412079,0.15725798904895782,0.655011773109436,1.005043625831604,0.4386398494243622,0.009761064313352108,-0.3751235008239746,-0.18193215131759644,0.11512838304042816,0.41470038890838623,-0.14095701277256012,-0.1005440354347229,-0.15626466274261475,-0.03826931118965149,0.5118834972381592,-0.5009456872940063,-0.40890833735466003,-0.05170465260744095,-0.3442056179046631,0.002349965274333954,0.04824517294764519,-0.11111092567443848,0.1044749915599823,-0.3460344076156616,-0.10226543247699738,0.3170336186885834,0.03339653089642525,-0.2743220627307892,-0.101810522377491,0.11209709942340851,0.03189674764871597,0.056645557284355164,0.1857006549835205,0.1643335074186325,-0.03791576623916626,0.3986392617225647,0.02745707705616951,0.4412728548049927,0.3343738317489624,0.16867023706436157,-0.03166869655251503,0.05724731460213661,-0.1074640303850174,0.27687719464302063,0.01781391352415085,0.40721753239631653,0.22231942415237427,-0.07495183497667313,-0.527590811252594,0.07248605042695999,-0.39464712142944336,-0.5038518905639648,0.5173657536506653,-0.5378308892250061,0.012027564458549023,0.0005210367380641401,0.03568245843052864,0.3484993577003479,0.49592944979667664,0.17953044176101685,-0.37251508235931396,0.14635291695594788,-0.0039435820654034615,0.41005587577819824,0.4150923490524292,0.5816105008125305,0.282379686832428,0.04227853938937187,-0.13956919312477112,0.10115529596805573,-0.21350814402103424,0.28243908286094666,0.28024396300315857,0.5555858612060547,0.12318095564842224,-0.06351502984762192,0.08265026658773422,0.1455897092819214,-0.0021166345104575157,-0.16240856051445007,-0.34324538707733154,-0.17791838943958282,-0.34994474053382874,0.1366618573665619,-0.03973185271024704,-0.01439824141561985,0.371539443731308,-0.12854482233524323,-0.19162976741790771,-0.18458952009677887,-0.47156357765197754,0.5408234000205994,0.36478686332702637,0.33593907952308655,-0.11460641771554947,-0.42502453923225403,-0.9690021872520447,-0.9208917617797852,-0.8478926420211792,0.16552524268627167,-0.22324709594249725,-0.9699668884277344,-0.2649989426136017,0.0820869505405426,-0.10075512528419495,0.12291616201400757,-0.174479141831398,-0.3858776390552521,-0.41588065028190613,-0.18312059342861176,0.27171629667282104,0.18178074061870575,-0.04174051806330681,0.10877887159585953,-0.5667293667793274,0.49999985098838806,0.31828123331069946,0.25338831543922424,0.35140177607536316,-0.37101393938064575,-0.674489438533783,-0.6047930121421814,-0.9029569625854492,0.2931251525878906,0.45202958583831787,-0.6521453857421875,-0.24322658777236938,-0.010350893251597881,0.5154402256011963,-0.08915399760007858,0.3825044631958008,-0.3939725160598755,0.15618546307086945,0.3843160569667816,-0.420401930809021,-0.18295292556285858,0.3373818099498749,0.4718693196773529,0.7950465083122253,-0.05151012912392616,0.15580891072750092,0.6898487210273743,0.2157832831144333,0.07475624978542328,0.08498654514551163]"
27,820027,SELF_SENSORY,4,100,32,96,0.2937312126159668,0.5481849173083901,False,"[-0.8724764585494995,0.9517800807952881,-0.9525312781333923,-0.15884901583194733]"
27,820027,CROSS_AGENT_YOKED_SENSORY,4,100,32,96,0.2977004806077819,0.7910212092101574,True,"[-0.8666739463806152,0.9974495768547058,-0.9525943994522095,0.03532344475388527]"
27,820027,LAG1_SENSORY,4,100,32,96,0.2927854061126709,0.624852916225791,False,"[-0.8763762712478638,0.9526692032814026,-0.9527560472488403,-0.16640694439411163]"
27,820027,LAG4_SENSORY,4,100,32,96,0.2928743362426758,0.6200732076540589,False,"[-0.8773841857910156,0.9609882831573486,-0.952854573726654,-0.14801433682441711]"
27,820027,SELF_OUTPUT,4,100,32,96,0.28651726245880127,0.5483674998395145,False,"[-0.866031289100647,0.9460058212280273,-0.9163276553153992,0.3140357732772827]"
27,820027,NO_FEEDBACK,3,100,32,96,0.29646727442741394,0.4742935420945287,False,"[-0.8659431338310242,0.9972146153450012,-0.9528796076774597]"
27,820027,GENERIC_RNN_1D,6,100,32,96,0.2888514995574951,0.6027597081847489,False,"[-0.846349835395813,0.9419299364089966,-0.9510564208030701,-0.46964898705482483,0.25266924500465393,0.0004600920365191996]"
27,820027,GRU_8,297,100,32,96,0.21865499019622803,1.046163291670382,False,"[0.049178481101989746,0.056635476648807526,-0.0936705470085144,0.23278027772903442,0.08623336255550385,0.6019485592842102,0.21184858679771423,0.04553968086838722,-0.42310863733291626,-0.08460243046283722,-0.5802290439605713,-0.5350350737571716,-0.012578001245856285,-0.13441765308380127,-0.29542291164398193,-0.2712737023830414,0.392511248588562,-0.12327349185943604,0.383652925491333,-0.19434817135334015,-0.2976425886154175,-0.5054519772529602,-0.00854434259235859,-0.32489511370658875,-0.17490655183792114,0.31406694650650024,0.05140560120344162,-0.2863474190235138,-0.5817517042160034,0.27636852860450745,0.029309535399079323,-0.5996935963630676,-0.33346855640411377,0.22494062781333923,0.14205582439899445,0.14021162688732147,-0.2907731831073761,0.3436071574687958,0.6679444909095764,0.24997110664844513,0.026993757113814354,-0.024268455803394318,-0.5757595300674438,-0.3758159577846527,0.053373515605926514,0.16740632057189941,-0.6421852707862854,-0.3164242208003998,-0.020422184839844704,-0.20905955135822296,-0.20533256232738495,-0.05044944956898689,0.218388631939888,0.07853739708662033,0.11323022842407227,-0.33281126618385315,0.6562258005142212,0.32500702142715454,0.06775166839361191,-0.46173956990242004,-0.39360666275024414,0.3309965431690216,0.19516506791114807,0.596149206161499,0.34358301758766174,-0.3891567587852478,-0.28169897198677063,0.47403815388679504,0.4757018983364105,-0.4460327923297882,0.4384942948818207,-0.45762860774993896,0.18073387444019318,0.1956147700548172,0.09152024984359741,0.1948872208595276,-0.1744316965341568,-0.593101978302002,0.12576840817928314,-0.2774040997028351,0.17525263130664825,-0.3039974570274353,-0.2702452838420868,-0.05095192790031433,0.2929421663284302,0.5657457709312439,0.4730362594127655,0.33622193336486816,-0.1454177051782608,-0.0498427115380764,-0.47678837180137634,-0.264969140291214,-0.1571917086839676,0.13325832784175873,-0.15107525885105133,0.3040330708026886,-0.23537245392799377,-0.14760644733905792,-0.023075392469763756,-0.26483723521232605,-0.2847377061843872,-0.2346869856119156,-0.20815052092075348,0.2965187132358551,0.46617573499679565,-0.028061725199222565,0.2897697389125824,-0.04843466356396675,-0.3812871277332306,0.10289406776428223,-0.14173386991024017,0.28235533833503723,-0.4158095419406891,0.19500243663787842,0.39074286818504333,0.11347977817058563,-0.2609282433986664,-0.646361768245697,-0.31250423192977905,0.1296614408493042,-0.024012017995119095,0.5980668067932129,0.33336952328681946,-0.17502279579639435,-0.08140604943037033,0.06971558928489685,-0.09471790492534637,-0.3695230782032013,-0.8938911557197571,0.3626863956451416,0.8871976733207703,-0.30375802516937256,-0.7591384649276733,-0.27455198764801025,-0.7588561177253723,0.16695666313171387,-0.2774790823459625,0.7467357516288757,0.6552473306655884,-0.09790448099374771,-0.8303773403167725,-0.08840952068567276,-0.5484607219696045,-0.08337058126926422,0.46275705099105835,0.13791559636592865,-0.3630056083202362,0.03698699176311493,0.5090526938438416,-0.3683631718158722,-0.09868041425943375,-0.5191486477851868,-0.16943007707595825,0.35403934121131897,0.38017401099205017,-0.07671226561069489,-0.8082078099250793,-0.539786159992218,-0.6510379314422607,0.42093950510025024,0.07927440106868744,0.08419998735189438,-0.2131650447845459,-0.1924094408750534,0.35757046937942505,0.09208738058805466,0.10716777294874191,-0.09098523110151291,-0.7618393301963806,1.0821764469146729,0.6037994623184204,-0.3777957260608673,-0.8882496356964111,-0.3296054005622864,-0.6431018114089966,0.20715929567813873,0.4508081376552582,-0.2540349066257477,-0.383525013923645,-0.44075655937194824,-0.44507578015327454,0.10972101241350174,-0.42782577872276306,0.0035398544277995825,-0.49726927280426025,-0.011524800211191177,0.3710472285747528,0.27156463265419006,0.2769166827201843,-0.03634520620107651,-0.06935878843069077,0.07889989018440247,0.1696324646472931,0.4355626106262207,-0.45586299896240234,-0.34332898259162903,-0.11770269274711609,0.3031688332557678,-0.25662654638290405,-0.039545703679323196,0.19661208987236023,-0.15017299354076385,0.05408375337719917,0.023922571912407875,0.01350440178066492,-0.19277213513851166,0.1512550711631775,-0.3897148370742798,-0.015358490869402885,-0.2640044391155243,-0.042587801814079285,-0.11761856079101562,-0.2892376482486725,0.28211259841918945,-0.13932372629642487,0.28276506066322327,-0.021611684933304787,-0.11212386935949326,-0.3810117244720459,-0.3757335841655731,0.37248384952545166,-0.3484479486942291,0.0157735925167799,0.42839694023132324,0.31632187962532043,-0.24642515182495117,0.22896353900432587,-0.03182229399681091,0.08126916736364365,0.04126569628715515,-0.4992428719997406,0.15413406491279602,0.2292659431695938,-0.06174689531326294,-0.029559148475527763,-0.20011119544506073,-0.04589499533176422,0.31803297996520996,-0.4976745545864105,-0.018004726618528366,-0.15107613801956177,-0.05850993096828461,0.2574734091758728,-0.07301469147205353,-0.041058000177145004,-0.2983505427837372,-0.006853730417788029,-0.11894422024488449,-0.32238560914993286,-0.369052916765213,-0.44831809401512146,-0.7014678120613098,0.3317375183105469,-0.8917183876037598,-0.25929418206214905,-0.5807913541793823,0.2030453234910965,-0.40914401412010193,-0.18167345225811005,-0.1770520955324173,0.4606610834598541,0.11438270658254623,0.3470764756202698,0.08514342457056046,0.28899630904197693,-0.09581135958433151,0.6747419238090515,0.007109960541129112,-0.03162630274891853,-0.11589155346155167,-0.4031519889831543,-0.3457508385181427,-0.3025263249874115,-0.44849666953086853,-0.7510493397712708,-0.6489698886871338,0.04702551290392876,-0.4363654851913452,-0.0701480433344841,-0.7692359089851379,-0.0053757065907120705,-0.2818664312362671,-0.15534770488739014,-0.031021613627672195,0.46169114112854004,0.390755295753479,0.14960433542728424,0.17322447896003723,-0.7160395383834839,0.13828758895397186,-0.37244468927383423,0.7172530293464661,-0.1183561310172081,-0.33065149188041687,0.034876734018325806,-0.6608098745346069,0.15149123966693878]"
28,820028,SELF_SENSORY,4,100,32,96,0.2617647051811218,0.5476287081837654,False,"[-0.8413089513778687,0.7926767468452454,-1.1138876676559448,-0.17944732308387756]"
28,820028,CROSS_AGENT_YOKED_SENSORY,4,100,32,96,0.26291532013461794,0.7777530420571566,True,"[-0.8418231010437012,0.8329285979270935,-1.1282215118408203,-0.02144589275121689]"
28,820028,LAG1_SENSORY,4,100,32,96,0.2605805993080139,0.6303782081231475,False,"[-0.8437322378158569,0.7970646023750305,-1.1151376962661743,-0.18688242137432098]"
28,820028,LAG4_SENSORY,4,100,32,96,0.26133015751838684,0.6212557917460799,False,"[-0.844048798084259,0.8082674741744995,-1.1179428100585938,-0.1698349565267563]"
28,820028,SELF_OUTPUT,4,100,32,96,0.2520909607410431,0.5497969593852758,False,"[-0.8454834818840027,0.7852097749710083,-1.099783182144165,0.29902273416519165]"
28,820028,NO_FEEDBACK,3,100,32,96,0.2631160318851471,0.47925958316773176,False,"[-0.8429130911827087,0.8313505053520203,-1.1265132427215576]"
28,820028,GENERIC_RNN_1D,6,100,32,96,0.2582065165042877,0.6001919168047607,False,"[-0.8133549094200134,0.7512310743331909,-1.1031098365783691,-0.5078393220901489,0.2324342429637909,-0.004967704880982637]"
28,820028,GRU_8,297,100,32,96,0.20557443797588348,1.0380318751558661,False,"[-0.6647775769233704,-0.4554297626018524,0.0830325186252594,-0.35463806986808777,0.16618087887763977,0.05390027165412903,-0.5404504537582397,0.29732006788253784,-0.28288620710372925,-0.3091892898082733,-0.5923663973808289,-0.031890928745269775,0.08364851027727127,0.053036756813526154,0.33967286348342896,0.051128506660461426,0.04629627615213394,-0.3642283082008362,0.10708968341350555,-0.8877549767494202,0.013086327351629734,-0.48282280564308167,0.5592797994613647,-0.024071980267763138,0.4710933268070221,-0.10020711272954941,0.16228151321411133,-0.7118962407112122,0.13860663771629333,-0.38326942920684814,0.10537689179182053,-0.3454861044883728,0.43228691816329956,-0.11719881743192673,0.6306471228599548,0.016860222443938255,0.6570777297019958,0.25963589549064636,-0.07651739567518234,0.16786812245845795,-0.28005874156951904,0.1728571206331253,0.5780458450317383,0.34796422719955444,-0.5616175532341003,0.009554444812238216,-0.7484369874000549,0.12301617860794067,0.15928462147712708,-0.014459138736128807,-0.29365164041519165,-0.40898236632347107,-0.36342331767082214,-0.3703691363334656,0.27016568183898926,0.3757322430610657,0.04763367772102356,0.07383899390697479,-0.47690606117248535,-0.23522648215293884,-0.532280683517456,-0.18808230757713318,-0.11155794560909271,-0.10245319455862045,0.2487713098526001,-0.2114664912223816,-0.19121959805488586,-0.29296350479125977,-0.042754486203193665,0.323585569858551,-0.44433659315109253,-0.18165504932403564,0.139957457780838,-0.39423564076423645,-0.4213189482688904,0.0049129207618534565,0.09230350703001022,-0.3382315933704376,0.5061265826225281,0.19854846596717834,0.007432503625750542,-0.3632442355155945,-0.11669580638408661,0.004649479873478413,-0.14842714369297028,-0.5655622482299805,0.06753677874803543,0.5009431838989258,-0.3246614933013916,0.06748243421316147,-0.23637188971042633,-0.3661574125289917,-0.10943083465099335,-0.255663126707077,0.1366950273513794,0.04187667742371559,-0.1832975596189499,-0.04578531160950661,-0.16351960599422455,-0.3824869394302368,-0.11940447241067886,-0.3910689055919647,0.35661986470222473,0.07802457362413406,0.1516961008310318,-0.08068711310625076,-0.2230841964483261,0.19322283565998077,-0.5617279410362244,0.31515422463417053,-0.07837248593568802,0.08784537017345428,0.3886658251285553,0.41856199502944946,-0.3217306435108185,-0.5971221327781677,-0.7021902203559875,-0.1318359524011612,-0.10558313131332397,0.4405266344547272,0.6148095726966858,0.08045646548271179,-0.1501128077507019,-0.6771174073219299,-0.752208411693573,0.08305228501558304,-0.23765061795711517,-0.01823558285832405,0.4860804080963135,0.4908064901828766,-0.5008786916732788,-1.004870891571045,-0.3626021444797516,-0.0653994008898735,-0.5149684548377991,0.29257673025131226,-0.05759301036596298,0.4630095660686493,0.11505953967571259,0.3254101872444153,0.08023703843355179,0.10756373405456543,0.06708426773548126,-0.7717613577842712,-0.3749898374080658,-0.17315299808979034,0.48244789242744446,0.7664166688919067,0.7929944396018982,0.1559760570526123,0.547228991985321,-0.16231875121593475,0.6403231024742126,0.5155758857727051,-0.22905169427394867,-0.5669063925743103,-0.3494613766670227,-0.3735015094280243,-0.17005352675914764,0.40362492203712463,0.23234738409519196,0.40924766659736633,-0.5116731524467468,-0.7787868976593018,-0.6740689277648926,-0.36203718185424805,0.013020453974604607,-0.0008273416315205395,0.698314905166626,-0.04134584218263626,-0.37385544180870056,-0.42237457633018494,-1.026685357093811,0.11195299029350281,-0.42222860455513,0.4123728573322296,0.1902877241373062,-0.14960122108459473,-0.2421046644449234,-0.25715917348861694,-0.32428622245788574,0.24401965737342834,-0.4891369938850403,-0.03651459142565727,-0.17747586965560913,0.26359158754348755,-0.05336761102080345,0.030617859214544296,-0.09098690003156662,0.2555330991744995,0.049278222024440765,-0.0778157114982605,-0.20523454248905182,0.3814729154109955,0.1730373650789261,-0.4203033447265625,0.004757444374263287,0.06543165445327759,0.021165616810321808,-0.2528139054775238,-0.3777073919773102,-0.07941070944070816,0.22810068726539612,-0.0951588898897171,0.49749407172203064,-0.20410332083702087,0.5330175757408142,0.27813488245010376,-0.3099464178085327,-0.132523313164711,-0.22618089616298676,0.27091407775878906,0.13312940299510956,0.0921747013926506,0.17987467348575592,0.14479513466358185,-0.02903207205235958,0.05510386824607849,0.35745418071746826,-0.12323812395334244,-0.37933579087257385,0.1714213490486145,0.07818957418203354,-0.07704399526119232,-0.09229288250207901,-0.2907032370567322,0.10079199075698853,-0.11125612258911133,-0.31935977935791016,-0.532723605632782,0.15708786249160767,-0.010513434186577797,-0.23734420537948608,-0.198578342795372,-0.3785485327243805,-0.16225095093250275,0.11651531606912613,0.018179869279265404,-0.22682437300682068,0.06425794959068298,0.105062335729599,0.03976275399327278,-0.3871868848800659,-0.0942341759800911,0.0788397490978241,-0.2155350297689438,-0.12437128275632858,0.06396514177322388,-0.8097725510597229,-0.5769960880279541,-0.8859175443649292,0.4082260727882385,0.0004922758089378476,-0.365909218788147,-1.0432097911834717,-0.5958402156829834,-0.009715420193970203,-0.1918564885854721,0.15335604548454285,0.2046394795179367,0.4298263490200043,0.1609036773443222,0.010672744363546371,-0.05605347454547882,-0.39178159832954407,-0.5388271808624268,-0.2554430365562439,-0.008318474516272545,-0.35827505588531494,0.02170104719698429,-0.3721509277820587,-0.3217950463294983,-0.5802231431007385,-0.4094696044921875,-0.38035207986831665,0.035852108150720596,-0.06766718626022339,-0.9327783584594727,-1.0071666240692139,-0.9431091547012329,-0.2863350510597229,0.16570991277694702,0.14981532096862793,0.4667855203151703,0.11275306344032288,-0.4343734681606293,0.0352492481470108,-0.28065547347068787,0.47356492280960083,0.4291391670703888,0.51604163646698,-0.047379761934280396,-0.049432121217250824,0.5959757566452026,-0.35849910974502563,-0.5144466757774353,0.11388321965932846]"
29,820029,SELF_SENSORY,4,100,32,96,0.3080233037471771,0.5510492091998458,False,"[-0.9599156975746155,0.6867039203643799,-0.980967104434967,-0.3360951244831085]"
29,820029,CROSS_AGENT_YOKED_SENSORY,4,100,32,96,0.30659191696597976,0.7817545835860074,True,"[-0.9699080586433411,0.7182157635688782,-0.9843748211860657,-0.01576138287782669]"
29,820029,LAG1_SENSORY,4,100,32,96,0.3064146041870117,0.6261822916567326,False,"[-0.9616014957427979,0.6932037472724915,-0.9816114902496338,-0.3342846632003784]"
29,820029,LAG4_SENSORY,4,100,32,96,0.30612418055534363,0.6291211247444153,False,"[-0.9642074108123779,0.703036904335022,-0.9824948310852051,-0.2996569275856018]"
29,820029,SELF_OUTPUT,4,100,32,96,0.2998599708080292,0.5501043749973178,False,"[-0.9572514295578003,0.6852394938468933,-0.9483976364135742,0.33035799860954285]"
29,820029,NO_FEEDBACK,3,100,32,96,0.30639412999153137,0.4780512498691678,False,"[-0.9696200489997864,0.7167420387268066,-0.9844650626182556]"
29,820029,GENERIC_RNN_1D,6,100,32,96,0.30466940999031067,0.6062165000475943,False,"[-0.9330982565879822,0.6745989322662354,-0.9808106422424316,-0.5577841401100159,0.1979224681854248,-0.01264500617980957]"
29,820029,GRU_8,297,100,32,96,0.23502878844738007,1.0399699588306248,False,"[0.6793856620788574,-0.2922030985355377,-0.018606994301080704,-0.038961898535490036,-0.6084623336791992,-0.07425982505083084,0.2656095325946808,0.3828626871109009,0.28505197167396545,0.19214607775211334,-0.20665307343006134,-0.026535356417298317,0.3427847921848297,0.2238263338804245,-0.09694769978523254,0.14816483855247498,-0.2805246114730835,-0.4162404537200928,-0.07901378720998764,-0.2317516803741455,-0.16973038017749786,-0.5901955366134644,-0.15890385210514069,-0.628319263458252,-0.006009066477417946,-0.6968154311180115,0.002056953264400363,-0.8769297003746033,-0.1116732656955719,-0.6334230303764343,0.05302782356739044,-0.2649223506450653,0.5530660152435303,-0.1257648915052414,-0.23151253163814545,-0.5225297212600708,0.5855932235717773,0.1480301022529602,0.3645135164260864,0.3479684293270111,-0.26799339056015015,0.13729390501976013,0.5280540585517883,-0.11751838773488998,0.557859480381012,0.0032497565262019634,0.6018555760383606,0.17712241411209106,0.02874489314854145,0.13040341436862946,-0.09087894856929779,-0.013731971383094788,-0.4248782992362976,0.02538357675075531,-0.5512493252754211,-0.4188345968723297,0.28817063570022583,-0.4488624930381775,0.15663672983646393,0.4243122935295105,-0.1629885882139206,0.4750780463218689,-0.09488047659397125,0.211379736661911,0.5803003907203674,0.12007025629281998,-0.28017792105674744,-0.340872585773468,0.256408154964447,0.3043757975101471,0.24830202758312225,-0.3380700647830963,0.08777141571044922,-0.06663159281015396,0.14015460014343262,0.2795889675617218,-0.14837439358234406,0.16978804767131805,0.0979379266500473,0.04250599071383476,0.5627859830856323,-0.1645427644252777,0.24902789294719696,0.43349000811576843,-0.4402806758880615,0.2213069498538971,0.42495742440223694,0.18350228667259216,0.47459644079208374,-0.45417189598083496,0.063197061419487,0.3833940327167511,-0.1739824116230011,0.27911046147346497,0.4883453845977783,0.20931346714496613,0.01583787426352501,-0.33210358023643494,0.0754333883523941,0.05785677582025528,0.29448530077934265,0.153689906001091,-0.42762741446495056,-0.28089630603790283,0.02813815511763096,-0.016109934076666832,0.03131086379289627,0.21525834500789642,-0.3846287131309509,-0.029434004798531532,-0.15252137184143066,0.02107005938887596,0.4570023715496063,0.3938174247741699,-0.1255040317773819,-0.9105905294418335,-0.5965942144393921,0.25867149233818054,-0.3644983470439911,0.21036943793296814,0.05589043349027634,-0.16509106755256653,-0.4911324083805084,-0.010779092088341713,-0.26561611890792847,0.4577266573905945,-0.576535165309906,0.18176183104515076,0.11820053309202194,0.1804269403219223,-0.05638487637042999,-0.7840843796730042,-0.632477879524231,0.39704063534736633,-0.39957737922668457,0.2286120057106018,-0.09948217868804932,0.22184322774410248,-0.052412427961826324,-0.7651935815811157,-0.5283852815628052,0.43724554777145386,-0.29603835940361023,0.3463781774044037,-0.14707767963409424,0.5558677315711975,-0.49035173654556274,-0.6827801465988159,-0.45442038774490356,0.06612550467252731,-0.3324449062347412,-0.0774904415011406,0.6798400282859802,-0.11930839717388153,-0.3308764696121216,-0.3617304563522339,-0.3772091269493103,0.629387378692627,-0.5818265676498413,-0.18131859600543976,0.2769887447357178,0.2673247456550598,0.16309025883674622,-0.7147053480148315,-1.007947325706482,0.5338376760482788,-0.8029394149780273,0.6062926650047302,0.2552635669708252,-0.06985484063625336,0.04818454384803772,-0.24692456424236298,-0.8680332899093628,0.4012601971626282,-0.5179640650749207,-0.3648206889629364,-0.4533677399158478,0.018512412905693054,-0.1305505633354187,0.41662082076072693,-0.011395604349672794,0.15442372858524323,-0.2731201648712158,-0.23743082582950592,-0.0834188237786293,0.16376718878746033,-0.29820939898490906,-0.08225759863853455,-0.0023338717874139547,-0.08393547683954239,-0.3030059337615967,-0.3372742533683777,0.11209146678447723,-0.1298547089099884,0.29157131910324097,-0.28057119250297546,0.06710030138492584,0.1107613742351532,-0.36404675245285034,-0.15096865594387054,0.22540335357189178,-0.1230035051703453,-0.06488540023565292,-0.024746209383010864,0.020492244511842728,0.4722910225391388,0.13680648803710938,0.046360719949007034,0.29945430159568787,-0.05416613444685936,-0.01737789250910282,-0.17862828075885773,0.16456162929534912,0.22515812516212463,0.507348895072937,-0.10247201472520828,-0.02979850023984909,-0.2729002833366394,-0.15046252310276031,0.047696810215711594,-0.47800377011299133,0.08122602850198746,-0.06472800672054291,0.3661295771598816,-0.03310009464621544,0.0021490920335054398,-0.22856006026268005,0.31564682722091675,-0.040739480406045914,0.24656815826892853,-0.06068556010723114,-0.34130096435546875,0.2369067221879959,-0.18075911700725555,-0.13647297024726868,0.2588024139404297,-0.4868902862071991,0.24101591110229492,-0.0649070143699646,0.3907887935638428,-0.21776126325130463,0.16570943593978882,0.20654520392417908,-0.4544214606285095,0.23365548253059387,0.3229256272315979,-0.4080289602279663,0.07501167058944702,-0.9417322874069214,-0.4638849198818207,-0.8611463308334351,-0.6414861679077148,-0.5820306539535522,-0.4926114082336426,-0.289350688457489,-0.2806045114994049,0.04718559607863426,0.17914222180843353,0.2082912027835846,0.17595724761486053,0.2136259227991104,0.03860093280673027,0.32743358612060547,0.1056324914097786,-0.14793290197849274,0.12308715283870697,-0.41997477412223816,-0.6238214373588562,0.2348671555519104,-0.1715373694896698,-0.31516847014427185,0.044220294803380966,-0.5945051312446594,-0.6414929628372192,-0.663201093673706,-0.6991438865661621,-0.017182456329464912,-0.37419331073760986,-0.7679921984672546,-0.6723169088363647,0.11149262636899948,0.043442219495773315,-0.30923357605934143,0.2128474861383438,0.43922159075737,0.09775986522436142,0.30354732275009155,-0.054930802434682846,0.5633602142333984,-0.3658958971500397,0.6407604217529297,0.5655640363693237,-0.13223986327648163,0.6816515922546387,0.2786666750907898,0.6104496717453003,-0.22855840623378754]"
30,820030,SELF_SENSORY,4,100,32,96,0.30701446533203125,0.5575399580411613,False,"[-1.1716015338897705,0.7171323895454407,-0.8691155314445496,-0.36739131808280945]"
30,820030,CROSS_AGENT_YOKED_SENSORY,4,100,32,96,0.3055899801418835,0.7792445002123713,True,"[-1.1878124475479126,0.7459923624992371,-0.870622992515564,-0.009282655082643032]"
30,820030,LAG1_SENSORY,4,100,32,96,0.30596548318862915,0.6278025410138071,False,"[-1.1722537279129028,0.7250561118125916,-0.8694806098937988,-0.3788875937461853]"
30,820030,LAG4_SENSORY,4,100,32,96,0.30641070008277893,0.6295559168793261,False,"[-1.1758224964141846,0.7339088916778564,-0.8695140480995178,-0.3531912863254547]"
30,820030,SELF_OUTPUT,4,100,32,96,0.3130350112915039,0.5468356246128678,False,"[-1.1701910495758057,0.7058806419372559,-0.8179820775985718,0.3330526649951935]"
30,820030,NO_FEEDBACK,3,100,32,96,0.3064841628074646,0.4755563330836594,False,"[-1.1886571645736694,0.7427882552146912,-0.8673376441001892]"
30,820030,GENERIC_RNN_1D,6,100,32,96,0.3018575608730316,0.598772750236094,False,"[-1.154750943183899,0.7101826667785645,-0.8702306151390076,-0.5046780705451965,0.182957261800766,-0.010099333710968494]"
30,820030,GRU_8,297,100,32,96,0.21909354627132416,1.0619804579764605,False,"[0.6824762225151062,-0.06472335010766983,0.19563426077365875,-0.012833228334784508,0.21249832212924957,-0.2478971928358078,0.7220656871795654,-0.4544963836669922,0.3125423789024353,-0.4663476049900055,-0.5498082041740417,-0.10029005259275436,-0.10630396753549576,0.04474451765418053,-0.013742122799158096,0.12718507647514343,-0.07175473868846893,-0.27236461639404297,0.08397714793682098,-0.6356121897697449,0.2552153170108795,-0.017614632844924927,-0.273212730884552,-0.9268629550933838,-0.11880557239055634,-0.8647646307945251,0.019324587658047676,-0.6374102830886841,-0.4839060604572296,-0.435670405626297,-0.570401668548584,-0.06206408515572548,-0.6938519477844238,-0.2285558432340622,-0.5007160902023315,-0.29959598183631897,0.26504918932914734,0.21691198647022247,-0.601311445236206,-0.12387650460004807,-0.6120515465736389,-0.4274539649486542,0.6545111536979675,-0.016239609569311142,-0.22742310166358948,0.006294288672506809,0.16478678584098816,0.4497449994087219,-0.4983746111392975,-0.27073732018470764,0.3504958152770996,-0.17837901413440704,-0.5342054963111877,0.47728779911994934,0.456959992647171,-0.18896284699440002,-0.06981660425662994,0.06406106799840927,0.09069033712148666,-0.33074238896369934,-0.1617351919412613,0.45819368958473206,-0.19417200982570648,-0.014651468023657799,-0.07613883912563324,-0.2715625464916229,-0.2110489159822464,-0.405551552772522,-0.13872899115085602,0.21396557986736298,0.39868298172950745,-0.02547782100737095,-0.2481011599302292,-0.13725775480270386,0.08639096468687057,0.11765651404857635,-0.049801021814346313,0.4799578785896301,0.39444467425346375,-0.3127947151660919,-0.03199053928256035,-0.39033082127571106,-0.16876161098480225,-0.3383346199989319,-0.1106037124991417,0.5478376746177673,0.6490432024002075,-0.5136535167694092,-0.044558122754096985,-0.05654401704668999,-0.2557219862937927,0.051766037940979004,0.23194892704486847,0.18950849771499634,0.337627112865448,-0.47344905138015747,0.09886962175369263,-0.23104916512966156,0.0906352773308754,-0.4639630913734436,0.1630404144525528,0.14450855553150177,-0.6338136792182922,0.5287593603134155,-0.5522283911705017,-0.051547180861234665,0.45344460010528564,-0.47424590587615967,-0.08903589099645615,0.47817736864089966,0.11205178499221802,-0.25802525877952576,-0.07488378137350082,-0.3516260087490082,-0.4622154235839844,0.31265753507614136,0.052004408091306686,0.634632408618927,0.8891704678535461,-0.2590583562850952,-0.1696673035621643,-0.2033061683177948,-0.3963516056537628,0.3859507441520691,-0.13706375658512115,0.3038863241672516,0.4314659535884857,-0.29206958413124084,0.26947101950645447,0.16726534068584442,0.013232115656137466,-0.17899088561534882,-0.39312744140625,0.2759576141834259,0.5627045035362244,-0.4038310647010803,-0.19787614047527313,-0.20134904980659485,-0.5283472537994385,0.007203729823231697,0.27971377968788147,0.26499006152153015,0.5244304537773132,-0.49773773550987244,-0.08983463048934937,-0.6487916111946106,-0.8773038387298584,0.09702592343091965,0.029044924303889275,0.3376092314720154,0.8380106687545776,-0.3822687864303589,-0.0927920714020729,-0.3302420377731323,-0.335999459028244,0.48579850792884827,-0.14419002830982208,0.13602599501609802,0.16592846810817719,-0.3160260021686554,-0.07182084023952484,-0.5934293866157532,-0.1125413179397583,0.30556821823120117,-0.10026665776968002,0.07414597272872925,-0.022776057943701744,-0.0872938483953476,-0.5415381193161011,-0.6527074575424194,-0.2743760943412781,0.0394614152610302,-0.14022117853164673,0.25160863995552063,0.697984516620636,-0.23707281053066254,0.40859246253967285,-0.17569296061992645,-0.4247117042541504,0.13440056145191193,0.19147580862045288,-0.33473658561706543,-0.17371447384357452,0.37226155400276184,0.4352428913116455,0.09054035693407059,0.3031720221042633,0.1942002922296524,0.030391674488782883,0.009040815755724907,-0.06991933286190033,-0.14681999385356903,0.20914553105831146,0.1774556189775467,-0.09899380058050156,0.04946155846118927,0.31351813673973083,0.19139254093170166,-0.052341073751449585,0.2149503529071808,-0.05492031201720238,0.29057300090789795,-0.3405057489871979,-0.05156249925494194,0.08176040649414062,0.00889891292899847,0.39965933561325073,0.20779626071453094,0.18459224700927734,0.25183728337287903,0.1532047539949417,0.2598339021205902,0.10722731798887253,-0.019854264333844185,-0.5142526626586914,0.4885401725769043,-0.04591627046465874,-0.1885429322719574,0.2623802721500397,-0.33824315667152405,-0.0990474596619606,-0.09075856953859329,-0.0707375630736351,-0.26998865604400635,0.3656506836414337,-0.05083002895116806,-0.19113732874393463,0.579902708530426,0.24184785783290863,0.041521694511175156,0.23796723783016205,0.34132012724876404,-0.024720080196857452,0.10625053942203522,0.31761598587036133,-0.35211071372032166,-0.2783162295818329,0.5251094698905945,-0.11465854942798615,0.15902695059776306,0.146871417760849,0.1604423075914383,-0.3540613055229187,-0.3108745217323303,-0.10516803711652756,-0.4374975860118866,-0.25964751839637756,0.24104450643062592,-0.6740872263908386,-0.5977222919464111,-0.21539625525474548,-0.5568434000015259,-1.0101443529129028,-0.9626255035400391,-0.45664355158805847,-0.5308349132537842,0.381404846906662,0.37490007281303406,0.2876153290271759,-0.014300733804702759,0.16863173246383667,0.020615607500076294,-0.428762823343277,0.08003701269626617,-0.4324461817741394,-0.32303863763809204,-0.5429092645645142,-0.3895424008369446,-0.3585507571697235,-0.1374415159225464,0.3823845088481903,0.302729070186615,-0.6175809502601624,-0.26745596528053284,-0.053357768803834915,-0.7253401279449463,-0.6328277587890625,-0.8562818765640259,-0.6468884944915771,-0.10029897093772888,-0.30185216665267944,-0.08792068064212799,-0.2171715795993805,-0.4309583306312561,-0.2802967131137848,-0.3099348247051239,0.19290997087955475,0.1041102409362793,-0.44900277256965637,-0.40723055601119995,0.12032172828912735,-0.4083193242549896,-0.4875563979148865,0.44387054443359375,-0.36715343594551086,0.19468271732330322,-0.17322176694869995]"
31,820031,SELF_SENSORY,4,100,32,96,0.25975197553634644,0.5535153327509761,False,"[0.9255104064941406,0.5534353852272034,1.1571687459945679,0.2696215510368347]"
31,820031,CROSS_AGENT_YOKED_SENSORY,4,100,32,96,0.25176976888151215,0.7708682920783758,True,"[0.939862072467804,0.5992270708084106,1.1834989786148071,0.00431302934885025]"
31,820031,LAG1_SENSORY,4,100,32,96,0.2583014965057373,0.6273323339410126,False,"[0.9269426465034485,0.5649935603141785,1.1594452857971191,0.26640868186950684]"
31,820031,LAG4_SENSORY,4,100,32,96,0.25656047463417053,0.6233737077564001,False,"[0.9296223521232605,0.5804575681686401,1.164476752281189,0.22818569839000702]"
31,820031,SELF_OUTPUT,4,100,32,96,0.257283091545105,0.5416920832358301,False,"[0.9129258990287781,0.5516880750656128,1.1332396268844604,0.33253324031829834]"
31,820031,NO_FEEDBACK,3,100,32,96,0.2519419491291046,0.46844729082658887,False,"[0.9403693675994873,0.5972194075584412,1.1813782453536987]"
31,820031,GENERIC_RNN_1D,6,100,32,96,0.2552936375141144,0.6014014161191881,False,"[0.8689275979995728,0.4865875542163849,1.1407301425933838,0.764442503452301,-0.35175490379333496,-0.02621515281498432]"
31,820031,GRU_8,297,100,32,96,0.21350325644016266,1.0344437910243869,False,"[0.4134063124656677,-0.08170674741268158,-0.6928404569625854,-0.12099867314100266,-0.44658976793289185,-0.058959219604730606,0.85701584815979,-0.3680427372455597,-0.651653528213501,-0.26220712065696716,-0.06415426731109619,0.4800006151199341,0.6836774349212646,0.3150721788406372,0.3288033902645111,0.08451802283525467,0.04311130940914154,-0.716114342212677,0.5006353259086609,-0.9289551973342896,0.06824754923582077,-0.41492828726768494,-0.017940260469913483,-1.1050556898117065,0.14034371078014374,0.04787474498152733,-0.10193394869565964,-0.13198615610599518,0.07896111160516739,-0.40545129776000977,0.5597766637802124,-0.16024066507816315,-0.5218114852905273,0.027759231626987457,0.5491451025009155,0.13252265751361847,-0.43095192313194275,-0.03188396617770195,0.6439815163612366,-0.03231583535671234,-0.200003519654274,-0.32489392161369324,-0.03402518853545189,0.21046319603919983,-0.5591337084770203,-0.022168288007378578,0.004552655387669802,-0.27266615629196167,-0.3794872760772705,-0.21565929055213928,-0.497604638338089,-0.007950222119688988,-0.03583444282412529,-0.03220406547188759,0.2814192473888397,-0.2960895299911499,-0.1552550047636032,0.2887219190597534,-0.5434158444404602,0.10354965180158615,-0.01840321160852909,-0.3136031925678253,-0.18764467537403107,0.3716430962085724,-0.14560599625110626,-0.10308484733104706,-0.2669738829135895,-0.029420480132102966,0.40937861800193787,-0.3017521798610687,0.017158927395939827,-0.4079345762729645,-0.34854209423065186,0.4404483437538147,-0.2520904242992401,0.2066352218389511,0.12649407982826233,-0.28614479303359985,-0.4835635721683502,-0.49423834681510925,0.262610524892807,-0.15109668672084808,0.5538198351860046,-0.18773987889289856,0.34033283591270447,0.30166569352149963,0.06880544871091843,0.35326430201530457,-0.14158350229263306,-0.48072877526283264,-0.06376071274280548,0.23218703269958496,0.33231693506240845,0.36131155490875244,-0.4070335924625397,-0.2904011607170105,-0.44791102409362793,0.039154309779405594,0.12765027582645416,0.026381896808743477,-0.39046216011047363,-0.4718393385410309,-0.20294225215911865,-0.16607390344142914,-0.14124983549118042,-0.1375359445810318,-0.410769522190094,0.6460668444633484,-0.14507536590099335,0.25033003091812134,-0.44597700238227844,-0.2520279884338379,0.08662698417901993,0.8312535881996155,0.3731290400028229,-0.41116562485694885,-0.18186511099338531,-0.8619599342346191,-0.0944022685289383,0.2723343074321747,-0.10599111765623093,0.6572917699813843,-0.0177687406539917,0.11658643931150436,-0.8931534290313721,-0.8681899905204773,0.2880081832408905,0.9014211893081665,-0.3203512132167816,0.5350170731544495,-0.048667069524526596,-0.5574263334274292,-0.18670934438705444,-0.14452335238456726,-0.18838319182395935,0.5716083645820618,0.2933095395565033,1.0593141317367554,0.5181187391281128,-0.28559285402297974,-0.6284428834915161,-0.9683517217636108,-0.008125188760459423,0.9197757244110107,0.2647753059864044,0.420749306678772,0.070351243019104,-0.12608443200588226,-0.6867611408233643,0.0006303212139755487,0.07756233960390091,0.09204477816820145,0.10086434334516525,-0.5377827882766724,0.5963447093963623,-0.5863828659057617,-0.06288470327854156,0.15322397649288177,0.7536853551864624,0.24921274185180664,0.0803973525762558,0.38137805461883545,0.23044613003730774,0.061730049550533295,-0.6434663534164429,-0.803059995174408,0.20208433270454407,0.3645341992378235,-0.35534805059432983,-0.06770829856395721,-0.1696116328239441,-0.39738792181015015,0.5513280034065247,-0.3011060357093811,0.29282546043395996,-0.20811207592487335,0.5721715688705444,0.059211377054452896,0.3813789486885071,-0.3491400182247162,0.09711257368326187,-0.08324481546878815,0.26225897669792175,0.18809886276721954,0.023172713816165924,0.21198324859142303,0.08377065509557724,0.21689894795417786,-0.3011084794998169,-0.39007115364074707,-0.09575188159942627,0.04037117958068848,0.12463141232728958,0.028988469392061234,0.18175256252288818,-0.32328158617019653,0.16431714594364166,0.018488047644495964,0.03777533769607544,0.07352838665246964,0.0003118079621344805,-0.408995121717453,-0.03670838102698326,-0.045279741287231445,-0.09812744706869125,0.31778836250305176,-0.11153961718082428,-0.3492682874202728,0.2841881215572357,-0.32803285121917725,0.4544121026992798,0.02822631597518921,0.48667237162590027,0.4421665370464325,0.5973581671714783,-0.05903986468911171,-0.5008551478385925,-0.4602369964122772,-0.39845964312553406,-0.004702960606664419,0.004564971663057804,0.002181295771151781,-0.002952924929559231,-0.409736305475235,0.036977220326662064,0.3898136615753174,0.3608301281929016,-0.02702314406633377,-0.018916796892881393,-0.36123383045196533,0.11393681168556213,0.11247288435697556,0.030825300142169,0.3816263675689697,-0.44358325004577637,0.5464812517166138,0.19320811331272125,0.16430211067199707,-0.32573315501213074,-0.49290212988853455,-0.07788191735744476,-0.27738866209983826,-0.22135108709335327,-0.1335546374320984,0.12734355032444,0.5752424001693726,-0.17994533479213715,0.1746143400669098,-0.6799122095108032,-1.0369728803634644,-0.5280900597572327,-1.1517366170883179,-0.056501056998968124,0.12431060522794724,-0.5197492837905884,-0.2614413797855377,0.17245620489120483,-0.30853337049484253,-0.15461233258247375,-0.2816365361213684,-0.1630019247531891,0.493590384721756,0.32568883895874023,-0.3988473117351532,-0.06607833504676819,-0.1803353875875473,-0.16656924784183502,-0.008391463197767735,-0.196950301527977,0.463594526052475,-0.019494211301207542,0.15955987572669983,-0.5611253976821899,-0.7630496025085449,-0.39505735039711,-0.9038971662521362,-0.5850281715393066,0.32817625999450684,-0.9100615382194519,0.33678314089775085,-0.11299390345811844,-0.14836673438549042,0.3190560042858124,0.544556200504303,0.3211438059806824,0.4584735631942749,-0.3645113706588745,0.32577866315841675,-0.5338355302810669,0.27969861030578613,-0.20935644209384918,0.5478582382202148,-0.48910972476005554,0.041348427534103394,-0.505796492099762,0.09218250215053558,0.10757940262556076]"
