seed_block,reversal_interval_s,arm,aligned_progress_rate,forward_occupancy,mean_forward_run_s,p90_forward_run_s,n_agents
20261016,0.0,SELF_CONTINGENT,0.1116637914016036,0.15246666666666667,3.08013468013468,8.160000000000005,50
20261016,0.0,CROSS_AGENT_YOKED,0.06285084723392441,0.12138666666666667,1.5602399314481576,3.466666666666667,50
20261016,0.0,NO_FEEDBACK,-0.030988556051777846,0.04070666666666667,0.881096681096681,1.7333333333333334,50
20261016,40.0,SELF_CONTINGENT,0.08976421962905766,0.15214666666666668,3.0187830687830686,8.133333333333333,50
20261016,40.0,CROSS_AGENT_YOKED,0.029203002590566553,0.12421333333333333,1.5683501683501684,3.586666666666664,50
20261016,40.0,NO_FEEDBACK,-0.018922091445870603,0.042146666666666666,0.9122655122655122,1.8666666666666667,50
20261016,20.0,SELF_CONTINGENT,0.09275142136528909,0.14498666666666668,2.820752269779507,6.893333333333332,50
20261016,20.0,CROSS_AGENT_YOKED,0.04010012929118162,0.11416,1.4711340206185568,3.2666666666666666,50
20261016,20.0,NO_FEEDBACK,0.012387829407824387,0.04052,0.8732758620689655,1.8666666666666667,50
20261016,10.0,SELF_CONTINGENT,0.04962491651453605,0.13453333333333334,2.648293963254593,6.8,50
20261016,10.0,CROSS_AGENT_YOKED,0.02966589320372266,0.10457333333333334,1.3924545051043054,3.0666666666666664,50
20261016,10.0,NO_FEEDBACK,0.009740518418884752,0.03924,0.8384615384615385,1.7333333333333334,50
20261016,5.0,SELF_CONTINGENT,0.011740027391034422,0.115,2.2072936660268714,5.466666666666667,50
20261016,5.0,CROSS_AGENT_YOKED,0.024824640084385938,0.09764,1.2763398692810457,2.6666666666666665,50
20261016,5.0,NO_FEEDBACK,0.010731063757179029,0.039586666666666666,0.855003599712023,1.7333333333333334,50
20261017,0.0,SELF_CONTINGENT,0.07378685218338785,0.17618666666666666,3.7014005602240894,9.133333333333333,50
20261017,0.0,CROSS_AGENT_YOKED,-0.01160546509277593,0.13364,1.6159613059250302,3.466666666666667,50
20261017,0.0,NO_FEEDBACK,-0.008593296071917524,0.03914666666666667,0.8641648270787344,1.6,50
20261017,40.0,SELF_CONTINGENT,0.10712575927185622,0.15406666666666666,3.1442176870748297,8.013333333333335,50
20261017,40.0,CROSS_AGENT_YOKED,0.016625544905545412,0.12609333333333334,1.6902591599642538,3.7333333333333334,50
20261017,40.0,NO_FEEDBACK,0.010351001443321161,0.0388,0.8546255506607929,1.6,50
20261017,20.0,SELF_CONTINGENT,0.08912582068591716,0.15333333333333332,3.110209601081812,8.106666666666667,50
20261017,20.0,CROSS_AGENT_YOKED,0.023489789305466566,0.12004,1.5857331571994715,3.3333333333333335,50
20261017,20.0,NO_FEEDBACK,-0.006681702128198657,0.03982666666666667,0.8753113553113553,1.680000000000003,50
20261017,10.0,SELF_CONTINGENT,0.04079148831910345,0.12782666666666667,2.5113294040602487,6.186666666666664,50
20261017,10.0,CROSS_AGENT_YOKED,0.024873684788323393,0.10342666666666667,1.3957714799820062,2.8,50
20261017,10.0,NO_FEEDBACK,0.009184045847994217,0.03868,0.8614699331848552,1.6,50
20261017,5.0,SELF_CONTINGENT,0.020183779081593953,0.12272,2.378294573643411,5.6,50
20261017,5.0,CROSS_AGENT_YOKED,0.010849655767590916,0.09969333333333333,1.373186409550046,3.0666666666666664,50
20261017,5.0,NO_FEEDBACK,0.0024783787573980504,0.0388,0.8584070796460177,1.6,50
20261018,0.0,SELF_CONTINGENT,0.11441916620602029,0.16484,3.2258317025440313,8.0,50
20261018,0.0,CROSS_AGENT_YOKED,0.03643878593578677,0.13388,1.6014354066985645,3.3333333333333335,50
20261018,0.0,NO_FEEDBACK,0.07142557373847444,0.045053333333333334,0.9083333333333333,1.7333333333333334,50
20261018,40.0,SELF_CONTINGENT,0.10247159515329897,0.15922666666666666,3.103833658219623,7.333333333333333,50
20261018,40.0,CROSS_AGENT_YOKED,0.04126652925570395,0.13353333333333334,1.6264717823792123,3.8666666666666667,50
20261018,40.0,NO_FEEDBACK,0.01603179249757108,0.04428,0.887374749498998,1.6,50
20261018,20.0,SELF_CONTINGENT,0.08831191207212731,0.15097333333333332,2.9315210355987054,6.880000000000003,50
20261018,20.0,CROSS_AGENT_YOKED,0.04976475616292422,0.12814666666666666,1.605847953216374,3.6,50
20261018,20.0,NO_FEEDBACK,0.017078347430926066,0.04482666666666667,0.9223593964334705,1.7333333333333334,50
20261018,10.0,SELF_CONTINGENT,0.06828132082433802,0.13973333333333332,2.697554697554698,6.706666666666668,50
20261018,10.0,CROSS_AGENT_YOKED,0.04872296891153596,0.11869333333333333,1.4929979035639414,3.3333333333333335,50
20261018,10.0,NO_FEEDBACK,0.01464233507973602,0.04577333333333333,0.9265856950067476,1.7333333333333334,50
20261018,5.0,SELF_CONTINGENT,0.010090597596577634,0.1218,2.32,5.466666666666667,50
20261018,5.0,CROSS_AGENT_YOKED,0.009938009142714052,0.10006666666666666,1.3707762557077625,2.933333333333333,50
20261018,5.0,NO_FEEDBACK,0.0018230281235653877,0.043813333333333336,0.8815560026827631,1.7333333333333334,50
20261019,0.0,SELF_CONTINGENT,0.15894829598328428,0.1488,2.856046065259117,6.266666666666667,50
20261019,0.0,CROSS_AGENT_YOKED,0.06515425479072076,0.12364,1.5320941759603468,3.3333333333333335,50
20261019,0.0,NO_FEEDBACK,0.08412296660922207,0.043533333333333334,0.8848238482384824,1.6,50
20261019,40.0,SELF_CONTINGENT,0.10111826759881085,0.14730666666666667,2.77937106918239,6.666666666666667,50
20261019,40.0,CROSS_AGENT_YOKED,0.033154122726036996,0.12201333333333333,1.50819942315616,3.0666666666666664,50
20261019,40.0,NO_FEEDBACK,0.01709515215616095,0.043853333333333334,0.8753160345974716,1.6,50
20261019,20.0,SELF_CONTINGENT,0.06713346684020302,0.13312,2.5259962049335862,6.053333333333338,50
20261019,20.0,CROSS_AGENT_YOKED,0.0309529353734061,0.10902666666666666,1.43079615048119,3.05333333333333,50
20261019,20.0,NO_FEEDBACK,0.019302399472898045,0.04276,0.8655870445344129,1.6,50
20261019,10.0,SELF_CONTINGENT,0.06049888041877033,0.13494666666666666,2.580242192479286,6.480000000000003,50
20261019,10.0,CROSS_AGENT_YOKED,0.03904870616253539,0.10865333333333334,1.3983697983697985,3.0666666666666664,50
20261019,10.0,NO_FEEDBACK,0.019069848985494967,0.04290666666666667,0.8668013468013468,1.6,50
20261019,5.0,SELF_CONTINGENT,0.02304842198750936,0.11885333333333334,2.25528146742568,5.333333333333333,50
20261019,5.0,CROSS_AGENT_YOKED,0.0255124968873869,0.10012,1.320844327176781,2.6666666666666665,50
20261019,5.0,NO_FEEDBACK,0.012865113529702352,0.04256,0.8597979797979798,1.6,50
20261020,0.0,SELF_CONTINGENT,0.08222825804639218,0.15565333333333334,3.0341780376868095,7.600000000000008,50
20261020,0.0,CROSS_AGENT_YOKED,0.06146106913887074,0.12588,1.5656716417910448,3.3333333333333335,50
20261020,0.0,NO_FEEDBACK,0.04172007231994289,0.0426,0.8640973630831643,1.4666666666666666,50
20261020,40.0,SELF_CONTINGENT,0.1162666318907136,0.15565333333333334,2.8985723153320917,7.253333333333337,50
20261020,40.0,CROSS_AGENT_YOKED,0.04191396627512365,0.1236,1.545,3.3333333333333335,50
20261020,40.0,NO_FEEDBACK,-0.004335019637221348,0.042,0.8571428571428572,1.480000000000003,50
20261020,20.0,SELF_CONTINGENT,0.06011469591482822,0.13933333333333334,2.643896268184693,6.453333333333338,50
20261020,20.0,CROSS_AGENT_YOKED,0.023461756279362835,0.11353333333333333,1.4555555555555555,3.080000000000003,50
20261020,20.0,NO_FEEDBACK,0.002815616783706102,0.04132,0.8502057613168724,1.6,50
20261020,10.0,SELF_CONTINGENT,0.0450622741582285,0.13384,2.5110694183864917,6.266666666666667,50
20261020,10.0,CROSS_AGENT_YOKED,0.03685697972702486,0.11065333333333334,1.3989043404972608,3.0666666666666664,50
20261020,10.0,NO_FEEDBACK,0.0120289401642093,0.04296,0.8785276073619632,1.6,50
20261020,5.0,SELF_CONTINGENT,0.020177098407130237,0.11690666666666667,2.156949569495695,5.186666666666671,50
20261020,5.0,CROSS_AGENT_YOKED,0.01568535451260478,0.09926666666666667,1.2891774891774892,2.6666666666666665,50
20261020,5.0,NO_FEEDBACK,0.008678359408596893,0.041813333333333334,0.8498644986449865,1.6,50
20261021,0.0,SELF_CONTINGENT,0.09756060458937615,0.16073333333333334,3.273591310251188,8.266666666666666,50
20261021,0.0,CROSS_AGENT_YOKED,0.06793773913480472,0.1258,1.608695652173913,3.466666666666667,50
20261021,0.0,NO_FEEDBACK,0.02474472078773385,0.04201333333333333,0.9093795093795093,1.7333333333333334,50
20261021,40.0,SELF_CONTINGENT,0.11548975879122964,0.14909333333333333,2.9699867197875163,8.253333333333337,50
20261021,40.0,CROSS_AGENT_YOKED,0.03753347541412068,0.11989333333333334,1.5900972590627764,3.560000000000006,50
20261021,40.0,NO_FEEDBACK,0.026706519251219783,0.04190666666666667,0.9031609195402299,1.8666666666666667,50
20261021,20.0,SELF_CONTINGENT,0.09321626320372238,0.14994666666666667,2.945907007203667,7.866666666666666,50
20261021,20.0,CROSS_AGENT_YOKED,0.06530996307652374,0.1212,1.5578406169665808,3.3733333333333424,50
20261021,20.0,NO_FEEDBACK,0.02486446103573179,0.04085333333333333,0.8766809728183118,1.6,50
20261021,10.0,SELF_CONTINGENT,0.04308084969576832,0.12781333333333333,2.4963541666666664,6.386666666666671,50
20261021,10.0,CROSS_AGENT_YOKED,0.024385345233515685,0.10562666666666666,1.448925468678555,3.0933333333333395,50
20261021,10.0,NO_FEEDBACK,0.001258613897588571,0.04112,0.89004329004329,1.7333333333333334,50
20261021,5.0,SELF_CONTINGENT,0.01655959840157365,0.11784,2.2881553398058254,5.466666666666667,50
20261021,5.0,CROSS_AGENT_YOKED,0.019091750467040664,0.09636,1.3327800829875518,2.933333333333333,50
20261021,5.0,NO_FEEDBACK,0.0016558557521152665,0.04144,0.8854700854700855,1.7733333333333348,50
20261022,0.0,SELF_CONTINGENT,0.11292046896949892,0.17632,3.4236893203883496,8.34666666666667,50
20261022,0.0,CROSS_AGENT_YOKED,0.00793894944387407,0.14316,1.6268181818181817,3.6,50
20261022,0.0,NO_FEEDBACK,-0.013774115940913477,0.04488,0.9012048192771084,1.7333333333333334,50
20261022,40.0,SELF_CONTINGENT,0.09776469193935876,0.16176,3.0636363636363635,8.173333333333336,50
20261022,40.0,CROSS_AGENT_YOKED,0.06388872009945934,0.13034666666666667,1.5837991089509922,3.466666666666667,50
20261022,40.0,NO_FEEDBACK,-0.0038523652796170994,0.044386666666666665,0.9003380662609872,1.6,50
20261022,20.0,SELF_CONTINGENT,0.0636356600998344,0.14172,2.6099447513812155,7.040000000000002,50
20261022,20.0,CROSS_AGENT_YOKED,0.048945233378556045,0.12017333333333333,1.5040467250730079,3.466666666666667,50
20261022,20.0,NO_FEEDBACK,0.014353621599130222,0.043706666666666665,0.8829629629629628,1.6,50
20261022,10.0,SELF_CONTINGENT,0.06227691108979385,0.14312,2.64547134935305,6.8,50
20261022,10.0,CROSS_AGENT_YOKED,0.030959611161644546,0.12104,1.5167919799498748,3.2,50
20261022,10.0,NO_FEEDBACK,0.016985457542257092,0.04481333333333333,0.8909211398277005,1.7333333333333334,50
20261022,5.0,SELF_CONTINGENT,0.017640925872361442,0.12810666666666667,2.3549019607843134,5.733333333333333,50
20261022,5.0,CROSS_AGENT_YOKED,0.03169709245625026,0.11237333333333334,1.424250105618927,3.0666666666666664,50
20261022,5.0,NO_FEEDBACK,0.011950701225854005,0.04374666666666667,0.8749333333333333,1.7333333333333334,50
20261023,0.0,SELF_CONTINGENT,0.09754111455300071,0.17158666666666667,3.2436042848141144,8.053333333333331,50
20261023,0.0,CROSS_AGENT_YOKED,0.02256532691894655,0.13729333333333332,1.6247731755424062,3.3333333333333335,50
20261023,0.0,NO_FEEDBACK,0.024228106881643122,0.04533333333333334,0.8906352324819908,1.6,50
20261023,40.0,SELF_CONTINGENT,0.11239815105745625,0.16722666666666666,3.074019607843137,7.693333333333332,50
20261023,40.0,CROSS_AGENT_YOKED,0.05741657805015293,0.13468,1.6033333333333333,3.3333333333333335,50
20261023,40.0,NO_FEEDBACK,-0.001989615766087015,0.04602666666666667,0.9114191419141914,1.7333333333333334,50
20261023,20.0,SELF_CONTINGENT,0.09400766310440938,0.16122666666666666,2.942092457420925,7.2,50
20261023,20.0,CROSS_AGENT_YOKED,0.04410183779254078,0.13044,1.54916864608076,3.0666666666666664,50
20261023,20.0,NO_FEEDBACK,-0.01351100210524331,0.0466,0.9083820662768031,1.7333333333333334,50
20261023,10.0,SELF_CONTINGENT,0.03997166971659362,0.14048,2.4863716814159296,5.733333333333333,50
20261023,10.0,CROSS_AGENT_YOKED,0.027072748245737143,0.11409333333333334,1.377938808373591,2.8,50
20261023,10.0,NO_FEEDBACK,-0.004189500191451668,0.045373333333333335,0.8861979166666667,1.6,50
20261023,5.0,SELF_CONTINGENT,0.020206852843630982,0.13221333333333332,2.3779376498800957,5.8,50
20261023,5.0,CROSS_AGENT_YOKED,0.02600668600447787,0.10890666666666667,1.312128514056225,2.8,50
20261023,5.0,NO_FEEDBACK,0.011230049513920492,0.04465333333333334,0.879002624671916,1.6,50
20261024,0.0,SELF_CONTINGENT,0.08650825929013922,0.15378666666666665,3.0573889993373093,7.5466666666666695,50
20261024,0.0,CROSS_AGENT_YOKED,0.043409195482909516,0.11948,1.5298335467349553,3.466666666666667,50
20261024,0.0,NO_FEEDBACK,0.0097160345469331,0.03964,0.8122950819672131,1.6,50
20261024,40.0,SELF_CONTINGENT,0.12848699821767856,0.16170666666666667,3.2212483399734393,8.773333333333342,50
20261024,40.0,CROSS_AGENT_YOKED,0.04328110736480313,0.13165333333333334,1.6664978902953587,3.2,50
20261024,40.0,NO_FEEDBACK,0.009478209776601174,0.040106666666666665,0.8218579234972677,1.6,50
20261024,20.0,SELF_CONTINGENT,0.09912814935761581,0.13730666666666666,2.6713359273670556,7.866666666666666,50
20261024,20.0,CROSS_AGENT_YOKED,0.03915883888611381,0.10953333333333333,1.3900169204737733,3.0666666666666664,50
20261024,20.0,NO_FEEDBACK,0.022317335715329723,0.03944,0.811522633744856,1.5333333333333332,50
20261024,10.0,SELF_CONTINGENT,0.04747202635131574,0.1236,2.3453510436432636,5.7866666666666715,50
20261024,10.0,CROSS_AGENT_YOKED,0.04322958180505282,0.09957333333333333,1.324113475177305,2.8,50
20261024,10.0,NO_FEEDBACK,0.013600299909610598,0.03970666666666667,0.8136612021857923,1.5066666666666682,50
20261024,5.0,SELF_CONTINGENT,0.013800553651431988,0.11114666666666667,2.0892230576441104,5.053333333333338,50
20261024,5.0,CROSS_AGENT_YOKED,0.014228621686477021,0.09278666666666667,1.2437890974084003,2.6666666666666665,50
20261024,5.0,NO_FEEDBACK,0.003806013236226832,0.04012,0.8204498977505111,1.6,50
20261025,0.0,SELF_CONTINGENT,0.14651832097622786,0.16732,3.1992351816443594,7.840000000000002,50
20261025,0.0,CROSS_AGENT_YOKED,0.05109761286972459,0.13297333333333333,1.583015873015873,3.466666666666667,50
20261025,0.0,NO_FEEDBACK,0.03938631124763233,0.04216,0.8710743801652893,1.6,50
20261025,40.0,SELF_CONTINGENT,0.08492257318260427,0.15265333333333334,2.874827369742624,7.333333333333333,50
20261025,40.0,CROSS_AGENT_YOKED,0.03936605109895295,0.12121333333333334,1.5151666666666666,3.466666666666667,50
20261025,40.0,NO_FEEDBACK,-0.00866597126768936,0.042133333333333335,0.875952875952876,1.6,50
20261025,20.0,SELF_CONTINGENT,0.10516035672149815,0.15370666666666666,3.0436963696369634,8.080000000000004,50
20261025,20.0,CROSS_AGENT_YOKED,0.054059199999234614,0.12458666666666667,1.5952198036705079,3.7333333333333334,50
20261025,20.0,NO_FEEDBACK,0.014772317292651311,0.041826666666666665,0.8732080723729992,1.6,50
20261025,10.0,SELF_CONTINGENT,0.04167386769852316,0.13050666666666666,2.430291744258225,5.6,50
20261025,10.0,CROSS_AGENT_YOKED,0.04345033251012137,0.10564,1.3355246523388116,2.933333333333333,50
20261025,10.0,NO_FEEDBACK,0.012804536569476053,0.0414,0.8589211618257262,1.4666666666666666,50
20261025,5.0,SELF_CONTINGENT,0.013094545700931312,0.11606666666666667,2.1493827160493826,5.066666666666666,50
20261025,5.0,CROSS_AGENT_YOKED,0.02613370427887371,0.1016,1.3333333333333333,2.8,50
20261025,5.0,NO_FEEDBACK,0.01320890155862492,0.04196,0.8815126050420168,1.5333333333333332,50
20261026,0.0,SELF_CONTINGENT,0.14149696878508305,0.16669333333333333,3.1994881637875876,7.2,50
20261026,0.0,CROSS_AGENT_YOKED,-0.013863266340999979,0.13105333333333333,1.598211382113821,3.466666666666667,50
20261026,0.0,NO_FEEDBACK,-0.011657648758625067,0.0398,0.8291666666666666,1.7333333333333334,50
20261026,40.0,SELF_CONTINGENT,0.10077452882969774,0.16198666666666667,3.0854603174603175,7.94666666666667,50
20261026,40.0,CROSS_AGENT_YOKED,0.04865948833434088,0.12758666666666665,1.579042904290429,3.6,50
20261026,40.0,NO_FEEDBACK,0.040507615265401316,0.04157333333333333,0.8519125683060109,1.7333333333333334,50
20261026,20.0,SELF_CONTINGENT,0.04658410583472493,0.14353333333333335,2.7339682539682544,7.066666666666666,50
20261026,20.0,CROSS_AGENT_YOKED,0.030304925031751345,0.11130666666666666,1.4125211505922166,2.933333333333333,50
20261026,20.0,NO_FEEDBACK,0.01036430340045418,0.03924,0.8141078838174273,1.6,50
20261026,10.0,SELF_CONTINGENT,0.04240422597712004,0.12726666666666667,2.383270911360799,5.693333333333332,50
20261026,10.0,CROSS_AGENT_YOKED,0.0267105833373172,0.10482666666666667,1.36671012603216,2.933333333333333,50
20261026,10.0,NO_FEEDBACK,-0.0111715152270537,0.03886666666666667,0.8013745704467353,1.6,50
20261026,5.0,SELF_CONTINGENT,0.021795618139162382,0.12161333333333334,2.219221411192214,5.240000000000001,50
20261026,5.0,CROSS_AGENT_YOKED,0.018497521318068918,0.10342666666666667,1.3397236614853194,3.05333333333333,50
20261026,5.0,NO_FEEDBACK,0.011422540324605187,0.04006666666666667,0.8261168384879726,1.6,50
20261027,0.0,SELF_CONTINGENT,0.03169349419595319,0.14154666666666665,2.802904290429043,6.4,50
20261027,0.0,CROSS_AGENT_YOKED,-0.020299582262094027,0.11509333333333334,1.4531986531986534,2.933333333333333,50
20261027,0.0,NO_FEEDBACK,-0.03342758378373797,0.04337333333333333,0.8887978142076504,1.6,50
20261027,40.0,SELF_CONTINGENT,0.0932047480140817,0.14576,2.9210420841683367,6.933333333333334,50
20261027,40.0,CROSS_AGENT_YOKED,0.03145889552033079,0.11742666666666667,1.527004768097096,3.3333333333333335,50
20261027,40.0,NO_FEEDBACK,0.019309597748609266,0.04404,0.8933062880324544,1.6,50
20261027,20.0,SELF_CONTINGENT,0.07369892131883016,0.14350666666666667,2.8473544973544973,7.293333333333332,50
20261027,20.0,CROSS_AGENT_YOKED,0.02733204168142796,0.11334666666666667,1.4133000831255196,3.0666666666666664,50
20261027,20.0,NO_FEEDBACK,-0.0049227212709406784,0.04312,0.881799591002045,1.7333333333333334,50
20261027,10.0,SELF_CONTINGENT,0.0317938079028457,0.12536,2.4532289628180037,5.866666666666666,50
20261027,10.0,CROSS_AGENT_YOKED,0.02047630329347847,0.10589333333333334,1.3824194952132287,3.0,50
20261027,10.0,NO_FEEDBACK,0.005549417391009239,0.043533333333333334,0.8848238482384824,1.6,50
20261027,5.0,SELF_CONTINGENT,0.016125656494679945,0.12216,2.4,5.6,50
20261027,5.0,CROSS_AGENT_YOKED,0.021610617397771155,0.10461333333333334,1.3586147186147186,2.8,50
20261027,5.0,NO_FEEDBACK,0.005300757894442374,0.04296,0.8609218436873748,1.6,50
20261028,0.0,SELF_CONTINGENT,0.17328033837964327,0.17488,3.3891472868217054,8.266666666666666,50
20261028,0.0,CROSS_AGENT_YOKED,0.05920639511301538,0.14030666666666666,1.682334132693845,3.2,50
20261028,0.0,NO_FEEDBACK,0.04386796561770442,0.0426,0.8968421052631579,1.7333333333333334,50
20261028,40.0,SELF_CONTINGENT,0.13361534799999353,0.16602666666666666,3.281159420289855,8.266666666666666,50
20261028,40.0,CROSS_AGENT_YOKED,0.028250297066279153,0.13258666666666666,1.653200332502078,3.6,50
20261028,40.0,NO_FEEDBACK,-0.008161365832152611,0.042173333333333334,0.884136967155835,1.7333333333333334,50
20261028,20.0,SELF_CONTINGENT,0.06395072496293008,0.14988,2.8279245283018866,7.2133333333333365,50
20261028,20.0,CROSS_AGENT_YOKED,0.045530179523373134,0.11724,1.4821744627054363,3.0666666666666664,50
20261028,20.0,NO_FEEDBACK,-0.026990141365735017,0.041973333333333335,0.8855133614627285,1.6933333333333318,50
20261028,10.0,SELF_CONTINGENT,0.04138919066910831,0.13396,2.4899628252788104,6.840000000000002,50
20261028,10.0,CROSS_AGENT_YOKED,0.02802681604073794,0.11296,1.4173149309912172,3.2,50
20261028,10.0,NO_FEEDBACK,0.007174526269635256,0.041773333333333336,0.8794385964912281,1.6,50
20261028,5.0,SELF_CONTINGENT,0.02204668616792801,0.1236,2.276243093922652,5.733333333333333,50
20261028,5.0,CROSS_AGENT_YOKED,0.02249243175512814,0.10125333333333333,1.3536541889483065,2.8,50
20261028,5.0,NO_FEEDBACK,0.012845802271903357,0.04156,0.8786469344608879,1.6,50
20261029,0.0,SELF_CONTINGENT,0.1168036268757524,0.16978666666666667,3.4025384101536407,9.226666666666665,50
20261029,0.0,CROSS_AGENT_YOKED,-0.006825921665607828,0.13498666666666667,1.6665020576131688,3.466666666666667,50
20261029,0.0,NO_FEEDBACK,-0.007258305568184545,0.04332,0.9062761506276151,1.7333333333333334,50
20261029,40.0,SELF_CONTINGENT,0.13535834318649137,0.16461333333333333,3.3526137135098435,9.2,50
20261029,40.0,CROSS_AGENT_YOKED,-0.0022378961659983887,0.13104,1.611808118081181,3.6,50
20261029,40.0,NO_FEEDBACK,0.0012832438779079383,0.04242666666666667,0.8857341684064023,1.7333333333333334,50
20261029,20.0,SELF_CONTINGENT,0.09369221576948505,0.15116,2.963921568627451,6.933333333333334,50
20261029,20.0,CROSS_AGENT_YOKED,0.055825291138227394,0.12521333333333334,1.5910207539178314,3.3333333333333335,50
20261029,20.0,NO_FEEDBACK,0.037199931035900406,0.0428,0.8972746331236897,1.7866666666666713,50
20261029,10.0,SELF_CONTINGENT,0.045836763162270214,0.12970666666666666,2.480050987890376,6.4,50
20261029,10.0,CROSS_AGENT_YOKED,0.03788238478506952,0.10970666666666666,1.4865401987353206,3.3333333333333335,50
20261029,10.0,NO_FEEDBACK,0.015483824370976515,0.041773333333333336,0.8925925925925926,1.7333333333333334,50
20261029,5.0,SELF_CONTINGENT,0.020265418759032296,0.11648,2.2271510516252393,5.2,50
20261029,5.0,CROSS_AGENT_YOKED,0.029939398930137952,0.09777333333333334,1.3071301247771836,2.933333333333333,50
20261029,5.0,NO_FEEDBACK,0.014255176405638345,0.041346666666666664,0.8595980595980596,1.6,50
20261030,0.0,SELF_CONTINGENT,0.11038072058519695,0.18934666666666666,3.7199738048461035,9.333333333333334,50
20261030,0.0,CROSS_AGENT_YOKED,0.015949883591771054,0.15032,1.8719800747198008,3.7333333333333334,50
20261030,0.0,NO_FEEDBACK,-0.025487799259998962,0.041826666666666665,0.8677731673582296,1.6,50
20261030,40.0,SELF_CONTINGENT,0.10216592299341266,0.16737333333333335,3.3143234323432345,8.213333333333336,50
20261030,40.0,CROSS_AGENT_YOKED,0.007141047032907137,0.13326666666666667,1.6826599326599325,3.586666666666664,50
20261030,40.0,NO_FEEDBACK,0.010983704545729075,0.04237333333333333,0.8718792866941015,1.7333333333333334,50
20261030,20.0,SELF_CONTINGENT,0.10555609628173765,0.15456,2.9609195402298853,6.933333333333334,50
20261030,20.0,CROSS_AGENT_YOKED,0.024227368996092433,0.12170666666666667,1.5118840579710144,3.1466666666666696,50
20261030,20.0,NO_FEEDBACK,0.009465591699005618,0.04116,0.8451745379876796,1.6,50
20261030,10.0,SELF_CONTINGENT,0.05972127024484536,0.13258666666666666,2.5795071335927364,6.493333333333331,50
20261030,10.0,CROSS_AGENT_YOKED,0.026995307426759395,0.10701333333333334,1.384389823199655,2.933333333333333,50
20261030,10.0,NO_FEEDBACK,0.011540627239421756,0.04256,0.8793388429752066,1.7333333333333334,50
20261030,5.0,SELF_CONTINGENT,0.014267995860473897,0.12212,2.308506616257089,5.3599999999999985,50
20261030,5.0,CROSS_AGENT_YOKED,0.015823658929503312,0.1036,1.3489583333333333,2.933333333333333,50
20261030,5.0,NO_FEEDBACK,0.005840183161966863,0.040946666666666666,0.8442611683848796,1.6,50
20261031,0.0,SELF_CONTINGENT,0.1101080167523119,0.17472,3.347126436781609,8.133333333333333,50
20261031,0.0,CROSS_AGENT_YOKED,0.04927409603805699,0.13925333333333334,1.6518782127323053,3.7333333333333334,50
20261031,0.0,NO_FEEDBACK,0.031133543321680997,0.0444,0.9079754601226994,1.6,50
20261031,40.0,SELF_CONTINGENT,0.11941064094728465,0.16506666666666667,3.108600125549278,7.2,50
20261031,40.0,CROSS_AGENT_YOKED,0.0602074379759719,0.12622666666666665,1.508084428514536,3.3333333333333335,50
20261031,40.0,NO_FEEDBACK,0.01141874924588988,0.04293333333333333,0.8569527611443779,1.6,50
20261031,20.0,SELF_CONTINGENT,0.08651813259645505,0.15598666666666666,2.9047796399751706,7.066666666666666,50
20261031,20.0,CROSS_AGENT_YOKED,0.04324479460203611,0.12458666666666667,1.559282436378807,3.4933333333333394,50
20261031,20.0,NO_FEEDBACK,-0.010913615280240107,0.04368,0.8824242424242424,1.6,50
20261031,10.0,SELF_CONTINGENT,0.066954166406664,0.14364,2.7517241379310344,6.7866666666666715,50
20261031,10.0,CROSS_AGENT_YOKED,0.03594468430154846,0.11624,1.456641604010025,3.466666666666667,50
20261031,10.0,NO_FEEDBACK,0.010347659183564284,0.04409333333333333,0.8943881000676132,1.6,50
20261031,5.0,SELF_CONTINGENT,0.021920124497462588,0.12453333333333333,2.2892156862745097,5.466666666666667,50
20261031,5.0,CROSS_AGENT_YOKED,0.02580567568467117,0.10573333333333333,1.3607893607893609,2.933333333333333,50
20261031,5.0,NO_FEEDBACK,0.012242355814909655,0.04436,0.8819085487077535,1.706666666666668,50
20261032,0.0,SELF_CONTINGENT,0.10357512662727106,0.16313333333333332,3.107301587301587,7.333333333333333,50
20261032,0.0,CROSS_AGENT_YOKED,0.04627362183525674,0.12914666666666666,1.5846216768916155,3.3333333333333335,50
20261032,0.0,NO_FEEDBACK,0.007083849080731423,0.04210666666666667,0.8371106693174287,1.7333333333333334,50
20261032,40.0,SELF_CONTINGENT,0.06623713079238991,0.1574,2.9475655430711614,7.026666666666665,50
20261032,40.0,CROSS_AGENT_YOKED,-0.017252545637243637,0.13069333333333333,1.6115084258117551,3.466666666666667,50
20261032,40.0,NO_FEEDBACK,-0.02079815064259764,0.04324,0.8647999999999999,1.7333333333333334,50
20261032,20.0,SELF_CONTINGENT,0.10832939502511377,0.14757333333333333,2.748106765983861,7.066666666666666,50
20261032,20.0,CROSS_AGENT_YOKED,0.019348844210379683,0.12230666666666666,1.526924677486475,3.466666666666667,50
20261032,20.0,NO_FEEDBACK,0.018761753206305427,0.04348,0.8644135188866799,1.8400000000000014,50
20261032,10.0,SELF_CONTINGENT,0.049083301776321524,0.13870666666666667,2.5686419753086422,7.080000000000003,50
20261032,10.0,CROSS_AGENT_YOKED,0.03213135997735144,0.11865333333333333,1.4813150228880567,3.466666666666667,50
20261032,10.0,NO_FEEDBACK,0.010998374926157661,0.04293333333333333,0.8569527611443779,1.7333333333333334,50
20261032,5.0,SELF_CONTINGENT,0.02033841374029934,0.12596,2.290181818181818,5.866666666666666,50
20261032,5.0,CROSS_AGENT_YOKED,0.026109427552422567,0.10812,1.308958837772397,2.8,50
20261032,5.0,NO_FEEDBACK,0.011133239207077183,0.04412,0.8877263581488933,1.8666666666666667,50
20261033,0.0,SELF_CONTINGENT,0.098049606191237,0.17124,3.286756238003839,8.4,50
20261033,0.0,CROSS_AGENT_YOKED,0.017913671229499165,0.13533333333333333,1.644390441474281,3.7333333333333334,50
20261033,0.0,NO_FEEDBACK,-0.00409733762238813,0.04430666666666667,0.8826029216467464,1.6,50
20261033,40.0,SELF_CONTINGENT,0.12536572723200612,0.1578,3.0346153846153845,7.466666666666667,50
20261033,40.0,CROSS_AGENT_YOKED,0.06210250350931643,0.12645333333333333,1.5309120258272801,3.3333333333333335,50
20261033,40.0,NO_FEEDBACK,0.03862651643810113,0.04456,0.8947791164658634,1.6,50
20261033,20.0,SELF_CONTINGENT,0.10433582662092292,0.14997333333333332,2.8404040404040405,7.2,50
20261033,20.0,CROSS_AGENT_YOKED,0.07573331768561274,0.12241333333333333,1.511275720164609,3.466666666666667,50
20261033,20.0,NO_FEEDBACK,0.031311005109164396,0.044533333333333334,0.8871181938911022,1.6,50
20261033,10.0,SELF_CONTINGENT,0.06470854444229365,0.14329333333333333,2.65358024691358,6.94666666666667,50
20261033,10.0,CROSS_AGENT_YOKED,0.04615174162364797,0.11886666666666666,1.5008417508417509,3.466666666666667,50
20261033,10.0,NO_FEEDBACK,0.01113467989756915,0.04442666666666667,0.8867598137059215,1.6,50
20261033,5.0,SELF_CONTINGENT,-0.0008425103343573051,0.11925333333333334,2.1257278669043376,4.933333333333334,50
20261033,5.0,CROSS_AGENT_YOKED,0.00888620003289067,0.09756,1.2653696498054474,2.6666666666666665,50
20261033,5.0,NO_FEEDBACK,0.0020555568943726368,0.04225333333333333,0.8433799068529608,1.4666666666666666,50
20261034,0.0,SELF_CONTINGENT,0.13374133532397578,0.16710666666666665,3.322200132538105,7.9733333333333345,50
20261034,0.0,CROSS_AGENT_YOKED,0.019057816472562536,0.13332,1.6298288508557457,3.3333333333333335,50
20261034,0.0,NO_FEEDBACK,0.010959163748793549,0.04156,0.8379032258064516,1.6,50
20261034,40.0,SELF_CONTINGENT,0.10093827594871005,0.15836,3.111198428290766,7.466666666666667,50
20261034,40.0,CROSS_AGENT_YOKED,0.0278282154471225,0.12854666666666667,1.594871794871795,3.3333333333333335,50
20261034,40.0,NO_FEEDBACK,-0.010836644608326845,0.04164,0.839516129032258,1.6,50
20261034,20.0,SELF_CONTINGENT,0.08361134425907417,0.15116,2.946588693957115,7.733333333333333,50
20261034,20.0,CROSS_AGENT_YOKED,0.05842893412563562,0.1228,1.5049019607843137,3.466666666666667,50
20261034,20.0,NO_FEEDBACK,0.018589031110033103,0.04204,0.8458752515090544,1.6,50
20261034,10.0,SELF_CONTINGENT,0.03898270693142655,0.13193333333333335,2.522625876354366,6.240000000000001,50
20261034,10.0,CROSS_AGENT_YOKED,0.03252671282994807,0.10889333333333333,1.3836509953409573,3.0666666666666664,50
20261034,10.0,NO_FEEDBACK,0.0032397182100921042,0.041466666666666666,0.8377104377104377,1.6,50
20261034,5.0,SELF_CONTINGENT,0.01645077671870281,0.11612,2.2287907869481765,5.333333333333333,50
20261034,5.0,CROSS_AGENT_YOKED,0.01866697880364767,0.09592,1.2571428571428571,2.6666666666666665,50
20261034,5.0,NO_FEEDBACK,0.009476188709429213,0.04192,0.8537678207739308,1.7333333333333334,50
20261035,0.0,SELF_CONTINGENT,0.10524755469494353,0.16824,3.305304518664047,7.7866666666666635,50
20261035,0.0,CROSS_AGENT_YOKED,0.04176205754790267,0.13688,1.665206812652068,3.6,50
20261035,0.0,NO_FEEDBACK,0.06474759029928484,0.043146666666666667,0.8896219931271477,1.7333333333333334,50
20261035,40.0,SELF_CONTINGENT,0.09067822023242948,0.15734666666666666,3.0852287581699347,7.866666666666666,50
20261035,40.0,CROSS_AGENT_YOKED,0.04104963692415641,0.1326,1.6595744680851066,3.466666666666667,50
20261035,40.0,NO_FEEDBACK,0.02822713382708832,0.04225333333333333,0.8748102139406487,1.7333333333333334,50
20261035,20.0,SELF_CONTINGENT,0.077820157997953,0.14993333333333334,2.888888888888889,7.466666666666667,50
20261035,20.0,CROSS_AGENT_YOKED,0.04973241229712427,0.12341333333333333,1.5330848861283644,3.2,50
20261035,20.0,NO_FEEDBACK,0.0063162261631240614,0.04273333333333333,0.879286694101509,1.7333333333333334,50
20261035,10.0,SELF_CONTINGENT,0.05193079641386401,0.1302,2.5232558139534884,6.4,50
20261035,10.0,CROSS_AGENT_YOKED,0.03231207047160075,0.10889333333333333,1.3836509953409573,2.933333333333333,50
20261035,10.0,NO_FEEDBACK,0.011327505836360541,0.04257333333333333,0.8706203135650988,1.7333333333333334,50
20261035,5.0,SELF_CONTINGENT,0.01908798206295542,0.1242,2.2915129151291516,5.720000000000004,50
20261035,5.0,CROSS_AGENT_YOKED,0.016558147810830415,0.10418666666666666,1.3443440860215052,2.8,50
20261035,5.0,NO_FEEDBACK,0.006564360397406259,0.042613333333333336,0.8804407713498623,1.7333333333333334,50
20261036,0.0,SELF_CONTINGENT,0.14714420356784874,0.19350666666666666,3.5311435523114354,8.653333333333338,50
20261036,0.0,CROSS_AGENT_YOKED,0.06995655527051896,0.15726666666666667,1.7075642417661963,3.7333333333333334,50
20261036,0.0,NO_FEEDBACK,0.08311850882301657,0.04804,0.8750455373406193,1.6,50
20261036,40.0,SELF_CONTINGENT,0.09606130980379156,0.18537333333333333,3.2578793204452254,8.053333333333331,50
20261036,40.0,CROSS_AGENT_YOKED,-0.014825369360541749,0.14794666666666667,1.6081159420289854,3.466666666666667,50
20261036,40.0,NO_FEEDBACK,0.007822888017867027,0.047786666666666665,0.880049109883364,1.7333333333333334,50
20261036,20.0,SELF_CONTINGENT,0.10537701641514367,0.17028,2.9613913043478264,7.2,50
20261036,20.0,CROSS_AGENT_YOKED,0.040199222619178,0.136,1.5402038505096263,3.6,50
20261036,20.0,NO_FEEDBACK,0.022502077686856633,0.04724,0.8683823529411764,1.6,50
20261036,10.0,SELF_CONTINGENT,0.03767113654989143,0.15002666666666667,2.609159420289855,6.346666666666669,50
20261036,10.0,CROSS_AGENT_YOKED,0.0372840900116635,0.12638666666666667,1.479937548790008,3.3333333333333335,50
20261036,10.0,NO_FEEDBACK,-0.003736681424061197,0.047413333333333335,0.8747847478474785,1.7333333333333334,50
20261036,5.0,SELF_CONTINGENT,0.01683777027114916,0.14069333333333334,2.400910125142207,5.533333333333333,50
20261036,5.0,CROSS_AGENT_YOKED,0.0265668425714632,0.12053333333333334,1.3999225706542782,3.2,50
20261036,5.0,NO_FEEDBACK,0.005261792308835765,0.04837333333333333,0.884338817794028,1.7333333333333334,50
20261037,0.0,SELF_CONTINGENT,0.06743273721211916,0.16013333333333332,3.004377736085053,7.6,50
20261037,0.0,CROSS_AGENT_YOKED,0.032871442930445506,0.12994666666666665,1.6428150021070376,3.3333333333333335,50
20261037,0.0,NO_FEEDBACK,-0.005304296508759101,0.04209333333333334,0.8418666666666667,1.7333333333333334,50
20261037,40.0,SELF_CONTINGENT,0.08945274888962901,0.15217333333333333,2.865787821720025,6.8,50
20261037,40.0,CROSS_AGENT_YOKED,0.03232856288879809,0.12194666666666666,1.5339203354297695,3.1466666666666696,50
20261037,40.0,NO_FEEDBACK,0.01657806281382346,0.04216,0.8551724137931034,1.7333333333333334,50
20261037,20.0,SELF_CONTINGENT,0.0817108043690178,0.14322666666666667,2.667163252638113,6.666666666666667,50
20261037,20.0,CROSS_AGENT_YOKED,0.0671412720689763,0.12594666666666668,1.5284789644012946,3.3333333333333335,50
20261037,20.0,NO_FEEDBACK,0.010409623428585632,0.04274666666666667,0.853226879574185,1.4666666666666666,50
20261037,10.0,SELF_CONTINGENT,0.045092584738665537,0.12992,2.3283154121863796,5.733333333333333,50
20261037,10.0,CROSS_AGENT_YOKED,0.03255756199164877,0.11005333333333334,1.386062132661629,3.0666666666666664,50
20261037,10.0,NO_FEEDBACK,0.0117832709802301,0.04290666666666667,0.8685560053981106,1.7333333333333334,50
20261037,5.0,SELF_CONTINGENT,0.010961873677992642,0.11829333333333333,2.194681508967223,5.066666666666666,50
20261037,5.0,CROSS_AGENT_YOKED,0.02218722488250444,0.09973333333333333,1.36996336996337,2.9733333333333425,50
20261037,5.0,NO_FEEDBACK,0.005693643638063554,0.04309333333333333,0.874104124408384,1.7333333333333334,50
20261038,0.0,SELF_CONTINGENT,0.08971781721315832,0.17345333333333332,3.119664268585132,7.733333333333333,50
20261038,0.0,CROSS_AGENT_YOKED,0.02518265244917614,0.14085333333333333,1.6454828660436138,3.4,50
20261038,0.0,NO_FEEDBACK,-0.024036759881774894,0.04644,0.8845714285714286,1.7333333333333334,50
20261038,40.0,SELF_CONTINGENT,0.10581010264042627,0.17389333333333334,3.2083640836408365,7.6,50
20261038,40.0,CROSS_AGENT_YOKED,0.025722724576598126,0.14266666666666666,1.6342115311187477,3.466666666666667,50
20261038,40.0,NO_FEEDBACK,0.004849947124794436,0.046213333333333335,0.8853128991060025,1.7333333333333334,50
20261038,20.0,SELF_CONTINGENT,0.06525223015868832,0.15761333333333333,2.881413772090189,7.2,50
20261038,20.0,CROSS_AGENT_YOKED,0.04142641499133004,0.13136,1.5221320973348784,3.466666666666667,50
20261038,20.0,NO_FEEDBACK,0.008689836072296071,0.04513333333333333,0.8420398009950248,1.6,50
20261038,10.0,SELF_CONTINGENT,0.04715120157752412,0.14754666666666666,2.616075650118203,6.626666666666665,50
20261038,10.0,CROSS_AGENT_YOKED,0.03246335410177981,0.12304,1.4717703349282296,3.466666666666667,50
20261038,10.0,NO_FEEDBACK,0.013414894642805123,0.04464,0.8551724137931034,1.6,50
20261038,5.0,SELF_CONTINGENT,0.028486052265167296,0.14469333333333334,2.583809523809524,5.880000000000003,50
20261038,5.0,CROSS_AGENT_YOKED,0.019331552097504836,0.12264,1.4617401668653158,3.3333333333333335,50
20261038,5.0,NO_FEEDBACK,0.012207719458829602,0.046733333333333335,0.8952745849297573,1.7333333333333334,50
20261039,0.0,SELF_CONTINGENT,0.1271128627278078,0.17625333333333335,3.313032581453634,8.64000000000001,50
20261039,0.0,CROSS_AGENT_YOKED,0.027679861620890863,0.14192,1.6369088811995387,3.6,50
20261039,0.0,NO_FEEDBACK,0.010943019947295048,0.04290666666666667,0.8446194225721785,1.4666666666666666,50
20261039,40.0,SELF_CONTINGENT,0.13719659306237347,0.16641333333333333,3.1339610797237913,8.133333333333333,50
20261039,40.0,CROSS_AGENT_YOKED,0.09563242213593329,0.13482666666666668,1.610832337714058,3.466666666666667,50
20261039,40.0,NO_FEEDBACK,0.022596819311375596,0.043386666666666664,0.8712182061579652,1.6,50
20261039,20.0,SELF_CONTINGENT,0.10382777856330136,0.15646666666666667,2.9191542288557217,7.533333333333333,50
20261039,20.0,CROSS_AGENT_YOKED,0.0206364535210118,0.12448,1.4748815165876779,3.2,50
20261039,20.0,NO_FEEDBACK,0.026712498459743283,0.043653333333333336,0.8661375661375661,1.6,50
20261039,10.0,SELF_CONTINGENT,0.07583551760292154,0.14749333333333334,2.647995212447636,6.720000000000004,50
20261039,10.0,CROSS_AGENT_YOKED,0.04251863104595439,0.11676,1.4084439083232811,3.0666666666666664,50
20261039,10.0,NO_FEEDBACK,0.019893631586172866,0.04462666666666667,0.8784776902887139,1.6400000000000015,50
20261039,5.0,SELF_CONTINGENT,0.02341012824941479,0.12528,2.2736842105263158,5.466666666666667,50
20261039,5.0,CROSS_AGENT_YOKED,0.01854091114196576,0.10484,1.35627425614489,2.933333333333333,50
20261039,5.0,NO_FEEDBACK,0.002263601507437734,0.04326666666666667,0.8533859303090071,1.6,50
20261040,0.0,SELF_CONTINGENT,0.11631961812222191,0.19193333333333334,3.3264009243212014,8.85333333333333,50
20261040,0.0,CROSS_AGENT_YOKED,0.042776106679070044,0.15701333333333334,1.7141193595342066,3.8,50
20261040,0.0,NO_FEEDBACK,0.03145523314407305,0.0472,0.890566037735849,1.7333333333333334,50
20261040,40.0,SELF_CONTINGENT,0.12361829585373955,0.17828,3.0791018998272883,7.760000000000006,50
20261040,40.0,CROSS_AGENT_YOKED,0.043576077221227465,0.14581333333333332,1.6094186902133922,3.533333333333333,50
20261040,40.0,NO_FEEDBACK,0.009492264934363604,0.0476,0.9066666666666666,1.7333333333333334,50
20261040,20.0,SELF_CONTINGENT,0.07711846726643376,0.17310666666666666,2.9743413516609394,7.6,50
20261040,20.0,CROSS_AGENT_YOKED,0.039809092535274176,0.13225333333333333,1.4994708994708994,3.3199999999999967,50
20261040,20.0,NO_FEEDBACK,0.00135296819714372,0.047053333333333336,0.8877987421383648,1.7466666666666697,50
20261040,10.0,SELF_CONTINGENT,0.060811357667336884,0.15261333333333332,2.6043230944254834,6.8,50
20261040,10.0,CROSS_AGENT_YOKED,0.04189975369678251,0.12545333333333333,1.4811491538764265,3.3333333333333335,50
20261040,10.0,NO_FEEDBACK,0.008750998039669998,0.046746666666666666,0.8786967418546365,1.7333333333333334,50
20261040,5.0,SELF_CONTINGENT,0.0206967084618556,0.13972,2.3681355932203387,6.0,50
20261040,5.0,CROSS_AGENT_YOKED,0.02169616707385569,0.11516,1.4252475247524752,3.0666666666666664,50
20261040,5.0,NO_FEEDBACK,0.007869496844013411,0.04666666666666667,0.888888888888889,1.7333333333333334,50
20261041,0.0,SELF_CONTINGENT,0.10481829692193159,0.17677333333333334,3.3799872530274055,8.373333333333335,50
20261041,0.0,CROSS_AGENT_YOKED,0.0478896060224957,0.1434,1.6463834672789897,3.466666666666667,50
20261041,0.0,NO_FEEDBACK,-0.03302812043297734,0.046746666666666666,0.9024453024453024,1.7333333333333334,50
20261041,40.0,SELF_CONTINGENT,0.12507656730466216,0.16694666666666666,3.198212005108557,7.986666666666671,50
20261041,40.0,CROSS_AGENT_YOKED,0.026505847561130468,0.13188,1.5644128113879003,3.2,50
20261041,40.0,NO_FEEDBACK,0.017009560514953337,0.04556,0.8678095238095238,1.680000000000003,50
20261041,20.0,SELF_CONTINGENT,0.07526881104012881,0.14434666666666668,2.6485626911314983,6.613333333333336,50
20261041,20.0,CROSS_AGENT_YOKED,0.06156297460132703,0.12356,1.4709523809523808,3.2,50
20261041,20.0,NO_FEEDBACK,0.007106970266723712,0.04582666666666667,0.8745547073791349,1.6933333333333318,50
20261041,10.0,SELF_CONTINGENT,0.04944087132039073,0.13569333333333333,2.5128395061728392,6.266666666666667,50
20261041,10.0,CROSS_AGENT_YOKED,0.03492416455834453,0.11396,1.487728459530026,3.0666666666666664,50
20261041,10.0,NO_FEEDBACK,0.006924371557773953,0.04514666666666667,0.8732430689877498,1.7333333333333334,50
20261041,5.0,SELF_CONTINGENT,0.020428816104442072,0.12830666666666668,2.3118318318318316,5.466666666666667,50
20261041,5.0,CROSS_AGENT_YOKED,0.01949077033623147,0.11094666666666667,1.4205719163465642,3.0666666666666664,50
20261041,5.0,NO_FEEDBACK,0.012735982499564926,0.04478666666666667,0.8596289187460012,1.6,50
20261042,0.0,SELF_CONTINGENT,0.08668351259491444,0.17872,3.4106870229007633,8.666666666666666,50
20261042,0.0,CROSS_AGENT_YOKED,0.03839106067472606,0.14045333333333335,1.652392156862745,3.6,50
20261042,0.0,NO_FEEDBACK,0.01341126704160925,0.044706666666666665,0.8941333333333333,1.6,50
20261042,40.0,SELF_CONTINGENT,0.08785825409773675,0.16217333333333334,3.083143219264892,7.933333333333334,50
20261042,40.0,CROSS_AGENT_YOKED,0.042703701295333796,0.13112,1.5931956257594169,3.3333333333333335,50
20261042,40.0,NO_FEEDBACK,0.018728109809947692,0.04432,0.8881763527054108,1.6,50
20261042,20.0,SELF_CONTINGENT,0.0647757070226179,0.15414666666666665,2.8545679012345677,7.333333333333333,50
20261042,20.0,CROSS_AGENT_YOKED,0.02857741803776946,0.12350666666666667,1.4445224171539959,3.3333333333333335,50
20261042,20.0,NO_FEEDBACK,-0.0004386235894939382,0.04482666666666667,0.8806810740013097,1.6,50
20261042,10.0,SELF_CONTINGENT,0.04789212932349378,0.14513333333333334,2.70771144278607,6.933333333333334,50
20261042,10.0,CROSS_AGENT_YOKED,0.030411179272398836,0.11778666666666666,1.4329278183292782,3.0666666666666664,50
20261042,10.0,NO_FEEDBACK,0.0016436782470916234,0.04488,0.8922465208747515,1.6,50
20261042,5.0,SELF_CONTINGENT,0.018642448148694247,0.12882666666666667,2.3768757687576874,5.466666666666667,50
20261042,5.0,CROSS_AGENT_YOKED,0.01604808209789326,0.10588,1.3539641943734015,2.933333333333333,50
20261042,5.0,NO_FEEDBACK,-0.00232173783482408,0.044213333333333334,0.8807436918990704,1.6,50
20261043,0.0,SELF_CONTINGENT,0.10379482040441669,0.14970666666666665,2.935424836601307,7.613333333333336,50
20261043,0.0,CROSS_AGENT_YOKED,0.05158678269667904,0.12192,1.5916449086161881,3.466666666666667,50
20261043,0.0,NO_FEEDBACK,0.0753725454636598,0.04212,0.8793319415448851,1.6,50
20261043,40.0,SELF_CONTINGENT,0.11580290474541573,0.14148,2.7905325443786984,6.933333333333334,50
20261043,40.0,CROSS_AGENT_YOKED,0.09905013161277264,0.11850666666666666,1.5330746011211729,3.2,50
20261043,40.0,NO_FEEDBACK,0.052675400465046825,0.041653333333333334,0.869589422407794,1.4666666666666666,50
20261043,20.0,SELF_CONTINGENT,0.070182003972292,0.13786666666666667,2.7518296739853625,6.666666666666667,50
20261043,20.0,CROSS_AGENT_YOKED,0.031730406327643325,0.11528,1.518840579710145,3.3333333333333335,50
20261043,20.0,NO_FEEDBACK,0.008639800565133245,0.04254666666666667,0.8772508591065291,1.680000000000003,50
20261043,10.0,SELF_CONTINGENT,0.041758400656019656,0.12908,2.482307692307692,6.133333333333333,50
20261043,10.0,CROSS_AGENT_YOKED,0.02140558748374789,0.10802666666666666,1.4289241622574955,3.2,50
20261043,10.0,NO_FEEDBACK,0.010038906806160104,0.04172,0.8673596673596673,1.6,50
20261043,5.0,SELF_CONTINGENT,0.006436693090296701,0.12193333333333334,2.363049095607235,5.933333333333334,50
20261043,5.0,CROSS_AGENT_YOKED,0.011355330022253338,0.09941333333333334,1.3080701754385966,2.933333333333333,50
20261043,5.0,NO_FEEDBACK,0.0013221370841583196,0.041773333333333336,0.8613058419243986,1.6,50
20261044,0.0,SELF_CONTINGENT,0.05731723117622742,0.18008,3.4966990291262134,8.4,50
20261044,0.0,CROSS_AGENT_YOKED,0.027422013714084672,0.13881333333333334,1.629264475743349,3.6,50
20261044,0.0,NO_FEEDBACK,-0.001919023974760162,0.04136,0.8510288065843621,1.6,50
20261044,40.0,SELF_CONTINGENT,0.14061145725298899,0.16604,3.281422924901186,8.6,50
20261044,40.0,CROSS_AGENT_YOKED,0.0340317296945874,0.13110666666666668,1.6126281262812627,3.3333333333333335,50
20261044,40.0,NO_FEEDBACK,0.00027319427699148486,0.04022666666666667,0.8363132363132363,1.4666666666666666,50
20261044,20.0,SELF_CONTINGENT,0.07065223701533001,0.14357333333333333,2.724351676154333,6.586666666666671,50
20261044,20.0,CROSS_AGENT_YOKED,0.033622745543711745,0.11504,1.3760765550239236,2.8,50
20261044,20.0,NO_FEEDBACK,0.012124362553139064,0.040626666666666665,0.8376632302405498,1.4666666666666666,50
20261044,10.0,SELF_CONTINGENT,0.058259912752187996,0.13214666666666666,2.4654228855721394,5.866666666666666,50
20261044,10.0,CROSS_AGENT_YOKED,0.038735968347288686,0.10661333333333334,1.339363484087102,3.0666666666666664,50
20261044,10.0,NO_FEEDBACK,0.0015268495630165173,0.040946666666666666,0.8477570738440304,1.5733333333333348,50
20261044,5.0,SELF_CONTINGENT,0.022740943076761833,0.12330666666666666,2.3353535353535353,5.6,50
20261044,5.0,CROSS_AGENT_YOKED,0.01274474024999121,0.09701333333333333,1.2631944444444445,2.5733333333333426,50
20261044,5.0,NO_FEEDBACK,0.007837625462450674,0.040773333333333335,0.8406872852233677,1.6,50
20261045,0.0,SELF_CONTINGENT,0.0895432840657233,0.16084,3.242741935483871,7.733333333333333,50
20261045,0.0,CROSS_AGENT_YOKED,0.04011011271934438,0.13446666666666668,1.6892797319932997,3.7333333333333334,50
20261045,0.0,NO_FEEDBACK,0.06191284279492048,0.040613333333333335,0.8391184573002755,1.6,50
20261045,40.0,SELF_CONTINGENT,0.10921228544406889,0.15069333333333335,2.9899470899470897,7.25333333333333,50
20261045,40.0,CROSS_AGENT_YOKED,0.054304456016912535,0.12089333333333334,1.5927975406236277,3.226666666666673,50
20261045,40.0,NO_FEEDBACK,0.05867083810685349,0.04037333333333333,0.8428670842032011,1.6,50
20261045,20.0,SELF_CONTINGENT,0.08518841502143443,0.1408,2.777120315581854,6.586666666666671,50
20261045,20.0,CROSS_AGENT_YOKED,0.04700262272938211,0.11506666666666666,1.4943722943722944,3.3333333333333335,50
20261045,20.0,NO_FEEDBACK,0.02325520855579313,0.040573333333333336,0.8470424495476687,1.6,50
20261045,10.0,SELF_CONTINGENT,0.04000943282046355,0.12936,2.5069767441860464,6.0,50
20261045,10.0,CROSS_AGENT_YOKED,0.03719966284655823,0.10792,1.3961190168175936,3.2,50
20261045,10.0,NO_FEEDBACK,0.01462171752969398,0.040986666666666664,0.8521136521136521,1.6,50
20261045,5.0,SELF_CONTINGENT,0.024774160746890796,0.11890666666666666,2.340682414698163,5.373333333333335,50
20261045,5.0,CROSS_AGENT_YOKED,0.01995154265694611,0.09644,1.2722955145118735,2.8,50
20261045,5.0,NO_FEEDBACK,0.00904671226810581,0.04006666666666667,0.8347222222222223,1.6,50
20261046,0.0,SELF_CONTINGENT,0.14686961513825367,0.16233333333333333,3.0286069651741294,7.733333333333333,50
20261046,0.0,CROSS_AGENT_YOKED,0.05198207260138372,0.13488,1.6713754646840149,3.3333333333333335,50
20261046,0.0,NO_FEEDBACK,0.08625055515118953,0.043973333333333336,0.8588541666666667,1.6,50
20261046,40.0,SELF_CONTINGENT,0.12283956163331856,0.16489333333333334,3.0535802469135804,7.893333333333339,50
20261046,40.0,CROSS_AGENT_YOKED,0.08085855872595464,0.13601333333333335,1.6771064529387587,3.6,50
20261046,40.0,NO_FEEDBACK,0.027462397717859823,0.04368,0.8432432432432433,1.6,50
20261046,20.0,SELF_CONTINGENT,0.07192579948934495,0.14448,2.646153846153846,6.333333333333333,50
20261046,20.0,CROSS_AGENT_YOKED,0.05883938239246407,0.12233333333333334,1.4615690959776981,3.0666666666666664,50
20261046,20.0,NO_FEEDBACK,0.0299731415771576,0.04496,0.8646153846153846,1.6,50
20261046,10.0,SELF_CONTINGENT,0.04662950255895235,0.12926666666666667,2.3894023413431915,5.866666666666666,50
20261046,10.0,CROSS_AGENT_YOKED,0.03343234228365693,0.10752,1.3696815286624202,2.933333333333333,50
20261046,10.0,NO_FEEDBACK,0.015310571681556825,0.043866666666666665,0.8567708333333334,1.6,50
20261046,5.0,SELF_CONTINGENT,0.012642023046971393,0.12161333333333334,2.126107226107226,5.066666666666666,50
20261046,5.0,CROSS_AGENT_YOKED,0.007965811818766095,0.10088,1.286734693877551,2.8933333333333393,50
20261046,5.0,NO_FEEDBACK,0.00040587840149184837,0.0446,0.861003861003861,1.6,50
20261047,0.0,SELF_CONTINGENT,0.13751575417252165,0.1554,2.982725527831094,8.133333333333333,50
20261047,0.0,CROSS_AGENT_YOKED,0.05208303284808365,0.12272,1.503921568627451,3.3333333333333335,50
20261047,0.0,NO_FEEDBACK,0.09132776903645791,0.038746666666666665,0.8140056022408962,1.6,50
20261047,40.0,SELF_CONTINGENT,0.12290553522546442,0.14674666666666666,2.8661458333333334,6.506666666666676,50
20261047,40.0,CROSS_AGENT_YOKED,0.06562408000443863,0.11584,1.485128205128205,2.94666666666667,50
20261047,40.0,NO_FEEDBACK,0.021204806420435266,0.038586666666666665,0.8106442577030811,1.6,50
20261047,20.0,SELF_CONTINGENT,0.09339113303916918,0.132,2.563106796116505,5.94666666666667,50
20261047,20.0,CROSS_AGENT_YOKED,0.07079725690212099,0.10814666666666667,1.4155322862129145,2.933333333333333,50
20261047,20.0,NO_FEEDBACK,0.030584285526569225,0.03904,0.8133333333333332,1.480000000000003,50
20261047,10.0,SELF_CONTINGENT,0.05384169184368342,0.12652,2.4191204588910136,6.240000000000001,50
20261047,10.0,CROSS_AGENT_YOKED,0.022255475265921875,0.10634666666666667,1.412306330234617,3.0666666666666664,50
20261047,10.0,NO_FEEDBACK,0.006349262832118632,0.039,0.8210526315789474,1.6,50
20261047,5.0,SELF_CONTINGENT,0.011850877805074142,0.11110666666666667,2.11631746031746,5.466666666666667,50
20261047,5.0,CROSS_AGENT_YOKED,0.006999572485767869,0.08869333333333333,1.2370060437006043,2.533333333333333,50
20261047,5.0,NO_FEEDBACK,0.004934865145094858,0.03862666666666666,0.8080892608089261,1.6,50
20261048,0.0,SELF_CONTINGENT,0.10646007031724217,0.17904,3.1857651245551604,8.4,50
20261048,0.0,CROSS_AGENT_YOKED,0.06025337839216945,0.14157333333333333,1.6142911440516914,3.466666666666667,50
20261048,0.0,NO_FEEDBACK,0.06283816226128261,0.046906666666666666,0.902051282051282,1.7333333333333334,50
20261048,40.0,SELF_CONTINGENT,0.16023981576322766,0.16602666666666666,3.002290536467752,7.733333333333333,50
20261048,40.0,CROSS_AGENT_YOKED,0.07479212477316495,0.13394666666666666,1.564797507788162,3.466666666666667,50
20261048,40.0,NO_FEEDBACK,0.017153691165798752,0.04565333333333333,0.879640333975594,1.6,50
20261048,20.0,SELF_CONTINGENT,0.09119428621197082,0.15253333333333333,2.6854460093896715,7.466666666666667,50
20261048,20.0,CROSS_AGENT_YOKED,0.042880633967150306,0.12648,1.491509433962264,3.3333333333333335,50
20261048,20.0,NO_FEEDBACK,0.01855157145534133,0.046,0.8846153846153847,1.6133333333333364,50
20261048,10.0,SELF_CONTINGENT,0.049246222951626485,0.14222666666666667,2.5039906103286382,6.666666666666667,50
20261048,10.0,CROSS_AGENT_YOKED,0.022599301954297452,0.11786666666666666,1.482599580712788,3.3333333333333335,50
20261048,10.0,NO_FEEDBACK,0.006848875435194736,0.045706666666666666,0.8962091503267974,1.6,50
20261048,5.0,SELF_CONTINGENT,0.015472013032370068,0.13008,2.2821052631578946,5.866666666666666,50
20261048,5.0,CROSS_AGENT_YOKED,0.02269677570282791,0.10916,1.344334975369458,2.8,50
20261048,5.0,NO_FEEDBACK,0.0046481649787160515,0.045386666666666665,0.8612270714737508,1.6,50
20261049,0.0,SELF_CONTINGENT,0.10560529627596224,0.16113333333333332,3.034526051475204,8.266666666666666,50
20261049,0.0,CROSS_AGENT_YOKED,0.04597102956105607,0.13012,1.5112659698025552,3.3333333333333335,50
20261049,0.0,NO_FEEDBACK,0.05483542748855375,0.04294666666666667,0.8555112881806108,1.7333333333333334,50
20261049,40.0,SELF_CONTINGENT,0.10950630070476568,0.14557333333333333,2.671070336391437,6.880000000000003,50
20261049,40.0,CROSS_AGENT_YOKED,0.09702242806978302,0.12517333333333333,1.5209396516808424,3.3066666666666755,50
20261049,40.0,NO_FEEDBACK,0.021224505940698805,0.04194666666666667,0.8306270627062706,1.6,50
20261049,20.0,SELF_CONTINGENT,0.057754905182210756,0.14501333333333333,2.6510664229128578,6.8,50
20261049,20.0,CROSS_AGENT_YOKED,0.008537088032766451,0.12024,1.5220253164556963,3.466666666666667,50
20261049,20.0,NO_FEEDBACK,0.001697287190557355,0.042493333333333334,0.8532797858099063,1.6,50
20261049,10.0,SELF_CONTINGENT,0.042250778107328156,0.13228,2.3748653500897663,6.133333333333333,50
20261049,10.0,CROSS_AGENT_YOKED,0.03430703469459563,0.10872,1.3422222222222222,2.8,50
20261049,10.0,NO_FEEDBACK,0.004973402417217794,0.0418,0.8343313373253493,1.6,50
20261049,5.0,SELF_CONTINGENT,0.02574322735740788,0.11796,2.148633879781421,5.333333333333333,50
20261049,5.0,CROSS_AGENT_YOKED,0.022716586299186294,0.10142666666666666,1.3398502862175254,3.0666666666666664,50
20261049,5.0,NO_FEEDBACK,0.011202737698023674,0.04204,0.839121756487026,1.7333333333333334,50
20261050,0.0,SELF_CONTINGENT,0.12768912107663008,0.18197333333333332,3.338960244648318,8.29333333333334,50
20261050,0.0,CROSS_AGENT_YOKED,0.02308794487654362,0.14250666666666667,1.6493827160493826,3.7333333333333334,50
20261050,0.0,NO_FEEDBACK,0.020864569694019845,0.04382666666666667,0.8379859783301465,1.5733333333333348,50
20261050,40.0,SELF_CONTINGENT,0.15276783467482802,0.16537333333333334,2.9796996996996996,6.8,50
20261050,40.0,CROSS_AGENT_YOKED,0.07921684597482119,0.13132,1.5163972286374134,3.2,50
20261050,40.0,NO_FEEDBACK,0.05768758903333577,0.043186666666666665,0.824173027989822,1.6,50
20261050,20.0,SELF_CONTINGENT,0.10045431466280819,0.15585333333333334,2.8492382693479583,6.933333333333334,50
20261050,20.0,CROSS_AGENT_YOKED,0.05515548819418339,0.1228,1.4584323040380047,3.2,50
20261050,20.0,NO_FEEDBACK,0.016821230765752235,0.043533333333333334,0.8307888040712468,1.6,50
20261050,10.0,SELF_CONTINGENT,0.05002033013415626,0.14277333333333334,2.5586618876941456,6.266666666666667,50
20261050,10.0,CROSS_AGENT_YOKED,0.03442329393386347,0.11812,1.4011862396204033,3.0666666666666664,50
20261050,10.0,NO_FEEDBACK,0.002381858787533353,0.04409333333333333,0.8335223692501575,1.4933333333333318,50
20261050,5.0,SELF_CONTINGENT,0.019511605953822113,0.12718666666666667,2.259088217880403,5.333333333333333,50
20261050,5.0,CROSS_AGENT_YOKED,0.012937811428217082,0.104,1.2729498164014688,2.6666666666666665,50
20261050,5.0,NO_FEEDBACK,0.01086455477679178,0.043693333333333334,0.8322539682539682,1.6,50
20261051,0.0,SELF_CONTINGENT,0.039454752075320294,0.18689333333333333,3.650260416666667,9.186666666666671,50
20261051,0.0,CROSS_AGENT_YOKED,0.09067056927804827,0.15305333333333335,1.8848932676518881,4.533333333333333,50
20261051,0.0,NO_FEEDBACK,0.041865130821287615,0.042706666666666664,0.8610215053763441,1.6,50
20261051,40.0,SELF_CONTINGENT,0.11504156171159056,0.16689333333333334,3.178920634920635,8.080000000000004,50
20261051,40.0,CROSS_AGENT_YOKED,-0.0022320510549272876,0.1318,1.5975757575757576,3.7333333333333334,50
20261051,40.0,NO_FEEDBACK,0.010406811720481421,0.041933333333333336,0.8386666666666667,1.6,50
20261051,20.0,SELF_CONTINGENT,0.1127088746641474,0.16628,3.18544061302682,8.266666666666666,50
20261051,20.0,CROSS_AGENT_YOKED,0.02416845430738095,0.13546666666666668,1.6400322841000807,3.466666666666667,50
20261051,20.0,NO_FEEDBACK,0.0021310004077446454,0.04268,0.8674796747967479,1.6,50
20261051,10.0,SELF_CONTINGENT,0.06568863617638852,0.14514666666666667,2.738616352201258,7.2133333333333365,50
20261051,10.0,CROSS_AGENT_YOKED,0.02653014509778684,0.11764,1.455940594059406,3.466666666666667,50
20261051,10.0,NO_FEEDBACK,-0.0014540801231701038,0.042866666666666664,0.8748299319727891,1.6,50
20261051,5.0,SELF_CONTINGENT,0.024312665294257303,0.12785333333333335,2.376456009913259,5.733333333333333,50
20261051,5.0,CROSS_AGENT_YOKED,0.023601396361697558,0.10849333333333333,1.3750739332488382,3.2,50
20261051,5.0,NO_FEEDBACK,0.00989944586155787,0.042653333333333335,0.8651791751183232,1.6,50
20261052,0.0,SELF_CONTINGENT,0.08658661298042618,0.19432,3.558974358974359,8.866666666666667,50
20261052,0.0,CROSS_AGENT_YOKED,0.018066719232186553,0.15777333333333332,1.796962794229309,3.8666666666666667,50
20261052,0.0,NO_FEEDBACK,0.055185371579353264,0.047986666666666664,0.9054088050314465,1.7333333333333334,50
20261052,40.0,SELF_CONTINGENT,0.12068647428374697,0.17741333333333334,3.237469586374696,7.373333333333335,50
20261052,40.0,CROSS_AGENT_YOKED,0.03859957749027739,0.1426,1.654292343387471,3.7333333333333334,50
20261052,40.0,NO_FEEDBACK,0.05050750200641042,0.047093333333333334,0.8936116382036685,1.7333333333333334,50
20261052,20.0,SELF_CONTINGENT,0.11830944189299464,0.17632,3.0933333333333333,8.013333333333335,50
20261052,20.0,CROSS_AGENT_YOKED,0.03222465080159836,0.14521333333333333,1.6152762328513162,3.6266666666666727,50
20261052,20.0,NO_FEEDBACK,-0.0030057286931933023,0.04630666666666667,0.8753623188405797,1.7333333333333334,50
20261052,10.0,SELF_CONTINGENT,0.06985549697968284,0.15944,2.8727927927927928,7.146666666666669,50
20261052,10.0,CROSS_AGENT_YOKED,0.05411566731836128,0.13081333333333334,1.5353677621283255,3.466666666666667,50
20261052,10.0,NO_FEEDBACK,0.017176634435156112,0.04681333333333333,0.8882985452245414,1.6533333333333378,50
20261052,5.0,SELF_CONTINGENT,0.01988755407013707,0.13830666666666666,2.439271017048795,5.7866666666666715,50
20261052,5.0,CROSS_AGENT_YOKED,0.01992058766869718,0.11632,1.368470588235294,2.933333333333333,50
20261052,5.0,NO_FEEDBACK,0.006075514969665272,0.04661333333333333,0.8778405524168237,1.7333333333333334,50
20261053,0.0,SELF_CONTINGENT,0.058680370199227797,0.16684,3.177904761904762,8.080000000000004,50
20261053,0.0,CROSS_AGENT_YOKED,0.006013519936102657,0.13264,1.6456575682382135,3.6,50
20261053,0.0,NO_FEEDBACK,-0.004659238980756339,0.04252,0.876701030927835,1.6,50
20261053,40.0,SELF_CONTINGENT,0.11867699569432243,0.16018666666666667,3.104392764857881,8.066666666666666,50
20261053,40.0,CROSS_AGENT_YOKED,0.019190518079597377,0.12466666666666666,1.5505804311774463,3.3333333333333335,50
20261053,40.0,NO_FEEDBACK,0.019062567981413057,0.041653333333333334,0.848336727766463,1.6,50
20261053,20.0,SELF_CONTINGENT,0.0988896455171188,0.1398,2.5841035120147873,6.4,50
20261053,20.0,CROSS_AGENT_YOKED,0.059769852388864675,0.1126,1.4235145385587864,3.0666666666666664,50
20261053,20.0,NO_FEEDBACK,0.026814946775021473,0.04088,0.8225352112676055,1.4666666666666666,50
20261053,10.0,SELF_CONTINGENT,0.04330161717373968,0.13288,2.4607407407407407,6.133333333333333,50
20261053,10.0,CROSS_AGENT_YOKED,0.026802043412004366,0.10682666666666667,1.3353333333333335,3.0666666666666664,50
20261053,10.0,NO_FEEDBACK,0.010713921803407356,0.04138666666666667,0.8344086021505376,1.6,50
20261053,5.0,SELF_CONTINGENT,0.018246603294534043,0.11988,2.183606557377049,4.933333333333334,50
20261053,5.0,CROSS_AGENT_YOKED,0.02134199450193937,0.09765333333333333,1.2633031479085812,2.8,50
20261053,5.0,NO_FEEDBACK,0.008258347923506252,0.04128,0.8356275303643724,1.4666666666666666,50
20261054,0.0,SELF_CONTINGENT,0.09352480765791996,0.15650666666666666,3.056770833333333,6.386666666666671,50
20261054,0.0,CROSS_AGENT_YOKED,0.0822075846804114,0.12806666666666666,1.584983498349835,3.3333333333333335,50
20261054,0.0,NO_FEEDBACK,0.044634572319068554,0.042,0.8641975308641976,1.6,50
20261054,40.0,SELF_CONTINGENT,0.10155500029877816,0.15416,2.9760617760617762,7.466666666666667,50
20261054,40.0,CROSS_AGENT_YOKED,0.0575513261467437,0.12232,1.515737298636927,3.3333333333333335,50
20261054,40.0,NO_FEEDBACK,0.033082797426366786,0.04208,0.8605316973415132,1.6,50
20261054,20.0,SELF_CONTINGENT,0.09584294663319785,0.14184,2.7068702290076336,6.533333333333333,50
20261054,20.0,CROSS_AGENT_YOKED,0.036719051488249096,0.1158,1.4808184143222507,3.2,50
20261054,20.0,NO_FEEDBACK,0.015020916026216679,0.04121333333333333,0.8428084526244035,1.6,50
20261054,10.0,SELF_CONTINGENT,0.07351254041701684,0.13622666666666666,2.6451779935275077,6.4,50
20261054,10.0,CROSS_AGENT_YOKED,0.03365310027646843,0.10954666666666667,1.365918536990856,2.933333333333333,50
20261054,10.0,NO_FEEDBACK,0.00889558424275172,0.0416,0.8455284552845529,1.6,50
20261054,5.0,SELF_CONTINGENT,0.01739239311148847,0.11930666666666667,2.225870646766169,5.466666666666667,50
20261054,5.0,CROSS_AGENT_YOKED,0.020440655069480698,0.10118666666666666,1.341998231653404,2.8933333333333393,50
20261054,5.0,NO_FEEDBACK,0.007679030431569842,0.04206666666666667,0.8550135501355014,1.6,50
20261055,0.0,SELF_CONTINGENT,0.14837303256475942,0.17529333333333333,3.351688973868706,7.6,50
20261055,0.0,CROSS_AGENT_YOKED,0.12019877700605318,0.14261333333333334,1.6778039215686276,3.466666666666667,50
20261055,0.0,NO_FEEDBACK,0.02794588501010893,0.04264,0.8649087221095334,1.4666666666666666,50
20261055,40.0,SELF_CONTINGENT,0.11087532483742453,0.17330666666666666,3.1339361060880044,7.333333333333333,50
20261055,40.0,CROSS_AGENT_YOKED,0.03575335333481799,0.13877333333333333,1.6882400648824005,3.9866666666666637,50
20261055,40.0,NO_FEEDBACK,0.018781745413573903,0.04289333333333333,0.8595858383433533,1.6,50
20261055,20.0,SELF_CONTINGENT,0.07832802120319539,0.16334666666666667,3.041837368094351,7.6,50
20261055,20.0,CROSS_AGENT_YOKED,0.03761304170662848,0.13278666666666666,1.6433993399339935,3.466666666666667,50
20261055,20.0,NO_FEEDBACK,0.004142720864815054,0.044226666666666664,0.8863059452237808,1.7333333333333334,50
20261055,10.0,SELF_CONTINGENT,0.05637164061033309,0.14668,2.7162962962962967,7.066666666666666,50
20261055,10.0,CROSS_AGENT_YOKED,0.010087231045565788,0.11657333333333333,1.437402383888204,3.0666666666666664,50
20261055,10.0,NO_FEEDBACK,0.006081750481044386,0.04288,0.8576,1.6,50
20261055,5.0,SELF_CONTINGENT,0.018218970312240058,0.12962666666666667,2.3525710828796127,6.0,50
20261055,5.0,CROSS_AGENT_YOKED,0.02098646065805838,0.10574666666666667,1.3234876929495203,2.826666666666673,50
20261055,5.0,NO_FEEDBACK,0.004444907890152757,0.04325333333333333,0.8702883970489603,1.6533333333333378,50
20261056,0.0,SELF_CONTINGENT,0.10945081119044826,0.18728,3.723260437375745,9.706666666666669,50
20261056,0.0,CROSS_AGENT_YOKED,0.04784541862732295,0.1552,1.7737142857142856,3.7333333333333334,50
20261056,0.0,NO_FEEDBACK,0.023012261782978792,0.04593333333333333,0.9223560910307897,1.7333333333333334,50
20261056,40.0,SELF_CONTINGENT,0.12083973675725686,0.17412,3.4074363992172207,9.333333333333334,50
20261056,40.0,CROSS_AGENT_YOKED,0.0307722098760008,0.14104,1.6972322503008423,3.8666666666666667,50
20261056,40.0,NO_FEEDBACK,0.004495020304067572,0.04488,0.8887128712871286,1.680000000000003,50
20261056,20.0,SELF_CONTINGENT,0.10414153241888985,0.15929333333333334,3.1731739707835325,8.38666666666667,50
20261056,20.0,CROSS_AGENT_YOKED,0.02007876208156868,0.13097333333333333,1.4951293759512938,3.2666666666666666,50
20261056,20.0,NO_FEEDBACK,0.010086506840822398,0.045533333333333335,0.8893229166666666,1.6,50
20261056,10.0,SELF_CONTINGENT,0.0453069529541592,0.13688,2.568105065666041,7.2,50
20261056,10.0,CROSS_AGENT_YOKED,0.02406526976582762,0.11518666666666667,1.3945117029862792,2.933333333333333,50
20261056,10.0,NO_FEEDBACK,-0.000974129426206877,0.04548,0.9005940594059405,1.680000000000003,50
20261056,5.0,SELF_CONTINGENT,0.013578491199454413,0.12941333333333332,2.378921568627451,6.0,50
20261056,5.0,CROSS_AGENT_YOKED,0.01823820277472108,0.10621333333333334,1.3000407996736025,2.8,50
20261056,5.0,NO_FEEDBACK,0.0004269343716184654,0.04394666666666667,0.8600130463144161,1.6,50
20261057,0.0,SELF_CONTINGENT,0.07632620773399432,0.1662,3.190019193857965,7.6,50
20261057,0.0,CROSS_AGENT_YOKED,0.00566349073842585,0.13724,1.706965174129353,3.8666666666666667,50
20261057,0.0,NO_FEEDBACK,-0.016438669950614923,0.041093333333333336,0.8543312543312543,1.7333333333333334,50
20261057,40.0,SELF_CONTINGENT,0.13595176623286617,0.17341333333333334,3.4203813280736353,8.666666666666666,50
20261057,40.0,CROSS_AGENT_YOKED,0.029945403488012903,0.13533333333333333,1.5902859381120251,3.466666666666667,50
20261057,40.0,NO_FEEDBACK,-0.006850266773921207,0.041,0.8649789029535865,1.7333333333333334,50
20261057,20.0,SELF_CONTINGENT,0.07042036085108187,0.13685333333333333,2.5724310776942354,5.866666666666666,50
20261057,20.0,CROSS_AGENT_YOKED,0.01790074331152079,0.11585333333333334,1.4702199661590525,3.0666666666666664,50
20261057,20.0,NO_FEEDBACK,-0.005593275970221568,0.0406,0.8511530398322851,1.6,50
20261057,10.0,SELF_CONTINGENT,0.0574864180870577,0.13817333333333334,2.5826791277258567,6.533333333333333,50
20261057,10.0,CROSS_AGENT_YOKED,0.018340134768885318,0.11349333333333333,1.4168955472326257,3.0666666666666664,50
20261057,10.0,NO_FEEDBACK,-0.0007858660968300061,0.04209333333333334,0.8751212751212751,1.7333333333333334,50
20261057,5.0,SELF_CONTINGENT,0.01997592746619923,0.11784,2.134782608695652,5.186666666666671,50
20261057,5.0,CROSS_AGENT_YOKED,0.020122134622016296,0.09582666666666667,1.3309259259259258,3.0666666666666664,50
20261057,5.0,NO_FEEDBACK,0.006541363091832824,0.03970666666666667,0.8237897648686031,1.6,50
20261058,0.0,SELF_CONTINGENT,0.13598967281577326,0.16918666666666668,3.3173856209150325,8.4,50
20261058,0.0,CROSS_AGENT_YOKED,0.021235335553927398,0.14138666666666666,1.681173206500198,3.8666666666666667,50
20261058,0.0,NO_FEEDBACK,0.041241590725975684,0.04414666666666667,0.8707429322813938,1.6533333333333378,50
20261058,40.0,SELF_CONTINGENT,0.11723693563117404,0.16574666666666665,3.1813179782469607,8.0,50
20261058,40.0,CROSS_AGENT_YOKED,0.05422420073230734,0.13649333333333333,1.6768222768222767,3.466666666666667,50
20261058,40.0,NO_FEEDBACK,0.009094869656549471,0.04405333333333333,0.8604166666666666,1.7200000000000044,50
20261058,20.0,SELF_CONTINGENT,0.08569556838062582,0.15394666666666668,2.888305190744215,7.333333333333333,50
20261058,20.0,CROSS_AGENT_YOKED,0.03471471498943808,0.12528,1.6,3.6,50
20261058,20.0,NO_FEEDBACK,0.002167330645635879,0.04352,0.8566929133858268,1.6,50
20261058,10.0,SELF_CONTINGENT,0.040183971382681254,0.13986666666666667,2.6340238543628374,6.533333333333333,50
20261058,10.0,CROSS_AGENT_YOKED,0.02855079329637739,0.11556,1.442696629213483,3.2,50
20261058,10.0,NO_FEEDBACK,0.004601216297711726,0.045026666666666666,0.8951623591782637,1.6,50
20261058,5.0,SELF_CONTINGENT,0.02361981879969153,0.13237333333333334,2.389410348977136,5.733333333333333,50
20261058,5.0,CROSS_AGENT_YOKED,0.018793410375998736,0.10696,1.3303482587064677,2.933333333333333,50
20261058,5.0,NO_FEEDBACK,0.00808386551358429,0.043973333333333336,0.8673241288625904,1.7333333333333334,50
20261059,0.0,SELF_CONTINGENT,0.12337546516339698,0.17252,3.1197106690777576,7.466666666666667,50
20261059,0.0,CROSS_AGENT_YOKED,0.04914651652743355,0.14265333333333333,1.6549110595514307,3.7333333333333334,50
20261059,0.0,NO_FEEDBACK,0.02302425301253366,0.04596,0.8590654205607478,1.6,50
20261059,40.0,SELF_CONTINGENT,0.11187483960837426,0.16641333333333333,2.9716666666666667,6.94666666666667,50
20261059,40.0,CROSS_AGENT_YOKED,0.023830736101171618,0.13409333333333334,1.5049756827534606,3.3333333333333335,50
20261059,40.0,NO_FEEDBACK,-0.005672512353557689,0.04624,0.869172932330827,1.6,50
20261059,20.0,SELF_CONTINGENT,0.08577860720654755,0.15288,2.658782608695652,6.133333333333333,50
20261059,20.0,CROSS_AGENT_YOKED,0.03163868523198016,0.12389333333333333,1.398344620015049,2.933333333333333,50
20261059,20.0,NO_FEEDBACK,0.02230077792816803,0.04594666666666666,0.8685570258349086,1.6,50
20261059,10.0,SELF_CONTINGENT,0.040364030946787546,0.13762666666666667,2.393507246376812,5.733333333333333,50
20261059,10.0,CROSS_AGENT_YOKED,0.032409001294950106,0.11632,1.3588785046728973,2.933333333333333,50
20261059,10.0,NO_FEEDBACK,0.01129604279838228,0.045426666666666664,0.8538847117794486,1.6,50
20261059,5.0,SELF_CONTINGENT,0.02179074295860113,0.12365333333333334,2.1430387059503175,4.986666666666664,50
20261059,5.0,CROSS_AGENT_YOKED,0.015877506095506304,0.10537333333333333,1.2788025889967638,2.6666666666666665,50
20261059,5.0,NO_FEEDBACK,0.008274060195699078,0.04533333333333334,0.8505315822388992,1.6,50
20261060,0.0,SELF_CONTINGENT,0.1461214555174499,0.16938666666666666,3.3343832020997377,8.266666666666666,50
20261060,0.0,CROSS_AGENT_YOKED,0.060948115525831716,0.13801333333333332,1.6568227290916366,3.466666666666667,50
20261060,0.0,NO_FEEDBACK,0.11018563831858014,0.04481333333333333,0.898062792251169,1.7599999999999985,50
20261060,40.0,SELF_CONTINGENT,0.11283314520970851,0.15425333333333333,2.9493945188017845,7.7866666666666715,50
20261060,40.0,CROSS_AGENT_YOKED,0.07100601800908087,0.12996,1.6084158415841583,3.6,50
20261060,40.0,NO_FEEDBACK,0.051707340908454295,0.04518666666666667,0.9128619528619528,1.8133333333333364,50
20261060,20.0,SELF_CONTINGENT,0.07188230816712496,0.14592,2.702222222222222,6.413333333333337,50
20261060,20.0,CROSS_AGENT_YOKED,-0.001233177317568646,0.11412,1.4088888888888889,3.0666666666666664,50
20261060,20.0,NO_FEEDBACK,0.009580653742620366,0.043186666666666665,0.8534914361001318,1.6,50
20261060,10.0,SELF_CONTINGENT,0.059673530190565205,0.13777333333333333,2.594601381042059,6.266666666666667,50
20261060,10.0,CROSS_AGENT_YOKED,0.03362185535954287,0.11541333333333334,1.462779890156316,3.2,50
20261060,10.0,NO_FEEDBACK,0.008305224464713191,0.04482666666666667,0.9019450033534541,1.7333333333333334,50
20261060,5.0,SELF_CONTINGENT,0.022810792104104034,0.12841333333333332,2.409255784865541,5.866666666666666,50
20261060,5.0,CROSS_AGENT_YOKED,0.025827108460920272,0.10612,1.3518471337579616,3.0666666666666664,50
20261060,5.0,NO_FEEDBACK,0.006957975249705316,0.043146666666666667,0.8805442176870748,1.7466666666666697,50
20261061,0.0,SELF_CONTINGENT,0.15255464058293738,0.20092,3.7207407407407405,9.066666666666666,50
20261061,0.0,CROSS_AGENT_YOKED,0.0456019421371418,0.16121333333333332,1.7580516175936023,3.8666666666666667,50
20261061,0.0,NO_FEEDBACK,0.05645641775977109,0.04817333333333333,0.931785944551902,1.7333333333333334,50
20261061,40.0,SELF_CONTINGENT,0.15510273295635482,0.19186666666666666,3.606516290726817,9.6,50
20261061,40.0,CROSS_AGENT_YOKED,0.09379563597194095,0.15581333333333333,1.7746393318147304,4.0,50
20261061,40.0,NO_FEEDBACK,0.0827178652130697,0.04836,0.9317919075144508,1.7333333333333334,50
20261061,20.0,SELF_CONTINGENT,0.07544330472505334,0.16290666666666667,3.005658056580566,7.986666666666671,50
20261061,20.0,CROSS_AGENT_YOKED,0.05095916177920341,0.13986666666666667,1.643556600078339,3.7333333333333334,50
20261061,20.0,NO_FEEDBACK,-0.004306923730591034,0.04728,0.9040152963671129,1.7333333333333334,50
20261061,10.0,SELF_CONTINGENT,0.050746760609996736,0.15108,2.6834813499111903,6.773333333333334,50
20261061,10.0,CROSS_AGENT_YOKED,0.04305956813073162,0.12688,1.5625615763546796,3.466666666666667,50
20261061,10.0,NO_FEEDBACK,0.009076437415252755,0.047426666666666666,0.905089058524173,1.6,50
20261061,5.0,SELF_CONTINGENT,0.021916299567773332,0.13704,2.375043327556326,5.733333333333333,50
20261061,5.0,CROSS_AGENT_YOKED,0.020486831193356217,0.11744,1.4200725513905683,3.0666666666666664,50
20261061,5.0,NO_FEEDBACK,0.006459323383472695,0.047773333333333334,0.9117048346055979,1.7333333333333334,50
20261062,0.0,SELF_CONTINGENT,0.045247695048652066,0.1752,3.408560311284047,8.45333333333333,50
20261062,0.0,CROSS_AGENT_YOKED,0.05353046838843206,0.13752,1.6915129151291513,3.466666666666667,50
20261062,0.0,NO_FEEDBACK,0.04828347755297461,0.04088,0.8394250513347022,1.7333333333333334,50
20261062,40.0,SELF_CONTINGENT,0.1423800796135389,0.17677333333333334,3.3799872530274055,8.266666666666666,50
20261062,40.0,CROSS_AGENT_YOKED,0.03698664614102357,0.14217333333333335,1.6687010954616588,3.466666666666667,50
20261062,40.0,NO_FEEDBACK,0.028741190303556,0.04090666666666667,0.8451790633608816,1.7333333333333334,50
20261062,20.0,SELF_CONTINGENT,0.07993938537343366,0.15873333333333334,3.0762273901808785,8.466666666666667,50
20261062,20.0,CROSS_AGENT_YOKED,0.029572458630076386,0.12321333333333333,1.515539155391554,3.3333333333333335,50
20261062,20.0,NO_FEEDBACK,0.00013487141129595325,0.041973333333333335,0.8601092896174863,1.7333333333333334,50
20261062,10.0,SELF_CONTINGENT,0.07163109732638162,0.13876,2.5601476014760145,6.7866666666666715,50
20261062,10.0,CROSS_AGENT_YOKED,0.05094243598619617,0.1152,1.4275092936802976,3.2,50
20261062,10.0,NO_FEEDBACK,0.007437580154883085,0.041,0.8418891170431211,1.6,50
20261062,5.0,SELF_CONTINGENT,0.02394777043710586,0.12516,2.3482176360225138,5.333333333333333,50
20261062,5.0,CROSS_AGENT_YOKED,0.015728739990083958,0.10268,1.3013941698352345,2.8,50
20261062,5.0,NO_FEEDBACK,0.005049832315947235,0.040973333333333334,0.8361904761904762,1.6,50
20261063,0.0,SELF_CONTINGENT,0.12600792129145105,0.17897333333333335,3.1676696165191744,6.74666666666667,50
20261063,0.0,CROSS_AGENT_YOKED,0.03635106431212288,0.14644,1.7391923990498812,3.7333333333333334,50
20261063,0.0,NO_FEEDBACK,0.07234031987671931,0.046573333333333335,0.9025839793281654,1.7333333333333334,50
20261063,40.0,SELF_CONTINGENT,0.08434214132165177,0.16570666666666667,2.9857057057057057,6.480000000000003,50
20261063,40.0,CROSS_AGENT_YOKED,0.03371358921592681,0.13565333333333332,1.5773643410852713,3.3333333333333335,50
20261063,40.0,NO_FEEDBACK,0.02897678460256876,0.04556,0.87447216890595,1.6,50
20261063,20.0,SELF_CONTINGENT,0.08526071943651964,0.16609333333333334,3.030900243309002,7.240000000000001,50
20261063,20.0,CROSS_AGENT_YOKED,0.0636842190902629,0.1344,1.5238095238095237,3.466666666666667,50
20261063,20.0,NO_FEEDBACK,0.014916737198386409,0.04661333333333333,0.908641975308642,1.7333333333333334,50
20261063,10.0,SELF_CONTINGENT,0.061546968002107905,0.14132,2.479298245614035,5.74666666666667,50
20261063,10.0,CROSS_AGENT_YOKED,0.03964156922603698,0.11441333333333334,1.419520264681555,2.933333333333333,50
20261063,10.0,NO_FEEDBACK,0.010063087640068361,0.04532,0.8715384615384616,1.6,50
20261063,5.0,SELF_CONTINGENT,0.018881123775440028,0.13162666666666667,2.2812247255921436,5.466666666666667,50
20261063,5.0,CROSS_AGENT_YOKED,0.01985959755927735,0.108,1.3267813267813267,2.8,50
20261063,5.0,NO_FEEDBACK,0.006835001206303422,0.04545333333333333,0.8674300254452926,1.6,50
20261064,0.0,SELF_CONTINGENT,0.08521345568104016,0.15694666666666668,3.1017127799736492,8.466666666666667,50
20261064,0.0,CROSS_AGENT_YOKED,0.07514783292078261,0.13213333333333332,1.666246321984027,3.6,50
20261064,0.0,NO_FEEDBACK,-0.002708480528968854,0.0424,0.8706365503080082,1.6,50
20261064,40.0,SELF_CONTINGENT,0.08201474154811762,0.14758666666666667,2.882552083333333,7.586666666666671,50
20261064,40.0,CROSS_AGENT_YOKED,0.045504375715857456,0.1224,1.559235668789809,3.2,50
20261064,40.0,NO_FEEDBACK,0.03263397262975484,0.042466666666666666,0.8666666666666667,1.6,50
20261064,20.0,SELF_CONTINGENT,0.10829325734478523,0.14364,2.844356435643564,7.333333333333333,50
20261064,20.0,CROSS_AGENT_YOKED,0.046424007639843806,0.12332,1.4929782082324454,3.2,50
20261064,20.0,NO_FEEDBACK,0.023410387833028484,0.04278666666666667,0.8608987256874581,1.7333333333333334,50
20261064,10.0,SELF_CONTINGENT,0.029936233646093154,0.13048,2.475901328273245,6.853333333333338,50
20261064,10.0,CROSS_AGENT_YOKED,0.029812064829287176,0.10818666666666667,1.3870085470085471,3.0666666666666664,50
20261064,10.0,NO_FEEDBACK,0.0017308991056498911,0.04258666666666667,0.8853776853776854,1.7333333333333334,50
20261064,5.0,SELF_CONTINGENT,0.0101524621509725,0.11849333333333334,2.18219766728054,5.440000000000001,50
20261064,5.0,CROSS_AGENT_YOKED,0.021561405453554415,0.10376,1.4078697421981006,3.0666666666666664,50
20261064,5.0,NO_FEEDBACK,0.0041993881677769304,0.042346666666666664,0.8695414099931554,1.6,50
20261065,0.0,SELF_CONTINGENT,0.12534455687066312,0.16990666666666668,3.3446194225721784,8.173333333333336,50
20261065,0.0,CROSS_AGENT_YOKED,0.033930814056363265,0.13382666666666668,1.5744313725490195,3.466666666666667,50
20261065,0.0,NO_FEEDBACK,0.06406253979620481,0.04034666666666667,0.8183908045977012,1.6,50
20261065,40.0,SELF_CONTINGENT,0.14753968081399188,0.15332,2.942802303262956,7.066666666666666,50
20261065,40.0,CROSS_AGENT_YOKED,0.04421965028094786,0.12138666666666667,1.5326599326599326,3.2,50
20261065,40.0,NO_FEEDBACK,0.06490402798950545,0.04104,0.8375510204081633,1.6,50
20261065,20.0,SELF_CONTINGENT,0.07980241309384845,0.14473333333333332,2.695220360024829,6.933333333333334,50
20261065,20.0,CROSS_AGENT_YOKED,0.026715725177305843,0.11581333333333334,1.3987117552334944,3.0666666666666664,50
20261065,20.0,NO_FEEDBACK,0.010698360901764715,0.03902666666666667,0.8030178326474623,1.4666666666666666,50
20261065,10.0,SELF_CONTINGENT,0.05683909363294085,0.12976,2.4483018867924526,6.14666666666667,50
20261065,10.0,CROSS_AGENT_YOKED,0.043078304741748806,0.10858666666666666,1.3539484621778888,2.933333333333333,50
20261065,10.0,NO_FEEDBACK,0.020792041453824225,0.038893333333333335,0.7889114266396214,1.4666666666666666,50
20261065,5.0,SELF_CONTINGENT,0.015213101467169225,0.11501333333333333,2.1064713064713065,5.466666666666667,50
20261065,5.0,CROSS_AGENT_YOKED,0.013014606264683561,0.09348,1.206193548387097,2.533333333333333,50
20261065,5.0,NO_FEEDBACK,0.00735717149923831,0.03950666666666667,0.8013522650439486,1.6,50
20261066,0.0,SELF_CONTINGENT,0.17117983922730412,0.17388,3.214048059149723,7.733333333333333,50
20261066,0.0,CROSS_AGENT_YOKED,0.09076221632385664,0.13117333333333334,1.5234998064266356,3.2,50
20261066,0.0,NO_FEEDBACK,0.08688781708343711,0.043666666666666666,0.8317460317460318,1.5466666666666697,50
20261066,40.0,SELF_CONTINGENT,0.1186835697985031,0.18190666666666666,3.393781094527363,8.866666666666667,50
20261066,40.0,CROSS_AGENT_YOKED,0.04329678918625943,0.14285333333333333,1.6344774980930588,3.466666666666667,50
20261066,40.0,NO_FEEDBACK,0.010486459462116142,0.04528,0.8724470134874759,1.7333333333333334,50
20261066,20.0,SELF_CONTINGENT,0.10757027417788163,0.16076,3.0104868913857676,8.133333333333333,50
20261066,20.0,CROSS_AGENT_YOKED,0.058978226648505605,0.13090666666666667,1.5547110055423594,3.45333333333333,50
20261066,20.0,NO_FEEDBACK,0.019008208682293814,0.04530666666666667,0.8548427672955975,1.6,50
20261066,10.0,SELF_CONTINGENT,0.058474678189749725,0.1428,2.639556377079482,7.6,50
20261066,10.0,CROSS_AGENT_YOKED,0.03032739225758449,0.11466666666666667,1.3966707267559886,2.933333333333333,50
20261066,10.0,NO_FEEDBACK,0.0060085362399659266,0.044226666666666664,0.8440203562340967,1.6,50
20261066,5.0,SELF_CONTINGENT,0.014919329277587772,0.12898666666666667,2.270892018779343,5.333333333333333,50
20261066,5.0,CROSS_AGENT_YOKED,0.0032044917900016672,0.10424,1.2483832335329341,2.6666666666666665,50
20261066,5.0,NO_FEEDBACK,0.0070773785489092215,0.04346666666666667,0.8358974358974359,1.6,50
20261067,0.0,SELF_CONTINGENT,0.11434152499662315,0.1792,3.687242798353909,9.0,50
20261067,0.0,CROSS_AGENT_YOKED,-0.010120878246902559,0.14372,1.7191387559808613,3.466666666666667,50
20261067,0.0,NO_FEEDBACK,-0.02023988208161875,0.044066666666666664,0.927719298245614,1.7333333333333334,50
20261067,40.0,SELF_CONTINGENT,0.12424821504366834,0.15316,3.094141414141414,7.866666666666666,50
20261067,40.0,CROSS_AGENT_YOKED,0.05712722242331225,0.12862666666666667,1.6639931004743425,3.8666666666666667,50
20261067,40.0,NO_FEEDBACK,0.03167752582275008,0.04372,0.9243128964059196,1.8400000000000014,50
20261067,20.0,SELF_CONTINGENT,0.0953055275252657,0.15222666666666668,3.081511470985155,8.093333333333332,50
20261067,20.0,CROSS_AGENT_YOKED,0.02653412198380634,0.12508,1.6097812097812099,3.466666666666667,50
20261067,20.0,NO_FEEDBACK,0.018273211969666792,0.04336,0.9264957264957265,1.8666666666666667,50
20261067,10.0,SELF_CONTINGENT,0.06063273177683013,0.1368,2.741482965931864,7.466666666666667,50
20261067,10.0,CROSS_AGENT_YOKED,0.03570163988984114,0.11236,1.4405128205128204,3.2,50
20261067,10.0,NO_FEEDBACK,0.016725640036309237,0.043,0.9129511677282378,1.8666666666666667,50
20261067,5.0,SELF_CONTINGENT,0.018235319567450444,0.12233333333333334,2.3480486244401795,5.866666666666666,50
20261067,5.0,CROSS_AGENT_YOKED,0.01148419419104591,0.102,1.4345991561181435,3.2,50
20261067,5.0,NO_FEEDBACK,0.0042347180819725825,0.042706666666666664,0.9105899076048329,1.7599999999999985,50
20261068,0.0,SELF_CONTINGENT,0.12402006838495565,0.18926666666666667,3.63275751759437,9.066666666666666,50
20261068,0.0,CROSS_AGENT_YOKED,0.010747025456422806,0.15068,1.8023923444976078,3.8666666666666667,50
20261068,0.0,NO_FEEDBACK,0.010774976750904896,0.041933333333333336,0.8592896174863387,1.6,50
20261068,40.0,SELF_CONTINGENT,0.13359915035637196,0.17290666666666665,3.2747474747474747,8.840000000000002,50
20261068,40.0,CROSS_AGENT_YOKED,0.05697303934767091,0.13673333333333335,1.6010928961748634,3.466666666666667,50
20261068,40.0,NO_FEEDBACK,0.030642037980305365,0.04196,0.8616016427104722,1.6,50
20261068,20.0,SELF_CONTINGENT,0.08574764471128016,0.16373333333333334,2.9878345498783454,8.266666666666666,50
20261068,20.0,CROSS_AGENT_YOKED,0.04462887938938997,0.12884,1.542994011976048,3.466666666666667,50
20261068,20.0,NO_FEEDBACK,0.00254071150410755,0.043333333333333335,0.8807588075880758,1.6,50
20261068,10.0,SELF_CONTINGENT,0.05265815327346087,0.14232,2.597080291970803,6.533333333333333,50
20261068,10.0,CROSS_AGENT_YOKED,0.026317096071314047,0.1102,1.4038216560509553,2.933333333333333,50
20261068,10.0,NO_FEEDBACK,0.008006151298899493,0.04208,0.8694214876033058,1.6,50
20261068,5.0,SELF_CONTINGENT,0.015491482456474116,0.13008,2.314590747330961,5.733333333333333,50
20261068,5.0,CROSS_AGENT_YOKED,0.02045933612301052,0.10436,1.3659685863874347,3.0666666666666664,50
20261068,5.0,NO_FEEDBACK,0.0035079614479645626,0.04206666666666667,0.8691460055096418,1.6,50
20261069,0.0,SELF_CONTINGENT,0.12005257517646892,0.16936,3.435294117647059,9.440000000000001,50
20261069,0.0,CROSS_AGENT_YOKED,0.04573212611729415,0.13865333333333332,1.7375104427736008,3.6,50
20261069,0.0,NO_FEEDBACK,0.02392903775627686,0.04137333333333333,0.8637439109255393,1.7333333333333334,50
20261069,40.0,SELF_CONTINGENT,0.12892383915600886,0.14746666666666666,2.967136150234742,7.440000000000009,50
20261069,40.0,CROSS_AGENT_YOKED,0.05220806793575903,0.12086666666666666,1.561584840654608,3.2,50
20261069,40.0,NO_FEEDBACK,0.02346979688627349,0.04066666666666666,0.8597603946441156,1.6,50
20261069,20.0,SELF_CONTINGENT,0.07971317242020745,0.14073333333333332,2.7812911725955205,6.8,50
20261069,20.0,CROSS_AGENT_YOKED,0.052045036900712875,0.11438666666666666,1.4816925734024178,3.05333333333333,50
20261069,20.0,NO_FEEDBACK,0.0243826655543991,0.040826666666666664,0.8452726017943408,1.7333333333333334,50
20261069,10.0,SELF_CONTINGENT,0.04857120423634878,0.12748,2.4235741444866923,6.266666666666667,50
20261069,10.0,CROSS_AGENT_YOKED,0.034326329099081045,0.10348,1.3778961384820239,2.8,50
20261069,10.0,NO_FEEDBACK,0.008662160085452262,0.03896,0.8254237288135593,1.4666666666666666,50
20261069,5.0,SELF_CONTINGENT,0.018438908022425576,0.11946666666666667,2.220570012391574,5.466666666666667,50
20261069,5.0,CROSS_AGENT_YOKED,0.024587998989472643,0.09941333333333334,1.3080701754385966,2.8,50
20261069,5.0,NO_FEEDBACK,0.0047970939380163734,0.04069333333333333,0.8442600276625173,1.6,50
20261070,0.0,SELF_CONTINGENT,0.05860895173541146,0.16021333333333335,3.075111964171465,8.666666666666666,50
20261070,0.0,CROSS_AGENT_YOKED,0.023527821268096043,0.12865333333333334,1.6041562759767247,3.8533333333333304,50
20261070,0.0,NO_FEEDBACK,0.04119851687125238,0.042306666666666666,0.8564102564102565,1.7333333333333334,50
20261070,40.0,SELF_CONTINGENT,0.11703277449573615,0.16416,3.138814531548757,8.666666666666666,50
20261070,40.0,CROSS_AGENT_YOKED,0.03799432128947332,0.13246666666666668,1.6253578732106337,3.6,50
20261070,40.0,NO_FEEDBACK,0.019559677936737987,0.042666666666666665,0.8689748811948405,1.7333333333333334,50
20261070,20.0,SELF_CONTINGENT,0.08439217528687035,0.15557333333333334,2.9576679340937897,8.2,50
20261070,20.0,CROSS_AGENT_YOKED,0.022172694812038055,0.12318666666666667,1.5208230452674898,3.466666666666667,50
20261070,20.0,NO_FEEDBACK,0.016795798230296716,0.04242666666666667,0.8783988957902001,1.7333333333333334,50
20261070,10.0,SELF_CONTINGENT,0.035486395737117746,0.1308,2.4586466165413534,6.0,50
20261070,10.0,CROSS_AGENT_YOKED,0.032743816692426805,0.10394666666666667,1.3124579124579125,2.6666666666666665,50
20261070,10.0,NO_FEEDBACK,0.003638575692756889,0.041666666666666664,0.8503401360544218,1.6,50
20261070,5.0,SELF_CONTINGENT,0.012297195056734093,0.12405333333333333,2.267885435709933,5.333333333333333,50
20261070,5.0,CROSS_AGENT_YOKED,0.019281967963484595,0.10124,1.3373844121532366,2.8533333333333304,50
20261070,5.0,NO_FEEDBACK,0.00738316015895321,0.04269333333333333,0.8730743012951602,1.7333333333333334,50
20261071,0.0,SELF_CONTINGENT,0.1332241910588776,0.15708,3.0860510805500985,7.6,50
20261071,0.0,CROSS_AGENT_YOKED,-0.032700581374108154,0.12237333333333333,1.5729220222793487,3.466666666666667,50
20261071,0.0,NO_FEEDBACK,-0.017188809739515296,0.03964,0.8292887029288704,1.6,50
20261071,40.0,SELF_CONTINGENT,0.08663980577584487,0.15082666666666666,3.0105123087159016,6.4,50
20261071,40.0,CROSS_AGENT_YOKED,0.04754246878688176,0.12282666666666667,1.5910189982728842,3.3333333333333335,50
20261071,40.0,NO_FEEDBACK,0.011603769082292343,0.03988,0.8273858921161826,1.6,50
20261071,20.0,SELF_CONTINGENT,0.06506587295221299,0.13713333333333333,2.6627831715210357,6.026666666666673,50
20261071,20.0,CROSS_AGENT_YOKED,0.028634238852086276,0.11408,1.4588235294117646,2.933333333333333,50
20261071,20.0,NO_FEEDBACK,0.004029657374720088,0.04028,0.8288065843621398,1.6,50
20261071,10.0,SELF_CONTINGENT,0.036981351509285505,0.12381333333333333,2.3810256410256407,5.613333333333336,50
20261071,10.0,CROSS_AGENT_YOKED,0.012711703029317147,0.10290666666666666,1.3594011448701013,2.933333333333333,50
20261071,10.0,NO_FEEDBACK,0.011201164553082411,0.03918666666666667,0.8180932498260264,1.6,50
20261071,5.0,SELF_CONTINGENT,0.013462895623216791,0.12026666666666666,2.3039591315453385,5.466666666666667,50
20261071,5.0,CROSS_AGENT_YOKED,0.018253805562535464,0.10318666666666666,1.2692086920869208,2.6666666666666665,50
20261071,5.0,NO_FEEDBACK,0.006273184018525348,0.03968,0.8266666666666667,1.6,50
20261072,0.0,SELF_CONTINGENT,0.051351970716717106,0.16632,3.2046242774566474,8.559999999999999,50
20261072,0.0,CROSS_AGENT_YOKED,0.030636788361786654,0.13658666666666666,1.698839137645108,3.466666666666667,50
20261072,0.0,NO_FEEDBACK,0.02704113920093036,0.040106666666666665,0.8021333333333334,1.6,50
20261072,40.0,SELF_CONTINGENT,0.08213553811458867,0.15789333333333333,3.083854166666667,8.133333333333333,50
20261072,40.0,CROSS_AGENT_YOKED,0.06073090704090256,0.12585333333333334,1.5310624493106244,3.3333333333333335,50
20261072,40.0,NO_FEEDBACK,0.04910741416721911,0.0402,0.7992047713717694,1.4666666666666666,50
20261072,20.0,SELF_CONTINGENT,0.07549619269794097,0.13992,2.6753346080305924,7.573333333333335,50
20261072,20.0,CROSS_AGENT_YOKED,0.05656113671194163,0.11470666666666667,1.4955236853541938,3.3333333333333335,50
20261072,20.0,NO_FEEDBACK,0.02049888189520503,0.04076,0.8135728542914171,1.4666666666666666,50
20261072,10.0,SELF_CONTINGENT,0.05683214443565323,0.127,2.3738317757009346,6.0,50
20261072,10.0,CROSS_AGENT_YOKED,0.037535597545403865,0.10384,1.2979999999999998,2.8,50
20261072,10.0,NO_FEEDBACK,0.024934136632875067,0.04038666666666667,0.8077333333333333,1.480000000000003,50
20261072,5.0,SELF_CONTINGENT,0.01700675252511902,0.12173333333333333,2.3011972274732195,5.626666666666665,50
20261072,5.0,CROSS_AGENT_YOKED,0.014843763537163546,0.0996,1.2818532818532817,2.6666666666666665,50
20261072,5.0,NO_FEEDBACK,0.007810261997493336,0.041093333333333336,0.8169648774022531,1.6,50
20261073,0.0,SELF_CONTINGENT,0.15290830660438046,0.16405333333333333,3.1248253968253965,7.680000000000003,50
20261073,0.0,CROSS_AGENT_YOKED,0.0437553628766426,0.13173333333333334,1.5608214849921012,3.2,50
20261073,0.0,NO_FEEDBACK,0.019323124521348687,0.042813333333333335,0.9013333333333333,1.7333333333333334,50
20261073,40.0,SELF_CONTINGENT,0.13254018214541885,0.15497333333333332,2.98025641025641,8.426666666666673,50
20261073,40.0,CROSS_AGENT_YOKED,0.08643362090915378,0.1272,1.5880149812734081,3.3333333333333335,50
20261073,40.0,NO_FEEDBACK,0.022821985905054975,0.04257333333333333,0.9000704721634954,1.6,50
20261073,20.0,SELF_CONTINGENT,0.08134240501149244,0.14486666666666667,2.7752234993614304,6.8,50
20261073,20.0,CROSS_AGENT_YOKED,0.06538564526100052,0.11852,1.527319587628866,3.0666666666666664,50
20261073,20.0,NO_FEEDBACK,0.0247821713099908,0.04194666666666667,0.8830877192982456,1.6,50
20261073,10.0,SELF_CONTINGENT,0.04822841280626796,0.1348,2.607350096711799,6.986666666666671,50
20261073,10.0,CROSS_AGENT_YOKED,0.03240349365280461,0.10736,1.3942857142857144,3.080000000000003,50
20261073,10.0,NO_FEEDBACK,0.01178463386569006,0.041986666666666665,0.8783821478382148,1.6,50
20261073,5.0,SELF_CONTINGENT,0.011217079770773663,0.11616,2.151111111111111,5.333333333333333,50
20261073,5.0,CROSS_AGENT_YOKED,0.016552524750726622,0.10116,1.3223529411764705,2.8,50
20261073,5.0,NO_FEEDBACK,0.011733697065437577,0.041466666666666666,0.8693221523410203,1.6,50
20261074,0.0,SELF_CONTINGENT,0.11737954291054829,0.17428,3.209576427255985,7.9733333333333345,50
20261074,0.0,CROSS_AGENT_YOKED,0.10000886096415419,0.13822666666666666,1.6242851547199375,3.6,50
20261074,0.0,NO_FEEDBACK,0.11027259704596945,0.041613333333333336,0.8256613756613757,1.6,50
20261074,40.0,SELF_CONTINGENT,0.13354060632710435,0.17190666666666668,3.160049019607843,7.693333333333332,50
20261074,40.0,CROSS_AGENT_YOKED,0.07793313031062755,0.135,1.6343825665859564,3.466666666666667,50
20261074,40.0,NO_FEEDBACK,0.029165294724802292,0.042493333333333334,0.8447978793903247,1.706666666666668,50
20261074,20.0,SELF_CONTINGENT,0.09176169944013815,0.15117333333333333,2.7436176648517847,6.933333333333334,50
20261074,20.0,CROSS_AGENT_YOKED,0.054341886572045556,0.12186666666666666,1.5252398831873175,3.466666666666667,50
20261074,20.0,NO_FEEDBACK,0.01410941802074451,0.04141333333333334,0.8041423948220064,1.4666666666666666,50
20261074,10.0,SELF_CONTINGENT,0.05804342542428585,0.13748,2.48158844765343,6.266666666666667,50
20261074,10.0,CROSS_AGENT_YOKED,0.03964517093954722,0.1154,1.412484700122399,3.2,50
20261074,10.0,NO_FEEDBACK,0.007953755461921279,0.04102666666666667,0.815639496355202,1.6,50
20261074,5.0,SELF_CONTINGENT,0.01551197168821135,0.1232,2.176678445229682,5.333333333333333,50
20261074,5.0,CROSS_AGENT_YOKED,0.016654984032565576,0.10121333333333334,1.309357481673135,2.8,50
20261074,5.0,NO_FEEDBACK,0.008051940405874394,0.04090666666666667,0.8020915032679738,1.4666666666666666,50
20261075,0.0,SELF_CONTINGENT,0.09529527914367035,0.18252,3.4699619771863115,8.733333333333333,50
20261075,0.0,CROSS_AGENT_YOKED,0.011229131408523206,0.14958666666666667,1.804422999597909,3.7333333333333334,50
20261075,0.0,NO_FEEDBACK,0.042354171416049954,0.04508,0.8685934489402697,1.7333333333333334,50
20261075,40.0,SELF_CONTINGENT,0.15412834887801585,0.16236,2.9845588235294116,8.133333333333333,50
20261075,40.0,CROSS_AGENT_YOKED,0.0323654460047372,0.1316,1.5817307692307694,3.6,50
20261075,40.0,NO_FEEDBACK,0.04052797500869517,0.045,0.8490566037735849,1.7333333333333334,50
20261075,20.0,SELF_CONTINGENT,0.11419360206519039,0.16184,2.9212996389891694,8.266666666666666,50
20261075,20.0,CROSS_AGENT_YOKED,0.024085872511901807,0.12925333333333333,1.483964791427478,3.3333333333333335,50
20261075,20.0,NO_FEEDBACK,0.029904040897739567,0.04425333333333333,0.8349685534591195,1.7333333333333334,50
20261075,10.0,SELF_CONTINGENT,0.04723273617646503,0.13705333333333333,2.434339846062759,6.933333333333334,50
20261075,10.0,CROSS_AGENT_YOKED,0.03451711695379752,0.11388,1.3921760391198044,2.933333333333333,50
20261075,10.0,NO_FEEDBACK,0.011689435707040806,0.04410666666666667,0.8417302798982188,1.7333333333333334,50
20261075,5.0,SELF_CONTINGENT,0.014389823392959897,0.12470666666666666,2.1878362573099412,5.346666666666669,50
20261075,5.0,CROSS_AGENT_YOKED,0.020266554321345602,0.1074,1.3594936708860759,2.94666666666667,50
20261075,5.0,NO_FEEDBACK,0.009844693264477709,0.04442666666666667,0.8527191298784389,1.7333333333333334,50
20261076,0.0,SELF_CONTINGENT,0.10120713509297254,0.17988,3.4459770114942527,8.773333333333342,50
20261076,0.0,CROSS_AGENT_YOKED,0.018645898299401806,0.14873333333333333,1.70565749235474,3.6,50
20261076,0.0,NO_FEEDBACK,0.03328671839609783,0.04645333333333333,0.9020064724919094,1.7333333333333334,50
20261076,40.0,SELF_CONTINGENT,0.08640441321822812,0.16037333333333334,3.060559796437659,7.159999999999998,50
20261076,40.0,CROSS_AGENT_YOKED,0.0626690849758087,0.13177333333333333,1.5972525252525251,3.466666666666667,50
20261076,40.0,NO_FEEDBACK,0.029610618534767867,0.04586666666666667,0.8719898605830164,1.6666666666666667,50
20261076,20.0,SELF_CONTINGENT,0.10331007368884564,0.15670666666666666,2.9456140350877194,7.986666666666671,50
20261076,20.0,CROSS_AGENT_YOKED,0.05922766612018615,0.12652,1.5225030084235862,3.3333333333333335,50
20261076,20.0,NO_FEEDBACK,0.017066714594627136,0.04593333333333333,0.9006535947712418,1.7333333333333334,50
20261076,10.0,SELF_CONTINGENT,0.059134119359495904,0.1374,2.612167300380228,6.333333333333333,50
20261076,10.0,CROSS_AGENT_YOKED,0.02547163011832436,0.11798666666666667,1.4232408524326496,3.2,50
20261076,10.0,NO_FEEDBACK,0.015391622503204666,0.0448,0.8648648648648649,1.6,50
20261076,5.0,SELF_CONTINGENT,0.015508687112255382,0.12821333333333335,2.365559655596556,5.6,50
20261076,5.0,CROSS_AGENT_YOKED,0.013320559003951902,0.10937333333333334,1.3932908704883227,3.1466666666666696,50
20261076,5.0,NO_FEEDBACK,0.005486824734676957,0.04654666666666667,0.8899936265137031,1.7333333333333334,50
20261077,0.0,SELF_CONTINGENT,0.11849431738276667,0.15665333333333334,3.0359173126614984,7.2,50
20261077,0.0,CROSS_AGENT_YOKED,0.07237819755835004,0.13161333333333333,1.6766029723991507,3.7333333333333334,50
20261077,0.0,NO_FEEDBACK,0.06301326843296301,0.04277333333333333,0.8693766937669377,1.7200000000000044,50
20261077,40.0,SELF_CONTINGENT,0.10515230363466418,0.15417333333333333,2.871011793916822,6.373333333333342,50
20261077,40.0,CROSS_AGENT_YOKED,0.06996837870175793,0.12504,1.5928662420382165,3.2,50
20261077,40.0,NO_FEEDBACK,0.02255283852058143,0.04330666666666667,0.8856169052488071,1.7333333333333334,50
20261077,20.0,SELF_CONTINGENT,0.08080359496993132,0.14136,2.6324022346368716,6.320000000000005,50
20261077,20.0,CROSS_AGENT_YOKED,0.01324852985672876,0.1134,1.470817120622568,3.2,50
20261077,20.0,NO_FEEDBACK,0.013730311708401709,0.042453333333333336,0.8681663258350375,1.6,50
20261077,10.0,SELF_CONTINGENT,0.027179707881008618,0.12688,2.34962962962963,5.866666666666666,50
20261077,10.0,CROSS_AGENT_YOKED,0.042704135410584106,0.10884,1.4246073298429318,3.160000000000006,50
20261077,10.0,NO_FEEDBACK,0.01424711356963301,0.04253333333333333,0.8806073153899241,1.6,50
20261077,5.0,SELF_CONTINGENT,0.010357293844111501,0.11369333333333333,2.082295482295482,5.2,50
20261077,5.0,CROSS_AGENT_YOKED,0.022835179935748056,0.09892,1.3084656084656083,2.8,50
20261077,5.0,NO_FEEDBACK,0.009988682200587577,0.04224,0.8602851323828921,1.6,50
20261078,0.0,SELF_CONTINGENT,0.07478693891988801,0.17968,3.2669090909090905,7.906666666666676,50
20261078,0.0,CROSS_AGENT_YOKED,0.06711575021829765,0.14525333333333335,1.7210110584518166,3.7333333333333334,50
20261078,0.0,NO_FEEDBACK,0.07132984901884118,0.044346666666666666,0.8712508185985592,1.6,50
20261078,40.0,SELF_CONTINGENT,0.13408149537285124,0.16946666666666665,3.0868245294474805,8.266666666666666,50
20261078,40.0,CROSS_AGENT_YOKED,0.07249723440002055,0.13657333333333332,1.6434817488969113,3.7333333333333334,50
20261078,40.0,NO_FEEDBACK,0.057144062868939374,0.04426666666666667,0.8713910761154855,1.6,50
20261078,20.0,SELF_CONTINGENT,0.10388331119675752,0.16942666666666667,3.1259532595325954,8.933333333333334,50
20261078,20.0,CROSS_AGENT_YOKED,0.01760188221116729,0.13373333333333334,1.5266362252663623,3.3333333333333335,50
20261078,20.0,NO_FEEDBACK,0.022927857915006053,0.044866666666666666,0.8678272082527402,1.6,50
20261078,10.0,SELF_CONTINGENT,0.06781232004055104,0.15521333333333334,2.832360097323601,7.106666666666668,50
20261078,10.0,CROSS_AGENT_YOKED,0.02944019451939524,0.12477333333333333,1.5197726349979699,3.466666666666667,50
20261078,10.0,NO_FEEDBACK,-0.002441794447288481,0.04466666666666667,0.8844884488448844,1.6,50
20261078,5.0,SELF_CONTINGENT,0.02319184969968824,0.13661333333333334,2.392527729130181,5.6,50
20261078,5.0,CROSS_AGENT_YOKED,0.02051533860236939,0.10725333333333334,1.3423445974134334,2.933333333333333,50
20261078,5.0,NO_FEEDBACK,0.007621707663068944,0.043346666666666665,0.86005291005291,1.6,50
20261079,0.0,SELF_CONTINGENT,0.08287421624809958,0.17428,3.600826446280992,8.45333333333333,50
20261079,0.0,CROSS_AGENT_YOKED,0.016585013550027037,0.13777333333333333,1.7417614833544035,3.8666666666666667,50
20261079,0.0,NO_FEEDBACK,0.026567825704277494,0.04069333333333333,0.8658156028368794,1.6,50
20261079,40.0,SELF_CONTINGENT,0.12436608899539495,0.15168,3.0457831325301203,7.773333333333334,50
20261079,40.0,CROSS_AGENT_YOKED,0.06431633679513697,0.123,1.6120576671035387,3.3333333333333335,50
20261079,40.0,NO_FEEDBACK,0.02639865462573657,0.04056,0.8666666666666667,1.6,50
20261079,20.0,SELF_CONTINGENT,0.09262988900227206,0.14366666666666666,2.839262187088274,7.266666666666667,50
20261079,20.0,CROSS_AGENT_YOKED,0.05287166647803955,0.11305333333333334,1.5215791834903543,3.3333333333333335,50
20261079,20.0,NO_FEEDBACK,0.030492672359524346,0.0396,0.855291576673866,1.6,50
20261079,10.0,SELF_CONTINGENT,0.04481283262693282,0.13014666666666666,2.61338688085676,6.933333333333334,50
20261079,10.0,CROSS_AGENT_YOKED,0.03781980278673776,0.10517333333333333,1.3676636324230602,2.8,50
20261079,10.0,NO_FEEDBACK,-0.006793708055872159,0.04126666666666667,0.8912886969042476,1.7333333333333334,50
20261079,5.0,SELF_CONTINGENT,0.010264728048128632,0.11704,2.268217054263566,5.466666666666667,50
20261079,5.0,CROSS_AGENT_YOKED,0.002035342854920104,0.09492,1.2424083769633507,2.533333333333333,50
20261079,5.0,NO_FEEDBACK,0.0025637211030342393,0.03918666666666667,0.8373219373219373,1.4666666666666666,50
20261080,0.0,SELF_CONTINGENT,0.04375832933877693,0.18228,3.4653992395437263,8.666666666666666,50
20261080,0.0,CROSS_AGENT_YOKED,0.020515718679068377,0.14784,1.7433962264150944,3.6,50
20261080,0.0,NO_FEEDBACK,-0.026221678529409247,0.044346666666666666,0.8958922558922559,1.7333333333333334,50
20261080,40.0,SELF_CONTINGENT,0.08846422825667875,0.17601333333333333,3.3210062893081758,8.533333333333333,50
20261080,40.0,CROSS_AGENT_YOKED,0.05240011176402978,0.1394,1.7104294478527606,3.8666666666666667,50
20261080,40.0,NO_FEEDBACK,-0.0006289073749777604,0.04572,0.9349693251533742,1.7333333333333334,50
20261080,20.0,SELF_CONTINGENT,0.09016502583588927,0.16153333333333333,3.0136815920398012,8.066666666666666,50
20261080,20.0,CROSS_AGENT_YOKED,0.037982058856564145,0.13434666666666667,1.644390044879641,3.466666666666667,50
20261080,20.0,NO_FEEDBACK,0.009166914157422964,0.04398666666666667,0.8797333333333333,1.6,50
20261080,10.0,SELF_CONTINGENT,0.05491330502480754,0.14196,2.6386617100371748,6.666666666666667,50
20261080,10.0,CROSS_AGENT_YOKED,0.047980275791399685,0.11806666666666667,1.443357783211084,3.2,50
20261080,10.0,NO_FEEDBACK,0.011222908418178803,0.04476,0.906072874493927,1.7333333333333334,50
20261080,5.0,SELF_CONTINGENT,0.025278504806448224,0.12957333333333335,2.3601700060716455,5.6,50
20261080,5.0,CROSS_AGENT_YOKED,0.027595162770799084,0.10704,1.3601016518424396,2.933333333333333,50
20261080,5.0,NO_FEEDBACK,0.008985650124996254,0.043866666666666665,0.8790915163660654,1.6,50
20261081,0.0,SELF_CONTINGENT,0.049527857545627475,0.16517333333333334,3.251443569553806,8.573333333333334,50
20261081,0.0,CROSS_AGENT_YOKED,0.018080994246834733,0.13217333333333334,1.5422792687670168,3.519999999999997,50
20261081,0.0,NO_FEEDBACK,-0.05587278167602298,0.04274666666666667,0.860093896713615,1.6533333333333378,50
20261081,40.0,SELF_CONTINGENT,0.09920870828697209,0.15644,3.049512670565302,7.573333333333335,50
20261081,40.0,CROSS_AGENT_YOKED,-0.004628148436406802,0.13148,1.5898428053204352,3.519999999999997,50
20261081,40.0,NO_FEEDBACK,-0.016719307710346708,0.043,0.8582834331337325,1.7333333333333334,50
20261081,20.0,SELF_CONTINGENT,0.11133005067862205,0.14397333333333334,2.6810676598386096,6.373333333333342,50
20261081,20.0,CROSS_AGENT_YOKED,0.058302604727255423,0.11932,1.4840796019900497,3.466666666666667,50
20261081,20.0,NO_FEEDBACK,0.0360316529136747,0.04224,0.8331360946745562,1.6,50
20261081,10.0,SELF_CONTINGENT,0.04903433762230472,0.1338,2.5009345794392526,6.266666666666667,50
20261081,10.0,CROSS_AGENT_YOKED,0.019109460328235694,0.10865333333333334,1.3753586497890296,2.933333333333333,50
20261081,10.0,NO_FEEDBACK,0.002456597491174572,0.041133333333333334,0.8210246174318031,1.6,50
20261081,5.0,SELF_CONTINGENT,0.021422638942490597,0.1178,2.145719489981785,5.333333333333333,50
20261081,5.0,CROSS_AGENT_YOKED,0.023139036943908783,0.09937333333333333,1.2789360789360789,2.8,50
20261081,5.0,NO_FEEDBACK,0.010492405762991118,0.04254666666666667,0.8492348636061211,1.7333333333333334,50
20261082,0.0,SELF_CONTINGENT,0.08888203538060208,0.17098666666666668,3.097584541062802,7.586666666666671,50
20261082,0.0,CROSS_AGENT_YOKED,0.036411437483597334,0.13814666666666667,1.573424449506454,3.3333333333333335,50
20261082,0.0,NO_FEEDBACK,0.015603733041118608,0.047626666666666664,0.9449735449735449,1.7333333333333334,50
20261082,40.0,SELF_CONTINGENT,0.09309108018650351,0.16429333333333335,3.0256599140577043,7.306666666666668,50
20261082,40.0,CROSS_AGENT_YOKED,0.04631058289457925,0.13405333333333333,1.6288375860672337,3.6,50
20261082,40.0,NO_FEEDBACK,0.039009015433705295,0.04708,0.9511111111111111,1.7333333333333334,50
20261082,20.0,SELF_CONTINGENT,0.09993452040041842,0.15616,2.834119782214156,7.333333333333333,50
20261082,20.0,CROSS_AGENT_YOKED,0.06395801598695933,0.12764,1.5231503579952268,3.2,50
20261082,20.0,NO_FEEDBACK,0.038556652117000025,0.04684,0.9330677290836653,1.8666666666666667,50
20261082,10.0,SELF_CONTINGENT,0.05335907836347096,0.1416,2.5106382978723403,6.226666666666665,50
20261082,10.0,CROSS_AGENT_YOKED,0.035405039736955475,0.12238666666666667,1.4622062923138193,3.3333333333333335,50
20261082,10.0,NO_FEEDBACK,0.007613850198070797,0.046413333333333334,0.9245683930942894,1.7333333333333334,50
20261082,5.0,SELF_CONTINGENT,0.02391116395156843,0.12734666666666666,2.3070048309178746,5.6,50
20261082,5.0,CROSS_AGENT_YOKED,0.026279440510172395,0.10726666666666666,1.3259167696744953,2.933333333333333,50
20261082,5.0,NO_FEEDBACK,0.008990361610915275,0.045533333333333335,0.8998682476943346,1.7333333333333334,50
20261083,0.0,SELF_CONTINGENT,0.1359752867532012,0.16976,3.1969868173258003,7.866666666666666,50
20261083,0.0,CROSS_AGENT_YOKED,0.028817861794645017,0.13589333333333334,1.6313725490196076,3.6,50
20261083,0.0,NO_FEEDBACK,0.04374482695477044,0.044066666666666664,0.855663430420712,1.6,50
20261083,40.0,SELF_CONTINGENT,0.14635538780015692,0.15918666666666667,2.9754517133956386,7.333333333333333,50
20261083,40.0,CROSS_AGENT_YOKED,0.060599133955024434,0.12974666666666668,1.5880864953080376,3.466666666666667,50
20261083,40.0,NO_FEEDBACK,0.07520022509809228,0.04428,0.8716535433070867,1.6,50
20261083,20.0,SELF_CONTINGENT,0.07260225489442935,0.15008,2.8210526315789473,7.066666666666666,50
20261083,20.0,CROSS_AGENT_YOKED,0.03174142386913548,0.12385333333333333,1.53094355170993,3.466666666666667,50
20261083,20.0,NO_FEEDBACK,-0.010257203484923968,0.04342666666666667,0.8416020671834625,1.6,50
20261083,10.0,SELF_CONTINGENT,0.04756496673610654,0.14050666666666667,2.582843137254902,6.3599999999999985,50
20261083,10.0,CROSS_AGENT_YOKED,0.03477554011323159,0.11369333333333333,1.3848152659358506,2.933333333333333,50
20261083,10.0,NO_FEEDBACK,0.010516395357309092,0.04362666666666667,0.8487678339818417,1.6,50
20261083,5.0,SELF_CONTINGENT,0.012415391156665838,0.12569333333333332,2.2770531400966183,5.333333333333333,50
20261083,5.0,CROSS_AGENT_YOKED,0.025155890210152694,0.10137333333333333,1.2996581196581196,2.8,50
20261083,5.0,NO_FEEDBACK,0.008168081874471681,0.042866666666666664,0.8539176626826029,1.6,50
20261084,0.0,SELF_CONTINGENT,0.09936806136131165,0.17546666666666666,3.3873873873873874,8.706666666666669,50
20261084,0.0,CROSS_AGENT_YOKED,0.0550236807096632,0.13884,1.5652762119503945,3.466666666666667,50
20261084,0.0,NO_FEEDBACK,0.017405736336101527,0.04345333333333333,0.867332002661344,1.7333333333333334,50
20261084,40.0,SELF_CONTINGENT,0.11600013567319348,0.1552,2.8794063079777366,6.959999999999998,50
20261084,40.0,CROSS_AGENT_YOKED,0.06095442621496038,0.12749333333333332,1.5605059159526724,3.3333333333333335,50
20261084,40.0,NO_FEEDBACK,0.010302636592197528,0.0434,0.8821138211382115,1.6,50
20261084,20.0,SELF_CONTINGENT,0.09156175597813006,0.15537333333333334,2.9150719199499684,7.5466666666666695,50
20261084,20.0,CROSS_AGENT_YOKED,0.05484516858067523,0.12446666666666667,1.492406075139888,3.293333333333339,50
20261084,20.0,NO_FEEDBACK,0.028210747378331985,0.043666666666666666,0.8803763440860215,1.7333333333333334,50
20261084,10.0,SELF_CONTINGENT,0.04218358805484019,0.13154666666666667,2.3874168179068365,5.733333333333333,50
20261084,10.0,CROSS_AGENT_YOKED,0.022870402622098787,0.11144,1.3640146878824968,2.8,50
20261084,10.0,NO_FEEDBACK,-0.0021504225621885647,0.0418,0.8565573770491803,1.6,50
20261084,5.0,SELF_CONTINGENT,0.01764261483105089,0.12584,2.243137254901961,5.066666666666666,50
20261084,5.0,CROSS_AGENT_YOKED,0.012254009189806153,0.102,1.3161290322580645,2.8,50
20261084,5.0,NO_FEEDBACK,0.007330691157018801,0.04228,0.8699588477366255,1.6,50
20261085,0.0,SELF_CONTINGENT,0.08854381780391053,0.16909333333333335,3.131358024691358,8.413333333333336,50
20261085,0.0,CROSS_AGENT_YOKED,0.016629697993307765,0.13956,1.6634088200238377,3.6,50
20261085,0.0,NO_FEEDBACK,0.0018336284856089258,0.045066666666666665,0.8871391076115485,1.7733333333333348,50
20261085,40.0,SELF_CONTINGENT,0.13108819492074553,0.16128,3.0372881355932204,7.866666666666666,50
20261085,40.0,CROSS_AGENT_YOKED,0.017249146721443124,0.13658666666666666,1.6555959595959595,3.466666666666667,50
20261085,40.0,NO_FEEDBACK,0.0016934183241910418,0.04568,0.8939334637964775,1.8666666666666667,50
20261085,20.0,SELF_CONTINGENT,0.08775777922697985,0.14382666666666666,2.6197935640558594,6.533333333333333,50
20261085,20.0,CROSS_AGENT_YOKED,0.05740460433916647,0.12230666666666666,1.530746766791823,3.226666666666673,50
20261085,20.0,NO_FEEDBACK,0.015404461363164666,0.04389333333333333,0.8606535947712418,1.6,50
20261085,10.0,SELF_CONTINGENT,0.055646896336412614,0.13544,2.422898032200358,6.266666666666667,50
20261085,10.0,CROSS_AGENT_YOKED,0.029805907249347185,0.11369333333333333,1.4053564070869387,3.2,50
20261085,10.0,NO_FEEDBACK,0.008384359202979095,0.044866666666666666,0.8884488448844884,1.7333333333333334,50
20261085,5.0,SELF_CONTINGENT,0.011121167088384513,0.12212,2.2366300366300367,5.2,50
20261085,5.0,CROSS_AGENT_YOKED,0.014551891269244619,0.10324,1.3002518891687658,2.933333333333333,50
20261085,5.0,NO_FEEDBACK,0.004487141781892103,0.04394666666666667,0.8771789753825682,1.7333333333333334,50
20261086,0.0,SELF_CONTINGENT,0.10585751754886212,0.16762666666666667,3.1928888888888887,7.733333333333333,50
20261086,0.0,CROSS_AGENT_YOKED,0.05791631017085707,0.13508,1.6177245508982034,3.3333333333333335,50
20261086,0.0,NO_FEEDBACK,0.0358169454552525,0.043293333333333336,0.8710932260228034,1.7333333333333334,50
20261086,40.0,SELF_CONTINGENT,0.06323885760392763,0.14610666666666666,2.7619407687460615,7.333333333333333,50
20261086,40.0,CROSS_AGENT_YOKED,0.05143495833788179,0.12201333333333333,1.5328308207705192,3.2,50
20261086,40.0,NO_FEEDBACK,0.025328828812773183,0.04277333333333333,0.864107744107744,1.6,50
20261086,20.0,SELF_CONTINGENT,0.06660779810811064,0.15684,2.9874285714285715,7.6,50
20261086,20.0,CROSS_AGENT_YOKED,0.021585196038379637,0.12445333333333333,1.5345663789560213,3.3333333333333335,50
20261086,20.0,NO_FEEDBACK,-0.025370123795222008,0.04174666666666667,0.8537150647580095,1.6,50
20261086,10.0,SELF_CONTINGENT,0.052529916468348224,0.13654666666666668,2.5715003138731953,6.133333333333333,50
20261086,10.0,CROSS_AGENT_YOKED,0.019304395765038576,0.11493333333333333,1.411957411957412,2.933333333333333,50
20261086,10.0,NO_FEEDBACK,0.01294193305507639,0.04278666666666667,0.8626344086021506,1.7333333333333334,50
20261086,5.0,SELF_CONTINGENT,0.016127282254538706,0.12005333333333333,2.260891399874451,5.466666666666667,50
20261086,5.0,CROSS_AGENT_YOKED,0.019476879044490508,0.09893333333333333,1.2949389179755673,2.6666666666666665,50
20261086,5.0,NO_FEEDBACK,0.007381074399383123,0.042706666666666664,0.8575635876840696,1.6,50
20261087,0.0,SELF_CONTINGENT,0.08073783968118241,0.18866666666666668,3.442822384428224,8.666666666666666,50
20261087,0.0,CROSS_AGENT_YOKED,0.0028026009592691686,0.15356,1.7630309988518942,4.0,50
20261087,0.0,NO_FEEDBACK,0.022323310827535317,0.047213333333333336,0.887468671679198,1.6,50
20261087,40.0,SELF_CONTINGENT,0.10429740527626619,0.17676,3.2314442413162703,7.920000000000004,50
20261087,40.0,CROSS_AGENT_YOKED,0.09232975033472407,0.15201333333333333,1.7254634884600832,3.8666666666666667,50
20261087,40.0,NO_FEEDBACK,0.0473973990409061,0.048133333333333334,0.8980099502487562,1.6,50
20261087,20.0,SELF_CONTINGENT,0.11615506138318364,0.16998666666666667,3.030065359477124,7.866666666666666,50
20261087,20.0,CROSS_AGENT_YOKED,0.046312706336994774,0.14418666666666666,1.6923317683881063,3.9866666666666637,50
20261087,20.0,NO_FEEDBACK,0.008887235625612234,0.047413333333333335,0.8862305295950156,1.7333333333333334,50
20261087,10.0,SELF_CONTINGENT,0.07242580519522596,0.15438666666666667,2.8224253503961,7.7866666666666715,50
20261087,10.0,CROSS_AGENT_YOKED,0.031857870206022675,0.12794666666666665,1.4672782874617738,3.2,50
20261087,10.0,NO_FEEDBACK,0.00695564625566592,0.04808,0.8920222634508349,1.6,50
20261087,5.0,SELF_CONTINGENT,0.01793043381670917,0.13113333333333332,2.3168433451118964,5.6,50
20261087,5.0,CROSS_AGENT_YOKED,0.029838321373490358,0.11274666666666666,1.374959349593496,2.933333333333333,50
20261087,5.0,NO_FEEDBACK,0.005012356086133769,0.046946666666666664,0.8693827160493828,1.6,50
20261088,0.0,SELF_CONTINGENT,0.13882272868787907,0.17348,3.2007380073800737,8.0,50
20261088,0.0,CROSS_AGENT_YOKED,0.07335131245305304,0.14465333333333333,1.7282357626443647,3.7333333333333334,50
20261088,0.0,NO_FEEDBACK,0.008706089013229801,0.042986666666666666,0.8772789115646258,1.7333333333333334,50
20261088,40.0,SELF_CONTINGENT,0.0626840137010856,0.15441333333333335,2.762313655336911,6.533333333333333,50
20261088,40.0,CROSS_AGENT_YOKED,0.0243298744538259,0.1286,1.5346062052505967,3.106666666666676,50
20261088,40.0,NO_FEEDBACK,-0.01816091373195653,0.04186666666666667,0.8440860215053764,1.6,50
20261088,20.0,SELF_CONTINGENT,0.09477330047059061,0.14824,2.6661870503597123,6.4,50
20261088,20.0,CROSS_AGENT_YOKED,0.057697673564577716,0.12038666666666667,1.4196540880503146,2.933333333333333,50
20261088,20.0,NO_FEEDBACK,0.015807399238768664,0.04405333333333333,0.88996632996633,1.7333333333333334,50
20261088,10.0,SELF_CONTINGENT,0.047348359076105316,0.12766666666666668,2.231934731934732,5.2,50
20261088,10.0,CROSS_AGENT_YOKED,0.028924900977609094,0.10872,1.4230366492146596,3.0666666666666664,50
20261088,10.0,NO_FEEDBACK,0.011395978686047888,0.04269333333333333,0.8766598220396988,1.6,50
20261088,5.0,SELF_CONTINGENT,0.012785401211387461,0.12005333333333333,2.1248377581120943,5.2,50
20261088,5.0,CROSS_AGENT_YOKED,0.019371917915869723,0.10062666666666667,1.3102430555555555,2.933333333333333,50
20261088,5.0,NO_FEEDBACK,0.0031121895805281373,0.04258666666666667,0.8726775956284153,1.6,50
20261089,0.0,SELF_CONTINGENT,0.13696599388447736,0.17405333333333334,3.3862516212710765,8.8,50
20261089,0.0,CROSS_AGENT_YOKED,0.04575702737628983,0.13809333333333335,1.6637751004016064,3.7333333333333334,50
20261089,0.0,NO_FEEDBACK,0.04928596764197365,0.04456,0.8788954635108481,1.7333333333333334,50
20261089,40.0,SELF_CONTINGENT,0.08659804108000435,0.15924,2.993233082706767,7.6,50
20261089,40.0,CROSS_AGENT_YOKED,0.03948116389828825,0.13009333333333334,1.5598721023181454,3.3333333333333335,50
20261089,40.0,NO_FEEDBACK,0.009029245967273126,0.044333333333333336,0.8658854166666666,1.6,50
20261089,20.0,SELF_CONTINGENT,0.0827763142182885,0.15138666666666667,2.956770833333333,8.133333333333333,50
20261089,20.0,CROSS_AGENT_YOKED,0.03557971984799081,0.12534666666666666,1.5361111111111112,3.3333333333333335,50
20261089,20.0,NO_FEEDBACK,-0.009509354325853014,0.04398666666666667,0.8727513227513227,1.7333333333333334,50
20261089,10.0,SELF_CONTINGENT,0.04580468916834969,0.1344,2.488888888888889,6.4,50
20261089,10.0,CROSS_AGENT_YOKED,0.044554541728663355,0.11216,1.419746835443038,3.0666666666666664,50
20261089,10.0,NO_FEEDBACK,0.010266905055142106,0.044186666666666666,0.8767195767195767,1.6,50
20261089,5.0,SELF_CONTINGENT,0.015900082314930154,0.12908,2.351183970856102,5.626666666666665,50
20261089,5.0,CROSS_AGENT_YOKED,0.02477334264394474,0.10426666666666666,1.3828470380194517,3.0666666666666664,50
20261089,5.0,NO_FEEDBACK,0.002937176523187693,0.04356,0.8660039761431412,1.6,50
20261090,0.0,SELF_CONTINGENT,0.1158359918200198,0.17013333333333333,3.0877192982456143,7.733333333333333,50
20261090,0.0,CROSS_AGENT_YOKED,0.03687484474505987,0.13884,1.623859649122807,3.3333333333333335,50
20261090,0.0,NO_FEEDBACK,-0.026827244549385326,0.04512,0.8899408284023669,1.8666666666666667,50
20261090,40.0,SELF_CONTINGENT,0.10339160288805356,0.16193333333333335,2.896839594514013,6.693333333333332,50
20261090,40.0,CROSS_AGENT_YOKED,0.058070217087926895,0.13338666666666665,1.609006835544833,3.466666666666667,50
20261090,40.0,NO_FEEDBACK,0.017424528412445718,0.04492,0.894820717131474,1.7333333333333334,50
20261090,20.0,SELF_CONTINGENT,0.08554436973394747,0.15868,2.8746376811594203,7.453333333333338,50
20261090,20.0,CROSS_AGENT_YOKED,0.012375670056377401,0.13092,1.5511848341232228,3.466666666666667,50
20261090,20.0,NO_FEEDBACK,0.0035618499846716348,0.045066666666666665,0.885396201702685,1.7333333333333334,50
20261090,10.0,SELF_CONTINGENT,0.047249989334849286,0.13996,2.54010889292196,6.666666666666667,50
20261090,10.0,CROSS_AGENT_YOKED,0.0355124909368434,0.12014666666666667,1.4705834353325173,3.0666666666666664,50
20261090,10.0,NO_FEEDBACK,0.0022406006929397418,0.04508,0.8962226640159047,1.7333333333333334,50
20261090,5.0,SELF_CONTINGENT,0.0008366043098380864,0.12017333333333333,2.1307328605200944,5.066666666666666,50
20261090,5.0,CROSS_AGENT_YOKED,0.009189866591009328,0.10274666666666667,1.3088747346072187,2.8,50
20261090,5.0,NO_FEEDBACK,0.00034940877267410926,0.04429333333333333,0.8840984697272122,1.7333333333333334,50
20261091,0.0,SELF_CONTINGENT,0.12489017287138529,0.17021333333333333,3.117460317460317,7.533333333333333,50
20261091,0.0,CROSS_AGENT_YOKED,0.05963541093477173,0.13408,1.594292508917955,3.6,50
20261091,0.0,NO_FEEDBACK,0.08169721379942954,0.04352,0.8450485436893204,1.6,50
20261091,40.0,SELF_CONTINGENT,0.12822139204042624,0.17081333333333334,3.18681592039801,7.866666666666666,50
20261091,40.0,CROSS_AGENT_YOKED,0.026242417395537825,0.13268,1.512884834663626,3.119999999999997,50
20261091,40.0,NO_FEEDBACK,0.022151784808363113,0.043973333333333336,0.8456410256410256,1.6,50
20261091,20.0,SELF_CONTINGENT,0.07459349050669553,0.15654666666666667,2.84630303030303,7.333333333333333,50
20261091,20.0,CROSS_AGENT_YOKED,0.0453144326116594,0.12332,1.4804321728691476,3.0666666666666664,50
20261091,20.0,NO_FEEDBACK,0.018207393931300223,0.044,0.8477842003853565,1.6,50
20261091,10.0,SELF_CONTINGENT,0.046613695633379075,0.14097333333333334,2.5914215686274513,6.533333333333333,50
20261091,10.0,CROSS_AGENT_YOKED,0.035039621160313485,0.12142666666666667,1.5009476720230737,3.466666666666667,50
20261091,10.0,NO_FEEDBACK,-0.0007664920954918979,0.0442,0.8549323017408124,1.6,50
20261091,5.0,SELF_CONTINGENT,0.012765887186391734,0.12609333333333334,2.280168776371308,5.333333333333333,50
20261091,5.0,CROSS_AGENT_YOKED,0.0077287657854376605,0.10386666666666666,1.2967124427798584,2.8,50
20261091,5.0,NO_FEEDBACK,0.002515729881785319,0.043666666666666666,0.838131797824696,1.6,50
20261092,0.0,SELF_CONTINGENT,0.12000333391843808,0.163,3.4100418410041837,8.8,50
20261092,0.0,CROSS_AGENT_YOKED,0.02476956011412544,0.129,1.6246851385390428,3.4266666666666725,50
20261092,0.0,NO_FEEDBACK,0.03128546591956135,0.040466666666666665,0.8702508960573477,1.680000000000003,50
20261092,40.0,SELF_CONTINGENT,0.10370133364760178,0.15429333333333334,3.19447895100069,8.0,50
20261092,40.0,CROSS_AGENT_YOKED,0.04623886152409744,0.12905333333333333,1.676017316017316,3.34666666666667,50
20261092,40.0,NO_FEEDBACK,0.049491675471497805,0.03998666666666666,0.8525941719971571,1.6266666666666652,50
20261092,20.0,SELF_CONTINGENT,0.07724238556781123,0.14137333333333332,2.805026455026455,7.293333333333332,50
20261092,20.0,CROSS_AGENT_YOKED,0.021553046750349213,0.11572,1.528665785997358,3.3333333333333335,50
20261092,20.0,NO_FEEDBACK,-0.00840917908937896,0.04008,0.8564102564102565,1.6,50
20261092,10.0,SELF_CONTINGENT,0.05926283595553392,0.13534666666666667,2.659070072036673,7.333333333333333,50
20261092,10.0,CROSS_AGENT_YOKED,0.045325902467219736,0.11417333333333334,1.4885701868752717,3.2,50
20261092,10.0,NO_FEEDBACK,0.009902718453984752,0.03864,0.8345572354211662,1.6,50
20261092,5.0,SELF_CONTINGENT,0.02371674830836199,0.11936,2.322178988326848,6.093333333333332,50
20261092,5.0,CROSS_AGENT_YOKED,0.018956854220761835,0.09849333333333334,1.351074531321445,3.0666666666666664,50
20261092,5.0,NO_FEEDBACK,0.002185265546907201,0.03877333333333333,0.8249645390070922,1.6,50
20261093,0.0,SELF_CONTINGENT,0.12629471852553434,0.17221333333333333,3.343948220064725,8.480000000000002,50
20261093,0.0,CROSS_AGENT_YOKED,0.06526688916464848,0.13764,1.6643288996372432,3.7333333333333334,50
20261093,0.0,NO_FEEDBACK,-0.031476084057472674,0.042986666666666666,0.8701754385964912,1.6,50
20261093,40.0,SELF_CONTINGENT,0.06477424490606702,0.16301333333333334,3.0873737373737375,8.666666666666666,50
20261093,40.0,CROSS_AGENT_YOKED,0.04688473883202879,0.13313333333333333,1.6558872305140961,3.826666666666673,50
20261093,40.0,NO_FEEDBACK,0.012388629476269222,0.04441333333333333,0.902710027100271,1.7333333333333334,50
20261093,20.0,SELF_CONTINGENT,0.07984686592041573,0.14726666666666666,2.7021406727828747,6.74666666666667,50
20261093,20.0,CROSS_AGENT_YOKED,0.04003111616828363,0.12168,1.540253164556962,3.7333333333333334,50
20261093,20.0,NO_FEEDBACK,0.012531185858564668,0.0418,0.8277227722772277,1.6,50
20261093,10.0,SELF_CONTINGENT,0.0440841042873866,0.13958666666666666,2.561223241590214,6.8,50
20261093,10.0,CROSS_AGENT_YOKED,0.02988172070152145,0.11769333333333333,1.484153005464481,3.466666666666667,50
20261093,10.0,NO_FEEDBACK,0.006954816668270071,0.04342666666666667,0.8844534962661236,1.7333333333333334,50
20261093,5.0,SELF_CONTINGENT,0.013208479519630166,0.11765333333333333,2.1787654320987655,5.346666666666669,50
20261093,5.0,CROSS_AGENT_YOKED,0.023119084813513012,0.1022,1.3482849604221636,3.0666666666666664,50
20261093,5.0,NO_FEEDBACK,0.010814339608345986,0.043533333333333334,0.8671978751660027,1.7333333333333334,50
20261094,0.0,SELF_CONTINGENT,0.09314867042948015,0.17829333333333333,3.189505068574836,7.7866666666666635,50
20261094,0.0,CROSS_AGENT_YOKED,0.05151923560228893,0.14252,1.6400460299194475,3.466666666666667,50
20261094,0.0,NO_FEEDBACK,0.047056618469002914,0.04272,0.8360078277886497,1.6,50
20261094,40.0,SELF_CONTINGENT,0.11017940230701509,0.16374666666666668,2.939796529024536,7.573333333333342,50
20261094,40.0,CROSS_AGENT_YOKED,-0.008164292245424408,0.12477333333333333,1.4424662813102118,3.0666666666666664,50
20261094,40.0,NO_FEEDBACK,-0.013812923883289278,0.04208,0.8267190569744597,1.6,50
20261094,20.0,SELF_CONTINGENT,0.09907362533412804,0.16209333333333334,2.899701848539058,7.733333333333333,50
20261094,20.0,CROSS_AGENT_YOKED,0.05665561104065033,0.13677333333333333,1.5922390376406674,3.3333333333333335,50
20261094,20.0,NO_FEEDBACK,0.007809181027743418,0.04237333333333333,0.8341207349081365,1.6,50
20261094,10.0,SELF_CONTINGENT,0.05481694277344493,0.13606666666666667,2.3379152348224514,6.1199999999999966,50
20261094,10.0,CROSS_AGENT_YOKED,0.030818559859288393,0.11470666666666667,1.4126436781609195,3.1866666666666634,50
20261094,10.0,NO_FEEDBACK,0.007106467421548105,0.04173333333333333,0.8231426692965155,1.6,50
20261094,5.0,SELF_CONTINGENT,0.01653526814848636,0.12697333333333333,2.116222222222222,5.333333333333333,50
20261094,5.0,CROSS_AGENT_YOKED,0.004798850204538816,0.10196,1.2525798525798526,2.533333333333333,50
20261094,5.0,NO_FEEDBACK,0.0017930700735023153,0.04156,0.8181102362204724,1.6,50
20261095,0.0,SELF_CONTINGENT,0.042495471208106005,0.16337333333333334,3.2415343915343917,8.933333333333334,50
20261095,0.0,CROSS_AGENT_YOKED,0.041361372162239035,0.13424,1.6390720390720392,3.6,50
20261095,0.0,NO_FEEDBACK,0.0240514829822307,0.04376,0.8734530938123752,1.6,50
20261095,40.0,SELF_CONTINGENT,0.08120977492282204,0.15389333333333333,2.948148148148148,7.840000000000009,50
20261095,40.0,CROSS_AGENT_YOKED,0.060026123708058716,0.12389333333333333,1.5486666666666666,3.466666666666667,50
20261095,40.0,NO_FEEDBACK,0.023065066544193952,0.042826666666666666,0.8565333333333334,1.6,50
20261095,20.0,SELF_CONTINGENT,0.060805819527914855,0.14381333333333332,2.708349026993095,6.533333333333333,50
20261095,20.0,CROSS_AGENT_YOKED,0.04426787514468868,0.12125333333333334,1.5100041511000415,3.466666666666667,50
20261095,20.0,NO_FEEDBACK,-0.0002302806966317963,0.04204,0.8527383367139959,1.4666666666666666,50
20261095,10.0,SELF_CONTINGENT,0.03984260995385647,0.13254666666666667,2.505608065532451,6.4,50
20261095,10.0,CROSS_AGENT_YOKED,0.011173154534436422,0.10952,1.4204928664072631,3.0666666666666664,50
20261095,10.0,NO_FEEDBACK,-0.0019128979138306047,0.04253333333333333,0.8523714094856379,1.6,50
20261095,5.0,SELF_CONTINGENT,0.010377342518822615,0.12237333333333333,2.270377241805813,5.733333333333333,50
20261095,5.0,CROSS_AGENT_YOKED,0.008165285469570592,0.10252,1.368758344459279,2.933333333333333,50
20261095,5.0,NO_FEEDBACK,0.0032582531646791367,0.04308,0.8703030303030302,1.7333333333333334,50
20261096,0.0,SELF_CONTINGENT,0.14521950011942292,0.17276,3.1933456561922364,8.533333333333333,50
20261096,0.0,CROSS_AGENT_YOKED,0.07772208359531958,0.14250666666666667,1.6493827160493826,3.6,50
20261096,0.0,NO_FEEDBACK,0.028154441984106927,0.044866666666666666,0.8832020997375328,1.7333333333333334,50
20261096,40.0,SELF_CONTINGENT,0.1181107640441199,0.15914666666666666,2.88832425892317,7.066666666666666,50
20261096,40.0,CROSS_AGENT_YOKED,0.06748971714234962,0.12710666666666667,1.586849771119434,3.3333333333333335,50
20261096,40.0,NO_FEEDBACK,0.048713559894041206,0.04345333333333333,0.8453955901426718,1.6,50
20261096,20.0,SELF_CONTINGENT,0.09442903952241664,0.15905333333333332,2.8555356074207063,7.253333333333337,50
20261096,20.0,CROSS_AGENT_YOKED,0.022387985699940844,0.13157333333333332,1.538869395711501,3.466666666666667,50
20261096,20.0,NO_FEEDBACK,0.02371778517459392,0.04461333333333333,0.8764898493778651,1.7333333333333334,50
20261096,10.0,SELF_CONTINGENT,0.04230143361150824,0.14094666666666666,2.434312032239493,6.160000000000006,50
20261096,10.0,CROSS_AGENT_YOKED,0.035096217054414014,0.11854666666666666,1.465348166460651,3.2,50
20261096,10.0,NO_FEEDBACK,0.0037870380914242956,0.04358666666666667,0.8563195808775377,1.7333333333333334,50
20261096,5.0,SELF_CONTINGENT,0.015923576175353053,0.12796,2.2488576449912125,5.333333333333333,50
20261096,5.0,CROSS_AGENT_YOKED,0.013028628481111502,0.10384,1.2947630922693267,2.7866666666666635,50
20261096,5.0,NO_FEEDBACK,0.004329182322196089,0.04392,0.8611764705882353,1.7333333333333334,50
20261097,0.0,SELF_CONTINGENT,0.09909977265658065,0.1618,3.1417475728155337,7.733333333333333,50
20261097,0.0,CROSS_AGENT_YOKED,0.02499675992383997,0.12932,1.5268004722550177,3.3333333333333335,50
20261097,0.0,NO_FEEDBACK,0.007383270934815569,0.04478666666666667,0.9311157311157312,1.8666666666666667,50
20261097,40.0,SELF_CONTINGENT,0.10195297784778831,0.15432,2.9394285714285715,7.280000000000003,50
20261097,40.0,CROSS_AGENT_YOKED,0.03687150736192646,0.12374666666666667,1.5202293202293202,3.2,50
20261097,40.0,NO_FEEDBACK,0.018913081913206814,0.04476,0.9267080745341615,1.8666666666666667,50
20261097,20.0,SELF_CONTINGENT,0.07596957881202601,0.15226666666666666,2.8675455116133084,7.2,50
20261097,20.0,CROSS_AGENT_YOKED,0.04699138856945076,0.12244,1.549873417721519,3.3333333333333335,50
20261097,20.0,NO_FEEDBACK,0.020580338880432866,0.044853333333333335,0.9210130047912388,1.7333333333333334,50
20261097,10.0,SELF_CONTINGENT,0.05240229519253772,0.12830666666666668,2.430050505050505,6.0,50
20261097,10.0,CROSS_AGENT_YOKED,0.02349287370242608,0.10501333333333333,1.336047497879559,2.8666666666666667,50
20261097,10.0,NO_FEEDBACK,0.01428296259074267,0.041666666666666664,0.8520790729379686,1.6,50
20261097,5.0,SELF_CONTINGENT,0.011645831647813382,0.12194666666666666,2.2922305764411024,5.2,50
20261097,5.0,CROSS_AGENT_YOKED,0.02220986951344397,0.10272,1.3375,2.933333333333333,50
20261097,5.0,NO_FEEDBACK,0.0075435446590253466,0.04252,0.8821576763485477,1.6,50
20261098,0.0,SELF_CONTINGENT,0.11594677296018142,0.16690666666666668,3.197445721583653,8.253333333333337,50
20261098,0.0,CROSS_AGENT_YOKED,0.006180231956670941,0.13925333333333334,1.5932875667429443,3.293333333333339,50
20261098,0.0,NO_FEEDBACK,0.07313904591838412,0.04890666666666667,0.9333333333333333,1.7333333333333334,50
20261098,40.0,SELF_CONTINGENT,0.08797219414908765,0.16614666666666666,3.134842767295597,7.74666666666667,50
20261098,40.0,CROSS_AGENT_YOKED,0.024734022471843118,0.14068,1.6453801169590643,3.5466666666666695,50
20261098,40.0,NO_FEEDBACK,-0.016240163932758633,0.048626666666666665,0.9279898218829516,1.7333333333333334,50
20261098,20.0,SELF_CONTINGENT,0.07919722438710282,0.15592,2.9253283302063786,7.440000000000001,50
20261098,20.0,CROSS_AGENT_YOKED,0.012300929214845529,0.13606666666666667,1.5970266040688577,3.8666666666666667,50
20261098,20.0,NO_FEEDBACK,-0.002897441250204306,0.04918666666666666,0.9495495495495496,1.8666666666666667,50
20261098,10.0,SELF_CONTINGENT,0.04922561885677821,0.14513333333333334,2.7280701754385963,7.186666666666671,50
20261098,10.0,CROSS_AGENT_YOKED,0.04596356399469201,0.12652,1.5026128266033254,3.0666666666666664,50
20261098,10.0,NO_FEEDBACK,0.007680437623003084,0.048946666666666666,0.9394753678822777,1.7333333333333334,50
20261098,5.0,SELF_CONTINGENT,0.02367514415447061,0.12864,2.3095152603231597,5.6,50
20261098,5.0,CROSS_AGENT_YOKED,0.01813457385758788,0.11141333333333334,1.373777229757501,2.933333333333333,50
20261098,5.0,NO_FEEDBACK,0.006766658393489092,0.04768,0.916923076923077,1.7333333333333334,50
20261099,0.0,SELF_CONTINGENT,0.10509015903840564,0.19728,3.5291592128801432,9.093333333333332,50
20261099,0.0,CROSS_AGENT_YOKED,0.023187633109602684,0.1562,1.7491601343784995,4.0,50
20261099,0.0,NO_FEEDBACK,-0.021835218447245557,0.04986666666666666,0.9462365591397849,1.7333333333333334,50
20261099,40.0,SELF_CONTINGENT,0.1509384404829833,0.17677333333333334,3.128731563421829,8.74666666666667,50
20261099,40.0,CROSS_AGENT_YOKED,0.05360960527948984,0.14570666666666668,1.6709480122324158,3.7333333333333334,50
20261099,40.0,NO_FEEDBACK,0.060774286563322746,0.04868,0.9343570057581574,1.7333333333333334,50
20261099,20.0,SELF_CONTINGENT,0.10138243474490566,0.16972,2.96195462478185,8.4,50
20261099,20.0,CROSS_AGENT_YOKED,0.05716616986072134,0.13712,1.5742824339839263,3.3333333333333335,50
20261099,20.0,NO_FEEDBACK,0.017389797560159643,0.049506666666666664,0.9484035759897829,1.8666666666666667,50
20261099,10.0,SELF_CONTINGENT,0.06840775936713023,0.15618666666666667,2.721022067363531,7.293333333333339,50
20261099,10.0,CROSS_AGENT_YOKED,0.052652731309397044,0.12798666666666667,1.5146351084812624,3.280000000000003,50
20261099,10.0,NO_FEEDBACK,0.014848624905225054,0.05146666666666667,0.9897435897435898,1.880000000000003,50
20261099,5.0,SELF_CONTINGENT,0.019420070804182787,0.13650666666666667,2.4640192539109504,6.0,50
20261099,5.0,CROSS_AGENT_YOKED,0.018797414888672533,0.11492,1.384578313253012,2.933333333333333,50
20261099,5.0,NO_FEEDBACK,0.00690472551344343,0.04852,0.9172022684310018,1.7333333333333334,50
20261100,0.0,SELF_CONTINGENT,0.17866704117733656,0.15697333333333333,3.0303732303732303,7.6400000000000015,50
20261100,0.0,CROSS_AGENT_YOKED,0.054718247751742555,0.12689333333333333,1.6247545881348697,3.2,50
20261100,0.0,NO_FEEDBACK,0.10579308969803548,0.04206666666666667,0.8673539518900344,1.6,50
20261100,40.0,SELF_CONTINGENT,0.12696627291762747,0.15285333333333334,2.8785938480853734,7.6,50
20261100,40.0,CROSS_AGENT_YOKED,0.10813598776328051,0.12317333333333333,1.52253811289658,3.0933333333333395,50
20261100,40.0,NO_FEEDBACK,0.032004695106400145,0.04174666666666667,0.8572210814510609,1.6,50
20261100,20.0,SELF_CONTINGENT,0.0857792928263349,0.15030666666666667,2.820012507817386,7.706666666666668,50
20261100,20.0,CROSS_AGENT_YOKED,0.03987101187789893,0.12353333333333333,1.4865623746490173,3.2,50
20261100,20.0,NO_FEEDBACK,0.0005285719724661277,0.041826666666666665,0.857103825136612,1.6,50
20261100,10.0,SELF_CONTINGENT,0.05220239432491263,0.13590666666666668,2.530850403476102,6.8,50
20261100,10.0,CROSS_AGENT_YOKED,0.017664508203741856,0.11052,1.3627620221948213,2.8,50
20261100,10.0,NO_FEEDBACK,0.005269331872528145,0.04201333333333333,0.8680440771349862,1.6,50
20261100,5.0,SELF_CONTINGENT,0.02061052606714022,0.12053333333333334,2.244568590937306,5.6,50
20261100,5.0,CROSS_AGENT_YOKED,0.020457132016475425,0.0992,1.3173970783532536,2.8,50
20261100,5.0,NO_FEEDBACK,0.00413004486915766,0.041626666666666666,0.8636237897648686,1.6,50
20261101,0.0,SELF_CONTINGENT,0.06968490413035175,0.16996,3.1708955223880597,7.933333333333334,50
20261101,0.0,CROSS_AGENT_YOKED,0.050795521590992154,0.13244,1.6250306748466257,3.466666666666667,50
20261101,0.0,NO_FEEDBACK,0.007097411802109225,0.042133333333333335,0.8563685636856369,1.7333333333333334,50
20261101,40.0,SELF_CONTINGENT,0.06268308971227554,0.15996,2.995505617977528,7.386666666666663,50
20261101,40.0,CROSS_AGENT_YOKED,0.07139187536233398,0.12702666666666668,1.5878333333333332,3.3333333333333335,50
20261101,40.0,NO_FEEDBACK,0.0013697045627245068,0.04194666666666667,0.8543109300746775,1.7333333333333334,50
20261101,20.0,SELF_CONTINGENT,0.04458541008109655,0.13374666666666668,2.495273631840796,6.266666666666667,50
20261101,20.0,CROSS_AGENT_YOKED,0.022119496644739695,0.10721333333333333,1.4181657848324514,2.7333333333333334,50
20261101,20.0,NO_FEEDBACK,0.024988816480889946,0.0426,0.8765432098765432,1.7333333333333334,50
20261101,10.0,SELF_CONTINGENT,0.034676768476313215,0.12768,2.474418604651163,6.4,50
20261101,10.0,CROSS_AGENT_YOKED,0.025918819940834264,0.10498666666666667,1.3459829059829058,2.8,50
20261101,10.0,NO_FEEDBACK,0.0063352681375463266,0.04244,0.8608519269776876,1.7333333333333334,50
20261101,5.0,SELF_CONTINGENT,0.009645161751115643,0.11868,2.2519924098671726,5.653333333333338,50
20261101,5.0,CROSS_AGENT_YOKED,0.013617190103114522,0.09642666666666666,1.2555555555555555,2.5733333333333426,50
20261101,5.0,NO_FEEDBACK,0.009506573938881721,0.04133333333333333,0.8522336769759451,1.7333333333333334,50
20261102,0.0,SELF_CONTINGENT,0.06855379375055597,0.18202666666666667,3.527648578811369,9.066666666666666,50
20261102,0.0,CROSS_AGENT_YOKED,0.03209439167129639,0.14678666666666668,1.7248726987857421,3.6,50
20261102,0.0,NO_FEEDBACK,-0.021867516243843078,0.043386666666666664,0.8764983164983166,1.7333333333333334,50
20261102,40.0,SELF_CONTINGENT,0.07242698481148416,0.15992,2.9614814814814814,7.066666666666666,50
20261102,40.0,CROSS_AGENT_YOKED,0.03745430561221551,0.12668,1.5411192214111924,3.3333333333333335,50
20261102,40.0,NO_FEEDBACK,0.021334996369225923,0.04322666666666666,0.8785907859078591,1.7333333333333334,50
20261102,20.0,SELF_CONTINGENT,0.06602081774198407,0.14212,2.5839999999999996,6.280000000000003,50
20261102,20.0,CROSS_AGENT_YOKED,0.0284884839466699,0.11649333333333334,1.4708754208754207,3.3333333333333335,50
20261102,20.0,NO_FEEDBACK,0.0005737593456004241,0.042813333333333335,0.8614352783366868,1.6,50
20261102,10.0,SELF_CONTINGENT,0.037660589805018775,0.14048,2.558834244080146,6.533333333333333,50
20261102,10.0,CROSS_AGENT_YOKED,0.03688089457674855,0.11398666666666667,1.3833333333333333,2.933333333333333,50
20261102,10.0,NO_FEEDBACK,0.0018655943094449516,0.043026666666666664,0.8674731182795699,1.6,50
20261102,5.0,SELF_CONTINGENT,0.023718789850757448,0.12757333333333334,2.366852195423624,5.626666666666665,50
20261102,5.0,CROSS_AGENT_YOKED,0.026527327067218425,0.1046,1.3223767383059417,2.8,50
20261102,5.0,NO_FEEDBACK,0.00835947025431152,0.043133333333333336,0.8661311914323963,1.6,50
20261103,0.0,SELF_CONTINGENT,0.15017374386988724,0.15706666666666666,2.8714198659354055,6.8,50
20261103,0.0,CROSS_AGENT_YOKED,0.03355177373990603,0.12538666666666667,1.5198383838383838,3.3333333333333335,50
20261103,0.0,NO_FEEDBACK,0.0747265735738978,0.04432,0.8330827067669172,1.6,50
20261103,40.0,SELF_CONTINGENT,0.10876179101359741,0.16912,3.047207207207207,7.066666666666666,50
20261103,40.0,CROSS_AGENT_YOKED,0.012156569836115192,0.13802666666666666,1.654996003197442,3.6,50
20261103,40.0,NO_FEEDBACK,0.015114767668276085,0.042653333333333335,0.8155513065646909,1.6,50
20261103,20.0,SELF_CONTINGENT,0.06434901520298915,0.15332,2.767509025270758,6.8,50
20261103,20.0,CROSS_AGENT_YOKED,0.013723496267844373,0.12578666666666666,1.5100440176070429,3.2,50
20261103,20.0,NO_FEEDBACK,-0.01680713696048661,0.04428,0.8450381679389313,1.7333333333333334,50
20261103,10.0,SELF_CONTINGENT,0.05004480311834361,0.13729333333333332,2.4171361502347417,5.866666666666666,50
20261103,10.0,CROSS_AGENT_YOKED,0.03149441530833956,0.11316,1.3699757869249394,2.933333333333333,50
20261103,10.0,NO_FEEDBACK,0.0031721864712965855,0.0438,0.8186915887850468,1.6,50
20261103,5.0,SELF_CONTINGENT,0.01478980577878648,0.12968,2.295221238938053,5.466666666666667,50
20261103,5.0,CROSS_AGENT_YOKED,0.015446029867260172,0.10534666666666667,1.3335021097046411,2.933333333333333,50
20261103,5.0,NO_FEEDBACK,0.005217410544061823,0.043653333333333336,0.8236477987421383,1.6,50
20261104,0.0,SELF_CONTINGENT,0.12541345903883572,0.18474666666666667,3.4149106592729512,8.933333333333334,50
20261104,0.0,CROSS_AGENT_YOKED,0.0387885861296753,0.14941333333333334,1.7766151407055093,4.0,50
20261104,0.0,NO_FEEDBACK,0.030029465707421953,0.04608,0.9271629778672033,1.8666666666666667,50
20261104,40.0,SELF_CONTINGENT,0.09498920280277835,0.17644,3.3103189493433396,8.666666666666666,50
20261104,40.0,CROSS_AGENT_YOKED,0.02599472714511249,0.14118666666666665,1.6474523531699727,3.7333333333333334,50
20261104,40.0,NO_FEEDBACK,0.002039407012439521,0.045386666666666665,0.9300546448087432,1.7333333333333334,50
20261104,20.0,SELF_CONTINGENT,0.08250896199367572,0.1644,3.0332103321033212,8.373333333333342,50
20261104,20.0,CROSS_AGENT_YOKED,0.03580374356728962,0.13618666666666668,1.6309780439121757,3.466666666666667,50
20261104,20.0,NO_FEEDBACK,0.00416373263939711,0.04532,0.917408906882591,1.7333333333333334,50
20261104,10.0,SELF_CONTINGENT,0.0519930536565241,0.15290666666666666,2.6920187793427233,6.933333333333334,50
20261104,10.0,CROSS_AGENT_YOKED,0.03172270012961417,0.12154666666666666,1.435025580480126,3.2,50
20261104,10.0,NO_FEEDBACK,0.007520778647024602,0.044373333333333334,0.9000676132521974,1.7333333333333334,50
20261104,5.0,SELF_CONTINGENT,0.028824917140551385,0.14033333333333334,2.528528528528528,6.0,50
20261104,5.0,CROSS_AGENT_YOKED,0.023167780158541696,0.11293333333333333,1.35249500998004,2.933333333333333,50
20261104,5.0,NO_FEEDBACK,0.013659682654601485,0.04444,0.9050916496945011,1.7333333333333334,50
20261105,0.0,SELF_CONTINGENT,0.09308608651785924,0.1726,3.522448979591837,10.8,50
20261105,0.0,CROSS_AGENT_YOKED,0.030416932670971942,0.14009333333333332,1.7063743402354852,3.8666666666666667,50
20261105,0.0,NO_FEEDBACK,0.027135263803049623,0.043546666666666664,0.8905248807089298,1.7333333333333334,50
20261105,40.0,SELF_CONTINGENT,0.11864021580572867,0.15762666666666666,3.139973439575033,8.653333333333338,50
20261105,40.0,CROSS_AGENT_YOKED,0.04829648396880142,0.12468,1.5094430992736076,3.2,50
20261105,40.0,NO_FEEDBACK,0.00541467877115083,0.04273333333333333,0.8865836791147995,1.7200000000000044,50
20261105,20.0,SELF_CONTINGENT,0.07624803559540463,0.14062666666666668,2.846693657219973,7.293333333333332,50
20261105,20.0,CROSS_AGENT_YOKED,0.03564595638131002,0.11808,1.504203821656051,3.1466666666666696,50
20261105,20.0,NO_FEEDBACK,0.00017117785659554095,0.04312,0.902092050209205,1.7333333333333334,50
20261105,10.0,SELF_CONTINGENT,0.06907812732635804,0.12929333333333334,2.540144073346431,6.133333333333333,50
20261105,10.0,CROSS_AGENT_YOKED,0.03572778612261184,0.11006666666666666,1.4444444444444444,3.05333333333333,50
20261105,10.0,NO_FEEDBACK,0.01268437554956905,0.042826666666666666,0.8903672903672903,1.7333333333333334,50
20261105,5.0,SELF_CONTINGENT,0.016804981542411362,0.11652,2.2891944990176816,5.493333333333331,50
20261105,5.0,CROSS_AGENT_YOKED,0.024285502860842058,0.09846666666666666,1.3470132238942087,2.933333333333333,50
20261105,5.0,NO_FEEDBACK,0.01053121165503934,0.04204,0.8740124740124741,1.7333333333333334,50
20261106,0.0,SELF_CONTINGENT,0.09414857452542451,0.17616,3.174054054054054,8.373333333333342,50
20261106,0.0,CROSS_AGENT_YOKED,0.03477279933302873,0.14273333333333332,1.5754231052244299,3.466666666666667,50
20261106,0.0,NO_FEEDBACK,0.012371202754837605,0.0502,0.9127272727272727,1.6133333333333364,50
20261106,40.0,SELF_CONTINGENT,0.12012980256212677,0.16494666666666666,2.8786503781268182,6.773333333333342,50
20261106,40.0,CROSS_AGENT_YOKED,0.07231494199618609,0.13692,1.5453724604966141,3.3333333333333335,50
20261106,40.0,NO_FEEDBACK,0.058657040580463726,0.04974666666666667,0.9044848484848484,1.6133333333333364,50
20261106,20.0,SELF_CONTINGENT,0.11073708749526845,0.16369333333333333,2.892108362779741,7.3999999999999995,50
20261106,20.0,CROSS_AGENT_YOKED,0.047825548098053366,0.13104,1.5131639722863741,3.466666666666667,50
20261106,20.0,NO_FEEDBACK,0.03461469722205523,0.049506666666666664,0.9067155067155067,1.6,50
20261106,10.0,SELF_CONTINGENT,0.04300727083567792,0.1442,2.486206896551724,6.14666666666667,50
20261106,10.0,CROSS_AGENT_YOKED,0.03115080086600529,0.12038666666666667,1.3805810397553517,3.2,50
20261106,10.0,NO_FEEDBACK,0.010544977683273506,0.04896,0.9033210332103321,1.7333333333333334,50
20261106,5.0,SELF_CONTINGENT,0.013372716375154556,0.13472,2.306849315068493,5.6,50
20261106,5.0,CROSS_AGENT_YOKED,0.019543722451093162,0.11556,1.3547479484173506,3.0666666666666664,50
20261106,5.0,NO_FEEDBACK,0.00466849049857377,0.04985333333333333,0.9147400611620795,1.7333333333333334,50
20261107,0.0,SELF_CONTINGENT,0.06516914888497878,0.1818,3.543859649122807,8.773333333333335,50
20261107,0.0,CROSS_AGENT_YOKED,-0.0174648624628202,0.14821333333333334,1.7771382893685053,3.7333333333333334,50
20261107,0.0,NO_FEEDBACK,-0.03216844644889451,0.042173333333333334,0.8589273591310251,1.6,50
20261107,40.0,SELF_CONTINGENT,0.10485443952245498,0.16148,3.14775828460039,7.840000000000002,50
20261107,40.0,CROSS_AGENT_YOKED,0.05591351245973533,0.13066666666666665,1.61516275236918,3.7333333333333334,50
20261107,40.0,NO_FEEDBACK,-0.0232115547259036,0.04264,0.875564681724846,1.7333333333333334,50
20261107,20.0,SELF_CONTINGENT,0.09164725456250301,0.15462666666666666,2.9793192035966602,7.333333333333333,50
20261107,20.0,CROSS_AGENT_YOKED,0.03087821965890204,0.12573333333333334,1.5427402862985684,3.3333333333333335,50
20261107,20.0,NO_FEEDBACK,0.013633423040288061,0.04185333333333333,0.8576502732240437,1.6,50
20261107,10.0,SELF_CONTINGENT,0.05403846693478646,0.13941333333333333,2.6354127284183995,6.8,50
20261107,10.0,CROSS_AGENT_YOKED,0.03467288899747289,0.11377333333333334,1.473747841105354,2.933333333333333,50
20261107,10.0,NO_FEEDBACK,0.0025781030087394293,0.04294666666666667,0.8658602150537634,1.6,50
20261107,5.0,SELF_CONTINGENT,0.00884826925349735,0.1212,2.3041825095057034,5.733333333333333,50
20261107,5.0,CROSS_AGENT_YOKED,0.01908207632853951,0.10164,1.3251629726205998,2.8,50
20261107,5.0,NO_FEEDBACK,0.009013417524452087,0.041253333333333336,0.8470910335386721,1.6,50
20261108,0.0,SELF_CONTINGENT,0.07919054848335126,0.17412,3.3484615384615384,7.733333333333333,50
20261108,0.0,CROSS_AGENT_YOKED,0.008182221237077873,0.14052,1.7348148148148148,4.133333333333333,50
20261108,0.0,NO_FEEDBACK,0.0016331584731731248,0.04512,0.891699604743083,1.7333333333333334,50
20261108,40.0,SELF_CONTINGENT,0.09368768521814878,0.16088,3.081992337164751,7.733333333333333,50
20261108,40.0,CROSS_AGENT_YOKED,-0.010677802064115487,0.13196,1.633168316831683,3.6,50
20261108,40.0,NO_FEEDBACK,-0.004007938710880357,0.04482666666666667,0.8929614873837982,1.7333333333333334,50
20261108,20.0,SELF_CONTINGENT,0.0777161001329936,0.15105333333333335,2.860858585858586,6.840000000000002,50
20261108,20.0,CROSS_AGENT_YOKED,0.02540053255260758,0.12254666666666666,1.5395309882747068,3.2666666666666666,50
20261108,20.0,NO_FEEDBACK,0.01881333669333352,0.04325333333333333,0.8531229454306377,1.7333333333333334,50
20261108,10.0,SELF_CONTINGENT,0.04369322425895242,0.13486666666666666,2.520872274143302,6.8,50
20261108,10.0,CROSS_AGENT_YOKED,0.03302233613178294,0.11182666666666667,1.4101723413198823,2.933333333333333,50
20261108,10.0,NO_FEEDBACK,0.0002992988074831171,0.04549333333333333,0.9062416998671979,1.8666666666666667,50
20261108,5.0,SELF_CONTINGENT,0.019754427983848855,0.12252,2.2688888888888887,5.466666666666667,50
20261108,5.0,CROSS_AGENT_YOKED,0.021015484147423383,0.10170666666666667,1.3072836332476434,2.8,50
20261108,5.0,NO_FEEDBACK,0.010125908731197146,0.04326666666666667,0.8705566733735748,1.7333333333333334,50
20261109,0.0,SELF_CONTINGENT,0.14260443489852317,0.1522,3.01984126984127,6.8,50
20261109,0.0,CROSS_AGENT_YOKED,0.07013778603360901,0.12485333333333333,1.6803947958725884,3.6,50
20261109,0.0,NO_FEEDBACK,0.08007258803175996,0.039053333333333336,0.8489855072463769,1.4666666666666666,50
20261109,40.0,SELF_CONTINGENT,0.06668710158935261,0.1488,2.987951807228916,6.840000000000002,50
20261109,40.0,CROSS_AGENT_YOKED,0.03289023836190226,0.11993333333333334,1.567755991285403,3.3333333333333335,50
20261109,40.0,NO_FEEDBACK,-0.0006216537209118199,0.0394,0.8546637744034706,1.6,50
20261109,20.0,SELF_CONTINGENT,0.0649335263980811,0.13826666666666668,2.7271531886916502,6.533333333333333,50
20261109,20.0,CROSS_AGENT_YOKED,0.04218012971585225,0.11126666666666667,1.4246692274861288,2.933333333333333,50
20261109,20.0,NO_FEEDBACK,-0.005380180677273559,0.04022666666666667,0.8707070707070707,1.4666666666666666,50
20261109,10.0,SELF_CONTINGENT,0.02982662944252961,0.12913333333333332,2.537000654878847,6.293333333333332,50
20261109,10.0,CROSS_AGENT_YOKED,0.026402575544321207,0.10621333333333334,1.4086648983200707,2.8933333333333393,50
20261109,10.0,NO_FEEDBACK,-0.0014099563538067727,0.0398,0.8633405639913233,1.6,50
20261109,5.0,SELF_CONTINGENT,0.007419836418462691,0.11752,2.2090225563909773,5.720000000000004,50
20261109,5.0,CROSS_AGENT_YOKED,0.017006759602285017,0.09542666666666667,1.327213722763097,2.933333333333333,50
20261109,5.0,NO_FEEDBACK,0.004174129980253859,0.03888,0.8470588235294118,1.4666666666666666,50
20261110,0.0,SELF_CONTINGENT,0.11636723564081912,0.16002666666666668,3.3338888888888887,8.666666666666666,50
20261110,0.0,CROSS_AGENT_YOKED,0.0012086139277175591,0.13694666666666666,1.6823914823914823,3.693333333333339,50
20261110,0.0,NO_FEEDBACK,-0.01682988531832953,0.04225333333333333,0.910632183908046,1.7333333333333334,50
20261110,40.0,SELF_CONTINGENT,0.10043696067274904,0.14477333333333334,3.0035961272475795,8.266666666666666,50
20261110,40.0,CROSS_AGENT_YOKED,0.041943338026193336,0.12316,1.5709183673469387,3.466666666666667,50
20261110,40.0,NO_FEEDBACK,0.01510608621266148,0.04117333333333333,0.8873563218390804,1.7333333333333334,50
20261110,20.0,SELF_CONTINGENT,0.07780892614403337,0.13909333333333335,2.940662438336857,7.813333333333336,50
20261110,20.0,CROSS_AGENT_YOKED,0.032799614843240746,0.11429333333333333,1.5158267020335987,3.0666666666666664,50
20261110,20.0,NO_FEEDBACK,0.0029448935916296147,0.040413333333333336,0.8691039426523298,1.6,50
20261110,10.0,SELF_CONTINGENT,0.05203090398864614,0.12962666666666667,2.6727147766323025,7.2,50
20261110,10.0,CROSS_AGENT_YOKED,0.025675692265518052,0.10948,1.423667100130039,3.2,50
20261110,10.0,NO_FEEDBACK,-0.0007861999663323896,0.04050666666666667,0.8600141542816702,1.7333333333333334,50
20261110,5.0,SELF_CONTINGENT,0.012318946118468812,0.11538666666666667,2.3548299319727892,5.333333333333333,50
20261110,5.0,CROSS_AGENT_YOKED,0.014566748060177664,0.09585333333333333,1.2953153153153152,2.813333333333336,50
20261110,5.0,NO_FEEDBACK,-0.00423526616704168,0.039786666666666665,0.8341020265548567,1.6,50
20261111,0.0,SELF_CONTINGENT,0.13694186297888117,0.17621333333333333,3.6332646048109964,9.066666666666666,50
20261111,0.0,CROSS_AGENT_YOKED,0.06999187550477264,0.13642666666666667,1.6476650563607085,3.6,50
20261111,0.0,NO_FEEDBACK,0.06229946496371775,0.04064,0.8758620689655172,1.6,50
20261111,40.0,SELF_CONTINGENT,0.13891541650382985,0.16664,3.3461847389558232,8.533333333333333,50
20261111,40.0,CROSS_AGENT_YOKED,0.0797857131440045,0.13816,1.7555273189326555,4.133333333333333,50
20261111,40.0,NO_FEEDBACK,0.047222915790538215,0.04132,0.884796573875803,1.7333333333333334,50
20261111,20.0,SELF_CONTINGENT,0.08807378700363673,0.14962666666666666,2.9925333333333333,7.74666666666667,50
20261111,20.0,CROSS_AGENT_YOKED,0.044583725858459475,0.11764,1.481612090680101,3.3333333333333335,50
20261111,20.0,NO_FEEDBACK,0.01813870508526259,0.04058666666666667,0.8747126436781609,1.7333333333333334,50
20261111,10.0,SELF_CONTINGENT,0.049373424647171274,0.13121333333333332,2.57281045751634,6.8,50
20261111,10.0,CROSS_AGENT_YOKED,0.030187994607918465,0.10461333333333334,1.4117858749437697,3.2,50
20261111,10.0,NO_FEEDBACK,-0.0012233933500287644,0.040266666666666666,0.8622412562455389,1.6,50
20261111,5.0,SELF_CONTINGENT,0.01922359702146001,0.12053333333333334,2.322414900449582,5.466666666666667,50
20261111,5.0,CROSS_AGENT_YOKED,0.021375829375003152,0.10114666666666666,1.3686964366260712,3.0933333333333395,50
20261111,5.0,NO_FEEDBACK,0.009939588415192704,0.04121333333333333,0.8750176928520877,1.7333333333333334,50
20261112,0.0,SELF_CONTINGENT,0.09253024519403223,0.1742,3.4223968565815324,8.0,50
20261112,0.0,CROSS_AGENT_YOKED,0.04994625301880274,0.14144,1.8368831168831168,3.6133333333333364,50
20261112,0.0,NO_FEEDBACK,-0.005951881502559009,0.038386666666666666,0.8684766214177979,1.7333333333333334,50
20261112,40.0,SELF_CONTINGENT,0.12468698249143984,0.15501333333333334,3.0817760106030483,7.733333333333333,50
20261112,40.0,CROSS_AGENT_YOKED,0.03037654795514371,0.12650666666666666,1.6239623448866067,3.6,50
20261112,40.0,NO_FEEDBACK,0.02788488815514835,0.03836,0.8620224719101124,1.7333333333333334,50
20261112,20.0,SELF_CONTINGENT,0.09631230220194884,0.15481333333333333,3.0716931216931216,7.693333333333332,50
20261112,20.0,CROSS_AGENT_YOKED,0.025443889234231,0.12052,1.609078771695594,3.6,50
20261112,20.0,NO_FEEDBACK,-0.013234933993476585,0.03866666666666667,0.872836719337848,1.7333333333333334,50
20261112,10.0,SELF_CONTINGENT,0.06648273968841385,0.14208,2.6858223062381854,6.666666666666667,50
20261112,10.0,CROSS_AGENT_YOKED,0.03610856769887542,0.10906666666666667,1.4294451725644386,2.933333333333333,50
20261112,10.0,NO_FEEDBACK,0.010911817617148623,0.039053333333333336,0.8756352765321375,1.7333333333333334,50
20261112,5.0,SELF_CONTINGENT,0.024388307651656133,0.12121333333333334,2.2784461152882205,5.466666666666667,50
20261112,5.0,CROSS_AGENT_YOKED,0.01746848532049152,0.10129333333333333,1.3913919413919413,3.0666666666666664,50
20261112,5.0,NO_FEEDBACK,0.0036329677220482454,0.03778666666666667,0.851051051051051,1.7333333333333334,50
20261113,0.0,SELF_CONTINGENT,0.07436466418255779,0.18938666666666668,3.593674889310563,9.38666666666667,50
20261113,0.0,CROSS_AGENT_YOKED,0.026381180773368897,0.15592,1.8214953271028036,3.8666666666666667,50
20261113,0.0,NO_FEEDBACK,0.03189820917931371,0.04556,0.8863813229571985,1.7333333333333334,50
20261113,40.0,SELF_CONTINGENT,0.10432403618687874,0.17234666666666668,3.094195092758827,8.320000000000004,50
20261113,40.0,CROSS_AGENT_YOKED,0.04893388511207497,0.14133333333333334,1.7048652995577,3.8666666666666667,50
20261113,40.0,NO_FEEDBACK,0.011304196080338703,0.045173333333333336,0.8771521035598705,1.7333333333333334,50
20261113,20.0,SELF_CONTINGENT,0.0836510523813842,0.15977333333333332,2.8429418742586003,7.453333333333338,50
20261113,20.0,CROSS_AGENT_YOKED,0.04477225982978941,0.12589333333333333,1.518616807398472,3.2,50
20261113,20.0,NO_FEEDBACK,0.017436190796046955,0.04408,0.864313725490196,1.6133333333333364,50
20261113,10.0,SELF_CONTINGENT,0.06040668410556997,0.14176,2.478321678321678,6.386666666666663,50
20261113,10.0,CROSS_AGENT_YOKED,0.038912815151195254,0.11934666666666667,1.4224870878029399,3.0666666666666664,50
20261113,10.0,NO_FEEDBACK,0.004216938112158945,0.04472,0.875146771037182,1.7333333333333334,50
20261113,5.0,SELF_CONTINGENT,0.01826321255378471,0.13510666666666668,2.34968115942029,5.733333333333333,50
20261113,5.0,CROSS_AGENT_YOKED,0.010298539392486069,0.11406666666666666,1.3611774065234685,2.840000000000009,50
20261113,5.0,NO_FEEDBACK,0.0046159015706123225,0.04550666666666667,0.8819121447028423,1.6,50
20261114,0.0,SELF_CONTINGENT,0.08217737600345792,0.18481333333333333,3.5068943706514863,8.853333333333337,50
20261114,0.0,CROSS_AGENT_YOKED,0.008539799356123328,0.15464,1.7981395348837208,4.266666666666667,50
20261114,0.0,NO_FEEDBACK,0.007539091873281339,0.04468,0.8709551656920078,1.6,50
20261114,40.0,SELF_CONTINGENT,0.13079386149059946,0.17793333333333333,3.4086845466155813,8.653333333333338,50
20261114,40.0,CROSS_AGENT_YOKED,0.07506588166073543,0.13852,1.633490566037736,3.6,50
20261114,40.0,NO_FEEDBACK,0.01994777065396564,0.045013333333333336,0.8826143790849672,1.7333333333333334,50
20261114,20.0,SELF_CONTINGENT,0.11191414312278951,0.16702666666666666,3.0759975445058316,7.6,50
20261114,20.0,CROSS_AGENT_YOKED,0.05365878044612354,0.13656,1.576905311778291,3.7333333333333334,50
20261114,20.0,NO_FEEDBACK,0.02185480946346367,0.045173333333333336,0.8874918140144074,1.7333333333333334,50
20261114,10.0,SELF_CONTINGENT,0.05356292401397422,0.14677333333333334,2.7281288723667902,6.573333333333335,50
20261114,10.0,CROSS_AGENT_YOKED,0.03903978514560962,0.12088,1.458142340168878,3.3333333333333335,50
20261114,10.0,NO_FEEDBACK,0.00588324920169105,0.043973333333333336,0.869038208168643,1.6,50
20261114,5.0,SELF_CONTINGENT,0.022304355091336478,0.13558666666666666,2.465212121212121,5.880000000000003,50
20261114,5.0,CROSS_AGENT_YOKED,0.019490269398363513,0.1054,1.3093167701863353,2.933333333333333,50
20261114,5.0,NO_FEEDBACK,0.005628445962323954,0.04377333333333333,0.8599869024230516,1.6,50
20261115,0.0,SELF_CONTINGENT,0.11477457020080217,0.17052,3.3699604743083005,8.866666666666667,50
20261115,0.0,CROSS_AGENT_YOKED,0.05051096198274459,0.14104,1.7674185463659147,3.8666666666666667,50
20261115,0.0,NO_FEEDBACK,0.0231465208146068,0.041466666666666666,0.8766737138830162,1.7333333333333334,50
20261115,40.0,SELF_CONTINGENT,0.07911831082505741,0.16376,3.2817635270541086,7.866666666666666,50
20261115,40.0,CROSS_AGENT_YOKED,0.06517539338554101,0.132,1.6097560975609755,3.3333333333333335,50
20261115,40.0,NO_FEEDBACK,0.0016887827172535157,0.04088,0.8516666666666667,1.480000000000003,50
20261115,20.0,SELF_CONTINGENT,0.08616206017933421,0.15037333333333333,2.8372327044025156,7.480000000000003,50
20261115,20.0,CROSS_AGENT_YOKED,0.0233668612338135,0.12610666666666667,1.5902480033627573,3.3333333333333335,50
20261115,20.0,NO_FEEDBACK,-0.009912422325612074,0.04126666666666667,0.8651292802236199,1.6533333333333378,50
20261115,10.0,SELF_CONTINGENT,0.04576526005168127,0.13504,2.6069498069498067,6.666666666666667,50
20261115,10.0,CROSS_AGENT_YOKED,0.04002455865602346,0.11278666666666666,1.4204869857262805,3.0266666666666726,50
20261115,10.0,NO_FEEDBACK,0.0033693653289239007,0.04124,0.8538302277432712,1.6,50
20261115,5.0,SELF_CONTINGENT,0.012791634684900428,0.11730666666666667,2.184481688392303,5.2,50
20261115,5.0,CROSS_AGENT_YOKED,0.012203438058874685,0.0966,1.2897196261682242,2.8,50
20261115,5.0,NO_FEEDBACK,-0.0032771817448137923,0.040413333333333336,0.8490196078431372,1.6,50
