training_seed,arm,parameter_count,updates,batch_size,sequence_steps_per_fit,training_seconds,initial_loss,final_10_update_loss,parameters_json
830100,SENSORY_SITE,4,60,16,153600,0.852863875,0.6198598146438599,0.6255226612091065,"{""raw"":[2.388333559036255,0.5740472674369812,-0.052356161177158356,-0.578140377998352]}"
830100,OUTPUT_SITE,4,60,16,153600,0.8328088340000002,0.903386116027832,0.6335434019565582,"{""raw"":[2.2333884239196777,0.6992983222007751,0.012852783314883709,-0.4395581781864166]}"
830100,NO_FEEDBACK,4,60,16,153600,0.8014244159999997,0.6654039621353149,0.6479303359985351,"{""raw"":[2.2089436054229736,0.7118201851844788,0.05890398100018501,-0.19653695821762085]}"
830100,GENERIC_RNN,4,60,16,153600,0.678860625,0.8368526697158813,0.6506982326507569,"{""raw"":[0.5553256869316101,0.6586344838142395,0.07227183133363724,0.32640859484672546]}"
830100,GRU_8,321,60,16,153600,1.072084041,1.8986438512802124,0.6399946212768555,"{""gru.weight_ih"":[-0.09501774609088898,-0.3953177034854889,-0.1191854178905487,0.2640281021595001,0.28468120098114014,-0.1448458880186081,0.17728467285633087,-0.2386380136013031,-0.09797998517751694,-0.20909377932548523,-0.3350435793399811,-0.2346605658531189,-0.4863201081752777,-0.21247634291648865,-0.054810166358947754,0.4695141911506653,-0.39074215292930603,0.2403779774904251,-0.1883036196231842,-0.1285640448331833,0.2099103033542633,-0.10033981502056122,0.199384406208992,0.27406805753707886,0.1418202519416809,0.31378087401390076,-0.43614643812179565,0.09715571999549866,-0.15491729974746704,-0.1661127358675003,-0.011446024291217327,0.17512018978595734,0.28119373321533203,0.03348023444414139,-0.8460571765899658,0.07642197608947754,-0.05617712810635567,-0.2932376563549042,0.47074565291404724,0.0024533066898584366,-0.47898414731025696,0.04206483066082001,0.43037235736846924,0.39235594868659973,-0.3221711814403534,-0.46972033381462097,0.23089072108268738,0.055843062698841095,-0.14694544672966003,-0.14790867269039154,-0.2381504774093628,0.1938118040561676,-0.05230136215686798,0.11884406954050064,0.08768618106842041,0.11069734394550323,0.26396816968917847,-0.5463607907295227,-0.06898391246795654,-0.49465104937553406,0.19935868680477142,0.35091692209243774,-0.04228081554174423,0.5760644674301147,0.11567600816488266,0.27802690863609314,0.07211373746395111,0.13382622599601746,-0.05933744087815285,0.11212814599275589,0.434482604265213,-0.18036451935768127],""gru.weight_hh"":[0.13498835265636444,0.016479795798659325,0.4265827536582947,0.10721510648727417,-0.1413063406944275,0.062460120767354965,0.21122093498706818,0.07271983474493027,0.2224014699459076,-0.2596215307712555,0.46457719802856445,-0.321959912776947,0.15077389776706696,0.030109254643321037,-0.12441013008356094,-0.01989685744047165,-0.2840266823768616,-0.004963592626154423,0.1771000176668167,-0.19848722219467163,-0.1347215324640274,0.2949107885360718,-0.38332703709602356,0.14613556861877441,0.28139084577560425,-0.04704112187027931,-0.2712537944316864,0.3501831591129303,-0.20866894721984863,-0.16291607916355133,-0.013218805193901062,0.2570243179798126,-0.318269819021225,0.16816143691539764,-0.3439868688583374,0.06568149477243423,0.10784313082695007,-0.21491314470767975,-0.5424381494522095,0.13622893393039703,-0.28532183170318604,0.22410297393798828,0.3418689966201782,0.07019094377756119,0.03008037991821766,0.06576736271381378,-0.0892828032374382,-0.12603303790092468,0.30174392461776733,-0.3056877851486206,-0.041887663304805756,-0.12102306634187698,0.0043322015553712845,0.24721892178058624,-0.15974931418895721,0.1429426372051239,-0.08912699669599533,-0.20236274600028992,-0.06119786947965622,-0.3724077343940735,-0.010710583068430424,0.1801845282316208,-0.4028922915458679,0.32146430015563965,-0.14801055192947388,-0.1783854216337204,0.26797109842300415,-0.5001382827758789,0.0724446177482605,-0.10529565811157227,0.15101711452007294,0.03985504433512688,-0.33357781171798706,-0.5304880738258362,-0.04551900178194046,0.02750573679804802,-0.5035548806190491,-0.5799963474273682,0.35847553610801697,0.13756407797336578,0.19576872885227203,0.269476979970932,-0.022240111604332924,0.30097344517707825,-0.07241404801607132,0.23860228061676025,-0.25703561305999756,-0.0743984654545784,-0.06435149908065796,-0.7614992260932922,-0.3899827301502228,0.1390286237001419,-0.05289682000875473,-0.6318920254707336,-0.33779212832450867,0.43776077032089233,-0.5045356750488281,-0.08487628400325775,0.536383330821991,-0.27922385931015015,0.22660699486732483,0.5992670655250549,0.31782421469688416,0.30856823921203613,-0.3979872167110443,-0.7899703979492188,0.17963860929012299,0.3623964190483093,0.08900735527276993,-0.358767032623291,0.3128693997859955,0.5953242182731628,0.4891565442085266,0.06259767711162567,-0.03007376566529274,-0.020360568538308144,-0.2708694040775299,0.46688711643218994,-0.09076551347970963,-0.42405009269714355,-0.06770238280296326,0.13149192929267883,0.3422310948371887,-0.33937546610832214,-0.21543490886688232,0.19195017218589783,0.07310110330581665,0.3252214789390564,-0.24634361267089844,0.18613645434379578,-0.19763803482055664,-0.04615911841392517,-0.2684082090854645,0.2634606957435608,0.23243951797485352,-0.13490629196166992,-0.15678180754184723,0.3373616635799408,-0.017992952838540077,-0.44583559036254883,-0.07124334573745728,0.2706318199634552,0.4827698767185211,-0.11215377599000931,0.12386031448841095,0.19056053459644318,-0.27508804202079773,0.280162513256073,-0.3051476776599884,0.13310788571834564,-0.15076065063476562,-0.03286720812320709,0.2520301938056946,0.20641694962978363,0.07777640223503113,0.22074367105960846,-0.3971638083457947,-0.4219212830066681,-0.086353600025177,0.2322557270526886,-0.10985363274812698,0.3351716697216034,-0.04074123129248619,-0.46690744161605835,0.08473921567201614,0.32027897238731384,0.13928717374801636,0.2525980770587921,-0.0226106159389019,0.08418923616409302,-0.07554782927036285,-0.048257920891046524,0.04013841226696968,-0.17614209651947021,-0.1597062349319458,-0.08969857543706894,0.024331053718924522,0.1394800841808319,-0.2946901023387909,0.05888417735695839,0.0989239513874054,-0.1997515857219696,-0.25359803438186646,-0.29836687445640564,0.030378378927707672,-0.17241348326206207,0.3757476508617401,-0.21589095890522003,-0.2759186625480652,0.3169421851634979,0.03927622362971306,0.1299773007631302],""gru.bias_ih"":[-0.13107258081436157,-0.18742014467716217,0.037024859338998795,-0.24062278866767883,-0.08374584466218948,-0.06417367607355118,0.12320268899202347,-0.1651444435119629,-0.2835622727870941,-0.5080813765525818,0.39957430958747864,-0.37192896008491516,-0.616492748260498,-0.3868967890739441,-0.030491402372717857,-0.1125408262014389,0.28923413157463074,0.27566763758659363,-0.10984308272600174,-0.09042255580425262,8.472318586427718e-05,0.2827237546443939,-0.15729257464408875,-0.21907947957515717],""gru.bias_hh"":[-0.29975971579551697,0.011957090348005295,-0.30978289246559143,0.20195119082927704,0.3251199722290039,-0.016193296760320663,-0.07209429889917374,-0.07163269072771072,0.029475539922714233,-0.27704325318336487,-0.10991838574409485,-0.7179238796234131,-0.4941641688346863,-0.33558201789855957,-0.079473115503788,-0.00036863144487142563,-0.324383020401001,0.14334002137184143,-0.13145913183689117,0.09683674573898315,-0.2350189983844757,0.272170752286911,-0.03973102942109108,-0.13055787980556488],""head.weight"":[-0.21050968766212463,0.18651580810546875,0.03695354983210564,-0.5853912234306335,0.24822770059108734,0.4713660478591919,-0.19047965109348297,0.026049401611089706],""head.bias"":[-0.1501951962709427]}"
830101,SENSORY_SITE,4,60,16,153600,0.8435260829999995,0.6152805089950562,0.6272903084754944,"{""raw"":[2.43656849861145,0.49456775188446045,0.19773949682712555,-0.5342375040054321]}"
830101,OUTPUT_SITE,4,60,16,153600,0.8500612080000005,0.7436109781265259,0.6619628429412842,"{""raw"":[2.21003794670105,0.7163485884666443,0.1732625961303711,-0.5067477822303772]}"
830101,NO_FEEDBACK,4,60,16,153600,0.8108867090000009,0.8410965204238892,0.7242368400096894,"{""raw"":[2.179760694503784,0.6617552042007446,0.24304638803005219,-0.07774162292480469]}"
830101,GENERIC_RNN,4,60,16,153600,0.6865935000000007,0.7776802182197571,0.7410099983215332,"{""raw"":[0.5281739234924316,0.642920196056366,0.07249633967876434,0.2978595495223999]}"
830101,GRU_8,321,60,16,153600,1.075481709,1.938004732131958,0.6313662052154541,"{""gru.weight_ih"":[-0.1881035417318344,-0.29204946756362915,-0.07019610702991486,-0.3568860590457916,-0.15359708666801453,0.003937026020139456,-0.035870593041181564,-0.09633385390043259,-0.03341025114059448,-0.06323486566543579,-0.2717479169368744,-0.02895025536417961,0.857719898223877,-0.32055148482322693,0.2769937813282013,-0.39227285981178284,-0.0376913882791996,-0.03656555712223053,-0.19177256524562836,-0.23118376731872559,-0.03247077018022537,-0.5692293047904968,-0.274409681558609,0.2832232117652893,-0.27670609951019287,0.3009706139564514,-0.23157967627048492,0.11243148148059845,-0.511522114276886,-0.16867883503437042,0.41882961988449097,0.10254327207803726,0.02041400969028473,-0.22642381489276886,-0.7586382627487183,0.529484212398529,-0.17648708820343018,-0.5552558302879333,0.17595608532428741,0.09564659744501114,-0.4371383488178253,0.5314756035804749,0.077114038169384,-0.03743620961904526,0.25136661529541016,0.30190813541412354,0.012915541417896748,-0.07274222373962402,0.012518663890659809,0.12499164044857025,-0.07848332077264786,0.5009629726409912,-0.21286487579345703,0.36946097016334534,0.018367284908890724,-0.2265787124633789,0.25148946046829224,0.6024307012557983,0.28921085596084595,0.19543428719043732,-0.4960007965564728,0.004130505956709385,-0.21072006225585938,-0.39798590540885925,-0.11479876935482025,-0.1021791398525238,-0.5054054260253906,-0.19160445034503937,0.10963945835828781,-0.0011815278558060527,0.0535547249019146,0.09653979539871216],""gru.weight_hh"":[-0.052662357687950134,-0.1674993336200714,0.259927898645401,0.04769030213356018,-0.06073734164237976,-0.3977198898792267,-0.24302859604358673,-0.24816124141216278,0.20579533278942108,-0.2028147280216217,0.26850712299346924,-0.28151893615722656,0.12954173982143402,0.03794752433896065,0.284981906414032,-0.24597853422164917,-0.42842888832092285,0.28383201360702515,-0.03312500938773155,0.33084288239479065,-0.5032333135604858,0.3362387418746948,0.2112940549850464,0.10374084115028381,0.13253478705883026,-0.32543396949768066,0.08160967379808426,-0.04807997867465019,0.24116738140583038,-0.290523886680603,-0.17711782455444336,-0.43832287192344666,-0.3522009551525116,0.33048734068870544,-0.09584163874387741,0.39653608202934265,0.07577802985906601,0.059340719133615494,-0.16302484273910522,0.1748361885547638,0.1589086502790451,-0.1231258288025856,-0.07147841900587082,-0.15505047142505646,0.14408327639102936,-0.07148856669664383,0.03637094795703888,0.07393098622560501,-0.2860778868198395,-0.28772151470184326,0.3765191435813904,0.34567686915397644,-0.4892316460609436,0.10189332067966461,-0.35415908694267273,0.2583630383014679,0.2485104203224182,-0.32883504033088684,0.3661571145057678,-0.03713354840874672,-0.14524653553962708,0.3729768991470337,0.29624247550964355,-0.3359125852584839,0.27276477217674255,-0.08966519683599472,-0.00826989021152258,-0.46168479323387146,0.47300782799720764,0.37363332509994507,0.04278700053691864,-0.1910945028066635,-0.2710416615009308,-0.03199119493365288,-0.04246373847126961,0.05786613002419472,0.08940806239843369,-0.27312466502189636,-0.1999041587114334,-0.08475425094366074,-0.38534170389175415,-0.2779068350791931,0.35930705070495605,0.07524669915437698,0.2645566463470459,0.15118591487407684,0.06537898629903793,-0.282251238822937,-0.22093020379543304,0.7493113875389099,-0.14806245267391205,0.13747431337833405,-0.19354403018951416,-0.4870932996273041,-0.6826645135879517,0.13869190216064453,-0.2304225116968155,0.36202239990234375,-0.1295187771320343,0.20443010330200195,-0.13293524086475372,-0.415618360042572,-0.36177587509155273,0.31705906987190247,-0.3164908289909363,0.44096365571022034,0.04413347318768501,0.5180814266204834,-0.5772271156311035,-0.708249032497406,-0.07959728688001633,-0.10446206480264664,-0.10991301387548447,0.2863045930862427,0.10229647159576416,0.18988339602947235,-0.18761782348155975,-0.11690615117549896,-0.6127884387969971,0.05556977540254593,-0.1808479279279709,-0.13592633605003357,0.22938822209835052,-0.1425759494304657,-0.1691904217004776,0.3481287956237793,0.09396126121282578,0.0012452731607481837,-0.1553339660167694,-0.18087150156497955,0.1926783174276352,-0.07442769408226013,-0.26200342178344727,0.28660160303115845,0.22029918432235718,0.13788992166519165,-0.35786160826683044,-0.07388570159673691,-0.27775585651397705,0.41042760014533997,-0.23287460207939148,0.3121679425239563,-0.15192267298698425,0.3248829245567322,-0.2513978183269501,-0.16898472607135773,-0.2217680662870407,0.3861999213695526,-0.3514833450317383,-0.33596503734588623,-0.19187022745609283,-0.021693499758839607,0.09532057493925095,-0.030915305018424988,0.02709886245429516,-0.044753652065992355,-0.09530867636203766,-0.35098031163215637,-0.2563912868499756,-0.126881942152977,0.4273136854171753,-0.27287378907203674,-0.18339386582374573,-0.4410107433795929,-0.1707499474287033,0.13353794813156128,0.1300666332244873,-0.09205426275730133,-0.04767414182424545,-0.030286528170108795,0.28667205572128296,0.13414797186851501,-0.1427769809961319,0.36806520819664,-0.0882900133728981,-0.010461313650012016,0.03743818774819374,-0.35808631777763367,0.2874125838279724,-0.37514010071754456,-0.08126682043075562,0.11591654270887375,-0.26287248730659485,0.08042510598897934,0.2145814150571823,-0.08347566425800323,0.2747454345226288,0.0976925864815712,0.3525843322277069,-0.2573758661746979,0.426559716463089,-0.1472497135400772],""gru.bias_ih"":[0.032829124480485916,0.3426300883293152,0.22663596272468567,0.29290926456451416,0.2798580527305603,0.20127476751804352,-0.027655668556690216,-0.07684589177370071,0.18550728261470795,-0.31257474422454834,0.010344481095671654,-0.14724981784820557,-0.01512161921709776,-0.2851288914680481,-0.6640406847000122,0.02653723768889904,-0.025796379894018173,-0.2385127991437912,0.14951081573963165,-0.18805354833602905,0.0952012836933136,0.048014283180236816,0.34053757786750793,-0.30111026763916016],""gru.bias_hh"":[0.01630115695297718,-0.195054292678833,-0.2559677064418793,-0.14721956849098206,0.3700583577156067,0.2494574636220932,-0.14188440144062042,0.007409105077385902,-0.1748257726430893,-0.32904520630836487,0.140930637717247,0.19678273797035217,-0.1657361090183258,-0.12891989946365356,-0.6437064409255981,-0.08160219341516495,-0.1576310694217682,-0.14274266362190247,0.25177836418151855,-0.1235293373465538,-0.3019520342350006,0.3361859917640686,-0.1551845222711563,0.3510783314704895],""head.weight"":[0.02054452709853649,0.4070211350917816,0.23153212666511536,0.24236415326595306,-0.21848651766777039,-0.4159036874771118,-0.2136642336845398,-0.11816132813692093],""head.bias"":[0.261123925447464]}"
830102,SENSORY_SITE,4,60,16,153600,0.8435570000000006,0.5988041758537292,0.606147313117981,"{""raw"":[2.4426932334899902,0.6591761708259583,0.3689585328102112,-0.5056508183479309]}"
830102,OUTPUT_SITE,4,60,16,153600,0.8473403340000001,0.6458417177200317,0.692235016822815,"{""raw"":[2.2145018577575684,0.7017550468444824,0.08816535770893097,-0.48567068576812744]}"
830102,NO_FEEDBACK,4,60,16,153600,0.8120537500000005,0.7605460286140442,0.6909422099590301,"{""raw"":[2.2080495357513428,0.7005281448364258,0.05148930102586746,0.1739472597837448]}"
830102,GENERIC_RNN,4,60,16,153600,0.6535227499999987,0.8438177108764648,0.678782194852829,"{""raw"":[0.5742613673210144,0.6644432544708252,0.054089926183223724,0.3500543534755707]}"
830102,GRU_8,321,60,16,153600,1.065944666,1.6951868534088135,0.6445725917816162,"{""gru.weight_ih"":[-0.1420840173959732,0.14345566928386688,-0.08580741286277771,-0.3266681432723999,-0.2869563400745392,-0.4899020493030548,0.32466477155685425,0.008859207853674889,-0.04210783913731575,0.3662955164909363,-0.01762254722416401,0.349569171667099,-0.44090184569358826,-0.10576266050338745,0.21243776381015778,-0.4532400965690613,-0.5177347660064697,-0.05580650269985199,-0.016699863597750664,-0.25208261609077454,0.011234452947974205,-0.20696066319942474,-0.08710170537233353,-0.09481740742921829,0.23041607439517975,-0.3300139605998993,-0.02120051719248295,0.16809789836406708,-0.36664721369743347,-0.07615479081869125,0.16026651859283447,-0.3385266363620758,-0.2339099943637848,-0.12484341859817505,-0.867460310459137,-0.18573060631752014,-0.0729626789689064,-0.5674493908882141,0.023209452629089355,-0.21546562016010284,-0.12125670164823532,0.544246256351471,-0.12446737289428711,-0.2853303849697113,0.2540261745452881,-0.21813145279884338,0.4564433991909027,0.49717801809310913,0.43883225321769714,-0.18075479567050934,0.41179487109184265,-0.4565359950065613,-0.07493995875120163,-0.30916208028793335,-0.2549537718296051,0.3013940751552582,-0.2430415004491806,0.5547803640365601,0.030678756535053253,-0.10153451561927795,-0.5261515378952026,-0.29796522855758667,-0.12607544660568237,0.5980419516563416,0.330653578042984,0.31998521089553833,0.20564082264900208,-0.02245217189192772,-0.12916886806488037,0.12803801894187927,-0.10331252962350845,0.14919328689575195],""gru.weight_hh"":[0.08289287239313126,0.45677193999290466,0.2895311415195465,-0.03127134218811989,-0.02630382403731346,0.5752952694892883,-0.030257396399974823,0.06736556440591812,0.025042707100510597,0.1370251476764679,0.5017136931419373,-0.3446978032588959,-0.4235115051269531,0.4049830734729767,-0.05900551751255989,0.0720638632774353,0.45538753271102905,0.11692731082439423,0.002119082259014249,0.005109493620693684,-0.4014871120452881,-0.0957941859960556,0.10340467840433121,0.14534984529018402,0.27848726511001587,-0.2210228443145752,0.3362719714641571,-0.015037121251225471,0.030473634600639343,0.5819147825241089,-0.08044074475765228,0.37714773416519165,0.0682811290025711,0.2536516785621643,-0.26742714643478394,-0.49817898869514465,0.18211902678012848,-0.10894907265901566,-0.1511518806219101,-0.19740119576454163,0.16039201617240906,0.4316253662109375,0.1719258576631546,-0.23926107585430145,0.19117870926856995,-0.20070284605026245,-0.21236543357372284,-0.5063267946243286,-0.44439446926116943,0.10165686160326004,-0.12416153401136398,-0.563140869140625,-0.05409625172615051,-0.13605402410030365,-0.007392739411443472,-0.4210737645626068,0.12899044156074524,0.14777405560016632,-0.34151431918144226,-0.3402058184146881,-0.1894715577363968,-0.13377146422863007,0.2964693009853363,-0.5838028788566589,0.13294805586338043,0.416714072227478,0.18181832134723663,0.04208045452833176,0.22598718106746674,0.14209316670894623,-0.07151727378368378,-0.06759260594844818,0.3958304226398468,0.47876492142677307,0.5136533975601196,-0.13427463173866272,-0.03252144530415535,-0.12640276551246643,-0.10074183344841003,-0.8019963502883911,0.3233371376991272,0.0959174633026123,0.22621336579322815,-0.346993625164032,0.34187331795692444,-0.09573142975568771,0.01246927585452795,-0.09066049754619598,0.2232174426317215,-0.0789591521024704,-0.0029964945279061794,-0.0025511763524264097,-0.12131378799676895,0.4578746259212494,-0.17782482504844666,-0.2626897394657135,0.6454769968986511,-0.19388508796691895,0.2501808702945709,0.45999473333358765,-0.5479379296302795,0.19878050684928894,-0.2159002274274826,0.039419692009687424,0.3200860023498535,-0.14214952290058136,0.4244113862514496,-0.08316508680582047,-0.5188288688659668,0.19703707098960876,0.10300499945878983,-0.34911268949508667,-0.016417425125837326,-0.3594561815261841,0.2833026945590973,0.34383267164230347,-0.14135974645614624,0.40188515186309814,-0.15244120359420776,-0.09982200711965561,0.10437938570976257,0.06401050090789795,-0.23490357398986816,-0.11462634801864624,-0.17786481976509094,-0.05986697971820831,-0.02790464274585247,0.35873717069625854,-0.199982687830925,0.2486942857503891,0.07542864233255386,0.2328302264213562,-0.40883785486221313,-0.08471241593360901,0.25724872946739197,0.03193286433815956,-0.23850080370903015,0.24200300872325897,0.22711198031902313,0.028158195316791534,-0.031417082995176315,0.07472976297140121,-0.07650202512741089,-0.2942940294742584,-0.03816099837422371,-0.05003571882843971,0.1573244035243988,0.05558641254901886,0.08016054332256317,0.1600782871246338,-0.027936970815062523,0.13231515884399414,-0.18511247634887695,-0.18534661829471588,-0.02295566536486149,0.24764862656593323,-0.23652969300746918,0.32284387946128845,-0.17213232815265656,0.4074651002883911,0.07327358424663544,0.31444892287254333,-0.2829282283782959,-0.21832147240638733,0.013801799155771732,-0.39449650049209595,-0.28320178389549255,-0.16002684831619263,0.083273746073246,-0.2812207043170929,0.0962899848818779,0.2727121114730835,-0.0026877718046307564,-0.09461461752653122,-0.15483996272087097,0.3453289866447449,0.26391878724098206,0.24956652522087097,0.14474716782569885,0.1493518203496933,-0.26495715975761414,0.18945106863975525,0.18795810639858246,0.05569150671362877,-0.35990408062934875,-0.46034663915634155,-0.12087725847959518,-0.004212016239762306,0.022890951484441757,-0.33730828762054443,0.017268002033233643,-0.48183929920196533],""gru.bias_ih"":[-0.48942163586616516,-0.3538941442966461,-0.35282036662101746,-0.07971630245447159,-0.019214268773794174,-0.45541656017303467,0.24684415757656097,0.17082977294921875,-0.19921772181987762,-0.3164255619049072,0.013304665684700012,-0.039575494825839996,0.008891917765140533,-0.5843163728713989,-0.18801027536392212,-0.12183260172605515,-0.3582245707511902,-0.21030838787555695,-0.17218169569969177,0.09757359325885773,0.15371157228946686,-0.29325130581855774,0.22731338441371918,-0.1781209111213684],""gru.bias_hh"":[-0.5218722820281982,-0.2263341099023819,-0.30916261672973633,0.34407877922058105,-0.03313132002949715,-0.0018647530814632773,-0.18456409871578217,0.42066919803619385,-0.4546028673648834,-0.6201086640357971,0.1649641990661621,0.2951391935348511,0.02983558177947998,-0.5664301514625549,0.15428757667541504,0.2638442814350128,0.05517153441905975,0.29607483744621277,0.006639793049544096,0.08683149516582489,0.1628667414188385,-0.11214906722307205,-0.06463950872421265,0.12024012953042984],""head.weight"":[0.18039868772029877,-0.1336481273174286,-0.15412983298301697,0.6366406679153442,-0.4899086058139801,0.2060628980398178,0.18042175471782684,-0.016548022627830505],""head.bias"":[0.11086268723011017]}"
830103,SENSORY_SITE,4,60,16,153600,0.8432968329999984,0.6346078515052795,0.5735097050666809,"{""raw"":[2.484896659851074,0.4837471842765808,0.23834139108657837,-0.4377868175506592]}"
830103,OUTPUT_SITE,4,60,16,153600,0.8694273330000009,0.698611855506897,0.6511890649795532,"{""raw"":[2.1756181716918945,0.7360507845878601,0.1894640326499939,-0.34337472915649414]}"
830103,NO_FEEDBACK,4,60,16,153600,0.8106691250000004,0.6639304161071777,0.6344822824001313,"{""raw"":[2.2145442962646484,0.717538595199585,-4.8038666136562824e-05,-0.04005667567253113]}"
830103,GENERIC_RNN,4,60,16,153600,0.6551745000000011,0.8708239793777466,0.6991036534309387,"{""raw"":[0.5709444284439087,0.6641190648078918,0.048850543797016144,0.35359716415405273]}"
830103,GRU_8,321,60,16,153600,1.0706822500000008,1.5109740495681763,0.5832268357276916,"{""gru.weight_ih"":[-0.19877889752388,0.006061950698494911,0.04532800614833832,-0.30152592062950134,-0.05313459038734436,0.1412971019744873,0.03026505373418331,0.1416066437959671,-0.032298486679792404,0.10374429821968079,-0.13323171436786652,-0.16509699821472168,0.11002150177955627,-0.1539214551448822,0.026786305010318756,0.20603956282138824,0.1314818412065506,-0.3851630985736847,-0.1324249804019928,-0.1589704155921936,-0.45316991209983826,-0.09476913511753082,-0.702951967716217,-0.12162574380636215,-0.01635715179145336,-0.20583222806453705,0.20768769085407257,-0.32034897804260254,-0.21334902942180634,0.08074308186769485,0.2191144824028015,-0.3949775993824005,-0.39895379543304443,-0.08879951387643814,-0.6772372722625732,-0.45585811138153076,0.14740175008773804,-0.4093502461910248,-0.28900146484375,0.09465991705656052,-0.517486572265625,0.3423527181148529,0.19688035547733307,0.05275171622633934,0.27903711795806885,-0.5611793398857117,-0.23026183247566223,0.6225963830947876,0.03206392750144005,-0.37973710894584656,0.3749240040779114,-0.5076218843460083,-0.2266763299703598,0.1589185744524002,0.5040463209152222,-0.027918759733438492,0.027410393580794334,0.40070846676826477,0.11731196194887161,0.2949828803539276,-0.5984324812889099,0.17227216064929962,-0.29650944471359253,-0.6581869125366211,-0.3377695083618164,-0.1979280263185501,0.3846765458583832,0.10064184665679932,0.20367580652236938,-0.256133496761322,-0.5149142742156982,0.14407524466514587],""gru.weight_hh"":[0.26918214559555054,0.36991241574287415,-0.22583253681659698,-0.1669185757637024,0.2870149314403534,0.3388936221599579,0.2170538604259491,-0.2476506233215332,-0.009878474287688732,0.10751223564147949,-0.09405345469713211,-0.1468314677476883,0.3315775990486145,0.27327969670295715,-0.3347833454608917,0.051292676478624344,0.1157645732164383,-0.5216463208198547,0.2022029459476471,0.32807448506355286,0.22142843902111053,-0.18202070891857147,0.35074397921562195,-0.061419855803251266,-0.01627165824174881,-0.5404719710350037,-0.2915498912334442,-0.326099693775177,0.13963207602500916,0.08771390467882156,0.07842009514570236,0.34865131974220276,0.05983936786651611,-0.08540742844343185,0.2868899405002594,0.14849506318569183,0.060798924416303635,-0.3846818208694458,-0.3615596294403076,-0.2000209540128708,-0.12585581839084625,0.16662171483039856,-0.20000223815441132,-0.026902835816144943,0.2509801983833313,0.32332396507263184,-0.3568715453147888,-0.1728086918592453,-0.36536839604377747,0.3443309962749481,-0.3009163439273834,-0.43402788043022156,0.18921338021755219,0.41854819655418396,0.376322865486145,0.07720673084259033,-0.022032542154192924,0.26230132579803467,-0.25184765458106995,-0.41539832949638367,0.25455668568611145,0.027466967701911926,0.3072505593299866,0.24449989199638367,0.27623867988586426,-0.1474364548921585,0.027425581589341164,-0.2117232084274292,0.024921581149101257,0.3265421986579895,-0.1970885843038559,0.007983580231666565,-0.3088024854660034,0.04102925956249237,0.20128533244132996,0.3452185392379761,0.0070441123098134995,-0.015524879097938538,0.18332329392433167,-0.6991980671882629,-0.30856460332870483,0.3595920503139496,-0.2531128525733948,-0.26883557438850403,0.3282734155654907,0.42131492495536804,-0.23343484103679657,-0.391115665435791,-0.31597059965133667,-0.25346702337265015,0.3126184344291687,-0.26004713773727417,0.5207431316375732,0.31524422764778137,0.2213221937417984,-0.0896979421377182,0.030867401510477066,0.44293949007987976,-0.6483376026153564,-0.676354706287384,0.2498706579208374,0.22016935050487518,-0.27506014704704285,0.05265707150101662,0.19615861773490906,-0.41546300053596497,-0.3905627131462097,-0.21422865986824036,0.5542744994163513,0.14556832611560822,0.40079715847969055,-0.5448336005210876,0.08661403506994247,0.18113724887371063,0.03989148885011673,-0.482092022895813,0.09175597131252289,0.4973331093788147,0.4467315673828125,-0.5427129864692688,-0.09906644374132156,-0.5183917880058289,0.3448183238506317,-0.06895436346530914,-0.4591764509677887,-0.19306734204292297,0.07992776483297348,-0.5170634388923645,-0.35009855031967163,-0.25371280312538147,0.11258888989686966,-0.3445381224155426,-0.1682644635438919,-0.06748019903898239,0.3474586009979248,-0.33095651865005493,0.17734745144844055,0.0934794470667839,-0.2521386444568634,-0.036915551871061325,-0.09559693932533264,0.33238428831100464,-0.2597474753856659,0.3162444233894348,0.16576959192752838,-0.11310351639986038,-0.07094315439462662,-0.06256554275751114,-0.20744889974594116,-0.03869544714689255,-0.21051611006259918,0.007177829276770353,-0.2411082237958908,-0.3792247474193573,0.09821253269910812,0.20879344642162323,-0.22079253196716309,-0.36631911993026733,-0.1154249981045723,0.0833473652601242,0.12924666702747345,0.6380814909934998,-0.5114946365356445,-0.4026252031326294,0.15018640458583832,-0.07594924420118332,0.18004292249679565,-0.26891520619392395,-0.01891501247882843,0.28599780797958374,-0.12284558266401291,-0.2867881655693054,-0.037415701895952225,0.26715365052223206,-0.3567312955856323,-0.029044557362794876,0.3285093307495117,-0.4408590793609619,0.05967364087700844,0.43154850602149963,-0.26249051094055176,0.0998578742146492,-0.4374670088291168,0.2801305949687958,-0.12992295622825623,0.27044039964675903,-0.4960768520832062,-0.07795380800962448,-0.13238069415092468,0.36019912362098694,-0.2366294413805008,0.21100910007953644],""gru.bias_ih"":[0.2971603274345398,-0.2575705349445343,0.15721367299556732,0.33108335733413696,-0.22581887245178223,-0.004664256237447262,0.08950125426054001,0.19738750159740448,0.0016820281744003296,-0.21474649012088776,-0.4826416075229645,-0.7685189247131348,-0.5713337063789368,-0.5566935539245605,-0.24768562614917755,0.2645222246646881,0.10628112405538559,-0.09531626850366592,-0.0797465518116951,0.20137223601341248,-0.1574050784111023,-0.14735205471515656,-0.09455601125955582,0.21457085013389587],""gru.bias_hh"":[0.1967780590057373,-0.005872073583304882,0.034063972532749176,0.015188021585345268,-0.1838066279888153,-0.18201179802417755,0.010026289150118828,-0.4146437346935272,-0.3622759282588959,-0.07164071500301361,-0.3417396545410156,-0.8365828990936279,-0.4831237196922302,-0.20983029901981354,-0.3530004322528839,-0.23121656477451324,-0.02733072079718113,0.09392578154802322,0.2683863341808319,0.0491081140935421,-0.04306593909859657,-0.17170634865760803,-0.18637534976005554,0.06411579251289368],""head.weight"":[0.1358661949634552,-0.6447951793670654,0.3108025789260864,0.12188533693552017,-0.45519229769706726,-0.2448601871728897,0.1483912467956543,-0.32291048765182495],""head.bias"":[-0.0493193194270134]}"
830104,SENSORY_SITE,4,60,16,153600,0.8455669589999992,0.7493531703948975,0.5981635749340057,"{""raw"":[2.48783016204834,0.5365617871284485,0.14299359917640686,-0.4975700378417969]}"
830104,OUTPUT_SITE,4,60,16,153600,0.8397561249999974,0.7001468539237976,0.6521497428417206,"{""raw"":[2.1965746879577637,0.7273427248001099,-0.21265552937984467,-0.2945948541164398]}"
830104,NO_FEEDBACK,4,60,16,153600,0.8258803329999971,0.7702653408050537,0.6830066323280335,"{""raw"":[2.197108030319214,0.6861565113067627,-0.12781061232089996,0.12213972955942154]}"
830104,GENERIC_RNN,4,60,16,153600,0.6524050000000017,0.7953839898109436,0.691910719871521,"{""raw"":[0.5448839664459229,0.6540535688400269,0.0691327452659607,0.31940770149230957]}"
830104,GRU_8,321,60,16,153600,1.0774615420000018,2.0474348068237305,0.6432586550712586,"{""gru.weight_ih"":[-0.14875800907611847,-0.45413392782211304,0.1216423362493515,0.5353100299835205,-0.2388436496257782,0.2985181212425232,0.44406166672706604,0.3942030668258667,0.1359410434961319,-0.31356891989707947,-0.0806867927312851,-0.1355608105659485,-0.23802311718463898,-0.34536635875701904,0.4475659430027008,0.3840976059436798,-0.013879932463169098,-0.1653054803609848,-0.17660604417324066,-0.1461321860551834,0.3111169636249542,-0.13646411895751953,-0.10773372650146484,-0.3016357123851776,-0.3665243089199066,0.24113696813583374,0.10380783677101135,-0.26300403475761414,-0.4648068845272064,0.6126018166542053,-0.249812513589859,-0.12242966890335083,0.23886175453662872,0.040043026208877563,-0.23314456641674042,-0.020742572844028473,0.24613815546035767,-0.2954486012458801,-0.18857643008232117,0.10076520591974258,0.28529343008995056,0.21155664324760437,0.14980483055114746,0.0867602750658989,0.4911198318004608,-0.5139335989952087,0.035981740802526474,0.6195098161697388,-0.4252955913543701,-0.41869616508483887,-0.2710301876068115,-0.515255331993103,-0.1438634693622589,-0.11025246232748032,-0.26686590909957886,0.2657504677772522,-0.11869627237319946,-0.27225378155708313,0.12641309201717377,0.0875486433506012,0.5533986687660217,-0.36073145270347595,0.30618003010749817,-0.030390005558729172,-0.17555652558803558,0.32704997062683105,-0.0527983196079731,-0.0549926832318306,0.4949193000793457,-0.2267093062400818,-0.29033106565475464,0.21249599754810333],""gru.weight_hh"":[0.39018240571022034,0.08132673799991608,-0.2351844757795334,-0.28473812341690063,-0.00669069355353713,0.1071610376238823,0.3317989408969879,0.31546851992607117,0.018841706216335297,-0.2968953549861908,0.33684012293815613,-0.1340552717447281,0.1986478865146637,0.13727550208568573,-0.2544284462928772,0.017227791249752045,-0.27236390113830566,-0.6574254631996155,-0.3696039915084839,-0.3364918828010559,-0.04584711417555809,-0.30541518330574036,-0.2283506989479065,0.004290462471544743,-0.1735275536775589,-0.026748131960630417,0.33526208996772766,-0.2386166900396347,-0.29440176486968994,0.000834956590551883,0.11544207483530045,0.06652027368545532,-0.26433172821998596,0.569047749042511,0.14658576250076294,-0.017357878386974335,-0.2434220314025879,-0.44294917583465576,-0.12112914770841599,0.1307891607284546,-0.11265040189027786,-0.4292740821838379,-0.38047119975090027,-0.1464681178331375,0.32528990507125854,-0.27345213294029236,0.0904615968465805,0.15916457772254944,-0.17339958250522614,-0.0020492891781032085,-0.2927529811859131,0.07933727651834488,-0.37040603160858154,-0.03358824551105499,0.05275583267211914,-0.10182656347751617,0.11593476682901382,0.5298333168029785,-0.39478275179862976,0.10333286970853806,-0.17009317874908447,-0.16156549751758575,-0.05623236298561096,0.2132156789302826,-0.5201748609542847,-0.8283772468566895,-0.44116681814193726,-0.6280123591423035,0.7052070498466492,-0.5165257453918457,0.016926588490605354,0.06735006719827652,-0.32280734181404114,-0.3276185393333435,-0.5056205987930298,-0.7693208456039429,0.1462700366973877,-0.2678805887699127,-0.4026654064655304,-0.14968091249465942,0.14107224345207214,0.2869354784488678,-0.37467265129089355,-0.36037686467170715,0.12486043572425842,-0.07606756687164307,-0.35121679306030273,0.4666638970375061,-0.07666194438934326,0.24881665408611298,0.14444300532341003,0.11159135401248932,-0.4983820915222168,-0.4858701527118683,-0.4970117211341858,-0.38201841711997986,-0.3710516393184662,0.5058233737945557,-0.24047712981700897,-0.2660335302352905,-0.3942112326622009,-0.5087417960166931,-0.7901192903518677,0.4643363952636719,0.30606430768966675,-0.2972182631492615,0.06760811060667038,-0.268637478351593,-0.12493223696947098,0.33667320013046265,-0.06231647729873657,0.14205209910869598,-0.4371767044067383,-0.6197996139526367,-0.2992301881313324,-0.04477536678314209,0.30549734830856323,0.028848819434642792,0.09034167230129242,-0.17833538353443146,0.2638009488582611,-0.5335519909858704,-0.27192530035972595,0.07331067323684692,0.5083120465278625,0.36227947473526,0.5673568248748779,-0.10183709859848022,0.31541743874549866,0.43628594279289246,-0.05986836180090904,0.17546969652175903,-0.17959728837013245,0.20981663465499878,0.11784331500530243,-0.4413530230522156,-0.09981482475996017,0.25799646973609924,-0.12826910614967346,-0.18635183572769165,-0.7129958271980286,-0.43335407972335815,9.368942119181156e-05,-0.0474151149392128,0.07751354575157166,0.18878062069416046,-0.08399864286184311,0.16097722947597504,0.033435918390750885,0.046607855707407,-0.4348832964897156,0.14669811725616455,0.15222260355949402,0.3055439293384552,0.22788996994495392,0.21641235053539276,-0.15138503909111023,0.09197722375392914,0.37140193581581116,0.04959676414728165,-0.007895347662270069,-0.26490774750709534,-0.4372624158859253,0.13339462876319885,0.08891484886407852,0.1855836659669876,-0.10597088187932968,0.16360324621200562,-0.28292277455329895,0.6476196646690369,0.41077035665512085,-0.12326255440711975,-0.2333512008190155,-0.2527833878993988,-0.07117106765508652,-0.09583169221878052,-0.2939859628677368,0.20500491559505463,-0.14761324226856232,-0.1856132596731186,-0.33982935547828674,0.23129795491695404,-0.12268991768360138,0.06554988026618958,0.036663368344306946,0.034986063838005066,-0.14587806165218353,0.31613487005233765,-0.3709714114665985,0.33166369795799255,0.04141503572463989,-0.3245479166507721],""gru.bias_ih"":[0.29610776901245117,-0.11480411887168884,-0.3119930028915405,-0.02697012759745121,0.21877071261405945,-0.13453084230422974,-0.3082822561264038,-0.30493855476379395,-0.1756836324930191,-0.39871475100517273,0.17570286989212036,-0.22496768832206726,-0.13485142588615417,-0.04597846791148186,0.33300137519836426,0.45342132449150085,0.14918386936187744,0.23504498600959778,0.1330648511648178,0.12255199998617172,0.037390224635601044,0.3986307680606842,0.2266344577074051,-0.16802333295345306],""gru.bias_hh"":[0.01938522234559059,0.4172746539115906,0.08804262429475784,0.3319152295589447,0.1677349954843521,0.12726683914661407,0.2106303870677948,-0.14950546622276306,-0.15901966392993927,-0.01523387897759676,-0.010131056420505047,-0.20533841848373413,-0.11526412516832352,-0.34787753224372864,0.5568698644638062,-0.05596156045794487,-0.02725091762840748,-0.1838083565235138,-0.1331496685743332,0.1126401498913765,-0.06830792129039764,-0.1882602572441101,0.1285179853439331,0.03682064637541771],""head.weight"":[-0.35499629378318787,-0.4341222047805786,-0.04005550593137741,-0.25335270166397095,0.48576173186302185,-0.04868178814649582,0.049413051456213,-0.2275090515613556],""head.bias"":[0.11681769788265228]}"
830105,SENSORY_SITE,4,60,16,153600,0.8418104580000012,0.651179313659668,0.5875191211700439,"{""raw"":[2.4806346893310547,0.5674713253974915,0.10476855933666229,-0.450462281703949]}"
830105,OUTPUT_SITE,4,60,16,153600,0.8399427919999987,0.6051668524742126,0.6145171046257019,"{""raw"":[2.191239356994629,0.6899374723434448,-0.05616071820259094,-0.39010947942733765]}"
830105,NO_FEEDBACK,4,60,16,153600,0.8100544589999998,0.6286945939064026,0.6033542513847351,"{""raw"":[2.171750783920288,0.7484576106071472,0.026641489937901497,0.13890379667282104]}"
830105,GENERIC_RNN,4,60,16,153600,0.6600920410000022,0.7369335293769836,0.6543262898921967,"{""raw"":[0.585245668888092,0.6652818918228149,-0.004704582970589399,0.37037762999534607]}"
830105,GRU_8,321,60,16,153600,1.093422540999999,1.7302318811416626,0.5679543793201447,"{""gru.weight_ih"":[-0.14025399088859558,0.01922662742435932,0.23475712537765503,-0.5608230233192444,-0.08783522993326187,-0.11770202219486237,-0.2652212679386139,0.1453309804201126,-0.1288076639175415,0.31818485260009766,-0.3044760823249817,-0.031356215476989746,0.5194257497787476,-0.28991836309432983,0.17045094072818756,0.3891599178314209,0.0691070556640625,-0.24283462762832642,-0.11502213031053543,-0.287901908159256,-0.33592137694358826,-0.01768633909523487,-0.30973103642463684,0.5532920360565186,0.4223766624927521,-0.14201711118221283,0.4405297636985779,-0.1355869024991989,-0.15121783316135406,-0.16211573779582977,0.24271640181541443,-0.13862386345863342,-0.3812647759914398,-0.1918584704399109,-0.724932074546814,-0.07313619554042816,-0.3452998101711273,-0.17032496631145477,0.5834566950798035,-0.07232169061899185,0.1381881982088089,0.13072356581687927,0.13239391148090363,-0.5193737745285034,-0.5758728384971619,0.3327958583831787,-0.04326639696955681,-0.1985466331243515,0.0778924822807312,0.46632304787635803,0.3155737519264221,-0.518651008605957,0.1617957502603531,0.06080647185444832,0.024634672328829765,0.19016940891742706,0.25370484590530396,0.4838394522666931,0.2966401278972626,0.4029677212238312,0.7263139486312866,0.4175170660018921,-0.12898880243301392,-0.15977634489536285,-0.12519516050815582,-0.377924382686615,-0.673734724521637,0.042104464024305344,-0.5127707719802856,0.1650172472000122,-0.4366793930530548,-0.3515454828739166],""gru.weight_hh"":[0.17664958536624908,-0.2830466330051422,-0.04585840553045273,-0.10191188752651215,0.170400008559227,0.12511707842350006,-0.19742894172668457,-0.11384411156177521,0.13203780353069305,0.3054749667644501,-0.3391355872154236,0.09136884659528732,-0.011235587298870087,0.3132304847240448,0.3727640211582184,-0.07084476202726364,-0.12399124354124069,0.40403783321380615,-0.1148574948310852,-0.27451610565185547,0.2302330881357193,-0.27332744002342224,0.005231872200965881,0.022957870736718178,-0.10184654593467712,-0.19262447953224182,0.4463195502758026,0.034618329256772995,-0.059105776250362396,-0.02595413476228714,-0.21277117729187012,0.11784524470567703,0.061713218688964844,0.2715164124965668,0.24849507212638855,-0.23466357588768005,0.22280167043209076,-0.034010231494903564,-0.018466096371412277,0.31914857029914856,0.17338834702968597,0.033324748277664185,0.04649387300014496,-0.2610592544078827,0.3679453432559967,-0.22220128774642944,0.4406192898750305,-0.008563962765038013,-0.5434860587120056,0.18216009438037872,-0.1776045858860016,-0.11978967487812042,-0.21316619217395782,0.06190301850438118,0.4314087927341461,-0.02222706936299801,-0.17235413193702698,-0.16218337416648865,-0.18655310571193695,0.055739592760801315,0.11262564361095428,0.40894055366516113,-0.640068769454956,-0.06852203607559204,-0.4250358045101166,-0.2837062180042267,0.17808236181735992,0.16545048356056213,0.1832716315984726,-0.32260069251060486,0.012853403575718403,0.035486675798892975,0.05723480135202408,0.21624387800693512,0.4641372561454773,0.08167272061109543,0.5004634857177734,0.6205565333366394,0.26017114520072937,-0.18561531603336334,0.1306953877210617,0.11917740851640701,-0.2874002456665039,-0.3731020987033844,-0.3479694426059723,0.11587569862604141,0.06026893109083176,0.34593719244003296,0.061262525618076324,-0.21376097202301025,0.03714790940284729,0.2803068161010742,0.48846495151519775,0.11382734775543213,-0.07550910860300064,-0.04115372896194458,-0.01714406907558441,0.018011704087257385,0.6675781607627869,0.07323659211397171,0.29955562949180603,-0.10008778423070908,-0.4852360486984253,-0.5339927673339844,-0.24630485475063324,-0.461355984210968,0.02248489484190941,-0.3251987099647522,-0.30525365471839905,0.6414359211921692,-0.2310488373041153,0.134225994348526,-0.05962460860610008,0.5829900503158569,0.05792130157351494,-0.1974898725748062,0.07160428166389465,0.47192221879959106,-0.00725641380995512,0.13936153054237366,0.17668810486793518,0.3905755281448364,-0.44659125804901123,-0.41559889912605286,-0.14351560175418854,0.0232462827116251,-0.048851579427719116,-0.1366550624370575,-0.33726781606674194,0.48902231454849243,-0.056462835520505905,-0.05549535155296326,-0.19119709730148315,0.09989292919635773,-0.18827494978904724,-0.22929197549819946,-0.3570345938205719,0.21585731208324432,-0.033190954476594925,-0.027706444263458252,-0.24154344201087952,0.06015915051102638,0.06802009791135788,-0.24863320589065552,-0.15873193740844727,0.3102675676345825,-0.5038281679153442,-0.25786447525024414,-0.08931194990873337,0.055156320333480835,0.12468283623456955,0.18651583790779114,-0.0834103524684906,-0.10817800462245941,-0.0437910296022892,0.07262830436229706,0.07986017316579819,-0.02961605042219162,-0.10951132327318192,0.0027488544583320618,-0.07076574862003326,-0.4103589355945587,0.45664268732070923,0.01616767607629299,0.06687524169683456,-0.22995565831661224,-0.1034596711397171,0.009983361698687077,-0.3737638592720032,0.5406221747398376,-0.4164300858974457,-0.3564697206020355,-0.16537687182426453,0.3997606635093689,0.5272116661071777,-0.08454083651304245,0.04670467600226402,-0.041286006569862366,-0.07298547774553299,0.011532477103173733,-0.1435977965593338,0.28175437450408936,0.23846527934074402,-0.3405395746231079,-0.37481188774108887,0.3042299151420593,0.009459808468818665,-0.0952630415558815,-0.1328541487455368,0.17751340568065643,-0.03211796656250954,0.1814666986465454],""gru.bias_ih"":[-0.5654867887496948,0.16916242241859436,-0.18785898387432098,-0.27888569235801697,-0.3126550614833832,-0.017921632155776024,-0.1967044472694397,-0.12669916450977325,-0.2284471094608307,-0.507864773273468,-0.11096532642841339,-0.3066042959690094,-0.07219541072845459,-0.12468249350786209,-0.31012141704559326,0.05247797071933746,0.09822477400302887,-0.27730992436408997,-0.140849769115448,0.2483239769935608,-0.1093587651848793,-0.35905519127845764,-0.23092466592788696,-0.0468553826212883],""gru.bias_hh"":[-0.29372143745422363,-0.11775641143321991,-0.2757251560688019,0.12361849844455719,0.13229209184646606,-0.1273055523633957,-0.13945668935775757,0.15172502398490906,-0.13815174996852875,-0.41136327385902405,0.4260523021221161,-0.1471347212791443,-0.2642839848995209,-0.29906681180000305,-0.8002437353134155,0.40618759393692017,0.01957755908370018,0.2553701102733612,0.2549852430820465,0.2735905647277832,0.06033390387892723,0.14268818497657776,0.23548607528209686,0.1433045119047165],""head.weight"":[-0.03169272467494011,-0.5162048935890198,-0.09792260080575943,0.22739043831825256,0.43648087978363037,-0.2380450963973999,-0.45448681712150574,-0.09530726820230484],""head.bias"":[-0.18159745633602142]}"
830106,SENSORY_SITE,4,60,16,153600,0.8346194170000025,0.5303629040718079,0.5854779243469238,"{""raw"":[2.4467289447784424,0.5315257906913757,0.2596360743045807,-0.4989908039569855]}"
830106,OUTPUT_SITE,4,60,16,153600,0.8384061249999988,0.7419770359992981,0.6626354455947876,"{""raw"":[2.1851725578308105,0.6734746694564819,0.19451726973056793,-0.575529158115387]}"
830106,NO_FEEDBACK,4,60,16,153600,0.8060211250000009,0.7910096049308777,0.6084431082010269,"{""raw"":[2.2274415493011475,0.6701934933662415,0.13843512535095215,-0.040701281279325485]}"
830106,GENERIC_RNN,4,60,16,153600,0.6536740410000021,0.8723708391189575,0.6854340076446533,"{""raw"":[0.5506301522254944,0.6611450910568237,0.05373547598719597,0.32857590913772583]}"
830106,GRU_8,321,60,16,153600,1.0675759169999992,1.5428060293197632,0.6850307643413543,"{""gru.weight_ih"":[-0.24261192977428436,-0.4049896001815796,0.07886917889118195,0.5508459806442261,0.004759430419653654,-0.4558548033237457,0.03477806970477104,-0.15925736725330353,-0.5051902532577515,-0.558558464050293,-0.1729814112186432,0.3822469115257263,0.5224371552467346,0.13397935032844543,-0.35260632634162903,-0.017420588061213493,-0.005526545457541943,-0.09604179859161377,-0.46320274472236633,0.2728002965450287,-0.5804920196533203,0.33651524782180786,-0.2609390914440155,-0.3335110545158386,-0.08934354037046432,-0.19301572442054749,0.6831870675086975,0.05982786789536476,0.12249705940485,0.10755171626806259,-0.012269996106624603,0.4364768862724304,0.12329638749361038,-0.040020205080509186,-0.012553827837109566,0.6397374272346497,0.5327348709106445,-0.40071818232536316,-0.4534035325050354,0.25561004877090454,-0.48874878883361816,-0.38392648100852966,-0.22524234652519226,-0.4653956890106201,0.3095865845680237,0.06830447167158127,0.18148505687713623,0.04809592291712761,0.25034359097480774,0.14850059151649475,0.07117557525634766,0.05550532788038254,-0.029050525277853012,-0.13318023085594177,0.04684659093618393,-0.27945801615715027,0.4387572109699249,-0.16917571425437927,-0.027150269597768784,-0.028971821069717407,-0.22488521039485931,0.2549983561038971,0.08570965379476547,-0.4144303798675537,0.1505606472492218,-0.2245480716228485,0.38298627734184265,0.33417731523513794,-0.23566117882728577,0.20226649940013885,-0.24716545641422272,0.08729591220617294],""gru.weight_hh"":[0.06589024513959885,-0.3198951482772827,0.2529817223548889,0.29103463888168335,-0.21239465475082397,-0.09182742238044739,-0.2858436703681946,-0.23353096842765808,-0.16304455697536469,0.04095936194062233,0.26245227456092834,-0.36124202609062195,-0.2711451053619385,-0.44723519682884216,0.35131022334098816,0.31326720118522644,0.2654699683189392,-0.014562485739588737,-0.0459335632622242,-0.12021373212337494,0.25993219017982483,-0.06036105379462242,0.005602643825113773,-0.019157076254487038,-0.06593448668718338,-0.09181583672761917,-0.3115110695362091,0.2040087729692459,-0.005275768227875233,0.1471777856349945,0.06355609744787216,-0.20995153486728668,0.3515908420085907,0.19412162899971008,-0.08910726755857468,0.22363504767417908,0.10818333923816681,-0.18634933233261108,0.442453533411026,0.2834383249282837,-0.10733174532651901,0.24146446585655212,0.424908846616745,0.01316521130502224,-0.06840460747480392,-0.500549852848053,0.04060686007142067,-0.3668244183063507,0.17778050899505615,-0.14499251544475555,-0.145316481590271,0.16751861572265625,-0.08771907538175583,0.04058607667684555,-0.3423161804676056,0.23772071301937103,0.27049434185028076,-0.14026673138141632,0.3008606731891632,0.25215959548950195,-0.04847654327750206,-0.42022043466567993,-0.21963272988796234,0.26982614398002625,0.13985565304756165,-0.36561208963394165,-0.5606191754341125,-0.21521881222724915,-0.15148742496967316,-0.15689261257648468,0.40245455503463745,-0.12962937355041504,-0.05808781832456589,0.08740295469760895,0.22342659533023834,0.2928507328033447,-0.12528713047504425,0.17691481113433838,0.3160857856273651,0.10671117901802063,-0.16421246528625488,-0.1479593813419342,0.1965179741382599,0.01542706973850727,0.37375321984291077,-0.2117752730846405,0.02264782041311264,0.11197120696306229,0.718636691570282,-0.09464001655578613,-0.24548058211803436,-0.5060670971870422,-0.4109087586402893,-0.40024086833000183,0.26469385623931885,-0.08292509615421295,-0.5147581100463867,0.15935896337032318,-0.5273677110671997,-0.20675338804721832,0.07286766171455383,0.6089234948158264,-0.44567400217056274,-0.08364877104759216,-0.19994784891605377,-0.02591763064265251,-0.35581174492836,-0.10252311825752258,0.27574780583381653,0.22679655253887177,-0.36866626143455505,-0.35626211762428284,0.08760156482458115,-0.2710568606853485,0.39088329672813416,-0.14669333398342133,-0.3759557604789734,-0.6917591691017151,0.20344926416873932,0.0057635740377008915,0.36566847562789917,-0.21262674033641815,-0.39582526683807373,-0.406093031167984,-0.297168493270874,0.23843178153038025,0.003175185527652502,0.12990960478782654,0.044973719865083694,-0.0027579180896282196,-0.16358645260334015,0.12679146230220795,-0.24150583148002625,-0.1992184817790985,0.46409326791763306,0.241017684340477,-0.13265909254550934,0.10666660219430923,-0.01957107149064541,-0.20866838097572327,-0.16510696709156036,-0.2563439905643463,0.2729572057723999,0.07890576869249344,0.2715102732181549,-0.2174634486436844,-0.3124770224094391,0.18654859066009521,-0.15423691272735596,0.25251179933547974,0.09189563244581223,0.20930984616279602,-0.08587083220481873,0.13089875876903534,0.05887420475482941,-0.21812546253204346,-0.0770007073879242,0.39980876445770264,0.09180650860071182,-0.1855989396572113,-0.23380692303180695,-0.1898745596408844,-0.25022807717323303,-0.21634945273399353,-0.11845201253890991,0.4647926390171051,0.11945744603872299,0.21486049890518188,-0.03378123790025711,0.11716076731681824,-0.10265737026929855,-0.06197303533554077,0.05045543611049652,0.3814485967159271,-0.4630534052848816,-0.24050788581371307,0.36324527859687805,-0.33595097064971924,0.04720213636755943,-0.08577750623226166,-0.24775849282741547,-0.33229097723960876,0.05999354273080826,0.159419983625412,-0.35369032621383667,-0.3736688196659088,-0.19508439302444458,0.13998737931251526,-0.2721644937992096,-0.17724134027957916,0.12330055236816406,-0.2580832242965698],""gru.bias_ih"":[0.1947840303182602,-0.1578831672668457,-0.2944728136062622,0.28101015090942383,-0.22245387732982635,0.15065692365169525,-0.03596221283078194,-0.30144309997558594,-0.16262736916542053,0.4055875241756439,0.2469519078731537,-0.14598728716373444,-0.2751762568950653,-0.7145833969116211,-0.18148283660411835,-0.5811074376106262,-0.1614428609609604,0.31901857256889343,0.2269069105386734,-0.019204333424568176,0.3046643137931824,0.15451475977897644,0.14971746504306793,-0.20484037697315216],""gru.bias_hh"":[0.24847398698329926,-0.21877476572990417,-0.09471508860588074,-0.14205065369606018,0.2989712059497833,-0.12372873723506927,0.2959449887275696,-0.2592964768409729,-0.4419301450252533,0.5179717540740967,0.009022149257361889,-0.106055349111557,0.19022516906261444,-0.5596759915351868,-0.20227999985218048,-0.4054742455482483,-0.054884910583496094,0.22168612480163574,0.03326864540576935,0.41393932700157166,-0.3605494797229767,-0.18539664149284363,0.102301225066185,0.24208290874958038],""head.weight"":[0.3590960204601288,0.09953147917985916,0.003429208882153034,-0.17703989148139954,-0.30217045545578003,-0.29298922419548035,0.33853858709335327,0.09173423051834106],""head.bias"":[0.09349067509174347]}"
830107,SENSORY_SITE,4,60,16,153600,0.8602897499999997,0.6731235384941101,0.6129315465688705,"{""raw"":[2.496469497680664,0.53855961561203,-0.2539222240447998,-0.47667497396469116]}"
830107,OUTPUT_SITE,4,60,16,153600,0.8371772090000036,0.7117477655410767,0.6571846783161164,"{""raw"":[2.1953976154327393,0.6643609404563904,0.08784487098455429,-0.44489654898643494]}"
830107,NO_FEEDBACK,4,60,16,153600,0.8164352910000048,0.7721314430236816,0.6784282267093659,"{""raw"":[2.1605961322784424,0.7376024127006531,-0.023349419236183167,0.15466247498989105]}"
830107,GENERIC_RNN,4,60,16,153600,0.6657777090000039,0.822710394859314,0.6623992800712586,"{""raw"":[0.5502566695213318,0.645017683506012,-0.07360434532165527,0.3265175521373749]}"
830107,GRU_8,321,60,16,153600,1.075032291999996,2.32210373878479,0.6334626734256744,"{""gru.weight_ih"":[0.021725548431277275,-0.03120880387723446,-0.3883085548877716,0.16900625824928284,0.1603134423494339,-0.295320063829422,-0.22564347088336945,0.0004949429421685636,0.37690356373786926,-0.29337018728256226,-0.32913145422935486,-0.4587644934654236,-0.42175599932670593,0.24500150978565216,0.27720969915390015,-0.37230655550956726,0.36801591515541077,-0.2610310912132263,0.2394123077392578,0.31020843982696533,-0.12071119993925095,0.3246026933193207,0.30458593368530273,0.1978529393672943,0.06165042892098427,-0.4900427460670471,-0.10542909801006317,0.4930729269981384,0.4608360230922699,-0.2639904022216797,-0.3254203200340271,0.34919053316116333,-0.131978377699852,0.006506459321826696,-0.10845017433166504,0.14398090541362762,0.13679805397987366,0.27109000086784363,-0.21465058624744415,0.65119469165802,-0.07568640261888504,-0.48989102244377136,-0.3779827058315277,-0.32187479734420776,0.579089343547821,0.158741757273674,0.40240952372550964,0.05246064439415932,-0.5988957285881042,0.07340741157531738,-0.20396548509597778,0.08725473284721375,-0.2516142427921295,-0.1756070852279663,0.09951458126306534,-0.05496377497911453,0.025209063664078712,-0.6232176423072815,-0.13874557614326477,0.16090139746665955,-0.09399043023586273,0.3677014112472534,-0.3463726043701172,-0.1696925163269043,0.28250181674957275,0.09890598803758621,0.5451704263687134,0.32306405901908875,0.3308560252189636,0.06755863130092621,0.005748502444475889,-0.011298006400465965],""gru.weight_hh"":[-0.012962550856173038,0.056478455662727356,0.1560376137495041,-0.18813163042068481,0.06242504343390465,0.0818185955286026,0.06863381713628769,0.3369745910167694,-0.3513003885746002,-0.0014568031765520573,-0.2266821414232254,0.023952584713697433,0.0598752386868,0.10918112844228745,0.13951165974140167,-0.36585816740989685,-0.00996310729533434,0.17287848889827728,-0.056967105716466904,-0.014382743276655674,0.14432041347026825,-0.32497188448905945,-0.4731201231479645,0.15226469933986664,-0.12811806797981262,-0.3520991802215576,-0.03132951259613037,0.09621137380599976,0.010941157117486,0.3887944519519806,-0.2516789138317108,-0.38168469071388245,-0.07372906059026718,0.3120872378349304,-0.38648173213005066,0.1827387809753418,0.44914305210113525,0.0658499151468277,-0.2825968563556671,-0.4005385637283325,0.4422345757484436,0.07012385129928589,-0.11726609617471695,-0.10766996443271637,0.43308335542678833,0.3103788197040558,0.11048609763383865,-0.4516464173793793,0.2559872567653656,-0.06376488506793976,-0.1566602736711502,-0.024173177778720856,0.18444083631038666,0.3077860474586487,0.019447972998023033,0.2725693881511688,-0.498136967420578,0.09290234744548798,-0.029438132420182228,-0.19099363684654236,-0.3266769051551819,-0.10523899644613266,0.05983731150627136,-0.14166396856307983,0.5757405757904053,-0.18970085680484772,0.4714834988117218,0.372623473405838,0.40951961278915405,0.41412353515625,0.22202400863170624,0.4564638137817383,-0.09322838485240936,-0.3942408859729767,0.035090602934360504,0.6729379892349243,-0.12616750597953796,0.4955337643623352,-0.23278841376304626,-0.21970753371715546,0.0489724799990654,-0.06205707788467407,0.14160355925559998,0.3611873388290405,0.04650868475437164,0.40221238136291504,-0.4138320982456207,-0.18702885508537292,0.35301417112350464,0.6481009125709534,0.15459784865379333,-0.40189287066459656,0.7959592342376709,-0.340644896030426,0.4151751697063446,0.13471192121505737,-0.5833660960197449,-0.5405990481376648,-0.20730295777320862,-0.726937472820282,0.04309546574950218,0.206618532538414,0.47037583589553833,-0.1746508628129959,0.5432515740394592,0.30322563648223877,-0.24767658114433289,0.5953541398048401,0.34585845470428467,0.21585893630981445,-0.0019303858280181885,0.031318847090005875,-0.3128111660480499,0.5400377511978149,0.4860619008541107,-0.09326207637786865,0.192745640873909,-0.4736127257347107,0.4216596186161041,-0.05108679458498955,-0.11482028663158417,0.06513897329568863,0.0426873043179512,0.13735048472881317,-0.22961163520812988,0.3989464342594147,-0.5981363654136658,-0.37044963240623474,0.22552363574504852,-0.29288727045059204,0.16428005695343018,0.2019345760345459,-0.07374534010887146,0.33220651745796204,0.0249760914593935,-0.2479974329471588,0.19101637601852417,-0.02901831455528736,0.07584404945373535,-0.4243171215057373,0.05384449288249016,0.04429993778467178,0.227593332529068,0.20668546855449677,0.34231945872306824,-0.2273951768875122,-0.05082157999277115,0.16736604273319244,0.07915053516626358,-0.08321879059076309,-0.01854472979903221,-0.07309391349554062,0.32474082708358765,-0.18302716314792633,0.0902477577328682,0.22428852319717407,0.3596384525299072,-0.06691266596317291,-0.014983958564698696,0.12328936159610748,-0.13948020339012146,0.04029453918337822,0.34611913561820984,0.10311663150787354,-0.4057627022266388,-0.37341541051864624,-0.1694478541612625,0.203081876039505,0.20986174046993256,-0.20882610976696014,-0.2286328226327896,0.054176729172468185,0.12082574516534805,-0.28961560130119324,-0.471174418926239,0.08895298093557358,-0.2387981414794922,0.13556863367557526,-0.053899601101875305,-0.20968127250671387,-0.1855650395154953,0.24220986664295197,0.05484982207417488,0.2646304666996002,0.019197842106223106,-0.028980480507016182,-0.3508686125278473,0.3649936318397522,-0.17930547893047333,-0.3297024369239807,-0.3633520007133484,0.21985240280628204],""gru.bias_ih"":[0.18788368999958038,0.16524530947208405,-0.15597841143608093,-0.030546583235263824,-0.052889030426740646,-0.08345260471105576,-0.26880332827568054,0.16772818565368652,-0.21944983303546906,0.26172685623168945,0.24127747118473053,-0.5121619701385498,-0.06218438595533371,0.26362481713294983,-0.6675366759300232,0.47305187582969666,-0.2830636203289032,-0.18839314579963684,-0.30373796820640564,-0.15256604552268982,-0.15765486657619476,0.03840070962905884,-0.21438319981098175,-0.11841678619384766],""gru.bias_hh"":[-0.42873698472976685,0.4169349670410156,-0.24154116213321686,0.30333369970321655,0.053560707718133926,-0.04227063059806824,0.08396414667367935,0.38239502906799316,-0.20460961759090424,-0.004991881083697081,-0.039022933691740036,-0.44925421476364136,-0.09133139252662659,0.25466057658195496,-0.17688176035881042,-0.13501212000846863,-0.1857893466949463,0.13411101698875427,0.3584936261177063,0.21981197595596313,-0.09323371946811676,0.35027292370796204,0.09847058355808258,-0.3328831195831299],""head.weight"":[-0.5151235461235046,0.17179156839847565,-0.04062739387154579,-0.27881523966789246,0.18189354240894318,-0.3650660216808319,0.13213473558425903,-0.2011147141456604],""head.bias"":[-0.04853397235274315]}"
830108,SENSORY_SITE,4,60,16,153600,0.8361660840000056,0.6310088038444519,0.5779279798269272,"{""raw"":[2.4415690898895264,0.48403429985046387,-0.11724665760993958,-0.5445863604545593]}"
830108,OUTPUT_SITE,4,60,16,153600,0.8428674169999937,0.5999477505683899,0.6722653448581696,"{""raw"":[2.2037954330444336,0.7257922291755676,-0.11135247349739075,-0.5423181653022766]}"
830108,NO_FEEDBACK,4,60,16,153600,0.834329958000005,0.7098872661590576,0.6793487966060638,"{""raw"":[2.189533233642578,0.7054256796836853,-0.17365773022174835,-0.12640327215194702]}"
830108,GENERIC_RNN,4,60,16,153600,0.6578011670000024,0.7879434823989868,0.6561208605766297,"{""raw"":[0.5405893325805664,0.6504040360450745,-0.05349824205040932,0.3127758204936981]}"
830108,GRU_8,321,60,16,153600,1.0783605000000023,1.3292441368103027,0.6097848773002624,"{""gru.weight_ih"":[0.07696894556283951,0.05834359675645828,-0.2972428798675537,-0.005695049185305834,0.10668466985225677,0.016041375696659088,-0.061532702296972275,0.12417528033256531,-0.280693918466568,-0.0234629288315773,-0.40178340673446655,-0.051103733479976654,-0.5331587195396423,0.24646374583244324,-0.1365959346294403,0.277987003326416,-0.010244414210319519,-0.3885771930217743,-0.24045391380786896,0.08172290772199631,-0.15574318170547485,0.5000755786895752,-0.33609718084335327,-0.12682709097862244,-0.0390036404132843,0.011045483872294426,0.14605498313903809,0.2926647961139679,-0.6118499040603638,-0.07327257841825485,0.20049044489860535,-0.791914165019989,-0.33181026577949524,0.1635114550590515,-0.4389018714427948,-0.09764692187309265,0.21264959871768951,0.23975685238838196,-0.2805340588092804,0.24022433161735535,-0.11016146838665009,0.040970414876937866,-0.1926887482404709,-0.4119279682636261,0.24236129224300385,-0.11503004282712936,-0.3555358648300171,0.6569806337356567,-0.30001726746559143,-0.3202930688858032,-0.19554905593395233,0.6306425333023071,-0.34209397435188293,-0.11479136347770691,0.5952009558677673,-0.04736815765500069,-0.09548294544219971,-0.3865063488483429,0.07252706587314606,-0.41701340675354004,0.0028840990271419287,-0.27911514043807983,-0.1047717034816742,0.6713632941246033,-0.22618384659290314,0.5005230903625488,-0.3250808119773865,-0.1932937651872635,0.08453308045864105,-0.4621885418891907,-0.10619011521339417,-0.12774790823459625],""gru.weight_hh"":[0.34689342975616455,-0.1294379085302353,0.4341452717781067,-0.24064935743808746,0.21225349605083466,0.18324972689151764,-0.08481216430664062,-0.010725577361881733,0.3580078184604645,0.36479470133781433,0.22212015092372894,-0.022718660533428192,0.09721766412258148,0.17403258383274078,-0.35229435563087463,-0.040805090218782425,-0.31765106320381165,-0.40992140769958496,-0.254894882440567,0.30090436339378357,0.2642117738723755,0.09092512726783752,0.031188728287816048,0.41743531823158264,0.3771286606788635,-0.3856320381164551,-0.3768255412578583,0.0436735525727272,0.1722116470336914,-0.26310092210769653,-0.2411278933286667,0.5003226399421692,-0.22444453835487366,-0.3523663580417633,-0.5437805652618408,0.2413497269153595,-0.22313345968723297,0.032321617007255554,-0.20686794817447662,-0.007604700978845358,-0.4170496165752411,0.10002009570598602,0.004017571918666363,0.3148438036441803,-0.035038843750953674,0.16322147846221924,0.20247596502304077,0.1007172018289566,-0.22447063028812408,0.08006752282381058,-0.19872865080833435,-0.18576909601688385,0.03006747178733349,-0.4199477434158325,-0.016167154535651207,0.4180639684200287,-0.039492081850767136,0.4570612907409668,-0.21135938167572021,0.23608124256134033,0.04005392640829086,-0.2180788815021515,0.21787969768047333,0.2933681905269623,-0.11291609704494476,-0.05906517058610916,0.08886145055294037,0.16137559711933136,-0.3194328546524048,0.5251976847648621,-0.17443694174289703,-0.29958364367485046,0.6119399070739746,-0.19444075226783752,-0.3017238676548004,0.5435997843742371,0.0275513157248497,-0.4168044626712799,-0.2306363731622696,0.15023848414421082,0.1603306531906128,-0.13606545329093933,-0.6241719126701355,0.16274091601371765,0.08702138811349869,-0.2526191174983978,-0.020025666803121567,0.021429546177387238,0.3874143064022064,-0.6378433108329773,-0.17237646877765656,0.6025086641311646,-0.3942301571369171,-0.37986087799072266,-0.2666884660720825,0.10453086346387863,-0.3629150390625,0.38769233226776123,0.04617723077535629,-0.2014503926038742,0.22673971951007843,-0.06689273566007614,0.49287381768226624,-0.15440435707569122,0.21164755523204803,-0.6315460205078125,-0.5199998021125793,0.27016976475715637,-0.24305778741836548,-0.3414667248725891,-0.3212837874889374,0.5042288303375244,-0.22445882856845856,-0.007296810392290354,0.1976442039012909,-0.33285364508628845,-0.05712934955954552,0.3046811521053314,-0.6830615997314453,0.03514476865530014,0.502950131893158,-0.031170209869742393,0.2226308286190033,0.5251560807228088,-0.597195029258728,0.20599624514579773,-0.4706231355667114,0.31831544637680054,-0.17227278649806976,-0.25478509068489075,-0.426554799079895,0.15219609439373016,-0.0417029894888401,0.17046599090099335,0.2330249696969986,0.07956146448850632,0.22518593072891235,0.4276517629623413,0.29613959789276123,0.1408204734325409,0.1502097100019455,-0.2622833549976349,-0.07911910116672516,0.09671065211296082,-0.11293928325176239,0.24797147512435913,0.4772563576698303,-0.10100054740905762,0.1964634656906128,-0.2231511026620865,-0.3634461462497711,-0.44186627864837646,0.1995612531900406,-0.22112660109996796,-0.03541484847664833,-0.13270266354084015,-0.0004131808236707002,0.21497367322444916,0.03926265612244606,0.47172027826309204,0.3172870874404907,0.23382088541984558,0.2939595878124237,-0.00050826818915084,-0.45594409108161926,-0.006889367941766977,-0.3265938460826874,-0.31881392002105713,0.23646710813045502,0.503121018409729,-0.035963401198387146,-0.27074092626571655,-0.36586058139801025,0.3024151027202606,-0.31165215373039246,-0.08835544437170029,0.2115127444267273,-0.43888765573501587,-0.038461167365312576,-0.3443611264228821,0.36125636100769043,-0.13153408467769623,0.17351797223091125,0.29754671454429626,-0.19869759678840637,-0.6033532023429871,-0.5718015432357788,0.2538047730922699,-0.04705414921045303,-0.3822266757488251,0.1389257162809372,-0.13178902864456177],""gru.bias_ih"":[0.19506296515464783,-0.35508280992507935,-0.27258941531181335,0.22726944088935852,0.308540940284729,0.5137791633605957,0.13007669150829315,-0.14175689220428467,-0.47939208149909973,0.13556869328022003,-0.4547620713710785,-0.5907911062240601,0.20168833434581757,-0.7962314486503601,-0.3424486517906189,-0.20879580080509186,-0.2665156424045563,0.08901133388280869,0.26246848702430725,-0.19808097183704376,0.2439863532781601,0.21166449785232544,0.27095457911491394,0.1500622034072876],""gru.bias_hh"":[0.2393762767314911,0.055663298815488815,-0.12123994529247284,0.10467354953289032,0.42543286085128784,0.04737558960914612,-0.15367554128170013,0.23618388175964355,-0.05543386563658714,-0.053522735834121704,-0.49854668974876404,-0.7038177251815796,0.06389887630939484,-0.6533690094947815,-0.044837549328804016,-0.37263160943984985,-0.18833860754966736,0.18752732872962952,-0.30027830600738525,0.12504278123378754,0.04555148258805275,0.12597107887268066,0.06598976999521255,-0.32195889949798584],""head.weight"":[-0.07559732347726822,0.25476616621017456,0.428176611661911,-0.3322163224220276,0.1374652236700058,0.3119828999042511,-0.24586111307144165,-0.25073257088661194],""head.bias"":[-0.07367798686027527]}"
830109,SENSORY_SITE,4,60,16,153600,0.830017208000001,0.6294466257095337,0.6313040375709533,"{""raw"":[2.4805824756622314,0.4006461501121521,-0.3053126335144043,-0.4933805763721466]}"
830109,OUTPUT_SITE,4,60,16,153600,0.8353681249999951,0.8259378671646118,0.7203722536563874,"{""raw"":[2.1884663105010986,0.6699119210243225,-0.29566633701324463,-0.3419707417488098]}"
830109,NO_FEEDBACK,4,60,16,153600,0.8039217920000041,0.6640322804450989,0.6918075442314148,"{""raw"":[2.1648199558258057,0.6957112550735474,-0.19464701414108276,0.08095608651638031]}"
830109,GENERIC_RNN,4,60,16,153600,0.6817178750000039,0.8574773669242859,0.7127008199691772,"{""raw"":[0.5490524172782898,0.6600634455680847,-0.08861017227172852,0.31968772411346436]}"
830109,GRU_8,321,60,16,153600,1.0710135830000027,1.7788165807724,0.6704327881336212,"{""gru.weight_ih"":[0.4194284677505493,0.08710750937461853,-0.2376726269721985,0.4240978956222534,-0.011705114506185055,0.01865975745022297,0.0023985349107533693,-0.7468715906143188,-0.13219909369945526,-0.6138675212860107,0.22192203998565674,0.17470547556877136,-0.5318831205368042,0.3462803363800049,0.2607843577861786,-0.30307871103286743,0.27540040016174316,0.17422914505004883,-0.5650616884231567,-0.18046720325946808,0.3192783296108246,-0.1009480282664299,0.025001686066389084,0.05258852615952492,-0.3822518587112427,0.47806668281555176,0.06729301810264587,-0.04116878658533096,-0.25991693139076233,0.3021961450576782,-0.2477569431066513,-0.1776265949010849,0.13488462567329407,0.2823963761329651,-0.42888665199279785,-0.5417020916938782,0.5501766204833984,-0.15409810841083527,-0.23902267217636108,-0.24649111926555634,-0.5114726424217224,0.12080279737710953,0.19123120605945587,-0.5897246599197388,-0.2797430157661438,-0.023893991485238075,-0.17881233990192413,-0.21223494410514832,0.12651552259922028,-0.31108561158180237,0.1582370549440384,0.10666061192750931,0.1632026880979538,0.15668338537216187,-0.514460563659668,0.13447386026382446,-0.3888241946697235,0.400863915681839,-0.48581814765930176,-0.00831686332821846,0.10287632793188095,-0.46155115962028503,0.2988048791885376,-0.36759355664253235,-0.26082751154899597,-0.1102130338549614,0.49485599994659424,-0.19013088941574097,0.22042304277420044,0.5293354392051697,-0.15354222059249878,0.02839818224310875],""gru.weight_hh"":[0.09561228007078171,0.0379694402217865,0.1647583246231079,-0.19434520602226257,0.18172843754291534,-0.22823089361190796,0.3881412744522095,0.430193156003952,-0.1932111531496048,-0.21468709409236908,0.05727752670645714,-0.2089798003435135,0.19815970957279205,0.10012037307024002,-0.05015100538730621,0.10661581158638,-0.31427451968193054,0.043453849852085114,0.015881402418017387,-0.1047656387090683,0.0751478523015976,-0.000632559647783637,-0.06185826286673546,-0.03645753860473633,0.2182702124118805,0.2951023578643799,-0.3042396605014801,-0.1011207327246666,0.2502776086330414,0.28838199377059937,-0.36916929483413696,-0.21125860512256622,0.22095289826393127,0.34920984506607056,0.18405668437480927,-0.39658161997795105,0.12169617414474487,-0.2626567482948303,-0.26682549715042114,0.04536689817905426,-0.38286399841308594,-0.3174503445625305,0.029197100549936295,-0.1656467318534851,0.40720176696777344,-0.24909700453281403,0.011266973800957203,-0.30957385897636414,-0.10890016704797745,0.0889095887541771,-0.153898224234581,-0.2371400147676468,0.4724315106868744,0.0689876452088356,-0.09884954243898392,-0.09562855213880539,-0.0284535251557827,0.2664106786251068,-0.01438276655972004,0.08926671743392944,-0.2835690677165985,-0.07130303233861923,-0.013983669690787792,0.1439189910888672,-0.3975903391838074,0.04883314669132233,-0.050371766090393066,0.3441426455974579,0.24159777164459229,0.5070195198059082,-0.3109685778617859,0.07100596278905869,-0.18931585550308228,-0.1273791342973709,-0.6437655091285706,0.5383764505386353,-0.1252240538597107,-0.0799122303724289,0.10549448430538177,0.2640654146671295,0.6711857914924622,-0.43681779503822327,0.10856732726097107,0.07934165000915527,0.43662509322166443,-0.2137620747089386,0.4343022406101227,0.007411913946270943,-0.024881094694137573,0.1709735244512558,0.34301474690437317,-0.44140148162841797,-0.42668911814689636,-0.3612103760242462,-0.13794004917144775,-0.7339217662811279,0.14091338217258453,0.09046041965484619,0.3266053795814514,0.03980415686964989,0.23455877602100372,0.1903948187828064,-0.4487537443637848,-0.6101690530776978,0.4686225354671478,-0.48630326986312866,-0.2161407619714737,0.6399678587913513,-0.21754354238510132,-0.5470724701881409,0.6821919083595276,0.24957896769046783,0.3632059693336487,-0.19715377688407898,-0.3124910891056061,-0.6427589058876038,-0.22500863671302795,-0.08438242226839066,-0.051267437636852264,-0.16833631694316864,0.16665469110012054,-0.13844165205955505,0.28362172842025757,-0.6499373912811279,-0.23807145655155182,-0.5602006316184998,0.027544710785150528,-0.036442168056964874,0.10275658965110779,-0.20985615253448486,0.08219901472330093,0.20162878930568695,0.1601942777633667,-0.2369559109210968,-0.48684537410736084,-0.26926565170288086,-0.00858004204928875,0.09305545687675476,0.11976783722639084,0.2961256802082062,-0.23653896152973175,-0.059499457478523254,0.07492471486330032,-0.024013284593820572,0.0857316330075264,-0.16671787202358246,-0.16089345514774323,0.017022455111145973,-0.20089420676231384,0.09184042364358902,-0.5661824345588684,-0.23064042627811432,-0.24548520147800446,0.1497514545917511,-0.03481355309486389,-0.06273207068443298,-0.23133324086666107,-0.28660428524017334,0.27747058868408203,0.061790287494659424,0.20540694892406464,0.23697364330291748,0.2370092272758484,0.3277430534362793,0.14079110324382782,0.1168336495757103,0.5119363069534302,0.13165703415870667,-0.3252033591270447,0.3443450927734375,0.3373461961746216,0.002439123345538974,-0.06751586496829987,-0.17859791219234467,-0.5534246563911438,0.15685689449310303,0.24386103451251984,-0.27456849813461304,-0.2796321213245392,0.2557137608528137,0.1395881474018097,-0.0014916063519194722,-0.032217711210250854,0.11449703574180603,0.24678471684455872,-0.17131206393241882,-0.2368379682302475,0.23919430375099182,-0.3657228350639343,-0.1423158198595047,0.5191658139228821,0.093265600502491],""gru.bias_ih"":[-0.22747930884361267,-0.11910874396562576,-0.1321597397327423,0.2489416003227234,-0.11771745979785919,-0.20709280669689178,-0.3208710551261902,0.6103336811065674,0.44931095838546753,-0.17623144388198853,-0.3156520128250122,0.034044135361909866,0.09214439988136292,0.11586533486843109,-0.17538456618785858,-0.6289919018745422,-0.2051858752965927,0.3479670286178589,0.14789457619190216,0.2946661412715912,0.032285917550325394,0.2811216711997986,0.09196700155735016,0.2631264626979828],""gru.bias_hh"":[-0.2521672546863556,-0.3111305236816406,0.23512525856494904,-0.16327199339866638,0.1620538979768753,-0.22782151401042938,-0.15374022722244263,0.5524759888648987,0.04018031433224678,-0.13691532611846924,-0.34226295351982117,-0.38141927123069763,0.0807059109210968,-0.30010613799095154,-0.1861015111207962,-0.4797392785549164,-0.22681856155395508,0.2804645299911499,-0.06793630123138428,-0.2647939920425415,-0.2902478873729706,0.03776586800813675,-0.09916652739048004,0.08795896172523499],""head.weight"":[-0.1819082349538803,0.2372233271598816,-0.2620640993118286,0.1969955712556839,0.29153311252593994,-0.19396743178367615,0.6457090973854065,0.298858642578125],""head.bias"":[-0.16288571059703827]}"
830110,SENSORY_SITE,4,60,16,153600,0.842477125000002,0.6011857390403748,0.5953402042388916,"{""raw"":[2.468679904937744,0.4945676922798157,0.10755056887865067,-0.5435238480567932]}"
830110,OUTPUT_SITE,4,60,16,153600,0.8346410830000011,0.5782724022865295,0.6341475486755371,"{""raw"":[2.208292245864868,0.7234249114990234,-0.18150264024734497,-0.3827316462993622]}"
830110,NO_FEEDBACK,4,60,16,153600,0.805256374999999,0.638799786567688,0.6221457421779633,"{""raw"":[2.2018508911132812,0.7392523288726807,-0.0353354848921299,0.06651125103235245]}"
830110,GENERIC_RNN,4,60,16,153600,0.6522312499999998,0.8606554269790649,0.6335047721862793,"{""raw"":[0.5440067052841187,0.6471756100654602,0.05939362943172455,0.3215180039405823]}"
830110,GRU_8,321,60,16,153600,1.066765249999996,1.8392221927642822,0.632948249578476,"{""gru.weight_ih"":[0.18543028831481934,0.24935241043567657,0.21753938496112823,0.16101476550102234,-0.12369687110185623,0.22539235651493073,0.4634229242801666,0.06909971684217453,-0.09673868119716644,-0.5675215125083923,-0.2075207382440567,0.2306181937456131,-0.3071923553943634,0.7652724385261536,0.2654557526111603,0.09734665602445602,0.02590617910027504,0.48286572098731995,0.19010362029075623,-0.03209441527724266,-0.0966058000922203,-0.18831202387809753,-0.365018755197525,-0.052837174385786057,0.3452479839324951,-0.30048516392707825,0.2619974613189697,0.46350574493408203,-0.01581602543592453,-0.2311292290687561,-0.17924237251281738,-0.3403206765651703,0.03177532181143761,0.2693636119365692,-0.023465383797883987,-0.3093286454677582,-0.08094608783721924,-0.07543160021305084,0.33638641238212585,0.1461842954158783,-0.4667784571647644,-0.4974736273288727,-0.3391728103160858,-0.04353708401322365,0.04414727911353111,0.06939779967069626,0.0065024737268686295,0.10276947915554047,-0.23761886358261108,-0.0014105048030614853,0.3704250156879425,0.014935402199625969,0.02098008804023266,-0.07321187108755112,0.34477394819259644,0.36045870184898376,0.262429416179657,0.22294598817825317,-0.2304755598306656,-0.3161647617816925,0.18261267244815826,0.46514222025871277,0.3287787139415741,-0.5425199270248413,-0.038182418793439865,-0.3223516643047333,-0.19203950464725494,-0.22929982841014862,-0.02478422038257122,-0.5014756917953491,0.15072020888328552,-0.2295367568731308],""gru.weight_hh"":[0.3821406960487366,0.036298856139183044,0.1896137148141861,0.03870706260204315,-0.2531944513320923,-0.3566122353076935,-0.22882488369941711,0.003950990736484528,-0.2730560898780823,-0.29556718468666077,-0.15355348587036133,-0.28222039341926575,0.2271977961063385,-0.27088573575019836,-0.12788160145282745,0.3163008689880371,-0.4387036859989166,0.16784384846687317,0.22128263115882874,0.3390792906284332,0.06239399313926697,-0.1346367448568344,-0.23708851635456085,-0.28205594420433044,-0.13168758153915405,0.052909966558218,-0.08759735524654388,-0.49858707189559937,-0.0036569712683558464,0.4108182489871979,-0.058029964566230774,-0.06744129210710526,0.42030614614486694,0.39085593819618225,-0.042131271213293076,-0.29258090257644653,-0.1991831362247467,-0.10341353714466095,-0.11855150014162064,0.34299471974372864,-0.5250306129455566,0.3448532223701477,0.4411100447177887,-0.05306418612599373,0.2668934464454651,-0.16556304693222046,-0.16248759627342224,-0.24693264067173004,0.001205473206937313,-0.2489657700061798,-0.2609397768974304,0.33618098497390747,0.2105865180492401,0.16042928397655487,0.30056458711624146,-0.3953847587108612,-0.01905260980129242,-0.20811286568641663,-0.03425431251525879,0.024718740954995155,0.1525231897830963,0.3649388253688812,-0.14377841353416443,0.0981329157948494,0.21711164712905884,0.28327950835227966,0.5247766375541687,-0.6118404865264893,0.5495194792747498,-0.33296772837638855,-0.3315892219543457,-0.3094575107097626,-0.010158167220652103,-0.0008260427275672555,-0.14739979803562164,0.4562361240386963,0.11287211626768112,-0.2935200333595276,-0.43169865012168884,0.06028280407190323,-0.4856468439102173,0.6270963549613953,0.3436071574687958,-0.3426682949066162,0.157623752951622,-0.11302809417247772,0.532825767993927,-0.3149925768375397,-0.3927205204963684,-0.2459861785173416,-0.8239104747772217,0.09703822433948517,-0.15859228372573853,0.3496263921260834,0.17486798763275146,0.307261198759079,-0.1833498328924179,-0.14188945293426514,0.33584311604499817,0.20013576745986938,-0.11945996433496475,-0.06846924126148224,-0.4813927710056305,0.23130887746810913,0.17130517959594727,0.38705891370773315,0.1503225415945053,-0.14405718445777893,0.10144268721342087,0.12810173630714417,0.42793938517570496,0.896446943283081,-0.15800386667251587,0.5082836747169495,0.0812167301774025,-0.042137209326028824,0.27798157930374146,-0.4693150520324707,0.024777498096227646,-0.1548089236021042,-0.3778689503669739,0.25527501106262207,-0.12024463713169098,-0.34193184971809387,0.1346181333065033,0.29469794034957886,0.6846597194671631,0.4014832079410553,-0.08057199418544769,0.25576186180114746,0.371519535779953,-0.28323760628700256,-0.13486754894256592,0.253762811422348,0.13403785228729248,-0.15256664156913757,-0.09435272216796875,0.24582606554031372,-0.0010717629920691252,-0.26121482253074646,-0.07926776260137558,-0.25750771164894104,0.11542221158742905,0.051686640828847885,0.19914588332176208,0.05714007094502449,0.1258520781993866,0.21674545109272003,0.1490103304386139,-0.4234161078929901,-0.1474677473306656,-0.27994421124458313,-0.28211405873298645,-0.192458838224411,0.1317445933818817,0.11479651182889938,-0.1251566857099533,-0.32956963777542114,0.35394659638404846,-0.1820288449525833,-0.27943047881126404,-0.13951119780540466,-0.27211296558380127,0.2934790551662445,0.021197766065597534,-0.09102357178926468,0.12123142927885056,0.1841171383857727,0.1243463009595871,0.3211958706378937,-0.16794241964817047,0.21689163148403168,-0.19892676174640656,-0.0031350241042673588,0.19473642110824585,0.3210199177265167,0.019045613706111908,0.2482883334159851,-0.3304462432861328,-0.006473112851381302,-0.26033660769462585,0.4977198541164398,-0.027732830494642258,0.19416110217571259,0.34571167826652527,0.32088837027549744,-0.08221190422773361,0.16195160150527954,-0.004432974848896265,0.18915124237537384,-0.22634795308113098,0.23153036832809448],""gru.bias_ih"":[-0.2961139380931854,0.2694667875766754,0.3994571268558502,-0.2874685227870941,-0.10265379399061203,0.07190945744514465,0.4339351952075958,-0.4306604862213135,0.03722935542464256,-0.09863264858722687,-0.20234772562980652,0.13213206827640533,-0.2237333059310913,-0.4095824360847473,-0.40134701132774353,-0.6499228477478027,0.1674816906452179,-0.3157365322113037,-0.21529299020767212,0.16768330335617065,-0.06578348577022552,-0.02643224596977234,0.13679492473602295,-0.32472607493400574],""gru.bias_hh"":[0.33439478278160095,0.3109738528728485,0.4221494793891907,-0.34286826848983765,-0.17381149530410767,-0.11374134570360184,0.09946329146623611,-0.21080662310123444,0.3323758840560913,-0.01699846237897873,-0.526678740978241,0.5340663194656372,-0.48395007848739624,-0.6170597076416016,-0.12539604306221008,-0.44682422280311584,-0.1800038069486618,-0.02269451692700386,0.2680498957633972,-0.2554710805416107,-0.020762233063578606,0.016622884199023247,-0.388604998588562,0.10378220677375793],""head.weight"":[-0.1892528384923935,0.06532803177833557,0.33107253909111023,0.20592167973518372,0.09528769552707672,-0.5893290042877197,-0.3246210515499115,-0.38901278376579285],""head.bias"":[-0.15492409467697144]}"
830111,SENSORY_SITE,4,60,16,153600,0.8619958330000017,0.5478447079658508,0.5393912732601166,"{""raw"":[2.4779281616210938,0.5473728179931641,0.18754471838474274,-0.49597665667533875]}"
830111,OUTPUT_SITE,4,60,16,153600,0.8415223330000003,0.603629469871521,0.60925213098526,"{""raw"":[2.1930043697357178,0.6964944005012512,0.14512282609939575,-0.5243529677391052]}"
830111,NO_FEEDBACK,4,60,16,153600,0.8104742089999988,0.7366924285888672,0.5666646718978882,"{""raw"":[2.1881155967712402,0.6754836440086365,0.1050281822681427,0.0376405231654644]}"
830111,GENERIC_RNN,4,60,16,153600,0.6576392079999991,0.8148472905158997,0.6269905984401702,"{""raw"":[0.5630757212638855,0.6535916924476624,0.11137521266937256,0.34717875719070435]}"
830111,GRU_8,321,60,16,153600,1.0671400410000018,1.5902897119522095,0.5284898906946183,"{""gru.weight_ih"":[-0.41672220826148987,-0.3085567355155945,0.3328807055950165,-0.659090518951416,0.11713060736656189,0.28936925530433655,0.2279246598482132,0.20133109390735626,-0.02940274588763714,0.3878612518310547,0.21464061737060547,-0.20093360543251038,-0.37981659173965454,-0.4541940689086914,0.41782480478286743,0.2852992117404938,-0.26332888007164,-0.07858296483755112,0.04143371433019638,0.054351482540369034,-0.01561790332198143,-0.005393313243985176,0.3151668906211853,-0.18501262366771698,-0.33996114134788513,0.34691524505615234,-0.15455305576324463,-0.03522449731826782,-0.6595211029052734,0.3973447382450104,-0.1386088728904724,-0.2518700659275055,0.4488857686519623,0.12120078504085541,-0.7587231397628784,0.42204979062080383,-0.6808454990386963,-0.10150117427110672,0.4426790177822113,-0.3482992649078369,-0.21481889486312866,-0.6635112166404724,0.046865105628967285,-0.14851465821266174,0.012793340720236301,-0.3903045356273651,0.3109329342842102,0.07564428448677063,-0.01021993812173605,-0.24744151532649994,0.1518465280532837,0.5457171201705933,-0.11568816751241684,0.23748205602169037,-0.6912022233009338,-0.19534531235694885,0.0944124236702919,-0.7033109068870544,0.30085960030555725,0.13420569896697998,-0.39177918434143066,-0.27638646960258484,-0.4154694974422455,0.0802418440580368,0.5189675688743591,0.2978310286998749,0.470210999250412,-0.14199070632457733,0.0386304147541523,-0.0290329921990633,0.14692559838294983,0.37931984663009644],""gru.weight_hh"":[-0.0013929056003689766,0.3296314477920532,0.3021053373813629,0.3966031074523926,-0.014961251057684422,-0.3207937180995941,0.2274419367313385,-0.040389012545347214,-0.32946428656578064,-0.014795453287661076,0.06276290118694305,-0.030926691368222237,-0.36568307876586914,-0.31778189539909363,-0.3482822775840759,-0.24085737764835358,0.5080360174179077,0.3948803246021271,-0.06364525854587555,-0.25565478205680847,0.18960818648338318,-0.01535424217581749,-0.06021217629313469,-0.19250057637691498,-0.08521825820207596,-0.4314194321632385,-0.5013654828071594,-0.14868634939193726,-0.4110286235809326,-0.034587182104587555,0.061515290290117264,0.01449490711092949,-0.29385697841644287,-0.1963363140821457,-0.030156875029206276,0.03731856867671013,-0.4167638421058655,0.14049969613552094,0.10185607522726059,-0.28713279962539673,0.015119061805307865,0.03805749490857124,-0.2316654771566391,0.04098007082939148,-0.018046535551548004,-0.1438325196504593,0.11633600294589996,0.17589330673217773,-0.21632565557956696,-0.1538243144750595,-0.16547560691833496,0.24345487356185913,-0.17571251094341278,-0.2985595166683197,0.014677480794489384,0.09671229869127274,-0.20029670000076294,0.27629613876342773,-0.3745601177215576,0.4353577196598053,-0.24955706298351288,0.2174576222896576,0.35897836089134216,0.1478487253189087,-0.008222831413149834,0.13722996413707733,-0.0062654209323227406,0.3769603669643402,0.3462412655353546,-0.28091251850128174,0.021944891661405563,-0.193576380610466,0.21446630358695984,0.0422888807952404,0.1540648490190506,0.20416128635406494,0.07804162055253983,0.2648671865463257,0.6650253534317017,0.5722854733467102,0.05385911092162132,0.1482677310705185,-0.06019175797700882,-0.0986936166882515,-0.2860772907733917,0.690583348274231,0.3275344967842102,0.09901358187198639,-0.2441137284040451,0.3151029944419861,0.24972741305828094,-0.02128920517861843,-0.48200854659080505,0.33971109986305237,-0.13802672922611237,0.21339824795722961,0.7279611825942993,0.5511916279792786,0.11048686504364014,-0.4617050290107727,-0.2156253159046173,0.3401748239994049,0.09979674965143204,0.3778183162212372,0.253192663192749,0.15069580078125,0.0716167762875557,0.5225175619125366,-0.2245282679796219,-0.3355943560600281,-0.17662329971790314,-0.3510480225086212,-0.22346706688404083,-0.07953003793954849,-0.27065110206604004,0.10247121006250381,-0.4719696044921875,0.3604283928871155,0.3888857960700989,0.020619995892047882,0.14862148463726044,-0.3785763680934906,0.5485537648200989,0.00582548975944519,-0.04979721084237099,-0.23757873475551605,-0.4008452296257019,-0.35695406794548035,0.06940159201622009,0.07863115519285202,0.3363727927207947,0.2652110755443573,0.06089978665113449,-0.3523087799549103,-0.2647816836833954,-0.3434790372848511,-0.032101307064294815,-0.06323917210102081,-0.0015427133766934276,-0.6570025682449341,-0.4626697897911072,-0.16064240038394928,0.337345153093338,0.04082274064421654,0.08195517212152481,0.05460633710026741,-0.0048162685707211494,0.6671767830848694,-0.12225126475095749,0.26780930161476135,-0.2581908702850342,-0.2726563513278961,-0.40273675322532654,-0.016152778640389442,0.40447816252708435,0.2844589352607727,0.1367034763097763,0.2275354266166687,-0.19265341758728027,0.1531667709350586,-0.01747068390250206,-0.45603013038635254,0.48728859424591064,0.49624165892601013,0.3892844021320343,-0.07510463148355484,-0.023955201730132103,0.011191747151315212,0.037412453442811966,0.06356034427881241,-0.17776788771152496,-0.2732972204685211,-0.18371661007404327,-0.10472863912582397,-0.034588851034641266,0.1550343930721283,-0.19303978979587555,0.16743971407413483,-0.2578835189342499,0.005448417272418737,0.018521873280405998,0.13058574497699738,-0.16435061395168304,0.24996517598628998,0.34743353724479675,0.2115025371313095,-0.04500409588217735,-0.015255727805197239,0.1215222105383873,0.392914354801178,0.21726077795028687,-0.1875813752412796],""gru.bias_ih"":[-0.284000962972641,0.420816570520401,-0.21181493997573853,0.10523608326911926,0.2564149498939514,0.147068589925766,0.1895221620798111,-0.045276425778865814,0.38027602434158325,-0.15512029826641083,0.060671042650938034,-0.12446307390928268,-0.08768275380134583,0.2917598783969879,-0.5438451170921326,0.5136623978614807,-0.13088440895080566,-0.0653054267168045,0.22541549801826477,0.08899134397506714,-0.007287051994353533,-0.2636597156524658,-0.07662852108478546,-0.37699630856513977],""gru.bias_hh"":[0.1756756603717804,-0.07801686227321625,-0.3698590397834778,0.22981147468090057,0.30175191164016724,-0.15166707336902618,-0.3504717946052551,0.23446285724639893,-0.01288383174687624,-0.32547470927238464,-0.3795377314090729,0.048593681305646896,-0.15600726008415222,-0.2721884846687317,-0.5301464200019836,0.4746692180633545,-0.15838868916034698,-0.22166620194911957,-0.14717550575733185,0.07687713205814362,0.020965250208973885,-0.10359100997447968,0.041121408343315125,0.047004133462905884],""head.weight"":[-0.06927601248025894,0.4044152498245239,-0.5824413895606995,-0.4630570411682129,-0.32849064469337463,0.03256698697805405,0.031262755393981934,0.23032723367214203],""head.bias"":[0.2048238217830658]}"
830112,SENSORY_SITE,4,60,16,153600,0.8338172079999993,0.5939849019050598,0.5953851401805877,"{""raw"":[2.4405150413513184,0.5667227506637573,0.09366270154714584,-0.5137472152709961]}"
830112,OUTPUT_SITE,4,60,16,153600,0.8655214999999998,0.7746731042861938,0.6623951017856597,"{""raw"":[2.2172813415527344,0.7185675501823425,-0.031578876078128815,-0.4305168092250824]}"
830112,NO_FEEDBACK,4,60,16,153600,0.8079285419999991,0.6423887014389038,0.6591671347618103,"{""raw"":[2.2288010120391846,0.7210633754730225,-0.03951418772339821,0.08637271821498871]}"
830112,GENERIC_RNN,4,60,16,153600,0.6572161249999908,0.7834678292274475,0.7081846296787262,"{""raw"":[0.5442041158676147,0.6450189352035522,-0.028614357113838196,0.31590700149536133]}"
830112,GRU_8,321,60,16,153600,1.064840958000005,2.028825283050537,0.6022496819496155,"{""gru.weight_ih"":[0.5047736167907715,-0.27448490262031555,0.1557871699333191,0.07334727793931961,-0.2749468684196472,0.4558611810207367,0.3700782060623169,-0.2868897020816803,0.3337869346141815,-0.30288374423980713,-0.07858724147081375,-0.2395266741514206,-0.3685486912727356,0.07039138674736023,-0.024000655859708786,-0.04432782158255577,0.14843882620334625,0.13318447768688202,-0.22966556251049042,0.05976404994726181,0.3477928340435028,-0.2532864511013031,0.22909121215343475,0.2969529926776886,0.15637868642807007,-0.10229123383760452,-0.28589674830436707,0.2343079000711441,0.4514666199684143,-0.10028298199176788,0.41553667187690735,-0.3839932680130005,-0.37267521023750305,0.4196074604988098,-0.5311843752861023,-0.3475932478904724,-0.5690174698829651,-0.21543148159980774,0.6840243339538574,-0.16095979511737823,-0.3782828450202942,0.433292031288147,0.22793734073638916,-0.48287078738212585,-0.47041934728622437,0.13873416185379028,-0.7564522624015808,-0.09568986296653748,0.5141787528991699,-0.08004502952098846,0.11202181130647659,-0.06580622494220734,0.20396895706653595,-0.29544541239738464,0.439573734998703,-0.32839643955230713,-0.039791565388441086,-0.5146922469139099,0.02241615764796734,0.16220209002494812,0.23924945294857025,0.4510754644870758,0.09113842993974686,-0.4200317859649658,-0.2821187973022461,-0.09574072062969208,0.4570242464542389,-0.019063908606767654,0.273252934217453,0.4853127896785736,0.16942991316318512,-0.06288038194179535],""gru.weight_hh"":[0.08574717491865158,0.2738768458366394,-0.09017936885356903,0.05177120864391327,0.00868463609367609,0.2538566589355469,0.06524460017681122,-0.1649150550365448,0.15018948912620544,0.01360777486115694,0.24068325757980347,-0.22660674154758453,-0.19592048227787018,0.25480955839157104,0.07190437614917755,-0.04366665706038475,0.09035788476467133,-0.21147529780864716,0.15917131304740906,-0.06854413449764252,0.11508354544639587,-0.1336832493543625,-0.10635610669851303,0.17905065417289734,0.27389535307884216,-0.37963196635246277,0.040497295558452606,0.09141011536121368,0.058202359825372696,0.029486875981092453,0.2607179284095764,-0.34585633873939514,-0.2033020257949829,0.30031102895736694,0.13208748400211334,-0.017993589863181114,-0.33599331974983215,-0.03430595621466637,-0.3776528239250183,-0.2485896199941635,0.366023451089859,0.21620264649391174,0.23073072731494904,-0.2868371605873108,0.269868403673172,0.33030498027801514,-0.03856801986694336,-0.006173363421112299,0.051207080483436584,0.40979185700416565,0.17872989177703857,0.20454013347625732,-0.04473486170172691,0.2703781723976135,0.008248119615018368,0.2042093724012375,-0.45614784955978394,-0.08191289752721786,0.07313738763332367,0.3310227692127228,-0.025386670604348183,0.4342586398124695,0.40893322229385376,0.48018965125083923,-0.4095641076564789,0.19808326661586761,-0.05874223634600639,0.33041268587112427,-0.7145451903343201,0.4548001289367676,0.008608609437942505,0.45635083317756653,-0.08621194213628769,-0.38502827286720276,0.20421357452869415,-0.11307703703641891,-0.037074681371450424,0.03087477572262287,0.08626945316791534,-0.3712547719478607,-0.3245689868927002,0.412524551153183,-0.4486835300922394,0.7526171803474426,0.01683344691991806,0.5960812568664551,-0.0742080807685852,0.010171501897275448,-0.4523179531097412,0.17269428074359894,-0.6153871417045593,0.29259970784187317,-0.3311440646648407,0.5878819823265076,-0.390706330537796,0.027582988142967224,0.48808690905570984,-0.15499910712242126,0.40134865045547485,-0.21862897276878357,0.35434404015541077,-0.019163625314831734,0.5936496257781982,0.4592963457107544,0.4429481327533722,0.419163316488266,-0.41616860032081604,0.003793255425989628,0.09624244272708893,0.3829306662082672,0.5942449569702148,0.6238667964935303,-0.6064966320991516,0.1818348467350006,-0.46111899614334106,0.38328129053115845,-0.5592600107192993,0.7516747117042542,-0.05598798394203186,0.4862712323665619,-0.2961215078830719,0.08979307860136032,-0.14172159135341644,-0.10397392511367798,0.1711045652627945,-0.03521503135561943,-0.3354998230934143,-0.12263835221529007,0.41263216733932495,0.1915309727191925,0.14577193558216095,-0.2192770540714264,-0.06143856793642044,-0.11951854079961777,0.055477965623140335,0.16284267604351044,-0.41033080220222473,-0.2563377916812897,0.16349919140338898,0.3509250283241272,0.13601332902908325,0.07734287530183792,0.28982481360435486,0.02337571419775486,0.07995676249265671,-0.2820512056350708,0.21757765114307404,-0.4662918448448181,0.21841120719909668,0.08970415592193604,-0.2195703387260437,-0.05114932730793953,0.1738283634185791,-0.30360090732574463,-0.1408098340034485,-0.02990899421274662,-0.09105384349822998,0.10594401508569717,-0.25790730118751526,-0.22401510179042816,0.2015228420495987,0.1057470515370369,-0.27843692898750305,-0.5092918872833252,0.11782240122556686,-0.33153775334358215,0.09799764305353165,-0.09898336976766586,-0.5026288628578186,0.07780380547046661,-0.33686041831970215,0.014336914755403996,-0.3084973096847534,0.3557949364185333,0.12259791046380997,0.18823441863059998,0.12391460686922073,-0.18423838913440704,-0.001366404932923615,0.15660515427589417,-0.022771013900637627,0.014088035561144352,0.34288281202316284,-0.3383515775203705,0.26837021112442017,-0.04694417491555214,-0.12822991609573364,-0.3002709150314331,0.06940112262964249,0.07706846296787262,-0.2869260311126709,0.010945328511297703],""gru.bias_ih"":[0.3225974440574646,0.07256720215082169,-0.22457492351531982,-0.1085469052195549,0.091273732483387,0.1662447601556778,-0.02515362575650215,-0.47669026255607605,-0.059046488255262375,-0.21468541026115417,0.14794734120368958,-0.1093684658408165,0.08862423151731491,-0.46774476766586304,-0.20256026089191437,-0.20697733759880066,0.14612546563148499,-0.03456835821270943,0.22980521619319916,-0.2599382996559143,0.33557841181755066,-0.16264279186725616,-0.017537150532007217,-0.24391618371009827],""gru.bias_hh"":[0.41402822732925415,-0.1011095941066742,0.018070446327328682,-0.054530203342437744,-0.23217876255512238,0.2021203190088272,-0.44708558917045593,0.0952012836933136,-0.6093273758888245,-0.1226518303155899,-0.018077446147799492,0.32340696454048157,-0.4631417691707611,-0.35520505905151367,-0.012060938403010368,0.044850483536720276,0.10446950793266296,-0.33683687448501587,0.27312418818473816,0.24295441806316376,-0.3250936269760132,-0.23573213815689087,-0.08287782222032547,0.07676425576210022],""head.weight"":[0.5068316459655762,-0.30646681785583496,0.23401212692260742,-0.09347464889287949,0.3367169201374054,-0.2805598974227905,0.3807463049888611,0.3273736834526062],""head.bias"":[-0.2940584719181061]}"
830113,SENSORY_SITE,4,60,16,153600,0.8347592079999941,0.6369762420654297,0.6258203506469726,"{""raw"":[2.477095127105713,0.41097134351730347,-0.13388356566429138,-0.5414744019508362]}"
830113,OUTPUT_SITE,4,60,16,153600,0.8402750829999945,0.8653427362442017,0.6818488895893097,"{""raw"":[2.2102737426757812,0.7280948162078857,-0.18216773867607117,-0.45844030380249023]}"
830113,NO_FEEDBACK,4,60,16,153600,0.8045857080000047,0.8584058880805969,0.6569659411907196,"{""raw"":[2.2178778648376465,0.6762372851371765,-0.14501547813415527,0.12616223096847534]}"
830113,GENERIC_RNN,4,60,16,153600,0.6843737080000096,0.8751338720321655,0.7159907341003418,"{""raw"":[0.5297704935073853,0.6496226191520691,-0.031302664428949356,0.2990833520889282]}"
830113,GRU_8,321,60,16,153600,1.0725799589999951,1.8344306945800781,0.6637576162815094,"{""gru.weight_ih"":[0.6907285451889038,-0.21789860725402832,0.30529868602752686,0.7483460307121277,0.3671298921108246,0.2712995409965515,-0.6296866536140442,-0.19345532357692719,-0.21414773166179657,0.15143436193466187,-0.33525413274765015,0.07035321742296219,-0.5510610938072205,-0.31077396869659424,0.1894715577363968,0.4579566419124603,0.376213401556015,0.06402985006570816,0.3518643081188202,-0.14365069568157196,-0.34462970495224,0.08286994695663452,-0.05070289224386215,0.08248093724250793,0.27723774313926697,-0.6773692965507507,-0.49039795994758606,0.20450368523597717,-0.3762272894382477,-0.5590372681617737,0.5219541788101196,-0.4840056896209717,-0.6109112501144409,0.37618231773376465,-0.6478609442710876,-0.3438287377357483,0.17177750170230865,-0.22389854490756989,-0.32284441590309143,-0.07058019191026688,0.42584744095802307,-0.2132158726453781,-0.18023017048835754,-0.6072239875793457,-0.26954886317253113,-0.24690604209899902,0.32836613059043884,0.07055345922708511,-0.45843493938446045,0.2109227478504181,-0.087149478495121,0.26551660895347595,-0.022899102419614792,0.0968242660164833,-0.3952327072620392,0.11587710678577423,-0.23883375525474548,-0.5312398076057434,0.18452188372612,-0.15453627705574036,-0.07841331511735916,0.34721535444259644,-0.12480057775974274,0.034762218594551086,0.2030520886182785,-0.11992098391056061,-0.5577018857002258,-0.30802759528160095,-0.24721240997314453,-0.14955545961856842,-0.2603359520435333,-0.4260547161102295],""gru.weight_hh"":[0.05564350262284279,0.2548293173313141,-0.23963937163352966,-0.05670996382832527,-0.196407750248909,-0.4825715124607086,-0.2973041832447052,-0.04463016614317894,-0.04627271741628647,-0.2784510850906372,0.20967109501361847,0.039581164717674255,-0.42908623814582825,-0.07668036967515945,-0.24378642439842224,-0.5349845886230469,0.16733871400356293,-0.15547679364681244,0.20390400290489197,0.34822362661361694,0.19492392241954803,0.012167634442448616,-0.05510648339986801,0.29886943101882935,-0.2999756634235382,-0.31099721789360046,0.007984865456819534,-0.2034529149532318,-0.19821834564208984,0.07174759358167648,0.1282627284526825,-0.2676052153110504,0.36531251668930054,-0.020411914214491844,0.32373180985450745,0.0831722542643547,0.4159342646598816,0.3115960359573364,-0.12896409630775452,0.20627880096435547,0.2761577069759369,-0.25308024883270264,0.14519809186458588,0.24719934165477753,-0.037284333258867264,0.16929922997951508,0.0033577692229300737,-0.09051285684108734,-0.36150941252708435,-0.1671212762594223,-0.10672522336244583,-0.005528800655156374,-0.0873272716999054,-0.4256163239479065,-0.08018869161605835,-0.0545731820166111,-0.11838279664516449,-0.2822524905204773,0.19926920533180237,-0.11621388792991638,0.4351084232330322,0.5454503893852234,-0.1978711187839508,0.21145738661289215,0.6655347943305969,-0.04359280318021774,0.7349299788475037,0.5749510526657104,0.5163720846176147,0.00020855851471424103,0.3938784897327423,0.2820640206336975,0.5441117286682129,-0.4131925702095032,0.36456069350242615,0.22745858132839203,0.49597489833831787,0.32159900665283203,0.33209946751594543,0.45251092314720154,0.3433937132358551,-0.688803493976593,0.6051049828529358,0.21480609476566315,0.5968738794326782,-0.041304029524326324,0.8837730884552002,-0.0017743324860930443,0.7971083521842957,0.09744999557733536,0.31202220916748047,0.9475938081741333,0.7684571146965027,0.023510698229074478,0.3195379972457886,0.4166707694530487,0.20993486046791077,-0.05780423432588577,0.3493976891040802,0.37257206439971924,-0.06843835115432739,0.07037942111492157,-0.1662006825208664,-0.021558213979005814,-0.396461546421051,0.2513289451599121,-0.005779327359050512,0.0031950867269188166,-0.018466945737600327,-0.001370353507809341,-0.11616376787424088,0.06298449635505676,0.3014703094959259,-0.33717042207717896,0.3095354437828064,0.35164424777030945,0.14963571727275848,-0.1463419795036316,-0.23881255090236664,-0.09807103872299194,0.12605294585227966,0.06061634421348572,0.028344444930553436,-0.2363249808549881,-0.17814907431602478,0.13287010788917542,-0.0020646005868911743,0.34730586409568787,0.3537125587463379,-0.38048356771469116,-0.19558314979076385,0.29363927245140076,0.09994187206029892,0.49848702549934387,0.1786600649356842,-0.023487357422709465,0.19559356570243835,-0.12723323702812195,-0.0038530887104570866,0.12204913794994354,-0.21052168309688568,-0.16861754655838013,-0.44451943039894104,-0.18980363011360168,0.13185305893421173,0.21940532326698303,0.08047817647457123,0.18840983510017395,0.2820734679698944,0.15536126494407654,0.3187675178050995,-0.1830393373966217,0.012852723710238934,0.17336337268352509,0.389078825712204,0.4379687011241913,0.040299415588378906,-0.16956079006195068,-0.06994529068470001,0.1583949774503708,-0.09476595371961594,0.33115336298942566,0.1425400823354721,0.2609662711620331,-0.3834207355976105,-0.12889373302459717,-0.03803268447518349,0.18294870853424072,-0.3815422058105469,0.1754985749721527,-0.11703996360301971,-0.4234488010406494,0.12129620462656021,0.14508448541164398,0.1148156225681305,0.2697281837463379,-0.007888944819569588,-0.17048458755016327,0.16535703837871552,0.20650747418403625,0.302263081073761,-0.1454007625579834,0.03984903544187546,0.4390735924243927,-0.1177029088139534,-0.08485403656959534,0.2565300166606903,-0.01136945839971304,-0.058105211704969406,-0.3206065893173218,-0.2546335458755493,0.011597614735364914],""gru.bias_ih"":[-0.17226719856262207,-0.31071093678474426,-0.029659345746040344,-0.011119783855974674,0.003955030348151922,-0.32662051916122437,-0.30976390838623047,-0.06975666433572769,-0.3164269030094147,-0.21223662793636322,-0.17403347790241241,-0.15931183099746704,-0.0035962483379989862,0.20265130698680878,-0.7763057351112366,0.2124074399471283,-0.18331651389598846,0.3864966630935669,-0.27750274538993835,-0.1760954111814499,-0.1387844681739807,-0.0583256296813488,-0.24470911920070648,0.2534063458442688],""gru.bias_hh"":[0.05425328388810158,-0.27460867166519165,0.08944071829319,-0.29057708382606506,-0.08339706808328629,-0.14688214659690857,0.32457247376441956,0.2686353027820587,-0.32034027576446533,-0.40869012475013733,0.04174044355750084,-0.35713493824005127,0.021619370207190514,-0.08716319501399994,-0.33431538939476013,0.14041495323181152,-0.22468852996826172,0.27693435549736023,0.2990860939025879,-0.24691841006278992,-0.12316014617681503,-0.0275410246104002,-0.07755548506975174,-0.3043799102306366],""head.weight"":[-0.22347407042980194,0.11142896115779877,-0.23251044750213623,-0.22034938633441925,0.015713175758719444,0.09066461026668549,-0.21531374752521515,-0.06521790474653244],""head.bias"":[-0.22222623229026794]}"
830114,SENSORY_SITE,4,60,16,153600,0.845736333000005,0.6710033416748047,0.608167040348053,"{""raw"":[2.466466188430786,0.6437875628471375,0.10647261142730713,-0.4969633221626282]}"
830114,OUTPUT_SITE,4,60,16,153600,0.8359002079999982,0.5789374709129333,0.6910606503486634,"{""raw"":[2.174994945526123,0.7241175174713135,0.08821020275354385,-0.2889731526374817]}"
830114,NO_FEEDBACK,4,60,16,153600,0.814294750000002,0.6352063417434692,0.629585725069046,"{""raw"":[2.1970765590667725,0.7037103176116943,0.143869087100029,-0.10376210510730743]}"
830114,GENERIC_RNN,4,60,16,153600,0.6498757080000104,0.7472701072692871,0.6845280289649963,"{""raw"":[0.535754382610321,0.6453168392181396,-0.08487305045127869,0.31219959259033203]}"
830114,GRU_8,321,60,16,153600,1.0996610409999903,1.17564058303833,0.5914239168167115,"{""gru.weight_ih"":[-0.10831688344478607,-0.19845779240131378,0.360353022813797,0.17324738204479218,-0.2571948170661926,0.23005841672420502,-0.1516796201467514,0.09824710339307785,0.35690149664878845,0.025279821828007698,-0.10379273444414139,-0.20436124503612518,-0.5957833528518677,-0.25246918201446533,-0.08797632157802582,0.04597115144133568,-0.13087797164916992,0.15245860815048218,-0.6112728714942932,-0.30106884241104126,-0.14643266797065735,-0.19300225377082825,-0.11516570299863815,0.06738874316215515,-0.19595849514007568,-0.8153732419013977,0.1376415342092514,0.20428825914859772,-0.552960991859436,-0.3746580183506012,0.011806150898337364,-0.6587156653404236,0.5349708795547485,0.39173510670661926,-0.1881112903356552,-0.24811969697475433,0.024951526895165443,-0.5990030169487,0.284470796585083,0.40103572607040405,-0.05450119823217392,0.029624443501234055,0.035759564489126205,-0.5680418610572815,0.420922189950943,-0.48895806074142456,-0.10682850331068039,0.6554614901542664,0.6226891279220581,-0.14755234122276306,0.11760488152503967,-0.3943050503730774,0.4125477969646454,0.1460481584072113,0.48740145564079285,-0.000539622618816793,-0.2031615674495697,-0.38399583101272583,0.4762168526649475,-0.18950921297073364,0.43424534797668457,0.011091907508671284,0.4170416593551636,-0.17900656163692474,0.26364439725875854,-0.21034902334213257,-0.6357451677322388,0.14455147087574005,0.022643573582172394,0.3566109836101532,0.19465593993663788,0.021867144852876663],""gru.weight_hh"":[-0.13165183365345,0.38935720920562744,-0.5610389113426208,0.10922235250473022,-0.02532019093632698,0.33720695972442627,0.11760936677455902,-0.3676830232143402,0.388153076171875,-0.08117494732141495,0.344621479511261,-0.4264782667160034,0.351764440536499,0.0886552631855011,0.17894470691680908,0.11920192837715149,0.02186051942408085,0.005635078530758619,-0.47481855750083923,0.0035735932178795338,-0.13395529985427856,0.2846719026565552,-0.17680445313453674,-0.00360380788333714,-0.14919881522655487,-0.2444470226764679,-0.40249961614608765,0.110718734562397,0.08094275742769241,-0.39505934715270996,0.3822028338909149,-0.23100656270980835,0.19197413325309753,-0.10390286147594452,-0.40248915553092957,0.23406283557415009,0.10697054117918015,-0.007262198254466057,-0.025303876027464867,0.2745659351348877,0.3569827973842621,0.1680181324481964,0.47364816069602966,-0.0705542042851448,0.05704299360513687,0.05227123573422432,0.030265145003795624,-0.09097635746002197,-0.1626748889684677,-0.2694431245326996,-0.1808757185935974,-0.032172173261642456,-0.0434669554233551,-0.3399922847747803,-0.020741503685712814,0.2947101294994354,-0.14938554167747498,0.0588042214512825,-0.4451550245285034,0.02471507526934147,-0.10871480405330658,-0.12706908583641052,0.25423839688301086,-0.15589290857315063,0.28189384937286377,0.09732939302921295,0.48587173223495483,-0.3103017210960388,0.0036573095712810755,-0.32452353835105896,0.006595439277589321,0.3352926969528198,0.05799771472811699,0.06363443285226822,-0.14561934769153595,0.2773822546005249,-0.19294294714927673,-0.13835769891738892,-0.252503365278244,0.4463953971862793,0.363244891166687,-0.03246473893523216,0.2805136740207672,-0.5143252015113831,0.12166403234004974,-0.2530970275402069,-0.4884245991706848,0.6524249315261841,-0.28363481163978577,0.7439748644828796,-0.6751091480255127,-0.09468678385019302,-0.4261768162250519,0.34342625737190247,-0.01267855241894722,0.17351098358631134,0.3498099446296692,0.6782851219177246,0.5494621992111206,-0.6545610427856445,0.11753767728805542,-0.5449365377426147,0.1579681932926178,0.423334538936615,-0.48101720213890076,0.1219705194234848,-0.4697812497615814,-0.46440190076828003,-0.06088703125715256,0.15280957520008087,0.311280757188797,-0.021289529278874397,-0.3294023871421814,0.5206332802772522,0.4882151782512665,-0.37485837936401367,0.19590182602405548,-0.32218819856643677,0.20486237108707428,0.045779526233673096,0.262315958738327,-0.26822972297668457,0.7460732460021973,-0.4350895583629608,0.4011717140674591,-0.8291963934898376,-0.3135581314563751,0.738997757434845,-0.1599714607000351,0.04031771421432495,0.2758312523365021,-0.049756672233343124,-0.22923888266086578,-0.17895475029945374,0.1233760192990303,0.3539067208766937,0.10999304801225662,0.31060221791267395,-0.06703980267047882,0.05942017212510109,0.033951859921216965,0.232873797416687,-0.1556185632944107,-0.09413804113864899,0.3036658763885498,-0.23024611175060272,0.11376704275608063,-0.31115272641181946,0.3618476092815399,0.11309639364480972,-8.228688966482878e-05,0.21316051483154297,-0.07289953529834747,-0.16264483332633972,-0.3934227526187897,-0.274441123008728,0.27957552671432495,0.21140147745609283,0.1660582572221756,0.009637139737606049,-0.03736770525574684,-0.25358033180236816,0.04447034373879433,0.14806361496448517,-0.25107142329216003,-0.33257898688316345,-0.4582878351211548,0.17659468948841095,-0.28440871834754944,0.2974480986595154,-0.24996417760849,0.30022525787353516,0.11237311363220215,0.047883737832307816,0.17145809531211853,-0.22248563170433044,-0.3521558940410614,0.17521385848522186,-0.5127671360969543,0.308391273021698,-0.3158455491065979,0.17159441113471985,0.07861410826444626,-0.34983813762664795,-0.11216770112514496,-0.08985783904790878,0.08099356293678284,0.15318265557289124,-0.09610633552074432,-0.08743666112422943,0.1448919028043747,0.1928219348192215],""gru.bias_ih"":[-0.11049240827560425,-0.3935067355632782,0.22468847036361694,-0.3768217861652374,0.08996192365884781,0.17515577375888824,0.375699520111084,-0.20095232129096985,-0.6352291107177734,-0.3395034074783325,-0.36571356654167175,-0.4764939248561859,-0.46222901344299316,-0.5147847533226013,-0.7625023722648621,-0.30435284972190857,0.21205182373523712,-0.14500093460083008,0.20488229393959045,0.17524848878383636,-0.10394232720136642,0.2577252984046936,-0.2676084339618683,-0.22307756543159485],""gru.bias_hh"":[0.25060752034187317,-0.23463408648967743,-0.1891879439353943,0.1882992833852768,-0.21927829086780548,0.28721585869789124,0.35709431767463684,-0.059605516493320465,-0.13641005754470825,0.12794727087020874,-0.5418422222137451,-0.4595617949962616,-0.6230649948120117,-0.5031354427337646,-0.4979255795478821,0.0882696732878685,-0.3609369993209839,-0.016392534598708153,-0.3764401078224182,0.1881466656923294,-0.36519721150398254,-0.1604907512664795,0.38118791580200195,-0.23576226830482483],""head.weight"":[0.32861417531967163,-0.11606746166944504,0.6470156908035278,-0.0969591811299324,0.38839027285575867,-0.3591819405555725,-0.338998943567276,0.06429696083068848],""head.bias"":[0.11659804731607437]}"
830115,SENSORY_SITE,4,60,16,153600,0.8404535000000095,0.7892856597900391,0.6108460456132889,"{""raw"":[2.4800667762756348,0.3932257294654846,0.09617624431848526,-0.5325770974159241]}"
830115,OUTPUT_SITE,4,60,16,153600,0.8405917089999946,0.9058020710945129,0.6224226653575897,"{""raw"":[2.176333427429199,0.6751103401184082,0.10502222180366516,-0.5231833457946777]}"
830115,NO_FEEDBACK,4,60,16,153600,0.8116390829999887,0.9260784983634949,0.6573716521263122,"{""raw"":[2.202718496322632,0.6860993504524231,0.09839905053377151,0.10598199814558029]}"
830115,GENERIC_RNN,4,60,16,153600,0.6563746670000086,0.7975793480873108,0.6394407689571381,"{""raw"":[0.5391839742660522,0.6472705006599426,0.017357444390654564,0.31582310795783997]}"
830115,GRU_8,321,60,16,153600,1.0793335000000042,1.4797241687774658,0.5662088871002198,"{""gru.weight_ih"":[-0.2032672017812729,-0.017532972618937492,0.2439498007297516,-0.3699302673339844,0.25093984603881836,0.0335785336792469,0.347379207611084,-0.4003612697124481,-0.18173852562904358,-0.26878416538238525,0.013153355568647385,-0.02578427828848362,-0.46826645731925964,-0.13859549164772034,0.006267818622291088,0.29907578229904175,-0.5362414717674255,0.3937009274959564,-0.06393200904130936,0.14145374298095703,-0.1401820331811905,-0.2119101881980896,-0.32312965393066406,-0.03037741594016552,-0.18874256312847137,-0.18754221498966217,-0.16097232699394226,0.631253719329834,0.06260772794485092,-0.31970274448394775,0.18368341028690338,-0.35565680265426636,0.032768700271844864,-0.12607988715171814,-0.39056143164634705,0.3389928340911865,-0.27117401361465454,-0.23078539967536926,0.42253080010414124,-0.36843162775039673,-0.11062919348478317,0.3360338509082794,-0.039420049637556076,-0.17008212208747864,0.06017032638192177,-0.4191235303878784,0.42151975631713867,-0.2558478116989136,0.3646690249443054,-0.07343117892742157,-0.15748311579227448,-0.2324649691581726,0.4943152666091919,0.1051994040608406,-0.22875314950942993,0.2863513231277466,-0.01903676986694336,0.5950537323951721,-0.13410530984401703,0.2799813449382782,-0.6410133242607117,0.11821505427360535,-0.2945886254310608,-0.5039069652557373,-0.09521879255771637,-0.1830679029226303,-0.26487430930137634,0.15949848294258118,-0.01900174841284752,0.006973742041736841,0.01253163069486618,0.2356206476688385],""gru.weight_hh"":[-0.3153437376022339,0.1495000272989273,-0.2673228085041046,-0.34887638688087463,-0.2119341939687729,-0.10373786091804504,0.019231339916586876,-0.33401578664779663,-0.296223908662796,-0.16088484227657318,0.18258312344551086,-0.08678118139505386,-0.13962316513061523,0.1899506151676178,-0.05005122348666191,-0.018405785784125328,-0.033953458070755005,-0.0646374300122261,0.4963458776473999,-0.15577830374240875,-0.11776447296142578,0.0025291242636740208,-0.248349130153656,-0.2404046505689621,0.37856775522232056,-0.17910417914390564,0.40970203280448914,-0.0645342469215393,-0.23936158418655396,-0.5231383442878723,-0.43902915716171265,0.20876449346542358,-0.01865529455244541,-0.276813805103302,-0.28451982140541077,-0.18932592868804932,0.10795678943395615,-0.1787325143814087,-0.2178194671869278,0.1829870641231537,-0.14992795884609222,-0.38419872522354126,0.02337876707315445,0.29863888025283813,-0.3200390636920929,-0.35841473937034607,-0.027362756431102753,-0.22818182408809662,-0.26573893427848816,0.14975959062576294,-0.1585526168346405,-0.5102333426475525,-0.06678155064582825,0.5956076383590698,-0.25252464413642883,0.06285605579614639,-0.05467328429222107,0.21626214683055878,0.059138234704732895,0.15604224801063538,0.18852639198303223,-0.17087674140930176,0.22926399111747742,0.054598454385995865,0.33347806334495544,0.21765443682670593,0.23760800063610077,0.41203197836875916,0.032247718423604965,0.12332667410373688,0.038941390812397,-0.4933716952800751,-0.5120625495910645,0.12197422236204147,0.22222799062728882,-0.4443713426589966,0.5235086679458618,0.5298683643341064,0.07584138214588165,-0.5910241007804871,-0.36712637543678284,0.40682709217071533,0.4543784558773041,-0.24507224559783936,0.46314793825149536,0.36733824014663696,-0.12109437584877014,-0.34132179617881775,0.30741381645202637,-0.18433302640914917,0.06225050240755081,0.3530786633491516,-0.21909554302692413,-0.02391846850514412,-0.030091479420661926,-0.21819888055324554,0.6710332036018372,0.15272748470306396,0.41889747977256775,0.5258497595787048,-0.29695799946784973,-0.4182385504245758,0.02524879202246666,-0.3579145073890686,0.16519147157669067,-0.0733402743935585,0.16013497114181519,0.6181252002716064,-0.3324877619743347,-0.3199721872806549,-0.6639946103096008,-0.49028751254081726,0.051624227315187454,0.10276701301336288,0.22604364156723022,0.027445655316114426,-0.26071059703826904,-0.45587867498397827,0.031953293830156326,0.1436115950345993,-0.415629118680954,-0.5630916357040405,-0.2744370996952057,-0.06717156618833542,0.5622392892837524,-0.026772037148475647,0.2717420756816864,0.07130216807126999,0.005746534094214439,-0.055883076041936874,-0.03237401694059372,0.3002215027809143,0.10224945843219757,-0.12101099640130997,-0.3230234682559967,-0.22183583676815033,-0.4056525230407715,-0.17243202030658722,-0.12099827826023102,-0.4480285942554474,0.11986856907606125,-0.07108903676271439,0.14768308401107788,0.10484815388917923,0.04714161530137062,-0.19021296501159668,-0.2618955969810486,-0.16330444812774658,-0.08977550268173218,0.13130520284175873,0.0870918557047844,0.06257841736078262,0.22546474635601044,0.2136480212211609,-0.2233329564332962,0.48426875472068787,0.050487764179706573,-0.029730457812547684,-0.38491296768188477,-0.2127159684896469,-0.10051346570253372,-0.15467005968093872,-0.2314281463623047,-0.4978261888027191,0.05368334800004959,0.5486103892326355,-0.1318691074848175,0.31439778208732605,0.10397622734308243,0.37107351422309875,-0.092538982629776,-0.22771626710891724,0.32423993945121765,0.45349952578544617,-0.0903468057513237,0.12973883748054504,-0.28829747438430786,-0.15221652388572693,-0.1579819917678833,-0.008980046957731247,-0.16326376795768738,-0.17406295239925385,-0.2675403952598572,0.28285300731658936,-0.1501135677099228,0.2160762995481491,-0.40808939933776855,0.2582804560661316,-0.0869009718298912,0.05570118874311447,0.009425894357264042,0.2396128922700882],""gru.bias_ih"":[-0.31836992502212524,0.17487406730651855,0.12492978572845459,0.14572224020957947,0.2864627242088318,-0.02485927939414978,0.16764479875564575,0.354889839887619,-0.5336311459541321,0.29026588797569275,0.30856257677078247,-0.6583144664764404,-0.5884270668029785,-0.2586991786956787,0.27185043692588806,0.33720338344573975,0.009380532428622246,-0.19907909631729126,-0.08695399016141891,-0.27457261085510254,0.06952544301748276,0.15709495544433594,-0.015937911346554756,0.3404516875743866],""gru.bias_hh"":[0.35797104239463806,-0.25642552971839905,0.06207404285669327,0.15565258264541626,-0.18967492878437042,0.2786879241466522,0.17051230370998383,-0.2235441356897354,-0.020948803052306175,-0.1355752795934677,0.01194143109023571,-0.4071524143218994,-0.1664862334728241,-0.5958294868469238,-0.07125131785869598,0.768424928188324,-0.10144655406475067,0.026383377611637115,-0.07338681817054749,0.23437051475048065,0.23312020301818848,-0.19269222021102905,0.2799714505672455,0.241708904504776],""head.weight"":[0.20107556879520416,-0.18186640739440918,-0.24875494837760925,0.5126388669013977,-0.33238840103149414,-0.40591755509376526,-0.26139014959335327,-0.016193833202123642],""head.bias"":[0.22452698647975922]}"
830116,SENSORY_SITE,4,60,16,153600,0.8379037499999953,0.6509035229682922,0.5592055529356003,"{""raw"":[2.4434731006622314,0.4252733290195465,0.07172238081693649,-0.5213523507118225]}"
830116,OUTPUT_SITE,4,60,16,153600,0.8305424170000038,0.6718701124191284,0.6445866525173187,"{""raw"":[2.1624717712402344,0.6903370022773743,-0.23698434233665466,-0.4494834244251251]}"
830116,NO_FEEDBACK,4,60,16,153600,0.8340670830000079,0.8682659268379211,0.6419483959674835,"{""raw"":[2.1680824756622314,0.6843497157096863,-0.09531312435865402,0.1505507230758667]}"
830116,GENERIC_RNN,4,60,16,153600,0.6519520829999976,0.8343550562858582,0.6251524746417999,"{""raw"":[0.5708991289138794,0.6643060445785522,-0.020749207586050034,0.3531302809715271]}"
830116,GRU_8,321,60,16,153600,1.0727776250000005,1.3613446950912476,0.5466125756502151,"{""gru.weight_ih"":[0.0865786150097847,-0.2422996610403061,-0.36238035559654236,0.13036365807056427,-0.29054856300354004,-0.21713769435882568,0.28126269578933716,-0.1402731090784073,0.5586572885513306,-0.45684418082237244,0.17940552532672882,-0.33129122853279114,-0.05022932216525078,-0.2932839095592499,-0.532582700252533,0.13036325573921204,-0.1133875623345375,0.5300524234771729,0.11234521865844727,0.13739275932312012,0.22115643322467804,-0.15130718052387238,-0.215489000082016,0.05671478435397148,0.13824217021465302,0.28014880418777466,-0.35342544317245483,0.1935795396566391,-0.3073785901069641,-0.6190873384475708,-0.3368105888366699,0.09292428195476532,-0.5564759969711304,-0.4263821244239807,-0.49923181533813477,0.24495822191238403,0.4577000141143799,0.10995125770568848,-0.46529850363731384,0.11967287212610245,0.1322036236524582,0.15622606873512268,-0.29386985301971436,-0.4263724088668823,0.1338355541229248,0.4528772830963135,-0.45397257804870605,-0.4586385190486908,-0.22257083654403687,-0.12357963621616364,0.10257803648710251,0.5090364813804626,-0.06366953253746033,0.10013101994991302,-0.05740532651543617,0.250383198261261,0.330555260181427,0.3740569055080414,0.48237836360931396,0.07307112962007523,-0.4130539000034332,0.16292060911655426,-0.10952761769294739,-0.0005379898357205093,0.018850555643439293,-0.5685033798217773,0.5006107687950134,0.39802655577659607,0.4711317718029022,-0.42841291427612305,0.00829454604536295,-0.07676030695438385],""gru.weight_hh"":[-0.12892453372478485,-0.046559158712625504,-0.355381578207016,0.34417638182640076,-0.055428944528102875,-0.10901495814323425,0.03586096316576004,-0.034771550446748734,0.09857503324747086,-0.09121134132146835,-0.2700352668762207,0.5323584675788879,0.19334381818771362,-0.4397828280925751,0.30336886644363403,0.15761399269104004,0.3507317304611206,-0.2182857245206833,0.15265734493732452,0.10763277113437653,0.09154034405946732,0.24735799431800842,0.42897868156433105,-0.1831328272819519,0.06384263187646866,0.21309725940227509,0.24920636415481567,-0.18825824558734894,0.35094964504241943,0.2309371829032898,-0.08433088660240173,-0.1949184089899063,0.28925517201423645,-0.37083226442337036,0.07868373394012451,0.09930446743965149,-0.012983659282326698,-0.17474322021007538,0.09718543291091919,0.4568125009536743,0.045764755457639694,-0.27141913771629333,0.13449563086032867,0.024879928678274155,-0.2787843644618988,0.2903320789337158,0.35402911901474,-0.3220469653606415,-0.11660691350698471,-0.29122093319892883,-0.03635196015238762,0.34348005056381226,0.1551593691110611,-0.2928790748119354,-0.20162330567836761,0.06908399611711502,0.5087295174598694,0.014285006560385227,-0.008858525194227695,-0.04390531778335571,0.31683143973350525,0.24001868069171906,-0.17537842690944672,-0.1147012934088707,-0.0379580557346344,-0.26392945647239685,-0.05811062082648277,-0.41010522842407227,-0.22278524935245514,0.6199502348899841,-0.2569405138492584,0.37091317772865295,0.17502976953983307,-0.025598717853426933,0.28332096338272095,-0.7325823307037354,0.5144718289375305,0.1800270974636078,-0.7660987377166748,0.40536487102508545,-0.13431163132190704,-0.421139657497406,0.1951940655708313,-0.0968266949057579,-0.2501195967197418,-0.4787338376045227,0.2770059406757355,-0.11681654304265976,-0.2059105932712555,0.5494177937507629,0.04048806428909302,-0.04876605421304703,0.23618336021900177,0.5088239908218384,0.18297365307807922,0.33158066868782043,0.4384424686431885,0.0676913782954216,0.14654214680194855,-0.2674577236175537,0.08242804557085037,0.13439185917377472,-0.16747254133224487,0.007655997760593891,0.3389762341976166,0.24995043873786926,-0.436088889837265,-0.1513974368572235,0.06173701211810112,-0.26693060994148254,-0.11893049627542496,0.04960233345627785,0.584774374961853,0.7125095725059509,-0.13362795114517212,-0.2330387979745865,0.33023035526275635,0.2670745551586151,-0.18091224133968353,-0.11078918725252151,0.020653311163187027,0.05827024206519127,0.23290203511714935,-0.06855075061321259,0.5163799524307251,0.5997813940048218,-0.12241148948669434,0.25141793489456177,-0.3177264332771301,-0.11903930455446243,0.2062867134809494,-0.2308538407087326,0.1888725459575653,0.13995172083377838,-0.31472405791282654,-0.06910932064056396,0.050171948969364166,0.3341540992259979,-0.3060513734817505,0.44977229833602905,-0.25211474299430847,0.19087642431259155,-0.06563516706228256,-0.050986334681510925,0.014989792369306087,0.026152312755584717,0.0703020840883255,0.3290661871433258,0.0408250130712986,0.08843373507261276,0.425360769033432,0.0016275872476398945,-0.253821462392807,-0.1255173236131668,0.17621731758117676,-0.20344278216362,0.2513992190361023,0.3044240474700928,-0.05708158016204834,-0.3258035480976105,-0.3100913166999817,0.009483305737376213,0.3653418719768524,-0.26504525542259216,0.20608699321746826,0.02037039026618004,0.07855648547410965,0.49680158495903015,0.2239784300327301,0.17188264429569244,-0.1725321114063263,-0.33792969584465027,-0.1486680507659912,0.02026052214205265,-0.2944743037223816,-0.053814683109521866,0.1323028951883316,-0.04300076141953468,-0.05947650969028473,-0.0875432938337326,-0.31037279963493347,0.283274382352829,0.34289616346359253,-0.15655939280986786,0.21769949793815613,-0.2881677448749542,0.007521452847868204,0.15641695261001587,0.182179793715477,0.2077757716178894,0.2028656154870987,0.10626959055662155],""gru.bias_ih"":[0.16964715719223022,0.2198675274848938,-0.10927875339984894,-0.1819809079170227,0.25077009201049805,0.26377150416374207,-0.152859628200531,-0.03817074000835419,0.1438102126121521,-0.431013286113739,0.30369099974632263,-0.17604705691337585,-0.701183557510376,-0.19807715713977814,-0.008715851232409477,-0.21859613060951233,-0.34626299142837524,-0.21811792254447937,-0.03598841652274132,0.34779685735702515,-0.27377352118492126,-0.08783358335494995,0.19151437282562256,-0.03239697962999344],""gru.bias_hh"":[-0.0976385623216629,0.36933305859565735,-0.31580850481987,0.011158652603626251,0.300828754901886,-0.19689849019050598,0.01407292578369379,-0.17800164222717285,0.1363726258277893,-0.6489309072494507,-0.046656616032123566,0.12266795337200165,-0.1343168467283249,-0.03611142560839653,-0.03378326818346977,-0.4082658588886261,-0.07851514965295792,0.1618717610836029,0.08794917166233063,-0.2433580905199051,-0.09505939483642578,-0.2514917850494385,0.14329729974269867,-0.06769781559705734],""head.weight"":[-0.3483106791973114,0.336873859167099,0.07834027707576752,0.3839218020439148,-0.23066914081573486,-0.13492229580879211,0.4134082496166229,-0.7574782371520996],""head.bias"":[-0.2674291729927063]}"
830117,SENSORY_SITE,4,60,16,153600,0.8336414589999919,0.540683388710022,0.5812077939510345,"{""raw"":[2.4094223976135254,0.6269283294677734,0.12253254652023315,-0.478081613779068]}"
830117,OUTPUT_SITE,4,60,16,153600,0.8383358330000021,0.7521041631698608,0.6120544612407685,"{""raw"":[2.186042070388794,0.6707277297973633,-0.15573588013648987,-0.5379050970077515]}"
830117,NO_FEEDBACK,4,60,16,153600,0.8294044999999954,0.6165350079536438,0.6389828681945801,"{""raw"":[2.1764988899230957,0.6647779941558838,0.020280495285987854,-0.2538883090019226]}"
830117,GENERIC_RNN,4,60,16,153600,0.6550030830000111,0.8769009709358215,0.6590522527694702,"{""raw"":[0.5790159106254578,0.6704100966453552,0.026959575712680817,0.36527684330940247]}"
830117,GRU_8,321,60,16,153600,1.0778466659999992,2.2209033966064453,0.5649793088436127,"{""gru.weight_ih"":[-0.10825913399457932,-0.5630919933319092,-0.14049355685710907,-0.10386396199464798,0.12920492887496948,-0.11398708820343018,0.39674127101898193,-0.6228398084640503,0.06270339339971542,-0.6444246172904968,0.11637543141841888,0.11346136778593063,0.08788654208183289,0.01520213857293129,-0.019334949553012848,0.09344668686389923,0.42649921774864197,-0.11087372899055481,-0.2884379029273987,-0.31864404678344727,0.036442238837480545,-0.16162239015102386,-0.4027039408683777,0.25064560770988464,0.25667399168014526,-0.1977960169315338,-0.046363670378923416,-0.41313332319259644,0.4556743800640106,-0.09746994078159332,0.14600084722042084,-0.3579552471637726,-0.3742617964744568,-0.3101864755153656,-0.35598230361938477,0.3615238070487976,0.003348782192915678,-0.1152849867939949,-0.39606165885925293,0.17485155165195465,0.31517624855041504,-0.37517663836479187,-0.36936187744140625,-0.44831568002700806,0.546314537525177,-0.1232743039727211,-0.4632590711116791,0.46051472425460815,-0.608812153339386,0.45066598057746887,-0.45343634486198425,-0.11133719980716705,-0.2918094992637634,-0.002669129753485322,0.5881019830703735,-0.46466225385665894,0.10924717783927917,-0.26185667514801025,-0.17410479485988617,0.15798009932041168,-0.0320342481136322,0.46074047684669495,0.08151751011610031,0.10799767076969147,-0.05597688630223274,0.10887530446052551,0.42570728063583374,0.1399206519126892,0.4093703031539917,0.5268527269363403,0.25319746136665344,0.09091999381780624],""gru.weight_hh"":[-0.16471199691295624,-0.2998921871185303,0.10750754922628403,-0.24317769706249237,-0.2526663541793823,-0.18022677302360535,0.3110160827636719,0.011569816619157791,0.13392746448516846,0.35742247104644775,-0.03418821468949318,0.07089801877737045,0.08574890345335007,0.22653090953826904,0.30247288942337036,0.0132723618298769,-0.04108623042702675,0.024837495759129524,0.6269758343696594,-0.26992252469062805,-0.29543641209602356,0.20003537833690643,0.2576289474964142,-0.03374411538243294,-0.09823570400476456,0.28640517592430115,0.0609712153673172,-0.11085884273052216,0.2025318145751953,-0.09558166563510895,-0.08622770756483078,0.14783145487308502,0.2237493395805359,0.09614688903093338,-0.04886377975344658,0.009572464041411877,0.06410440057516098,0.02274746261537075,-0.05777113884687424,-0.023781675845384598,-0.028944624587893486,0.36961033940315247,-0.2842724025249481,-0.23237089812755585,0.30667996406555176,-0.20195415616035461,-0.12896433472633362,-0.185228630900383,0.1225869283080101,-0.15417367219924927,0.051062531769275665,0.21343831717967987,0.14522024989128113,0.05935339257121086,0.05971195921301842,-0.0837455540895462,0.044371217489242554,0.22852744162082672,-0.14567218720912933,-0.27457737922668457,-0.10995130240917206,0.10667405277490616,-0.1653231680393219,-0.12341755628585815,0.325930118560791,-0.5721437335014343,-0.33596399426460266,-0.32429391145706177,0.5112063884735107,0.3521532118320465,-0.10471145808696747,0.39803043007850647,-0.3868710398674011,0.25819453597068787,0.520503044128418,-0.06887531280517578,-0.22602355480194092,0.005472446326166391,0.49211353063583374,-0.26426392793655396,0.33162054419517517,-0.14208440482616425,-0.527009904384613,-0.26994413137435913,0.22505417466163635,0.35782355070114136,-0.39977535605430603,-0.067416712641716,-0.3563172519207001,-0.14389663934707642,0.6264820694923401,-0.522647500038147,-0.05989248678088188,0.35122543573379517,0.5063931941986084,0.7261964678764343,-0.09224724769592285,0.3174586594104767,-0.19252346456050873,0.29087769985198975,-0.4040476679801941,-0.10083547979593277,0.022021451964974403,-0.39462602138519287,-0.41510462760925293,0.09211467206478119,0.14541809260845184,0.038279082626104355,-0.007339866831898689,-0.12728682160377502,0.11954053491353989,-0.18010106682777405,-0.2414950132369995,-0.09968497604131699,0.6317541599273682,-0.6915369629859924,-0.19992323219776154,0.017826305702328682,0.17028388381004333,0.25750091671943665,0.0835692510008812,-0.6529949307441711,0.6845595836639404,-0.2893657684326172,0.06064225360751152,0.40749242901802063,0.19968944787979126,0.7866768836975098,-0.0961623564362526,0.15421681106090546,-0.3226994574069977,0.11714266240596771,0.4182339906692505,0.1031389832496643,-0.06288938224315643,-0.23199434578418732,-0.06930502504110336,0.2479410320520401,-0.5223969221115112,-0.1267484873533249,0.015717260539531708,-0.30366018414497375,0.09927843511104584,-0.29631102085113525,-0.4376939535140991,0.35104599595069885,0.07401473820209503,-0.21843497455120087,0.1647539883852005,-0.20797103643417358,0.261107474565506,-0.17061923444271088,0.18033255636692047,0.38630661368370056,-0.2749571204185486,0.37754008173942566,0.43998321890830994,-0.26450422406196594,-0.0179741270840168,-0.2440500408411026,0.3014814555644989,-0.15200726687908173,0.03512436896562576,-0.2812897264957428,-0.049548208713531494,-0.28100308775901794,0.2721926271915436,-0.09101860970258713,-0.07044848799705505,-0.21578416228294373,0.25826743245124817,-0.30068978667259216,-0.11969109624624252,-0.35788533091545105,-0.29916855692863464,0.21763262152671814,-0.33908870816230774,-0.10925786197185516,0.0820821076631546,-0.2878057062625885,-0.1376354843378067,-0.21799525618553162,0.0668029934167862,0.359698623418808,-0.24158704280853271,-0.29984715580940247,0.09028451889753342,0.01017186138778925,-0.09929441660642624,0.241653710603714,-0.0637860968708992,0.39051854610443115],""gru.bias_ih"":[-0.19209705293178558,0.28321656584739685,0.20385830104351044,0.3433173596858978,-0.025744641199707985,0.06439521908760071,0.38752496242523193,0.2361171841621399,-0.28795135021209717,-0.04256637394428253,-0.7017973065376282,0.2161726951599121,0.2803969979286194,-0.34717857837677,-0.48517870903015137,-0.20246706902980804,-0.1610940545797348,0.21138004958629608,-0.290284663438797,0.023907041177153587,-0.15528009831905365,0.08044125884771347,0.19318446516990662,-0.29048341512680054],""gru.bias_hh"":[-0.3107399046421051,0.33737772703170776,-0.06006992980837822,-0.28643345832824707,-0.03196066617965698,0.08930721879005432,0.28156372904777527,-0.3028654158115387,-0.5915351510047913,0.30620884895324707,-0.3322053849697113,-0.1446116417646408,-0.22639399766921997,-0.28988465666770935,-0.552345335483551,0.004656641278415918,-0.06694483757019043,0.15062326192855835,-0.08851159363985062,0.17628097534179688,0.29485389590263367,-0.34639549255371094,-0.02322443202137947,-0.3096795678138733],""head.weight"":[-0.3316977322101593,-0.19957663118839264,0.2630724012851715,-0.38126879930496216,0.0010651880875229836,0.1301455795764923,0.2650163769721985,0.29620808362960815],""head.bias"":[0.2373831570148468]}"
830118,SENSORY_SITE,4,60,16,153600,0.8395105000000029,0.6021881103515625,0.581418490409851,"{""raw"":[2.4667203426361084,0.37945398688316345,0.3080962896347046,-0.5246365666389465]}"
830118,OUTPUT_SITE,4,60,16,153600,0.8405269579999981,0.5382528305053711,0.6671761751174927,"{""raw"":[2.1668667793273926,0.6638560891151428,0.19473260641098022,-0.5719079971313477]}"
830118,NO_FEEDBACK,4,60,16,153600,0.8126243340000059,0.5766937136650085,0.645968747138977,"{""raw"":[2.173916816711426,0.7107865810394287,0.047454606741666794,0.18468300998210907]}"
830118,GENERIC_RNN,4,60,16,153600,0.6571482910000128,0.7754219770431519,0.662967324256897,"{""raw"":[0.5321500301361084,0.6388997435569763,0.0695805549621582,0.3066038191318512]}"
830118,GRU_8,321,60,16,153600,1.0939249999999987,1.5008045434951782,0.5910471498966217,"{""gru.weight_ih"":[-0.07267818599939346,0.1589517444372177,-0.30052632093429565,0.3509334921836853,-0.2899721562862396,0.32354047894477844,0.35958829522132874,0.30711954832077026,-0.1903359293937683,-0.03222918510437012,0.09296135604381561,0.1511651575565338,-0.3928127884864807,-0.4183971881866455,-0.05985352024435997,-0.5706676840782166,-0.3638864755630493,-0.15507195889949799,0.07534993439912796,0.03458236902952194,-0.3679113984107971,0.006321768742054701,-0.5966845154762268,0.24715910851955414,0.29706433415412903,-0.2139938622713089,0.053430650383234024,0.45986512303352356,-0.170474112033844,-0.25326088070869446,-0.2300422489643097,-0.10030032694339752,-0.25829997658729553,-0.030601361766457558,0.2371671497821808,-0.2085040807723999,-0.2878618836402893,-0.11047834157943726,0.20459721982479095,-0.18679052591323853,0.0982973575592041,0.48896387219429016,0.06917659938335419,-0.29378843307495117,-0.14482565224170685,0.08425800502300262,-0.08555036038160324,-0.11069928854703903,-0.5827692747116089,0.18390271067619324,0.042693592607975006,0.01559022068977356,0.22046831250190735,-0.049254897981882095,0.19647833704948425,-0.290056973695755,-0.13399656116962433,-0.1217217817902565,0.08388195931911469,-0.17582817375659943,0.6327319145202637,0.6214118599891663,0.23051005601882935,0.3914620578289032,0.29128625988960266,-0.005224545486271381,-0.24562478065490723,0.05551396682858467,-0.05853130295872688,0.4426177144050598,0.17307601869106293,-0.09273730218410492],""gru.weight_hh"":[0.05351573973894119,-0.40936192870140076,-0.1681879311800003,0.55005943775177,0.32551270723342896,-0.22048239409923553,0.47112005949020386,0.12199893593788147,-0.4181121289730072,-0.29125484824180603,-0.24846228957176208,0.19083593785762787,0.5239186882972717,0.005550549365580082,-0.13526158034801483,0.21401990950107574,-0.27560973167419434,-0.08553095161914825,-0.12506221234798431,0.11138750612735748,0.3409492075443268,0.4082246720790863,-0.09565071016550064,0.2085821032524109,-0.21559922397136688,0.412301629781723,0.4126124382019043,-0.4025900363922119,0.28196537494659424,0.04819679260253906,-0.2345862090587616,-0.4617465138435364,-0.12616971135139465,-0.4009454846382141,0.15275613963603973,-0.25201404094696045,-0.010458785109221935,0.21242301166057587,0.10321760922670364,0.09169868379831314,0.22925768792629242,0.027492832392454147,-0.025926843285560608,0.27776768803596497,0.02848963998258114,0.1286124736070633,-0.24469387531280518,-0.3539738655090332,-0.31588634848594666,0.02877149172127247,0.13397862017154694,0.19557206332683563,0.1662117838859558,0.3398435711860657,0.26501044631004333,0.5509068369865417,0.2823602259159088,-0.40781477093696594,0.21347500383853912,-0.2934001386165619,0.07746678590774536,0.058869920670986176,-0.10453921556472778,-0.12236855924129486,0.48049136996269226,0.5635695457458496,-0.048953570425510406,-0.624267041683197,-0.44476163387298584,0.09560026228427887,-0.10503749549388885,-0.5831080079078674,0.2073659896850586,0.045833345502614975,-0.2615484595298767,0.3032020032405853,-0.530450165271759,-0.4998449385166168,-0.17133298516273499,-0.5628161430358887,0.15161307156085968,0.04777027294039726,0.12048698961734772,-0.27468141913414,-0.24521887302398682,0.09150870144367218,0.4425063729286194,0.17909426987171173,0.0155214574187994,-0.16792526841163635,0.2705398201942444,-0.269121378660202,-0.20729248225688934,-0.24301977455615997,-0.18487751483917236,-0.14950568974018097,-0.24969343841075897,0.15134821832180023,0.620169460773468,-0.2282765954732895,0.39822015166282654,0.2568081319332123,-0.516985297203064,0.008777222596108913,0.08908271044492722,0.5526936650276184,0.6917126774787903,-0.5082164406776428,0.06436353921890259,0.6128517985343933,-0.5867969393730164,0.05634281039237976,0.38310515880584717,-0.036310404539108276,0.48205092549324036,-0.46539294719696045,-0.03907134383916855,-0.3533225357532501,-0.3192397952079773,-0.5672719478607178,0.4009389579296112,0.7366451621055603,0.337209552526474,-0.2375291883945465,0.45042091608047485,0.21679045259952545,-0.021788502112030983,-0.4313947856426239,0.3368297219276428,-0.4382231533527374,-0.13167713582515717,0.0790509358048439,-0.17683705687522888,0.025358902290463448,0.01671884022653103,-0.45954668521881104,0.10623272508382797,0.26315799355506897,0.34846749901771545,-0.14945583045482635,-0.4757797122001648,0.04554460942745209,0.15085306763648987,-0.31877124309539795,-0.11184810847043991,0.1089136078953743,-0.35250481963157654,0.3823348879814148,0.037639737129211426,-0.3085232675075531,-0.19147510826587677,-0.34139636158943176,-0.13378486037254333,-0.242991641163826,-0.0889599621295929,-0.3954455852508545,0.07824245095252991,-0.1984321027994156,-0.00033323862589895725,0.11068455129861832,0.1401621401309967,0.3613117039203644,-0.0949072390794754,0.1084747239947319,0.2363334745168686,0.5093232989311218,-0.17796090245246887,0.5377257466316223,-0.26528823375701904,0.37432757019996643,0.12849922478199005,-0.14206059277057648,0.2906052768230438,0.3079133927822113,0.2576311528682709,-0.14175674319267273,0.05809243023395538,0.1507626473903656,-0.05074501782655716,-0.25534242391586304,-0.42090022563934326,-0.4067925214767456,0.17645826935768127,-0.27487364411354065,-0.2839462459087372,-0.1362072378396988,-0.017783984541893005,0.10946882516145706,0.02232062816619873,0.40374547243118286,-0.268525093793869,0.49117347598075867],""gru.bias_ih"":[0.17991618812084198,-0.06691736727952957,-0.06562823802232742,-0.295572966337204,-0.02180984988808632,0.31354060769081116,0.38760310411453247,0.09401893615722656,-0.518435537815094,-0.05723828077316284,0.08429506421089172,0.2730708420276642,-0.6669874787330627,-0.2597927451133728,-0.5397119522094727,-0.22422243654727936,-0.15090149641036987,-0.14745491743087769,-0.35619866847991943,0.21264486014842987,0.05015489086508751,0.11820962280035019,0.1771378219127655,0.1455194503068924],""gru.bias_hh"":[-0.11553554981946945,-0.21474675834178925,-0.26708298921585083,-0.2942791283130646,0.25232642889022827,0.012273414060473442,-0.003977617248892784,-0.19668591022491455,-0.2348477691411972,0.054393645375967026,-0.058861929923295975,-0.29000726342201233,-0.5880818367004395,-0.3188193142414093,-0.7418605089187622,-0.5569524168968201,-0.1455836147069931,0.02624688111245632,0.03068336844444275,0.0037703029811382294,-0.07518308609724045,0.0073011694476008415,-0.17298464477062225,-0.09283023327589035],""head.weight"":[-0.2590658664703369,-0.22237549722194672,0.04806514456868172,-0.11100174486637115,0.22579799592494965,0.18407024443149567,-0.4799491763114929,0.31808900833129883],""head.bias"":[-0.0232184287160635]}"
830119,SENSORY_SITE,4,60,16,153600,0.8311308749999995,0.5140905976295471,0.5739834189414978,"{""raw"":[2.4640650749206543,0.6233069896697998,-0.15995332598686218,-0.5289283990859985]}"
830119,OUTPUT_SITE,4,60,16,153600,0.8388893329999974,0.814539909362793,0.6579745292663575,"{""raw"":[2.213315010070801,0.7033786773681641,-0.15978464484214783,-0.41467466950416565]}"
830119,NO_FEEDBACK,4,60,16,153600,0.812532499999989,0.5867160558700562,0.6100599795579911,"{""raw"":[2.2215723991394043,0.665884256362915,-0.04534585773944855,-0.05643127113580704]}"
830119,GENERIC_RNN,4,60,16,153600,0.6645186669999958,0.7233085632324219,0.6601486384868622,"{""raw"":[0.5456494688987732,0.6453826427459717,-0.029982060194015503,0.32290413975715637]}"
830119,GRU_8,321,60,16,153600,1.0824987919999955,1.8424171209335327,0.5652488201856614,"{""gru.weight_ih"":[-0.5048733353614807,0.25873562693595886,0.027028748765587807,0.338422566652298,0.1643509566783905,0.31768617033958435,-0.127660870552063,0.3815637230873108,0.3164370357990265,0.5062361359596252,0.1347118765115738,0.13496755063533783,-0.11749865859746933,-0.14372847974300385,0.0908113494515419,-0.37229782342910767,-0.0039758761413395405,-0.37701326608657837,-0.1805689036846161,-0.1404879242181778,0.2914115786552429,0.12557557225227356,-0.5660329461097717,-0.045598287135362625,0.1806296557188034,-0.036890581250190735,-0.21409724652767181,0.32132068276405334,-0.4111706614494324,-0.37535175681114197,-0.18507568538188934,0.3750041425228119,0.2985822260379791,0.17048443853855133,-0.3479524850845337,-0.02455160580575466,-0.08676261454820633,-0.4868837893009186,-0.013191618025302887,0.008649544790387154,-0.15775170922279358,-0.15084396302700043,0.2481376677751541,-0.5300742983818054,-0.10933077335357666,-0.09266780316829681,-0.4293889105319977,-0.3050845265388489,0.38205865025520325,0.014317748136818409,0.027452897280454636,0.47478920221328735,-0.4523019790649414,-0.22626610100269318,-0.020621340721845627,0.32609108090400696,0.3098174035549164,0.06352937966585159,0.4439217746257782,-0.42150652408599854,-0.4657333493232727,-0.06749960035085678,0.11170784384012222,0.42810148000717163,-0.18297037482261658,0.3200899064540863,-0.5048030614852905,0.3855092525482178,0.08660527318716049,0.43481847643852234,-0.08995815366506577,0.44101083278656006],""gru.weight_hh"":[-0.270270437002182,-0.0029428587295114994,0.26512566208839417,0.12266332656145096,0.1455727517604828,-0.4835737943649292,0.037806589156389236,-0.14251665771007538,-0.05003805086016655,0.46294236183166504,-0.011977051384747028,0.1335998922586441,-0.07720725983381271,0.40528354048728943,0.06502962112426758,-0.04056346416473389,-0.21289150416851044,0.4160657227039337,-0.251249223947525,0.06374353170394897,-0.019746163859963417,0.33758682012557983,-0.37291431427001953,0.25450095534324646,-0.1883470118045807,0.2985716760158539,-0.3669551908969879,0.24289557337760925,-0.34469786286354065,0.10831963270902634,0.3132292926311493,-0.33055979013442993,0.49442052841186523,-0.16700823605060577,0.0962805524468422,0.06025325506925583,0.02809678390622139,-0.2581447660923004,0.08834142982959747,0.24894331395626068,-0.07697296142578125,-0.24113915860652924,0.10293270647525787,-0.2134283185005188,-0.21430453658103943,-0.19299903512001038,0.26163485646247864,-0.37515920400619507,-0.3077787458896637,-0.0848950669169426,0.09856348484754562,-0.26717203855514526,-0.14518588781356812,-0.14004755020141602,0.10763563215732574,0.046419356018304825,-0.31389936804771423,-0.4319983720779419,0.21842215955257416,0.19923098385334015,-0.08707638829946518,0.0566704235970974,0.28462469577789307,-0.2719772160053253,0.4533005654811859,-0.511752724647522,-0.21452219784259796,0.030323386192321777,0.04204534366726875,-0.0003076994325965643,0.28675517439842224,-0.2033534198999405,-0.5804946422576904,-0.6348727941513062,0.016566256061196327,0.379223108291626,-0.01913987100124359,-0.5104973912239075,0.18174801766872406,-0.49180591106414795,-0.19057480990886688,-0.2070161998271942,0.3312879800796509,-0.07953599840402603,-0.15817274153232574,-0.1514682173728943,-0.25765612721443176,0.3793095052242279,-0.13457320630550385,0.41009464859962463,-0.15108554065227509,0.037804923951625824,0.26648151874542236,-0.002246052958071232,-0.20990411937236786,-0.1723586916923523,-0.13262495398521423,-0.1636628806591034,0.1979064643383026,0.01884138025343418,-0.010904720984399319,0.18929986655712128,0.0840897262096405,-0.11246374249458313,0.1655520647764206,0.4077746570110321,-0.06446025520563126,0.1644495725631714,-0.08409031480550766,-0.07058675587177277,-0.15840546786785126,0.09283775091171265,-0.04318277910351753,0.22614337503910065,-0.10056089609861374,-0.29566988348960876,0.024110551923513412,0.07575618475675583,0.037308335304260254,-0.3514631986618042,0.7447210550308228,0.4017254114151001,-0.4834705889225006,0.24488000571727753,-0.4639759957790375,0.2541549801826477,-0.19806504249572754,0.12351477891206741,0.1220654547214508,-0.11335787177085876,-0.10447432845830917,0.07019944489002228,-0.24692773818969727,-0.15348653495311737,-0.4241878092288971,-0.18600143492221832,0.306197851896286,0.11619693040847778,0.05066521465778351,0.052698276937007904,-0.031284864991903305,0.022900087758898735,-0.0012899772264063358,0.011027667671442032,-0.11264706403017044,0.3028542399406433,0.19104522466659546,-0.10347877442836761,-0.3990894556045532,0.03425157442688942,-0.42304229736328125,0.06757790595293045,-0.23786577582359314,-0.13600203394889832,0.03706050664186478,-0.26911142468452454,0.10502804815769196,-0.4395034611225128,0.26488596200942993,-0.4928588271141052,-0.4573133587837219,0.02980024740099907,0.2562093734741211,0.11729032546281815,-0.18323838710784912,0.011689674109220505,0.11922742426395416,0.036110177636146545,0.2216331660747528,0.1558540165424347,-0.17740625143051147,0.3260464668273926,0.11030656099319458,0.37551945447921753,-0.03421986475586891,0.25857308506965637,-0.13252876698970795,-0.13441067934036255,0.09276282787322998,-0.21323570609092712,0.08796409517526627,-0.20627754926681519,0.521912693977356,0.01707829162478447,0.24229936301708221,0.5009221434593201,-0.04122863709926605,0.4302223026752472,0.24461348354816437,0.5071505308151245,0.012780804187059402,0.03159688413143158],""gru.bias_ih"":[-0.2602117657661438,0.16031323373317719,-0.11846612393856049,0.056630466133356094,-0.24027453362941742,-0.012138438411056995,0.398794025182724,0.016402242705225945,-0.0798894464969635,-0.15205788612365723,0.1051168292760849,0.3863389790058136,-0.09000742435455322,-0.6092157363891602,0.02848835289478302,-0.38628503680229187,-0.07664971798658371,-0.05950069800019264,0.05791774019598961,0.009500689804553986,0.30334627628326416,0.16085928678512573,-0.14948773384094238,0.0006552267586812377],""gru.bias_hh"":[-0.018223978579044342,-0.20073793828487396,0.0522472970187664,-0.12782344222068787,0.11842495948076248,0.3377486765384674,0.1727474331855774,0.15391603112220764,-0.40488994121551514,0.19416570663452148,-0.18251068890094757,0.40343305468559265,-0.19656138122081757,-0.844502866268158,0.0558282770216465,-0.3007032573223114,-0.2609303891658783,0.062276728451251984,0.1705496609210968,-0.1455029994249344,0.002059407066553831,-0.3493395447731018,0.16144609451293945,0.04703991487622261],""head.weight"":[0.4268190562725067,0.44776076078414917,0.12156327813863754,-0.050228387117385864,-0.35968634486198425,0.5134787559509277,-0.4035598933696747,0.3707931339740753],""head.bias"":[0.18408770859241486]}"
830120,SENSORY_SITE,4,60,16,153600,0.865339333999998,0.5296890735626221,0.5696820169687271,"{""raw"":[2.462691068649292,0.6276705861091614,-0.15336573123931885,-0.48086294531822205]}"
830120,OUTPUT_SITE,4,60,16,153600,0.8380741659999984,0.6425237655639648,0.6683457374572754,"{""raw"":[2.185798406600952,0.6999696493148804,0.15806323289871216,-0.45387136936187744]}"
830120,NO_FEEDBACK,4,60,16,153600,0.8096131670000091,0.773974597454071,0.6107400417327881,"{""raw"":[2.2159879207611084,0.714759886264801,0.14468495547771454,0.07835136353969574]}"
830120,GENERIC_RNN,4,60,16,153600,0.6580398330000037,0.7588701248168945,0.6265805125236511,"{""raw"":[0.5617291927337646,0.657783567905426,-0.025368398055434227,0.3465096950531006]}"
830120,GRU_8,321,60,16,153600,1.0689392080000033,1.3569995164871216,0.5523226916790008,"{""gru.weight_ih"":[-0.06414111703634262,-0.2512092888355255,-0.5111711025238037,0.10010352730751038,-0.29085564613342285,0.14420947432518005,-0.5533966422080994,-0.25303012132644653,-0.24061068892478943,0.27590423822402954,0.16905441880226135,-0.10483886301517487,0.022955860942602158,0.11025118082761765,0.1447828710079193,-0.21915176510810852,-0.12074016779661179,-0.3647054135799408,0.0880020409822464,-0.039366912096738815,-0.06271814554929733,-0.1894444227218628,-0.16152700781822205,-0.3943609595298767,-0.20704548060894012,-0.24973569810390472,-0.06688535213470459,0.08386760950088501,-0.5887420177459717,-0.03705265745520592,-0.249237522482872,-0.27099886536598206,0.1261020451784134,-0.029030656442046165,0.3791397213935852,-0.038703009486198425,-0.4235552251338959,-0.24568116664886475,0.13707764446735382,-0.47819772362709045,-0.32125067710876465,0.45320725440979004,-0.13858503103256226,-0.3998541235923767,-0.17098531126976013,0.5547353625297546,-0.10562063753604889,-0.6125209927558899,0.15683916211128235,0.12839512526988983,0.4816034138202667,0.6234706044197083,-0.10042241960763931,-0.07583185285329819,0.5774132013320923,0.08363457024097443,0.19787845015525818,-0.09880681335926056,-0.034006088972091675,0.35709652304649353,0.5080034732818604,0.34367144107818604,0.25063496828079224,0.5289148092269897,0.33487045764923096,0.2209392488002777,0.6559708118438721,-0.291789174079895,0.2543025314807892,-0.24490918219089508,0.3958219587802887,-0.21573135256767273],""gru.weight_hh"":[0.31441232562065125,-0.40303289890289307,0.22005105018615723,-0.023088844493031502,0.26246699690818787,0.05929212272167206,-0.42506611347198486,-0.20686788856983185,-0.020060615614056587,-0.002518568653613329,-0.06071896478533745,0.0732123851776123,0.07323591411113739,0.07863353192806244,0.10283833742141724,0.047771066427230835,0.4236609637737274,0.033121999353170395,0.09251423180103302,0.016431119292974472,0.194301038980484,0.08753739297389984,-0.21536704897880554,0.11526213586330414,-0.2742040455341339,0.04871797934174538,0.16412125527858734,-0.23907627165317535,-0.4406614899635315,0.018892787396907806,0.07932402193546295,0.04669197276234627,0.05080655589699745,-0.04911300167441368,0.049675989896059036,-0.16500863432884216,0.3546672761440277,-0.005546820815652609,0.015129308216273785,-0.19731515645980835,0.11592702567577362,0.45582637190818787,0.42891502380371094,-0.17269860208034515,0.4380541741847992,0.08900318294763565,-0.14670774340629578,0.08328469842672348,-0.0028571016155183315,0.07013711333274841,-0.06252529472112656,-0.3992241322994232,-0.05798957496881485,-0.1471855193376541,0.1462869644165039,0.10787103325128555,0.09976164996623993,0.15281306207180023,-0.321564644575119,-0.033054180443286896,0.2688107192516327,0.017531707882881165,-0.47170519828796387,0.1773102581501007,-0.20220758020877838,0.6360674500465393,-0.008869484066963196,0.18362069129943848,0.11307670176029205,0.23105688393115997,-0.016649721190333366,-0.5654580593109131,0.46206843852996826,-0.031303830444812775,0.32339024543762207,0.21684549748897552,0.6244977116584778,0.16263048350811005,0.16433177888393402,-0.11850987374782562,0.5451738834381104,0.2657215893268585,0.5924801230430603,-0.09475186467170715,0.5412948131561279,0.5618806481361389,-0.0748315155506134,-0.17237862944602966,-0.12885774672031403,-0.07974816858768463,0.32123592495918274,0.4308580756187439,-0.46206265687942505,-0.061848316341638565,0.16554611921310425,0.5217709541320801,0.6539734601974487,0.5395352244377136,0.6709885001182556,0.2545942962169647,0.2313489317893982,0.38677388429641724,0.24046695232391357,-0.26436638832092285,0.26699817180633545,0.2438812404870987,0.29714474081993103,-0.23063361644744873,0.6840161085128784,0.6881914734840393,0.3864072859287262,0.14368607103824615,-0.03193417564034462,-0.0033941222354769707,0.5594248175621033,0.24172578752040863,0.42199721932411194,0.395071804523468,-0.22868697345256805,-0.03954946622252464,-0.3422125279903412,-0.13374800980091095,-0.3858320713043213,0.1682426780462265,-0.02991429530084133,-0.2935919463634491,-0.2928018569946289,0.3486612141132355,0.08329208195209503,0.09364686161279678,-0.16567501425743103,-0.3484186828136444,-0.04096275940537453,0.11079258471727371,0.11610749363899231,-0.12865348160266876,0.017398109659552574,0.4627317488193512,-0.2265154868364334,-0.08648882806301117,0.33118340373039246,0.30749964714050293,0.2812243402004242,-0.05867202952504158,-0.183236226439476,-0.0881066620349884,0.27737584710121155,0.03676259145140648,0.4253239631652832,0.26825371384620667,0.3173156678676605,-0.3696528673171997,-0.04482773691415787,0.3820609152317047,0.2744283080101013,0.2649422287940979,0.30661019682884216,0.32998692989349365,0.17205075919628143,-0.1896684616804123,-0.3314606547355652,-0.1502821147441864,0.09063519537448883,0.006511066108942032,-0.23217231035232544,-0.24997273087501526,0.01909472979605198,-0.15178237855434418,0.009299431927502155,-0.16076993942260742,-0.22664472460746765,0.16621007025241852,-0.1559043973684311,0.36623650789260864,0.220757856965065,0.09558560699224472,-0.001750514842569828,-0.06934575736522675,0.10707679390907288,-0.25227445363998413,-0.15946127474308014,0.018873482942581177,0.08094378560781479,-0.24899433553218842,0.2627686560153961,0.11136795580387115,0.24352116882801056,0.30160975456237793,-0.0674872025847435,-0.2461266666650772,-0.48289161920547485,-0.2828020751476288],""gru.bias_ih"":[0.23828162252902985,0.009963548742234707,0.15720292925834656,0.3263295292854309,-0.12016638368368149,-0.24142247438430786,0.04903122037649155,0.16305723786354065,0.05312441289424896,0.023558631539344788,-0.5421044230461121,0.040555696934461594,0.006801502779126167,0.1576727330684662,-0.1267044097185135,0.08672472834587097,0.18596404790878296,-0.22492380440235138,-0.1616355925798416,0.1712316870689392,-0.3029230535030365,-0.321188360452652,-0.06258309632539749,0.1873491257429123],""gru.bias_hh"":[-0.3075995147228241,0.4605765640735626,0.36559534072875977,-0.10314573347568512,-0.037213392555713654,-0.32541826367378235,-0.08328545838594437,0.06140786036849022,-0.04607076197862625,-0.29055333137512207,-0.08746280521154404,0.1568152755498886,0.07910601049661636,-0.23490571975708008,-0.6090306639671326,-0.15347522497177124,-0.33203279972076416,0.12800763547420502,-0.07697301357984543,0.24041201174259186,-0.024020565673708916,-0.09779919683933258,0.11281825602054596,0.35982051491737366],""head.weight"":[0.270029217004776,0.4521334171295166,0.36470532417297363,0.11236482858657837,0.2266213446855545,0.1237446591258049,0.46501630544662476,-0.37380266189575195],""head.bias"":[0.28283846378326416]}"
830121,SENSORY_SITE,4,60,16,153600,0.8317730839999911,0.5974297523498535,0.5943499505519867,"{""raw"":[2.520251512527466,0.4902343451976776,-0.2678649425506592,-0.444104939699173]}"
830121,OUTPUT_SITE,4,60,16,153600,0.8349919580000034,0.7701607346534729,0.6692265152931214,"{""raw"":[2.2520604133605957,0.661525309085846,-0.27188530564308167,-0.44923487305641174]}"
830121,NO_FEEDBACK,4,60,16,153600,0.8314804999999978,0.6505255699157715,0.6935737431049347,"{""raw"":[2.318803071975708,0.7045899629592896,-0.22203154861927032,-0.21362704038619995]}"
830121,GENERIC_RNN,4,60,16,153600,0.6570549169999964,0.8192035555839539,0.7007843613624573,"{""raw"":[0.5587174296379089,0.6552360653877258,0.0640372559428215,0.3365738093852997]}"
830121,GRU_8,321,60,16,153600,1.073742082999999,1.6903358697891235,0.5998449087142944,"{""gru.weight_ih"":[0.6065760850906372,-0.23235630989074707,-0.41967853903770447,-0.508517324924469,0.055498361587524414,-0.2289184033870697,-0.24464699625968933,0.39459362626075745,0.22446921467781067,0.6557809114456177,0.0011675739660859108,-0.22443971037864685,0.30888113379478455,-0.5362934470176697,-0.3238997757434845,-0.4038335680961609,-0.07615172863006592,-0.13455626368522644,-0.14944925904273987,-0.15166592597961426,-0.6184660196304321,-0.41412627696990967,0.0554669052362442,-0.09227423369884491,0.13480913639068604,-0.6036417484283447,-0.09705760329961777,-0.07107338309288025,-0.5404571294784546,-0.11812565475702286,0.17426446080207825,-0.08945949375629425,-0.046678606420755386,-0.4074150621891022,-0.22364842891693115,0.17723269760608673,-0.05802052095532417,-0.49316516518592834,0.2583812177181244,0.07024817913770676,0.34340232610702515,-0.1737532913684845,0.044755350798368454,-0.5668835043907166,-0.23094265162944794,-0.18153317272663116,0.3313252627849579,-0.5884382128715515,-0.5751349925994873,0.033681511878967285,0.06730227172374725,0.5824280381202698,0.21096816658973694,0.09778326749801636,-0.07172266393899918,0.01700781285762787,0.26995736360549927,-0.37183642387390137,-0.3957487642765045,0.028448114171624184,-0.608574628829956,-0.18433015048503876,-0.6097050905227661,0.181318461894989,-0.35922253131866455,-0.26470810174942017,0.3798353374004364,-0.06407206505537033,0.36665627360343933,0.07977419346570969,-0.15041226148605347,-0.16783851385116577],""gru.weight_hh"":[-0.17857499420642853,0.2990608811378479,-0.37283551692962646,0.005019888747483492,-0.14719650149345398,0.40422239899635315,-0.10457252711057663,-0.1827121376991272,0.20674896240234375,-0.3850633502006531,-0.08242233842611313,0.16243551671504974,0.35761189460754395,-0.01312324870377779,-0.34822461009025574,-0.2944115698337555,0.2176504284143448,-0.46538999676704407,-0.33262553811073303,0.2801974415779114,0.46804261207580566,0.00983589980751276,-0.38798150420188904,-0.13738766312599182,-0.032533105462789536,0.13467934727668762,-0.37337756156921387,0.21162499487400055,0.11480864882469177,0.2972666025161743,0.2123478502035141,0.0967932641506195,-0.2577453851699829,0.12130032479763031,-0.21277491748332977,-0.06865479052066803,-0.07482636719942093,-0.3312256932258606,0.20066756010055542,-0.3821088671684265,0.1774778962135315,-0.41929304599761963,0.17129914462566376,-0.25407955050468445,-0.1547956019639969,-0.18377505242824554,-0.4394107460975647,-0.13018687069416046,-0.013165165670216084,0.2528916895389557,-0.2936091423034668,0.001582841039635241,0.29489070177078247,0.28472793102264404,0.09651914238929749,0.3553571105003357,0.19013093411922455,-0.3530469536781311,0.15337316691875458,0.11652521789073944,0.18830543756484985,-0.06467846035957336,-0.20990535616874695,-0.27011838555336,0.11739571392536163,-0.41502895951271057,0.4257572293281555,-0.3485037684440613,0.1997358500957489,-0.7001516819000244,-0.5295775532722473,0.12593869864940643,-0.016931980848312378,0.14622539281845093,0.313599169254303,-0.4332028329372406,0.10351185500621796,-0.3069048523902893,-0.4131828248500824,-0.5349991321563721,-0.05466504022479057,0.4354263246059418,0.14951235055923462,-0.22181130945682526,-0.07706854492425919,0.0793033316731453,0.14283005893230438,0.10353749990463257,-0.266888827085495,0.6377375721931458,0.39182305335998535,-0.5635305643081665,-0.33701446652412415,-0.4087601602077484,-0.0500955693423748,-0.25713595747947693,0.3142872154712677,-0.18348588049411774,0.4507937431335449,-0.1847127377986908,0.5640655755996704,-0.2969954311847687,-0.1724940985441208,-0.005468195304274559,0.6990083456039429,-0.5314038991928101,-0.059010669589042664,0.46525904536247253,0.4876091778278351,-0.029288578778505325,-0.5851232409477234,0.23872381448745728,0.3193509876728058,-0.24992255866527557,0.4108884036540985,0.6546880006790161,0.3112075924873352,-0.5313348174095154,0.0430653877556324,0.1379920244216919,0.28434687852859497,-0.25867506861686707,-0.08105305582284927,0.5465667843818665,0.47186216711997986,-0.1080407053232193,-0.20364341139793396,0.21570652723312378,0.1142742931842804,-0.4636393189430237,-0.26624396443367004,0.27181723713874817,0.22389985620975494,-0.3478407561779022,-0.3638802170753479,0.22898897528648376,-0.03678786754608154,0.4049489498138428,-0.019483326002955437,-0.23928754031658173,0.15360455214977264,-0.1648045927286148,0.2579401433467865,-0.15309204161167145,0.043205175548791885,-0.4857840836048126,0.06313686817884445,0.24032631516456604,0.11290988326072693,-0.05046537145972252,-0.41216152906417847,0.017039772123098373,0.1796969622373581,-0.3916316330432892,-0.2617623209953308,-0.1698889285326004,0.21299760043621063,-0.16890214383602142,-0.23643404245376587,-0.030576003715395927,0.7301251888275146,-0.6395827531814575,0.015402963384985924,0.04078744351863861,-0.1032797247171402,0.1662067472934723,0.13297884166240692,-0.03036646917462349,-0.1369570940732956,0.18777814507484436,0.1854318082332611,0.10006864368915558,0.01415665540844202,-0.23165839910507202,0.1183764785528183,-0.24272094666957855,-0.6047855019569397,0.3206973969936371,0.03811042755842209,-0.41372978687286377,-0.23009824752807617,0.1003928929567337,-0.033326324075460434,-0.020271679386496544,-0.034164488315582275,0.25669530034065247,0.18043051660060883,-0.230831578373909,0.22363094985485077,-0.2188483327627182,-0.16799508035182953,-0.24533505737781525],""gru.bias_ih"":[0.3935611844062805,0.017845168709754944,0.10222862660884857,0.37910690903663635,-0.09799566119909286,0.25495725870132446,-0.0487101711332798,-0.06059182062745094,-0.573108971118927,-0.291209876537323,0.5615283846855164,-0.2304413914680481,-0.43931347131729126,0.4261121153831482,-0.8327447772026062,-0.12427713721990585,0.19136619567871094,0.21182571351528168,-0.3056274652481079,0.24183742702007294,-0.21796363592147827,0.38389524817466736,0.16899819672107697,0.2467017024755478],""gru.bias_hh"":[0.30318567156791687,0.22633707523345947,0.1676550954580307,0.34696468710899353,-0.039635416120290756,-0.018442654982209206,-0.057508163154125214,-0.2437366098165512,-0.3608410358428955,-0.544730544090271,0.449060320854187,-0.15733753144741058,-0.7478193044662476,0.16133548319339752,-0.475542277097702,0.31349337100982666,-0.3126896321773529,-0.16016153991222382,0.26049062609672546,-0.2540196180343628,-0.33071398735046387,-0.17066119611263275,0.06533263623714447,0.015930159017443657],""head.weight"":[-0.6998573541641235,0.40035516023635864,-0.2861613631248474,-0.49836093187332153,-0.21007345616817474,0.13769128918647766,0.1515740305185318,0.31850114464759827],""head.bias"":[-0.2237713783979416]}"
830122,SENSORY_SITE,4,60,16,153600,0.8355734999999953,0.6816483736038208,0.6227911353111267,"{""raw"":[2.3922016620635986,0.6251261830329895,-0.14885279536247253,-0.5747557282447815]}"
830122,OUTPUT_SITE,4,60,16,153600,0.8384287500000056,0.8747995495796204,0.7109952330589294,"{""raw"":[2.2178754806518555,0.7382639050483704,-0.02883213758468628,-0.3609367907047272]}"
830122,NO_FEEDBACK,4,60,16,153600,0.8104889580000076,0.8048228025436401,0.6875681042671203,"{""raw"":[2.2082953453063965,0.70558762550354,0.14606481790542603,-0.09177941828966141]}"
830122,GENERIC_RNN,4,60,16,153600,0.6780342920000066,0.7991556525230408,0.7208383619785309,"{""raw"":[0.550804853439331,0.6619578003883362,-0.07748779654502869,0.3195251524448395]}"
830122,GRU_8,321,60,16,153600,1.0759725409999987,1.4739338159561157,0.5815817236900329,"{""gru.weight_ih"":[-0.204064279794693,-0.48483672738075256,-0.19641795754432678,0.28591033816337585,0.27829140424728394,0.30988410115242004,0.6481598615646362,-0.2622019946575165,-0.17497581243515015,0.20945921540260315,-0.12980571389198303,-0.41681885719299316,-0.4861224889755249,0.24731552600860596,0.251158207654953,0.14524111151695251,-0.5035936236381531,-0.32260042428970337,0.5178062915802002,-0.0028398013673722744,-0.3385719954967499,-0.2226172834634781,0.1078132838010788,-0.42872095108032227,0.47091904282569885,-0.37382495403289795,-0.6755936145782471,-0.10513675212860107,-0.279623806476593,-0.26086756587028503,0.267617791891098,-0.5857518315315247,-0.17023028433322906,-0.6124839186668396,-0.4051835834980011,0.5630499720573425,-0.06924129277467728,-0.6443714499473572,-0.458283394575119,-0.23032332956790924,-0.03537081927061081,0.15317946672439575,0.0889018252491951,-0.6053555011749268,0.2791816294193268,-0.13432908058166504,-0.3752363324165344,0.40392303466796875,0.38099783658981323,-0.3138715624809265,-0.05621520057320595,0.5902793407440186,0.07047824561595917,0.3043014109134674,-0.5609323382377625,-0.06295953691005707,-0.042940638959407806,-0.28242987394332886,-0.46743685007095337,0.1748216152191162,-0.5287296772003174,0.23287853598594666,-0.2880805730819702,-0.46361294388771057,-0.0817924365401268,0.03950238972902298,-0.5330946445465088,-0.2941145896911621,0.04256685823202133,-0.10046574473381042,-0.2703520953655243,-0.4758780598640442],""gru.weight_hh"":[-0.08403158187866211,-0.38063445687294006,-0.01722879894077778,0.03155682608485222,0.28992849588394165,0.39505910873413086,0.21972455084323883,0.23771832883358002,0.22188229858875275,-0.273637980222702,0.05448748543858528,0.2287251204252243,-0.2349393665790558,0.10891999304294586,-0.23589830100536346,0.16485069692134857,-0.2421475350856781,-0.13170869648456573,0.21781779825687408,-0.34449657797813416,-0.27426135540008545,-0.31142744421958923,-0.20819711685180664,0.4140022099018097,-0.0857217013835907,-0.39734962582588196,0.1374083161354065,0.331659197807312,0.1531975269317627,0.5344505906105042,0.15968142449855804,0.4631013870239258,-0.16208678483963013,-0.04950222000479698,-0.07349671423435211,-0.09692294895648956,-0.1843181848526001,-0.10947147011756897,0.1067509576678276,-0.06089583784341812,0.24236486852169037,-0.17624132335186005,0.3953028619289398,-0.16967767477035522,-0.20814333856105804,-0.07664693146944046,0.1641482561826706,-0.02977232076227665,0.1415465921163559,0.14152640104293823,-0.08456514775753021,0.07465025782585144,-0.34132006764411926,-0.27070337533950806,0.07074760645627975,0.049678586423397064,-0.16422557830810547,-0.06659766286611557,0.1708783507347107,-0.16141489148139954,0.04739132896065712,0.3420962691307068,0.3003057539463043,0.1773066222667694,-0.42354127764701843,-0.7163544297218323,0.21092145144939423,0.5081798434257507,0.4027019143104553,0.7588230967521667,0.5431541204452515,0.39739665389060974,-0.34449654817581177,-0.3622351884841919,0.12687166035175323,0.40428459644317627,0.1370522826910019,0.4953819811344147,-0.0471746064722538,0.4522811472415924,-0.28328222036361694,-0.10285297781229019,-0.20061518251895905,0.17703595757484436,0.2319459170103073,0.1925027221441269,0.12620800733566284,0.6699740886688232,0.48079267144203186,0.12130577862262726,0.08524609357118607,-0.01967431977391243,-0.5352112650871277,-0.5355483889579773,-0.29926103353500366,-0.01623835787177086,-0.394839346408844,-0.48426833748817444,0.3029592037200928,0.12989038228988647,0.359544962644577,0.4396444857120514,0.3962010145187378,0.09200763702392578,0.0447944700717926,-0.3248664140701294,-0.3034787178039551,0.5461119413375854,0.15886804461479187,-0.0505981408059597,-0.23839135468006134,0.2697807252407074,-0.5071640014648438,-0.11705908179283142,-0.11223294585943222,-0.08139738440513611,0.40361785888671875,0.12472784519195557,0.1689259558916092,0.1481558233499527,-0.11728289723396301,-0.12686501443386078,-0.2706975042819977,0.36414834856987,-0.20984938740730286,-0.26950523257255554,-0.29184088110923767,0.4560251832008362,-0.06772132962942123,0.16833195090293884,-0.16715621948242188,0.14283539354801178,-0.42073607444763184,-0.35627481341362,0.07059996575117111,0.08736269176006317,-0.028986860066652298,0.08098893612623215,0.07482042163610458,-0.2769280672073364,-0.23497410118579865,-0.18581445515155792,-0.006033854093402624,0.35396647453308105,-0.32743966579437256,-0.20846062898635864,0.4213486611843109,0.4448869526386261,0.0024993321858346462,0.01443028450012207,-0.10247258841991425,-0.029893450438976288,-0.05992120876908302,0.08793403953313828,-0.13870307803153992,-0.19940368831157684,0.11969657987356186,0.19616931676864624,0.33848142623901367,0.16794084012508392,0.19000612199306488,0.07935061305761337,-0.19705119729042053,0.254627525806427,-0.1941341757774353,-0.09566815942525864,0.4170128107070923,-0.22912457585334778,-0.26058363914489746,0.007361556403338909,0.3250124156475067,-0.045559220016002655,0.3306295573711395,0.3334546983242035,0.5191452503204346,-0.23724758625030518,0.06463939696550369,-0.22193124890327454,0.051207639276981354,0.3027386963367462,0.37653058767318726,0.04433107748627663,0.4420230984687805,0.2050330638885498,-0.3013932704925537,-0.3581051230430603,0.03801921755075455,-0.2278268039226532,0.4267221987247467,0.030460473150014877,-0.1131647378206253,-0.1653069257736206],""gru.bias_ih"":[-0.06342501193284988,0.23636162281036377,0.1978435218334198,-0.39406731724739075,0.17782683670520782,0.04396342113614082,-0.25813308358192444,0.13200971484184265,0.20634347200393677,-0.6750885844230652,-0.24629990756511688,-0.07209163159132004,-0.3826759457588196,-0.07055968791246414,-0.38591843843460083,-0.14264139533042908,0.3836747407913208,0.17249241471290588,0.0922437384724617,-0.1753081977367401,-0.20551179349422455,-0.03878559544682503,0.028686990961432457,-0.2524663209915161],""gru.bias_hh"":[0.09692192077636719,0.26182153820991516,0.17318099737167358,-0.3017352521419525,-0.10893505066633224,0.2466639280319214,-0.03658222407102585,-0.18546634912490845,-0.27896779775619507,-0.14400729537010193,-0.061166681349277496,0.015733111649751663,-0.3604986071586609,-0.5526065230369568,-0.47528815269470215,-0.6598058342933655,-0.18072697520256042,0.10183248668909073,-0.10313498973846436,0.013274921104311943,0.15974421799182892,-0.04949143901467323,-0.2926909625530243,0.13872231543064117],""head.weight"":[0.1239861324429512,0.1446610540151596,-0.5784085392951965,-0.16667670011520386,-0.5218605399131775,-0.40754637122154236,-0.37963196635246277,-0.39207199215888977],""head.bias"":[-0.1212826520204544]}"
830123,SENSORY_SITE,4,60,16,153600,0.8405889579999979,0.5001344084739685,0.5977559447288513,"{""raw"":[2.448756694793701,0.41476505994796753,-0.10366225242614746,-0.5331262946128845]}"
830123,OUTPUT_SITE,4,60,16,153600,0.8389840839999891,0.7731679677963257,0.6594502449035644,"{""raw"":[2.2281572818756104,0.6999640464782715,0.020277835428714752,-0.472025990486145]}"
830123,NO_FEEDBACK,4,60,16,153600,0.8082104580000049,0.6234976649284363,0.6797867894172669,"{""raw"":[2.196464776992798,0.6878287196159363,0.13441559672355652,0.07112782448530197]}"
830123,GENERIC_RNN,4,60,16,153600,0.653291541999991,0.8742950558662415,0.708163571357727,"{""raw"":[0.5170602202415466,0.6356661319732666,-0.0033354400657117367,0.27866679430007935]}"
830123,GRU_8,321,60,16,153600,1.0711078749999956,1.6941909790039062,0.6303101658821106,"{""gru.weight_ih"":[0.21949619054794312,-0.09280933439731598,-0.042268313467502594,0.1373746693134308,-0.3255392611026764,-0.04588008671998978,-0.0940132811665535,0.3306717276573181,-0.006161404773592949,-0.47091343998908997,0.07580418139696121,-0.1718594878911972,-0.49944061040878296,-0.051615022122859955,-0.04225480183959007,-0.3919949233531952,-0.020071158185601234,-0.4688860774040222,-0.371069997549057,0.0755288377404213,-0.13365714251995087,-0.05353992432355881,0.43353620171546936,-0.04381271451711655,0.16190975904464722,0.39781707525253296,-0.6508519649505615,0.36059150099754333,0.6295480728149414,-0.008656036108732224,0.21556346118450165,0.28904396295547485,-0.37342655658721924,-0.06391521543264389,-0.4174732267856598,-0.24457666277885437,0.008108507841825485,-0.4140651524066925,0.042471062391996384,-0.03757140785455704,-0.016048980876803398,0.29179146885871887,0.13579027354717255,-0.44641995429992676,-0.058306969702243805,-0.2527335286140442,0.09183162450790405,0.2847323417663574,-0.16202180087566376,0.294535368680954,-0.07710414379835129,0.014139136299490929,-0.2307390719652176,0.050071462988853455,-0.11804652959108353,-0.1312139928340912,0.04354939982295036,-0.6323661804199219,-0.0070583391934633255,-0.11690205335617065,0.5993396639823914,0.0016504775267094374,0.21367594599723816,-0.5072522163391113,-0.39701047539711,-0.3210296928882599,0.6541723608970642,-0.17642901837825775,0.36480170488357544,-0.029863640666007996,-0.03322784975171089,0.0005799956852570176],""gru.weight_hh"":[0.1534823179244995,-0.0603785514831543,-0.2883654534816742,-0.02846360206604004,-0.1481986939907074,-0.29285866022109985,-0.0074455393478274345,-0.15050135552883148,0.23300381004810333,0.13572262227535248,-0.2794491946697235,-0.2319220006465912,-0.16478179395198822,0.005351143889129162,0.18542416393756866,0.008802312426269054,-0.5995505452156067,-0.04846026003360748,0.5170881748199463,0.060485225170850754,-0.0033415439538657665,-0.06378943473100662,-0.2784923315048218,-0.5160803198814392,-0.09862985461950302,0.441327303647995,0.1512373387813568,-0.18379737436771393,0.39656785130500793,0.3936816453933716,-0.39991188049316406,-0.3275456726551056,-0.04238669574260712,0.4562062919139862,-0.09714338928461075,-0.04290945455431938,0.26711222529411316,0.4957599341869354,-0.4259999692440033,-0.057401154190301895,0.5080215930938721,0.03114449977874756,-0.11836542189121246,-0.0038010813295841217,0.12163231521844864,0.3391541540622711,-0.526529848575592,0.35593685507774353,0.3036654591560364,0.15389244258403778,0.038790199905633926,0.6459652781486511,0.283087819814682,0.4422437846660614,-0.16010913252830505,-0.43766528367996216,0.3293309509754181,-0.10934894531965256,-0.1843269318342209,-0.2334854155778885,0.20593948662281036,-0.1836274117231369,0.21478646993637085,0.3698454201221466,0.33407968282699585,0.17266680300235748,-0.16726237535476685,0.46700772643089294,-0.03964194655418396,0.2609563171863556,-0.25769534707069397,0.4008747339248657,-0.0351199135184288,-0.34657204151153564,0.012101384811103344,-0.3949432373046875,0.12413232773542404,-0.18326999247074127,0.14904434978961945,0.3570612967014313,0.38652855157852173,-0.26525041460990906,0.2139425426721573,0.42711910605430603,-0.19037193059921265,0.2909615933895111,-0.2233624905347824,0.26990002393722534,0.11785663664340973,0.2252044677734375,-0.02272610366344452,0.27521318197250366,-0.08309624344110489,-0.20088925957679749,-0.20485785603523254,0.2579457461833954,0.25588834285736084,0.32334068417549133,-0.1258745640516281,-0.2631496489048004,-0.13321028649806976,0.06772716343402863,-0.3409184217453003,-0.19860567152500153,-0.15098850429058075,0.1559375524520874,-0.08657173067331314,-0.3297845423221588,0.7524896860122681,0.2875387370586395,0.07691870629787445,-0.39912864565849304,0.12351667135953903,-0.12458448112010956,0.068151094019413,-0.09563832730054855,0.27917882800102234,0.03169266879558563,-0.1064370647072792,-0.06403488665819168,-0.16885218024253845,-0.3562053442001343,0.32920095324516296,0.30465391278266907,-0.11890418082475662,-0.008319560438394547,0.32052457332611084,-0.3602789044380188,-0.457306444644928,-0.10371039062738419,0.25092414021492004,0.493620902299881,0.26335448026657104,-0.009986725635826588,0.06920120120048523,-0.04234297201037407,-0.390219509601593,0.27735599875450134,-0.008704494684934616,0.5313912034034729,0.06186104193329811,0.06304619461297989,-0.06165746599435806,0.09378380328416824,0.4586693346500397,0.22773781418800354,-0.005055719055235386,-0.2746451497077942,0.13195770978927612,0.05740092322230339,0.3762972056865692,0.21607939898967743,-0.25137612223625183,0.27361229062080383,0.14001771807670593,0.39837542176246643,0.1414889395236969,0.3529602885246277,0.0025171847082674503,0.160014808177948,-0.16066265106201172,0.09592510014772415,-0.2227288782596588,-0.46948981285095215,0.07954075932502747,-0.12575562298297882,0.029629120603203773,0.014500054530799389,0.1741148680448532,-0.46108126640319824,0.23681391775608063,0.752662181854248,-0.2846364676952362,0.11026595532894135,-0.3602476119995117,0.09360027313232422,-0.01679694838821888,0.16695517301559448,-0.39750757813453674,-0.6240537166595459,0.07303090393543243,-0.004632006864994764,-0.024119777604937553,0.018192138522863388,-0.49970537424087524,0.260061115026474,-0.07455109059810638,0.4372175335884094,-0.076905757188797,0.14552335441112518,-0.017461199313402176,-0.4348011314868927],""gru.bias_ih"":[0.11960527300834656,-0.15020571649074554,-0.23271715641021729,-0.5470575094223022,-0.42082151770591736,-0.1142142117023468,-0.232730895280838,-0.0458291694521904,0.4653257727622986,0.4632008373737335,0.28135445713996887,-0.5889652967453003,-0.32376712560653687,-0.17764519155025482,-0.641165554523468,0.34665757417678833,0.11005610227584839,-0.41547974944114685,0.04205639287829399,-0.08613111078739166,-0.14513663947582245,-0.1440020054578781,0.35842353105545044,0.2535739839076996],""gru.bias_hh"":[0.11395710706710815,0.3375878930091858,-0.311950147151947,-0.5447576642036438,-0.041101083159446716,-0.02839118242263794,-0.06477300822734833,0.21934470534324646,0.13045565783977509,0.02256634086370468,0.48573294281959534,-0.00174970761872828,-0.32613274455070496,-0.46963950991630554,-0.632470428943634,0.08674463629722595,-0.083481565117836,-0.3470347821712494,-0.2099963277578354,0.28007128834724426,-0.12814953923225403,-0.18758191168308258,0.03557294234633446,0.012312456034123898],""head.weight"":[-0.1456061154603958,-0.30736222863197327,0.02680150792002678,-0.3975425958633423,0.16989363729953766,-0.34370940923690796,0.49438679218292236,-0.015349329449236393],""head.bias"":[-0.26562047004699707]}"
