training_seed,hazard,missing_rate,steps_checked,all_timestep_marginals_match,donor_assignment_is_derangement,donor_assignment_json,donor_assignment_sha256,self_signal_marginal_hashes_sha256,yoke_signal_marginal_hashes_sha256
420000,0.004166666666666667,0.25,240,True,True,"[14, 105, 244, 188, 8, 11, 73, 235, 121, 226, 88, 32, 9, 211, 77, 198, 154, 44, 103, 95, 247, 149, 191, 20, 249, 26, 252, 131, 181, 156, 111, 122, 63, 175, 190, 137, 187, 19, 167, 30, 66, 206, 35, 59, 25, 151, 102, 75, 113, 132, 142, 234, 200, 141, 60, 229, 171, 74, 166, 87, 45, 85, 163, 150, 243, 180, 115, 204, 184, 89, 92, 160, 227, 134, 173, 215, 6, 143, 148, 123, 5, 155, 0, 205, 81, 65, 174, 224, 202, 170, 109, 17, 13, 91, 7, 253, 18, 250, 69, 53, 179, 221, 94, 177, 213, 67, 127, 96, 52, 183, 169, 157, 38, 54, 29, 168, 70, 164, 36, 120, 23, 251, 146, 97, 246, 212, 182, 193, 199, 219, 236, 201, 140, 147, 31, 239, 100, 254, 225, 192, 12, 231, 61, 33, 48, 114, 245, 27, 210, 93, 37, 72, 126, 128, 83, 135, 207, 51, 242, 64, 218, 21, 165, 136, 203, 28, 216, 16, 86, 194, 159, 49, 101, 208, 47, 220, 152, 46, 125, 108, 78, 178, 233, 110, 42, 106, 84, 172, 139, 112, 241, 50, 10, 40, 43, 119, 117, 232, 197, 161, 34, 99, 162, 138, 82, 4, 209, 228, 2, 15, 144, 76, 1, 124, 79, 118, 98, 55, 240, 71, 195, 90, 176, 41, 130, 57, 248, 3, 196, 80, 107, 158, 217, 133, 58, 145, 129, 186, 255, 68, 214, 56, 189, 22, 62, 39, 185, 223, 104, 153, 222, 238, 230, 24, 116, 237]",42c3ea11e6d44a3c4aed5fc161820a255d7b6a9fa36a808fb654fe67d3f375bb,cebd572a6d9f208fcd03430675ed60eca1b0a5a4c7942665c97ca7ad387804ba,cebd572a6d9f208fcd03430675ed60eca1b0a5a4c7942665c97ca7ad387804ba
420000,0.004166666666666667,0.5,240,True,True,"[62, 86, 56, 160, 111, 245, 163, 151, 72, 249, 68, 29, 140, 232, 253, 237, 247, 133, 241, 199, 47, 206, 108, 145, 191, 186, 152, 15, 234, 46, 240, 64, 94, 144, 209, 25, 201, 24, 127, 50, 171, 87, 165, 117, 150, 176, 208, 17, 231, 188, 173, 211, 148, 155, 36, 78, 178, 96, 106, 130, 197, 70, 207, 198, 190, 48, 170, 254, 221, 147, 215, 187, 22, 5, 226, 19, 164, 213, 43, 202, 222, 193, 61, 175, 83, 212, 44, 204, 10, 21, 242, 233, 181, 246, 169, 203, 69, 153, 58, 116, 235, 20, 196, 77, 60, 161, 100, 158, 3, 63, 122, 218, 28, 136, 195, 53, 113, 216, 76, 7, 30, 65, 16, 40, 255, 172, 220, 138, 162, 174, 146, 95, 38, 6, 92, 67, 192, 239, 131, 99, 156, 110, 49, 26, 89, 73, 182, 102, 98, 177, 54, 112, 126, 85, 223, 183, 14, 134, 124, 109, 238, 149, 217, 224, 185, 225, 228, 79, 121, 243, 82, 159, 101, 135, 41, 31, 194, 119, 251, 75, 132, 51, 91, 236, 0, 200, 141, 129, 120, 93, 52, 142, 114, 34, 219, 210, 214, 8, 55, 123, 167, 42, 11, 4, 205, 252, 80, 103, 88, 118, 137, 23, 1, 37, 66, 168, 35, 57, 125, 12, 227, 9, 74, 39, 250, 229, 107, 27, 180, 157, 45, 166, 81, 13, 143, 248, 2, 154, 128, 18, 71, 32, 59, 179, 84, 104, 90, 230, 97, 33, 184, 189, 139, 105, 115, 244]",9874da21dca30c555fe8f51bdd8b9dad1b7523fa0c02061538d7491574500584,088a760ba4eee98fd9605766e4669364f8b94f85e48580e8c7258820da6e7568,088a760ba4eee98fd9605766e4669364f8b94f85e48580e8c7258820da6e7568
420000,0.004166666666666667,0.75,240,True,True,"[167, 36, 95, 113, 66, 88, 105, 98, 15, 84, 227, 235, 72, 118, 10, 188, 89, 12, 236, 25, 90, 61, 189, 75, 1, 6, 134, 32, 179, 119, 81, 162, 19, 120, 80, 50, 173, 101, 228, 49, 111, 62, 94, 209, 24, 154, 136, 222, 205, 176, 52, 211, 65, 219, 220, 163, 172, 64, 0, 42, 93, 212, 20, 106, 243, 192, 11, 40, 132, 53, 151, 143, 55, 199, 210, 60, 99, 47, 180, 109, 78, 58, 241, 244, 203, 144, 197, 193, 30, 126, 196, 26, 63, 2, 149, 86, 218, 248, 195, 85, 160, 35, 152, 27, 159, 201, 83, 114, 237, 202, 92, 125, 16, 131, 164, 122, 91, 56, 17, 216, 87, 100, 198, 206, 245, 255, 45, 46, 117, 127, 240, 169, 250, 230, 142, 186, 182, 104, 54, 108, 39, 168, 9, 5, 128, 150, 130, 157, 135, 252, 156, 217, 44, 29, 155, 31, 48, 68, 137, 57, 107, 254, 141, 33, 178, 249, 214, 70, 37, 67, 34, 103, 38, 121, 73, 221, 238, 110, 145, 204, 79, 4, 174, 165, 74, 225, 21, 59, 124, 226, 194, 13, 232, 140, 153, 187, 251, 28, 116, 133, 82, 177, 102, 146, 253, 71, 115, 223, 77, 139, 185, 239, 123, 22, 200, 69, 207, 96, 76, 23, 51, 129, 158, 215, 246, 18, 166, 171, 175, 14, 7, 190, 43, 231, 247, 147, 234, 191, 8, 213, 181, 229, 208, 161, 184, 3, 138, 97, 183, 233, 41, 224, 148, 112, 170, 242]",524aaa022c18d6c9f231e976e3715d8282c00dd3f018e1d1f16e9482e63260e2,5262c498639cee272032476b5a4f512b581008649f1e3e2ff098f90ecb70ec12,5262c498639cee272032476b5a4f512b581008649f1e3e2ff098f90ecb70ec12
420000,0.008333333333333333,0.25,240,True,True,"[129, 252, 218, 255, 45, 232, 65, 17, 100, 190, 94, 141, 233, 220, 99, 128, 183, 25, 238, 234, 114, 199, 0, 66, 62, 210, 76, 161, 179, 36, 204, 166, 53, 28, 248, 196, 56, 172, 63, 153, 33, 108, 202, 109, 227, 214, 194, 250, 164, 48, 133, 151, 208, 127, 95, 18, 206, 243, 38, 64, 91, 189, 168, 180, 88, 87, 32, 184, 73, 138, 19, 219, 163, 228, 221, 42, 11, 102, 246, 115, 112, 31, 217, 79, 34, 35, 130, 60, 134, 136, 149, 211, 80, 57, 21, 49, 137, 187, 231, 173, 171, 254, 245, 142, 135, 120, 182, 98, 154, 165, 118, 175, 212, 237, 113, 222, 185, 96, 244, 188, 4, 167, 126, 162, 215, 144, 106, 157, 155, 10, 158, 143, 253, 14, 249, 77, 7, 46, 226, 198, 122, 2, 105, 200, 176, 124, 82, 90, 213, 54, 5, 197, 27, 6, 83, 216, 107, 89, 59, 24, 85, 125, 251, 193, 16, 186, 78, 240, 132, 146, 177, 29, 235, 86, 97, 104, 26, 3, 81, 203, 68, 51, 12, 15, 92, 40, 241, 13, 50, 160, 123, 150, 71, 205, 55, 75, 209, 247, 117, 223, 41, 170, 30, 178, 110, 207, 148, 116, 101, 236, 201, 44, 156, 121, 174, 1, 145, 22, 191, 52, 74, 131, 20, 195, 192, 239, 43, 9, 103, 111, 84, 140, 229, 93, 37, 72, 147, 181, 169, 242, 23, 230, 8, 47, 39, 159, 119, 224, 61, 67, 225, 70, 58, 139, 152, 69]",2b6dfff803a37c3f64e5f46ffb6f41c1b08d575e815176d9a1ff79b62f3e467a,dc2929c16784eea2505862557af967d568a1a636e28669caf9f2ba61f4409894,dc2929c16784eea2505862557af967d568a1a636e28669caf9f2ba61f4409894
420000,0.008333333333333333,0.5,240,True,True,"[188, 154, 114, 33, 191, 60, 87, 171, 73, 124, 187, 223, 35, 88, 54, 47, 192, 129, 212, 136, 61, 91, 132, 4, 147, 216, 202, 67, 50, 222, 51, 7, 93, 78, 30, 77, 172, 57, 144, 94, 156, 104, 203, 72, 32, 28, 97, 170, 143, 82, 90, 121, 167, 211, 181, 56, 159, 22, 115, 25, 210, 199, 0, 2, 49, 109, 213, 209, 8, 38, 193, 117, 120, 189, 44, 176, 206, 185, 242, 153, 148, 255, 83, 12, 39, 107, 131, 58, 149, 237, 241, 165, 234, 65, 99, 63, 169, 80, 81, 53, 20, 155, 134, 207, 46, 34, 105, 75, 198, 14, 218, 125, 195, 217, 179, 141, 139, 66, 68, 13, 138, 229, 225, 31, 254, 74, 201, 163, 71, 16, 118, 151, 146, 248, 92, 214, 236, 110, 162, 45, 238, 152, 186, 183, 112, 233, 95, 175, 205, 168, 239, 227, 174, 127, 119, 220, 19, 244, 98, 96, 180, 221, 160, 43, 166, 3, 158, 69, 113, 145, 250, 23, 208, 5, 128, 27, 251, 246, 84, 231, 108, 196, 219, 6, 26, 106, 17, 200, 122, 228, 111, 21, 10, 100, 230, 164, 1, 29, 89, 140, 15, 197, 240, 64, 101, 9, 137, 161, 40, 247, 130, 253, 232, 126, 102, 178, 18, 24, 103, 177, 252, 215, 42, 184, 190, 173, 76, 133, 79, 52, 157, 245, 55, 226, 194, 70, 150, 235, 142, 243, 86, 36, 48, 37, 224, 249, 41, 11, 85, 182, 204, 62, 59, 116, 123, 135]",b671369bbbadd1d1b695c93291861a2ce31aa94beb8f8896faa0ce3d08af9616,5f94bd4f3ee39560e3fd13553e2c75f1d1ab89fac019fd26d63fd13ec29fb000,5f94bd4f3ee39560e3fd13553e2c75f1d1ab89fac019fd26d63fd13ec29fb000
420000,0.008333333333333333,0.75,240,True,True,"[149, 161, 42, 187, 109, 221, 239, 175, 201, 183, 193, 111, 70, 231, 140, 96, 226, 207, 10, 234, 45, 52, 113, 157, 198, 65, 122, 133, 102, 135, 31, 124, 147, 238, 48, 178, 213, 224, 13, 80, 50, 165, 95, 218, 125, 26, 255, 151, 38, 131, 129, 9, 54, 35, 150, 90, 205, 242, 103, 117, 36, 84, 215, 78, 30, 222, 8, 159, 21, 216, 206, 189, 154, 236, 92, 237, 108, 57, 245, 214, 249, 208, 119, 138, 16, 169, 164, 195, 163, 87, 227, 47, 71, 246, 27, 203, 2, 89, 118, 105, 110, 223, 12, 116, 60, 15, 250, 20, 74, 72, 137, 17, 217, 51, 145, 162, 148, 32, 174, 235, 230, 73, 120, 182, 85, 156, 144, 3, 243, 39, 61, 115, 180, 171, 55, 166, 99, 25, 69, 19, 5, 211, 82, 104, 7, 100, 6, 194, 76, 253, 240, 43, 94, 0, 24, 188, 56, 248, 44, 228, 11, 209, 170, 81, 66, 22, 34, 146, 130, 210, 46, 93, 143, 28, 232, 254, 252, 1, 83, 173, 160, 14, 167, 40, 199, 53, 212, 49, 128, 62, 155, 23, 88, 59, 97, 177, 152, 79, 106, 139, 153, 191, 136, 158, 101, 107, 63, 41, 58, 220, 192, 91, 37, 181, 185, 68, 172, 126, 114, 98, 204, 141, 219, 197, 142, 67, 196, 186, 190, 86, 134, 176, 247, 225, 244, 29, 18, 251, 179, 127, 33, 200, 241, 4, 132, 184, 229, 75, 112, 77, 168, 123, 64, 121, 202, 233]",04208c5109af6fc84a00cbaafe355b8f2ec7747b4d9199d868a21ae5e5f72d7c,c101fd2703357c8f550d79a34f5afb78f1fad813936b91c2b19d64b56bf9eeba,c101fd2703357c8f550d79a34f5afb78f1fad813936b91c2b19d64b56bf9eeba
420000,0.025,0.25,240,True,True,"[70, 82, 143, 39, 199, 156, 217, 66, 35, 116, 56, 99, 67, 210, 184, 251, 14, 52, 92, 230, 111, 220, 23, 177, 123, 26, 178, 158, 162, 72, 33, 113, 76, 161, 132, 49, 201, 165, 187, 198, 164, 146, 205, 126, 171, 57, 101, 1, 193, 180, 243, 59, 53, 11, 94, 30, 93, 134, 236, 54, 136, 85, 9, 175, 114, 216, 17, 155, 7, 206, 73, 142, 40, 28, 154, 250, 79, 128, 121, 24, 115, 122, 246, 189, 247, 207, 50, 183, 226, 91, 112, 229, 139, 255, 61, 38, 215, 169, 125, 29, 241, 211, 130, 10, 133, 167, 188, 240, 80, 137, 71, 104, 173, 118, 239, 227, 46, 194, 225, 75, 203, 176, 224, 233, 90, 192, 100, 238, 129, 202, 13, 157, 44, 144, 223, 222, 166, 209, 168, 64, 68, 19, 77, 170, 36, 196, 218, 120, 21, 190, 65, 212, 55, 185, 174, 172, 228, 244, 102, 78, 153, 160, 151, 103, 62, 195, 249, 138, 20, 106, 98, 214, 47, 148, 108, 97, 231, 41, 95, 5, 45, 208, 186, 127, 182, 150, 163, 12, 107, 221, 237, 27, 124, 22, 32, 84, 86, 117, 69, 147, 135, 18, 234, 15, 197, 0, 105, 213, 219, 88, 43, 181, 191, 58, 179, 8, 110, 200, 37, 25, 253, 3, 242, 252, 51, 2, 131, 81, 140, 235, 48, 149, 74, 16, 6, 141, 96, 119, 152, 245, 145, 254, 60, 232, 159, 34, 4, 204, 87, 109, 89, 63, 42, 248, 31, 83]",32365dc83291012aa7bcc70f3a75af5302514c7c0842e566ebd43717a606bdac,9f317e4a882a2813b635488318296e9005783904dd4c01035ec9adcfea043f43,9f317e4a882a2813b635488318296e9005783904dd4c01035ec9adcfea043f43
420000,0.025,0.5,240,True,True,"[229, 205, 201, 198, 119, 174, 47, 15, 135, 86, 32, 250, 184, 56, 49, 41, 210, 88, 120, 173, 152, 218, 9, 43, 35, 91, 228, 248, 25, 11, 188, 139, 197, 12, 162, 48, 50, 153, 106, 219, 245, 147, 81, 136, 46, 107, 80, 143, 77, 105, 70, 255, 40, 165, 238, 183, 84, 114, 211, 221, 157, 16, 177, 104, 28, 61, 150, 90, 194, 52, 181, 243, 176, 71, 5, 100, 8, 37, 142, 149, 97, 179, 115, 224, 113, 92, 160, 64, 68, 19, 240, 121, 253, 214, 6, 206, 133, 158, 94, 3, 76, 148, 30, 134, 83, 24, 22, 87, 38, 242, 10, 178, 111, 117, 95, 108, 13, 151, 169, 231, 185, 168, 171, 42, 220, 45, 85, 246, 161, 189, 213, 67, 96, 217, 191, 156, 130, 31, 72, 166, 74, 103, 239, 233, 128, 131, 225, 53, 39, 141, 36, 209, 54, 222, 98, 175, 27, 124, 180, 82, 190, 14, 251, 159, 145, 252, 172, 116, 204, 93, 144, 51, 102, 2, 232, 18, 203, 249, 123, 215, 65, 69, 247, 1, 223, 20, 29, 193, 212, 63, 112, 167, 4, 200, 237, 192, 125, 118, 89, 234, 59, 26, 58, 34, 216, 21, 230, 202, 110, 137, 241, 163, 129, 127, 236, 0, 154, 140, 122, 33, 66, 79, 146, 208, 126, 199, 57, 73, 60, 75, 170, 44, 17, 207, 99, 138, 254, 62, 182, 187, 235, 196, 186, 195, 155, 78, 132, 109, 7, 226, 164, 227, 23, 55, 244, 101]",0a757ec74f28038fe4e86dd836acd1f932d3f4313b1367bf55b4d362144b09e2,d36fc9452d650d655d97ffb764c8bf17ffa7cc4d5b16b8ef98b44bf227dde560,d36fc9452d650d655d97ffb764c8bf17ffa7cc4d5b16b8ef98b44bf227dde560
420000,0.025,0.75,240,True,True,"[15, 27, 242, 76, 95, 10, 195, 33, 151, 236, 73, 94, 8, 131, 187, 207, 255, 167, 21, 176, 117, 246, 229, 34, 116, 66, 37, 129, 203, 85, 120, 202, 222, 155, 239, 166, 26, 44, 205, 226, 80, 182, 67, 36, 20, 141, 65, 4, 45, 90, 119, 193, 249, 82, 251, 62, 28, 53, 121, 98, 111, 234, 110, 208, 96, 171, 22, 209, 11, 143, 19, 206, 58, 105, 237, 211, 1, 150, 38, 137, 173, 35, 97, 174, 240, 39, 243, 125, 24, 108, 130, 7, 154, 212, 220, 138, 6, 201, 232, 46, 163, 99, 244, 217, 91, 192, 241, 213, 133, 225, 147, 48, 75, 92, 40, 178, 196, 199, 64, 247, 169, 253, 157, 101, 250, 177, 233, 30, 69, 128, 156, 197, 159, 59, 224, 170, 200, 123, 55, 144, 86, 102, 106, 89, 194, 160, 168, 3, 32, 77, 25, 185, 124, 13, 17, 127, 68, 136, 104, 218, 118, 83, 139, 186, 210, 188, 198, 230, 63, 42, 148, 78, 126, 219, 49, 180, 57, 227, 93, 153, 132, 14, 190, 145, 149, 87, 107, 248, 140, 47, 183, 179, 175, 228, 172, 252, 204, 41, 191, 88, 9, 231, 254, 109, 79, 165, 12, 189, 161, 164, 112, 115, 146, 216, 238, 70, 122, 84, 60, 61, 215, 114, 51, 31, 5, 223, 16, 43, 142, 100, 181, 81, 214, 221, 71, 74, 152, 103, 134, 158, 54, 72, 162, 245, 135, 113, 23, 184, 0, 18, 235, 2, 29, 52, 50, 56]",e8e56da028ce511d3fbb754f1fd46df8815fb8010181573bdc3e03ac19cefbea,e0ffd2bf216a00b0055999ece363ce774fee8dfbce036b0b1e2e1e5b784213b3,e0ffd2bf216a00b0055999ece363ce774fee8dfbce036b0b1e2e1e5b784213b3
420001,0.004166666666666667,0.25,240,True,True,"[102, 243, 189, 191, 138, 207, 37, 132, 47, 77, 91, 224, 38, 28, 241, 64, 84, 63, 92, 198, 87, 233, 150, 2, 219, 218, 143, 46, 26, 160, 45, 135, 228, 80, 25, 193, 235, 11, 177, 203, 93, 194, 141, 205, 247, 19, 103, 89, 171, 190, 199, 238, 255, 32, 108, 97, 183, 226, 111, 181, 149, 215, 23, 242, 6, 172, 144, 54, 137, 252, 126, 49, 88, 29, 18, 168, 86, 114, 43, 180, 236, 99, 245, 140, 33, 118, 4, 167, 130, 127, 184, 69, 124, 240, 81, 14, 106, 214, 119, 66, 60, 209, 178, 142, 221, 222, 15, 216, 123, 204, 1, 39, 158, 234, 82, 197, 65, 101, 75, 248, 48, 12, 68, 246, 217, 239, 244, 220, 113, 202, 201, 109, 55, 227, 27, 179, 56, 110, 163, 70, 122, 72, 159, 115, 53, 237, 195, 161, 21, 16, 31, 116, 185, 200, 71, 212, 232, 94, 211, 61, 133, 30, 147, 165, 156, 78, 249, 146, 83, 20, 107, 170, 105, 223, 251, 35, 125, 13, 96, 36, 213, 225, 74, 187, 51, 44, 162, 0, 117, 79, 174, 173, 3, 73, 52, 131, 166, 196, 210, 121, 17, 157, 208, 85, 254, 95, 67, 129, 182, 230, 98, 128, 176, 57, 206, 152, 40, 145, 164, 112, 151, 136, 22, 59, 62, 148, 155, 134, 153, 41, 50, 253, 42, 58, 188, 154, 24, 100, 192, 186, 175, 139, 9, 7, 90, 120, 10, 76, 231, 8, 5, 34, 229, 250, 104, 169]",c0ab87893fc1d34922c4771f8111fffafab91e258c049e958c0045c880437dea,8e0b2e36308e9c0bca2730a0a8d6103cade43876f6c3a1d94c32abaa7041ebd5,8e0b2e36308e9c0bca2730a0a8d6103cade43876f6c3a1d94c32abaa7041ebd5
420001,0.004166666666666667,0.5,240,True,True,"[93, 48, 244, 32, 170, 182, 110, 104, 160, 218, 37, 121, 29, 213, 232, 6, 246, 210, 41, 137, 145, 178, 92, 153, 151, 245, 138, 206, 24, 57, 78, 14, 174, 74, 161, 207, 225, 183, 176, 67, 234, 150, 55, 79, 99, 84, 45, 198, 253, 38, 239, 28, 80, 40, 231, 148, 117, 17, 101, 54, 204, 120, 203, 237, 165, 108, 68, 224, 10, 233, 141, 27, 212, 103, 112, 7, 175, 118, 226, 11, 123, 130, 243, 109, 116, 155, 126, 44, 36, 135, 146, 211, 240, 70, 250, 177, 227, 158, 156, 200, 26, 127, 115, 106, 53, 128, 134, 64, 222, 191, 18, 144, 124, 22, 31, 179, 47, 163, 194, 114, 201, 197, 107, 164, 131, 180, 172, 5, 34, 66, 125, 58, 52, 147, 35, 25, 63, 223, 65, 8, 229, 142, 248, 187, 252, 3, 95, 184, 202, 113, 192, 217, 251, 86, 139, 219, 168, 42, 149, 76, 209, 88, 190, 136, 214, 143, 102, 50, 62, 242, 77, 122, 46, 171, 133, 33, 43, 241, 167, 72, 51, 81, 89, 181, 208, 96, 13, 56, 132, 83, 196, 15, 9, 254, 20, 152, 0, 159, 185, 4, 85, 75, 189, 60, 186, 249, 69, 39, 94, 91, 105, 235, 195, 49, 19, 236, 61, 111, 238, 230, 100, 30, 169, 193, 87, 82, 162, 221, 205, 220, 59, 98, 199, 1, 188, 216, 166, 73, 140, 16, 2, 12, 97, 154, 23, 215, 71, 90, 173, 129, 247, 119, 255, 157, 228, 21]",908222573acf3da653fb30d97fe0ec975c188ae43be42c8b041f547e0dca14f4,883c122289cc9383f40f450cc1e8fa5b9bc870b89e28afdd64d1d4c4dd3be60f,883c122289cc9383f40f450cc1e8fa5b9bc870b89e28afdd64d1d4c4dd3be60f
420001,0.004166666666666667,0.75,240,True,True,"[171, 198, 80, 89, 73, 126, 70, 52, 9, 149, 236, 173, 211, 6, 92, 156, 222, 57, 41, 227, 88, 243, 220, 98, 182, 117, 250, 179, 76, 107, 195, 234, 81, 69, 137, 205, 134, 188, 40, 26, 4, 16, 142, 21, 111, 199, 221, 116, 59, 91, 104, 233, 193, 206, 102, 53, 15, 55, 246, 183, 45, 197, 37, 122, 153, 140, 0, 253, 138, 65, 129, 75, 160, 135, 207, 154, 143, 118, 226, 97, 229, 127, 86, 103, 12, 214, 200, 139, 131, 35, 244, 167, 238, 79, 174, 20, 83, 209, 61, 192, 31, 25, 163, 67, 204, 145, 60, 110, 161, 151, 8, 146, 38, 5, 58, 10, 93, 176, 46, 133, 72, 22, 74, 158, 147, 105, 136, 212, 63, 201, 54, 155, 130, 165, 217, 247, 190, 203, 48, 159, 248, 84, 115, 101, 164, 23, 157, 44, 184, 95, 78, 252, 239, 242, 32, 121, 191, 7, 202, 125, 255, 113, 100, 245, 66, 150, 43, 42, 68, 3, 99, 210, 213, 172, 144, 30, 148, 13, 29, 96, 251, 215, 18, 47, 232, 175, 180, 108, 187, 254, 34, 90, 169, 223, 231, 17, 85, 170, 225, 219, 94, 178, 114, 208, 237, 123, 177, 64, 189, 128, 166, 218, 194, 77, 33, 112, 27, 2, 51, 249, 230, 62, 228, 119, 71, 141, 216, 28, 185, 224, 240, 50, 82, 36, 168, 14, 196, 49, 186, 1, 241, 87, 106, 120, 162, 39, 235, 132, 56, 109, 124, 181, 19, 152, 24, 11]",1569290adf8eeaf77c79de850790b60aebb827e389ee0cf7c9ef08dedf94b331,cf023c9146bf505e7fab060bcc9a4f0561220f4a657dc207fb1060a1d4af60c5,cf023c9146bf505e7fab060bcc9a4f0561220f4a657dc207fb1060a1d4af60c5
420001,0.008333333333333333,0.25,240,True,True,"[132, 79, 120, 112, 175, 72, 109, 88, 164, 162, 46, 236, 5, 57, 122, 243, 80, 52, 59, 159, 177, 198, 209, 44, 11, 196, 47, 68, 157, 61, 131, 2, 199, 221, 247, 20, 15, 173, 42, 92, 103, 51, 150, 94, 38, 231, 152, 1, 89, 143, 171, 166, 237, 14, 240, 206, 148, 126, 62, 125, 111, 33, 241, 22, 186, 146, 4, 121, 145, 136, 17, 200, 142, 172, 128, 214, 139, 102, 67, 48, 34, 201, 117, 75, 130, 165, 7, 208, 18, 30, 29, 107, 147, 230, 223, 161, 56, 226, 97, 26, 138, 115, 3, 179, 40, 100, 250, 39, 123, 239, 16, 99, 37, 170, 194, 184, 60, 35, 189, 96, 135, 27, 55, 238, 69, 113, 90, 64, 41, 86, 219, 229, 36, 154, 182, 151, 119, 74, 234, 114, 134, 71, 28, 31, 232, 167, 78, 174, 149, 204, 9, 188, 23, 168, 248, 242, 205, 76, 6, 235, 216, 137, 87, 180, 140, 207, 245, 106, 116, 187, 73, 63, 255, 24, 127, 195, 252, 85, 49, 244, 169, 222, 98, 228, 191, 82, 215, 141, 213, 66, 176, 70, 211, 160, 133, 43, 129, 93, 192, 210, 197, 77, 118, 156, 217, 158, 54, 105, 178, 246, 249, 110, 224, 58, 21, 220, 190, 225, 203, 155, 95, 45, 65, 83, 19, 227, 193, 202, 84, 0, 10, 233, 212, 101, 32, 163, 254, 153, 104, 144, 253, 181, 124, 185, 12, 25, 218, 13, 8, 53, 251, 81, 50, 91, 183, 108]",6884009cd9994aecfed62df3e0da78073e4fa0a4dff70580bba7a081a4863b40,9de24d6bcdb47570896687d0041b1c64a3293815dc34a5319f5a97ea93609390,9de24d6bcdb47570896687d0041b1c64a3293815dc34a5319f5a97ea93609390
420001,0.008333333333333333,0.5,240,True,True,"[23, 16, 19, 205, 69, 61, 133, 44, 202, 83, 206, 220, 106, 48, 189, 144, 130, 229, 146, 154, 235, 41, 179, 159, 254, 20, 147, 122, 9, 14, 140, 118, 165, 209, 12, 124, 93, 191, 35, 82, 112, 149, 67, 222, 141, 33, 239, 46, 91, 217, 25, 175, 5, 223, 127, 24, 108, 252, 75, 215, 52, 186, 3, 53, 237, 240, 10, 113, 135, 27, 139, 60, 71, 102, 152, 64, 8, 219, 172, 31, 26, 183, 97, 80, 210, 150, 197, 241, 233, 55, 4, 59, 121, 200, 226, 242, 119, 167, 190, 40, 224, 231, 18, 185, 187, 68, 54, 92, 247, 126, 111, 250, 249, 145, 188, 90, 164, 192, 174, 184, 230, 13, 244, 181, 95, 214, 225, 218, 2, 96, 132, 81, 36, 1, 236, 212, 228, 70, 123, 56, 245, 255, 99, 0, 136, 198, 45, 37, 166, 85, 74, 134, 89, 138, 15, 115, 79, 131, 208, 103, 42, 47, 105, 156, 173, 227, 30, 65, 193, 168, 29, 143, 216, 101, 50, 170, 232, 43, 32, 116, 157, 87, 155, 178, 195, 11, 160, 180, 28, 246, 22, 129, 104, 162, 201, 63, 169, 251, 171, 110, 77, 196, 34, 142, 62, 158, 86, 6, 49, 7, 78, 117, 39, 73, 84, 234, 76, 151, 128, 109, 163, 148, 207, 94, 72, 137, 248, 21, 88, 203, 17, 182, 57, 66, 199, 58, 38, 221, 176, 194, 114, 125, 238, 253, 100, 177, 213, 51, 98, 211, 161, 120, 243, 107, 204, 153]",9979712444c424b211e6a414dfd5be2888aa23d1c48e0d90c206609592bf9aac,67922d21903f5659c6bc3fc0a9f60d156c34e0559d976943f46d84542175c6d3,67922d21903f5659c6bc3fc0a9f60d156c34e0559d976943f46d84542175c6d3
420001,0.008333333333333333,0.75,240,True,True,"[143, 99, 39, 247, 92, 68, 188, 107, 81, 181, 38, 217, 110, 216, 147, 118, 11, 235, 241, 245, 64, 126, 114, 210, 31, 248, 187, 34, 75, 162, 213, 69, 136, 178, 116, 197, 88, 94, 219, 240, 32, 175, 206, 161, 231, 76, 50, 7, 154, 127, 112, 145, 61, 174, 171, 224, 165, 19, 251, 65, 43, 223, 141, 55, 172, 57, 22, 72, 196, 60, 77, 151, 122, 70, 66, 59, 12, 155, 228, 15, 0, 26, 134, 44, 51, 131, 230, 218, 207, 198, 54, 86, 79, 255, 111, 220, 128, 149, 27, 140, 45, 211, 183, 14, 184, 23, 212, 56, 105, 195, 78, 179, 98, 109, 130, 71, 250, 237, 232, 192, 170, 146, 138, 24, 254, 222, 100, 156, 204, 123, 85, 62, 166, 16, 13, 191, 202, 199, 186, 53, 58, 124, 4, 10, 208, 173, 132, 101, 252, 164, 63, 35, 115, 9, 249, 91, 37, 119, 97, 242, 21, 1, 182, 153, 244, 89, 180, 8, 177, 5, 40, 205, 227, 2, 41, 239, 234, 108, 221, 167, 33, 135, 20, 3, 152, 102, 49, 238, 133, 87, 17, 168, 73, 30, 117, 158, 104, 203, 95, 82, 120, 6, 253, 150, 121, 163, 185, 194, 200, 106, 47, 215, 67, 148, 28, 193, 42, 139, 36, 46, 125, 129, 214, 80, 90, 189, 233, 226, 96, 142, 159, 52, 201, 229, 113, 137, 160, 29, 246, 176, 74, 48, 225, 144, 209, 25, 83, 18, 243, 103, 190, 93, 84, 236, 169, 157]",06e10c53ba66f1b67109dd0ab13e5afa874480eda6f70bac43ca11fd82bba491,763058f948bd1209aa7e8f332e17f86db301024cc1191122489e23b43ba05e63,763058f948bd1209aa7e8f332e17f86db301024cc1191122489e23b43ba05e63
420001,0.025,0.25,240,True,True,"[151, 143, 227, 86, 11, 90, 123, 120, 164, 56, 19, 98, 77, 45, 241, 53, 161, 37, 71, 160, 32, 190, 18, 141, 64, 202, 58, 197, 84, 115, 124, 224, 6, 211, 185, 42, 136, 125, 33, 221, 181, 96, 7, 234, 144, 3, 80, 238, 154, 75, 121, 182, 66, 17, 102, 68, 91, 213, 30, 159, 116, 252, 167, 156, 244, 179, 203, 44, 79, 47, 126, 113, 210, 191, 95, 21, 69, 24, 188, 83, 97, 122, 229, 175, 150, 171, 43, 15, 199, 139, 140, 233, 46, 105, 93, 187, 49, 110, 205, 13, 27, 34, 231, 131, 12, 216, 177, 194, 132, 38, 89, 2, 242, 223, 48, 20, 50, 67, 99, 248, 255, 114, 29, 209, 184, 8, 155, 236, 22, 72, 40, 245, 39, 55, 195, 103, 59, 138, 10, 201, 239, 119, 230, 173, 193, 174, 63, 220, 254, 70, 135, 158, 108, 218, 176, 61, 73, 162, 214, 192, 94, 92, 111, 172, 9, 26, 157, 81, 183, 168, 253, 104, 16, 129, 240, 198, 246, 222, 62, 149, 106, 225, 228, 217, 247, 52, 107, 76, 180, 54, 207, 4, 74, 51, 100, 147, 60, 101, 112, 145, 163, 165, 28, 128, 200, 237, 118, 133, 87, 243, 204, 134, 85, 170, 146, 212, 153, 14, 148, 142, 130, 178, 65, 250, 226, 206, 0, 109, 152, 169, 36, 23, 117, 82, 57, 25, 215, 166, 127, 88, 196, 41, 251, 249, 235, 137, 35, 189, 5, 208, 78, 1, 31, 232, 186, 219]",b7242e3963b943303db5bb6aac7001aabfdc7b001b6174091af0fa486f44c5ae,b807053b6aa84ae5c5cbe0f01508192c806ccff12c77d0d88eeac5e35237d5e5,b807053b6aa84ae5c5cbe0f01508192c806ccff12c77d0d88eeac5e35237d5e5
420001,0.025,0.5,240,True,True,"[86, 59, 167, 255, 142, 115, 231, 75, 153, 186, 74, 58, 175, 71, 92, 171, 156, 224, 242, 94, 196, 43, 173, 249, 26, 36, 200, 51, 238, 254, 130, 152, 174, 129, 88, 91, 120, 133, 23, 41, 212, 230, 236, 246, 234, 134, 109, 252, 179, 1, 165, 144, 126, 65, 21, 47, 105, 235, 135, 146, 166, 250, 83, 201, 160, 34, 222, 87, 162, 15, 226, 28, 4, 209, 35, 190, 38, 11, 205, 54, 50, 68, 159, 184, 72, 199, 183, 181, 116, 208, 20, 118, 211, 240, 90, 176, 78, 45, 39, 247, 145, 40, 221, 168, 213, 206, 60, 177, 170, 2, 55, 12, 6, 81, 214, 185, 69, 9, 193, 182, 61, 53, 158, 210, 139, 103, 151, 169, 163, 3, 73, 157, 80, 128, 233, 191, 198, 63, 141, 194, 244, 67, 46, 125, 178, 19, 122, 8, 192, 207, 154, 180, 149, 82, 164, 66, 220, 253, 114, 44, 112, 137, 136, 245, 217, 18, 219, 77, 99, 119, 104, 202, 195, 37, 248, 31, 215, 25, 84, 187, 93, 117, 121, 14, 17, 123, 218, 56, 239, 5, 188, 24, 22, 216, 95, 241, 96, 62, 107, 70, 143, 29, 79, 251, 10, 102, 27, 132, 150, 225, 227, 52, 113, 7, 111, 228, 131, 16, 106, 204, 140, 76, 223, 100, 85, 64, 189, 48, 161, 108, 49, 148, 138, 110, 229, 0, 98, 124, 147, 155, 42, 32, 243, 232, 101, 97, 197, 172, 13, 33, 127, 30, 57, 89, 203, 237]",11cb1a5e22dde14012b9d4f77a6f9538b119b370c3080278b22a1d64a8b8cc78,48be953d82a21d73f33de158159991e22f38b1406d5632c3267aaeb9fa0e3bd1,48be953d82a21d73f33de158159991e22f38b1406d5632c3267aaeb9fa0e3bd1
420001,0.025,0.75,240,True,True,"[57, 163, 234, 22, 40, 180, 64, 73, 228, 117, 231, 141, 140, 166, 44, 110, 11, 113, 23, 95, 202, 51, 106, 25, 246, 201, 15, 222, 153, 160, 237, 191, 182, 96, 45, 192, 111, 34, 187, 157, 213, 138, 154, 209, 220, 244, 143, 193, 19, 9, 105, 238, 31, 218, 190, 204, 30, 229, 33, 235, 36, 24, 164, 156, 63, 108, 249, 194, 221, 3, 247, 122, 240, 66, 4, 71, 162, 50, 176, 13, 89, 65, 168, 159, 49, 126, 54, 83, 52, 241, 174, 61, 80, 97, 7, 211, 20, 48, 227, 137, 116, 230, 114, 118, 100, 76, 0, 142, 60, 55, 29, 27, 5, 87, 188, 2, 112, 243, 205, 200, 181, 35, 99, 148, 46, 6, 39, 62, 171, 78, 207, 248, 206, 196, 252, 84, 67, 208, 250, 149, 233, 179, 158, 169, 255, 102, 16, 32, 103, 88, 232, 85, 43, 128, 129, 72, 121, 127, 214, 185, 123, 195, 197, 146, 167, 37, 225, 239, 104, 14, 101, 93, 94, 107, 82, 18, 186, 236, 132, 151, 56, 53, 58, 8, 26, 199, 28, 224, 170, 77, 245, 165, 115, 217, 120, 147, 150, 109, 253, 86, 216, 212, 1, 155, 133, 134, 172, 92, 210, 38, 152, 10, 226, 90, 254, 223, 68, 219, 135, 59, 183, 70, 79, 251, 12, 91, 98, 145, 198, 173, 47, 139, 81, 74, 215, 17, 242, 124, 131, 175, 184, 189, 161, 125, 203, 42, 144, 75, 177, 136, 119, 130, 69, 21, 178, 41]",ac1aa58cc2e1b9bb831ee60e1e22ad3def407526be2aa92faacf468ee8624147,41eef150c416cdc222d6bfd9c38b01082d2b067a5a56a31115d5cc96b07be061,41eef150c416cdc222d6bfd9c38b01082d2b067a5a56a31115d5cc96b07be061
420002,0.004166666666666667,0.25,240,True,True,"[225, 187, 140, 238, 40, 42, 95, 80, 11, 200, 207, 102, 110, 129, 213, 193, 100, 253, 121, 117, 179, 66, 241, 46, 37, 98, 131, 160, 226, 88, 12, 219, 86, 244, 163, 247, 31, 239, 166, 112, 5, 243, 202, 146, 70, 49, 35, 205, 41, 251, 209, 255, 123, 89, 120, 211, 67, 105, 63, 237, 208, 99, 240, 148, 21, 174, 55, 130, 87, 234, 93, 188, 175, 144, 94, 218, 127, 128, 199, 22, 72, 171, 192, 215, 103, 10, 254, 92, 231, 156, 132, 178, 176, 82, 20, 242, 138, 38, 51, 141, 230, 24, 74, 212, 45, 73, 16, 25, 155, 62, 154, 198, 168, 181, 235, 77, 13, 222, 137, 157, 90, 114, 252, 18, 159, 108, 161, 52, 111, 136, 164, 142, 249, 81, 165, 28, 122, 59, 124, 96, 229, 143, 191, 133, 1, 162, 65, 50, 84, 186, 184, 126, 33, 182, 78, 210, 113, 71, 195, 150, 8, 206, 158, 180, 106, 75, 17, 169, 153, 145, 246, 236, 85, 23, 29, 69, 172, 54, 152, 107, 76, 36, 151, 6, 167, 32, 34, 83, 47, 119, 97, 214, 57, 30, 197, 134, 2, 58, 183, 248, 27, 109, 139, 61, 79, 39, 221, 201, 204, 0, 14, 104, 228, 196, 250, 224, 4, 220, 7, 227, 115, 91, 125, 177, 60, 233, 68, 232, 245, 190, 135, 203, 147, 3, 43, 101, 217, 173, 149, 44, 116, 64, 223, 9, 19, 170, 26, 185, 48, 53, 216, 56, 118, 194, 15, 189]",5d34c15b06f4e97a2c9cb5941674b63952a6c7a2f314db8373f38905dfbf2d30,222a50194058b07af8d00f32e61b5239debb00d64ec4561b9fa9a009226a83eb,222a50194058b07af8d00f32e61b5239debb00d64ec4561b9fa9a009226a83eb
420002,0.004166666666666667,0.5,240,True,True,"[6, 141, 231, 152, 80, 166, 162, 10, 188, 45, 20, 68, 11, 114, 121, 229, 110, 140, 145, 1, 26, 117, 92, 16, 2, 131, 107, 224, 108, 189, 124, 67, 136, 97, 95, 19, 191, 96, 37, 213, 14, 175, 180, 94, 134, 7, 70, 49, 128, 143, 55, 22, 101, 172, 40, 105, 113, 254, 178, 62, 78, 53, 169, 246, 215, 123, 156, 48, 253, 77, 109, 233, 88, 34, 81, 148, 31, 197, 227, 28, 60, 106, 202, 163, 25, 4, 5, 209, 168, 75, 43, 69, 194, 30, 24, 15, 118, 153, 205, 183, 59, 12, 57, 240, 184, 201, 104, 146, 149, 112, 185, 203, 135, 198, 133, 195, 33, 119, 214, 177, 54, 61, 9, 176, 23, 100, 212, 138, 164, 84, 228, 217, 87, 126, 192, 29, 226, 147, 79, 186, 72, 160, 90, 125, 91, 244, 50, 220, 35, 21, 165, 243, 179, 150, 222, 129, 102, 171, 85, 63, 127, 199, 193, 47, 239, 86, 216, 173, 223, 170, 98, 74, 39, 73, 241, 144, 142, 174, 130, 65, 251, 46, 71, 58, 206, 232, 27, 204, 208, 115, 236, 122, 64, 196, 219, 0, 234, 18, 3, 252, 182, 230, 76, 17, 255, 93, 38, 237, 51, 41, 238, 207, 151, 161, 111, 116, 158, 159, 66, 42, 139, 157, 13, 132, 221, 249, 210, 248, 211, 250, 155, 218, 187, 190, 82, 83, 89, 181, 99, 44, 52, 242, 32, 120, 103, 137, 56, 167, 225, 245, 154, 235, 8, 36, 247, 200]",d44c8a1487a9faf7acdb745a8819762cf1d37ee8ebd60da01d2d5386315e16ec,7895c9c00caca7789297d30066e59ad333f0d00ec370e634182335369a84d4c5,7895c9c00caca7789297d30066e59ad333f0d00ec370e634182335369a84d4c5
420002,0.004166666666666667,0.75,240,True,True,"[197, 241, 193, 181, 41, 44, 222, 145, 121, 144, 100, 124, 6, 63, 115, 149, 14, 156, 61, 167, 81, 173, 77, 130, 109, 174, 119, 235, 19, 54, 102, 66, 72, 127, 238, 135, 126, 190, 37, 75, 185, 137, 233, 236, 114, 76, 140, 129, 95, 82, 172, 243, 21, 69, 166, 3, 254, 125, 213, 215, 239, 9, 226, 22, 10, 60, 250, 85, 221, 56, 38, 187, 229, 141, 105, 165, 232, 154, 94, 91, 246, 211, 214, 104, 147, 182, 224, 202, 103, 227, 49, 178, 139, 96, 33, 194, 237, 74, 101, 42, 160, 34, 20, 79, 177, 150, 169, 80, 5, 117, 18, 186, 170, 188, 210, 209, 97, 30, 51, 68, 86, 58, 73, 175, 35, 116, 134, 148, 200, 83, 191, 208, 87, 52, 71, 27, 180, 152, 39, 113, 122, 70, 248, 13, 0, 123, 106, 16, 245, 206, 230, 78, 111, 247, 112, 108, 15, 53, 157, 251, 219, 179, 55, 183, 17, 176, 207, 31, 161, 255, 24, 142, 11, 28, 143, 1, 26, 201, 36, 2, 90, 189, 218, 223, 12, 252, 240, 98, 93, 184, 67, 46, 88, 65, 45, 89, 110, 217, 131, 7, 159, 205, 203, 62, 133, 253, 59, 84, 216, 228, 23, 151, 171, 204, 153, 231, 168, 249, 4, 25, 242, 198, 225, 8, 158, 32, 163, 164, 43, 212, 29, 118, 146, 195, 128, 57, 196, 48, 92, 107, 64, 192, 99, 244, 136, 120, 220, 132, 40, 138, 162, 50, 155, 199, 47, 234]",ba31ef3ed5da389680b3b8ef460bb8e082b2a4a7e894a51f66a32b6aa965ed71,111806e9c5b193f76a0b36a3878052fcab0927ddafda735dfba34c01746bf299,111806e9c5b193f76a0b36a3878052fcab0927ddafda735dfba34c01746bf299
420002,0.008333333333333333,0.25,240,True,True,"[38, 146, 216, 181, 100, 51, 43, 132, 81, 150, 233, 243, 44, 11, 87, 196, 108, 12, 94, 168, 172, 119, 230, 195, 162, 178, 155, 140, 250, 173, 68, 53, 248, 165, 161, 218, 85, 71, 26, 136, 133, 98, 36, 61, 48, 143, 21, 147, 126, 171, 40, 166, 163, 197, 247, 1, 156, 72, 210, 141, 32, 110, 122, 151, 226, 190, 57, 205, 97, 222, 76, 105, 13, 101, 209, 239, 238, 116, 103, 10, 104, 95, 74, 138, 219, 207, 118, 130, 135, 145, 52, 179, 88, 224, 4, 237, 109, 206, 66, 231, 41, 180, 56, 254, 50, 235, 120, 134, 232, 27, 153, 220, 129, 3, 45, 102, 39, 169, 73, 157, 2, 253, 198, 191, 228, 6, 177, 241, 92, 15, 201, 115, 182, 16, 54, 58, 158, 65, 221, 214, 90, 46, 215, 107, 89, 67, 69, 79, 62, 128, 24, 121, 192, 187, 0, 113, 204, 252, 34, 189, 176, 17, 131, 127, 124, 154, 208, 9, 188, 23, 193, 240, 82, 83, 142, 29, 64, 174, 28, 186, 212, 229, 59, 49, 167, 213, 234, 244, 199, 236, 47, 200, 30, 42, 137, 123, 25, 225, 18, 96, 160, 78, 55, 14, 185, 112, 8, 125, 203, 255, 84, 227, 20, 149, 245, 211, 114, 152, 5, 170, 35, 139, 144, 164, 7, 93, 175, 70, 194, 246, 91, 33, 159, 99, 217, 183, 31, 117, 80, 60, 77, 148, 86, 37, 223, 106, 63, 75, 19, 184, 22, 202, 111, 242, 249, 251]",f23aa81a08ec0dc1c84963ad48c15f79e1406e99b03d4eea6a2ed958df3d8f59,d56242f840a4592364ffed9eb03f1ac662b58ff8c5d12bfceba0dc05df7a02c7,d56242f840a4592364ffed9eb03f1ac662b58ff8c5d12bfceba0dc05df7a02c7
420002,0.008333333333333333,0.5,240,True,True,"[241, 0, 74, 212, 245, 198, 120, 16, 246, 36, 132, 89, 156, 192, 148, 242, 208, 249, 90, 2, 144, 164, 205, 71, 67, 14, 103, 33, 78, 217, 86, 49, 104, 50, 48, 204, 101, 98, 23, 54, 176, 8, 12, 53, 64, 127, 183, 57, 108, 174, 26, 248, 45, 38, 153, 179, 253, 117, 94, 189, 1, 130, 181, 85, 197, 236, 240, 31, 226, 158, 252, 162, 149, 106, 52, 27, 227, 223, 216, 187, 200, 180, 83, 96, 51, 201, 167, 60, 161, 114, 41, 225, 230, 11, 221, 165, 159, 44, 224, 5, 95, 29, 46, 22, 160, 128, 32, 87, 82, 155, 195, 244, 107, 190, 18, 150, 232, 123, 73, 100, 175, 97, 133, 171, 113, 126, 39, 118, 124, 131, 110, 37, 147, 235, 19, 112, 115, 243, 222, 170, 178, 215, 220, 15, 121, 21, 25, 185, 231, 213, 65, 234, 172, 138, 229, 157, 218, 136, 142, 55, 3, 146, 28, 251, 199, 59, 4, 13, 9, 79, 145, 30, 151, 194, 163, 186, 69, 105, 80, 77, 72, 34, 191, 169, 81, 193, 255, 93, 143, 109, 247, 84, 134, 88, 196, 42, 76, 137, 56, 135, 63, 70, 47, 154, 237, 7, 66, 102, 122, 111, 99, 209, 250, 35, 202, 68, 139, 20, 10, 75, 24, 166, 182, 214, 228, 233, 173, 40, 140, 62, 177, 119, 91, 92, 203, 207, 206, 219, 17, 116, 129, 152, 125, 210, 43, 211, 239, 58, 168, 188, 141, 254, 6, 184, 61, 238]",31a44bed359c330689c104319635eb7cbfb31ba7b5f6b2f11f26a1ec07c21321,07656ed4b94347cc26d446206e35cf6cd854f5a906606d0be7d9ed4c17a9baba,07656ed4b94347cc26d446206e35cf6cd854f5a906606d0be7d9ed4c17a9baba
420002,0.008333333333333333,0.75,240,True,True,"[247, 140, 132, 137, 104, 249, 35, 119, 18, 223, 186, 215, 222, 235, 117, 96, 78, 127, 84, 101, 176, 72, 13, 27, 51, 167, 80, 112, 37, 24, 159, 199, 209, 30, 61, 192, 253, 178, 151, 150, 174, 58, 74, 139, 129, 195, 65, 245, 248, 152, 29, 134, 244, 175, 99, 203, 172, 201, 187, 0, 161, 135, 81, 191, 202, 149, 38, 162, 55, 188, 32, 220, 22, 164, 39, 196, 73, 83, 15, 236, 43, 28, 156, 7, 76, 255, 226, 128, 158, 200, 2, 169, 246, 208, 69, 106, 228, 102, 52, 105, 90, 232, 57, 179, 122, 33, 67, 227, 111, 194, 62, 211, 95, 241, 45, 125, 47, 237, 217, 185, 252, 60, 21, 86, 133, 146, 85, 25, 42, 68, 238, 171, 71, 64, 229, 189, 36, 213, 109, 193, 103, 14, 91, 157, 240, 141, 190, 154, 173, 124, 10, 79, 114, 145, 75, 243, 143, 251, 138, 165, 234, 113, 20, 1, 210, 126, 142, 233, 206, 87, 221, 147, 216, 231, 48, 66, 230, 120, 148, 130, 198, 239, 41, 108, 77, 6, 44, 181, 170, 183, 82, 53, 166, 59, 207, 9, 242, 225, 26, 98, 31, 4, 12, 123, 197, 218, 136, 214, 54, 92, 88, 184, 97, 144, 115, 168, 204, 107, 70, 50, 180, 40, 153, 23, 131, 17, 16, 3, 254, 250, 177, 5, 110, 100, 155, 11, 94, 219, 160, 121, 49, 56, 63, 205, 182, 89, 34, 163, 8, 224, 93, 212, 116, 46, 19, 118]",51467ef1e460dccc8293048a31e2b51dc86d170f2bdd8de3c9d684d785e3a4b0,4fcb8560a218171c4a3517fec02dd15475f4ab598ba07c9651cec6177379f7c8,4fcb8560a218171c4a3517fec02dd15475f4ab598ba07c9651cec6177379f7c8
420002,0.025,0.25,240,True,True,"[131, 225, 63, 92, 30, 187, 202, 181, 245, 105, 118, 82, 230, 122, 148, 240, 182, 33, 21, 168, 15, 19, 45, 213, 229, 99, 173, 224, 79, 235, 253, 255, 237, 98, 58, 70, 205, 252, 35, 196, 97, 6, 60, 1, 108, 113, 137, 13, 164, 141, 234, 183, 78, 11, 135, 77, 190, 75, 46, 211, 242, 143, 150, 25, 153, 102, 7, 91, 40, 96, 144, 158, 23, 215, 127, 208, 246, 139, 167, 5, 147, 171, 191, 218, 104, 16, 199, 162, 119, 67, 56, 61, 170, 209, 197, 227, 81, 142, 20, 115, 8, 64, 43, 201, 27, 177, 216, 207, 228, 83, 62, 134, 247, 179, 180, 59, 10, 54, 107, 123, 184, 42, 149, 48, 2, 133, 219, 222, 88, 254, 248, 121, 194, 251, 244, 109, 156, 49, 169, 223, 136, 87, 90, 210, 195, 111, 214, 125, 152, 22, 126, 140, 206, 231, 36, 72, 44, 31, 4, 112, 243, 66, 128, 52, 124, 160, 250, 51, 28, 249, 65, 93, 86, 34, 116, 103, 100, 221, 233, 232, 76, 37, 26, 14, 172, 238, 212, 69, 85, 226, 129, 163, 151, 220, 120, 24, 186, 9, 185, 204, 117, 193, 165, 18, 38, 106, 130, 217, 239, 159, 198, 132, 3, 94, 155, 50, 89, 189, 146, 114, 110, 53, 157, 203, 236, 57, 101, 188, 80, 41, 241, 74, 174, 32, 47, 145, 73, 154, 192, 161, 138, 176, 175, 84, 0, 166, 55, 68, 95, 200, 178, 29, 17, 39, 71, 12]",fd56f5077b5478f0c64a772322c7102c126a6cf566e2cb914720d3dd0d1e93fc,2fc948ba7601d56a4ad23bb61f6ae956839465783afdfa5abb080e53721a2daa,2fc948ba7601d56a4ad23bb61f6ae956839465783afdfa5abb080e53721a2daa
420002,0.025,0.5,240,True,True,"[242, 99, 195, 87, 153, 217, 135, 196, 5, 137, 95, 129, 3, 172, 113, 7, 230, 41, 136, 202, 83, 127, 253, 56, 171, 169, 89, 20, 160, 22, 114, 209, 189, 218, 227, 120, 33, 124, 8, 180, 177, 197, 249, 248, 240, 53, 31, 150, 255, 159, 46, 190, 232, 77, 96, 236, 157, 25, 57, 247, 13, 52, 246, 29, 166, 76, 103, 193, 184, 43, 145, 51, 216, 213, 148, 185, 243, 110, 47, 18, 149, 146, 109, 200, 36, 182, 28, 42, 10, 118, 78, 119, 58, 79, 116, 85, 239, 104, 84, 244, 37, 97, 62, 105, 112, 61, 229, 201, 80, 128, 115, 40, 147, 102, 54, 176, 143, 254, 183, 144, 30, 198, 6, 1, 94, 163, 66, 165, 167, 208, 199, 132, 210, 4, 106, 16, 38, 93, 212, 207, 34, 133, 9, 64, 238, 92, 73, 130, 191, 194, 252, 251, 214, 98, 220, 111, 211, 181, 122, 222, 2, 55, 231, 151, 27, 70, 131, 241, 107, 0, 67, 175, 35, 48, 91, 224, 206, 82, 63, 108, 154, 90, 139, 215, 75, 187, 188, 19, 24, 221, 101, 178, 250, 11, 126, 204, 49, 134, 74, 45, 174, 219, 203, 233, 123, 158, 72, 117, 15, 14, 26, 121, 59, 170, 23, 17, 100, 65, 86, 81, 21, 71, 223, 155, 226, 12, 235, 142, 186, 245, 164, 141, 162, 32, 138, 173, 69, 125, 161, 68, 179, 237, 44, 39, 156, 205, 192, 228, 234, 140, 168, 88, 225, 60, 152, 50]",30be4fb2e9ff091933a4ecf87a6a7afcca58112a8140742a9721db6312c09ee4,afecf53371cf5d0e840b25cb77d2c9b1df1b2a11a10e2147d790a66362b462a4,afecf53371cf5d0e840b25cb77d2c9b1df1b2a11a10e2147d790a66362b462a4
420002,0.025,0.75,240,True,True,"[223, 210, 198, 86, 7, 209, 249, 165, 71, 21, 161, 62, 187, 115, 23, 34, 70, 171, 129, 68, 5, 144, 37, 39, 242, 57, 208, 250, 159, 78, 162, 158, 160, 123, 234, 207, 116, 215, 6, 12, 230, 152, 133, 15, 2, 74, 36, 128, 239, 96, 44, 143, 35, 131, 254, 170, 89, 59, 25, 146, 138, 67, 147, 91, 88, 179, 194, 196, 201, 216, 99, 10, 11, 64, 224, 55, 73, 248, 97, 119, 227, 22, 90, 237, 20, 52, 66, 0, 13, 148, 134, 31, 122, 150, 200, 85, 181, 177, 72, 203, 253, 98, 137, 28, 103, 54, 79, 51, 126, 243, 32, 42, 197, 183, 193, 155, 139, 27, 109, 87, 69, 180, 178, 184, 140, 3, 130, 222, 206, 120, 220, 48, 82, 247, 60, 219, 205, 240, 75, 192, 135, 226, 241, 108, 114, 174, 169, 218, 19, 80, 9, 232, 176, 121, 24, 125, 204, 61, 8, 163, 153, 141, 83, 182, 191, 251, 154, 236, 84, 26, 110, 104, 1, 50, 14, 145, 45, 16, 229, 142, 124, 157, 29, 228, 221, 4, 118, 190, 231, 214, 92, 100, 93, 112, 41, 172, 255, 167, 49, 212, 195, 166, 164, 65, 46, 156, 188, 107, 173, 151, 175, 132, 47, 81, 238, 111, 244, 127, 186, 202, 136, 168, 149, 33, 113, 213, 252, 38, 40, 53, 117, 217, 77, 95, 199, 189, 245, 211, 185, 43, 63, 30, 105, 76, 225, 101, 106, 235, 18, 102, 246, 17, 233, 58, 94, 56]",278f8b1d4041e918673c5b37da8e37df67062e008499fd9f6b3e48aa011668f6,4e9bdbd4123e1a46e6dd39f37c7adfd74d2bb6d3c8931369e8ae48135a3e3bbb,4e9bdbd4123e1a46e6dd39f37c7adfd74d2bb6d3c8931369e8ae48135a3e3bbb
420003,0.004166666666666667,0.25,240,True,True,"[121, 190, 219, 155, 51, 57, 118, 34, 186, 254, 58, 196, 19, 161, 97, 202, 189, 151, 207, 133, 218, 162, 210, 131, 239, 249, 80, 74, 24, 23, 67, 248, 87, 173, 191, 168, 77, 153, 165, 73, 179, 115, 194, 29, 177, 36, 216, 240, 231, 70, 33, 107, 141, 12, 252, 152, 184, 105, 147, 143, 223, 108, 45, 110, 98, 140, 18, 100, 145, 176, 221, 111, 132, 244, 15, 117, 164, 59, 137, 37, 242, 79, 181, 128, 134, 204, 13, 156, 138, 230, 4, 16, 112, 43, 104, 17, 235, 180, 40, 208, 81, 222, 75, 3, 166, 178, 227, 72, 171, 101, 109, 226, 158, 125, 255, 224, 54, 236, 192, 116, 229, 123, 136, 106, 78, 30, 41, 10, 159, 212, 205, 130, 185, 55, 20, 5, 225, 44, 183, 47, 243, 187, 99, 148, 127, 237, 172, 174, 28, 8, 201, 220, 122, 157, 169, 52, 1, 95, 193, 2, 42, 82, 120, 139, 119, 228, 129, 175, 53, 83, 94, 7, 233, 27, 188, 11, 46, 38, 217, 39, 206, 214, 69, 76, 241, 232, 215, 253, 213, 88, 238, 56, 90, 64, 85, 32, 170, 89, 150, 102, 211, 35, 103, 197, 182, 195, 50, 71, 0, 49, 167, 135, 245, 65, 114, 198, 126, 142, 144, 84, 251, 26, 60, 234, 9, 209, 91, 92, 200, 146, 21, 203, 163, 14, 6, 62, 68, 154, 86, 22, 25, 113, 61, 63, 31, 246, 48, 96, 247, 250, 124, 93, 199, 149, 66, 160]",96d6ca9cfc33863d2163e71f67289c2e9f4c2d7b45c83ccf63db6321a8d17958,d5f0ba13f2cc48094ffd80bfe040e1366ba58c7a79723a5a83df240bb85b4e32,d5f0ba13f2cc48094ffd80bfe040e1366ba58c7a79723a5a83df240bb85b4e32
420003,0.004166666666666667,0.5,240,True,True,"[142, 242, 228, 240, 102, 211, 182, 96, 199, 61, 237, 34, 128, 180, 63, 227, 164, 159, 154, 238, 60, 117, 105, 75, 129, 103, 235, 209, 85, 168, 175, 250, 76, 216, 165, 229, 147, 231, 151, 107, 252, 215, 81, 188, 1, 80, 48, 27, 72, 11, 243, 100, 99, 25, 32, 79, 131, 141, 91, 158, 184, 30, 12, 3, 253, 156, 95, 192, 121, 172, 106, 16, 248, 138, 134, 46, 169, 127, 52, 205, 233, 236, 104, 123, 213, 214, 44, 224, 201, 111, 194, 126, 163, 137, 24, 65, 139, 71, 8, 45, 171, 246, 212, 14, 155, 132, 249, 68, 193, 78, 94, 112, 23, 49, 122, 200, 109, 136, 62, 28, 150, 167, 47, 98, 59, 9, 108, 219, 125, 2, 67, 179, 43, 84, 73, 203, 223, 53, 177, 226, 38, 17, 254, 70, 170, 101, 232, 82, 220, 116, 115, 33, 42, 88, 174, 146, 87, 113, 26, 251, 57, 185, 244, 19, 69, 221, 22, 210, 222, 120, 255, 176, 239, 245, 51, 241, 152, 189, 20, 181, 208, 4, 178, 41, 135, 207, 50, 160, 35, 54, 74, 148, 247, 97, 206, 196, 66, 217, 37, 145, 40, 124, 64, 110, 92, 183, 29, 204, 0, 130, 153, 31, 166, 202, 190, 186, 198, 191, 197, 140, 157, 143, 21, 18, 225, 36, 144, 10, 161, 13, 58, 5, 7, 187, 133, 90, 114, 118, 56, 83, 15, 89, 6, 234, 77, 162, 86, 173, 39, 230, 119, 195, 55, 218, 149, 93]",6e39fd271e9dbdc668605522cf3689322d48bd7ca41e65b9f2c355b300b91e3e,d6c9759b95f29ad159bcf836aabfae83228e68780c223ea490605bfd240d6e92,d6c9759b95f29ad159bcf836aabfae83228e68780c223ea490605bfd240d6e92
420003,0.004166666666666667,0.75,240,True,True,"[10, 42, 191, 229, 130, 115, 125, 210, 242, 47, 91, 217, 88, 48, 183, 132, 247, 73, 234, 246, 74, 87, 153, 161, 168, 92, 226, 141, 251, 146, 63, 198, 117, 182, 21, 197, 208, 189, 219, 31, 0, 97, 94, 249, 122, 209, 253, 16, 155, 123, 175, 160, 136, 35, 17, 194, 7, 218, 75, 254, 222, 203, 244, 192, 188, 145, 211, 171, 181, 114, 86, 6, 11, 116, 4, 173, 213, 195, 19, 128, 142, 96, 220, 45, 126, 243, 13, 202, 199, 40, 43, 179, 83, 102, 216, 148, 105, 163, 26, 214, 127, 9, 224, 80, 118, 135, 112, 193, 165, 72, 133, 169, 129, 170, 39, 28, 137, 12, 60, 52, 144, 176, 22, 54, 24, 33, 46, 58, 120, 41, 44, 232, 158, 151, 85, 252, 25, 134, 36, 154, 65, 5, 174, 93, 172, 231, 70, 196, 101, 201, 149, 184, 29, 90, 225, 84, 108, 77, 227, 95, 104, 3, 106, 107, 69, 233, 23, 59, 162, 143, 89, 76, 147, 159, 185, 79, 51, 18, 164, 239, 156, 190, 37, 237, 56, 111, 55, 27, 62, 236, 223, 8, 177, 206, 109, 131, 228, 187, 238, 167, 71, 38, 113, 248, 255, 207, 61, 186, 150, 64, 138, 241, 32, 82, 240, 212, 110, 50, 139, 204, 103, 20, 78, 53, 66, 166, 178, 30, 99, 81, 34, 230, 180, 98, 250, 124, 245, 221, 67, 100, 15, 235, 14, 2, 140, 1, 157, 205, 215, 57, 121, 119, 68, 200, 152, 49]",874351581c23738ae022f9c2c75ff2bb2796425a10bb30e57e30c69c6c5fd08a,3b38a7d2a26ba94c310ec51a6ef22148978b610337b56db0118d67683ea08928,3b38a7d2a26ba94c310ec51a6ef22148978b610337b56db0118d67683ea08928
420003,0.008333333333333333,0.25,240,True,True,"[62, 93, 214, 115, 247, 156, 117, 173, 29, 6, 255, 75, 244, 170, 238, 26, 230, 111, 44, 157, 216, 167, 217, 102, 129, 180, 28, 187, 71, 99, 89, 45, 95, 194, 35, 24, 79, 58, 90, 1, 195, 137, 49, 74, 199, 67, 5, 122, 161, 234, 131, 108, 14, 182, 239, 127, 31, 184, 251, 81, 106, 30, 19, 109, 110, 80, 104, 135, 142, 123, 69, 207, 8, 166, 17, 3, 15, 118, 65, 78, 57, 92, 84, 176, 10, 246, 203, 103, 113, 168, 138, 9, 231, 2, 47, 116, 91, 40, 100, 21, 141, 145, 140, 175, 190, 132, 165, 249, 7, 202, 128, 23, 85, 63, 144, 73, 186, 54, 196, 60, 241, 143, 124, 147, 33, 204, 172, 18, 36, 215, 37, 160, 101, 96, 245, 88, 121, 0, 50, 11, 226, 107, 152, 236, 155, 224, 149, 242, 56, 235, 243, 229, 126, 151, 46, 82, 114, 32, 39, 130, 188, 232, 68, 198, 250, 212, 163, 20, 134, 254, 227, 192, 125, 105, 201, 64, 183, 55, 43, 158, 16, 233, 77, 94, 162, 136, 210, 70, 98, 34, 120, 209, 97, 206, 27, 146, 119, 223, 178, 53, 76, 193, 219, 22, 200, 61, 153, 191, 185, 51, 86, 240, 66, 221, 205, 13, 228, 154, 171, 179, 197, 150, 225, 237, 174, 139, 25, 4, 169, 253, 83, 159, 41, 59, 12, 248, 252, 42, 220, 189, 52, 208, 211, 218, 164, 112, 213, 177, 181, 222, 72, 133, 87, 38, 48, 148]",2a08fc82bec4e58c5cb7bff51e610ce4bf1dd97b22de3e1c0c0eaea672961f30,617e19cabbb6b7f47ee4e737bea4bd13ddea7f1c8d24e9d2db05d8405145a59a,617e19cabbb6b7f47ee4e737bea4bd13ddea7f1c8d24e9d2db05d8405145a59a
420003,0.008333333333333333,0.5,240,True,True,"[153, 127, 6, 89, 165, 132, 189, 226, 20, 240, 16, 141, 81, 51, 157, 176, 177, 134, 198, 98, 179, 119, 0, 194, 206, 69, 187, 18, 201, 150, 222, 251, 117, 172, 133, 27, 203, 244, 231, 118, 225, 21, 53, 42, 45, 8, 188, 85, 163, 73, 214, 143, 178, 56, 92, 254, 112, 96, 218, 43, 247, 67, 14, 68, 33, 22, 25, 171, 149, 5, 166, 4, 221, 252, 236, 48, 23, 110, 164, 39, 88, 219, 130, 78, 148, 59, 34, 192, 61, 186, 175, 108, 137, 170, 52, 9, 10, 216, 70, 184, 191, 102, 97, 17, 86, 128, 93, 114, 239, 120, 223, 142, 2, 159, 242, 74, 200, 40, 75, 158, 65, 124, 111, 103, 241, 1, 129, 99, 160, 26, 113, 213, 217, 155, 168, 100, 212, 32, 228, 7, 138, 151, 220, 154, 197, 121, 204, 250, 77, 181, 237, 30, 57, 123, 207, 101, 122, 255, 208, 131, 37, 248, 24, 19, 44, 107, 38, 152, 60, 62, 167, 210, 109, 209, 202, 144, 71, 84, 54, 49, 211, 12, 11, 29, 245, 147, 80, 76, 215, 249, 227, 253, 230, 156, 125, 185, 15, 66, 233, 79, 161, 36, 58, 174, 169, 196, 83, 199, 162, 87, 224, 31, 115, 195, 63, 90, 116, 126, 72, 234, 180, 235, 55, 183, 28, 182, 94, 95, 205, 105, 35, 173, 13, 91, 104, 136, 139, 41, 135, 64, 82, 232, 106, 3, 146, 190, 243, 246, 193, 238, 229, 145, 46, 50, 140, 47]",80f9983d517b27f8b225998b07983f7627dee996d329a1cc97ea5bb38f0f06c1,b03468e5a0458c8364249109ffdcdd8246fc24c30fe04ba99454e5c437952f52,b03468e5a0458c8364249109ffdcdd8246fc24c30fe04ba99454e5c437952f52
420003,0.008333333333333333,0.75,240,True,True,"[180, 123, 160, 236, 196, 72, 23, 44, 47, 132, 51, 114, 118, 199, 74, 37, 49, 98, 14, 188, 184, 105, 166, 203, 106, 68, 225, 107, 143, 91, 65, 28, 112, 186, 239, 109, 54, 128, 33, 38, 9, 138, 173, 148, 125, 67, 120, 243, 149, 35, 17, 126, 16, 245, 96, 156, 87, 170, 241, 86, 111, 213, 223, 219, 46, 7, 94, 50, 250, 131, 195, 177, 71, 48, 63, 252, 244, 168, 217, 58, 103, 224, 29, 202, 40, 19, 208, 20, 32, 222, 121, 95, 201, 57, 157, 134, 200, 56, 124, 30, 73, 187, 232, 155, 174, 4, 27, 90, 55, 70, 21, 26, 145, 102, 194, 41, 172, 97, 229, 136, 52, 81, 249, 80, 62, 116, 22, 141, 100, 242, 159, 185, 89, 83, 220, 175, 218, 12, 192, 135, 60, 246, 24, 133, 211, 144, 84, 31, 215, 206, 171, 221, 13, 209, 161, 181, 150, 101, 45, 142, 247, 197, 189, 251, 0, 93, 169, 5, 130, 2, 34, 228, 85, 140, 66, 191, 76, 182, 193, 75, 18, 205, 15, 119, 115, 164, 234, 207, 53, 99, 216, 190, 77, 230, 39, 154, 254, 78, 178, 183, 179, 108, 64, 165, 153, 92, 82, 42, 238, 3, 233, 11, 151, 226, 253, 117, 227, 237, 43, 110, 163, 255, 25, 129, 231, 10, 127, 1, 210, 6, 167, 176, 137, 158, 113, 198, 61, 212, 147, 122, 139, 204, 146, 240, 162, 235, 152, 59, 214, 69, 104, 248, 88, 36, 8, 79]",0186686aa56bb876f8ba6f381de44d5921a97e4111ac3b335f6e6097ef8eb6ec,9354ba7c3058a76161b9e836f6810a610438572792688e8b4ee63ea268ab08a0,9354ba7c3058a76161b9e836f6810a610438572792688e8b4ee63ea268ab08a0
420003,0.025,0.25,240,True,True,"[123, 203, 79, 155, 208, 180, 223, 207, 190, 88, 71, 186, 148, 194, 119, 80, 146, 168, 52, 85, 47, 117, 128, 247, 126, 17, 217, 167, 158, 151, 1, 233, 209, 211, 166, 8, 218, 235, 225, 139, 96, 251, 182, 197, 177, 216, 198, 10, 125, 213, 181, 97, 120, 121, 107, 76, 228, 187, 89, 45, 133, 16, 246, 12, 69, 164, 131, 153, 6, 110, 172, 21, 60, 112, 22, 113, 42, 202, 231, 59, 3, 75, 37, 20, 44, 26, 31, 29, 95, 108, 173, 115, 90, 244, 49, 176, 175, 86, 43, 165, 58, 91, 0, 73, 255, 140, 163, 212, 157, 241, 111, 11, 169, 106, 25, 40, 188, 252, 65, 149, 245, 99, 171, 41, 249, 222, 137, 46, 147, 136, 239, 98, 5, 24, 61, 70, 55, 4, 23, 33, 219, 50, 232, 183, 253, 102, 224, 82, 34, 145, 118, 103, 56, 236, 254, 83, 238, 94, 221, 81, 234, 141, 143, 2, 144, 100, 135, 200, 38, 154, 63, 15, 57, 226, 206, 214, 160, 230, 184, 178, 66, 35, 13, 54, 48, 215, 192, 161, 7, 101, 199, 142, 138, 210, 36, 92, 84, 9, 51, 201, 242, 78, 129, 14, 179, 196, 193, 87, 124, 62, 189, 130, 195, 116, 204, 132, 105, 72, 18, 104, 127, 250, 32, 191, 27, 237, 93, 64, 159, 74, 220, 150, 170, 229, 28, 77, 53, 152, 67, 248, 122, 39, 109, 240, 68, 114, 30, 134, 185, 205, 243, 156, 19, 227, 162, 174]",f730cb5b24cf5ba0935088616495bf9f491f21e65acd1d1b6ed46c128aa71279,fc84551bac64d72bb63bc26970b303c351670c39637ee42f4e909e49c0dd7c61,fc84551bac64d72bb63bc26970b303c351670c39637ee42f4e909e49c0dd7c61
420003,0.025,0.5,240,True,True,"[96, 17, 59, 33, 247, 228, 167, 178, 139, 78, 136, 30, 64, 67, 213, 100, 193, 248, 253, 56, 98, 184, 252, 104, 60, 86, 176, 130, 173, 6, 112, 232, 118, 101, 210, 243, 84, 171, 196, 40, 214, 132, 45, 28, 220, 24, 238, 245, 185, 201, 226, 68, 202, 44, 163, 230, 58, 76, 37, 131, 216, 172, 3, 9, 149, 165, 148, 20, 5, 144, 156, 114, 32, 16, 190, 187, 88, 42, 15, 241, 90, 107, 175, 157, 195, 219, 52, 192, 72, 217, 240, 19, 11, 186, 18, 22, 108, 7, 120, 138, 103, 106, 244, 99, 215, 250, 61, 95, 197, 124, 66, 152, 73, 204, 4, 111, 25, 65, 123, 162, 39, 129, 36, 158, 155, 0, 153, 179, 225, 93, 231, 62, 77, 46, 116, 205, 209, 203, 237, 10, 137, 23, 14, 140, 174, 113, 211, 227, 125, 183, 105, 48, 27, 49, 128, 35, 242, 31, 143, 160, 170, 109, 194, 1, 134, 12, 119, 189, 200, 89, 141, 199, 26, 82, 168, 80, 71, 166, 110, 13, 233, 79, 47, 133, 255, 21, 147, 127, 85, 55, 43, 235, 208, 94, 70, 218, 57, 239, 69, 81, 115, 142, 212, 154, 8, 169, 50, 75, 159, 254, 249, 41, 102, 87, 53, 92, 135, 38, 151, 222, 191, 180, 117, 97, 177, 54, 236, 2, 207, 74, 251, 145, 121, 229, 224, 146, 188, 234, 198, 221, 91, 182, 126, 181, 206, 51, 150, 34, 246, 223, 29, 122, 161, 164, 83, 63]",77571b8178192cc166f1b8622522163b2ceadfaffc2a83e94a9b824e65c941a0,395161c1b1a8781e1e996627dbcbf28506fb90b4573cc707bb7513e4652e1c50,395161c1b1a8781e1e996627dbcbf28506fb90b4573cc707bb7513e4652e1c50
420003,0.025,0.75,240,True,True,"[221, 194, 10, 106, 11, 88, 78, 41, 142, 12, 118, 196, 131, 182, 34, 169, 109, 156, 63, 168, 91, 242, 29, 99, 180, 173, 140, 188, 139, 244, 209, 202, 175, 223, 154, 195, 67, 69, 230, 102, 159, 248, 23, 200, 3, 241, 219, 186, 73, 115, 55, 89, 146, 208, 35, 153, 210, 119, 30, 164, 21, 183, 225, 15, 39, 174, 197, 217, 144, 103, 254, 8, 125, 65, 13, 117, 108, 94, 145, 190, 237, 179, 236, 48, 123, 189, 120, 193, 203, 59, 17, 45, 121, 231, 124, 98, 5, 235, 47, 243, 214, 7, 246, 22, 205, 132, 87, 251, 9, 57, 86, 245, 220, 46, 158, 163, 130, 184, 172, 114, 136, 113, 218, 162, 110, 232, 68, 238, 227, 167, 152, 234, 19, 198, 133, 31, 26, 134, 40, 171, 148, 212, 201, 70, 187, 191, 24, 37, 64, 66, 33, 32, 28, 176, 151, 100, 161, 14, 160, 128, 96, 95, 111, 107, 192, 51, 240, 178, 90, 43, 80, 2, 157, 255, 44, 1, 77, 253, 92, 122, 101, 204, 135, 181, 83, 137, 52, 213, 239, 4, 250, 229, 211, 81, 71, 18, 104, 224, 141, 149, 215, 216, 84, 62, 105, 233, 166, 185, 27, 38, 79, 155, 74, 58, 112, 6, 126, 97, 60, 252, 54, 82, 76, 36, 72, 206, 138, 42, 165, 247, 143, 222, 129, 150, 199, 50, 25, 49, 147, 75, 53, 0, 127, 228, 20, 61, 93, 249, 85, 56, 207, 177, 170, 116, 16, 226]",d73887b72b2082c877ee87d14652bb5dfb044e5a24ad9b7e52e023eecb7a3028,59b7308192769f73fca63fb1e12b27068fddf1f55d3802664c11bc7f48714403,59b7308192769f73fca63fb1e12b27068fddf1f55d3802664c11bc7f48714403
420004,0.004166666666666667,0.25,240,True,True,"[58, 62, 252, 186, 253, 97, 143, 92, 162, 134, 12, 46, 139, 20, 240, 152, 192, 247, 132, 118, 0, 238, 191, 38, 161, 119, 114, 104, 1, 123, 177, 79, 219, 107, 183, 216, 59, 120, 74, 213, 215, 122, 222, 205, 15, 76, 237, 17, 214, 201, 137, 56, 37, 110, 128, 148, 9, 7, 208, 190, 47, 196, 151, 69, 42, 34, 89, 198, 65, 33, 187, 254, 11, 3, 21, 109, 111, 141, 239, 174, 218, 80, 199, 175, 86, 233, 226, 158, 39, 207, 235, 179, 99, 6, 130, 180, 136, 49, 113, 73, 206, 172, 124, 85, 48, 189, 100, 131, 14, 68, 223, 188, 165, 244, 160, 94, 102, 193, 245, 51, 156, 78, 146, 129, 106, 91, 103, 60, 217, 178, 4, 105, 229, 53, 93, 145, 101, 147, 224, 83, 24, 171, 242, 166, 55, 117, 121, 133, 135, 195, 23, 200, 221, 167, 142, 41, 220, 149, 112, 209, 164, 194, 125, 88, 40, 251, 163, 63, 96, 126, 228, 115, 64, 182, 87, 241, 227, 153, 108, 197, 246, 211, 95, 150, 32, 50, 169, 5, 225, 138, 82, 10, 25, 185, 210, 173, 202, 29, 13, 66, 30, 43, 75, 16, 249, 19, 22, 181, 243, 212, 81, 26, 61, 77, 57, 154, 31, 72, 184, 35, 71, 236, 157, 52, 27, 170, 2, 36, 28, 248, 90, 176, 127, 70, 8, 203, 230, 255, 231, 54, 45, 44, 232, 140, 234, 67, 18, 98, 84, 155, 204, 116, 159, 250, 168, 144]",7c239b1c27c1be1a52497e10dfa6a64068127c8cd66c56823f84f6f81609d1c1,7edbba5250cf3daa6c270dba6029881b529cf8937d94278cd9fe50f90dbb36af,7edbba5250cf3daa6c270dba6029881b529cf8937d94278cd9fe50f90dbb36af
420004,0.004166666666666667,0.5,240,True,True,"[230, 153, 5, 231, 151, 176, 100, 182, 123, 133, 88, 240, 136, 66, 186, 84, 143, 6, 195, 94, 31, 98, 207, 224, 83, 22, 241, 212, 10, 225, 99, 87, 154, 44, 82, 245, 148, 193, 124, 213, 53, 169, 54, 20, 121, 168, 139, 188, 46, 174, 72, 126, 32, 2, 105, 130, 216, 222, 29, 19, 199, 243, 15, 163, 253, 85, 167, 115, 189, 247, 76, 252, 1, 23, 205, 119, 104, 64, 111, 52, 198, 109, 144, 34, 3, 125, 145, 134, 7, 55, 30, 49, 209, 244, 206, 162, 242, 74, 218, 110, 14, 140, 90, 61, 106, 28, 113, 51, 27, 24, 184, 152, 157, 42, 122, 13, 161, 251, 40, 137, 228, 237, 43, 203, 41, 164, 129, 233, 172, 89, 68, 215, 95, 107, 226, 102, 204, 178, 128, 248, 187, 79, 234, 217, 80, 235, 185, 191, 175, 159, 236, 239, 166, 63, 65, 62, 142, 254, 211, 219, 147, 220, 255, 118, 0, 12, 35, 47, 196, 201, 36, 33, 108, 48, 238, 116, 208, 132, 127, 21, 96, 250, 86, 156, 223, 180, 202, 67, 73, 221, 50, 81, 60, 58, 93, 246, 200, 155, 229, 26, 114, 16, 59, 120, 39, 71, 101, 78, 4, 25, 227, 112, 146, 173, 17, 194, 210, 197, 232, 192, 11, 171, 160, 77, 75, 135, 149, 97, 138, 38, 170, 103, 183, 69, 92, 165, 18, 214, 249, 158, 45, 179, 117, 181, 150, 9, 177, 190, 91, 8, 131, 37, 70, 141, 57, 56]",b25e27f429f9f45415db628d171a24894f7ed0b9f5d2b80eb1f93f9b9136987e,4be11dc15e0c6849ebb9c982298a50158b66efbee1557be6ef7019e4c4de381a,4be11dc15e0c6849ebb9c982298a50158b66efbee1557be6ef7019e4c4de381a
420004,0.004166666666666667,0.75,240,True,True,"[113, 112, 243, 12, 79, 50, 83, 150, 47, 111, 118, 0, 253, 132, 120, 76, 93, 172, 194, 163, 58, 181, 210, 32, 40, 35, 142, 19, 209, 139, 115, 54, 106, 78, 238, 242, 94, 190, 192, 108, 205, 178, 229, 186, 131, 63, 3, 187, 157, 95, 175, 191, 245, 161, 49, 232, 37, 239, 25, 133, 135, 121, 153, 64, 236, 196, 195, 138, 143, 13, 224, 82, 197, 21, 38, 26, 179, 114, 241, 166, 61, 218, 128, 169, 22, 16, 182, 244, 33, 189, 27, 211, 207, 208, 215, 2, 103, 185, 43, 46, 134, 4, 174, 119, 69, 188, 199, 170, 173, 52, 117, 225, 158, 125, 231, 70, 96, 180, 248, 219, 62, 56, 227, 220, 66, 202, 30, 147, 90, 214, 233, 109, 85, 154, 77, 51, 123, 65, 29, 73, 81, 6, 67, 151, 213, 84, 20, 91, 155, 127, 177, 55, 164, 221, 24, 156, 53, 99, 217, 75, 7, 71, 247, 149, 228, 28, 235, 223, 167, 246, 255, 183, 140, 14, 116, 254, 250, 23, 68, 129, 15, 122, 216, 141, 41, 86, 59, 222, 8, 18, 102, 124, 204, 168, 60, 249, 237, 130, 252, 126, 97, 39, 145, 1, 87, 101, 203, 165, 72, 44, 31, 74, 136, 200, 88, 226, 184, 162, 9, 98, 144, 206, 107, 42, 152, 193, 104, 92, 159, 240, 36, 110, 34, 57, 171, 11, 10, 100, 137, 201, 48, 160, 198, 148, 234, 17, 105, 80, 230, 176, 212, 5, 89, 45, 146, 251]",e62117c77029ed8843eaaa1b02cd6a140159df19bb77810be1313ea33034b606,48a9f942d8e47b9670cf243e7174d79d9ff254398cb4be36a9ad9fb97f9e3230,48a9f942d8e47b9670cf243e7174d79d9ff254398cb4be36a9ad9fb97f9e3230
420004,0.008333333333333333,0.25,240,True,True,"[170, 78, 105, 46, 156, 214, 31, 22, 137, 162, 56, 164, 198, 159, 184, 215, 121, 157, 223, 166, 174, 18, 107, 154, 211, 96, 216, 42, 158, 252, 28, 69, 172, 171, 108, 132, 33, 143, 122, 100, 30, 111, 189, 241, 163, 230, 142, 251, 199, 176, 190, 120, 135, 130, 29, 80, 128, 2, 213, 87, 155, 14, 112, 228, 169, 95, 147, 24, 218, 151, 36, 123, 191, 229, 13, 52, 71, 182, 76, 209, 236, 180, 23, 224, 82, 83, 226, 11, 12, 34, 233, 44, 178, 146, 253, 53, 240, 102, 200, 63, 210, 55, 26, 61, 149, 219, 197, 231, 49, 19, 139, 62, 113, 222, 86, 247, 32, 243, 242, 73, 250, 161, 9, 116, 126, 245, 239, 173, 124, 67, 91, 168, 1, 110, 234, 51, 74, 255, 221, 85, 84, 99, 220, 75, 47, 25, 114, 5, 97, 131, 183, 45, 103, 0, 48, 225, 38, 188, 70, 101, 206, 246, 167, 127, 79, 109, 59, 204, 179, 10, 115, 237, 186, 90, 81, 7, 194, 98, 238, 60, 134, 50, 39, 138, 92, 88, 248, 196, 21, 249, 58, 175, 17, 57, 40, 89, 125, 212, 133, 235, 43, 65, 129, 150, 195, 66, 35, 254, 152, 136, 145, 177, 232, 77, 20, 118, 15, 153, 140, 141, 37, 41, 94, 227, 181, 201, 106, 207, 208, 72, 64, 202, 148, 217, 6, 27, 193, 8, 244, 165, 68, 192, 144, 160, 119, 16, 203, 185, 104, 205, 54, 187, 93, 117, 4, 3]",4b02797ce91976f9c9e03d2d4a7b4e98989ca093c2f8fbde666cc313a7d3d685,24ed413d751f21634dbfffb2c066a8718781dc2d97a58c62e5a266d26b91fcc0,24ed413d751f21634dbfffb2c066a8718781dc2d97a58c62e5a266d26b91fcc0
420004,0.008333333333333333,0.5,240,True,True,"[254, 174, 11, 107, 29, 136, 177, 166, 241, 4, 132, 113, 248, 30, 101, 36, 115, 119, 95, 147, 17, 143, 196, 131, 180, 215, 63, 235, 18, 121, 78, 188, 25, 141, 157, 154, 178, 144, 15, 209, 176, 171, 27, 213, 70, 252, 21, 98, 240, 24, 0, 103, 161, 186, 56, 117, 234, 238, 75, 49, 111, 6, 122, 69, 23, 232, 253, 73, 124, 14, 246, 13, 85, 137, 43, 22, 133, 1, 41, 198, 201, 211, 87, 156, 108, 94, 170, 123, 116, 110, 60, 128, 134, 164, 204, 127, 151, 82, 53, 9, 179, 66, 52, 16, 236, 197, 37, 102, 163, 192, 79, 105, 19, 72, 135, 224, 233, 112, 208, 218, 168, 129, 106, 207, 74, 139, 181, 155, 231, 190, 193, 76, 120, 68, 159, 104, 118, 183, 216, 244, 3, 50, 169, 40, 227, 223, 8, 203, 250, 242, 142, 33, 195, 10, 229, 182, 89, 32, 175, 206, 5, 219, 221, 42, 84, 140, 230, 93, 200, 146, 226, 173, 61, 97, 96, 245, 185, 54, 249, 126, 65, 199, 243, 153, 90, 64, 86, 205, 88, 160, 59, 220, 255, 210, 55, 47, 57, 251, 46, 247, 152, 130, 71, 125, 81, 45, 109, 214, 194, 20, 91, 114, 12, 149, 77, 38, 150, 44, 80, 28, 83, 217, 162, 212, 99, 62, 187, 48, 239, 222, 51, 31, 202, 35, 191, 158, 34, 228, 225, 145, 7, 167, 2, 58, 172, 92, 26, 184, 138, 148, 67, 237, 39, 100, 189, 165]",ea7884ecdddc083e4e04cc6e00b4476ff4fecdf47d8cc85545a0bfb6c1c9dbdb,d8f9ae916ea2b62cd92666caffe5ea1f21ebabb91121a1a5a2bb0373358686da,d8f9ae916ea2b62cd92666caffe5ea1f21ebabb91121a1a5a2bb0373358686da
420004,0.008333333333333333,0.75,240,True,True,"[143, 8, 81, 210, 247, 22, 208, 229, 170, 145, 27, 37, 44, 216, 2, 30, 53, 184, 228, 219, 250, 215, 91, 61, 139, 186, 62, 77, 130, 231, 87, 162, 136, 113, 29, 168, 54, 55, 152, 154, 82, 23, 166, 123, 101, 16, 45, 40, 241, 164, 177, 191, 99, 14, 50, 133, 96, 167, 41, 117, 189, 174, 240, 214, 0, 179, 238, 79, 157, 178, 67, 83, 107, 80, 251, 12, 198, 94, 128, 42, 108, 125, 26, 75, 165, 92, 68, 100, 156, 245, 52, 126, 197, 104, 7, 129, 65, 69, 225, 88, 183, 227, 49, 13, 9, 51, 218, 203, 134, 147, 171, 89, 180, 213, 169, 33, 15, 11, 172, 98, 232, 221, 17, 124, 199, 148, 155, 195, 242, 201, 252, 111, 159, 122, 131, 173, 66, 10, 84, 21, 63, 230, 192, 48, 142, 121, 118, 200, 78, 64, 163, 46, 237, 253, 93, 3, 188, 39, 34, 112, 110, 28, 202, 38, 224, 255, 1, 175, 76, 196, 19, 207, 71, 254, 116, 150, 206, 187, 102, 32, 127, 234, 70, 57, 236, 5, 181, 135, 205, 211, 6, 56, 212, 58, 97, 73, 120, 217, 194, 140, 233, 243, 43, 149, 105, 85, 18, 114, 138, 239, 25, 235, 72, 103, 59, 31, 222, 115, 249, 109, 86, 90, 36, 141, 160, 144, 161, 226, 47, 24, 146, 4, 182, 220, 204, 20, 74, 151, 153, 185, 137, 248, 176, 244, 60, 119, 132, 209, 106, 223, 193, 190, 95, 246, 158, 35]",2fad649fbf6cb94a21f2d555e73f0828ba36a68e24d98ab906833a782c131825,3acddb78eced4a4ed9af116532f6808769cd7a233dc7c4c11e8c261ccc3f13c9,3acddb78eced4a4ed9af116532f6808769cd7a233dc7c4c11e8c261ccc3f13c9
420004,0.025,0.25,240,True,True,"[67, 106, 207, 249, 185, 87, 251, 66, 16, 221, 92, 164, 91, 233, 10, 201, 2, 242, 8, 88, 174, 197, 212, 108, 32, 7, 196, 168, 105, 131, 151, 176, 40, 205, 235, 114, 38, 179, 110, 74, 186, 158, 60, 28, 213, 138, 4, 25, 45, 118, 22, 0, 148, 69, 13, 50, 43, 95, 126, 161, 27, 248, 132, 175, 3, 109, 187, 224, 80, 204, 35, 122, 101, 26, 217, 170, 81, 243, 70, 89, 209, 15, 135, 159, 234, 54, 140, 113, 145, 21, 181, 193, 23, 219, 115, 245, 121, 147, 120, 41, 230, 137, 82, 78, 238, 252, 208, 182, 169, 11, 71, 49, 33, 155, 125, 130, 47, 128, 237, 44, 19, 178, 255, 136, 31, 239, 107, 99, 200, 123, 29, 58, 177, 102, 64, 198, 141, 231, 85, 36, 129, 77, 236, 79, 24, 84, 20, 116, 211, 166, 222, 63, 190, 39, 172, 165, 34, 62, 180, 56, 157, 232, 240, 51, 144, 149, 6, 228, 9, 150, 124, 68, 195, 127, 183, 1, 152, 73, 59, 214, 194, 220, 57, 61, 83, 96, 246, 17, 162, 226, 253, 55, 18, 46, 153, 98, 173, 202, 247, 65, 146, 75, 93, 192, 52, 143, 154, 160, 133, 139, 119, 111, 163, 117, 97, 134, 189, 225, 53, 254, 76, 167, 244, 191, 218, 216, 215, 104, 86, 72, 42, 241, 210, 94, 142, 203, 227, 37, 184, 188, 12, 112, 90, 14, 250, 30, 229, 199, 5, 48, 206, 156, 103, 171, 223, 100]",3c3a86fcf081c747e03ab1bc278277b29ca7cea602377a5c4ecc1d41faefc16f,60ad9e5a0ffbe7231fa6116d500ce43b465d4b72352e72eef59f7e4fb2e0a7a2,60ad9e5a0ffbe7231fa6116d500ce43b465d4b72352e72eef59f7e4fb2e0a7a2
420004,0.025,0.5,240,True,True,"[226, 101, 71, 208, 129, 60, 11, 5, 40, 32, 24, 235, 219, 149, 114, 239, 1, 78, 251, 105, 110, 184, 121, 204, 141, 81, 200, 119, 137, 179, 9, 45, 138, 93, 54, 12, 58, 157, 131, 247, 14, 175, 73, 203, 107, 25, 86, 134, 44, 164, 229, 19, 87, 183, 4, 61, 133, 41, 99, 240, 163, 125, 180, 144, 160, 199, 30, 197, 74, 62, 69, 34, 118, 55, 17, 161, 77, 205, 82, 145, 136, 104, 216, 6, 223, 187, 193, 120, 158, 13, 234, 33, 36, 186, 106, 207, 176, 90, 246, 196, 201, 43, 228, 135, 190, 194, 159, 143, 191, 250, 67, 182, 220, 227, 68, 169, 212, 249, 248, 92, 112, 96, 217, 127, 253, 16, 225, 95, 152, 242, 109, 168, 148, 189, 108, 98, 28, 173, 241, 244, 243, 7, 139, 52, 177, 140, 215, 214, 115, 188, 100, 63, 162, 37, 123, 89, 206, 56, 174, 128, 166, 8, 48, 3, 185, 142, 252, 237, 224, 202, 113, 35, 51, 91, 126, 84, 198, 122, 76, 238, 46, 102, 171, 245, 85, 59, 66, 42, 195, 18, 222, 80, 165, 49, 75, 132, 231, 72, 232, 210, 178, 50, 64, 116, 47, 0, 211, 209, 150, 221, 255, 167, 97, 94, 10, 111, 213, 146, 230, 70, 254, 124, 130, 22, 218, 170, 79, 21, 236, 233, 172, 38, 15, 88, 65, 23, 83, 27, 192, 153, 154, 57, 31, 155, 20, 39, 156, 103, 53, 151, 181, 147, 29, 2, 117, 26]",780af99194313a4926dea45269da824ad293361c2cd8f73b14392173382cdf59,4801671fd4d63c62d12efe0af348e99eb9db0fc6740c78ca8d5c07d22c7ec4fb,4801671fd4d63c62d12efe0af348e99eb9db0fc6740c78ca8d5c07d22c7ec4fb
420004,0.025,0.75,240,True,True,"[110, 212, 104, 246, 152, 37, 83, 175, 133, 76, 52, 118, 16, 101, 253, 226, 249, 200, 128, 39, 65, 243, 79, 45, 129, 74, 54, 185, 57, 23, 190, 223, 197, 174, 240, 198, 51, 35, 1, 107, 17, 108, 98, 199, 151, 89, 195, 43, 210, 85, 126, 123, 201, 168, 227, 237, 41, 130, 96, 53, 72, 188, 32, 127, 116, 62, 229, 80, 132, 11, 27, 153, 3, 4, 46, 40, 160, 114, 92, 213, 42, 86, 247, 164, 97, 24, 20, 148, 146, 63, 181, 221, 194, 103, 87, 162, 207, 68, 252, 250, 106, 44, 7, 172, 156, 95, 67, 161, 64, 14, 117, 134, 15, 56, 208, 245, 170, 30, 124, 28, 93, 186, 66, 231, 211, 141, 163, 84, 192, 88, 61, 77, 21, 29, 217, 191, 173, 109, 31, 176, 99, 38, 232, 36, 255, 193, 69, 120, 78, 12, 2, 58, 111, 81, 0, 139, 82, 225, 166, 179, 234, 238, 60, 122, 180, 48, 75, 178, 49, 236, 189, 34, 204, 19, 158, 115, 121, 202, 91, 228, 135, 33, 8, 241, 47, 248, 251, 70, 235, 205, 167, 90, 94, 216, 138, 187, 73, 171, 154, 142, 254, 71, 102, 145, 182, 177, 159, 5, 13, 59, 10, 137, 147, 143, 100, 183, 26, 155, 140, 149, 112, 220, 119, 125, 18, 6, 184, 55, 222, 214, 157, 233, 219, 215, 196, 150, 105, 113, 9, 169, 22, 136, 165, 206, 209, 218, 131, 144, 50, 25, 239, 244, 230, 203, 224, 242]",488718152c5c22529a5add6517f96d7a1eca903d87518438ff26171fdc808363,60854a07f5576d4ccda423341b17f58b97521bfc544399ff90eed16735bd4ee8,60854a07f5576d4ccda423341b17f58b97521bfc544399ff90eed16735bd4ee8
420005,0.004166666666666667,0.25,240,True,True,"[59, 43, 188, 143, 151, 65, 73, 119, 26, 20, 121, 253, 252, 48, 31, 122, 183, 213, 96, 46, 209, 130, 169, 233, 131, 54, 94, 8, 90, 229, 239, 69, 137, 68, 172, 224, 200, 28, 88, 205, 80, 236, 85, 160, 50, 52, 95, 248, 176, 135, 97, 149, 147, 242, 83, 57, 112, 210, 202, 91, 129, 179, 250, 1, 127, 124, 111, 27, 226, 230, 165, 244, 235, 237, 34, 184, 228, 199, 166, 6, 140, 29, 84, 44, 185, 227, 159, 232, 152, 193, 100, 211, 175, 38, 53, 78, 192, 19, 41, 17, 219, 180, 109, 0, 132, 212, 223, 2, 10, 146, 55, 153, 197, 168, 3, 4, 139, 246, 47, 189, 255, 56, 93, 157, 66, 249, 161, 114, 62, 243, 15, 162, 182, 104, 37, 35, 203, 87, 33, 144, 123, 64, 171, 220, 247, 142, 86, 9, 77, 39, 238, 178, 167, 156, 45, 134, 24, 110, 16, 187, 190, 58, 108, 21, 234, 14, 198, 116, 81, 218, 117, 101, 154, 12, 177, 148, 106, 60, 215, 163, 40, 98, 173, 82, 201, 105, 221, 222, 67, 254, 208, 251, 102, 136, 241, 113, 195, 164, 216, 245, 75, 191, 49, 217, 74, 206, 214, 231, 42, 126, 71, 141, 225, 133, 240, 204, 186, 11, 79, 118, 23, 107, 150, 61, 25, 76, 196, 7, 70, 99, 207, 89, 36, 92, 103, 181, 170, 158, 194, 32, 18, 22, 63, 5, 138, 72, 51, 128, 30, 120, 125, 115, 13, 145, 174, 155]",b24482bed90f4ba5d5919730b02557c63fff2cd60debce422d4d7b107258c776,d67977330e3173beec6ffdb6f279fc8e982c3b26544e24e9541a88c428502d90,d67977330e3173beec6ffdb6f279fc8e982c3b26544e24e9541a88c428502d90
420005,0.004166666666666667,0.5,240,True,True,"[240, 253, 171, 133, 195, 191, 104, 90, 26, 64, 23, 223, 44, 154, 246, 47, 208, 178, 232, 63, 185, 69, 149, 251, 163, 173, 112, 231, 127, 81, 51, 125, 152, 189, 89, 230, 80, 6, 101, 181, 201, 118, 124, 134, 130, 91, 144, 77, 71, 147, 111, 2, 7, 184, 34, 243, 218, 108, 138, 82, 175, 78, 76, 59, 126, 20, 74, 209, 214, 219, 79, 15, 153, 27, 117, 242, 32, 167, 25, 16, 237, 60, 18, 113, 225, 255, 107, 75, 48, 203, 43, 228, 254, 120, 46, 211, 182, 13, 3, 141, 143, 168, 157, 96, 67, 110, 17, 206, 239, 52, 160, 180, 245, 103, 12, 39, 229, 233, 192, 33, 50, 188, 92, 115, 221, 70, 241, 121, 14, 170, 187, 159, 235, 199, 135, 132, 53, 86, 68, 244, 0, 200, 57, 84, 146, 216, 137, 55, 105, 247, 49, 166, 172, 28, 164, 95, 88, 93, 94, 145, 140, 83, 122, 72, 212, 151, 155, 42, 21, 213, 128, 62, 226, 66, 249, 65, 9, 61, 190, 248, 31, 227, 234, 177, 1, 179, 54, 22, 87, 109, 238, 4, 156, 38, 220, 41, 85, 165, 252, 99, 11, 5, 174, 204, 222, 114, 106, 169, 36, 158, 97, 37, 197, 102, 73, 45, 98, 183, 30, 198, 129, 148, 196, 207, 40, 136, 210, 58, 100, 29, 139, 150, 142, 123, 56, 186, 193, 161, 194, 35, 236, 205, 217, 116, 224, 176, 24, 119, 202, 8, 10, 19, 162, 131, 215, 250]",2383f96aab315f352383eae67d9d0fc1e972705d843a1e0d46afaf2d3eaebe1f,c4c4e0561aa8eb17da6e60e9e03dd5efa71f3b1f62a131c063c9ac3e8369b12a,c4c4e0561aa8eb17da6e60e9e03dd5efa71f3b1f62a131c063c9ac3e8369b12a
420005,0.004166666666666667,0.75,240,True,True,"[97, 224, 149, 169, 150, 56, 162, 11, 134, 132, 171, 61, 128, 2, 181, 22, 154, 100, 238, 243, 24, 46, 151, 148, 212, 136, 44, 228, 122, 254, 116, 102, 218, 82, 106, 161, 80, 160, 125, 173, 91, 229, 166, 206, 99, 194, 79, 250, 232, 168, 35, 198, 43, 241, 31, 247, 163, 12, 220, 199, 52, 6, 189, 93, 195, 105, 94, 246, 203, 55, 192, 110, 8, 164, 95, 138, 81, 119, 57, 237, 86, 248, 38, 188, 219, 63, 118, 117, 34, 152, 129, 176, 227, 126, 223, 53, 18, 208, 92, 174, 214, 201, 183, 135, 141, 10, 76, 109, 58, 193, 87, 179, 159, 123, 3, 39, 139, 48, 37, 177, 253, 84, 23, 16, 75, 40, 225, 21, 216, 182, 15, 120, 68, 172, 143, 41, 186, 7, 145, 62, 66, 88, 235, 231, 147, 255, 113, 215, 226, 244, 239, 20, 42, 14, 101, 26, 167, 234, 13, 187, 184, 4, 107, 205, 5, 69, 178, 85, 32, 121, 175, 190, 236, 191, 59, 60, 64, 1, 249, 54, 98, 19, 28, 211, 9, 47, 221, 73, 140, 233, 36, 103, 0, 209, 251, 207, 200, 27, 245, 30, 127, 49, 252, 204, 104, 170, 146, 210, 115, 25, 89, 29, 114, 153, 51, 165, 242, 130, 222, 45, 142, 96, 65, 33, 240, 77, 111, 137, 67, 74, 213, 78, 217, 197, 72, 131, 71, 124, 202, 83, 17, 185, 158, 112, 133, 144, 90, 155, 156, 108, 196, 70, 230, 157, 50, 180]",20af4b178af22c4a40f21ca0c6fb45a08e6df2dd17d0ad6804137ccfc799cbd9,3db00dfe519730f4a93a502a6ff3c280faf8860982fe9dba3fbbbedf1875ac57,3db00dfe519730f4a93a502a6ff3c280faf8860982fe9dba3fbbbedf1875ac57
420005,0.008333333333333333,0.25,240,True,True,"[247, 13, 254, 18, 16, 164, 222, 11, 4, 211, 231, 226, 100, 191, 163, 202, 117, 155, 109, 244, 124, 151, 80, 0, 249, 47, 79, 165, 78, 35, 6, 110, 159, 73, 143, 107, 157, 69, 86, 17, 229, 65, 72, 160, 41, 176, 253, 162, 128, 245, 189, 255, 83, 173, 50, 67, 54, 197, 29, 251, 180, 77, 208, 142, 230, 122, 5, 203, 250, 152, 137, 228, 44, 121, 223, 3, 185, 167, 106, 42, 15, 215, 187, 99, 178, 76, 154, 10, 49, 61, 239, 198, 31, 119, 32, 148, 105, 33, 87, 62, 135, 98, 96, 97, 158, 82, 90, 22, 88, 60, 9, 2, 26, 240, 224, 123, 161, 129, 23, 112, 52, 37, 147, 36, 127, 141, 108, 246, 81, 27, 179, 46, 194, 93, 243, 145, 232, 175, 177, 30, 139, 114, 170, 53, 91, 20, 101, 138, 113, 204, 225, 14, 45, 104, 233, 192, 115, 209, 68, 8, 146, 102, 34, 48, 140, 38, 241, 220, 196, 1, 181, 248, 144, 111, 237, 235, 74, 216, 51, 125, 218, 195, 134, 75, 174, 120, 136, 92, 210, 24, 206, 12, 59, 130, 40, 242, 150, 217, 85, 169, 201, 219, 221, 212, 190, 25, 55, 131, 156, 183, 149, 64, 182, 205, 28, 66, 63, 227, 89, 133, 168, 236, 7, 213, 43, 186, 199, 84, 21, 171, 19, 39, 118, 207, 132, 193, 172, 94, 71, 200, 234, 188, 95, 116, 252, 184, 57, 126, 153, 166, 103, 238, 70, 214, 56, 58]",c9431a4ccb88c903edbb868ed83273fce77df7512f28610ec4d65717b8494f95,b52a90ba389a1d6d28e2757d7eb73889980139ce7dd4b4106216cf4848d18676,b52a90ba389a1d6d28e2757d7eb73889980139ce7dd4b4106216cf4848d18676
420005,0.008333333333333333,0.5,240,True,True,"[42, 202, 171, 117, 86, 159, 189, 213, 124, 110, 120, 247, 218, 88, 18, 98, 125, 95, 15, 79, 161, 135, 77, 216, 82, 89, 147, 170, 4, 175, 100, 133, 139, 225, 154, 236, 227, 6, 25, 224, 140, 211, 26, 215, 113, 66, 78, 168, 209, 228, 129, 226, 73, 24, 141, 237, 251, 220, 63, 41, 38, 56, 11, 35, 130, 205, 134, 132, 160, 93, 121, 5, 255, 102, 44, 252, 106, 254, 243, 242, 246, 191, 197, 169, 165, 96, 174, 91, 127, 97, 109, 65, 32, 149, 173, 80, 198, 248, 8, 217, 184, 234, 1, 60, 115, 12, 99, 162, 223, 103, 164, 122, 167, 176, 76, 53, 72, 152, 186, 181, 151, 233, 250, 75, 84, 36, 33, 137, 52, 19, 46, 144, 207, 69, 70, 31, 194, 29, 94, 157, 128, 83, 199, 210, 48, 61, 27, 22, 204, 240, 49, 16, 206, 230, 74, 85, 192, 21, 142, 67, 200, 17, 92, 241, 203, 7, 150, 57, 123, 238, 107, 119, 59, 158, 232, 219, 196, 111, 208, 58, 156, 146, 126, 148, 239, 195, 136, 131, 45, 105, 2, 187, 177, 244, 28, 153, 183, 10, 180, 30, 249, 221, 108, 50, 23, 182, 145, 172, 62, 71, 3, 90, 40, 64, 87, 68, 143, 9, 163, 245, 51, 229, 55, 116, 101, 201, 235, 155, 190, 54, 39, 114, 47, 34, 188, 222, 212, 214, 231, 104, 43, 138, 253, 112, 13, 179, 37, 193, 178, 81, 118, 0, 185, 166, 14, 20]",77094448d31dcad36137187947aea01cbc33f1256d338714fc680ef637e7dca4,81d34f80c29737a96bb114dc12f61cd312f10be3a480cd42520c5001ca839ea1,81d34f80c29737a96bb114dc12f61cd312f10be3a480cd42520c5001ca839ea1
420005,0.008333333333333333,0.75,240,True,True,"[111, 162, 181, 24, 202, 4, 115, 94, 33, 95, 47, 185, 229, 168, 85, 232, 188, 140, 112, 252, 166, 178, 20, 124, 108, 237, 126, 249, 253, 173, 43, 106, 55, 233, 139, 254, 98, 218, 14, 207, 133, 246, 76, 204, 81, 82, 214, 28, 46, 18, 29, 61, 194, 132, 235, 110, 80, 183, 250, 147, 117, 101, 49, 155, 148, 211, 169, 119, 44, 104, 208, 93, 152, 151, 213, 170, 67, 239, 195, 13, 68, 51, 240, 59, 23, 203, 114, 127, 187, 125, 165, 224, 113, 77, 97, 88, 38, 70, 86, 63, 57, 143, 227, 177, 92, 60, 243, 200, 245, 146, 247, 138, 206, 144, 65, 71, 160, 41, 25, 228, 105, 130, 191, 217, 99, 83, 221, 120, 145, 21, 116, 107, 30, 91, 34, 45, 15, 156, 64, 10, 238, 199, 16, 50, 9, 40, 205, 196, 201, 58, 158, 129, 215, 11, 153, 75, 220, 102, 184, 0, 89, 56, 248, 157, 236, 84, 79, 182, 78, 73, 100, 12, 150, 141, 31, 62, 7, 17, 6, 244, 69, 128, 122, 231, 219, 66, 222, 192, 180, 190, 121, 142, 27, 36, 172, 174, 136, 179, 234, 5, 109, 161, 96, 163, 198, 255, 2, 72, 103, 171, 154, 241, 226, 54, 1, 32, 90, 212, 3, 48, 209, 123, 216, 210, 19, 135, 8, 186, 225, 242, 193, 118, 223, 176, 74, 197, 134, 230, 164, 42, 159, 251, 167, 149, 87, 53, 175, 35, 189, 22, 37, 131, 26, 52, 137, 39]",24b7b1a420177f7f0fea7f6f302c9995027a23c35e843cb9ecafa8485041f755,f575baa7d2a41831bdcdba5657f2cd50e17663e5469527b4113edd537919eb0d,f575baa7d2a41831bdcdba5657f2cd50e17663e5469527b4113edd537919eb0d
420005,0.025,0.25,240,True,True,"[84, 230, 34, 91, 47, 100, 231, 209, 138, 188, 49, 169, 76, 152, 229, 238, 159, 10, 104, 206, 126, 132, 213, 124, 227, 63, 144, 239, 167, 210, 236, 145, 86, 45, 143, 137, 54, 31, 198, 208, 140, 194, 249, 15, 254, 195, 154, 174, 0, 182, 173, 175, 255, 44, 192, 155, 95, 216, 106, 248, 83, 190, 123, 33, 70, 12, 3, 57, 67, 4, 28, 217, 53, 125, 166, 135, 21, 163, 211, 171, 202, 251, 220, 27, 81, 128, 80, 242, 35, 103, 85, 59, 39, 199, 93, 235, 161, 153, 226, 228, 105, 88, 52, 71, 8, 223, 252, 7, 14, 233, 48, 115, 60, 22, 129, 97, 139, 178, 131, 177, 43, 109, 158, 98, 38, 77, 212, 232, 78, 107, 18, 36, 149, 113, 187, 121, 24, 127, 26, 62, 73, 176, 222, 214, 58, 204, 13, 240, 205, 6, 237, 160, 119, 90, 1, 101, 108, 250, 184, 162, 118, 69, 96, 133, 147, 92, 87, 117, 185, 68, 111, 180, 99, 151, 207, 120, 9, 148, 225, 19, 247, 244, 102, 246, 74, 94, 55, 42, 65, 82, 193, 224, 23, 201, 112, 218, 179, 25, 17, 64, 130, 2, 11, 243, 157, 150, 20, 241, 56, 61, 181, 245, 72, 32, 40, 189, 30, 172, 156, 142, 186, 196, 203, 219, 146, 170, 215, 221, 191, 168, 114, 29, 134, 197, 51, 46, 50, 5, 79, 183, 37, 200, 110, 122, 253, 66, 75, 116, 89, 41, 141, 164, 165, 16, 234, 136]",726e9046d7798afddbe5554aea1e9c1d473a1c2e3ec7f0bce89ded835bc9b2ca,c9c2b651641f9dc34ebfb510b21719320870137e759b1de91f77f99c669dc40f,c9c2b651641f9dc34ebfb510b21719320870137e759b1de91f77f99c669dc40f
420005,0.025,0.5,240,True,True,"[50, 17, 112, 29, 8, 206, 229, 213, 57, 45, 240, 49, 217, 212, 1, 25, 11, 169, 153, 138, 127, 179, 196, 72, 78, 205, 83, 178, 125, 79, 230, 150, 224, 60, 198, 167, 194, 248, 149, 98, 80, 33, 28, 145, 30, 117, 37, 15, 195, 181, 93, 164, 91, 31, 70, 92, 225, 81, 253, 128, 4, 215, 210, 59, 2, 228, 247, 221, 226, 143, 208, 34, 175, 64, 13, 129, 9, 238, 120, 151, 201, 158, 161, 132, 22, 235, 40, 190, 156, 97, 243, 32, 163, 193, 114, 192, 12, 71, 173, 142, 43, 249, 232, 214, 94, 123, 26, 44, 16, 165, 76, 187, 87, 131, 88, 146, 20, 154, 152, 14, 204, 106, 234, 239, 207, 168, 3, 199, 90, 197, 19, 82, 65, 155, 56, 211, 171, 55, 176, 102, 255, 74, 104, 107, 133, 118, 220, 46, 61, 67, 42, 223, 73, 203, 162, 130, 227, 10, 109, 141, 219, 233, 139, 147, 172, 47, 251, 77, 62, 101, 6, 18, 89, 144, 27, 209, 0, 188, 85, 52, 126, 159, 108, 99, 110, 105, 140, 86, 250, 84, 186, 116, 246, 237, 218, 222, 252, 180, 174, 121, 157, 122, 21, 39, 242, 216, 189, 137, 119, 134, 254, 53, 38, 136, 111, 51, 184, 115, 177, 231, 24, 135, 245, 113, 5, 182, 54, 166, 75, 200, 36, 95, 63, 69, 244, 68, 185, 35, 236, 96, 183, 170, 202, 124, 41, 23, 66, 100, 148, 160, 48, 58, 191, 103, 241, 7]",e82604af1622311130c808be05c745b433030ead1c1ac878c0c2f89f63b7900c,efb627bb216747697c62247b16530ec8e621a47d3f5fbef4532d629c11f4314c,efb627bb216747697c62247b16530ec8e621a47d3f5fbef4532d629c11f4314c
420005,0.025,0.75,240,True,True,"[83, 227, 118, 98, 25, 71, 44, 55, 253, 45, 188, 235, 179, 155, 63, 3, 126, 167, 52, 149, 112, 59, 69, 78, 217, 29, 34, 204, 225, 247, 162, 89, 113, 74, 2, 209, 68, 23, 51, 111, 158, 82, 200, 131, 119, 1, 117, 122, 107, 64, 215, 141, 70, 27, 170, 241, 229, 67, 211, 222, 100, 26, 5, 47, 140, 43, 120, 198, 169, 4, 154, 244, 135, 232, 13, 61, 161, 40, 185, 239, 33, 124, 129, 65, 15, 104, 95, 206, 250, 10, 86, 57, 17, 181, 199, 41, 174, 153, 73, 36, 150, 156, 180, 242, 221, 194, 50, 54, 81, 105, 148, 245, 139, 127, 240, 7, 84, 130, 16, 91, 176, 49, 213, 58, 146, 77, 159, 160, 214, 24, 115, 195, 248, 35, 60, 238, 106, 219, 46, 231, 226, 254, 93, 75, 196, 249, 236, 121, 192, 38, 163, 178, 53, 252, 11, 76, 110, 88, 142, 94, 79, 72, 114, 137, 190, 234, 19, 177, 14, 92, 210, 172, 37, 246, 216, 208, 102, 182, 201, 21, 128, 133, 42, 228, 187, 6, 243, 165, 143, 99, 233, 90, 168, 103, 207, 230, 125, 223, 136, 56, 157, 144, 87, 66, 237, 97, 203, 189, 224, 48, 186, 62, 39, 123, 193, 132, 175, 166, 152, 191, 22, 18, 183, 20, 173, 31, 220, 8, 85, 0, 197, 96, 218, 151, 30, 164, 147, 184, 212, 134, 205, 101, 80, 145, 116, 109, 32, 251, 202, 28, 12, 255, 171, 138, 108, 9]",2528b8e37e2ffb538c03c4f368f5ee5a343d8f6447cee506a381136030ab898f,2516270e6579c5fc30e192621524af2c71737f5d1a0a04086115240a790a6346,2516270e6579c5fc30e192621524af2c71737f5d1a0a04086115240a790a6346
420006,0.004166666666666667,0.25,240,True,True,"[251, 145, 126, 139, 174, 9, 14, 108, 32, 140, 8, 84, 66, 18, 239, 207, 216, 92, 77, 90, 12, 185, 107, 67, 33, 81, 40, 189, 252, 123, 53, 182, 158, 17, 82, 78, 96, 119, 148, 162, 121, 219, 172, 203, 180, 72, 93, 220, 25, 245, 199, 75, 147, 255, 169, 218, 215, 206, 59, 28, 204, 209, 104, 98, 94, 188, 146, 238, 57, 37, 227, 247, 61, 168, 34, 113, 191, 26, 83, 241, 155, 2, 69, 114, 128, 120, 54, 135, 74, 166, 224, 132, 165, 88, 85, 197, 73, 164, 142, 214, 105, 153, 244, 221, 250, 60, 100, 243, 4, 45, 21, 161, 222, 5, 157, 202, 195, 205, 240, 47, 99, 159, 187, 103, 63, 176, 173, 183, 149, 30, 19, 38, 217, 223, 249, 230, 70, 116, 127, 42, 125, 133, 226, 64, 89, 79, 86, 233, 6, 109, 76, 71, 35, 154, 44, 46, 181, 23, 95, 151, 15, 13, 16, 178, 111, 3, 163, 211, 253, 102, 10, 177, 20, 193, 118, 254, 237, 31, 0, 170, 27, 91, 156, 150, 229, 138, 124, 29, 51, 112, 80, 130, 248, 175, 43, 68, 144, 167, 62, 97, 192, 213, 198, 246, 210, 39, 110, 87, 22, 160, 152, 201, 141, 24, 137, 48, 143, 106, 52, 235, 129, 7, 131, 136, 232, 1, 234, 231, 236, 196, 194, 41, 122, 101, 117, 225, 171, 49, 242, 36, 56, 208, 11, 186, 55, 58, 212, 190, 184, 228, 50, 179, 115, 134, 65, 200]",9da13fb49cec5cb66ad4446e1349cfdc22b393ec4a08a4b0b5fac68da0dbbd6b,712416a76a17fec57536638f16d9cd1e1dc096b52d7350c70e3872e851e479d6,712416a76a17fec57536638f16d9cd1e1dc096b52d7350c70e3872e851e479d6
420006,0.004166666666666667,0.5,240,True,True,"[123, 203, 72, 129, 111, 205, 121, 196, 76, 219, 66, 67, 254, 130, 88, 241, 243, 101, 154, 183, 65, 128, 69, 87, 49, 54, 58, 147, 213, 159, 227, 230, 212, 86, 80, 172, 220, 135, 206, 84, 184, 156, 68, 216, 92, 235, 249, 165, 11, 110, 182, 81, 140, 248, 4, 200, 149, 79, 78, 218, 215, 186, 1, 115, 89, 179, 204, 8, 148, 48, 193, 118, 198, 113, 90, 143, 19, 252, 44, 2, 231, 155, 61, 207, 107, 244, 41, 124, 16, 103, 178, 138, 221, 192, 102, 162, 175, 94, 133, 40, 10, 233, 234, 108, 176, 6, 170, 164, 43, 53, 177, 62, 82, 46, 85, 22, 15, 137, 237, 13, 18, 197, 226, 32, 100, 21, 99, 173, 73, 26, 77, 38, 242, 119, 166, 209, 239, 181, 199, 34, 158, 251, 187, 144, 189, 190, 169, 139, 180, 171, 163, 208, 42, 151, 28, 70, 168, 109, 23, 161, 83, 64, 157, 95, 211, 106, 33, 98, 185, 105, 136, 75, 120, 131, 127, 132, 194, 47, 240, 201, 150, 191, 160, 57, 142, 25, 17, 104, 174, 51, 91, 60, 63, 228, 141, 236, 39, 195, 188, 217, 117, 146, 31, 210, 222, 37, 74, 59, 224, 14, 202, 134, 223, 255, 71, 29, 30, 245, 112, 152, 247, 36, 167, 225, 232, 125, 55, 96, 5, 50, 116, 126, 3, 238, 122, 114, 153, 9, 246, 250, 0, 93, 7, 27, 253, 229, 97, 24, 35, 56, 12, 52, 45, 20, 214, 145]",6724f51924460a2a8b81a3dc44731c7d61bf4f3b7b2320e6eec2c19f76fdc97d,796332ce5279b6dd8ae51ae084d7072f165a5e967ddcbf1e4847ff12eacc6c27,796332ce5279b6dd8ae51ae084d7072f165a5e967ddcbf1e4847ff12eacc6c27
420006,0.004166666666666667,0.75,240,True,True,"[153, 169, 58, 145, 191, 173, 112, 246, 33, 35, 99, 129, 70, 107, 220, 223, 44, 250, 215, 72, 138, 232, 100, 74, 8, 216, 149, 60, 241, 195, 231, 165, 141, 172, 26, 188, 92, 31, 32, 168, 37, 203, 158, 82, 38, 50, 105, 136, 51, 251, 163, 95, 157, 247, 2, 79, 130, 3, 178, 217, 1, 209, 87, 118, 88, 23, 244, 68, 34, 226, 164, 185, 56, 48, 119, 199, 162, 151, 212, 117, 208, 133, 177, 41, 55, 222, 190, 94, 171, 249, 154, 15, 62, 197, 25, 181, 89, 90, 200, 204, 210, 137, 96, 225, 46, 134, 174, 102, 170, 150, 113, 180, 17, 201, 127, 233, 108, 109, 192, 7, 176, 39, 235, 159, 123, 221, 110, 161, 66, 86, 14, 73, 18, 148, 193, 255, 63, 116, 211, 64, 253, 147, 75, 4, 252, 198, 228, 84, 242, 122, 240, 156, 45, 186, 132, 224, 11, 97, 207, 28, 9, 47, 213, 194, 245, 120, 30, 80, 167, 13, 202, 124, 121, 67, 143, 52, 54, 81, 179, 36, 5, 19, 160, 234, 10, 126, 78, 219, 76, 111, 155, 27, 69, 227, 142, 248, 98, 65, 101, 21, 59, 206, 103, 182, 189, 184, 152, 6, 237, 254, 0, 83, 214, 238, 236, 20, 106, 12, 166, 131, 40, 16, 140, 24, 229, 49, 93, 230, 43, 144, 61, 53, 29, 205, 175, 22, 243, 114, 115, 104, 183, 77, 196, 135, 146, 239, 125, 91, 187, 42, 139, 71, 85, 128, 218, 57]",c6f0aa4a48d08aae22d456d24e1eeb17059ba9db42ee9c89a7aa7e094ffd084e,c387ec716ce57fd23e10e6066de7ffd0bce951a40855904fd2306163898bdbab,c387ec716ce57fd23e10e6066de7ffd0bce951a40855904fd2306163898bdbab
420006,0.008333333333333333,0.25,240,True,True,"[243, 170, 52, 240, 122, 33, 228, 226, 74, 2, 66, 90, 53, 100, 94, 4, 253, 231, 143, 34, 148, 147, 192, 244, 191, 149, 60, 37, 7, 197, 163, 241, 8, 221, 133, 128, 164, 238, 57, 9, 114, 154, 17, 108, 202, 214, 130, 225, 106, 124, 172, 109, 179, 138, 158, 92, 65, 88, 95, 195, 47, 21, 76, 10, 242, 125, 169, 55, 103, 73, 255, 145, 30, 249, 141, 174, 3, 157, 234, 171, 151, 144, 69, 251, 139, 213, 117, 168, 43, 0, 113, 236, 160, 45, 136, 63, 67, 50, 123, 40, 199, 132, 61, 140, 153, 82, 135, 246, 44, 79, 161, 175, 116, 71, 129, 194, 185, 118, 56, 36, 72, 201, 184, 23, 190, 189, 54, 26, 229, 111, 224, 137, 177, 104, 219, 250, 196, 159, 41, 126, 239, 87, 222, 167, 18, 59, 101, 120, 230, 233, 91, 15, 223, 237, 134, 232, 58, 6, 186, 127, 39, 188, 165, 25, 216, 93, 210, 75, 1, 162, 107, 206, 102, 198, 105, 97, 68, 20, 99, 183, 248, 121, 85, 152, 98, 207, 247, 38, 27, 14, 193, 46, 181, 48, 235, 29, 110, 156, 205, 119, 81, 150, 204, 146, 12, 28, 208, 218, 83, 173, 22, 5, 155, 64, 84, 115, 200, 142, 32, 35, 96, 42, 11, 180, 166, 203, 78, 176, 19, 227, 217, 13, 16, 112, 220, 77, 31, 187, 215, 89, 182, 86, 212, 254, 252, 24, 62, 51, 245, 49, 70, 178, 209, 211, 131, 80]",4ee755827236eb14742573b5d93620a26e839cd5c32b3b328aaf2f4d843309c3,837efbcd2951062743802f77ffc35a7ce8799db834d31a0c9a188c79c81abb11,837efbcd2951062743802f77ffc35a7ce8799db834d31a0c9a188c79c81abb11
420006,0.008333333333333333,0.5,240,True,True,"[66, 134, 9, 239, 178, 112, 245, 26, 190, 56, 198, 96, 129, 179, 214, 10, 242, 150, 79, 12, 223, 40, 201, 137, 252, 123, 181, 208, 108, 35, 209, 231, 128, 169, 216, 171, 202, 243, 187, 94, 53, 95, 180, 104, 185, 215, 36, 51, 212, 176, 132, 29, 58, 117, 42, 57, 115, 191, 127, 14, 139, 13, 124, 177, 82, 37, 207, 48, 151, 31, 86, 206, 68, 32, 152, 109, 78, 157, 183, 72, 84, 163, 250, 97, 16, 170, 105, 175, 92, 234, 50, 230, 34, 45, 228, 189, 149, 64, 254, 224, 165, 173, 103, 39, 18, 130, 159, 156, 141, 62, 158, 27, 126, 107, 235, 168, 47, 74, 33, 148, 122, 251, 54, 244, 46, 19, 147, 145, 71, 106, 87, 76, 144, 142, 146, 8, 182, 164, 118, 43, 232, 30, 91, 61, 73, 162, 197, 133, 240, 174, 20, 113, 199, 17, 227, 75, 55, 161, 238, 192, 60, 2, 111, 155, 220, 121, 6, 1, 229, 77, 226, 153, 160, 204, 90, 222, 38, 110, 81, 83, 194, 65, 166, 233, 119, 188, 143, 63, 217, 237, 88, 225, 196, 219, 203, 205, 236, 186, 4, 114, 213, 193, 99, 100, 218, 23, 98, 15, 21, 3, 140, 7, 221, 41, 5, 67, 0, 138, 70, 69, 255, 200, 253, 11, 101, 210, 49, 116, 52, 247, 241, 246, 44, 248, 136, 85, 211, 89, 59, 154, 135, 125, 167, 249, 22, 172, 93, 102, 25, 120, 131, 24, 184, 28, 195, 80]",e4cee3ea60a7a73fdee5857527ce292dc69b5bdf1f2c67970b48534c6d1e0792,2a9c98af75351e6855b58bf1a0cecbc27313b490abe35be97b28bb6dcf7fc511,2a9c98af75351e6855b58bf1a0cecbc27313b490abe35be97b28bb6dcf7fc511
420006,0.008333333333333333,0.75,240,True,True,"[146, 78, 49, 99, 181, 50, 251, 63, 231, 205, 218, 217, 200, 176, 80, 216, 112, 51, 0, 124, 238, 105, 79, 138, 152, 165, 60, 129, 27, 247, 22, 222, 18, 163, 199, 219, 174, 213, 3, 11, 166, 207, 136, 245, 162, 64, 203, 107, 9, 149, 30, 91, 24, 170, 41, 1, 82, 71, 47, 169, 229, 224, 40, 52, 223, 68, 178, 141, 240, 14, 209, 189, 134, 246, 252, 241, 156, 119, 4, 106, 182, 111, 77, 103, 210, 254, 153, 196, 198, 109, 76, 228, 23, 187, 123, 230, 227, 29, 144, 131, 206, 7, 32, 186, 202, 212, 221, 56, 145, 195, 86, 2, 72, 10, 232, 151, 54, 118, 5, 147, 250, 15, 194, 193, 65, 97, 239, 234, 142, 208, 21, 37, 113, 92, 173, 125, 233, 190, 66, 95, 59, 211, 12, 171, 28, 85, 253, 214, 108, 100, 67, 25, 84, 45, 179, 13, 88, 17, 42, 19, 192, 188, 114, 185, 75, 236, 133, 36, 235, 46, 16, 226, 83, 102, 110, 43, 93, 87, 220, 34, 104, 140, 237, 158, 204, 175, 61, 249, 167, 139, 98, 38, 33, 197, 8, 58, 243, 130, 168, 248, 242, 157, 31, 117, 172, 81, 62, 154, 70, 161, 148, 164, 143, 90, 183, 20, 159, 132, 126, 53, 184, 57, 255, 215, 26, 150, 69, 39, 128, 191, 120, 116, 180, 137, 101, 115, 135, 121, 160, 48, 177, 94, 89, 55, 74, 225, 6, 122, 127, 201, 96, 155, 44, 244, 35, 73]",98f0cdda384f8d7729aaa3360655a8dba5099db2d6377c1e881dbaf3b0cdf070,599f23d0bedc77064abf11ea17342feb4d0a777881af126ded323b70f49d0691,599f23d0bedc77064abf11ea17342feb4d0a777881af126ded323b70f49d0691
420006,0.025,0.25,240,True,True,"[221, 127, 27, 220, 179, 88, 201, 224, 196, 130, 20, 65, 173, 214, 16, 131, 41, 45, 8, 80, 7, 197, 13, 239, 115, 50, 228, 5, 185, 144, 134, 71, 163, 230, 207, 132, 223, 234, 118, 15, 216, 72, 195, 22, 121, 237, 126, 225, 84, 206, 203, 58, 168, 82, 114, 157, 174, 1, 156, 155, 192, 161, 31, 128, 211, 59, 37, 3, 240, 19, 86, 12, 159, 143, 69, 33, 226, 250, 236, 67, 147, 52, 97, 81, 113, 145, 95, 219, 150, 18, 116, 64, 194, 60, 182, 32, 160, 46, 202, 102, 243, 109, 44, 148, 96, 170, 175, 25, 232, 2, 167, 17, 23, 77, 101, 181, 199, 152, 119, 218, 92, 35, 222, 110, 66, 24, 100, 99, 233, 213, 124, 241, 187, 122, 63, 229, 164, 49, 166, 169, 245, 112, 129, 151, 74, 154, 208, 43, 79, 30, 83, 36, 108, 61, 247, 177, 133, 98, 176, 188, 87, 191, 193, 14, 246, 68, 149, 205, 235, 184, 248, 210, 21, 0, 153, 39, 76, 242, 70, 9, 93, 178, 11, 51, 180, 56, 137, 91, 135, 106, 204, 139, 158, 55, 254, 4, 120, 142, 85, 138, 117, 105, 57, 253, 171, 212, 38, 186, 10, 172, 252, 209, 140, 89, 255, 231, 189, 42, 136, 29, 249, 54, 75, 90, 94, 183, 73, 123, 141, 53, 34, 111, 40, 200, 107, 198, 6, 227, 215, 165, 48, 103, 244, 78, 162, 104, 217, 251, 28, 47, 190, 146, 62, 26, 238, 125]",b11fc680e86dee32fec24f9fb2f9c10665f8e70be8868dc258b6a8898e336ef8,5a429407425e8da0cc4befca4c27c25986a71bbe6d82030bc75d23401ee2266f,5a429407425e8da0cc4befca4c27c25986a71bbe6d82030bc75d23401ee2266f
420006,0.025,0.5,240,True,True,"[28, 71, 179, 17, 105, 101, 238, 134, 167, 145, 65, 96, 242, 146, 227, 211, 97, 236, 57, 191, 144, 8, 136, 11, 133, 141, 51, 36, 210, 109, 58, 249, 99, 106, 94, 161, 39, 13, 93, 221, 54, 1, 124, 209, 45, 83, 98, 213, 190, 67, 232, 207, 199, 121, 139, 226, 81, 69, 53, 171, 23, 50, 119, 102, 216, 214, 198, 219, 47, 165, 187, 231, 31, 22, 183, 78, 42, 193, 104, 15, 21, 100, 163, 224, 208, 247, 255, 40, 72, 77, 178, 177, 10, 203, 18, 61, 174, 173, 113, 239, 206, 103, 148, 80, 186, 168, 180, 233, 220, 9, 223, 175, 151, 44, 84, 116, 230, 92, 181, 182, 170, 56, 68, 95, 24, 63, 222, 62, 237, 60, 33, 14, 35, 153, 59, 246, 34, 74, 128, 132, 30, 107, 225, 176, 234, 125, 26, 131, 218, 184, 169, 49, 244, 32, 197, 75, 76, 89, 159, 205, 82, 41, 195, 138, 43, 70, 135, 4, 16, 140, 254, 37, 118, 55, 7, 73, 201, 235, 194, 86, 108, 111, 110, 251, 129, 149, 85, 27, 150, 0, 245, 252, 123, 122, 2, 217, 126, 66, 155, 130, 185, 142, 29, 152, 25, 196, 38, 46, 189, 157, 88, 90, 5, 156, 112, 160, 248, 120, 147, 127, 154, 117, 64, 240, 12, 114, 115, 6, 200, 228, 241, 164, 212, 87, 243, 158, 162, 250, 215, 91, 52, 253, 19, 188, 166, 172, 204, 192, 48, 202, 79, 143, 20, 3, 137, 229]",c8659f6e036abf5206892c192d0420c29a73003bc52b919270789d5021ff19c4,86d2cd83cc261c6d5ad4e77afbb9067afd06af4c5cf1791a629a2f9b4b10e59f,86d2cd83cc261c6d5ad4e77afbb9067afd06af4c5cf1791a629a2f9b4b10e59f
420006,0.025,0.75,240,True,True,"[207, 38, 14, 235, 52, 110, 209, 63, 187, 158, 78, 135, 123, 214, 69, 68, 11, 254, 244, 113, 108, 22, 26, 153, 250, 217, 124, 106, 79, 183, 80, 175, 28, 147, 154, 226, 125, 223, 118, 18, 121, 152, 60, 95, 98, 97, 198, 120, 231, 93, 83, 85, 157, 200, 249, 20, 102, 192, 156, 81, 242, 1, 155, 142, 245, 193, 75, 234, 225, 133, 73, 36, 53, 220, 56, 82, 114, 218, 221, 74, 31, 122, 141, 54, 139, 138, 55, 252, 15, 44, 33, 17, 126, 130, 42, 236, 144, 104, 58, 134, 167, 47, 199, 253, 16, 8, 77, 48, 70, 43, 161, 243, 49, 180, 50, 190, 94, 182, 212, 86, 37, 239, 149, 233, 40, 99, 117, 251, 172, 23, 107, 146, 62, 206, 66, 188, 39, 163, 89, 204, 41, 34, 150, 29, 232, 185, 84, 166, 64, 9, 61, 224, 246, 205, 247, 32, 35, 179, 100, 151, 211, 241, 13, 215, 213, 168, 169, 170, 127, 202, 222, 2, 65, 227, 92, 191, 196, 186, 45, 96, 24, 210, 176, 197, 137, 72, 3, 177, 71, 148, 27, 174, 46, 208, 248, 178, 171, 6, 159, 112, 67, 219, 195, 119, 173, 162, 111, 76, 21, 30, 143, 4, 10, 109, 5, 91, 7, 128, 165, 101, 25, 237, 90, 240, 229, 103, 116, 184, 201, 59, 181, 140, 194, 115, 88, 132, 230, 203, 129, 255, 57, 164, 216, 12, 145, 19, 136, 131, 0, 87, 228, 189, 105, 238, 51, 160]",b7444ef22e631a3546e458b7c95fa398eb0b6c7d4414d3ecb4e09ff565aa1fd1,00e91647184e295d4abc3206bff40600a72016918e94e223ae69ce009a2765ff,00e91647184e295d4abc3206bff40600a72016918e94e223ae69ce009a2765ff
420007,0.004166666666666667,0.25,240,True,True,"[131, 253, 214, 213, 69, 204, 193, 20, 61, 78, 173, 242, 139, 189, 227, 29, 51, 118, 62, 240, 203, 187, 219, 13, 194, 135, 166, 18, 221, 48, 246, 174, 98, 140, 58, 191, 35, 177, 179, 161, 105, 77, 241, 234, 154, 150, 247, 92, 244, 86, 160, 186, 133, 102, 1, 167, 190, 82, 16, 178, 149, 218, 120, 7, 168, 216, 47, 192, 84, 225, 232, 90, 94, 42, 141, 66, 164, 171, 32, 198, 199, 116, 106, 132, 87, 15, 142, 183, 89, 188, 101, 158, 222, 28, 55, 57, 180, 65, 211, 50, 170, 129, 196, 31, 70, 115, 126, 197, 104, 252, 200, 110, 19, 95, 39, 26, 210, 201, 136, 27, 59, 5, 49, 30, 73, 21, 25, 195, 36, 235, 117, 231, 93, 123, 99, 230, 9, 67, 54, 80, 72, 41, 233, 144, 138, 46, 157, 215, 24, 100, 108, 209, 238, 163, 130, 37, 33, 255, 68, 237, 220, 12, 250, 229, 11, 243, 74, 83, 153, 137, 226, 147, 4, 182, 114, 128, 156, 224, 228, 64, 71, 34, 207, 134, 162, 208, 217, 111, 103, 53, 119, 245, 43, 17, 249, 239, 165, 45, 22, 121, 109, 10, 52, 6, 107, 0, 8, 96, 97, 14, 146, 175, 76, 172, 63, 112, 3, 124, 176, 91, 205, 169, 122, 60, 2, 206, 236, 56, 159, 151, 79, 81, 254, 152, 127, 248, 212, 85, 202, 38, 23, 88, 44, 155, 145, 143, 251, 148, 181, 75, 113, 40, 184, 125, 185, 223]",022d507743cabf89c3d346e9df0b6f073238cdcef01b09f4a2857903ce4f0bd3,42a8e00a33674a966dc0e508d3de296331a6955b9023e11d340af126cd98dcfe,42a8e00a33674a966dc0e508d3de296331a6955b9023e11d340af126cd98dcfe
420007,0.004166666666666667,0.5,240,True,True,"[134, 151, 133, 101, 243, 72, 41, 77, 60, 239, 255, 89, 171, 242, 213, 25, 11, 164, 236, 13, 197, 205, 190, 127, 81, 140, 128, 91, 113, 24, 143, 8, 196, 114, 179, 129, 55, 61, 74, 7, 202, 254, 65, 207, 90, 48, 119, 108, 229, 82, 67, 235, 165, 100, 47, 123, 184, 118, 92, 252, 220, 249, 76, 204, 177, 187, 173, 57, 38, 185, 37, 53, 50, 23, 147, 226, 87, 3, 150, 245, 193, 161, 233, 149, 156, 250, 124, 56, 33, 248, 107, 206, 106, 45, 219, 120, 105, 32, 194, 170, 163, 69, 86, 175, 238, 216, 222, 80, 102, 168, 131, 46, 27, 192, 141, 210, 217, 51, 26, 174, 112, 63, 83, 159, 230, 142, 178, 227, 189, 75, 29, 221, 70, 212, 234, 64, 158, 209, 232, 109, 148, 198, 200, 103, 98, 215, 225, 6, 223, 73, 62, 68, 237, 115, 126, 49, 132, 42, 96, 22, 139, 182, 183, 247, 144, 30, 152, 201, 138, 154, 31, 146, 97, 99, 130, 35, 160, 145, 20, 1, 228, 78, 176, 44, 203, 218, 167, 52, 10, 224, 241, 208, 34, 12, 111, 94, 17, 211, 166, 116, 104, 188, 18, 19, 180, 137, 157, 181, 231, 136, 79, 153, 169, 4, 21, 117, 246, 58, 85, 9, 93, 43, 2, 16, 0, 54, 110, 251, 244, 125, 172, 199, 186, 95, 162, 84, 240, 39, 36, 66, 5, 155, 122, 88, 214, 135, 191, 253, 40, 28, 71, 14, 121, 59, 15, 195]",5f29d48706d94f74c67a25ad1993e0c4460df98574cdee8ad62c5b60cce2d957,910f7910c13bafc16dc80bb2feb5381ff46fb8b4da154bceb303e43425c094ec,910f7910c13bafc16dc80bb2feb5381ff46fb8b4da154bceb303e43425c094ec
420007,0.004166666666666667,0.75,240,True,True,"[90, 134, 80, 215, 129, 49, 73, 183, 22, 213, 28, 30, 240, 225, 171, 55, 61, 177, 113, 39, 85, 151, 150, 91, 181, 222, 148, 46, 237, 185, 160, 96, 98, 194, 184, 67, 158, 45, 95, 53, 58, 124, 165, 200, 48, 221, 216, 121, 14, 197, 199, 88, 190, 20, 43, 130, 193, 132, 149, 191, 146, 3, 111, 251, 47, 157, 209, 11, 125, 182, 24, 229, 107, 135, 244, 127, 108, 122, 116, 50, 169, 128, 207, 70, 142, 52, 161, 115, 243, 105, 246, 164, 76, 238, 178, 253, 99, 201, 33, 40, 202, 77, 196, 26, 23, 16, 219, 65, 78, 34, 139, 133, 54, 42, 218, 119, 21, 143, 173, 19, 220, 250, 214, 82, 123, 242, 75, 163, 195, 17, 236, 68, 29, 60, 118, 103, 62, 186, 66, 104, 9, 234, 64, 27, 86, 232, 71, 112, 162, 101, 92, 136, 32, 231, 167, 255, 36, 110, 114, 145, 212, 175, 233, 2, 138, 100, 81, 147, 227, 166, 153, 13, 69, 10, 159, 141, 131, 74, 140, 15, 188, 63, 56, 31, 205, 217, 168, 79, 176, 210, 211, 228, 144, 117, 203, 180, 223, 120, 224, 208, 25, 254, 84, 51, 93, 252, 97, 37, 241, 6, 18, 83, 179, 172, 106, 35, 230, 239, 94, 156, 1, 206, 235, 245, 59, 72, 87, 192, 154, 12, 41, 152, 89, 174, 44, 8, 170, 4, 126, 5, 137, 198, 249, 57, 247, 226, 38, 189, 102, 187, 248, 0, 7, 109, 155, 204]",3d898e5efff0997d8455b163008a785ae4eb9cab95861c9a8566bed2062545c6,15fa85ec1f1b108791d9bf4969262e587e326143d02ddf55dd3e62a2d045a9aa,15fa85ec1f1b108791d9bf4969262e587e326143d02ddf55dd3e62a2d045a9aa
420007,0.008333333333333333,0.25,240,True,True,"[236, 185, 250, 48, 189, 157, 170, 87, 238, 255, 223, 43, 52, 90, 47, 25, 162, 120, 206, 156, 29, 40, 149, 18, 22, 85, 113, 89, 207, 144, 44, 112, 138, 194, 175, 63, 151, 239, 252, 186, 109, 55, 108, 140, 193, 163, 72, 216, 59, 212, 142, 233, 244, 234, 159, 46, 91, 28, 153, 248, 82, 41, 83, 141, 79, 38, 23, 69, 78, 77, 17, 213, 177, 64, 11, 27, 199, 190, 35, 127, 251, 124, 107, 100, 99, 168, 254, 106, 26, 116, 102, 62, 15, 103, 146, 181, 150, 81, 136, 21, 92, 135, 10, 39, 139, 209, 225, 49, 158, 197, 133, 196, 114, 105, 167, 208, 36, 7, 231, 241, 132, 14, 202, 229, 192, 60, 34, 237, 97, 117, 19, 50, 232, 179, 145, 75, 51, 240, 123, 246, 143, 166, 42, 203, 118, 37, 222, 154, 180, 187, 228, 93, 161, 9, 115, 66, 56, 176, 224, 122, 80, 131, 130, 218, 230, 242, 61, 128, 71, 165, 86, 227, 235, 195, 204, 76, 172, 211, 221, 164, 121, 84, 243, 67, 5, 94, 53, 147, 160, 54, 253, 0, 183, 249, 226, 134, 217, 88, 125, 137, 152, 96, 33, 169, 31, 30, 173, 184, 32, 201, 178, 104, 70, 182, 2, 174, 111, 74, 191, 20, 1, 129, 247, 24, 68, 148, 214, 101, 65, 155, 245, 220, 57, 205, 126, 58, 8, 110, 95, 45, 200, 198, 4, 119, 6, 3, 210, 171, 13, 73, 98, 16, 188, 12, 219, 215]",db14ab94cdfe905f19aff49a4184cccd1bc2de290d920fea42672e0b41c0f66e,7a6095da7107c38cdd27d57ec3b3bfeed969cf414393bcdf6bbd48603bbb6791,7a6095da7107c38cdd27d57ec3b3bfeed969cf414393bcdf6bbd48603bbb6791
420007,0.008333333333333333,0.5,240,True,True,"[174, 10, 80, 46, 171, 125, 216, 249, 25, 30, 94, 60, 39, 211, 181, 146, 124, 193, 163, 101, 41, 231, 209, 129, 239, 15, 135, 62, 155, 40, 11, 13, 85, 226, 169, 177, 31, 28, 250, 229, 161, 33, 160, 68, 12, 201, 220, 166, 153, 200, 207, 237, 89, 86, 48, 236, 188, 225, 42, 58, 79, 6, 180, 126, 234, 245, 116, 205, 27, 252, 114, 73, 102, 76, 17, 131, 172, 81, 7, 26, 38, 65, 204, 253, 141, 23, 248, 21, 111, 149, 235, 189, 100, 232, 191, 208, 113, 140, 37, 54, 142, 96, 222, 8, 212, 175, 22, 162, 195, 9, 224, 103, 63, 53, 137, 122, 88, 230, 139, 35, 66, 59, 45, 105, 64, 2, 187, 93, 92, 254, 112, 192, 3, 16, 117, 78, 167, 179, 69, 119, 168, 55, 194, 173, 244, 61, 145, 170, 178, 228, 70, 247, 110, 97, 47, 164, 108, 197, 130, 84, 217, 221, 20, 87, 14, 120, 227, 57, 50, 74, 158, 95, 202, 138, 44, 91, 134, 154, 185, 51, 29, 136, 121, 127, 182, 43, 206, 215, 159, 184, 243, 210, 198, 152, 157, 106, 98, 132, 107, 4, 82, 156, 176, 104, 148, 52, 34, 203, 223, 24, 109, 251, 240, 5, 144, 75, 36, 151, 123, 218, 56, 199, 213, 118, 233, 72, 214, 238, 150, 133, 19, 186, 71, 241, 219, 0, 196, 115, 242, 1, 147, 183, 255, 143, 18, 99, 32, 77, 67, 49, 90, 190, 246, 128, 83, 165]",8558624488be0f2eeaf3bfcd00ce5dd6248ba6bd653529f922ebe7de62d37596,4d7d0910acfd1878b97fe3d700fc0c6f710b7712ba497d289a5d58cad878685d,4d7d0910acfd1878b97fe3d700fc0c6f710b7712ba497d289a5d58cad878685d
420007,0.008333333333333333,0.75,240,True,True,"[208, 140, 76, 184, 159, 193, 72, 181, 149, 23, 85, 201, 153, 238, 22, 160, 59, 245, 83, 58, 39, 200, 99, 209, 255, 27, 37, 183, 18, 163, 73, 145, 50, 15, 228, 252, 146, 74, 239, 5, 79, 222, 46, 21, 139, 11, 202, 176, 138, 40, 60, 30, 114, 89, 24, 94, 173, 164, 55, 3, 98, 182, 66, 56, 105, 179, 129, 33, 230, 167, 197, 81, 151, 13, 187, 20, 196, 215, 147, 177, 26, 123, 109, 91, 75, 198, 63, 49, 211, 204, 9, 188, 8, 236, 235, 64, 246, 77, 233, 126, 205, 190, 62, 4, 136, 61, 249, 243, 217, 240, 168, 234, 174, 31, 45, 43, 35, 51, 142, 14, 100, 232, 165, 86, 203, 111, 241, 106, 212, 93, 34, 135, 107, 120, 116, 207, 97, 231, 67, 68, 133, 175, 41, 53, 189, 54, 172, 127, 131, 148, 12, 224, 154, 70, 191, 25, 17, 103, 10, 219, 32, 38, 134, 250, 195, 6, 218, 117, 180, 29, 161, 119, 28, 157, 253, 169, 171, 90, 130, 101, 244, 156, 113, 251, 206, 186, 80, 104, 47, 36, 71, 141, 84, 137, 92, 248, 57, 88, 78, 48, 214, 112, 227, 166, 95, 220, 69, 96, 150, 254, 52, 152, 115, 199, 170, 122, 143, 144, 65, 158, 210, 118, 162, 237, 102, 128, 132, 87, 82, 223, 125, 124, 178, 221, 19, 155, 247, 1, 194, 229, 110, 121, 44, 216, 7, 226, 192, 42, 225, 0, 108, 16, 185, 242, 2, 213]",5b1aecc20a6ad7613cc9cd5bf78216e98a6e96946086bd584492d9294dae171e,e8b5084dd9e7957cbd2954c902e40aec19ffcc97a59e0267b4cf9dc711b1efd3,e8b5084dd9e7957cbd2954c902e40aec19ffcc97a59e0267b4cf9dc711b1efd3
420007,0.025,0.25,240,True,True,"[215, 15, 240, 128, 180, 148, 179, 210, 183, 117, 65, 36, 174, 211, 203, 23, 133, 58, 119, 168, 249, 146, 150, 109, 103, 67, 69, 161, 157, 68, 78, 4, 129, 127, 139, 97, 241, 173, 30, 184, 26, 73, 88, 192, 54, 111, 178, 44, 124, 214, 213, 149, 121, 160, 37, 145, 10, 18, 108, 34, 80, 230, 166, 72, 155, 235, 212, 35, 225, 63, 218, 77, 93, 252, 232, 237, 234, 216, 42, 33, 24, 27, 223, 209, 170, 169, 205, 147, 187, 113, 151, 141, 219, 96, 165, 115, 114, 175, 236, 118, 138, 76, 122, 132, 99, 221, 182, 228, 39, 207, 49, 197, 171, 222, 130, 51, 238, 112, 60, 8, 1, 98, 32, 159, 226, 59, 6, 20, 70, 79, 87, 220, 134, 227, 164, 177, 90, 246, 195, 13, 189, 2, 153, 217, 206, 208, 74, 229, 41, 116, 120, 248, 156, 163, 239, 19, 50, 104, 185, 110, 71, 190, 31, 53, 25, 255, 86, 199, 194, 137, 43, 152, 201, 83, 38, 224, 233, 21, 231, 95, 106, 100, 251, 102, 45, 140, 85, 82, 181, 193, 47, 14, 22, 244, 176, 84, 94, 200, 89, 56, 29, 55, 143, 162, 126, 191, 0, 75, 243, 9, 62, 5, 242, 123, 11, 81, 46, 40, 7, 198, 105, 16, 64, 57, 172, 3, 204, 107, 135, 158, 202, 125, 142, 66, 91, 12, 254, 245, 28, 48, 136, 253, 101, 52, 131, 196, 61, 167, 144, 92, 188, 154, 17, 250, 247, 186]",e407e7891a2132ff18fa50452cce79ae87bb0dab7675a95664d82754213e67c0,10d94780e3c246d5e9d63bbf664bcad58fb26993eeabc7142f4aaf8942231e12,10d94780e3c246d5e9d63bbf664bcad58fb26993eeabc7142f4aaf8942231e12
420007,0.025,0.5,240,True,True,"[49, 35, 203, 102, 228, 173, 131, 207, 91, 11, 233, 33, 169, 61, 215, 5, 66, 110, 125, 158, 40, 84, 197, 148, 175, 98, 196, 85, 1, 218, 78, 111, 241, 47, 222, 243, 248, 8, 83, 86, 184, 190, 160, 96, 249, 178, 126, 234, 45, 217, 101, 93, 50, 244, 109, 247, 32, 123, 69, 254, 163, 255, 149, 246, 90, 164, 152, 18, 202, 186, 60, 225, 42, 122, 201, 29, 24, 62, 143, 36, 95, 76, 161, 216, 2, 77, 13, 27, 6, 183, 121, 151, 127, 251, 37, 205, 82, 53, 112, 227, 114, 167, 194, 174, 179, 94, 48, 146, 210, 28, 73, 229, 139, 224, 116, 132, 187, 38, 64, 166, 129, 154, 220, 43, 176, 63, 250, 23, 79, 155, 171, 130, 119, 44, 170, 21, 15, 14, 135, 92, 239, 253, 30, 54, 153, 208, 133, 191, 17, 206, 226, 51, 10, 22, 212, 103, 31, 230, 195, 55, 240, 56, 41, 214, 199, 128, 113, 221, 156, 245, 26, 142, 138, 193, 252, 89, 204, 147, 140, 189, 80, 88, 180, 67, 97, 9, 25, 16, 74, 105, 117, 237, 68, 211, 107, 185, 75, 46, 172, 162, 231, 12, 7, 145, 115, 213, 181, 238, 182, 100, 159, 59, 165, 71, 157, 20, 232, 136, 19, 198, 34, 177, 141, 0, 150, 65, 219, 108, 223, 137, 242, 209, 57, 39, 188, 200, 87, 72, 3, 120, 104, 81, 4, 99, 236, 168, 134, 70, 144, 106, 192, 58, 124, 118, 235, 52]",39e8282157045961fd4ea359d5c9bb346071f452c30b97d9c9ba0654baf77905,f09222a77246f4516f90a153913f5e4d98364bf932d58d46e69c3f938b23598a,f09222a77246f4516f90a153913f5e4d98364bf932d58d46e69c3f938b23598a
420007,0.025,0.75,240,True,True,"[246, 168, 242, 21, 6, 30, 48, 124, 102, 223, 39, 90, 4, 110, 13, 67, 14, 19, 198, 122, 103, 84, 170, 134, 87, 38, 239, 143, 101, 197, 218, 250, 146, 227, 177, 15, 203, 78, 173, 12, 61, 149, 194, 123, 127, 150, 32, 115, 196, 220, 142, 83, 18, 165, 211, 237, 180, 252, 31, 133, 28, 188, 187, 72, 86, 106, 185, 183, 8, 186, 247, 111, 36, 52, 88, 104, 210, 23, 42, 138, 63, 7, 160, 94, 60, 125, 65, 222, 51, 11, 163, 244, 93, 50, 57, 43, 205, 107, 44, 204, 73, 119, 231, 16, 216, 35, 126, 190, 167, 22, 112, 113, 79, 100, 3, 175, 184, 215, 145, 182, 249, 254, 9, 47, 62, 253, 221, 219, 27, 29, 0, 224, 37, 214, 225, 92, 98, 129, 116, 130, 68, 70, 54, 120, 82, 81, 69, 255, 166, 172, 139, 174, 121, 228, 26, 189, 105, 5, 212, 59, 226, 193, 161, 209, 178, 46, 96, 229, 232, 200, 171, 99, 131, 191, 179, 89, 17, 201, 169, 240, 164, 199, 109, 213, 151, 2, 1, 75, 192, 95, 108, 33, 97, 159, 91, 140, 236, 235, 74, 206, 58, 238, 155, 45, 144, 158, 152, 71, 66, 40, 117, 49, 85, 135, 76, 132, 41, 157, 56, 243, 55, 230, 118, 162, 176, 154, 202, 248, 217, 53, 147, 64, 77, 128, 153, 10, 136, 20, 156, 207, 181, 141, 25, 114, 251, 34, 148, 24, 233, 80, 137, 208, 245, 195, 241, 234]",144dd76aecd232864d0adf860ff2745414c53a2ab2f856c7d7518543b5c14e76,28fac6cb1882a71673baa78bde3086e8041a747541eddf13b9985c490224b03b,28fac6cb1882a71673baa78bde3086e8041a747541eddf13b9985c490224b03b
420008,0.004166666666666667,0.25,240,True,True,"[19, 43, 126, 61, 100, 85, 254, 143, 94, 202, 150, 188, 169, 9, 155, 219, 157, 54, 182, 236, 248, 124, 7, 91, 82, 52, 64, 24, 144, 26, 96, 225, 129, 241, 217, 56, 133, 115, 105, 74, 109, 21, 183, 191, 249, 194, 132, 67, 196, 204, 222, 245, 72, 95, 140, 201, 22, 63, 220, 35, 14, 211, 168, 224, 106, 122, 83, 120, 32, 146, 162, 15, 226, 160, 46, 123, 101, 167, 38, 10, 29, 190, 170, 98, 145, 197, 175, 92, 232, 68, 243, 71, 158, 18, 99, 5, 28, 135, 49, 79, 238, 237, 185, 119, 65, 13, 27, 199, 136, 235, 50, 118, 110, 130, 70, 250, 253, 228, 221, 147, 215, 142, 78, 0, 229, 173, 153, 242, 180, 93, 255, 251, 141, 87, 1, 181, 102, 234, 3, 97, 137, 12, 48, 205, 138, 189, 80, 159, 73, 59, 179, 214, 51, 216, 69, 171, 117, 209, 39, 218, 230, 128, 176, 198, 113, 195, 107, 47, 172, 177, 86, 45, 31, 227, 62, 187, 231, 41, 239, 186, 2, 148, 203, 121, 4, 103, 151, 34, 88, 174, 75, 208, 57, 184, 125, 213, 149, 111, 154, 206, 11, 156, 127, 161, 23, 246, 193, 33, 108, 152, 84, 53, 210, 76, 42, 164, 134, 40, 16, 178, 6, 58, 116, 165, 81, 166, 252, 114, 112, 20, 25, 247, 139, 223, 44, 36, 60, 66, 131, 200, 37, 240, 163, 207, 233, 212, 55, 30, 90, 244, 8, 192, 77, 89, 17, 104]",15085506910e92e9a9c088d053658d9ce13208667925af1aa43cb6d375151bf2,af34faaa4822fc5e8908186a2852b8acaf55476876d82478d60c5eafbdde7fa6,af34faaa4822fc5e8908186a2852b8acaf55476876d82478d60c5eafbdde7fa6
420008,0.004166666666666667,0.5,240,True,True,"[71, 117, 253, 185, 149, 255, 251, 235, 57, 154, 112, 220, 233, 224, 166, 43, 75, 141, 40, 188, 37, 90, 189, 197, 241, 30, 64, 148, 1, 212, 84, 219, 53, 24, 171, 173, 201, 102, 104, 165, 133, 5, 151, 41, 181, 231, 11, 73, 44, 72, 115, 191, 51, 59, 182, 146, 32, 246, 254, 78, 174, 229, 168, 114, 18, 119, 45, 98, 77, 3, 203, 56, 152, 106, 31, 134, 145, 163, 39, 221, 143, 198, 190, 17, 27, 29, 129, 245, 225, 223, 91, 46, 200, 180, 156, 74, 130, 101, 58, 248, 87, 140, 243, 192, 93, 34, 227, 155, 13, 60, 7, 70, 158, 20, 175, 207, 8, 22, 55, 14, 218, 228, 124, 4, 108, 88, 205, 206, 23, 160, 28, 116, 157, 62, 136, 164, 33, 196, 79, 138, 111, 144, 94, 244, 86, 247, 161, 69, 242, 252, 48, 250, 170, 123, 52, 95, 26, 177, 21, 15, 209, 213, 82, 240, 110, 67, 236, 178, 226, 85, 249, 83, 103, 214, 159, 187, 210, 92, 142, 61, 193, 6, 63, 194, 135, 107, 35, 126, 76, 167, 122, 65, 162, 50, 68, 169, 66, 54, 132, 239, 25, 81, 49, 113, 147, 19, 105, 176, 211, 237, 118, 172, 80, 216, 97, 204, 121, 179, 10, 99, 16, 96, 232, 234, 9, 222, 127, 131, 47, 36, 195, 0, 238, 199, 139, 125, 12, 217, 137, 89, 186, 109, 120, 100, 38, 153, 2, 208, 202, 230, 215, 183, 42, 184, 128, 150]",05c98e72c94c614fd2f24a09a774c80f1841249a7829da1db58ac00ba2d9f188,152dcff611e9c5f2cf3a1c7428f6f46fa8cdff0356d8f7a2166a7cff2356a616,152dcff611e9c5f2cf3a1c7428f6f46fa8cdff0356d8f7a2166a7cff2356a616
420008,0.004166666666666667,0.75,240,True,True,"[192, 214, 131, 80, 88, 53, 25, 242, 134, 198, 109, 55, 140, 147, 11, 200, 248, 43, 194, 205, 186, 22, 234, 117, 94, 235, 173, 166, 58, 49, 168, 19, 27, 179, 209, 93, 231, 159, 60, 97, 157, 15, 197, 161, 129, 3, 184, 193, 219, 52, 7, 29, 130, 133, 222, 0, 104, 103, 250, 175, 138, 155, 211, 152, 245, 114, 145, 249, 76, 81, 96, 199, 73, 255, 113, 238, 247, 218, 241, 237, 2, 61, 174, 144, 167, 215, 48, 195, 9, 189, 243, 172, 46, 230, 119, 111, 120, 149, 24, 229, 106, 72, 227, 17, 160, 158, 146, 141, 95, 246, 164, 132, 240, 54, 45, 18, 86, 50, 82, 154, 208, 203, 99, 116, 59, 142, 233, 112, 153, 66, 108, 169, 14, 162, 202, 62, 56, 123, 213, 74, 85, 254, 21, 23, 5, 78, 32, 221, 37, 124, 163, 92, 171, 57, 1, 107, 190, 31, 206, 33, 87, 38, 244, 121, 136, 226, 75, 143, 64, 127, 39, 217, 126, 101, 228, 148, 42, 165, 13, 239, 4, 10, 252, 181, 20, 223, 207, 177, 16, 65, 125, 36, 79, 90, 110, 180, 71, 216, 118, 67, 236, 40, 210, 196, 83, 105, 224, 220, 201, 63, 253, 51, 68, 35, 187, 28, 150, 188, 122, 8, 77, 182, 100, 156, 91, 12, 26, 44, 34, 84, 115, 251, 135, 225, 6, 70, 89, 128, 212, 183, 178, 185, 232, 204, 69, 102, 30, 137, 41, 170, 139, 98, 191, 151, 176, 47]",67bac3dec7bba42905cbb0d3ade2507d809bb51381ea90fb7ab18a5ca3fb4a7f,fe57f02d1ef4f50e5915b3f37b634ce63aa90d9455c886e69b2ab09eadf64eff,fe57f02d1ef4f50e5915b3f37b634ce63aa90d9455c886e69b2ab09eadf64eff
420008,0.008333333333333333,0.25,240,True,True,"[89, 168, 98, 253, 134, 144, 221, 86, 122, 224, 28, 246, 176, 10, 210, 190, 76, 5, 59, 247, 191, 103, 85, 135, 4, 181, 83, 0, 14, 193, 93, 209, 202, 170, 164, 1, 142, 232, 58, 162, 235, 25, 26, 80, 125, 183, 192, 167, 185, 8, 184, 158, 90, 72, 43, 194, 133, 243, 140, 240, 204, 109, 67, 2, 114, 15, 213, 160, 152, 120, 234, 198, 96, 169, 136, 87, 30, 54, 119, 151, 196, 241, 123, 208, 149, 216, 215, 12, 3, 249, 155, 130, 179, 99, 189, 75, 227, 11, 55, 242, 7, 74, 22, 68, 165, 180, 178, 245, 70, 163, 161, 159, 172, 100, 46, 60, 62, 44, 23, 153, 203, 36, 146, 116, 94, 6, 77, 248, 56, 105, 138, 50, 95, 150, 173, 212, 132, 166, 205, 156, 71, 61, 32, 24, 236, 73, 39, 251, 121, 37, 250, 21, 106, 229, 40, 108, 254, 214, 53, 13, 88, 187, 112, 81, 147, 78, 82, 239, 197, 154, 20, 42, 195, 237, 126, 145, 64, 131, 206, 177, 27, 182, 17, 222, 47, 217, 218, 127, 118, 9, 45, 29, 228, 244, 124, 19, 35, 219, 18, 226, 157, 51, 117, 65, 223, 48, 230, 110, 225, 231, 69, 174, 238, 199, 255, 148, 79, 34, 97, 38, 63, 207, 49, 233, 92, 66, 104, 128, 41, 107, 141, 84, 137, 113, 33, 129, 91, 52, 16, 101, 57, 186, 111, 143, 102, 139, 115, 171, 188, 252, 175, 211, 31, 220, 200, 201]",fd13ac7ac73449439437a6d088f53090d5317e7ab328ff04099d3c6d6ede2139,3fbec4c74c2bcb82af6f72e5d58c1953af695969e985933868b4ce0fa8506f5b,3fbec4c74c2bcb82af6f72e5d58c1953af695969e985933868b4ce0fa8506f5b
420008,0.008333333333333333,0.5,240,True,True,"[227, 237, 50, 121, 147, 234, 248, 219, 6, 103, 5, 174, 111, 65, 246, 31, 77, 247, 114, 37, 53, 254, 84, 48, 79, 99, 162, 109, 161, 240, 170, 197, 22, 42, 100, 182, 87, 250, 207, 62, 214, 96, 150, 203, 196, 142, 212, 124, 172, 202, 220, 186, 180, 176, 206, 134, 69, 193, 243, 97, 35, 160, 106, 81, 16, 89, 225, 66, 151, 88, 40, 165, 231, 238, 20, 194, 94, 199, 90, 192, 55, 125, 136, 21, 175, 91, 28, 82, 80, 49, 13, 251, 19, 249, 95, 235, 46, 228, 67, 205, 71, 25, 229, 76, 156, 119, 7, 138, 155, 208, 86, 140, 178, 44, 4, 157, 11, 163, 217, 213, 30, 158, 143, 29, 104, 168, 152, 52, 171, 166, 236, 190, 209, 112, 24, 187, 110, 15, 137, 123, 27, 36, 179, 127, 43, 98, 130, 39, 26, 133, 108, 154, 204, 0, 18, 153, 185, 223, 146, 184, 226, 145, 245, 181, 241, 3, 253, 83, 135, 107, 115, 183, 56, 64, 120, 1, 188, 159, 85, 242, 8, 252, 117, 131, 70, 78, 126, 58, 101, 17, 132, 74, 148, 239, 210, 191, 54, 233, 232, 189, 73, 224, 139, 201, 14, 116, 75, 63, 105, 45, 102, 221, 33, 144, 211, 141, 32, 222, 173, 215, 59, 244, 218, 57, 167, 72, 12, 198, 122, 128, 113, 118, 38, 34, 200, 68, 216, 164, 169, 129, 23, 51, 93, 10, 230, 92, 2, 47, 60, 255, 41, 177, 195, 61, 149, 9]",b355c93557765d1038f52693d06f114877a74d284cef07301be63235a40b353a,42df4ccead73af5f89aa77fc363f45d99fd7a4920e5cd6b9db90666c0eafac9d,42df4ccead73af5f89aa77fc363f45d99fd7a4920e5cd6b9db90666c0eafac9d
420008,0.008333333333333333,0.75,240,True,True,"[201, 105, 54, 213, 2, 90, 164, 35, 71, 172, 108, 243, 236, 174, 247, 76, 180, 60, 82, 199, 49, 112, 85, 7, 205, 178, 102, 253, 3, 22, 118, 13, 107, 32, 208, 44, 122, 238, 140, 159, 103, 250, 129, 46, 235, 209, 19, 120, 144, 61, 221, 142, 114, 149, 99, 53, 28, 179, 39, 136, 181, 141, 255, 25, 0, 186, 211, 9, 224, 38, 94, 252, 27, 6, 55, 92, 226, 51, 104, 91, 12, 106, 83, 93, 206, 125, 202, 79, 195, 70, 133, 80, 96, 192, 191, 41, 156, 193, 143, 78, 37, 239, 216, 166, 68, 56, 115, 113, 31, 81, 232, 210, 40, 50, 220, 249, 242, 33, 124, 95, 214, 229, 241, 52, 223, 187, 145, 139, 190, 158, 67, 98, 4, 169, 219, 217, 62, 1, 203, 30, 130, 173, 84, 137, 65, 196, 131, 189, 165, 116, 42, 8, 204, 127, 66, 89, 151, 123, 177, 244, 168, 26, 88, 147, 200, 117, 15, 198, 188, 43, 57, 215, 128, 231, 87, 212, 14, 36, 230, 135, 23, 222, 170, 248, 182, 184, 121, 163, 176, 154, 73, 194, 86, 20, 100, 5, 97, 246, 161, 48, 167, 110, 171, 240, 160, 228, 251, 227, 63, 148, 234, 155, 64, 175, 233, 45, 11, 218, 162, 74, 132, 58, 207, 34, 254, 59, 150, 16, 134, 21, 24, 138, 29, 75, 197, 126, 47, 245, 10, 72, 119, 225, 152, 153, 77, 146, 157, 185, 69, 111, 183, 109, 17, 18, 237, 101]",72cfdade752d61dd8d967ef7c555f524797dd4fa7d12f4f72992eb0acdd8fd2e,df22233a55ae3c5734a6e35c57db86969b47ab226487b90b554ed8e1219b9b9c,df22233a55ae3c5734a6e35c57db86969b47ab226487b90b554ed8e1219b9b9c
420008,0.025,0.25,240,True,True,"[236, 102, 122, 12, 16, 95, 98, 63, 163, 5, 100, 211, 177, 198, 3, 13, 239, 26, 101, 82, 60, 87, 105, 126, 215, 83, 223, 227, 29, 131, 138, 234, 73, 97, 243, 89, 244, 164, 118, 36, 57, 0, 21, 66, 85, 193, 237, 56, 107, 155, 169, 148, 17, 99, 22, 195, 139, 11, 75, 41, 249, 45, 112, 204, 203, 233, 157, 94, 225, 136, 222, 33, 220, 178, 240, 37, 143, 91, 199, 55, 151, 123, 14, 219, 49, 231, 201, 176, 146, 8, 159, 110, 69, 53, 147, 197, 46, 250, 200, 179, 191, 81, 119, 247, 86, 108, 154, 23, 18, 182, 71, 64, 39, 238, 153, 241, 6, 156, 51, 61, 2, 80, 133, 77, 84, 104, 189, 160, 67, 171, 92, 59, 62, 174, 10, 253, 28, 255, 230, 242, 187, 254, 44, 150, 109, 128, 251, 19, 214, 114, 149, 140, 132, 252, 208, 1, 183, 25, 161, 35, 116, 72, 228, 54, 192, 74, 245, 32, 58, 224, 78, 213, 235, 9, 181, 106, 15, 4, 190, 212, 185, 246, 121, 196, 162, 141, 248, 129, 120, 167, 210, 76, 52, 207, 24, 27, 34, 180, 206, 50, 221, 70, 226, 48, 127, 137, 209, 88, 38, 194, 135, 184, 115, 188, 124, 117, 47, 232, 166, 175, 152, 145, 217, 202, 90, 144, 31, 205, 111, 173, 186, 42, 165, 130, 93, 30, 96, 142, 168, 40, 170, 229, 65, 68, 20, 113, 7, 43, 79, 125, 103, 134, 216, 172, 158, 218]",bbc3c6a8168286014faf1bc142d5bada29381728f425381b33e9845a81f140ad,fec945bd4e42bbffaf76a8ff056de278a93537661689e90d2bfbe57020907a67,fec945bd4e42bbffaf76a8ff056de278a93537661689e90d2bfbe57020907a67
420008,0.025,0.5,240,True,True,"[77, 134, 115, 168, 10, 222, 126, 110, 33, 18, 75, 101, 38, 109, 145, 147, 204, 1, 179, 196, 4, 133, 105, 112, 37, 86, 108, 151, 32, 65, 54, 58, 185, 17, 7, 188, 47, 169, 67, 249, 141, 97, 106, 113, 253, 3, 225, 95, 216, 13, 160, 27, 146, 170, 45, 46, 119, 80, 136, 244, 143, 51, 234, 218, 152, 208, 197, 210, 131, 89, 203, 16, 15, 174, 26, 189, 31, 193, 6, 164, 50, 158, 92, 91, 215, 138, 247, 29, 28, 153, 121, 39, 150, 20, 195, 127, 254, 166, 129, 84, 19, 242, 60, 224, 226, 76, 98, 30, 8, 207, 230, 73, 61, 211, 245, 167, 163, 248, 87, 117, 44, 190, 162, 120, 5, 192, 35, 220, 227, 9, 202, 93, 176, 156, 42, 66, 199, 21, 223, 124, 148, 165, 240, 0, 182, 11, 62, 74, 200, 229, 122, 250, 107, 130, 53, 175, 233, 237, 88, 22, 155, 116, 69, 205, 201, 103, 246, 79, 159, 90, 135, 198, 78, 252, 48, 72, 40, 140, 82, 171, 12, 219, 206, 149, 85, 178, 123, 34, 157, 111, 132, 128, 68, 43, 161, 209, 71, 172, 24, 2, 56, 104, 181, 125, 194, 59, 232, 137, 239, 180, 213, 99, 96, 251, 100, 25, 57, 139, 81, 144, 55, 41, 64, 255, 118, 186, 241, 23, 49, 83, 102, 94, 52, 177, 14, 184, 183, 36, 142, 63, 191, 187, 236, 221, 212, 243, 235, 214, 217, 173, 114, 228, 231, 70, 238, 154]",150a49ca4e70caf236a5a75c32762f02961e06dbbd90532cdec066b0bed5e758,c06fcfc43536dba1acc1f5c3a16fd1c98ffe260a3d103c7cf4afe231caa3d8a5,c06fcfc43536dba1acc1f5c3a16fd1c98ffe260a3d103c7cf4afe231caa3d8a5
420008,0.025,0.75,240,True,True,"[55, 16, 157, 194, 67, 92, 35, 50, 205, 71, 68, 173, 142, 26, 229, 120, 18, 138, 89, 62, 191, 106, 3, 243, 171, 45, 244, 133, 130, 139, 36, 186, 82, 184, 113, 40, 240, 235, 227, 48, 79, 131, 108, 110, 132, 111, 145, 43, 162, 208, 225, 174, 59, 177, 195, 61, 17, 118, 168, 32, 151, 104, 216, 107, 222, 206, 146, 109, 220, 169, 97, 180, 58, 135, 137, 49, 226, 21, 129, 242, 128, 230, 155, 22, 63, 80, 11, 30, 212, 2, 76, 125, 239, 83, 90, 85, 159, 217, 136, 96, 156, 150, 95, 198, 189, 200, 121, 47, 86, 178, 251, 57, 149, 20, 29, 70, 187, 5, 103, 140, 253, 13, 27, 31, 202, 144, 232, 246, 247, 46, 34, 203, 115, 148, 102, 117, 15, 209, 4, 170, 9, 24, 119, 41, 154, 175, 91, 116, 158, 210, 164, 250, 234, 237, 163, 37, 8, 183, 42, 78, 25, 74, 238, 64, 255, 0, 197, 1, 51, 228, 6, 223, 167, 193, 160, 94, 105, 207, 190, 127, 152, 252, 14, 44, 254, 54, 172, 98, 213, 19, 124, 153, 218, 81, 73, 179, 53, 84, 7, 166, 123, 181, 60, 101, 165, 23, 12, 147, 126, 211, 88, 196, 214, 75, 188, 219, 122, 231, 161, 39, 185, 143, 112, 100, 141, 99, 66, 201, 245, 114, 93, 28, 33, 72, 77, 204, 38, 236, 248, 56, 249, 199, 52, 69, 87, 215, 192, 182, 134, 221, 233, 224, 10, 241, 65, 176]",5b893cf76df410f9b1875bba6b5a9da2042bbd2e1f26d263087d5da708db8efa,64d2529189965ff094c6093f634a59b165049edadd17e3ad9be90a43761eb8aa,64d2529189965ff094c6093f634a59b165049edadd17e3ad9be90a43761eb8aa
420009,0.004166666666666667,0.25,240,True,True,"[241, 37, 100, 185, 181, 223, 46, 165, 245, 200, 48, 71, 4, 118, 112, 143, 161, 95, 243, 39, 156, 254, 109, 226, 206, 152, 139, 113, 164, 134, 173, 111, 22, 110, 212, 158, 72, 79, 80, 87, 247, 160, 219, 78, 69, 9, 176, 178, 248, 89, 116, 171, 51, 21, 193, 67, 77, 140, 199, 168, 47, 198, 88, 126, 246, 183, 90, 23, 147, 85, 202, 28, 43, 60, 52, 18, 13, 163, 217, 231, 186, 38, 130, 234, 230, 216, 192, 76, 252, 167, 172, 15, 42, 145, 17, 3, 26, 240, 93, 81, 108, 250, 184, 58, 131, 208, 82, 14, 103, 141, 205, 16, 203, 204, 211, 40, 74, 33, 155, 92, 99, 102, 188, 101, 94, 174, 196, 107, 84, 55, 12, 63, 229, 117, 187, 123, 224, 220, 153, 34, 106, 166, 59, 96, 98, 1, 83, 144, 218, 24, 49, 105, 228, 41, 162, 179, 114, 119, 6, 64, 221, 189, 11, 207, 190, 148, 36, 35, 227, 225, 127, 215, 122, 182, 222, 238, 62, 197, 133, 214, 115, 210, 253, 255, 32, 97, 5, 53, 121, 50, 70, 175, 66, 124, 120, 86, 128, 138, 232, 65, 150, 29, 236, 44, 57, 129, 191, 233, 30, 239, 75, 27, 177, 237, 73, 132, 25, 151, 54, 251, 8, 194, 142, 56, 213, 31, 104, 2, 159, 157, 149, 45, 169, 10, 137, 180, 135, 244, 170, 201, 19, 209, 136, 249, 20, 68, 146, 61, 154, 0, 125, 7, 91, 242, 235, 195]",1b2d3df3f333fd5ca5200fabebced34234dd2888f1b01d3399baa96fbd560602,5f6439e9c91661d15102290b60da2ed7a0459f85a99c7da870fe557e5447b7cb,5f6439e9c91661d15102290b60da2ed7a0459f85a99c7da870fe557e5447b7cb
420009,0.004166666666666667,0.5,240,True,True,"[81, 171, 180, 83, 187, 236, 13, 155, 142, 49, 246, 149, 63, 26, 23, 38, 57, 89, 17, 85, 174, 156, 97, 182, 125, 212, 221, 95, 19, 200, 220, 170, 48, 224, 188, 136, 82, 218, 127, 86, 249, 209, 54, 205, 53, 198, 129, 10, 233, 55, 199, 15, 124, 50, 167, 126, 132, 36, 12, 121, 51, 73, 98, 159, 250, 185, 135, 228, 100, 35, 137, 96, 214, 103, 130, 34, 244, 253, 241, 133, 40, 147, 148, 237, 45, 76, 31, 169, 139, 152, 192, 56, 70, 160, 240, 58, 145, 143, 52, 206, 106, 88, 216, 29, 203, 21, 62, 3, 42, 255, 138, 242, 245, 6, 193, 219, 140, 195, 115, 168, 75, 226, 2, 215, 90, 74, 150, 131, 191, 105, 227, 4, 113, 117, 238, 112, 164, 107, 144, 122, 186, 60, 123, 1, 67, 157, 72, 120, 158, 211, 189, 24, 217, 66, 207, 114, 201, 99, 94, 177, 254, 78, 119, 229, 247, 61, 28, 87, 68, 39, 146, 239, 0, 46, 161, 153, 102, 43, 151, 5, 235, 30, 210, 178, 32, 118, 166, 65, 225, 173, 59, 11, 128, 41, 27, 104, 7, 179, 230, 165, 77, 101, 80, 20, 33, 183, 222, 91, 196, 194, 71, 243, 22, 47, 109, 208, 231, 172, 162, 213, 16, 232, 84, 234, 197, 37, 69, 110, 204, 154, 79, 8, 14, 181, 251, 141, 9, 93, 223, 44, 111, 108, 134, 25, 184, 248, 18, 175, 163, 92, 202, 252, 190, 116, 176, 64]",d60382bedecd4103008515e3435225992a4f0a4ad41a7e23dab89f9e44b953ee,a78e84723a6c12d2a062310f4b0ac7d1ca030ff895709c26a6593178e04cd38e,a78e84723a6c12d2a062310f4b0ac7d1ca030ff895709c26a6593178e04cd38e
420009,0.004166666666666667,0.75,240,True,True,"[205, 113, 212, 34, 25, 180, 30, 150, 125, 132, 219, 43, 57, 106, 117, 81, 129, 243, 167, 38, 69, 186, 160, 179, 203, 213, 32, 87, 246, 161, 103, 192, 56, 199, 36, 135, 122, 214, 105, 168, 230, 74, 47, 83, 59, 24, 143, 185, 221, 55, 118, 4, 42, 142, 250, 66, 196, 251, 207, 254, 119, 227, 248, 152, 17, 76, 226, 33, 134, 239, 245, 231, 131, 166, 108, 224, 127, 6, 200, 95, 123, 193, 7, 60, 31, 225, 91, 35, 198, 136, 45, 124, 220, 144, 92, 54, 208, 121, 249, 93, 116, 229, 247, 252, 99, 21, 94, 64, 29, 51, 90, 164, 233, 77, 206, 146, 197, 163, 2, 0, 97, 46, 184, 58, 23, 244, 16, 156, 50, 71, 216, 175, 22, 109, 89, 3, 138, 88, 178, 165, 235, 188, 202, 65, 8, 137, 80, 1, 20, 210, 52, 133, 107, 234, 174, 140, 228, 170, 190, 40, 79, 72, 181, 176, 177, 158, 101, 204, 130, 237, 96, 18, 70, 39, 157, 171, 255, 19, 53, 154, 232, 191, 49, 67, 153, 211, 82, 41, 104, 159, 182, 84, 148, 189, 128, 242, 12, 238, 201, 15, 86, 111, 120, 100, 68, 162, 236, 48, 209, 102, 183, 147, 78, 75, 241, 62, 44, 145, 114, 112, 141, 217, 218, 85, 27, 172, 240, 223, 73, 5, 37, 26, 13, 63, 195, 187, 11, 215, 194, 155, 126, 253, 98, 28, 10, 139, 173, 9, 14, 222, 169, 115, 151, 61, 110, 149]",f478d5bef298ff4b400195863793fea5f8c59d08f021f0d2e6d5bc26786d2e00,b5b0dadf6ef51819f2d5593061889d98dae8f8adaf7948bb4218b48764e4ec03,b5b0dadf6ef51819f2d5593061889d98dae8f8adaf7948bb4218b48764e4ec03
420009,0.008333333333333333,0.25,240,True,True,"[234, 199, 223, 157, 252, 16, 186, 107, 102, 59, 207, 162, 224, 138, 155, 75, 125, 65, 204, 130, 38, 29, 184, 104, 238, 1, 20, 61, 74, 156, 54, 192, 128, 235, 41, 229, 8, 116, 47, 171, 117, 33, 169, 240, 197, 68, 90, 66, 226, 206, 247, 123, 113, 154, 129, 133, 254, 232, 193, 237, 21, 92, 174, 132, 10, 185, 0, 37, 60, 255, 163, 189, 105, 172, 106, 194, 233, 139, 48, 203, 222, 195, 198, 245, 3, 183, 173, 153, 148, 96, 79, 141, 180, 85, 119, 213, 72, 253, 36, 168, 152, 181, 187, 12, 88, 40, 53, 135, 228, 28, 78, 91, 46, 44, 30, 122, 57, 216, 134, 69, 56, 100, 127, 241, 248, 137, 160, 23, 93, 136, 27, 196, 58, 6, 25, 175, 70, 26, 112, 221, 121, 19, 170, 95, 87, 164, 109, 177, 120, 159, 230, 201, 31, 62, 51, 39, 246, 225, 178, 49, 215, 144, 191, 242, 7, 24, 114, 11, 101, 210, 146, 236, 18, 64, 220, 77, 151, 35, 73, 118, 4, 22, 81, 202, 42, 167, 83, 182, 166, 250, 99, 143, 212, 158, 2, 227, 14, 219, 43, 165, 239, 76, 63, 200, 176, 32, 209, 80, 251, 188, 150, 97, 89, 98, 211, 243, 214, 147, 9, 208, 126, 149, 17, 140, 218, 249, 34, 142, 5, 55, 217, 52, 244, 86, 179, 115, 110, 15, 13, 161, 111, 124, 131, 67, 50, 231, 82, 71, 190, 45, 145, 84, 94, 108, 205, 103]",f3a37ef1062e788255b0bfe3752e4b0e45ea0bea933754a71a0ce9088f8ab240,66398446446847152e87f950da65bc805515fe3177184f6f4bc7e5fa929bfa3c,66398446446847152e87f950da65bc805515fe3177184f6f4bc7e5fa929bfa3c
420009,0.008333333333333333,0.5,240,True,True,"[159, 252, 43, 146, 8, 52, 223, 213, 25, 230, 20, 44, 50, 202, 57, 239, 100, 254, 27, 46, 219, 232, 134, 229, 1, 104, 61, 125, 164, 73, 99, 251, 152, 147, 28, 132, 150, 84, 60, 19, 17, 68, 18, 225, 170, 199, 142, 247, 71, 128, 243, 182, 113, 123, 86, 41, 0, 173, 212, 34, 93, 59, 160, 249, 54, 198, 221, 184, 109, 226, 253, 210, 149, 13, 14, 145, 194, 108, 203, 5, 79, 105, 66, 176, 22, 81, 209, 40, 196, 231, 240, 32, 167, 174, 137, 83, 238, 78, 10, 165, 211, 130, 171, 51, 187, 205, 30, 102, 129, 82, 166, 177, 122, 172, 119, 118, 178, 98, 37, 241, 153, 12, 138, 94, 158, 186, 140, 180, 35, 89, 114, 111, 242, 250, 55, 23, 161, 74, 228, 151, 4, 144, 56, 110, 215, 7, 189, 207, 197, 227, 91, 26, 101, 222, 200, 67, 220, 169, 206, 63, 39, 49, 88, 2, 255, 188, 136, 70, 183, 214, 48, 3, 92, 97, 244, 117, 24, 235, 245, 246, 38, 120, 80, 116, 185, 195, 85, 133, 236, 201, 168, 77, 112, 208, 141, 53, 224, 47, 135, 193, 36, 181, 126, 65, 87, 90, 148, 139, 218, 234, 191, 127, 216, 9, 64, 248, 69, 115, 96, 190, 233, 107, 156, 163, 154, 31, 42, 106, 95, 121, 62, 155, 217, 131, 6, 103, 11, 33, 58, 175, 143, 21, 124, 15, 45, 192, 29, 162, 237, 72, 75, 204, 157, 179, 76, 16]",2067e56aa96cfe65450030470ae2760380471589db4e5859986ac89aefe6802b,35eab26d00ec7ec123e96cfbd802fd129de771f650d91bfe9aa7ed7730c839cf,35eab26d00ec7ec123e96cfbd802fd129de771f650d91bfe9aa7ed7730c839cf
420009,0.008333333333333333,0.75,240,True,True,"[160, 232, 41, 130, 201, 58, 37, 234, 40, 162, 182, 82, 195, 85, 15, 13, 104, 241, 192, 188, 51, 244, 216, 115, 219, 224, 80, 73, 152, 53, 110, 144, 87, 240, 24, 223, 251, 36, 109, 249, 149, 255, 32, 209, 247, 83, 122, 18, 167, 239, 242, 68, 105, 106, 165, 194, 148, 65, 129, 113, 117, 57, 178, 171, 166, 230, 217, 100, 61, 172, 119, 7, 12, 174, 70, 210, 228, 39, 108, 246, 181, 48, 187, 253, 227, 186, 90, 0, 91, 22, 94, 202, 156, 103, 2, 173, 54, 25, 81, 30, 75, 97, 17, 157, 180, 235, 33, 96, 142, 1, 26, 207, 59, 121, 35, 145, 47, 69, 95, 14, 34, 52, 131, 44, 63, 196, 168, 170, 211, 27, 43, 136, 237, 45, 179, 46, 221, 212, 163, 10, 137, 116, 184, 101, 164, 107, 198, 252, 140, 132, 127, 133, 88, 147, 102, 3, 214, 206, 21, 19, 204, 176, 254, 124, 199, 229, 55, 78, 213, 112, 245, 197, 6, 16, 185, 86, 4, 72, 231, 169, 158, 243, 128, 38, 233, 238, 205, 222, 98, 76, 150, 248, 135, 159, 151, 31, 143, 79, 56, 118, 226, 189, 84, 250, 193, 154, 5, 71, 120, 28, 23, 66, 8, 183, 93, 111, 161, 99, 114, 67, 9, 200, 153, 203, 177, 125, 208, 218, 146, 49, 155, 190, 77, 60, 64, 20, 126, 74, 139, 42, 62, 138, 92, 175, 29, 236, 50, 225, 123, 11, 141, 220, 134, 191, 89, 215]",87e6dbc3aec0377d3446a424f5c66fbafa503af9332405af0ea83d02afa157f3,db3cafbd9073140afe92b0b876388ae8a42cd7bf0fcc71c5e1fe689c39117f24,db3cafbd9073140afe92b0b876388ae8a42cd7bf0fcc71c5e1fe689c39117f24
420009,0.025,0.25,240,True,True,"[237, 166, 94, 0, 13, 16, 142, 149, 235, 143, 157, 121, 248, 245, 118, 186, 162, 34, 3, 158, 144, 188, 107, 8, 63, 75, 167, 104, 58, 148, 69, 37, 65, 252, 61, 139, 30, 87, 84, 53, 200, 116, 171, 62, 77, 71, 147, 103, 197, 233, 20, 109, 119, 225, 93, 114, 57, 80, 192, 255, 130, 27, 195, 7, 135, 226, 15, 204, 85, 122, 189, 101, 216, 211, 201, 10, 82, 6, 123, 83, 180, 241, 168, 152, 4, 205, 165, 42, 194, 203, 185, 113, 173, 191, 220, 64, 146, 86, 176, 172, 236, 208, 60, 22, 163, 55, 131, 212, 178, 25, 181, 177, 47, 105, 92, 36, 96, 99, 238, 239, 207, 45, 50, 243, 14, 202, 230, 98, 76, 91, 133, 136, 244, 51, 102, 39, 219, 79, 124, 49, 40, 153, 214, 250, 199, 190, 218, 67, 224, 145, 196, 125, 129, 120, 164, 35, 78, 2, 232, 38, 169, 217, 32, 170, 249, 246, 184, 132, 26, 1, 234, 126, 215, 19, 128, 56, 18, 117, 253, 254, 89, 48, 150, 247, 21, 43, 108, 174, 155, 31, 88, 28, 242, 29, 17, 110, 59, 44, 140, 222, 33, 231, 240, 12, 97, 111, 81, 72, 9, 66, 198, 161, 210, 138, 179, 156, 73, 159, 160, 68, 228, 52, 151, 183, 137, 193, 11, 112, 54, 213, 90, 221, 46, 223, 187, 154, 227, 182, 251, 134, 100, 24, 175, 41, 70, 74, 209, 5, 115, 229, 141, 106, 127, 206, 23, 95]",fcfa69357914d6d9aa681b22fcb9009dfddf2ad8e78ad0c35fcfc86a044fb686,a62263b089cf0b0bfe0004d5404ceae6b97ab98afb2e3a0cef60bd87de84fb17,a62263b089cf0b0bfe0004d5404ceae6b97ab98afb2e3a0cef60bd87de84fb17
420009,0.025,0.5,240,True,True,"[18, 25, 165, 187, 100, 63, 220, 163, 17, 194, 251, 167, 209, 210, 172, 71, 208, 109, 115, 60, 122, 219, 162, 3, 14, 186, 214, 67, 217, 153, 199, 102, 142, 81, 65, 227, 170, 113, 10, 252, 201, 29, 231, 164, 48, 26, 130, 236, 101, 226, 191, 83, 224, 245, 103, 28, 35, 49, 143, 89, 188, 74, 54, 16, 2, 22, 50, 144, 225, 211, 111, 86, 59, 180, 51, 193, 198, 24, 126, 23, 133, 151, 80, 106, 171, 250, 150, 20, 7, 216, 129, 58, 174, 178, 234, 229, 112, 139, 140, 5, 12, 56, 92, 53, 213, 134, 255, 253, 232, 203, 117, 110, 37, 36, 148, 241, 33, 77, 105, 94, 136, 47, 119, 42, 8, 93, 43, 91, 72, 15, 221, 146, 55, 197, 104, 158, 19, 127, 99, 156, 46, 39, 179, 69, 62, 177, 121, 248, 215, 84, 124, 175, 57, 155, 13, 228, 223, 116, 249, 204, 145, 202, 166, 237, 97, 78, 40, 141, 218, 157, 161, 38, 82, 206, 181, 76, 138, 189, 132, 184, 254, 45, 235, 190, 73, 173, 118, 90, 176, 149, 160, 125, 4, 1, 41, 205, 137, 88, 240, 108, 123, 98, 195, 159, 238, 44, 244, 192, 168, 70, 52, 85, 200, 247, 182, 107, 9, 212, 128, 27, 11, 68, 183, 233, 230, 61, 66, 243, 169, 96, 30, 95, 152, 114, 34, 246, 120, 239, 131, 185, 75, 196, 147, 32, 79, 154, 242, 21, 135, 222, 64, 207, 87, 31, 6, 0]",6113d2b88237336ca81ab3bcd9a1f00a72673dd83c020e881d63202892701ec8,99bcc262aaf710f9991e2f6f00d570436b1ff50256b811d38d2c38ec1d136718,99bcc262aaf710f9991e2f6f00d570436b1ff50256b811d38d2c38ec1d136718
420009,0.025,0.75,240,True,True,"[201, 83, 180, 208, 24, 65, 3, 135, 151, 228, 158, 111, 66, 220, 214, 207, 79, 251, 142, 145, 78, 202, 227, 130, 136, 197, 161, 61, 88, 156, 218, 153, 179, 152, 154, 126, 67, 245, 123, 82, 0, 196, 253, 96, 146, 8, 52, 149, 42, 235, 86, 58, 173, 31, 232, 25, 238, 127, 91, 254, 64, 43, 178, 121, 93, 21, 54, 44, 141, 1, 11, 177, 209, 71, 171, 200, 246, 47, 163, 33, 241, 198, 89, 221, 77, 119, 80, 22, 102, 143, 4, 39, 148, 116, 110, 237, 38, 56, 60, 48, 206, 215, 45, 109, 105, 244, 13, 243, 74, 211, 117, 50, 242, 53, 115, 49, 175, 188, 114, 159, 252, 170, 217, 147, 6, 132, 59, 14, 155, 35, 73, 108, 230, 225, 249, 162, 124, 75, 229, 94, 9, 19, 29, 174, 222, 101, 57, 184, 210, 224, 189, 172, 169, 30, 98, 92, 166, 186, 15, 81, 187, 191, 90, 144, 7, 195, 129, 223, 134, 233, 106, 203, 36, 138, 176, 160, 219, 231, 118, 18, 41, 99, 240, 250, 12, 182, 16, 133, 120, 199, 37, 2, 193, 183, 104, 168, 139, 85, 34, 248, 190, 140, 167, 51, 165, 236, 27, 164, 226, 150, 69, 26, 46, 204, 212, 28, 10, 97, 239, 103, 23, 20, 84, 125, 205, 247, 70, 192, 76, 87, 113, 234, 137, 63, 55, 255, 185, 40, 32, 107, 62, 95, 122, 112, 68, 5, 128, 17, 213, 157, 72, 100, 194, 131, 216, 181]",3930f698e7028716abd97d4e42d4cefb28a869f7ef18c2f2a9938ceafe2aa7b0,2f9e3b0e05c975e6d12a030ef3c81208bda96ce77603984d25bdd0d3ca096f87,2f9e3b0e05c975e6d12a030ef3c81208bda96ce77603984d25bdd0d3ca096f87
420010,0.004166666666666667,0.25,240,True,True,"[136, 143, 159, 18, 202, 141, 153, 163, 112, 128, 28, 43, 145, 41, 182, 231, 2, 232, 26, 88, 174, 160, 127, 197, 133, 68, 183, 31, 40, 121, 90, 193, 99, 135, 50, 32, 12, 38, 245, 157, 61, 126, 8, 75, 100, 4, 106, 1, 42, 156, 225, 239, 194, 101, 150, 214, 49, 58, 238, 247, 118, 57, 64, 23, 233, 186, 241, 54, 236, 212, 16, 207, 7, 11, 96, 108, 104, 223, 105, 179, 14, 20, 227, 124, 56, 142, 208, 146, 59, 196, 80, 166, 34, 117, 180, 82, 189, 33, 74, 63, 62, 220, 138, 3, 17, 184, 200, 218, 92, 172, 201, 66, 151, 252, 95, 176, 115, 47, 24, 110, 6, 137, 25, 235, 94, 77, 116, 55, 72, 250, 211, 224, 79, 36, 10, 253, 162, 254, 221, 119, 114, 178, 139, 35, 210, 230, 15, 52, 213, 0, 170, 76, 46, 199, 9, 125, 130, 222, 89, 102, 216, 67, 140, 98, 27, 190, 111, 169, 158, 149, 39, 249, 91, 147, 107, 123, 195, 132, 60, 21, 93, 53, 73, 228, 51, 81, 69, 29, 255, 129, 203, 134, 144, 219, 243, 173, 155, 191, 229, 48, 168, 70, 154, 251, 120, 161, 187, 205, 226, 152, 85, 13, 181, 109, 188, 217, 148, 246, 113, 84, 22, 171, 165, 244, 206, 242, 131, 234, 71, 19, 122, 30, 78, 83, 5, 204, 248, 45, 198, 86, 97, 37, 237, 192, 215, 103, 167, 240, 185, 44, 164, 65, 175, 209, 177, 87]",ee0d4c7d54530b7488edd0cb4b5a9b8b3e6e1e9357ec0054389dbe276f4e8765,86f907aeab38aecc045a327a7168423b42946063d84a9babb1fd46f8401f710c,86f907aeab38aecc045a327a7168423b42946063d84a9babb1fd46f8401f710c
420010,0.004166666666666667,0.5,240,True,True,"[199, 57, 212, 225, 55, 215, 211, 32, 192, 80, 37, 125, 137, 77, 94, 186, 105, 217, 183, 21, 188, 83, 140, 163, 127, 235, 115, 99, 29, 103, 241, 69, 9, 184, 6, 28, 230, 206, 131, 151, 166, 76, 86, 102, 10, 191, 30, 200, 43, 228, 213, 222, 116, 22, 7, 208, 227, 108, 229, 148, 231, 143, 46, 14, 180, 145, 40, 66, 44, 15, 2, 89, 175, 63, 78, 87, 75, 64, 53, 156, 5, 190, 149, 74, 123, 161, 118, 153, 23, 113, 47, 204, 20, 104, 128, 250, 117, 126, 216, 72, 155, 132, 172, 36, 52, 142, 144, 219, 61, 147, 245, 48, 65, 164, 49, 177, 138, 101, 189, 201, 251, 58, 170, 237, 205, 97, 45, 221, 236, 24, 70, 162, 124, 31, 50, 110, 109, 134, 18, 12, 13, 92, 185, 41, 11, 226, 247, 98, 85, 26, 133, 130, 210, 171, 139, 25, 178, 195, 194, 218, 51, 173, 93, 119, 198, 114, 129, 196, 59, 165, 158, 68, 242, 0, 122, 39, 234, 8, 82, 169, 95, 81, 1, 176, 150, 220, 214, 62, 223, 54, 136, 146, 209, 233, 160, 100, 135, 255, 79, 202, 203, 239, 107, 157, 182, 17, 238, 27, 60, 174, 252, 112, 16, 56, 71, 207, 111, 91, 38, 141, 248, 84, 42, 181, 249, 106, 67, 232, 19, 34, 120, 90, 243, 88, 253, 96, 159, 168, 240, 244, 187, 152, 254, 3, 4, 121, 193, 197, 224, 154, 35, 33, 179, 246, 73, 167]",caa821ffafb8eea9e4a58ceb6d5a15e09692cbfb0047e8a7ae97403fe144e2b8,612b072762e4d803d3d0c06659aa547a7b9ac21d908488b3f628c486f8c50d21,612b072762e4d803d3d0c06659aa547a7b9ac21d908488b3f628c486f8c50d21
420010,0.004166666666666667,0.75,240,True,True,"[183, 171, 205, 229, 238, 240, 63, 16, 174, 26, 251, 18, 17, 32, 98, 125, 140, 167, 88, 245, 56, 85, 196, 51, 60, 46, 114, 90, 10, 8, 190, 65, 133, 49, 143, 176, 11, 179, 233, 124, 19, 153, 79, 25, 195, 192, 121, 178, 87, 70, 77, 250, 95, 39, 37, 101, 9, 255, 48, 13, 111, 169, 180, 102, 254, 164, 222, 136, 181, 123, 50, 200, 58, 29, 122, 129, 80, 34, 53, 152, 45, 68, 38, 247, 215, 99, 197, 64, 72, 1, 162, 42, 54, 81, 221, 227, 147, 188, 230, 184, 156, 203, 202, 130, 92, 109, 237, 217, 117, 177, 160, 55, 191, 193, 52, 201, 155, 69, 35, 74, 41, 113, 2, 28, 100, 120, 44, 170, 97, 7, 168, 127, 22, 96, 209, 141, 40, 104, 253, 59, 172, 20, 78, 226, 132, 185, 236, 93, 91, 239, 252, 186, 6, 243, 134, 235, 12, 208, 189, 3, 138, 135, 105, 31, 23, 118, 137, 66, 83, 89, 212, 187, 207, 5, 149, 210, 234, 15, 110, 146, 248, 119, 219, 223, 145, 84, 218, 30, 246, 228, 0, 108, 27, 103, 75, 225, 206, 204, 224, 182, 159, 158, 150, 232, 21, 142, 131, 244, 199, 151, 242, 106, 241, 36, 107, 139, 128, 216, 61, 214, 76, 249, 144, 112, 211, 43, 213, 166, 86, 157, 82, 173, 47, 62, 194, 154, 116, 115, 175, 126, 4, 94, 33, 163, 24, 231, 67, 14, 148, 57, 73, 165, 198, 71, 220, 161]",1acce78798df4e325196cfa11c5e8c55fa97b66cbd72227b47e67618da5d43fe,0dc8f133df5455f08ed1b2d2398fb64907bbae52aecf4bd61cdf910b2870ba8e,0dc8f133df5455f08ed1b2d2398fb64907bbae52aecf4bd61cdf910b2870ba8e
420010,0.008333333333333333,0.25,240,True,True,"[35, 9, 255, 99, 222, 246, 148, 193, 107, 221, 97, 244, 6, 179, 69, 218, 225, 74, 166, 70, 14, 65, 82, 145, 2, 54, 251, 50, 30, 238, 136, 24, 31, 223, 41, 249, 29, 100, 142, 11, 151, 33, 75, 156, 199, 4, 159, 138, 1, 236, 46, 8, 247, 116, 178, 205, 79, 34, 98, 134, 135, 163, 119, 109, 45, 250, 22, 104, 39, 213, 105, 217, 228, 49, 188, 55, 67, 200, 48, 86, 53, 60, 117, 23, 149, 220, 186, 204, 184, 10, 77, 52, 190, 3, 139, 25, 170, 198, 153, 254, 175, 230, 195, 58, 89, 101, 215, 191, 123, 235, 155, 122, 248, 80, 12, 231, 81, 229, 203, 194, 197, 239, 120, 174, 243, 253, 40, 43, 168, 158, 125, 154, 187, 141, 76, 61, 93, 68, 7, 143, 131, 18, 47, 56, 196, 113, 129, 121, 0, 206, 28, 106, 216, 73, 114, 242, 110, 57, 233, 172, 146, 162, 95, 27, 83, 42, 51, 214, 127, 137, 208, 237, 232, 164, 177, 72, 90, 15, 108, 241, 152, 167, 210, 130, 71, 160, 201, 26, 88, 212, 87, 84, 126, 128, 182, 64, 36, 21, 144, 94, 240, 20, 245, 211, 66, 38, 132, 180, 157, 103, 140, 37, 150, 207, 169, 165, 224, 115, 234, 5, 92, 19, 209, 63, 17, 226, 183, 111, 181, 192, 102, 85, 176, 161, 62, 118, 124, 185, 13, 59, 252, 189, 227, 171, 202, 78, 147, 32, 44, 16, 133, 91, 96, 219, 112, 173]",e4b69f96fc5786c8a214168a0630ba9e561781faf6a4bfef3d861a33f6758aa0,f98bf325ca7aca68fca7dd97e53833abb670a6ffbdf4f4c4db2fed3912eda40e,f98bf325ca7aca68fca7dd97e53833abb670a6ffbdf4f4c4db2fed3912eda40e
420010,0.008333333333333333,0.5,240,True,True,"[142, 117, 159, 131, 78, 107, 220, 16, 214, 188, 178, 243, 150, 149, 58, 197, 90, 180, 123, 162, 43, 253, 246, 157, 22, 89, 247, 75, 198, 189, 237, 33, 206, 70, 64, 66, 40, 80, 14, 85, 139, 152, 208, 203, 132, 140, 170, 7, 29, 122, 154, 173, 28, 110, 47, 235, 223, 239, 62, 204, 241, 10, 144, 175, 102, 177, 65, 151, 114, 166, 49, 67, 227, 171, 143, 193, 182, 52, 59, 119, 92, 84, 129, 161, 23, 25, 60, 242, 236, 218, 216, 0, 234, 13, 19, 88, 251, 20, 97, 31, 91, 232, 222, 116, 135, 93, 26, 95, 71, 199, 190, 115, 39, 164, 252, 104, 158, 160, 248, 195, 4, 138, 230, 249, 169, 179, 255, 194, 73, 187, 45, 63, 201, 229, 213, 176, 148, 225, 136, 202, 51, 240, 165, 174, 98, 124, 103, 6, 185, 231, 141, 133, 2, 81, 53, 38, 109, 100, 82, 184, 54, 77, 113, 34, 163, 250, 46, 205, 86, 233, 21, 221, 83, 11, 226, 105, 183, 55, 228, 186, 8, 130, 99, 79, 76, 74, 238, 196, 215, 200, 18, 245, 127, 125, 212, 121, 41, 128, 12, 48, 32, 112, 254, 147, 24, 155, 94, 118, 244, 167, 3, 181, 15, 1, 57, 137, 101, 9, 61, 168, 72, 191, 146, 217, 50, 120, 35, 172, 56, 224, 126, 17, 68, 134, 87, 209, 30, 108, 211, 145, 219, 96, 153, 44, 27, 111, 210, 207, 36, 69, 106, 5, 37, 42, 156, 192]",f688584283df97e9c5197bf3402be248a4227db08ecf23ea6871762a81b9c573,b67a66efaa9abca6643212f3386e1c5b0236837583a961072614ea1a9c4045ca,b67a66efaa9abca6643212f3386e1c5b0236837583a961072614ea1a9c4045ca
420010,0.008333333333333333,0.75,240,True,True,"[108, 183, 87, 237, 110, 187, 77, 176, 81, 103, 62, 240, 73, 82, 61, 11, 224, 193, 167, 78, 54, 10, 142, 47, 191, 145, 138, 217, 80, 0, 150, 249, 34, 111, 177, 196, 251, 245, 42, 131, 165, 143, 255, 70, 128, 3, 121, 170, 212, 124, 69, 92, 117, 112, 129, 127, 149, 113, 163, 236, 204, 201, 214, 198, 88, 230, 222, 215, 178, 41, 120, 133, 37, 19, 184, 225, 161, 30, 83, 188, 210, 116, 59, 243, 74, 20, 189, 31, 99, 246, 172, 43, 9, 126, 46, 173, 48, 136, 5, 164, 12, 51, 250, 137, 140, 7, 56, 221, 157, 144, 194, 85, 213, 107, 36, 220, 186, 160, 182, 17, 171, 253, 84, 101, 21, 72, 205, 229, 106, 252, 241, 147, 179, 231, 109, 28, 15, 22, 239, 162, 29, 67, 95, 6, 52, 122, 14, 242, 97, 123, 254, 247, 2, 91, 114, 185, 32, 207, 139, 66, 146, 24, 90, 25, 89, 219, 102, 223, 202, 104, 118, 57, 23, 68, 168, 134, 79, 211, 235, 244, 200, 199, 100, 233, 132, 148, 141, 234, 26, 40, 119, 195, 169, 50, 60, 166, 238, 227, 1, 125, 209, 151, 55, 44, 155, 135, 115, 45, 228, 203, 63, 18, 94, 65, 175, 156, 71, 8, 152, 158, 98, 33, 53, 35, 86, 174, 181, 216, 4, 153, 75, 64, 208, 192, 76, 248, 180, 39, 232, 206, 16, 154, 197, 130, 105, 93, 58, 38, 96, 226, 27, 159, 190, 49, 13, 218]",10d28c5e4985e34369b454de5cfb2c93314adb46feb6764ec9bc426b2b5708a5,81ac817b314e663d0ee8c3e4cd064ac33bf3e3eddd9542e1b8955bc14bbf3a06,81ac817b314e663d0ee8c3e4cd064ac33bf3e3eddd9542e1b8955bc14bbf3a06
420010,0.025,0.25,240,True,True,"[251, 148, 39, 45, 154, 221, 234, 6, 246, 236, 133, 1, 198, 40, 244, 107, 207, 153, 66, 143, 193, 200, 206, 253, 112, 85, 216, 4, 140, 121, 162, 142, 127, 50, 134, 53, 166, 62, 232, 87, 141, 95, 111, 109, 180, 130, 229, 252, 230, 44, 9, 190, 174, 228, 163, 183, 220, 214, 157, 86, 91, 65, 203, 104, 117, 192, 144, 24, 255, 3, 235, 18, 49, 12, 52, 181, 132, 103, 188, 189, 213, 67, 46, 238, 131, 212, 2, 167, 196, 239, 124, 0, 10, 217, 57, 191, 19, 179, 145, 177, 110, 99, 29, 114, 76, 77, 227, 23, 48, 118, 184, 28, 34, 96, 237, 72, 60, 93, 136, 82, 249, 70, 226, 17, 215, 43, 125, 21, 59, 51, 22, 106, 159, 122, 98, 225, 31, 128, 248, 194, 119, 20, 240, 152, 101, 64, 129, 58, 79, 13, 38, 199, 155, 173, 11, 135, 247, 97, 254, 14, 139, 149, 147, 5, 8, 15, 80, 138, 78, 197, 55, 186, 165, 137, 37, 27, 105, 171, 210, 32, 158, 84, 123, 94, 208, 108, 224, 92, 182, 56, 71, 223, 81, 211, 7, 187, 115, 54, 222, 120, 90, 74, 150, 36, 83, 68, 35, 202, 63, 88, 160, 185, 100, 102, 168, 219, 245, 30, 204, 205, 233, 75, 161, 243, 218, 176, 33, 47, 156, 73, 151, 41, 61, 242, 175, 169, 170, 164, 16, 209, 25, 113, 195, 42, 178, 172, 201, 146, 250, 116, 69, 241, 126, 89, 231, 26]",342680685688f96ba44976ee67dea5a627ab32e9657cc08e5bea60f1f42a2b75,986b5a6b09740e1c77c1a252e96163006adc209b7db58008689036e330d14235,986b5a6b09740e1c77c1a252e96163006adc209b7db58008689036e330d14235
420010,0.025,0.5,240,True,True,"[114, 14, 227, 141, 103, 87, 7, 77, 65, 0, 215, 229, 119, 125, 74, 17, 216, 225, 94, 181, 106, 198, 13, 178, 252, 192, 81, 34, 235, 40, 12, 154, 88, 19, 92, 153, 30, 132, 149, 115, 152, 163, 95, 218, 25, 197, 231, 142, 120, 199, 58, 205, 18, 21, 155, 222, 47, 99, 113, 254, 96, 59, 9, 42, 128, 39, 230, 255, 212, 121, 238, 90, 146, 144, 208, 244, 180, 89, 137, 105, 78, 136, 22, 247, 124, 129, 243, 214, 112, 50, 73, 169, 28, 110, 100, 249, 223, 79, 5, 108, 242, 45, 33, 111, 71, 196, 188, 86, 56, 123, 159, 49, 15, 32, 61, 16, 166, 236, 140, 127, 53, 43, 161, 82, 157, 76, 202, 130, 23, 150, 52, 36, 209, 145, 98, 51, 201, 184, 41, 170, 193, 126, 31, 66, 179, 156, 228, 211, 116, 237, 24, 54, 48, 187, 234, 122, 158, 245, 190, 104, 138, 210, 191, 162, 232, 203, 46, 143, 67, 204, 38, 29, 174, 206, 195, 219, 93, 97, 70, 60, 217, 186, 8, 85, 194, 213, 171, 251, 160, 240, 175, 176, 207, 11, 220, 133, 35, 109, 117, 185, 248, 3, 168, 172, 241, 64, 131, 62, 44, 177, 27, 102, 253, 107, 2, 233, 83, 68, 167, 75, 1, 139, 37, 80, 20, 26, 91, 226, 183, 221, 239, 4, 182, 69, 147, 101, 200, 173, 57, 134, 151, 118, 148, 246, 164, 72, 189, 84, 165, 250, 135, 63, 224, 6, 10, 55]",af843130026e7c7ff66ae1f1714228f81d2a41ff161468ed9dc7c80179d6a373,58f6dc701017076d6288dd1c7fa54ca601def04b41dcf5dd5867dbfe7cbe96a7,58f6dc701017076d6288dd1c7fa54ca601def04b41dcf5dd5867dbfe7cbe96a7
420010,0.025,0.75,240,True,True,"[24, 49, 178, 243, 119, 144, 133, 9, 108, 46, 89, 174, 19, 100, 45, 247, 23, 154, 94, 185, 61, 84, 214, 110, 234, 74, 85, 202, 37, 122, 13, 239, 128, 126, 125, 2, 215, 87, 155, 148, 10, 152, 195, 183, 135, 163, 245, 206, 44, 180, 175, 217, 186, 93, 225, 91, 196, 236, 137, 205, 226, 188, 187, 7, 165, 20, 104, 123, 81, 169, 92, 235, 8, 27, 136, 51, 161, 228, 238, 41, 207, 105, 17, 112, 5, 167, 173, 4, 114, 21, 149, 212, 253, 220, 95, 219, 29, 198, 62, 129, 142, 39, 179, 200, 164, 146, 132, 190, 77, 3, 72, 229, 80, 160, 244, 50, 124, 250, 1, 121, 209, 31, 213, 76, 11, 32, 153, 78, 230, 115, 16, 156, 138, 252, 64, 233, 184, 162, 79, 30, 63, 48, 35, 197, 58, 177, 56, 189, 67, 221, 90, 218, 249, 0, 130, 246, 147, 151, 47, 145, 222, 240, 59, 191, 52, 127, 83, 57, 28, 182, 227, 140, 12, 98, 43, 141, 248, 199, 166, 101, 216, 42, 241, 192, 231, 109, 117, 157, 96, 193, 102, 15, 254, 55, 6, 86, 40, 99, 36, 97, 172, 210, 111, 237, 170, 33, 224, 134, 14, 203, 251, 103, 232, 208, 131, 150, 211, 176, 204, 143, 223, 120, 71, 25, 26, 159, 194, 168, 181, 18, 38, 73, 54, 139, 66, 82, 75, 53, 116, 242, 118, 255, 68, 171, 113, 201, 88, 107, 65, 60, 69, 70, 158, 22, 34, 106]",f9797d6d9850f1a9ceb17dd16c6455aca9803920d06961677799a06fa2584391,0d944197d011cf1de688a6df2c445594badb19a12673d49eec385e492bae4eed,0d944197d011cf1de688a6df2c445594badb19a12673d49eec385e492bae4eed
420011,0.004166666666666667,0.25,240,True,True,"[111, 103, 57, 110, 180, 20, 97, 157, 78, 114, 179, 158, 66, 84, 204, 147, 193, 2, 80, 219, 225, 82, 115, 107, 206, 127, 161, 133, 26, 198, 247, 148, 178, 254, 155, 177, 252, 239, 55, 1, 101, 244, 210, 222, 105, 5, 172, 234, 73, 21, 18, 109, 128, 192, 23, 199, 226, 188, 181, 46, 65, 104, 224, 33, 67, 98, 90, 77, 117, 85, 228, 137, 42, 153, 86, 190, 202, 211, 3, 40, 220, 49, 195, 89, 54, 182, 132, 112, 17, 171, 121, 52, 24, 87, 233, 203, 251, 68, 130, 96, 149, 162, 139, 4, 255, 119, 19, 160, 241, 45, 72, 175, 154, 191, 189, 167, 74, 231, 9, 145, 39, 237, 41, 113, 207, 141, 168, 27, 194, 123, 159, 100, 217, 15, 79, 245, 215, 209, 30, 165, 212, 223, 94, 10, 213, 13, 50, 92, 230, 88, 43, 71, 197, 218, 59, 250, 38, 229, 169, 122, 31, 240, 34, 32, 236, 7, 106, 173, 187, 25, 102, 64, 142, 62, 99, 176, 214, 216, 246, 47, 70, 95, 243, 152, 14, 235, 48, 249, 29, 75, 6, 135, 196, 28, 126, 253, 146, 56, 63, 138, 170, 11, 120, 16, 208, 8, 124, 60, 36, 93, 166, 125, 238, 69, 22, 185, 150, 81, 151, 37, 140, 129, 131, 232, 136, 163, 76, 156, 116, 143, 91, 44, 61, 227, 35, 118, 12, 184, 242, 186, 83, 200, 221, 58, 108, 183, 164, 174, 51, 248, 205, 53, 201, 144, 134, 0]",1e5ea93f50cde15e7679c6e4b5403204358740eb9a888417c6ec32c17a5aa611,b45d89a97810aa047bf4d3d532f302db8e692f03d8959659c53368182bced2e6,b45d89a97810aa047bf4d3d532f302db8e692f03d8959659c53368182bced2e6
420011,0.004166666666666667,0.5,240,True,True,"[236, 86, 35, 141, 17, 133, 177, 19, 110, 207, 52, 159, 215, 98, 202, 24, 203, 114, 45, 111, 108, 254, 199, 182, 12, 26, 136, 2, 187, 212, 4, 47, 54, 250, 61, 69, 22, 179, 200, 205, 10, 145, 57, 152, 122, 79, 93, 211, 139, 143, 120, 184, 214, 11, 175, 151, 154, 185, 222, 134, 103, 123, 255, 217, 30, 121, 97, 201, 83, 192, 188, 32, 237, 42, 228, 233, 181, 119, 162, 132, 70, 78, 13, 109, 107, 144, 33, 224, 239, 231, 80, 208, 251, 21, 156, 76, 94, 39, 235, 56, 168, 66, 101, 164, 220, 50, 5, 219, 87, 252, 126, 153, 198, 68, 25, 29, 112, 59, 37, 131, 8, 142, 147, 157, 253, 172, 238, 16, 161, 180, 1, 166, 158, 174, 191, 106, 130, 72, 213, 49, 178, 194, 176, 248, 115, 85, 223, 135, 173, 81, 28, 227, 249, 99, 31, 9, 71, 38, 102, 197, 146, 34, 125, 77, 43, 204, 23, 195, 44, 51, 65, 129, 84, 128, 41, 216, 89, 245, 116, 58, 62, 244, 6, 230, 0, 105, 137, 149, 60, 36, 160, 53, 124, 148, 90, 74, 221, 246, 234, 226, 63, 138, 20, 91, 117, 48, 190, 150, 225, 210, 15, 169, 67, 241, 73, 40, 155, 64, 196, 167, 14, 186, 242, 95, 82, 171, 240, 209, 118, 46, 92, 27, 170, 96, 247, 18, 189, 183, 229, 243, 218, 75, 113, 165, 7, 193, 3, 163, 88, 55, 104, 232, 140, 100, 127, 206]",145dac80ad8b2dc2a5e73eeadbf27917d440aca6e27e5c7da9be8fb185c66830,a1a7bb00e504d7f60e4c5722a9c2d3d8dab7fefef1022a59a5cc30955f337c09,a1a7bb00e504d7f60e4c5722a9c2d3d8dab7fefef1022a59a5cc30955f337c09
420011,0.004166666666666667,0.75,240,True,True,"[248, 113, 170, 110, 27, 181, 188, 66, 155, 235, 148, 3, 103, 101, 146, 107, 247, 75, 15, 227, 131, 0, 13, 165, 231, 42, 80, 44, 140, 142, 186, 160, 153, 90, 254, 58, 31, 20, 128, 12, 54, 71, 94, 244, 205, 210, 180, 154, 127, 46, 185, 159, 95, 195, 219, 41, 189, 99, 194, 167, 196, 226, 218, 240, 30, 123, 24, 118, 64, 96, 177, 29, 81, 174, 62, 179, 28, 152, 67, 182, 239, 130, 79, 133, 120, 236, 201, 36, 253, 117, 147, 150, 50, 76, 136, 252, 217, 112, 87, 178, 216, 175, 199, 212, 168, 18, 61, 158, 220, 33, 214, 144, 72, 143, 16, 151, 21, 135, 60, 78, 209, 73, 232, 59, 100, 246, 5, 91, 63, 211, 255, 169, 237, 108, 233, 176, 228, 114, 14, 192, 2, 190, 32, 183, 197, 1, 53, 51, 221, 245, 139, 187, 4, 92, 109, 86, 47, 156, 215, 149, 57, 74, 242, 145, 39, 206, 56, 11, 129, 85, 70, 43, 9, 25, 203, 134, 37, 98, 65, 250, 238, 38, 34, 229, 83, 68, 230, 22, 26, 161, 40, 204, 111, 141, 208, 137, 116, 157, 121, 184, 119, 69, 122, 10, 102, 171, 77, 19, 198, 89, 207, 6, 251, 88, 17, 163, 172, 48, 52, 115, 82, 55, 97, 138, 124, 191, 45, 243, 23, 234, 164, 8, 105, 225, 125, 166, 213, 173, 106, 162, 84, 93, 49, 200, 224, 126, 35, 7, 241, 193, 222, 104, 202, 249, 132, 223]",d27651ffb044f7b59a5c93befea04aa1c36eef711c4c473643e754395f6ed310,2b35f9c950190cfd4f3db9f3bb70422f6de269240abb8c360ef8fc9be5835ef9,2b35f9c950190cfd4f3db9f3bb70422f6de269240abb8c360ef8fc9be5835ef9
420011,0.008333333333333333,0.25,240,True,True,"[8, 59, 239, 181, 118, 126, 242, 190, 218, 96, 116, 205, 114, 80, 35, 108, 100, 141, 105, 60, 110, 99, 25, 136, 193, 131, 43, 10, 53, 30, 208, 50, 203, 237, 142, 154, 70, 249, 72, 245, 145, 31, 28, 12, 207, 88, 87, 129, 232, 5, 44, 104, 29, 229, 186, 74, 73, 176, 244, 248, 63, 1, 52, 212, 33, 138, 155, 97, 221, 45, 227, 65, 9, 228, 69, 51, 11, 54, 222, 236, 156, 39, 37, 117, 243, 160, 0, 106, 77, 217, 168, 101, 197, 153, 198, 124, 15, 219, 159, 47, 196, 7, 247, 238, 3, 213, 78, 144, 161, 18, 206, 48, 107, 199, 210, 235, 102, 14, 175, 61, 71, 76, 137, 17, 150, 180, 121, 62, 241, 95, 146, 68, 55, 112, 151, 13, 42, 109, 83, 79, 89, 167, 103, 38, 215, 21, 120, 58, 132, 94, 125, 57, 209, 191, 128, 67, 27, 6, 16, 158, 93, 216, 230, 149, 183, 211, 169, 20, 36, 226, 201, 250, 171, 240, 194, 85, 135, 2, 111, 143, 189, 234, 92, 22, 66, 195, 231, 188, 182, 82, 157, 233, 123, 253, 84, 81, 113, 32, 115, 134, 251, 75, 162, 192, 91, 173, 163, 164, 119, 19, 133, 40, 148, 178, 170, 98, 56, 174, 26, 223, 224, 4, 90, 24, 179, 165, 86, 252, 225, 166, 246, 185, 200, 147, 23, 204, 41, 214, 255, 140, 202, 152, 130, 34, 254, 122, 127, 177, 172, 49, 64, 46, 184, 139, 220, 187]",9428012b8225f5aa28b4d7f40263cc5b02552b709cd97ac9e05701291bde33e4,cae0b356286db0f90f8edfb680c8c4c5224468d311c7c1ef42b87bdffc80db7b,cae0b356286db0f90f8edfb680c8c4c5224468d311c7c1ef42b87bdffc80db7b
420011,0.008333333333333333,0.5,240,True,True,"[201, 150, 36, 54, 134, 167, 197, 28, 248, 165, 114, 230, 50, 220, 0, 42, 171, 43, 147, 139, 21, 182, 129, 117, 164, 146, 205, 94, 37, 13, 44, 18, 109, 96, 178, 247, 64, 153, 155, 75, 51, 106, 126, 26, 29, 194, 173, 116, 88, 128, 183, 4, 186, 15, 10, 122, 137, 38, 19, 35, 231, 219, 84, 228, 74, 93, 1, 132, 240, 105, 252, 210, 118, 157, 23, 249, 234, 107, 166, 111, 238, 65, 161, 91, 170, 203, 242, 99, 130, 8, 212, 3, 77, 159, 72, 20, 41, 30, 143, 80, 209, 145, 120, 232, 206, 163, 53, 141, 188, 131, 226, 222, 82, 148, 11, 2, 127, 244, 237, 73, 158, 140, 119, 7, 92, 179, 124, 245, 97, 218, 251, 78, 58, 16, 60, 168, 31, 86, 104, 113, 98, 177, 250, 49, 225, 193, 196, 185, 217, 204, 6, 135, 215, 71, 47, 235, 202, 255, 27, 90, 213, 187, 89, 199, 216, 62, 239, 39, 156, 115, 40, 55, 66, 214, 136, 243, 221, 85, 233, 14, 142, 79, 223, 100, 227, 191, 70, 103, 5, 121, 48, 236, 152, 241, 56, 81, 12, 162, 224, 189, 160, 9, 154, 110, 208, 67, 184, 138, 229, 200, 181, 59, 253, 33, 63, 101, 87, 95, 169, 25, 22, 108, 174, 149, 24, 102, 52, 192, 172, 195, 211, 57, 198, 68, 123, 246, 254, 125, 83, 175, 207, 61, 76, 69, 180, 112, 32, 45, 176, 144, 17, 34, 133, 151, 190, 46]",0def91cdec6bd77e4ab802988da74ad178708f08f2add235fafcebc3cf5d82d0,bdf4594ebb592e3aeb35cc767f7c925bfd5ff8a8218238073a51dab796776f2d,bdf4594ebb592e3aeb35cc767f7c925bfd5ff8a8218238073a51dab796776f2d
420011,0.008333333333333333,0.75,240,True,True,"[170, 107, 232, 209, 146, 220, 237, 242, 138, 84, 228, 162, 105, 223, 189, 192, 51, 252, 202, 121, 57, 28, 45, 13, 42, 90, 117, 22, 77, 201, 56, 156, 79, 67, 240, 127, 217, 171, 131, 255, 191, 229, 17, 167, 210, 149, 130, 108, 126, 81, 176, 128, 123, 207, 0, 159, 248, 104, 5, 3, 219, 62, 119, 98, 213, 164, 118, 174, 197, 168, 254, 231, 243, 72, 165, 250, 83, 15, 86, 225, 145, 227, 206, 25, 32, 234, 70, 68, 132, 93, 133, 66, 35, 178, 152, 102, 208, 94, 161, 112, 76, 64, 44, 224, 39, 110, 183, 215, 4, 196, 89, 140, 78, 249, 49, 153, 109, 173, 230, 92, 18, 129, 144, 148, 97, 244, 120, 6, 33, 137, 166, 175, 16, 71, 8, 155, 221, 74, 65, 46, 177, 204, 114, 96, 195, 236, 19, 172, 38, 142, 151, 12, 41, 24, 91, 125, 52, 211, 87, 54, 11, 222, 179, 116, 251, 186, 10, 253, 218, 88, 134, 157, 21, 154, 47, 99, 241, 34, 75, 158, 143, 185, 59, 61, 124, 36, 82, 238, 147, 100, 60, 216, 50, 199, 203, 26, 136, 245, 73, 214, 139, 40, 43, 9, 239, 55, 247, 184, 187, 200, 20, 113, 141, 63, 85, 48, 95, 163, 30, 233, 160, 198, 182, 193, 150, 180, 1, 181, 212, 69, 106, 235, 7, 80, 27, 58, 23, 111, 37, 103, 101, 246, 169, 2, 194, 53, 135, 115, 205, 29, 31, 122, 14, 190, 188, 226]",cdd2792769d3c952e136c55b5ebf8df35d2e9e591c05bebfb983a343f24647df,286d5ed803f7eba78e49a77d12ffdd811ae2d4a53b2ecc0869a8863649d348dc,286d5ed803f7eba78e49a77d12ffdd811ae2d4a53b2ecc0869a8863649d348dc
420011,0.025,0.25,240,True,True,"[9, 231, 251, 75, 159, 206, 220, 162, 209, 96, 172, 28, 137, 26, 240, 128, 132, 147, 39, 64, 184, 227, 210, 163, 2, 116, 203, 167, 16, 179, 175, 139, 72, 104, 113, 244, 8, 217, 47, 89, 156, 66, 11, 204, 223, 91, 92, 98, 229, 188, 248, 107, 185, 182, 68, 143, 12, 118, 232, 25, 97, 180, 205, 60, 236, 6, 14, 78, 134, 117, 82, 212, 135, 43, 71, 250, 166, 195, 63, 165, 30, 46, 216, 94, 146, 120, 111, 31, 148, 48, 108, 79, 112, 1, 85, 36, 119, 133, 125, 121, 218, 215, 50, 42, 7, 149, 53, 187, 123, 198, 189, 15, 21, 151, 245, 80, 168, 243, 37, 196, 194, 45, 70, 124, 22, 207, 76, 190, 13, 122, 49, 52, 100, 181, 23, 101, 18, 35, 224, 115, 90, 171, 234, 228, 157, 102, 201, 255, 3, 169, 59, 230, 74, 219, 140, 127, 4, 40, 69, 177, 77, 33, 126, 56, 84, 155, 73, 141, 109, 253, 252, 81, 247, 44, 192, 55, 238, 160, 138, 249, 54, 222, 214, 213, 208, 246, 183, 150, 62, 193, 152, 99, 67, 41, 242, 158, 174, 29, 88, 65, 170, 235, 178, 83, 254, 93, 130, 110, 61, 27, 19, 129, 173, 237, 202, 200, 0, 176, 221, 226, 86, 131, 10, 199, 34, 24, 191, 17, 239, 58, 164, 153, 114, 51, 186, 233, 20, 197, 103, 57, 5, 87, 95, 106, 144, 161, 136, 105, 38, 154, 145, 32, 211, 142, 225, 241]",6e6e7e9317baefaa81691df5dc42b4b0b86aae44403a57b548460723c2421110,c83933651db669782b561d36e745cfcbad65d47b0637841b14d1c2638248164d,c83933651db669782b561d36e745cfcbad65d47b0637841b14d1c2638248164d
420011,0.025,0.5,240,True,True,"[124, 137, 168, 66, 172, 117, 184, 92, 50, 219, 142, 198, 55, 238, 244, 243, 202, 88, 241, 216, 139, 68, 85, 24, 43, 78, 163, 210, 227, 8, 149, 153, 242, 239, 122, 147, 188, 115, 212, 245, 9, 111, 46, 152, 109, 218, 22, 36, 205, 13, 49, 207, 177, 12, 174, 58, 63, 148, 231, 5, 250, 232, 121, 159, 213, 17, 27, 253, 110, 133, 226, 224, 57, 228, 73, 240, 79, 101, 10, 45, 47, 3, 40, 70, 128, 97, 127, 86, 29, 112, 233, 199, 14, 214, 52, 42, 76, 158, 18, 104, 129, 53, 247, 193, 192, 35, 11, 26, 169, 209, 208, 251, 119, 140, 62, 31, 138, 235, 201, 95, 44, 80, 204, 134, 25, 23, 187, 203, 81, 255, 146, 220, 41, 107, 116, 234, 215, 144, 21, 28, 72, 83, 67, 99, 90, 229, 217, 186, 19, 93, 113, 0, 195, 162, 114, 254, 123, 54, 98, 51, 249, 165, 230, 143, 145, 100, 39, 84, 48, 221, 59, 189, 132, 252, 197, 15, 170, 118, 190, 167, 38, 37, 16, 108, 87, 223, 135, 237, 196, 248, 91, 185, 200, 206, 65, 156, 181, 60, 155, 194, 74, 75, 77, 61, 222, 82, 176, 64, 236, 136, 178, 131, 6, 166, 7, 211, 1, 160, 154, 20, 69, 4, 56, 179, 157, 105, 151, 191, 89, 183, 175, 150, 2, 33, 71, 120, 102, 34, 161, 130, 180, 96, 141, 171, 225, 164, 126, 94, 182, 246, 32, 125, 103, 106, 173, 30]",ff9efa1f22051c1bbd85bae4f3184c4527fbede8a6e6535db0773feec1986aee,2c07fff6eb9c8ffc679197e752442553725885fe69550ac4ce7bdc71a00d0700,2c07fff6eb9c8ffc679197e752442553725885fe69550ac4ce7bdc71a00d0700
420011,0.025,0.75,240,True,True,"[55, 17, 131, 45, 11, 121, 212, 215, 161, 155, 126, 200, 154, 220, 240, 221, 102, 181, 72, 120, 174, 89, 77, 179, 172, 78, 138, 209, 244, 203, 127, 113, 22, 3, 112, 125, 80, 84, 139, 58, 51, 217, 109, 16, 218, 248, 123, 234, 44, 93, 28, 74, 198, 75, 66, 184, 76, 59, 201, 10, 158, 206, 188, 33, 23, 142, 98, 43, 91, 107, 165, 190, 95, 134, 39, 245, 133, 235, 148, 164, 144, 227, 7, 30, 157, 224, 202, 26, 170, 19, 213, 119, 38, 21, 20, 114, 31, 180, 90, 255, 118, 4, 42, 61, 160, 108, 5, 147, 246, 243, 145, 166, 111, 104, 27, 197, 173, 115, 71, 238, 48, 204, 251, 97, 159, 140, 239, 137, 205, 207, 69, 122, 24, 99, 116, 236, 192, 149, 189, 25, 2, 232, 41, 92, 231, 186, 152, 171, 177, 169, 156, 176, 237, 50, 183, 13, 18, 94, 191, 143, 85, 167, 208, 216, 185, 105, 63, 162, 228, 40, 230, 210, 229, 150, 211, 196, 124, 141, 82, 29, 96, 37, 199, 135, 233, 175, 88, 32, 68, 250, 81, 100, 241, 187, 53, 193, 225, 34, 62, 12, 153, 87, 110, 117, 103, 57, 35, 163, 14, 253, 132, 168, 252, 223, 128, 0, 182, 64, 9, 67, 60, 6, 79, 70, 249, 65, 47, 151, 136, 86, 195, 178, 254, 46, 194, 106, 1, 219, 130, 36, 73, 214, 83, 8, 52, 247, 101, 54, 49, 222, 56, 129, 226, 242, 146, 15]",e9adf49171161ee1efedf7391fe88b9178c83a7c9a458cdc35c53aa2cc6a4200,94295251486f9df41d847d071ea066bead0e584163f6ddbb99adc9b1bba85481,94295251486f9df41d847d071ea066bead0e584163f6ddbb99adc9b1bba85481
420012,0.004166666666666667,0.25,240,True,True,"[103, 98, 26, 163, 70, 93, 86, 156, 188, 247, 9, 78, 246, 252, 167, 65, 238, 180, 123, 39, 60, 174, 80, 211, 125, 69, 128, 21, 164, 228, 144, 20, 223, 191, 151, 161, 133, 15, 36, 182, 140, 213, 178, 44, 38, 200, 134, 117, 71, 208, 147, 207, 48, 196, 251, 35, 34, 64, 109, 170, 94, 97, 194, 132, 244, 91, 33, 84, 22, 229, 118, 29, 248, 4, 6, 129, 59, 220, 137, 186, 148, 214, 95, 254, 172, 206, 241, 179, 53, 130, 218, 85, 136, 18, 55, 171, 52, 204, 8, 138, 76, 106, 184, 175, 189, 215, 212, 234, 153, 108, 92, 119, 68, 154, 10, 61, 201, 165, 89, 50, 216, 11, 169, 66, 32, 99, 42, 255, 58, 3, 5, 250, 183, 209, 1, 17, 149, 249, 37, 203, 27, 40, 41, 176, 115, 12, 62, 107, 45, 19, 46, 16, 105, 237, 227, 181, 219, 127, 205, 197, 222, 162, 158, 198, 100, 187, 150, 160, 43, 67, 239, 142, 31, 230, 28, 195, 57, 126, 243, 74, 101, 145, 79, 225, 7, 166, 112, 56, 155, 111, 122, 141, 110, 190, 253, 193, 185, 232, 199, 146, 2, 177, 54, 63, 114, 102, 77, 135, 116, 13, 51, 120, 25, 221, 242, 202, 96, 231, 75, 30, 143, 72, 235, 47, 245, 121, 113, 173, 159, 73, 240, 90, 236, 83, 49, 23, 152, 104, 24, 14, 192, 88, 210, 217, 233, 168, 124, 224, 131, 226, 0, 139, 87, 82, 157, 81]",107035b6077aae20e30836b40cde6b245f9e75b5bd7902e98e3c5afca1788212,5d923c0d02c872c08e313e9f6e4eb398a2f9afec1f7a42cc818391621d852e83,5d923c0d02c872c08e313e9f6e4eb398a2f9afec1f7a42cc818391621d852e83
420012,0.004166666666666667,0.5,240,True,True,"[99, 234, 45, 206, 145, 107, 153, 91, 251, 49, 98, 96, 20, 95, 84, 48, 169, 182, 147, 163, 236, 138, 127, 37, 15, 28, 108, 211, 190, 38, 16, 44, 140, 10, 88, 76, 170, 194, 148, 79, 132, 22, 129, 30, 114, 12, 64, 159, 60, 77, 161, 213, 71, 168, 232, 110, 111, 128, 191, 125, 126, 208, 226, 189, 142, 51, 42, 237, 156, 52, 104, 172, 109, 209, 55, 87, 97, 195, 8, 166, 152, 66, 181, 192, 61, 4, 198, 218, 151, 2, 17, 103, 69, 174, 171, 46, 119, 59, 201, 56, 149, 67, 58, 162, 235, 135, 248, 124, 39, 35, 230, 224, 133, 254, 19, 94, 31, 82, 184, 240, 24, 210, 130, 65, 179, 80, 154, 81, 43, 223, 5, 50, 207, 238, 105, 160, 137, 228, 92, 11, 121, 86, 139, 183, 215, 188, 53, 85, 214, 75, 120, 185, 134, 175, 83, 250, 216, 101, 253, 197, 219, 112, 158, 25, 212, 26, 73, 78, 118, 143, 255, 41, 74, 18, 176, 246, 241, 1, 13, 70, 239, 93, 231, 113, 229, 249, 150, 180, 40, 202, 102, 193, 6, 146, 14, 3, 29, 245, 7, 187, 123, 106, 36, 72, 27, 173, 221, 90, 9, 186, 165, 244, 115, 243, 220, 57, 32, 233, 242, 222, 199, 47, 204, 205, 117, 131, 21, 63, 100, 141, 89, 217, 225, 247, 34, 252, 33, 0, 200, 177, 68, 144, 157, 203, 116, 178, 167, 23, 122, 62, 164, 196, 227, 136, 155, 54]",02eb84a5884f659fa643aebfad4f65bb065a2531eaa14e626c4f9ea5f147f7d8,f44b00c997059b2d2cc46a035852184fd104849225c3e6d08ae0de75e065920c,f44b00c997059b2d2cc46a035852184fd104849225c3e6d08ae0de75e065920c
420012,0.004166666666666667,0.75,240,True,True,"[109, 171, 145, 246, 36, 195, 73, 222, 118, 181, 94, 49, 203, 119, 112, 101, 249, 173, 27, 130, 121, 115, 148, 48, 139, 108, 32, 45, 100, 211, 176, 10, 186, 253, 110, 64, 131, 116, 40, 29, 132, 189, 154, 251, 96, 231, 226, 193, 12, 157, 33, 0, 37, 230, 124, 120, 234, 164, 82, 75, 214, 187, 142, 209, 238, 58, 254, 21, 166, 255, 143, 168, 134, 97, 114, 191, 43, 67, 247, 232, 69, 175, 57, 123, 99, 167, 237, 236, 162, 83, 87, 170, 80, 155, 160, 179, 63, 26, 227, 86, 55, 39, 18, 15, 60, 9, 72, 147, 207, 239, 241, 125, 204, 22, 210, 84, 141, 74, 243, 208, 223, 129, 17, 182, 59, 183, 102, 54, 188, 228, 196, 169, 184, 126, 44, 61, 113, 245, 149, 70, 105, 24, 2, 85, 50, 201, 199, 219, 216, 229, 153, 152, 146, 78, 240, 194, 172, 213, 205, 95, 206, 212, 5, 140, 42, 4, 47, 66, 46, 161, 92, 65, 185, 180, 127, 62, 235, 35, 197, 138, 38, 111, 250, 25, 178, 192, 107, 165, 76, 103, 122, 8, 163, 177, 200, 151, 218, 16, 242, 217, 91, 215, 104, 156, 23, 6, 34, 133, 19, 71, 144, 98, 52, 13, 233, 248, 51, 117, 30, 221, 7, 150, 89, 159, 128, 31, 1, 88, 135, 106, 252, 93, 225, 137, 53, 56, 14, 198, 20, 3, 224, 244, 136, 41, 68, 174, 190, 202, 79, 90, 28, 81, 77, 11, 158, 220]",5c801dab63c5904d19036564fc01723507f00995cf38f1539fa038c5d597ae24,5a1d7451af61cface40f937655e82cfe8b4481f53fefc77bd57a487476eb9a71,5a1d7451af61cface40f937655e82cfe8b4481f53fefc77bd57a487476eb9a71
420012,0.008333333333333333,0.25,240,True,True,"[129, 72, 171, 91, 100, 34, 2, 115, 33, 248, 149, 114, 185, 194, 210, 119, 81, 204, 181, 54, 71, 24, 104, 28, 52, 139, 48, 156, 99, 123, 82, 105, 215, 201, 73, 200, 27, 112, 145, 177, 103, 17, 240, 207, 180, 239, 153, 243, 117, 43, 89, 18, 195, 45, 68, 251, 245, 130, 255, 136, 37, 47, 88, 131, 152, 0, 10, 90, 209, 157, 141, 236, 126, 218, 212, 79, 5, 206, 83, 151, 40, 75, 160, 144, 134, 46, 165, 173, 53, 125, 98, 182, 244, 12, 223, 118, 87, 230, 170, 246, 142, 94, 150, 199, 69, 190, 39, 154, 225, 93, 97, 253, 21, 238, 8, 186, 38, 1, 163, 22, 6, 167, 237, 159, 161, 188, 176, 169, 120, 164, 44, 62, 250, 80, 252, 242, 4, 191, 228, 51, 214, 26, 196, 65, 166, 184, 187, 56, 197, 241, 221, 127, 138, 64, 148, 14, 95, 77, 32, 78, 58, 42, 198, 155, 235, 29, 135, 107, 217, 219, 7, 19, 175, 147, 162, 61, 179, 232, 226, 140, 36, 192, 67, 92, 111, 86, 30, 158, 183, 3, 222, 23, 63, 15, 57, 121, 202, 106, 76, 9, 96, 172, 234, 254, 50, 132, 25, 101, 59, 133, 216, 11, 13, 231, 66, 220, 116, 174, 203, 193, 208, 229, 49, 213, 249, 110, 189, 137, 20, 233, 211, 55, 128, 41, 205, 60, 227, 108, 70, 35, 113, 146, 74, 31, 84, 124, 102, 178, 168, 109, 143, 247, 224, 122, 85, 16]",8bae1078b79d185181ed1d64763392b02c07b0fe22d401d721a37774974e0dfc,80abac6fb7ffd7c9238e3bf45293dfaf9c217aef28872aa7e1fe1764c109b5cc,80abac6fb7ffd7c9238e3bf45293dfaf9c217aef28872aa7e1fe1764c109b5cc
420012,0.008333333333333333,0.5,240,True,True,"[190, 45, 187, 7, 139, 176, 177, 91, 122, 98, 32, 235, 164, 16, 70, 227, 37, 84, 221, 131, 50, 54, 46, 107, 134, 157, 196, 171, 110, 57, 92, 197, 135, 10, 246, 49, 108, 52, 203, 191, 68, 130, 253, 104, 193, 230, 28, 48, 216, 128, 211, 160, 156, 248, 105, 229, 17, 223, 178, 115, 76, 73, 3, 121, 179, 75, 29, 18, 77, 86, 81, 220, 152, 22, 38, 209, 214, 215, 151, 102, 138, 158, 96, 241, 119, 123, 112, 93, 55, 109, 39, 242, 204, 226, 101, 19, 1, 41, 206, 240, 142, 111, 74, 71, 219, 56, 64, 188, 89, 145, 162, 153, 141, 202, 124, 205, 15, 207, 5, 228, 195, 184, 59, 23, 9, 140, 147, 85, 60, 136, 31, 132, 200, 66, 210, 30, 26, 34, 194, 180, 99, 165, 8, 4, 47, 6, 53, 67, 174, 232, 103, 143, 201, 175, 100, 127, 234, 42, 0, 182, 94, 149, 97, 82, 233, 44, 116, 120, 25, 80, 146, 43, 24, 169, 225, 161, 11, 106, 78, 133, 62, 244, 217, 20, 69, 250, 113, 13, 90, 14, 243, 87, 12, 245, 254, 252, 21, 33, 51, 163, 255, 247, 218, 40, 2, 125, 183, 199, 213, 114, 154, 148, 65, 58, 236, 185, 172, 61, 126, 189, 35, 208, 231, 212, 167, 198, 168, 79, 224, 27, 186, 239, 251, 181, 155, 192, 222, 72, 249, 36, 118, 88, 63, 150, 173, 83, 117, 144, 238, 159, 170, 166, 137, 95, 129, 237]",0970eb7287c36b9100884e34f71c629cb8e632f0f60c89b4a13a53ed6a18d129,a58f3f38ad9a73f41a45989d81248694ef0d9cd1fca8475e3acee8eca10786de,a58f3f38ad9a73f41a45989d81248694ef0d9cd1fca8475e3acee8eca10786de
420012,0.008333333333333333,0.75,240,True,True,"[193, 67, 65, 71, 236, 30, 121, 45, 156, 206, 178, 59, 51, 164, 103, 170, 182, 87, 64, 86, 250, 161, 2, 174, 248, 127, 202, 83, 200, 9, 212, 40, 252, 11, 23, 166, 73, 249, 229, 228, 214, 179, 119, 58, 143, 137, 90, 105, 19, 74, 42, 175, 227, 244, 20, 113, 66, 209, 189, 217, 89, 185, 44, 213, 55, 243, 93, 210, 220, 35, 207, 145, 54, 126, 144, 62, 1, 31, 5, 117, 25, 141, 78, 4, 46, 13, 245, 56, 108, 192, 7, 94, 24, 37, 14, 223, 70, 81, 128, 120, 111, 136, 230, 149, 125, 247, 148, 114, 159, 82, 8, 251, 17, 226, 232, 162, 96, 92, 43, 195, 32, 135, 97, 183, 242, 147, 208, 110, 38, 33, 77, 80, 151, 50, 140, 180, 57, 224, 160, 176, 211, 237, 246, 99, 241, 169, 165, 101, 52, 201, 191, 203, 3, 36, 157, 219, 154, 204, 21, 76, 88, 139, 239, 69, 129, 133, 107, 231, 158, 15, 26, 199, 215, 146, 238, 28, 235, 34, 53, 254, 118, 10, 98, 124, 63, 181, 112, 216, 85, 104, 150, 152, 234, 205, 177, 0, 49, 186, 163, 142, 131, 196, 153, 167, 48, 22, 75, 84, 221, 194, 132, 39, 102, 172, 190, 197, 130, 61, 233, 109, 225, 12, 184, 240, 16, 222, 100, 72, 116, 173, 138, 122, 27, 134, 123, 155, 91, 218, 47, 253, 198, 68, 6, 95, 60, 106, 79, 115, 29, 255, 18, 41, 168, 171, 188, 187]",5416d94fdc46795845dc8737fb0293671085a84b17a020006a30725dc4007441,1988ed4736a7747e00e5636ac35ad5325a8e192193f6c5c0bfaaf4c91d26cf3b,1988ed4736a7747e00e5636ac35ad5325a8e192193f6c5c0bfaaf4c91d26cf3b
420012,0.025,0.25,240,True,True,"[13, 54, 53, 174, 238, 189, 20, 183, 102, 96, 206, 55, 99, 57, 210, 46, 152, 208, 163, 30, 245, 199, 26, 44, 254, 233, 38, 207, 244, 230, 11, 150, 148, 116, 32, 173, 209, 76, 107, 250, 79, 58, 236, 118, 15, 50, 29, 24, 49, 172, 176, 147, 97, 178, 34, 222, 117, 242, 216, 36, 164, 83, 110, 180, 5, 112, 170, 61, 59, 105, 4, 23, 94, 81, 72, 47, 35, 169, 7, 74, 66, 185, 139, 220, 141, 64, 204, 190, 234, 156, 197, 80, 195, 135, 131, 137, 120, 251, 56, 160, 247, 171, 211, 27, 0, 78, 65, 223, 48, 21, 181, 200, 225, 142, 194, 228, 240, 252, 1, 214, 51, 129, 188, 67, 31, 106, 167, 16, 132, 138, 63, 100, 95, 219, 229, 166, 158, 239, 33, 249, 237, 52, 90, 153, 87, 196, 119, 82, 22, 42, 154, 192, 155, 12, 111, 212, 162, 9, 39, 37, 205, 101, 134, 179, 246, 177, 202, 75, 124, 126, 123, 213, 70, 231, 8, 89, 217, 40, 203, 191, 10, 104, 127, 108, 109, 92, 159, 144, 68, 227, 175, 115, 2, 125, 241, 201, 98, 71, 114, 140, 226, 60, 45, 215, 149, 17, 69, 243, 85, 136, 187, 165, 253, 248, 103, 184, 25, 143, 93, 145, 232, 128, 14, 161, 182, 218, 130, 3, 19, 113, 88, 221, 133, 43, 186, 86, 6, 62, 224, 157, 41, 121, 235, 77, 84, 255, 193, 151, 18, 91, 198, 146, 28, 122, 73, 168]",55610df83ba13b5343929827c6891f6ff1b1da3828a8b0b23e53b2f25a9e8f19,d3b21f521b9956f9ced75edcabacbc7314f3f16d442d0429f3022d278dc60d0c,d3b21f521b9956f9ced75edcabacbc7314f3f16d442d0429f3022d278dc60d0c
420012,0.025,0.5,240,True,True,"[128, 230, 190, 210, 214, 0, 123, 53, 65, 82, 228, 143, 186, 240, 39, 40, 254, 181, 121, 141, 217, 134, 252, 97, 137, 239, 138, 249, 233, 49, 185, 219, 165, 218, 83, 207, 223, 175, 189, 41, 238, 251, 76, 21, 20, 28, 108, 139, 153, 36, 59, 229, 222, 129, 193, 156, 77, 95, 54, 51, 247, 246, 58, 6, 188, 46, 43, 22, 179, 67, 64, 184, 90, 72, 88, 248, 114, 106, 91, 155, 56, 63, 243, 168, 242, 176, 221, 225, 47, 124, 23, 79, 196, 197, 2, 162, 119, 50, 71, 80, 148, 10, 178, 192, 29, 62, 107, 11, 120, 130, 145, 93, 45, 236, 204, 206, 202, 12, 98, 122, 30, 19, 159, 3, 163, 160, 146, 8, 84, 237, 131, 166, 87, 226, 42, 147, 115, 112, 52, 105, 149, 212, 211, 86, 16, 126, 151, 227, 180, 61, 66, 102, 27, 195, 127, 172, 60, 136, 100, 69, 1, 199, 125, 99, 117, 35, 74, 26, 44, 96, 245, 113, 191, 253, 73, 187, 231, 7, 213, 104, 198, 235, 194, 171, 116, 25, 110, 14, 111, 170, 154, 85, 220, 255, 169, 152, 232, 209, 57, 167, 203, 118, 215, 33, 31, 78, 38, 89, 133, 103, 55, 9, 17, 37, 94, 34, 81, 132, 92, 158, 157, 241, 224, 18, 101, 182, 13, 201, 135, 15, 250, 244, 205, 142, 32, 150, 4, 200, 144, 109, 24, 177, 161, 174, 5, 140, 48, 70, 208, 68, 234, 183, 75, 164, 173, 216]",52c6dda9550236eadc616c1f9138ad36c4a4dbde5e015ebde4de2fe06d346fe4,ab0ffe83a2f93b1c1915e7aa327ed7d9513eb3fd8d1e7c58113a30b08cd9ea2c,ab0ffe83a2f93b1c1915e7aa327ed7d9513eb3fd8d1e7c58113a30b08cd9ea2c
420012,0.025,0.75,240,True,True,"[18, 153, 177, 206, 189, 174, 91, 74, 147, 201, 77, 63, 53, 167, 143, 204, 235, 255, 31, 38, 168, 84, 246, 48, 87, 123, 62, 244, 139, 128, 78, 42, 119, 28, 240, 126, 225, 92, 243, 102, 129, 154, 202, 35, 37, 73, 160, 229, 180, 115, 250, 159, 61, 185, 182, 142, 179, 108, 85, 120, 39, 156, 98, 193, 88, 118, 254, 89, 45, 223, 3, 49, 24, 82, 32, 86, 150, 218, 106, 173, 237, 183, 17, 186, 0, 214, 51, 20, 114, 219, 52, 58, 134, 175, 130, 215, 211, 25, 68, 104, 208, 14, 164, 27, 100, 57, 16, 228, 80, 36, 29, 79, 19, 207, 5, 172, 187, 230, 231, 117, 110, 224, 161, 176, 148, 41, 236, 188, 44, 103, 249, 81, 15, 178, 149, 122, 205, 71, 165, 2, 166, 144, 70, 194, 83, 64, 135, 233, 221, 21, 105, 59, 121, 107, 216, 12, 109, 133, 40, 132, 116, 220, 34, 50, 222, 76, 248, 6, 238, 67, 11, 151, 46, 155, 131, 90, 195, 152, 43, 146, 136, 227, 8, 111, 26, 93, 157, 140, 30, 141, 13, 33, 200, 232, 245, 60, 247, 124, 203, 217, 181, 138, 190, 56, 72, 94, 210, 163, 137, 112, 47, 196, 10, 191, 113, 4, 96, 9, 197, 145, 184, 95, 7, 234, 22, 199, 1, 23, 75, 213, 242, 171, 65, 125, 198, 69, 209, 162, 239, 252, 226, 192, 251, 101, 66, 241, 99, 55, 212, 127, 158, 169, 170, 97, 54, 253]",5678a30e61806babf95ebc54fd6a071d495ec5baac2eab3eca5fd05690e9e177,88d2ecac3aa4709340f9813a5dabfb0fe1f32de8414f7f9d3726443ee5ed3dfa,88d2ecac3aa4709340f9813a5dabfb0fe1f32de8414f7f9d3726443ee5ed3dfa
420013,0.004166666666666667,0.25,240,True,True,"[25, 43, 7, 115, 52, 163, 142, 203, 114, 153, 165, 32, 136, 179, 217, 214, 232, 191, 246, 2, 226, 79, 215, 220, 199, 148, 96, 21, 207, 0, 62, 162, 97, 236, 209, 156, 210, 75, 119, 166, 151, 192, 168, 152, 252, 186, 242, 172, 238, 230, 36, 233, 22, 23, 125, 221, 105, 48, 69, 92, 137, 204, 68, 131, 167, 74, 37, 47, 103, 161, 30, 16, 175, 174, 3, 55, 40, 149, 177, 98, 50, 63, 81, 157, 6, 41, 187, 184, 5, 111, 77, 171, 160, 113, 76, 67, 146, 19, 190, 14, 182, 202, 42, 223, 229, 58, 93, 178, 29, 64, 90, 15, 94, 254, 159, 4, 189, 73, 91, 45, 110, 154, 39, 250, 112, 158, 127, 44, 46, 99, 12, 121, 201, 224, 150, 86, 141, 53, 128, 212, 197, 84, 87, 49, 101, 195, 225, 35, 109, 129, 38, 147, 34, 102, 134, 106, 196, 120, 241, 200, 247, 216, 249, 31, 143, 27, 219, 104, 176, 65, 9, 239, 80, 89, 82, 173, 54, 57, 234, 133, 228, 83, 170, 139, 218, 26, 13, 72, 118, 144, 126, 206, 188, 243, 132, 123, 155, 240, 107, 244, 183, 20, 130, 222, 108, 124, 198, 100, 17, 78, 28, 194, 24, 164, 227, 70, 231, 211, 185, 117, 205, 51, 88, 140, 253, 213, 1, 235, 245, 237, 59, 11, 56, 169, 193, 71, 251, 60, 8, 61, 85, 145, 18, 135, 208, 248, 116, 255, 138, 122, 181, 10, 66, 180, 95, 33]",e4fa06eb3ee4b6a381ed3a6655558ab2c47621faa69f85331185bde8ea892a98,d40e3ac6211adc44a945bf2ec32ed100f25566b7a3e248a42babe2311ecc9113,d40e3ac6211adc44a945bf2ec32ed100f25566b7a3e248a42babe2311ecc9113
420013,0.004166666666666667,0.5,240,True,True,"[74, 43, 150, 93, 56, 42, 54, 241, 152, 88, 29, 106, 8, 211, 116, 231, 33, 191, 170, 49, 233, 141, 89, 118, 62, 78, 138, 215, 83, 112, 205, 153, 28, 120, 92, 202, 244, 176, 107, 25, 109, 162, 10, 236, 208, 145, 218, 63, 155, 201, 221, 160, 67, 158, 192, 1, 41, 197, 70, 34, 228, 130, 178, 124, 179, 188, 133, 23, 206, 4, 94, 195, 80, 213, 226, 203, 0, 135, 2, 52, 210, 119, 47, 223, 235, 157, 121, 253, 129, 73, 95, 217, 184, 146, 105, 230, 91, 127, 100, 26, 196, 163, 9, 175, 248, 61, 180, 99, 5, 224, 177, 225, 65, 243, 171, 154, 76, 90, 102, 60, 252, 212, 204, 96, 222, 114, 247, 136, 115, 214, 189, 139, 57, 108, 32, 254, 59, 219, 232, 18, 27, 75, 207, 182, 22, 134, 69, 198, 199, 86, 48, 101, 11, 234, 79, 16, 36, 81, 167, 15, 111, 144, 24, 103, 242, 31, 209, 110, 87, 104, 98, 166, 216, 40, 173, 159, 143, 227, 123, 71, 19, 193, 38, 97, 66, 85, 250, 55, 122, 147, 20, 72, 165, 169, 190, 140, 156, 17, 174, 45, 164, 58, 50, 148, 35, 142, 246, 13, 240, 21, 126, 168, 131, 220, 187, 128, 137, 229, 82, 51, 194, 132, 117, 237, 186, 68, 3, 113, 251, 7, 64, 37, 12, 151, 84, 77, 183, 200, 6, 238, 172, 46, 239, 185, 53, 39, 249, 245, 44, 30, 14, 181, 255, 161, 149, 125]",0a5d78c5eb201c168d28ad1a6775f637cd4b807fe2fe77bbb17367fea73f9105,69fab91aea6d29f1af7cc4671cd1d994a5cfa26da67a5ab6fce2ca05429a6496,69fab91aea6d29f1af7cc4671cd1d994a5cfa26da67a5ab6fce2ca05429a6496
420013,0.004166666666666667,0.75,240,True,True,"[120, 79, 89, 80, 112, 21, 248, 108, 191, 219, 131, 103, 175, 93, 63, 98, 77, 238, 220, 17, 236, 13, 230, 36, 154, 69, 152, 51, 195, 88, 74, 197, 242, 57, 194, 146, 122, 246, 95, 132, 138, 155, 139, 23, 165, 123, 66, 60, 32, 137, 140, 224, 99, 143, 149, 34, 244, 110, 8, 213, 153, 96, 186, 50, 231, 249, 58, 61, 121, 156, 162, 38, 190, 106, 125, 127, 255, 104, 203, 40, 245, 26, 170, 159, 64, 235, 87, 144, 22, 86, 70, 243, 188, 204, 239, 128, 221, 41, 107, 192, 157, 47, 9, 169, 211, 202, 234, 81, 105, 150, 227, 217, 71, 136, 53, 82, 141, 84, 75, 178, 37, 18, 206, 241, 119, 85, 205, 30, 147, 145, 115, 163, 182, 196, 229, 172, 27, 48, 226, 201, 56, 135, 161, 167, 49, 214, 91, 158, 43, 177, 240, 2, 14, 5, 130, 189, 184, 15, 148, 31, 124, 126, 6, 208, 44, 12, 133, 198, 166, 55, 199, 72, 83, 4, 216, 76, 52, 114, 45, 28, 67, 134, 232, 78, 247, 33, 11, 181, 215, 65, 168, 179, 118, 180, 185, 160, 25, 183, 225, 209, 174, 101, 46, 35, 250, 111, 129, 210, 24, 187, 94, 68, 59, 54, 254, 10, 117, 218, 200, 97, 251, 142, 253, 173, 228, 42, 193, 252, 1, 3, 109, 233, 222, 0, 19, 223, 102, 164, 62, 39, 176, 92, 212, 100, 171, 20, 151, 7, 73, 237, 207, 29, 113, 116, 90, 16]",01d14c9801b9982e189bada67d31d8da7c21f24910869700e148bc3d9586225e,338dfb6fa236ea018b1b92356f481d0969fc09d2ae0c575a1882f777460fdd75,338dfb6fa236ea018b1b92356f481d0969fc09d2ae0c575a1882f777460fdd75
420013,0.008333333333333333,0.25,240,True,True,"[26, 132, 230, 252, 211, 24, 33, 245, 191, 52, 125, 150, 63, 207, 37, 75, 135, 115, 41, 14, 129, 173, 209, 130, 64, 58, 171, 22, 38, 27, 88, 178, 106, 232, 137, 167, 154, 40, 148, 197, 119, 141, 159, 181, 82, 168, 201, 226, 251, 55, 203, 177, 249, 160, 236, 25, 246, 72, 247, 87, 248, 117, 95, 241, 59, 192, 70, 90, 187, 166, 174, 78, 96, 67, 85, 50, 126, 57, 183, 45, 105, 152, 224, 43, 228, 69, 18, 243, 98, 101, 238, 112, 208, 162, 194, 190, 93, 184, 107, 215, 189, 134, 84, 222, 143, 35, 196, 21, 113, 0, 229, 1, 15, 161, 20, 68, 79, 23, 3, 30, 73, 31, 153, 16, 205, 110, 97, 218, 19, 34, 231, 42, 62, 139, 220, 94, 61, 44, 51, 5, 32, 140, 76, 240, 200, 219, 81, 149, 48, 221, 255, 212, 60, 164, 116, 29, 71, 213, 102, 244, 188, 180, 121, 4, 131, 91, 127, 13, 99, 204, 186, 179, 114, 2, 123, 80, 47, 163, 157, 155, 146, 118, 156, 223, 86, 175, 65, 235, 145, 217, 199, 28, 7, 182, 195, 176, 165, 225, 46, 242, 56, 54, 39, 77, 158, 120, 142, 103, 111, 193, 74, 210, 206, 92, 17, 144, 8, 138, 10, 83, 198, 11, 237, 128, 108, 239, 170, 254, 124, 136, 227, 9, 234, 185, 147, 122, 66, 214, 151, 89, 202, 53, 250, 104, 169, 233, 6, 216, 133, 109, 12, 100, 36, 49, 172, 253]",b9cc691996d57b7fede01267ba96f8a615f6fa616ee524839871757a2ed25180,e2603970bbc596bed8ec1ddb1bd1b25112797f73f0fd6a68442f14afabc07780,e2603970bbc596bed8ec1ddb1bd1b25112797f73f0fd6a68442f14afabc07780
420013,0.008333333333333333,0.5,240,True,True,"[108, 144, 235, 56, 141, 39, 236, 169, 24, 241, 251, 218, 167, 27, 222, 246, 145, 41, 99, 75, 45, 129, 32, 89, 245, 156, 152, 95, 193, 137, 184, 183, 254, 79, 6, 93, 19, 48, 128, 162, 3, 82, 164, 40, 29, 106, 103, 43, 94, 207, 81, 188, 212, 55, 220, 210, 244, 130, 36, 61, 63, 120, 131, 172, 209, 216, 4, 76, 11, 190, 149, 109, 160, 153, 46, 146, 133, 8, 68, 7, 140, 59, 191, 119, 69, 127, 132, 17, 189, 117, 125, 228, 176, 85, 182, 124, 33, 165, 195, 238, 116, 49, 15, 225, 64, 126, 248, 20, 100, 173, 67, 205, 204, 180, 80, 13, 54, 175, 199, 30, 101, 51, 142, 151, 148, 84, 1, 197, 107, 138, 42, 223, 200, 143, 70, 159, 71, 215, 163, 37, 111, 135, 168, 213, 18, 87, 250, 88, 113, 102, 74, 171, 14, 198, 179, 229, 253, 2, 78, 211, 98, 25, 86, 139, 10, 23, 237, 91, 202, 16, 122, 66, 217, 114, 147, 206, 201, 187, 52, 38, 231, 242, 243, 28, 90, 247, 181, 62, 194, 9, 249, 105, 97, 214, 221, 227, 234, 92, 57, 123, 161, 72, 104, 240, 96, 21, 174, 170, 53, 226, 192, 121, 158, 22, 112, 47, 12, 233, 73, 58, 35, 196, 155, 178, 232, 31, 252, 150, 110, 5, 177, 157, 134, 77, 203, 26, 185, 208, 224, 230, 136, 44, 118, 166, 219, 115, 65, 83, 34, 60, 154, 186, 0, 255, 239, 50]",e26726e2aa4d629f7fa2a556960989ca9311a7e5e1f94e6572a80e8c20b61540,585e69884dc2ed69019359af7857fdfc633d02f6f6d01fccd1a203a0a2cb8d23,585e69884dc2ed69019359af7857fdfc633d02f6f6d01fccd1a203a0a2cb8d23
420013,0.008333333333333333,0.75,240,True,True,"[48, 200, 229, 104, 91, 145, 134, 4, 109, 139, 21, 24, 77, 212, 150, 215, 197, 94, 187, 116, 199, 112, 43, 34, 66, 204, 81, 8, 119, 40, 132, 237, 148, 44, 129, 33, 155, 13, 191, 144, 6, 211, 241, 210, 243, 14, 115, 251, 153, 79, 159, 249, 74, 63, 181, 230, 19, 25, 56, 142, 233, 65, 103, 113, 7, 166, 59, 248, 206, 131, 90, 231, 37, 47, 68, 146, 208, 186, 147, 235, 29, 92, 224, 163, 127, 238, 141, 180, 85, 97, 157, 253, 80, 102, 61, 143, 99, 165, 177, 28, 39, 164, 0, 217, 122, 239, 86, 174, 175, 76, 198, 255, 254, 195, 193, 22, 221, 130, 222, 120, 111, 190, 168, 9, 50, 149, 5, 10, 179, 242, 31, 202, 27, 84, 38, 45, 182, 118, 152, 252, 226, 244, 128, 250, 213, 18, 189, 162, 67, 107, 196, 170, 137, 36, 216, 140, 205, 15, 53, 87, 11, 201, 88, 60, 71, 232, 123, 62, 20, 228, 121, 172, 32, 214, 95, 240, 236, 16, 173, 69, 17, 105, 52, 124, 3, 70, 246, 2, 209, 133, 156, 167, 125, 247, 83, 207, 89, 46, 220, 194, 183, 57, 192, 223, 219, 169, 96, 171, 55, 136, 161, 78, 151, 58, 135, 100, 35, 93, 101, 225, 234, 23, 73, 160, 138, 218, 185, 110, 245, 1, 42, 49, 51, 75, 108, 126, 12, 114, 117, 178, 64, 41, 188, 72, 30, 54, 184, 176, 26, 158, 106, 154, 82, 98, 227, 203]",89d6313bcd841c51f2128ea73841c3ec79bf1394e70b20cb9f8f8c530ec09aee,b9fdc3134fc5b79c2f256dfe07185d2080dda871d61143eb6c74736f644cff4e,b9fdc3134fc5b79c2f256dfe07185d2080dda871d61143eb6c74736f644cff4e
420013,0.025,0.25,240,True,True,"[20, 220, 86, 84, 19, 61, 231, 250, 159, 193, 169, 16, 177, 180, 103, 120, 43, 137, 222, 59, 79, 130, 89, 214, 102, 191, 118, 71, 251, 168, 192, 139, 216, 174, 181, 10, 107, 55, 73, 51, 157, 12, 65, 175, 133, 7, 32, 155, 213, 69, 93, 112, 211, 22, 189, 145, 17, 27, 127, 101, 105, 131, 178, 66, 111, 221, 8, 242, 179, 56, 76, 117, 125, 99, 236, 190, 124, 224, 218, 68, 252, 199, 162, 30, 92, 122, 152, 153, 9, 215, 126, 119, 163, 95, 244, 228, 154, 104, 54, 176, 147, 26, 36, 110, 229, 170, 60, 149, 74, 25, 241, 40, 1, 165, 42, 128, 62, 39, 83, 33, 207, 160, 156, 227, 226, 233, 246, 41, 138, 243, 15, 195, 185, 144, 129, 171, 14, 141, 28, 209, 90, 77, 44, 97, 45, 109, 64, 247, 255, 38, 0, 80, 245, 150, 58, 98, 78, 108, 237, 235, 194, 151, 166, 4, 230, 205, 31, 85, 46, 5, 142, 100, 35, 6, 136, 123, 18, 63, 53, 202, 239, 212, 57, 50, 204, 240, 206, 183, 94, 146, 132, 172, 164, 67, 88, 196, 106, 49, 143, 210, 188, 11, 52, 187, 34, 238, 23, 81, 184, 91, 47, 70, 21, 203, 248, 140, 75, 96, 121, 208, 3, 2, 37, 232, 217, 173, 113, 234, 254, 167, 135, 24, 158, 182, 219, 114, 197, 186, 253, 198, 13, 48, 72, 201, 116, 249, 134, 82, 87, 148, 29, 223, 200, 225, 161, 115]",59b17a06ef4f55af4ead89e6b7d99f4bba8cdbaccabf7dfa103cc1a06609f8bc,5d008f72fcce9e979da11302b13a82e6e7867450e54211254cddde4d57607115,5d008f72fcce9e979da11302b13a82e6e7867450e54211254cddde4d57607115
420013,0.025,0.5,240,True,True,"[104, 242, 77, 185, 145, 35, 190, 235, 120, 94, 70, 246, 241, 139, 161, 19, 222, 208, 151, 247, 5, 6, 230, 177, 202, 113, 149, 217, 175, 45, 157, 42, 54, 196, 111, 66, 90, 162, 173, 65, 39, 12, 91, 218, 107, 189, 38, 81, 146, 96, 216, 130, 136, 60, 212, 199, 229, 7, 124, 30, 122, 198, 72, 100, 125, 233, 109, 92, 183, 14, 135, 51, 225, 176, 47, 56, 232, 25, 138, 67, 228, 237, 126, 4, 152, 99, 205, 141, 71, 203, 58, 144, 123, 26, 234, 33, 119, 129, 112, 134, 137, 0, 9, 116, 163, 34, 150, 209, 13, 153, 236, 79, 61, 188, 28, 226, 3, 48, 23, 53, 105, 69, 253, 27, 24, 254, 40, 210, 106, 101, 102, 155, 206, 187, 172, 195, 103, 200, 221, 156, 87, 249, 239, 140, 108, 63, 10, 16, 62, 55, 181, 95, 11, 255, 223, 76, 148, 64, 160, 115, 201, 165, 179, 133, 231, 86, 127, 215, 75, 20, 213, 80, 2, 89, 158, 224, 220, 32, 21, 110, 43, 182, 143, 57, 219, 154, 159, 171, 8, 22, 170, 50, 178, 214, 73, 88, 74, 84, 83, 118, 36, 117, 227, 128, 29, 82, 41, 142, 164, 49, 97, 168, 98, 240, 197, 166, 174, 180, 243, 17, 167, 18, 250, 132, 121, 52, 207, 44, 204, 31, 78, 211, 245, 1, 169, 131, 85, 59, 252, 193, 251, 114, 194, 93, 37, 15, 192, 147, 186, 248, 238, 68, 191, 46, 244, 184]",6c6244d89358b43f97ae046f21e672bb2cd04d7868703176c412456d228437b5,4406f4b770724c7855dbe4b5dae0210536ae2f0e4aedd0501b90e9b6c4f13915,4406f4b770724c7855dbe4b5dae0210536ae2f0e4aedd0501b90e9b6c4f13915
420013,0.025,0.75,240,True,True,"[124, 133, 74, 19, 25, 188, 16, 176, 130, 105, 115, 81, 143, 20, 111, 75, 215, 11, 28, 31, 3, 169, 159, 151, 49, 26, 211, 48, 67, 35, 140, 177, 229, 219, 128, 86, 210, 181, 138, 201, 79, 220, 61, 78, 93, 77, 112, 91, 9, 10, 29, 223, 5, 243, 144, 98, 167, 100, 171, 191, 239, 34, 208, 27, 160, 56, 106, 63, 136, 2, 90, 33, 118, 37, 95, 197, 154, 190, 114, 222, 228, 214, 139, 164, 123, 149, 204, 59, 221, 216, 198, 21, 129, 150, 162, 127, 51, 113, 4, 179, 218, 213, 71, 241, 119, 92, 39, 161, 248, 7, 69, 147, 253, 189, 195, 85, 224, 168, 178, 158, 200, 141, 44, 203, 80, 246, 117, 76, 217, 73, 14, 233, 89, 172, 240, 15, 199, 226, 236, 54, 185, 244, 235, 122, 103, 96, 225, 58, 251, 182, 87, 230, 24, 12, 84, 40, 65, 101, 153, 131, 83, 53, 1, 194, 43, 72, 137, 64, 57, 165, 173, 202, 17, 125, 238, 166, 116, 46, 88, 155, 237, 50, 107, 109, 0, 254, 110, 247, 126, 52, 99, 148, 13, 132, 255, 134, 152, 184, 23, 175, 18, 242, 193, 30, 234, 249, 45, 212, 42, 183, 41, 163, 245, 60, 186, 8, 192, 227, 102, 187, 120, 38, 231, 180, 22, 55, 121, 82, 174, 252, 68, 70, 6, 36, 94, 196, 62, 206, 145, 250, 209, 135, 47, 205, 157, 66, 97, 156, 142, 146, 108, 32, 170, 104, 207, 232]",4fe437711f7eb7b37472d86f4654d20b71c2b7d8b828d95a850ef4592e4bc9c5,55ba693db4371243412200ee03493b91dc1cdfef349ae1a5f73ffa5debc2552e,55ba693db4371243412200ee03493b91dc1cdfef349ae1a5f73ffa5debc2552e
420014,0.004166666666666667,0.25,240,True,True,"[87, 179, 147, 188, 183, 20, 15, 222, 120, 243, 223, 24, 85, 44, 18, 168, 205, 123, 180, 158, 111, 5, 52, 218, 130, 34, 56, 231, 134, 165, 235, 79, 193, 30, 230, 157, 250, 7, 94, 28, 192, 17, 1, 145, 199, 211, 66, 203, 45, 143, 107, 227, 27, 61, 57, 242, 146, 153, 97, 124, 171, 88, 248, 162, 217, 89, 33, 3, 194, 226, 100, 64, 207, 96, 43, 137, 144, 152, 80, 60, 59, 150, 9, 4, 139, 78, 71, 22, 239, 170, 49, 69, 249, 245, 93, 224, 25, 53, 229, 98, 21, 38, 135, 67, 202, 208, 55, 117, 118, 99, 86, 228, 237, 219, 70, 213, 167, 187, 92, 198, 140, 214, 138, 32, 46, 151, 128, 14, 54, 148, 23, 125, 51, 109, 247, 112, 200, 74, 204, 62, 241, 2, 95, 133, 184, 121, 110, 216, 251, 40, 142, 176, 185, 166, 129, 186, 163, 77, 197, 73, 10, 48, 156, 173, 83, 246, 233, 42, 195, 206, 182, 201, 164, 91, 119, 126, 90, 220, 113, 172, 225, 102, 108, 58, 215, 19, 154, 196, 181, 41, 160, 122, 175, 12, 81, 240, 189, 127, 16, 29, 101, 209, 132, 72, 11, 68, 8, 221, 149, 115, 84, 65, 47, 13, 141, 0, 169, 238, 50, 131, 136, 252, 234, 159, 161, 174, 106, 114, 26, 31, 255, 75, 253, 6, 190, 232, 39, 191, 254, 236, 116, 104, 35, 105, 212, 36, 37, 63, 177, 244, 76, 178, 103, 210, 155, 82]",7302b8f76d4c180a87c7ad2c667332bb7a6d43bc36ff6e5b1ba4f31bd9cb50bb,00f24cdcd566046eee4f362b351c53cdc143e68e4fb00c0f9c0dc8867924b357,00f24cdcd566046eee4f362b351c53cdc143e68e4fb00c0f9c0dc8867924b357
420014,0.004166666666666667,0.5,240,True,True,"[240, 164, 8, 245, 174, 60, 95, 192, 69, 218, 52, 154, 234, 187, 242, 33, 136, 193, 183, 124, 109, 175, 81, 55, 20, 28, 27, 125, 231, 19, 208, 34, 120, 237, 115, 249, 116, 217, 1, 36, 31, 140, 146, 186, 196, 162, 151, 147, 68, 207, 111, 197, 184, 16, 78, 241, 61, 32, 71, 232, 106, 26, 239, 4, 144, 213, 119, 198, 247, 103, 43, 91, 153, 75, 47, 252, 185, 66, 129, 235, 228, 181, 211, 79, 254, 233, 236, 96, 122, 170, 76, 177, 84, 141, 137, 63, 45, 143, 132, 246, 57, 86, 51, 22, 145, 24, 89, 168, 152, 171, 87, 72, 25, 189, 123, 5, 77, 50, 9, 182, 41, 110, 112, 38, 82, 157, 83, 250, 202, 221, 99, 98, 212, 97, 128, 199, 229, 226, 104, 17, 166, 108, 194, 101, 37, 29, 56, 172, 173, 107, 126, 150, 179, 15, 85, 100, 21, 59, 135, 142, 214, 70, 216, 35, 203, 3, 209, 65, 7, 219, 176, 134, 64, 224, 158, 49, 88, 148, 220, 156, 178, 238, 200, 127, 102, 13, 93, 30, 223, 210, 206, 138, 54, 227, 48, 67, 244, 44, 222, 133, 167, 23, 243, 18, 114, 139, 105, 188, 0, 6, 12, 131, 39, 230, 191, 225, 159, 169, 42, 190, 11, 14, 118, 130, 2, 74, 10, 161, 195, 251, 248, 160, 201, 94, 255, 62, 73, 205, 92, 253, 180, 117, 155, 165, 40, 90, 204, 163, 53, 215, 113, 149, 46, 58, 80, 121]",9c916f4e399e10cf6cb2817d9c90338555617f0bbfa33d1609b294cdde10af9c,da74e70432538325e0b97ab14bf4fa7a47fbb6978449aa8e8d28ce3e2315bfd2,da74e70432538325e0b97ab14bf4fa7a47fbb6978449aa8e8d28ce3e2315bfd2
420014,0.004166666666666667,0.75,240,True,True,"[206, 116, 124, 91, 21, 170, 242, 37, 30, 88, 123, 210, 135, 167, 202, 227, 11, 238, 185, 110, 32, 120, 232, 243, 97, 183, 229, 136, 93, 13, 128, 223, 189, 148, 234, 158, 42, 95, 142, 248, 104, 204, 34, 100, 14, 171, 197, 40, 115, 48, 239, 146, 163, 44, 208, 6, 192, 73, 106, 166, 45, 207, 80, 237, 47, 55, 27, 118, 33, 180, 245, 218, 125, 62, 52, 255, 191, 25, 101, 178, 129, 205, 173, 153, 50, 209, 130, 199, 220, 36, 92, 214, 141, 78, 67, 233, 236, 162, 18, 68, 71, 5, 86, 186, 127, 182, 72, 122, 79, 29, 81, 216, 194, 231, 60, 46, 109, 133, 74, 54, 85, 96, 113, 246, 99, 59, 94, 250, 26, 51, 56, 193, 39, 217, 2, 198, 201, 69, 20, 38, 108, 83, 103, 161, 156, 149, 76, 57, 8, 7, 107, 160, 4, 134, 253, 66, 175, 187, 152, 172, 139, 28, 12, 65, 63, 213, 240, 9, 77, 41, 58, 131, 24, 226, 241, 200, 19, 49, 102, 176, 132, 251, 252, 145, 1, 179, 137, 165, 228, 143, 43, 168, 98, 190, 211, 235, 16, 184, 53, 117, 254, 230, 82, 140, 31, 105, 159, 164, 114, 212, 119, 0, 64, 188, 151, 169, 195, 35, 181, 247, 23, 154, 22, 177, 138, 70, 155, 90, 121, 144, 87, 89, 249, 61, 17, 147, 75, 174, 126, 224, 196, 84, 112, 3, 150, 222, 215, 111, 15, 157, 219, 225, 221, 244, 203, 10]",c981c9e1e17628510b9f9dd3e705a953975cc80cd4cd5de446cbe9ae7ab27e62,ac5a606ded15025b1afec72e2dd0fa62981bb25dc04a0a28f00b313eff551c06,ac5a606ded15025b1afec72e2dd0fa62981bb25dc04a0a28f00b313eff551c06
420014,0.008333333333333333,0.25,240,True,True,"[102, 136, 29, 17, 103, 106, 222, 48, 208, 145, 74, 197, 99, 171, 96, 254, 200, 11, 180, 66, 170, 155, 45, 4, 127, 14, 250, 114, 235, 95, 221, 177, 206, 142, 156, 28, 173, 58, 93, 194, 190, 90, 232, 47, 226, 65, 187, 193, 154, 231, 61, 178, 49, 239, 148, 85, 37, 64, 59, 160, 143, 51, 130, 81, 30, 253, 23, 216, 71, 251, 83, 79, 110, 223, 249, 9, 234, 35, 16, 104, 54, 13, 199, 105, 153, 229, 117, 241, 168, 1, 21, 60, 76, 157, 2, 236, 146, 52, 70, 255, 189, 111, 84, 224, 55, 6, 248, 25, 101, 211, 82, 39, 185, 131, 237, 135, 215, 132, 247, 217, 233, 94, 228, 243, 41, 42, 209, 118, 244, 149, 77, 97, 125, 129, 138, 88, 245, 34, 124, 53, 115, 112, 252, 123, 8, 128, 72, 122, 116, 158, 38, 184, 33, 240, 57, 195, 89, 119, 179, 22, 188, 219, 225, 203, 78, 113, 181, 3, 218, 80, 176, 43, 50, 19, 36, 162, 27, 174, 92, 207, 192, 164, 183, 210, 246, 73, 151, 227, 46, 120, 134, 0, 67, 86, 220, 107, 137, 7, 175, 126, 161, 165, 63, 172, 238, 152, 167, 44, 159, 31, 18, 186, 24, 26, 69, 201, 196, 144, 12, 62, 141, 214, 230, 98, 242, 150, 204, 87, 198, 205, 56, 20, 139, 91, 75, 100, 40, 213, 147, 163, 133, 202, 169, 32, 212, 140, 191, 10, 109, 68, 15, 121, 166, 182, 5, 108]",8eaf3eda8ef5d636217186c77e8cac6a7771b1f84896a9d8309709dc7e541b31,94cf0a3d9668a4506d4d94fe2ddf255aa303987aca9c4800e05dc6b8bc832b50,94cf0a3d9668a4506d4d94fe2ddf255aa303987aca9c4800e05dc6b8bc832b50
420014,0.008333333333333333,0.5,240,True,True,"[254, 24, 46, 251, 190, 135, 244, 226, 123, 76, 151, 41, 109, 215, 9, 116, 62, 75, 188, 104, 78, 156, 234, 230, 51, 147, 95, 55, 197, 212, 50, 25, 206, 38, 211, 53, 163, 253, 21, 146, 195, 217, 61, 110, 79, 179, 202, 120, 145, 209, 65, 77, 218, 93, 40, 152, 6, 136, 32, 92, 241, 88, 205, 37, 187, 39, 166, 30, 176, 139, 196, 64, 108, 47, 33, 81, 52, 22, 167, 56, 15, 184, 249, 242, 159, 99, 248, 2, 80, 225, 168, 17, 54, 232, 132, 45, 49, 23, 200, 28, 181, 155, 144, 208, 44, 149, 250, 214, 70, 158, 223, 119, 213, 122, 243, 31, 198, 240, 233, 131, 180, 72, 148, 222, 87, 96, 164, 58, 8, 142, 101, 177, 12, 115, 203, 194, 112, 18, 235, 162, 121, 66, 14, 141, 255, 83, 26, 129, 29, 171, 160, 169, 10, 183, 220, 154, 90, 107, 117, 100, 43, 48, 73, 124, 204, 189, 252, 19, 175, 239, 118, 127, 150, 67, 216, 106, 103, 229, 134, 11, 36, 71, 69, 221, 191, 193, 228, 105, 98, 138, 161, 185, 97, 140, 86, 68, 125, 59, 20, 165, 5, 237, 231, 42, 111, 192, 89, 172, 186, 199, 170, 3, 246, 128, 207, 63, 1, 157, 201, 113, 102, 4, 174, 178, 94, 35, 133, 0, 84, 130, 247, 57, 27, 13, 227, 137, 74, 82, 236, 224, 173, 143, 114, 91, 182, 85, 153, 60, 16, 210, 126, 219, 7, 238, 34, 245]",2335130115cbc2ae17d5017c2281bf9c9125d840105e99f47b0eae1236b093ee,077abb2bb835d5be062cbc842fc5d16ffae0ffea6d3bfc2f67eb5803291c2103,077abb2bb835d5be062cbc842fc5d16ffae0ffea6d3bfc2f67eb5803291c2103
420014,0.008333333333333333,0.75,240,True,True,"[24, 40, 172, 215, 197, 224, 0, 59, 237, 167, 242, 214, 117, 226, 191, 180, 103, 185, 146, 48, 42, 127, 46, 231, 178, 211, 155, 75, 88, 60, 233, 70, 109, 49, 13, 145, 18, 35, 104, 111, 11, 125, 235, 54, 22, 27, 162, 128, 78, 183, 166, 50, 80, 176, 253, 132, 164, 99, 187, 57, 208, 36, 135, 144, 142, 238, 141, 147, 58, 241, 47, 160, 213, 14, 247, 89, 30, 37, 124, 151, 69, 249, 246, 102, 86, 38, 25, 209, 95, 203, 143, 2, 136, 122, 168, 52, 232, 39, 220, 31, 96, 34, 222, 210, 105, 55, 193, 194, 177, 198, 118, 154, 239, 71, 112, 113, 5, 219, 19, 248, 205, 6, 134, 150, 158, 218, 7, 120, 28, 240, 223, 181, 190, 56, 97, 255, 206, 76, 131, 12, 234, 32, 157, 251, 199, 79, 212, 108, 126, 254, 110, 149, 77, 175, 202, 83, 72, 85, 163, 74, 189, 119, 33, 8, 179, 106, 15, 29, 93, 137, 173, 201, 153, 100, 44, 171, 184, 4, 182, 123, 139, 207, 9, 21, 26, 87, 192, 43, 91, 129, 250, 236, 84, 53, 1, 73, 140, 244, 169, 98, 165, 217, 62, 152, 51, 196, 130, 230, 200, 41, 216, 64, 243, 227, 45, 65, 20, 23, 101, 156, 90, 245, 186, 107, 67, 138, 161, 61, 229, 66, 17, 63, 116, 174, 92, 159, 68, 10, 115, 81, 121, 252, 188, 114, 228, 16, 3, 225, 94, 133, 148, 195, 170, 221, 204, 82]",f991320edec3419a2e15e4d98ac7193e035bc4eda656c853977ca3cff68ec12a,57aa71984cbbae6f253cbf6cfb7af787f6a3391e082585fc2003ed69099ce736,57aa71984cbbae6f253cbf6cfb7af787f6a3391e082585fc2003ed69099ce736
420014,0.025,0.25,240,True,True,"[92, 238, 232, 127, 119, 69, 135, 209, 102, 177, 214, 18, 107, 171, 84, 46, 24, 221, 27, 235, 108, 208, 118, 161, 15, 4, 3, 157, 25, 234, 170, 53, 160, 150, 246, 227, 183, 206, 98, 136, 85, 167, 54, 1, 254, 61, 152, 93, 41, 72, 180, 115, 185, 217, 158, 236, 78, 132, 244, 156, 189, 139, 142, 109, 60, 229, 50, 178, 12, 144, 153, 193, 97, 201, 121, 37, 204, 192, 199, 182, 91, 16, 125, 51, 45, 75, 34, 117, 162, 111, 175, 202, 95, 116, 148, 110, 23, 126, 105, 28, 155, 215, 164, 146, 7, 64, 207, 197, 253, 120, 81, 32, 188, 195, 89, 141, 19, 151, 219, 128, 52, 200, 247, 245, 196, 223, 55, 43, 173, 190, 213, 154, 29, 36, 10, 186, 99, 143, 147, 68, 112, 169, 138, 184, 230, 212, 83, 39, 231, 113, 134, 187, 65, 40, 96, 103, 176, 218, 255, 9, 159, 66, 179, 79, 129, 133, 58, 62, 163, 106, 240, 124, 35, 13, 165, 181, 242, 94, 203, 30, 226, 252, 82, 251, 130, 104, 70, 123, 145, 47, 194, 211, 168, 250, 57, 233, 166, 63, 100, 90, 56, 137, 220, 191, 5, 237, 74, 205, 222, 122, 131, 243, 149, 88, 86, 76, 14, 20, 73, 33, 48, 6, 140, 198, 248, 174, 225, 249, 239, 59, 241, 31, 114, 172, 0, 11, 210, 71, 44, 49, 224, 67, 87, 228, 42, 26, 216, 101, 2, 77, 17, 8, 22, 21, 80, 38]",daf36c68f963f1bdfb056861e99b8685d178841bfde9e1fc3b8cce5413d95e24,95a1859546081eb557924882b6dda7520f44b86e3515ac970ae04fc0dd9d2e0f,95a1859546081eb557924882b6dda7520f44b86e3515ac970ae04fc0dd9d2e0f
420014,0.025,0.5,240,True,True,"[213, 146, 119, 20, 226, 115, 202, 185, 10, 112, 2, 41, 62, 198, 188, 11, 32, 165, 22, 221, 67, 223, 4, 171, 176, 109, 251, 17, 72, 45, 107, 193, 50, 247, 172, 159, 101, 40, 16, 70, 177, 64, 168, 120, 38, 12, 79, 83, 246, 130, 240, 158, 114, 65, 196, 121, 204, 61, 27, 178, 239, 96, 166, 60, 110, 143, 136, 155, 189, 102, 89, 94, 39, 58, 18, 29, 92, 137, 235, 84, 215, 203, 117, 207, 132, 78, 66, 23, 141, 68, 195, 28, 8, 225, 118, 157, 236, 197, 36, 49, 238, 255, 91, 26, 129, 243, 52, 133, 206, 34, 124, 211, 73, 0, 182, 25, 175, 122, 210, 227, 199, 220, 21, 219, 31, 77, 74, 187, 154, 147, 248, 123, 127, 230, 234, 99, 56, 75, 161, 5, 192, 151, 69, 24, 106, 59, 7, 179, 194, 139, 218, 152, 43, 19, 81, 93, 149, 14, 145, 170, 249, 88, 86, 209, 30, 37, 100, 15, 254, 116, 131, 108, 33, 229, 216, 128, 163, 138, 48, 54, 63, 205, 113, 9, 222, 242, 214, 231, 183, 103, 233, 184, 191, 13, 200, 55, 150, 105, 135, 82, 237, 97, 80, 148, 140, 144, 76, 244, 232, 85, 167, 173, 224, 217, 95, 53, 169, 125, 47, 42, 35, 71, 181, 201, 6, 174, 162, 57, 51, 208, 46, 212, 164, 186, 250, 241, 3, 228, 252, 134, 180, 153, 156, 98, 44, 90, 190, 160, 142, 245, 126, 87, 1, 104, 111, 253]",3d1b108876200112fc956048dc0888a399a4da8fbd951fadc27ac00adf04fb52,6106645f31aab4360e82a177b76c39c106361a5c21c4f2ec894fbefa070fc28a,6106645f31aab4360e82a177b76c39c106361a5c21c4f2ec894fbefa070fc28a
420014,0.025,0.75,240,True,True,"[76, 250, 1, 15, 192, 129, 213, 89, 59, 173, 156, 27, 142, 50, 12, 111, 174, 36, 177, 178, 185, 182, 179, 191, 166, 75, 149, 220, 194, 106, 18, 193, 210, 228, 251, 31, 19, 28, 34, 170, 236, 154, 71, 234, 101, 199, 164, 183, 5, 139, 128, 243, 232, 30, 84, 65, 224, 61, 113, 133, 201, 16, 117, 212, 242, 176, 9, 77, 121, 143, 109, 96, 195, 80, 153, 105, 25, 70, 208, 150, 26, 205, 223, 198, 190, 21, 233, 66, 200, 39, 171, 107, 6, 23, 152, 239, 79, 48, 246, 219, 196, 235, 168, 17, 248, 32, 186, 202, 102, 42, 38, 86, 43, 122, 33, 94, 41, 215, 167, 244, 72, 216, 130, 88, 132, 187, 103, 237, 159, 118, 245, 58, 222, 157, 7, 252, 99, 67, 87, 160, 206, 63, 3, 165, 125, 119, 69, 169, 161, 227, 81, 2, 85, 53, 131, 172, 46, 207, 238, 181, 211, 44, 98, 83, 253, 217, 136, 218, 20, 100, 147, 54, 229, 47, 108, 240, 127, 92, 13, 255, 73, 14, 163, 123, 189, 180, 162, 91, 144, 51, 135, 24, 247, 209, 45, 8, 64, 184, 93, 60, 140, 10, 231, 221, 124, 148, 82, 74, 230, 62, 226, 146, 116, 155, 204, 49, 203, 188, 141, 134, 97, 22, 112, 214, 29, 114, 175, 52, 120, 197, 40, 90, 104, 68, 145, 249, 138, 110, 56, 0, 4, 115, 35, 95, 254, 126, 57, 37, 55, 151, 225, 78, 137, 11, 241, 158]",2a1bbc252b8293920d798430563ff39bfcc6515c7671345131a9d2744d04e259,993e59ec8d7ea4a69c7d1f2dce28bcddbdd391b339d8cdc378eb0a9efcdcbe22,993e59ec8d7ea4a69c7d1f2dce28bcddbdd391b339d8cdc378eb0a9efcdcbe22
420015,0.004166666666666667,0.25,240,True,True,"[227, 238, 7, 91, 51, 53, 24, 107, 73, 65, 102, 199, 133, 44, 18, 243, 245, 189, 124, 33, 93, 209, 6, 144, 226, 204, 152, 193, 240, 164, 141, 104, 58, 168, 11, 198, 22, 229, 41, 82, 150, 140, 57, 49, 114, 211, 167, 125, 157, 48, 60, 183, 28, 230, 178, 137, 128, 100, 110, 74, 83, 143, 205, 129, 159, 158, 12, 25, 195, 19, 130, 134, 96, 253, 216, 169, 218, 117, 228, 162, 241, 225, 77, 175, 126, 92, 26, 75, 160, 87, 103, 200, 31, 252, 15, 56, 54, 223, 52, 116, 78, 247, 151, 131, 105, 122, 109, 121, 142, 237, 174, 23, 119, 1, 212, 149, 67, 2, 222, 68, 76, 35, 81, 113, 165, 177, 86, 231, 221, 84, 16, 70, 163, 32, 196, 171, 21, 217, 135, 10, 64, 147, 145, 181, 254, 42, 188, 59, 50, 94, 80, 61, 214, 219, 201, 197, 98, 244, 27, 3, 37, 213, 206, 185, 36, 72, 170, 43, 208, 139, 187, 186, 106, 207, 88, 112, 203, 173, 234, 111, 155, 161, 146, 0, 153, 71, 180, 99, 97, 30, 127, 123, 115, 166, 34, 250, 202, 29, 232, 190, 156, 120, 224, 79, 62, 138, 89, 242, 85, 251, 235, 220, 191, 39, 46, 45, 69, 13, 148, 249, 55, 20, 233, 9, 101, 8, 5, 255, 14, 236, 176, 172, 108, 63, 40, 136, 38, 179, 90, 47, 4, 192, 248, 132, 194, 95, 17, 118, 210, 182, 66, 215, 184, 154, 246, 239]",f02ca82eec2a703a23d59f65d927be8aedb07213c060d59b4ea3288f0808f439,00ae04b353ec6eba533406c11b76a69dc2d5014987678da1489ac49a1b294133,00ae04b353ec6eba533406c11b76a69dc2d5014987678da1489ac49a1b294133
420015,0.004166666666666667,0.5,240,True,True,"[147, 113, 137, 124, 33, 231, 31, 157, 146, 44, 251, 7, 13, 184, 241, 230, 64, 32, 185, 189, 240, 156, 214, 5, 36, 234, 179, 226, 227, 148, 63, 205, 193, 225, 190, 220, 162, 248, 169, 45, 144, 151, 57, 149, 54, 238, 221, 132, 111, 85, 46, 28, 107, 195, 228, 253, 70, 56, 108, 178, 217, 209, 40, 43, 41, 229, 123, 213, 6, 119, 86, 62, 114, 163, 196, 24, 106, 71, 235, 82, 19, 249, 219, 250, 171, 201, 242, 72, 75, 53, 232, 39, 236, 173, 197, 160, 187, 49, 38, 73, 174, 126, 10, 211, 77, 27, 204, 2, 110, 164, 255, 68, 194, 3, 170, 247, 191, 9, 92, 94, 188, 52, 129, 15, 99, 252, 98, 104, 21, 172, 143, 60, 25, 97, 4, 91, 222, 244, 83, 128, 152, 121, 237, 116, 239, 80, 35, 69, 150, 166, 55, 210, 89, 93, 65, 192, 76, 254, 51, 1, 17, 181, 208, 23, 125, 102, 142, 16, 131, 117, 78, 183, 18, 212, 218, 165, 112, 118, 105, 84, 100, 141, 246, 203, 87, 11, 67, 207, 199, 159, 180, 26, 14, 153, 175, 168, 145, 81, 140, 200, 224, 223, 130, 79, 22, 8, 61, 133, 245, 139, 136, 176, 135, 154, 115, 88, 59, 120, 30, 109, 50, 95, 12, 66, 37, 138, 198, 233, 47, 182, 216, 158, 34, 42, 48, 202, 96, 101, 215, 74, 90, 186, 206, 20, 0, 161, 134, 122, 103, 29, 167, 243, 58, 127, 155, 177]",20bcb09aca38072cb09015454ebc45ae7290c4d1b04aebd94ea9aab33ba91a99,feb28ff210b582210efbc610b7c924e5dabbcdb92b515fe8ba36af46bff55cbb,feb28ff210b582210efbc610b7c924e5dabbcdb92b515fe8ba36af46bff55cbb
420015,0.004166666666666667,0.75,240,True,True,"[30, 18, 96, 180, 67, 47, 136, 61, 168, 188, 139, 152, 170, 235, 192, 63, 3, 107, 212, 175, 93, 146, 241, 75, 33, 108, 45, 112, 21, 50, 134, 8, 247, 230, 195, 227, 249, 105, 219, 184, 44, 37, 76, 52, 115, 62, 31, 9, 171, 194, 124, 207, 150, 137, 163, 182, 225, 201, 144, 164, 77, 71, 66, 145, 82, 120, 174, 254, 43, 57, 5, 237, 29, 25, 84, 154, 79, 100, 167, 248, 38, 244, 54, 206, 255, 55, 214, 104, 216, 186, 141, 127, 17, 123, 196, 151, 245, 218, 41, 125, 117, 210, 40, 246, 70, 81, 49, 252, 106, 178, 39, 121, 232, 208, 197, 131, 215, 157, 92, 229, 27, 64, 91, 53, 118, 23, 58, 126, 68, 119, 85, 185, 189, 160, 190, 42, 250, 222, 165, 234, 24, 88, 223, 224, 169, 20, 148, 86, 130, 56, 199, 236, 140, 69, 78, 183, 228, 1, 149, 251, 128, 129, 226, 156, 73, 80, 238, 204, 26, 95, 109, 135, 116, 65, 155, 172, 97, 101, 51, 122, 173, 239, 46, 103, 133, 181, 177, 22, 111, 14, 132, 12, 220, 114, 209, 102, 72, 191, 48, 13, 213, 240, 205, 176, 11, 59, 110, 211, 60, 6, 217, 15, 7, 193, 161, 34, 89, 233, 198, 28, 142, 158, 94, 19, 74, 153, 243, 83, 143, 98, 159, 0, 99, 242, 4, 2, 87, 166, 138, 221, 147, 90, 10, 187, 36, 200, 16, 179, 32, 203, 162, 202, 113, 35, 231, 253]",3917dfe5407806128c33a6e02b64b33e05ff455887dd7e386b36c4d965071b9b,4c5e963f1762d115f036e5cfc1480951c83dc3b31373ad25e4f1a49244a1f48f,4c5e963f1762d115f036e5cfc1480951c83dc3b31373ad25e4f1a49244a1f48f
420015,0.008333333333333333,0.25,240,True,True,"[10, 236, 102, 157, 8, 103, 226, 31, 113, 110, 17, 213, 74, 55, 185, 250, 101, 235, 116, 100, 93, 169, 5, 28, 180, 95, 156, 208, 207, 14, 229, 251, 161, 168, 197, 50, 172, 138, 254, 56, 61, 217, 203, 37, 15, 140, 170, 215, 58, 62, 195, 225, 237, 22, 153, 143, 167, 42, 7, 40, 88, 94, 184, 182, 117, 222, 16, 4, 104, 173, 136, 212, 244, 194, 221, 245, 127, 131, 96, 12, 179, 249, 224, 198, 115, 234, 246, 108, 124, 21, 149, 27, 175, 90, 159, 146, 86, 67, 186, 59, 9, 60, 174, 176, 25, 230, 49, 171, 150, 154, 134, 80, 107, 46, 196, 142, 183, 83, 53, 13, 45, 255, 199, 158, 126, 32, 139, 70, 211, 75, 72, 252, 155, 214, 125, 201, 187, 87, 89, 119, 191, 19, 73, 141, 91, 202, 162, 218, 69, 231, 243, 63, 48, 106, 128, 98, 188, 18, 0, 233, 112, 144, 35, 47, 216, 39, 200, 51, 2, 65, 223, 232, 76, 26, 92, 148, 111, 105, 123, 34, 77, 20, 11, 163, 36, 132, 54, 210, 151, 29, 38, 85, 44, 227, 24, 152, 23, 121, 193, 84, 78, 118, 209, 82, 190, 33, 160, 228, 130, 64, 120, 145, 238, 206, 192, 129, 178, 109, 114, 242, 137, 71, 97, 241, 204, 253, 52, 219, 68, 147, 66, 164, 41, 122, 43, 248, 99, 30, 3, 166, 79, 133, 240, 205, 165, 247, 135, 1, 239, 181, 81, 189, 177, 57, 6, 220]",81eb6bde8753c23b0645e9471987e753406ef92e1fd1a85a062b445a67421ee4,7759ac550d3949a902e01c40e92d8d86c3ed32eeba46e858ed92ccfa3b40764a,7759ac550d3949a902e01c40e92d8d86c3ed32eeba46e858ed92ccfa3b40764a
420015,0.008333333333333333,0.5,240,True,True,"[18, 158, 109, 191, 92, 79, 44, 222, 255, 40, 68, 154, 20, 6, 132, 100, 240, 121, 83, 41, 185, 187, 46, 67, 146, 170, 125, 129, 182, 196, 16, 234, 238, 193, 106, 126, 82, 54, 228, 119, 200, 34, 84, 247, 199, 162, 156, 148, 236, 253, 214, 135, 96, 50, 242, 205, 254, 104, 227, 208, 127, 133, 180, 150, 21, 230, 235, 87, 103, 226, 224, 3, 65, 76, 85, 32, 43, 219, 8, 204, 149, 78, 246, 98, 166, 33, 12, 26, 93, 37, 248, 69, 23, 239, 165, 55, 57, 145, 24, 75, 144, 211, 49, 7, 118, 206, 71, 190, 250, 36, 243, 73, 25, 114, 61, 116, 195, 31, 175, 62, 122, 172, 91, 183, 113, 95, 52, 90, 155, 215, 237, 225, 142, 177, 241, 117, 194, 107, 171, 51, 30, 0, 42, 81, 131, 4, 38, 77, 245, 209, 161, 221, 48, 13, 223, 27, 159, 210, 80, 5, 14, 19, 2, 143, 139, 128, 72, 15, 53, 201, 168, 244, 220, 249, 167, 120, 169, 197, 192, 39, 45, 251, 141, 60, 164, 138, 89, 70, 88, 136, 86, 47, 110, 124, 111, 35, 17, 94, 207, 178, 115, 212, 229, 188, 176, 232, 9, 179, 198, 112, 28, 189, 184, 181, 163, 66, 213, 231, 134, 1, 59, 74, 123, 58, 157, 153, 63, 252, 130, 173, 202, 22, 108, 64, 56, 203, 147, 140, 186, 11, 105, 29, 152, 217, 99, 101, 137, 151, 218, 216, 102, 10, 160, 174, 233, 97]",3038c699bcdaeabd3a20d198a085752bc51cf9a57960af676f788400800613a7,3b9735cb164e3b049b7001f106c9a6b2b5e7b238c50ac8b958ec8239865c2f1f,3b9735cb164e3b049b7001f106c9a6b2b5e7b238c50ac8b958ec8239865c2f1f
420015,0.008333333333333333,0.75,240,True,True,"[226, 98, 167, 238, 240, 123, 18, 159, 206, 108, 25, 40, 95, 84, 70, 221, 210, 61, 218, 183, 83, 15, 74, 73, 143, 118, 185, 144, 252, 115, 254, 163, 245, 21, 4, 219, 179, 2, 215, 234, 209, 39, 49, 231, 172, 180, 54, 50, 12, 211, 85, 29, 228, 133, 237, 165, 90, 184, 107, 106, 14, 142, 121, 16, 8, 129, 140, 224, 105, 100, 223, 112, 145, 160, 169, 229, 17, 110, 158, 236, 33, 190, 56, 127, 150, 24, 104, 137, 66, 242, 48, 58, 28, 31, 67, 202, 141, 30, 227, 134, 148, 88, 51, 251, 170, 71, 239, 87, 86, 139, 173, 217, 91, 20, 126, 47, 201, 138, 63, 89, 149, 102, 37, 68, 164, 214, 161, 152, 225, 191, 32, 65, 155, 246, 117, 203, 196, 99, 19, 195, 131, 79, 175, 10, 69, 188, 59, 241, 111, 244, 9, 178, 235, 44, 153, 113, 75, 97, 197, 41, 189, 120, 186, 162, 182, 249, 132, 119, 187, 192, 248, 82, 207, 1, 46, 212, 147, 93, 38, 136, 13, 109, 247, 168, 3, 76, 199, 114, 94, 125, 35, 128, 151, 157, 243, 77, 253, 250, 171, 7, 55, 53, 62, 52, 194, 101, 26, 255, 213, 193, 6, 230, 222, 146, 216, 135, 200, 0, 177, 208, 96, 5, 23, 122, 116, 198, 204, 45, 42, 60, 78, 205, 43, 103, 11, 81, 92, 22, 72, 34, 64, 124, 220, 80, 130, 154, 174, 27, 166, 156, 176, 57, 36, 232, 233, 181]",b64221164c69f6fa9adf00b4cd5554f398de12ecac62a941c3157474dc1b639b,fadb003a038bf3d08eac78d2371954f60c4076324aa36ea8bccc81e7e104917d,fadb003a038bf3d08eac78d2371954f60c4076324aa36ea8bccc81e7e104917d
420015,0.025,0.25,240,True,True,"[53, 157, 151, 240, 15, 223, 170, 4, 6, 33, 235, 249, 58, 217, 255, 121, 3, 139, 162, 165, 45, 191, 126, 21, 169, 90, 81, 149, 66, 105, 97, 189, 195, 55, 5, 13, 91, 213, 143, 147, 17, 98, 245, 184, 57, 175, 128, 74, 171, 80, 76, 181, 63, 32, 28, 155, 70, 73, 19, 161, 104, 35, 61, 138, 135, 108, 142, 194, 7, 100, 214, 178, 31, 234, 207, 43, 230, 117, 237, 46, 190, 0, 51, 30, 166, 34, 211, 148, 248, 77, 82, 137, 173, 133, 145, 111, 187, 218, 116, 92, 52, 87, 37, 65, 122, 94, 152, 103, 222, 140, 244, 210, 93, 134, 156, 110, 8, 48, 197, 112, 96, 78, 72, 250, 180, 29, 26, 11, 86, 221, 79, 88, 199, 2, 22, 131, 36, 227, 75, 71, 50, 67, 252, 64, 247, 206, 89, 85, 83, 99, 54, 49, 228, 69, 212, 226, 106, 158, 220, 238, 215, 183, 125, 14, 179, 224, 102, 141, 68, 25, 24, 95, 198, 164, 62, 101, 47, 44, 167, 118, 12, 39, 174, 124, 186, 59, 254, 242, 241, 27, 16, 192, 185, 115, 208, 41, 144, 196, 204, 225, 23, 109, 113, 205, 107, 200, 56, 84, 168, 42, 229, 236, 10, 182, 172, 146, 251, 201, 243, 188, 216, 127, 120, 176, 1, 233, 20, 38, 163, 9, 246, 203, 40, 119, 209, 130, 18, 219, 232, 129, 136, 193, 159, 60, 114, 150, 123, 231, 202, 177, 154, 153, 160, 132, 253, 239]",cb5b281c375c6db14388e209895854aac74404ab848a7f69af1a7e9075e0b1e6,802b1f616997ffb46b5fac7864cfd2bec333fd56ad3c736846ec5d90214e7b64,802b1f616997ffb46b5fac7864cfd2bec333fd56ad3c736846ec5d90214e7b64
420015,0.025,0.5,240,True,True,"[134, 73, 58, 146, 17, 78, 76, 192, 110, 135, 179, 92, 31, 202, 131, 125, 53, 140, 38, 198, 165, 91, 153, 249, 68, 20, 194, 141, 96, 208, 156, 99, 190, 46, 103, 211, 79, 18, 189, 158, 61, 150, 229, 199, 8, 172, 42, 137, 117, 248, 244, 77, 237, 84, 74, 54, 254, 101, 161, 136, 44, 152, 210, 0, 183, 43, 201, 219, 3, 205, 7, 35, 30, 87, 95, 111, 184, 142, 36, 154, 27, 209, 5, 9, 2, 239, 214, 26, 41, 23, 235, 164, 234, 90, 109, 251, 4, 148, 132, 88, 204, 196, 225, 93, 70, 33, 227, 80, 15, 144, 166, 171, 45, 82, 224, 168, 51, 52, 145, 104, 105, 155, 139, 213, 13, 255, 112, 62, 10, 228, 63, 233, 230, 64, 236, 121, 250, 37, 231, 118, 47, 191, 130, 60, 25, 19, 252, 159, 177, 221, 94, 241, 143, 89, 102, 24, 170, 48, 186, 167, 243, 22, 223, 108, 162, 14, 97, 6, 119, 29, 182, 66, 28, 176, 71, 174, 100, 138, 32, 212, 200, 126, 173, 185, 238, 247, 106, 56, 123, 157, 128, 40, 86, 83, 39, 55, 181, 240, 12, 147, 59, 207, 197, 85, 124, 122, 187, 127, 149, 116, 242, 57, 203, 160, 120, 195, 193, 216, 81, 69, 107, 50, 115, 218, 246, 129, 180, 98, 245, 188, 151, 222, 163, 75, 1, 169, 175, 253, 72, 215, 34, 232, 16, 217, 67, 65, 133, 21, 206, 49, 178, 114, 113, 11, 226, 220]",91803f4bbf4ef197e9ba1ba45337e5fd3066d45effeca65fc4f7c6f8a7edb90c,0e043393bd96b73eb33e05a3499b0fa31e34d284cf4187324a0be9ca27a175bf,0e043393bd96b73eb33e05a3499b0fa31e34d284cf4187324a0be9ca27a175bf
420015,0.025,0.75,240,True,True,"[12, 190, 116, 179, 135, 224, 47, 33, 58, 180, 75, 66, 39, 77, 199, 1, 236, 101, 170, 8, 37, 119, 149, 154, 105, 103, 107, 131, 137, 252, 159, 232, 80, 222, 188, 122, 5, 240, 117, 92, 73, 38, 148, 228, 46, 121, 175, 181, 21, 187, 238, 226, 249, 25, 9, 155, 84, 153, 214, 3, 76, 100, 205, 206, 195, 186, 127, 23, 183, 115, 95, 89, 157, 108, 56, 221, 166, 83, 62, 133, 57, 2, 91, 112, 64, 41, 94, 209, 70, 203, 30, 20, 10, 182, 18, 245, 69, 251, 120, 132, 32, 198, 31, 35, 42, 161, 227, 104, 234, 253, 4, 247, 86, 24, 146, 44, 13, 162, 244, 169, 16, 109, 171, 250, 128, 114, 145, 237, 150, 164, 34, 191, 201, 208, 26, 142, 97, 40, 6, 165, 88, 28, 106, 163, 217, 51, 158, 19, 98, 176, 194, 225, 185, 138, 110, 219, 79, 124, 229, 36, 22, 239, 184, 48, 197, 196, 54, 147, 129, 242, 52, 61, 141, 241, 125, 215, 81, 211, 216, 223, 136, 160, 27, 220, 78, 0, 55, 213, 11, 111, 248, 60, 82, 68, 254, 235, 210, 67, 29, 53, 65, 96, 207, 102, 126, 59, 90, 231, 218, 174, 192, 204, 14, 140, 173, 202, 246, 99, 168, 43, 134, 144, 72, 130, 156, 71, 7, 118, 93, 200, 113, 255, 177, 212, 63, 123, 152, 49, 172, 17, 15, 233, 85, 139, 87, 74, 193, 230, 178, 243, 50, 189, 151, 167, 45, 143]",a127a3a828cd157ee65f707b05ef3506e8e3ac2a0241329c10d3ec96eeb6ed53,83ceb47441fa6ebae544f1420e38df943ebda43977f118740d58eebb67ab0819,83ceb47441fa6ebae544f1420e38df943ebda43977f118740d58eebb67ab0819
420016,0.004166666666666667,0.25,240,True,True,"[223, 84, 241, 192, 96, 169, 181, 147, 245, 58, 150, 196, 67, 249, 204, 252, 83, 7, 49, 106, 165, 80, 212, 72, 61, 168, 220, 12, 56, 76, 16, 221, 113, 27, 242, 246, 240, 91, 93, 53, 94, 110, 138, 191, 255, 87, 66, 177, 190, 170, 152, 176, 180, 23, 247, 137, 230, 195, 57, 136, 161, 203, 254, 39, 253, 17, 62, 26, 126, 37, 155, 206, 118, 222, 73, 14, 78, 59, 146, 32, 99, 100, 131, 88, 68, 127, 101, 36, 41, 158, 251, 89, 22, 55, 21, 167, 239, 224, 81, 79, 52, 42, 90, 178, 2, 35, 44, 154, 227, 179, 186, 107, 244, 13, 47, 148, 43, 248, 157, 132, 60, 215, 121, 210, 133, 139, 29, 166, 144, 77, 217, 211, 160, 145, 202, 151, 199, 86, 97, 208, 226, 71, 46, 25, 20, 8, 153, 172, 163, 6, 236, 128, 95, 103, 108, 64, 85, 229, 112, 30, 74, 189, 142, 114, 33, 65, 40, 233, 10, 238, 198, 129, 124, 235, 228, 82, 115, 19, 213, 143, 123, 102, 237, 54, 28, 159, 187, 70, 1, 225, 250, 75, 38, 243, 11, 216, 197, 162, 104, 18, 109, 218, 15, 0, 31, 188, 92, 185, 135, 173, 141, 117, 130, 234, 3, 184, 207, 164, 5, 4, 111, 175, 9, 231, 140, 149, 205, 193, 105, 171, 209, 34, 219, 201, 122, 120, 51, 98, 125, 200, 183, 194, 48, 24, 63, 69, 45, 182, 174, 116, 214, 50, 119, 232, 134, 156]",ec2831273670ef6b77a4e054f80757214842726feb0e73635eaf6f02e9a5b488,b20de0738cb82aab4a21782357ae7c89db8ac2705ee3a91fe6b1f9c11c43b914,b20de0738cb82aab4a21782357ae7c89db8ac2705ee3a91fe6b1f9c11c43b914
420016,0.004166666666666667,0.5,240,True,True,"[167, 17, 231, 239, 35, 166, 21, 30, 6, 150, 66, 107, 196, 244, 93, 178, 222, 177, 136, 185, 34, 54, 67, 249, 189, 123, 65, 43, 214, 223, 159, 208, 46, 228, 131, 253, 242, 126, 162, 122, 250, 251, 31, 175, 42, 137, 39, 163, 77, 207, 37, 183, 187, 234, 149, 254, 80, 247, 130, 98, 90, 230, 1, 94, 248, 172, 23, 112, 16, 101, 229, 171, 68, 193, 7, 115, 138, 86, 209, 235, 225, 36, 59, 218, 45, 133, 60, 57, 111, 238, 135, 199, 255, 206, 125, 78, 71, 198, 168, 156, 160, 241, 169, 152, 20, 11, 58, 52, 96, 237, 116, 76, 97, 53, 226, 147, 182, 184, 120, 224, 148, 12, 105, 188, 9, 10, 117, 192, 48, 4, 88, 153, 47, 74, 87, 49, 176, 91, 157, 217, 173, 84, 155, 85, 73, 69, 202, 210, 144, 236, 81, 141, 28, 55, 165, 180, 186, 164, 24, 3, 151, 179, 118, 216, 127, 89, 18, 83, 50, 22, 161, 240, 29, 143, 63, 213, 124, 114, 41, 102, 44, 26, 221, 108, 129, 119, 82, 5, 51, 195, 99, 233, 8, 134, 56, 95, 128, 33, 191, 220, 121, 212, 32, 232, 181, 252, 190, 245, 113, 203, 204, 64, 139, 75, 201, 246, 109, 174, 194, 15, 62, 27, 25, 170, 145, 211, 13, 200, 146, 61, 40, 79, 154, 132, 104, 14, 142, 205, 2, 72, 215, 140, 19, 227, 103, 158, 110, 100, 70, 197, 38, 106, 219, 92, 243, 0]",45a4180bdda217cabcf18c925747473656c5b35164ebf0799208e64dd7c56c4e,a0a388b5b9f22d9e305e03935d3d8c419f818b770c8e336e6b2e73352c2cd219,a0a388b5b9f22d9e305e03935d3d8c419f818b770c8e336e6b2e73352c2cd219
420016,0.004166666666666667,0.75,240,True,True,"[126, 140, 174, 185, 1, 102, 145, 127, 163, 158, 110, 137, 122, 59, 167, 76, 111, 179, 13, 100, 177, 107, 73, 141, 69, 219, 30, 253, 125, 118, 172, 181, 178, 62, 226, 70, 192, 74, 244, 211, 105, 201, 43, 173, 71, 75, 92, 86, 168, 238, 5, 4, 87, 182, 84, 142, 227, 213, 50, 115, 101, 183, 165, 199, 106, 90, 112, 236, 220, 228, 72, 22, 53, 224, 52, 156, 121, 138, 222, 85, 242, 135, 214, 154, 206, 240, 171, 24, 77, 49, 99, 249, 170, 114, 80, 153, 218, 175, 133, 32, 96, 223, 157, 195, 14, 31, 81, 188, 235, 212, 252, 27, 98, 48, 124, 95, 148, 149, 204, 225, 17, 2, 89, 191, 20, 3, 144, 57, 34, 64, 67, 12, 19, 36, 232, 7, 152, 28, 243, 42, 23, 10, 161, 103, 33, 129, 200, 0, 44, 63, 18, 97, 245, 61, 78, 196, 46, 47, 237, 221, 150, 186, 248, 187, 119, 35, 37, 246, 250, 217, 91, 104, 184, 194, 116, 55, 229, 207, 120, 215, 21, 58, 123, 255, 83, 169, 41, 29, 190, 233, 94, 131, 247, 180, 79, 197, 143, 146, 93, 216, 139, 11, 159, 234, 15, 45, 189, 88, 166, 205, 109, 60, 56, 128, 208, 198, 25, 176, 40, 6, 202, 160, 39, 132, 54, 251, 147, 241, 155, 254, 8, 164, 113, 16, 108, 151, 203, 239, 65, 193, 209, 230, 82, 38, 136, 231, 9, 210, 66, 162, 26, 130, 68, 51, 134, 117]",9b24a0c25312472e4b49354d7a39fc6ad97075dfe9d08edf1275a3452518ceb2,f596929cf320555eb6e093e8285956b203ff323adb3113d8af0ab9440380f358,f596929cf320555eb6e093e8285956b203ff323adb3113d8af0ab9440380f358
420016,0.008333333333333333,0.25,240,True,True,"[101, 187, 29, 78, 238, 200, 142, 244, 196, 5, 181, 133, 58, 183, 63, 6, 174, 150, 15, 23, 250, 249, 201, 178, 114, 154, 49, 79, 237, 157, 92, 172, 113, 100, 74, 75, 115, 199, 235, 205, 27, 125, 254, 218, 12, 216, 255, 215, 0, 31, 162, 96, 191, 85, 55, 62, 233, 155, 98, 126, 93, 121, 234, 241, 140, 34, 165, 112, 22, 156, 217, 160, 221, 161, 59, 28, 107, 53, 197, 120, 73, 228, 134, 108, 225, 7, 110, 186, 177, 220, 19, 87, 21, 129, 204, 70, 43, 119, 188, 26, 128, 222, 194, 91, 56, 252, 1, 232, 180, 219, 32, 151, 48, 52, 229, 50, 104, 111, 163, 231, 137, 149, 68, 195, 41, 246, 57, 44, 117, 146, 89, 106, 80, 193, 11, 13, 224, 179, 240, 239, 42, 210, 243, 65, 130, 8, 212, 206, 147, 30, 40, 39, 203, 82, 223, 251, 153, 94, 209, 141, 145, 131, 45, 138, 18, 167, 208, 158, 109, 38, 230, 184, 132, 182, 227, 9, 171, 124, 61, 14, 169, 198, 37, 35, 67, 123, 97, 139, 189, 164, 84, 46, 64, 143, 60, 253, 88, 202, 207, 24, 86, 247, 71, 105, 17, 214, 127, 83, 135, 136, 69, 47, 185, 103, 168, 33, 2, 211, 159, 170, 116, 81, 99, 95, 190, 242, 90, 175, 25, 54, 4, 51, 176, 66, 102, 173, 213, 72, 148, 192, 3, 166, 248, 118, 36, 122, 16, 20, 76, 152, 77, 226, 144, 236, 245, 10]",751d6d2bddfd6d9cccd13d1bc26b5b4ba171b94e434487559b51584576327d00,96494567c2fd032642e869f63cf2b134c17b357f5858ee640d6a7be66fb09b22,96494567c2fd032642e869f63cf2b134c17b357f5858ee640d6a7be66fb09b22
420016,0.008333333333333333,0.5,240,True,True,"[105, 107, 139, 227, 14, 175, 65, 22, 52, 242, 20, 45, 93, 246, 253, 2, 196, 189, 118, 37, 74, 63, 144, 216, 96, 183, 233, 211, 188, 243, 229, 11, 209, 7, 190, 147, 92, 70, 106, 97, 230, 143, 108, 34, 135, 77, 53, 16, 223, 199, 152, 241, 161, 100, 202, 219, 88, 4, 137, 237, 47, 231, 195, 178, 6, 165, 226, 83, 40, 71, 163, 0, 248, 35, 99, 249, 142, 203, 245, 205, 12, 90, 62, 50, 24, 102, 217, 167, 131, 23, 73, 46, 251, 75, 30, 123, 41, 10, 48, 51, 148, 207, 179, 171, 197, 59, 170, 132, 9, 220, 117, 166, 49, 168, 239, 29, 169, 91, 104, 103, 151, 240, 200, 80, 162, 234, 64, 254, 95, 224, 121, 38, 55, 204, 164, 185, 250, 193, 184, 221, 244, 212, 158, 182, 214, 122, 26, 213, 186, 31, 128, 76, 111, 206, 28, 58, 198, 232, 36, 130, 136, 149, 187, 255, 172, 67, 156, 173, 141, 79, 18, 32, 54, 39, 57, 114, 25, 140, 13, 225, 113, 180, 8, 208, 72, 78, 134, 68, 43, 85, 145, 33, 157, 160, 5, 228, 98, 218, 60, 81, 126, 154, 15, 82, 89, 153, 236, 116, 61, 146, 215, 155, 19, 235, 86, 138, 84, 66, 3, 191, 210, 174, 129, 115, 69, 109, 238, 177, 21, 181, 125, 101, 176, 247, 194, 222, 119, 110, 159, 150, 42, 124, 17, 27, 94, 1, 44, 56, 252, 127, 87, 133, 112, 201, 192, 120]",1251749038cdd5c23893bc6fd2697ebc62474e46bb8837286706a2265001019f,63a1402faa989ec837f9076d651795e6e6854974f3adba6efa58e17644e46444,63a1402faa989ec837f9076d651795e6e6854974f3adba6efa58e17644e46444
420016,0.008333333333333333,0.75,240,True,True,"[188, 124, 158, 174, 65, 145, 253, 142, 238, 4, 202, 248, 80, 203, 17, 68, 108, 242, 179, 74, 33, 117, 8, 227, 219, 162, 2, 16, 104, 211, 147, 114, 213, 192, 21, 69, 183, 184, 81, 91, 221, 204, 86, 155, 141, 144, 220, 156, 237, 44, 25, 167, 171, 146, 132, 36, 197, 58, 121, 39, 83, 207, 51, 73, 232, 235, 246, 110, 92, 209, 199, 229, 153, 111, 249, 15, 226, 243, 48, 251, 105, 85, 137, 154, 123, 191, 100, 70, 95, 170, 240, 49, 169, 150, 82, 31, 254, 148, 46, 231, 222, 94, 98, 18, 233, 54, 97, 187, 7, 63, 201, 228, 56, 172, 177, 102, 19, 12, 41, 166, 133, 160, 99, 217, 195, 200, 120, 210, 224, 6, 55, 125, 52, 186, 40, 0, 76, 193, 53, 236, 5, 234, 131, 50, 149, 159, 152, 79, 43, 178, 180, 185, 45, 189, 143, 239, 112, 255, 38, 165, 116, 245, 129, 26, 61, 126, 194, 34, 78, 13, 24, 130, 109, 215, 60, 84, 37, 59, 139, 198, 20, 118, 77, 140, 27, 89, 29, 88, 212, 128, 3, 47, 115, 247, 72, 22, 93, 106, 176, 62, 241, 66, 11, 230, 75, 216, 64, 71, 252, 164, 196, 250, 175, 136, 190, 42, 87, 32, 214, 9, 134, 90, 28, 23, 101, 182, 151, 96, 57, 30, 168, 208, 103, 10, 135, 67, 223, 157, 122, 113, 35, 138, 119, 161, 163, 127, 14, 218, 205, 173, 1, 244, 107, 206, 181, 225]",58c982145304831288a79f74174bfe4724e62d3116c0af56f9ff5a80f4a46388,5c4b1dc2f2ebe00c40603da030584f3ca7d6002742cb418d4431428f0e3610ed,5c4b1dc2f2ebe00c40603da030584f3ca7d6002742cb418d4431428f0e3610ed
420016,0.025,0.25,240,True,True,"[41, 233, 189, 170, 27, 204, 98, 141, 52, 244, 63, 68, 117, 247, 239, 77, 118, 129, 102, 179, 71, 230, 133, 80, 225, 255, 136, 7, 47, 177, 163, 183, 34, 82, 251, 13, 83, 235, 89, 229, 46, 243, 5, 149, 91, 73, 28, 45, 97, 54, 19, 161, 43, 79, 188, 81, 92, 38, 104, 130, 37, 105, 186, 227, 65, 219, 1, 226, 169, 146, 87, 39, 218, 4, 62, 203, 94, 9, 3, 72, 49, 124, 217, 241, 201, 25, 173, 14, 113, 207, 138, 109, 153, 215, 55, 240, 159, 78, 197, 127, 162, 148, 95, 135, 2, 195, 114, 137, 176, 0, 164, 100, 202, 101, 246, 99, 208, 221, 123, 110, 171, 53, 242, 150, 134, 191, 61, 172, 252, 147, 253, 22, 60, 175, 238, 236, 250, 232, 200, 75, 155, 160, 126, 42, 131, 31, 36, 132, 231, 220, 119, 70, 121, 103, 67, 143, 187, 125, 35, 167, 206, 56, 115, 156, 237, 192, 86, 222, 205, 145, 139, 106, 198, 248, 85, 17, 211, 8, 120, 180, 40, 32, 15, 165, 20, 30, 64, 51, 178, 76, 58, 151, 234, 24, 50, 29, 90, 166, 210, 23, 168, 152, 216, 199, 142, 245, 254, 184, 26, 12, 107, 224, 185, 48, 182, 209, 190, 116, 213, 194, 21, 196, 11, 16, 181, 111, 228, 112, 144, 33, 69, 84, 157, 10, 122, 158, 74, 44, 174, 128, 93, 88, 140, 59, 57, 154, 6, 214, 249, 223, 212, 18, 66, 108, 193, 96]",1a26ec909715b683ff32f0ef7a5ff24a4ce0813fdd9bffca3f1c7a9c26eeb16b,42299f45a17db4c383febaa781bd78b75d21d5c042912031d555e6493f317a5c,42299f45a17db4c383febaa781bd78b75d21d5c042912031d555e6493f317a5c
420016,0.025,0.5,240,True,True,"[183, 69, 220, 133, 41, 111, 139, 95, 104, 105, 147, 44, 230, 15, 50, 31, 34, 4, 19, 197, 247, 132, 236, 135, 137, 70, 207, 35, 84, 107, 17, 91, 23, 140, 166, 61, 208, 40, 49, 68, 238, 136, 52, 118, 58, 26, 27, 112, 108, 37, 45, 156, 223, 192, 102, 78, 193, 143, 56, 254, 25, 64, 72, 225, 248, 81, 141, 185, 164, 245, 206, 127, 196, 9, 252, 32, 188, 174, 179, 14, 160, 8, 1, 106, 180, 202, 161, 46, 181, 79, 148, 182, 13, 30, 250, 85, 100, 251, 83, 171, 237, 130, 29, 177, 75, 12, 7, 144, 152, 101, 221, 234, 187, 224, 243, 22, 120, 36, 211, 121, 191, 57, 218, 203, 18, 51, 198, 229, 186, 239, 97, 249, 62, 190, 20, 246, 175, 165, 195, 205, 123, 215, 6, 109, 232, 47, 219, 92, 65, 93, 5, 170, 126, 116, 216, 240, 98, 214, 129, 154, 94, 60, 10, 172, 82, 157, 124, 204, 73, 131, 88, 54, 71, 110, 33, 201, 11, 86, 114, 189, 209, 74, 89, 21, 76, 66, 178, 213, 235, 134, 231, 255, 42, 227, 217, 0, 142, 228, 53, 151, 43, 90, 63, 28, 125, 55, 153, 59, 244, 122, 158, 119, 145, 200, 80, 48, 212, 3, 253, 233, 210, 167, 115, 222, 155, 162, 16, 168, 67, 24, 39, 199, 2, 38, 99, 117, 194, 226, 149, 96, 184, 150, 128, 87, 241, 159, 176, 146, 163, 103, 169, 77, 173, 113, 242, 138]",6db545e07f147a43a4e30494ecd76410224fab2fc44ed7c3dfb9dc8e17726160,9418d30bcb7dda9721fa1a8bf4401a3a1588b605cb27c7795f030e738f598dd6,9418d30bcb7dda9721fa1a8bf4401a3a1588b605cb27c7795f030e738f598dd6
420016,0.025,0.75,240,True,True,"[154, 92, 18, 225, 86, 168, 183, 96, 151, 232, 124, 51, 79, 88, 26, 184, 246, 112, 153, 180, 41, 15, 49, 203, 164, 131, 76, 1, 188, 39, 69, 82, 166, 149, 190, 220, 235, 199, 173, 182, 253, 78, 145, 74, 147, 194, 161, 81, 119, 118, 110, 31, 70, 106, 216, 28, 255, 152, 29, 212, 97, 237, 245, 22, 236, 36, 67, 143, 193, 8, 195, 202, 44, 137, 93, 170, 91, 132, 25, 162, 169, 42, 38, 73, 21, 0, 142, 163, 233, 159, 134, 53, 214, 48, 114, 113, 75, 155, 43, 130, 167, 100, 35, 174, 9, 47, 213, 140, 207, 209, 150, 226, 135, 221, 108, 231, 125, 120, 208, 121, 105, 179, 242, 206, 230, 123, 205, 211, 241, 54, 198, 228, 192, 4, 201, 240, 34, 3, 58, 239, 187, 223, 40, 77, 141, 197, 171, 60, 107, 55, 115, 16, 56, 84, 139, 128, 252, 254, 12, 64, 32, 102, 160, 103, 63, 244, 72, 138, 146, 191, 80, 116, 52, 111, 89, 5, 46, 95, 176, 129, 165, 227, 122, 196, 172, 238, 11, 14, 219, 251, 33, 50, 2, 127, 148, 17, 200, 126, 45, 27, 250, 71, 177, 19, 37, 87, 94, 247, 90, 61, 243, 109, 181, 62, 222, 229, 65, 99, 68, 189, 136, 6, 234, 204, 101, 224, 98, 104, 23, 83, 13, 59, 144, 249, 10, 57, 24, 215, 178, 117, 186, 157, 156, 133, 218, 158, 66, 210, 20, 175, 7, 85, 217, 248, 30, 185]",0c3afac6c6db244ee54ef878b3cb779597c1a324e95e79fd9f764082084c142b,8834bba7754b3ca03d8c68a4e49865a51ad69a09ccc79c553ba7d68ddd870ed7,8834bba7754b3ca03d8c68a4e49865a51ad69a09ccc79c553ba7d68ddd870ed7
420017,0.004166666666666667,0.25,240,True,True,"[125, 0, 11, 217, 97, 28, 154, 90, 13, 89, 159, 16, 3, 74, 43, 243, 230, 73, 55, 139, 223, 197, 193, 18, 143, 82, 57, 117, 119, 120, 84, 203, 236, 180, 71, 67, 62, 249, 244, 88, 86, 192, 191, 248, 130, 253, 202, 45, 56, 32, 134, 207, 224, 250, 14, 10, 144, 5, 30, 107, 111, 50, 178, 201, 162, 77, 59, 17, 228, 98, 44, 150, 153, 214, 212, 190, 245, 38, 220, 237, 241, 176, 252, 168, 25, 83, 206, 7, 63, 238, 39, 235, 127, 199, 169, 227, 133, 195, 155, 128, 110, 79, 12, 48, 22, 187, 2, 24, 8, 208, 222, 233, 184, 232, 204, 182, 91, 164, 122, 65, 255, 49, 53, 246, 33, 131, 146, 137, 221, 247, 123, 172, 118, 145, 101, 240, 70, 239, 194, 166, 160, 92, 104, 142, 76, 115, 210, 121, 226, 69, 64, 80, 219, 225, 29, 138, 99, 108, 75, 109, 27, 95, 94, 173, 21, 186, 218, 188, 229, 54, 19, 81, 36, 113, 165, 31, 132, 124, 161, 93, 103, 175, 129, 106, 23, 213, 181, 15, 78, 116, 198, 100, 216, 52, 179, 1, 112, 183, 72, 156, 51, 211, 215, 42, 4, 149, 37, 34, 60, 196, 40, 6, 167, 147, 126, 66, 185, 61, 135, 177, 46, 140, 242, 41, 200, 151, 102, 141, 152, 68, 96, 163, 234, 47, 170, 35, 189, 9, 171, 20, 58, 148, 157, 85, 136, 205, 114, 254, 26, 209, 174, 105, 87, 231, 158, 251]",e2b0ad7737ce39088f37eb9c24ef6fc29140a11be6f09b0d2275b8ca095fc068,70b8cee1063be124a7b897a61c5ea05b61c0d3cf0658ec9a2ea26b30d44a9353,70b8cee1063be124a7b897a61c5ea05b61c0d3cf0658ec9a2ea26b30d44a9353
420017,0.004166666666666667,0.5,240,True,True,"[229, 3, 245, 170, 0, 49, 91, 6, 63, 158, 125, 80, 113, 146, 66, 243, 110, 23, 157, 169, 64, 71, 223, 50, 13, 8, 32, 24, 225, 190, 252, 42, 81, 129, 58, 102, 182, 172, 236, 48, 21, 153, 78, 122, 105, 44, 103, 30, 163, 65, 61, 126, 130, 118, 16, 56, 31, 107, 197, 74, 59, 144, 76, 148, 185, 164, 166, 85, 109, 168, 227, 208, 150, 77, 177, 247, 15, 137, 37, 187, 46, 255, 86, 87, 33, 131, 232, 90, 127, 221, 26, 139, 101, 249, 216, 202, 162, 174, 196, 135, 45, 246, 194, 228, 143, 116, 17, 43, 141, 205, 25, 235, 200, 239, 160, 136, 28, 39, 180, 2, 106, 97, 120, 214, 230, 183, 62, 178, 251, 184, 57, 179, 248, 155, 186, 204, 203, 253, 88, 159, 210, 171, 52, 219, 195, 220, 181, 189, 231, 4, 115, 73, 132, 89, 27, 215, 123, 99, 217, 238, 254, 165, 201, 199, 67, 38, 79, 51, 7, 47, 92, 117, 60, 34, 94, 176, 244, 233, 242, 237, 188, 83, 70, 68, 55, 191, 152, 212, 151, 140, 35, 145, 93, 149, 14, 18, 111, 19, 121, 72, 75, 206, 167, 218, 98, 108, 53, 128, 173, 250, 9, 240, 226, 133, 224, 1, 36, 22, 241, 154, 147, 40, 114, 12, 198, 29, 96, 112, 134, 156, 69, 209, 193, 234, 207, 192, 41, 11, 161, 10, 54, 5, 222, 119, 142, 213, 20, 124, 175, 211, 104, 100, 95, 138, 82, 84]",83a31be255bd52bcef739b5a0646612cc6f69da8e5526b1478ce4137915f0e20,30731df3891ba0f47df7340fa1858efca87b36a90e6bc596cb4ade3f182bcc96,30731df3891ba0f47df7340fa1858efca87b36a90e6bc596cb4ade3f182bcc96
420017,0.004166666666666667,0.75,240,True,True,"[160, 182, 141, 77, 68, 217, 86, 173, 225, 198, 50, 67, 178, 138, 143, 190, 48, 139, 15, 43, 121, 39, 7, 80, 169, 110, 19, 167, 55, 97, 27, 101, 252, 142, 129, 203, 133, 0, 3, 148, 242, 13, 206, 186, 239, 165, 221, 75, 216, 255, 147, 240, 83, 106, 76, 191, 78, 208, 154, 84, 74, 79, 119, 107, 179, 23, 238, 219, 248, 26, 132, 251, 51, 100, 114, 163, 145, 102, 137, 231, 254, 73, 8, 155, 65, 28, 246, 209, 144, 200, 1, 181, 9, 120, 234, 228, 247, 176, 89, 232, 151, 161, 17, 94, 118, 250, 54, 131, 21, 33, 104, 188, 105, 185, 230, 42, 98, 112, 53, 91, 223, 113, 126, 72, 193, 47, 159, 218, 36, 56, 64, 20, 205, 226, 171, 41, 122, 249, 170, 57, 22, 187, 66, 49, 4, 174, 11, 128, 24, 92, 62, 134, 162, 96, 10, 150, 88, 177, 93, 158, 61, 108, 40, 195, 103, 140, 115, 222, 12, 82, 130, 199, 184, 211, 70, 215, 189, 2, 5, 212, 52, 166, 16, 116, 194, 196, 81, 31, 237, 45, 35, 157, 18, 236, 201, 14, 192, 244, 46, 214, 253, 87, 153, 180, 202, 164, 38, 210, 136, 220, 156, 32, 175, 111, 135, 124, 117, 30, 90, 149, 58, 227, 235, 168, 44, 207, 213, 109, 99, 71, 183, 63, 85, 241, 245, 59, 29, 229, 243, 123, 60, 95, 204, 197, 69, 6, 224, 233, 127, 146, 172, 25, 152, 125, 34, 37]",6c234fa6cecdf9f4fbb1e85281dcee92b63b9974aedf36facf9e719cd5b01feb,ebf8da6e19436451b79772be9413cff0642e6485e8450314d510b07e8ed70442,ebf8da6e19436451b79772be9413cff0642e6485e8450314d510b07e8ed70442
420017,0.008333333333333333,0.25,240,True,True,"[107, 61, 136, 242, 176, 247, 66, 26, 172, 156, 202, 234, 145, 51, 48, 50, 6, 250, 171, 154, 99, 36, 118, 43, 114, 110, 223, 82, 42, 166, 57, 30, 187, 161, 49, 212, 10, 13, 34, 85, 230, 194, 164, 121, 211, 125, 122, 69, 56, 155, 191, 251, 169, 205, 170, 14, 190, 235, 197, 151, 67, 29, 214, 173, 68, 112, 23, 217, 232, 204, 93, 192, 0, 178, 141, 22, 15, 8, 28, 134, 129, 80, 158, 16, 25, 1, 113, 182, 98, 55, 3, 73, 188, 7, 233, 77, 130, 153, 180, 94, 220, 9, 253, 101, 81, 72, 71, 65, 89, 75, 4, 127, 115, 135, 103, 54, 87, 2, 137, 31, 63, 96, 165, 254, 133, 210, 109, 224, 18, 74, 119, 53, 38, 12, 83, 222, 52, 59, 128, 35, 86, 47, 147, 100, 240, 144, 246, 39, 203, 17, 175, 44, 179, 27, 160, 184, 102, 41, 19, 236, 199, 132, 139, 201, 108, 91, 174, 104, 196, 88, 90, 228, 186, 124, 126, 11, 58, 226, 152, 84, 183, 244, 167, 181, 185, 193, 148, 159, 163, 146, 45, 248, 140, 24, 150, 238, 97, 20, 149, 241, 142, 229, 116, 249, 195, 120, 221, 200, 143, 70, 239, 213, 62, 218, 131, 168, 32, 78, 243, 209, 79, 138, 21, 106, 207, 216, 231, 255, 208, 76, 198, 95, 252, 117, 245, 225, 64, 37, 40, 227, 237, 105, 33, 177, 162, 60, 157, 206, 111, 123, 215, 92, 46, 5, 189, 219]",c69f79284e23872484ff88875384aac31d19a1cb44e0c31c569165c95817aa4a,df77d0378e8b29e4c9080d1aedddba4ad117918a727d5ce9445788a7fb2a866f,df77d0378e8b29e4c9080d1aedddba4ad117918a727d5ce9445788a7fb2a866f
420017,0.008333333333333333,0.5,240,True,True,"[217, 187, 140, 168, 209, 29, 1, 45, 173, 225, 101, 152, 51, 128, 249, 87, 199, 153, 115, 170, 64, 104, 11, 16, 158, 113, 234, 59, 37, 94, 223, 73, 27, 224, 177, 174, 150, 151, 66, 200, 96, 165, 85, 206, 57, 167, 22, 7, 232, 193, 0, 110, 76, 131, 84, 88, 122, 161, 68, 254, 175, 42, 198, 178, 149, 201, 5, 133, 12, 186, 56, 82, 71, 65, 203, 72, 253, 159, 244, 26, 40, 129, 79, 28, 32, 123, 10, 83, 61, 144, 44, 17, 134, 250, 108, 182, 197, 192, 221, 156, 98, 48, 210, 139, 107, 172, 81, 215, 100, 62, 248, 194, 233, 205, 126, 212, 135, 106, 67, 143, 74, 211, 4, 155, 145, 43, 231, 216, 162, 169, 190, 15, 99, 105, 34, 213, 124, 142, 23, 90, 97, 119, 208, 19, 147, 130, 255, 63, 220, 235, 164, 80, 52, 125, 138, 230, 9, 70, 92, 137, 38, 118, 3, 191, 103, 189, 157, 54, 166, 226, 146, 241, 24, 214, 102, 218, 116, 112, 20, 93, 227, 117, 132, 188, 109, 176, 58, 181, 228, 114, 39, 36, 127, 251, 252, 185, 207, 237, 14, 49, 89, 25, 77, 30, 136, 179, 55, 91, 163, 50, 160, 222, 13, 21, 95, 154, 41, 53, 204, 202, 35, 18, 243, 2, 242, 240, 121, 47, 69, 6, 195, 180, 219, 60, 229, 183, 239, 246, 245, 238, 31, 247, 120, 236, 171, 184, 196, 148, 111, 46, 75, 86, 33, 141, 8, 78]",867d8b7d24121dadd58bc839b0f6d936b8e9abb1bcbdca86928736ce87d3d2b9,d25ce7e51878b39aa1089fb10033bb4ff34d9ef361b402253ee42cf5b646dae3,d25ce7e51878b39aa1089fb10033bb4ff34d9ef361b402253ee42cf5b646dae3
420017,0.008333333333333333,0.75,240,True,True,"[233, 91, 122, 52, 75, 204, 87, 199, 213, 62, 30, 150, 195, 3, 136, 134, 223, 73, 187, 58, 201, 241, 36, 235, 66, 231, 65, 128, 16, 184, 46, 98, 39, 243, 219, 44, 97, 188, 72, 29, 194, 79, 190, 144, 116, 143, 207, 45, 60, 124, 245, 166, 212, 175, 89, 12, 76, 179, 132, 90, 53, 106, 119, 84, 113, 238, 155, 158, 148, 147, 54, 249, 21, 236, 230, 25, 92, 40, 251, 197, 22, 8, 2, 255, 20, 55, 49, 133, 121, 159, 169, 181, 205, 112, 31, 210, 250, 23, 149, 110, 164, 93, 67, 146, 15, 57, 82, 171, 232, 100, 215, 182, 145, 17, 202, 118, 71, 180, 86, 34, 254, 227, 109, 14, 77, 151, 42, 196, 96, 186, 177, 47, 104, 83, 50, 26, 178, 127, 11, 203, 165, 114, 214, 140, 189, 191, 85, 218, 70, 81, 69, 160, 176, 216, 88, 252, 111, 137, 56, 41, 222, 172, 173, 211, 248, 101, 130, 237, 142, 13, 156, 43, 135, 108, 161, 153, 80, 209, 208, 242, 102, 7, 63, 174, 126, 157, 4, 138, 154, 139, 183, 192, 229, 141, 247, 246, 225, 162, 51, 117, 206, 0, 61, 221, 152, 32, 18, 99, 38, 105, 220, 200, 129, 228, 226, 120, 59, 24, 125, 35, 10, 115, 74, 123, 33, 95, 1, 234, 5, 244, 224, 28, 27, 78, 167, 131, 163, 48, 239, 185, 103, 19, 107, 198, 9, 94, 170, 240, 217, 168, 6, 193, 68, 64, 253, 37]",8cc84fba59d9d7d025d2d49f614b723dbe587ecb950d43174de4a8e5ddbbbfde,a375eae2590bbdb67d96fdb703e7cb94674bdc4e54f8d52dcd0d596e18fb2c41,a375eae2590bbdb67d96fdb703e7cb94674bdc4e54f8d52dcd0d596e18fb2c41
420017,0.025,0.25,240,True,True,"[243, 228, 119, 61, 115, 178, 196, 225, 242, 128, 166, 200, 113, 72, 156, 246, 52, 159, 247, 141, 231, 129, 36, 68, 130, 97, 121, 244, 105, 93, 219, 98, 143, 71, 135, 216, 9, 59, 182, 87, 147, 137, 213, 81, 23, 134, 207, 8, 174, 78, 38, 169, 33, 116, 84, 45, 195, 190, 189, 197, 109, 42, 155, 158, 150, 5, 94, 56, 138, 92, 107, 175, 100, 214, 202, 151, 6, 27, 70, 96, 152, 253, 28, 35, 224, 122, 111, 172, 181, 226, 24, 168, 235, 221, 136, 133, 170, 118, 227, 47, 236, 43, 41, 144, 160, 184, 57, 177, 192, 199, 22, 44, 73, 15, 17, 205, 106, 191, 198, 212, 204, 250, 34, 79, 142, 0, 171, 80, 65, 220, 125, 229, 240, 131, 58, 232, 241, 239, 26, 163, 13, 60, 99, 222, 167, 139, 186, 89, 12, 209, 63, 19, 55, 66, 187, 251, 10, 146, 37, 126, 14, 217, 132, 74, 127, 82, 223, 206, 76, 88, 46, 194, 83, 62, 104, 21, 69, 238, 4, 85, 165, 211, 32, 161, 230, 48, 164, 30, 108, 39, 185, 203, 120, 90, 75, 218, 255, 162, 193, 101, 95, 40, 249, 188, 16, 3, 254, 91, 49, 25, 114, 86, 148, 153, 215, 145, 51, 149, 102, 2, 18, 201, 237, 123, 208, 53, 110, 179, 31, 29, 124, 112, 176, 50, 11, 64, 7, 103, 183, 54, 252, 157, 140, 117, 233, 20, 245, 77, 234, 173, 67, 210, 180, 248, 1, 154]",92cd05d79318ebfa2b159ac4ca743d516591f4a739ccd40f797bbd18951250d7,066afe926d7362f2a1928e8a68dbd397055fd0cac0b0af756dbee94367c582ff,066afe926d7362f2a1928e8a68dbd397055fd0cac0b0af756dbee94367c582ff
420017,0.025,0.5,240,True,True,"[56, 193, 189, 36, 148, 22, 175, 153, 122, 128, 72, 48, 9, 247, 104, 218, 116, 40, 42, 114, 21, 230, 156, 241, 26, 161, 78, 163, 134, 112, 217, 94, 169, 203, 54, 76, 37, 100, 176, 63, 221, 162, 81, 160, 197, 68, 131, 149, 87, 188, 102, 84, 1, 69, 212, 250, 51, 59, 92, 252, 83, 71, 157, 215, 234, 185, 202, 53, 227, 184, 239, 101, 137, 130, 118, 67, 121, 235, 27, 124, 15, 223, 20, 216, 85, 233, 125, 205, 98, 32, 226, 123, 142, 89, 147, 236, 165, 23, 214, 168, 47, 49, 186, 229, 195, 2, 207, 159, 93, 146, 60, 6, 243, 111, 242, 64, 225, 211, 222, 61, 183, 228, 190, 62, 201, 43, 255, 238, 14, 237, 12, 80, 28, 138, 82, 151, 209, 167, 55, 66, 177, 19, 199, 166, 192, 126, 194, 91, 65, 106, 144, 74, 45, 10, 44, 224, 136, 33, 208, 170, 115, 24, 187, 246, 152, 58, 50, 154, 204, 198, 86, 120, 145, 0, 73, 110, 109, 30, 105, 34, 181, 5, 172, 119, 17, 133, 41, 245, 103, 182, 108, 178, 248, 150, 77, 13, 79, 210, 220, 191, 164, 7, 35, 16, 158, 253, 232, 107, 206, 25, 135, 75, 200, 18, 244, 240, 254, 88, 3, 173, 171, 70, 52, 127, 97, 231, 180, 57, 39, 179, 251, 141, 4, 99, 219, 196, 11, 155, 113, 95, 29, 46, 140, 132, 174, 249, 96, 139, 213, 31, 90, 117, 143, 129, 8, 38]",f354314a22feb059619c3b287bf9362879268eeee5867f69159463853ec17e87,ea08bbf61505205b392cf3aa05b76a87c20972526ad769b069b09aa984afd724,ea08bbf61505205b392cf3aa05b76a87c20972526ad769b069b09aa984afd724
420017,0.025,0.75,240,True,True,"[125, 81, 236, 231, 132, 195, 212, 28, 146, 163, 11, 185, 31, 12, 188, 113, 1, 249, 58, 246, 177, 165, 34, 78, 135, 171, 238, 124, 10, 138, 110, 109, 52, 251, 234, 214, 154, 21, 179, 202, 164, 128, 105, 203, 166, 167, 48, 229, 74, 63, 36, 136, 224, 108, 122, 8, 84, 26, 92, 64, 80, 149, 207, 40, 201, 162, 114, 75, 119, 242, 85, 6, 82, 99, 73, 43, 211, 47, 191, 101, 144, 27, 194, 235, 66, 254, 53, 97, 22, 51, 9, 174, 227, 0, 123, 20, 189, 41, 68, 158, 19, 120, 35, 217, 223, 205, 2, 157, 14, 30, 76, 200, 153, 142, 150, 160, 255, 241, 46, 29, 180, 134, 219, 218, 127, 182, 209, 240, 221, 253, 213, 87, 86, 245, 199, 208, 216, 93, 33, 198, 130, 83, 69, 61, 226, 215, 37, 96, 252, 55, 230, 206, 141, 25, 7, 72, 181, 60, 183, 91, 4, 117, 192, 116, 102, 70, 39, 24, 247, 13, 184, 32, 121, 140, 243, 112, 50, 17, 159, 100, 175, 62, 95, 54, 133, 196, 239, 244, 89, 193, 77, 237, 44, 65, 145, 148, 16, 57, 152, 56, 151, 233, 94, 126, 143, 129, 156, 23, 106, 3, 131, 38, 228, 170, 104, 49, 250, 147, 222, 111, 67, 168, 137, 59, 15, 118, 197, 90, 88, 45, 232, 178, 139, 71, 186, 42, 18, 98, 173, 107, 79, 103, 204, 115, 161, 5, 176, 248, 172, 190, 210, 169, 187, 225, 155, 220]",460e895886c7ea0a12348a58f7a6d3a49ad36284872b2e750e88e490d82ad647,5f98d20e597eb959a7ea068acba098d08009cac9a5a9245230578be040ab7e27,5f98d20e597eb959a7ea068acba098d08009cac9a5a9245230578be040ab7e27
420018,0.004166666666666667,0.25,240,True,True,"[5, 4, 249, 220, 190, 72, 234, 6, 245, 91, 27, 223, 119, 66, 55, 238, 240, 110, 116, 219, 26, 118, 50, 82, 133, 217, 154, 128, 239, 42, 199, 167, 52, 187, 135, 139, 109, 17, 24, 156, 11, 209, 81, 58, 170, 86, 107, 99, 211, 141, 73, 198, 229, 37, 39, 62, 197, 243, 182, 85, 68, 137, 254, 75, 10, 175, 151, 188, 168, 36, 120, 103, 19, 158, 67, 140, 253, 65, 191, 0, 251, 78, 145, 2, 213, 15, 60, 236, 125, 169, 105, 34, 183, 235, 1, 189, 18, 232, 226, 164, 29, 200, 207, 224, 138, 231, 142, 149, 208, 44, 102, 210, 203, 131, 241, 124, 104, 122, 64, 57, 202, 32, 161, 49, 112, 180, 101, 106, 53, 126, 143, 47, 3, 214, 9, 179, 165, 247, 87, 46, 242, 162, 178, 228, 90, 193, 174, 25, 195, 152, 70, 21, 51, 98, 121, 171, 80, 111, 69, 196, 215, 184, 225, 201, 28, 185, 153, 186, 148, 30, 100, 233, 97, 255, 216, 157, 146, 95, 108, 88, 204, 84, 45, 40, 38, 181, 222, 192, 94, 93, 22, 160, 194, 59, 89, 20, 176, 134, 13, 237, 147, 48, 61, 14, 12, 227, 205, 63, 172, 248, 150, 43, 16, 129, 7, 76, 23, 252, 221, 127, 71, 155, 173, 33, 56, 117, 212, 8, 114, 218, 54, 115, 136, 113, 96, 130, 144, 250, 41, 35, 132, 206, 74, 77, 166, 92, 230, 79, 244, 177, 159, 163, 123, 31, 246, 83]",d070a1f766adb76ab0ed310f3767cbe9275350b11e5121f933266e17cbfe9c07,6c4db016aa2118c15c4711dc7bf0cfddd20c982b2016e5a37fcd73c5be434e5c,6c4db016aa2118c15c4711dc7bf0cfddd20c982b2016e5a37fcd73c5be434e5c
420018,0.004166666666666667,0.5,240,True,True,"[203, 88, 60, 100, 69, 1, 188, 177, 39, 236, 19, 51, 237, 55, 251, 42, 4, 13, 17, 63, 98, 143, 132, 10, 3, 86, 125, 225, 118, 192, 151, 97, 233, 250, 73, 201, 158, 124, 202, 105, 34, 79, 92, 165, 179, 22, 149, 96, 246, 215, 187, 164, 93, 16, 174, 89, 209, 234, 110, 104, 240, 135, 148, 156, 150, 147, 175, 53, 211, 78, 145, 49, 195, 254, 29, 37, 178, 214, 68, 23, 14, 11, 32, 35, 40, 247, 66, 130, 41, 160, 58, 252, 102, 162, 129, 190, 231, 50, 7, 242, 121, 213, 82, 25, 200, 216, 36, 99, 30, 80, 48, 71, 176, 26, 126, 221, 238, 191, 241, 167, 159, 45, 113, 56, 222, 52, 244, 83, 18, 114, 5, 144, 112, 137, 127, 109, 173, 85, 243, 248, 108, 95, 189, 166, 136, 157, 171, 107, 46, 84, 116, 255, 90, 245, 6, 249, 28, 172, 197, 185, 87, 76, 38, 219, 75, 140, 226, 206, 20, 67, 70, 153, 181, 207, 194, 210, 15, 123, 77, 115, 31, 169, 44, 62, 229, 9, 182, 139, 131, 141, 224, 8, 223, 54, 161, 43, 128, 0, 186, 154, 155, 198, 230, 212, 184, 196, 65, 208, 170, 138, 12, 61, 47, 204, 199, 180, 24, 120, 217, 220, 232, 21, 106, 163, 101, 94, 57, 64, 239, 146, 218, 33, 133, 72, 74, 2, 134, 193, 142, 27, 122, 227, 253, 103, 117, 91, 81, 119, 183, 235, 59, 111, 228, 205, 152, 168]",5bec7ec4e72daf48b489fe822d84d6109e3a0979837050210dea88cfdec8b1f7,57e72cc88090246d46834039409c17776561bfd941547e80e34e10cdd355c618,57e72cc88090246d46834039409c17776561bfd941547e80e34e10cdd355c618
420018,0.004166666666666667,0.75,240,True,True,"[89, 245, 187, 67, 77, 16, 51, 9, 251, 38, 238, 73, 94, 236, 134, 156, 198, 98, 49, 0, 203, 216, 252, 255, 219, 125, 103, 242, 138, 42, 199, 254, 128, 155, 120, 17, 226, 58, 213, 13, 45, 243, 197, 157, 18, 217, 137, 158, 56, 132, 166, 117, 100, 50, 150, 218, 97, 64, 178, 136, 113, 248, 57, 25, 200, 14, 174, 232, 189, 26, 81, 114, 61, 87, 230, 186, 71, 107, 59, 109, 85, 131, 172, 92, 22, 151, 249, 74, 35, 112, 164, 55, 165, 145, 66, 62, 183, 143, 24, 167, 153, 129, 82, 210, 108, 53, 76, 69, 211, 23, 28, 207, 147, 7, 130, 15, 240, 205, 168, 84, 144, 171, 241, 2, 154, 40, 118, 195, 3, 4, 83, 111, 170, 148, 212, 228, 60, 231, 47, 126, 41, 121, 31, 223, 75, 161, 220, 135, 8, 104, 101, 65, 188, 229, 133, 239, 191, 33, 215, 11, 224, 177, 141, 19, 124, 194, 30, 80, 182, 196, 222, 10, 173, 209, 201, 179, 1, 234, 149, 21, 123, 119, 37, 250, 176, 20, 140, 139, 99, 237, 95, 88, 79, 44, 68, 253, 190, 34, 91, 96, 127, 192, 160, 39, 54, 122, 175, 52, 102, 246, 36, 152, 29, 72, 27, 32, 169, 225, 106, 247, 110, 227, 184, 142, 93, 163, 78, 193, 48, 181, 105, 43, 90, 206, 63, 185, 180, 214, 159, 221, 115, 204, 208, 116, 202, 244, 6, 162, 46, 233, 70, 235, 12, 146, 86, 5]",12d1174cd5a0c4ffb58fc9f14519bf506fe8b82972a60ca141510673479a4687,391f8286777366f430e7e25bfb784d7af2c920dd62c29f39cad3a64b7417ae80,391f8286777366f430e7e25bfb784d7af2c920dd62c29f39cad3a64b7417ae80
420018,0.008333333333333333,0.25,240,True,True,"[23, 237, 68, 252, 250, 19, 202, 99, 0, 128, 131, 200, 9, 91, 196, 139, 130, 158, 104, 14, 116, 44, 254, 164, 8, 246, 227, 127, 192, 83, 136, 234, 189, 153, 15, 63, 18, 241, 151, 111, 105, 100, 74, 21, 50, 191, 212, 5, 218, 133, 143, 73, 37, 49, 244, 53, 121, 119, 29, 217, 4, 59, 201, 6, 187, 39, 207, 235, 95, 96, 177, 1, 193, 154, 167, 122, 222, 232, 101, 233, 25, 20, 40, 137, 10, 176, 140, 17, 231, 150, 184, 76, 93, 160, 32, 55, 157, 13, 224, 219, 77, 236, 47, 110, 147, 194, 103, 145, 129, 230, 186, 165, 34, 183, 180, 61, 148, 38, 22, 114, 170, 107, 245, 125, 85, 54, 228, 36, 215, 102, 240, 97, 171, 225, 108, 117, 24, 118, 70, 71, 51, 31, 138, 185, 174, 90, 204, 211, 120, 56, 156, 243, 41, 92, 181, 89, 206, 27, 169, 26, 146, 134, 213, 12, 152, 52, 48, 112, 67, 98, 155, 7, 216, 242, 81, 11, 30, 197, 43, 88, 58, 251, 144, 2, 115, 57, 79, 109, 161, 42, 247, 35, 182, 132, 80, 126, 205, 255, 175, 195, 72, 135, 163, 82, 221, 239, 124, 106, 238, 214, 123, 203, 188, 45, 226, 86, 209, 33, 199, 84, 253, 28, 46, 60, 113, 229, 168, 142, 178, 159, 223, 3, 220, 75, 162, 69, 249, 179, 141, 87, 190, 78, 62, 248, 173, 208, 65, 64, 66, 94, 172, 198, 166, 210, 149, 16]",e880cfa6c8f989fb32cf9dbbecf0d30cbd6a292a43b1865fe71a05afcf393806,72df5ae24894ce15ea247b08768e82e4f9b825cc4fbd7f1ed052bb3676ab11d4,72df5ae24894ce15ea247b08768e82e4f9b825cc4fbd7f1ed052bb3676ab11d4
420018,0.008333333333333333,0.5,240,True,True,"[141, 57, 151, 187, 147, 165, 65, 75, 14, 30, 167, 243, 69, 27, 211, 113, 41, 94, 125, 168, 91, 15, 2, 61, 136, 124, 219, 201, 197, 34, 54, 198, 218, 221, 149, 250, 144, 83, 206, 98, 191, 58, 134, 82, 169, 33, 38, 241, 99, 153, 9, 233, 87, 97, 234, 118, 29, 74, 67, 80, 194, 60, 16, 236, 135, 162, 213, 170, 230, 217, 143, 129, 102, 78, 109, 116, 246, 50, 220, 121, 195, 215, 45, 77, 63, 36, 157, 112, 108, 68, 123, 226, 105, 172, 49, 139, 107, 196, 7, 6, 115, 181, 1, 133, 145, 93, 224, 240, 183, 111, 244, 117, 192, 179, 17, 174, 100, 164, 52, 154, 114, 84, 13, 24, 160, 51, 161, 81, 166, 137, 223, 26, 200, 21, 56, 252, 55, 122, 176, 152, 0, 232, 189, 3, 138, 120, 204, 178, 231, 242, 130, 173, 10, 148, 22, 227, 175, 25, 202, 37, 245, 225, 235, 254, 207, 203, 89, 35, 110, 119, 92, 210, 19, 86, 73, 42, 171, 182, 186, 28, 70, 156, 229, 95, 4, 90, 76, 142, 237, 127, 249, 248, 46, 44, 85, 101, 180, 159, 106, 150, 12, 239, 43, 177, 23, 71, 47, 11, 185, 188, 214, 96, 18, 88, 253, 131, 212, 48, 104, 31, 205, 72, 20, 209, 146, 193, 79, 251, 64, 140, 132, 66, 216, 39, 255, 247, 126, 53, 163, 103, 32, 128, 40, 155, 184, 228, 190, 238, 8, 59, 199, 5, 62, 208, 158, 222]",7837248cbe9668154862d8278d9c1b1842af248e43a45d8d87188f0ae5d45f72,56a4b7e09a46ab6bf2bb09d6bb5c3554fdfc75005f5d544d181299abe6622053,56a4b7e09a46ab6bf2bb09d6bb5c3554fdfc75005f5d544d181299abe6622053
420018,0.008333333333333333,0.75,240,True,True,"[108, 228, 189, 211, 80, 111, 30, 216, 238, 212, 162, 81, 7, 46, 248, 163, 200, 178, 48, 53, 104, 117, 14, 217, 91, 72, 177, 88, 246, 16, 161, 202, 77, 57, 133, 146, 44, 2, 3, 97, 221, 137, 176, 62, 125, 144, 31, 39, 196, 118, 45, 40, 253, 237, 67, 33, 143, 76, 15, 29, 166, 247, 218, 222, 127, 89, 219, 5, 42, 100, 235, 187, 208, 49, 251, 22, 103, 191, 130, 185, 254, 201, 37, 169, 0, 172, 132, 213, 84, 124, 239, 36, 52, 136, 87, 168, 180, 156, 240, 227, 158, 69, 94, 203, 150, 24, 171, 13, 71, 56, 116, 83, 82, 199, 183, 173, 231, 170, 205, 250, 12, 113, 179, 230, 35, 160, 159, 78, 149, 23, 225, 65, 233, 229, 204, 214, 232, 73, 43, 107, 153, 50, 115, 255, 234, 134, 155, 120, 41, 85, 188, 105, 224, 28, 96, 192, 27, 74, 1, 59, 18, 102, 70, 99, 241, 68, 66, 54, 11, 47, 252, 174, 86, 114, 186, 184, 193, 101, 34, 182, 152, 20, 126, 190, 220, 121, 194, 154, 98, 19, 181, 6, 64, 207, 140, 32, 131, 195, 51, 112, 165, 206, 90, 245, 223, 95, 164, 93, 8, 9, 243, 226, 106, 4, 141, 175, 145, 38, 157, 139, 25, 197, 138, 151, 129, 10, 63, 148, 198, 79, 21, 236, 58, 215, 122, 135, 75, 242, 119, 244, 123, 210, 92, 60, 142, 167, 55, 147, 249, 128, 209, 61, 17, 109, 110, 26]",ee296775ff96e01512b332af58066c4c67fac581f8bd08fd5d18b03173ca2f8a,8e22f80430ebc1784ec8756b9645771bb78e26727e84bd15b5d438d913c31afc,8e22f80430ebc1784ec8756b9645771bb78e26727e84bd15b5d438d913c31afc
420018,0.025,0.25,240,True,True,"[229, 71, 180, 86, 85, 206, 108, 204, 211, 232, 77, 179, 175, 174, 63, 43, 123, 137, 248, 132, 242, 120, 50, 41, 168, 249, 121, 40, 13, 207, 105, 160, 141, 142, 38, 36, 140, 8, 250, 202, 107, 113, 189, 106, 7, 101, 102, 68, 219, 83, 6, 217, 33, 74, 200, 178, 70, 98, 239, 170, 205, 138, 51, 148, 2, 191, 237, 25, 84, 119, 234, 158, 127, 27, 181, 5, 197, 49, 161, 134, 12, 30, 67, 210, 52, 53, 56, 76, 193, 60, 37, 163, 46, 124, 73, 10, 99, 147, 173, 104, 23, 54, 66, 166, 87, 177, 135, 246, 69, 118, 136, 31, 230, 42, 117, 133, 254, 29, 169, 212, 228, 4, 143, 90, 72, 185, 64, 44, 24, 95, 183, 100, 165, 82, 109, 103, 218, 201, 149, 195, 162, 92, 253, 139, 196, 80, 97, 75, 222, 247, 126, 231, 213, 244, 150, 93, 16, 55, 155, 59, 62, 47, 187, 28, 203, 184, 243, 171, 220, 11, 188, 144, 227, 112, 65, 45, 153, 146, 14, 152, 129, 172, 255, 252, 89, 22, 251, 88, 122, 48, 182, 233, 125, 21, 151, 235, 198, 226, 209, 154, 167, 192, 236, 199, 57, 131, 20, 221, 115, 94, 176, 164, 214, 26, 186, 39, 159, 34, 208, 61, 116, 238, 145, 224, 216, 81, 194, 130, 215, 17, 79, 9, 58, 240, 128, 3, 1, 156, 223, 245, 157, 35, 114, 111, 19, 110, 78, 190, 225, 15, 32, 241, 96, 18, 0, 91]",94cf951e3175ec70b06eff2dce5ef1f87b35adfc8c1b7cae2cb545e3472b3207,2fe547750cc8e7ed7b3c0dc134dd80d2a7b106f3a73bbf27b0205c436a000271,2fe547750cc8e7ed7b3c0dc134dd80d2a7b106f3a73bbf27b0205c436a000271
420018,0.025,0.5,240,True,True,"[249, 88, 235, 86, 122, 206, 114, 101, 142, 173, 95, 186, 231, 113, 5, 248, 151, 157, 107, 34, 54, 46, 10, 165, 61, 182, 161, 116, 181, 226, 172, 192, 15, 232, 246, 105, 156, 21, 76, 0, 204, 208, 219, 179, 11, 178, 195, 223, 56, 2, 148, 31, 1, 238, 18, 77, 170, 32, 96, 47, 53, 124, 158, 140, 212, 175, 254, 138, 8, 97, 67, 196, 162, 30, 129, 126, 134, 48, 55, 3, 145, 190, 115, 141, 159, 153, 152, 110, 218, 93, 82, 120, 201, 6, 89, 63, 80, 104, 230, 176, 228, 91, 133, 243, 203, 241, 59, 252, 123, 50, 239, 84, 20, 90, 119, 118, 242, 17, 183, 137, 106, 75, 79, 94, 146, 164, 58, 64, 171, 198, 27, 40, 73, 245, 177, 33, 213, 130, 167, 217, 166, 132, 62, 24, 109, 12, 74, 188, 92, 121, 102, 229, 247, 19, 87, 71, 233, 72, 150, 37, 81, 205, 4, 211, 199, 234, 169, 147, 144, 111, 60, 99, 39, 227, 44, 202, 52, 35, 225, 42, 69, 98, 125, 49, 51, 28, 38, 26, 163, 22, 135, 149, 100, 180, 253, 112, 127, 108, 65, 189, 214, 160, 70, 136, 200, 154, 128, 244, 155, 117, 224, 45, 209, 41, 7, 185, 139, 251, 237, 29, 255, 187, 191, 85, 143, 25, 68, 14, 83, 131, 23, 221, 57, 66, 174, 220, 210, 43, 193, 168, 236, 184, 207, 16, 215, 36, 216, 240, 250, 13, 9, 78, 222, 103, 197, 194]",b7baeccf62c04193c43b7c843529c5ab887bde43a820c694faf43a7102c08f35,8833a1886744d470dbfa9b1a89523d79a79c65be7bd186d50af7a653c8c7eaf4,8833a1886744d470dbfa9b1a89523d79a79c65be7bd186d50af7a653c8c7eaf4
420018,0.025,0.75,240,True,True,"[210, 27, 247, 187, 114, 238, 201, 12, 21, 98, 232, 0, 156, 19, 135, 222, 73, 223, 203, 220, 59, 131, 53, 35, 15, 39, 140, 38, 116, 153, 6, 64, 239, 130, 44, 163, 138, 207, 127, 216, 37, 234, 84, 148, 43, 4, 253, 195, 28, 20, 74, 49, 212, 181, 235, 57, 33, 154, 248, 171, 106, 42, 149, 175, 144, 213, 150, 132, 243, 101, 109, 52, 54, 205, 69, 134, 161, 93, 218, 126, 165, 147, 10, 78, 178, 237, 31, 136, 251, 249, 36, 226, 219, 107, 80, 124, 194, 164, 242, 40, 90, 250, 51, 105, 159, 71, 240, 32, 225, 168, 191, 22, 82, 108, 188, 157, 197, 200, 34, 179, 192, 177, 202, 245, 99, 81, 30, 173, 143, 152, 119, 61, 169, 204, 14, 94, 111, 170, 25, 3, 180, 151, 68, 95, 184, 183, 122, 141, 97, 189, 65, 233, 29, 58, 208, 70, 224, 255, 139, 91, 26, 215, 16, 231, 89, 102, 2, 83, 79, 129, 162, 50, 63, 86, 125, 155, 45, 87, 118, 229, 244, 198, 9, 123, 85, 182, 66, 7, 199, 142, 206, 190, 8, 128, 76, 72, 172, 254, 11, 113, 193, 167, 145, 160, 236, 55, 88, 100, 47, 227, 176, 75, 48, 133, 252, 56, 5, 117, 241, 246, 92, 137, 13, 77, 186, 112, 214, 115, 174, 41, 196, 146, 1, 209, 104, 166, 185, 103, 23, 60, 230, 67, 211, 110, 46, 17, 228, 24, 121, 158, 221, 120, 62, 96, 18, 217]",9394b1240909fca3b1a7cb0951c87ddf69717071cc4b4b1b3dab206d76e07e77,891d079a20fb99250313a4654d5e3d359395901b22057af8d2ed3b272f846d2c,891d079a20fb99250313a4654d5e3d359395901b22057af8d2ed3b272f846d2c
420019,0.004166666666666667,0.25,240,True,True,"[14, 4, 243, 226, 2, 69, 141, 230, 15, 30, 218, 21, 47, 248, 152, 44, 203, 54, 102, 251, 181, 219, 28, 131, 41, 210, 122, 38, 104, 18, 123, 167, 0, 36, 77, 207, 161, 202, 231, 174, 71, 49, 206, 58, 79, 211, 180, 228, 43, 94, 120, 171, 147, 84, 220, 204, 233, 116, 1, 107, 182, 236, 255, 158, 48, 33, 185, 65, 209, 208, 124, 22, 217, 64, 53, 101, 197, 172, 214, 105, 157, 86, 60, 67, 200, 45, 199, 128, 113, 100, 194, 75, 196, 148, 29, 193, 159, 88, 166, 46, 221, 19, 90, 12, 56, 78, 145, 8, 95, 61, 250, 39, 127, 177, 85, 160, 215, 68, 224, 136, 195, 59, 170, 142, 134, 138, 240, 164, 242, 188, 70, 189, 10, 118, 103, 216, 42, 247, 108, 198, 16, 254, 111, 133, 245, 6, 11, 27, 168, 190, 119, 239, 125, 163, 57, 110, 205, 187, 109, 169, 232, 112, 76, 156, 117, 151, 97, 235, 225, 50, 129, 201, 13, 175, 98, 212, 96, 51, 241, 83, 115, 52, 252, 40, 238, 246, 139, 99, 32, 81, 192, 24, 146, 227, 20, 155, 165, 186, 106, 149, 154, 89, 26, 184, 144, 80, 178, 114, 213, 176, 72, 234, 223, 35, 229, 126, 143, 140, 153, 73, 93, 253, 82, 137, 3, 34, 249, 74, 237, 222, 179, 66, 25, 37, 7, 130, 91, 173, 92, 55, 62, 9, 31, 135, 121, 150, 17, 244, 23, 63, 191, 162, 132, 183, 87, 5]",4ed7a6bcd2bfdc42a27bbbf72c7965534dbbeece8b64bd96e733a665e1b19e79,66e6fd3584f2b3a09542c5b1baf64840aaed8c2a664d38c29d682fa03088b054,66e6fd3584f2b3a09542c5b1baf64840aaed8c2a664d38c29d682fa03088b054
420019,0.004166666666666667,0.5,240,True,True,"[210, 62, 103, 48, 185, 72, 23, 231, 176, 123, 157, 173, 148, 7, 18, 27, 246, 9, 102, 13, 106, 2, 187, 251, 30, 229, 213, 158, 230, 87, 234, 145, 150, 134, 83, 143, 235, 79, 65, 196, 137, 227, 202, 51, 66, 243, 162, 188, 149, 4, 153, 144, 242, 96, 3, 38, 205, 17, 104, 91, 112, 170, 77, 254, 135, 97, 207, 199, 59, 136, 47, 204, 82, 184, 58, 127, 101, 241, 5, 180, 40, 169, 57, 232, 68, 14, 107, 50, 236, 53, 94, 164, 128, 44, 240, 239, 32, 228, 15, 218, 11, 190, 223, 70, 217, 191, 182, 167, 71, 226, 212, 76, 237, 109, 93, 6, 214, 200, 175, 238, 75, 100, 46, 115, 95, 133, 192, 209, 28, 56, 118, 84, 225, 25, 245, 161, 39, 116, 183, 215, 80, 108, 141, 219, 174, 249, 61, 88, 36, 55, 120, 35, 132, 69, 156, 119, 193, 8, 206, 151, 181, 86, 177, 20, 10, 255, 98, 222, 152, 124, 194, 221, 117, 42, 24, 64, 60, 74, 201, 34, 105, 114, 142, 49, 54, 16, 130, 131, 113, 78, 0, 22, 81, 99, 43, 166, 179, 253, 247, 121, 163, 216, 138, 19, 122, 172, 140, 31, 111, 125, 250, 129, 92, 244, 189, 1, 52, 41, 90, 178, 198, 85, 67, 73, 147, 33, 211, 165, 12, 197, 45, 37, 248, 168, 89, 63, 160, 220, 146, 139, 21, 186, 29, 159, 252, 26, 224, 195, 154, 155, 233, 126, 203, 110, 208, 171]",707c410bcde0d09b78c008ef18558130a8e2aae52900535f81c8797a7bd7d337,de2b7a8b7f3c3013b33628f76546bd7df2a93c00cd262a9c59040d42a2658eb9,de2b7a8b7f3c3013b33628f76546bd7df2a93c00cd262a9c59040d42a2658eb9
420019,0.004166666666666667,0.75,240,True,True,"[20, 201, 124, 127, 97, 117, 56, 255, 147, 166, 9, 125, 183, 231, 68, 80, 53, 165, 215, 143, 50, 248, 15, 10, 49, 64, 194, 3, 102, 44, 86, 2, 216, 137, 244, 159, 105, 156, 26, 139, 150, 120, 37, 111, 251, 152, 230, 239, 236, 32, 128, 168, 141, 115, 119, 214, 242, 21, 198, 67, 103, 19, 48, 228, 58, 118, 130, 17, 82, 116, 60, 151, 157, 169, 206, 191, 88, 98, 6, 192, 136, 45, 92, 158, 155, 29, 79, 11, 78, 226, 187, 174, 229, 247, 1, 112, 95, 170, 30, 207, 94, 209, 224, 54, 196, 4, 91, 12, 245, 181, 43, 220, 160, 71, 204, 205, 28, 177, 107, 123, 25, 22, 74, 0, 59, 57, 69, 90, 237, 121, 179, 252, 240, 161, 36, 254, 33, 140, 40, 84, 34, 234, 35, 23, 16, 162, 253, 5, 200, 238, 100, 202, 163, 190, 211, 149, 233, 104, 241, 212, 42, 129, 213, 77, 185, 146, 221, 203, 222, 232, 72, 217, 108, 167, 89, 66, 47, 38, 51, 197, 227, 113, 246, 75, 65, 235, 76, 188, 199, 135, 142, 210, 193, 164, 110, 184, 180, 13, 208, 225, 106, 85, 114, 172, 101, 250, 31, 176, 153, 219, 148, 27, 70, 218, 87, 154, 8, 133, 46, 63, 175, 178, 14, 93, 144, 171, 138, 81, 182, 126, 18, 132, 173, 61, 122, 131, 145, 62, 83, 223, 39, 41, 109, 73, 189, 52, 7, 195, 99, 24, 249, 186, 96, 55, 243, 134]",42b5c7e4b773352c5dab2b2e0c1039bcf5875aa32e84273ce10cbf7a7fdc9e36,0b6debf21ffc5b6a9fdf6416bee5e5639c420f8cda3c93e7b29beb94346ba9ae,0b6debf21ffc5b6a9fdf6416bee5e5639c420f8cda3c93e7b29beb94346ba9ae
420019,0.008333333333333333,0.25,240,True,True,"[165, 25, 32, 97, 154, 62, 229, 37, 73, 13, 39, 206, 57, 131, 213, 55, 110, 95, 193, 244, 176, 44, 223, 88, 233, 6, 90, 159, 96, 249, 162, 202, 227, 46, 63, 167, 5, 169, 232, 186, 242, 56, 158, 149, 182, 253, 160, 221, 243, 92, 8, 98, 40, 217, 215, 27, 219, 188, 19, 115, 74, 142, 151, 107, 205, 150, 179, 201, 114, 164, 99, 254, 53, 119, 252, 195, 251, 48, 231, 89, 112, 156, 220, 30, 79, 111, 241, 2, 207, 42, 133, 190, 210, 45, 93, 86, 247, 60, 24, 91, 4, 35, 116, 52, 83, 148, 122, 145, 246, 184, 250, 101, 216, 155, 82, 139, 185, 166, 71, 236, 181, 43, 234, 225, 143, 38, 7, 64, 174, 108, 146, 47, 77, 21, 140, 15, 127, 136, 36, 128, 222, 12, 211, 76, 157, 68, 209, 175, 80, 50, 240, 65, 153, 134, 103, 172, 102, 34, 22, 224, 196, 137, 194, 189, 138, 123, 177, 178, 170, 144, 129, 81, 104, 41, 105, 141, 3, 59, 132, 183, 0, 248, 100, 204, 94, 16, 87, 255, 33, 18, 191, 10, 161, 11, 235, 14, 117, 168, 31, 171, 20, 212, 203, 173, 200, 126, 187, 228, 1, 120, 17, 51, 152, 9, 198, 124, 113, 85, 75, 72, 61, 238, 245, 29, 84, 135, 230, 106, 109, 226, 147, 67, 214, 58, 118, 130, 125, 239, 49, 26, 70, 54, 66, 237, 28, 121, 218, 23, 69, 197, 163, 208, 180, 78, 199, 192]",56d5066001e9191eba5295807cbfaef63fd15c17193b48fcee8e9dd00f5bad4d,0258726de89d672fc7f0a6d1f96095169b964c6ae0a2eabfc11295923fda5689,0258726de89d672fc7f0a6d1f96095169b964c6ae0a2eabfc11295923fda5689
420019,0.008333333333333333,0.5,240,True,True,"[6, 175, 32, 177, 49, 124, 121, 120, 95, 24, 41, 182, 15, 207, 234, 74, 132, 171, 165, 250, 176, 123, 233, 168, 254, 28, 151, 54, 191, 20, 4, 156, 137, 131, 53, 173, 93, 115, 59, 11, 153, 36, 205, 222, 213, 69, 227, 61, 190, 136, 26, 27, 105, 160, 244, 71, 224, 192, 180, 10, 164, 185, 152, 214, 200, 97, 77, 252, 139, 107, 201, 82, 145, 229, 140, 203, 109, 184, 149, 204, 83, 209, 237, 60, 144, 79, 100, 88, 106, 130, 66, 219, 63, 193, 133, 112, 65, 46, 102, 29, 128, 92, 73, 64, 52, 148, 110, 225, 99, 146, 50, 48, 194, 51, 241, 81, 142, 23, 167, 70, 127, 122, 253, 58, 147, 103, 245, 198, 195, 255, 108, 206, 104, 155, 251, 19, 196, 72, 208, 169, 96, 129, 158, 37, 243, 90, 163, 18, 39, 38, 55, 210, 2, 174, 248, 42, 44, 154, 232, 188, 47, 170, 181, 220, 56, 199, 85, 0, 57, 126, 143, 161, 78, 223, 14, 228, 21, 189, 114, 98, 125, 113, 101, 172, 239, 134, 211, 166, 240, 212, 230, 236, 187, 9, 40, 183, 218, 16, 216, 33, 80, 7, 35, 87, 135, 186, 202, 178, 111, 89, 116, 84, 242, 235, 141, 8, 86, 226, 3, 246, 215, 75, 118, 162, 91, 30, 117, 231, 138, 217, 43, 13, 68, 25, 179, 62, 34, 238, 221, 12, 249, 247, 5, 22, 31, 197, 1, 157, 67, 150, 119, 17, 94, 159, 45, 76]",426088c44ba5d7a07ff11e5f2fdd1fe0a7a0ffbc9f0ef331080a3cbf4c202f2c,99a757e8f8f26e77bcb7009bff83f059f0f5c789ef63d0c982107eef18020c84,99a757e8f8f26e77bcb7009bff83f059f0f5c789ef63d0c982107eef18020c84
420019,0.008333333333333333,0.75,240,True,True,"[100, 106, 160, 45, 38, 48, 26, 205, 63, 230, 231, 95, 89, 239, 126, 199, 154, 9, 213, 152, 145, 191, 40, 61, 33, 96, 85, 43, 130, 136, 201, 207, 10, 196, 35, 186, 224, 8, 97, 167, 88, 132, 210, 179, 87, 166, 140, 84, 31, 222, 51, 30, 112, 211, 116, 255, 17, 66, 69, 23, 183, 118, 12, 242, 76, 162, 73, 214, 171, 229, 198, 249, 59, 156, 79, 46, 124, 175, 228, 128, 11, 28, 129, 55, 237, 108, 90, 39, 80, 176, 22, 188, 153, 0, 29, 197, 99, 107, 233, 71, 7, 15, 58, 204, 240, 250, 94, 101, 110, 121, 189, 178, 181, 247, 62, 111, 13, 158, 217, 235, 119, 169, 234, 252, 67, 70, 16, 244, 147, 190, 141, 72, 202, 200, 36, 105, 77, 109, 192, 180, 143, 65, 123, 173, 125, 21, 91, 19, 115, 215, 248, 92, 184, 155, 161, 4, 49, 151, 245, 206, 146, 47, 5, 195, 93, 54, 117, 74, 226, 114, 225, 60, 56, 185, 86, 24, 133, 254, 52, 221, 246, 131, 75, 139, 218, 120, 241, 42, 68, 14, 209, 148, 34, 142, 149, 82, 122, 144, 103, 182, 98, 134, 170, 83, 78, 135, 157, 159, 20, 168, 164, 2, 163, 138, 174, 1, 137, 18, 113, 232, 238, 127, 165, 6, 194, 177, 203, 253, 53, 150, 41, 172, 50, 219, 3, 37, 27, 251, 236, 227, 216, 64, 208, 212, 57, 81, 193, 104, 44, 102, 25, 32, 243, 187, 220, 223]",fdc9a50dce7a880f1f436d8e96d535d3d1b401d582ffaac77d8974bbe92d2d55,b235c83d5bf4027e7db60d63f35528cc29804d32176f877d98b4381cf102bf45,b235c83d5bf4027e7db60d63f35528cc29804d32176f877d98b4381cf102bf45
420019,0.025,0.25,240,True,True,"[175, 244, 201, 127, 252, 154, 221, 178, 85, 126, 63, 33, 95, 25, 212, 229, 125, 146, 168, 162, 200, 177, 235, 194, 12, 75, 9, 6, 31, 34, 155, 167, 216, 135, 121, 87, 23, 129, 41, 59, 2, 213, 173, 35, 39, 164, 84, 228, 29, 27, 210, 231, 172, 101, 169, 222, 19, 220, 115, 249, 241, 144, 183, 118, 8, 10, 130, 236, 94, 186, 196, 28, 83, 60, 161, 20, 106, 44, 185, 51, 248, 138, 56, 112, 14, 170, 233, 218, 74, 109, 193, 254, 243, 140, 62, 76, 159, 0, 122, 40, 96, 131, 24, 91, 45, 134, 128, 214, 99, 242, 15, 53, 163, 37, 225, 88, 156, 187, 22, 250, 30, 105, 108, 184, 136, 141, 68, 123, 4, 198, 150, 132, 113, 98, 182, 81, 43, 160, 230, 18, 11, 65, 54, 21, 238, 58, 189, 110, 32, 145, 205, 100, 116, 149, 42, 195, 207, 77, 239, 78, 219, 49, 209, 93, 234, 179, 119, 114, 26, 232, 69, 139, 171, 48, 79, 180, 217, 3, 103, 104, 197, 246, 151, 50, 5, 64, 148, 203, 224, 208, 165, 211, 143, 176, 102, 204, 142, 17, 202, 82, 147, 152, 47, 255, 67, 52, 92, 191, 251, 61, 55, 247, 166, 107, 237, 72, 158, 57, 16, 206, 245, 192, 174, 253, 13, 7, 215, 73, 190, 223, 71, 80, 89, 226, 36, 120, 157, 153, 133, 199, 124, 240, 66, 227, 181, 117, 188, 97, 111, 1, 137, 70, 86, 38, 90, 46]",170ffff0d326d1d20ec30f39f2077ce5eb6dc226d1b4333be203cc0c21c319fe,1bbccc7202a4f805efc6c3de34b02dd28d084a01bd8c660055cfcb834d16f8d9,1bbccc7202a4f805efc6c3de34b02dd28d084a01bd8c660055cfcb834d16f8d9
420019,0.025,0.5,240,True,True,"[23, 212, 60, 137, 236, 131, 106, 70, 133, 207, 147, 26, 85, 75, 1, 232, 28, 59, 109, 74, 196, 238, 141, 231, 156, 239, 123, 114, 92, 194, 191, 182, 165, 51, 162, 121, 15, 188, 30, 16, 229, 90, 32, 39, 47, 200, 132, 0, 96, 153, 184, 148, 254, 38, 225, 192, 105, 86, 117, 116, 237, 110, 183, 166, 33, 13, 127, 201, 7, 198, 111, 170, 226, 134, 68, 79, 234, 54, 251, 2, 93, 6, 48, 10, 149, 120, 14, 61, 222, 244, 9, 160, 193, 243, 35, 17, 205, 221, 119, 102, 58, 19, 177, 167, 25, 240, 172, 249, 112, 73, 34, 150, 168, 129, 21, 144, 65, 199, 187, 50, 211, 189, 80, 138, 209, 88, 203, 64, 4, 180, 135, 179, 66, 81, 140, 158, 103, 152, 161, 151, 139, 87, 27, 40, 195, 44, 142, 146, 72, 206, 197, 227, 97, 82, 101, 173, 250, 215, 136, 57, 29, 43, 228, 224, 98, 130, 8, 41, 49, 55, 83, 113, 22, 163, 3, 12, 128, 219, 233, 208, 37, 213, 52, 164, 255, 118, 11, 67, 178, 84, 175, 154, 210, 46, 204, 223, 241, 63, 91, 230, 176, 69, 18, 145, 71, 157, 56, 202, 76, 245, 247, 124, 218, 62, 104, 185, 169, 42, 181, 31, 115, 53, 235, 78, 253, 171, 125, 252, 186, 216, 94, 174, 95, 99, 77, 190, 126, 20, 220, 36, 107, 5, 159, 108, 214, 248, 122, 24, 217, 242, 89, 100, 155, 246, 45, 143]",c623a890fc8c76626533b5911608bff3793e9f52c2bc0d2a3cc78d8f3feaac90,429cabc5c021ce429391b1c633e1d6811dfdaf56658e0f247c77e1c2fbaf819c,429cabc5c021ce429391b1c633e1d6811dfdaf56658e0f247c77e1c2fbaf819c
420019,0.025,0.75,240,True,True,"[77, 147, 105, 201, 206, 226, 48, 10, 191, 14, 167, 188, 216, 212, 89, 205, 163, 102, 161, 219, 11, 39, 208, 252, 130, 79, 132, 141, 145, 250, 242, 70, 254, 135, 193, 185, 239, 182, 228, 133, 34, 85, 218, 26, 234, 36, 16, 87, 144, 90, 116, 100, 118, 213, 162, 220, 74, 101, 24, 110, 174, 179, 120, 230, 40, 148, 152, 18, 139, 225, 165, 140, 142, 156, 93, 29, 78, 45, 190, 64, 153, 94, 8, 166, 202, 157, 177, 200, 46, 164, 1, 181, 134, 154, 204, 9, 108, 63, 84, 38, 81, 224, 255, 66, 131, 86, 4, 207, 194, 106, 236, 60, 136, 129, 186, 172, 83, 19, 3, 25, 65, 211, 96, 160, 122, 28, 37, 104, 51, 246, 69, 73, 2, 115, 217, 178, 123, 80, 12, 240, 195, 143, 183, 32, 151, 199, 22, 23, 43, 15, 6, 155, 98, 17, 103, 117, 173, 112, 107, 150, 124, 114, 171, 180, 54, 184, 128, 149, 203, 214, 27, 58, 231, 253, 53, 49, 75, 241, 61, 7, 0, 245, 5, 209, 233, 111, 119, 138, 127, 175, 21, 168, 33, 222, 158, 20, 41, 57, 92, 197, 159, 97, 109, 215, 13, 248, 170, 31, 210, 249, 176, 42, 247, 44, 88, 232, 121, 125, 146, 235, 52, 55, 99, 187, 229, 76, 227, 30, 169, 221, 137, 62, 113, 82, 67, 237, 198, 243, 72, 56, 189, 50, 223, 126, 192, 68, 91, 251, 196, 71, 95, 238, 59, 244, 47, 35]",eb7dae12583f378cf9d38437c7b2da9e5b4476b842d5a26f1bd453f8b0e95148,066b90b433877ffd504019a35b21bdc3ec4ced58786f032a81939c60956f6751,066b90b433877ffd504019a35b21bdc3ec4ced58786f032a81939c60956f6751
420020,0.004166666666666667,0.25,240,True,True,"[66, 6, 84, 93, 7, 169, 36, 228, 150, 17, 233, 138, 30, 245, 73, 203, 162, 234, 109, 210, 193, 184, 185, 180, 224, 40, 226, 119, 41, 126, 82, 8, 183, 34, 147, 154, 21, 87, 111, 247, 139, 188, 54, 179, 50, 158, 181, 144, 62, 58, 196, 171, 134, 187, 201, 46, 255, 15, 97, 89, 85, 227, 212, 237, 216, 91, 231, 112, 217, 137, 37, 33, 190, 215, 206, 136, 127, 107, 35, 128, 242, 223, 211, 77, 191, 70, 146, 78, 68, 63, 61, 218, 16, 121, 51, 249, 90, 168, 118, 240, 164, 100, 174, 246, 4, 253, 52, 225, 238, 133, 244, 131, 59, 177, 13, 12, 27, 208, 106, 69, 202, 178, 194, 65, 166, 116, 5, 243, 76, 151, 157, 156, 105, 38, 103, 83, 135, 235, 99, 197, 141, 92, 222, 161, 252, 170, 10, 29, 195, 143, 11, 72, 48, 241, 53, 31, 132, 104, 88, 173, 117, 80, 45, 96, 28, 229, 39, 214, 114, 125, 71, 199, 186, 200, 167, 14, 172, 81, 44, 140, 250, 175, 60, 22, 248, 160, 74, 1, 94, 204, 9, 207, 115, 149, 148, 43, 95, 56, 101, 232, 110, 108, 122, 124, 152, 79, 221, 64, 102, 142, 165, 120, 220, 155, 98, 159, 129, 209, 86, 182, 47, 254, 123, 205, 189, 19, 2, 230, 219, 49, 239, 236, 130, 251, 163, 192, 198, 23, 55, 75, 24, 67, 3, 0, 20, 213, 42, 153, 176, 26, 25, 113, 57, 32, 18, 145]",87ff495eae03ef904cb58aaf022e09bde898e1ba50cb410bc2bae84f9ad10633,83bdfd889a3a925cf426b21a3ce44ac7e6ccdcd460f1f5ffa18126d540d4807c,83bdfd889a3a925cf426b21a3ce44ac7e6ccdcd460f1f5ffa18126d540d4807c
420020,0.004166666666666667,0.5,240,True,True,"[112, 27, 252, 139, 71, 133, 96, 171, 24, 138, 84, 115, 247, 17, 209, 1, 186, 162, 251, 250, 18, 87, 48, 203, 7, 253, 77, 19, 156, 160, 14, 23, 187, 106, 193, 182, 47, 97, 227, 210, 108, 228, 214, 142, 131, 211, 20, 86, 205, 254, 135, 226, 149, 37, 102, 111, 219, 163, 179, 53, 154, 51, 83, 166, 231, 136, 183, 150, 25, 132, 146, 99, 73, 145, 6, 125, 101, 54, 174, 178, 5, 93, 122, 79, 120, 81, 184, 153, 30, 91, 173, 230, 229, 60, 127, 212, 172, 21, 181, 204, 107, 41, 170, 36, 123, 13, 201, 58, 9, 220, 50, 208, 22, 76, 185, 61, 88, 34, 3, 242, 197, 10, 218, 200, 192, 29, 223, 113, 12, 144, 164, 158, 119, 176, 117, 105, 141, 152, 98, 114, 189, 44, 169, 195, 90, 2, 26, 35, 64, 80, 75, 196, 168, 126, 15, 130, 110, 161, 248, 165, 89, 246, 225, 49, 236, 207, 206, 175, 68, 67, 57, 129, 213, 255, 70, 66, 103, 198, 238, 134, 190, 16, 94, 42, 40, 43, 241, 167, 137, 32, 28, 234, 92, 128, 249, 148, 177, 46, 4, 104, 82, 237, 100, 180, 0, 244, 239, 31, 224, 74, 118, 69, 240, 202, 222, 147, 188, 151, 52, 245, 121, 109, 62, 55, 95, 56, 38, 155, 11, 232, 194, 159, 33, 65, 116, 221, 85, 157, 235, 78, 39, 243, 72, 216, 124, 233, 45, 8, 140, 217, 59, 215, 191, 63, 143, 199]",1ef3a3602908bf3af7e29d28a205e40966fa67842ede4f2963800105d33cf076,52222f6f2216779f49774a2460229c59fbde27d1bd62763dc52e2089ec37104d,52222f6f2216779f49774a2460229c59fbde27d1bd62763dc52e2089ec37104d
420020,0.004166666666666667,0.75,240,True,True,"[111, 27, 188, 2, 225, 73, 82, 25, 222, 213, 226, 32, 157, 177, 166, 74, 26, 248, 69, 115, 195, 159, 88, 160, 239, 109, 44, 144, 141, 59, 206, 180, 190, 224, 211, 202, 210, 101, 128, 51, 17, 62, 103, 163, 55, 34, 114, 194, 192, 93, 47, 137, 120, 217, 13, 154, 89, 244, 131, 238, 67, 205, 179, 140, 96, 156, 135, 150, 231, 58, 207, 178, 41, 40, 242, 153, 30, 200, 149, 229, 37, 152, 1, 43, 39, 63, 52, 125, 151, 124, 171, 64, 203, 134, 145, 42, 104, 80, 247, 167, 208, 227, 161, 165, 168, 245, 127, 197, 76, 221, 100, 236, 79, 176, 212, 108, 29, 253, 33, 11, 241, 4, 182, 6, 57, 219, 70, 98, 191, 220, 95, 10, 243, 123, 204, 215, 50, 105, 126, 85, 75, 174, 7, 129, 169, 14, 12, 65, 54, 249, 23, 218, 90, 254, 173, 252, 16, 172, 78, 9, 186, 250, 83, 148, 81, 112, 183, 223, 45, 199, 77, 53, 99, 146, 18, 189, 91, 117, 49, 46, 24, 233, 84, 237, 255, 214, 116, 162, 240, 3, 196, 35, 187, 118, 21, 133, 0, 119, 107, 175, 138, 136, 232, 19, 68, 170, 198, 246, 94, 48, 113, 251, 61, 92, 36, 132, 121, 110, 97, 86, 158, 139, 56, 216, 8, 142, 147, 184, 102, 201, 130, 28, 230, 22, 87, 228, 164, 235, 38, 72, 71, 15, 143, 209, 5, 60, 20, 31, 66, 193, 234, 106, 181, 185, 155, 122]",3753245f546c8c84a10f11a9c7ac85de8651ea405cc9b0e810a84a28835bcfa4,6b79c1e5caea4d62ca59a5c2545aa35230277baf3cac212a2400551316ddfddb,6b79c1e5caea4d62ca59a5c2545aa35230277baf3cac212a2400551316ddfddb
420020,0.008333333333333333,0.25,240,True,True,"[15, 224, 58, 245, 51, 136, 80, 254, 175, 34, 61, 45, 64, 30, 156, 82, 83, 163, 40, 159, 14, 169, 121, 251, 70, 126, 116, 101, 193, 36, 213, 54, 5, 240, 237, 52, 137, 57, 153, 209, 234, 185, 0, 241, 174, 27, 242, 24, 133, 211, 53, 1, 146, 135, 86, 23, 138, 150, 179, 74, 151, 244, 190, 182, 46, 105, 18, 199, 8, 85, 3, 9, 249, 35, 201, 7, 102, 255, 73, 171, 212, 148, 173, 11, 152, 75, 91, 17, 43, 204, 194, 79, 114, 96, 84, 76, 42, 50, 10, 232, 178, 115, 47, 132, 32, 160, 196, 200, 216, 6, 188, 31, 208, 112, 72, 223, 205, 77, 143, 123, 206, 26, 92, 4, 97, 214, 113, 243, 103, 117, 219, 189, 168, 99, 157, 125, 220, 2, 203, 109, 186, 12, 131, 68, 164, 155, 227, 235, 177, 22, 147, 154, 221, 172, 88, 124, 187, 108, 161, 38, 118, 62, 59, 222, 215, 134, 145, 195, 119, 93, 158, 225, 142, 228, 71, 162, 41, 170, 236, 21, 140, 250, 94, 25, 191, 127, 60, 239, 192, 81, 89, 111, 69, 166, 238, 44, 39, 176, 149, 63, 90, 87, 144, 33, 139, 181, 110, 67, 248, 165, 19, 104, 253, 217, 252, 95, 218, 120, 233, 128, 56, 246, 197, 207, 13, 141, 37, 55, 230, 210, 98, 229, 167, 226, 49, 29, 28, 231, 129, 100, 107, 198, 66, 184, 202, 183, 48, 20, 247, 130, 106, 122, 78, 180, 65, 16]",1cd184acc27b17eac213951f58ccb6b59974db1bf9c96eb16c6eaa260189154f,e35e47f65765ae035f043c8b40acbeec0d7ff616d0d8a1dd4ca627287b6c3f61,e35e47f65765ae035f043c8b40acbeec0d7ff616d0d8a1dd4ca627287b6c3f61
420020,0.008333333333333333,0.5,240,True,True,"[244, 225, 253, 163, 74, 104, 192, 115, 229, 130, 245, 175, 204, 206, 198, 181, 184, 127, 71, 193, 248, 58, 241, 164, 102, 77, 78, 114, 135, 56, 211, 83, 168, 170, 133, 25, 214, 132, 12, 242, 129, 149, 105, 29, 250, 73, 217, 53, 34, 226, 246, 148, 82, 154, 227, 228, 160, 47, 189, 202, 5, 153, 43, 1, 239, 63, 235, 210, 252, 234, 166, 99, 86, 44, 68, 17, 147, 119, 165, 221, 16, 125, 89, 110, 207, 218, 59, 188, 219, 251, 39, 48, 222, 100, 57, 195, 183, 128, 232, 161, 178, 14, 112, 122, 167, 51, 145, 11, 213, 150, 91, 126, 177, 155, 61, 95, 55, 40, 255, 240, 98, 69, 93, 46, 180, 108, 123, 72, 4, 254, 146, 22, 173, 37, 138, 13, 187, 174, 169, 6, 212, 144, 3, 38, 194, 141, 30, 35, 136, 249, 15, 79, 8, 96, 52, 230, 247, 139, 113, 42, 209, 103, 182, 172, 116, 24, 7, 81, 107, 36, 32, 233, 76, 158, 237, 124, 190, 243, 65, 75, 121, 60, 201, 28, 62, 90, 31, 9, 101, 67, 220, 231, 176, 236, 171, 117, 208, 142, 19, 205, 162, 21, 140, 92, 137, 10, 224, 118, 49, 238, 215, 120, 88, 97, 84, 0, 45, 50, 223, 18, 20, 109, 151, 200, 186, 111, 156, 2, 26, 64, 23, 196, 157, 197, 143, 70, 54, 191, 106, 41, 33, 66, 131, 134, 27, 179, 216, 152, 199, 94, 185, 159, 80, 85, 87, 203]",a71d5a8f541e04d9a96fa91e169d32720e2240eb9a24fdff6b7f90fe9b041549,1b69cf594c0d3bdecb295109ca8921ae356dce12a4a338666c3c26a0f471de02,1b69cf594c0d3bdecb295109ca8921ae356dce12a4a338666c3c26a0f471de02
420020,0.008333333333333333,0.75,240,True,True,"[21, 222, 163, 26, 230, 229, 213, 193, 180, 240, 215, 137, 91, 178, 253, 78, 44, 216, 166, 156, 85, 121, 173, 243, 246, 43, 159, 94, 191, 152, 161, 223, 227, 134, 212, 146, 10, 123, 198, 129, 174, 140, 164, 107, 224, 195, 139, 15, 252, 199, 208, 14, 196, 248, 1, 221, 148, 65, 31, 242, 76, 36, 239, 97, 4, 64, 190, 167, 128, 99, 3, 245, 158, 8, 71, 168, 100, 182, 105, 83, 102, 254, 201, 17, 170, 101, 104, 53, 40, 42, 175, 179, 145, 6, 55, 18, 12, 37, 205, 23, 33, 126, 56, 251, 184, 186, 51, 72, 181, 58, 62, 54, 79, 24, 237, 73, 217, 106, 133, 113, 109, 77, 45, 136, 69, 244, 189, 84, 154, 147, 185, 103, 27, 207, 2, 118, 13, 234, 75, 144, 86, 241, 0, 112, 110, 95, 162, 30, 228, 98, 20, 9, 48, 28, 249, 149, 238, 66, 200, 150, 59, 7, 19, 93, 130, 50, 202, 111, 155, 210, 192, 203, 235, 153, 60, 25, 250, 165, 209, 187, 61, 80, 219, 120, 29, 68, 22, 138, 16, 11, 57, 132, 52, 255, 34, 143, 236, 194, 231, 35, 183, 151, 117, 90, 211, 70, 49, 247, 119, 67, 225, 47, 82, 122, 87, 218, 188, 115, 88, 160, 172, 233, 127, 32, 171, 5, 197, 220, 96, 89, 232, 81, 125, 114, 46, 169, 135, 226, 177, 116, 124, 157, 204, 38, 41, 108, 141, 92, 131, 206, 214, 63, 176, 142, 39, 74]",0259897ba6900031d65d4dbd7a3b2c58a70a65bb8604cb62f2f6137fde8b55d2,61d72cca9a3367cd4033c8ab88afd49733277373eed770ece6cb8a2a330ff6c4,61d72cca9a3367cd4033c8ab88afd49733277373eed770ece6cb8a2a330ff6c4
420020,0.025,0.25,240,True,True,"[58, 38, 85, 176, 149, 146, 65, 73, 111, 192, 34, 195, 178, 61, 219, 166, 232, 229, 60, 83, 16, 77, 179, 217, 3, 220, 240, 17, 128, 184, 105, 137, 43, 251, 79, 64, 42, 32, 228, 46, 167, 250, 164, 157, 142, 109, 126, 145, 174, 101, 216, 203, 132, 207, 148, 8, 231, 224, 113, 202, 189, 147, 9, 41, 33, 134, 10, 66, 209, 140, 183, 239, 102, 218, 221, 19, 49, 151, 238, 173, 23, 175, 254, 86, 249, 225, 248, 116, 170, 94, 233, 130, 59, 11, 222, 141, 44, 159, 6, 103, 47, 191, 186, 223, 199, 72, 211, 80, 237, 40, 154, 177, 20, 74, 31, 63, 27, 28, 187, 196, 18, 120, 181, 92, 253, 70, 214, 155, 152, 25, 89, 226, 90, 14, 204, 230, 208, 255, 135, 37, 194, 131, 210, 78, 205, 7, 71, 84, 156, 190, 123, 68, 197, 163, 212, 114, 206, 245, 13, 171, 150, 15, 21, 118, 188, 35, 93, 125, 4, 100, 55, 82, 0, 201, 138, 180, 54, 185, 99, 242, 182, 98, 247, 95, 127, 172, 252, 67, 241, 56, 5, 22, 129, 87, 88, 243, 213, 234, 45, 106, 26, 168, 62, 244, 200, 53, 51, 115, 1, 161, 235, 112, 57, 169, 110, 158, 160, 246, 139, 50, 97, 48, 108, 144, 52, 91, 162, 96, 24, 29, 36, 136, 76, 107, 104, 117, 198, 81, 2, 12, 143, 75, 69, 215, 227, 39, 153, 121, 165, 119, 133, 236, 122, 30, 193, 124]",5bf3660798c696d48e03ffe00e5559be6ba43548220305c9fd1663c096476d05,b660242fa259a3b530504b5ec453eeac05807337e6b1ab36c5e54fd269fe21d4,b660242fa259a3b530504b5ec453eeac05807337e6b1ab36c5e54fd269fe21d4
420020,0.025,0.5,240,True,True,"[169, 217, 36, 134, 65, 96, 61, 5, 111, 229, 121, 85, 145, 64, 135, 32, 154, 46, 7, 6, 90, 133, 116, 242, 20, 197, 60, 164, 112, 171, 128, 44, 248, 176, 228, 212, 155, 83, 162, 255, 253, 75, 18, 78, 33, 137, 57, 233, 250, 125, 94, 158, 93, 43, 53, 152, 168, 104, 166, 21, 51, 71, 160, 24, 52, 208, 150, 117, 22, 80, 88, 249, 28, 31, 72, 84, 41, 9, 241, 239, 153, 109, 175, 143, 69, 195, 3, 148, 243, 185, 174, 194, 215, 38, 207, 123, 156, 210, 225, 188, 89, 203, 206, 219, 102, 82, 115, 202, 177, 240, 200, 113, 70, 27, 165, 131, 76, 144, 189, 95, 132, 49, 103, 235, 231, 216, 12, 40, 163, 39, 221, 190, 13, 48, 106, 178, 223, 182, 159, 114, 92, 146, 122, 124, 252, 63, 201, 141, 209, 17, 110, 204, 220, 100, 81, 198, 62, 56, 127, 54, 11, 184, 179, 211, 30, 193, 199, 19, 86, 227, 173, 151, 196, 14, 234, 119, 87, 55, 37, 157, 91, 42, 230, 181, 59, 99, 187, 232, 147, 180, 35, 136, 25, 58, 226, 101, 213, 108, 118, 167, 254, 191, 97, 224, 0, 170, 26, 10, 66, 34, 238, 68, 23, 140, 126, 245, 142, 172, 1, 251, 120, 222, 79, 45, 105, 186, 246, 77, 98, 161, 130, 237, 67, 15, 149, 214, 129, 16, 247, 218, 139, 107, 8, 47, 2, 183, 236, 192, 73, 244, 50, 74, 205, 29, 138, 4]",036123fa8d60e26243a6232b5bf280ef6f874c14406d3093ad2576666729bbac,e8ade8e28f16519683c1b2ab2b7812a872f0d5558756b989e874f126af9e169c,e8ade8e28f16519683c1b2ab2b7812a872f0d5558756b989e874f126af9e169c
420020,0.025,0.75,240,True,True,"[83, 141, 113, 120, 107, 53, 144, 142, 26, 143, 55, 221, 161, 148, 104, 18, 63, 0, 127, 101, 147, 131, 235, 179, 20, 134, 200, 11, 57, 73, 244, 248, 151, 31, 180, 237, 3, 177, 194, 68, 54, 16, 186, 117, 158, 189, 218, 86, 30, 155, 9, 150, 190, 216, 56, 226, 43, 187, 156, 159, 252, 77, 193, 119, 223, 164, 139, 242, 178, 6, 138, 115, 213, 59, 112, 246, 88, 217, 166, 76, 181, 109, 182, 198, 169, 133, 202, 95, 173, 22, 102, 162, 130, 234, 236, 14, 36, 103, 89, 137, 27, 229, 129, 66, 5, 65, 116, 106, 17, 208, 99, 228, 168, 90, 15, 7, 84, 149, 67, 183, 37, 140, 207, 13, 100, 96, 8, 172, 185, 82, 125, 251, 71, 39, 176, 243, 126, 240, 195, 247, 220, 210, 206, 34, 153, 122, 62, 201, 80, 219, 215, 192, 167, 35, 174, 191, 74, 45, 245, 184, 197, 49, 29, 124, 222, 212, 50, 46, 214, 79, 94, 135, 175, 87, 23, 2, 231, 75, 121, 105, 85, 114, 211, 250, 128, 10, 38, 146, 21, 227, 110, 60, 28, 81, 241, 157, 32, 239, 1, 108, 69, 58, 230, 64, 238, 118, 225, 255, 123, 51, 92, 41, 171, 78, 253, 233, 98, 48, 97, 70, 4, 160, 132, 165, 152, 199, 209, 204, 136, 111, 254, 232, 224, 205, 196, 145, 188, 42, 44, 33, 12, 163, 203, 61, 72, 24, 19, 40, 91, 154, 52, 25, 47, 249, 170, 93]",771032d341126c55012ffd7895f5d49cde5a61a6b828e52c8a3cf58d0b76d3d2,33234d306f6d2ac1ef888ac5c22b8124c5126b4570c93143deef0f0c9ee9c8a8,33234d306f6d2ac1ef888ac5c22b8124c5126b4570c93143deef0f0c9ee9c8a8
420021,0.004166666666666667,0.25,240,True,True,"[87, 2, 53, 73, 79, 231, 252, 5, 106, 3, 232, 34, 33, 113, 236, 90, 91, 131, 167, 254, 40, 178, 71, 117, 161, 238, 123, 18, 228, 24, 82, 105, 247, 19, 140, 121, 135, 171, 69, 67, 38, 72, 152, 76, 78, 150, 210, 102, 56, 189, 97, 200, 114, 158, 0, 136, 101, 80, 116, 163, 54, 86, 206, 187, 193, 138, 95, 241, 230, 219, 240, 111, 118, 154, 66, 209, 47, 159, 233, 160, 61, 170, 32, 115, 142, 157, 198, 49, 191, 217, 165, 96, 57, 4, 172, 41, 211, 147, 153, 128, 46, 212, 251, 239, 88, 156, 59, 35, 39, 227, 176, 183, 10, 43, 229, 168, 6, 84, 22, 144, 36, 9, 202, 122, 182, 83, 42, 63, 129, 195, 203, 250, 98, 221, 243, 99, 14, 100, 125, 17, 45, 220, 130, 207, 214, 134, 120, 177, 12, 31, 174, 253, 162, 201, 208, 223, 7, 51, 194, 37, 245, 127, 151, 173, 255, 89, 184, 148, 224, 204, 104, 133, 246, 50, 199, 23, 68, 192, 27, 146, 75, 180, 155, 248, 28, 226, 30, 213, 175, 166, 119, 74, 85, 139, 112, 216, 60, 169, 185, 109, 234, 11, 186, 103, 21, 196, 55, 132, 94, 93, 164, 44, 179, 81, 141, 13, 197, 137, 77, 124, 70, 225, 244, 26, 249, 58, 8, 126, 108, 20, 62, 188, 215, 190, 218, 237, 52, 25, 65, 48, 1, 16, 143, 205, 107, 149, 235, 242, 15, 64, 110, 29, 145, 181, 92, 222]",6413eb60626c6e70cbad2f454fe3df4340161e459880019a5b6768e43faf2621,b371d54c09859b30f2edef48a7113ce16a1c30a490a9afd24d5ad429473aed51,b371d54c09859b30f2edef48a7113ce16a1c30a490a9afd24d5ad429473aed51
420021,0.004166666666666667,0.5,240,True,True,"[146, 227, 17, 14, 138, 98, 77, 231, 237, 167, 114, 238, 148, 137, 236, 189, 22, 142, 3, 48, 33, 8, 27, 253, 240, 80, 182, 194, 49, 46, 187, 120, 119, 134, 158, 124, 235, 62, 84, 117, 72, 184, 196, 37, 60, 156, 252, 130, 87, 118, 154, 16, 75, 11, 50, 223, 63, 162, 225, 140, 9, 192, 198, 104, 135, 234, 101, 0, 201, 181, 211, 67, 128, 20, 157, 78, 15, 179, 81, 26, 96, 25, 100, 176, 121, 39, 195, 248, 215, 202, 82, 233, 205, 18, 83, 193, 165, 53, 155, 212, 99, 59, 221, 180, 105, 251, 64, 34, 36, 173, 208, 243, 160, 97, 219, 147, 12, 88, 169, 57, 116, 159, 152, 4, 239, 23, 69, 186, 190, 38, 145, 110, 177, 249, 214, 226, 40, 222, 30, 250, 127, 74, 91, 200, 79, 141, 109, 6, 174, 241, 71, 153, 86, 106, 207, 94, 170, 21, 247, 150, 197, 107, 139, 206, 136, 224, 178, 103, 54, 131, 2, 76, 191, 209, 161, 35, 185, 44, 19, 218, 90, 31, 85, 68, 245, 24, 188, 149, 43, 144, 203, 166, 70, 126, 32, 229, 47, 108, 204, 151, 132, 28, 66, 52, 42, 55, 175, 92, 244, 95, 213, 228, 89, 113, 133, 172, 125, 45, 230, 183, 7, 51, 1, 115, 93, 111, 122, 210, 220, 164, 112, 123, 171, 58, 10, 29, 13, 217, 41, 168, 255, 163, 5, 102, 143, 232, 61, 216, 56, 246, 254, 242, 65, 73, 199, 129]",4d73f1eb112146a7c141f17f6cdebe43ea42d41d6441dd00c755984a3af06746,72be3e064a265471bc9a731839d0ac853c80808deb7b4325d1ff5b00f6a692d3,72be3e064a265471bc9a731839d0ac853c80808deb7b4325d1ff5b00f6a692d3
420021,0.004166666666666667,0.75,240,True,True,"[243, 224, 253, 113, 179, 105, 242, 214, 145, 226, 40, 23, 6, 124, 121, 16, 89, 79, 199, 106, 57, 67, 173, 248, 174, 254, 212, 241, 123, 203, 60, 75, 140, 205, 152, 72, 168, 144, 103, 130, 99, 84, 76, 216, 155, 25, 112, 235, 138, 197, 201, 119, 18, 215, 178, 52, 166, 69, 148, 64, 117, 78, 87, 135, 24, 115, 32, 208, 129, 7, 247, 142, 45, 49, 136, 237, 48, 61, 66, 122, 149, 86, 139, 37, 158, 255, 73, 230, 218, 250, 111, 107, 108, 182, 126, 38, 93, 161, 2, 163, 143, 13, 187, 185, 50, 190, 22, 220, 17, 12, 4, 41, 36, 128, 104, 194, 58, 141, 114, 160, 207, 102, 44, 5, 90, 46, 188, 54, 219, 29, 225, 186, 206, 8, 30, 209, 147, 240, 91, 221, 116, 223, 70, 231, 227, 97, 33, 244, 176, 165, 68, 98, 211, 77, 63, 21, 92, 96, 162, 202, 249, 245, 47, 232, 82, 233, 127, 133, 39, 217, 238, 156, 169, 159, 189, 26, 0, 134, 236, 164, 53, 1, 35, 213, 181, 55, 125, 195, 43, 251, 222, 196, 28, 120, 170, 210, 229, 101, 150, 10, 56, 177, 252, 59, 42, 157, 180, 110, 14, 246, 65, 118, 34, 81, 151, 184, 80, 27, 31, 71, 228, 167, 175, 95, 153, 15, 200, 109, 51, 239, 183, 3, 85, 88, 62, 198, 171, 154, 74, 234, 19, 132, 11, 20, 137, 131, 83, 9, 192, 94, 204, 100, 146, 193, 172, 191]",113e2d1ebe1293aa1342bdae680eb51d0d6355b87a56587c9828e6cb3cddcebd,cfc6679c67fcc77ec43d9721fa8874db1cab879d66ee7b45e6150c0c0aba62ff,cfc6679c67fcc77ec43d9721fa8874db1cab879d66ee7b45e6150c0c0aba62ff
420021,0.008333333333333333,0.25,240,True,True,"[54, 155, 247, 187, 87, 93, 37, 64, 46, 150, 227, 62, 81, 10, 246, 222, 151, 44, 42, 6, 3, 110, 177, 145, 255, 47, 8, 7, 34, 52, 156, 165, 191, 167, 85, 1, 71, 254, 31, 40, 182, 97, 195, 179, 221, 234, 132, 193, 118, 98, 84, 175, 200, 76, 131, 29, 18, 190, 159, 119, 4, 142, 95, 23, 250, 176, 120, 14, 146, 30, 12, 173, 114, 55, 239, 35, 104, 75, 59, 21, 168, 172, 136, 210, 249, 158, 74, 124, 2, 228, 231, 65, 232, 225, 90, 45, 148, 96, 230, 243, 126, 205, 69, 99, 248, 32, 192, 63, 214, 92, 135, 208, 101, 72, 130, 80, 26, 20, 108, 174, 212, 198, 57, 241, 100, 39, 25, 153, 89, 180, 48, 242, 216, 252, 235, 33, 207, 144, 66, 78, 236, 0, 233, 94, 102, 204, 58, 164, 103, 181, 137, 157, 36, 140, 61, 115, 169, 9, 53, 27, 105, 229, 253, 73, 121, 138, 117, 13, 17, 184, 211, 67, 240, 19, 125, 162, 203, 163, 5, 161, 219, 86, 83, 152, 213, 178, 128, 16, 38, 111, 188, 183, 185, 141, 139, 238, 224, 245, 186, 197, 43, 68, 56, 170, 226, 244, 112, 70, 41, 237, 88, 202, 109, 107, 133, 199, 134, 24, 149, 123, 217, 220, 106, 49, 77, 154, 28, 206, 51, 171, 82, 50, 60, 194, 113, 218, 215, 129, 189, 251, 22, 91, 196, 122, 143, 201, 209, 160, 147, 116, 15, 11, 223, 127, 79, 166]",c49308f13c75b8346c42878f87f5bef0f1822d781f263318de0006342fda686d,c62379b20f4f198011e0fa2ddbd8f6f40fe447056ed4dd83a75682d17309ad64,c62379b20f4f198011e0fa2ddbd8f6f40fe447056ed4dd83a75682d17309ad64
420021,0.008333333333333333,0.5,240,True,True,"[39, 237, 226, 216, 243, 18, 121, 107, 53, 146, 151, 99, 201, 229, 177, 172, 37, 124, 23, 80, 195, 247, 182, 1, 83, 186, 82, 191, 74, 166, 77, 225, 152, 95, 51, 167, 249, 203, 108, 16, 244, 3, 194, 45, 144, 50, 156, 66, 155, 101, 161, 141, 238, 55, 78, 219, 233, 32, 117, 86, 224, 103, 153, 220, 93, 97, 252, 81, 90, 163, 139, 96, 8, 251, 105, 104, 133, 110, 178, 65, 159, 49, 64, 175, 114, 158, 79, 126, 92, 197, 211, 29, 198, 232, 248, 57, 118, 189, 12, 10, 223, 84, 61, 235, 230, 112, 148, 169, 0, 87, 242, 33, 127, 60, 38, 228, 234, 69, 109, 200, 25, 72, 160, 221, 162, 143, 184, 241, 119, 70, 48, 15, 6, 115, 137, 202, 204, 27, 24, 253, 255, 122, 222, 132, 46, 7, 145, 254, 183, 154, 170, 207, 75, 250, 192, 217, 40, 135, 140, 215, 196, 246, 174, 26, 11, 63, 185, 208, 100, 142, 94, 58, 98, 176, 205, 47, 150, 102, 56, 67, 20, 213, 85, 130, 54, 17, 193, 136, 106, 236, 4, 206, 164, 14, 5, 147, 125, 71, 89, 91, 138, 68, 52, 165, 212, 34, 59, 41, 28, 2, 190, 31, 210, 129, 187, 181, 128, 123, 134, 188, 35, 43, 209, 218, 22, 157, 214, 36, 30, 42, 21, 88, 113, 149, 173, 231, 19, 44, 179, 180, 168, 76, 116, 13, 131, 111, 227, 239, 73, 240, 120, 62, 171, 9, 199, 245]",305a0222f654f25fbb04ad9b527f1d5ab1b50672cb63454154823f1a6bc9b0bd,c5767bd8f79469da6e774bf80f93def3a3b58bcdecacc01738892eca969cd1f1,c5767bd8f79469da6e774bf80f93def3a3b58bcdecacc01738892eca969cd1f1
420021,0.008333333333333333,0.75,240,True,True,"[159, 117, 140, 248, 33, 150, 5, 51, 199, 200, 165, 157, 111, 164, 213, 253, 155, 247, 82, 230, 201, 203, 85, 146, 28, 141, 106, 191, 36, 56, 25, 231, 89, 245, 227, 242, 145, 138, 220, 22, 182, 11, 3, 80, 249, 14, 233, 196, 77, 76, 63, 152, 42, 86, 21, 130, 39, 23, 222, 229, 207, 101, 190, 210, 49, 148, 215, 41, 84, 13, 144, 64, 147, 239, 163, 237, 180, 94, 17, 102, 132, 57, 55, 9, 232, 45, 139, 44, 175, 99, 88, 100, 134, 170, 162, 169, 124, 83, 217, 216, 238, 160, 68, 61, 156, 174, 254, 225, 184, 206, 112, 167, 4, 43, 2, 240, 223, 183, 71, 0, 31, 96, 197, 107, 126, 53, 119, 121, 193, 60, 67, 79, 151, 188, 173, 187, 12, 181, 172, 221, 78, 58, 154, 209, 153, 29, 224, 52, 176, 177, 122, 32, 69, 15, 24, 228, 168, 75, 16, 6, 244, 65, 255, 194, 179, 20, 133, 143, 37, 81, 70, 235, 129, 211, 189, 118, 95, 19, 1, 178, 161, 171, 135, 38, 47, 158, 48, 114, 123, 149, 105, 218, 234, 90, 198, 250, 35, 246, 34, 97, 59, 93, 66, 8, 125, 195, 26, 128, 136, 115, 219, 202, 131, 204, 120, 109, 72, 108, 103, 185, 10, 137, 252, 186, 74, 192, 142, 110, 40, 91, 116, 92, 243, 214, 62, 54, 30, 104, 205, 127, 212, 208, 46, 87, 251, 27, 166, 226, 18, 98, 7, 241, 113, 236, 73, 50]",81dc62fbdc7d55a9117e1b79a9c6aa5c08162008f07c2b6fa884850dafbc9a26,1397a599bdb5c4ec8f06e51475780b504d88e5600a08849e618845e4fd71a906,1397a599bdb5c4ec8f06e51475780b504d88e5600a08849e618845e4fd71a906
420021,0.025,0.25,240,True,True,"[52, 246, 224, 177, 95, 18, 145, 203, 34, 8, 90, 169, 193, 236, 230, 252, 180, 39, 77, 226, 86, 112, 156, 113, 218, 205, 55, 20, 50, 108, 146, 121, 97, 16, 62, 149, 253, 64, 61, 153, 229, 32, 138, 12, 161, 6, 122, 174, 249, 214, 111, 168, 69, 220, 151, 88, 197, 162, 227, 127, 94, 31, 182, 92, 85, 57, 106, 79, 130, 47, 165, 135, 159, 199, 23, 148, 196, 150, 186, 41, 166, 107, 67, 221, 160, 48, 116, 190, 65, 210, 211, 104, 235, 60, 63, 204, 1, 40, 83, 49, 33, 228, 147, 164, 21, 102, 43, 126, 3, 14, 128, 13, 154, 172, 118, 137, 68, 157, 44, 78, 28, 216, 7, 167, 45, 73, 234, 142, 30, 134, 2, 152, 245, 125, 208, 100, 51, 254, 181, 91, 70, 110, 129, 80, 233, 223, 139, 143, 231, 120, 238, 255, 19, 194, 56, 170, 58, 251, 71, 117, 109, 198, 187, 232, 200, 141, 11, 225, 35, 5, 84, 175, 124, 155, 215, 201, 98, 99, 241, 76, 93, 140, 183, 202, 36, 24, 192, 29, 195, 66, 101, 237, 217, 136, 105, 219, 54, 27, 179, 131, 96, 188, 178, 209, 176, 81, 239, 171, 213, 158, 82, 87, 10, 133, 103, 123, 206, 244, 9, 191, 46, 163, 53, 250, 184, 212, 247, 15, 248, 243, 22, 173, 75, 25, 89, 17, 144, 115, 132, 37, 4, 242, 72, 119, 42, 185, 114, 26, 74, 222, 38, 59, 189, 0, 240, 207]",53c9a02d5c250ce454f74f8116817ba52295636e5c6fd3330f4bc2a08db8e242,bd8280c93731385b8f9375d89d3aa801d84e7bb08375daae772070505bcc49cc,bd8280c93731385b8f9375d89d3aa801d84e7bb08375daae772070505bcc49cc
420021,0.025,0.5,240,True,True,"[16, 83, 109, 52, 119, 45, 46, 89, 206, 112, 77, 239, 133, 223, 106, 253, 148, 0, 142, 47, 110, 127, 226, 175, 201, 211, 11, 22, 252, 7, 230, 170, 194, 41, 9, 14, 61, 57, 94, 187, 25, 40, 143, 137, 104, 82, 33, 146, 145, 129, 208, 160, 68, 1, 216, 48, 21, 225, 108, 101, 238, 131, 93, 205, 74, 232, 26, 24, 60, 236, 37, 87, 117, 234, 43, 56, 184, 15, 130, 27, 118, 91, 58, 174, 229, 66, 135, 200, 186, 178, 54, 120, 241, 228, 168, 85, 76, 190, 51, 20, 159, 39, 220, 195, 12, 249, 116, 154, 70, 233, 243, 161, 152, 237, 209, 114, 203, 84, 166, 65, 2, 162, 86, 144, 215, 255, 181, 224, 240, 136, 199, 29, 5, 10, 250, 150, 192, 8, 167, 6, 185, 244, 155, 217, 176, 69, 165, 102, 138, 222, 97, 247, 59, 90, 158, 13, 55, 95, 34, 123, 163, 121, 245, 19, 188, 221, 153, 189, 157, 122, 73, 49, 191, 98, 3, 53, 172, 126, 196, 44, 75, 96, 64, 149, 71, 202, 28, 141, 180, 103, 31, 88, 124, 140, 156, 67, 62, 23, 251, 100, 107, 30, 218, 4, 79, 125, 169, 36, 151, 81, 139, 63, 219, 99, 213, 32, 42, 204, 105, 164, 78, 18, 35, 212, 193, 115, 147, 128, 177, 210, 134, 92, 17, 214, 179, 38, 173, 50, 198, 227, 197, 113, 248, 254, 111, 132, 207, 171, 235, 183, 242, 80, 72, 231, 182, 246]",7aef94cae7313133cfb8dd96082eee899e79bf9ee8ed62937c2426dcc92f71da,f9f80aba3c30caa7d3c34a2c33fbf07c4f7293bbd19e184b1a5f3c51d11fcc07,f9f80aba3c30caa7d3c34a2c33fbf07c4f7293bbd19e184b1a5f3c51d11fcc07
420021,0.025,0.75,240,True,True,"[243, 160, 120, 11, 132, 240, 7, 108, 134, 179, 55, 72, 180, 24, 196, 138, 43, 234, 152, 118, 201, 233, 87, 214, 131, 162, 248, 40, 244, 220, 190, 247, 121, 197, 133, 36, 219, 124, 168, 65, 126, 122, 106, 209, 202, 13, 206, 105, 85, 76, 113, 67, 184, 50, 143, 46, 42, 61, 64, 183, 39, 31, 251, 167, 88, 203, 185, 254, 235, 84, 28, 9, 38, 200, 189, 23, 41, 69, 104, 10, 237, 117, 135, 81, 215, 119, 99, 242, 0, 181, 32, 163, 98, 12, 249, 60, 170, 225, 239, 19, 157, 29, 2, 127, 140, 37, 35, 253, 148, 90, 166, 182, 109, 49, 22, 238, 52, 14, 221, 74, 229, 136, 207, 210, 34, 1, 8, 66, 158, 159, 255, 83, 245, 252, 155, 17, 103, 216, 26, 153, 6, 172, 217, 151, 20, 205, 177, 27, 89, 193, 125, 228, 195, 199, 102, 44, 33, 18, 169, 112, 4, 53, 15, 54, 80, 150, 204, 77, 116, 51, 78, 156, 96, 171, 95, 164, 232, 94, 70, 62, 174, 144, 211, 48, 218, 128, 161, 5, 3, 246, 21, 92, 222, 79, 186, 212, 188, 16, 145, 114, 165, 227, 75, 226, 173, 73, 213, 147, 194, 224, 100, 129, 192, 93, 236, 146, 45, 68, 111, 101, 187, 250, 110, 154, 130, 63, 178, 241, 59, 142, 82, 47, 175, 56, 176, 149, 123, 231, 58, 141, 198, 115, 223, 107, 191, 230, 97, 91, 208, 139, 30, 137, 25, 71, 86, 57]",86461193f75d95b50f3cad265951a3c269f2048dae9f86c1900e7f1550637a2e,325c7e96b85d6dab344e74b594126ed8248cc5a7bc9b20e0042c09d12aad6d05,325c7e96b85d6dab344e74b594126ed8248cc5a7bc9b20e0042c09d12aad6d05
420022,0.004166666666666667,0.25,240,True,True,"[91, 197, 179, 87, 48, 4, 250, 15, 10, 112, 104, 149, 152, 136, 64, 198, 70, 43, 252, 235, 137, 193, 32, 60, 19, 216, 50, 52, 99, 138, 209, 153, 27, 226, 102, 211, 135, 45, 160, 203, 162, 24, 40, 200, 59, 9, 74, 228, 97, 184, 158, 109, 220, 210, 22, 0, 107, 35, 90, 213, 165, 131, 123, 121, 223, 23, 128, 36, 21, 3, 202, 212, 161, 47, 183, 132, 75, 150, 39, 111, 241, 119, 46, 25, 247, 236, 168, 178, 208, 57, 245, 192, 201, 122, 26, 185, 67, 215, 188, 172, 12, 169, 221, 98, 133, 77, 81, 44, 174, 176, 251, 6, 232, 103, 141, 239, 33, 16, 11, 140, 238, 217, 171, 105, 191, 139, 62, 79, 2, 31, 195, 88, 95, 147, 166, 233, 118, 248, 84, 182, 117, 164, 120, 127, 124, 253, 177, 227, 249, 244, 41, 71, 143, 222, 14, 125, 116, 155, 86, 189, 53, 76, 205, 56, 148, 151, 145, 163, 186, 110, 134, 207, 234, 225, 13, 7, 108, 219, 175, 113, 144, 78, 30, 73, 42, 157, 28, 1, 224, 37, 96, 106, 254, 130, 54, 129, 190, 142, 243, 18, 181, 114, 8, 69, 196, 34, 66, 204, 255, 85, 214, 167, 49, 29, 101, 146, 237, 68, 5, 194, 58, 187, 82, 230, 218, 206, 83, 38, 115, 93, 229, 154, 100, 199, 61, 94, 55, 65, 173, 156, 20, 89, 159, 92, 63, 242, 80, 170, 126, 231, 180, 246, 72, 17, 240, 51]",2345cced6bbb579087be75a78df2b5ae28612f245797a4f1d2833ee8669307e7,a9dc2b84f6007187c490770fb7f2c2e159abe3934af668f1b680e7ea05ef2ba4,a9dc2b84f6007187c490770fb7f2c2e159abe3934af668f1b680e7ea05ef2ba4
420022,0.004166666666666667,0.5,240,True,True,"[194, 102, 23, 178, 182, 53, 28, 78, 34, 118, 239, 187, 166, 162, 26, 232, 60, 117, 52, 29, 4, 201, 240, 158, 193, 21, 210, 128, 186, 251, 148, 104, 150, 188, 93, 172, 200, 175, 165, 32, 152, 120, 247, 191, 36, 109, 18, 80, 141, 249, 231, 2, 103, 92, 9, 106, 37, 135, 230, 90, 98, 56, 167, 227, 48, 50, 140, 243, 252, 149, 84, 160, 133, 6, 147, 10, 197, 157, 107, 38, 51, 99, 248, 250, 124, 17, 54, 192, 163, 228, 40, 153, 71, 108, 81, 88, 185, 225, 181, 42, 44, 164, 189, 159, 72, 137, 143, 161, 19, 1, 13, 65, 125, 110, 27, 169, 49, 112, 223, 33, 79, 95, 115, 195, 61, 16, 127, 47, 89, 131, 67, 91, 221, 217, 246, 202, 30, 224, 207, 177, 142, 105, 199, 64, 76, 5, 39, 215, 184, 216, 211, 86, 96, 63, 190, 134, 66, 11, 73, 123, 119, 69, 132, 203, 74, 7, 113, 111, 83, 151, 206, 35, 213, 45, 24, 156, 12, 130, 14, 242, 57, 0, 139, 236, 196, 183, 179, 245, 204, 59, 82, 68, 77, 214, 87, 15, 116, 168, 31, 171, 43, 70, 218, 219, 180, 234, 241, 154, 136, 22, 8, 144, 101, 126, 94, 3, 244, 170, 146, 226, 55, 97, 209, 220, 75, 238, 100, 254, 173, 205, 20, 174, 255, 253, 114, 41, 145, 58, 233, 208, 85, 237, 62, 229, 25, 129, 235, 222, 198, 176, 46, 122, 155, 121, 138, 212]",48b78d7f046e0d41ebd47c37775d6afcdc6c9b7a71d246922df9ccdc19d753da,02ce313ce469fca485ac008c4f9be3cc8402f808542d717e2c2c6799fc967aea,02ce313ce469fca485ac008c4f9be3cc8402f808542d717e2c2c6799fc967aea
420022,0.004166666666666667,0.75,240,True,True,"[134, 50, 231, 40, 79, 165, 158, 34, 161, 141, 77, 187, 136, 124, 64, 252, 222, 142, 117, 27, 1, 15, 189, 202, 128, 235, 21, 171, 3, 47, 243, 253, 209, 245, 215, 132, 98, 140, 10, 236, 100, 111, 182, 201, 118, 28, 143, 177, 87, 193, 106, 183, 53, 227, 101, 135, 126, 104, 16, 229, 146, 211, 66, 159, 115, 89, 18, 169, 176, 131, 39, 217, 129, 137, 17, 43, 206, 42, 8, 73, 105, 247, 13, 172, 0, 151, 147, 114, 232, 93, 153, 6, 162, 224, 255, 145, 103, 168, 155, 110, 120, 24, 7, 214, 51, 46, 184, 113, 19, 25, 174, 192, 254, 81, 71, 83, 58, 45, 185, 85, 41, 108, 216, 219, 233, 26, 52, 150, 188, 91, 67, 225, 205, 178, 78, 239, 207, 30, 72, 198, 116, 181, 191, 122, 48, 99, 119, 199, 38, 4, 248, 249, 204, 223, 170, 86, 112, 179, 226, 55, 203, 130, 212, 92, 49, 74, 57, 242, 65, 94, 157, 197, 90, 109, 62, 63, 241, 175, 244, 95, 138, 84, 234, 186, 33, 69, 44, 107, 97, 23, 82, 14, 152, 180, 251, 12, 190, 127, 125, 250, 167, 123, 96, 196, 139, 76, 29, 154, 54, 5, 213, 237, 173, 20, 166, 11, 149, 22, 220, 68, 238, 148, 228, 246, 9, 164, 37, 210, 160, 156, 163, 61, 32, 218, 121, 31, 133, 194, 221, 195, 70, 200, 59, 88, 75, 240, 60, 208, 35, 36, 144, 102, 230, 56, 2, 80]",247ad6f6b74588612861cb0e6926acebd4e2175dfc569c345ace1ab0d5fc6c5a,637b4f8f30ca411e6299e1670c409f6f24a1270de9bd5a8e2a6d2985ca771bbc,637b4f8f30ca411e6299e1670c409f6f24a1270de9bd5a8e2a6d2985ca771bbc
420022,0.008333333333333333,0.25,240,True,True,"[254, 220, 108, 123, 120, 63, 27, 245, 121, 14, 240, 94, 28, 142, 139, 221, 248, 13, 238, 29, 112, 171, 199, 46, 119, 44, 214, 153, 110, 212, 39, 128, 129, 16, 20, 12, 168, 116, 243, 65, 81, 177, 222, 50, 165, 198, 213, 66, 62, 255, 11, 52, 231, 200, 97, 92, 131, 208, 151, 124, 232, 193, 140, 159, 132, 113, 145, 173, 118, 68, 43, 225, 59, 181, 253, 31, 217, 194, 15, 6, 3, 25, 33, 218, 143, 163, 166, 61, 40, 235, 209, 211, 125, 98, 203, 106, 34, 138, 197, 7, 233, 58, 134, 169, 90, 158, 21, 0, 54, 38, 226, 191, 24, 176, 201, 64, 141, 230, 23, 26, 36, 122, 87, 172, 51, 236, 157, 114, 227, 104, 78, 93, 179, 150, 69, 133, 89, 71, 76, 83, 219, 84, 224, 77, 8, 175, 60, 35, 79, 130, 148, 155, 135, 74, 45, 1, 96, 188, 95, 49, 249, 55, 32, 42, 67, 41, 251, 56, 70, 237, 102, 115, 99, 103, 234, 241, 82, 137, 86, 185, 207, 180, 242, 174, 136, 18, 156, 5, 167, 184, 100, 47, 223, 215, 149, 111, 154, 229, 216, 107, 189, 204, 73, 152, 37, 247, 80, 195, 17, 160, 22, 202, 30, 144, 187, 205, 161, 162, 183, 109, 250, 228, 126, 117, 91, 252, 2, 57, 244, 146, 105, 88, 53, 147, 48, 239, 127, 178, 246, 19, 192, 170, 190, 4, 164, 196, 72, 206, 10, 101, 85, 182, 210, 186, 9, 75]",bec325c4443cca8a9520afe98d50cf5533d617082792c2b8c20d027c52a9147a,71a5113abead1cdb11328b8f4f0de3c6fc9e875da9d2b509e426bc22c1ec7d57,71a5113abead1cdb11328b8f4f0de3c6fc9e875da9d2b509e426bc22c1ec7d57
420022,0.008333333333333333,0.5,240,True,True,"[74, 195, 228, 180, 102, 81, 246, 48, 100, 239, 98, 32, 63, 177, 134, 193, 169, 149, 52, 84, 122, 207, 67, 206, 154, 227, 144, 89, 126, 244, 36, 64, 161, 181, 213, 16, 173, 159, 118, 116, 70, 35, 71, 82, 56, 189, 232, 113, 50, 148, 212, 135, 91, 220, 58, 216, 198, 43, 61, 167, 90, 57, 3, 93, 240, 107, 186, 141, 22, 129, 4, 65, 217, 101, 2, 249, 241, 139, 183, 131, 187, 23, 39, 18, 184, 219, 14, 68, 140, 162, 55, 223, 38, 165, 196, 11, 160, 49, 30, 137, 199, 95, 155, 77, 33, 59, 75, 76, 136, 83, 194, 69, 66, 178, 146, 45, 176, 42, 182, 29, 237, 175, 172, 87, 233, 86, 88, 19, 188, 37, 164, 203, 124, 47, 205, 166, 110, 245, 150, 192, 103, 201, 185, 132, 13, 34, 163, 53, 168, 1, 85, 9, 171, 44, 27, 31, 21, 10, 145, 72, 147, 106, 5, 158, 152, 0, 78, 60, 252, 80, 46, 211, 221, 229, 156, 117, 120, 96, 218, 253, 247, 109, 114, 130, 251, 12, 157, 190, 250, 153, 94, 143, 238, 54, 202, 15, 79, 248, 119, 112, 234, 142, 125, 179, 51, 8, 225, 108, 127, 222, 62, 28, 170, 243, 226, 24, 111, 209, 40, 151, 200, 214, 254, 191, 215, 123, 242, 174, 197, 224, 133, 6, 115, 99, 97, 230, 235, 210, 92, 208, 121, 105, 138, 17, 255, 128, 26, 236, 41, 231, 7, 73, 25, 104, 20, 204]",ac9eb079dee3c01c9e469d11ca54b4c1feafb18232cb04999a0255cf6e30acc2,ce8642d425db53ade723ff86d06f066ef96b8c5aa677ba1fe52256077e0ecd09,ce8642d425db53ade723ff86d06f066ef96b8c5aa677ba1fe52256077e0ecd09
420022,0.008333333333333333,0.75,240,True,True,"[251, 224, 91, 247, 104, 192, 97, 106, 101, 138, 121, 188, 181, 125, 131, 197, 46, 139, 240, 166, 173, 236, 249, 144, 203, 21, 83, 127, 64, 133, 227, 68, 93, 128, 49, 186, 182, 215, 148, 90, 119, 23, 54, 142, 195, 201, 72, 10, 1, 74, 60, 94, 65, 239, 105, 14, 204, 86, 27, 231, 252, 190, 241, 178, 11, 20, 124, 39, 115, 130, 156, 82, 38, 61, 118, 57, 208, 194, 18, 75, 238, 220, 109, 103, 15, 7, 107, 216, 246, 206, 141, 180, 140, 114, 210, 157, 234, 211, 137, 165, 171, 213, 88, 77, 6, 55, 184, 136, 25, 218, 248, 209, 146, 50, 3, 200, 117, 111, 110, 33, 100, 135, 232, 132, 149, 58, 185, 116, 52, 250, 233, 187, 151, 32, 43, 22, 98, 47, 145, 96, 5, 78, 193, 196, 161, 67, 152, 164, 217, 228, 174, 89, 108, 255, 56, 36, 230, 17, 153, 102, 53, 219, 158, 71, 8, 51, 155, 225, 2, 222, 143, 179, 147, 163, 169, 19, 123, 229, 29, 150, 113, 81, 76, 63, 120, 189, 87, 31, 168, 254, 12, 244, 35, 13, 134, 37, 183, 129, 16, 30, 59, 223, 221, 48, 44, 9, 205, 70, 99, 73, 84, 66, 4, 154, 69, 159, 202, 199, 172, 245, 112, 253, 0, 85, 126, 162, 170, 191, 34, 28, 243, 212, 237, 45, 42, 160, 95, 242, 198, 41, 79, 214, 167, 226, 24, 177, 207, 235, 175, 80, 176, 122, 26, 40, 62, 92]",98f24acb2920a6d62e75b5a47efe7641395656564d3008d14a90fb6a52b42f4f,2312c06f38652f9238c99f971a92bb96bc466ca54c207ae79550264a95813c3a,2312c06f38652f9238c99f971a92bb96bc466ca54c207ae79550264a95813c3a
420022,0.025,0.25,240,True,True,"[1, 227, 11, 7, 212, 41, 236, 142, 164, 240, 119, 169, 116, 152, 210, 220, 141, 28, 204, 225, 31, 130, 222, 203, 172, 185, 214, 72, 192, 103, 248, 107, 55, 178, 14, 117, 60, 137, 19, 16, 252, 50, 33, 81, 183, 93, 176, 127, 186, 235, 254, 251, 97, 182, 40, 198, 12, 190, 200, 163, 43, 49, 9, 80, 253, 148, 158, 100, 114, 13, 135, 54, 118, 84, 245, 70, 166, 219, 145, 38, 126, 208, 35, 132, 58, 232, 207, 15, 52, 101, 156, 246, 26, 20, 184, 42, 144, 217, 6, 155, 133, 51, 177, 90, 66, 109, 122, 24, 174, 179, 194, 151, 234, 18, 129, 121, 53, 230, 76, 150, 171, 167, 202, 78, 162, 213, 110, 73, 71, 83, 17, 108, 233, 180, 95, 221, 91, 201, 160, 255, 47, 125, 46, 10, 32, 188, 111, 215, 27, 105, 231, 153, 67, 134, 205, 36, 197, 30, 168, 5, 112, 218, 92, 0, 170, 8, 161, 229, 64, 22, 239, 241, 115, 77, 120, 2, 199, 195, 181, 79, 98, 74, 224, 57, 216, 89, 136, 139, 68, 175, 159, 140, 34, 37, 196, 243, 250, 106, 39, 85, 146, 99, 61, 124, 3, 4, 96, 94, 165, 123, 237, 56, 21, 131, 113, 45, 23, 147, 191, 247, 44, 173, 238, 69, 228, 189, 62, 226, 88, 223, 143, 104, 244, 87, 242, 86, 63, 48, 209, 59, 157, 187, 206, 65, 249, 211, 29, 193, 82, 149, 25, 154, 75, 138, 128, 102]",381fcd6ff917a720b52f5901a2e528c4198bd1bdd4e5b89b3cf34b377d744da9,bfd3513e224a1891a2e1ad42bb1b4539a0fbb6d65dd3a7d05103d0058f342f56,bfd3513e224a1891a2e1ad42bb1b4539a0fbb6d65dd3a7d05103d0058f342f56
420022,0.025,0.5,240,True,True,"[239, 159, 113, 193, 188, 148, 242, 60, 69, 12, 59, 236, 19, 191, 86, 27, 198, 244, 11, 124, 184, 6, 18, 127, 214, 110, 209, 77, 9, 199, 116, 168, 255, 125, 252, 231, 129, 100, 192, 225, 93, 180, 43, 84, 96, 62, 71, 226, 151, 138, 102, 104, 147, 46, 203, 30, 21, 66, 189, 134, 120, 112, 182, 131, 41, 139, 14, 68, 178, 152, 164, 99, 39, 250, 22, 126, 23, 52, 201, 75, 136, 45, 101, 217, 173, 232, 67, 208, 215, 81, 5, 35, 0, 185, 249, 194, 156, 73, 70, 2, 114, 55, 130, 28, 94, 241, 210, 202, 153, 79, 128, 221, 211, 33, 220, 243, 179, 40, 160, 3, 237, 234, 137, 219, 24, 56, 117, 108, 48, 170, 183, 26, 175, 218, 206, 132, 78, 76, 57, 155, 171, 122, 32, 167, 254, 65, 72, 163, 107, 187, 240, 123, 145, 61, 235, 97, 222, 140, 166, 141, 4, 154, 174, 87, 25, 88, 207, 200, 212, 133, 223, 36, 246, 157, 169, 230, 106, 16, 144, 216, 44, 245, 50, 149, 111, 204, 121, 143, 58, 8, 224, 20, 53, 91, 13, 47, 181, 115, 38, 85, 172, 176, 95, 109, 31, 92, 135, 146, 10, 17, 98, 80, 162, 229, 190, 150, 158, 90, 15, 177, 34, 247, 89, 74, 213, 197, 205, 186, 248, 29, 83, 54, 1, 64, 196, 49, 105, 251, 142, 165, 82, 119, 37, 233, 51, 7, 118, 228, 195, 103, 63, 253, 238, 42, 227, 161]",8d60a3f9ace6dbb7209a4eb0d5054bb56040e6de1bb7918bd4b1c5a1fe8626a8,117a5e1170b453d22f372a792f3ef6375a5e4d79acc66557cde5f2fa5779ec07,117a5e1170b453d22f372a792f3ef6375a5e4d79acc66557cde5f2fa5779ec07
420022,0.025,0.75,240,True,True,"[227, 121, 228, 166, 13, 89, 127, 176, 15, 235, 43, 29, 198, 64, 41, 52, 67, 168, 76, 44, 157, 34, 102, 93, 252, 177, 179, 119, 25, 17, 120, 110, 91, 223, 244, 77, 145, 35, 134, 154, 50, 142, 251, 70, 234, 140, 57, 62, 124, 21, 238, 209, 3, 202, 28, 196, 19, 218, 197, 118, 69, 12, 191, 172, 187, 200, 199, 253, 150, 135, 175, 219, 49, 163, 98, 126, 222, 146, 8, 108, 192, 123, 74, 204, 160, 221, 186, 51, 106, 58, 129, 85, 6, 66, 100, 31, 164, 128, 155, 233, 141, 183, 99, 90, 45, 178, 46, 180, 214, 87, 203, 195, 131, 23, 112, 137, 229, 159, 9, 232, 173, 63, 14, 114, 37, 245, 156, 33, 147, 249, 1, 88, 56, 136, 241, 193, 122, 207, 55, 54, 71, 81, 22, 59, 206, 152, 215, 138, 78, 48, 167, 26, 188, 189, 115, 171, 162, 231, 174, 47, 220, 153, 125, 151, 61, 216, 18, 205, 213, 246, 111, 68, 208, 72, 10, 30, 11, 182, 132, 224, 165, 42, 117, 210, 103, 143, 104, 101, 80, 230, 240, 248, 82, 4, 84, 226, 130, 79, 247, 75, 139, 254, 86, 0, 27, 149, 16, 194, 20, 242, 92, 94, 107, 60, 243, 95, 97, 5, 225, 190, 38, 144, 239, 169, 113, 36, 83, 105, 133, 255, 170, 211, 39, 184, 53, 237, 161, 109, 158, 32, 40, 148, 212, 236, 250, 96, 73, 24, 181, 116, 7, 185, 201, 2, 217, 65]",1f74ad1ccc80a790418bc3329da05eaf966a8e4b3dd2e04b8e4b02f1f6afc3e7,4a24438116c3ff53b52d230e46bdd92dda4295f381cea8fa06bb230231106b4d,4a24438116c3ff53b52d230e46bdd92dda4295f381cea8fa06bb230231106b4d
420023,0.004166666666666667,0.25,240,True,True,"[1, 130, 64, 61, 131, 161, 135, 156, 58, 197, 21, 55, 53, 136, 133, 139, 41, 57, 79, 142, 187, 54, 8, 162, 73, 227, 37, 12, 63, 159, 75, 179, 90, 182, 153, 137, 120, 222, 118, 250, 224, 200, 186, 191, 20, 190, 144, 14, 175, 62, 244, 212, 236, 113, 185, 202, 31, 67, 18, 218, 93, 85, 101, 232, 229, 168, 173, 127, 220, 198, 163, 87, 226, 72, 128, 81, 249, 2, 228, 95, 241, 42, 189, 33, 35, 204, 112, 47, 114, 146, 154, 252, 27, 116, 217, 199, 115, 49, 223, 240, 103, 243, 94, 40, 46, 108, 11, 83, 165, 60, 70, 174, 221, 255, 65, 123, 152, 254, 59, 205, 180, 3, 119, 66, 201, 206, 19, 77, 178, 145, 170, 172, 30, 98, 219, 121, 158, 216, 74, 209, 24, 134, 253, 104, 86, 71, 141, 56, 68, 247, 211, 25, 155, 166, 230, 5, 251, 238, 149, 4, 105, 246, 143, 157, 171, 164, 242, 52, 207, 51, 215, 96, 167, 22, 91, 196, 23, 39, 6, 106, 203, 84, 36, 239, 192, 99, 34, 78, 38, 80, 89, 109, 92, 28, 17, 9, 233, 50, 148, 126, 44, 193, 177, 140, 69, 43, 150, 188, 111, 181, 88, 100, 107, 82, 45, 214, 176, 15, 76, 117, 237, 213, 195, 0, 138, 183, 132, 125, 110, 16, 248, 194, 208, 245, 235, 7, 147, 32, 122, 97, 210, 225, 231, 48, 169, 10, 102, 29, 26, 13, 234, 184, 129, 151, 160, 124]",afc43d3f266bc6d4e6ffcd90e88ffcfcbfe30632581563343bad084dd029f05f,59e4158b3b36d8e3b1872023a40f0f4170e5c018f9e7e7494d5d74fc72204d46,59e4158b3b36d8e3b1872023a40f0f4170e5c018f9e7e7494d5d74fc72204d46
420023,0.004166666666666667,0.5,240,True,True,"[94, 105, 168, 48, 117, 210, 38, 16, 244, 115, 181, 136, 76, 142, 199, 86, 218, 24, 238, 158, 15, 116, 166, 243, 255, 46, 253, 200, 17, 26, 226, 134, 185, 29, 36, 59, 118, 49, 245, 58, 149, 127, 140, 88, 11, 33, 63, 173, 119, 147, 85, 98, 8, 30, 225, 204, 208, 19, 144, 196, 197, 164, 42, 95, 109, 34, 126, 61, 124, 6, 128, 161, 23, 122, 14, 154, 249, 170, 187, 189, 96, 160, 68, 74, 77, 231, 232, 139, 215, 112, 203, 47, 91, 194, 229, 175, 35, 223, 20, 65, 62, 207, 169, 251, 178, 25, 167, 143, 82, 214, 212, 250, 37, 241, 55, 99, 133, 70, 206, 145, 236, 182, 150, 228, 43, 52, 191, 67, 69, 141, 184, 72, 216, 0, 234, 152, 9, 219, 60, 171, 176, 148, 92, 81, 107, 121, 198, 108, 137, 64, 12, 131, 153, 220, 188, 129, 172, 73, 186, 180, 248, 41, 32, 123, 13, 80, 1, 7, 4, 40, 246, 125, 165, 156, 31, 202, 201, 132, 18, 54, 83, 51, 151, 5, 21, 254, 53, 79, 101, 159, 146, 10, 89, 162, 230, 27, 192, 237, 135, 100, 252, 114, 113, 87, 75, 155, 56, 190, 217, 22, 3, 174, 120, 227, 57, 78, 97, 130, 2, 84, 193, 102, 247, 221, 209, 242, 28, 138, 157, 90, 104, 44, 163, 183, 240, 195, 111, 222, 233, 66, 179, 39, 235, 224, 71, 239, 106, 110, 211, 103, 205, 50, 177, 213, 93, 45]",14b0d118f6231b52d9c8466596b94466f54096d0ce72c6bb7ee5a78c9f88225d,e064437f0eb62535c9cacc754fe28d5690d27b6a8db7809aff72a6532fa90882,e064437f0eb62535c9cacc754fe28d5690d27b6a8db7809aff72a6532fa90882
420023,0.004166666666666667,0.75,240,True,True,"[134, 163, 46, 56, 102, 169, 178, 83, 147, 55, 123, 3, 127, 160, 209, 109, 240, 54, 101, 183, 170, 76, 24, 61, 62, 79, 177, 210, 97, 233, 32, 173, 251, 191, 29, 165, 231, 100, 119, 153, 238, 204, 128, 243, 236, 82, 152, 136, 215, 91, 161, 85, 167, 26, 63, 199, 107, 73, 75, 66, 182, 208, 58, 130, 237, 94, 126, 175, 157, 247, 139, 108, 159, 202, 188, 181, 18, 74, 244, 154, 205, 234, 69, 93, 19, 239, 156, 41, 49, 224, 155, 196, 30, 162, 195, 45, 103, 171, 255, 225, 13, 179, 148, 67, 113, 197, 249, 43, 222, 216, 4, 164, 133, 92, 180, 141, 122, 246, 33, 174, 229, 5, 0, 11, 184, 218, 207, 212, 52, 135, 89, 186, 99, 144, 23, 137, 59, 77, 221, 114, 42, 198, 64, 25, 194, 21, 53, 36, 193, 68, 168, 86, 189, 118, 187, 213, 28, 220, 96, 98, 71, 48, 125, 40, 95, 16, 84, 190, 206, 111, 72, 217, 203, 223, 149, 151, 7, 142, 37, 39, 51, 112, 78, 253, 254, 124, 226, 87, 235, 57, 252, 192, 70, 200, 2, 10, 104, 150, 6, 120, 27, 115, 117, 143, 248, 105, 201, 9, 20, 106, 15, 227, 176, 22, 60, 31, 146, 50, 81, 241, 211, 242, 116, 34, 214, 38, 138, 35, 90, 245, 228, 158, 219, 129, 140, 121, 132, 1, 8, 250, 88, 65, 185, 47, 172, 80, 14, 166, 44, 145, 232, 110, 230, 131, 12, 17]",19f0b580bb320dc553524a7ebc4a8c60ea2745aa805d73b6f8d777c0176cc746,41529efba6efaece35f08ab19db771fa5a64a09e282d29a649b131be39c16cae,41529efba6efaece35f08ab19db771fa5a64a09e282d29a649b131be39c16cae
420023,0.008333333333333333,0.25,240,True,True,"[83, 91, 135, 81, 100, 39, 240, 50, 25, 73, 153, 78, 30, 144, 57, 5, 179, 125, 157, 145, 126, 243, 237, 14, 155, 255, 21, 52, 110, 15, 199, 165, 226, 163, 102, 182, 170, 185, 227, 225, 88, 208, 66, 198, 215, 46, 124, 108, 69, 27, 133, 43, 254, 67, 187, 77, 8, 62, 178, 150, 97, 29, 9, 112, 152, 137, 158, 122, 173, 236, 231, 101, 219, 36, 99, 189, 85, 89, 184, 177, 40, 207, 221, 245, 64, 61, 105, 38, 68, 18, 4, 3, 35, 234, 84, 20, 172, 203, 197, 70, 194, 214, 75, 37, 41, 220, 202, 241, 71, 239, 51, 228, 129, 216, 109, 233, 22, 136, 213, 65, 180, 95, 32, 191, 54, 123, 141, 160, 56, 48, 212, 148, 0, 47, 193, 230, 114, 127, 58, 132, 171, 147, 238, 96, 252, 94, 248, 242, 167, 222, 80, 116, 128, 159, 156, 162, 244, 201, 93, 6, 174, 205, 142, 117, 92, 130, 149, 206, 139, 23, 229, 166, 10, 146, 134, 176, 86, 74, 118, 24, 251, 223, 232, 161, 79, 190, 19, 90, 53, 195, 45, 143, 196, 247, 12, 115, 103, 224, 211, 26, 42, 31, 140, 164, 200, 76, 11, 249, 119, 2, 246, 16, 104, 113, 111, 175, 13, 181, 204, 60, 131, 7, 44, 138, 217, 218, 63, 28, 192, 72, 55, 151, 253, 17, 169, 168, 87, 186, 183, 210, 107, 188, 209, 121, 98, 250, 154, 59, 1, 106, 34, 33, 235, 49, 82, 120]",8b874d559a1073acd9548c379f1bf6a18f3de96f670447872ca9973d788f62f8,4b9b637a4477328bddc664f798ef6f87474c8cdd4cf6530014a53b0c9b5cbbc5,4b9b637a4477328bddc664f798ef6f87474c8cdd4cf6530014a53b0c9b5cbbc5
420023,0.008333333333333333,0.5,240,True,True,"[130, 25, 30, 112, 104, 125, 149, 124, 17, 94, 99, 132, 180, 82, 146, 44, 117, 197, 164, 219, 203, 225, 106, 88, 42, 2, 50, 81, 209, 159, 41, 247, 254, 206, 64, 229, 103, 145, 92, 230, 234, 220, 43, 115, 91, 165, 251, 61, 90, 239, 45, 38, 37, 16, 245, 11, 20, 46, 151, 204, 59, 15, 51, 158, 242, 120, 163, 182, 223, 246, 202, 33, 74, 8, 194, 193, 68, 96, 110, 240, 23, 62, 155, 129, 186, 78, 67, 73, 232, 111, 161, 108, 21, 1, 105, 147, 100, 76, 31, 255, 97, 217, 86, 75, 119, 139, 183, 89, 231, 238, 134, 195, 126, 153, 121, 22, 131, 226, 72, 29, 140, 122, 249, 154, 172, 190, 144, 58, 79, 176, 185, 150, 235, 218, 102, 40, 224, 6, 170, 66, 34, 178, 3, 221, 26, 191, 54, 216, 198, 113, 14, 196, 49, 252, 199, 181, 47, 56, 36, 142, 133, 63, 84, 80, 241, 24, 48, 53, 174, 27, 213, 167, 4, 116, 87, 248, 162, 123, 200, 212, 156, 9, 118, 179, 83, 148, 19, 107, 228, 205, 177, 57, 169, 7, 5, 98, 211, 236, 32, 173, 207, 85, 28, 93, 52, 214, 109, 237, 70, 71, 95, 210, 201, 227, 60, 35, 253, 208, 222, 137, 166, 39, 168, 250, 188, 152, 136, 189, 141, 10, 13, 187, 65, 77, 0, 243, 192, 12, 233, 55, 101, 184, 135, 18, 171, 69, 138, 175, 114, 157, 160, 143, 215, 244, 128, 127]",71ff23c934ba13c8c62bd8fd927619044ccae256daa7d9a31f9cae8216d3b210,d451681a206b86fa3a6c680655112933151a5467a82f590f357669e9f97f82a6,d451681a206b86fa3a6c680655112933151a5467a82f590f357669e9f97f82a6
420023,0.008333333333333333,0.75,240,True,True,"[223, 117, 245, 40, 25, 127, 38, 211, 171, 182, 74, 8, 76, 242, 237, 10, 7, 70, 147, 175, 247, 197, 3, 36, 104, 233, 181, 249, 166, 33, 55, 143, 60, 87, 238, 152, 225, 14, 203, 111, 254, 102, 0, 80, 30, 194, 122, 138, 110, 65, 241, 21, 239, 168, 216, 195, 136, 108, 236, 19, 22, 115, 85, 215, 141, 248, 185, 252, 31, 68, 198, 226, 190, 250, 12, 32, 231, 162, 54, 67, 227, 150, 121, 140, 173, 244, 92, 172, 128, 20, 210, 208, 18, 188, 114, 6, 222, 43, 26, 230, 107, 251, 53, 61, 82, 187, 5, 178, 243, 101, 139, 66, 42, 134, 155, 212, 193, 159, 58, 72, 106, 228, 44, 126, 214, 63, 77, 125, 220, 156, 207, 196, 201, 1, 91, 83, 144, 113, 89, 232, 191, 221, 170, 149, 17, 177, 135, 69, 200, 88, 204, 103, 176, 15, 158, 93, 240, 129, 105, 56, 164, 157, 27, 81, 35, 47, 29, 73, 180, 24, 49, 57, 174, 167, 78, 192, 94, 213, 255, 64, 153, 163, 37, 84, 142, 133, 100, 79, 199, 52, 11, 119, 205, 234, 34, 97, 45, 71, 99, 98, 39, 229, 161, 151, 48, 86, 28, 123, 217, 137, 50, 224, 189, 46, 59, 209, 75, 202, 62, 51, 160, 246, 16, 116, 2, 206, 130, 219, 165, 4, 253, 145, 90, 218, 23, 186, 120, 109, 112, 184, 132, 131, 169, 124, 235, 118, 41, 148, 96, 95, 13, 154, 179, 146, 9, 183]",875619c12612f220d98daf559338d1d0570ffd3bf3eaf87dd6d145252411bcb8,8c1e75cc5210d33c3ea27ab899e04c5a6c2a898065a98fd158e3517d61773271,8c1e75cc5210d33c3ea27ab899e04c5a6c2a898065a98fd158e3517d61773271
420023,0.025,0.25,240,True,True,"[12, 228, 94, 81, 177, 14, 159, 93, 166, 253, 219, 37, 155, 130, 39, 168, 7, 134, 115, 90, 69, 114, 217, 172, 38, 95, 186, 123, 84, 210, 176, 194, 125, 18, 223, 234, 57, 181, 45, 121, 35, 145, 209, 149, 156, 89, 197, 2, 78, 135, 160, 218, 67, 20, 148, 88, 51, 49, 85, 28, 4, 204, 43, 169, 48, 190, 27, 120, 102, 36, 221, 213, 116, 167, 249, 76, 226, 25, 248, 224, 140, 182, 80, 207, 52, 150, 74, 66, 157, 255, 113, 132, 129, 131, 83, 58, 104, 212, 19, 202, 59, 10, 1, 138, 139, 241, 247, 211, 162, 32, 141, 187, 44, 124, 252, 72, 103, 137, 82, 151, 161, 195, 99, 244, 178, 112, 243, 196, 110, 56, 5, 143, 127, 201, 254, 180, 53, 231, 245, 40, 153, 0, 30, 62, 175, 198, 179, 42, 3, 97, 246, 154, 9, 192, 26, 29, 251, 61, 21, 55, 170, 199, 50, 191, 229, 183, 164, 60, 13, 87, 242, 11, 237, 233, 68, 163, 184, 173, 118, 188, 238, 185, 193, 96, 75, 200, 77, 24, 41, 98, 117, 205, 214, 208, 86, 23, 109, 215, 100, 216, 189, 17, 33, 240, 133, 79, 46, 222, 31, 142, 91, 71, 119, 65, 250, 92, 122, 111, 136, 6, 236, 171, 206, 232, 101, 146, 106, 107, 144, 63, 73, 34, 16, 47, 126, 105, 174, 128, 165, 147, 235, 220, 225, 8, 108, 22, 203, 152, 70, 230, 158, 239, 54, 227, 64, 15]",e313962183e43a35e5777ef845764348d5f9ebe75ed9bf388cb74867c3b1f41f,c2161aa551c75063662fcb49e033a62fccd49359d0e3dc77ab004c5160189087,c2161aa551c75063662fcb49e033a62fccd49359d0e3dc77ab004c5160189087
420023,0.025,0.5,240,True,True,"[22, 23, 17, 98, 72, 89, 3, 204, 94, 127, 38, 35, 149, 25, 62, 154, 57, 37, 106, 165, 78, 131, 230, 64, 42, 148, 157, 83, 188, 116, 132, 214, 18, 39, 137, 150, 126, 178, 61, 81, 107, 91, 231, 134, 144, 215, 169, 76, 87, 0, 220, 47, 225, 168, 8, 156, 240, 245, 19, 213, 237, 12, 250, 114, 24, 111, 229, 181, 193, 201, 119, 73, 43, 95, 133, 26, 158, 58, 40, 75, 60, 102, 69, 223, 77, 46, 195, 135, 130, 97, 180, 170, 115, 51, 70, 122, 141, 246, 179, 226, 4, 155, 177, 99, 7, 66, 210, 205, 118, 228, 2, 189, 36, 32, 54, 159, 100, 80, 164, 140, 183, 74, 68, 55, 120, 86, 96, 110, 15, 163, 20, 253, 84, 203, 190, 41, 219, 242, 34, 243, 129, 101, 104, 142, 16, 233, 235, 44, 125, 93, 162, 143, 211, 166, 176, 13, 167, 71, 161, 11, 191, 182, 171, 82, 27, 79, 9, 218, 251, 56, 172, 234, 160, 216, 247, 174, 108, 192, 67, 208, 109, 151, 252, 254, 85, 123, 206, 199, 1, 241, 232, 138, 128, 146, 145, 244, 147, 50, 196, 63, 112, 184, 113, 194, 173, 187, 30, 121, 105, 197, 31, 175, 88, 222, 14, 152, 136, 45, 224, 5, 207, 236, 103, 92, 33, 238, 202, 209, 65, 29, 21, 52, 124, 200, 90, 217, 186, 185, 153, 28, 59, 53, 221, 212, 255, 248, 198, 249, 139, 10, 227, 239, 49, 6, 117, 48]",ff20de7419485e3c6dd9ef3db0e8680de984b7a9d70181dfebce5837ad4ff8c2,02fe6eaad4a5e26201088573c50501afbbaf09d20544452bd732b8f8e821025c,02fe6eaad4a5e26201088573c50501afbbaf09d20544452bd732b8f8e821025c
420023,0.025,0.75,240,True,True,"[138, 220, 156, 59, 117, 234, 39, 14, 241, 102, 170, 237, 124, 253, 66, 81, 22, 113, 79, 190, 166, 43, 3, 74, 245, 181, 171, 96, 53, 61, 159, 211, 104, 98, 193, 58, 160, 110, 109, 88, 198, 108, 228, 215, 54, 199, 17, 106, 143, 103, 47, 227, 155, 132, 165, 187, 229, 136, 244, 129, 186, 89, 178, 114, 40, 219, 175, 10, 188, 30, 151, 45, 34, 90, 28, 230, 252, 95, 255, 213, 41, 226, 217, 250, 67, 23, 38, 127, 73, 86, 77, 205, 128, 0, 16, 218, 32, 12, 225, 177, 36, 196, 180, 195, 18, 116, 154, 56, 111, 149, 184, 212, 20, 4, 169, 150, 6, 162, 35, 232, 101, 78, 192, 208, 140, 9, 141, 91, 55, 8, 71, 29, 105, 75, 82, 243, 207, 148, 57, 233, 42, 46, 147, 142, 240, 11, 161, 118, 84, 100, 62, 200, 126, 182, 204, 210, 123, 76, 125, 2, 163, 247, 168, 97, 64, 209, 72, 153, 99, 49, 119, 15, 223, 83, 48, 189, 158, 194, 206, 25, 197, 176, 202, 251, 120, 239, 231, 44, 31, 152, 167, 201, 224, 69, 214, 68, 7, 191, 65, 87, 157, 130, 246, 139, 135, 94, 235, 33, 51, 80, 37, 185, 93, 173, 179, 174, 60, 183, 145, 115, 122, 134, 107, 112, 238, 5, 254, 236, 21, 137, 216, 172, 221, 19, 133, 146, 13, 249, 63, 50, 92, 248, 222, 131, 24, 203, 85, 26, 144, 52, 164, 70, 27, 121, 1, 242]",2ff2022aa68d38f218bd8e0739455113ed458617c2277dbccab72b7eddbff496,98ea9bb4292d7abac83bdf2973c3b594104d2698159ce49b14cd24fac4f9270a,98ea9bb4292d7abac83bdf2973c3b594104d2698159ce49b14cd24fac4f9270a
420024,0.004166666666666667,0.25,240,True,True,"[28, 3, 38, 240, 30, 72, 177, 173, 12, 136, 33, 250, 137, 193, 155, 35, 237, 23, 46, 219, 59, 251, 78, 92, 76, 119, 234, 166, 163, 6, 247, 69, 235, 221, 184, 228, 249, 41, 181, 130, 153, 204, 175, 209, 84, 79, 62, 36, 70, 4, 65, 215, 96, 214, 77, 183, 145, 142, 128, 243, 121, 170, 253, 222, 169, 255, 50, 14, 42, 207, 160, 238, 147, 88, 216, 149, 195, 135, 110, 212, 25, 196, 187, 21, 11, 171, 132, 229, 252, 18, 161, 99, 10, 102, 120, 126, 146, 24, 176, 197, 242, 63, 57, 167, 143, 90, 133, 180, 1, 66, 202, 125, 158, 211, 82, 220, 51, 97, 55, 117, 178, 192, 67, 105, 104, 208, 165, 26, 114, 54, 27, 168, 40, 58, 107, 19, 68, 129, 226, 73, 151, 198, 53, 157, 71, 154, 13, 31, 248, 182, 118, 5, 199, 179, 159, 17, 75, 29, 113, 108, 87, 189, 244, 185, 16, 203, 91, 162, 116, 191, 85, 201, 223, 123, 20, 138, 44, 80, 231, 34, 93, 94, 37, 227, 124, 140, 103, 148, 152, 39, 232, 32, 131, 74, 144, 115, 109, 188, 83, 217, 22, 200, 81, 9, 61, 43, 205, 134, 230, 98, 101, 225, 52, 48, 206, 95, 233, 106, 2, 218, 100, 186, 213, 0, 210, 7, 89, 64, 254, 60, 112, 241, 15, 164, 111, 224, 239, 150, 174, 8, 122, 194, 236, 127, 156, 56, 86, 246, 141, 49, 190, 172, 45, 47, 245, 139]",0abedbd303ac2621419bbb013299ea2ead59ada1492a2fc23cffafd0c67914e0,a47a357f143492f4fc11e1c189b4e1ee4ada95cb3cf27a6f64b11dc22ed39771,a47a357f143492f4fc11e1c189b4e1ee4ada95cb3cf27a6f64b11dc22ed39771
420024,0.004166666666666667,0.5,240,True,True,"[97, 21, 125, 143, 246, 208, 216, 33, 85, 156, 128, 107, 4, 254, 150, 36, 26, 98, 153, 212, 203, 7, 146, 101, 173, 185, 114, 238, 52, 148, 51, 157, 244, 194, 251, 8, 120, 242, 235, 81, 104, 19, 165, 50, 199, 239, 87, 108, 117, 43, 195, 236, 253, 164, 142, 247, 228, 168, 205, 109, 64, 93, 5, 47, 130, 189, 193, 252, 89, 123, 49, 230, 80, 38, 113, 174, 188, 54, 27, 154, 249, 155, 166, 192, 69, 186, 191, 149, 23, 16, 25, 234, 213, 144, 147, 133, 0, 183, 58, 190, 57, 68, 88, 137, 11, 116, 141, 204, 217, 118, 220, 91, 2, 224, 100, 240, 40, 60, 82, 84, 78, 103, 65, 159, 66, 110, 59, 184, 210, 219, 121, 209, 76, 35, 102, 182, 71, 10, 105, 42, 18, 177, 79, 241, 175, 131, 56, 180, 226, 124, 17, 115, 1, 28, 15, 158, 232, 171, 145, 41, 86, 163, 96, 200, 172, 198, 9, 112, 127, 92, 134, 160, 62, 111, 201, 29, 48, 243, 179, 126, 20, 32, 74, 46, 90, 250, 225, 73, 34, 22, 67, 135, 14, 233, 215, 136, 221, 196, 248, 255, 222, 206, 152, 237, 31, 187, 44, 176, 151, 169, 72, 12, 181, 119, 75, 214, 202, 13, 139, 162, 3, 231, 207, 55, 106, 211, 70, 229, 6, 129, 39, 83, 122, 170, 245, 132, 77, 53, 197, 223, 45, 161, 94, 30, 24, 99, 227, 138, 63, 178, 61, 140, 37, 167, 95, 218]",c5091ad1ab0af628863148f6be9227b9db2226bc49f3c25fb57689b7147d60b8,5b3f30a8bad1222fcd8f0c93eccf77b52fb3fdb988d06c286c1666ffd456e757,5b3f30a8bad1222fcd8f0c93eccf77b52fb3fdb988d06c286c1666ffd456e757
420024,0.004166666666666667,0.75,240,True,True,"[97, 12, 239, 32, 37, 221, 27, 249, 208, 24, 223, 119, 174, 6, 179, 158, 161, 190, 193, 16, 143, 147, 132, 255, 157, 254, 137, 169, 106, 67, 92, 140, 130, 189, 213, 211, 7, 225, 244, 178, 107, 98, 56, 36, 114, 121, 88, 103, 180, 75, 112, 63, 116, 62, 122, 1, 48, 181, 216, 127, 192, 228, 185, 99, 13, 188, 204, 162, 90, 39, 199, 237, 68, 102, 202, 0, 47, 195, 214, 14, 73, 238, 138, 150, 54, 133, 124, 69, 66, 176, 236, 5, 163, 222, 45, 233, 93, 61, 131, 227, 52, 175, 253, 4, 65, 128, 91, 50, 172, 226, 201, 182, 10, 184, 96, 215, 110, 186, 72, 111, 123, 234, 198, 46, 3, 109, 49, 77, 145, 100, 167, 224, 84, 59, 57, 171, 18, 2, 146, 42, 136, 85, 194, 241, 25, 251, 22, 15, 83, 151, 82, 240, 250, 166, 43, 142, 11, 134, 60, 212, 17, 79, 31, 165, 117, 29, 71, 101, 108, 118, 21, 58, 23, 104, 125, 70, 245, 28, 41, 86, 191, 51, 78, 203, 53, 197, 218, 159, 95, 30, 209, 206, 247, 248, 19, 200, 139, 20, 129, 164, 156, 126, 217, 148, 205, 94, 149, 230, 155, 26, 35, 80, 196, 207, 231, 229, 81, 252, 153, 242, 135, 232, 173, 64, 160, 44, 144, 168, 74, 187, 115, 152, 76, 38, 246, 8, 177, 87, 210, 141, 33, 40, 183, 235, 170, 243, 89, 34, 105, 120, 220, 9, 154, 55, 113, 219]",88cc85c0444f14da1de4b9da566d64b02e90fcbb8d0559a45c938028db082d0e,3e8914411e7f03806a7af58212d52f36beaff7c0e28c7fe2aed1036d4c3eb7a6,3e8914411e7f03806a7af58212d52f36beaff7c0e28c7fe2aed1036d4c3eb7a6
420024,0.008333333333333333,0.25,240,True,True,"[222, 161, 1, 205, 189, 0, 237, 213, 218, 151, 44, 107, 105, 178, 88, 155, 69, 113, 109, 62, 17, 204, 149, 138, 187, 216, 242, 65, 229, 125, 186, 71, 135, 15, 157, 143, 239, 73, 167, 108, 158, 119, 61, 165, 238, 41, 64, 103, 144, 74, 25, 112, 55, 83, 81, 91, 184, 21, 97, 80, 4, 106, 24, 208, 230, 190, 90, 128, 124, 85, 246, 75, 170, 214, 248, 45, 140, 236, 122, 31, 76, 13, 198, 152, 142, 193, 197, 194, 53, 169, 72, 100, 185, 10, 5, 191, 123, 212, 43, 130, 89, 249, 240, 226, 58, 244, 110, 38, 209, 23, 126, 39, 174, 11, 37, 181, 228, 134, 132, 211, 20, 87, 36, 253, 114, 162, 131, 78, 247, 127, 12, 30, 179, 166, 203, 102, 8, 234, 156, 94, 215, 231, 14, 233, 66, 251, 145, 49, 40, 19, 6, 32, 232, 63, 254, 98, 225, 96, 235, 79, 163, 195, 16, 42, 202, 68, 33, 95, 219, 3, 57, 28, 255, 22, 221, 46, 86, 153, 171, 188, 121, 129, 176, 220, 154, 111, 201, 7, 196, 183, 210, 70, 59, 146, 34, 207, 56, 104, 35, 2, 177, 29, 227, 164, 224, 223, 217, 252, 160, 118, 52, 26, 47, 92, 150, 139, 180, 137, 101, 182, 54, 206, 241, 99, 148, 173, 60, 147, 9, 243, 77, 175, 168, 192, 172, 115, 27, 250, 51, 133, 199, 245, 82, 117, 67, 93, 18, 84, 50, 120, 200, 141, 159, 136, 116, 48]",3679217d28cc81e23f5f4862476c2d2e7404493078de58f90992de193e36970b,57ac298a9146589f08a336a27ee4c31e0837c53b2da02074b99d696063d99f1c,57ac298a9146589f08a336a27ee4c31e0837c53b2da02074b99d696063d99f1c
420024,0.008333333333333333,0.5,240,True,True,"[139, 102, 75, 245, 95, 187, 144, 12, 54, 182, 44, 233, 237, 34, 185, 223, 132, 133, 154, 91, 31, 169, 37, 248, 85, 166, 186, 193, 199, 195, 63, 226, 231, 131, 240, 55, 45, 100, 23, 109, 70, 89, 229, 14, 192, 71, 250, 82, 79, 86, 74, 96, 203, 64, 151, 246, 13, 105, 217, 148, 33, 7, 47, 207, 41, 117, 197, 150, 46, 122, 181, 172, 106, 175, 57, 239, 0, 84, 165, 104, 162, 130, 170, 5, 124, 65, 66, 123, 244, 138, 255, 196, 58, 156, 178, 157, 183, 99, 88, 213, 103, 92, 129, 11, 225, 21, 234, 16, 198, 68, 69, 224, 51, 212, 147, 142, 204, 61, 32, 210, 90, 22, 108, 77, 167, 191, 121, 28, 208, 67, 149, 201, 205, 38, 171, 251, 94, 6, 107, 222, 114, 56, 20, 73, 194, 235, 76, 50, 4, 214, 40, 188, 247, 209, 180, 221, 39, 112, 120, 227, 125, 158, 145, 119, 36, 153, 242, 42, 15, 189, 184, 10, 18, 3, 164, 174, 160, 78, 30, 97, 135, 177, 19, 110, 35, 254, 176, 118, 228, 238, 1, 243, 80, 49, 190, 230, 143, 24, 9, 219, 8, 101, 126, 25, 253, 111, 26, 232, 216, 113, 137, 98, 141, 52, 48, 134, 249, 220, 115, 159, 136, 93, 140, 29, 116, 53, 236, 200, 179, 128, 155, 2, 146, 211, 62, 252, 215, 17, 241, 206, 173, 168, 72, 152, 43, 27, 60, 218, 202, 163, 83, 127, 161, 87, 59, 81]",2b3f06864c9b951e0a911b63d8e2c86887fb4265718fd81a1c6fe5d3def5c4ad,46543aaa3536e511c3f07e446b483eadca18fdbef2a9e6e7f327cacec773e161,46543aaa3536e511c3f07e446b483eadca18fdbef2a9e6e7f327cacec773e161
420024,0.008333333333333333,0.75,240,True,True,"[7, 139, 211, 167, 58, 3, 147, 71, 30, 185, 8, 220, 120, 178, 61, 39, 223, 171, 100, 66, 189, 128, 129, 22, 99, 170, 188, 190, 65, 252, 45, 6, 254, 154, 180, 224, 177, 33, 134, 244, 51, 1, 110, 94, 86, 194, 103, 56, 155, 81, 113, 18, 150, 132, 73, 11, 31, 38, 230, 183, 174, 126, 175, 182, 9, 43, 117, 135, 89, 125, 13, 23, 118, 237, 187, 34, 116, 176, 149, 250, 148, 123, 41, 88, 17, 151, 238, 119, 75, 233, 203, 138, 228, 12, 181, 162, 246, 37, 46, 79, 105, 62, 242, 96, 221, 213, 249, 193, 152, 159, 218, 192, 19, 179, 2, 165, 251, 80, 64, 191, 15, 24, 83, 145, 32, 229, 231, 5, 133, 214, 163, 20, 205, 57, 215, 102, 93, 21, 236, 29, 124, 137, 111, 36, 209, 222, 107, 153, 239, 70, 143, 157, 4, 241, 52, 54, 232, 63, 25, 216, 207, 59, 74, 95, 173, 42, 219, 72, 10, 164, 169, 146, 210, 142, 156, 184, 131, 26, 166, 35, 53, 101, 27, 200, 160, 130, 248, 212, 98, 144, 84, 60, 78, 253, 136, 168, 114, 161, 243, 158, 234, 77, 91, 55, 255, 195, 109, 68, 104, 44, 49, 48, 196, 90, 82, 197, 14, 141, 28, 106, 227, 240, 202, 92, 87, 247, 40, 208, 115, 97, 67, 50, 226, 235, 201, 47, 206, 112, 245, 0, 16, 198, 217, 199, 69, 122, 140, 127, 76, 121, 108, 85, 186, 204, 225, 172]",0052756fe1fc18d3d0931adf962d70cf0818772b20137000bbda2b172184f04e,bfaaeb586c670688ce93993882fb6266a21ee90621ad588be0a1499250a136e3,bfaaeb586c670688ce93993882fb6266a21ee90621ad588be0a1499250a136e3
420024,0.025,0.25,240,True,True,"[199, 171, 146, 116, 130, 224, 72, 85, 82, 113, 64, 133, 65, 5, 157, 77, 196, 2, 212, 161, 7, 225, 139, 149, 103, 19, 83, 108, 76, 96, 20, 100, 248, 203, 213, 208, 88, 169, 193, 115, 42, 174, 168, 48, 237, 254, 175, 190, 24, 107, 244, 118, 232, 124, 135, 58, 120, 162, 52, 189, 173, 117, 31, 55, 25, 229, 26, 197, 153, 147, 241, 4, 178, 239, 242, 10, 233, 30, 8, 91, 41, 136, 66, 236, 230, 111, 62, 101, 222, 27, 11, 137, 220, 128, 43, 59, 17, 94, 86, 56, 39, 112, 165, 95, 202, 251, 68, 67, 255, 36, 102, 1, 126, 214, 140, 53, 216, 144, 143, 45, 180, 217, 186, 151, 206, 192, 240, 0, 92, 110, 185, 167, 125, 22, 35, 134, 51, 132, 176, 123, 188, 75, 60, 105, 207, 114, 145, 46, 218, 249, 32, 104, 129, 13, 57, 70, 131, 122, 119, 231, 12, 150, 228, 106, 78, 50, 84, 93, 211, 221, 47, 155, 219, 238, 183, 90, 253, 98, 121, 182, 156, 166, 99, 227, 109, 37, 141, 163, 148, 23, 187, 172, 29, 246, 18, 89, 200, 159, 138, 160, 234, 204, 226, 235, 6, 191, 15, 73, 245, 69, 74, 61, 252, 154, 87, 184, 215, 9, 195, 247, 201, 28, 14, 63, 127, 71, 33, 49, 164, 16, 40, 38, 198, 177, 44, 158, 3, 81, 152, 179, 210, 97, 142, 209, 54, 250, 243, 194, 170, 80, 34, 205, 79, 21, 181, 223]",e6b7b54956b86d03040d6e9606a8c0270f32104b7bdb91c046b6a3a63dc56bda,c2f188d4a5dbb578d9477e47d580dafdac9a38a17acc115db4d78ac1126dba59,c2f188d4a5dbb578d9477e47d580dafdac9a38a17acc115db4d78ac1126dba59
420024,0.025,0.5,240,True,True,"[44, 141, 246, 39, 241, 191, 34, 220, 89, 53, 96, 186, 167, 218, 146, 45, 150, 153, 198, 215, 26, 192, 226, 122, 136, 112, 142, 37, 50, 15, 51, 68, 72, 155, 147, 17, 229, 128, 149, 212, 132, 230, 222, 140, 42, 253, 248, 117, 109, 135, 210, 174, 19, 87, 65, 202, 102, 180, 184, 156, 121, 242, 74, 152, 134, 207, 187, 195, 255, 22, 41, 110, 62, 254, 88, 93, 58, 12, 20, 172, 123, 127, 40, 236, 251, 247, 129, 225, 98, 69, 203, 144, 214, 66, 27, 104, 252, 204, 36, 106, 38, 183, 101, 16, 161, 91, 28, 23, 166, 188, 48, 33, 177, 233, 193, 1, 171, 30, 165, 90, 154, 196, 35, 200, 148, 234, 139, 100, 76, 107, 227, 119, 115, 7, 130, 118, 205, 105, 29, 137, 240, 80, 108, 54, 116, 0, 206, 60, 219, 4, 221, 199, 162, 92, 223, 133, 82, 113, 159, 217, 71, 77, 84, 182, 52, 24, 178, 170, 211, 173, 224, 164, 9, 78, 5, 21, 10, 231, 61, 176, 46, 190, 2, 64, 49, 238, 244, 157, 169, 158, 125, 31, 67, 131, 14, 57, 185, 163, 143, 95, 197, 81, 194, 70, 124, 97, 25, 86, 138, 208, 232, 83, 235, 145, 55, 79, 160, 111, 189, 209, 47, 8, 56, 179, 13, 3, 237, 245, 151, 243, 99, 250, 73, 201, 126, 85, 175, 63, 114, 228, 18, 43, 11, 168, 94, 32, 103, 120, 181, 239, 6, 213, 75, 249, 216, 59]",cc5238626e3dbac95168ef104872aaa4194b57fcc2fe3d8d88b72a06424af9b5,7874203eeaf05ea95c3baf61eb1e74adc5d180cfdc7a6ff839dbf6fa4a401cdb,7874203eeaf05ea95c3baf61eb1e74adc5d180cfdc7a6ff839dbf6fa4a401cdb
420024,0.025,0.75,240,True,True,"[255, 92, 172, 152, 189, 212, 245, 9, 62, 108, 36, 167, 156, 26, 103, 242, 223, 132, 207, 35, 142, 101, 8, 240, 208, 77, 38, 197, 130, 5, 218, 217, 232, 112, 22, 73, 195, 241, 125, 148, 24, 159, 102, 52, 153, 250, 221, 239, 63, 7, 192, 21, 32, 61, 236, 91, 105, 141, 191, 151, 45, 90, 166, 114, 228, 225, 180, 168, 78, 59, 162, 158, 123, 115, 110, 136, 20, 203, 39, 30, 79, 33, 129, 15, 83, 75, 139, 176, 186, 27, 99, 177, 140, 124, 109, 137, 210, 226, 118, 135, 244, 82, 117, 230, 85, 13, 128, 76, 254, 213, 194, 4, 252, 204, 174, 72, 131, 119, 68, 235, 170, 134, 120, 23, 41, 206, 47, 81, 40, 243, 171, 202, 48, 209, 89, 216, 253, 29, 111, 19, 104, 43, 190, 31, 53, 80, 86, 164, 222, 11, 71, 145, 17, 49, 205, 161, 188, 113, 74, 211, 93, 84, 198, 87, 60, 249, 144, 58, 214, 37, 154, 116, 227, 64, 127, 55, 50, 28, 237, 10, 155, 98, 184, 147, 18, 178, 121, 100, 16, 229, 70, 56, 220, 3, 2, 46, 14, 34, 196, 183, 219, 65, 12, 233, 215, 199, 94, 246, 96, 143, 157, 179, 69, 107, 238, 133, 165, 201, 66, 44, 54, 42, 138, 51, 0, 173, 163, 25, 234, 95, 175, 88, 182, 97, 247, 181, 1, 193, 224, 200, 106, 126, 122, 231, 251, 160, 187, 185, 149, 150, 169, 146, 67, 6, 57, 248]",f240337f4555ace270e015a8b02627701d81b270a465b1b8c1bd5b37f37bb237,e26291dec6aaa934d36d5a20c9913c75b3a09d915edb5bbc9c3170dd75e3d4fe,e26291dec6aaa934d36d5a20c9913c75b3a09d915edb5bbc9c3170dd75e3d4fe
420025,0.004166666666666667,0.25,240,True,True,"[175, 10, 27, 114, 180, 186, 192, 92, 249, 44, 153, 152, 125, 26, 89, 117, 31, 120, 17, 159, 238, 143, 41, 15, 168, 177, 237, 69, 228, 106, 2, 201, 6, 179, 0, 139, 132, 188, 145, 215, 127, 122, 4, 33, 64, 113, 128, 53, 141, 126, 24, 147, 184, 234, 60, 21, 34, 54, 244, 62, 205, 112, 116, 224, 194, 226, 203, 248, 151, 104, 40, 1, 130, 81, 136, 212, 109, 29, 209, 193, 200, 214, 36, 217, 190, 206, 183, 196, 30, 235, 72, 118, 255, 221, 99, 174, 241, 51, 232, 199, 182, 223, 142, 243, 76, 80, 219, 163, 96, 87, 91, 115, 58, 12, 94, 90, 25, 164, 83, 254, 191, 82, 173, 161, 3, 211, 239, 242, 32, 7, 187, 18, 98, 169, 93, 59, 13, 166, 56, 251, 20, 162, 48, 110, 233, 86, 97, 124, 121, 119, 46, 213, 55, 138, 78, 134, 150, 49, 208, 222, 178, 157, 236, 23, 154, 123, 210, 165, 131, 19, 70, 102, 216, 246, 231, 218, 100, 185, 11, 133, 144, 227, 9, 245, 105, 74, 229, 204, 75, 57, 253, 197, 149, 172, 156, 171, 73, 28, 160, 108, 16, 198, 140, 137, 84, 247, 5, 67, 47, 39, 146, 252, 77, 35, 52, 43, 50, 176, 155, 65, 88, 240, 230, 111, 181, 38, 129, 85, 22, 68, 202, 107, 135, 45, 189, 71, 14, 101, 148, 207, 61, 220, 37, 8, 250, 195, 225, 79, 103, 66, 42, 158, 95, 167, 170, 63]",7f6c14a68367a5eb2894a21a1abcdbcf0eb0b4401633c7bbdfb244e66efcefd8,ea53402b80dc371bd289abbd10df8a6038f511a509bf03766be33d122b5118b1,ea53402b80dc371bd289abbd10df8a6038f511a509bf03766be33d122b5118b1
420025,0.004166666666666667,0.5,240,True,True,"[150, 27, 158, 58, 199, 19, 216, 144, 235, 125, 162, 208, 45, 92, 46, 136, 52, 179, 219, 131, 96, 141, 56, 167, 138, 8, 44, 202, 23, 82, 98, 7, 174, 195, 252, 192, 203, 169, 47, 113, 204, 68, 241, 198, 81, 143, 90, 50, 209, 126, 178, 243, 191, 155, 160, 140, 148, 30, 80, 35, 227, 248, 206, 32, 254, 111, 31, 214, 246, 139, 78, 88, 154, 171, 205, 104, 26, 10, 251, 101, 190, 242, 245, 18, 40, 2, 185, 114, 84, 224, 1, 142, 39, 232, 109, 152, 102, 59, 112, 36, 41, 6, 157, 172, 222, 86, 22, 217, 33, 11, 223, 173, 238, 130, 210, 118, 34, 62, 134, 165, 116, 186, 99, 187, 123, 105, 183, 65, 107, 236, 244, 170, 49, 184, 16, 220, 122, 166, 93, 137, 87, 3, 97, 117, 180, 13, 25, 55, 74, 145, 28, 218, 196, 129, 215, 201, 20, 151, 161, 211, 135, 63, 110, 91, 43, 76, 146, 156, 233, 124, 168, 128, 60, 100, 153, 67, 73, 239, 115, 0, 64, 234, 197, 193, 247, 132, 29, 149, 5, 95, 225, 69, 188, 103, 51, 53, 159, 212, 194, 24, 108, 42, 89, 226, 83, 255, 15, 230, 66, 72, 61, 228, 240, 79, 12, 181, 237, 213, 121, 54, 37, 249, 250, 189, 119, 4, 38, 221, 106, 9, 75, 85, 176, 231, 163, 182, 94, 77, 147, 200, 70, 164, 133, 17, 175, 207, 177, 229, 14, 71, 21, 127, 57, 48, 120, 253]",c337d07bee9e71385eab7bacd2db639251146da7901cd06ce54a6417490f0c4d,8a1debbb2833bbc1c4c4faaf6e6ecb09f66edb7680d26524394bf353a8e1b8a9,8a1debbb2833bbc1c4c4faaf6e6ecb09f66edb7680d26524394bf353a8e1b8a9
420025,0.004166666666666667,0.75,240,True,True,"[108, 134, 66, 37, 167, 15, 234, 17, 32, 47, 135, 46, 141, 170, 120, 246, 9, 40, 174, 222, 19, 7, 198, 56, 57, 150, 127, 8, 242, 92, 149, 22, 106, 159, 30, 171, 228, 16, 168, 36, 107, 241, 1, 118, 126, 147, 88, 139, 87, 253, 202, 232, 137, 111, 218, 163, 200, 80, 239, 75, 3, 54, 61, 221, 197, 12, 96, 213, 72, 49, 252, 13, 255, 207, 131, 133, 179, 249, 244, 34, 110, 138, 236, 172, 71, 109, 0, 125, 130, 231, 227, 190, 60, 117, 186, 35, 184, 182, 188, 144, 18, 193, 248, 187, 203, 119, 205, 6, 215, 82, 226, 152, 247, 5, 78, 254, 67, 79, 70, 25, 103, 142, 124, 10, 105, 240, 194, 2, 204, 177, 102, 42, 225, 216, 101, 11, 180, 209, 166, 39, 123, 86, 45, 21, 89, 44, 156, 160, 41, 77, 140, 183, 94, 206, 68, 65, 76, 121, 38, 154, 43, 116, 208, 192, 136, 151, 128, 169, 97, 83, 26, 122, 20, 84, 4, 223, 85, 63, 115, 230, 235, 132, 53, 224, 233, 165, 176, 191, 24, 211, 245, 23, 100, 173, 55, 229, 95, 164, 212, 201, 28, 74, 219, 189, 153, 104, 148, 155, 250, 129, 62, 14, 112, 90, 31, 99, 210, 181, 214, 145, 29, 91, 51, 195, 220, 238, 73, 27, 59, 48, 162, 69, 52, 50, 98, 93, 157, 33, 185, 237, 217, 158, 81, 178, 243, 113, 175, 196, 114, 143, 58, 146, 64, 199, 251, 161]",06a328cf28298302a98536c83dfd0c5fa48f102be21bd3623f425dbb877479af,f019083e01766e802ece50cc9ad75b707a92c846a9c4045116e39850e7e1e54f,f019083e01766e802ece50cc9ad75b707a92c846a9c4045116e39850e7e1e54f
420025,0.008333333333333333,0.25,240,True,True,"[186, 188, 253, 244, 175, 123, 246, 206, 96, 156, 30, 242, 239, 170, 101, 103, 203, 252, 100, 251, 212, 115, 125, 195, 55, 192, 90, 41, 69, 144, 27, 153, 23, 82, 17, 71, 254, 174, 110, 120, 240, 62, 205, 135, 56, 64, 215, 146, 34, 151, 178, 104, 31, 15, 43, 86, 245, 37, 46, 84, 196, 132, 217, 16, 91, 88, 14, 54, 49, 2, 155, 160, 10, 166, 167, 198, 60, 222, 207, 177, 189, 228, 76, 202, 112, 116, 79, 137, 216, 141, 44, 36, 42, 73, 233, 114, 99, 211, 124, 106, 131, 39, 138, 87, 108, 147, 168, 65, 169, 142, 194, 7, 4, 67, 221, 139, 83, 68, 172, 127, 235, 154, 63, 185, 210, 236, 150, 81, 51, 231, 218, 11, 38, 53, 214, 35, 21, 224, 237, 199, 8, 191, 176, 66, 130, 223, 219, 20, 57, 1, 48, 164, 5, 187, 105, 19, 28, 111, 92, 220, 161, 75, 248, 227, 78, 6, 118, 47, 190, 113, 95, 12, 72, 29, 140, 70, 201, 18, 128, 225, 97, 58, 9, 234, 230, 193, 247, 165, 159, 250, 98, 134, 249, 183, 117, 148, 22, 32, 119, 197, 13, 126, 26, 255, 157, 241, 80, 0, 243, 85, 50, 107, 184, 133, 122, 229, 181, 74, 209, 200, 45, 25, 238, 226, 61, 163, 204, 77, 40, 89, 109, 149, 52, 152, 143, 182, 232, 94, 162, 59, 145, 136, 173, 129, 171, 179, 93, 158, 33, 213, 180, 24, 208, 121, 3, 102]",7b75ea29266b3dcefa25751de956142d31bafc11bb7399dbf35dc3b7618bd1b3,9f509a580a38c845ed4e9069f714ddb3667a1e58dff4fd2d8c10269cd752d761,9f509a580a38c845ed4e9069f714ddb3667a1e58dff4fd2d8c10269cd752d761
420025,0.008333333333333333,0.5,240,True,True,"[124, 59, 77, 221, 242, 114, 63, 34, 248, 90, 133, 107, 6, 125, 245, 75, 55, 178, 115, 156, 237, 185, 106, 246, 241, 70, 244, 56, 20, 97, 226, 96, 159, 232, 109, 9, 28, 252, 204, 240, 219, 170, 254, 19, 116, 213, 234, 131, 145, 135, 81, 210, 15, 191, 16, 17, 30, 48, 130, 40, 46, 212, 167, 2, 168, 140, 141, 208, 139, 181, 86, 146, 39, 222, 137, 72, 250, 171, 22, 62, 136, 127, 85, 5, 228, 235, 83, 157, 31, 118, 78, 218, 158, 27, 196, 12, 179, 87, 255, 69, 67, 10, 187, 166, 99, 206, 173, 105, 182, 52, 57, 183, 26, 37, 1, 193, 68, 154, 24, 35, 94, 176, 64, 230, 80, 200, 164, 165, 236, 152, 143, 110, 161, 103, 93, 198, 66, 61, 92, 184, 151, 188, 13, 122, 71, 126, 138, 79, 238, 169, 172, 98, 149, 49, 186, 23, 153, 60, 147, 175, 190, 142, 112, 129, 195, 214, 128, 224, 73, 0, 148, 243, 3, 76, 7, 111, 117, 215, 223, 194, 233, 132, 121, 91, 174, 144, 29, 203, 123, 120, 8, 239, 199, 47, 32, 44, 163, 102, 225, 41, 162, 36, 113, 201, 119, 42, 38, 88, 155, 50, 101, 54, 58, 209, 18, 249, 202, 251, 4, 227, 231, 74, 104, 160, 43, 189, 51, 192, 14, 65, 25, 247, 177, 45, 84, 100, 21, 134, 220, 253, 53, 229, 217, 216, 211, 89, 33, 82, 95, 207, 108, 205, 197, 11, 180, 150]",f21412b999f12022e1ee01eefd23d50162aa97586e4782db22f5c431d94e78fa,3248ff61bcdd72026991705e643b390af2596d3380546c09ada56d764ac13a0e,3248ff61bcdd72026991705e643b390af2596d3380546c09ada56d764ac13a0e
420025,0.008333333333333333,0.75,240,True,True,"[141, 160, 37, 172, 158, 208, 159, 177, 132, 151, 42, 6, 35, 153, 169, 71, 135, 89, 145, 107, 126, 14, 219, 185, 7, 217, 30, 52, 65, 67, 113, 36, 149, 63, 96, 195, 229, 102, 26, 106, 173, 224, 28, 59, 56, 66, 44, 18, 205, 170, 211, 225, 202, 19, 81, 152, 180, 176, 249, 244, 144, 150, 50, 58, 146, 214, 108, 201, 0, 124, 78, 48, 109, 43, 128, 123, 9, 114, 161, 167, 22, 209, 228, 121, 40, 215, 216, 118, 187, 115, 227, 165, 34, 231, 232, 74, 183, 200, 104, 103, 238, 91, 237, 242, 57, 79, 204, 29, 254, 143, 54, 240, 133, 116, 253, 210, 188, 16, 88, 220, 130, 199, 27, 38, 53, 49, 179, 191, 164, 90, 13, 250, 120, 241, 247, 162, 10, 45, 70, 157, 239, 245, 207, 110, 112, 137, 186, 64, 41, 138, 136, 24, 140, 97, 47, 198, 105, 147, 168, 55, 94, 197, 181, 142, 248, 75, 39, 255, 221, 46, 218, 8, 233, 139, 3, 31, 85, 61, 5, 166, 98, 175, 11, 192, 101, 196, 60, 119, 77, 111, 203, 230, 86, 51, 20, 95, 32, 21, 117, 212, 155, 76, 190, 25, 134, 122, 69, 100, 206, 163, 62, 246, 87, 193, 127, 251, 234, 223, 154, 156, 148, 178, 131, 12, 129, 80, 17, 15, 99, 73, 235, 243, 83, 82, 72, 222, 194, 226, 125, 189, 252, 92, 23, 84, 182, 33, 4, 184, 171, 93, 213, 68, 2, 174, 1, 236]",f86fd3aaf60b4b3b81b1a308ca84f2af4f7a224ad1e148bb949a802c5d760885,63c8857525dfe8ad129f334fba9a0a748e411799cb29c926c4a77516e0da4659,63c8857525dfe8ad129f334fba9a0a748e411799cb29c926c4a77516e0da4659
420025,0.025,0.25,240,True,True,"[84, 153, 89, 194, 70, 103, 214, 150, 159, 250, 100, 233, 31, 68, 155, 163, 223, 181, 146, 93, 178, 232, 118, 185, 32, 131, 108, 16, 9, 242, 175, 137, 244, 255, 98, 65, 113, 76, 82, 53, 246, 46, 47, 25, 177, 51, 119, 149, 144, 56, 140, 247, 172, 216, 20, 211, 62, 238, 203, 189, 79, 226, 157, 21, 72, 13, 40, 141, 167, 129, 209, 27, 208, 190, 224, 143, 59, 221, 228, 180, 74, 213, 112, 5, 243, 29, 75, 152, 184, 1, 179, 80, 116, 60, 122, 126, 12, 205, 139, 85, 115, 66, 202, 114, 239, 248, 176, 37, 52, 2, 127, 197, 187, 38, 136, 198, 204, 249, 99, 124, 254, 7, 253, 166, 105, 148, 162, 33, 245, 206, 142, 130, 170, 217, 123, 173, 225, 218, 171, 49, 174, 58, 219, 227, 95, 199, 132, 230, 26, 90, 164, 61, 109, 83, 50, 19, 125, 241, 73, 3, 45, 104, 43, 67, 8, 6, 94, 201, 236, 252, 78, 151, 237, 17, 39, 22, 81, 207, 191, 24, 138, 165, 77, 135, 200, 235, 117, 34, 15, 23, 14, 182, 87, 196, 145, 147, 188, 86, 231, 222, 154, 168, 161, 69, 28, 11, 251, 134, 133, 41, 186, 240, 35, 30, 10, 212, 121, 101, 92, 55, 91, 36, 18, 96, 156, 229, 102, 183, 57, 234, 111, 220, 48, 158, 160, 106, 120, 169, 54, 195, 192, 63, 4, 193, 44, 88, 128, 107, 0, 215, 210, 97, 110, 64, 42, 71]",4cb8dce7115638c39daee80d2373d6c2e467cd7c8caf09e7baec47851d9400ff,447375e6670cf65ad4bee16db5dc20d19b9ddb7f8f0ed52bce7caaffc518ecfd,447375e6670cf65ad4bee16db5dc20d19b9ddb7f8f0ed52bce7caaffc518ecfd
420025,0.025,0.5,240,True,True,"[25, 252, 222, 19, 220, 147, 107, 29, 0, 146, 11, 233, 57, 112, 21, 185, 212, 180, 242, 20, 50, 55, 51, 101, 157, 148, 109, 188, 114, 22, 77, 70, 172, 232, 200, 162, 35, 239, 98, 251, 30, 67, 84, 137, 181, 145, 1, 215, 249, 235, 191, 125, 203, 16, 108, 207, 46, 113, 66, 170, 201, 103, 189, 2, 166, 64, 36, 171, 49, 204, 206, 250, 199, 156, 210, 82, 198, 23, 41, 42, 89, 175, 56, 214, 173, 248, 169, 31, 105, 71, 159, 58, 187, 140, 63, 178, 124, 3, 80, 110, 224, 144, 81, 83, 32, 139, 254, 18, 34, 123, 8, 228, 135, 197, 44, 179, 154, 115, 33, 176, 255, 152, 118, 186, 183, 69, 237, 52, 226, 45, 12, 168, 223, 217, 9, 234, 240, 6, 100, 196, 221, 182, 177, 244, 129, 47, 151, 65, 193, 253, 245, 127, 174, 76, 238, 111, 48, 164, 85, 149, 88, 150, 158, 91, 161, 116, 17, 74, 95, 14, 68, 138, 194, 117, 153, 216, 61, 15, 218, 142, 236, 132, 40, 184, 165, 208, 141, 143, 86, 225, 163, 59, 28, 27, 219, 78, 92, 231, 75, 73, 87, 167, 90, 229, 5, 121, 24, 79, 94, 122, 126, 96, 211, 26, 243, 241, 192, 120, 205, 130, 53, 7, 133, 209, 230, 128, 136, 62, 93, 247, 119, 38, 37, 99, 60, 10, 97, 102, 134, 227, 195, 155, 131, 43, 246, 160, 213, 39, 104, 54, 106, 13, 72, 4, 202, 190]",e24757621f3a62600ac150d2579dcdfea881475802afed514ffa192e826ccfd8,0fe97e2eb328fe05eb353c391fa05d32bb95c20ca7997bac280ef1709e147240,0fe97e2eb328fe05eb353c391fa05d32bb95c20ca7997bac280ef1709e147240
420025,0.025,0.75,240,True,True,"[118, 119, 82, 113, 158, 253, 164, 188, 229, 45, 221, 243, 148, 214, 61, 166, 227, 225, 106, 213, 38, 142, 228, 59, 50, 231, 33, 36, 155, 182, 29, 194, 25, 206, 218, 136, 220, 76, 108, 53, 195, 144, 41, 71, 72, 234, 123, 160, 172, 232, 37, 116, 190, 239, 180, 51, 122, 235, 90, 130, 117, 186, 241, 189, 115, 77, 197, 210, 121, 63, 255, 244, 114, 26, 175, 15, 93, 248, 169, 12, 28, 24, 181, 73, 171, 233, 18, 193, 99, 14, 128, 30, 247, 64, 66, 143, 129, 95, 141, 19, 135, 185, 187, 112, 105, 157, 134, 177, 5, 42, 174, 1, 208, 146, 223, 219, 10, 252, 85, 16, 173, 159, 78, 161, 154, 236, 110, 224, 23, 120, 92, 13, 86, 215, 138, 97, 40, 60, 32, 87, 81, 17, 245, 201, 96, 191, 88, 100, 43, 124, 49, 35, 237, 165, 251, 3, 54, 9, 250, 156, 222, 11, 163, 52, 205, 151, 192, 152, 111, 178, 20, 249, 198, 69, 62, 212, 200, 65, 137, 145, 183, 153, 203, 56, 57, 167, 55, 217, 199, 39, 196, 132, 168, 91, 226, 131, 67, 34, 68, 58, 21, 202, 47, 254, 27, 246, 125, 109, 140, 240, 31, 230, 242, 104, 89, 211, 101, 149, 2, 150, 7, 79, 22, 179, 133, 84, 80, 216, 0, 127, 102, 48, 126, 4, 74, 170, 44, 83, 70, 238, 94, 98, 6, 176, 184, 75, 209, 162, 147, 46, 8, 204, 207, 103, 107, 139]",b7bcaccf85bcd724233f7c2c5e8c89ecb763c7bfff4251adc88c9af5bb701bac,c461de7166558c188df4c58ca44eac469264e9bbe483a04e0bddae588abc2151,c461de7166558c188df4c58ca44eac469264e9bbe483a04e0bddae588abc2151
420026,0.004166666666666667,0.25,240,True,True,"[51, 49, 7, 6, 111, 215, 186, 5, 54, 115, 99, 236, 208, 9, 40, 92, 241, 107, 34, 114, 22, 104, 216, 70, 212, 11, 117, 75, 183, 237, 189, 247, 121, 147, 20, 243, 167, 210, 201, 211, 202, 15, 221, 159, 185, 0, 125, 154, 30, 80, 250, 3, 245, 132, 137, 91, 170, 118, 60, 151, 190, 240, 138, 195, 177, 112, 31, 209, 32, 145, 205, 203, 106, 232, 230, 17, 197, 182, 150, 4, 97, 35, 16, 108, 160, 88, 135, 86, 68, 47, 225, 207, 116, 126, 119, 153, 43, 155, 141, 193, 110, 165, 222, 45, 82, 109, 188, 67, 122, 204, 42, 164, 173, 8, 233, 52, 129, 181, 220, 127, 10, 255, 39, 168, 128, 62, 24, 133, 244, 146, 74, 69, 192, 12, 180, 18, 1, 58, 249, 83, 59, 217, 33, 161, 176, 95, 81, 85, 63, 72, 158, 66, 184, 44, 130, 131, 105, 224, 102, 53, 56, 166, 191, 162, 169, 77, 148, 41, 143, 152, 76, 50, 96, 226, 218, 194, 84, 157, 254, 93, 149, 179, 13, 142, 246, 38, 79, 71, 163, 27, 37, 57, 214, 242, 25, 103, 234, 136, 78, 251, 55, 228, 36, 98, 123, 21, 231, 239, 64, 61, 198, 100, 134, 235, 200, 113, 139, 238, 213, 29, 23, 196, 223, 172, 48, 124, 156, 248, 219, 89, 2, 175, 120, 28, 94, 19, 199, 252, 140, 187, 46, 229, 65, 206, 144, 26, 101, 174, 253, 90, 73, 87, 178, 171, 227, 14]",be2a949fe3946f7dc04cfc9eb4af50862e8c49764c195f7dd9ca025a474676b3,d6fc8141a0c781124f011ade743f4593328b418440a20bb23ad38e5317024630,d6fc8141a0c781124f011ade743f4593328b418440a20bb23ad38e5317024630
420026,0.004166666666666667,0.5,240,True,True,"[131, 149, 70, 79, 174, 240, 54, 51, 53, 120, 205, 12, 135, 225, 150, 102, 241, 197, 13, 27, 124, 187, 78, 64, 108, 36, 121, 42, 6, 229, 173, 170, 63, 247, 59, 19, 28, 117, 215, 207, 130, 114, 253, 222, 50, 199, 52, 145, 4, 167, 112, 159, 122, 218, 146, 165, 192, 168, 252, 217, 204, 228, 84, 109, 98, 7, 67, 235, 184, 141, 143, 106, 127, 128, 254, 214, 11, 44, 85, 105, 2, 249, 132, 74, 219, 226, 191, 25, 125, 107, 23, 17, 171, 188, 100, 45, 123, 193, 232, 212, 95, 201, 87, 14, 151, 88, 37, 139, 190, 35, 209, 55, 116, 202, 77, 3, 200, 101, 58, 61, 248, 203, 20, 33, 136, 0, 194, 238, 181, 32, 111, 30, 182, 38, 110, 239, 236, 1, 29, 160, 147, 244, 186, 76, 103, 60, 94, 152, 233, 163, 243, 234, 15, 83, 133, 144, 176, 166, 96, 118, 153, 69, 43, 65, 48, 206, 231, 156, 31, 237, 9, 196, 97, 10, 155, 178, 180, 89, 47, 177, 189, 41, 57, 66, 140, 99, 138, 16, 157, 92, 115, 183, 211, 126, 113, 216, 75, 137, 93, 90, 162, 245, 40, 169, 34, 172, 56, 164, 21, 104, 221, 39, 246, 179, 81, 73, 161, 24, 208, 8, 80, 220, 68, 46, 154, 175, 86, 185, 255, 223, 49, 224, 62, 18, 72, 119, 242, 210, 213, 230, 198, 129, 158, 227, 71, 91, 22, 148, 26, 134, 5, 82, 251, 142, 250, 195]",1fcbfe28f8ff45bba88143c898f1ac9f62660c94b831884565637568acb3c474,f9dea1a8cefe0e3c9021c1e443ee0ff7965ae17d9f44623f1cd3a4825c9a76f4,f9dea1a8cefe0e3c9021c1e443ee0ff7965ae17d9f44623f1cd3a4825c9a76f4
420026,0.004166666666666667,0.75,240,True,True,"[253, 232, 166, 167, 110, 230, 155, 197, 96, 85, 255, 224, 16, 36, 100, 244, 15, 214, 82, 246, 114, 83, 218, 211, 27, 101, 106, 219, 237, 40, 69, 181, 126, 216, 55, 78, 133, 247, 86, 205, 4, 140, 109, 97, 220, 65, 158, 102, 91, 73, 132, 154, 64, 70, 80, 47, 182, 183, 68, 77, 250, 25, 199, 195, 139, 108, 33, 3, 138, 189, 19, 168, 242, 0, 45, 23, 117, 175, 225, 234, 56, 7, 72, 31, 17, 198, 57, 105, 200, 59, 9, 217, 93, 61, 44, 191, 226, 194, 92, 8, 124, 6, 151, 131, 22, 163, 160, 238, 116, 113, 38, 190, 107, 148, 54, 99, 136, 26, 196, 144, 208, 233, 223, 180, 12, 147, 161, 150, 50, 71, 179, 52, 153, 28, 125, 53, 143, 51, 145, 121, 88, 119, 94, 48, 146, 89, 111, 21, 115, 177, 18, 20, 104, 112, 164, 95, 1, 239, 141, 135, 243, 193, 201, 254, 169, 134, 212, 229, 174, 157, 103, 62, 76, 123, 37, 79, 29, 209, 43, 202, 120, 227, 186, 32, 165, 204, 128, 173, 248, 87, 222, 14, 156, 81, 203, 159, 142, 58, 228, 236, 252, 235, 24, 162, 187, 46, 245, 49, 249, 11, 172, 129, 10, 215, 184, 39, 118, 67, 63, 210, 221, 241, 127, 171, 34, 122, 98, 185, 206, 84, 2, 75, 137, 30, 42, 60, 66, 251, 152, 213, 188, 130, 13, 5, 74, 41, 90, 207, 149, 231, 192, 240, 35, 178, 176, 170]",f5a7207f4fd87e32345680feebe1f62519a952419ed5b732ab96a06da2b5a944,9a861e52eb8c79f9f7443fa54c85c152db62a6b3b9c7ef182b38593a5abb11e6,9a861e52eb8c79f9f7443fa54c85c152db62a6b3b9c7ef182b38593a5abb11e6
420026,0.008333333333333333,0.25,240,True,True,"[72, 9, 248, 95, 127, 249, 201, 203, 84, 91, 70, 194, 107, 161, 3, 53, 216, 236, 134, 139, 114, 157, 98, 108, 56, 12, 47, 174, 169, 78, 80, 228, 48, 87, 120, 244, 183, 74, 225, 226, 90, 101, 199, 209, 188, 117, 146, 212, 58, 64, 202, 16, 116, 230, 184, 195, 22, 99, 229, 129, 63, 137, 119, 154, 37, 252, 69, 28, 105, 79, 254, 32, 190, 172, 17, 44, 92, 220, 109, 151, 122, 197, 196, 187, 81, 39, 121, 0, 192, 163, 156, 180, 218, 164, 133, 191, 50, 231, 75, 205, 7, 233, 124, 6, 31, 51, 57, 210, 88, 165, 242, 52, 110, 168, 13, 38, 175, 177, 46, 20, 10, 29, 82, 176, 11, 251, 60, 132, 77, 85, 26, 73, 15, 71, 126, 112, 113, 166, 213, 224, 123, 131, 158, 227, 178, 239, 55, 96, 45, 111, 200, 106, 238, 193, 155, 232, 206, 148, 104, 150, 152, 43, 160, 240, 241, 222, 198, 147, 153, 8, 24, 247, 18, 36, 207, 4, 141, 140, 5, 115, 181, 40, 145, 243, 21, 83, 162, 234, 235, 23, 144, 41, 170, 135, 94, 30, 33, 255, 171, 142, 125, 2, 159, 76, 149, 179, 173, 35, 14, 66, 62, 217, 54, 245, 246, 27, 118, 97, 185, 89, 42, 128, 103, 93, 186, 67, 86, 102, 250, 208, 215, 59, 204, 130, 138, 61, 211, 223, 68, 167, 136, 25, 19, 237, 100, 182, 219, 214, 221, 1, 143, 189, 253, 34, 49, 65]",c8728b1cb63c796a622f38001a8e8ee4a8424e73be5a27337b66d1365f43aac4,095f38825a744d862d0710df3a2d7ba54d1728985d3c9c8a50b0a6bb8552309e,095f38825a744d862d0710df3a2d7ba54d1728985d3c9c8a50b0a6bb8552309e
420026,0.008333333333333333,0.5,240,True,True,"[101, 28, 83, 70, 217, 123, 213, 193, 33, 110, 49, 36, 252, 166, 59, 147, 192, 102, 115, 27, 180, 100, 174, 4, 95, 133, 64, 163, 245, 176, 227, 47, 86, 218, 144, 120, 130, 141, 233, 93, 22, 237, 2, 253, 111, 88, 143, 224, 194, 157, 126, 45, 156, 201, 62, 214, 50, 251, 11, 188, 134, 128, 23, 106, 243, 60, 37, 225, 187, 114, 91, 3, 96, 162, 61, 72, 186, 184, 199, 185, 13, 137, 220, 54, 255, 155, 150, 197, 10, 153, 189, 196, 249, 53, 55, 39, 81, 127, 138, 8, 204, 202, 236, 107, 17, 116, 124, 71, 211, 207, 248, 178, 164, 208, 172, 0, 6, 57, 230, 46, 84, 67, 210, 209, 242, 24, 26, 68, 140, 132, 154, 56, 76, 171, 145, 7, 238, 239, 247, 103, 99, 30, 198, 169, 129, 215, 65, 160, 20, 34, 40, 142, 19, 135, 77, 190, 82, 12, 195, 191, 18, 240, 246, 212, 94, 219, 25, 228, 43, 254, 98, 52, 136, 112, 222, 151, 177, 241, 109, 168, 183, 80, 73, 31, 182, 38, 159, 16, 200, 58, 87, 1, 117, 21, 216, 148, 89, 66, 231, 158, 105, 122, 203, 51, 44, 235, 221, 97, 108, 125, 63, 79, 32, 104, 119, 74, 9, 223, 121, 131, 139, 146, 118, 205, 229, 14, 170, 35, 42, 29, 179, 113, 161, 152, 92, 5, 41, 165, 48, 78, 75, 69, 226, 250, 181, 232, 206, 234, 167, 85, 175, 149, 173, 15, 244, 90]",5693b9971ae5876315aa379ab863c4060bd308ca52ca946691e6bb1ec4c7f398,e11c1b0c38f65d944b1b9368df049ba2b7d171250e38b6966f3904e428626241,e11c1b0c38f65d944b1b9368df049ba2b7d171250e38b6966f3904e428626241
420026,0.008333333333333333,0.75,240,True,True,"[151, 229, 172, 15, 69, 33, 152, 85, 38, 238, 214, 81, 185, 7, 42, 115, 19, 150, 245, 84, 36, 49, 173, 134, 6, 5, 224, 74, 236, 13, 127, 52, 205, 141, 148, 131, 249, 87, 116, 239, 252, 48, 227, 160, 60, 165, 163, 18, 65, 147, 53, 137, 159, 83, 63, 146, 98, 119, 2, 208, 88, 171, 180, 128, 122, 217, 39, 10, 80, 187, 232, 9, 145, 45, 179, 138, 133, 59, 94, 106, 198, 233, 215, 184, 11, 222, 244, 201, 207, 20, 174, 46, 203, 77, 61, 68, 255, 99, 192, 135, 169, 109, 186, 118, 191, 1, 225, 89, 228, 188, 64, 57, 211, 90, 153, 132, 14, 47, 79, 175, 167, 76, 240, 16, 220, 114, 101, 210, 246, 62, 71, 70, 195, 155, 8, 22, 32, 66, 29, 125, 243, 92, 219, 162, 72, 21, 107, 183, 26, 0, 121, 96, 202, 120, 237, 178, 30, 17, 34, 149, 31, 221, 124, 196, 123, 218, 168, 93, 254, 235, 51, 226, 102, 231, 197, 193, 78, 82, 158, 108, 154, 97, 40, 182, 44, 95, 54, 75, 37, 143, 176, 12, 181, 100, 213, 136, 206, 241, 144, 209, 41, 25, 190, 104, 24, 199, 73, 142, 253, 156, 58, 234, 23, 139, 35, 130, 91, 56, 55, 223, 177, 28, 189, 204, 129, 164, 140, 67, 126, 113, 250, 230, 112, 86, 117, 251, 157, 248, 105, 194, 242, 170, 247, 43, 4, 111, 216, 212, 166, 200, 27, 50, 103, 161, 110, 3]",81ae46e06b63b64c7d8946e8513a94c39c1cb922c3636907c244a7bd25b9bbc1,816fe9edd231d276f4a0b274d9752ad2740b787b63163d8f8d8a4c2af3644e31,816fe9edd231d276f4a0b274d9752ad2740b787b63163d8f8d8a4c2af3644e31
420026,0.025,0.25,240,True,True,"[90, 167, 80, 101, 24, 205, 155, 112, 54, 231, 143, 126, 103, 16, 86, 7, 4, 109, 134, 8, 240, 200, 76, 150, 35, 118, 1, 128, 190, 52, 44, 173, 233, 20, 236, 241, 125, 27, 10, 172, 53, 15, 149, 74, 187, 169, 255, 185, 175, 68, 136, 252, 72, 196, 41, 151, 115, 145, 211, 179, 238, 142, 192, 163, 204, 153, 100, 37, 117, 5, 178, 45, 67, 71, 243, 9, 28, 186, 225, 193, 229, 32, 22, 209, 34, 106, 232, 60, 97, 195, 138, 123, 48, 85, 49, 64, 146, 216, 65, 50, 46, 214, 83, 122, 31, 253, 102, 201, 56, 218, 171, 237, 140, 108, 188, 99, 36, 51, 29, 182, 157, 98, 189, 139, 111, 137, 79, 70, 87, 88, 160, 244, 221, 210, 159, 223, 2, 84, 203, 224, 124, 202, 254, 26, 30, 239, 234, 59, 113, 247, 248, 39, 94, 75, 25, 47, 120, 14, 129, 228, 91, 58, 226, 219, 21, 191, 13, 199, 135, 33, 215, 206, 127, 162, 132, 197, 161, 104, 119, 207, 184, 141, 11, 116, 92, 42, 246, 19, 73, 144, 93, 170, 63, 148, 152, 235, 208, 168, 96, 66, 17, 250, 156, 166, 212, 114, 181, 242, 61, 133, 154, 110, 6, 40, 213, 230, 121, 147, 12, 158, 177, 194, 23, 245, 220, 165, 107, 43, 57, 18, 176, 164, 131, 62, 81, 198, 78, 95, 89, 249, 251, 183, 0, 217, 38, 130, 222, 105, 3, 227, 55, 180, 77, 174, 69, 82]",49ba478162d2f007486acfa66d386d108fb0679da1ee3ae441eed108050bc166,07e6c974a6c4968a85758b66ec19247b69ed315e997d15f63a02edd199c58dda,07e6c974a6c4968a85758b66ec19247b69ed315e997d15f63a02edd199c58dda
420026,0.025,0.5,240,True,True,"[211, 43, 1, 157, 236, 47, 23, 51, 245, 161, 255, 207, 14, 33, 240, 242, 88, 75, 160, 147, 50, 152, 145, 94, 179, 184, 141, 84, 108, 237, 12, 200, 218, 5, 243, 192, 89, 42, 177, 85, 249, 27, 253, 128, 254, 180, 100, 101, 176, 71, 133, 86, 158, 96, 194, 182, 90, 112, 199, 221, 93, 109, 130, 162, 205, 113, 219, 234, 45, 125, 140, 244, 120, 2, 138, 102, 64, 214, 216, 248, 48, 3, 97, 117, 171, 35, 168, 72, 31, 87, 39, 156, 206, 135, 34, 36, 110, 246, 67, 183, 195, 217, 220, 252, 143, 163, 167, 105, 17, 69, 55, 70, 229, 91, 232, 233, 65, 41, 61, 38, 111, 40, 114, 59, 121, 4, 196, 74, 231, 247, 198, 148, 134, 115, 77, 165, 32, 57, 169, 250, 208, 126, 187, 188, 11, 213, 73, 190, 98, 164, 106, 149, 174, 251, 37, 66, 146, 95, 76, 80, 15, 153, 189, 223, 16, 131, 13, 139, 203, 0, 144, 201, 137, 150, 107, 116, 170, 30, 212, 181, 62, 215, 202, 20, 118, 173, 6, 78, 191, 104, 7, 122, 186, 83, 185, 166, 9, 58, 49, 241, 52, 159, 238, 10, 119, 136, 46, 178, 228, 8, 204, 63, 82, 92, 60, 123, 26, 193, 239, 53, 230, 99, 25, 54, 197, 224, 19, 18, 103, 132, 44, 235, 81, 155, 226, 172, 151, 79, 21, 175, 222, 227, 28, 142, 24, 22, 210, 68, 225, 154, 56, 124, 209, 29, 127, 129]",51c153d20ed72b797eef16eaa1d0933799de77ae02ecc3875bbe5ffddfb66f12,cfd2cb93234b4bf81f79ef3206eecdf58fecdd66d366d27b07222ea01681bb4d,cfd2cb93234b4bf81f79ef3206eecdf58fecdd66d366d27b07222ea01681bb4d
420026,0.025,0.75,240,True,True,"[199, 87, 94, 95, 158, 126, 39, 217, 241, 191, 84, 45, 243, 135, 56, 97, 35, 142, 48, 110, 210, 11, 32, 64, 251, 19, 149, 198, 105, 31, 215, 253, 69, 238, 177, 103, 208, 120, 6, 13, 249, 183, 62, 96, 3, 93, 50, 154, 76, 205, 92, 109, 36, 18, 150, 101, 174, 80, 51, 129, 156, 248, 138, 212, 197, 216, 196, 190, 178, 193, 112, 115, 187, 5, 132, 70, 137, 49, 247, 90, 89, 164, 24, 185, 161, 27, 122, 41, 207, 20, 81, 235, 21, 9, 234, 209, 16, 102, 72, 201, 106, 148, 99, 65, 4, 33, 146, 85, 155, 163, 151, 37, 47, 125, 83, 23, 79, 159, 124, 237, 71, 100, 121, 0, 188, 192, 14, 219, 108, 55, 57, 133, 82, 176, 86, 252, 127, 182, 242, 128, 233, 43, 202, 245, 17, 38, 180, 117, 162, 61, 119, 211, 189, 46, 78, 111, 231, 113, 204, 175, 104, 134, 40, 214, 118, 66, 240, 10, 222, 244, 145, 77, 246, 1, 226, 203, 139, 147, 54, 60, 250, 200, 140, 29, 255, 239, 170, 179, 73, 172, 166, 169, 123, 236, 173, 74, 63, 91, 75, 25, 160, 52, 194, 218, 22, 136, 152, 221, 130, 58, 7, 30, 167, 171, 131, 228, 153, 144, 168, 223, 143, 15, 227, 44, 8, 53, 232, 224, 26, 67, 12, 141, 88, 59, 229, 220, 28, 2, 116, 165, 98, 254, 114, 206, 157, 181, 42, 225, 107, 213, 34, 184, 68, 230, 195, 186]",4fed32b17779420f759a5edd2bb6fc11b473af255ad8e7047885c8d480973fc7,c1915ffd5a71e51ac389f7f645b0348e067f1b3fb4d0ea11c725e507185b3404,c1915ffd5a71e51ac389f7f645b0348e067f1b3fb4d0ea11c725e507185b3404
420027,0.004166666666666667,0.25,240,True,True,"[179, 228, 40, 100, 250, 175, 16, 12, 222, 93, 126, 139, 42, 212, 51, 180, 167, 54, 26, 32, 120, 58, 53, 55, 107, 62, 115, 239, 190, 233, 218, 132, 69, 253, 23, 123, 52, 35, 208, 27, 140, 237, 43, 142, 22, 99, 205, 83, 148, 80, 251, 70, 105, 240, 36, 102, 87, 38, 216, 246, 138, 243, 197, 4, 110, 160, 189, 198, 162, 151, 153, 113, 17, 152, 157, 202, 232, 50, 176, 193, 19, 155, 211, 124, 29, 10, 114, 252, 25, 118, 235, 168, 234, 210, 187, 161, 6, 8, 90, 28, 82, 154, 249, 104, 214, 203, 191, 131, 24, 7, 171, 209, 231, 188, 194, 46, 14, 41, 185, 192, 147, 172, 144, 101, 63, 15, 9, 44, 91, 59, 169, 244, 236, 242, 133, 227, 177, 34, 57, 21, 20, 245, 66, 221, 206, 33, 229, 241, 103, 81, 116, 121, 149, 125, 196, 220, 95, 195, 181, 77, 215, 98, 106, 173, 226, 78, 159, 230, 166, 184, 183, 67, 84, 49, 56, 47, 128, 170, 217, 76, 92, 2, 219, 129, 174, 48, 150, 207, 65, 225, 94, 135, 117, 141, 97, 156, 119, 137, 18, 30, 96, 163, 88, 145, 13, 182, 74, 200, 71, 89, 223, 247, 224, 165, 3, 111, 109, 39, 1, 255, 5, 127, 37, 146, 0, 134, 136, 122, 45, 186, 201, 143, 158, 112, 108, 61, 79, 238, 68, 11, 204, 254, 199, 75, 86, 130, 64, 85, 31, 164, 178, 60, 73, 213, 72, 248]",3c037920f1e6b23f2e2ac945671c0c0a187f3e99ee9b79dcdf7b067fc2363a4e,ba5c75dec20097d036947a3be18f3bc86734535dc220ca9f5275bbc94ee07154,ba5c75dec20097d036947a3be18f3bc86734535dc220ca9f5275bbc94ee07154
420027,0.004166666666666667,0.5,240,True,True,"[192, 0, 126, 2, 57, 125, 253, 149, 101, 107, 24, 244, 246, 49, 186, 37, 137, 26, 155, 98, 150, 243, 180, 109, 169, 92, 213, 210, 122, 46, 148, 170, 105, 229, 14, 179, 206, 102, 60, 16, 76, 112, 183, 31, 167, 97, 181, 4, 128, 73, 67, 75, 113, 114, 185, 44, 212, 144, 139, 28, 18, 8, 147, 143, 38, 184, 158, 103, 81, 27, 146, 138, 12, 48, 152, 209, 1, 196, 171, 251, 66, 203, 226, 91, 43, 162, 201, 250, 228, 160, 9, 173, 165, 248, 218, 63, 69, 3, 177, 42, 200, 202, 62, 190, 79, 29, 90, 254, 111, 40, 225, 56, 33, 214, 20, 151, 204, 124, 64, 47, 154, 17, 6, 140, 255, 39, 195, 68, 55, 208, 5, 50, 163, 252, 166, 84, 224, 217, 87, 72, 85, 174, 153, 241, 32, 238, 240, 70, 247, 23, 182, 223, 83, 132, 135, 234, 80, 156, 193, 134, 30, 191, 58, 239, 233, 187, 164, 10, 71, 22, 221, 13, 205, 211, 108, 59, 19, 77, 227, 194, 249, 65, 100, 36, 35, 106, 95, 115, 120, 176, 104, 54, 130, 110, 197, 168, 119, 220, 96, 99, 159, 189, 235, 178, 21, 15, 129, 145, 11, 86, 52, 117, 118, 188, 74, 141, 133, 88, 45, 127, 142, 199, 219, 157, 198, 161, 136, 61, 82, 242, 94, 78, 25, 207, 175, 123, 93, 89, 237, 131, 7, 51, 216, 222, 53, 34, 215, 41, 232, 245, 116, 121, 236, 231, 172, 230]",5397da94fd83a91122a455781777ca3a372d89a3a1e58a9016bd2be858f1ae1e,08e73da259cc417a1753e9004d5ddf4e4d8f0076eb00a5b08d7731d2557ad050,08e73da259cc417a1753e9004d5ddf4e4d8f0076eb00a5b08d7731d2557ad050
420027,0.004166666666666667,0.75,240,True,True,"[10, 158, 7, 48, 130, 227, 47, 186, 2, 237, 140, 213, 199, 137, 22, 211, 95, 54, 97, 146, 103, 234, 219, 179, 75, 248, 40, 38, 175, 69, 89, 93, 220, 138, 90, 13, 155, 209, 81, 198, 65, 246, 85, 114, 208, 78, 1, 134, 224, 144, 28, 49, 249, 126, 167, 218, 116, 252, 102, 160, 107, 152, 109, 190, 139, 45, 100, 64, 156, 236, 170, 59, 131, 195, 215, 229, 205, 106, 46, 113, 184, 36, 12, 8, 253, 105, 21, 84, 55, 159, 233, 115, 124, 129, 73, 35, 254, 203, 31, 91, 136, 214, 226, 51, 165, 4, 201, 92, 238, 185, 3, 235, 192, 6, 221, 67, 173, 0, 18, 145, 250, 30, 163, 82, 172, 62, 149, 174, 133, 68, 70, 153, 161, 162, 231, 122, 63, 222, 72, 52, 151, 117, 212, 147, 118, 187, 204, 87, 26, 166, 135, 86, 25, 29, 17, 176, 83, 32, 88, 197, 121, 217, 104, 210, 16, 14, 34, 128, 108, 41, 71, 127, 169, 39, 188, 191, 240, 125, 180, 202, 58, 183, 15, 101, 76, 56, 171, 99, 247, 168, 53, 242, 79, 119, 141, 232, 225, 251, 239, 5, 50, 142, 154, 241, 33, 181, 223, 37, 123, 94, 196, 150, 24, 80, 207, 157, 23, 177, 42, 148, 110, 182, 112, 243, 111, 194, 143, 178, 27, 57, 206, 20, 132, 98, 216, 230, 164, 96, 60, 228, 120, 74, 244, 11, 19, 43, 44, 9, 189, 200, 245, 255, 61, 193, 77, 66]",f00fad81c90cc698e96b943a8b61bc9b30bf8b28dc8ace760707a49db312579b,67b383ef352dd46d684f169a5ad58b48c881a29d0dd92fd7cc36bdbaa19eae57,67b383ef352dd46d684f169a5ad58b48c881a29d0dd92fd7cc36bdbaa19eae57
420027,0.008333333333333333,0.25,240,True,True,"[76, 170, 31, 179, 166, 126, 40, 123, 74, 248, 162, 112, 85, 242, 206, 14, 244, 143, 163, 67, 216, 9, 129, 229, 220, 161, 230, 106, 51, 200, 221, 98, 63, 201, 172, 47, 160, 29, 20, 155, 203, 96, 240, 181, 62, 137, 103, 90, 10, 150, 210, 187, 34, 39, 19, 138, 7, 235, 61, 124, 38, 113, 49, 177, 255, 174, 48, 214, 78, 212, 125, 2, 37, 102, 169, 80, 211, 231, 135, 17, 195, 136, 141, 198, 53, 228, 5, 171, 21, 127, 72, 199, 84, 217, 6, 128, 116, 91, 77, 184, 173, 122, 180, 27, 81, 79, 107, 188, 189, 25, 117, 45, 93, 43, 35, 41, 121, 232, 139, 132, 22, 69, 223, 120, 108, 68, 159, 15, 164, 13, 247, 234, 205, 151, 202, 249, 55, 182, 250, 154, 186, 140, 209, 111, 243, 215, 60, 58, 24, 26, 152, 56, 75, 28, 253, 64, 57, 65, 42, 204, 52, 83, 183, 92, 149, 241, 33, 16, 227, 50, 133, 196, 208, 87, 4, 23, 59, 176, 192, 130, 222, 119, 115, 236, 157, 147, 104, 252, 190, 54, 165, 18, 89, 105, 239, 11, 131, 237, 8, 118, 44, 97, 73, 12, 114, 219, 193, 153, 146, 158, 30, 251, 95, 3, 197, 1, 185, 167, 213, 254, 233, 156, 224, 246, 0, 238, 32, 144, 134, 86, 88, 168, 194, 46, 110, 218, 100, 36, 70, 175, 226, 245, 148, 94, 178, 225, 66, 99, 145, 71, 101, 191, 109, 142, 82, 207]",cb49a52bcd477f4951fdfcbe195353c09e88c6620b20b25017432b2aa8b25227,74fddbe1d413605a48cc3a5823be52f1a0c37b1164924258c4880976528e8d4a,74fddbe1d413605a48cc3a5823be52f1a0c37b1164924258c4880976528e8d4a
420027,0.008333333333333333,0.5,240,True,True,"[179, 221, 194, 109, 119, 51, 21, 72, 138, 80, 196, 95, 227, 3, 20, 145, 108, 245, 65, 6, 192, 115, 31, 88, 255, 113, 215, 16, 209, 155, 13, 63, 33, 234, 106, 47, 101, 58, 117, 131, 212, 229, 141, 83, 129, 11, 242, 207, 2, 230, 223, 246, 144, 180, 39, 50, 222, 235, 136, 169, 79, 40, 56, 189, 102, 232, 156, 49, 183, 125, 60, 228, 248, 5, 70, 96, 172, 239, 166, 202, 104, 61, 188, 236, 250, 178, 197, 162, 127, 241, 163, 87, 98, 126, 8, 252, 204, 220, 158, 45, 142, 159, 29, 14, 150, 112, 17, 171, 100, 90, 59, 124, 75, 55, 195, 62, 174, 120, 184, 32, 161, 91, 201, 93, 170, 226, 148, 4, 208, 38, 122, 7, 153, 244, 54, 24, 253, 42, 69, 128, 130, 28, 149, 206, 254, 111, 152, 175, 81, 193, 214, 114, 134, 34, 247, 151, 36, 182, 218, 199, 210, 121, 240, 237, 203, 15, 74, 66, 160, 165, 77, 211, 154, 10, 12, 44, 224, 157, 26, 23, 219, 46, 85, 118, 92, 82, 191, 9, 71, 37, 0, 173, 67, 181, 68, 147, 139, 200, 213, 25, 146, 217, 89, 84, 35, 22, 135, 185, 103, 132, 107, 187, 168, 110, 57, 27, 176, 105, 97, 143, 30, 238, 48, 78, 233, 19, 140, 64, 76, 177, 99, 52, 86, 198, 123, 205, 225, 249, 216, 94, 133, 137, 251, 190, 186, 164, 167, 41, 1, 231, 243, 116, 73, 53, 18, 43]",538b16ccefeef7de5ed4cebc4d828b2b1295ace3a9ad001fa32c49678ca4ff96,6daf6297f55be5fe713d5981c373923799c81f639c2122264c54508528a36257,6daf6297f55be5fe713d5981c373923799c81f639c2122264c54508528a36257
420027,0.008333333333333333,0.75,240,True,True,"[125, 25, 115, 140, 235, 124, 179, 134, 41, 230, 201, 206, 27, 244, 149, 215, 222, 214, 146, 174, 220, 121, 154, 24, 93, 224, 139, 9, 186, 135, 105, 136, 103, 185, 183, 126, 250, 80, 66, 122, 165, 42, 5, 194, 79, 38, 159, 119, 161, 35, 204, 83, 39, 207, 81, 61, 171, 49, 233, 166, 71, 141, 30, 74, 197, 190, 191, 56, 97, 153, 181, 63, 217, 109, 212, 237, 17, 160, 196, 65, 158, 195, 226, 209, 199, 86, 3, 11, 231, 150, 130, 53, 91, 57, 200, 78, 45, 112, 76, 10, 51, 236, 64, 189, 52, 218, 157, 111, 203, 169, 145, 47, 28, 155, 60, 114, 168, 232, 172, 223, 89, 62, 120, 12, 178, 205, 100, 192, 246, 229, 0, 50, 106, 240, 46, 187, 73, 144, 198, 67, 234, 6, 22, 31, 247, 32, 96, 4, 117, 94, 137, 123, 182, 162, 85, 7, 216, 23, 26, 176, 19, 128, 211, 245, 248, 75, 142, 173, 40, 58, 101, 1, 254, 43, 202, 102, 252, 14, 210, 255, 33, 2, 108, 20, 127, 70, 133, 151, 213, 156, 138, 55, 131, 184, 208, 163, 116, 82, 241, 90, 249, 104, 16, 72, 164, 37, 221, 227, 68, 36, 238, 59, 251, 177, 132, 228, 113, 69, 18, 21, 167, 219, 99, 87, 188, 152, 253, 239, 77, 34, 107, 118, 143, 8, 180, 148, 175, 15, 54, 88, 44, 243, 95, 110, 92, 170, 13, 29, 98, 129, 242, 193, 48, 84, 225, 147]",10a99ee1bddf17fba799d210bf40c766d4218b206ad09ad6de08f27c958872a7,ce22cc535b2f3041c97f7c4b66b9087a15e08a56c3be4c8f79db6bec6c085a19,ce22cc535b2f3041c97f7c4b66b9087a15e08a56c3be4c8f79db6bec6c085a19
420027,0.025,0.25,240,True,True,"[110, 11, 117, 128, 158, 104, 97, 141, 217, 203, 71, 91, 157, 227, 3, 27, 139, 31, 174, 241, 229, 83, 41, 64, 18, 48, 154, 209, 51, 86, 69, 133, 211, 183, 147, 197, 38, 126, 7, 230, 164, 101, 47, 231, 182, 245, 234, 68, 112, 32, 6, 148, 244, 102, 204, 184, 238, 74, 118, 155, 198, 255, 137, 88, 165, 57, 185, 62, 58, 173, 25, 186, 59, 50, 40, 114, 250, 225, 46, 194, 249, 16, 145, 15, 37, 226, 201, 116, 29, 193, 178, 195, 156, 52, 87, 14, 237, 79, 0, 94, 246, 210, 232, 140, 166, 35, 103, 89, 122, 135, 223, 218, 99, 108, 60, 132, 65, 80, 22, 39, 129, 242, 107, 149, 179, 191, 17, 172, 106, 162, 127, 199, 66, 212, 43, 12, 160, 10, 130, 248, 125, 121, 136, 24, 176, 167, 21, 36, 9, 214, 196, 216, 161, 177, 221, 243, 208, 240, 142, 72, 181, 5, 73, 175, 8, 85, 120, 19, 205, 144, 213, 252, 81, 222, 55, 13, 90, 187, 131, 70, 28, 192, 63, 76, 33, 207, 53, 188, 113, 42, 236, 224, 67, 239, 169, 146, 20, 235, 123, 200, 233, 153, 134, 253, 115, 23, 95, 111, 61, 150, 254, 44, 189, 49, 171, 119, 109, 163, 45, 77, 2, 105, 56, 206, 168, 228, 78, 143, 1, 92, 82, 180, 170, 151, 215, 220, 251, 75, 159, 84, 4, 34, 54, 219, 138, 247, 202, 124, 190, 152, 96, 98, 30, 26, 93, 100]",dfdabe286089a1c60160624ffea7d2f6e968d751c5c2e77cdb6f12ac8a02d2e4,53a812702c871e3fcbb93d252a99b94eac1b968d97e806dc3ebc0f46db91d702,53a812702c871e3fcbb93d252a99b94eac1b968d97e806dc3ebc0f46db91d702
420027,0.025,0.5,240,True,True,"[38, 190, 93, 5, 199, 181, 215, 131, 253, 58, 156, 170, 87, 182, 230, 111, 61, 120, 2, 23, 247, 204, 219, 238, 107, 96, 27, 216, 173, 153, 76, 81, 16, 4, 7, 121, 69, 135, 192, 91, 117, 98, 159, 75, 109, 224, 203, 221, 185, 104, 231, 105, 103, 144, 62, 12, 102, 229, 158, 31, 44, 184, 147, 26, 28, 212, 211, 86, 248, 160, 97, 129, 236, 46, 89, 150, 169, 40, 116, 126, 178, 180, 187, 24, 123, 84, 241, 78, 68, 64, 154, 110, 237, 177, 113, 50, 234, 92, 240, 210, 0, 194, 9, 48, 162, 22, 47, 228, 127, 32, 6, 146, 138, 137, 83, 49, 14, 19, 72, 213, 196, 141, 77, 115, 108, 119, 43, 172, 200, 166, 54, 128, 208, 70, 136, 114, 161, 220, 174, 197, 206, 202, 88, 100, 35, 118, 151, 17, 65, 175, 95, 249, 39, 56, 254, 79, 8, 218, 34, 252, 21, 52, 149, 33, 82, 214, 244, 255, 198, 189, 66, 25, 3, 155, 125, 176, 142, 232, 226, 227, 143, 74, 205, 152, 112, 29, 167, 106, 67, 243, 163, 179, 63, 223, 217, 171, 20, 1, 59, 207, 37, 239, 235, 188, 122, 71, 13, 133, 222, 60, 251, 191, 183, 157, 124, 168, 139, 42, 85, 94, 57, 132, 140, 209, 225, 148, 10, 134, 15, 130, 245, 73, 193, 36, 45, 99, 30, 201, 101, 246, 80, 90, 195, 242, 186, 164, 11, 165, 145, 55, 18, 250, 41, 53, 233, 51]",5b4985de30c91a438864b3c41d879adbd3fd61b6a2b8a9c0929325cf5172747f,3bcedab1483bef4cdfd82759d5b6a288c87c2c629a8329a87be0198dbac3d6f3,3bcedab1483bef4cdfd82759d5b6a288c87c2c629a8329a87be0198dbac3d6f3
420027,0.025,0.75,240,True,True,"[252, 108, 172, 121, 174, 58, 166, 25, 69, 198, 2, 54, 151, 249, 163, 5, 89, 124, 250, 30, 159, 107, 131, 32, 240, 180, 218, 168, 41, 56, 208, 232, 239, 255, 184, 199, 81, 61, 150, 188, 190, 222, 193, 254, 142, 158, 162, 216, 253, 97, 84, 221, 129, 153, 43, 88, 85, 77, 87, 78, 231, 91, 36, 62, 237, 178, 72, 60, 181, 12, 145, 128, 68, 40, 135, 99, 74, 206, 24, 182, 125, 160, 103, 224, 130, 33, 223, 44, 31, 94, 243, 196, 70, 46, 219, 144, 119, 234, 205, 202, 27, 143, 183, 53, 225, 73, 137, 200, 83, 111, 169, 120, 228, 96, 233, 48, 35, 75, 105, 11, 209, 161, 76, 210, 176, 98, 63, 154, 156, 191, 55, 95, 134, 7, 86, 4, 16, 1, 177, 26, 23, 185, 114, 238, 244, 157, 246, 51, 19, 201, 57, 235, 90, 118, 220, 149, 229, 100, 242, 212, 213, 37, 79, 148, 127, 59, 126, 195, 245, 217, 248, 123, 110, 65, 34, 109, 165, 67, 207, 101, 122, 106, 141, 71, 197, 64, 38, 186, 28, 22, 187, 8, 113, 29, 132, 175, 171, 20, 80, 102, 39, 140, 45, 92, 50, 204, 147, 226, 117, 230, 93, 9, 17, 21, 251, 82, 133, 13, 203, 215, 112, 47, 136, 211, 104, 241, 18, 0, 146, 192, 227, 49, 236, 42, 115, 6, 173, 155, 3, 52, 15, 152, 167, 14, 194, 138, 179, 164, 10, 247, 170, 116, 214, 66, 189, 139]",9e7d632993ab4ac94ef1c071e3730d97b0914d0efc73bd015523cb739b18c8f7,11e84bfb2b1be35b98f381261451a08c5bd9b942bb26b64287120263b45a2800,11e84bfb2b1be35b98f381261451a08c5bd9b942bb26b64287120263b45a2800
420028,0.004166666666666667,0.25,240,True,True,"[46, 0, 230, 250, 96, 255, 108, 191, 99, 186, 37, 142, 160, 38, 184, 246, 89, 61, 9, 248, 23, 68, 196, 251, 236, 157, 167, 238, 79, 159, 26, 140, 146, 75, 70, 4, 172, 120, 24, 183, 65, 73, 106, 83, 53, 42, 100, 32, 17, 6, 213, 212, 50, 240, 125, 205, 47, 224, 221, 128, 25, 207, 228, 242, 13, 243, 252, 185, 175, 49, 97, 214, 176, 217, 115, 102, 58, 235, 129, 222, 34, 107, 1, 103, 202, 165, 2, 5, 20, 161, 141, 22, 223, 31, 132, 35, 44, 233, 92, 119, 131, 94, 121, 209, 189, 78, 158, 226, 193, 111, 33, 91, 21, 14, 190, 88, 249, 45, 105, 134, 109, 126, 30, 118, 139, 16, 133, 52, 232, 143, 215, 178, 54, 36, 219, 127, 27, 201, 195, 29, 199, 84, 174, 253, 179, 241, 244, 204, 153, 164, 15, 72, 216, 28, 227, 82, 59, 211, 11, 93, 87, 138, 40, 71, 170, 194, 48, 182, 64, 229, 76, 66, 166, 187, 151, 162, 154, 60, 145, 110, 117, 55, 135, 98, 114, 136, 86, 137, 95, 245, 7, 19, 197, 220, 203, 112, 57, 155, 10, 8, 181, 168, 200, 163, 41, 122, 104, 169, 180, 80, 231, 237, 156, 152, 56, 69, 113, 63, 144, 130, 81, 239, 12, 18, 101, 218, 177, 149, 51, 74, 254, 85, 225, 77, 210, 171, 90, 234, 208, 148, 124, 173, 188, 116, 192, 150, 147, 198, 247, 43, 206, 123, 67, 39, 3, 62]",3af953a24dca3105681b0655cac682f679f0dc5f0bfcc0b65b80b281c35c6d7f,b85c200edacd576fd43db850fc2d48acadcd15b450968839bc8be1cc00513862,b85c200edacd576fd43db850fc2d48acadcd15b450968839bc8be1cc00513862
420028,0.004166666666666667,0.5,240,True,True,"[165, 134, 181, 40, 70, 226, 44, 48, 118, 180, 196, 159, 195, 193, 158, 173, 136, 85, 72, 3, 213, 34, 210, 205, 216, 99, 61, 231, 255, 238, 188, 69, 152, 39, 235, 254, 42, 246, 209, 132, 124, 94, 239, 144, 200, 73, 150, 224, 46, 16, 60, 32, 28, 79, 197, 164, 114, 21, 91, 141, 183, 6, 201, 174, 161, 25, 228, 88, 189, 17, 249, 51, 64, 219, 156, 192, 211, 109, 86, 11, 14, 103, 4, 77, 148, 204, 107, 57, 225, 241, 119, 56, 242, 160, 253, 90, 113, 12, 65, 100, 129, 95, 36, 198, 92, 163, 58, 168, 179, 33, 182, 186, 81, 220, 142, 93, 185, 244, 202, 27, 82, 234, 162, 75, 143, 123, 98, 230, 248, 31, 97, 176, 212, 128, 154, 251, 203, 187, 166, 66, 214, 171, 208, 2, 84, 67, 138, 133, 8, 126, 233, 215, 111, 221, 121, 177, 172, 20, 71, 102, 68, 26, 0, 199, 206, 243, 125, 63, 89, 117, 23, 250, 106, 184, 19, 22, 147, 29, 47, 116, 110, 13, 146, 157, 87, 137, 108, 15, 222, 54, 115, 223, 7, 76, 120, 83, 30, 59, 149, 45, 122, 52, 18, 245, 153, 49, 78, 169, 218, 55, 24, 9, 101, 10, 145, 127, 191, 236, 50, 175, 80, 43, 217, 140, 53, 232, 1, 38, 237, 104, 74, 178, 190, 170, 155, 5, 207, 112, 167, 105, 247, 130, 194, 151, 229, 41, 139, 37, 240, 252, 62, 131, 35, 227, 96, 135]",7ec48e5a4abaa66299b69326bd9faec2cd37109cd219bb1db755c2ab0ca5a934,4ded7e60cf533d58a1e4981fcea3e9cd964f4535063a5af061a264c195bda248,4ded7e60cf533d58a1e4981fcea3e9cd964f4535063a5af061a264c195bda248
420028,0.004166666666666667,0.75,240,True,True,"[198, 9, 176, 167, 155, 246, 4, 153, 150, 118, 141, 191, 125, 255, 128, 160, 65, 152, 237, 11, 158, 15, 86, 247, 25, 107, 249, 46, 60, 184, 8, 28, 78, 5, 175, 104, 44, 216, 90, 186, 49, 189, 32, 223, 30, 82, 76, 136, 91, 31, 206, 203, 193, 139, 252, 113, 102, 96, 45, 27, 131, 85, 120, 53, 236, 70, 62, 188, 138, 67, 61, 2, 244, 10, 115, 220, 50, 116, 222, 235, 230, 84, 133, 199, 169, 13, 227, 239, 19, 154, 26, 161, 95, 233, 121, 124, 134, 18, 34, 170, 127, 12, 111, 100, 103, 209, 109, 218, 35, 166, 21, 224, 204, 190, 142, 80, 114, 3, 92, 248, 238, 40, 137, 33, 181, 72, 56, 183, 163, 245, 117, 106, 74, 87, 38, 41, 232, 81, 178, 105, 0, 59, 126, 57, 63, 148, 228, 129, 16, 187, 226, 251, 146, 171, 214, 240, 219, 173, 119, 47, 55, 29, 205, 195, 140, 58, 123, 254, 97, 147, 37, 83, 215, 1, 24, 77, 229, 112, 99, 17, 243, 22, 23, 221, 145, 143, 207, 110, 130, 39, 174, 108, 6, 89, 51, 75, 231, 217, 250, 200, 165, 157, 201, 71, 210, 20, 194, 202, 211, 192, 94, 212, 79, 182, 241, 197, 151, 14, 156, 135, 132, 177, 36, 179, 144, 162, 159, 234, 213, 242, 180, 208, 43, 185, 164, 172, 52, 73, 196, 122, 149, 98, 42, 68, 54, 93, 64, 225, 48, 101, 7, 253, 168, 69, 88, 66]",d1b62b1ed978454b353bbe2e01219fc7e4758f67bea10915a0e383680093147c,5baaa73cd4410e927e6222f651f86cd8dbe0c2123b4972e2bfd8cb568ba581b3,5baaa73cd4410e927e6222f651f86cd8dbe0c2123b4972e2bfd8cb568ba581b3
420028,0.008333333333333333,0.25,240,True,True,"[70, 116, 20, 209, 67, 33, 236, 224, 225, 149, 71, 179, 217, 124, 254, 32, 242, 21, 95, 125, 55, 4, 100, 142, 1, 177, 81, 170, 86, 141, 252, 112, 111, 171, 211, 150, 10, 144, 123, 12, 28, 134, 206, 250, 118, 223, 62, 45, 251, 207, 129, 42, 57, 121, 31, 174, 14, 159, 188, 221, 240, 108, 7, 228, 238, 199, 103, 99, 51, 18, 241, 160, 46, 239, 197, 194, 23, 164, 233, 227, 193, 147, 63, 49, 172, 195, 128, 56, 167, 156, 253, 3, 204, 9, 203, 30, 230, 246, 109, 138, 53, 200, 175, 60, 205, 184, 165, 158, 127, 168, 163, 226, 22, 96, 66, 151, 202, 155, 215, 105, 187, 119, 101, 77, 182, 94, 173, 190, 73, 39, 79, 245, 120, 146, 37, 181, 69, 248, 237, 176, 64, 78, 97, 61, 50, 58, 169, 145, 34, 162, 43, 131, 54, 83, 88, 255, 185, 219, 234, 106, 180, 102, 13, 90, 48, 154, 218, 153, 208, 87, 157, 72, 68, 243, 36, 25, 59, 92, 89, 249, 191, 143, 40, 198, 213, 11, 2, 201, 136, 5, 140, 35, 186, 229, 29, 135, 8, 231, 19, 117, 137, 107, 220, 113, 132, 192, 17, 98, 76, 122, 91, 82, 104, 84, 44, 189, 139, 247, 110, 93, 148, 232, 38, 178, 0, 161, 210, 16, 115, 52, 212, 75, 244, 65, 85, 222, 80, 166, 126, 15, 74, 27, 133, 235, 130, 216, 214, 152, 41, 196, 114, 24, 183, 47, 26, 6]",cf79a0464f598e5baa054f08218e91a5ae072658bdf7fa720dc3b273637a82f0,88f2b4013f4a7734caf8d76126849675b4661da646c63938a974dd981c2d00b8,88f2b4013f4a7734caf8d76126849675b4661da646c63938a974dd981c2d00b8
420028,0.008333333333333333,0.5,240,True,True,"[100, 178, 235, 88, 5, 170, 75, 165, 144, 81, 72, 69, 114, 206, 39, 121, 15, 226, 67, 184, 115, 36, 102, 173, 208, 194, 203, 238, 85, 222, 199, 218, 169, 142, 205, 95, 188, 98, 182, 151, 91, 48, 191, 166, 76, 89, 247, 9, 17, 202, 24, 0, 223, 251, 134, 112, 155, 225, 77, 120, 230, 132, 79, 47, 105, 109, 125, 185, 198, 131, 171, 6, 19, 212, 107, 248, 157, 141, 250, 224, 156, 220, 242, 221, 66, 195, 162, 174, 55, 8, 181, 129, 32, 179, 122, 161, 83, 3, 42, 74, 197, 227, 243, 68, 37, 113, 92, 232, 163, 2, 148, 183, 137, 96, 38, 30, 50, 133, 28, 18, 180, 135, 123, 209, 150, 154, 23, 204, 246, 13, 167, 245, 249, 101, 186, 51, 239, 159, 54, 43, 149, 57, 152, 61, 255, 87, 59, 80, 126, 34, 118, 244, 4, 211, 110, 73, 106, 190, 27, 25, 94, 158, 29, 104, 143, 236, 97, 124, 108, 71, 60, 58, 145, 237, 189, 217, 70, 219, 45, 196, 14, 192, 210, 207, 52, 31, 234, 214, 119, 128, 22, 53, 193, 229, 136, 117, 146, 160, 153, 82, 10, 252, 44, 127, 1, 11, 241, 90, 164, 254, 65, 78, 233, 103, 216, 64, 20, 41, 177, 56, 21, 84, 187, 7, 99, 130, 49, 200, 231, 33, 228, 172, 175, 40, 116, 240, 147, 12, 213, 26, 168, 111, 93, 139, 201, 63, 138, 176, 62, 253, 215, 46, 35, 86, 140, 16]",dfab8d8d07455a705c5f718a58e8a14cb907033df3ef7d1be12eed8659ae8fd8,7b3b099133ec45c6c600c7d441c60ebcae5dc0bc85ca324701d71e4eca63342b,7b3b099133ec45c6c600c7d441c60ebcae5dc0bc85ca324701d71e4eca63342b
420028,0.008333333333333333,0.75,240,True,True,"[94, 221, 237, 96, 116, 25, 250, 208, 230, 46, 57, 62, 156, 82, 93, 142, 71, 23, 76, 174, 226, 113, 217, 28, 209, 210, 44, 225, 241, 13, 155, 148, 6, 233, 128, 211, 95, 216, 33, 173, 2, 227, 245, 199, 163, 101, 182, 151, 246, 20, 133, 3, 117, 129, 60, 231, 29, 55, 180, 158, 181, 19, 51, 10, 150, 81, 73, 52, 175, 189, 122, 102, 197, 109, 130, 178, 61, 0, 37, 54, 242, 190, 66, 252, 235, 9, 224, 176, 72, 83, 206, 11, 15, 183, 186, 4, 244, 43, 196, 168, 89, 157, 188, 184, 179, 213, 234, 50, 90, 32, 154, 152, 143, 134, 171, 45, 120, 223, 99, 53, 124, 70, 195, 170, 153, 77, 67, 41, 100, 8, 34, 17, 5, 111, 87, 64, 141, 38, 12, 215, 248, 222, 58, 59, 63, 214, 112, 200, 161, 91, 31, 136, 30, 56, 49, 198, 159, 203, 24, 194, 84, 254, 144, 172, 126, 14, 146, 36, 22, 162, 119, 42, 79, 192, 169, 160, 108, 251, 74, 1, 220, 16, 139, 39, 48, 69, 40, 219, 247, 201, 135, 21, 107, 115, 26, 165, 218, 138, 118, 207, 103, 204, 205, 232, 85, 92, 193, 104, 140, 212, 65, 88, 121, 47, 191, 253, 18, 97, 114, 228, 7, 98, 255, 68, 78, 240, 238, 164, 86, 132, 187, 27, 229, 177, 249, 35, 185, 236, 127, 147, 106, 243, 131, 110, 123, 145, 105, 149, 239, 166, 80, 202, 137, 167, 75, 125]",a70790d2dd415098d651c6466a3049078cbb9cb9034d1645b65fe0e39e4e3722,b88259a517aed7dc6f3b8a7abeb6efb7da28023fbd608fc8565cc61306223970,b88259a517aed7dc6f3b8a7abeb6efb7da28023fbd608fc8565cc61306223970
420028,0.025,0.25,240,True,True,"[238, 199, 191, 88, 244, 186, 237, 16, 141, 83, 201, 6, 82, 192, 172, 189, 17, 200, 159, 231, 251, 87, 245, 147, 56, 60, 193, 234, 226, 205, 102, 90, 108, 110, 112, 125, 0, 97, 230, 93, 146, 197, 118, 116, 223, 162, 51, 204, 195, 154, 8, 217, 34, 52, 41, 22, 229, 155, 243, 232, 132, 153, 233, 24, 95, 66, 101, 252, 150, 144, 221, 214, 248, 143, 142, 169, 12, 131, 50, 42, 151, 241, 188, 194, 176, 139, 98, 73, 106, 254, 124, 182, 203, 218, 145, 222, 69, 184, 15, 71, 5, 31, 64, 133, 137, 35, 240, 180, 80, 115, 127, 202, 213, 138, 121, 13, 117, 72, 25, 173, 107, 120, 136, 215, 175, 78, 170, 89, 148, 23, 178, 85, 181, 27, 250, 48, 94, 67, 219, 37, 190, 211, 104, 246, 59, 26, 53, 75, 255, 77, 79, 55, 156, 166, 165, 135, 74, 140, 21, 10, 36, 61, 225, 49, 68, 86, 185, 63, 158, 168, 196, 33, 235, 161, 152, 100, 99, 174, 177, 249, 29, 84, 2, 171, 167, 212, 126, 70, 43, 113, 179, 207, 157, 163, 134, 119, 91, 14, 20, 224, 111, 216, 92, 81, 54, 109, 62, 129, 160, 164, 209, 198, 206, 76, 7, 239, 228, 1, 18, 236, 9, 40, 38, 114, 208, 183, 58, 96, 128, 220, 57, 39, 105, 187, 227, 123, 28, 65, 253, 45, 130, 4, 46, 210, 44, 30, 122, 103, 11, 19, 247, 47, 242, 149, 32, 3]",68e8e65135326f1e2fe355ec3f9c52c074f7c16b00e2c227eaa3ff9b2ec85192,334364a0786233a96ffe2012fbed2488f72d37efb749d800e8908578d24fe409,334364a0786233a96ffe2012fbed2488f72d37efb749d800e8908578d24fe409
420028,0.025,0.5,240,True,True,"[205, 128, 73, 127, 213, 229, 93, 211, 147, 170, 22, 202, 184, 173, 209, 114, 240, 67, 186, 158, 5, 203, 31, 159, 98, 138, 200, 253, 148, 104, 119, 46, 197, 48, 2, 254, 132, 133, 78, 117, 53, 146, 177, 77, 20, 174, 134, 86, 198, 81, 27, 57, 36, 171, 248, 49, 218, 161, 207, 252, 155, 210, 129, 33, 199, 34, 25, 180, 135, 217, 50, 164, 188, 55, 94, 83, 160, 69, 206, 63, 8, 32, 121, 30, 204, 111, 68, 9, 149, 15, 21, 235, 105, 17, 193, 14, 125, 37, 175, 189, 224, 150, 241, 142, 223, 1, 44, 80, 185, 183, 108, 64, 7, 38, 109, 131, 144, 231, 154, 26, 72, 215, 136, 0, 113, 216, 222, 255, 90, 221, 124, 143, 65, 71, 220, 62, 195, 3, 249, 237, 152, 182, 151, 107, 192, 163, 39, 24, 234, 18, 4, 187, 70, 191, 194, 103, 233, 172, 89, 95, 10, 242, 244, 230, 41, 106, 169, 214, 227, 85, 139, 126, 29, 16, 42, 82, 74, 236, 226, 208, 120, 110, 97, 28, 23, 116, 141, 162, 137, 43, 51, 79, 239, 19, 201, 40, 47, 246, 12, 176, 251, 102, 225, 52, 130, 100, 245, 56, 6, 99, 228, 54, 165, 157, 250, 75, 238, 96, 156, 122, 181, 60, 58, 219, 166, 112, 140, 92, 84, 45, 13, 179, 61, 247, 35, 168, 91, 145, 66, 178, 59, 101, 196, 232, 212, 11, 167, 87, 118, 115, 243, 88, 76, 153, 190, 123]",ee437cc6082afd08688f448cb70b70870d847cc3c709efd0e4661e11c93bdf4a,7f6b098d5c9732d5f3b0103a4b16e4e0f837efd0bf091777aa7c52a03ad04756,7f6b098d5c9732d5f3b0103a4b16e4e0f837efd0bf091777aa7c52a03ad04756
420028,0.025,0.75,240,True,True,"[225, 132, 216, 144, 21, 14, 104, 23, 178, 32, 36, 25, 1, 234, 53, 238, 108, 123, 80, 61, 168, 203, 75, 233, 193, 50, 10, 119, 210, 182, 174, 217, 159, 245, 156, 15, 98, 43, 117, 97, 198, 138, 20, 67, 148, 120, 63, 89, 76, 100, 169, 152, 190, 153, 173, 166, 129, 113, 102, 70, 125, 195, 232, 107, 65, 134, 227, 154, 2, 111, 181, 164, 242, 189, 248, 177, 231, 208, 186, 219, 230, 88, 212, 24, 71, 48, 55, 247, 160, 157, 220, 46, 196, 96, 147, 141, 155, 239, 187, 69, 175, 179, 85, 49, 82, 205, 118, 90, 77, 29, 7, 241, 163, 131, 39, 250, 192, 121, 40, 106, 54, 127, 68, 41, 9, 35, 254, 183, 79, 128, 151, 60, 194, 92, 228, 56, 19, 229, 114, 105, 94, 170, 215, 81, 109, 253, 27, 122, 244, 255, 223, 185, 206, 252, 115, 66, 243, 37, 200, 59, 16, 58, 93, 136, 101, 150, 13, 204, 199, 142, 145, 78, 137, 33, 197, 26, 124, 38, 237, 135, 99, 72, 172, 83, 0, 42, 161, 47, 158, 251, 18, 224, 34, 112, 218, 201, 28, 17, 4, 31, 202, 165, 143, 51, 103, 12, 74, 44, 84, 235, 221, 126, 140, 214, 95, 188, 64, 3, 62, 8, 22, 6, 30, 139, 133, 226, 110, 222, 240, 116, 162, 87, 211, 45, 91, 130, 149, 207, 167, 213, 209, 73, 236, 11, 180, 86, 52, 146, 57, 191, 184, 176, 171, 249, 246, 5]",df1bfa9b79a991cd4167a24ea2549e8b2a9f416cbe706cf8ac795e8168f6e727,ccf115d78e3897182417c191535624ac88d5c337a472dbd8929998fd40328df7,ccf115d78e3897182417c191535624ac88d5c337a472dbd8929998fd40328df7
420029,0.004166666666666667,0.25,240,True,True,"[119, 82, 23, 145, 250, 60, 64, 13, 31, 233, 103, 194, 85, 108, 183, 185, 180, 142, 12, 131, 115, 99, 134, 130, 163, 77, 155, 128, 138, 52, 36, 62, 168, 198, 26, 123, 129, 56, 152, 80, 167, 173, 83, 33, 27, 207, 100, 177, 65, 84, 172, 7, 47, 235, 176, 222, 158, 212, 223, 122, 252, 53, 97, 49, 72, 203, 124, 196, 143, 42, 10, 214, 76, 160, 117, 133, 238, 40, 45, 140, 93, 25, 236, 187, 75, 24, 230, 90, 95, 137, 161, 63, 78, 59, 1, 68, 11, 231, 243, 175, 218, 20, 195, 210, 182, 46, 221, 216, 57, 81, 15, 91, 38, 178, 156, 154, 135, 70, 102, 112, 205, 144, 73, 118, 44, 201, 66, 181, 186, 43, 105, 202, 37, 113, 116, 169, 35, 32, 58, 171, 244, 50, 234, 157, 166, 89, 188, 190, 247, 164, 254, 197, 239, 219, 159, 120, 98, 208, 199, 148, 121, 30, 51, 94, 179, 69, 48, 204, 41, 107, 6, 111, 8, 253, 170, 224, 153, 241, 227, 165, 34, 39, 74, 139, 193, 200, 229, 104, 225, 232, 110, 3, 149, 151, 249, 217, 22, 92, 147, 251, 189, 150, 192, 19, 228, 5, 162, 16, 54, 106, 245, 146, 0, 88, 101, 132, 18, 248, 242, 2, 211, 17, 9, 184, 191, 127, 255, 136, 79, 86, 96, 21, 246, 126, 215, 28, 114, 71, 14, 109, 29, 67, 237, 213, 141, 125, 209, 174, 55, 206, 61, 220, 87, 226, 240, 4]",57be5c786cd9e0125b5d898faad0e06af8156d83f218119cc14c507e67552a52,e54edaeac1999c658ee5d7d635329e46415604b1b635b852914435653c25bbe7,e54edaeac1999c658ee5d7d635329e46415604b1b635b852914435653c25bbe7
420029,0.004166666666666667,0.5,240,True,True,"[197, 204, 57, 73, 90, 59, 56, 232, 29, 185, 128, 43, 251, 163, 182, 10, 168, 1, 223, 142, 69, 216, 172, 203, 85, 44, 188, 231, 91, 200, 194, 154, 169, 118, 30, 250, 157, 221, 24, 47, 186, 121, 12, 52, 105, 15, 171, 87, 96, 135, 244, 162, 62, 4, 2, 141, 53, 104, 253, 97, 229, 50, 247, 219, 99, 71, 218, 63, 35, 167, 210, 165, 213, 27, 131, 3, 106, 252, 51, 144, 79, 178, 122, 249, 166, 230, 65, 242, 14, 150, 198, 145, 226, 208, 123, 111, 189, 243, 155, 199, 190, 126, 117, 112, 151, 133, 5, 36, 173, 107, 13, 19, 40, 201, 76, 170, 127, 191, 49, 100, 74, 66, 140, 228, 132, 109, 58, 148, 116, 175, 26, 134, 152, 192, 125, 113, 98, 207, 77, 174, 130, 61, 42, 205, 237, 136, 227, 23, 149, 239, 143, 16, 6, 214, 211, 95, 138, 240, 84, 224, 181, 248, 108, 28, 45, 233, 41, 70, 246, 67, 160, 183, 120, 54, 193, 159, 32, 60, 180, 22, 164, 94, 83, 195, 222, 158, 139, 236, 38, 115, 86, 202, 8, 7, 93, 0, 80, 18, 72, 206, 238, 92, 39, 64, 119, 177, 146, 110, 88, 234, 21, 129, 34, 184, 9, 241, 75, 176, 37, 89, 153, 161, 25, 179, 124, 217, 215, 17, 245, 46, 147, 209, 11, 225, 48, 255, 81, 220, 196, 137, 254, 20, 212, 235, 78, 101, 156, 82, 103, 114, 102, 33, 31, 55, 68, 187]",ef53e8dc9a29bf51a090165c04f7e6360b80c4d124d2fd4f745aedc71a4feba7,65fd88e20d4188b9520b78db774472757b8c5874a4c898e3b5eeea6540c38607,65fd88e20d4188b9520b78db774472757b8c5874a4c898e3b5eeea6540c38607
420029,0.004166666666666667,0.75,240,True,True,"[199, 225, 123, 109, 220, 104, 244, 229, 85, 101, 105, 59, 140, 157, 46, 243, 9, 20, 7, 145, 96, 218, 212, 32, 94, 136, 228, 119, 190, 41, 48, 58, 231, 236, 36, 250, 178, 172, 237, 198, 147, 22, 251, 66, 71, 97, 30, 235, 113, 114, 242, 23, 217, 184, 120, 108, 171, 249, 106, 72, 99, 28, 227, 133, 33, 239, 168, 129, 226, 207, 187, 19, 153, 25, 110, 203, 134, 87, 175, 118, 215, 0, 38, 132, 154, 4, 64, 170, 52, 27, 138, 116, 26, 139, 240, 89, 57, 205, 56, 188, 143, 156, 128, 88, 150, 224, 166, 49, 222, 197, 103, 93, 95, 42, 173, 67, 183, 186, 142, 151, 246, 55, 206, 193, 179, 53, 44, 185, 200, 80, 68, 223, 152, 34, 102, 165, 62, 211, 70, 78, 124, 221, 209, 137, 255, 115, 167, 131, 194, 63, 245, 107, 125, 112, 159, 130, 144, 90, 91, 191, 182, 21, 230, 83, 241, 35, 50, 54, 65, 43, 162, 76, 45, 202, 181, 214, 40, 69, 163, 158, 122, 29, 74, 164, 135, 177, 176, 77, 232, 148, 253, 17, 254, 204, 51, 238, 192, 195, 98, 18, 84, 180, 210, 2, 3, 12, 6, 8, 219, 75, 126, 248, 149, 216, 1, 15, 146, 189, 196, 201, 252, 47, 247, 121, 100, 233, 92, 86, 234, 213, 39, 37, 79, 31, 82, 127, 60, 169, 61, 111, 14, 208, 24, 13, 11, 141, 117, 155, 73, 5, 160, 10, 81, 161, 16, 174]",1bce59ced4da402254fd37b7042a90a7657f4adcf8569deecd80dba2307ddb55,8fbcb37e0fbde2af72f748fb9bf9da1a93bbed18a935b26ea57f614bd3b4ada9,8fbcb37e0fbde2af72f748fb9bf9da1a93bbed18a935b26ea57f614bd3b4ada9
420029,0.008333333333333333,0.25,240,True,True,"[85, 162, 104, 83, 135, 64, 243, 222, 185, 90, 79, 216, 122, 38, 89, 8, 5, 65, 59, 28, 24, 98, 245, 198, 62, 101, 193, 34, 142, 155, 107, 165, 244, 84, 99, 10, 158, 45, 70, 20, 191, 0, 172, 224, 153, 133, 199, 14, 200, 170, 177, 251, 189, 115, 106, 102, 226, 72, 105, 30, 203, 9, 53, 15, 95, 39, 92, 217, 150, 140, 183, 187, 75, 136, 117, 111, 218, 108, 182, 60, 144, 173, 156, 249, 225, 169, 209, 239, 232, 36, 55, 100, 80, 192, 121, 77, 29, 255, 178, 215, 240, 207, 126, 110, 131, 223, 11, 113, 1, 202, 61, 146, 253, 96, 214, 229, 188, 196, 4, 40, 154, 31, 254, 159, 13, 168, 236, 17, 160, 119, 49, 204, 228, 134, 93, 212, 103, 27, 69, 171, 129, 152, 208, 186, 139, 82, 2, 42, 231, 210, 130, 163, 149, 197, 116, 128, 81, 41, 138, 97, 66, 252, 137, 35, 161, 68, 148, 233, 50, 48, 237, 112, 205, 18, 87, 21, 125, 86, 179, 235, 221, 176, 91, 145, 54, 52, 78, 175, 241, 132, 194, 164, 56, 25, 94, 227, 219, 124, 118, 63, 238, 88, 22, 33, 141, 43, 201, 114, 213, 174, 230, 206, 143, 37, 73, 167, 120, 46, 234, 184, 23, 51, 181, 250, 76, 6, 246, 247, 180, 190, 147, 220, 12, 157, 19, 211, 123, 47, 74, 71, 32, 248, 3, 44, 109, 7, 16, 58, 127, 57, 26, 166, 151, 195, 242, 67]",0f45ea191940658388f7183c3e0f7feb99d7e75baf17bd9296e6f71220c1e983,f836bda128d1729841be60c44516341f860e2d50e50377109bb417543b07e74b,f836bda128d1729841be60c44516341f860e2d50e50377109bb417543b07e74b
420029,0.008333333333333333,0.5,240,True,True,"[153, 37, 27, 119, 182, 212, 49, 189, 133, 126, 222, 141, 204, 238, 80, 191, 115, 209, 96, 154, 245, 98, 71, 196, 150, 2, 75, 35, 42, 229, 149, 249, 137, 130, 208, 125, 216, 232, 81, 227, 9, 162, 13, 235, 41, 145, 52, 187, 12, 10, 240, 57, 22, 93, 178, 105, 54, 213, 160, 17, 247, 7, 114, 236, 170, 86, 252, 207, 163, 205, 224, 90, 230, 20, 56, 156, 23, 165, 26, 146, 237, 155, 214, 138, 192, 210, 151, 38, 4, 110, 97, 77, 167, 48, 67, 246, 169, 25, 61, 58, 95, 51, 131, 5, 45, 3, 198, 243, 70, 29, 6, 135, 76, 123, 180, 107, 195, 46, 113, 128, 173, 65, 24, 203, 102, 168, 18, 117, 152, 39, 84, 69, 92, 250, 28, 68, 8, 100, 234, 233, 85, 190, 124, 166, 194, 103, 109, 174, 248, 59, 116, 143, 78, 82, 15, 183, 43, 177, 99, 101, 175, 91, 89, 225, 112, 144, 157, 30, 223, 181, 159, 127, 53, 186, 140, 231, 158, 184, 66, 50, 148, 121, 255, 228, 63, 164, 239, 111, 202, 132, 21, 185, 94, 200, 79, 219, 172, 14, 118, 147, 221, 218, 220, 176, 104, 62, 33, 188, 120, 193, 88, 1, 206, 34, 64, 217, 139, 16, 60, 171, 73, 40, 161, 0, 199, 136, 83, 197, 106, 72, 122, 134, 11, 244, 251, 201, 253, 254, 211, 47, 142, 55, 215, 19, 226, 179, 87, 36, 32, 242, 74, 31, 129, 44, 108, 241]",37fb67d8bbbb84e6222c5945b0325ab9c9c94eaccd6d0aaa899297034f615566,8451735d200854f409e3af4165d47f37210befbda0b96ff2956f98e2be619dc6,8451735d200854f409e3af4165d47f37210befbda0b96ff2956f98e2be619dc6
420029,0.008333333333333333,0.75,240,True,True,"[204, 237, 200, 23, 249, 171, 15, 195, 229, 244, 133, 81, 49, 1, 215, 184, 115, 30, 163, 158, 208, 79, 19, 83, 8, 27, 140, 35, 199, 230, 245, 243, 127, 18, 66, 29, 173, 123, 185, 12, 71, 248, 169, 73, 76, 121, 89, 250, 41, 55, 42, 60, 64, 130, 47, 33, 122, 78, 137, 116, 161, 102, 57, 26, 56, 218, 80, 151, 103, 194, 59, 68, 84, 157, 220, 222, 43, 100, 193, 138, 118, 87, 156, 124, 40, 129, 136, 98, 96, 210, 17, 242, 164, 225, 236, 216, 178, 160, 51, 111, 159, 90, 108, 48, 235, 213, 117, 209, 72, 233, 238, 95, 221, 74, 126, 34, 146, 58, 198, 227, 16, 254, 241, 5, 109, 176, 113, 6, 86, 141, 134, 145, 2, 183, 70, 174, 170, 188, 197, 45, 180, 181, 144, 4, 82, 217, 205, 207, 7, 182, 67, 153, 155, 14, 46, 149, 214, 132, 240, 186, 13, 44, 168, 92, 201, 211, 234, 28, 147, 224, 38, 20, 165, 88, 172, 77, 192, 167, 10, 154, 53, 179, 63, 65, 61, 190, 191, 247, 255, 150, 3, 32, 231, 226, 101, 54, 212, 107, 219, 148, 97, 119, 135, 202, 36, 37, 104, 189, 52, 112, 162, 166, 69, 187, 91, 128, 125, 114, 228, 25, 206, 175, 152, 21, 62, 143, 24, 22, 94, 203, 93, 232, 120, 142, 177, 99, 39, 223, 253, 110, 50, 11, 131, 85, 75, 252, 239, 31, 139, 9, 196, 105, 246, 106, 0, 251]",2bab4b7a2380d0e3e976e4743b09c731d4d09d00e13ba969c7162a065be8b984,fa0d21a79e0e8bfae61402d5eaaae7db35e0096ef94016bda36ed28e54a1248e,fa0d21a79e0e8bfae61402d5eaaae7db35e0096ef94016bda36ed28e54a1248e
420029,0.025,0.25,240,True,True,"[69, 251, 181, 204, 240, 82, 189, 111, 206, 106, 129, 114, 120, 40, 15, 199, 249, 7, 227, 134, 131, 230, 110, 214, 102, 104, 190, 237, 185, 220, 94, 246, 38, 188, 254, 248, 35, 9, 90, 180, 65, 112, 168, 78, 95, 136, 255, 184, 151, 162, 66, 74, 71, 201, 0, 154, 130, 103, 64, 250, 34, 235, 109, 127, 17, 243, 39, 46, 149, 4, 210, 252, 128, 3, 213, 59, 2, 211, 173, 217, 198, 179, 61, 157, 167, 144, 175, 200, 228, 158, 172, 33, 161, 219, 135, 122, 37, 53, 203, 141, 153, 108, 174, 52, 176, 55, 216, 234, 187, 209, 192, 54, 163, 170, 73, 19, 208, 29, 156, 84, 160, 8, 99, 63, 148, 18, 41, 27, 238, 145, 96, 85, 14, 70, 107, 195, 88, 87, 1, 58, 100, 24, 132, 62, 79, 32, 21, 186, 222, 169, 113, 77, 28, 121, 68, 118, 23, 242, 49, 93, 81, 193, 115, 143, 194, 117, 124, 236, 11, 239, 159, 178, 97, 67, 244, 165, 138, 182, 245, 247, 12, 116, 229, 75, 76, 253, 60, 47, 164, 196, 197, 150, 218, 6, 92, 48, 72, 25, 50, 31, 20, 56, 183, 83, 224, 225, 166, 241, 80, 202, 147, 44, 231, 140, 226, 177, 36, 42, 119, 232, 146, 215, 212, 155, 86, 22, 16, 91, 13, 43, 105, 57, 126, 171, 233, 152, 123, 26, 221, 142, 5, 137, 10, 125, 133, 98, 30, 223, 45, 205, 51, 89, 139, 207, 101, 191]",428e3bdb8063042bd32c54a9fe54e31168ef6c8a994912a249054007cdee44e0,c5f8866670802579fdfbfb256eaf8977ecab774465de49e039a4734981e024d3,c5f8866670802579fdfbfb256eaf8977ecab774465de49e039a4734981e024d3
420029,0.025,0.5,240,True,True,"[125, 71, 146, 129, 79, 200, 252, 235, 81, 138, 197, 224, 61, 58, 188, 162, 158, 104, 70, 96, 111, 237, 186, 249, 98, 136, 100, 230, 134, 37, 32, 144, 171, 106, 143, 9, 168, 192, 43, 176, 87, 214, 85, 207, 29, 0, 53, 16, 108, 133, 248, 199, 177, 113, 83, 167, 124, 202, 105, 55, 226, 247, 84, 205, 222, 92, 47, 137, 160, 54, 204, 182, 169, 66, 38, 139, 211, 163, 116, 24, 21, 179, 229, 185, 165, 245, 75, 243, 221, 217, 181, 203, 67, 107, 99, 254, 189, 150, 148, 76, 127, 174, 119, 126, 156, 225, 140, 88, 14, 52, 57, 231, 86, 206, 95, 238, 183, 48, 3, 130, 173, 91, 28, 10, 142, 15, 170, 94, 215, 27, 180, 232, 250, 244, 72, 151, 239, 195, 255, 65, 193, 19, 120, 110, 20, 191, 121, 44, 45, 82, 89, 6, 112, 131, 118, 251, 73, 63, 216, 147, 62, 50, 103, 68, 175, 117, 97, 213, 178, 236, 210, 109, 31, 25, 18, 5, 141, 33, 64, 233, 77, 74, 8, 26, 201, 56, 102, 208, 80, 164, 46, 41, 115, 218, 149, 12, 34, 42, 13, 114, 145, 22, 39, 196, 51, 69, 172, 159, 234, 49, 35, 128, 23, 187, 152, 242, 194, 7, 2, 122, 101, 209, 60, 123, 1, 132, 220, 36, 78, 153, 135, 219, 40, 198, 212, 241, 157, 17, 240, 228, 184, 4, 227, 253, 59, 166, 161, 190, 154, 11, 246, 93, 30, 155, 223, 90]",57702d094d002d2c0533925aa35a3848ffc60895a98086d95ada9e13dde0b9ca,e4f19dfdd100097704539ff315953d8994f7139e2f12856487b08fbff78fc9f7,e4f19dfdd100097704539ff315953d8994f7139e2f12856487b08fbff78fc9f7
420029,0.025,0.75,240,True,True,"[90, 205, 204, 246, 102, 83, 224, 79, 46, 189, 136, 77, 173, 75, 152, 162, 244, 146, 91, 195, 226, 236, 221, 93, 66, 119, 158, 99, 82, 144, 121, 86, 171, 227, 165, 69, 101, 176, 109, 114, 132, 147, 215, 248, 188, 228, 183, 133, 37, 24, 241, 229, 151, 105, 110, 234, 125, 219, 231, 117, 53, 27, 108, 112, 159, 84, 38, 148, 137, 185, 200, 92, 21, 141, 184, 163, 143, 167, 254, 122, 58, 206, 35, 170, 56, 140, 95, 71, 225, 220, 19, 13, 203, 211, 44, 36, 34, 130, 240, 235, 74, 192, 60, 142, 14, 186, 179, 6, 166, 199, 41, 80, 149, 72, 55, 43, 54, 243, 94, 67, 3, 5, 230, 214, 216, 18, 42, 250, 120, 164, 51, 97, 17, 182, 22, 68, 15, 20, 96, 89, 161, 45, 88, 242, 252, 118, 194, 28, 81, 128, 154, 7, 47, 249, 106, 4, 190, 251, 150, 177, 126, 157, 172, 191, 26, 32, 50, 104, 116, 212, 39, 85, 134, 64, 197, 11, 239, 222, 115, 145, 174, 232, 10, 57, 65, 73, 98, 217, 124, 178, 33, 111, 153, 78, 193, 63, 8, 76, 59, 213, 233, 181, 25, 107, 0, 253, 70, 52, 209, 9, 131, 123, 40, 245, 218, 103, 48, 16, 247, 156, 210, 30, 168, 87, 201, 135, 223, 31, 49, 29, 208, 187, 127, 61, 23, 2, 155, 255, 100, 62, 238, 237, 198, 175, 169, 202, 1, 196, 180, 139, 12, 207, 160, 113, 129, 138]",4cf1d419f56c4db29d44d0b42edf1a9d45753b6a6e3d5bdb6ff553f89b9c07d1,12af4716189700b81a139c4c99c00b85e72b5ed849073df98ad64f9bde4a78f9,12af4716189700b81a139c4c99c00b85e72b5ed849073df98ad64f9bde4a78f9
420030,0.004166666666666667,0.25,240,True,True,"[81, 150, 131, 159, 129, 207, 161, 62, 149, 148, 98, 31, 169, 180, 142, 191, 230, 210, 14, 127, 47, 27, 255, 216, 157, 5, 13, 55, 11, 156, 203, 49, 143, 214, 251, 77, 48, 4, 25, 160, 19, 176, 103, 28, 41, 193, 90, 114, 120, 80, 17, 163, 241, 21, 200, 0, 115, 236, 36, 9, 132, 194, 182, 171, 211, 173, 121, 209, 188, 208, 93, 69, 196, 122, 56, 212, 85, 30, 70, 225, 44, 195, 76, 198, 135, 35, 158, 7, 247, 162, 37, 181, 57, 105, 254, 245, 152, 231, 165, 61, 228, 233, 83, 118, 60, 141, 178, 140, 123, 20, 192, 29, 18, 238, 92, 86, 94, 15, 82, 40, 187, 26, 108, 89, 38, 204, 65, 172, 227, 244, 97, 102, 10, 63, 206, 168, 24, 223, 155, 126, 166, 134, 84, 43, 88, 234, 239, 220, 174, 250, 109, 116, 75, 68, 79, 3, 45, 185, 67, 170, 95, 128, 145, 137, 197, 22, 215, 222, 78, 226, 253, 147, 50, 58, 133, 104, 106, 242, 52, 34, 74, 235, 101, 144, 221, 100, 96, 237, 190, 249, 99, 146, 164, 205, 72, 107, 33, 87, 119, 16, 117, 177, 138, 91, 139, 8, 219, 224, 130, 32, 53, 246, 64, 243, 6, 153, 59, 202, 183, 175, 66, 186, 23, 39, 213, 218, 252, 201, 151, 111, 110, 46, 199, 51, 179, 167, 229, 42, 184, 73, 232, 113, 136, 12, 2, 154, 124, 1, 54, 248, 217, 240, 71, 125, 112, 189]",a94325565acc310f092caaa65e628efe31b0e4002bc0ca79632217e496e848fe,9782fe451c3167a09a59052f48bcaf67ff8ac670815c94d22cc19bb52382cf3c,9782fe451c3167a09a59052f48bcaf67ff8ac670815c94d22cc19bb52382cf3c
420030,0.004166666666666667,0.5,240,True,True,"[171, 129, 31, 5, 158, 11, 117, 64, 39, 207, 58, 161, 230, 40, 178, 74, 10, 37, 184, 48, 110, 250, 88, 107, 217, 177, 179, 206, 246, 124, 118, 13, 71, 98, 101, 143, 8, 145, 142, 27, 157, 77, 212, 191, 167, 121, 199, 21, 51, 181, 56, 43, 236, 106, 20, 36, 3, 231, 208, 70, 25, 16, 78, 173, 255, 156, 232, 54, 153, 245, 166, 229, 81, 225, 139, 95, 6, 112, 195, 9, 251, 209, 24, 66, 141, 235, 234, 216, 175, 80, 190, 17, 79, 63, 240, 224, 57, 89, 170, 221, 76, 163, 50, 202, 100, 150, 155, 0, 22, 130, 68, 67, 103, 197, 186, 253, 223, 162, 125, 219, 62, 65, 93, 196, 53, 86, 203, 159, 218, 96, 252, 241, 7, 238, 99, 248, 52, 132, 32, 46, 180, 205, 226, 84, 189, 18, 1, 183, 138, 249, 222, 134, 214, 94, 26, 73, 19, 41, 122, 55, 146, 144, 201, 97, 34, 227, 2, 165, 185, 113, 105, 137, 123, 152, 92, 47, 151, 104, 174, 4, 169, 127, 239, 69, 215, 131, 211, 244, 85, 168, 187, 198, 116, 35, 120, 233, 200, 254, 182, 192, 72, 49, 15, 136, 135, 111, 42, 228, 154, 213, 172, 83, 133, 33, 108, 45, 82, 30, 59, 75, 188, 220, 149, 12, 115, 61, 119, 60, 237, 44, 210, 90, 243, 109, 102, 247, 242, 128, 164, 148, 91, 147, 204, 160, 29, 38, 14, 87, 194, 140, 176, 23, 28, 126, 193, 114]",df40f511ac07917ce48088ac2672cace20adaa6544ae08dd44ebc629e4dbbb48,bee247169471186902bf8be8bf4cef541a2088c5c6955dee3d7066c1615e0d0b,bee247169471186902bf8be8bf4cef541a2088c5c6955dee3d7066c1615e0d0b
420030,0.004166666666666667,0.75,240,True,True,"[243, 204, 96, 209, 109, 252, 159, 71, 196, 5, 177, 38, 225, 108, 63, 180, 183, 66, 169, 75, 70, 114, 60, 237, 84, 203, 33, 191, 188, 210, 122, 166, 178, 222, 123, 4, 73, 106, 24, 140, 112, 163, 224, 7, 28, 230, 34, 162, 43, 212, 195, 139, 93, 50, 85, 74, 19, 32, 49, 128, 190, 118, 30, 143, 121, 250, 120, 107, 241, 111, 36, 197, 134, 86, 23, 236, 231, 185, 56, 167, 57, 58, 110, 12, 115, 145, 81, 79, 41, 76, 69, 240, 1, 179, 130, 173, 193, 192, 20, 18, 77, 31, 136, 113, 64, 168, 78, 27, 148, 68, 80, 51, 21, 99, 55, 150, 67, 157, 131, 104, 95, 116, 206, 160, 129, 149, 144, 215, 200, 105, 255, 211, 198, 44, 89, 171, 151, 9, 3, 47, 42, 234, 48, 154, 247, 17, 141, 62, 2, 142, 201, 220, 90, 253, 216, 194, 155, 124, 135, 147, 133, 39, 214, 170, 14, 127, 10, 246, 217, 228, 98, 46, 161, 83, 15, 239, 45, 205, 117, 213, 61, 223, 235, 132, 125, 229, 97, 219, 233, 238, 189, 172, 54, 153, 242, 91, 221, 218, 53, 16, 138, 164, 249, 94, 208, 227, 65, 101, 8, 152, 82, 88, 158, 22, 37, 92, 202, 0, 174, 11, 232, 100, 40, 59, 52, 226, 176, 13, 175, 29, 251, 103, 254, 137, 156, 126, 186, 87, 199, 6, 102, 184, 165, 248, 26, 25, 146, 244, 181, 182, 35, 245, 119, 187, 207, 72]",c12fefea2095e15ae2ddbaa95065a49df9785f0c1df24fda8b8901fe778494f7,d593190d789cec2e734a07d2728b146da9f6dfe20d7aca857605b1dec063c016,d593190d789cec2e734a07d2728b146da9f6dfe20d7aca857605b1dec063c016
420030,0.008333333333333333,0.25,240,True,True,"[210, 103, 199, 240, 28, 212, 166, 75, 30, 229, 209, 13, 197, 48, 232, 159, 97, 60, 145, 104, 142, 156, 163, 91, 113, 65, 126, 235, 87, 190, 138, 205, 107, 74, 37, 208, 225, 252, 207, 49, 196, 92, 183, 36, 39, 19, 0, 248, 64, 117, 120, 66, 172, 46, 218, 99, 151, 122, 12, 174, 86, 189, 181, 132, 131, 253, 116, 177, 254, 184, 227, 231, 164, 176, 158, 112, 192, 1, 217, 193, 72, 178, 84, 140, 198, 219, 18, 168, 127, 21, 173, 111, 83, 153, 213, 204, 141, 221, 226, 242, 10, 224, 243, 188, 239, 241, 155, 44, 118, 135, 148, 11, 194, 216, 202, 234, 59, 170, 114, 81, 179, 110, 169, 4, 40, 6, 14, 8, 143, 9, 137, 123, 94, 51, 67, 96, 63, 124, 95, 237, 101, 15, 24, 139, 76, 171, 149, 58, 228, 33, 42, 3, 69, 26, 43, 230, 249, 146, 147, 222, 128, 41, 61, 238, 203, 206, 22, 125, 211, 7, 187, 25, 78, 47, 223, 31, 35, 157, 77, 129, 100, 244, 23, 79, 71, 130, 34, 214, 251, 154, 109, 52, 195, 38, 191, 53, 17, 108, 90, 215, 119, 144, 89, 233, 5, 50, 180, 54, 106, 68, 82, 133, 121, 2, 29, 175, 220, 105, 62, 245, 102, 247, 236, 185, 165, 56, 57, 161, 152, 70, 55, 200, 246, 32, 27, 250, 16, 162, 201, 73, 115, 186, 160, 167, 98, 150, 182, 136, 88, 80, 20, 255, 93, 134, 45, 85]",feb250000ad483418ce081e94ee9e4948bdd49325c2f9e2301379b5cad05d129,71e4c618f4064f4714e0283c0207f1e4ec1a791bfb6fde5f5078ec049c2eb4d8,71e4c618f4064f4714e0283c0207f1e4ec1a791bfb6fde5f5078ec049c2eb4d8
420030,0.008333333333333333,0.5,240,True,True,"[247, 2, 187, 86, 29, 148, 203, 40, 219, 65, 168, 20, 160, 249, 139, 75, 84, 90, 38, 13, 226, 185, 83, 105, 166, 163, 225, 218, 223, 108, 53, 194, 140, 198, 240, 85, 22, 68, 159, 61, 130, 34, 204, 241, 66, 137, 7, 202, 71, 147, 161, 231, 59, 100, 177, 116, 197, 121, 49, 188, 35, 124, 6, 151, 73, 92, 133, 122, 142, 50, 217, 154, 111, 153, 109, 189, 210, 229, 10, 234, 82, 0, 135, 14, 30, 9, 213, 110, 172, 180, 138, 152, 18, 221, 31, 94, 222, 165, 78, 244, 211, 253, 156, 196, 230, 144, 63, 232, 118, 145, 81, 169, 174, 224, 23, 254, 54, 251, 248, 112, 52, 64, 45, 55, 87, 235, 237, 150, 191, 236, 11, 199, 192, 74, 146, 128, 91, 123, 126, 216, 33, 227, 88, 162, 21, 182, 205, 242, 115, 60, 25, 155, 70, 132, 56, 1, 47, 89, 43, 3, 214, 57, 62, 136, 107, 117, 19, 103, 5, 206, 48, 195, 129, 181, 28, 176, 190, 46, 42, 238, 12, 208, 98, 173, 170, 149, 243, 95, 93, 67, 255, 201, 184, 79, 76, 183, 41, 239, 167, 27, 101, 157, 131, 246, 200, 186, 99, 220, 120, 171, 26, 32, 4, 97, 215, 143, 51, 72, 119, 104, 141, 106, 8, 77, 134, 80, 24, 178, 37, 252, 245, 158, 36, 125, 39, 207, 127, 114, 16, 17, 102, 193, 15, 228, 58, 212, 179, 233, 69, 96, 175, 164, 250, 209, 113, 44]",2922c9361d21d0824c32653a593917a30596a229497a3a14040c78deda41758b,6d4edf85eb8c25b75126b7f94b9b3c61c2d7ef0b35ae1efb42061ef8838d8604,6d4edf85eb8c25b75126b7f94b9b3c61c2d7ef0b35ae1efb42061ef8838d8604
420030,0.008333333333333333,0.75,240,True,True,"[224, 62, 67, 226, 53, 110, 86, 50, 105, 252, 214, 108, 197, 79, 167, 138, 117, 246, 29, 194, 14, 95, 106, 173, 134, 85, 127, 200, 143, 70, 130, 21, 5, 73, 10, 36, 120, 202, 210, 18, 229, 239, 90, 0, 231, 220, 84, 241, 118, 132, 169, 190, 77, 58, 228, 89, 182, 163, 237, 87, 83, 181, 157, 25, 242, 80, 100, 103, 152, 34, 217, 185, 63, 88, 121, 172, 109, 206, 75, 238, 124, 33, 199, 126, 30, 148, 168, 145, 248, 139, 52, 174, 141, 57, 153, 4, 188, 38, 45, 6, 249, 236, 183, 222, 186, 97, 156, 162, 81, 125, 176, 122, 22, 68, 192, 56, 223, 207, 129, 61, 54, 64, 240, 245, 99, 151, 23, 111, 9, 211, 96, 159, 51, 164, 60, 193, 227, 115, 161, 198, 133, 179, 184, 43, 59, 94, 142, 41, 93, 178, 147, 234, 114, 171, 140, 112, 91, 107, 191, 158, 72, 12, 55, 44, 32, 225, 116, 17, 7, 71, 137, 82, 8, 144, 196, 131, 69, 119, 154, 244, 235, 102, 253, 128, 42, 221, 155, 98, 101, 255, 135, 219, 208, 212, 187, 39, 251, 175, 232, 250, 213, 26, 165, 218, 47, 1, 76, 13, 243, 24, 123, 205, 195, 104, 2, 230, 149, 27, 19, 28, 247, 209, 146, 180, 65, 78, 254, 203, 11, 136, 31, 74, 40, 215, 204, 201, 92, 48, 216, 113, 160, 233, 150, 49, 3, 15, 189, 166, 20, 16, 66, 46, 170, 37, 35, 177]",65b099f797b09e000a8dfafb0c4e06dae475239316cdcb13eb5076a869065887,cab4cc9c03659fb8e6cfe5acfe7c863215c0b0c4b62e75ff82b72bce4c33adc0,cab4cc9c03659fb8e6cfe5acfe7c863215c0b0c4b62e75ff82b72bce4c33adc0
420030,0.025,0.25,240,True,True,"[130, 6, 42, 238, 198, 239, 134, 169, 151, 61, 86, 121, 164, 15, 72, 97, 171, 25, 251, 210, 146, 111, 41, 230, 204, 196, 200, 175, 36, 191, 214, 133, 179, 240, 244, 176, 160, 213, 249, 242, 96, 106, 1, 75, 81, 44, 112, 10, 211, 253, 52, 9, 245, 78, 11, 192, 82, 254, 137, 126, 231, 172, 132, 17, 194, 155, 218, 105, 154, 85, 139, 58, 39, 180, 229, 23, 135, 100, 13, 66, 183, 195, 108, 215, 156, 182, 197, 32, 57, 28, 247, 237, 91, 110, 201, 127, 29, 120, 90, 48, 124, 27, 157, 159, 248, 232, 62, 18, 203, 162, 170, 63, 235, 255, 101, 14, 163, 206, 30, 142, 185, 220, 117, 217, 87, 205, 243, 65, 113, 219, 70, 147, 181, 104, 99, 250, 94, 184, 93, 8, 122, 5, 129, 153, 178, 73, 21, 177, 26, 140, 40, 69, 225, 118, 34, 148, 60, 221, 152, 24, 222, 0, 236, 119, 158, 7, 123, 74, 138, 4, 223, 173, 141, 207, 125, 246, 89, 226, 50, 165, 68, 150, 19, 31, 2, 114, 234, 56, 199, 3, 228, 102, 80, 241, 55, 59, 186, 188, 216, 20, 224, 98, 168, 161, 16, 233, 22, 227, 212, 208, 115, 54, 37, 116, 149, 51, 187, 143, 88, 131, 84, 109, 190, 38, 79, 46, 136, 45, 252, 202, 49, 35, 145, 33, 189, 107, 144, 83, 67, 47, 77, 174, 166, 193, 103, 53, 12, 95, 92, 64, 128, 209, 167, 71, 76, 43]",8a1f93eb268f4ad878d9c2c6bfea9e9105071a4c0b743553051dd54d6d4fe54c,2d852e46c043d9b5c14ce48211238972f03c4b5fe8b8cbfdccc8c0faa68c41ab,2d852e46c043d9b5c14ce48211238972f03c4b5fe8b8cbfdccc8c0faa68c41ab
420030,0.025,0.5,240,True,True,"[91, 223, 230, 168, 63, 78, 226, 52, 16, 89, 246, 84, 237, 3, 253, 211, 34, 194, 90, 112, 217, 222, 184, 250, 15, 174, 86, 245, 93, 107, 242, 43, 83, 60, 25, 141, 232, 135, 64, 72, 123, 201, 131, 166, 167, 70, 212, 233, 12, 176, 207, 133, 38, 62, 229, 138, 249, 99, 181, 68, 32, 51, 71, 186, 146, 170, 183, 173, 132, 190, 108, 161, 255, 28, 4, 227, 1, 137, 122, 220, 151, 155, 19, 208, 231, 143, 115, 240, 252, 156, 126, 209, 61, 65, 177, 180, 125, 149, 17, 82, 111, 117, 247, 9, 101, 216, 46, 103, 76, 160, 215, 113, 197, 102, 30, 59, 214, 92, 40, 195, 254, 224, 33, 116, 205, 248, 97, 21, 244, 100, 142, 39, 235, 118, 251, 49, 85, 7, 134, 56, 124, 42, 193, 139, 13, 31, 238, 189, 24, 164, 218, 44, 5, 200, 196, 219, 0, 20, 54, 239, 241, 109, 119, 130, 203, 202, 57, 210, 187, 152, 150, 73, 96, 163, 45, 81, 198, 204, 114, 154, 158, 221, 95, 26, 27, 120, 148, 228, 179, 10, 29, 127, 243, 36, 157, 79, 23, 94, 178, 147, 225, 47, 55, 206, 66, 188, 140, 67, 37, 98, 8, 18, 87, 69, 171, 41, 234, 22, 182, 144, 191, 14, 50, 48, 53, 58, 162, 136, 75, 106, 145, 165, 169, 172, 11, 35, 105, 159, 104, 199, 236, 88, 192, 110, 129, 77, 175, 121, 74, 128, 185, 2, 213, 6, 80, 153]",d1cd780d58ac7b4d08d89cacc27e23515cce099f0ea5cdf5d1388c323279c683,265a384d47195fe83c52cfae59a5be51fe034839a1dd2a7363584891dbc53330,265a384d47195fe83c52cfae59a5be51fe034839a1dd2a7363584891dbc53330
420030,0.025,0.75,240,True,True,"[80, 30, 32, 177, 8, 116, 23, 190, 85, 176, 9, 37, 149, 170, 155, 179, 151, 142, 180, 17, 233, 187, 18, 112, 105, 123, 71, 222, 138, 51, 216, 188, 26, 63, 220, 53, 75, 189, 89, 171, 132, 126, 31, 4, 95, 129, 99, 29, 218, 68, 78, 13, 159, 135, 44, 117, 48, 62, 76, 69, 35, 164, 88, 144, 212, 64, 234, 226, 182, 172, 118, 183, 139, 92, 128, 65, 143, 181, 165, 103, 247, 202, 119, 73, 207, 52, 178, 47, 28, 74, 244, 236, 70, 200, 221, 156, 223, 185, 206, 239, 83, 194, 59, 211, 115, 249, 90, 7, 237, 134, 109, 22, 232, 57, 122, 14, 72, 162, 169, 102, 96, 219, 214, 113, 108, 254, 131, 248, 87, 250, 54, 45, 192, 107, 2, 198, 130, 125, 252, 152, 137, 229, 25, 157, 111, 114, 133, 77, 196, 203, 253, 104, 98, 41, 251, 120, 67, 166, 213, 246, 42, 208, 5, 173, 199, 100, 20, 201, 61, 228, 163, 43, 242, 227, 101, 197, 145, 106, 82, 79, 147, 84, 50, 94, 40, 39, 167, 97, 230, 235, 91, 195, 140, 49, 38, 160, 141, 209, 136, 81, 33, 36, 225, 158, 153, 204, 16, 243, 148, 168, 86, 175, 210, 3, 186, 6, 193, 60, 121, 110, 58, 21, 205, 215, 66, 56, 191, 46, 19, 1, 245, 55, 24, 154, 93, 127, 174, 10, 0, 238, 184, 217, 231, 150, 240, 27, 124, 12, 15, 255, 146, 241, 34, 11, 224, 161]",ec7c86fe9e719c655fe19842cb1cbe485667e129f4f30b4957f25835ed0874f4,11f4a0c5c47cdc78c493734e584dd2f5d3e1a173e3e6aba0c9708f824e651e49,11f4a0c5c47cdc78c493734e584dd2f5d3e1a173e3e6aba0c9708f824e651e49
420031,0.004166666666666667,0.25,240,True,True,"[39, 239, 118, 5, 143, 55, 31, 45, 60, 6, 218, 112, 178, 157, 37, 85, 90, 198, 132, 0, 140, 81, 199, 73, 98, 255, 4, 113, 123, 193, 205, 245, 167, 122, 36, 16, 212, 129, 154, 13, 12, 26, 24, 7, 225, 78, 136, 54, 70, 105, 254, 92, 155, 126, 145, 87, 159, 228, 190, 10, 2, 220, 57, 186, 53, 29, 125, 230, 41, 64, 195, 216, 164, 59, 61, 48, 20, 252, 204, 210, 250, 253, 196, 51, 83, 185, 77, 243, 137, 213, 149, 33, 170, 15, 247, 244, 169, 19, 68, 233, 166, 222, 197, 200, 27, 135, 201, 117, 75, 236, 246, 58, 66, 224, 103, 191, 206, 226, 180, 99, 158, 74, 56, 134, 107, 71, 148, 1, 221, 240, 65, 174, 28, 172, 251, 62, 104, 50, 192, 96, 80, 207, 184, 242, 179, 79, 115, 42, 229, 248, 249, 82, 76, 52, 91, 124, 241, 102, 119, 162, 106, 188, 151, 23, 44, 209, 3, 88, 227, 144, 152, 128, 86, 89, 208, 165, 175, 34, 127, 30, 38, 234, 160, 100, 238, 176, 232, 131, 231, 120, 194, 18, 40, 22, 21, 182, 95, 121, 147, 97, 133, 69, 203, 43, 173, 25, 93, 84, 156, 108, 161, 187, 139, 215, 211, 168, 111, 114, 8, 138, 32, 9, 72, 35, 150, 116, 214, 177, 217, 109, 189, 63, 101, 237, 223, 146, 130, 202, 183, 11, 47, 17, 110, 219, 14, 141, 163, 142, 94, 171, 49, 181, 235, 153, 67, 46]",8821bece8f6da9f3d298a56f00a079152e2595422ad1fa5df0cf7a2b0f13e93f,4d7737530f3290ed7575b171f8c829d6d389821fdbbe925972d31c0f8c213970,4d7737530f3290ed7575b171f8c829d6d389821fdbbe925972d31c0f8c213970
420031,0.004166666666666667,0.5,240,True,True,"[63, 232, 47, 248, 23, 44, 217, 21, 37, 98, 56, 126, 50, 96, 60, 254, 167, 144, 252, 190, 22, 218, 7, 206, 229, 156, 162, 137, 35, 74, 14, 108, 143, 197, 244, 152, 216, 215, 136, 61, 113, 55, 196, 95, 140, 75, 251, 25, 233, 146, 211, 69, 208, 118, 148, 110, 58, 97, 125, 79, 178, 130, 73, 214, 109, 91, 213, 106, 172, 203, 187, 5, 234, 174, 10, 119, 2, 157, 8, 64, 101, 158, 42, 237, 231, 135, 212, 31, 28, 18, 236, 24, 117, 112, 32, 34, 154, 139, 6, 250, 223, 246, 9, 194, 57, 183, 155, 147, 173, 48, 153, 103, 4, 184, 87, 243, 226, 15, 188, 129, 39, 163, 17, 133, 88, 249, 54, 49, 220, 3, 185, 12, 176, 245, 92, 182, 159, 171, 230, 111, 43, 0, 70, 221, 100, 179, 205, 16, 180, 36, 175, 89, 40, 253, 181, 149, 131, 76, 121, 107, 142, 30, 151, 38, 46, 123, 224, 120, 189, 27, 81, 165, 200, 83, 99, 168, 222, 102, 29, 86, 170, 204, 19, 201, 72, 242, 124, 77, 228, 52, 78, 193, 219, 82, 161, 68, 116, 114, 33, 93, 150, 241, 132, 122, 53, 45, 127, 41, 247, 71, 105, 255, 138, 20, 210, 94, 209, 207, 192, 11, 13, 238, 51, 239, 67, 115, 80, 141, 240, 104, 166, 59, 90, 62, 198, 134, 169, 235, 199, 66, 191, 84, 145, 85, 160, 128, 26, 65, 202, 1, 195, 186, 225, 164, 227, 177]",d2e6589a64e735ac2545df0c8b67d66e6ff7afcce2f632adb351e4db2759a523,44d2a333c3b50990c2b4cf83d0020f8a9731ed417df5130db7aee476fd561010,44d2a333c3b50990c2b4cf83d0020f8a9731ed417df5130db7aee476fd561010
420031,0.004166666666666667,0.75,240,True,True,"[99, 7, 148, 31, 248, 236, 20, 185, 16, 183, 125, 110, 159, 181, 27, 234, 102, 73, 176, 0, 62, 196, 79, 170, 229, 253, 225, 230, 178, 60, 233, 26, 77, 88, 103, 64, 32, 143, 192, 187, 135, 162, 28, 149, 161, 199, 173, 120, 141, 91, 114, 109, 61, 222, 105, 87, 244, 166, 51, 232, 191, 150, 202, 121, 240, 210, 84, 237, 165, 249, 90, 57, 49, 174, 97, 224, 123, 80, 211, 55, 198, 182, 160, 142, 106, 206, 214, 218, 226, 126, 54, 223, 213, 83, 85, 145, 21, 42, 136, 116, 29, 138, 2, 124, 129, 15, 108, 117, 111, 255, 243, 197, 50, 63, 94, 33, 219, 92, 74, 86, 37, 4, 235, 227, 38, 98, 56, 5, 158, 175, 144, 34, 139, 130, 69, 44, 22, 208, 241, 93, 154, 72, 47, 75, 10, 190, 250, 107, 66, 45, 228, 172, 151, 39, 100, 96, 140, 3, 71, 25, 171, 48, 70, 204, 147, 186, 239, 207, 133, 89, 119, 156, 194, 9, 127, 8, 6, 205, 167, 137, 67, 24, 76, 251, 36, 11, 112, 216, 35, 122, 132, 53, 188, 184, 146, 68, 82, 13, 203, 164, 212, 128, 238, 189, 118, 81, 168, 177, 115, 113, 1, 14, 12, 179, 30, 40, 23, 134, 104, 169, 193, 180, 252, 101, 242, 155, 152, 59, 246, 157, 220, 153, 131, 19, 95, 18, 41, 58, 209, 17, 245, 200, 163, 46, 247, 195, 215, 65, 254, 78, 52, 201, 221, 217, 231, 43]",5850e25efdab7d2a05090e14f98d2cd520802ff991ad8cafabbba71dc1a33537,e9b672c02221407c7cc373dcd2a919a5baead3cc54f4839b9b4de38a6ccd8b51,e9b672c02221407c7cc373dcd2a919a5baead3cc54f4839b9b4de38a6ccd8b51
420031,0.008333333333333333,0.25,240,True,True,"[159, 98, 91, 142, 239, 87, 214, 10, 179, 243, 131, 57, 134, 156, 244, 237, 55, 251, 172, 221, 15, 250, 19, 213, 89, 94, 48, 84, 127, 215, 26, 58, 236, 101, 140, 141, 229, 212, 201, 25, 117, 17, 211, 68, 41, 135, 23, 39, 151, 62, 164, 52, 206, 184, 235, 207, 67, 1, 90, 204, 217, 36, 182, 242, 228, 199, 56, 18, 150, 78, 66, 38, 205, 93, 227, 88, 125, 158, 114, 121, 233, 54, 224, 63, 223, 189, 53, 122, 83, 110, 77, 64, 120, 160, 79, 37, 22, 72, 113, 174, 198, 202, 16, 252, 59, 126, 47, 51, 192, 8, 44, 96, 6, 146, 111, 245, 143, 32, 81, 255, 234, 225, 128, 116, 3, 40, 209, 76, 107, 220, 112, 100, 241, 230, 176, 124, 43, 186, 180, 70, 11, 137, 247, 171, 69, 203, 105, 99, 191, 30, 197, 148, 155, 45, 129, 187, 154, 178, 106, 86, 188, 130, 181, 28, 196, 240, 71, 65, 119, 82, 4, 157, 102, 246, 226, 0, 31, 133, 216, 139, 92, 173, 145, 118, 249, 97, 12, 132, 167, 169, 166, 183, 74, 138, 95, 103, 194, 185, 162, 175, 208, 238, 222, 136, 27, 109, 231, 210, 177, 5, 193, 75, 42, 144, 123, 253, 49, 115, 168, 147, 195, 152, 29, 85, 80, 165, 24, 35, 34, 170, 190, 108, 153, 21, 73, 200, 7, 254, 13, 50, 46, 60, 2, 61, 219, 218, 161, 104, 9, 232, 20, 163, 248, 149, 33, 14]",8bfb7483d8b4cc4d7ea82a8713526a78962d05bca2b4ddc2f50d86d63a4f2289,d141cb2c9e0f301f2b5bb752d9df30319fab64f533fde84aab07e5f73aa9326f,d141cb2c9e0f301f2b5bb752d9df30319fab64f533fde84aab07e5f73aa9326f
420031,0.008333333333333333,0.5,240,True,True,"[252, 18, 75, 144, 54, 142, 127, 114, 167, 164, 203, 47, 193, 20, 225, 240, 9, 205, 132, 147, 200, 0, 41, 206, 177, 189, 24, 32, 34, 30, 251, 116, 244, 48, 106, 236, 25, 27, 44, 201, 65, 109, 66, 185, 14, 85, 152, 165, 3, 35, 138, 232, 178, 218, 170, 254, 130, 93, 84, 145, 43, 78, 230, 212, 107, 52, 22, 246, 190, 224, 61, 67, 222, 249, 15, 231, 100, 38, 173, 40, 63, 4, 79, 125, 143, 110, 221, 17, 112, 58, 195, 13, 74, 71, 154, 248, 187, 57, 255, 92, 160, 180, 101, 202, 49, 118, 2, 16, 133, 184, 146, 192, 37, 136, 122, 226, 181, 161, 72, 60, 186, 168, 219, 105, 1, 104, 183, 228, 176, 76, 141, 11, 238, 121, 23, 19, 117, 46, 179, 26, 153, 188, 7, 151, 120, 242, 213, 111, 51, 207, 250, 227, 134, 64, 198, 53, 163, 220, 68, 235, 140, 233, 253, 10, 158, 229, 139, 214, 96, 86, 33, 70, 156, 204, 88, 149, 8, 159, 237, 83, 87, 191, 194, 172, 137, 216, 239, 208, 129, 209, 131, 99, 162, 128, 73, 126, 59, 98, 81, 175, 169, 108, 113, 89, 234, 80, 50, 56, 91, 135, 6, 123, 62, 103, 245, 102, 155, 243, 215, 36, 210, 69, 28, 150, 247, 223, 45, 55, 119, 95, 182, 241, 171, 148, 97, 5, 166, 31, 199, 12, 77, 82, 174, 29, 42, 21, 197, 157, 196, 90, 124, 211, 217, 115, 94, 39]",8a43ad40da4c03c896b24da20b1acab63aba0de2cc1f2a3d5eced961c0ece916,2ae79e3017dff70c30462d2d954669a7e3a57b811425d9e53354bbcdb60fe831,2ae79e3017dff70c30462d2d954669a7e3a57b811425d9e53354bbcdb60fe831
420031,0.008333333333333333,0.75,240,True,True,"[100, 166, 156, 211, 116, 182, 195, 170, 253, 206, 25, 226, 160, 238, 152, 189, 214, 88, 52, 98, 135, 229, 231, 111, 161, 227, 194, 21, 104, 67, 225, 235, 63, 139, 80, 230, 236, 110, 143, 3, 84, 44, 147, 232, 199, 132, 222, 66, 101, 12, 218, 169, 133, 144, 117, 192, 95, 134, 217, 13, 233, 246, 224, 130, 34, 50, 145, 38, 150, 180, 251, 55, 83, 178, 174, 191, 56, 201, 60, 155, 29, 91, 190, 68, 113, 173, 14, 157, 119, 254, 82, 73, 127, 6, 58, 136, 196, 99, 203, 163, 79, 0, 200, 205, 183, 122, 121, 43, 120, 71, 131, 124, 197, 62, 72, 142, 18, 8, 54, 172, 115, 109, 234, 42, 7, 76, 177, 149, 70, 198, 75, 9, 244, 1, 47, 39, 204, 28, 48, 22, 107, 77, 15, 141, 69, 175, 37, 35, 19, 114, 202, 137, 158, 16, 27, 215, 97, 146, 96, 65, 45, 126, 181, 59, 32, 123, 213, 4, 23, 93, 17, 64, 240, 165, 26, 74, 242, 250, 105, 221, 237, 85, 108, 78, 243, 10, 164, 167, 89, 247, 140, 30, 216, 239, 31, 118, 36, 41, 51, 138, 193, 168, 176, 185, 252, 162, 171, 33, 186, 90, 245, 106, 220, 207, 86, 255, 148, 125, 128, 102, 151, 184, 219, 208, 2, 103, 209, 154, 81, 57, 24, 159, 112, 11, 241, 61, 94, 46, 212, 20, 92, 188, 5, 248, 40, 129, 49, 53, 228, 210, 249, 87, 187, 153, 223, 179]",9ae2037b276b5d3ee0b02a2f630b05edd5d5ede040d94e2c2f879566974b0e86,124a88219b079675daeeafa02ce80a2e6e5cc3eab0b56126fa1c012efe304648,124a88219b079675daeeafa02ce80a2e6e5cc3eab0b56126fa1c012efe304648
420031,0.025,0.25,240,True,True,"[24, 167, 200, 223, 95, 138, 20, 85, 96, 72, 147, 113, 194, 120, 34, 108, 227, 144, 5, 170, 49, 196, 142, 44, 146, 162, 102, 128, 249, 6, 91, 93, 224, 115, 86, 65, 240, 116, 119, 189, 43, 125, 33, 114, 58, 23, 41, 216, 117, 70, 226, 97, 198, 145, 205, 185, 141, 1, 92, 75, 133, 157, 13, 121, 54, 136, 112, 210, 67, 201, 204, 4, 155, 137, 79, 176, 77, 153, 255, 244, 31, 247, 56, 219, 206, 181, 139, 74, 50, 129, 148, 211, 12, 215, 104, 220, 87, 39, 53, 236, 235, 203, 18, 109, 17, 178, 11, 99, 186, 149, 61, 228, 184, 35, 83, 234, 22, 159, 59, 174, 242, 166, 60, 217, 0, 57, 15, 66, 193, 7, 90, 71, 29, 36, 3, 232, 143, 81, 100, 239, 182, 131, 103, 140, 212, 80, 107, 250, 38, 73, 127, 214, 151, 55, 21, 124, 16, 45, 248, 165, 152, 52, 10, 132, 37, 88, 191, 28, 241, 9, 208, 245, 168, 94, 253, 110, 156, 118, 134, 84, 246, 233, 221, 19, 25, 82, 105, 197, 187, 163, 48, 106, 32, 180, 30, 150, 237, 89, 2, 46, 177, 199, 51, 173, 160, 179, 172, 154, 62, 202, 251, 26, 188, 8, 207, 130, 164, 14, 213, 169, 209, 123, 225, 171, 101, 238, 76, 64, 243, 69, 252, 190, 47, 68, 78, 254, 42, 98, 175, 158, 40, 230, 231, 135, 192, 229, 122, 183, 126, 195, 27, 111, 222, 63, 218, 161]",813d919a5357e869d3c4ab7091b63d138b9ee48b9212696097187bd2cde23f10,9b9c2f822e8e2cc817c016779001dfd6c362b64881531960d913260e42963660,9b9c2f822e8e2cc817c016779001dfd6c362b64881531960d913260e42963660
420031,0.025,0.5,240,True,True,"[54, 20, 207, 157, 198, 121, 176, 107, 111, 187, 169, 39, 232, 127, 24, 202, 140, 151, 159, 72, 21, 33, 239, 137, 95, 101, 235, 160, 102, 225, 19, 156, 35, 175, 73, 49, 220, 223, 13, 167, 231, 154, 194, 80, 200, 103, 29, 191, 81, 245, 185, 74, 180, 15, 3, 82, 117, 43, 149, 32, 182, 253, 65, 38, 105, 189, 55, 212, 241, 162, 91, 129, 236, 18, 16, 234, 184, 28, 221, 22, 113, 142, 139, 190, 115, 165, 26, 0, 69, 4, 173, 93, 44, 164, 108, 7, 51, 147, 8, 100, 130, 224, 161, 58, 85, 60, 86, 61, 34, 148, 11, 48, 213, 62, 47, 251, 110, 64, 210, 50, 230, 59, 68, 144, 114, 1, 168, 106, 12, 56, 228, 23, 133, 216, 120, 219, 204, 98, 242, 249, 226, 186, 9, 41, 206, 179, 199, 183, 170, 5, 238, 178, 79, 2, 255, 227, 124, 243, 99, 78, 172, 40, 77, 27, 6, 46, 152, 163, 250, 214, 97, 126, 246, 215, 248, 192, 92, 84, 87, 10, 57, 229, 30, 211, 36, 244, 122, 31, 252, 208, 14, 25, 181, 240, 83, 125, 63, 146, 233, 247, 116, 128, 135, 66, 118, 150, 209, 71, 136, 17, 195, 217, 141, 119, 104, 53, 177, 197, 205, 123, 138, 254, 76, 88, 145, 193, 52, 222, 37, 131, 109, 188, 67, 42, 158, 166, 171, 201, 143, 134, 132, 203, 45, 94, 89, 174, 112, 237, 96, 155, 218, 90, 196, 75, 153, 70]",3bcdac720e475c11c1b198c61c4f947e083b0363788f35ad3dd29f410b188d62,ca986691da634bb0144594daef1dbc97dc3df55d19b77f9312292bcf19f73eb2,ca986691da634bb0144594daef1dbc97dc3df55d19b77f9312292bcf19f73eb2
420031,0.025,0.75,240,True,True,"[141, 31, 116, 84, 192, 253, 71, 121, 178, 29, 217, 24, 242, 55, 81, 209, 220, 102, 162, 198, 146, 98, 8, 127, 4, 225, 105, 165, 157, 199, 196, 21, 233, 170, 246, 149, 70, 89, 190, 45, 202, 129, 213, 120, 160, 212, 112, 87, 92, 62, 137, 185, 240, 50, 232, 181, 57, 156, 241, 27, 207, 100, 68, 226, 123, 245, 228, 25, 64, 56, 203, 153, 150, 42, 148, 134, 179, 128, 7, 247, 237, 80, 107, 58, 221, 46, 44, 117, 47, 254, 10, 74, 9, 32, 223, 138, 172, 251, 163, 139, 6, 180, 230, 83, 106, 155, 108, 191, 173, 166, 20, 218, 189, 22, 122, 99, 183, 113, 60, 234, 40, 103, 206, 90, 126, 76, 53, 145, 239, 200, 224, 93, 205, 132, 28, 67, 238, 252, 85, 101, 33, 210, 219, 54, 143, 18, 182, 177, 158, 214, 97, 3, 168, 37, 72, 96, 119, 59, 109, 255, 0, 36, 229, 201, 49, 79, 231, 248, 159, 43, 2, 124, 86, 175, 136, 194, 118, 66, 243, 75, 82, 110, 244, 73, 193, 63, 48, 169, 222, 51, 142, 215, 14, 187, 250, 133, 131, 65, 211, 167, 188, 227, 13, 147, 140, 171, 154, 12, 151, 1, 77, 39, 125, 69, 114, 26, 78, 17, 152, 19, 88, 216, 204, 5, 11, 52, 135, 23, 186, 164, 174, 15, 41, 176, 94, 184, 249, 35, 34, 61, 195, 197, 95, 161, 104, 111, 38, 16, 144, 208, 30, 115, 236, 235, 91, 130]",9fe8d441691347be784711d7c3fcb69333920fbb1a545c525668859c2cb38fd3,6e06a010f2046d50f7c0a9eaf90cb11e31a1f8aac354c557121308cb51131fb9,6e06a010f2046d50f7c0a9eaf90cb11e31a1f8aac354c557121308cb51131fb9
